#usda 1.0
(
    defaultPrim = "Object"
    metersPerUnit = 1
    upAxis = "Z"
)

def Xform "Object" (
    prepend apiSchemas = ["PhysicsRigidBodyAPI", "PhysicsMassAPI"]
)
{
    custom string crossEmbodiment:objectName = "YcbPottedMeatCan"
    float physics:mass = 0.37

    def Material "physicsMaterial" (
        prepend apiSchemas = ["PhysicsMaterialAPI", "PhysxMaterialAPI"]
    )
    {
        float physics:dynamicFriction = 0.5
        float physics:restitution = 0
        float physics:staticFriction = 0.5
        token physxMaterial:frictionCombineMode = "max"
        token physxMaterial:restitutionCombineMode = "average"
    }

    def Mesh "geometry" (
        prepend apiSchemas = ["PhysicsCollisionAPI", "PhysicsMeshCollisionAPI", "MaterialBindingAPI"]
    )
    {
        rel material:binding:physics = </Object/physicsMaterial>
        uniform token subdivisionScheme = "none"
        uniform token physics:approximation = "convexDecomposition"
        point3f[] points = [
            (-0.043677, 0.014975, -0.048753), (-0.04457, 0.014898, -0.048564), (-0.045176, 0.015591, -0.048361),
            (-0.043531, 0.017167, -0.048572), (-0.036665, 0.006145, -0.038952), (-0.035993, 0.005652, -0.040974),
            (-0.034626, 0.004851, -0.039772), (-0.043893, 0.013229, -0.048505), (-0.042749, 0.011046, -0.039169),
            (-0.042833, 0.011031, -0.041566), (-0.041367, 0.009498, -0.040848), (-0.042463, 0.015755, -0.048531),
            (-0.042595, 0.013842, -0.048925), (-0.041233, 0.009439, -0.038376), (-0.041966, 0.010186, -0.037231),
            (-0.046592, 0.020091, -0.04776), (-0.045083, 0.018389, -0.048747), (-0.046332, 0.017746, -0.047566),
            (-0.045369, 0.017953, -0.048628), (-0.045682, 0.017446, -0.04846), (-0.041275, 0.01098, -0.048928),
            (-0.040254, 0.011774, -0.048906), (-0.039776, 0.010041, -0.049108), (-0.012009, -0.009451, -0.028665),
            (-0.013341, -0.008797, -0.03119), (-0.010949, -0.010195, -0.029954), (-0.04266, 0.011903, -0.048783),
            (-0.044582, 0.019279, -0.04879), (-0.0445, 0.018646, -0.048729), (-0.039046, 0.007587, -0.040969),
            (-0.039542, 0.007959, -0.038974), (-0.041577, 0.012932, -0.048974), (-0.040818, 0.014023, -0.048233),
            (-0.016512, -0.006541, -0.028596), (-0.015682, -0.007073, -0.029972), (-0.014221, -0.008032, -0.027941),
            (-0.041426, 0.014973, -0.048245), (-0.04411, 0.012961, -0.037854), (-0.014998, -0.007546, -0.031402),
            (-0.013669, -0.008347, -0.029559), (-0.043316, 0.011789, -0.036258), (-0.04071, 0.012359, -0.048863),
            (-0.043093, 0.019118, -0.048187), (-0.040532, 0.008859, -0.036869), (-0.039462, 0.011423, -0.048792),
            (-0.042965, 0.011322, -0.035042), (-0.044844, 0.020704, -0.048957), (-0.043907, 0.020277, -0.048616),
            (-0.039526, 0.013115, -0.04794), (-0.03843, 0.007302, -0.038056), (-0.037908, 0.006927, -0.0401),
            (-0.043732, 0.02148, -0.048509), (-0.041855, 0.021396, -0.047286), (-0.037779, 0.012125, -0.047406),
            (-0.041464, 0.019772, -0.047094), (-0.037583, 0.006787, -0.036814), (-0.038606, 0.013932, -0.04704),
            (-0.035739, 0.005681, -0.03763), (-0.012851, -0.008902, -0.027551), (-0.039914, 0.00812, -0.044274),
            (-0.039991, 0.008144, -0.046318), (-0.038474, 0.007006, -0.04676), (-0.037808, 0.009246, -0.048981),
            (-0.039412, 0.008153, -0.048508), (-0.041757, 0.017579, -0.047596), (-0.037571, 0.00682, -0.034439),
            (-0.039032, 0.007789, -0.036246), (-0.03641, 0.00607, -0.035844), (-0.020836, -0.003722, -0.028629),
            (-0.020428, -0.004061, -0.030529), (-0.019188, -0.004832, -0.028775), (-0.038012, 0.010316, -0.048768),
            (-0.037017, 0.010029, -0.048554), (-0.040109, 0.018433, -0.046911), (-0.039995, 0.015734, -0.047026),
            (-0.036372, 0.00935, -0.048674), (-0.037467, 0.007701, -0.049018), (-0.035502, 0.008603, -0.048831),
            (-0.019231, -0.004713, -0.026845), (-0.017505, -0.005872, -0.027502), (-0.034709, 0.009593, -0.047586),
            (-0.034286, 0.008592, -0.048261), (-0.034894, 0.007313, -0.049105), (-0.031868, 0.002925, -0.041709),
            (-0.031194, 0.002578, -0.040063), (-0.032992, 0.003798, -0.039776), (-0.030896, 0.002188, -0.042688),
            (-0.032407, 0.003403, -0.042947), (-0.038103, 0.007, -0.044122), (-0.03735, 0.006482, -0.045466),
            (-0.02951, 0.001214, -0.04243), (-0.038076, 0.011079, -0.048438), (-0.034027, 0.004263, -0.041834),
            (-0.03559, 0.011263, -0.04707), (-0.034109, 0.004588, -0.038129), (-0.019693, -0.004397, -0.02511),
            (-0.018093, -0.005437, -0.025475), (-0.016325, -0.006595, -0.024721), (-0.034594, 0.005053, -0.048567),
            (-0.03508, 0.004952, -0.046399), (-0.035973, 0.006208, -0.048791), (-0.036988, 0.006146, -0.047469),
            (-0.037359, 0.015068, -0.046975), (-0.032582, 0.003647, -0.037673), (-0.015684, -0.00701, -0.026891),
            (-0.033287, 0.007716, -0.048473), (-0.033181, 0.005869, -0.049163), (-0.028797, 0.00096, -0.040221),
            (-0.046467, 0.018898, -0.0434), (-0.046329, 0.018142, -0.041273), (-0.04667, 0.020071, -0.041569),
            (-0.0278, 0.00015, -0.042216), (-0.014731, -0.007628, -0.025304), (-0.035404, 0.00543, -0.044707),
            (-0.026963, -0.000185, -0.040283), (-0.030773, 0.002465, -0.036747), (-0.029658, 0.001722, -0.038733),
            (-0.036144, 0.00572, -0.043281), (-0.013872, -0.00817, -0.024136), (-0.01233, -0.009225, -0.025328),
            (-0.044211, 0.013002, -0.041422), (-0.031895, 0.00359, -0.047021), (-0.033159, 0.004241, -0.048134),
            (-0.030925, 0.003595, -0.048929), (-0.030133, 0.002476, -0.043642), (-0.045083, 0.014751, -0.040367),
            (-0.045604, 0.015808, -0.042413), (-0.027443, 0.00033, -0.03816), (-0.028665, 0.001127, -0.036941),
            (-0.045764, 0.016424, -0.039833), (-0.027263, 0.000477, -0.0438), (-0.031582, 0.005832, -0.048963),
            (-0.027378, 0.000293, -0.035948), (-0.036615, 0.013376, -0.047036), (-0.034758, 0.005047, -0.036232),
            (-0.045402, 0.015567, -0.03736), (-0.017166, -0.006021, -0.022635), (-0.03382, 0.010748, -0.047069),
            (-0.015419, -0.007138, -0.022445), (-0.034054, 0.013036, -0.047024), (-0.032211, 0.012287, -0.047007),
            (-0.032906, 0.009252, -0.047142), (-0.033339, 0.004128, -0.034998), (-0.033949, 0.008044, -0.048522),
            (-0.045599, 0.01641, -0.028965), (-0.044534, 0.01397, -0.028762), (-0.044921, 0.014884, -0.026415),
            (-0.03188, 0.003108, -0.035566), (-0.032556, 0.007151, -0.04853), (-0.031644, 0.008186, -0.047251),
            (-0.046357, 0.025027, -0.042936), (-0.046206, 0.025935, -0.040678), (-0.045672, 0.027647, -0.043118),
            (-0.031857, 0.00696, -0.048401), (-0.029667, 0.001816, -0.034936), (-0.030757, 0.006521, -0.048132),
            (-0.030314, 0.005243, -0.048954), (-0.045581, 0.02802, -0.040117), (-0.030252, 0.007789, -0.047189),
            (-0.029753, 0.006333, -0.047654), (-0.013827, -0.008197, -0.020922), (-0.012914, -0.008798, -0.02289),
            (-0.015592, -0.007008, -0.020379), (-0.045891, 0.026957, -0.037733), (-0.046401, 0.024647, -0.039285),
            (-0.030822, 0.009847, -0.047109), (-0.030468, 0.011284, -0.047017), (-0.03029, 0.012742, -0.046925),
            (-0.013938, -0.008133, -0.018552), (-0.015873, -0.006876, -0.018519), (-0.028923, 0.009824, -0.047053),
            (-0.043792, 0.012672, -0.027567), (-0.043103, 0.011653, -0.029135), (-0.042061, 0.010476, -0.028289),
            (-0.044882, 0.01485, -0.023501), (-0.043737, 0.012595, -0.025569), (-0.042291, 0.010716, -0.026133),
            (-0.045705, 0.016769, -0.024726), (-0.028895, 0.007125, -0.047189), (-0.044015, 0.013146, -0.023456),
            (-0.027311, 0.009276, -0.047048), (-0.041118, 0.00964, -0.023729), (-0.041068, 0.009413, -0.026385),
            (-0.04639, 0.018456, -0.036621), (-0.046491, 0.019115, -0.038728), (-0.046007, 0.017287, -0.037841),
            (-0.046545, 0.020294, -0.036943), (-0.044734, 0.014123, -0.035592), (-0.044403, 0.0135, -0.033934),
            (-0.028265, 0.012423, -0.046906), (-0.042792, 0.011332, -0.023811), (-0.042134, 0.010503, -0.030189),
            (-0.043344, 0.011969, -0.030791), (-0.042839, 0.011218, -0.032581), (-0.026643, 0.012084, -0.046877),
            (-0.039551, 0.008237, -0.023155), (-0.039368, 0.008095, -0.025533), (-0.038264, 0.00731, -0.032503),
            (-0.036502, 0.006204, -0.032164), (-0.02525, 0.010813, -0.046891), (-0.038359, 0.007412, -0.030554),
            (-0.039932, 0.008409, -0.032224), (-0.025755, 0.008804, -0.047015), (-0.04039, 0.008745, -0.029835),
            (-0.038068, 0.007238, -0.029022), (-0.040242, 0.008842, -0.021323), (-0.04528, 0.015312, -0.034079),
            (-0.04567, 0.016317, -0.035826), (-0.045861, 0.016952, -0.034229), (-0.04268, 0.011241, -0.02229),
            (-0.041804, 0.010357, -0.020755), (-0.043217, 0.011974, -0.020355), (-0.040007, 0.008552, -0.027868),
            (-0.038255, 0.007438, -0.027675), (-0.04635, 0.02493, -0.034551), (-0.046561, 0.023524, -0.03621),
            (-0.046534, 0.021853, -0.035248), (-0.028641, 0.001663, -0.04919), (-0.030163, 0.002135, -0.047823),
            (-0.046513, 0.023294, -0.033592), (-0.046037, 0.017605, -0.032337), (-0.046257, 0.018315, -0.030082),
            (-0.046456, 0.019093, -0.031687), (-0.028744, 0.004026, -0.049085), (-0.027518, 0.003644, -0.048886),
            (-0.026789, 0.001569, -0.049392), (-0.046167, 0.018005, -0.028336), (-0.046289, 0.019788, -0.02852),
            (-0.026032, 0.0035, -0.048071), (-0.046493, 0.020471, -0.030925), (-0.034985, 0.005176, -0.033362),
            (-0.034396, 0.004901, -0.030294), (-0.023518, -0.001655, -0.049206), (-0.024155, -0.002088, -0.047403),
            (-0.025127, -0.001268, -0.048432), (-0.021902, -0.001409, -0.049415), (-0.023208, 0.000574, -0.049039),
            (-0.027096, -0.000195, -0.047544), (-0.042905, 0.011605, -0.018389), (-0.026277, -0.000436, -0.048588),
            (-0.043967, 0.013205, -0.019206), (-0.033003, 0.003974, -0.033055), (-0.033074, 0.004047, -0.031744),
            (-0.040413, 0.00901, -0.019126), (-0.025871, -0.000663, -0.045904), (-0.038747, 0.038457, -0.047482),
            (-0.038211, 0.037331, -0.048926), (-0.039575, 0.036288, -0.048779), (-0.037185, 0.03995, -0.048876),
            (-0.036676, 0.037583, -0.049047), (-0.025015, 3.9e-05, -0.049302), (-0.036416, 0.006179, -0.029732),
            (-0.036132, 0.039407, -0.049096), (-0.024744, 0.001922, -0.048799), (-0.036103, 0.006109, -0.026976),
            (-0.037957, 0.00727, -0.024204), (-0.025217, 0.003178, -0.047878), (-0.035536, 0.041325, -0.048835),
            (-0.038108, 0.040163, -0.047243), (-0.034342, 0.004965, -0.028147), (-0.037583, 0.006997, -0.02198),
            (-0.03307, 0.004061, -0.029543), (-0.037211, 0.041833, -0.043098), (-0.037734, 0.041115, -0.045654),
            (-0.037942, 0.040681, -0.042734), (-0.039049, 0.007974, -0.021376), (-0.031485, 0.003052, -0.030037),
            (-0.02323, 0.002594, -0.047391), (-0.02182, 0.000501, -0.048307), (-0.032037, 0.003525, -0.028194),
            (-0.022531, 0.00175, -0.047613), (-0.033888, 0.041557, -0.048163), (-0.036403, 0.042649, -0.047764),
            (-0.034735, 0.043821, -0.047826), (-0.021276, 0.000845, -0.047661), (-0.021561, 0.003081, -0.047183),
            (-0.038504, 0.007716, -0.019093), (-0.029169, 0.005588, -0.048096), (-0.030509, 0.002548, -0.027621),
            (-0.033548, 0.042143, -0.048008), (-0.03304, 0.042631, -0.047875), (-0.031613, 0.003017, -0.033668),
            (-0.028163, 0.004958, -0.047962), (-0.029787, 0.00193, -0.032726), (-0.027501, 0.006093, -0.047232),
            (-0.030251, 0.002294, -0.030921), (-0.036427, 0.006314, -0.019645), (-0.03704, 0.041892, -0.040074),
            (-0.02958, 0.001832, -0.029233), (-0.027197, 0.004622, -0.047678), (-0.026474, 0.004211, -0.047641),
            (-0.036078, 0.043644, -0.045789), (-0.036198, 0.043522, -0.042828), (-0.035399, 0.044623, -0.043993),
            (-0.024934, 0.004954, -0.047211), (-0.03604, 0.043471, -0.040832), (-0.037215, 0.006835, -0.025571),
            (-0.027243, 0.000272, -0.045584), (-0.028926, 0.001111, -0.046933), (-0.028582, 0.001359, -0.044787),
            (-0.034681, 0.045804, -0.043112), (-0.035315, 0.00564, -0.024961), (-0.033625, 0.004549, -0.026502),
            (-0.025798, -0.000714, -0.043395), (-0.02621, 0.006454, -0.047189), (-0.024593, 0.007397, -0.047062),
            (-0.040739, 0.009402, -0.017217), (-0.038946, 0.008008, -0.017084), (-0.039927, 0.008749, -0.01569),
            (-0.036738, 0.006557, -0.017674), (-0.045693, 0.02621, -0.04846), (-0.044736, 0.027739, -0.04894),
            (-0.043896, 0.02558, -0.049022), (-0.03626, 0.006246, -0.023035), (-0.043194, 0.027182, -0.048978),
            (-0.034306, 0.005054, -0.023152), (-0.04454, 0.029522, -0.048589), (-0.023274, 0.008667, -0.046934),
            (-0.042616, 0.029211, -0.049079), (-0.032126, 0.003617, -0.026124), (-0.041431, 0.028952, -0.048419),
            (-0.033171, 0.004321, -0.02477), (-0.022992, 0.011162, -0.046801), (-0.03801, 0.007387, -0.015714),
            (-0.038774, 0.007941, -0.013999), (-0.022673, 0.005834, -0.04708), (-0.040165, 0.008987, -0.013616),
            (-0.046163, 0.024761, -0.048346), (-0.044833, 0.024002, -0.049046), (-0.030856, 0.002838, -0.024737),
            (-0.029608, 0.001992, -0.026159), (-0.042698, 0.023254, -0.048073), (-0.044893, 0.022186, -0.049034),
            (-0.021423, 0.00721, -0.046924), (-0.024272, 0.002935, -0.047592), (-0.023629, 0.004005, -0.047208),
            (-0.042678, 0.024393, -0.048211), (-0.035363, 0.005678, -0.017588), (-0.043231, 0.022226, -0.048267),
            (-0.032147, 0.003642, -0.022721), (-0.03733, 0.00694, -0.013957), (-0.034449, 0.005147, -0.015299),
            (-0.02552, -0.001219, -0.04138), (-0.025489, -0.001029, -0.038859), (-0.020485, 0.005983, -0.046956),
            (-0.019978, 0.003124, -0.047132), (-0.025218, -0.001042, -0.037225), (-0.03516, 0.005602, -0.013404),
            (-0.037115, 0.006815, -0.012054), (-0.019572, 0.000407, -0.047344), (-0.041812, 0.0271, -0.048182),
            (-0.042089, 0.025211, -0.047965), (-0.041325, 0.025562, -0.047489), (-0.025806, -0.000742, -0.034841),
            (-0.04092, 0.026213, -0.047417), (-0.041415, 0.023731, -0.04727), (-0.021134, 0.010465, -0.046742),
            (-0.033282, 0.004419, -0.013556), (-0.027408, 0.000413, -0.031606), (-0.027747, 0.000528, -0.033525),
            (-0.028526, 0.001202, -0.030257), (-0.026217, -0.000319, -0.032449), (-0.039754, 0.025047, -0.047231),
            (-0.039176, 0.023579, -0.047158), (-0.026321, -0.000243, -0.030568), (-0.024229, -0.001617, -0.032765),
            (-0.01917, 0.010092, -0.046688), (-0.035173, 0.00555, -0.021088), (-0.018419, 0.007878, -0.046767),
            (-0.045521, 0.027948, -0.047208), (-0.024926, -0.00114, -0.030111), (-0.022762, -0.002552, -0.031693),
            (-0.02222, -0.002984, -0.034632), (-0.021294, -0.003556, -0.032658), (-0.04513, 0.029016, -0.045264),
            (-0.046134, 0.02619, -0.045877), (-0.018918, 0.004679, -0.04697), (-0.033244, 0.004379, -0.020855),
            (-0.018174, 0.00246, -0.04707), (-0.023708, -0.00185, -0.028985), (-0.017134, 0.00491, -0.046871),
            (-0.021668, -0.003211, -0.029874), (-0.027038, 0.000252, -0.028423), (-0.044049, 0.031133, -0.046258),
            (-0.025792, -0.000512, -0.027276), (-0.02874, 0.001445, -0.027817), (-0.016918, 0.009974, -0.046598),
            (-0.030241, 0.002465, -0.022387), (-0.030861, 0.002894, -0.020645), (-0.016348, 0.007153, -0.04672),
            (-0.02801, 0.000959, -0.026248), (-0.034226, 0.004964, -0.018342), (-0.014782, 0.006067, -0.046705),
            (-0.026354, -8.1e-05, -0.024534), (-0.044657, 0.030069, -0.041855), (-0.043953, 0.031224, -0.044253),
            (-0.014578, 0.0093, -0.046538), (-0.032964, 0.004159, -0.018924), (-0.04036, 0.027455, -0.047409),
            (-0.012691, 0.005374, -0.046652), (-0.022867, -0.002406, -0.027396), (-0.03278, 0.004104, -0.016367),
            (-0.03189, 0.003519, -0.018344), (-0.0211, -0.003549, -0.02723), (-0.010973, 0.008202, -0.046465),
            (-0.043153, 0.030896, -0.049056), (-0.042928, 0.032706, -0.047963), (-0.011686, 0.010816, -0.046399),
            (-0.04178, 0.032469, -0.049194), (-0.024871, -0.001092, -0.026127), (-0.023677, -0.001825, -0.025118),
            (-0.013951, -0.008445, -0.048939), (-0.012442, -0.008665, -0.049331), (-0.01265, -0.009719, -0.047692),
            (-0.012609, -0.006432, -0.049029), (-0.014236, -0.006204, -0.049349), (-0.022245, -0.002748, -0.026317),
            (-0.045661, 0.016879, -0.018481), (-0.045284, 0.016008, -0.01596), (-0.046015, 0.017785, -0.017163),
            (-0.040877, 0.030936, -0.048863), (-0.04478, 0.014835, -0.017142), (-0.011024, -0.007647, -0.049077),
            (-0.021693, -0.003098, -0.024833), (-0.039623, 0.029788, -0.047867), (-0.01008, -0.008646, -0.049272),
            (-0.011242, -0.010338, -0.048869), (-0.029417, 0.00193, -0.024525), (-0.009333, -0.010132, -0.049509),
            (-0.009762, -0.007681, -0.048491), (-0.04039, 0.034209, -0.049233), (-0.041679, 0.034795, -0.04831),
            (-0.008294, -0.008754, -0.048692), (-0.008951, -0.008099, -0.048373), (-0.039825, 0.033082, -0.049012),
            (-0.028125, 0.001068, -0.024089), (-0.039326, 0.030545, -0.047945), (-0.007402, -0.012417, -0.048935),
            (-0.007307, -0.010236, -0.049241), (-0.006061, -0.011487, -0.04927), (-0.041716, 0.010308, -0.014165),
            (-0.041527, 0.010192, -0.011713), (-0.038617, 0.032315, -0.048129), (-0.028706, 0.00148, -0.021481),
            (-0.026589, 0.000104, -0.022484), (-0.007087, -0.012457, -0.045865), (-0.008271, -0.012371, -0.047943),
            (-0.00628, -0.013618, -0.047151), (-0.007479, -0.008875, -0.048154), (-0.026874, 0.00029, -0.01984),
            (-0.038857, 0.007937, -0.012368), (-0.039818, 0.00878, -0.010687), (-0.006311, -0.009121, -0.04765),
            (-0.005391, -0.010243, -0.048151), (-0.038762, 0.031351, -0.047828), (-0.038278, 0.007573, -0.010692),
            (-0.00478, -0.011729, -0.04913), (-0.005429, -0.014072, -0.048846), (-0.042861, 0.033015, -0.045592),
            (-0.043524, 0.012593, -0.011494), (-0.041512, 0.010145, -0.00978), (-0.00428, -0.010471, -0.047661),
            (-0.004046, -0.011347, -0.048409), (-0.003231, -0.011654, -0.048148), (-0.002808, -0.010511, -0.047298),
            (-0.022568, -0.002966, -0.048209), (-0.024421, -0.001322, -0.023498), (-0.022075, -0.002988, -0.045751),
            (-0.040613, 0.028153, -0.047738), (-0.023763, -0.001805, -0.045127), (-0.025156, -0.000824, -0.021841),
            (-0.02004, -0.00392, -0.046284), (-0.021214, -0.00374, -0.048058), (-0.019413, -0.004704, -0.048299),
            (-0.04055, 0.009265, -0.008765), (-0.038566, 0.007895, -0.009036), (-0.020267, -0.002969, -0.049256),
            (-0.02021, -0.001532, -0.049087), (-0.040036, 0.028991, -0.047741), (-0.022265, -0.002711, -0.02316),
            (-0.036457, 0.006361, -0.010275), (-0.018477, -0.001734, -0.048453), (-0.018039, -0.00285, -0.049087),
            (-0.03802, 0.028955, -0.047405), (-0.017978, -0.004375, -0.049272), (-0.038169, 0.026949, -0.047305),
            (-0.01667, -0.003528, -0.048942), (-0.016988, -0.002573, -0.048176), (-0.020523, -0.000217, -0.048193),
            (-0.022635, -0.00246, -0.021323), (-0.03506, 0.005492, -0.011908), (-0.019419, -0.000957, -0.048213),
            (-0.037576, 0.025348, -0.04722), (-0.032875, 0.00414, -0.011698), (-0.018049, -0.000355, -0.047293),
            (-0.034809, 0.005362, -0.00948), (-0.017571, -0.001881, -0.047861), (-0.015854, -0.002794, -0.047645),
            (-0.016, -0.000649, -0.047177), (-0.018697, -0.005009, -0.023221), (-0.036827, 0.030459, -0.047445),
            (-0.020667, -0.003765, -0.022579), (-0.016625, 0.001888, -0.047044), (-0.015949, -0.00493, -0.049359),
            (-0.035355, 0.028558, -0.047316), (-0.034955, 0.025843, -0.047157), (-0.014987, -0.004003, -0.04834),
            (-0.037702, 0.007276, -0.00793), (-0.035871, 0.006032, -0.008293), (-0.019277, -0.004564, -0.020828),
            (-0.017765, -0.005595, -0.020722), (-0.015913, -0.006834, -0.049216), (-0.014004, -0.004605, -0.048223),
            (-0.013226, -0.005232, -0.048313), (-0.013997, -0.002869, -0.047228), (-0.020792, -0.003612, -0.020018),
            (-0.018488, -0.005008, -0.046181), (-0.016708, -0.006472, -0.045677), (-0.017796, -0.006134, -0.048175),
            (-0.016065, -0.007376, -0.047652), (-0.042731, 0.011615, -0.006985), (-0.041089, 0.009792, -0.007002),
            (-0.039476, 0.021593, -0.047078), (-0.043302, 0.012334, -0.008739), (-0.020638, -0.003728, -0.018305),
            (-0.019651, -0.004334, -0.017616), (-0.017783, -0.005609, -0.018465), (-0.020571, -0.003493, -0.04436),
            (-0.020967, -0.004412, -0.042649), (-0.022619, -0.002823, -0.043447), (-0.023781, -0.002197, -0.040195),
            (-0.024219, -0.00195, -0.043086), (-0.023006, -0.002871, -0.041481), (-0.041703, 0.010426, -0.005397),
            (-0.043342, 0.012452, -0.005469), (-0.037585, 0.019355, -0.04698), (-0.038269, 0.017414, -0.046968),
            (-0.021273, -0.003953, -0.041009), (-0.021748, -0.003468, -0.039638), (-0.039668, 0.008576, -0.005306),
            (-0.019256, -0.004933, -0.04323), (-0.018985, -0.005394, -0.040541), (-0.017032, -0.006106, -0.044058),
            (-0.016508, -0.007346, -0.042952), (-0.018178, -0.00618, -0.042882), (-0.014948, -0.007445, -0.017337),
            (-0.039672, 0.008585, -0.007663), (-0.017121, -0.006741, -0.041003), (-0.038634, 0.007894, -0.006076),
            (-0.037174, 0.023349, -0.047107), (-0.034756, 0.015023, -0.046965), (-0.033277, 0.014301, -0.046963),
            (-0.040733, 0.009456, -0.004035), (-0.037002, 0.02135, -0.047035), (-0.020072, -0.004468, -0.039035),
            (-0.039631, 0.00854, -0.003088), (-0.018704, -0.00542, -0.038086), (-0.033021, 0.016601, -0.046889),
            (-0.037947, 0.007401, -0.003578), (-0.031289, 0.014641, -0.046897), (-0.031253, 0.018227, -0.046825),
            (-0.011802, -0.009616, -0.044786), (-0.014368, -0.008243, -0.046397), (-0.011234, -0.010405, -0.046357),
            (-0.029152, 0.016271, -0.046786), (-0.015298, -0.007235, -0.044274), (-0.013641, -0.008318, -0.04451),
            (-0.013077, -0.009333, -0.043382), (-0.015053, -0.008332, -0.042969), (-0.028812, 0.014377, -0.046855),
            (-0.010234, -0.01081, -0.04507), (-0.009721, -0.011542, -0.046725), (-0.036467, 0.016226, -0.046977),
            (-0.011773, -0.010566, -0.04263), (-0.010189, -0.011489, -0.043275), (-0.01052, -0.011213, -0.041362),
            (-0.036821, 0.006654, -0.005966), (-0.008508, -0.011805, -0.044034), (-0.00805, -0.013056, -0.042556),
            (-0.035355, 0.017615, -0.046949), (-0.009108, -0.012027, -0.040628), (-0.02837, 0.01833, -0.046747),
            (-0.016051, -0.007165, -0.038327), (-0.015053, -0.007959, -0.04029), (-0.014426, -0.008158, -0.03775),
            (-0.014224, -0.00872, -0.041093), (-0.012662, -0.009686, -0.041478), (-0.036551, 0.006472, -0.003087),
            (-0.026089, 0.014612, -0.046744), (-0.032008, 0.003597, -0.013959), (-0.013435, -0.009054, -0.03994),
            (-0.033897, 0.019991, -0.046915), (-0.024969, 0.017413, -0.046655), (-0.011491, -0.01009, -0.036687),
            (-0.012383, -0.009541, -0.038688), (-0.010042, -0.01108, -0.039074), (-0.027869, 0.02046, -0.046748),
            (-0.029996, 0.021215, -0.046825), (-0.009181, -0.011531, -0.035539), (-0.008967, -0.011768, -0.038133),
            (-0.035437, 0.023694, -0.047076), (-0.015086, 0.000643, -0.047059), (-0.013228, -0.001015, -0.047087),
            (-0.025911, 0.018838, -0.046674), (-0.012218, -0.005704, -0.048095), (-0.029756, 0.002153, -0.018714),
            (-0.012844, -0.004173, -0.047374), (-0.026037, 0.021495, -0.046704), (-0.028163, 0.023242, -0.046818),
            (-0.033775, 0.023663, -0.047026), (-0.028166, 0.001139, -0.01921), (-0.023802, 0.02189, -0.046657),
            (-0.023344, 0.019645, -0.046614), (-0.011653, -0.001979, -0.047083), (-0.011538, -0.004457, -0.047251),
            (-0.024171, 0.015195, -0.046683), (-0.030883, 0.002891, -0.016935), (-0.01239, 0.000235, -0.046949),
            (-0.010654, 0.000387, -0.046865), (-0.010348, -0.003492, -0.047105), (-0.023413, 0.012968, -0.046722),
            (-0.009149, -0.001921, -0.046947), (-0.008509, 0.000522, -0.046774), (-0.007074, 0.001051, -0.046691),
            (-0.022183, 0.01713, -0.046601), (-0.021848, 0.014312, -0.046624), (-0.0291, 0.001758, -0.017398),
            (-0.027371, 0.000616, -0.017379), (-0.029281, 0.00185, -0.015522), (-0.021021, 0.012783, -0.046652),
            (-0.020266, 0.015291, -0.046552), (-0.032265, 0.022239, -0.046921), (-0.013656, 0.002492, -0.046862),
            (-0.025835, 0.023439, -0.046761), (-0.015125, 0.003946, -0.046831), (-0.025149, -0.000824, -0.019225),
            (-0.024861, -0.000974, -0.017785), (-0.019836, 0.020853, -0.04655), (-0.025341, -0.000664, -0.016533),
            (-0.021494, 0.02337, -0.046639), (-0.026934, 0.000347, -0.015653), (-0.019452, 0.022825, -0.046587),
            (-0.011199, 0.002884, -0.046731), (-0.019506, 0.016733, -0.046523), (-0.017828, 0.014955, -0.046497),
            (-0.025676, -0.000433, -0.014729), (-0.020329, 0.019048, -0.046528), (-0.038507, 0.034474, -0.04895),
            (-0.017773, 0.018584, -0.046484), (-0.023494, -0.001881, -0.019678), (-0.022351, -0.00263, -0.01829),
            (-0.037756, 0.033607, -0.048177), (-0.009522, 0.004802, -0.046576), (-0.038008, 0.032178, -0.047758),
            (-0.023965, 0.02509, -0.04676), (-0.031247, 0.003132, -0.015269), (-0.00781, 0.005711, -0.046463),
            (-0.040456, 0.036651, -0.047545), (-0.022369, 0.025891, -0.046744), (-0.037736, 0.035776, -0.048966),
            (-0.009001, 0.002303, -0.046687), (-0.036932, 0.032172, -0.047531), (-0.037282, 0.034511, -0.048286),
            (-0.036392, 0.033439, -0.047546), (-0.019148, 0.0132, -0.046562), (-0.01717, 0.012554, -0.046518),
            (-0.005513, 0.002514, -0.046563), (-0.036402, 0.035615, -0.048253), (-0.035751, 0.036117, -0.048071),
            (-0.005136, -4.1e-05, -0.046677), (-0.036578, 0.034777, -0.047953), (-0.015438, 0.012853, -0.046454),
            (-0.029539, 0.001993, -0.01382), (-0.010514, -0.006997, -0.048282), (-0.011066, -0.006045, -0.047702),
            (-0.030452, 0.002595, -0.012556), (-0.015756, 0.016866, -0.046434), (-0.034261, 0.034383, -0.047561),
            (-0.009658, -0.005356, -0.047203), (-0.03176, 0.003457, -0.010841), (-0.008768, -0.006915, -0.047377),
            (-0.012713, 0.014117, -0.046382), (-0.013511, 0.011807, -0.046425), (-0.030225, 0.002437, -0.010895),
            (-0.007416, -0.007935, -0.047396), (-0.013836, 0.015823, -0.046384), (-0.02755, 0.000729, -0.014322),
            (-0.028702, 0.001473, -0.012519), (-0.007741, -0.005758, -0.047152), (-0.006021, -0.006548, -0.047133),
            (-0.034896, 0.031611, -0.047471), (-0.033894, 0.029249, -0.047301), (-0.008428, -0.003779, -0.047045),
            (-0.032102, 0.030366, -0.047279), (-0.023682, -0.001752, -0.014855), (-0.023151, -0.002514, -0.038315),
            (-0.027225, 0.000552, -0.012182), (-0.025511, -0.000574, -0.012759), (-0.023904, -0.001901, -0.03688),
            (-0.022759, -0.00266, -0.036389), (-0.004985, -0.008474, -0.047183), (-0.024033, -0.001838, -0.03511),
            (-0.003866, -0.009338, -0.047222), (-0.021452, -0.003489, -0.037282), (-0.032559, 0.032679, -0.047402),
            (-0.028286, 0.001175, -0.01068), (-0.00712, -0.002782, -0.046922), (-0.020213, -0.004286, -0.036804),
            (-0.005662, -0.00158, -0.046795), (-0.005911, -0.004107, -0.046954), (-0.026456, -1.8e-05, -0.010511),
            (-0.00439, -0.006393, -0.04704), (-0.004211, -0.0045, -0.046911), (-0.035107, 0.038423, -0.048532),
            (-0.035561, 0.037368, -0.048499), (-0.033457, 0.038424, -0.047757), (-0.034464, 0.036463, -0.047667),
            (-0.024436, -0.0013, -0.011683), (-0.020508, -0.004107, -0.034645), (-0.034677, 0.039369, -0.048439),
            (-0.003733, -0.001877, -0.046751), (-0.017335, -0.00616, -0.036685), (-0.002263, -0.003684, -0.046805),
            (-0.032474, 0.036896, -0.047586), (-0.032077, 0.034967, -0.047479), (-0.002453, -0.007095, -0.047016),
            (-0.01939, -0.004738, -0.031231), (-0.001725, -0.0086, -0.047105), (-0.022112, -0.002744, -0.016534),
            (-0.015633, -0.007176, -0.035465), (-0.014222, -0.008118, -0.035032), (-0.000857, -0.005826, -0.046887),
            (-0.018806, -0.005197, -0.034933), (0.000626, -0.007199, -0.046939), (-0.00023, -0.009105, -0.047071),
            (-0.016957, -0.00638, -0.034927), (-0.030611, 0.030918, -0.047245), (-0.021657, -0.003086, -0.014718),
            (-0.030045, 0.03328, -0.047301), (-0.013055, -0.008918, -0.036262), (-0.019997, -0.004191, -0.015996),
            (-0.012296, -0.009384, -0.034309), (-0.030141, 0.035644, -0.047416), (-0.030725, 0.037256, -0.047523),
            (-0.046487, 0.022697, -0.048157), (-0.010375, -0.010603, -0.034979), (-0.01989, -0.004231, -0.014236),
            (-0.018516, -0.005173, -0.016347), (-0.010067, -0.010743, -0.03349), (-0.018896, -0.005156, -0.032947),
            (-0.016954, -0.006427, -0.032895), (-0.027894, 0.035205, -0.047301), (-0.027836, 0.033095, -0.047212),
            (-0.046619, 0.02254, -0.044887), (-0.046499, 0.024007, -0.046113), (-0.017689, -0.005807, -0.030532),
            (-0.030833, 0.024821, -0.046952), (-0.044557, 0.013567, -0.04517), (-0.044957, 0.014227, -0.047308),
            (-0.043192, 0.011516, -0.046511), (-0.017987, -0.005532, -0.014485), (-0.043588, 0.01209, -0.04421),
            (-0.016694, -0.006328, -0.015948), (-0.016388, -0.006547, -0.013233), (-0.015277, -0.007279, -0.014805),
            (-0.028246, 0.025089, -0.046861), (-0.022809, -0.002332, -0.013233), (-0.032951, 0.026605, -0.047121),
            (-0.032635, 0.028175, -0.047179), (-0.022628, -0.002481, -0.0113), (-0.020754, -0.003664, -0.012471),
            (-0.021201, -0.003401, -0.010464), (-0.025141, -0.000855, -0.00947), (-0.030449, 0.026746, -0.047025),
            (-0.022746, -0.002427, -0.008724), (-0.030193, 0.028822, -0.047125), (-0.028596, 0.027184, -0.046968),
            (-0.018946, -0.004891, -0.011769), (-0.017265, -0.005932, -0.011834), (-0.028528, 0.029171, -0.047082),
            (-0.028925, 0.031055, -0.047164), (-0.018861, -0.004942, -0.010029), (-0.026473, 0.028675, -0.046959),
            (-0.026817, 0.0305, -0.047059), (-0.020865, -0.003657, -0.008544), (-0.023703, 0.029448, -0.046902),
            (-0.01782, -0.005598, -0.009425), (-0.019139, -0.004787, -0.00779), (-0.017422, -0.00589, -0.007665),
            (-0.033493, 0.004538, -0.009588), (-0.025226, 0.0325, -0.04707), (-0.031893, 0.003523, -0.009399),
            (-0.025893, 0.025031, -0.046802), (-0.030268, 0.00245, -0.008087), (-0.026084, 0.026865, -0.046889),
            (-0.034835, 0.005378, -0.006864), (-0.033439, 0.004476, -0.007305), (-0.031715, 0.003413, -0.007499),
            (-0.024151, 0.027566, -0.046853), (-0.030027, 0.002225, -0.005167), (-0.028965, 0.001564, -0.008578),
            (-0.028916, 0.00152, -0.006377), (-0.034224, 0.004956, -0.004713), (-0.042201, 0.033985, -0.043895),
            (-0.031941, 0.003484, -0.004721), (-0.041452, 0.035327, -0.042292), (-0.042871, 0.033181, -0.041987),
            (-0.041896, 0.034487, -0.04023), (-0.033642, 0.004561, -0.002867), (-0.040183, 0.037209, -0.04226),
            (-0.039986, 0.037013, -0.043525), (-0.042771, 0.033132, -0.039086), (-0.044362, 0.030665, -0.038377),
            (-0.043262, 0.032388, -0.037157), (-0.035462, 0.0057, -0.001772), (-0.043995, 0.031324, -0.036031),
            (-0.045285, 0.028597, -0.037682), (-0.032015, 0.003492, -0.002747), (-0.04226, 0.033842, -0.034461),
            (-0.043235, 0.032308, -0.034042), (-0.040422, 0.036655, -0.040885), (-0.038962, 0.039034, -0.042828),
            (-0.038661, 0.038857, -0.045139), (-0.030604, 0.002583, -0.00337), (-0.033948, 0.040345, -0.048183),
            (-0.027562, 0.000632, -0.005018), (-0.032357, 0.040759, -0.047749), (-0.028563, 0.001279, -0.003334),
            (-0.030637, 0.039733, -0.04761), (-0.039136, 0.038645, -0.04051), (-0.029852, 0.002094, -0.001878),
            (-0.032397, 0.003711, -0.000728), (-0.030695, 0.002646, 9.2e-05), (-0.028646, 0.00132, -0.001341),
            (-0.037839, 0.040655, -0.040523), (-0.027331, 0.000477, -0.002847), (-0.046185, 0.018289, -0.026281),
            (-0.045294, 0.028505, -0.031346), (-0.04572, 0.027304, -0.033898), (-0.046126, 0.025876, -0.031291),
            (-0.02718, 0.000365, -0.000299), (-0.028919, 0.001502, -6e-05), (-0.026116, -0.000307, -0.001577),
            (-0.045281, 0.02852, -0.028184), (-0.045942, 0.026367, -0.028312), (-0.042808, 0.03296, -0.022764),
            (-0.04385, 0.031404, -0.023984), (-0.044, 0.031102, -0.021997), (-0.046306, 0.023716, -0.018041),
            (-0.046304, 0.023848, -0.021085), (-0.046427, 0.021789, -0.018705), (-0.045979, 0.025897, -0.017151),
            (-0.046005, 0.02579, -0.020051), (-0.027014, 0.000298, -0.008913), (-0.026785, 0.000174, -0.006863),
            (-0.044647, 0.029793, -0.013881), (-0.044581, 0.02996, -0.01722), (-0.045399, 0.027887, -0.014814),
            (-0.025188, -0.000855, -0.007464), (-0.045753, 0.026589, -0.011263), (-0.045962, 0.025833, -0.014625),
            (-0.046129, 0.024745, -0.012077), (-0.045351, 0.027995, -0.012809), (-0.046182, 0.024289, -0.009871),
            (-0.042445, 0.033477, -0.018075), (-0.043246, 0.032338, -0.019972), (-0.043268, 0.032315, -0.016003),
            (-0.043997, 0.030956, -0.018777), (-0.023979, -0.001656, -0.007175), (-0.042834, 0.03298, -0.013503),
            (-0.043986, 0.031108, -0.015623), (-0.022641, -0.002544, -0.00596), (-0.041915, 0.034371, -0.014846),
            (-0.042594, 0.033265, -0.031584), (-0.043435, 0.032034, -0.032322), (-0.025127, -0.000922, -0.004833),
            (-0.023767, -0.001806, -0.005128), (-0.044412, 0.030448, -0.032463), (-0.0437, 0.031611, -0.029905),
            (-0.042703, 0.033115, -0.028787), (-0.041196, 0.035613, -0.032395), (-0.04353, 0.03188, -0.027473),
            (-0.020941, -0.003646, -0.005725), (-0.043748, 0.031597, -0.025624), (-0.042428, 0.033539, -0.025323),
            (-0.01875, -0.005079, -0.005963), (-0.041534, 0.034935, -0.028228), (-0.041594, 0.034681, -0.025679),
            (-0.041636, 0.03464, -0.023729), (-0.020256, -0.004051, -0.004573), (-0.018254, -0.005377, -0.004148),
            (-0.04081, 0.035932, -0.023704), (-0.042133, 0.034028, -0.021177), (-0.041256, 0.035345, -0.020876),
            (-0.025625, -0.000602, -0.003284), (-0.040305, 0.036876, -0.021985), (-0.039064, 0.038751, -0.026092),
            (-0.040521, 0.036416, -0.026462), (-0.039342, 0.038349, -0.024328), (-0.02451, -0.001361, -0.002429),
            (-0.037806, 0.040703, -0.025682), (-0.038899, 0.039034, -0.021625), (-0.039765, 0.037704, -0.019553),
            (-0.023917, -0.001757, -0.000349), (-0.025244, -0.000892, 0.000905), (-0.02279, -0.00248, -0.002628),
            (-0.021724, -0.00317, -0.001273), (-0.020388, -0.004047, -0.002557), (-0.036288, 0.043073, -0.020746),
            (-0.034858, 0.045089, -0.019949), (-0.035603, 0.044214, -0.021593), (-0.01876, -0.005101, -0.002319),
            (-0.03586, 0.043613, -0.01838), (-0.01996, -0.00431, -0.000907), (-0.040285, 0.00839, -0.042423),
            (-0.039086, 0.007549, -0.042282), (-0.022465, -0.002707, 0.000533), (-0.037578, 0.006583, -0.041941),
            (-0.020643, -0.003897, 0.001207), (-0.041806, 0.034543, -0.03021), (-0.040703, 0.036325, -0.035193),
            (-0.041944, 0.034368, -0.036333), (-0.040778, 0.036186, -0.037187), (-0.041349, 0.009541, -0.04761),
            (-0.040041, 0.037348, -0.03405), (-0.04663, 0.020742, -0.039446), (-0.046576, 0.022617, -0.037508),
            (-0.04662, 0.022926, -0.040732), (-0.039658, 0.037949, -0.037318), (-0.039034, 0.038753, -0.034386),
            (-0.039832, 0.037473, -0.03145), (-0.038789, 0.038948, -0.032166), (-0.046237, 0.025501, -0.036564),
            (-0.04071, 0.036291, -0.029343), (-0.042132, 0.010194, -0.04463), (-0.03905, 0.0387, -0.029772),
            (-0.038074, 0.040316, -0.032492), (-0.03824, 0.040124, -0.028711), (-0.039391, 0.038272, -0.028392),
            (-0.04002, 0.037262, -0.027454), (-0.04501, 0.029351, -0.035642), (-0.045029, 0.029271, -0.034072),
            (-0.033536, 0.004564, -0.044701), (-0.03736, 0.041463, -0.037235), (-0.038635, 0.039503, -0.038937),
            (-0.038541, 0.039517, -0.03667), (-0.037842, 0.040704, -0.03522), (-0.036069, 0.043521, -0.038607),
            (-0.031952, 0.00396, -0.044884), (-0.030147, 0.002452, -0.045329), (-0.037149, 0.041857, -0.034154),
            (-0.035992, 0.04366, -0.034557), (-0.046376, 0.018981, -0.034721), (-0.035391, 0.044505, -0.037162),
            (-0.04658, 0.020878, -0.033332), (-0.035007, 0.045125, -0.035421), (-0.033856, 0.046848, -0.036984),
            (-0.033453, 0.047282, -0.035199), (-0.0366, 0.042491, -0.032471), (-0.037239, 0.041593, -0.030293),
            (-0.036031, 0.043553, -0.031527), (-0.036754, 0.04237, -0.028461), (-0.035387, 0.044474, -0.029588),
            (-0.034447, 0.046027, -0.033551), (-0.034577, 0.045659, -0.031813), (-0.015075, -0.007579, -0.033092),
            (-0.045147, 0.015046, -0.031222), (-0.043942, 0.012871, -0.032082), (-0.03378, 0.046779, -0.03003),
            (-0.033182, 0.047496, -0.032032), (-0.032327, 0.0484, -0.0334), (-0.046497, 0.021692, -0.02936),
            (-0.046489, 0.022781, -0.031057), (-0.011607, -0.009785, -0.032146), (-0.037946, 0.040479, -0.02275),
            (-0.036793, 0.042143, -0.024627), (-0.04569, 0.016649, -0.031256), (-0.036675, 0.04239, -0.022942),
            (-0.041555, 0.034972, -0.019002), (-0.040889, 0.036013, -0.017249), (-0.04006, 0.037222, -0.016992),
            (-0.038564, 0.039554, -0.017888), (-0.039122, 0.038611, -0.015077), (-0.037388, 0.041308, -0.020909),
            (-0.036881, 0.042124, -0.017125), (-0.041896, 0.034375, -0.016564), (-0.03641, 0.042903, -0.02649),
            (-0.039644, 0.037369, -0.045621), (-0.035138, 0.044758, -0.027142), (-0.035948, 0.043778, -0.02349),
            (-0.03553, 0.044267, -0.024882), (-0.037444, 0.041188, -0.047909), (-0.033942, 0.04653, -0.028305),
            (-0.032285, 0.048353, -0.029855), (-0.033784, 0.046568, -0.025846), (-0.032474, 0.047919, -0.02742),
            (-0.031378, 0.049006, -0.028174), (-0.032478, 0.047979, -0.025167), (-0.034626, 0.045135, -0.046844),
            (-0.034683, 0.045313, -0.022931), (-0.03397, 0.04623, -0.021281), (-0.018464, -0.004821, -0.044717),
            (-0.045839, 0.017272, -0.021057), (-0.046061, 0.017832, -0.022853), (-0.044165, 0.013482, -0.021816),
            (-0.033017, 0.047397, -0.022983), (-0.034133, 0.046196, -0.045878), (-0.031013, 0.049231, -0.024638),
            (-0.030318, 0.049748, -0.026087), (-0.031347, 0.049013, -0.022721), (-0.03278, 0.047523, -0.020664),
            (-0.031915, 0.048595, -0.021122), (-0.034378, 0.046183, -0.041903), (-0.034283, 0.046261, -0.040186),
            (-0.045246, 0.015821, -0.020148), (-0.041083, 0.009404, -0.035255), (-0.046186, 0.01926, -0.018989),
            (-0.039533, 0.008161, -0.034336), (-0.042258, 0.010874, -0.016941), (-0.04391, 0.013141, -0.016059),
            (-0.041358, 0.035552, -0.045706), (-0.041478, 0.009707, -0.033718), (-0.041285, 0.009644, -0.031863),
            (-0.045802, 0.017553, -0.014422), (-0.044949, 0.015306, -0.013886), (-0.046122, 0.01968, -0.015115),
            (-0.046188, 0.020148, -0.016905), (-0.046011, 0.018463, -0.012217), (-0.046277, 0.020785, -0.013699),
            (-0.045396, 0.016418, -0.011936), (-0.006831, -0.013526, -0.043361), (-0.043937, 0.013236, -0.013816),
            (-0.042935, 0.011748, -0.013824), (-0.04449, 0.01437, -0.011651), (-0.044272, 0.013952, -0.009389),
            (-0.046571, 0.019672, -0.045067), (-0.045147, 0.015963, -0.009466), (-0.04454, 0.014573, -0.007247),
            (-0.045388, 0.016695, -0.007491), (-0.046626, 0.021555, -0.043099), (-0.046224, 0.020324, -0.011765),
            (-0.046108, 0.019463, -0.009817), (-0.045826, 0.017862, -0.010038), (-0.046333, 0.021841, -0.010285),
            (-0.045848, 0.016285, -0.047738), (-0.045913, 0.016549, -0.045149), (-0.046294, 0.021135, -0.007823),
            (-0.046056, 0.018525, -0.007616), (-0.045153, 0.014778, -0.043782), (-0.043681, 0.031863, -0.042253),
            (-0.043642, 0.031747, -0.040008), (-0.041723, 0.034744, -0.038237), (-0.040366, 0.036844, -0.039216),
            (-0.046259, 0.019814, -0.023462), (-0.046204, 0.019601, -0.02112), (-0.046364, 0.02109, -0.020014),
            (-0.044689, 0.029868, -0.02919), (-0.044845, 0.029504, -0.026321), (-0.045173, 0.0288, -0.024757),
            (-0.046497, 0.021345, -0.02735), (-0.046433, 0.023561, -0.027918), (-0.046438, 0.02243, -0.024866),
            (-0.045905, 0.026532, -0.026202), (-0.046365, 0.020306, -0.02566), (-0.046413, 0.022105, -0.022237),
            (-0.046236, 0.024661, -0.023655), (-0.045861, 0.026672, -0.023775), (-0.045179, 0.028722, -0.022909),
            (-0.046393, 0.022566, -0.01596), (-0.04631, 0.023332, -0.013936), (-0.046342, 0.022342, -0.012097),
            (-0.045252, 0.028456, -0.020106), (-0.045425, 0.027836, -0.017955), (-0.044826, 0.029554, -0.02109),
            (-0.043694, 0.031561, -0.012111), (-0.03474, 0.045582, -0.038507), (-0.033297, 0.047611, -0.038423),
            (-0.014919, -0.007516, -0.007876), (-0.014031, -0.008092, -0.009613), (-0.013363, -0.008543, -0.008238),
            (-0.013484, -0.008407, -0.011532), (-0.012812, -0.008913, -0.012791), (-0.011322, -0.009883, -0.010955),
            (-0.003257, -0.016121, -0.047959), (-0.003947, -0.013979, -0.049436), (-0.002474, -0.014599, -0.049514),
            (-0.012505, -0.009116, -0.00997), (-0.011481, -0.009718, -0.022407), (-0.01213, -0.009284, -0.020248),
            (-0.000674, -0.016117, -0.049411), (-0.001135, -0.01759, -0.048369), (-0.011872, -0.009509, -0.00855),
            (-0.010309, -0.010561, -0.008838), (0.002974, -0.019604, -0.005325), (0.003097, -0.019584, -0.007357),
            (0.004299, -0.020435, -0.006671), (-0.009882, -0.010833, -0.010618), (-0.003245, -0.012354, -0.048861),
            (-0.010271, -0.010521, -0.02162), (-0.011424, -0.009768, -0.018466), (-0.012458, -0.009172, -0.00601),
            (-0.010626, -0.010386, -0.006798), (0.004164, -0.020387, -0.004225), (0.006095, -0.021683, -0.005139),
            (-0.000848, -0.014062, -0.048901), (0.000402, -0.014733, -0.0488), (-0.009032, -0.011424, -0.007537),
            (-0.008561, -0.011743, -0.009084), (-0.009421, -0.011102, -0.018565), (-0.0022, -0.012456, -0.048277),
            (0.006728, -0.022072, -0.007205), (0.007715, -0.022769, -0.005494), (-0.009223, -0.011332, -0.005343),
            (-0.001598, -0.01116, -0.047266), (-0.007213, -0.012668, -0.007365), (-0.001442, -0.012653, -0.047942),
            (-2.4e-05, -0.01206, -0.047308), (-0.007288, -0.012649, -0.005587), (-0.000473, -0.013149, -0.047765),
            (-0.016946, -0.006248, -0.005723), (-0.013222, -0.008568, -0.017288), (0.004948, -0.020939, -0.002643),
            (0.000586, -0.013622, -0.047657), (0.001629, -0.013018, -0.047322), (0.001331, -0.013998, -0.047582),
            (0.00745, -0.02265, -0.002846), (-0.016443, -0.0065, -0.009228), (-0.015912, -0.006847, -0.007354),
            (0.002929, -0.011439, -0.047145), (0.001246, -0.010509, -0.047143), (-0.012439, -0.009133, -0.015979),
            (0.001697, -0.016389, -0.049189), (0.000414, -0.018454, -0.048806), (0.006665, -0.022117, -0.001455),
            (-0.015276, -0.007305, -0.005366), (-0.013833, -0.008274, -0.005866), (0.00913, -0.023665, -0.011804),
            (0.010896, -0.024961, -0.009781), (0.008578, -0.023284, -0.009535), (-0.008835, -0.011461, -0.020553),
            (-0.016109, -0.006828, -0.004198), (0.002245, -0.014832, -0.047738), (0.002666, -0.018424, -0.049387),
            (-0.013824, -0.008272, -0.003932), (0.003164, -0.016616, -0.048829), (0.009949, -0.024251, -0.008338),
            (0.004614, -0.017344, -0.048666), (-0.014875, -0.007655, -0.002583), (-0.007814, -0.012151, -0.017977),
            (-0.01669, -0.00647, -0.002433), (0.004204, -0.016183, -0.04777), (-0.005541, -0.013665, -0.020579),
            (-0.0077, -0.012241, -0.021016), (-0.006179, -0.013252, -0.021925), (0.012839, -0.026308, -0.008169),
            (0.012564, -0.02612, -0.010557), (0.00501, -0.016451, -0.047644), (0.005681, -0.017143, -0.047806),
            (-0.00654, -0.01297, -0.019092), (0.01082, -0.024891, -0.007378), (0.003491, -0.014407, -0.047359),
            (0.003145, -0.015424, -0.047731), (0.011199, -0.025161, -0.005732), (-0.005929, -0.013397, -0.017484),
            (0.008262, -0.023124, -0.007042), (-0.011238, -0.010005, -0.003666), (0.005061, -0.012889, -0.047218),
            (-0.010188, -0.010591, -0.016766), (0.009179, -0.023759, -0.005879), (0.005926, -0.014914, -0.047316),
            (-0.014127, -0.00817, -0.001452), (0.007267, -0.019406, -0.048939), (0.00699, -0.020819, -0.049263),
            (0.005163, -0.018994, -0.049332), (0.008606, -0.020262, -0.048847), (-0.012776, -0.009021, -0.00233),
            (-0.00761, -0.012283, -0.016406), (0.009299, -0.021869, -0.049103), (0.00752, -0.022183, -0.049168),
            (0.008839, -0.023623, -0.04875), (-0.010808, -0.010349, -0.000533), (-0.011852, -0.009651, -0.000509),
            (0.01102, -0.022604, -0.048363), (0.010423, -0.024863, -0.048007), (0.01392, -0.027005, -0.006117),
            (0.004015, -0.020492, -0.048437), (-0.004329, -0.014474, -0.025139), (-0.002412, -0.015819, -0.024665),
            (-0.004538, -0.014332, -0.02342), (-0.017267, -0.006087, -0.001137), (-0.018428, -0.005334, 3.7e-05),
            (0.00688, -0.022943, -0.047507), (0.005372, -0.021368, -0.048066), (0.013148, -0.026515, -0.004785),
            (0.00391, -0.020464, -0.046163), (0.005933, -0.021789, -0.045771), (-0.015741, -0.007098, -0.000807),
            (-0.00406, -0.014636, -0.021796), (0.007148, -0.018366, -0.048105), (-0.000918, -0.016807, -0.022041),
            (-0.002922, -0.015412, -0.020755), (0.006589, -0.017618, -0.047782), (0.009082, -0.023719, -0.003968),
            (-0.019434, -0.004704, 0.002341), (-0.017265, -0.006135, 0.001382), (0.010793, -0.02554, -0.045127),
            (0.009185, -0.024503, -0.047049), (-0.000501, -0.017184, -0.025155), (-0.015045, -0.007573, 0.00058),
            (0.001044, -0.01819, -0.023165), (0.008206, -0.023737, -0.041918), (0.006434, -0.022612, -0.042853),
            (0.007912, -0.023678, -0.04329), (0.009334, -0.024548, -0.043614), (-0.017321, -0.006101, 0.003298),
            (-0.015491, -0.007314, 0.002927), (0.010063, -0.024414, -0.002793), (0.011809, -0.025607, -0.003876),
            (-0.007039, -0.013433, -0.04072), (-0.013984, -0.008303, 0.002682), (-0.005415, -0.014803, -0.042525),
            (-0.004667, -0.014243, -0.019406), (-0.013183, -0.008795, -3e-06), (-0.012734, -0.009155, 0.004894),
            (-0.012318, -0.009381, 0.002707), (-0.007638, -0.012764, -0.038894), (-0.006083, -0.013958, -0.03961),
            (-0.001405, -0.016453, -0.019383), (-0.007513, -0.012855, -0.037249), (-0.003277, -0.01566, -0.036664),
            (-0.002439, -0.016004, -0.034768), (-0.004591, -0.014639, -0.035951), (0.00838, -0.023305, -0.000278),
            (-0.005123, -0.014164, -0.044274), (-0.00392, -0.015827, -0.043182), (-0.003455, -0.015804, -0.040738),
            (-0.012123, -0.009494, 0.001171), (-0.000711, -0.017543, -0.043973), (-0.002629, -0.016662, -0.042855),
            (-0.002358, -0.016153, -0.04462), (-0.001472, -0.017198, -0.041344), (9.1e-05, -0.018232, -0.041522),
            (0.010492, -0.024689, -0.000381), (0.011392, -0.025321, -0.002153), (0.000858, -0.018535, -0.044375),
            (0.001041, -0.018191, -0.020743), (-0.007751, -0.012352, -0.003957), (0.002243, -0.019011, -0.024109),
            (0.00255, -0.019193, -0.021837), (-0.009254, -0.011368, -0.002687), (0.004194, -0.020358, -0.022987),
            (0.014071, -0.027101, -0.003737), (0.013129, -0.02652, -0.002271), (-0.007508, -0.012557, -0.002128),
            (-0.006151, -0.013408, -0.003732), (8.4e-05, -0.017457, -0.019813), (-0.009166, -0.011463, -0.000564),
            (0.015233, -0.027644, -0.001707), (0.002501, -0.008863, -0.046986), (-0.007938, -0.012272, 0.000568),
            (-0.006433, -0.013258, -0.000868), (0.001431, -0.018378, -0.018282), (-0.004967, -0.014223, -0.0026),
            (-0.003971, -0.015133, -0.038858), (-0.001998, -0.016475, -0.037576), (-0.001301, -0.017014, -0.039226),
            (-0.000432, -0.017574, -0.037922), (-0.006225, -0.013429, 0.000718), (0.011777, -0.025583, 0.000189),
            (-0.004539, -0.014558, 0.001163), (0.00278, -0.02019, -0.04324), (0.00143, -0.019162, -0.041971),
            (-0.00343, -0.01528, -0.000952), (-0.00313, -0.015297, -0.018054), (-0.004567, -0.014325, -0.016806),
            (0.013231, -0.026604, -0.000166), (-0.009148, -0.011465, 0.001437), (-0.010903, -0.010324, 0.002834),
            (0.003788, -0.020694, -0.041181), (0.004867, -0.021428, -0.043211), (0.01535, -0.027705, 0.000417),
            (-0.00605, -0.013327, -0.015195), (0.005668, -0.021966, -0.040927), (-0.004388, -0.014521, -0.015165),
            (0.001933, -0.01934, -0.040152), (-0.002978, -0.015385, -0.016248), (0.01382, -0.026974, 0.001475),
            (0.003534, -0.020207, -0.038562), (0.00459, -0.02103, -0.039646), (-0.007883, -0.012338, 0.003432),
            (-0.002386, -0.015792, -0.014877), (0.014527, -0.02729, -0.008161), (0.014175, -0.027113, -0.01117),
            (-0.003592, -0.015045, -0.0128), (-0.009577, -0.011213, 0.003361), (0.015645, -0.027793, -0.009573),
            (-0.008631, -0.011862, 0.004796), (0.0004, -0.018227, -0.039368), (0.001694, -0.019035, -0.038477),
            (0.000858, -0.01844, -0.036525), (-0.001126, -0.016616, -0.017456), (-0.006333, -0.013332, 0.002475),
            (0.000401, -0.017985, -0.034854), (-0.000835, -0.01708, -0.033231), (-0.000965, -0.017108, -0.03571),
            (0.017127, -0.02836, -0.007778), (0.017225, -0.028404, -0.010318), (0.002365, -0.019427, -0.036551),
            (0.002847, -0.019647, -0.034805), (0.001471, -0.018651, -0.033493), (0.005605, -0.021634, -0.035684),
            (0.005449, -0.021548, -0.038468), (0.006605, -0.022414, -0.038069), (-0.004975, -0.014292, 0.004095),
            (-0.003036, -0.015591, 0.003765), (0.003752, -0.020237, -0.033441), (0.003893, -0.020543, -0.036366),
            (-0.006275, -0.013429, 0.005328), (0.005578, -0.021515, -0.032816), (0.016543, -0.028158, -0.005305),
            (-0.000182, -0.017278, -0.016562), (-0.004015, -0.014918, 0.00545), (0.00186, -0.018692, -0.016544),
            (0.007095, -0.022596, -0.035028), (0.011981, -0.025122, -0.048156), (0.011924, -0.026222, -0.046377),
            (-0.005555, -0.013945, 0.006915), (-0.002178, -0.016147, 0.001179), (0.017075, -0.028367, -0.003103),
            (-0.001378, -0.016626, -0.0039), (-0.001685, -0.016446, -0.001125), (-0.003044, -0.015502, -0.003598),
            (-0.000231, -0.017425, -0.002608), (-0.002682, -0.015874, 0.006811), (-0.001449, -0.016693, 0.005862),
            (0.009244, -0.024173, -0.038668), (0.009955, -0.024823, -0.040229), (0.010689, -0.02531, -0.038075),
            (-0.000495, -0.017318, 0.004312), (0.008207, -0.023423, -0.038231), (0.010117, -0.024789, -0.036461),
            (-0.0017, -0.016521, 0.008093), (0.000395, -0.017938, 0.006498), (-0.000305, -0.017174, -0.014458),
            (-0.000587, -0.017175, -0.000351), (-0.002195, -0.01601, -0.013419), (0.014975, -0.027754, -0.038767),
            (0.013202, -0.027003, -0.040812), (0.01543, -0.028008, -0.040852), (0.001419, -0.018555, -0.001182),
            (-0.011403, -0.009823, -0.015053), (0.016794, -0.028367, -0.040203), (0.015159, -0.02778, -0.035954),
            (0.016874, -0.028376, -0.037941), (0.018135, -0.028672, -0.036856), (0.001308, -0.018284, -0.014779),
            (0.002929, -0.019569, -0.003203), (0.000749, -0.018115, -0.00371), (0.009595, -0.024318, -0.032411),
            (0.008473, -0.023607, -0.035308), (0.009762, -0.024432, -0.034632), (0.007568, -0.022872, -0.031771),
            (-0.009494, -0.01109, -0.014407), (-0.010938, -0.010142, -0.013085), (0.005987, -0.021728, -0.03083),
            (0.011312, -0.025647, -0.035771), (-0.008998, -0.011426, -0.012116), (0.011401, -0.025613, -0.033379),
            (-0.007774, -0.012258, -0.014531), (0.006395, -0.021981, -0.029016), (-0.006981, -0.012748, -0.012948),
            (0.012722, -0.026488, -0.0345), (0.011985, -0.026172, -0.037394), (0.000756, -0.018126, 0.000654),
            (0.009493, -0.024119, -0.030855), (0.014538, -0.027423, -0.033724), (0.016205, -0.028134, -0.034699),
            (0.008625, -0.023585, -0.029133), (-0.007444, -0.012475, -0.010664), (0.011143, -0.025328, -0.030546),
            (-2.5e-05, -0.01763, 0.002747), (0.013068, -0.026611, -0.029521), (0.013167, -0.026707, -0.031665),
            (0.015002, -0.027664, -0.032073), (0.005543, -0.021346, -0.027225), (0.004393, -0.02061, -0.029382),
            (-0.005452, -0.013759, -0.012863), (0.007567, -0.022749, -0.027343), (0.002826, -0.019518, -0.001033),
            (0.014659, -0.027476, -0.029007), (0.016192, -0.028094, -0.030571), (-0.008044, -0.012095, -0.033032),
            (-0.007264, -0.012775, -0.035224), (-0.005712, -0.013614, -0.010893), (-0.006532, -0.013152, -0.033765),
            (-0.005683, -0.01387, -0.03538), (0.005508, -0.021344, -0.000264), (0.008783, -0.023615, -0.027004),
            (0.003683, -0.020142, 0.000819), (-0.006781, -0.012916, -0.009259), (-0.005304, -0.013932, -0.008528),
            (-0.004411, -0.014484, -0.009883), (-0.007039, -0.012703, -0.031475), (-0.004499, -0.014587, -0.033985),
            (-0.003064, -0.015401, -0.01017), (0.00221, -0.01915, 0.003124), (-0.005515, -0.013813, -0.032337),
            (-0.001179, -0.016652, -0.012081), (-0.004145, -0.014776, -0.032436), (0.013546, -0.026862, -0.027558),
            (0.000446, -0.017807, -0.012581), (0.000362, -0.017704, -0.010928), (-0.002726, -0.015759, -0.03179),
            (0.003502, -0.020038, 0.002845), (-0.001534, -0.016471, -0.009806), (0.006386, -0.021934, -0.02557),
            (0.00486, -0.020962, 0.002052), (0.004744, -0.020863, -0.025275), (-0.00067, -0.017081, -0.008058),
            (0.000288, -0.017682, -0.009329), (-0.010371, -0.010498, -0.027219), (-0.008862, -0.011495, -0.028072),
            (-0.011349, -0.009839, -0.02636), (0.00809, -0.023135, -0.02498), (0.007133, -0.022428, -0.023514),
            (-0.009857, -0.010989, -0.031361), (-0.001552, -0.016585, 0.002777), (-0.008666, -0.011764, -0.030334),
            (0.009977, -0.024435, -0.024628), (-0.007729, -0.012397, -0.029551), (-0.00685, -0.012826, -0.028406),
            (0.005523, -0.021285, -0.022625), (-0.007905, -0.012123, -0.026196), (-0.009571, -0.011022, -0.025541),
            (-0.006008, -0.013484, -0.030585), (-0.004465, -0.014555, -0.029884), (-0.005295, -0.013882, -0.027821),
            (-0.00386, -0.014913, -0.028307), (-0.005824, -0.013632, -0.006356), (-0.006417, -0.01311, -0.02669),
            (0.008892, -0.023651, -0.023843), (-0.00485, -0.014257, -0.004934), (0.007176, -0.022403, -0.021983),
            (-0.002886, -0.015573, -0.008111), (0.002039, -0.01902, 0.004997), (-0.004485, -0.01438, -0.026503),
            (-0.003687, -0.015084, -0.006495), (-0.005744, -0.013539, -0.025315), (0.010338, -0.024709, -0.026465),
            (-0.002055, -0.016142, -0.006177), (-0.001906, -0.016315, -0.029953), (0.000162, -0.017709, -0.031306),
            (-0.000717, -0.017088, -0.029436), (0.00453, -0.020709, 0.00548), (9.9e-05, -0.017631, -0.005769),
            (-0.001433, -0.016524, -0.027085), (-0.002954, -0.015611, -0.029136), (-0.003004, -0.01549, -0.026727),
            (0.012074, -0.025923, -0.024945), (0.012505, -0.026245, -0.02648), (0.013276, -0.026735, -0.023546),
            (0.011109, -0.025225, -0.023008), (-0.000328, -0.017349, -0.0277), (0.000597, -0.018007, -0.029255),
            (0.001076, -0.018295, -0.027118), (0.001567, -0.018725, 0.007427), (0.00904, -0.023704, -0.022094),
            (0.003496, -0.02005, 0.007992), (0.01182, -0.025684, -0.021503), (0.01008, -0.024374, -0.020987),
            (0.002499, -0.019276, -0.026821), (0.001487, -0.018547, -0.025421), (0.014444, -0.027338, -0.025159),
            (0.006419, -0.021968, 0.001305), (0.003658, -0.020061, -0.024566), (0.016641, -0.028225, -0.028267),
            (0.006127, -0.021779, 0.003847), (0.002367, -0.019038, -0.014396), (0.002194, -0.018962, -0.011563),
            (0.003416, -0.019787, -0.01285), (0.015444, -0.027763, -0.02653), (0.00733, -0.022584, 0.002615),
            (0.002792, -0.019563, -0.032177), (0.008402, -0.023312, 0.002162), (0.008198, -0.023205, 0.006043),
            (0.003697, -0.019952, -0.009872), (0.005219, -0.021034, -0.010783), (0.002446, -0.019278, -0.03079),
            (0.002096, -0.018892, -0.009261), (0.00109, -0.018265, -0.007798), (0.004357, -0.020642, -0.031707),
            (0.018504, -0.028781, -0.023815), (0.016743, -0.028257, -0.02544), (0.0181, -0.028616, -0.026547),
            (0.004844, -0.020823, -0.008465), (0.009942, -0.024314, 0.001772), (0.013386, -0.026748, -0.021381),
            (0.005651, -0.021297, -0.013229), (0.007351, -0.022512, -0.011635), (0.006392, -0.021836, -0.008798),
            (0.001987, -0.018944, -0.029395), (0.01584, -0.027925, -0.022463), (0.010033, -0.024441, 0.004437),
            (0.01737, -0.028449, -0.021856), (0.003809, -0.020232, -0.027931), (0.015661, -0.027847, -0.019548),
            (0.017278, -0.028373, -0.01986), (0.011852, -0.025678, 0.002562), (0.018994, -0.028868, -0.020712),
            (0.013644, -0.026879, 0.003297), (-0.010443, -0.010422, -0.023961), (0.001843, -0.018853, -0.005446),
            (-0.008476, -0.011747, -0.02448), (0.003157, -0.019603, -0.02035), (-0.008369, -0.011767, -0.022979),
            (0.013099, -0.026565, 0.00515), (0.005015, -0.02088, -0.018591), (0.005734, -0.021345, -0.020557),
            (0.006496, -0.021893, -0.019044), (-0.006623, -0.012964, -0.023949), (0.011362, -0.025367, 0.006004),
            (0.005426, -0.021183, -0.016062), (0.007673, -0.022702, -0.017619), (0.003595, -0.019898, -0.016241),
            (0.003305, -0.019743, -0.017933), (0.006271, -0.021897, 0.006578), (0.004326, -0.020396, -0.014297),
            (0.005874, -0.021651, 0.00877), (0.007447, -0.02271, 0.007933), (0.007575, -0.022606, -0.015032),
            (0.00889, -0.023511, -0.016111), (0.009961, -0.024398, 0.008075), (0.008142, -0.023207, 0.010149),
            (0.007313, -0.022438, -0.013259), (0.012137, -0.025914, 0.007938), (0.009318, -0.023803, -0.013835),
            (0.011704, -0.025662, 0.010303), (0.010049, -0.024546, 0.01191), (0.010813, -0.024853, -0.012415),
            (0.022823, -0.029154, -0.016489), (0.021721, -0.029245, -0.019234), (0.023705, -0.029072, -0.017809),
            (0.008097, -0.022985, -0.01968), (0.02394, -0.029046, -0.016593), (0.02425, -0.029036, -0.015558),
            (0.023582, -0.029092, -0.015101), (0.022237, -0.029193, -0.014149), (0.02448, -0.029028, -0.014721),
            (0.019106, -0.028891, -0.011469), (0.01931, -0.028963, -0.008517), (0.020731, -0.029154, -0.011001),
            (0.020752, -0.029112, -0.012825), (0.022915, -0.029181, -0.011634), (0.024076, -0.029072, -0.013441),
            (0.024831, -0.028997, -0.012598), (0.024728, -0.029035, -0.011392), (0.010552, -0.024684, -0.01944),
            (0.024441, -0.029092, -0.01044), (0.026069, -0.028616, -0.008813), (0.009522, -0.023958, -0.018347),
            (0.017576, -0.028544, -5.8e-05), (0.011078, -0.025089, -0.018171), (0.017918, -0.028607, -0.005368),
            (0.019175, -0.028922, -0.006412), (0.01042, -0.024595, -0.016269), (0.019528, -0.028987, -0.004134),
            (0.022773, -0.02927, -0.006185), (0.021318, -0.029199, -0.008658), (0.022825, -0.029234, -0.009038),
            (0.012911, -0.026446, -0.019143), (0.011915, -0.025719, -0.016736), (0.025507, -0.028844, -0.007706),
            (0.024579, -0.029068, -0.008389), (0.026949, -0.02835, -0.006965), (0.014595, -0.027273, -0.018509),
            (0.018891, -0.028872, -0.001692), (0.012773, -0.026357, -0.015809), (0.013709, -0.026804, -0.016758),
            (0.020311, -0.029075, -0.002417), (0.015371, -0.027691, -0.016525), (0.017331, -0.02847, -0.01692),
            (0.015813, -0.027902, -0.014478), (0.019971, -0.029089, -0.000107), (0.019115, -0.02889, -0.015078),
            (0.018049, -0.028626, -0.018538), (0.019383, -0.028982, 0.001953), (0.022368, -0.029333, -0.000149),
            (0.0217, -0.029293, -0.003616), (0.02344, -0.029264, -0.002003), (0.027221, -0.028263, -0.002527),
            (0.026377, -0.028536, -0.001008), (0.025311, -0.029007, -0.001646), (0.019711, -0.028941, -0.017792),
            (0.025437, -0.028956, -0.000338), (0.025893, -0.028775, 0.000471), (0.028183, -0.028035, -0.000397),
            (0.011787, -0.02553, -0.014339), (0.027839, -0.028084, 0.001198), (0.012773, -0.026273, -0.012853),
            (0.016631, -0.028247, 0.002915), (0.013505, -0.026752, -0.014254), (0.017273, -0.028485, 0.004904),
            (0.014913, -0.027559, 0.004994), (0.016899, -0.028312, -0.012622), (0.019456, -0.029004, 0.006483),
            (0.020183, -0.029136, 0.004748), (0.016155, -0.028108, 0.007388), (0.014006, -0.027132, 0.007574),
            (0.013811, -0.027001, 0.009612), (-0.013854, -0.008242, -0.014802), (0.012653, -0.026354, 0.011524),
            (0.016284, -0.028194, 0.009782), (-0.014598, -0.007713, -0.012983), (0.014452, -0.027386, 0.011646),
            (0.019722, -0.029073, 0.009379), (-0.015304, -0.007238, -0.010735), (0.018271, -0.028798, 0.011024),
            (0.020329, -0.029179, 0.003409), (0.029861, -0.027046, 0.006765), (0.029219, -0.027508, 0.009226),
            (0.027972, -0.028119, 0.008119), (0.028285, -0.02802, 0.010681), (0.030855, -0.026405, 0.00939),
            (0.031, -0.026399, 0.011424), (-0.004701, -0.014789, -0.045995), (-0.001407, -0.017255, -0.046499),
            (0.000385, -0.018517, -0.04633), (0.002161, -0.019754, -0.047778), (0.020917, -0.029146, -0.016216),
            (0.002078, -0.019492, -0.045669), (0.003888, -0.020259, -0.044484), (0.007262, -0.022906, -0.044966),
            (0.008772, -0.023908, -0.045146), (-0.005701, -0.013894, -0.037893), (0.007637, -0.023217, -0.040281),
            (0.013007, -0.026328, -0.047614), (0.013035, -0.026931, -0.044973), (0.012022, -0.026329, -0.042281),
            (0.014023, -0.027408, -0.043043), (0.014661, -0.027632, -0.046075), (0.010392, -0.025186, -0.042374),
            (0.021127, -0.029139, -0.006138), (0.010745, -0.025011, -0.028267), (0.011338, -0.025911, -0.040123),
            (0.013327, -0.026868, -0.038918), (0.024927, -0.029056, -0.005994), (0.013728, -0.027092, -0.036556),
            (0.024082, -0.029199, -0.004594), (0.025417, -0.028888, -0.004545), (0.026865, -0.028346, -0.004761),
            (0.024968, -0.029058, -0.003722), (0.018095, -0.028626, -0.030354), (0.019208, -0.028891, -0.028174),
            (0.020212, -0.028974, -0.029354), (0.021519, -0.029282, 0.001271), (0.018855, -0.028804, -0.033228),
            (0.023938, -0.029299, 0.000993), (0.024969, -0.029078, -0.002846), (0.020918, -0.029108, -0.027063),
            (0.020326, -0.029063, -0.025445), (0.025404, -0.029005, 0.001362), (0.020786, -0.029102, -0.023295),
            (0.021071, -0.029168, -0.021307), (0.01559, -0.028013, 0.01244), (0.023252, -0.029127, -0.0221),
            (0.020447, -0.029273, 0.012334), (0.021443, -0.029379, 0.010393), (0.023006, -0.029307, 0.003942),
            (0.021253, -0.029275, 0.007238), (0.02282, -0.029361, 0.006363), (0.024518, -0.029157, 0.006243),
            (0.025174, -0.029144, 0.004302), (0.025242, -0.029061, 0.002661), (0.027053, -0.028352, 0.002871),
            (0.025472, -0.029002, 0.003621), (0.029626, -0.027143, 0.002159), (0.028675, -0.02779, 0.004147),
            (0.025719, -0.028833, 0.005828), (0.026896, -0.028361, 0.004734), (0.022292, -0.029368, 0.00863),
            (0.02472, -0.029134, 0.008619), (0.023586, -0.029324, 0.010761), (0.027145, -0.028408, 0.006502),
            (0.029014, -0.027585, 0.005717), (0.022855, -0.029468, 0.012116), (0.026499, -0.028681, 0.009231),
            (0.025956, -0.028894, 0.010732), (0.025295, -0.028995, 0.011369), (0.025839, -0.028918, 0.0077),
            (0.027753, -0.028275, 0.012609), (0.020209, 0.028336, -0.043308), (0.021073, 0.028761, -0.041902),
            (0.022721, 0.027679, -0.042938), (0.00621, 0.014394, -0.046521), (0.005596, 0.011141, -0.046437),
            (0.003668, 0.012166, -0.046407), (-0.007704, 0.009044, -0.046359), (-0.009686, 0.010056, -0.046382),
            (-0.005668, 0.042818, -0.049028), (-0.008056, 0.044078, -0.048582), (-0.006867, 0.045317, -0.049281),
            (0.007107, 0.012646, -0.046495), (-0.008422, 0.046132, -0.049107), (0.008928, 0.012792, -0.046582),
            (0.008555, 0.009869, -0.046502), (-0.004971, 0.044131, -0.04926), (0.007486, 0.017954, -0.046724),
            (0.005552, 0.016544, -0.046573), (0.009629, 0.016379, -0.046734), (-0.005433, 0.006312, -0.046391),
            (-0.009752, 0.045224, -0.048203), (-0.01135, 0.044966, -0.047657), (-0.010102, 0.047791, -0.048434),
            (0.021324, 0.028353, -0.040079), (0.019627, 0.029543, -0.040377), (-0.005075, 0.009118, -0.046319),
            (-0.012526, 0.046943, -0.047736), (0.022931, 0.027292, -0.03916), (0.023929, 0.02687, -0.041345),
            (0.021633, 0.02806, -0.038571), (0.00762, 0.008249, -0.046461), (-0.009687, 0.043525, -0.047664),
            (0.010846, 0.010901, -0.046606), (0.024783, 0.02619, -0.039894), (-0.007698, 0.042188, -0.047648),
            (-0.003201, 0.002443, -0.046491), (-0.003833, 0.004546, -0.046429), (0.011757, 0.013452, -0.046732),
            (-0.008149, 0.047773, -0.048329), (-0.004855, 0.035914, -0.047382), (-0.004026, 0.03334, -0.04723),
            (-0.006733, 0.03525, -0.047222), (0.015389, 0.032353, -0.040822), (0.01493, 0.032413, -0.039157),
            (0.016837, 0.031316, -0.04036), (-0.001597, 0.004217, -0.046415), (-0.00228, 0.035823, -0.047471),
            (-0.001979, 0.033816, -0.047335), (0.000801, 0.036743, -0.047727), (-0.002001, 0.037179, -0.04757),
            (0.016208, 0.031551, -0.037851), (-0.002757, 0.031504, -0.047156), (-0.010286, 0.040994, -0.047329),
            (-0.006984, 0.041007, -0.04752), (0.01769, 0.030561, -0.037874), (-0.000236, 0.035025, -0.047488),
            (-0.000719, 0.032031, -0.047264), (-0.001894, 0.006763, -0.046333), (9.2e-05, 0.029508, -0.047109),
            (0.018229, 0.030307, -0.039371), (0.000988, 0.032468, -0.04737), (-0.008717, 0.038972, -0.04732),
            (-0.005838, 0.038813, -0.047496), (-0.007761, 0.037519, -0.047304), (-0.001083, 0.008898, -0.046307),
            (-0.002907, 0.01095, -0.04629), (0.019634, 0.029353, -0.03823), (0.001187, 0.034229, -0.047497),
            (0.014535, 0.032607, -0.036815), (0.013385, 0.033473, -0.039008), (-0.004963, 0.040849, -0.047821),
            (0.016533, 0.031356, -0.035994), (0.003746, 0.033558, -0.047535), (0.000572, 0.005927, -0.046358),
            (-0.001172, 0.040275, -0.049217), (0.001851, 0.039848, -0.049587), (0.000902, 0.038552, -0.049103),
            (0.003169, 0.038445, -0.049623), (0.019263, 0.02957, -0.036595), (0.018181, 0.030266, -0.035831),
            (0.002838, 0.035693, -0.047807), (0.001875, 0.008365, -0.04634), (-0.000239, 0.038261, -0.048144),
            (0.003159, 0.0368, -0.049019), (-0.004056, 0.041644, -0.04893), (-0.003442, 0.039743, -0.047777),
            (-0.001557, -0.000981, -0.046632), (-0.000468, -0.003468, -0.046738), (0.004885, 0.034752, -0.048149),
            (0.005057, 0.037682, -0.049587), (0.005097, 0.035926, -0.049309), (0.017822, 0.030509, -0.033635),
            (0.019966, 0.029084, -0.034086), (-0.002847, 0.042304, -0.049474), (0.007056, 0.034353, -0.04915),
            (0.021192, 0.028309, -0.035432), (0.006939, 0.036068, -0.049606), (-0.002256, 0.04333, -0.04916),
            (0.001561, -0.004415, -0.046745), (0.002801, -0.005406, -0.046764), (0.021682, 0.027993, -0.033677),
            (0.001059, -0.000442, -0.046553), (0.003096, -0.001946, -0.04659), (0.002406, 0.030172, -0.047276),
            (0.002935, 0.02795, -0.047128), (-0.000323, 0.025665, -0.046808), (0.002576, 0.025597, -0.04693),
            (-0.000378, 0.042055, -0.049512), (-0.009055, 0.048924, -0.046092), (-0.010446, 0.049256, -0.047487),
            (0.005787, -0.001804, -0.046579), (0.00458, -0.003906, -0.046674), (0.003856, 0.03098, -0.047387),
            (0.005943, 0.029584, -0.047402), (0.006225, 0.02709, -0.047233), (-0.006813, 0.047501, -0.045892),
            (0.023095, 0.027097, -0.03747), (0.021223, 0.028323, -0.037092), (-0.00853, 0.048504, -0.043813),
            (-0.011195, 0.05045, -0.043174), (-0.009683, 0.049261, -0.04186), (-0.010197, 0.049741, -0.044335),
            (-0.003093, 0.000199, -0.046596), (0.022442, 0.027488, -0.035987), (-0.006534, 0.047136, -0.043996),
            (-0.007665, 0.047936, -0.041902), (-0.001796, 0.001485, -0.046518), (0.004217, 0.023249, -0.046866),
            (0.00154, 0.02317, -0.046738), (-0.005883, 0.046757, -0.042041), (-0.005284, 0.045867, -0.043659),
            (0.005587, 0.025095, -0.047049), (0.0006, 0.002942, -0.046429), (0.006565, 0.023077, -0.046972),
            (0.004862, 0.021311, -0.046775), (0.025764, 0.025731, -0.042006), (0.024846, 0.025842, -0.043526),
            (-0.004302, 0.045779, -0.042524), (-0.003633, 0.044654, -0.043589), (0.026325, 0.02516, -0.043262),
            (0.026876, 0.024868, -0.04075), (-0.03332, 0.047397, -0.041248), (-0.032801, 0.048024, -0.039692),
            (0.008536, 0.026122, -0.047307), (0.008488, 0.02401, -0.047145), (0.003077, 0.002507, -0.046435),
            (0.005724, 0.031699, -0.04754), (-0.027726, 0.05143, -0.040549), (-0.026171, 0.051998, -0.04163),
            (-0.027165, 0.051602, -0.042983), (0.003344, 0.005627, -0.046376), (-0.02225, 0.052864, -0.044456),
            (-0.024354, 0.052495, -0.044742), (-0.024476, 0.052544, -0.042914), (0.006865, 0.033088, -0.047917),
            (0.027086, 0.024552, -0.038359), (0.028933, 0.023518, -0.040009), (0.024915, 0.025942, -0.037943),
            (0.026775, 0.024723, -0.036644), (0.00818, 0.031424, -0.047647), (0.008329, 0.029091, -0.047491),
            (0.008569, 0.033274, -0.049147), (0.005534, 0.003132, -0.046441), (0.028642, 0.023546, -0.037763),
            (0.004701, 0.000923, -0.046488), (0.029545, 0.02299, -0.035867), (0.03053, 0.022415, -0.038311),
            (0.024294, 0.026303, -0.036306), (0.007853, 0.000735, -0.046524), (0.010876, 0.029271, -0.047678),
            (0.011102, 0.027956, -0.04759), (0.009458, 0.030497, -0.047676), (0.011201, 0.030771, -0.048393),
            (0.010998, 0.025566, -0.047405), (0.001497, 0.010306, -0.046316), (0.004759, 0.008366, -0.046382),
            (-0.023994, 0.052605, -0.037108), (-0.022184, 0.05293, -0.036194), (-0.022732, 0.05282, -0.038562),
            (-0.02066, 0.053055, -0.038756), (0.025866, 0.025315, -0.0352), (0.006112, 0.006705, -0.046405),
            (-0.01926, 0.053082, -0.037434), (-0.018443, 0.053051, -0.039853), (-0.017695, 0.052917, -0.03717),
            (0.010225, 0.03416, -0.049742), (0.009581, 0.0322, -0.048768), (0.02343, 0.026843, -0.034509),
            (0.011161, 0.032266, -0.049527), (-0.017986, 0.052844, -0.034871), (-0.015954, 0.052508, -0.037988),
            (-0.014084, 0.051825, -0.039668), (-0.016018, 0.052507, -0.039786), (0.007517, 0.004236, -0.046451),
            (0.012445, 0.033813, -0.049387), (-0.015548, 0.052368, -0.034042), (-0.013849, 0.051697, -0.034189),
            (-0.013758, 0.05176, -0.035802), (0.008522, 0.035695, -0.049477), (0.025013, 0.025857, -0.033832),
            (0.008428, 0.005692, -0.046451), (-0.025731, 0.052122, -0.02962), (-0.027465, 0.051452, -0.031799),
            (-0.028722, 0.05086, -0.030748), (0.012355, 0.029766, -0.048198), (-0.027697, 0.051333, -0.027518),
            (0.008544, 0.002557, -0.046498), (0.013145, 0.026884, -0.047631), (0.013669, 0.028623, -0.048001),
            (0.009062, -0.00198, -0.04661), (-0.025061, 0.052347, -0.027126), (-0.023239, 0.052815, -0.028339),
            (0.013145, 0.031798, -0.04979), (-0.028595, 0.050841, -0.021539), (-0.025676, 0.052169, -0.023009),
            (-0.028442, 0.050927, -0.024342), (0.027679, 0.02418, -0.0334), (0.014631, 0.029708, -0.049471),
            (0.011187, 5.9e-05, -0.046599), (0.010431, 0.002201, -0.046548), (0.014913, 0.031306, -0.049775),
            (-0.026469, 0.05185, -0.025211), (0.010454, 0.003943, -0.046527), (-0.023045, 0.052823, -0.026117),
            (0.01561, 0.028697, -0.049333), (0.016914, 0.029966, -0.049748), (0.029517, 0.022998, -0.034214),
            (0.031461, 0.021763, -0.033984), (-0.023756, 0.052716, -0.024114), (0.026905, 0.024648, -0.031847),
            (0.025062, 0.025814, -0.032263), (-0.004327, 0.037364, -0.047487), (0.010479, 0.006269, -0.046539),
            (-0.01922, 0.053065, -0.028719), (-0.016784, 0.052658, -0.028773), (-0.018275, 0.052992, -0.030241),
            (0.011472, 0.008641, -0.046605), (-0.017417, 0.052847, -0.026736), (-0.020258, 0.05311, -0.02731),
            (-0.002163, 0.038757, -0.047732), (-0.019355, 0.053097, -0.025761), (0.013674, 0.00104, -0.046658),
            (0.012635, 0.002641, -0.046616), (0.01295, 0.004558, -0.046628), (0.028994, 0.02331, -0.032196),
            (-0.021382, 0.053066, -0.025377), (-0.020979, 0.053115, -0.023459), (-0.019359, 0.053102, -0.023487),
            (-0.006137, 0.047117, -0.023185), (-0.00484, 0.046087, -0.024488), (-0.007019, 0.047659, -0.024438),
            (0.012781, 0.006924, -0.046648), (-0.018112, 0.052994, -0.024522), (0.014565, 0.006396, -0.046717),
            (-0.006427, 0.047294, -0.021436), (-0.004309, 0.045818, -0.022458), (0.001081, 0.041333, -0.049237),
            (0.01478, 0.008248, -0.046735), (0.002318, 0.040772, -0.04471), (0.003367, 0.04046, -0.047068),
            (0.001312, 0.041923, -0.047411), (-0.004284, 0.045817, -0.020636), (-0.01508, 0.052221, -0.024596),
            (0.015158, 0.003977, -0.046726), (0.013627, 0.010228, -0.046722), (0.003343, 0.040351, -0.041706),
            (0.005354, 0.039064, -0.042455), (0.004087, 0.039536, -0.044223), (0.003853, 0.039728, -0.035477),
            (0.005171, 0.038854, -0.034744), (0.00435, 0.039395, -0.037858), (0.002439, 0.041175, -0.042717),
            (-0.017631, 0.052925, -0.02262), (0.005846, 0.03841, -0.043776), (0.01649, 0.009474, -0.046853),
            (0.004483, 0.039458, -0.040554), (0.005566, 0.038623, -0.039763), (0.007034, 0.037778, -0.041141),
            (0.017062, 0.00568, -0.046815), (0.003175, 0.04031, -0.039814), (-0.003079, 0.044703, -0.031531),
            (-0.002702, 0.044379, -0.03373), (-0.004136, 0.045429, -0.033474), (-0.005181, 0.046153, -0.031825),
            (-0.004524, 0.045704, -0.030431), (0.00302, 0.040371, -0.038061), (-0.009337, 0.049129, -0.029264),
            (-0.009033, 0.048898, -0.031788), (-0.010886, 0.050165, -0.031226), (0.002558, 0.040741, -0.031934),
            (0.002049, 0.041096, -0.033991), (-7.2e-05, 0.042579, -0.032089), (0.000548, 0.042123, -0.030717),
            (0.019246, 0.00662, -0.046949), (0.003593, 0.039979, -0.033296), (0.007107, 0.037553, -0.037971),
            (0.018349, 0.011215, -0.047012), (0.019803, 0.009098, -0.047038), (0.007939, 0.037065, -0.039757),
            (-0.011851, 0.050756, -0.02878), (-0.012448, 0.051095, -0.030316), (-0.010345, 0.049802, -0.028147),
            (0.008151, 0.036529, -0.046123), (0.007823, 0.037033, -0.048187), (0.00646, 0.037937, -0.04631),
            (0.005834, 0.038446, -0.037168), (0.006624, 0.037955, -0.035762), (0.006838, 0.037226, -0.044938),
            (0.008138, 0.036845, -0.035893), (0.021428, 0.011326, -0.047215), (0.023785, 0.009814, -0.047311),
            (-0.011638, 0.050608, -0.026617), (0.007091, 0.037443, -0.043269), (0.023268, 0.012425, -0.04738),
            (-0.032553, 0.044225, -0.047888), (-0.032215, 0.043083, -0.04777), (0.009547, 0.036135, -0.048342),
            (-0.030169, 0.044454, -0.047794), (0.01028, 0.035554, -0.04603), (-0.007326, 0.047834, -0.027938),
            (-0.008069, 0.048266, -0.029314), (0.009212, 0.036178, -0.035288), (0.006988, 0.037676, -0.033996),
            (-0.032827, 0.046099, -0.047444), (-0.031331, 0.047255, -0.04752), (-0.031368, 0.045182, -0.04785),
            (0.008578, 0.036649, -0.033164), (-0.009129, 0.049059, -0.0265), (0.00948, 0.035888, -0.043822),
            (0.011049, 0.035177, -0.0482), (-0.030203, 0.046213, -0.047791), (0.010781, 0.035039, -0.043735),
            (0.011724, 0.034686, -0.046332), (-0.007131, 0.047707, -0.025963), (-0.029704, 0.047492, -0.047734),
            (-0.029481, 0.048814, -0.047555), (-0.029008, 0.045874, -0.047843), (0.010285, 0.035796, -0.04216),
            (0.008042, 0.036586, -0.043449), (0.010467, 0.035355, -0.034601), (0.009732, 0.035832, -0.032313),
            (0.011895, 0.034412, -0.03379), (-0.027976, 0.047628, -0.047904), (-0.02817, 0.049077, -0.047735),
            (-0.013834, 0.051737, -0.02625), (-0.014182, 0.051902, -0.02799), (0.014635, 0.032988, -0.042941),
            (0.013322, 0.033216, -0.043922), (0.012384, 0.034202, -0.043439), (0.012449, 0.034419, -0.041851),
            (0.011418, 0.034717, -0.032117), (-0.026086, 0.048734, -0.047944), (-0.026593, 0.04682, -0.047849),
            (-0.032021, 0.048288, -0.046183), (0.005242, 0.038898, -0.031873), (-0.0289, 0.050342, -0.046481),
            (-0.028034, 0.04984, -0.047384), (-0.027627, 0.050731, -0.046902), (-0.026824, 0.050052, -0.047559),
            (0.006923, 0.037757, -0.030885), (0.008334, 0.036797, -0.031503), (0.013482, 0.033561, -0.040628),
            (-0.027343, 0.05144, -0.044826), (-0.030359, 0.049901, -0.044273), (0.008336, 0.037017, -0.041842),
            (0.004332, 0.039538, -0.029414), (0.002479, 0.040844, -0.029915), (-0.02522, 0.049797, -0.047893),
            (-0.02696, 0.050821, -0.047111), (-0.025682, 0.051077, -0.047274), (0.008053, 0.036989, -0.029379),
            (-0.023767, 0.050755, -0.047681), (0.010365, 0.035408, -0.030652), (-0.022983, 0.049381, -0.04794),
            (-0.013443, 0.051534, -0.023974), (0.009152, 0.036327, -0.040527), (0.010027, 0.035736, -0.039143),
            (-0.011932, 0.050772, -0.023772), (-0.021558, 0.051415, -0.04759), (0.011948, 0.034369, -0.029975),
            (-0.026366, 0.051649, -0.046089), (-0.024307, 0.05216, -0.046398), (0.011672, 0.034665, -0.040196),
            (0.010542, 0.03534, -0.028068), (-0.019761, 0.05252, -0.046639), (-0.022403, 0.052405, -0.046528),
            (-0.028823, 0.037809, -0.047452), (0.01314, 0.033584, -0.037505), (0.012068, 0.034247, -0.03597),
            (0.011636, 0.034551, -0.038352), (0.013579, 0.033268, -0.03473), (-0.026294, 0.037615, -0.047329),
            (-0.02588, 0.034407, -0.047173), (-0.010181, 0.04973, -0.024587), (0.007048, 0.020846, -0.046856),
            (0.005779, 0.019365, -0.04671), (-0.008609, 0.048699, -0.0242), (0.008772, 0.036509, -0.027388),
            (0.010231, 0.035465, -0.025674), (-0.023207, 0.032168, -0.046988), (0.008701, 0.021519, -0.046975),
            (-0.02359, 0.03476, -0.047099), (-0.023834, 0.036978, -0.047208), (-0.011013, 0.050293, -0.022356),
            (0.010221, 0.019056, -0.046914), (0.011284, 0.021461, -0.047132), (-0.021187, 0.033445, -0.046981),
            (-0.020691, 0.035697, -0.047053), (0.013018, 0.03364, -0.032047), (-0.009569, 0.049415, -0.02224),
            (-0.020427, 0.030981, -0.046865), (-0.021838, 0.028056, -0.046819), (0.012449, 0.016409, -0.046891),
            (-0.004815, 0.046028, -0.028091), (-0.003423, 0.044932, -0.029369), (-0.020292, 0.026145, -0.046699),
            (-0.005872, 0.046738, -0.030654), (-0.007974, 0.04836, -0.022858), (-0.020034, 0.028166, -0.046756),
            (-0.006523, 0.047182, -0.029685), (-0.008359, 0.048608, -0.020786), (-0.001818, 0.043831, -0.031099),
            (0.01309, 0.018821, -0.047091), (-0.011599, 0.050637, -0.039243), (-0.012511, 0.051192, -0.041003),
            (-0.010881, 0.050209, -0.04044), (-0.002403, 0.044292, -0.027753), (-0.003837, 0.045409, -0.026192),
            (-0.018247, 0.028913, -0.046747), (-0.013484, 0.051623, -0.038087), (0.012436, 0.023022, -0.04732),
            (0.014396, 0.020554, -0.047265), (0.014161, 0.022487, -0.047383), (0.012837, 0.024743, -0.047463),
            (-0.001984, 0.044036, -0.026374), (-0.01762, 0.034376, -0.04694), (-0.009468, 0.049036, -0.03942),
            (-0.000656, 0.043019, -0.027726), (-0.001078, 0.043328, -0.029381), (-0.017744, 0.03107, -0.046819),
            (-0.001101, 0.04349, -0.025575), (0.016022, 0.017873, -0.04719), (0.015161, 0.015358, -0.046998),
            (0.000776, 0.042032, -0.026655), (-7.4e-05, 0.042675, -0.024439), (-0.010478, 0.04996, -0.035573),
            (-0.009482, 0.049185, -0.036972), (-0.011998, 0.050886, -0.037094), (-0.014758, 0.028924, -0.046712),
            (0.017045, 0.022478, -0.047579), (-0.002575, 0.044522, -0.023838), (-0.009002, 0.04885, -0.034802),
            (-0.010582, 0.049959, -0.033547), (0.017164, 0.019533, -0.047374), (-0.015362, 0.032377, -0.046854),
            (-0.004816, 0.04586, -0.035705), (-0.005824, 0.046605, -0.033973), (-0.002416, 0.044421, -0.021461),
            (-0.00734, 0.047698, -0.033175), (-0.007284, 0.047677, -0.031732), (-0.014291, 0.036363, -0.047031),
            (-0.0135, 0.034991, -0.046962), (-0.012962, 0.032661, -0.046867), (-0.011805, 0.035726, -0.047028),
            (-0.000616, 0.043144, -0.021661), (0.000675, 0.042116, -0.023351), (0.014935, 0.024507, -0.047589),
            (-0.031025, 0.0419, -0.047702), (-0.002249, 0.044352, -0.019533), (-0.027343, 0.039842, -0.047463),
            (-0.029334, 0.042743, -0.047667), (0.015603, 0.012387, -0.04689), (-0.028851, 0.041326, -0.047573),
            (-0.027435, 0.04224, -0.047588), (0.003676, 0.040016, -0.024439), (0.005362, 0.038866, -0.02645),
            (0.004262, 0.039605, -0.026661), (0.005449, 0.03884, -0.023757), (0.00254, 0.040723, -0.027962),
            (0.018221, 0.015703, -0.047212), (0.017538, 0.013968, -0.047085), (-0.024786, 0.03994, -0.047375),
            (0.006949, 0.037786, -0.024592), (0.006205, 0.038258, -0.027414), (-0.017237, 0.021764, -0.046505),
            (0.007667, 0.037274, -0.026078), (0.008909, 0.036468, -0.024717), (0.019269, 0.01322, -0.047161),
            (-0.02527, 0.041825, -0.047485), (-0.026078, 0.043369, -0.04761), (0.020452, 0.014982, -0.04733),
            (0.020615, 0.017691, -0.0475), (-0.024502, 0.044172, -0.047607), (-0.027656, 0.045143, -0.047773),
            (0.018684, 0.018156, -0.047384), (-0.015177, 0.020535, -0.046453), (-0.024712, 0.046891, -0.047834),
            (0.021137, 0.013377, -0.047285), (0.007618, 0.037351, -0.022213), (-0.022904, 0.045315, -0.047646),
            (0.016187, 0.025513, -0.047701), (-0.013114, 0.022232, -0.046468), (-0.013478, 0.018835, -0.0464),
            (-0.022624, 0.040882, -0.04735), (-0.02235, 0.039057, -0.047249), (0.019383, 0.020895, -0.04761),
            (-0.022081, 0.037467, -0.047168), (0.006134, 0.03845, -0.020723), (-0.021687, 0.042352, -0.047411),
            (0.018045, 0.02428, -0.047765), (0.019795, 0.023865, -0.047888), (0.017869, 0.025747, -0.048146),
            (0.019546, 0.025667, -0.049055), (0.005828, 0.038715, -0.018673), (0.004734, 0.039372, -0.020545),
            (0.004123, 0.039845, -0.018576), (0.022113, 0.020914, -0.047799), (0.022444, 0.022032, -0.047912),
            (-0.019629, 0.039727, -0.047196), (0.004857, 0.039418, -0.016349), (-0.01838, 0.02451, -0.046604),
            (0.017636, 0.026898, -0.049085), (0.008302, 0.036927, -0.019615), (0.006689, 0.038127, -0.01734),
            (0.019954, 0.027437, -0.049773), (0.017312, 0.028231, -0.049727), (-0.018169, 0.026593, -0.046676),
            (0.021047, 0.02527, -0.049538), (0.021711, 0.023613, -0.048431), (0.009702, 0.035997, -0.02172),
            (-0.01915, 0.037609, -0.047084), (0.013687, 0.033194, -0.02965), (-0.015612, 0.027265, -0.046655),
            (-0.015856, 0.025163, -0.04659), (0.023012, 0.023549, -0.049273), (0.012142, 0.034189, -0.027061),
            (-0.016112, 0.037127, -0.047026), (0.023581, 0.024835, -0.049896), (0.022272, 0.026965, -0.0496),
            (-0.015594, 0.02345, -0.046535), (-0.022058, 0.047865, -0.047855), (0.024436, 0.026053, -0.049315),
            (0.025772, 0.023464, -0.049861), (0.013426, 0.033373, -0.026907), (0.014959, 0.032415, -0.027877),
            (-0.020503, 0.045833, -0.047628), (0.014922, 0.027377, -0.047863), (-0.020461, 0.050518, -0.047973),
            (-0.019922, 0.048838, -0.04791), (0.015691, 0.031912, -0.034224), (-0.019053, 0.047126, -0.047716),
            (-0.019925, 0.042666, -0.047373), (-0.017078, 0.041775, -0.047234), (-0.018302, 0.043571, -0.047384),
            (0.015472, 0.032015, -0.031632), (0.016632, 0.031254, -0.03247), (-0.012519, 0.026173, -0.046613),
            (-0.0177, 0.045364, -0.047501), (0.014276, 0.032823, -0.032169), (-0.011702, 0.028065, -0.046684),
            (0.01864, 0.02939, -0.049251), (0.020351, 0.028442, -0.048904), (0.019385, 0.02915, -0.047403),
            (0.021531, 0.027984, -0.047711), (-0.015379, 0.043662, -0.0473), (0.019238, 0.028803, -0.045263),
            (0.020744, 0.028048, -0.046144), (0.018176, 0.030175, -0.045699), (-0.017849, 0.049258, -0.047906),
            (0.022864, 0.027207, -0.04665), (0.023368, 0.026549, -0.044852), (0.025491, 0.025632, -0.047538),
            (-0.013506, 0.030343, -0.046774), (-0.016872, 0.047322, -0.047652), (-0.015108, 0.046618, -0.047549),
            (-0.015004, 0.045028, -0.047401), (0.022104, 0.016005, -0.047502), (-0.012456, 0.0243, -0.046527),
            (0.019241, 0.029576, -0.032268), (-0.015908, 0.048648, -0.047794), (0.022009, 0.0191, -0.047661),
            (0.02354, 0.01785, -0.047687), (-0.014686, 0.048715, -0.047819), (0.018095, 0.030324, -0.031322),
            (-0.013277, 0.044197, -0.047393), (-0.010716, 0.022492, -0.04647), (-0.012779, 0.048597, -0.047957),
            (-0.010147, 0.025334, -0.046574), (0.024392, 0.020631, -0.047899), (0.021236, 0.028274, -0.03144),
            (-0.018424, 0.050893, -0.047778), (0.016075, 0.031646, -0.029754), (0.017562, 0.030671, -0.030101),
            (0.024047, 0.014706, -0.047552), (-0.015939, 0.0509, -0.047719), (-0.017551, 0.05211, -0.046945),
            (-0.007922, 0.023345, -0.046517), (0.019679, 0.029257, -0.030288), (-0.015908, 0.039606, -0.04713),
            (0.025414, 0.016506, -0.047715), (0.025989, 0.013304, -0.04759), (-0.011465, 0.01729, -0.04637),
            (0.02673, 0.020626, -0.048844), (0.025316, 0.022058, -0.049303), (0.027788, 0.022407, -0.049936),
            (-0.014031, 0.041764, -0.047214), (0.025533, 0.018824, -0.047869), (-0.014029, 0.038368, -0.047085),
            (-0.012179, 0.040371, -0.047197), (-0.01163, 0.019692, -0.0464), (0.017013, 0.031071, -0.027422),
            (-0.012115, 0.038405, -0.047125), (0.018995, 0.029782, -0.028156), (0.027496, 0.01704, -0.04786),
            (0.027912, 0.015127, -0.047789), (0.028477, 0.012506, -0.047691), (-0.011629, 0.042493, -0.047339),
            (0.020492, 0.028754, -0.029121), (-0.009205, 0.012341, -0.046322), (0.029763, 0.016024, -0.047939),
            (0.028555, 0.018411, -0.048134), (0.030562, 0.017499, -0.04837), (0.022951, 0.02718, -0.032404),
            (-0.009338, 0.014838, -0.046321), (0.022682, 0.027377, -0.030469), (0.028341, 0.020331, -0.04955),
            (0.015171, 0.032061, -0.044981), (0.016936, 0.030706, -0.044096), (0.016031, 0.031739, -0.046484),
            (0.018335, 0.030686, -0.042008), (0.019378, 0.030059, -0.042767), (0.018391, 0.029715, -0.04365),
            (-0.009985, 0.036384, -0.047132), (0.016391, 0.03185, -0.04284), (0.021218, 0.028332, -0.028034),
            (0.023056, 0.027122, -0.02827), (0.024075, 0.026455, -0.030397), (0.021213, 0.027698, -0.043996),
            (0.024544, 0.026157, -0.028325), (-0.006401, 0.013103, -0.046298), (0.025713, 0.025411, -0.030483),
            (-0.00965, 0.019459, -0.046373), (-0.00861, 0.020596, -0.046432), (-0.013834, 0.05074, -0.047469),
            (-0.008638, 0.017622, -0.04634), (-0.012354, 0.050199, -0.047377), (0.027326, 0.024363, -0.03039),
            (-0.007096, 0.02162, -0.046458), (-0.006796, 0.019563, -0.046402), (0.027119, 0.024513, -0.028847),
            (0.028719, 0.023465, -0.029906), (0.030582, 0.022285, -0.030554), (0.030723, 0.022217, -0.03221),
            (0.026121, 0.02515, -0.027315), (-0.007544, 0.015376, -0.046307), (-0.005268, 0.014863, -0.0463),
            (0.027754, 0.024086, -0.027638), (0.029354, 0.023047, -0.028146), (-0.006206, 0.01791, -0.04636),
            (0.022575, 0.027423, -0.02674), (0.02013, 0.028882, -0.025514), (0.021828, 0.027845, -0.02565),
            (-0.004334, 0.018992, -0.046409), (-0.004136, 0.016337, -0.046319), (0.0246, 0.02602, -0.026359),
            (0.023673, 0.026533, -0.025321), (0.022408, 0.027557, -0.02363), (-0.010938, 0.031689, -0.046872),
            (-0.010376, 0.029956, -0.046783), (0.024414, 0.026217, -0.023234), (0.026052, 0.024973, -0.025278),
            (-0.008609, 0.033549, -0.047023), (0.026461, 0.024889, -0.023351), (-0.008836, 0.031152, -0.046899),
            (-0.008344, 0.028749, -0.046757), (0.028086, 0.023837, -0.026158), (0.027292, 0.024169, -0.025178),
            (-0.006856, 0.026639, -0.046679), (0.027932, 0.023948, -0.022758), (0.011513, 0.034757, -0.021454),
            (0.011594, 0.034661, -0.023169), (0.013292, 0.033499, -0.021864), (0.012888, 0.033821, -0.01987),
            (0.016972, 0.031065, -0.02158), (0.016351, 0.031455, -0.024056), (0.015308, 0.032158, -0.02206),
            (0.014365, 0.03283, -0.02102), (-0.006042, 0.030437, -0.04694), (0.015015, 0.032422, -0.019513),
            (0.016752, 0.031317, -0.019793), (0.018503, 0.030106, -0.020667), (0.009154, 0.036503, -0.015584),
            (0.010234, 0.035708, -0.016816), (0.008345, 0.036981, -0.017447), (-0.005987, 0.032671, -0.0471),
            (0.010677, 0.035367, -0.019045), (0.012698, 0.033986, -0.018071), (-0.003902, 0.027816, -0.046831),
            (-0.004517, 0.025753, -0.046679), (0.011697, 0.034726, -0.015477), (0.012186, 0.034401, -0.016692),
            (-0.003924, 0.029885, -0.046965), (-0.001883, 0.028051, -0.046912), (0.014485, 0.032863, -0.016605),
            (0.016073, 0.031772, -0.018388), (0.018098, 0.030454, -0.01811), (0.016197, 0.031744, -0.016825),
            (0.013022, 0.033863, -0.014521), (0.016243, 0.031692, -0.01414), (-0.00431, 0.021588, -0.046486),
            (0.017131, 0.031095, -0.015956), (0.019792, 0.029354, -0.018903), (0.020124, 0.029107, -0.017451),
            (0.018439, 0.030206, -0.016486), (-0.002106, 0.019179, -0.046434), (0.018446, 0.03023, -0.014897),
            (-0.002185, 0.015892, -0.046352), (-0.000436, 0.017179, -0.046414), (-0.002913, 0.022723, -0.046583),
            (0.020073, 0.029103, -0.014576), (-0.00094, 0.022962, -0.046628), (0.021303, 0.028278, -0.014626),
            (0.021096, 0.028417, -0.016675), (0.000504, 0.020335, -0.046549), (0.021226, 0.02834, -0.012578),
            (0.017732, 0.030589, -0.023107), (0.020756, 0.028651, -0.023791), (0.020605, 0.028796, -0.022284),
            (0.001933, 0.018103, -0.046508), (0.002545, 0.021358, -0.046682), (0.021922, 0.027874, -0.020692),
            (0.020194, 0.029092, -0.02039), (-0.005679, 0.02399, -0.046592), (0.021843, 0.027906, -0.018719),
            (0.023405, 0.026902, -0.020937), (0.026063, 0.025182, -0.02121), (0.025431, 0.025537, -0.019541),
            (-0.002781, 0.025676, -0.046739), (0.023698, 0.026671, -0.018156), (0.025397, 0.025572, -0.016664),
            (0.026441, 0.024829, -0.018061), (0.022259, 0.027622, -0.016446), (0.023445, 0.026828, -0.016143),
            (0.025021, 0.02581, -0.01473), (0.02365, 0.026707, -0.013932), (0.022653, 0.027393, -0.012804),
            (-0.005215, 0.011353, -0.046316), (-0.003437, 0.013388, -0.046294), (0.024296, 0.026299, -0.011634),
            (0.025259, 0.025665, -0.012678), (0.029746, 0.021114, -0.050014), (0.030153, 0.019113, -0.049556),
            (0.032148, 0.020192, -0.049657), (0.031898, 0.018174, -0.049661), (0.032725, 0.01689, -0.04914),
            (-0.00116, 0.012479, -0.046298), (-0.00134, 0.010715, -0.046293), (0.033745, 0.018592, -0.049881),
            (-0.000131, 0.014352, -0.04636), (0.03082, 0.021979, -0.04719), (0.032143, 0.020656, -0.047342),
            (0.030971, 0.021319, -0.049445), (0.03399, 0.020042, -0.048274), (0.033054, 0.020044, -0.04498),
            (0.035139, 0.019454, -0.046361), (0.001869, 0.013271, -0.046371), (0.031447, 0.021032, -0.045343),
            (0.00178, 0.015915, -0.046423), (0.033381, 0.020866, -0.042895), (0.031492, 0.021121, -0.043553),
            (0.031791, 0.021901, -0.042453), (0.00356, 0.01476, -0.046444), (0.031918, 0.021605, -0.040726),
            (0.02908, 0.023547, -0.041798), (0.027974, 0.024396, -0.04292), (0.030261, 0.022705, -0.040548),
            (0.003934, 0.010038, -0.046372), (0.033139, 0.020762, -0.039802), (0.031546, 0.021704, -0.036925),
            (0.003449, 0.018638, -0.046573), (-0.031687, 0.048858, -0.035287), (-0.029349, 0.050526, -0.035066),
            (-0.03114, 0.04935, -0.037231), (-0.030569, 0.049625, -0.033935), (-0.028445, 0.051034, -0.036702),
            (-0.02868, 0.050963, -0.038458), (-0.026925, 0.05177, -0.036077), (-0.025773, 0.052161, -0.039107),
            (-0.024514, 0.052578, -0.040722), (-0.021675, 0.053036, -0.042824), (-0.022266, 0.052949, -0.040731),
            (0.003046, 0.040494, -0.048751), (-0.004233, 0.045427, -0.038047), (-0.001887, 0.043724, -0.039173),
            (-0.003065, 0.044665, -0.039781), (-0.003037, 0.044529, -0.036506), (-0.001298, 0.043324, -0.03564),
            (-0.002164, 0.044187, -0.041643), (-0.031563, 0.048944, -0.032097), (-0.000917, 0.043054, -0.038052),
            (-0.000233, 0.042675, -0.039971), (-0.029267, 0.050552, -0.032853), (-0.030438, 0.04973, -0.030446),
            (0.00047, 0.042178, -0.037228), (0.001354, 0.04154, -0.038539), (0.001441, 0.04163, -0.040859),
            (-0.02503, 0.052376, -0.035775), (-0.026474, 0.051913, -0.034273), (0.004802, 0.039319, -0.048655),
            (0.002227, 0.04087, -0.036196), (0.006244, 0.038305, -0.048168), (-0.023919, 0.05271, -0.033952),
            (0.001162, 0.041703, -0.034852), (-0.019784, 0.053009, -0.041771), (-0.019394, 0.052986, -0.044675),
            (0.012834, 0.0341, -0.047547), (-0.017132, 0.052753, -0.042151), (-0.016842, 0.052636, -0.045095),
            (-0.015686, 0.052397, -0.043653), (0.014426, 0.033049, -0.048265), (0.013795, 0.033178, -0.046106),
            (-0.014177, 0.051962, -0.041901), (0.016226, 0.031679, -0.048683), (0.017637, 0.030823, -0.04792),
            (-0.001035, 0.043219, -0.033771), (-0.033058, 0.047663, -0.044286), (-0.000349, 0.043043, -0.047411),
            (0.000368, 0.042251, -0.044942), (-0.031663, 0.049, -0.042881), (-0.031403, 0.049176, -0.040831),
            (-0.030238, 0.049737, -0.045971), (0.00502, 0.039326, -0.046834), (0.000762, 0.042047, -0.02885),
            (-0.019703, 0.053112, -0.035636), (-0.002148, 0.043819, -0.044175), (0.000313, 0.042542, -0.043215),
            (-0.029822, 0.05026, -0.042566), (-0.000206, 0.042793, -0.041653), (-0.021452, 0.053088, -0.033189),
            (-0.019835, 0.053088, -0.033519), (0.009849, 0.035818, -0.037265), (-0.016569, 0.052674, -0.035511),
            (-0.014547, 0.052011, -0.032524), (-0.012087, 0.050844, -0.034437), (-0.012968, 0.051349, -0.032287),
            (-0.02945, 0.05035, -0.028949), (-0.028873, 0.050669, -0.026483), (-0.025509, 0.052193, -0.031956),
            (-0.02368, 0.052687, -0.031927), (-0.023039, 0.052881, -0.029876), (-0.029136, 0.050538, -0.022619),
            (0.002161, 0.040995, -0.025565), (-0.014512, 0.051919, -0.045672), (-0.02314, 0.052896, -0.021952),
            (-0.011432, 0.050479, -0.045816), (0.001254, 0.041803, -0.021164), (-0.013129, 0.051434, -0.044322),
            (-0.020624, 0.053158, -0.031243), (0.001099, 0.042014, -0.019356), (-0.000812, 0.043306, -0.018317),
            (-0.021285, 0.052956, -0.02933), (0.026144, 0.024845, -0.045093), (-0.018296, 0.052958, -0.032476),
            (-0.006445, 0.046903, -0.047758), (-0.004941, 0.045213, -0.04829), (-0.004476, 0.04519, -0.046018),
            (-0.016381, 0.052592, -0.031786), (-0.002341, 0.044213, -0.047112), (-0.014725, 0.052119, -0.029843),
            (0.002113, 0.041109, -0.022734), (0.003098, 0.040559, -0.021094), (0.002666, 0.040891, -0.018835),
            (-0.004357, 0.045525, -0.040025), (-0.030967, 0.049448, -0.039185), (-0.029153, 0.050659, -0.041221),
            (0.014841, 0.032327, -0.025709), (0.018032, 0.030245, -0.02588), (-0.007871, 0.047933, -0.039259),
            (-0.006057, 0.046745, -0.039971), (-0.007815, 0.04792, -0.037232), (-0.006133, 0.046752, -0.037259),
            (0.018992, 0.02979, -0.024024), (-0.007503, 0.047859, -0.035549), (0.011708, 0.03451, -0.024507),
            (0.013642, 0.033283, -0.024438), (0.026383, 0.024872, -0.049101), (0.027995, 0.02394, -0.049019),
            (0.029806, 0.022838, -0.048292), (0.035343, 0.019333, -0.048488), (0.028035, 0.0239, -0.046588),
            (0.029375, 0.022697, -0.044741), (0.027647, 0.02371, -0.044037), (0.029939, 0.022955, -0.043304),
            (0.039531, -0.016058, -0.023414), (0.038947, -0.01689, -0.026049), (0.040109, -0.015182, -0.025577),
            (0.027705, 0.005598, -0.047411), (0.02591, 0.006071, -0.047312), (0.026424, 0.008483, -0.04741),
            (0.040668, -0.01427, -0.02439), (0.004415, -0.010291, -0.047047), (0.028564, 0.007823, -0.047514),
            (0.035761, -0.021908, -0.007373), (0.036252, -0.021224, -0.008827), (0.03663, -0.0206, -0.006218),
            (0.037516, -0.019192, -0.008132), (0.037363, -0.019381, -0.010301), (0.029703, 0.006396, -0.047541),
            (0.006704, -0.011997, -0.0471), (0.007708, -0.014513, -0.047243), (0.04023, -0.015099, -0.021196),
            (0.039334, -0.016518, -0.020823), (0.037982, -0.018363, -0.012037), (0.037129, -0.019776, -0.012584),
            (0.037815, -0.018706, -0.01404), (0.00891, -0.01207, -0.04706), (0.0294, 0.009802, -0.047629),
            (0.040924, -0.013998, -0.022671), (0.031584, 0.007171, -0.047678), (0.041187, -0.013606, -0.020875),
            (0.030483, 0.004521, -0.047558), (0.010313, -0.021089, -0.048366), (0.041453, -0.012962, -0.026629),
            (0.041795, -0.012537, -0.025213), (0.012334, -0.023882, -0.048315), (0.038899, -0.017117, -0.013489),
            (0.039189, -0.016574, -0.011797), (0.039753, -0.015768, -0.014592), (0.013909, -0.022918, -0.04811),
            (0.012704, -0.022181, -0.047993), (0.031495, 0.012222, -0.047824), (0.04293, -0.010694, -0.025209),
            (0.042822, -0.010859, -0.026848), (0.038659, -0.017375, -0.009412), (0.03202, 0.009891, -0.047779),
            (0.008243, -0.016508, -0.047337), (0.007935, -0.018516, -0.047819), (0.008639, -0.019068, -0.047875),
            (0.042569, -0.011447, -0.0234), (0.009541, -0.01994, -0.048099), (0.042169, -0.012144, -0.02193),
            (0.009243, -0.01774, -0.047454), (0.033497, 0.007269, -0.047809), (0.010587, -0.018865, -0.047512),
            (0.044037, -0.008956, -0.026337), (0.04398, -0.009182, -0.023665), (0.039615, -0.015921, -0.010524),
            (0.040194, -0.015207, -0.019084), (0.032924, 0.004942, -0.04772), (0.035401, -0.022468, -0.005795),
            (0.036179, -0.02129, -0.003964), (0.035112, -0.022803, -0.004061), (0.040856, -0.014105, -0.017392),
            (0.041581, -0.013052, -0.01881), (0.01029, -0.014009, -0.047152), (0.01108, -0.015735, -0.047257),
            (0.034038, 0.012126, -0.047934), (0.041885, -0.012533, -0.015832), (0.042702, -0.011285, -0.017946),
            (0.037275, -0.019534, -0.005372), (0.042636, -0.011393, -0.019792), (0.035119, 0.010479, -0.047943),
            (0.012747, -0.016246, -0.047297), (0.01298, -0.018153, -0.047454), (0.010953, -0.020935, -0.048016),
            (0.043471, -0.010103, -0.021081), (0.036006, -0.021574, -0.002262), (0.034948, -0.023074, -0.002762),
            (0.035532, 0.00803, -0.047943), (0.044638, -0.008184, -0.021915), (0.035411, -0.022442, -0.00101),
            (0.035343, 0.005436, -0.0479), (0.012219, -0.021238, -0.047849), (0.036992, -0.020002, -0.002589),
            (0.01248, -0.019636, -0.047574), (0.038446, -0.017776, -0.005745), (0.037898, -0.01856, -0.003711),
            (0.03106, 2.8e-05, -0.047558), (0.033244, -0.000156, -0.04771), (0.031838, -0.00185, -0.047619),
            (0.044191, -0.009019, -0.019335), (0.014582, -0.019709, -0.047631), (0.016453, -0.022461, -0.048001),
            (0.038254, -0.018069, -0.007399), (0.044107, -0.009149, -0.017738), (0.012049, -0.011711, -0.04701),
            (0.047204, -0.00042, -0.031202), (0.046331, -0.004146, -0.031574), (0.046609, -0.003232, -0.03317),
            (0.039357, -0.016345, -0.00731), (0.034226, -0.003763, -0.04779), (0.031393, -0.003478, -0.047569),
            (0.047447, 0.001661, -0.024897), (0.047187, -0.001164, -0.025142), (0.047433, 0.001225, -0.027076),
            (0.013516, -0.013274, -0.047105), (0.034359, -0.001938, -0.047795), (0.047402, 0.003315, -0.023068),
            (0.047416, 0.000361, -0.022867), (0.040055, -0.015389, -0.009104), (0.044873, -0.007559, -0.027437),
            (0.04343, -0.009849, -0.02843), (0.044332, -0.008369, -0.029662), (0.033655, -0.006262, -0.047748),
            (0.032409, -0.005701, -0.047639), (0.044885, -0.007616, -0.02561), (0.045051, -0.007161, -0.030107),
            (0.01476, -0.016744, -0.047346), (0.045794, -0.005771, -0.028282), (0.036107, -0.005658, -0.047958),
            (0.03484, -0.007644, -0.04785), (0.040339, -0.014801, -0.00692), (0.039595, -0.016007, -0.00549),
            (0.045533, -0.006423, -0.023667), (0.045825, -0.005794, -0.025455), (0.037172, -0.004273, -0.048052),
            (0.035965, -0.000137, -0.047938), (0.044883, -0.007679, -0.023969), (0.016681, -0.01982, -0.047685),
            (0.036842, -0.001942, -0.048004), (0.040948, -0.01396, -0.004837), (0.046888, -0.002346, -0.027155),
            (0.046401, -0.004139, -0.024263), (0.046305, -0.004415, -0.027068), (0.018875, -0.019939, -0.047698),
            (0.017084, -0.016894, -0.047392), (0.039048, -0.003006, -0.048136), (0.039107, -0.016713, -0.003826),
            (0.016801, -0.014277, -0.047204), (0.038385, 0.001307, -0.048081), (0.030465, -0.026659, 0.000231),
            (0.045054, -0.007643, -0.020321), (0.031274, -0.026096, 0.002963), (0.046856, -0.002706, -0.022126),
            (0.039781, -0.001334, -0.048162), (0.018657, -0.014998, -0.047271), (0.032467, -0.02523, 0.001392),
            (0.032855, -0.02497, -0.000261), (0.019695, -0.010916, -0.047078), (0.047237, -0.001017, -0.020677),
            (0.041111, -0.000102, -0.048212), (0.046016, -0.005514, -0.021143), (0.034328, -0.023679, -9.4e-05),
            (0.033611, -0.024314, -0.002136), (0.020502, -0.016791, -0.047395), (0.040927, -0.001914, -0.048216),
            (0.034482, -0.023595, 0.002529), (0.021161, -0.013304, -0.047197), (0.035804, -0.021875, 0.000556),
            (0.031461, 0.002906, -0.047607), (0.029929, 0.002071, -0.047488), (0.023099, -0.01493, -0.047285),
            (0.032168, 0.021271, -0.031225), (0.022479, -0.017337, -0.047435), (0.030617, 0.022218, -0.028544),
            (0.023785, -0.01339, -0.047229), (0.032014, 0.021325, -0.029104), (0.03551, -0.022311, 0.002006),
            (0.03311, 0.020656, -0.030047), (0.033755, 0.001909, -0.04776), (0.034183, 0.019928, -0.028464),
            (0.034502, 0.019741, -0.029885), (0.032733, 0.020885, -0.027266), (0.036628, -0.02059, 0.002752),
            (0.035582, -0.02223, 0.004236), (0.036761, -0.02044, 0.004277), (0.03005, 0.022563, -0.026325),
            (0.004774, -0.006363, -0.046794), (0.030925, -0.026247, 0.005597), (0.031142, 0.021787, -0.025563),
            (0.032143, -0.025415, 0.005035), (0.006478, -0.008403, -0.046895), (0.033366, -0.024609, 0.003572),
            (0.034785, 0.019519, -0.026755), (0.032615, 0.020763, -0.025099), (0.035592, 0.0028, -0.047898),
            (0.033968, 0.019927, -0.024722), (0.035913, 0.018737, -0.025581), (0.029234, 0.022962, -0.024899),
            (0.007577, -0.010251, -0.046987), (0.038281, 0.004683, -0.048066), (0.030933, 0.021902, -0.024),
            (0.00735, -0.004325, -0.046676), (0.007776, -0.006731, -0.046786), (0.032407, -0.025359, 0.008576),
            (0.029508, 0.02286, -0.022521), (0.037699, 0.006276, -0.048051), (0.033748, -0.024237, 0.005348),
            (0.028913, 0.02324, -0.020503), (0.030871, 0.02199, -0.022408), (0.039721, 0.005152, -0.048131),
            (0.033825, -0.02419, 0.007268), (0.030396, 0.022311, -0.020235), (0.038199, 0.00784, -0.048052),
            (0.010605, -0.006569, -0.046777), (0.033212, 0.020504, -0.02326), (0.032257, -0.025467, 0.010634),
            (0.009405, -0.008795, -0.046872), (0.03547, 0.019093, -0.022505), (0.036875, 0.018154, -0.024465),
            (0.036696, 0.018331, -0.022766), (0.034294, -0.023748, 0.009048), (0.03202, 0.021269, -0.021056),
            (0.011459, -0.010166, -0.046946), (0.040218, 0.002014, -0.048169), (0.033966, 0.02008, -0.020913),
            (0.035117, -0.022844, 0.006669), (0.012793, -0.005313, -0.046788), (0.035624, 0.01908, -0.019712),
            (0.014185, -0.008415, -0.046895), (0.039073, 0.016871, -0.022051), (0.038587, 0.017105, -0.023401),
            (0.037701, 0.017764, -0.020827), (0.036096, -0.021461, 0.006396), (0.037125, -0.019869, 0.006266),
            (0.02863, -0.013801, -0.047408), (0.030471, -0.010778, -0.047477), (0.030636, -0.01492, -0.047574),
            (0.029028, -0.016485, -0.047471), (0.037538, 0.017867, -0.019135), (0.039702, 0.016416, -0.01965),
            (0.032531, -0.012833, -0.047668), (0.015614, -0.011091, -0.047018), (0.039554, 0.01649, -0.018053),
            (0.032141, -0.015024, -0.04772), (0.027666, 0.024075, -0.020312), (0.011202, -0.003056, -0.046672),
            (0.036082, -0.021535, 0.008555), (0.032563, -0.01863, -0.047929), (0.030738, -0.018242, -0.047706),
            (0.031378, -0.016791, -0.0477), (0.013258, -0.001606, -0.04668), (0.02741, 0.024246, -0.017399),
            (0.034237, -0.020473, -0.048348), (0.031125, -0.020158, -0.047832), (0.029623, 0.022778, -0.018122),
            (0.035138, -0.019431, -0.048587), (0.034639, -0.01763, -0.048587), (0.037052, -0.019951, -0.001072),
            (0.033606, -0.016412, -0.048041), (0.028936, 0.023283, -0.016519), (0.030541, 0.022287, -0.016094),
            (0.031165, 0.021836, -0.018304), (0.036395, -0.018632, -0.048698), (0.015029, -0.004216, -0.046767),
            (0.015305, -0.006553, -0.046855), (0.030067, -0.01731, -0.047607), (0.03294, 0.020716, -0.018783),
            (0.015625, -0.002397, -0.046766), (0.038699, -0.017383, -0.001312), (0.01736, -0.005948, -0.046888),
            (0.016209, -0.000912, -0.046764), (0.034412, -0.014155, -0.048061), (0.037404, -0.019371, 0.000605),
            (0.03454, 0.019783, -0.017659), (0.01784, -0.002714, -0.046845), (0.037648, -0.019006, 0.002117),
            (0.031929, 0.021394, -0.01699), (0.018389, -0.004228, -0.046872), (0.0195, -0.005426, -0.046934),
            (0.033269, 0.020579, -0.016259), (0.038587, -0.017516, 0.001563), (0.03386, -0.012378, -0.047814),
            (0.034913, -0.011778, -0.047885), (0.01996, -0.00259, -0.046949), (0.026942, 0.024575, -0.014677),
            (0.021471, -0.004058, -0.047007), (0.040382, -0.014801, -0.003787), (0.035646, -0.015576, -0.049278),
            (0.037068, -0.016856, -0.049415), (0.028511, 0.023579, -0.014652), (0.036578, -0.014627, -0.049623),
            (0.038014, -0.013133, -0.049614), (0.038453, -0.01486, -0.049263), (0.039965, -0.01544, -0.001985),
            (0.036531, -0.012115, -0.048668), (0.026984, 0.024559, -0.011622), (0.027996, 0.023916, -0.013086),
            (0.02834, 0.023716, -0.011428), (0.029828, 0.022757, -0.013733), (0.039724, -0.015805, 0.000367),
            (0.016512, 0.001504, -0.046781), (0.01758, 0.003195, -0.046827), (0.032007, 0.021374, -0.014552),
            (0.040881, -0.01403, -0.000462), (0.03201, 0.021393, -0.011885), (0.019116, -0.000376, -0.046907),
            (0.041024, -0.013787, -0.001936), (0.029867, 0.022735, -0.011876), (0.041874, -0.0125, -0.002538),
            (0.036841, -0.010675, -0.048395), (0.038022, -0.01137, -0.049368), (0.039698, -0.014089, -0.04614),
            (0.039192, -0.015449, -0.047313), (0.040338, -0.01342, -0.047855), (0.030512, 0.022328, -0.010455),
            (0.033484, -0.021522, -0.048149), (0.017292, -0.009184, -0.04697), (0.033789, 0.020266, -0.014395),
            (0.035214, -0.021862, -0.047033), (0.033912, -0.023146, -0.047189), (0.038126, -0.018326, 0.003861),
            (0.034124, 0.020069, -0.01267), (0.036597, 0.018457, -0.01711), (0.036468, -0.020082, -0.047069),
            (0.038109, 0.017487, -0.017587), (0.039372, -0.016363, 0.00324), (0.020047, -0.007581, -0.046984),
            (0.038336, -0.017998, 0.005679), (0.035092, -0.022202, -0.044648), (0.036629, -0.020068, -0.045926),
            (0.039234, 0.016742, -0.015864), (0.035756, 0.019019, -0.014795), (0.038882, -0.017173, 0.006969),
            (0.035608, -0.021612, -0.043123), (0.034108, -0.023473, -0.043839), (0.036812, -0.019679, -0.043835),
            (0.021973, -0.009499, -0.047081), (0.037718, -0.01829, -0.044851), (0.037992, -0.018053, -0.046491),
            (0.037989, 0.017593, -0.015395), (0.023229, -0.007888, -0.047108), (0.037058, 0.018189, -0.013191),
            (0.04009, -0.015282, 0.005396), (0.039189, 0.016767, -0.013676), (0.040398, 0.015917, -0.016692),
            (0.04024, -0.015018, 0.002374), (0.038712, -0.01674, -0.045128), (0.040795, 0.015632, -0.015043),
            (0.022658, -0.005389, -0.047087), (0.040119, -0.008165, -0.049418), (0.039558, -0.010466, -0.049815),
            (0.03826, -0.009832, -0.048945), (0.041223, -0.013498, 0.001344), (0.041983, 0.014561, -0.016573),
            (0.042303, 0.014327, -0.014634), (0.041267, 0.015297, -0.013206), (0.040011, -0.01214, -0.049707),
            (0.023544, -0.010701, -0.04714), (0.041398, -0.013291, 0.00308), (0.043066, 0.013628, -0.012835),
            (0.042286, 0.014328, -0.01147), (0.04234, -0.011831, -0.00026), (0.025429, -0.012539, -0.047234),
            (0.033658, 0.020316, -0.009736), (0.024787, -0.007814, -0.047188), (0.025398, -0.010577, -0.047214),
            (0.035376, 0.019237, -0.011222), (0.040772, -0.014254, 0.004196), (0.04175, -0.009754, -0.049964),
            (0.027614, -0.011914, -0.047337), (0.014832, -0.026403, -0.04801), (0.013615, -0.024546, -0.048298),
            (0.042245, -0.011979, 0.002698), (0.042428, -0.010287, -0.049205), (0.035619, 0.019012, -0.008947),
            (0.041882, -0.012536, 0.005424), (0.037363, 0.017936, -0.01022), (0.038186, 0.017431, -0.011851),
            (0.041147, -0.007354, -0.049755), (0.014976, -0.023854, -0.048216), (0.015871, -0.024793, -0.048277),
            (0.043642, -0.008058, -0.049543), (0.017421, -0.023341, -0.048133), (0.04207, -0.006652, -0.049966),
            (0.040374, 0.015952, -0.011509), (0.016782, -0.02801, -0.047108), (0.016184, -0.025725, -0.048208),
            (0.01758, -0.024948, -0.048309), (0.017063, -0.026007, -0.048219), (0.039043, 0.016836, -0.009709),
            (0.018446, -0.026634, -0.048211), (0.040928, -0.013967, -0.015437), (0.041213, -0.013542, -0.014016),
            (0.018525, -0.027902, -0.047707), (0.04054, -0.014588, -0.012644), (0.027404, -0.009793, -0.047307),
            (0.019611, -0.026079, -0.048391), (0.019913, -0.023465, -0.048175), (0.032439, -0.008535, -0.047631),
            (0.032617, -0.010975, -0.047636), (0.040194, 0.016047, -0.008529), (0.04254, -0.011486, -0.013741),
            (0.04159, 0.015025, -0.00975), (0.019863, -0.027384, -0.047984), (0.043165, -0.010541, -0.016182),
            (0.020765, -0.025173, -0.048368), (0.020652, -0.027883, -0.047748), (0.021771, -0.026869, -0.048242),
            (0.035014, -0.009576, -0.04786), (0.019995, -0.028589, -0.046706), (0.021803, -0.027802, -0.047736),
            (0.041966, -0.012439, -0.011701), (0.040868, -0.014176, -0.010834), (0.023135, -0.027701, -0.047717),
            (0.043798, -0.00958, -0.014583), (0.022725, -0.025687, -0.048374), (0.021873, -0.023609, -0.048191),
            (0.044768, -0.008028, -0.016229), (0.023301, -0.024759, -0.048345), (0.022704, -0.026701, -0.048294),
            (0.04454, -0.008548, -0.013252), (0.04333, -0.010355, -0.012862), (0.024139, -0.026711, -0.048247),
            (0.044803, -0.008043, -0.014648), (0.015656, -0.028024, -0.044167), (0.016483, -0.028297, -0.0426),
            (0.018147, -0.028611, -0.045133), (0.047401, 0.003937, -0.020571), (0.047446, 0.001784, -0.02105),
            (0.019985, -0.028847, -0.044427), (0.018688, -0.028774, -0.042011), (0.047107, 0.006443, -0.016846),
            (0.047364, 0.004557, -0.018852), (0.047161, 0.00618, -0.018997), (0.035836, -0.010217, -0.047994),
            (0.047425, 0.004314, -0.017117), (0.047347, 0.005165, -0.016015), (0.036404, -0.009179, -0.048024),
            (0.047181, 0.005908, -0.015015), (0.040979, -0.013941, -0.008702), (0.046534, 0.007922, -0.014897),
            (0.04693, 0.0068, -0.013774), (0.046926, -0.002599, -0.018724), (0.046115, -0.005148, -0.019239),
            (0.04599, -0.005559, -0.017234), (0.047103, -0.002053, -0.016202), (0.042061, -0.012254, -0.008926),
            (0.042993, -0.010781, -0.010557), (0.035599, -0.021617, -0.041155), (0.021894, -0.020473, -0.04774),
            (0.025017, -0.02819, -0.046682), (0.047379, -0.000115, -0.019588), (0.018441, -0.028745, -0.039953),
            (0.020122, -0.028838, -0.040096), (0.038215, -0.017564, -0.043462), (0.037404, -0.018883, -0.042003),
            (0.021996, -0.028846, -0.044712), (0.024506, -0.02851, -0.0445), (0.021867, -0.028889, -0.043427),
            (0.041479, -0.013286, -0.00617), (0.02344, -0.02884, -0.042999), (0.02665, -0.027869, -0.045869),
            (0.042317, -0.011778, -0.007135), (0.026407, -0.028327, -0.042695), (0.047428, 0.00017, -0.016503),
            (0.022215, -0.028956, -0.041323), (0.024079, -0.02878, -0.04124), (0.022422, -0.028974, -0.040652),
            (0.047481, 0.001218, -0.018434), (0.022306, -0.028983, -0.039827), (0.036375, -0.020472, -0.040297),
            (0.047432, 0.002736, -0.018712), (0.043594, -0.009893, -0.009554), (0.03769, -0.018425, -0.039235),
            (0.026029, -0.028417, -0.041119), (0.0436, -0.009895, -0.007066), (0.036861, -0.019712, -0.038862),
            (0.023966, -0.02269, -0.04803), (0.024715, -0.024285, -0.048282), (0.024085, -0.024894, -0.04835),
            (0.038754, -0.016778, -0.041526), (0.047225, -0.001504, -0.013297), (0.046519, -0.004154, -0.015144),
            (0.025244, -0.023319, -0.048142), (0.044185, -0.009017, -0.011706), (0.046585, -0.004105, -0.012866),
            (0.026617, -0.025468, -0.048323), (0.026565, -0.027022, -0.047787), (0.035665, -0.021596, -0.038484),
            (0.047048, -0.002512, -0.011249), (0.047568, 0.000916, -0.012198), (0.047456, -0.000604, -0.010023),
            (0.026627, -0.024035, -0.048246), (0.044757, -0.008153, -0.009758), (0.039373, -0.015288, -0.043329),
            (0.026702, -0.022604, -0.048023), (0.028581, -0.023742, -0.048217), (0.0475, 0.001669, -0.014235),
            (0.047501, 0.002784, -0.015882), (0.047418, -0.000276, -0.014467), (0.044833, -0.008079, -0.007402),
            (0.04753, 0.003562, -0.012878), (0.047442, 0.004019, -0.014545), (0.042796, -0.01114, -0.005387),
            (0.041999, -0.01222, -0.004419), (0.02376, -0.018941, -0.047578), (0.025505, -0.020765, -0.047758),
            (0.025858, -0.01868, -0.047536), (0.04056, -0.013984, -0.041231), (0.040201, -0.013876, -0.043435),
            (0.039709, -0.015252, -0.040885), (0.041115, -0.012831, -0.043589), (0.041364, -0.012708, -0.041626),
            (0.046599, 0.007821, -0.012492), (0.042924, -0.010903, -0.003198), (0.047281, 0.005583, -0.012525),
            (0.024662, -0.016927, -0.047399), (0.044048, -0.009163, -0.004948), (0.043844, -0.009509, -0.003416),
            (0.047329, 0.005357, -0.010873), (0.046667, 0.007642, -0.010124), (0.038627, -0.016955, -0.039494),
            (0.046166, 0.008893, -0.011573), (0.03846, -0.017243, -0.037919), (0.027214, -0.021541, -0.047881),
            (0.043465, -0.010095, -0.001234), (0.038775, -0.016798, -0.035466), (0.037648, -0.018553, -0.036413),
            (0.042958, 0.013728, -0.009297), (0.039512, -0.015643, -0.036844), (0.026063, -0.015097, -0.047326),
            (0.044456, 0.011828, -0.010624), (0.036286, -0.020662, -0.036737), (0.04466, 0.01155, -0.008564),
            (0.027334, -0.016272, -0.047395), (0.041354, 0.015245, -0.00751), (0.036794, -0.01994, -0.035395),
            (0.027639, -0.018698, -0.047568), (0.043116, 0.013546, -0.007726), (0.044833, -0.008136, -0.006087),
            (0.043971, 0.01248, -0.00685), (0.035607, -0.021722, -0.034498), (0.04686, 0.007117, -0.008007),
            (0.046153, 0.008837, -0.008647), (0.04513, -0.007586, -0.004553), (0.036563, -0.020346, -0.033107),
            (0.037595, -0.018798, -0.034066), (0.046926, -0.003245, -0.007802), (0.046364, -0.004855, -0.009835),
            (0.044635, -0.008347, -0.002109), (0.02718, -0.020603, -0.047746), (0.029284, -0.021451, -0.047886),
            (0.043028, -0.010753, 0.001484), (0.028034, -0.019656, -0.047643), (0.047477, -0.000442, -0.007306),
            (0.043787, -0.00958, 0.001468), (0.047598, 0.000797, -0.008738), (0.031368, -0.022585, -0.048074),
            (0.044812, -0.008024, -0.000432), (0.040028, -0.014762, -0.038676), (0.0476, 0.002052, -0.007541),
            (0.029236, -0.019078, -0.047635), (0.029086, -0.018265, -0.047575), (0.047171, -0.002195, -0.006405),
            (0.047527, -0.000379, -0.005578), (0.047582, 0.002397, -0.010809), (0.044468, -0.008532, 0.003112),
            (0.045197, -0.007267, 0.001641), (0.041501, -0.012479, -0.039274), (0.047496, 0.004219, -0.008995),
            (0.028544, -0.025804, -0.04799), (0.028732, -0.026954, -0.046455), (0.047558, 0.002669, -0.009324),
            (0.030155, -0.025564, -0.047734), (0.043315, -0.010333, 0.003419), (0.047231, 0.005909, -0.00863),
            (0.031957, -0.02425, -0.047674), (0.040678, -0.013819, -0.036375), (0.031395, -0.025786, -0.046015),
            (0.030061, -0.026582, -0.04432), (0.027696, -0.027628, -0.044191), (0.041895, -0.011954, -0.037258),
            (0.029546, -0.027023, -0.041961), (0.034403, 0.015898, -0.049253), (0.032141, 0.015888, -0.048124),
            (0.033254, 0.014374, -0.047995), (0.047679, 0.001746, -0.005449), (0.036806, -0.008355, -0.048049),
            (0.037382, -0.007345, -0.04807), (0.04768, 0.000984, -0.002979), (0.047233, -0.002126, -0.004417),
            (0.047485, -0.000753, -0.002962), (0.038239, -0.006735, -0.04814), (0.035129, 0.014104, -0.048143),
            (0.047214, -0.002402, -0.001609), (0.047477, -0.00102, 0.000553), (0.047674, 0.000367, -0.000354),
            (0.038444, -0.007889, -0.048265), (0.037384, -0.00798, -0.048105), (0.047659, 0.002407, -0.003233),
            (0.032759, -0.024747, -0.04504), (0.033774, -0.023869, -0.042259), (0.032416, -0.025117, -0.042552),
            (0.047487, 0.004856, -0.007063), (0.038808, -0.005943, -0.048156), (0.035964, 0.017899, -0.049787),
            (0.035912, 0.015994, -0.049707), (0.047572, 0.003134, -0.005999), (0.022794, -0.028997, -0.036941),
            (0.022577, -0.028999, -0.038387), (0.023347, -0.028923, -0.037632), (0.039586, -0.00472, -0.0482),
            (0.03977, -0.005538, -0.048308), (0.03671, 0.014349, -0.049198), (0.02095, -0.029006, -0.035681),
            (0.022719, -0.02901, -0.035501), (0.023931, -0.02888, -0.035311), (0.036734, 0.012688, -0.048052),
            (0.046682, 0.007647, -0.005534), (0.047395, 0.005258, -0.005365), (0.024529, -0.028735, -0.03943),
            (0.022708, -0.028976, -0.039105), (0.04726, 0.005932, -0.004278), (0.046726, 0.007684, -0.003784),
            (0.047574, 0.004148, -0.002963), (0.025612, -0.028539, -0.038324), (0.037234, 0.01813, -0.048728),
            (0.038607, 0.01557, -0.049901), (0.027998, -0.027749, -0.040573), (0.027437, -0.027966, -0.03734),
            (0.029022, -0.027271, -0.039065), (0.037682, 0.017874, -0.045962), (0.03914, 0.017007, -0.048458),
            (0.04276, -0.010372, -0.045836), (0.042014, -0.011607, -0.044077), (0.042202, -0.011521, -0.047687),
            (0.025766, -0.028536, -0.036246), (0.040222, 0.016324, -0.045841), (0.041173, 0.015568, -0.04803),
            (0.025595, -0.028644, -0.033142), (0.029778, -0.027033, -0.022539), (0.027661, -0.027981, -0.023931),
            (0.030538, -0.026562, -0.024645), (0.028976, -0.027408, -0.026017), (0.043424, -0.009344, -0.044612),
            (0.044103, -0.008263, -0.046451), (0.042865, -0.010327, -0.043171), (0.040224, 0.016351, -0.043569),
            (0.043796, -0.008881, -0.042241), (0.04053, -0.004477, -0.048339), (0.027573, -0.027932, -0.034433),
            (0.030895, -0.026399, -0.020387), (0.032857, -0.024929, -0.022392), (0.030853, -0.026324, -0.028359),
            (0.03234, -0.025231, -0.027536), (0.031159, -0.026103, -0.026413), (0.022335, -0.029082, -0.033966),
            (0.032091, -0.025496, -0.023896), (0.032709, -0.024998, -0.025487), (0.042586, 0.014211, -0.04627),
            (0.022477, -0.029101, -0.032377), (0.023418, -0.028971, -0.03332), (0.033895, -0.02393, -0.026189),
            (0.035372, -0.022205, -0.026065), (0.033988, -0.023865, -0.024705), (0.041788, 0.014961, -0.044203),
            (0.024301, -0.02884, -0.031419), (0.034324, -0.023496, -0.022473), (0.022874, -0.029059, -0.029957),
            (0.020759, -0.028973, -0.03132), (0.022633, -0.029076, -0.031045), (0.034728, 0.019714, -0.043547),
            (0.035018, -0.022574, -0.024265), (0.041659, -0.004356, -0.049016), (0.024633, -0.028805, -0.028901),
            (0.036592, -0.02053, -0.025614), (0.036512, -0.020627, -0.023927), (0.036128, 0.019035, -0.042541),
            (0.03645, 0.018548, -0.044222), (0.042919, -0.005854, -0.050046), (0.043491, -0.004132, -0.049985),
            (0.044864, -0.00507, -0.049898), (0.023383, -0.029079, -0.019569), (0.02463, -0.028948, -0.01867),
            (0.026013, -0.028649, -0.017572), (0.026214, -0.028487, -0.030804), (0.034174, 0.020187, -0.041386),
            (0.041986, -0.003069, -0.048883), (0.043372, -0.002338, -0.049601), (0.027366, -0.028097, -0.01963),
            (0.028981, -0.027563, -0.017906), (0.027053, -0.028276, -0.015883), (0.030895, -0.026261, -0.04074),
            (0.030907, -0.026249, -0.038312), (0.04087, -0.003284, -0.048311), (0.02762, -0.028119, -0.01363),
            (0.029107, -0.027447, -0.014888), (0.030015, -0.02678, -0.036943), (0.031561, -0.025913, -0.018309),
            (0.030665, -0.026522, -0.01621), (0.029741, -0.026969, -0.034786), (0.038153, 0.017628, -0.041883),
            (0.038088, 0.017658, -0.043862), (0.033252, -0.024591, -0.018814), (0.033059, -0.024558, -0.040556),
            (0.04216, -0.002251, -0.04881), (0.042513, -0.001493, -0.0489), (0.034117, -0.023558, -0.039644),
            (0.039721, 0.016618, -0.041616), (0.042931, -0.00052, -0.049031), (0.033051, -0.024768, -0.016146),
            (0.03151, -0.025969, -0.014672), (0.032566, -0.02503, -0.03893), (0.03374, -0.023992, -0.03728),
            (0.03225, -0.025298, -0.036412), (0.025953, -0.028652, -0.014286), (0.041431, 0.015393, -0.041593),
            (0.042602, 0.01424, -0.042416), (0.043649, -0.009, -0.048013), (0.026735, -0.028373, -0.012389),
            (0.034747, -0.022758, -0.037458), (0.028008, -0.028004, -0.011266), (0.026707, -0.028396, -0.010776),
            (0.027585, -0.028153, -0.008812), (0.032401, -0.025198, -0.033929), (0.040627, 0.015963, -0.040018),
            (0.030787, -0.02636, -0.032484), (0.045583, -0.005453, -0.046453), (0.045002, -0.006418, -0.048133),
            (0.045886, -0.004336, -0.048205), (0.034163, -0.023463, -0.035372), (0.029996, -0.026929, -0.013028),
            (0.040057, 0.016353, -0.03833), (0.038561, 0.017285, -0.039336), (0.045342, -0.005916, -0.045211),
            (0.032146, -0.025525, -0.013028), (0.041932, 0.014867, -0.037972), (0.044432, -0.007654, -0.044286),
            (0.033574, -0.024268, -0.013878), (0.045026, 0.01063, -0.046643), (0.043612, 0.012948, -0.044863),
            (0.045331, 0.010292, -0.042774), (0.044206, 0.012225, -0.042659), (0.030162, -0.026811, -0.011372),
            (0.034436, -0.023202, -0.033354), (0.032423, -0.025358, -0.010179), (0.031381, -0.026108, -0.009355),
            (0.046474, 0.007414, -0.043824), (0.047018, 0.004877, -0.04409), (0.046765, 0.006211, -0.045125),
            (0.03301, -0.024792, -0.0115), (0.032805, -0.024976, -0.02086), (0.034283, -0.023511, -0.020142),
            (0.046401, 0.007765, -0.041933), (0.045795, 0.009066, -0.044356), (0.045251, -0.006341, -0.043191),
            (0.021434, -0.002132, -0.047015), (0.024202, -0.00368, -0.047134), (0.022613, -0.000915, -0.047057),
            (0.035788, -0.021742, -0.020938), (0.035769, -0.02174, -0.022623), (0.046071, -0.004141, -0.044785),
            (0.046408, 0.00775, -0.040387), (0.046916, 0.006071, -0.04023), (0.019033, 0.001429, -0.046886),
            (0.034782, -0.023013, -0.017857), (0.034322, -0.023529, -0.015847), (0.020946, 0.003353, -0.04699),
            (0.045824, -0.005165, -0.041955), (0.036011, -0.021497, -0.019312), (0.044919, -0.007121, -0.040553),
            (0.036427, -0.020862, -0.017859), (0.042488, 0.014288, -0.039598), (0.043291, 0.013436, -0.04093),
            (0.037149, -0.019731, -0.022582), (0.037222, -0.019649, -0.020959), (0.037554, -0.01903, -0.024432),
            (0.038316, -0.017874, -0.024444), (0.045971, -0.004878, -0.040309), (0.038521, -0.017655, -0.022385),
            (0.044359, 0.012025, -0.039635), (0.046671, -0.002587, -0.042159), (0.037597, -0.019095, -0.018823),
            (0.02158, 0.000904, -0.047006), (0.043483, 0.013223, -0.037441), (0.038333, -0.017951, -0.020634),
            (0.0465, 0.007292, -0.038836), (0.042347, -0.011162, -0.041483), (0.045873, 0.009221, -0.039966),
            (0.023655, 0.003516, -0.047141), (0.039024, -0.016952, -0.018811), (0.046167, 0.008429, -0.037486),
            (0.024978, 0.001104, -0.047183), (0.044909, 0.011122, -0.037885), (0.025198, -0.001538, -0.047193),
            (0.046494, 0.007613, -0.036389), (0.035099, -0.022768, -0.013086), (0.035586, -0.02206, -0.015886),
            (0.042526, -0.010879, -0.039412), (0.023107, 0.00798, -0.047193), (0.023172, 0.005967, -0.047152),
            (0.03686, -0.020203, -0.015958), (0.036245, -0.02117, -0.013966), (0.033965, 0.020171, -0.037623),
            (0.035204, 0.0194, -0.039115), (0.043532, -0.009309, -0.040334), (0.035415, 0.019181, -0.040392),
            (0.042682, -0.010695, -0.038102), (0.036546, 0.018539, -0.038748), (0.036873, 0.018435, -0.040904),
            (0.038799, -0.017297, -0.017119), (0.038262, -0.018041, -0.015624), (0.027405, 0.003197, -0.047354),
            (0.044154, -0.008392, -0.03842), (0.032571, 0.021044, -0.035271), (0.034265, 0.019957, -0.035857),
            (0.027623, 0.001148, -0.047345), (0.036104, 0.018807, -0.036306), (0.036034, 0.018808, -0.034242),
            (0.03672, 0.009629, -0.04799), (0.039996, -0.015458, -0.016897), (0.037956, 0.017606, -0.036906),
            (0.026376, -0.006999, -0.047249), (0.038456, 0.01353, -0.049219), (0.039616, 0.011993, -0.049155),
            (0.038624, 0.011192, -0.048182), (0.026759, -0.00256, -0.047273), (0.038019, 0.009434, -0.048034),
            (0.028347, -0.005469, -0.047362), (0.037888, 0.017665, -0.034477), (0.028003, -0.028081, -0.006177),
            (0.040198, 0.009668, -0.048413), (0.029948, -0.026933, -0.004872), (0.030076, -0.02695, -0.006994),
            (0.040259, 0.016096, -0.035842), (0.029802, -0.027071, -0.008641), (0.031802, -0.02586, -0.007175),
            (0.039783, 0.013805, -0.049789), (0.033145, -0.024774, -0.008105), (0.034691, -0.023298, -0.008681),
            (0.032854, -0.024968, -0.006289), (0.029661, -0.00778, -0.047434), (0.041247, 0.011142, -0.049645),
            (0.034501, -0.023516, -0.006881), (0.041545, 0.012818, -0.049992), (0.043268, 0.011998, -0.049815),
            (0.029949, -0.026987, -0.001953), (0.032372, -0.025386, -0.00359), (0.041724, 0.014362, -0.049456),
            (0.028614, -0.00316, -0.047387), (0.031923, -0.025675, -0.001543), (0.029418, -0.001645, -0.047445),
            (0.041988, 0.000913, -0.048323), (0.043203, 0.001548, -0.049074), (0.033712, -0.024224, -0.004505),
            (0.034669, 0.019691, -0.033728), (0.033593, 0.020355, -0.03221), (0.045248, 0.001041, -0.050097),
            (0.043892, 0.000242, -0.049607), (0.044404, 0.001984, -0.049821), (0.030545, -0.00568, -0.047494),
            (0.044014, 0.004511, -0.049775), (0.045001, 0.002663, -0.050045), (0.046011, 0.002813, -0.050024),
            (0.035205, 0.019321, -0.031453), (0.045639, 0.004303, -0.050114), (0.036455, -0.020888, -0.011276),
            (0.046333, 0.003575, -0.049722), (0.036078, 0.018771, -0.032741), (0.035462, -0.022295, -0.010475),
            (0.037766, 0.017674, -0.031997), (0.041752, 0.006557, -0.048522), (0.040353, 0.007655, -0.048156),
            (0.041176, 0.00445, -0.048181), (0.042412, 0.007738, -0.049314), (0.043441, 0.00612, -0.049654),
            (0.039248, 0.016769, -0.033586), (0.026756, 0.010679, -0.047514), (0.039325, 0.016718, -0.031877),
            (0.036562, 0.018451, -0.031044), (0.041667, 0.009207, -0.049253), (0.038194, 0.017351, -0.028644),
            (0.036325, 0.018598, -0.028948), (0.041966, 0.002651, -0.048314), (0.041254, 0.015412, -0.033715),
            (0.04198, 0.014719, -0.034884), (0.042575, 0.004341, -0.048726), (0.045668, 0.00975, -0.031326),
            (0.045623, 0.009885, -0.033405), (0.044416, 0.011955, -0.032031), (0.042776, 0.014018, -0.036203),
            (0.044387, 0.011947, -0.03614), (0.043435, 0.0133, -0.034674), (0.042899, 0.013843, -0.032617),
            (0.042926, 0.009951, -0.050003), (0.045688, 0.009709, -0.035459), (0.044267, 0.007597, -0.050128),
            (0.044688, 0.011506, -0.034567), (0.044629, 0.008985, -0.049919), (0.040557, 0.01591, -0.032726),
            (0.039988, 0.016256, -0.030928), (0.042206, 0.014509, -0.031372), (0.045954, 0.005989, -0.049818),
            (0.041148, 0.01546, -0.029928), (0.046517, 0.004157, -0.049425), (0.046022, 0.007768, -0.048952),
            (0.047054, 0.004359, -0.046315), (0.046548, 0.006902, -0.047021), (0.040249, 0.016034, -0.028471),
            (0.045429, -0.003228, -0.049934), (0.044832, -0.001135, -0.050134), (0.043023, 0.013638, -0.029694),
            (0.046256, -0.00205, -0.049424), (0.041873, 0.014765, -0.028224), (0.046394, 7.4e-05, -0.049668),
            (0.043367, 0.013224, -0.027264), (0.044682, 0.011483, -0.026609), (0.045139, 0.010839, -0.028913),
            (0.047063, -0.000606, -0.04289), (0.047312, 0.002132, -0.04133), (0.04706, -0.000801, -0.04045),
            (0.04732, 0.001699, -0.043004), (0.046668, -0.002468, -0.047039), (0.04707, 0.000269, -0.045474),
            (0.04673, -0.001752, -0.044686), (0.047305, 0.003081, -0.039494), (0.047288, 0.001121, -0.039962),
            (0.047273, 0.001957, -0.037829), (0.047229, 0.004387, -0.040908), (0.047158, 0.002749, -0.045036),
            (0.046786, -0.002288, -0.038486), (0.022586, -0.029127, -0.027512), (0.024483, -0.028869, -0.026452),
            (0.047252, 0.000529, -0.037907), (0.022521, -0.029157, -0.026654), (0.03184, -0.025604, -0.030492),
            (0.033236, -0.024509, -0.032597), (0.033289, -0.024472, -0.029578), (0.047159, 0.004664, -0.042317),
            (0.034348, -0.023423, -0.027755), (0.034513, -0.023158, -0.030163), (0.035472, -0.021933, -0.031377),
            (0.047064, 0.005507, -0.038424), (0.047243, 0.003811, -0.037399), (0.047252, 0.003078, -0.035926),
            (0.037094, -0.019574, -0.031942), (0.036488, -0.020537, -0.029729), (0.047212, 0.004998, -0.035962),
            (0.035461, -0.022032, -0.028668), (0.046641, 0.007205, -0.034765), (0.047108, 0.005394, -0.0341),
            (0.047227, 0.003241, -0.034163), (0.036391, -0.020777, -0.027237), (0.047247, -1.2e-05, -0.035933),
            (0.047349, 0.001575, -0.034969), (0.037271, -0.019432, -0.027565), (0.037846, -0.018553, -0.028841),
            (0.047189, -0.00024, -0.033614), (0.046705, -0.002724, -0.035284), (0.03785, -0.018598, -0.026239),
            (0.047335, 0.002485, -0.032595), (0.030102, 0.014239, -0.047848), (0.046966, 0.006166, -0.033117),
            (0.046386, 0.007972, -0.03367), (0.047227, 0.004707, -0.031486), (0.046681, 0.00713, -0.031469),
            (0.047341, 0.003189, -0.030552), (0.047203, 0.005165, -0.029264), (0.047351, 0.003801, -0.027956),
            (0.047339, 0.0018, -0.029487), (0.038298, -0.017698, -0.033287), (0.039456, -0.015864, -0.032963),
            (0.046801, 0.006773, -0.028677), (0.046246, 0.0085, -0.02952), (0.037595, -0.018818, -0.030803),
            (0.038745, -0.01707, -0.030918), (0.04651, 0.007798, -0.027222), (0.047226, 0.005278, -0.027012),
            (0.046919, 0.006543, -0.024798), (0.04645, 0.007969, -0.025059), (0.045715, 0.009669, -0.026464),
            (0.040223, -0.014685, -0.031508), (0.039355, -0.01611, -0.029309), (0.039993, -0.014955, -0.035045),
            (0.047382, 0.003058, -0.025856), (0.040598, -0.014019, -0.034007), (0.047292, 0.005167, -0.024512),
            (0.041756, -0.012206, -0.035174), (0.041786, -0.012241, -0.033587), (0.041281, -0.013029, -0.03259),
            (0.041169, -0.013312, -0.030855), (0.042346, -0.011413, -0.031603), (0.04288, -0.010516, -0.033837),
            (0.037007, 0.018064, -0.026755), (0.038643, -0.0173, -0.028084), (0.039451, 0.016495, -0.026812),
            (0.040369, -0.014586, -0.029394), (0.039624, -0.015815, -0.027091), (0.040972, 0.015508, -0.025708),
            (0.042084, 0.014531, -0.026509), (0.038114, 0.017353, -0.025282), (0.040487, -0.014448, -0.027777),
            (0.039559, 0.016436, -0.024744), (0.043317, -0.009872, -0.030567), (0.042132, -0.011812, -0.02959),
            (0.040977, 0.015506, -0.022835), (0.041644, -0.012636, -0.028138), (0.042948, 0.013588, -0.024041),
            (0.041889, 0.014684, -0.024628), (0.04382, 0.012689, -0.021194), (0.044398, 0.01196, -0.023176),
            (0.045887, -0.005137, -0.038078), (0.04508, -0.006911, -0.036922), (0.040676, 0.015767, -0.020737),
            (0.042295, 0.014254, -0.021858), (0.042672, -0.010774, -0.035626), (0.043658, -0.009225, -0.036032),
            (0.041209, 0.015336, -0.018184), (0.042603, 0.014038, -0.018963), (0.044158, 0.012261, -0.018913),
            (0.043395, 0.013161, -0.016847), (0.045391, 0.010337, -0.025038), (0.044297, -0.008276, -0.033747),
            (0.043597, -0.009442, -0.032618), (0.045056, -0.007016, -0.034656), (0.045242, 0.010523, -0.022461),
            (0.045841, 0.009646, -0.020632), (0.046283, 0.008431, -0.022979), (0.04714, 0.00561, -0.021799),
            (0.045675, -0.005769, -0.035518), (0.04665, 0.007301, -0.021087), (0.044276, -0.008413, -0.03173),
            (0.04446, 0.011822, -0.016762), (0.045099, 0.010851, -0.018934), (0.045558, 0.010045, -0.016224),
            (0.045428, -0.006397, -0.032348), (0.044558, 0.011803, -0.014991), (0.045899, -0.005259, -0.034077),
            (0.045923, -0.005391, -0.030154), (0.046694, -0.002998, -0.029529), (0.047232, -0.000314, -0.02945),
            (0.045001, -0.007416, -0.018147), (0.038172, -0.017481, -0.048021), (0.021001, -0.028487, -0.046948),
            (0.022732, -0.028592, -0.046518), (0.021698, -0.028778, -0.045577), (0.045655, -0.006271, -0.014697),
            (0.045486, -0.006694, -0.01216), (0.045556, -0.006678, -0.008607), (0.021617, -0.028836, -0.042322),
            (0.039694, -0.014024, -0.044742), (0.046084, -0.005569, -0.006413), (0.045414, -0.006935, -0.003197),
            (0.04634, -0.005127, -0.003656), (0.04425, 0.012183, -0.01305), (0.045281, 0.010456, -0.013246),
            (0.04535, 0.010306, -0.010823), (0.046248, -0.005451, -0.001702), (0.045313, 0.010457, -0.006443),
            (0.041136, -0.012714, -0.046016), (0.046708, -0.00413, 0.000326), (0.046525, -0.004817, 0.001986),
            (0.045797, 0.009731, -0.00535), (0.020809, -0.028913, -0.037444), (0.028632, -0.027546, -0.028678),
            (0.02602, -0.028587, -0.021878), (0.024194, -0.028954, -0.024217), (0.023066, -0.029118, -0.020713),
            (0.025187, -0.028843, -0.020345), (0.02854, -0.027612, -0.020867), (0.026796, -0.028302, -0.025608),
            (0.022144, -0.029091, -0.028558), (0.043967, 0.012288, -0.04775), (0.028886, -0.0274, -0.032412),
            (0.027388, -0.028019, -0.03164), (0.029789, -0.026939, -0.030285), (0.02913, -0.027453, -0.009849),
            (0.04593, 0.008762, -0.047393), (0.044947, 0.010353, -0.04876), (0.034338, -0.023574, -0.010845),
            (0.044805, 0.011289, -0.041012), (0.04703, 0.003219, -0.048522), (0.046861, 0.005245, -0.048073),
            (0.045636, 0.009741, -0.038422), (0.028596, -0.02785, -0.004024), (0.031647, -0.025928, -0.00497),
            (0.046973, -0.000352, -0.047872), (0.047159, 0.001763, -0.048257), (0.026356, -0.028457, -0.028044),
            (0.022376, -0.029154, -0.025466), (0.022429, -0.029166, -0.023481), (0.046235, 0.008542, -0.018902),
            (0.046555, 0.00776, -0.016996), (-0.031538, 0.003184, 0.002028), (-0.033338, 0.004311, 0.001009),
            (-0.043765, 0.013411, 0.010843), (-0.043714, 0.013309, 0.008941), (-0.042585, 0.011597, 0.009067),
            (-0.016567, 0.012108, 0.029035), (-0.018336, 0.013599, 0.029039), (-0.018802, 0.011979, 0.029158),
            (-0.033293, 0.004308, 0.003041), (-0.034985, 0.005367, 0.00126), (-0.034386, 0.047534, 0.029779),
            (-0.034227, 0.046408, 0.027999), (-0.035392, 0.045837, 0.029169), (-0.042974, 0.012142, 0.011833),
            (-0.041547, 0.010389, 0.010961), (-0.035734, 0.0469, 0.03093), (-0.034796, 0.048408, 0.030861),
            (-0.016806, 0.016742, 0.028877), (-0.017115, 0.014961, 0.028966), (-0.015177, 0.014848, 0.028895),
            (-0.015035, 0.016919, 0.028876), (-0.045898, 0.020242, 0.022953), (-0.046105, 0.021204, 0.021009),
            (-0.045715, 0.018604, 0.020392), (-0.046072, 0.020449, 0.018733), (-0.04279, 0.012066, 0.023258),
            (-0.044089, 0.014104, 0.01987), (-0.042675, 0.011968, 0.021129), (-0.015502, 0.013195, 0.028929),
            (-0.029534, 0.001909, 0.002483), (-0.033418, 0.048762, 0.029452), (-0.043863, 0.013823, 0.025222),
            (-0.044512, 0.015025, 0.023072), (-0.030762, 0.002708, 0.003791), (-0.024843, 0.015946, 0.029335),
            (-0.026558, 0.014884, 0.029488), (-0.025322, 0.013525, 0.029467), (-0.034585, 0.044167, 0.030214),
            (-0.034481, 0.046043, 0.030611), (-0.035503, 0.044757, 0.030963), (-0.026254, 0.018256, 0.029399),
            (-0.047584, 0.026334, 0.029555), (-0.04761, 0.027464, 0.030675), (-0.046526, 0.027534, 0.0287),
            (-0.032283, 0.04369, 0.030268), (-0.03513, 0.042639, 0.030222), (-0.046574, 0.025432, 0.028275),
            (-0.04809, 0.024395, 0.030013), (-0.02371, 0.0173, 0.029253), (-0.022895, 0.014804, 0.029298),
            (-0.022057, 0.015955, 0.029231), (-0.047522, 0.017577, 0.029159), (-0.046525, 0.018704, 0.028172),
            (-0.046555, 0.016237, 0.028587), (-0.03233, 0.045687, 0.030306), (-0.0384, 0.007643, 0.002221),
            (-0.036962, 0.006614, 0.001347), (-0.036884, 0.006692, 0.004364), (-0.046426, 0.014593, 0.029134),
            (-0.044404, 0.014186, 0.027538), (-0.044678, 0.012755, 0.02847), (-0.047376, 0.015637, 0.03057),
            (-0.033601, 0.047172, 0.030477), (-0.038412, 0.007688, 0.004663), (-0.021438, 0.01856, 0.029124),
            (-0.023036, 0.019469, 0.029215), (-0.045308, 0.016146, 0.027598), (-0.031179, 0.049551, 0.027691),
            (-0.031675, 0.048525, 0.026907), (-0.045748, 0.019307, 0.025877), (-0.045525, 0.018092, 0.023052),
            (-0.022003, 0.020782, 0.029163), (-0.045354, 0.017536, 0.024861), (-0.046036, 0.020236, 0.027242),
            (-0.034767, 0.00531, 0.004561), (-0.019903, 0.016431, 0.028916), (-0.045863, 0.024163, 0.024607),
            (-0.046015, 0.021672, 0.024886), (-0.045905, 0.022967, 0.0261), (-0.045794, 0.024882, 0.026947),
            (-0.044727, 0.015909, 0.026203), (-0.018786, 0.0193, 0.028946), (-0.019384, 0.021304, 0.029082),
            (-0.033575, 0.049822, 0.030715), (-0.032203, 0.050188, 0.029238), (-0.029867, 0.04419, 0.03019),
            (-0.045396, 0.017713, 0.026689), (-0.018506, 0.017536, 0.028826), (-0.032449, 0.047863, 0.030193),
            (-0.018477, 0.01564, 0.028894), (-0.039849, 0.008715, 0.005239), (-0.038402, 0.007716, 0.007327),
            (-0.030239, 0.046996, 0.030333), (-0.016462, 0.018752, 0.028756), (-0.048047, 0.01921, 0.029658),
            (-0.032141, 0.041977, 0.030173), (-0.034477, 0.045017, 0.021544), (-0.035288, 0.043854, 0.019691),
            (-0.035841, 0.042823, 0.022627), (-0.049093, 0.019513, 0.031209), (-0.048383, 0.020914, 0.03063),
            (-0.035897, 0.006119, 0.006975), (-0.023093, 0.027954, 0.029247), (-0.022101, 0.026816, 0.02901),
            (-0.021597, 0.028371, 0.02926), (-0.04828, 0.01765, 0.030821), (-0.046, 0.013054, 0.030247),
            (-0.047371, 0.013218, 0.031871), (-0.031978, 0.03896, 0.030179), (-0.030373, 0.039676, 0.03015),
            (-0.031726, 0.040397, 0.030235), (-0.036989, 0.006839, 0.008644), (-0.022578, 0.025462, 0.02906),
            (-0.020701, 0.023815, 0.029149), (-0.02065, 0.025955, 0.028942), (-0.019297, 0.024821, 0.029039),
            (-0.020252, 0.028049, 0.029165), (-0.029453, 0.040611, 0.030181), (-0.021638, 0.022437, 0.029145),
            (-0.030313, 0.042508, 0.030077), (-0.018461, 0.023062, 0.029089), (-0.032607, 0.003931, 0.004937),
            (-0.044126, 0.016024, 0.030636), (-0.045467, 0.015334, 0.030839), (-0.044387, 0.014152, 0.030615),
            (-0.018826, 0.026341, 0.028892), (-0.033785, 0.004751, 0.007005), (-0.046435, 0.016285, 0.032761),
            (-0.046271, 0.017176, 0.030986), (-0.02831, 0.0418, 0.030013), (-0.017372, 0.027489, 0.028951),
            (-0.019069, 0.029049, 0.029246), (-0.046904, 0.017983, 0.032556), (-0.046902, 0.018988, 0.031094),
            (-0.03494, 0.005491, 0.009041), (-0.016961, 0.022965, 0.029051), (-0.016235, 0.02482, 0.028992),
            (-0.048041, 0.018532, 0.03416), (-0.047465, 0.020407, 0.033123), (-0.026534, 0.043703, 0.02999),
            (-0.045723, 0.014637, 0.032778), (-0.031164, 0.003019, 0.006408), (-0.046212, 0.021555, 0.027541),
            (-0.047749, 0.020957, 0.028885), (-0.048143, 0.022588, 0.02958), (-0.016246, 0.026311, 0.028829),
            (-0.032505, 0.003897, 0.008063), (-0.015067, 0.027172, 0.028829), (-0.01358, 0.025978, 0.028854),
            (-0.013785, 0.028476, 0.029088), (-0.046603, 0.023266, 0.028077), (-0.027999, 0.045551, 0.03017),
            (-0.013154, 0.016209, 0.028769), (-0.013349, 0.014109, 0.028788), (-0.011101, 0.015078, 0.028681),
            (-0.010959, 0.017662, 0.028665), (-0.048831, 0.025139, 0.031185), (-0.049323, 0.021968, 0.031382),
            (-0.029899, 0.049887, 0.025834), (-0.030105, 0.050843, 0.028019), (-0.01767, 0.021168, 0.028983),
            (-0.016061, 0.021078, 0.028745), (-0.045361, 0.019799, 0.03064), (-0.045867, 0.021108, 0.03062),
            (-0.047189, 0.020872, 0.031159), (-0.02803, 0.000961, 0.001795), (-0.046876, 0.022393, 0.030722),
            (-0.047506, 0.022811, 0.033037), (-0.030592, 0.049023, 0.030152), (-0.014219, 0.019937, 0.028755),
            (-0.028457, 0.047939, 0.030322), (-0.014351, 0.018237, 0.028844), (-0.013408, 0.021654, 0.028655),
            (-0.046811, 0.023824, 0.030838), (-0.046154, 0.023083, 0.030646), (-0.026084, -0.000341, 0.002222),
            (-0.045707, 0.025527, 0.030645), (-0.045109, 0.023687, 0.030602), (-0.044361, 0.025844, 0.030528),
            (-0.044164, 0.021524, 0.030566), (-0.044647, 0.022204, 0.030593), (-0.027815, 0.051264, 0.026665),
            (-0.045387, 0.022482, 0.030626), (-0.028084, 0.051873, 0.027878), (-0.027556, 0.000642, 0.003765),
            (-0.03003, 0.052079, 0.029107), (-0.043636, 0.023853, 0.03046), (-0.015543, 0.023003, 0.028956),
            (-0.045246, 0.018182, 0.030628), (-0.026299, 0.047982, 0.030255), (-0.027502, 0.049524, 0.030409),
            (-0.014162, 0.023254, 0.028856), (-0.026262, 0.04183, 0.029935), (-0.028163, 0.001035, 0.005397),
            (-0.02496, 0.042207, 0.030022), (-0.043313, 0.01771, 0.030572), (-0.012483, 0.018701, 0.028766),
            (-0.042017, 0.018333, 0.030476), (-0.041524, 0.016978, 0.030492), (-0.041679, 0.020004, 0.030394),
            (-0.040687, 0.018681, 0.030356), (-0.01157, 0.020141, 0.028803), (-0.043529, 0.019942, 0.030558),
            (-0.025628, -0.000609, 0.00431), (-0.043269, 0.021357, 0.030493), (-0.025636, 0.046077, 0.030144),
            (-0.042312, 0.022514, 0.030408), (-0.012594, 0.023965, 0.028848), (-0.011413, 0.022079, 0.028713),
            (-0.042385, 0.020766, 0.030443), (-0.023668, -0.001911, 0.003147), (-0.024222, 0.043512, 0.029987),
            (-0.040674, 0.019621, 0.030334), (-0.04046, 0.009542, 0.019366), (-0.040608, 0.009771, 0.017227),
            (-0.039589, 0.008829, 0.018229), (-0.041502, 0.01054, 0.022635), (-0.041551, 0.010529, 0.019685),
            (-0.03985, 0.009042, 0.021062), (-0.024201, -0.001526, 0.006095), (-0.023976, 0.047371, 0.030173),
            (-0.023941, 0.045128, 0.030065), (-0.036266, 0.006407, 0.019429), (-0.038101, 0.007587, 0.019103),
            (-0.036781, 0.006764, 0.017787), (-0.037566, 0.007262, 0.020973), (-0.022178, -0.002893, 0.005442),
            (-0.012119, 0.027759, 0.02889), (-0.010989, 0.026427, 0.02883), (-0.009772, 0.025009, 0.028676),
            (-0.010604, 0.023572, 0.028646), (-0.030514, 0.002576, 0.009038), (-0.034564, 0.00527, 0.020245),
            (-0.010055, 0.021352, 0.028782), (-0.038391, 0.007833, 0.022862), (-0.036048, 0.006257, 0.023667),
            (-0.035408, 0.005791, 0.021922), (-0.008717, 0.022348, 0.028788), (-0.028738, 0.001424, 0.007427),
            (-0.041194, 0.010164, 0.024788), (-0.039571, 0.008747, 0.024039), (-0.009287, 0.019943, 0.028675),
            (-0.029198, 0.038213, 0.029933), (-0.028768, 0.035293, 0.029756), (-0.027366, 0.03561, 0.029702),
            (-0.026212, 0.037487, 0.029759), (-0.0085, 0.01822, 0.028597), (-0.026473, -6.1e-05, 0.00707),
            (-0.025204, 0.035913, 0.029662), (-0.009061, 0.015892, 0.028595), (-0.036875, 0.006812, 0.025486),
            (-0.039923, 0.009045, 0.026254), (-0.038369, 0.007743, 0.026598), (-0.036369, 0.006025, 0.027469),
            (-0.040552, 0.008689, 0.027853), (-0.038999, 0.007405, 0.027919), (-0.007554, 0.020345, 0.028616),
            (-0.024147, 0.038299, 0.029753), (-0.0065, 0.019133, 0.028568), (-0.02424, 0.032253, 0.029469),
            (-0.02663, 0.032899, 0.029571), (-0.026761, 0.02982, 0.029517), (-0.024819, 0.034155, 0.02955),
            (-0.024746, 0.028924, 0.029429), (-0.023182, 0.030619, 0.029361), (-0.033996, 0.004816, 0.0251),
            (-0.033524, 0.004523, 0.023262), (-0.032042, 0.003411, 0.024563), (-0.037519, 0.005858, 0.028847),
            (-0.022554, 0.033417, 0.029462), (-0.011012, 0.028314, 0.029011), (-0.036963, 0.005079, 0.030364),
            (-0.033859, 0.003306, 0.029259), (-0.008806, 0.027155, 0.028769), (-0.007653, 0.02482, 0.028648),
            (-0.02826, 0.001079, 0.009514), (-0.034716, 0.005282, 0.026712), (-0.03301, 0.004171, 0.026872),
            (-0.02664, 3.7e-05, 0.010129), (-0.030616, 0.002542, 0.026436), (-0.006584, 0.026083, 0.0287),
            (-0.007362, 0.028274, 0.028968), (-0.031536, 0.002751, 0.027584), (-0.005571, 0.027388, 0.028796),
            (-0.004367, 0.026235, 0.02868), (-0.006875, 0.022806, 0.028771), (-0.02302, 0.036147, 0.02961),
            (-0.032165, 0.001569, 0.030389), (-0.004933, 0.020543, 0.028597), (-0.030236, 0.001646, 0.02788),
            (-0.004865, 0.022397, 0.02869), (-0.030567, 0.000777, 0.029958), (-0.02856, -0.000581, 0.029936),
            (-0.024599, -0.001318, 0.009339), (-0.003113, 0.021435, 0.028632), (-0.043652, 0.010569, 0.028984),
            (-0.042937, 0.011339, 0.027733), (-0.023248, -0.002203, 0.008301), (-0.043375, 0.01287, 0.026878),
            (-0.021199, -0.003548, 0.007536), (-0.02145, 0.034964, 0.029544), (-0.041501, 0.010105, 0.02736),
            (-0.004201, 0.023611, 0.02879), (-0.004813, 0.024833, 0.028735), (-0.020979, 0.037479, 0.029665),
            (-0.045236, 0.011787, 0.030326), (-0.025372, -0.000762, 0.011343), (-0.001937, 0.023244, 0.028757),
            (-0.044412, 0.010099, 0.030845), (-0.019935, 0.033863, 0.029445), (-0.004228, 0.028208, 0.028825),
            (-0.002276, 0.024836, 0.028849), (-0.043265, 0.012967, 0.030576), (-0.044024, 0.012195, 0.031465),
            (-0.042519, 0.010889, 0.030742), (-0.002542, 0.026924, 0.02874), (-0.020085, 0.035709, 0.029449),
            (-0.042042, 0.008731, 0.029687), (0.000167, 0.024006, 0.028847), (-0.022487, -0.002712, 0.011142),
            (-0.041086, 0.007794, 0.030401), (-0.023572, -0.001968, 0.01226), (-0.038983, 0.006464, 0.030161),
            (-0.040363, 0.006265, 0.030949), (-0.018395, 0.034822, 0.029245), (-0.001484, 0.028242, 0.028808),
            (-0.000459, 0.026287, 0.028836), (-0.043175, 0.008476, 0.030984), (-0.018796, 0.037042, 0.029362),
            (-0.022213, -0.002879, 0.002543), (0.001106, 0.025514, 0.028927), (-0.040837, 0.010083, 0.0305),
            (-0.041423, 0.009344, 0.03129), (-0.039971, 0.00831, 0.030923), (-0.043092, 0.01026, 0.03371),
            (-0.019145, 0.038879, 0.029531), (-0.01696, 0.036956, 0.029352), (-0.020784, -0.003813, 0.003687),
            (-0.046027, 0.02781, 0.030628), (-0.046953, 0.025932, 0.031222), (-0.042347, 0.011516, 0.025918),
            (-0.027536, 0.039667, 0.029949), (-0.048242, 0.021678, 0.03418), (-0.049033, 0.01997, 0.034021),
            (-0.041175, 0.012657, 0.030521), (-0.046981, 0.024491, 0.031019), (-0.047156, 0.024211, 0.031897),
            (-0.026102, 0.039847, 0.029946), (-0.03861, 0.0094, 0.030297), (-0.036995, 0.009765, 0.030219),
            (-0.038269, 0.012019, 0.030288), (-0.030192, 0.049757, 0.023372), (-0.028809, 0.050665, 0.024894),
            (-0.039761, 0.011181, 0.030406), (-0.028423, 0.05088, 0.023231), (-0.038694, 0.007878, 0.009829),
            (-0.039817, 0.008733, 0.007913), (-0.039794, 0.013578, 0.030418), (-0.031401, 0.051298, 0.030309),
            (-0.038108, 0.007651, 0.030383), (-0.024365, 0.052679, 0.020313), (-0.025697, 0.052273, 0.018902),
            (-0.027177, 0.051613, 0.02105), (-0.039302, 0.007603, 0.032115), (-0.037843, 0.006603, 0.031759),
            (-0.036988, 0.006893, 0.010345), (-0.025005, 0.040644, 0.029971), (-0.035878, 0.008486, 0.03017),
            (-0.025939, 0.052135, 0.023402), (-0.023741, 0.052804, 0.022012), (-0.023014, 0.053007, 0.018366),
            (-0.032745, 0.051128, 0.030947), (-0.023197, 0.04121, 0.029996), (-0.036594, 0.011898, 0.030139),
            (-0.037068, 0.013939, 0.030209), (-0.040556, 0.009374, 0.009504), (-0.03099, 0.052796, 0.030979),
            (-0.029041, 0.053483, 0.030523), (-0.027734, 0.053092, 0.028577), (-0.034899, 0.010228, 0.030073),
            (-0.0273, 0.054049, 0.030086), (-0.044762, 0.013069, 0.032832), (-0.021307, 0.039584, 0.029835),
            (-0.04593, 0.031304, 0.03088), (-0.04576, 0.029681, 0.028872), (-0.046621, 0.028884, 0.02948),
            (-0.047222, 0.029214, 0.030981), (-0.033491, 0.004566, 0.009927), (-0.034818, 0.00565, 0.011007),
            (-0.022403, 0.043675, 0.029943), (-0.043901, 0.027877, 0.030525), (-0.044947, 0.02998, 0.030701),
            (-0.047184, 0.014309, 0.034135), (-0.046274, 0.012456, 0.034098), (-0.044924, 0.031529, 0.029046),
            (-0.044489, 0.030423, 0.027785), (-0.031928, 0.003638, 0.01045), (-0.041139, 0.008756, 0.033074),
            (-0.042104, 0.014822, 0.030545), (-0.044568, 0.033048, 0.030374), (-0.02065, 0.041482, 0.030015),
            (-0.0435, 0.029281, 0.030511), (-0.042518, 0.031175, 0.0304), (-0.041912, 0.029753, 0.030255),
            (-0.029493, 0.002021, 0.010954), (-0.040232, 0.01619, 0.030377), (-0.046227, 0.028682, 0.032888),
            (-0.043942, 0.032202, 0.030986), (-0.045132, 0.030878, 0.032103), (-0.038259, 0.014997, 0.030247),
            (-0.038628, 0.01692, 0.030274), (-0.042773, 0.035758, 0.030364), (-0.040798, 0.037248, 0.028335),
            (-0.041938, 0.03524, 0.028182), (-0.04165, 0.03737, 0.030044), (-0.043153, 0.03302, 0.027937),
            (-0.037349, 0.005525, 0.033647), (-0.039148, 0.005662, 0.033935), (-0.037201, 0.003835, 0.032758),
            (-0.043497, 0.034162, 0.029282), (-0.021992, 0.053236, 0.019946), (-0.04622, 0.022373, 0.015409),
            (-0.046148, 0.020174, 0.014926), (-0.046166, 0.020948, 0.017021), (-0.041598, 0.034195, 0.02663),
            (-0.046159, 0.023131, 0.018276), (-0.020283, 0.053359, 0.020847), (-0.019399, 0.053263, 0.018281),
            (-0.045808, 0.018657, 0.01573), (-0.035258, 0.003465, 0.030694), (-0.034451, 0.004374, 0.03095),
            (-0.033664, 0.005736, 0.030021), (-0.03627, 0.006353, 0.030285), (-0.035688, 0.005142, 0.031526),
            (-0.044457, 0.034594, 0.031199), (-0.042783, 0.033518, 0.030765), (-0.041877, 0.032657, 0.03048),
            (-0.034702, 0.007364, 0.030093), (-0.040238, 0.036111, 0.014831), (-0.040068, 0.036597, 0.013127),
            (-0.041223, 0.034561, 0.014401), (-0.041085, 0.034319, 0.030413), (-0.0424, 0.035002, 0.031529),
            (-0.045509, 0.02627, 0.025131), (-0.045876, 0.025233, 0.022783), (-0.032183, 0.006422, 0.029974),
            (-0.031437, 0.004887, 0.029947), (-0.04031, 0.031202, 0.030144), (-0.02106, 0.053295, 0.022751),
            (-0.042715, 0.0324, 0.021299), (-0.043573, 0.031039, 0.020372), (-0.043835, 0.030624, 0.02203),
            (-0.041185, 0.035743, 0.030603), (-0.022792, 0.052965, 0.023527), (-0.027312, 0.051487, 0.024985),
            (-0.039015, 0.033457, 0.030159), (-0.044565, 0.02928, 0.020202), (-0.044587, 0.028964, 0.02203),
            (-0.032927, 0.009525, 0.029972), (-0.033994, 0.001829, 0.031236), (-0.038449, 0.030958, 0.03006),
            (-0.025619, 0.052167, 0.026208), (-0.045366, 0.027639, 0.027411), (-0.033124, 0.003628, 0.030633),
            (-0.032247, 0.002675, 0.032348), (-0.042997, 0.034075, 0.032885), (-0.026123, 0.052879, 0.02793),
            (-0.043837, 0.030466, 0.025394), (-0.044625, 0.028973, 0.024119), (-0.044516, 0.02901, 0.02645),
            (-0.031136, 0.002946, 0.030038), (-0.041256, 0.036604, 0.03284), (-0.040735, 0.037234, 0.030916),
            (-0.042889, 0.026427, 0.030357), (-0.030752, -0.0001, 0.03094), (-0.024397, 0.053252, 0.027691),
            (-0.023363, 0.052795, 0.026051), (-0.041537, 0.025784, 0.030307), (-0.031136, 0.001908, 0.031575),
            (-0.029665, 0.001222, 0.030455), (-0.029191, 0.00261, 0.029922), (-0.041602, 0.028262, 0.03022),
            (-0.046246, 0.023184, -0.008361), (-0.024308, 0.049565, 0.030318), (-0.045994, 0.025306, -0.005876),
            (-0.046245, 0.022452, -0.006008), (-0.022872, 0.048929, 0.030253), (-0.039954, 0.02564, 0.030194),
            (-0.045653, 0.026708, -0.00403), (-0.046024, 0.025113, -0.003502), (-0.039905, 0.024028, 0.030203),
            (-0.022234, 0.046614, 0.030096), (-0.039452, 0.027556, 0.030132), (-0.039328, 0.029323, 0.030131),
            (-0.042231, 0.033943, -0.011315), (-0.040889, 0.036029, -0.013297), (-0.042834, 0.032004, 0.023893),
            (-0.044883, 0.029156, -0.005851), (-0.04313, 0.031637, 0.026498), (-0.02145, 0.048692, 0.030215),
            (-0.041831, 0.033548, 0.025072), (-0.041348, 0.034277, 0.023413), (-0.043369, 0.031915, -0.00233),
            (-0.042546, 0.033309, -0.002925), (-0.043123, 0.032461, -0.005283), (-0.038562, 0.025552, 0.030132),
            (-0.040278, 0.036783, -0.005575), (-0.041072, 0.035632, -0.006875), (-0.041187, 0.035414, -0.004628),
            (-0.037212, 0.026776, 0.029964), (-0.03704, 0.028973, 0.029976), (-0.044254, 0.030449, -0.0017),
            (-0.045196, 0.028102, -0.000998), (-0.044651, 0.029564, 0.000588), (-0.019053, 0.048348, 0.030138),
            (-0.043343, 0.031973, 0.000115), (-0.043569, 0.031498, 0.002516), (-0.03615, 0.030862, 0.030126),
            (-0.021759, 0.053162, 0.026682), (-0.022884, 0.054925, 0.028673), (-0.041243, 0.023607, 0.030336),
            (-0.040392, 0.036535, -0.003741), (-0.035703, 0.028283, 0.029887), (-0.041063, 0.035608, -0.002145),
            (-0.03539, 0.029762, 0.030032), (-0.02138, 0.054004, 0.027751), (-0.03731, 0.032713, 0.030158),
            (-0.043101, 0.032088, 0.004544), (-0.042678, 0.032958, 0.001799), (-0.039875, 0.018577, 0.030295),
            (-0.03697, 0.024855, 0.030179), (-0.019, 0.053638, 0.027143), (-0.042293, 0.033404, 0.006381),
            (-0.041968, 0.033949, 0.004461), (-0.039075, 0.020091, 0.030227), (-0.035287, 0.02507, 0.030011),
            (-0.034986, 0.026389, 0.029765), (-0.019544, 0.054783, 0.028282), (-0.033855, 0.027487, 0.029683),
            (-0.041006, 0.021467, 0.030331), (-0.038057, 0.040351, -0.016473), (-0.036442, 0.042746, -0.015352),
            (-0.037819, 0.040546, -0.014337), (-0.040217, 0.03634, 0.02675), (-0.03887, 0.021727, 0.030154),
            (-0.039314, 0.038883, 0.027853), (-0.038982, 0.038225, 0.026174), (-0.036288, 0.04287, -0.011424),
            (-0.036441, 0.042731, -0.013693), (-0.037326, 0.041376, -0.012443), (-0.03715, 0.041628, -0.009939),
            (-0.015645, 0.039385, 0.029479), (-0.039706, 0.037815, -0.012597), (-0.040053, 0.037194, -0.014882),
            (-0.039982, 0.039678, 0.029486), (-0.038633, 0.039335, -0.012436), (-0.039979, 0.037325, -0.011486),
            (-0.020033, 0.043182, 0.029862), (-0.038392, 0.039672, -0.010451), (-0.038188, 0.040311, 0.027654),
            (-0.039169, 0.036019, 0.030396), (-0.040041, 0.037269, -0.007836), (-0.039173, 0.038504, -0.006639),
            (-0.039401, 0.038189, -0.004979), (-0.037178, 0.034997, 0.030139), (-0.037552, 0.037729, 0.030347),
            (-0.018813, 0.04092, 0.029773), (-0.018037, 0.04375, 0.029853), (-0.038208, 0.039899, -0.006265),
            (-0.038506, 0.03954, -0.008559), (-0.037525, 0.023449, 0.030267), (-0.036408, 0.036991, 0.030135),
            (-0.02062, 0.045168, 0.029989), (-0.037105, 0.041627, -0.008175), (-0.037417, 0.041113, -0.006276),
            (-0.037553, 0.020629, 0.030148), (-0.036089, 0.043148, -0.008796), (-0.035603, 0.035931, 0.030034),
            (-0.033832, 0.034713, 0.030044), (-0.036982, 0.021961, 0.030146), (-0.033033, 0.04749, -0.017031),
            (-0.034449, 0.045598, -0.015847), (-0.033174, 0.047419, -0.014971), (-0.035338, 0.044342, -0.011787),
            (-0.034262, 0.045869, -0.011747), (-0.035096, 0.044739, -0.013656), (-0.034254, 0.036919, 0.029942),
            (-0.033753, 0.04665, -0.013442), (-0.031883, 0.048535, -0.013841), (-0.037852, 0.041983, 0.028705),
            (-0.037292, 0.040902, 0.0267), (-0.036248, 0.042672, 0.02721), (-0.033231, 0.047318, -0.011071),
            (-0.018091, 0.046371, 0.029989), (-0.031536, 0.048808, -0.016215), (-0.032158, 0.036866, 0.030025),
            (-0.033424, 0.038284, 0.030149), (-0.039324, 0.038218, 0.030423), (-0.039573, 0.039195, 0.031485),
            (-0.038523, 0.03946, -0.003592), (-0.039364, 0.03804, -0.003049), (-0.038131, 0.03994, 0.030341),
            (-0.039012, 0.041178, 0.030262), (-0.040105, 0.04097, 0.031279), (-0.016391, 0.044971, 0.029891),
            (-0.034993, 0.023349, 0.03003), (-0.01605, 0.042572, 0.029712), (-0.037192, 0.041431, -0.00427),
            (-0.038243, 0.040843, 0.032858), (-0.038514, 0.042807, 0.031006), (-0.037416, 0.041359, 0.030628),
            (-0.039339, 0.038166, -0.001781), (-0.017255, 0.040636, 0.029608), (-0.036556, 0.042446, -0.006802),
            (-0.033707, 0.024894, 0.029866), (-0.035829, 0.043541, -0.005177), (-0.035555, 0.03884, 0.030184),
            (-0.038867, 0.038725, 0.002752), (-0.038555, 0.039394, 0.001026), (-0.039803, 0.037319, 0.001233),
            (-0.036568, 0.044247, 0.02924), (-0.034536, 0.045262, 0.001101), (-0.032981, 0.047298, 0.000338),
            (-0.034055, 0.046123, -0.00163), (-0.032422, 0.048056, -0.008813), (-0.034278, 0.045937, -0.009964),
            (-0.031305, 0.048897, -0.010133), (-0.032194, 0.048281, -0.011869), (-0.031364, 0.048827, -0.006327),
            (-0.030825, 0.049257, -0.008087), (-0.036373, 0.040984, 0.030247), (-0.028196, 0.051013, -0.005939),
            (-0.026587, 0.051797, -0.004538), (-0.026094, 0.052004, -0.00651), (-0.039641, 0.036917, 0.021419),
            (-0.040027, 0.036502, 0.019576), (-0.040645, 0.035184, 0.021324), (-0.036598, 0.043135, 0.030965),
            (-0.038243, 0.039657, 0.006048), (-0.039539, 0.037658, 0.004276), (-0.038841, 0.038652, 0.007256),
            (-0.038207, 0.039496, 0.009062), (-0.0375, 0.040692, 0.007848), (-0.035038, 0.044593, 0.027263),
            (-0.039424, 0.037799, 0.008125), (-0.038684, 0.038711, 0.011375), (-0.033692, 0.040516, 0.030145),
            (-0.037975, 0.039814, 0.011411), (-0.037283, 0.040946, 0.009571), (-0.013616, 0.039036, 0.029412),
            (-0.01438, 0.037604, 0.029321), (-0.037554, 0.044521, 0.031169), (-0.040057, 0.036198, 0.022768),
            (-0.037453, 0.042114, 0.032187), (-0.038407, 0.038925, 0.020261), (-0.037893, 0.039921, 0.013358),
            (-0.038583, 0.038724, 0.014914), (-0.037003, 0.041313, 0.011764), (-0.036494, 0.045469, 0.030948),
            (-0.037386, 0.040587, 0.014804), (-0.037065, 0.041337, 0.003938), (-0.037325, 0.041, 0.00181),
            (-0.038235, 0.039689, 0.00405), (-0.031801, 0.026733, 0.029504), (-0.015567, 0.047851, 0.030046),
            (-0.032557, 0.024054, 0.029852), (-0.036186, 0.042624, 0.007502), (-0.03601, 0.043008, 0.00545),
            (-0.03705, 0.041333, 0.005771), (-0.030574, 0.025228, 0.029509), (-0.016571, 0.049508, 0.03018),
            (-0.035779, 0.043306, 0.009094), (-0.036592, 0.042007, 0.010271), (-0.029947, 0.027365, 0.029446),
            (-0.014306, 0.044676, 0.029813), (-0.034731, 0.044933, 0.007723), (-0.035171, 0.044242, 0.005469),
            (-0.034878, 0.005501, 0.017982), (-0.013903, 0.046315, 0.029942), (-0.032968, 0.004205, 0.018221),
            (-0.032166, 0.00366, 0.019705), (-0.033477, 0.004543, 0.021658), (-0.036042, 0.042751, 0.012221),
            (-0.036687, 0.041708, 0.013646), (-0.035592, 0.043544, 0.010879), (-0.030546, 0.002594, 0.020877),
            (-0.029688, 0.002004, 0.019041), (-0.034108, 0.045809, 0.006238), (-0.033494, 0.046463, 0.007978),
            (-0.033011, 0.047151, 0.005493), (-0.032657, 0.047576, 0.007876), (-0.031368, 0.048744, 0.006471),
            (-0.031802, 0.003405, 0.021876), (-0.013085, 0.047846, 0.030034), (-0.030358, 0.049622, 0.009469),
            (-0.030894, 0.049118, 0.007776), (-0.031785, 0.048421, 0.009167), (-0.028436, 0.050893, 0.007672),
            (-0.025507, 0.052275, 0.006818), (-0.026609, 0.05188, 0.005373), (-0.026752, 0.051801, 0.009214),
            (-0.014328, 0.043143, 0.029715), (-0.033787, 0.029443, 0.029965), (-0.032868, 0.047316, 0.010432),
            (-0.034581, 0.045144, 0.011877), (-0.03284, 0.047281, 0.012044), (-0.013004, 0.040467, 0.029512),
            (-0.033882, 0.030952, 0.029971), (-0.035338, 0.032939, 0.030135), (-0.031679, 0.048433, 0.011118),
            (-0.031003, 0.048979, 0.0122), (-0.032632, 0.047492, 0.013637), (-0.031267, 0.030459, 0.029792),
            (-0.033067, 0.032317, 0.02993), (-0.011923, 0.041809, 0.0296), (-0.023594, 0.05286, 0.009466),
            (-0.02425, 0.052752, 0.011574), (-0.02177, 0.053226, 0.011411), (-0.011972, 0.044008, 0.029749),
            (-0.029064, 0.001612, 0.021066), (-0.029101, 0.001543, 0.022937), (-0.022353, 0.05324, 0.013034),
            (-0.025014, 0.05253, 0.01401), (-0.027483, 0.000557, 0.020161), (-0.022657, 0.053131, 0.014871),
            (-0.01047, 0.04322, 0.029689), (-0.020547, 0.053323, 0.013681), (-0.009289, 0.040601, 0.029494),
            (-0.022003, 0.053301, 0.016937), (-0.023994, 0.052821, 0.016663), (-0.045747, 0.01767, -0.005503),
            (-0.027566, 0.000503, 0.022145), (-0.044869, 0.015426, -0.005061), (-0.025769, -0.000635, 0.02124),
            (-0.045567, 0.01746, -0.002623), (-0.044496, 0.014594, -0.003003), (-0.044382, 0.014465, -0.000784),
            (-0.031724, 0.028392, 0.029703), (-0.03061, 0.002527, 0.023223), (-0.046139, 0.019951, -0.002088),
            (-0.046194, 0.020257, -0.00395), (-0.029526, 0.029249, 0.029679), (-0.045232, 0.016643, -0.000754),
            (-0.045901, 0.018449, -0.000829), (-0.010093, 0.046109, 0.029901), (-0.045681, 0.017794, 0.000843),
            (-0.046141, 0.020698, -0.000551), (-0.045163, 0.016431, 0.001505), (-0.029896, 0.001913, 0.02482),
            (-0.034047, 0.046959, 0.0333), (-0.046269, 0.023181, -0.001461), (-0.046283, 0.022629, -0.003902),
            (-0.046203, 0.022006, -0.002209), (-0.03308, 0.04839, 0.031736), (-0.028274, 0.000819, 0.02471),
            (-0.027067, 0.000123, 0.023478), (-0.046101, 0.021734, 0.001129), (-0.031779, 0.049353, 0.030832),
            (-0.046219, 0.023713, 9.9e-05), (-0.042443, 0.011316, -0.002684), (-0.031173, 0.035221, 0.029882),
            (-0.043472, 0.012725, -0.003071), (-0.030835, 0.033216, 0.02979), (-0.041427, 0.010116, -0.00146),
            (-0.030451, 0.051005, 0.031393), (-0.04347, 0.012747, -0.000902), (-0.029808, 0.050311, 0.030215),
            (-0.028593, 0.001275, 0.026717), (-0.02819, 0.000518, 0.027523), (-0.039281, 0.008296, -0.000258),
            (-0.03839, 0.007696, -0.001642), (-0.028824, 0.052057, 0.030869), (-0.028186, 0.050884, 0.030288),
            (-0.029575, 0.031592, 0.029659), (-0.035592, 0.013116, 0.030025), (-0.040731, 0.0095, 0.000611),
            (-0.041684, 0.010482, 0.001693), (-0.034341, 0.014378, 0.030028), (-0.034, 0.013327, 0.03006),
            (-0.027639, 0.027667, 0.029393), (-0.028516, 0.026482, 0.029321), (-0.02723, 0.052714, 0.030476),
            (-0.033803, 0.011536, 0.030024), (-0.037061, 0.006691, -3.9e-05), (-0.028058, 0.031631, 0.029595),
            (-0.039681, 0.008591, 0.002515), (-0.026088, 0.050221, 0.030412), (-0.04295, 0.012042, 0.003357),
            (-0.042744, 0.011737, 0.005465), (-0.043683, 0.013168, 0.004583), (-0.033044, 0.012706, 0.030083),
            (-0.040702, 0.009473, 0.003556), (-0.032758, 0.014225, 0.029989), (-0.04162, 0.010429, 0.004484),
            (-0.032456, 0.011966, 0.030088), (-0.031451, 0.013296, 0.02992), (-0.025606, 0.054434, 0.029076),
            (-0.024958, 0.026716, 0.029111), (-0.039195, 0.017857, 0.030269), (-0.025786, 0.053376, 0.030547),
            (-0.025387, 0.051768, 0.030411), (-0.03786, 0.017877, 0.030337), (-0.037789, 0.018961, 0.030301),
            (-0.037928, 0.016956, 0.030312), (-0.046119, 0.020691, 0.003142), (-0.046225, 0.023523, 0.002117),
            (-0.034232, 0.045215, 0.02605), (-0.046193, 0.022964, 0.004163), (-0.046166, 0.021963, 0.005705),
            (-0.033074, 0.047046, 0.026866), (-0.04613, 0.019588, 0.001464), (-0.04592, 0.018637, 0.003592),
            (-0.036477, 0.015113, 0.030258), (-0.046099, 0.020316, 0.007227), (-0.046102, 0.020065, 0.005049),
            (-0.045916, 0.018353, 0.005917), (-0.046003, 0.018768, 0.007976), (-0.037429, 0.016638, 0.03034),
            (-0.036502, 0.016086, 0.03034), (-0.034939, 0.015642, 0.030155), (-0.036318, 0.017709, 0.030243),
            (-0.045962, 0.025155, 0.004161), (-0.045719, 0.02642, 0.002495), (-0.026006, 0.054997, 0.030511),
            (-0.035986, 0.01973, 0.030155), (-0.046166, 0.021321, 0.00956), (-0.045914, 0.01836, 0.009575),
            (-0.023646, 0.05246, 0.030426), (-0.046199, 0.022169, 0.007571), (-0.04619, 0.024042, 0.006473),
            (-0.034466, 0.018271, 0.030008), (-0.024139, 0.054038, 0.030645), (-0.045959, 0.025178, 0.007696),
            (-0.046159, 0.023329, 0.010066), (-0.033786, 0.016148, 0.029996), (-0.022486, 0.053449, 0.030275),
            (-0.04622, 0.022327, 0.012592), (-0.041597, 0.010412, 0.00733), (-0.043488, 0.01285, 0.007113),
            (-0.035545, 0.014513, 0.030111), (-0.026059, 0.053893, 0.032634), (-0.024189, 0.055277, 0.030342),
            (-0.023185, 0.054773, 0.032791), (-0.021877, 0.05478, 0.031409), (-0.034925, 0.020887, 0.030019),
            (-0.021934, 0.050759, 0.030335), (-0.033471, 0.021043, 0.029884), (-0.032615, 0.019175, 0.029844),
            (-0.034406, 0.004987, -0.000628), (-0.029721, 0.01944, 0.029614), (-0.032033, 0.020989, 0.029771),
            (-0.030712, 0.017903, 0.029702), (-0.019895, 0.05015, 0.030248), (-0.021306, 0.053928, 0.030317),
            (-0.020446, 0.052289, 0.030411), (-0.031026, 0.023113, 0.029736), (-0.017519, 0.054815, 0.028328),
            (-0.022083, 0.055623, 0.030166), (-0.019966, 0.055671, 0.029697), (-0.029679, 0.021798, 0.029594),
            (-0.032007, 0.016258, 0.029843), (-0.018383, 0.056019, 0.030323), (-0.029851, 0.013649, 0.02977),
            (-0.028883, 0.016118, 0.029605), (-0.020007, 0.054725, 0.030866), (-0.02024, 0.056422, 0.030601),
            (-0.020204, 0.055162, 0.032744), (-0.018228, 0.050827, 0.030312), (-0.028445, 0.014237, 0.029629),
            (-0.027916, 0.01791, 0.029505), (-0.031801, 0.007905, 0.029908), (-0.017624, 0.053148, 0.030315),
            (-0.030071, 0.006143, 0.029868), (-0.029044, 0.008416, 0.0297), (-0.018589, 0.054113, 0.030329),
            (-0.030862, 0.009145, 0.029801), (-0.031677, 0.010486, 0.029993), (-0.015973, 0.051877, 0.030302),
            (-0.030198, 0.010204, 0.029839), (-0.031108, 0.011161, 0.030015), (-0.029987, 0.011688, 0.029906),
            (-0.018241, 0.055021, 0.032025), (-0.016235, 0.054111, 0.030409), (-0.029173, 0.010173, 0.029707),
            (-0.02893, 0.009445, 0.029662), (-0.02934, 0.004235, 0.029889), (-0.014186, 0.050345, 0.030207),
            (-0.028343, 0.006402, 0.029746), (-0.027732, 0.003645, 0.029822), (-0.026852, 0.004927, 0.029725),
            (-0.028041, 0.008212, 0.029676), (-0.027183, 0.008123, 0.029662), (-0.02076, 0.031323, 0.029327),
            (-0.028309, 0.010807, 0.02965), (-0.027674, 0.012344, 0.029618), (-0.018324, 0.032116, 0.029347),
            (-0.02694, 0.01019, 0.029692), (-0.017514, 0.029634, 0.029243), (-0.015759, 0.029991, 0.029224),
            (-0.015723, 0.031723, 0.029217), (-0.016491, 0.033439, 0.029196), (-0.014051, 0.032086, 0.02909),
            (-0.025399, 0.011371, 0.029574), (-0.026054, 0.009101, 0.029702), (-0.026512, 0.007387, 0.029654),
            (-0.02563, 0.006697, 0.029597), (-0.024143, 0.009274, 0.029648), (-0.01584, 0.035795, 0.029267),
            (-0.024814, 0.005955, 0.029575), (-0.024447, 0.004082, 0.029612), (-0.02325, 0.005563, 0.02949),
            (-0.024249, 0.006755, 0.029488), (-0.022885, 0.008175, 0.029353), (-0.022712, 0.006751, 0.029377),
            (-0.014234, 0.030255, 0.029185), (-0.024073, 0.010984, 0.029527), (-0.012483, 0.0303, 0.029137),
            (-0.022377, 0.010294, 0.029407), (-0.014184, 0.03463, 0.029184), (-0.029731, 0.023994, 0.02964),
            (-0.027769, 0.020511, 0.029479), (-0.012561, 0.032766, 0.029112), (-0.012509, 0.035275, 0.029194),
            (-0.027614, 0.025358, 0.029309), (-0.012527, 0.037157, 0.029301), (-0.027943, 0.023334, 0.029544),
            (-0.010905, 0.036734, 0.029277), (-0.009428, 0.034656, 0.029135), (-0.025714, 0.02176, 0.029352),
            (-0.026483, 0.023737, 0.029442), (-0.010994, 0.030524, 0.029068), (-0.009207, 0.029236, 0.029156),
            (-0.010603, 0.033129, 0.029101), (-0.009895, 0.031497, 0.029021), (-0.025272, 0.02005, 0.029314),
            (-0.008182, 0.032469, 0.029085), (-0.008076, 0.030804, 0.029022), (-0.011259, 0.039087, 0.029394),
            (-0.023387, 0.023843, 0.029279), (-0.025089, 0.024905, 0.029237), (-0.008399, 0.036794, 0.029276),
            (-0.008434, 0.038541, 0.029365), (-0.006525, 0.037939, 0.029303), (-0.007199, 0.03466, 0.029145),
            (-0.02367, 0.022084, 0.029246), (-0.005227, 0.035856, 0.029213), (-0.006186, 0.031445, 0.029024),
            (-0.004757, 0.034098, 0.029108), (-0.004518, 0.032024, 0.029042), (-0.023689, 0.013147, 0.029406),
            (-0.021723, 0.011738, 0.029227), (-0.021777, 0.013342, 0.029218), (-0.007157, 0.040028, 0.029474),
            (-0.020395, 0.014004, 0.028966), (-0.02119, 0.00623, 0.029336), (-0.019956, 0.008193, 0.029223),
            (-0.020482, 0.009678, 0.029163), (-0.005918, 0.02925, 0.029095), (-0.004788, 0.030321, 0.029004),
            (-0.003193, 0.029902, 0.028914), (-0.018716, 0.009977, 0.02926), (-0.002132, 0.03275, 0.029025),
            (-0.001105, 0.030848, 0.028927), (-0.01724, 0.010271, 0.029147), (0.000113, 0.028581, 0.028827),
            (-0.046076, 0.023978, 0.013855), (-0.045965, 0.024492, 0.01649), (-0.02732, 0.051471, -0.00875),
            (-0.029348, 0.050326, -0.00726), (-0.044615, 0.015028, 0.010362), (-0.030086, 0.049996, -0.004425),
            (-0.04389, 0.013561, 0.012947), (-0.045727, 0.025773, 0.014845), (-0.04602, 0.024839, 0.012416),
            (-0.045744, 0.01799, 0.013784), (-0.045409, 0.017322, 0.011694), (-0.044903, 0.015642, 0.013202),
            (-0.045437, 0.026942, 0.010687), (-0.045594, 0.026808, 0.008396), (-0.045956, 0.024992, 0.010708),
            (-0.044876, 0.028577, 0.008747), (-0.045353, 0.027169, 0.012797), (-0.044757, 0.028846, 0.012036),
            (-0.033418, 0.046999, -0.005765), (-0.03494, 0.04509, -0.006597), (-0.034765, 0.045083, -0.004185),
            (-0.044139, 0.030296, 0.009308), (-0.044652, 0.029205, 0.007005), (-0.041805, 0.010808, 0.013229),
            (-0.040488, 0.009616, 0.012962), (-0.033106, 0.047331, -0.003899), (-0.043737, 0.01334, 0.014848),
            (-0.042548, 0.011785, 0.014589), (-0.044034, 0.032583, 0.033256), (-0.032812, 0.047723, -0.002001),
            (-0.041658, 0.01064, 0.015944), (-0.043446, 0.012882, 0.016183), (-0.042458, 0.011473, 0.01686),
            (-0.031553, 0.048621, -0.003385), (-0.043491, 0.031293, 0.012673), (-0.03967, 0.008774, 0.011724),
            (-0.042823, 0.032366, 0.011022), (-0.039905, 0.008867, 0.014835), (-0.045079, 0.028168, 0.014927),
            (-0.038343, 0.007776, 0.015741), (-0.038433, 0.007744, 0.012597), (-0.04738, 0.030704, 0.033251),
            (-0.045313, 0.031662, 0.0342), (-0.046758, 0.031765, 0.033451), (-0.046397, 0.032419, 0.033252),
            (-0.046809, 0.031704, 0.031652), (-0.045934, 0.024853, 0.018891), (-0.047227, 0.029721, 0.034194),
            (-0.031603, 0.04859, -0.000368), (-0.045491, 0.026757, 0.017933), (-0.030277, 0.049669, -0.001655),
            (-0.04599, 0.03296, 0.032998), (-0.045544, 0.03371, 0.03214), (-0.04481, 0.028828, 0.016796),
            (-0.046055, 0.022985, 0.020708), (-0.04539, 0.033722, 0.03348), (-0.044936, 0.015851, 0.015621),
            (-0.045893, 0.024649, 0.02109), (-0.04462, 0.034394, 0.034085), (-0.044397, 0.035294, 0.033146),
            (-0.045191, 0.016721, 0.017216), (-0.027642, 0.051291, -0.00302), (-0.045659, 0.018132, 0.017976),
            (-0.044198, 0.014205, 0.017569), (-0.044052, 0.030395, 0.014084), (-0.029114, 0.050474, -0.00193),
            (-0.043505, 0.036778, 0.032209), (-0.044131, 0.030289, 0.016074), (-0.044863, 0.015779, 0.019284),
            (-0.042937, 0.032021, 0.015224), (-0.042159, 0.038581, 0.031981), (-0.0281, 0.051066, -0.000231),
            (-0.042812, 0.012083, 0.019165), (-0.024553, 0.052515, -0.002279), (-0.043845, 0.030641, 0.018567),
            (-0.044716, 0.028963, 0.018784), (-0.04313, 0.03172, 0.017259), (-0.042288, 0.037483, 0.033932),
            (-0.043016, 0.036574, 0.034029), (-0.041864, 0.033617, 0.01699), (-0.04091, 0.035331, 0.005744),
            (-0.041303, 0.039021, 0.034022), (-0.046264, 0.020522, 0.012472), (-0.046106, 0.019064, 0.011739),
            (-0.041333, 0.037722, 0.034127), (-0.041498, 0.034437, 0.00822), (-0.043017, 0.032157, 0.008284),
            (-0.042141, 0.033471, 0.009796), (-0.04403, 0.030646, 0.006017), (-0.045162, 0.016863, 0.02068),
            (-0.043544, 0.035718, 0.034174), (-0.040533, 0.035829, 0.010079), (-0.040401, 0.036113, 0.008246),
            (-0.041336, 0.034487, 0.011158), (-0.042168, 0.035838, 0.033785), (-0.04005, 0.036641, 0.006021),
            (-0.042044, 0.033472, 0.013594), (-0.044933, 0.016089, 0.022055), (-0.040073, 0.036451, 0.01725),
            (-0.039582, 0.037383, 0.011554), (-0.039485, 0.037347, 0.015539), (-0.046086, 0.022707, 0.022885),
            (-0.04543, 0.027017, 0.02076), (-0.045146, 0.027635, 0.022769), (-0.040351, 0.03603, 0.024543),
            (-0.042546, 0.032664, 0.019232), (-0.038044, 0.039656, 0.024888), (-0.038655, 0.038551, 0.023102),
            (-0.041446, 0.034095, 0.020124), (-0.041935, 0.033526, 0.022121), (-0.040783, 0.039129, 0.03083),
            (-0.037687, 0.040102, 0.016495), (-0.037059, 0.041113, 0.017056), (-0.04897, 0.017677, 0.032407),
            (-0.036411, 0.042554, 0.003444), (-0.036086, 0.043087, 0.001383), (-0.0482, 0.015318, 0.032211),
            (-0.048402, 0.016243, 0.033741), (-0.036526, 0.04189, 0.025291), (-0.047367, 0.01641, 0.034003),
            (-0.037024, 0.040913, 0.022423), (-0.03539, 0.0435, 0.024971), (-0.035288, 0.044062, 0.002757),
            (-0.034097, 0.045872, 0.004089), (-0.033608, 0.046498, 0.001643), (-0.041042, 0.04018, 0.033188),
            (-0.03263, 0.047706, 0.003597), (-0.039944, 0.041777, 0.033122), (-0.040159, 0.038713, 0.033932),
            (-0.040018, 0.040302, 0.03405), (-0.038542, 0.043337, 0.033734), (-0.039133, 0.037742, 0.018624),
            (-0.039239, 0.039569, 0.033248), (-0.038577, 0.038697, 0.017138), (-0.039148, 0.041291, 0.034038),
            (-0.037614, 0.040237, 0.019538), (-0.034389, 0.045411, 0.009946), (-0.037786, 0.044837, 0.033371),
            (-0.036362, 0.042041, 0.019422), (-0.036916, 0.043186, 0.033544), (-0.03571, 0.044543, 0.032553),
            (-0.031488, 0.048634, 0.001926), (-0.03028, 0.049724, 0.000608), (-0.046044, 0.010974, 0.032581),
            (-0.031399, 0.048751, 0.004567), (-0.029519, 0.050223, 0.002092), (-0.044294, 0.009018, 0.032966),
            (-0.029848, 0.050054, 0.005237), (-0.042325, 0.00701, 0.031953), (-0.028662, 0.050792, 0.003747),
            (-0.040575, 0.006166, 0.033547), (-0.026113, 0.052021, -0.000152), (-0.027138, 0.051552, 0.001964),
            (-0.024637, 0.052514, 0.002916), (-0.044405, 0.011112, 0.034013), (-0.038661, 0.042409, 0.033926),
            (-0.04203, 0.008018, 0.033917), (-0.037562, 0.043864, 0.033936), (-0.028469, 0.050873, 0.010043),
            (-0.036772, 0.044545, 0.034011), (-0.03656, 0.045491, 0.034056), (-0.03691, 0.046187, 0.032654),
            (-0.035843, 0.047735, 0.032606), (-0.036186, 0.046371, 0.033916), (-0.035462, 0.047279, 0.033944),
            (-0.035001, 0.045691, 0.033397), (-0.023645, 0.052897, 0.005854), (-0.03846, 0.004723, 0.031509),
            (-0.036682, 0.003565, 0.031258), (-0.023895, 0.052786, 0.008066), (-0.035963, 0.004259, 0.033777),
            (-0.035467, 0.002626, 0.032523), (-0.035706, 0.043255, 0.013741), (-0.036394, 0.042301, 0.016291),
            (-0.03494, 0.044283, 0.023198), (-0.034992, 0.044083, 0.015826), (-0.03358, 0.046013, 0.023526),
            (-0.034269, 0.045438, 0.01378), (-0.033961, 0.002217, 0.033761), (-0.032348, 0.000638, 0.033445),
            (-0.035258, 0.043708, 0.017869), (-0.032117, 0.047784, 0.02391), (-0.032324, 0.047782, 0.022356),
            (-0.030583, 0.00082, 0.033444), (-0.031341, 0.048691, 0.025577), (-0.034136, 0.003624, 0.033325),
            (-0.033672, 0.046229, 0.015689), (-0.031092, 0.048855, 0.0236), (-0.032, 0.048227, 0.015869),
            (-0.045676, 0.026838, -0.00821), (-0.031485, 0.048634, 0.014558), (-0.045872, 0.025828, -0.001674),
            (-0.045332, 0.027774, -0.002704), (-0.044432, 0.030109, -0.010714), (-0.034088, 0.045693, 0.017584),
            (-0.034077, 0.045642, 0.019383), (-0.03306, 0.046895, 0.018852), (-0.044975, 0.028873, -0.00913),
            (-0.033016, 0.047028, 0.020992), (-0.0442, 0.03073, -0.008525), (-0.032797, 0.047215, 0.016901),
            (-0.043098, 0.032613, -0.011061), (-0.029813, 0.050166, 0.014822), (-0.03039, 0.049613, 0.016112),
            (-0.031267, 0.048834, 0.017638), (-0.043122, 0.03248, -0.008295), (-0.041863, 0.034509, -0.008919),
            (-0.04119, 0.035568, -0.010302), (-0.03185, 0.048357, 0.019466), (-0.043834, 0.031236, -0.006666),
            (-0.029943, 0.049938, 0.018749), (-0.030634, 0.049376, 0.021117), (-0.04451, 0.029903, -0.004044),
            (-0.029456, 0.05026, 0.010992), (-0.029788, 0.050075, 0.013185), (-0.042239, 0.033754, -0.006266),
            (-0.028292, 0.050962, 0.011986), (-0.026144, 0.052143, 0.010406), (-0.026926, 0.051837, 0.012618),
            (-0.041993, 0.034106, -0.004523), (-0.027685, 0.051378, 0.014813), (-0.048359, 0.028522, 0.031853),
            (-0.049002, 0.026134, 0.032187), (-0.045876, 0.025838, 0.000192), (-0.047007, 0.026679, 0.03273),
            (-0.048576, 0.026201, 0.034056), (-0.049156, 0.024919, 0.033451), (-0.045305, 0.027729, 0.001165),
            (-0.048551, 0.027232, 0.033832), (-0.044621, 0.029489, 0.002945), (-0.047742, 0.02973, 0.033201),
            (-0.048187, 0.028606, 0.033375), (-0.047446, 0.027829, 0.034346), (-0.042137, 0.033842, -0.000699),
            (-0.048866, 0.023841, 0.03414), (-0.049443, 0.022064, 0.03315), (-0.040213, 0.036929, -0.001559),
            (-0.047236, 0.024805, 0.032399), (-0.028317, 0.051022, 0.016952), (-0.047549, 0.025048, 0.033617),
            (-0.040886, 0.035778, -0.000483), (-0.047829, 0.025883, 0.034177), (-0.044855, 0.028757, 0.005154),
            (-0.019361, 0.053302, 0.023611), (-0.017996, 0.053191, 0.021866), (-0.028508, 0.050907, 0.019149),
            (-0.025725, 0.052309, 0.016476), (-0.04141, 0.034788, 0.001277), (-0.040977, 0.035497, 0.003211),
            (-0.024129, 0.052693, 0.024524), (-0.029007, 0.050551, 0.021131), (-0.020134, 0.053295, 0.016018),
            (-0.02105, 0.053314, 0.024588), (-0.046086, 0.019632, -0.005625), (-0.034181, 0.050055, 0.032682),
            (-0.045345, 0.0168, -0.004081), (-0.018916, 0.053225, 0.025741), (-0.017543, 0.053145, 0.024102),
            (-0.043999, 0.013656, -0.004491), (-0.03235, 0.051406, 0.033819), (-0.031481, 0.052767, 0.032787),
            (-0.029621, 0.054118, 0.033066), (-0.030147, 0.052764, 0.033821), (-0.035096, 0.044704, -0.009096),
            (-0.027812, 0.055163, 0.032298), (-0.02589, 0.055883, 0.031602), (-0.039884, 0.037415, -0.009774),
            (-0.035478, 0.044143, -0.016766), (-0.034392, 0.045717, -0.018035), (-0.032775, 0.047827, -0.019145),
            (-0.044578, 0.014831, 0.001825), (-0.045237, 0.016814, 0.003969), (-0.030043, 0.049944, -0.0205),
            (-0.030899, 0.04932, -0.018794), (-0.029588, 0.05021, -0.018211), (-0.034838, 0.048276, 0.033803),
            (-0.032892, 0.048637, 0.033348), (-0.029728, 0.050101, -0.015898), (-0.031284, 0.050269, 0.033085),
            (-0.034108, 0.048333, 0.033802), (-0.03361, 0.049264, 0.033865), (-0.03283, 0.050136, 0.033841),
            (-0.030325, 0.049718, -0.01319), (-0.028862, 0.050594, -0.014368), (-0.027889, 0.051199, -0.011996),
            (-0.02917, 0.050407, -0.011297), (-0.029989, 0.051778, 0.033508), (-0.031141, 0.051689, 0.033813),
            (-0.028337, 0.052671, 0.032841), (-0.028785, 0.05336, 0.03378), (-0.037865, 0.040409, -0.002197),
            (-0.027992, 0.054005, 0.033796), (-0.043941, 0.013652, 0.001244), (-0.043149, 0.012302, 0.001068),
            (-0.03599, 0.043291, -0.00316), (-0.038791, 0.039058, -0.000646), (-0.037691, 0.04055, -0.000119),
            (-0.044563, 0.014791, 0.004438), (-0.036487, 0.04233, -0.0015), (-0.036605, 0.042134, -2.4e-05),
            (-0.024972, 0.056139, 0.032636), (-0.02603, 0.05555, 0.033151), (-0.023484, 0.056416, 0.030928),
            (-0.023402, 0.056412, 0.033299), (-0.035201, 0.044553, -0.001272), (-0.02154, 0.056923, 0.031108),
            (-0.033873, 0.046469, -0.008155), (-0.021921, 0.05663, 0.033326), (-0.045363, 0.017103, 0.006816),
            (-0.032965, 0.047622, -0.007212), (-0.020308, 0.056729, 0.033266), (-0.018226, 0.057045, 0.032049),
            (-0.029885, 0.049989, -0.009295), (-0.027304, 0.054492, 0.033713), (-0.026625, 0.054865, 0.033672),
            (-0.025124, 0.055148, 0.033717), (-0.045433, 0.027361, 0.003747), (-0.045145, 0.016624, 0.009359),
            (-0.018821, 0.056174, 0.033528), (-0.017178, 0.056185, 0.033509), (-0.045344, 0.027392, 0.006319),
            (-0.044773, 0.015307, 0.007398), (-0.037413, 0.007079, 0.012831), (-0.035861, 0.006128, 0.012741),
            (-0.033767, 0.004844, 0.012456), (-0.032136, 0.00376, 0.012239), (-0.032823, 0.004089, 0.014096),
            (-0.036539, 0.006573, 0.015511), (-0.034414, 0.005215, 0.01453), (-0.034097, 0.004976, 0.016392),
            (-0.030782, 0.00286, 0.012183), (-0.031369, 0.003078, 0.014432), (-0.02969, 0.001879, 0.01359),
            (-0.028281, 0.001119, 0.014675), (-0.028139, 0.000985, 0.012399), (-0.026401, -8.4e-05, 0.013312),
            (-0.024944, -0.001028, 0.013111), (-0.025928, -0.000396, 0.016621), (-0.023632, -0.001892, 0.014923),
            (-0.024678, -0.001212, 0.015495), (-0.032166, 0.00385, 0.016132), (-0.029593, 0.002079, 0.015989),
            (-0.030722, 0.002725, 0.017004), (-0.028028, 0.000951, 0.01759), (-0.026389, -0.000112, 0.018776),
            (-0.024322, -0.001506, 0.018717), (-0.020831, -0.007088, 0.031065), (-0.019615, -0.006484, 0.02951),
            (-0.018532, -0.008096, 0.030691), (0.005288, 0.00283, 0.031245), (0.003831, 0.003461, 0.029399),
            (0.003789, 0.00236, 0.031026), (0.007598, -0.024697, 0.030814), (0.00921, -0.02587, 0.03132),
            (0.009095, -0.02461, 0.029776), (-0.029558, -0.001179, 0.031071), (-0.002854, 0.016893, 0.028487),
            (-0.004458, 0.015993, 0.028497), (-0.003407, 0.014625, 0.028507), (-0.001675, 0.015928, 0.028315),
            (0.00882, -0.022151, 0.029764), (0.006998, -0.023233, 0.029718), (-0.000934, 0.014511, 0.028293),
            (-0.002134, 0.012643, 0.028484), (-0.027662, -0.002296, 0.030883), (-0.026044, -0.003491, 0.03086),
            (-0.026573, -0.003549, 0.032673), (0.010234, -0.023011, 0.029803), (-0.0001, 0.012731, 0.028303),
            (-0.001289, 0.010513, 0.028552), (-0.029504, 0.000828, 0.03208), (0.011245, -0.023656, 0.029821),
            (-0.02765, -0.000503, 0.031404), (-0.028693, -0.000537, 0.033489), (-0.021075, -0.005021, 0.032534),
            (-0.020553, -0.005247, 0.031045), (-0.022404, -0.004031, 0.030965), (0.012474, -0.026862, 0.026635),
            (0.010543, -0.025802, 0.026875), (0.011057, -0.025606, 0.02502), (-0.019275, -0.006214, 0.032611),
            (0.01084, -0.027158, 0.028365), (-0.018626, -0.005641, 0.029819), (-0.017618, -0.007274, 0.030886),
            (0.00066, 0.01623, 0.028337), (-0.021068, -0.003642, 0.009996), (-0.017487, -0.007942, 0.029186),
            (-0.016264, -0.009691, 0.030767), (0.00894, -0.025956, 0.028583), (-0.01767, -0.009436, 0.031303),
            (0.002345, 0.010976, 0.028331), (0.002325, 0.01254, 0.028316), (0.00276, 0.013903, 0.028327),
            (0.00277, 0.015828, 0.028345), (-0.018322, -0.007972, 0.033528), (-0.019588, -0.008143, 0.032975),
            (-0.017204, -0.009425, 0.03349), (0.012474, -0.028391, 0.028601), (0.013892, -0.028707, 0.027832),
            (-0.019442, -0.004726, 0.01131), (-0.019286, -0.004813, 0.008113), (0.004713, 0.013938, 0.028344),
            (0.005816, 0.015127, 0.028337), (0.002693, 0.017591, 0.02838), (-0.021018, -0.003741, 0.012285),
            (0.010953, -0.028256, 0.030267), (-0.016612, -0.003425, 0.029644), (-0.018676, -0.003636, 0.029767),
            (0.012352, -0.029838, 0.030484), (-0.01563, -0.004824, 0.029676), (-0.004708, 0.017977, 0.028542),
            (0.009312, -0.027191, 0.030287), (-0.003305, 0.019269, 0.028574), (-0.017199, -0.006462, 0.029828),
            (-0.020077, -0.004286, 0.005452), (-0.015871, -0.007329, 0.02978), (0.01028, -0.026041, 0.030076),
            (-0.001495, 0.019452, 0.028434), (0.012161, -0.026869, 0.029877), (0.012142, -0.024875, 0.029836),
            (-0.000689, 0.021578, 0.028571), (-0.001459, 0.017629, 0.028331), (-0.017915, -0.005718, 0.006665),
            (-0.017201, -0.006189, 0.005139), (-0.014142, -0.005977, 0.029677), (0.01117, -0.027217, 0.031166),
            (0.000246, 0.018864, 0.028393), (-0.013273, -0.004378, 0.029527), (-0.014684, -0.002, 0.029439),
            (0.012248, -0.027998, 0.032004), (-0.01705, -0.001635, 0.029529), (0.013371, -0.02789, 0.029943),
            (-0.01552, -0.007285, 0.006738), (-0.014456, -0.008004, 0.005184), (0.002017, 0.020685, 0.028473),
            (0.001456, 0.022814, 0.028571), (-0.013436, -0.008693, 0.007432), (-0.015058, -0.009514, 0.029042),
            (-0.014342, -0.010368, 0.030194), (-0.017169, -0.006223, 0.008289), (0.004884, 0.020937, 0.028521),
            (0.002857, 0.021959, 0.028515), (0.014661, -0.030269, 0.030098), (0.015688, -0.030352, 0.029122),
            (-0.015606, -0.008475, 0.030374), (-0.016865, -0.007964, 0.032561), (-0.013615, -0.008583, 0.009213),
            (0.013704, -0.028759, 0.031927), (0.014812, -0.029122, 0.030574), (0.002616, 0.024072, 0.028753),
            (-0.014906, -0.011443, 0.031363), (0.004415, 0.022796, 0.028564), (-0.012873, -0.011398, 0.030127),
            (0.014839, -0.029958, 0.033058), (0.015872, -0.029862, 0.032484), (-0.013165, -0.00992, 0.030058),
            (-0.013738, -0.008399, 0.02976), (-0.014534, -0.009412, 0.031007), (-0.017879, -0.005764, 0.009623),
            (-0.018404, -0.00543, 0.010656), (-0.012926, -0.010594, 0.032345), (0.004203, 0.018649, 0.028413),
            (0.005806, 0.017333, 0.028405), (0.006757, 0.019619, 0.028487), (-0.015623, -0.007266, 0.009492),
            (0.011674, -0.025636, 0.013976), (-0.012245, -0.007795, 0.029721), (-0.016074, -0.006983, 0.011382),
            (-0.013699, -0.008532, 0.010644), (-0.011705, -0.005506, 0.0295), (0.009902, -0.024534, 0.015224),
            (0.011559, -0.025557, 0.016438), (0.009845, -0.024507, 0.017206), (0.010342, -0.02489, 0.019311),
            (0.012273, -0.026213, 0.018576), (-0.011788, -0.010594, 0.029906), (0.003544, 0.007963, 0.028352),
            (0.001582, 0.007638, 0.028385), (0.001794, 0.005822, 0.028407), (-0.016377, -0.006631, 0.012554),
            (0.000996, 0.009915, 0.028322), (-0.000143, 0.007908, 0.028393), (-0.018231, -0.005591, 0.013301),
            (0.008741, -0.023775, 0.017551), (-0.010094, -0.009073, 0.029653), (0.008442, -0.023638, 0.01977),
            (0.004319, 0.011848, 0.028315), (-0.017369, 0.002712, 0.029285), (-0.018019, 0.004046, 0.029261),
            (-0.018951, 0.002092, 0.029412), (-0.017124, 0.001192, 0.029343), (0.009987, -0.024768, 0.021884),
            (0.005344, 0.010168, 0.028346), (0.005049, 0.007383, 0.02836), (-0.012066, -0.009578, 0.00678),
            (-0.010468, -0.010643, 0.005672), (-0.016025, 0.001898, 0.029262), (-0.01176, -0.009825, 0.008975),
            (0.011217, -0.025566, 0.02066), (-0.015279, 0.002964, 0.029168), (-0.015135, 0.000934, 0.029279),
            (-0.009652, -0.011211, 0.007706), (0.015983, -0.028169, 0.016405), (0.017006, -0.028555, 0.02002),
            (0.014727, -0.027548, 0.019202), (-0.010315, -0.010765, 0.00982), (0.004251, 0.005545, 0.028337),
            (0.002697, 0.004333, 0.028491), (-0.013982, 0.000443, 0.029245), (0.01467, -0.027581, 0.020925),
            (0.013064, -0.026816, 0.021265), (-0.013686, 0.002361, 0.029125), (0.006626, 0.006498, 0.028311),
            (0.00447, 0.004115, 0.028252), (0.00608, 0.004371, 0.028401), (-0.013642, 0.004484, 0.029051),
            (-0.008144, -0.0122, 0.006249), (0.00559, 0.004586, 0.030427), (-0.012317, 0.00369, 0.029036),
            (-0.012813, 0.000716, 0.029158), (-0.011315, 0.001595, 0.029049), (0.018084, -0.028839, 0.023553),
            (0.01882, -0.028976, 0.020713), (0.006521, 0.00839, 0.028371), (-0.010963, 0.004591, 0.029095),
            (-0.009744, 0.002427, 0.028928), (0.02932, -0.027488, 0.01217), (-0.011381, -0.010567, 0.027039),
            (-0.009768, -0.011543, 0.024116), (-0.009663, -0.011586, 0.026242), (-0.007929, -0.012356, 0.008348),
            (0.008059, 0.004933, 0.028443), (0.031886, -0.025847, 0.012886), (0.009188, 0.006031, 0.02799),
            (0.02909, -0.027695, 0.014401), (0.030494, -0.026815, 0.015613), (0.006691, 0.011974, 0.028333),
            (0.02741, -0.028436, 0.020311), (0.029235, -0.027767, 0.01892), (0.029171, -0.027755, 0.020338),
            (0.027983, -0.028307, 0.022458), (-0.008302, -0.012119, 0.010608), (-0.006707, -0.013163, 0.009398),
            (-0.005519, -0.013936, 0.008591), (0.007075, 0.00987, 0.028357), (-0.011977, -0.002321, 0.0293),
            (0.031472, -0.026324, 0.017787), (0.032146, -0.02577, 0.016458), (-0.005933, -0.013683, 0.010566),
            (0.029762, -0.027393, 0.017353), (0.030886, -0.026777, 0.019267), (0.008054, 0.015903, 0.028408),
            (0.007894, 0.012944, 0.028376), (-0.012064, -0.000405, 0.029196), (0.033268, -0.024921, 0.017212),
            (0.029985, -0.027311, 0.021439), (0.008414, 0.010969, 0.028317), (0.009862, 0.011766, 0.028281),
            (0.009077, 0.014074, 0.028396), (0.03224, -0.025799, 0.019708), (0.032715, -0.025506, 0.021355),
            (-0.012012, -0.009635, 0.012178), (0.007997, -0.023381, 0.021612), (0.008434, 0.008629, 0.028247),
            (-0.009841, -0.011101, 0.011348), (-0.010108, -0.010925, 0.012639), (-0.010949, -0.000935, 0.029176),
            (-0.010393, -0.001833, 0.029197), (-0.014032, -0.008317, 0.012211), (0.008763, -0.023957, 0.02309),
            (-0.014086, -0.008288, 0.013692), (-0.009413, -0.003754, 0.029251), (-0.009153, -0.002158, 0.029159),
            (0.009571, 0.007609, 0.028067), (-0.011894, -0.009737, 0.015045), (0.011625, -0.025865, 0.022393),
            (0.0112, 0.007212, 0.02813), (-0.010539, -0.006494, 0.029525), (0.011011, 0.009739, 0.028119),
            (-0.008267, -0.012111, 0.0126), (-0.008711, -0.007859, 0.02949), (0.013742, -0.027152, 0.025807),
            (0.015378, -0.02855, 0.027016), (0.013053, 0.008028, 0.028212), (0.010986, -0.022462, 0.029759),
            (-0.010831, -0.010458, 0.01425), (-0.009958, -0.011046, 0.01537), (-0.007687, -0.012535, 0.013962),
            (-0.007977, -0.002688, 0.029136), (-0.008014, -0.004413, 0.029235), (-0.007577, -0.00572, 0.029298),
            (0.003912, -0.010553, 0.029417), (0.004912, -0.009413, 0.028921), (0.003176, -0.009004, 0.029069),
            (0.011942, -0.024004, 0.02982), (-0.006013, -0.013684, 0.012016), (0.004166, -0.00762, 0.028668),
            (0.013213, -0.025869, 0.02989), (0.013982, -0.024095, 0.029778), (0.006165, -0.007748, 0.028678),
            (0.007543, -0.009195, 0.028933), (0.013611, -0.0228, 0.030383), (0.012159, -0.021889, 0.030047),
            (-0.000983, -0.005431, 0.028942), (-0.000565, -0.003901, 0.029103), (-0.002418, -0.003927, 0.028901),
            (-0.000438, -0.002396, 0.028913), (-0.001644, -0.001712, 0.028758), (-0.009294, 0.000804, 0.028993),
            (0.014287, -0.026682, 0.029877), (-0.000448, -0.005537, 0.03029), (-0.000912, -0.007084, 0.029045),
            (-0.02012, -0.004333, 0.013735), (-0.022217, -0.00294, 0.014107), (0.014772, -0.027461, 0.029879),
            (-0.021587, -0.003324, 0.015489), (0.015646, -0.026153, 0.029815), (-0.009726, 0.004331, 0.02898),
            (0.015026, -0.024781, 0.02987), (-0.019269, -0.004856, 0.015471), (0.003107, -0.003105, 0.028443),
            (0.002779, -0.001701, 0.028672), (0.002078, -0.004191, 0.029031), (-0.020444, -0.004076, 0.016657),
            (0.003685, -0.00494, 0.028748), (0.00193, -0.00578, 0.029433), (0.000174, -0.002566, 0.030737),
            (2.2e-05, -0.003843, 0.03074), (0.015247, -0.023356, 0.031355), (0.016578, -0.025254, 0.030713),
            (-0.008033, -0.000198, 0.028959), (0.000529, -0.005995, 0.031026), (-1.5e-05, -0.00683, 0.030688),
            (0.017041, -0.026853, 0.029888), (-0.021733, -0.003317, 0.021548), (-0.023599, -0.002012, 0.020497),
            (-0.022098, -0.003054, 0.019421), (0.000576, -0.004751, 0.030965), (0.001407, -0.004157, 0.030954),
            (-0.02404, -0.001831, 0.022311), (0.000867, -0.005, 0.030974), (-0.008242, 0.004439, 0.028833),
            (-0.007517, 0.002883, 0.028774), (0.021067, -0.021951, 0.029841), (0.018468, -0.021157, 0.02914),
            (0.018844, -0.022921, 0.02941), (-0.020447, -0.004225, 0.022292), (-0.019579, -0.004648, 0.019841),
            (-0.017981, -0.005818, 0.020414), (0.000275, -0.000879, 0.029325), (-0.018646, -0.005485, 0.022524),
            (0.001664, -0.000915, 0.031016), (0.001276, 0.000436, 0.030192), (0.016422, -0.028294, 0.025845),
            (0.016742, -0.029687, 0.027635), (0.002053, -0.002991, 0.030728), (0.017906, -0.02874, 0.025973),
            (-0.006473, -0.00123, 0.028944), (-0.006649, 0.001351, 0.028835), (-0.015004, -0.007845, 0.021586),
            (-0.01335, -0.008822, 0.020442), (-0.013244, -0.009029, 0.022006), (-0.004815, -7e-05, 0.028823),
            (0.018026, -0.029785, 0.02744), (-0.016874, -0.00658, 0.021339), (-0.016379, -0.007044, 0.022915),
            (0.002416, -0.002113, 0.03054), (0.017994, -0.031026, 0.028687), (0.020277, -0.030794, 0.027883),
            (0.002782, -0.001584, 0.030357), (0.001783, -0.006973, 0.030455), (0.002584, -0.007531, 0.028917),
            (0.002079, -0.008808, 0.030739), (0.020166, -0.029254, 0.026516), (-0.007614, -0.003288, 0.029147),
            (-0.01586, -0.007562, 0.024718), (-0.005504, -0.002872, 0.02901), (-0.006572, -0.00404, 0.029134),
            (0.000724, -0.008245, 0.031074), (-0.013504, -0.009014, 0.02366), (-0.011263, -0.010431, 0.023209),
            (0.020416, -0.029135, 0.024352), (0.022609, -0.029546, 0.022031), (0.023033, -0.029603, 0.023367),
            (0.003671, -0.011337, 0.030911), (0.002994, -0.009993, 0.030511), (0.00111, -0.010258, 0.030952),
            (-0.005463, -0.006538, 0.029252), (-0.005599, -0.004676, 0.029135), (-0.012625, -0.009588, 0.025931),
            (0.021814, -0.029529, 0.024911), (0.023768, -0.029447, 0.024444), (0.02309, -0.029901, 0.025612),
            (0.00537, -0.006126, 0.028787), (-0.00463, -0.004576, 0.029068), (0.02429, -0.029141, 0.02392),
            (-0.003602, -0.002199, 0.028895), (-0.008004, -0.012331, 0.016063), (-0.010431, -0.010652, 0.018179),
            (0.024144, -0.029479, 0.025284), (-0.010893, -0.010515, 0.020305), (-0.010543, -0.010791, 0.021685),
            (0.024377, -0.029529, 0.026755), (0.024689, -0.029911, 0.027427), (0.022933, -0.029943, 0.027246),
            (-0.008751, -0.011919, 0.020682), (0.026326, -0.029299, 0.027205), (0.025605, -0.029039, 0.026127),
            (0.004896, -0.002798, 0.028314), (0.005699, -0.004467, 0.02874), (0.005782, -0.001424, 0.028509),
            (0.007275, -0.002699, 0.028421), (0.008884, -0.000998, 0.028536), (0.003139, -0.001005, 0.030388),
            (0.003534, -0.000413, 0.030024), (0.004188, -0.000131, 0.028526), (-0.027716, 0.001346, 0.029916),
            (0.00458, 0.000744, 0.029057), (-0.003736, -0.015166, 0.007941), (0.003069, 0.000334, 0.031043),
            (0.004012, 0.000331, 0.030351), (0.017662, -0.031189, 0.029927), (-0.025451, 0.0018, 0.029785),
            (-0.024738, 0.002768, 0.029695), (0.006445, 0.000221, 0.028444), (0.005681, 0.001754, 0.029026),
            (0.014987, -0.031617, 0.03152), (-0.026845, -0.00124, 0.032666), (-0.024547, -0.002535, 0.030895),
            (-0.026076, -0.001309, 0.030413), (-0.003785, -0.015119, 0.01023), (0.018619, -0.029456, 0.029865),
            (0.017064, -0.029092, 0.029878), (0.017694, -0.030008, 0.030299), (0.019412, -0.030431, 0.030379),
            (0.018431, -0.030404, 0.03111), (-0.001696, -0.016549, 0.009883), (-0.022556, 0.005174, 0.029459),
            (0.020371, -0.029559, 0.029712), (-0.021132, 0.002936, 0.029474), (0.019792, -0.028128, 0.02993),
            (-0.000236, -0.017519, 0.009054), (0.014967, -0.02811, 0.0299), (0.007543, -0.006455, 0.028593),
            (-0.001555, -0.016664, 0.011548), (0.015749, -0.028158, 0.029898), (-0.021403, 0.001462, 0.029596),
            (0.016816, -0.030009, 0.030964), (0.00834, -0.003727, 0.028608), (-0.021454, 0.004538, 0.029413),
            (0.016165, -0.028975, 0.029903), (0.009205, -0.006739, 0.028674), (0.009484, -0.005121, 0.028692),
            (-0.000122, -0.017638, 0.012908), (0.001928, -0.018978, 0.013204), (0.001802, -0.018915, 0.010278),
            (0.002904, -0.019675, 0.012245), (-0.020018, 0.004729, 0.02935), (0.004797, -0.012715, 0.031066),
            (0.005269, -0.012109, 0.029297), (0.017628, -0.030503, 0.032557), (-0.01946, 0.003339, 0.02936),
            (0.005725, -0.010679, 0.028987), (0.006141, -0.013248, 0.031032), (-0.003924, -0.015055, 0.012867),
            (0.007543, -0.013393, 0.029635), (-0.018813, 0.006195, 0.029227), (-0.005634, -0.013945, 0.013734),
            (0.007785, -0.015021, 0.031302), (0.0178, -0.025555, 0.031488), (0.007093, -0.011627, 0.028814),
            (-0.001974, -0.016356, 0.013765), (-0.002922, -0.015763, 0.01481), (0.018636, -0.027205, 0.030481),
            (0.008279, -0.012331, 0.028857), (0.008721, -0.010587, 0.028854), (-0.005129, -0.014201, 0.015385),
            (-0.003633, -0.015317, 0.015884), (-0.018023, 0.007851, 0.029284), (0.008639, -0.019799, 0.029641),
            (0.008891, -0.018591, 0.030398), (0.008018, -0.018923, 0.029671), (0.007519, -0.017808, 0.029914),
            (0.007553, -0.018504, 0.029664), (0.006357, -0.01559, 0.031075), (0.005881, -0.016669, 0.029743),
            (0.006658, -0.01722, 0.029812), (0.019955, -0.031804, 0.030011), (-0.015959, 0.008793, 0.029176),
            (0.007987, -0.016866, 0.031113), (-0.016553, 0.006627, 0.029148), (0.004772, -0.014392, 0.030943),
            (-0.016355, 0.004375, 0.029143), (0.02197, -0.03204, 0.030036), (0.022905, -0.031435, 0.028349),
            (-0.000793, -0.017265, 0.015366), (0.001005, -0.018407, 0.017373), (0.000891, -0.018336, 0.014511),
            (0.00203, -0.01915, 0.015595), (0.009801, -0.017523, 0.031342), (0.020874, -0.030906, 0.031108),
            (0.021357, -0.030331, 0.030033), (0.009534, -0.01571, 0.031272), (0.002603, -0.019539, 0.019452),
            (0.002899, -0.019789, 0.017665), (0.004296, -0.020712, 0.018197), (0.003884, -0.020344, 0.016573),
            (0.009665, -0.013566, 0.029218), (0.00894, -0.01403, 0.030675), (0.019097, -0.030775, 0.031967),
            (0.01915, -0.030627, 0.031307), (0.005574, -0.021509, 0.016201), (0.0053, -0.021466, 0.019487),
            (0.006198, -0.022035, 0.018014), (0.00693, -0.02261, 0.020067), (0.007417, -0.022837, 0.018102),
            (0.011252, -0.014321, 0.0309), (-0.015081, 0.005475, 0.029007), (0.019728, -0.031059, 0.032435),
            (-0.008468, -0.012115, 0.018917), (-0.007238, -0.012951, 0.019827), (0.011043, -0.016417, 0.03127),
            (0.01252, -0.015593, 0.031237), (-0.003688, -0.015207, 0.020047), (-0.004413, -0.014812, 0.022025),
            (-0.005481, -0.014139, 0.019991), (-0.001772, -0.016574, 0.021175), (-0.002734, -0.016056, 0.022876),
            (0.021537, -0.028227, 0.030511), (-0.002371, -0.016107, 0.01678), (-0.001464, -0.016721, 0.018938),
            (-0.003371, -0.015403, 0.018169), (0.010226, -0.009908, 0.028863), (0.020179, -0.027177, 0.031513),
            (0.009854, -0.008205, 0.028803), (-0.014372, 0.007235, 0.028987), (0.010658, -0.012081, 0.028974),
            (-5.5e-05, -0.017763, 0.020225), (-0.000889, -0.017348, 0.023046), (0.022222, -0.025881, 0.031514),
            (0.022816, -0.027614, 0.031682), (0.02352, -0.022726, 0.029841), (0.022012, -0.023235, 0.029888),
            (0.023352, -0.02423, 0.029908), (-0.015122, 0.010388, 0.029002), (-0.013441, 0.0093, 0.028927),
            (-0.007915, -0.012674, 0.022933), (0.012196, -0.009851, 0.028854), (-0.006605, -0.013413, 0.021671),
            (0.022582, -0.028905, 0.02975), (0.022948, -0.030627, 0.030465), (-0.012755, 0.007425, 0.02897),
            (0.011316, -0.013742, 0.029497), (-0.005954, -0.014081, 0.024192), (0.024477, -0.028978, 0.029615),
            (-0.011151, 0.007763, 0.028912), (0.012256, -0.012297, 0.02898), (0.012913, -0.01359, 0.029603),
            (-0.011113, 0.010675, 0.028756), (0.024819, -0.031381, 0.02851), (-0.007283, -0.013155, 0.025507),
            (0.024269, -0.031644, 0.029941), (0.025976, -0.031441, 0.029933), (0.0136, -0.014189, 0.031032),
            (0.024766, -0.030567, 0.027851), (0.026995, -0.030782, 0.028386), (0.014238, -0.012692, 0.028917),
            (-0.013159, 0.01156, 0.028841), (0.013832, -0.011025, 0.028912), (-0.004396, -0.015026, 0.023619),
            (0.014902, -0.013474, 0.030854), (-0.002821, -0.016096, 0.024135), (0.014325, -0.015538, 0.031187),
            (0.015986, -0.012808, 0.029261), (-0.003748, -0.015522, 0.025393), (-0.00496, -0.014747, 0.026424),
            (-0.012449, 0.00564, 0.0291), (0.002944, -0.013222, 0.030472), (0.024483, -0.030744, 0.031197),
            (0.022318, -0.031122, 0.032547), (-0.001398, -0.017168, 0.025416), (-0.001943, -0.016949, 0.026807),
            (0.024257, -0.02806, 0.031121), (-0.003929, -0.015929, 0.027229), (0.024706, -0.026493, 0.031679),
            (0.011458, -0.006075, 0.028716), (0.025797, -0.027762, 0.031146), (0.011638, -0.0076, 0.028769),
            (0.025836, -0.030188, 0.030421), (0.026552, -0.028344, 0.029687), (0.004027, -0.020614, 0.020595),
            (0.006959, 0.001919, 0.028355), (0.027396, -0.029583, 0.030296), (0.008625, 0.002921, 0.028471),
            (0.008142, 0.001424, 0.028367), (0.001325, -0.018802, 0.021608), (0.000642, -0.01852, 0.024583),
            (0.009443, 0.001368, 0.028423), (0.002926, -0.01998, 0.022098), (0.031992, -0.02609, 0.02559),
            (0.03266, -0.025589, 0.023729), (0.033827, -0.02434, 0.024685), (0.002476, -0.019869, 0.023975),
            (0.01109, 0.000955, 0.028447), (-0.009282, 0.006358, 0.028904), (0.010915, 0.002723, 0.028238),
            (0.010151, 0.003359, 0.02908), (0.025367, -0.023175, 0.029855), (0.024403, -0.025056, 0.030654),
            (0.009881, -0.003093, 0.028574), (0.027848, -0.029402, 0.027572), (0.005783, -0.021891, 0.022051),
            (0.010926, -0.001386, 0.028556), (0.011726, -0.003715, 0.02865), (0.029451, -0.029296, 0.027902),
            (0.028722, -0.027994, 0.026258), (0.030412, -0.027308, 0.026615), (0.004354, -0.021025, 0.023095),
            (-0.010645, -0.012331, 0.028546), (0.012885, -0.002379, 0.028603), (-0.007976, -0.012835, 0.026929),
            (-0.009262, -0.013528, 0.029096), (0.013007, -0.004641, 0.028683), (0.031331, -0.028721, 0.028458),
            (0.015034, -0.002958, 0.028587), (-0.00771, -0.014659, 0.029553), (0.031804, -0.027143, 0.027397),
            (-0.012449, -0.012692, 0.031093), (-0.002622, -0.017764, 0.028446), (-0.000704, -0.019234, 0.028683),
            (0.000698, -0.018552, 0.026343), (0.000301, -0.019001, 0.027351), (0.012395, -0.00086, 0.028529),
            (0.002504, -0.020146, 0.026987), (0.027456, -0.026681, 0.031476), (0.02806, -0.027688, 0.02952),
            (0.028699, -0.029171, 0.030364), (0.000874, -0.020502, 0.029069), (0.010813, 0.00368, 0.028603),
            (0.010359, 0.003699, 0.028783), (-0.010799, -0.013165, 0.030549), (0.011439, 0.003848, 0.028642),
            (0.012718, 0.001081, 0.028469), (0.003032, -0.021988, 0.029197), (0.011217, 0.005254, 0.028544),
            (0.011134, 0.003978, 0.028626), (0.011995, 0.004811, 0.028343), (0.012707, 0.003593, 0.028249),
            (0.001656, -0.021795, 0.030347), (-0.009502, -0.010869, 0.029715), (0.029775, -0.028086, 0.03004),
            (0.029011, -0.02644, 0.029752), (-0.009642, -0.012141, 0.02999), (0.003179, -0.023006, 0.03035),
            (0.004952, -0.023099, 0.028488), (0.031212, -0.026929, 0.029892), (0.030223, -0.02527, 0.029878),
            (0.014156, 0.001625, 0.028409), (0.014536, -0.001167, 0.028531), (0.013948, 0.003569, 0.028179),
            (-0.00934, -0.014271, 0.030674), (0.003066, -0.020189, 0.025543), (0.015882, 0.000242, 0.028508),
            (0.015902, -0.001748, 0.028572), (-0.00876, -0.013146, 0.03041), (-0.007164, -0.012991, 0.029706),
            (0.033539, -0.026378, 0.027847), (0.00451, -0.021206, 0.024972), (0.004251, -0.021235, 0.026793),
            (0.015564, 0.002838, 0.028259), (0.005609, -0.022084, 0.026649), (0.033965, -0.024571, 0.026441),
            (0.01507, 0.004176, 0.028226), (0.007083, -0.022823, 0.026069), (0.005735, -0.022152, 0.024812),
            (0.00705, -0.023019, 0.024533), (0.017546, 0.001302, 0.028509), (0.017698, 0.002856, 0.028294),
            (0.035328, -0.025049, 0.028406), (-0.008572, -0.015582, 0.031472), (-0.00664, -0.015613, 0.030051),
            (0.017298, -0.000814, 0.028509), (0.019321, -0.000298, 0.028493), (-0.007368, -0.014257, 0.030884),
            (0.013765, -0.008747, 0.028792), (0.016097, -0.00955, 0.028838), (0.030695, -0.02377, 0.030651),
            (0.032521, -0.024765, 0.029663), (0.016159, -0.011265, 0.028886), (0.031842, -0.023366, 0.029557),
            (0.015196, -0.007577, 0.028731), (0.0332, -0.026423, 0.030608), (0.017551, -0.012546, 0.029191),
            (-0.011204, -0.011747, 0.031985), (0.034343, -0.023228, 0.029679), (0.01688, -0.013376, 0.030982),
            (0.003999, -0.020406, 0.010044), (-0.009667, -0.013071, 0.032993), (0.033268, -0.022228, 0.029608),
            (0.017922, -0.011261, 0.028844), (0.034528, -0.024902, 0.030047), (0.017747, -0.008359, 0.028785),
            (0.018731, -0.009972, 0.028865), (0.026692, -0.030323, 0.032488), (0.005764, -0.021604, 0.0111),
            (0.004257, -0.020611, 0.012568), (0.029796, -0.029926, 0.029482), (0.019234, -0.012066, 0.02897),
            (0.028274, -0.030905, 0.030039), (0.006493, -0.022121, 0.013066), (0.021332, -0.010066, 0.028983),
            (0.020077, -0.008474, 0.028945), (-0.006575, -0.01413, 0.027251), (0.013093, -0.006643, 0.028699),
            (0.005111, -0.021225, 0.01391), (0.032245, -0.028691, 0.029827), (-0.007668, -0.009769, 0.029569),
            (0.027999, -0.029908, 0.032652), (-0.007429, -0.011254, 0.029642), (0.015517, -0.00591, 0.028693),
            (0.015318, -0.004413, 0.028655), (0.029445, -0.029415, 0.032824), (0.030898, -0.028266, 0.031476),
            (0.008421, -0.023408, 0.012227), (-0.005535, -0.012029, 0.029612), (0.031316, -0.030434, 0.031099),
            (0.017827, -0.006918, 0.028671), (-0.005143, -0.008768, 0.029364), (0.008194, -0.023204, 0.01431),
            (-0.00414, -0.01003, 0.029387), (0.03337, -0.027427, 0.029201), (0.007122, -0.022581, 0.015711),
            (0.017248, -0.003907, 0.028589), (0.017902, -0.002888, 0.028577), (0.018255, -0.005393, 0.028653),
            (0.033388, -0.028818, 0.030669), (0.019927, -0.003473, 0.028562), (-0.005428, -0.016268, 0.029809),
            (-0.004187, -0.016882, 0.028799), (0.018668, -0.001462, 0.028508), (-0.02587, -0.000752, 0.024098),
            (0.034967, -0.02609, 0.02971), (-0.003609, -0.017654, 0.030148), (0.0198, -0.006058, 0.028834),
            (-0.005854, -0.014745, 0.030004), (0.036432, -0.02518, 0.030213), (0.021474, -0.007128, 0.028866),
            (-0.004687, -0.013755, 0.029664), (0.022052, -0.008802, 0.028941), (-0.023394, -0.002435, 0.024212),
            (-0.024715, -0.001553, 0.025873), (0.021233, -0.005087, 0.028747), (0.005335, -0.02234, 0.029869),
            (0.003532, -0.021939, 0.03152), (0.00555, -0.023324, 0.031185), (-0.005365, -0.015709, 0.032216),
            (-0.003961, -0.015034, 0.029629), (-0.005119, -0.017784, 0.030989), (-0.021408, -0.003784, 0.024522),
            (-0.021632, -0.003458, 0.026334), (-0.003979, -0.01662, 0.03123), (0.007164, -0.020746, 0.029688),
            (-0.023606, -0.002111, 0.02687), (0.023039, -0.006863, 0.028762), (-0.003477, -0.016276, 0.029934),
            (0.008019, -0.025329, 0.03289), (0.002225, 0.001792, 0.030054), (-0.003442, -0.012295, 0.029506),
            (0.004618, 0.000879, 0.03048), (0.005319, 0.001453, 0.030501), (-0.019288, -0.005213, 0.024819),
            (0.009456, -0.02035, 0.029716), (-0.018257, -0.005861, 0.023782), (0.006595, 0.002218, 0.029672),
            (0.007215, 0.002978, 0.031009), (0.00797, 0.002827, 0.02936), (0.008621, 0.003061, 0.030451),
            (-0.002146, -0.015091, 0.029613), (0.010006, -0.027149, 0.033049), (-0.019828, -0.004788, 0.026259),
            (-0.019915, -0.004904, 0.027272), (-0.001259, -0.01285, 0.029456), (-0.027012, -0.001274, 0.02892),
            (-0.026781, -4.5e-05, 0.026522), (0.010234, -0.019866, 0.030301), (0.010135, -0.020905, 0.029719),
            (0.008652, 0.004522, 0.031207), (-0.002559, -0.010369, 0.029335), (-0.002169, -0.008444, 0.029146),
            (-0.025623, -0.000971, 0.027322), (0.009242, 0.00313, 0.029441), (0.010024, 0.004049, 0.031179),
            (0.010659, 0.003726, 0.030839), (-0.025314, -0.002594, 0.029391), (0.010325, -0.018635, 0.031336),
            (0.007543, 0.005367, 0.030429), (-0.00083, -0.011598, 0.029262), (0.009599, 0.005551, 0.030238),
            (-0.000838, -0.009641, 0.029138), (0.010815, -0.02128, 0.02975), (0.011177, 0.005572, 0.02893),
            (-0.027282, 3.8e-05, 0.03003), (0.00014, -0.010235, 0.029458), (0.011495, 0.005829, 0.028204),
            (0.010285, 0.004248, 0.028505), (0.011374, 0.004714, 0.028729), (-0.000701, -0.014804, 0.029529),
            (-0.025395, 0.000171, 0.029854), (0.011665, 0.004803, 0.03133), (0.011867, 0.003721, 0.029357),
            (0.012027, -0.020587, 0.031177), (0.000507, -0.013984, 0.029311), (0.013532, 0.004101, 0.030495),
            (0.001382, -0.012874, 0.029141), (0.011373, -0.019243, 0.031369), (0.013584, -0.021445, 0.031424),
            (0.012812, 0.005291, 0.028444), (0.013866, 0.005198, 0.028384), (-8e-06, -0.009375, 0.029598),
            (-0.023409, 0.000758, 0.029718), (-0.023828, -0.001329, 0.029808), (0.014761, 0.004869, 0.028521),
            (0.015053, 0.005153, 0.028434), (0.013985, 0.004932, 0.028747), (0.013045, -0.017513, 0.031263),
            (0.000668, -0.010784, 0.029892), (0.001111, -0.011455, 0.029893), (0.010428, 0.004984, 0.031194),
            (0.010672, 0.005645, 0.030681), (0.011375, 0.005819, 0.029872), (0.012686, 0.006075, 0.03068),
            (0.013104, -0.019496, 0.031342), (0.001671, -0.01187, 0.030504), (-0.024807, -0.00403, 0.030719),
            (-0.022957, -0.003646, 0.028277), (-0.022376, -0.004627, 0.029376), (-0.023645, -0.00477, 0.03073),
            (0.014153, 0.005375, 0.031219), (0.01402, 0.006426, 0.029916), (0.015276, 0.006515, 0.0307),
            (-0.006629, -0.007729, 0.029389), (0.014899, -0.018365, 0.031271), (0.015081, -0.019796, 0.031287),
            (0.015975, 0.005088, 0.03115), (0.015285, 0.004401, 0.029081), (-0.022231, -0.005762, 0.030782),
            (-0.020812, -0.005933, 0.030207), (0.004328, -0.02416, 0.03058), (0.0072, -0.023711, 0.027212),
            (0.01556, -0.021876, 0.031448), (0.009285, -0.024783, 0.026767), (0.007315, -0.024862, 0.028707),
            (0.016569, -0.020859, 0.03131), (-0.002687, -0.006768, 0.029118), (0.008894, -0.024127, 0.025538),
            (-0.00399, -0.005748, 0.029114), (-0.023173, -0.003769, 0.032751), (0.016842, -0.023716, 0.031549),
            (-0.022392, -0.002881, 0.029831), (-0.0214, -0.000709, 0.029703), (-0.020681, -0.004304, 0.029895),
            (-0.002905, -0.005629, 0.029053), (0.006254, -0.024999, 0.030261), (-0.019738, -0.002119, 0.029723),
            (0.007995, -0.026183, 0.03024), (-0.001782, -0.006743, 0.02903), (-0.018419, -0.000218, 0.029522),
            (0.015689, -0.01702, 0.031229), (-0.000759, -0.00797, 0.029097), (-0.000437, -0.007901, 0.029402),
            (-0.000382, -0.007318, 0.029935), (0.016797, -0.019037, 0.031035), (-0.000359, -0.008587, 0.029222),
            (0.016123, -0.014911, 0.03111), (0.017145, -0.015857, 0.030984), (-0.01822, -0.006533, 0.02781),
            (-0.017336, -0.00647, 0.024622), (-0.017804, -0.006113, 0.026089), (0.017731, -0.018133, 0.029249),
            (0.017826, -0.0168, 0.030359), (-0.016539, -0.006954, 0.026876), (0.01753, -0.019954, 0.029537),
            (0.017798, -0.022, 0.030495), (-0.001913, -0.018844, 0.03016), (-0.003221, -0.019171, 0.031023),
            (-0.001443, -0.019985, 0.030687), (-0.014843, -0.008231, 0.027093), (-0.014176, -0.008685, 0.025619),
            (0.018771, -0.023983, 0.031229), (0.020268, -0.023341, 0.030126), (-0.001779, -0.016709, 0.029685),
            (-0.002127, -0.017705, 0.030507), (-0.000312, -0.01804, 0.029752), (0.000484, -0.016101, 0.0296),
            (-0.01331, -0.010448, 0.028518), (0.019673, -0.020259, 0.029373), (0.019312, -0.018481, 0.028992),
            (-0.000164, -0.019202, 0.030794), (0.001848, -0.019452, 0.029738), (0.00178, -0.01751, 0.029661),
            (0.019623, -0.025957, 0.031599), (0.000433, -0.021116, 0.030501), (-0.001368, -0.020647, 0.031951),
            (0.019913, -0.024776, 0.03134), (-0.000118, -0.019381, 0.032281), (0.002116, -0.020724, 0.030556),
            (0.021351, -0.024681, 0.031001), (0.003865, -0.021646, 0.030073), (0.002444, -0.014935, 0.029348),
            (0.003476, -0.017907, 0.029644), (0.019075, -0.016201, 0.028881), (0.004165, -0.016098, 0.029457),
            (0.021063, -0.017174, 0.029108), (0.021278, -0.015013, 0.028608), (0.020022, -0.015114, 0.028859),
            (0.018466, -0.014946, 0.030782), (0.018699, -0.013071, 0.03105), (0.002176, -0.012405, 0.030569),
            (0.003635, -0.013856, 0.030515), (0.019728, -0.014388, 0.030595), (0.003932, -0.014481, 0.029991),
            (0.00466, -0.015258, 0.029866), (0.005239, -0.015978, 0.029793), (0.020112, -0.012428, 0.03068),
            (0.0209, -0.011644, 0.028965), (0.003987, -0.020213, 0.029699), (0.02092, -0.013975, 0.030092),
            (0.023277, -0.013771, 0.029113), (0.023078, -0.015358, 0.028738), (0.021992, -0.013223, 0.030803),
            (0.005619, -0.018252, 0.029582), (0.021351, -0.019574, 0.02997), (0.005769, -0.020063, 0.02969),
            (0.023283, -0.018222, 0.029931), (0.023086, -0.020609, 0.030106), (0.023129, -0.016795, 0.029348),
            (0.025877, -0.019664, 0.029779), (0.025348, -0.0183, 0.029592), (-0.005143, 0.003722, 0.028645),
            (-0.006655, 0.005445, 0.028635), (0.021832, -0.011975, 0.030323), (-0.004523, 0.001957, 0.028707),
            (0.023183, -0.011306, 0.029006), (-0.003044, 0.005006, 0.0285), (-0.002422, 0.003502, 0.028572),
            (-0.002828, 0.001442, 0.028684), (0.02363, -0.012413, 0.031053), (0.023322, -0.009963, 0.028761),
            (-0.003086, -0.000384, 0.028762), (0.024307, -0.009205, 0.028774), (0.025603, -0.010877, 0.029132),
            (0.025094, -0.016924, 0.029221), (0.025372, -0.014801, 0.028637), (-0.001403, 0.000212, 0.028647),
            (0.026408, -0.016639, 0.028885), (-0.00064, 0.001898, 0.02859), (0.028172, -0.017734, 0.029034),
            (0.027677, -0.016026, 0.029732), (0.000896, 0.000745, 0.028496), (0.025518, -0.013816, 0.030445),
            (-0.000385, 0.004121, 0.028488), (0.001249, 0.002945, 0.028516), (0.026899, -0.014841, 0.030003),
            (0.027844, -0.013784, 0.030945), (0.029715, -0.016053, 0.031128), (0.002252, 0.001924, 0.028437),
            (0.003385, 0.003063, 0.028358), (0.024072, -0.011485, 0.030209), (-0.011562, 0.013162, 0.028716),
            (0.025804, -0.012088, 0.031062), (0.027132, -0.012565, 0.031058), (-0.009743, 0.01338, 0.028629),
            (-0.008932, 0.010975, 0.02866), (-0.007892, 0.013124, 0.028573), (0.024797, -0.021097, 0.030052),
            (-0.008936, 0.008977, 0.028726), (0.026763, -0.021787, 0.029962), (0.027729, -0.020814, 0.029123),
            (-0.007891, 0.006852, 0.028779), (-0.006092, 0.008005, 0.028655), (0.027104, -0.0233, 0.030904),
            (0.026684, -0.025003, 0.031415), (-0.007187, 0.010589, 0.028603), (-0.005092, 0.011087, 0.02854),
            (0.028699, -0.0219, 0.030742), (-0.003501, 0.007038, 0.028639), (-0.004803, 0.006153, 0.028647),
            (0.029158, -0.02445, 0.031627), (-0.007414, 0.014719, 0.028559), (-0.007266, 0.016986, 0.028546),
            (-0.006123, 0.015586, 0.028517), (0.02932, -0.022827, 0.031472), (-0.005639, 0.013323, 0.028513),
            (0.028737, -0.019794, 0.02934), (-0.003923, 0.010543, 0.02853), (0.029241, -0.02058, 0.030893),
            (-0.00247, 0.009034, 0.028565), (0.029336, -0.0189, 0.03084), (0.029171, -0.017411, 0.03093),
            (-0.003489, 0.012947, 0.028503), (0.031488, -0.017483, 0.031234), (0.030957, -0.019422, 0.031437),
            (0.030839, -0.021205, 0.03148), (0.032735, -0.018359, 0.031238), (0.031829, -0.021925, 0.030041),
            (0.032476, -0.02013, 0.03072), (0.033472, -0.019839, 0.029526), (0.032926, -0.02738, 0.033005),
            (0.034487, -0.0258, 0.032997), (0.034027, -0.028006, 0.032832), (-0.002282, 0.007532, 0.0286),
            (-0.001349, 0.005806, 0.02844), (0.035484, -0.024051, 0.03253), (0.036047, -0.023124, 0.030808),
            (0.00036, 0.006253, 0.028413), (0.03658, -0.025341, 0.032806), (-0.027943, -0.00255, 0.033306),
            (-0.024768, -0.004781, 0.032483), (0.020782, -0.029168, 0.019706), (0.020268, -0.029171, 0.022275),
            (-0.030369, -0.000931, 0.032981), (0.022477, -0.029521, 0.018883), (0.022883, -0.029446, 0.02043),
            (0.024635, -0.02913, 0.020965), (0.023551, -0.029374, 0.014881), (0.024759, -0.029192, 0.013325),
            (0.022292, -0.029526, 0.014283), (-0.02558, -0.002158, 0.033087), (-0.024585, -0.004043, 0.033713),
            (0.025616, -0.028985, 0.012542), (0.025643, -0.028898, 0.014098), (0.026653, -0.0287, 0.013458),
            (0.025097, -0.029093, 0.014946), (0.023309, -0.029389, 0.017072), (0.025353, -0.029031, 0.016232),
            (0.02659, -0.028732, 0.015216), (0.026564, -0.028739, 0.01685), (0.028149, -0.028118, 0.016471),
            (0.024625, -0.029157, 0.018306), (0.025458, -0.029063, 0.018297), (0.024402, -0.029156, 0.019712),
            (0.027161, -0.028513, 0.018371), (0.02605, -0.028875, 0.020937), (0.025434, -0.029012, 0.022177),
            (-0.021931, -0.006583, 0.032562), (-0.022487, -0.005709, 0.033561), (-0.020786, -0.006666, 0.033573),
            (-0.017262, -0.006155, 0.015055), (-0.019524, -0.004773, 0.017782), (-0.01766, -0.005929, 0.017132),
            (-0.015872, -0.007118, 0.017216), (-0.023683, -0.001859, 0.017322), (-0.021328, -0.003431, 0.018243),
            (-0.015537, -0.010755, 0.033224), (-0.013212, -0.01207, 0.033425), (0.013359, -0.027, 0.023877),
            (-0.014739, -0.009917, 0.033221), (-0.017966, -0.00568, 0.018722), (0.015569, -0.028119, 0.023157),
            (-0.01621, -0.006916, 0.019038), (-0.014641, -0.00789, 0.01865), (-0.015819, -0.007238, 0.01495),
            (-0.014313, -0.008179, 0.016051), (-0.01306, -0.009003, 0.01654), (-0.011733, -0.009867, 0.017153),
            (-0.012939, -0.00916, 0.018938), (-0.006904, -0.013072, 0.01731), (0.024749, -0.029027, 0.022927),
            (0.010739, 0.003752, 0.028869), (0.012122, 0.004957, 0.028774), (0.01276, 0.005942, 0.02908),
            (0.013055, 0.004637, 0.028778), (0.01375, 0.005988, 0.029039), (-0.000484, -0.017382, 0.017554),
            (0.017744, -0.032295, 0.03095), (0.003575, -0.020116, 0.014686), (0.005348, -0.025269, 0.031966),
            (0.00692, -0.026417, 0.031165), (0.016172, -0.03166, 0.032881), (-0.005206, -0.014162, 0.017948),
            (0.020218, -0.032869, 0.031507), (0.009261, -0.028079, 0.031747), (0.010694, -0.029155, 0.032571),
            (0.021876, -0.03293, 0.032491), (0.023329, -0.032857, 0.030704), (0.017844, -0.031818, 0.033119),
            (0.019612, -0.032494, 0.032939), (0.013369, -0.030867, 0.03124), (0.012687, -0.029996, 0.033188),
            (0.020406, -0.031234, 0.032605), (0.020729, -0.03159, 0.032887), (0.021654, -0.03208, 0.033046),
            (0.013571, -0.026922, 0.013105), (0.022857, -0.03244, 0.033019), (0.013436, -0.026772, 0.014803),
            (0.015063, -0.027552, 0.014561), (0.013449, -0.026833, 0.017009), (0.017375, -0.028672, 0.012636),
            (0.017188, -0.028454, 0.014348), (0.018914, -0.029033, 0.013432), (0.02474, -0.032513, 0.030402),
            (-0.010578, -0.014303, 0.032362), (0.019977, -0.029165, 0.014745), (0.0189, -0.029012, 0.017538),
            (0.017443, -0.028677, 0.01766), (0.020947, -0.02918, 0.016752), (0.024157, -0.031808, 0.033235),
            (0.025578, -0.031058, 0.033054), (-0.007072, -0.016671, 0.032952), (-0.007207, -0.014727, 0.032904),
            (-0.005267, -0.017616, 0.03338), (0.026611, -0.028562, 0.02413), (-0.011626, -0.01324, 0.033469),
            (0.029237, -0.027797, 0.024855), (0.030163, -0.027288, 0.02333), (0.027367, -0.028347, 0.025834),
            (-0.0088, -0.014765, 0.033436), (0.031449, -0.026439, 0.022158), (-0.003085, -0.019309, 0.033231),
            (-0.003764, -0.017752, 0.033496), (0.023741, -0.032779, 0.032067), (0.024493, -0.03287, 0.031462),
            (0.025777, -0.032456, 0.03233), (0.027635, -0.032218, 0.031368), (0.027617, -0.031423, 0.032944),
            (0.029842, -0.03088, 0.032738), (0.029741, -0.03115, 0.030962), (0.031413, -0.029095, 0.033176),
            (-0.002294, -0.017922, 0.032545), (-0.001037, -0.019899, 0.033503), (0.035239, -0.027392, 0.031488),
            (0.0012, -0.022382, 0.032551), (0.00275, -0.023482, 0.032239), (0.001801, -0.021137, 0.03308),
            (2.6e-05, -0.021179, 0.033297), (0.004776, -0.023667, 0.033326), (0.006462, -0.024189, 0.032694),
            (0.006673, -0.025985, 0.032933), (0.00327, -0.022841, 0.033293), (0.008603, -0.026968, 0.033155),
            (-0.026708, 0.051746, -0.020089), (-0.02572, 0.052124, -0.021174), (-0.01489, 0.054235, 0.031518),
            (-0.014463, 0.053237, 0.03027), (0.016884, 0.031398, -0.002763), (0.018638, 0.030191, -0.003669),
            (0.017392, 0.031013, -0.004846), (-0.013336, 0.053644, 0.031266), (0.018642, 0.030233, -0.001332),
            (0.020635, 0.028862, -0.001709), (0.017481, 0.031033, -0.001151), (-0.008244, 0.048545, -0.001295),
            (-0.007134, 0.047794, -0.003319), (-0.008856, 0.048996, -0.003754), (-0.024968, 0.05238, -0.018182),
            (-0.02719, 0.051549, -0.017692), (0.019795, 0.029394, -0.004659), (-0.005461, 0.046672, -0.001835),
            (-0.005357, 0.046513, -0.003721), (-0.012302, 0.055076, 0.030793), (-0.014322, 0.054476, 0.029084),
            (-0.015264, 0.055315, 0.030171), (-0.004433, 0.046003, -0.000821), (-0.012508, 0.053993, 0.029719),
            (-0.023148, 0.052887, -0.019958), (-0.013624, 0.054299, 0.032904), (0.019732, 0.029564, 0.001616),
            (0.01822, 0.030544, 0.000371), (-0.004164, 0.045747, -0.00404), (-0.005834, 0.046761, -0.005359),
            (0.021026, 0.028641, 0.000323), (-0.011319, 0.054844, 0.032941), (-0.01317, 0.055668, 0.033049),
            (-0.024625, 0.052471, -0.016412), (-0.027685, 0.051328, -0.015618), (-0.012822, 0.049827, 0.030165),
            (0.012387, 0.034568, 0.001496), (0.01229, 0.034524, -0.001167), (0.011377, 0.035181, 0.000139),
            (0.013442, 0.03381, 0.000923), (-0.024611, 0.052472, -0.014547), (-0.002268, 0.044393, -0.009946),
            (-0.003312, 0.04513, -0.00866), (-0.001597, 0.043956, -0.00756), (-0.026914, 0.051667, -0.014014),
            (-0.002543, 0.044607, -0.00607), (-0.013142, 0.052436, 0.030168), (0.01434, 0.033259, 0.002629),
            (-0.024829, 0.052417, -0.012517), (-0.011695, 0.052243, 0.030208), (0.013922, 0.033436, -0.000853),
            (0.015054, 0.032751, 0.001139), (-0.00052, 0.043211, -0.009307), (-0.023236, 0.052815, -0.013223),
            (0.01624, 0.031876, -0.000156), (0.016649, 0.031665, 0.00192), (-0.022716, 0.052923, -0.01775),
            (0.013764, 0.033629, 0.00489), (0.01201, 0.034783, 0.003036), (-0.022567, 0.052969, -0.014893),
            (0.011727, 0.035022, 0.005107), (-0.010938, 0.048857, 0.030085), (0.000108, 0.042799, -0.007384),
            (0.001303, 0.041997, -0.008875), (-0.010598, 0.051058, 0.030025), (0.015839, 0.032398, 0.005914),
            (0.01545, 0.032407, 0.004101), (0.017662, 0.030958, 0.00278), (-0.001098, 0.043583, -0.006015),
            (-0.018927, 0.053118, -0.021032), (0.0014, 0.041991, -0.00611), (-0.021353, 0.053113, -0.021492),
            (-0.010337, 0.050177, 0.009124), (-0.009153, 0.049479, 0.008072), (-0.009968, 0.050007, 0.006809),
            (-0.011673, 0.050909, -0.000369), (-0.010616, 0.050274, -0.002597), (-0.012426, 0.051286, -0.002056),
            (-0.010328, 0.050052, -0.000569), (-0.009256, 0.049336, -0.001965), (-0.011329, 0.052521, 0.028258),
            (-0.010625, 0.05325, 0.030229), (-0.011177, 0.050756, 0.001735), (-0.009731, 0.049714, 0.001132),
            (-0.001563, 0.043935, -0.004157), (-0.007224, 0.047973, -0.000405), (-0.020661, 0.053107, -0.018588),
            (-0.00379, 0.045478, -0.006281), (-0.002653, 0.044683, -0.00345), (-0.019049, 0.053113, -0.019203),
            (-0.009757, 0.051914, 0.031762), (-0.015311, 0.052302, -0.022116), (8.2e-05, 0.042811, -0.005158),
            (-0.008215, 0.048715, 0.006439), (-0.017146, 0.05284, -0.020062), (-0.007235, 0.048211, 0.008238),
            (-0.009177, 0.048937, 0.030061), (-0.008838, 0.050834, 0.0304), (-0.007029, 0.047903, 0.005663),
            (-0.014576, 0.05201, -0.020853), (-0.008426, 0.048937, 0.010279), (-0.006463, 0.047671, 0.009512),
            (-0.011766, 0.053216, 0.032435), (0.00253, 0.041178, -0.006879), (0.003285, 0.040593, -0.007983),
            (-0.015634, 0.052423, -0.018111), (-0.002783, 0.044954, 0.004204), (-0.001711, 0.044121, 0.002803),
            (-0.003185, 0.045172, 0.002144), (-0.010688, 0.053627, 0.033387), (-0.008699, 0.052804, 0.033434),
            (-0.004172, 0.045912, 0.004515), (-0.017596, 0.052979, -0.017271), (-0.003482, 0.045406, 0.005597),
            (-0.013736, 0.05168, -0.019636), (-0.001722, 0.04414, 0.005107), (-0.014111, 0.051879, -0.017286),
            (-0.000731, 0.043498, 0.003879), (-0.012745, 0.051236, -0.017752), (0.004006, 0.040211, -0.004855),
            (0.004976, 0.039517, -0.007694), (-0.009598, 0.051745, 0.028529), (0.000496, 0.042628, 0.006135),
            (0.005375, 0.039274, -0.005594), (-0.012943, 0.051355, -0.021786), (-0.002296, 0.044604, 0.006667),
            (0.002646, 0.041129, -0.004871), (-0.00106, 0.043674, 0.000847), (-0.009051, 0.053101, 0.030705),
            (0.000479, 0.042646, 0.002837), (-0.011428, 0.050501, -0.020261), (0.001296, 0.042103, 0.004468),
            (0.001317, 0.042026, -0.003356), (-0.007555, 0.05066, 0.02901), (0.00196, 0.041656, 0.00217),
            (0.00282, 0.041003, 0.0034), (-0.007545, 0.05195, 0.030694), (-0.009299, 0.049231, -0.019069),
            (-0.000406, 0.043224, -0.002185), (0.002814, 0.041037, -0.003244), (-0.004311, 0.045982, 0.007053),
            (-0.000728, 0.043612, 0.007297), (-0.010826, 0.050207, -0.017535), (-0.003404, 0.045528, 0.01138),
            (-0.002193, 0.044667, 0.009193), (-0.004107, 0.04588, 0.00939), (-0.000858, 0.043786, 0.010868),
            (-0.016945, 0.053019, 0.01143), (-0.016136, 0.052785, 0.009912), (-0.018363, 0.053235, 0.010714),
            (-0.007774, 0.049618, 0.030064), (-0.020632, 0.053204, -0.016548), (-0.019087, 0.053254, 0.011966),
            (0.00419, 0.040071, -0.002528), (-0.016732, 0.052984, 0.013765), (-0.018951, 0.053063, -0.015549),
            (-0.006568, 0.049755, 0.031739), (-0.005853, 0.0482, 0.029927), (-0.016829, 0.052804, -0.014794),
            (-0.006665, 0.050429, 0.030159), (-0.005976, 0.049439, 0.028743), (-0.009447, 0.04974, 0.011837),
            (-0.014984, 0.052222, -0.015914), (-0.004785, 0.049249, 0.030249), (-0.010946, 0.050569, 0.012528),
            (-0.009215, 0.049613, 0.014587), (-0.007163, 0.051078, 0.033293), (-0.007937, 0.04868, 0.013607),
            (-0.003054, 0.045007, -0.001916), (-0.018646, 0.053223, 0.015476), (-0.01876, 0.053242, 0.013412),
            (-0.015047, 0.052268, -0.014209), (-0.00467, 0.048218, 0.030796), (-0.01542, 0.052413, -0.012651),
            (-0.005036, 0.04885, 0.032538), (-0.002286, 0.044531, -0.00065), (-0.012618, 0.051245, -0.015329),
            (-0.010529, 0.050379, 0.01507), (-0.009868, 0.050069, 0.016846), (-0.011553, 0.051143, 0.01646),
            (-0.006958, 0.048023, 0.012385), (-0.01367, 0.051771, -0.012644), (-0.011408, 0.050565, -0.013338),
            (-0.012173, 0.051026, -0.012178), (-0.010067, 0.049789, -0.014406), (-0.008534, 0.049148, 0.016581),
            (0.001167, 0.042144, -0.00099), (-0.007083, 0.048174, 0.015772), (-0.004311, 0.037516, 0.029297),
            (-0.010576, 0.050007, -0.011618), (-0.005445, 0.046887, 0.014289), (-0.005243, 0.046821, 0.015921),
            (0.002778, 0.041037, -0.00161), (-0.006904, 0.048031, 0.017722), (-0.002868, 0.034516, 0.029143),
            (-0.009385, 0.049344, -0.015924), (-0.009432, 0.049242, -0.01271), (-0.008925, 0.049507, 0.018638),
            (-0.001327, 0.035298, 0.029181), (-0.023069, 0.052851, -0.010963), (-0.025844, 0.052071, -0.010908),
            (-0.024024, 0.052615, -0.008788), (-0.002789, 0.038981, 0.029409), (-0.001351, 0.037179, 0.029273),
            (-0.006798, 0.048047, 0.019927), (-0.005057, 0.046822, 0.019101), (0.00073, 0.042538, 0.000608),
            (-0.021303, 0.053138, -0.012477), (-0.00085, 0.038764, 0.029377), (0.002754, 0.041059, 0.000745),
            (-0.021871, 0.053091, -0.009522), (0.00485, 0.039642, -0.000675), (-0.004936, 0.046509, 0.012833),
            (-0.003295, 0.045496, 0.013547), (-0.000463, 0.044174, 0.026103), (-0.000122, 0.0439, 0.024032),
            (-0.002176, 0.045386, 0.024703), (0.005521, 0.039193, -0.003194), (-0.00181, 0.045195, 0.026685),
            (-0.003376, 0.046176, 0.026505), (-0.001121, 0.043941, 0.012884), (-0.020428, 0.05322, -0.01064),
            (-0.018647, 0.053128, -0.011303), (-0.018564, 0.053071, -0.009819), (0.001396, 0.037421, 0.02933),
            (-0.020118, 0.053276, -0.008883), (-0.007537, 0.043162, 0.029668), (-0.021634, 0.053118, -0.00724),
            (0.0066, 0.038436, -0.002714), (0.006448, 0.038589, 0.00024), (-0.019531, 0.053235, -0.007632),
            (-0.002786, 0.045119, 0.014786), (0.004884, 0.039667, 0.000913), (-0.001011, 0.043918, 0.014893),
            (-0.016418, 0.052855, -0.009083), (0.007713, 0.037688, -0.001915), (-0.004988, 0.042161, 0.029602),
            (-0.002548, 0.045001, 0.016444), (0.008069, 0.037448, -0.00053), (-0.000305, 0.043463, 0.016138),
            (-0.017385, 0.052883, -0.007738), (-0.024313, 0.052537, -0.006951), (-0.000632, 0.043784, 0.017996),
            (-0.002027, 0.044602, 0.01848), (0.008077, 0.037488, 0.001418), (-0.005287, 0.039971, 0.029451),
            (-0.024515, 0.052521, -0.004315), (-0.022176, 0.053009, -0.005667), (0.005037, 0.039614, 0.006997),
            (0.005441, 0.039305, 0.005278), (0.003433, 0.040668, 0.005325), (0.006376, 0.0386, 0.002811),
            (0.004719, 0.039748, 0.003441), (0.002688, 0.0412, 0.006761), (-0.022625, 0.052938, -0.003851),
            (-0.003117, 0.04253, 0.029599), (0.006857, 0.038395, 0.005775), (0.006816, 0.038398, 0.007478),
            (-0.004967, 0.044786, 0.029744), (0.008312, 0.037333, 0.006253), (-0.020517, 0.053272, -0.003374),
            (-0.021852, 0.053113, -0.002085), (0.008196, 0.037484, 0.008669), (0.006106, 0.038945, 0.008946),
            (-0.002622, 0.044625, -0.017458), (0.009961, 0.036241, 0.007462), (-0.001439, 0.043742, -0.016504),
            (-0.019678, 0.053251, -0.005942), (0.009688, 0.036452, 0.009658), (-0.007057, 0.045404, 0.029803),
            (-0.004697, 0.046353, 0.029762), (0.001392, 0.042167, 0.008244), (0.003397, 0.040749, 0.008389),
            (0.001633, 0.041606, -0.017479), (0.000385, 0.042567, -0.017722), (0.001141, 0.04235, 0.010048),
            (0.002395, 0.041418, 0.010671), (0.003761, 0.040611, 0.010359), (0.001515, 0.041699, -0.015644),
            (-0.017629, 0.052967, -0.005337), (0.005866, 0.039018, 0.010611), (0.008191, 0.037542, 0.011357),
            (0.003054, 0.040656, -0.016603), (-0.018606, 0.053172, -0.003815), (0.006709, 0.03865, 0.012559),
            (0.00851, 0.037419, 0.013996), (-0.019364, 0.053246, -0.001631), (0.01216, 0.034946, 0.009694),
            (0.012735, 0.034459, 0.008442), (0.011484, 0.035211, 0.007878), (2.9e-05, 0.04272, -0.015593),
            (-0.00186, 0.04073, 0.029498), (0.009729, 0.036532, 0.012778), (0.010699, 0.035832, 0.011403),
            (-0.016145, 0.052649, -0.00466), (0.000616, 0.0424, -0.013882), (-0.01602, 0.052719, -0.002827),
            (0.009817, 0.036533, 0.015619), (-0.001193, 0.042385, 0.029604), (-0.000991, 0.044428, 0.02963),
            (0.01111, 0.035608, 0.01381), (0.012623, 0.03455, 0.011584), (-0.013375, 0.051626, -0.01093),
            (0.002228, 0.041259, -0.013843), (0.002007, 0.027257, 0.028857), (-0.011629, 0.050721, -0.010411),
            (-0.002572, 0.046984, 0.028545), (0.000687, 0.042705, 0.014435), (0.000594, 0.042738, 0.012699),
            (0.001941, 0.04179, 0.01257), (0.002598, 0.041381, 0.014102), (-0.000852, 0.045486, 0.028078),
            (0.001763, 0.041973, 0.015628), (0.003506, 0.040863, 0.015424), (-0.013064, 0.051538, -0.008338),
            (-0.015001, 0.052332, -0.01012), (-0.015004, 0.052377, -0.007386), (0.000809, 0.042701, 0.017441),
            (-0.010943, 0.050322, -0.008624), (0.00646, 0.038333, -0.015461), (-0.011552, 0.050716, -0.007062),
            (0.002786, 0.041329, 0.017838), (-0.011902, 0.050933, -0.005843), (0.003825, 0.040534, 0.017456),
            (-0.00266, 0.045033, 0.029694), (0.007642, 0.037531, -0.014805), (-0.023309, 0.052793, -0.000679),
            (0.001614, 0.042231, 0.018979), (-0.000395, 0.043721, 0.019668), (-0.021795, 0.05314, 8.4e-05),
            (0.004449, 0.039732, -0.014098), (-0.020017, 0.053266, -0.000354), (-0.023659, 0.052789, 0.001197),
            (-0.021299, 0.053253, 0.001179), (-0.022374, 0.053095, 0.003523), (0.0003, 0.043315, 0.021117),
            (0.002954, 0.040819, -0.011996), (-0.000942, 0.046404, 0.029995), (0.001911, 0.042162, 0.021133),
            (-0.003114, 0.047198, 0.030658), (0.004706, 0.039593, -0.011912), (0.005639, 0.03893, -0.013342),
            (-0.019222, 0.053215, 0.000624), (0.001184, 0.042831, 0.023313), (-0.001897, 0.04625, 0.030472),
            (-0.020181, 0.053241, 0.00277), (0.003285, 0.041228, 0.02128), (-0.001913, 0.048179, 0.030728),
            (-0.003469, 0.047969, 0.029509), (0.00493, 0.04007, 0.021064), (0.004762, 0.039896, 0.018957),
            (-0.01709, 0.05291, -0.001698), (0.00727, 0.037796, -0.012926), (0.006398, 0.038431, -0.011427),
            (-0.016266, 0.052721, -1.9e-05), (0.010702, 0.035972, 0.017213), (0.012809, 0.034462, 0.015548),
            (0.000265, 0.043492, 0.029555), (0.000953, 0.044402, 0.030937), (0.000844, 0.04223, -0.011472),
            (0.009845, 0.036559, 0.018859), (0.011688, 0.035401, 0.018795), (0.010444, 0.036239, 0.020672),
            (0.00263, 0.041028, -0.010309), (0.012529, 0.034648, 0.017008), (-0.000544, 0.045479, 0.031522),
            (-0.018325, 0.053091, 0.00194), (0.012444, 0.034974, 0.020461), (0.013492, 0.034173, 0.018872),
            (-0.01657, 0.052825, 0.002168), (0.014585, 0.033569, 0.019996), (0.014968, 0.033153, 0.018187),
            (-7e-05, 0.041064, 0.029536), (0.013969, 0.034048, 0.021726), (0.006143, 0.03961, 0.024371),
            (0.006851, 0.038772, 0.022005), (0.005265, 0.039986, 0.022939), (-0.021128, 0.05325, 0.005146),
            (0.004022, 0.040084, -0.009308), (0.011193, 0.035934, 0.02188), (0.012685, 0.035052, 0.022463),
            (0.005389, 0.03916, -0.010308), (-0.018664, 0.053157, 0.004218), (0.013589, 0.034656, 0.024774),
            (0.01166, 0.035917, 0.02387), (0.015772, 0.033187, 0.024554), (0.01466, 0.03367, 0.023335),
            (-0.019404, 0.053193, 0.006572), (-0.017411, 0.052962, 0.004959), (0.007179, 0.037913, -0.009185),
            (0.00146, 0.039925, 0.029455), (0.013007, 0.034287, 0.006541), (-0.015347, 0.052616, 0.003801),
            (0.001442, 0.042684, 0.029527), (0.014283, 0.03334, 0.007845), (0.014222, 0.033574, 0.009876),
            (0.018432, 0.030633, 0.008056), (0.01853, 0.030472, 0.005366), (0.017252, 0.031335, 0.005648),
            (0.019992, 0.029454, 0.007507), (0.006091, 0.038694, -0.007474), (-0.016557, 0.052852, 0.006034),
            (-0.017788, 0.053031, 0.008803), (0.018011, 0.030902, 0.009708), (0.016197, 0.032161, 0.010588),
            (0.01776, 0.03113, 0.011279), (0.016916, 0.031685, 0.012355), (0.015724, 0.032448, 0.012577),
            (0.002047, 0.041455, 0.029498), (-0.020708, 0.053221, 0.010342), (0.016649, 0.03192, 0.014336),
            (0.018497, 0.030646, 0.012766), (0.003973, 0.040644, 0.029462), (-0.015567, 0.052744, 0.007632),
            (-0.018826, 0.053248, 0.020424), (0.009171, 0.036498, -0.013642), (-0.00649, 0.047511, -0.0194),
            (-0.016797, 0.053031, 0.019845), (-0.005147, 0.046448, -0.018026), (0.011184, 0.035132, -0.014015),
            (-0.015681, 0.05288, 0.022059), (-0.003693, 0.045361, -0.018384), (-0.011457, 0.051174, 0.020324),
            (-0.009986, 0.050264, 0.019705), (-0.011555, 0.051176, 0.018656), (-0.011585, 0.051354, 0.025488),
            (-0.012292, 0.051671, 0.022504), (-0.012783, 0.0519, 0.024612), (-0.012646, 0.052084, 0.026768),
            (-0.016859, 0.053298, 0.026937), (3.9e-05, 0.033127, 0.029076), (-0.008208, 0.04852, -0.01667),
            (-0.006916, 0.047644, -0.017746), (-0.006917, 0.047599, -0.01549), (0.001153, 0.031411, 0.028977),
            (-0.015826, 0.054325, 0.028267), (-0.014903, 0.052895, 0.026774), (0.009535, 0.036297, -0.012045),
            (-0.005534, 0.046679, -0.016314), (-0.00432, 0.045787, -0.015864), (-0.013991, 0.052387, 0.025032),
            (-0.013091, 0.053157, 0.027976), (0.011733, 0.034732, -0.011726), (-0.008794, 0.04949, 0.020896),
            (0.010144, 0.035898, -0.010571), (-0.010252, 0.050511, 0.022096), (-0.00275, 0.044725, -0.015484),
            (-0.003689, 0.045347, -0.014172), (0.000899, 0.03548, 0.029183), (-0.007642, 0.048739, 0.022414),
            (-0.010753, 0.050767, 0.023615), (-0.009075, 0.049779, 0.02347), (-0.009535, 0.050156, 0.025161),
            (-0.007638, 0.048892, 0.024951), (-0.007905, 0.04825, -0.013949), (0.002391, 0.033196, 0.029092),
            (-0.005527, 0.04662, -0.01393), (-0.006226, 0.047816, 0.023856), (0.014301, 0.033013, -0.014004),
            (-0.005341, 0.047043, 0.021209), (-0.004624, 0.046737, 0.022653), (0.001538, 0.029253, 0.028907),
            (0.012919, 0.033948, -0.012836), (-0.004131, 0.046599, 0.024724), (-0.005641, 0.047656, 0.025694),
            (-0.003056, 0.045707, 0.022926), (-0.007806, 0.048125, -0.012147), (-0.009467, 0.049226, -0.010417),
            (-0.00597, 0.046906, -0.011947), (-0.010971, 0.047012, 0.029941), (-0.007755, 0.048082, -0.010022),
            (-0.010345, 0.050633, 0.025904), (-0.006403, 0.047196, -0.010282), (0.014727, 0.032714, -0.012139),
            (0.00354, 0.028507, 0.028872), (-0.00439, 0.045833, -0.012357), (0.013138, 0.033851, -0.009879),
            (0.003209, 0.030121, 0.028939), (-0.001421, 0.043788, -0.014751), (-0.002094, 0.044284, -0.012313),
            (-0.000994, 0.04345, -0.013219), (0.004159, 0.032146, 0.029044), (-0.008797, 0.045245, 0.029822),
            (-0.004817, 0.046125, -0.009609), (0.014496, 0.032893, -0.01072), (-0.003334, 0.045121, -0.011458),
            (-0.00708, 0.047275, 0.029923), (0.003885, 0.026795, 0.028977), (0.015681, 0.032126, -0.008945),
            (0.0056, 0.029109, 0.028937), (0.008073, 0.037314, -0.010496), (-0.000713, 0.043324, -0.010967),
            (0.003019, 0.035439, 0.029192), (0.002921, 0.038173, 0.029343), (-0.008659, 0.050125, 0.027185),
            (-0.006757, 0.048741, 0.02702), (0.008721, 0.036945, -0.008123), (0.004378, 0.034094, 0.029155),
            (0.010187, 0.035937, -0.008182), (0.004447, 0.036106, 0.029255), (0.007551, 0.037685, -0.007322),
            (0.004457, 0.03915, 0.029407), (0.005153, 0.037534, 0.029344), (-0.004655, 0.047884, 0.027797),
            (-0.008267, 0.048426, -0.008638), (0.006252, 0.033966, 0.029173), (0.009004, 0.036729, -0.005707),
            (-0.009515, 0.049375, -0.007463), (0.006445, 0.036304, 0.029285), (0.005341, 0.031277, 0.029023),
            (0.012028, 0.034638, -0.00903), (-0.007421, 0.04783, -0.007228), (-0.008618, 0.048727, -0.005844),
            (-0.007376, 0.047862, -0.005), (0.011663, 0.034887, -0.007464), (-0.005599, 0.046614, -0.006861),
            (-0.006516, 0.04724, -0.008517), (0.007791, 0.029239, 0.029002), (0.007657, 0.030722, 0.029066),
            (0.013461, 0.03369, -0.00731), (0.014431, 0.03298, -0.008398), (0.007855, 0.032786, 0.029141),
            (0.01454, 0.032946, -0.006457), (0.009607, 0.030891, 0.029077), (0.01092, 0.035423, -0.006494),
            (0.012422, 0.034421, -0.005016), (0.013929, 0.033381, -0.004911), (-0.016826, 0.056143, 0.030582),
            (-0.010034, 0.049757, -0.005373), (-0.01181, 0.050874, -0.004079), (-0.01564, 0.054825, 0.033091),
            (0.016131, 0.031797, -0.010917), (0.017742, 0.030689, -0.011322), (0.019148, 0.029739, -0.012687),
            (0.000792, 0.043319, 0.025944), (0.01976, 0.029339, -0.010372), (0.002608, 0.042056, 0.024387),
            (0.017168, 0.031127, -0.00967), (0.004176, 0.041041, 0.025805), (0.004087, 0.04101, 0.023821),
            (0.018695, 0.030065, -0.009134), (0.005586, 0.040065, 0.026252), (0.00269, 0.042059, 0.026288),
            (0.022147, 0.027729, -0.010724), (0.001421, 0.043949, 0.028137), (0.003168, 0.043041, 0.028572),
            (0.021169, 0.028386, -0.009453), (0.004489, 0.041759, 0.027987), (0.020327, 0.028959, -0.007482),
            (0.000806, 0.045394, 0.030156), (0.002058, 0.044237, 0.029702), (0.000195, 0.046916, 0.030946),
            (0.023568, 0.026827, -0.008046), (0.024148, 0.026413, -0.010351), (0.021846, 0.027958, -0.006866),
            (0.015667, 0.032197, -0.004842), (0.016011, 0.031947, -0.006391), (0.003811, 0.041947, 0.02986),
            (0.003705, 0.043861, 0.030503), (0.004773, 0.042495, 0.03005), (0.01705, 0.031206, -0.007756),
            (0.006001, 0.041089, 0.028514), (0.018267, 0.030403, -0.007148), (0.002683, 0.043049, 0.030518),
            (0.002348, 0.045531, 0.031126), (0.004244, 0.042246, 0.032205), (0.007821, 0.038543, 0.026028),
            (0.008624, 0.037912, 0.024359), (0.021655, 0.028119, -0.004581), (0.006498, 0.038509, 0.02934),
            (0.008609, 0.037416, 0.029283), (0.007287, 0.039631, 0.027655), (0.009158, 0.038423, 0.027726),
            (0.010016, 0.037262, 0.026836), (0.008128, 0.040115, 0.029738), (0.021952, 0.027941, -0.003182),
            (0.010485, 0.03836, 0.02933), (0.008147, 0.035327, 0.029255), (0.007166, 0.038096, -0.004972),
            (0.010627, 0.034624, 0.029236), (0.011133, 0.031402, 0.029124), (0.008449, 0.037184, -0.003746),
            (0.011271, 0.037442, 0.028279), (0.010359, 0.036776, 0.029326), (0.009463, 0.038426, 0.030242),
            (0.011645, 0.035615, 0.029263), (0.012706, 0.033708, 0.029221), (0.011881, 0.036763, 0.030175),
            (0.013602, 0.035403, 0.029758), (0.009551, 0.036409, -0.003652), (0.012161, 0.035729, 0.026671),
            (0.010833, 0.0366, 0.025434), (0.01078, 0.035518, -0.004698), (0.013119, 0.036003, 0.028034),
            (0.014739, 0.034187, 0.027088), (0.012468, 0.037292, 0.02995), (0.011542, 0.035052, -0.002556),
            (0.012813, 0.034167, -0.002964), (0.010108, 0.03605, -0.0018), (0.005415, 0.040837, 0.029805),
            (0.006703, 0.03996, 0.029828), (0.006068, 0.040957, 0.031568), (0.009717, 0.036331, 0.000387),
            (0.006576, 0.041412, 0.03015), (0.00755, 0.039861, 0.031566), (0.008207, 0.039041, 0.029818),
            (0.010435, 0.035889, 0.002171), (0.009877, 0.039621, 0.030437), (0.014958, 0.032724, -0.003206),
            (0.006622, 0.04254, 0.030983), (0.01505, 0.032655, -0.001757), (0.012211, 0.03878, 0.031068),
            (-0.00182, 0.046683, 0.032522), (-0.003159, 0.048063, 0.033072), (-0.015799, 0.052878, 0.024511),
            (-0.013722, 0.052273, 0.021991), (-0.028504, 0.050793, -0.01955), (-0.006056, 0.047125, 0.000786),
            (-0.005433, 0.046917, 0.007637), (-0.005896, 0.047043, 0.004876), (-0.000385, 0.043424, 0.009188),
            (-0.003713, 0.045521, 0.000815), (-0.015317, 0.052693, 0.013173), (-0.003122, 0.045487, 0.019506),
            (-0.013653, 0.052069, 0.009162), (-0.01476, 0.052479, 0.01149), (-0.02053, 0.053201, -0.014451),
            (-0.012744, 0.051744, 0.010942), (-0.013208, 0.051872, 0.006856), (-0.011649, 0.051003, 0.006709),
            (-0.011534, 0.05089, 0.009408), (-0.013379, 0.051899, 0.013593), (-0.019192, 0.05317, -0.012989),
            (-0.011986, 0.051244, 0.013843), (-0.017248, 0.053039, 0.01712), (-0.015683, 0.052828, 0.016423),
            (-0.01478, 0.052505, 0.015122), (-0.013978, 0.052274, 0.017018), (-0.014712, 0.052561, 0.018802),
            (-0.012897, 0.051694, 0.016082), (0.007584, 0.037882, 0.003918), (-0.017246, 0.052961, -0.01223),
            (0.009286, 0.036696, 0.004179), (-0.012831, 0.051843, 0.018087), (-0.014538, 0.056191, 0.031667),
            (-0.015643, 0.05645, 0.032905), (-0.004021, 0.046076, 0.017373), (-0.006053, 0.047285, 0.011219),
            (-0.001539, 0.044535, 0.020909), (-0.014664, 0.052288, -0.004122), (0.01042, 0.035966, 0.005918),
            (-0.014249, 0.052119, -0.00591), (-0.013229, 0.051646, -0.003862), (0.004031, 0.040502, 0.012299),
            (-0.014574, 0.052316, -0.001842), (-0.006778, 0.052035, 0.032171), (-0.005194, 0.050906, 0.03115),
            (-0.003345, 0.049444, 0.030896), (-0.003221, 0.049485, 0.032986), (0.00536, 0.039447, 0.013865),
            (-0.013363, 0.051814, -0.000331), (-0.013929, 0.052065, 0.002575), (-0.005227, 0.050722, 0.033079),
            (-0.021474, 0.053199, 0.007316), (0.013589, 0.03394, 0.013357), (-0.019721, 0.053261, 0.008514),
            (0.014868, 0.033173, 0.014579), (0.014318, 0.033603, 0.016755), (-0.00113, 0.044436, 0.022867),
            (-0.022093, 0.053212, 0.008929), (0.004904, 0.039828, 0.016109), (0.006738, 0.038697, 0.017972),
            (0.007292, 0.038254, 0.015911), (0.006185, 0.039101, 0.019819), (0.00814, 0.037837, 0.019724),
            (0.008458, 0.037524, 0.017695), (0.015855, 0.032458, 0.015899), (0.016334, 0.032294, 0.018798),
            (0.015574, 0.032922, 0.021651), (0.009307, 0.037271, 0.022671), (0.018913, 0.030088, 0.003226),
            (0.016219, 0.031918, 0.007495), (0.020957, 0.028743, 0.003448), (0.01627, 0.031982, 0.009137),
            (0.019875, 0.029542, 0.005427), (0.004887, 0.043967, 0.031594), (-0.014987, 0.052678, 0.020238),
            (0.002977, 0.043521, 0.032993), (-0.012733, 0.051612, 0.004915), (-0.012269, 0.051384, 0.002839),
            (-0.014748, 0.052418, 0.005837), (-0.010537, 0.050425, 0.003965), (-0.013166, 0.051971, 0.020104),
            (0.014238, 0.036325, 0.030124), (-0.007454, 0.04819, 0.001757), (0.008922, 0.03897, 0.032066),
            (0.008406, 0.04157, 0.032295), (0.00657, 0.041359, 0.033201), (-0.008732, 0.049142, 0.00357),
            (0.005521, 0.043163, 0.033133), (-0.007228, 0.047806, 0.003497), (0.010875, 0.039704, 0.03274),
            (-0.005146, 0.046504, 0.00284), (0.009197, 0.040029, 0.033256), (0.010538, 0.037891, 0.032436),
            (0.012419, 0.036573, 0.032101), (0.012462, 0.038032, 0.033207), (0.014288, 0.037441, 0.031813),
            (0.013929, 0.036979, 0.033281), (-0.001295, 0.04793, 0.033041), (0.000399, 0.046731, 0.033095),
            (0.001246, 0.04471, 0.032792), (0.002333, 0.045465, 0.033), (0.022274, -0.000519, 0.028521),
            (0.020818, -0.001589, 0.028535), (0.022029, -0.00287, 0.028587), (0.024167, -0.002251, 0.028569),
            (0.025117, 0.025812, -0.008924), (0.03558, -0.012268, 0.031137), (0.034065, -0.014112, 0.031235),
            (0.036388, -0.012702, 0.030138), (0.034276, 0.02148, 0.030488), (0.034807, 0.019778, 0.029136),
            (0.036543, 0.019682, 0.029672), (0.026101, 0.025165, -0.006728), (0.036775, 0.019897, 0.031732),
            (0.035581, 0.022746, 0.030573), (0.037605, 0.021253, 0.030388), (0.035655, 0.021401, 0.029566),
            (0.037038, 0.020288, 0.029234), (0.023105, 0.02717, -0.006013), (0.02043, 0.003726, 0.028285),
            (0.021054, 0.001141, 0.028496), (0.022052, 0.002321, 0.028516), (0.02469, 0.026112, -0.005731),
            (0.037803, 0.018744, 0.029688), (0.039154, 0.017297, 0.029338), (0.038824, 0.018413, 0.031449),
            (0.035126, -0.01499, 0.030427), (0.023588, 0.000909, 0.028505), (0.02358, 0.026857, -0.004128),
            (0.023706, 0.002509, 0.028538), (0.039177, 0.019451, 0.029924), (0.039024, 0.018794, 0.028686),
            (0.036981, -0.010298, 0.031023), (0.026287, 0.025046, -0.004466), (0.0379, -0.010345, 0.029441),
            (0.032923, 0.013275, 0.028991), (0.032852, 0.011993, 0.028959), (0.034424, 0.011802, 0.029016),
            (0.034935, 0.014044, 0.029095), (0.03624, 0.012596, 0.029111), (0.035119, -0.010827, 0.031125),
            (0.036841, 0.011369, 0.029116), (0.025285, -0.000839, 0.028547), (0.023328, 0.027061, -0.001935),
            (0.03618, 0.009589, 0.029041), (0.038257, 0.009017, 0.029114), (0.025113, 0.025864, -0.002671),
            (0.022778, -0.004562, 0.028619), (0.039812, 0.010969, 0.029262), (0.040834, -0.018491, 0.03317),
            (0.041373, -0.016103, 0.032791), (0.040164, -0.01725, 0.031431), (0.038914, 0.013057, 0.029264),
            (0.036907, 0.014778, 0.029175), (0.026718, 0.024802, -0.002089), (0.028338, 0.023707, -0.004083),
            (0.028197, 0.023817, -0.001589), (0.040759, 0.012317, 0.029318), (0.038163, 0.007183, 0.029089),
            (0.036416, 0.007681, 0.029019), (0.037112, 0.006604, 0.029555), (0.034327, -0.003637, 0.028888),
            (0.03307, -0.005734, 0.028835), (0.036375, -0.005664, 0.028796), (0.038104, 0.00553, 0.029679),
            (0.039954, 0.007264, 0.029175), (0.025121, -0.005939, 0.028718), (0.024465, -0.007359, 0.028771),
            (0.038688, 0.004488, 0.030139), (0.039953, 0.005325, 0.029011), (0.02658, -0.007138, 0.02879),
            (0.026283, 0.02503, -0.010086), (0.036474, -0.002942, 0.028879), (0.025066, -0.004144, 0.028645),
            (0.042075, 0.006487, 0.029273), (0.032398, -0.002131, 0.028599), (0.03128, -0.000429, 0.02869),
            (0.030518, -0.001886, 0.028707), (0.031793, -0.003558, 0.028723), (0.033922, -0.001087, 0.028699),
            (0.028478, 0.02362, -0.009078), (0.035433, -0.001729, 0.028647), (0.026551, -0.001756, 0.028604),
            (0.039872, 0.009389, 0.02924), (0.027123, 0.024477, -0.008098), (0.02676, -0.003961, 0.028678),
            (0.041944, 0.010584, 0.029351), (0.041477, 0.007862, 0.02926), (0.028287, -0.005754, 0.02875),
            (0.035457, 0.000191, 0.028877), (0.042845, 0.008986, 0.029378), (0.038096, -0.001219, 0.028751),
            (0.04416, 0.007361, 0.029388), (0.039736, 0.016679, 0.023653), (0.042143, 0.014825, 0.023246),
            (0.040552, 0.016235, 0.021584), (0.033756, 0.000201, 0.028807), (0.041235, 0.015718, 0.024771),
            (0.035137, 0.002254, 0.028658), (0.039844, 0.016867, 0.025768), (0.022492, 0.003918, 0.028333),
            (0.043801, 0.013547, 0.02627), (0.043734, 0.013317, 0.024302), (0.023827, 0.003964, 0.028379),
            (0.030329, 0.022429, -0.008121), (0.031944, 0.02138, -0.008416), (0.04193, 0.015654, 0.026731),
            (0.037712, -0.003683, 0.029292), (0.040059, 0.017292, 0.02714), (0.025778, 0.002833, 0.028566),
            (0.025711, 0.000626, 0.028529), (0.043844, 0.015102, 0.028025), (0.029113, 0.0232, -0.006398),
            (0.027759, 0.024097, -0.006026), (0.046726, 0.010012, 0.027037), (0.046528, 0.008879, 0.02572),
            (0.045855, 0.009957, 0.02433), (0.036058, -0.007185, 0.029109), (0.034295, -0.006937, 0.028739),
            (0.031186, 0.021834, -0.005508), (0.043573, 0.012715, 0.029423), (0.044462, 0.010109, 0.029468),
            (0.02743, 0.000493, 0.028565), (0.028016, 0.001913, 0.028559), (0.027278, 0.004017, 0.028584),
            (0.045321, 0.011293, 0.029459), (0.03774, -0.008909, 0.030992), (0.035501, -0.008953, 0.030996),
            (0.037756, -0.005959, 0.030774), (0.036634, -0.007239, 0.030722), (0.030757, 0.022114, -0.00378),
            (0.04648, 0.009614, 0.029453), (0.046675, 0.011329, 0.030373), (0.029828, 0.022744, -0.002646),
            (0.038074, -0.004512, 0.030654), (0.038871, -0.0081, 0.0299), (0.039642, -0.008472, 0.029183),
            (0.039954, -0.006373, 0.029179), (0.038997, -0.007085, 0.030766), (0.03874, 0.015291, 0.02928),
            (0.037393, 0.016606, 0.029216), (0.040206, 0.013889, 0.029313), (0.029895, 0.02273, -0.00031),
            (0.028424, -0.001387, 0.028643), (0.040893, 0.015283, 0.029292), (0.034392, 0.01976, -0.007725),
            (0.028409, -0.003846, 0.028691), (0.029593, -0.003043, 0.028672), (0.029205, 0.000461, 0.02862),
            (0.042269, 0.014374, 0.029305), (0.035461, 0.019047, -0.005375), (0.037048, 0.018024, -0.006579),
            (0.040681, 0.017898, 0.029399), (0.0423, 0.016652, 0.028917), (0.033395, 0.020367, -0.005497),
            (0.040737, 0.01682, 0.029921), (0.042011, 0.018421, 0.030271), (0.033138, 0.020585, -0.003537),
            (0.039605, -0.002928, 0.031012), (0.042232, 0.016004, 0.031127), (0.038385, 0.017294, -0.004118),
            (0.043831, 0.014348, 0.030001), (0.039853, -0.005081, 0.030739), (0.029174, 0.003532, 0.02861),
            (0.030551, 0.002301, 0.028597), (0.040935, -0.005092, 0.028824), (0.042918, 0.016751, 0.032866),
            (0.040309, 0.017776, 0.032562), (0.0383, 0.017235, -0.007151), (0.044672, 0.014464, 0.032295),
            (0.032159, 0.002895, 0.028561), (0.032014, 0.000817, 0.02868), (0.037192, 0.000604, 0.029002),
            (0.045275, 0.013068, 0.030419), (0.040304, 0.016068, -0.005002), (0.046844, 0.012146, 0.032466),
            (0.044751, 0.016098, 0.032793), (0.040133, 0.016169, -0.002901), (0.038822, -0.001343, 0.030726),
            (0.033477, 0.002554, 0.028517), (0.046064, 0.01169, 0.027292), (0.045366, 0.011215, 0.025556),
            (0.038879, 0.000222, 0.03087), (0.032113, 0.021265, -0.001738), (0.045392, 0.014121, 0.02866),
            (0.040552, -0.000989, 0.030354), (0.041486, 0.000867, 0.02891), (0.040513, 0.000911, 0.02964),
            (0.046652, 0.012694, 0.028572), (0.035182, 0.019309, -0.002675), (0.034258, 0.01992, -0.001076),
            (0.048289, 0.010556, 0.029064), (0.01535, 0.007174, 0.028224), (0.048376, 0.012444, 0.030301),
            (0.044109, 0.016323, 0.029791), (0.032747, 0.020824, 0.000117), (0.014348, 0.00865, 0.028249),
            (0.046182, 0.014531, 0.029873), (0.015685, 0.009497, 0.028297), (0.013603, 0.010883, 0.028236),
            (0.038172, 0.01743, -0.002131), (0.015313, 0.005943, 0.028632), (0.041377, -0.001383, 0.028963),
            (0.041035, -0.003369, 0.029249), (0.015511, 0.004888, 0.028677), (0.016622, 0.004869, 0.028351),
            (0.016185, 0.005587, 0.028666), (0.033377, -0.024662, 0.012139), (0.036739, 0.01824, -0.000685),
            (0.035721, 0.01896, -0.001053), (0.034019, -0.024051, 0.010816), (0.016699, 0.008082, 0.028245),
            (0.016589, 0.00675, 0.028827), (0.014705, 0.011724, 0.028233), (0.034703, 0.01956, 0.001042),
            (0.03468, -0.023376, 0.012348), (0.033169, -0.024907, 0.014599), (0.017762, 0.009203, 0.028315),
            (0.043347, -0.002094, 0.029249), (0.037715, 0.017568, 0.000582), (0.034477, -0.02366, 0.014075),
            (0.036431, 0.018507, 0.001907), (0.018658, 0.007472, 0.028345), (0.017712, 0.00723, 0.029469),
            (0.035167, -0.022776, 0.010308), (0.035843, -0.021827, 0.011342), (0.022369, 0.027724, -6.6e-05),
            (0.014818, 0.006405, 0.029024), (0.025035, 0.025933, -2.6e-05), (0.044032, -0.00446, 0.029327),
            (0.017291, 0.006421, 0.031245), (0.03724, -0.019729, 0.010484), (0.037807, -0.018865, 0.00947),
            (0.036569, -0.020757, 0.012191), (0.016292, 0.012975, 0.028268), (0.017233, 0.01206, 0.0283),
            (0.045497, -0.003357, 0.029438), (0.042882, -0.011632, 0.024968), (0.041744, -0.013747, 0.026103),
            (0.04142, -0.013523, 0.023401), (0.021951, 0.028082, 0.001928), (0.023983, 0.02668, 0.001197),
            (0.042729, -0.012666, 0.026616), (0.035684, -0.022095, 0.01382), (0.016872, 0.006148, 0.02867),
            (0.017571, 0.006331, 0.028623), (0.017185, 0.004598, 0.029303), (0.018337, 0.005074, 0.028299),
            (0.018919, 0.003527, 0.028303), (0.024165, 0.026481, 0.002939), (0.037559, -0.019228, 0.013437),
            (0.01815, 0.00621, 0.028796), (0.027586, 0.024245, 0.001118), (0.018641, 0.00645, 0.028621),
            (0.038933, -0.010804, 0.029266), (0.038033, -0.012339, 0.029316), (0.041163, -0.012173, 0.029538),
            (0.038573, -0.01384, 0.029447), (0.034996, -0.023079, 0.016707), (0.040688, -0.01435, 0.029447),
            (0.019658, 0.005611, 0.028367), (0.025831, 0.025354, 0.002061), (0.019097, 0.006304, 0.028714),
            (0.020118, 0.006474, 0.028783), (0.041671, -0.010434, 0.029519), (0.029143, 0.023093, 0.001797),
            (0.019216, 0.005374, 0.028871), (0.020921, 0.005541, 0.028359), (0.033788, -0.024453, 0.018669),
            (0.021817, 0.028281, 0.005645), (0.022126, 0.028047, 0.007416), (0.041007, -0.015417, 0.02677),
            (0.040692, -0.015048, 0.024815), (0.035167, -0.022789, 0.018975), (0.036073, -0.021552, 0.017728),
            (0.024229, 0.026494, 0.004752), (0.042848, -0.014607, 0.028402), (0.040176, -0.016934, 0.027069),
            (0.040974, -0.01763, 0.029287), (0.042274, -0.015756, 0.029045), (0.0259, 0.025454, 0.004618),
            (0.036638, -0.020636, 0.015205), (0.019081, 0.005261, 0.030717), (0.026871, 0.024594, 0.003537),
            (0.019132, 0.007393, 0.030727), (0.026815, 0.025016, 0.008378), (0.028344, 0.023803, 0.007068),
            (0.026987, 0.024715, 0.005991), (0.030429, 0.022357, 0.003246), (0.031116, 0.021841, 0.001061),
            (0.043739, -0.013172, 0.028065), (0.028675, 0.023505, 0.003762), (0.031491, 0.021658, 0.004495),
            (0.03179, 0.021411, 0.002529), (0.037116, -0.019945, 0.017407), (0.029534, 0.023003, 0.005836),
            (0.0206, 0.006937, 0.031245), (0.037734, -0.018962, 0.016251), (0.038694, -0.017496, 0.014762),
            (0.032093, 0.021323, 0.006758), (0.033312, 0.020556, 0.00513), (0.021124, 0.005592, 0.030533),
            (0.028533, 0.023732, 0.00863), (0.041261, -0.015696, 0.030918), (0.041974, -0.013995, 0.029848),
            (0.04201, -0.014666, 0.032191), (0.019086, 0.009997, 0.028368), (0.030775, 0.022203, 0.007686),
            (0.020653, 0.008227, 0.028245), (0.042811, -0.013554, 0.031206), (0.040125, -0.01528, 0.007885),
            (0.039767, -0.015843, 0.00944), (0.021166, 0.011205, 0.028443), (0.034053, 0.020136, 0.010581),
            (0.033504, 0.020414, 0.007949), (0.032254, 0.021263, 0.009261), (0.032895, 0.020918, 0.01113),
            (0.018602, 0.012064, 0.028335), (0.034973, 0.019305, 0.008681), (0.035592, 0.019162, 0.011414),
            (0.041317, -0.013449, 0.008281), (0.043345, -0.012029, 0.029773), (0.032861, 0.020695, 0.001911),
            (0.019966, 0.011804, 0.028394), (0.044335, -0.013389, 0.029954), (0.018492, 0.013971, 0.028397),
            (0.033709, 0.020208, 0.003611), (0.020184, 0.014171, 0.028427), (0.041062, -0.013813, 0.010778),
            (0.021386, 0.013314, 0.028401), (0.044135, -0.009931, 0.025885), (0.04433, -0.009111, 0.024161),
            (0.041663, -0.012908, 0.009635), (0.034945, 0.019525, 0.002931), (0.044302, -0.010953, 0.027181),
            (0.043152, -0.010619, 0.008173), (0.042467, -0.011664, 0.010053), (0.038397, 0.017192, 0.002056),
            (0.039857, -0.015699, 0.011809), (0.037218, 0.018096, 0.004382), (0.021988, 0.009812, 0.028373),
            (0.045809, -0.006712, 0.025515), (0.045123, -0.008455, 0.026126), (0.035441, 0.019225, 0.004745),
            (0.023275, 0.011167, 0.028449), (0.034369, 0.019766, 0.006517), (0.042532, -0.011588, 0.01235),
            (0.043738, -0.00971, 0.010229), (0.021168, 0.006811, 0.028767), (0.02185, 0.00612, 0.028542),
            (0.021899, 0.007221, 0.028597), (0.022675, 0.006003, 0.028365), (0.041422, -0.013322, 0.013456),
            (0.04309, -0.010767, 0.014616), (0.041904, 0.014761, -0.006148), (0.046252, -0.008954, 0.027814),
            (0.021351, 0.006149, 0.028767), (0.043568, -0.010089, 0.012314), (0.02256, 0.006025, 0.028919),
            (0.021765, 0.00487, 0.028239), (0.021524, 0.00582, 0.028677), (0.042749, 0.013954, -0.005331),
            (0.021417, 0.005894, 0.028755), (0.047218, -0.007113, 0.027791), (0.038784, -0.017355, 0.009487),
            (0.041777, 0.014888, -0.00376), (0.045258, -0.011577, 0.029558), (0.024045, 0.005727, 0.028237),
            (0.038458, -0.017848, 0.011864), (0.023513, 0.005887, 0.029686), (0.042182, 0.014541, -0.001911),
            (0.043406, 0.013286, -0.003654), (0.022154, 0.007848, 0.028509), (0.046269, -0.010069, 0.029332),
            (0.022933, 0.007176, 0.02871), (0.044145, 0.012398, -0.001729), (0.044522, 0.011961, -0.004113),
            (0.023891, 0.009559, 0.028358), (0.039928, 0.016298, -0.000408), (0.024188, 0.008137, 0.028625),
            (0.039137, -0.016826, 0.013204), (0.040202, -0.015198, 0.013727), (0.025759, 0.007599, 0.028632),
            (0.025393, 0.005696, 0.028344), (0.026259, 0.00632, 0.028444), (0.023767, 0.007092, 0.028701),
            (0.041794, 0.014866, 5.5e-05), (0.043075, 0.013631, -0.000458), (0.024483, 0.007093, 0.028689),
            (0.024979, 0.007427, 0.028647), (0.039906, -0.015637, 0.015869), (0.038799, -0.017377, 0.017605),
            (0.042437, 0.014272, 0.002295), (0.041154, 0.015488, 0.001761), (0.021093, 0.007751, 0.02974),
            (0.022286, 0.007689, 0.030993), (0.04173, 0.015033, 0.004476), (0.044253, 0.012349, 9e-06),
            (0.041866, -0.008738, 0.029426), (0.043571, 0.013146, 0.001596), (0.041122, -0.013767, 0.015956),
            (0.042517, -0.006747, 0.029289), (0.02311, 0.006534, 0.031073), (0.044015, 0.012674, 0.003633),
            (0.033781, -0.02444, 0.020139), (0.044714, 0.011729, 0.002471), (0.037949, -0.018597, 0.01883),
            (0.044034, -0.009578, 0.029496), (0.047648, -7.3e-05, 0.002343), (0.047676, 0.003128, -0.000585),
            (0.037087, -0.019799, 0.020208), (0.038241, -0.01822, 0.022351), (0.04768, 0.001716, -0.00077),
            (0.025047, 0.006399, 0.0309), (0.039202, -0.016556, 0.020327), (0.047517, 0.00489, -0.000892),
            (0.035976, -0.021626, 0.020022), (0.036955, -0.020085, 0.022079), (0.024612, 0.008136, 0.031029),
            (0.035358, -0.022589, 0.021579), (0.036945, -0.020196, 0.024223), (0.023515, 0.008176, 0.029865),
            (0.047737, 0.000141, 0.004673), (0.047698, 0.002451, 0.002103), (0.035656, -0.023307, 0.027164),
            (0.047595, 0.004477, 0.001074), (0.025943, 0.00814, 0.031234), (0.043729, -0.012958, 0.033052),
            (0.044304, -0.011403, 0.030806), (0.036735, -0.021303, 0.026483), (0.03527, -0.022556, 0.024692),
            (0.047609, 0.004458, 0.002653), (0.025286, 0.004247, 0.028455), (0.044312, -0.007708, 0.029511),
            (0.036727, -0.023412, 0.028849), (0.045502, -0.006304, 0.029544), (0.046395, 0.008497, -0.001872),
            (0.045632, 0.010113, -0.003574), (0.047234, 0.006159, -0.002548), (0.038201, -0.021031, 0.028266),
            (0.027385, 0.005822, 0.028611), (0.03743, -0.02297, 0.029806), (0.039297, -0.01662, 0.023078),
            (0.047029, 0.006934, -0.000564), (0.026595, 0.006542, 0.030282), (0.026477, 0.007125, 0.031054),
            (0.037624, -0.019962, 0.026228), (0.045405, 0.010613, 0.000497), (0.038419, -0.018597, 0.025607),
            (0.039651, -0.016646, 0.024973), (0.047266, 0.00625, 0.001499), (0.023066, 0.013308, 0.028428),
            (0.022594, 0.015485, 0.028636), (0.038918, -0.018555, 0.026819), (0.047954, -0.007683, 0.029632),
            (0.046109, -0.008428, 0.030119), (0.046828, 0.007517, 0.002905), (0.047004, 0.007201, 0.005222),
            (0.04733, 0.006064, 0.003802), (0.046127, 0.009295, 0.004134), (0.047744, 0.00341, 0.004317),
            (0.047751, 0.001649, 0.005981), (0.039734, -0.019151, 0.028703), (0.0474, -0.006398, 0.030213),
            (0.024953, 0.012054, 0.028446), (0.024582, 0.014375, 0.02861), (0.042361, -0.011869, 0.015731),
            (0.047772, 0.003088, 0.006236), (0.044246, -0.009014, 0.014474), (0.04688, -0.007787, 0.032103),
            (0.047825, 0.001665, 0.00821), (0.047751, 0.003936, 0.009168), (0.047662, 0.004346, 0.00706),
            (0.045104, -0.01014, 0.030461), (0.026319, 0.012827, 0.028632), (0.047405, 0.005688, 0.005802),
            (0.043753, -0.009774, 0.01712), (0.044551, -0.008519, 0.016557), (0.026179, 0.015863, 0.028815),
            (0.040001, -0.015525, 0.017667), (0.025739, 0.008952, 0.028348), (0.025131, 0.008085, 0.028814),
            (0.041296, -0.013533, 0.017713), (0.046419, 0.008562, 0.001714), (0.045399, -0.010499, 0.032868),
            (0.026087, 0.006936, 0.029008), (0.040726, -0.014369, 0.018855), (0.026004, 0.007869, 0.028869),
            (0.027777, 0.009765, 0.028583), (0.027082, 0.008467, 0.028821), (0.026039, 0.010715, 0.028463),
            (0.047421, -0.009795, 0.032851), (0.038675, 0.017079, 0.004482), (0.046043, -0.011704, 0.032548),
            (0.04007, 0.016243, 0.003342), (0.025548, 0.00852, 0.029893), (0.025898, 0.008578, 0.030511),
            (0.042695, -0.011466, 0.0182), (0.047915, -0.008186, 0.033076), (0.027431, 0.008749, 0.031095),
            (0.041606, -0.012936, 0.020523), (0.036954, 0.002624, 0.02954), (0.038135, 0.001563, 0.030682),
            (0.044918, -0.008149, 0.018491), (0.043872, -0.009544, 0.019583), (0.042789, 0.013851, 0.00478),
            (0.040346, -0.014959, 0.02154), (0.028252, 0.011289, 0.028737), (0.043436, 0.013288, 0.005798),
            (0.036834, 0.004131, 0.030795), (0.038161, 0.003074, 0.030861), (0.041882, 0.014961, 0.007244),
            (0.040147, 0.016248, 0.008582), (0.04108, 0.015602, 0.009805), (0.042786, 0.014011, 0.008029),
            (0.028318, 0.012862, 0.028805), (0.044485, 0.012147, 0.012121), (0.043364, 0.013466, 0.0098),
            (0.042068, 0.014699, 0.011144), (0.042565, 0.014219, 0.013075), (0.046114, 0.009322, 0.0059),
            (0.028522, 0.008974, 0.029109), (0.046893, 0.007528, 0.007419), (0.046249, 0.009098, 0.00838),
            (0.047343, 0.0061, 0.008237), (0.029826, 0.009663, 0.028977), (0.042532, -0.011733, 0.022899),
            (0.039746, 0.001848, 0.030574), (0.039278, 0.003373, 0.030341), (0.028124, 0.014512, 0.028844),
            (0.040574, 0.00269, 0.029147), (0.047767, 0.0034, 0.012177), (0.047769, 0.002731, 0.010572),
            (0.047435, 0.005744, 0.0105), (0.047536, 0.005333, 0.013278), (0.030051, 0.013779, 0.028874),
            (0.043477, -0.010171, 0.022263), (0.042525, -0.011507, 0.020438), (0.047015, 0.00741, 0.011949),
            (0.046913, 0.007474, 0.01), (0.030588, 0.01239, 0.028855), (0.030923, 0.010622, 0.028826),
            (0.044343, -0.008894, 0.021656), (0.045417, -0.007303, 0.021646), (0.044479, 0.012146, 0.014192),
            (0.047094, 0.007332, 0.014471), (0.043413, -0.010177, 0.005198), (0.047709, 0.004707, 0.014926),
            (0.032576, 0.014728, 0.029009), (0.047682, 0.005051, 0.016716), (0.04725, 0.00703, 0.017157),
            (0.003492, 0.024984, 0.028908), (0.044221, -0.008951, 0.00642), (0.020776, 0.016569, 0.028694),
            (0.036823, -0.022753, 0.032925), (0.037788, -0.020618, 0.030825), (0.044444, -0.008686, 0.008738),
            (0.005483, 0.024564, 0.028704), (0.024895, 0.017042, 0.028823), (0.007172, 0.022896, 0.028674),
            (0.022864, 0.017742, 0.028797), (0.038739, -0.021927, 0.032999), (0.037988, -0.020857, 0.032661),
            (0.005597, 0.026863, 0.029062), (0.044935, -0.007945, 0.010564), (0.039874, -0.020305, 0.033025),
            (0.039299, -0.018862, 0.032534), (0.00758, 0.02442, 0.028712), (0.044343, -0.008846, 0.012279),
            (0.007056, 0.026346, 0.029061), (0.047701, -0.001977, 0.026175), (0.046792, -0.004691, 0.025587),
            (0.047433, -0.002882, 0.023407), (0.024646, 0.018543, 0.028881), (0.047965, 0.001505, 0.021285),
            (0.047974, 0.001002, 0.018407), (0.047923, 0.003123, 0.019482), (0.04739, -0.001957, 0.002929),
            (0.026198, 0.019093, 0.028937), (0.047871, 0.002923, 0.017442), (0.047625, 0.005195, 0.018295),
            (0.007508, 0.021723, 0.0286), (0.008247, 0.018522, 0.028449), (0.047915, 0.003891, 0.021563),
            (0.04773, 0.004821, 0.020213), (0.047328, -0.002157, 0.006438), (0.0477, -0.000199, 0.00705),
            (0.047564, 0.005892, 0.022108), (0.029442, 0.017999, 0.029018), (0.029231, 0.016154, 0.028921),
            (0.009156, 0.021451, 0.028585), (0.00996, 0.02026, 0.028559), (0.009469, 0.018267, 0.028487),
            (0.047618, -0.001046, 0.008977), (0.047801, -0.000574, 0.021268), (0.028042, 0.020153, 0.029044),
            (0.047917, -9.8e-05, 0.024382), (0.045113, -0.00745, 0.014753), (0.009525, 0.023561, 0.028718),
            (0.047838, 0.001283, 0.016632), (0.008287, 0.025978, 0.028931), (0.010207, 0.025865, 0.028902),
            (0.043729, 0.000268, 0.029264), (0.047842, 0.001101, 0.01039), (0.010321, 0.027298, 0.02902),
            (0.011907, 0.019891, 0.028594), (0.011855, 0.021829, 0.028689), (0.047885, 0.001921, 0.012029),
            (0.043333, 0.001875, 0.02922), (0.025706, 0.021059, 0.029014), (0.045583, -0.001327, 0.029374),
            (0.046015, 0.000592, 0.029358), (0.010966, 0.024481, 0.028796), (0.047885, 0.000481, 0.014279),
            (0.030058, 0.014945, 0.028918), (0.047877, 0.00279, 0.014757), (0.012225, 0.023501, 0.028775),
            (0.031722, 0.016236, 0.029019), (0.011959, 0.026389, 0.028905), (0.013506, 0.025591, 0.028907),
            (0.01394, 0.021246, 0.02869), (0.02584, -0.009271, 0.028856), (0.027142, -0.010263, 0.028923),
            (0.01448, 0.023652, 0.028826), (0.047806, 0.00075, 0.029444), (0.047878, -0.002212, 0.029406),
            (0.028017, -0.008767, 0.028884), (0.028662, -0.010262, 0.029228), (0.027314, 0.006853, 0.028894),
            (0.010402, 0.013284, 0.028367), (0.049047, -1e-06, 0.029612), (0.029378, 0.006792, 0.028934),
            (0.028897, 0.005378, 0.028616), (0.010716, 0.015026, 0.028437), (0.02844, 0.006829, 0.029779),
            (0.010604, 0.016581, 0.028441), (0.012871, 0.014084, 0.028416), (0.013408, 0.016034, 0.028523),
            (0.027965, -0.011032, 0.030625), (0.012296, 0.010992, 0.02818), (0.030805, 0.004279, 0.028681),
            (0.048106, 0.00501, 0.026761), (0.047279, 0.006958, 0.025914), (0.047688, 0.007804, 0.027059),
            (0.028971, -0.007347, 0.028854), (0.01205, 0.01258, 0.028214), (0.048696, 0.001573, 0.027044),
            (0.047931, -0.000251, 0.025815), (0.047877, 0.002274, 0.024772), (0.030552, 0.005831, 0.028691),
            (0.030462, -0.008638, 0.028928), (0.032304, 0.005819, 0.028689), (0.030281, -0.009951, 0.029275),
            (0.048944, -0.000338, 0.027302), (0.014849, 0.013274, 0.028306), (0.029526, -0.012169, 0.031085),
            (0.031019, 0.006592, 0.029255), (0.030227, -0.010867, 0.030925), (0.015124, 0.015051, 0.028517),
            (0.03, -0.014193, 0.031105), (0.028238, 0.007132, 0.030844), (0.027215, 0.006706, 0.029534),
            (0.031059, -0.013317, 0.031098), (0.050454, 0.001239, 0.028861), (0.029108, 0.008751, 0.031201),
            (0.032184, -0.009856, 0.030149), (0.049167, 0.003689, 0.027415), (0.050405, 0.003214, 0.02872),
            (0.032527, -0.011342, 0.031133), (0.030676, 0.009256, 0.030384), (0.017654, 0.016052, 0.028628),
            (0.019012, 0.015497, 0.028584), (0.030169, -0.004458, 0.028737), (0.030606, 0.008014, 0.031166),
            (0.04636, -0.005565, 0.023285), (0.031271, -0.006069, 0.028847), (0.031093, -0.007534, 0.028905),
            (0.047447, -0.005059, 0.027012), (0.030962, 0.007004, 0.03071), (0.011162, 0.018124, 0.028499),
            (0.03219, 0.006445, 0.030279), (0.012701, 0.01792, 0.028523), (0.047782, -0.003192, 0.02674),
            (0.014408, 0.019165, 0.028613), (0.032868, -0.009097, 0.029054), (0.033823, 0.004341, 0.028776),
            (0.015131, 0.017498, 0.028582), (0.048506, -0.005503, 0.028271), (0.047182, -0.005206, 0.029525),
            (0.033912, -0.009632, 0.030899), (0.015779, 0.020371, 0.028708), (0.032964, -0.01289, 0.031137),
            (0.033747, 0.005536, 0.028988), (0.034682, -0.008545, 0.02927), (0.017375, 0.018277, 0.028666),
            (0.049368, -0.005004, 0.029667), (0.032121, 0.009385, 0.029128), (0.017549, 0.02051, 0.028741),
            (0.049564, -0.003368, 0.028737), (0.016035, 0.022216, 0.028792), (0.05006, -0.001417, 0.028627),
            (0.016702, 0.016764, 0.028616), (0.032608, 0.00882, 0.030612), (0.032696, 0.007593, 0.031021),
            (0.034268, 0.008736, 0.028885), (0.035766, -0.016102, 0.029339), (0.033979, -0.017867, 0.029772),
            (0.03534, -0.018366, 0.029482), (0.01908, 0.017032, 0.02869), (0.03185, -0.014829, 0.031145),
            (0.014428, 0.026707, 0.028981), (0.016214, 0.025871, 0.028972), (0.03388, -0.016669, 0.031209),
            (0.016211, 0.023467, 0.02884), (0.034129, 0.007789, 0.03089), (0.04837, -0.003572, 0.029716),
            (0.033088, 0.010219, 0.028928), (0.018594, 0.031131, 0.023661), (0.017005, 0.031963, 0.022071),
            (0.0172, 0.032305, 0.025563), (0.048737, -0.00411, 0.03126), (0.02054, 0.029999, 0.025775),
            (0.0192, 0.03097, 0.026699), (0.021147, 0.030621, 0.028065), (0.022595, 0.028661, 0.026714),
            (0.034934, -0.020653, 0.029595), (0.035334, 0.00765, 0.030047), (0.018038, 0.023083, 0.028876),
            (0.036384, -0.021958, 0.029851), (0.019843, 0.022272, 0.028896), (0.019711, 0.020283, 0.028795),
            (0.018187, 0.025973, 0.029023), (0.01956, 0.024396, 0.028985), (0.049487, -0.000662, 0.030979),
            (0.036819, -0.020089, 0.02956), (0.037386, -0.018287, 0.029512), (0.035663, 0.004283, 0.029054),
            (0.038605, -0.021521, 0.030035), (0.035006, 0.005902, 0.030843), (0.033873, 0.006044, 0.030513),
            (0.020187, 0.018377, 0.028769), (0.038992, -0.018764, 0.03047), (0.036715, -0.013746, 0.029339),
            (0.038413, -0.015226, 0.029524), (0.037234, -0.016504, 0.029537), (0.022094, 0.019552, 0.02884),
            (0.051447, -0.000554, 0.030418), (0.050877, -0.003061, 0.030416), (0.022536, 0.022373, 0.028968),
            (0.038748, -0.016902, 0.029466), (0.021337, 0.026366, 0.029083), (0.022322, 0.024624, 0.02906),
            (0.04722, 0.006742, 0.020482), (0.047027, 0.007587, 0.019027), (0.040079, -0.020237, 0.030398),
            (0.036176, 0.005987, 0.030921), (0.04199, 0.004927, 0.029201), (0.025759, 0.02459, 0.029092),
            (0.023897, 0.026021, 0.029113), (0.042522, 0.003512, 0.029219), (0.02419, 0.020637, 0.028955),
            (0.024661, 0.022933, 0.029048), (0.040361, -0.016278, 0.02984), (0.027084, 0.022635, 0.029077),
            (0.019663, 0.029749, 0.009911), (0.021886, 0.028274, 0.008861), (0.044634, 0.004054, 0.029335),
            (0.045731, 0.002943, 0.029397), (0.017157, 0.031563, 0.016714), (0.019681, 0.00123, 0.028519),
            (0.020812, 0.029104, 0.016077), (0.021548, 0.028581, 0.014382), (0.019906, 0.029715, 0.014924),
            (0.045629, 0.00607, 0.029413), (0.019124, 0.030334, 0.016836), (0.022857, 0.027691, 0.013689),
            (0.020793, 0.029105, 0.011407), (0.047127, 0.002548, 0.02944), (0.022517, 0.027891, 0.017048),
            (0.021087, 0.029022, 0.018055), (0.023491, 0.0273, 0.01575), (0.026728, 0.024954, 0.010469),
            (0.02822, 0.023998, 0.010905), (0.047575, 0.004777, 0.029428), (0.0295, 0.023104, 0.009841),
            (0.027131, 0.02475, 0.012656), (0.04655, 0.00717, 0.029482), (0.03011, 0.022718, 0.011941),
            (0.028986, 0.023491, 0.012814), (0.04963, 0.007018, 0.028695), (0.050345, 0.00518, 0.028985),
            (0.048043, 0.007582, 0.029622), (0.025761, 0.025718, 0.011872), (0.029654, 0.023014, 0.014515),
            (0.027909, 0.024221, 0.014312), (0.031343, 0.02184, 0.01083), (0.047652, 0.009678, 0.030433),
            (0.032654, 0.021092, 0.013248), (0.033994, 0.02022, 0.013575), (0.035224, 0.019396, 0.013469),
            (0.047999, 0.009856, 0.031839), (0.048919, 0.006898, 0.031402), (0.02826, 0.024253, 0.019754),
            (0.026738, 0.025071, 0.017539), (0.026995, 0.025154, 0.020059), (0.028529, 0.023955, 0.017963),
            (0.025698, 0.025811, 0.013948), (0.048854, 0.003087, 0.029578), (0.027627, 0.024478, 0.015714),
            (0.030112, 0.022881, 0.016806), (0.04958, 0.001864, 0.030425), (0.019326, 0.030277, 0.018634),
            (0.049274, 0.004751, 0.030337), (0.020395, 0.029558, 0.019437), (0.021968, 0.028545, 0.020446),
            (0.019677, 0.030142, 0.021071), (0.028875, 0.023899, 0.02134), (0.029964, 0.023033, 0.019562),
            (0.050536, 0.003831, 0.032816), (0.028131, 0.024797, 0.02481), (0.028747, 0.024144, 0.022835),
            (0.02673, 0.025525, 0.02254), (0.029632, 0.023753, 0.025044), (0.050184, -0.001221, 0.032958),
            (0.030798, 0.022888, 0.024114), (0.051694, 0.002446, 0.030361), (0.025704, 0.02639, 0.024629),
            (0.024443, 0.02709, 0.022537), (0.023902, 0.027518, 0.023876), (0.048888, 0.008809, 0.02838),
            (0.022288, 0.02869, 0.024532), (0.023982, 0.027611, 0.025643), (0.026727, 0.02578, 0.026615),
            (0.049608, 0.009384, 0.029849), (0.026336, 0.027309, 0.028391), (0.025244, 0.026985, 0.027039),
            (0.026239, 0.026244, 0.029222), (0.024083, 0.028914, 0.028552), (0.048694, 0.011771, 0.032506),
            (0.049325, 0.009273, 0.032783), (0.027844, 0.024642, 0.029159), (0.008236, 0.027878, 0.029053),
            (0.029401, 0.022319, 0.029114), (0.029717, 0.02398, 0.029282), (0.028512, 0.025297, 0.029759),
            (0.029504, 0.025216, 0.028496), (0.028583, 0.024537, 0.026649), (0.028084, 0.026088, 0.028312),
            (0.010295, 0.028643, 0.029048), (0.031401, 0.023925, 0.028566), (0.030249, 0.02345, 0.026633),
            (0.031365, 0.023169, 0.029503), (0.030829, 0.025197, 0.030074), (0.012464, 0.028099, 0.029039),
            (0.036824, 0.018322, 0.011922), (0.036069, 0.018873, 0.014735), (0.012596, 0.029574, 0.029112),
            (0.014884, 0.029088, 0.02911), (0.012871, 0.031297, 0.029163), (0.014645, 0.03198, 0.029208),
            (0.015946, 0.031149, 0.029187), (0.038125, 0.017554, 0.014185), (0.03859, 0.01719, 0.012517),
            (0.037555, 0.017943, 0.016415), (0.039793, 0.016477, 0.015139), (0.015058, 0.033429, 0.029204),
            (0.040042, 0.016379, 0.012462), (0.04097, 0.015763, 0.013412), (0.041847, 0.014953, 0.015063),
            (0.040002, 0.016404, 0.017085), (0.017893, 0.028639, 0.029136), (0.041374, 0.015505, 0.019115),
            (0.042473, 0.014359, 0.016653), (0.015769, 0.03323, 0.026282), (0.038786, 0.017189, 0.018366),
            (0.042572, 0.014315, 0.018175), (0.016917, 0.033814, 0.028617), (0.040125, 0.016442, 0.020001),
            (0.041961, 0.015089, 0.021665), (0.01761, 0.032225, 0.027023), (0.046554, 0.008613, 0.016327),
            (0.046316, 0.009155, 0.017679), (0.019342, 0.032136, 0.028474), (0.015216, 0.034513, 0.030126),
            (0.015189, 0.035156, 0.029072), (0.045947, 0.009999, 0.019436), (0.042798, 0.014171, 0.020771),
            (0.043758, 0.013194, 0.022394), (0.044377, 0.012425, 0.021368), (0.017997, 0.031744, 0.02931),
            (0.017369, 0.033075, 0.030108), (0.04699, 0.007589, 0.023481), (0.046246, 0.009438, 0.022562),
            (0.016539, 0.033857, 0.031792), (0.045183, 0.011431, 0.02426), (0.033978, 0.020445, 0.020796),
            (0.033047, 0.021186, 0.022728), (0.035102, 0.019736, 0.022247), (0.034843, 0.020139, 0.024326),
            (0.018194, 0.033517, 0.030037), (0.01583, 0.035626, 0.030386), (0.01801, 0.029989, 0.029178),
            (0.034652, 0.020383, 0.026073), (0.036081, 0.019659, 0.026853), (0.037172, 0.018579, 0.025187),
            (0.03752, 0.018112, 0.022765), (0.036542, 0.01887, 0.023947), (0.020051, 0.027707, 0.029127),
            (0.020359, 0.029136, 0.029145), (0.020199, 0.030721, 0.029498), (0.038074, 0.018473, 0.027038),
            (0.029636, 0.020415, 0.029099), (0.022009, 0.029886, 0.030153), (0.022263, 0.028505, 0.029166),
            (0.018882, 0.032076, 0.030381), (0.031761, 0.019434, 0.029109), (0.033102, 0.018704, 0.029142),
            (0.020449, 0.031839, 0.029842), (0.031763, 0.022469, 0.026744), (0.020147, 0.031302, 0.031572),
            (0.031334, 0.021623, 0.029118), (0.032618, 0.022183, 0.02943), (0.033393, 0.021045, 0.029156),
            (0.023072, 0.027205, 0.029132), (0.022181, 0.030533, 0.029607), (0.021915, 0.032404, 0.031253),
            (0.032068, 0.02311, 0.031549), (0.023661, 0.028584, 0.02976), (0.033585, 0.016706, 0.029094),
            (0.023721, 0.030297, 0.03033), (0.025138, 0.029149, 0.030188), (0.025134, 0.027491, 0.029559),
            (0.035158, 0.0157, 0.029116), (0.024463, 0.028363, 0.031379), (0.035785, 0.017825, 0.029144),
            (0.026875, 0.027381, 0.029764), (0.026769, 0.026797, 0.030926), (0.033345, 0.021482, 0.026852),
            (0.033584, 0.022387, 0.028445), (0.028091, 0.02753, 0.03035), (0.029069, 0.026171, 0.029955),
            (0.035038, 0.021116, 0.027992), (0.030013, 0.024453, 0.030533), (0.033146, 0.023586, 0.030065),
            (0.033738, 0.022204, 0.032398), (0.033888, 0.023986, 0.032483), (0.032636, 0.025046, 0.031806),
            (0.030989, 0.024082, 0.032431), (0.035366, 0.021221, 0.032598), (0.035187, 0.022966, 0.032471),
            (0.038079, 0.020355, 0.032906), (0.036731, 0.021877, 0.032689), (0.041256, 0.018884, 0.032662),
            (0.043339, 0.017792, 0.032048), (0.032294, 0.02184, 0.024305), (0.043305, -0.016109, 0.030715),
            (0.042285, -0.017117, 0.032885), (0.04153, -0.018367, 0.030755), (0.039332, 0.020411, 0.031707),
            (0.045615, 0.015959, 0.031343), (0.02514, 0.02597, 0.006867), (0.046913, 0.0143, 0.032111),
            (0.044056, -0.014789, 0.032412), (0.023802, 0.026885, 0.008323), (0.03644, 0.018506, 0.006634),
            (0.045938, -0.012203, 0.03092), (0.034196, -0.023964, 0.022355), (0.04523, 0.010901, -0.001551),
            (0.04847, -0.008934, 0.030892), (0.026432, 0.008556, 0.029406), (0.045573, 0.010167, 0.002064),
            (0.044998, 0.011222, 0.004804), (0.037767, -0.024088, 0.032276), (0.038949, -0.022423, 0.031212),
            (0.038682, 0.0171, 0.0069), (0.040628, 0.01592, 0.006058), (0.045193, 0.011078, 0.006549),
            (0.044111, 0.012531, 0.007899), (0.045163, -0.007279, 0.004088), (0.045015, -0.007534, 0.006154),
            (0.038295, 0.017292, 0.009921), (0.036407, 0.018445, 0.009399), (0.047096, -0.003911, 0.021134),
            (0.046343, -0.005588, 0.020421), (0.046111, -0.005755, 0.00406), (0.046799, -0.003918, 0.004263),
            (0.046376, -0.005239, 0.006278), (0.045533, -0.006857, 0.00853), (0.047911, 0.002793, 0.023081),
            (0.047585, 0.005215, 0.023896), (0.047512, -0.002188, 0.019714), (0.04631, -0.005441, 0.010623),
            (0.045363, -0.007229, 0.012678), (0.045088, 0.011309, 0.008728), (0.046031, 0.00944, 0.010387),
            (0.046617, -0.004564, 0.008052), (0.047187, -0.00296, 0.009671), (0.023025, 0.02763, 0.011076),
            (0.045139, 0.011279, 0.011033), (0.045794, 0.010117, 0.012212), (0.024398, 0.026638, 0.01237),
            (0.024802, 0.026258, 0.010196), (0.045763, 0.01018, 0.01493), (0.046411, 0.009056, 0.014248),
            (0.046284, -0.005666, 0.013564), (0.047798, 0.003535, 0.025475), (0.045382, -0.007046, 0.016514),
            (0.047102, -0.003378, 0.013639), (0.046375, -0.005452, 0.015968), (0.047617, -0.000691, 0.012388),
            (0.047598, -0.001767, 0.014417), (0.020078, 0.029542, 0.012884), (0.018697, 0.030556, 0.014388),
            (0.047276, -0.003321, 0.017646), (0.045774, -0.006818, 0.019012), (0.046614, -0.005036, 0.018413),
            (0.047716, -0.000914, 0.017036), (0.024832, 0.026353, 0.015227), (0.024297, 0.026789, 0.017277),
            (0.025886, 0.025585, 0.016181), (0.048748, -0.005209, 0.032909), (0.023112, 0.027458, 0.018595),
            (0.017595, 0.031367, 0.019063), (0.050306, -0.005507, 0.03096), (0.018383, 0.030999, 0.020882),
            (0.049709, -0.006237, 0.03264), (0.031175, 0.022064, 0.014279), (0.020362, 0.029863, 0.022886),
            (0.033218, 0.020721, 0.015797), (0.046511, 0.00886, 0.020857), (0.025119, 0.026258, 0.019155),
            (0.031912, 0.021651, 0.018134), (0.033442, 0.020688, 0.018805), (0.031585, 0.021964, 0.020286),
            (0.049924, 0.001303, 0.032323), (0.04992, 0.007006, 0.032757), (0.051219, 0.005978, 0.031836),
            (0.024324, 0.02687, 0.020849), (0.02238, 0.028475, 0.022352), (0.050499, -0.003163, 0.032961),
            (0.051519, 0.001184, 0.032544), (0.051044, 0.007135, 0.030368), (0.030951, 0.022684, 0.022031),
            (0.05021, 0.009486, 0.031472), (0.034757, 0.019747, 0.016551), (0.034888, 0.019673, 0.018959),
            (0.037389, 0.018127, 0.019281), (0.036003, 0.019004, 0.020462), (0.038039, 0.017755, 0.020907),
            (0.039154, 0.01709, 0.022364), (0.019061, 0.034054, 0.030822), (0.019637, 0.033659, 0.032877),
            (0.022381, 0.030313, 0.03296), (0.015003, 0.035427, 0.033035), (0.043278, 0.013494, 0.015014),
            (0.017466, 0.035241, 0.032648), (0.017865, 0.033638, 0.033084), (0.016543, 0.035955, 0.031308),
            (0.044826, 0.011734, 0.015935), (0.044312, 0.012424, 0.017624), (0.045573, 0.010558, 0.016973),
            (0.043724, 0.013169, 0.019311), (0.021152, 0.031845, 0.03321), (0.045317, 0.011091, 0.020675),
            (0.02389, 0.029132, 0.032774), (0.023194, 0.031449, 0.031261), (0.045022, 0.011559, 0.022632),
            (0.026282, 0.029418, 0.031907), (0.024592, 0.030494, 0.032166), (0.027324, 0.027082, 0.03296),
            (0.026369, 0.028208, 0.033058), (0.028464, 0.027755, 0.031758), (0.028821, 0.025585, 0.032226),
            (0.03068, 0.026268, 0.03155), (0.030004, 0.025864, 0.03302)
        ]
        int[] faceVertexCounts = [
            3, 3, 3, 3, 3, 3, 3, 3, 3, 3, 3, 3, 3, 3, 3, 3, 3, 3, 3, 3, 3, 3, 3, 3,
            3, 3, 3, 3, 3, 3, 3, 3, 3, 3, 3, 3, 3, 3, 3, 3, 3, 3, 3, 3, 3, 3, 3, 3,
            3, 3, 3, 3, 3, 3, 3, 3, 3, 3, 3, 3, 3, 3, 3, 3, 3, 3, 3, 3, 3, 3, 3, 3,
            3, 3, 3, 3, 3, 3, 3, 3, 3, 3, 3, 3, 3, 3, 3, 3, 3, 3, 3, 3, 3, 3, 3, 3,
            3, 3, 3, 3, 3, 3, 3, 3, 3, 3, 3, 3, 3, 3, 3, 3, 3, 3, 3, 3, 3, 3, 3, 3,
            3, 3, 3, 3, 3, 3, 3, 3, 3, 3, 3, 3, 3, 3, 3, 3, 3, 3, 3, 3, 3, 3, 3, 3,
            3, 3, 3, 3, 3, 3, 3, 3, 3, 3, 3, 3, 3, 3, 3, 3, 3, 3, 3, 3, 3, 3, 3, 3,
            3, 3, 3, 3, 3, 3, 3, 3, 3, 3, 3, 3, 3, 3, 3, 3, 3, 3, 3, 3, 3, 3, 3, 3,
            3, 3, 3, 3, 3, 3, 3, 3, 3, 3, 3, 3, 3, 3, 3, 3, 3, 3, 3, 3, 3, 3, 3, 3,
            3, 3, 3, 3, 3, 3, 3, 3, 3, 3, 3, 3, 3, 3, 3, 3, 3, 3, 3, 3, 3, 3, 3, 3,
            3, 3, 3, 3, 3, 3, 3, 3, 3, 3, 3, 3, 3, 3, 3, 3, 3, 3, 3, 3, 3, 3, 3, 3,
            3, 3, 3, 3, 3, 3, 3, 3, 3, 3, 3, 3, 3, 3, 3, 3, 3, 3, 3, 3, 3, 3, 3, 3,
            3, 3, 3, 3, 3, 3, 3, 3, 3, 3, 3, 3, 3, 3, 3, 3, 3, 3, 3, 3, 3, 3, 3, 3,
            3, 3, 3, 3, 3, 3, 3, 3, 3, 3, 3, 3, 3, 3, 3, 3, 3, 3, 3, 3, 3, 3, 3, 3,
            3, 3, 3, 3, 3, 3, 3, 3, 3, 3, 3, 3, 3, 3, 3, 3, 3, 3, 3, 3, 3, 3, 3, 3,
            3, 3, 3, 3, 3, 3, 3, 3, 3, 3, 3, 3, 3, 3, 3, 3, 3, 3, 3, 3, 3, 3, 3, 3,
            3, 3, 3, 3, 3, 3, 3, 3, 3, 3, 3, 3, 3, 3, 3, 3, 3, 3, 3, 3, 3, 3, 3, 3,
            3, 3, 3, 3, 3, 3, 3, 3, 3, 3, 3, 3, 3, 3, 3, 3, 3, 3, 3, 3, 3, 3, 3, 3,
            3, 3, 3, 3, 3, 3, 3, 3, 3, 3, 3, 3, 3, 3, 3, 3, 3, 3, 3, 3, 3, 3, 3, 3,
            3, 3, 3, 3, 3, 3, 3, 3, 3, 3, 3, 3, 3, 3, 3, 3, 3, 3, 3, 3, 3, 3, 3, 3,
            3, 3, 3, 3, 3, 3, 3, 3, 3, 3, 3, 3, 3, 3, 3, 3, 3, 3, 3, 3, 3, 3, 3, 3,
            3, 3, 3, 3, 3, 3, 3, 3, 3, 3, 3, 3, 3, 3, 3, 3, 3, 3, 3, 3, 3, 3, 3, 3,
            3, 3, 3, 3, 3, 3, 3, 3, 3, 3, 3, 3, 3, 3, 3, 3, 3, 3, 3, 3, 3, 3, 3, 3,
            3, 3, 3, 3, 3, 3, 3, 3, 3, 3, 3, 3, 3, 3, 3, 3, 3, 3, 3, 3, 3, 3, 3, 3,
            3, 3, 3, 3, 3, 3, 3, 3, 3, 3, 3, 3, 3, 3, 3, 3, 3, 3, 3, 3, 3, 3, 3, 3,
            3, 3, 3, 3, 3, 3, 3, 3, 3, 3, 3, 3, 3, 3, 3, 3, 3, 3, 3, 3, 3, 3, 3, 3,
            3, 3, 3, 3, 3, 3, 3, 3, 3, 3, 3, 3, 3, 3, 3, 3, 3, 3, 3, 3, 3, 3, 3, 3,
            3, 3, 3, 3, 3, 3, 3, 3, 3, 3, 3, 3, 3, 3, 3, 3, 3, 3, 3, 3, 3, 3, 3, 3,
            3, 3, 3, 3, 3, 3, 3, 3, 3, 3, 3, 3, 3, 3, 3, 3, 3, 3, 3, 3, 3, 3, 3, 3,
            3, 3, 3, 3, 3, 3, 3, 3, 3, 3, 3, 3, 3, 3, 3, 3, 3, 3, 3, 3, 3, 3, 3, 3,
            3, 3, 3, 3, 3, 3, 3, 3, 3, 3, 3, 3, 3, 3, 3, 3, 3, 3, 3, 3, 3, 3, 3, 3,
            3, 3, 3, 3, 3, 3, 3, 3, 3, 3, 3, 3, 3, 3, 3, 3, 3, 3, 3, 3, 3, 3, 3, 3,
            3, 3, 3, 3, 3, 3, 3, 3, 3, 3, 3, 3, 3, 3, 3, 3, 3, 3, 3, 3, 3, 3, 3, 3,
            3, 3, 3, 3, 3, 3, 3, 3, 3, 3, 3, 3, 3, 3, 3, 3, 3, 3, 3, 3, 3, 3, 3, 3,
            3, 3, 3, 3, 3, 3, 3, 3, 3, 3, 3, 3, 3, 3, 3, 3, 3, 3, 3, 3, 3, 3, 3, 3,
            3, 3, 3, 3, 3, 3, 3, 3, 3, 3, 3, 3, 3, 3, 3, 3, 3, 3, 3, 3, 3, 3, 3, 3,
            3, 3, 3, 3, 3, 3, 3, 3, 3, 3, 3, 3, 3, 3, 3, 3, 3, 3, 3, 3, 3, 3, 3, 3,
            3, 3, 3, 3, 3, 3, 3, 3, 3, 3, 3, 3, 3, 3, 3, 3, 3, 3, 3, 3, 3, 3, 3, 3,
            3, 3, 3, 3, 3, 3, 3, 3, 3, 3, 3, 3, 3, 3, 3, 3, 3, 3, 3, 3, 3, 3, 3, 3,
            3, 3, 3, 3, 3, 3, 3, 3, 3, 3, 3, 3, 3, 3, 3, 3, 3, 3, 3, 3, 3, 3, 3, 3,
            3, 3, 3, 3, 3, 3, 3, 3, 3, 3, 3, 3, 3, 3, 3, 3, 3, 3, 3, 3, 3, 3, 3, 3,
            3, 3, 3, 3, 3, 3, 3, 3, 3, 3, 3, 3, 3, 3, 3, 3, 3, 3, 3, 3, 3, 3, 3, 3,
            3, 3, 3, 3, 3, 3, 3, 3, 3, 3, 3, 3, 3, 3, 3, 3, 3, 3, 3, 3, 3, 3, 3, 3,
            3, 3, 3, 3, 3, 3, 3, 3, 3, 3, 3, 3, 3, 3, 3, 3, 3, 3, 3, 3, 3, 3, 3, 3,
            3, 3, 3, 3, 3, 3, 3, 3, 3, 3, 3, 3, 3, 3, 3, 3, 3, 3, 3, 3, 3, 3, 3, 3,
            3, 3, 3, 3, 3, 3, 3, 3, 3, 3, 3, 3, 3, 3, 3, 3, 3, 3, 3, 3, 3, 3, 3, 3,
            3, 3, 3, 3, 3, 3, 3, 3, 3, 3, 3, 3, 3, 3, 3, 3, 3, 3, 3, 3, 3, 3, 3, 3,
            3, 3, 3, 3, 3, 3, 3, 3, 3, 3, 3, 3, 3, 3, 3, 3, 3, 3, 3, 3, 3, 3, 3, 3,
            3, 3, 3, 3, 3, 3, 3, 3, 3, 3, 3, 3, 3, 3, 3, 3, 3, 3, 3, 3, 3, 3, 3, 3,
            3, 3, 3, 3, 3, 3, 3, 3, 3, 3, 3, 3, 3, 3, 3, 3, 3, 3, 3, 3, 3, 3, 3, 3,
            3, 3, 3, 3, 3, 3, 3, 3, 3, 3, 3, 3, 3, 3, 3, 3, 3, 3, 3, 3, 3, 3, 3, 3,
            3, 3, 3, 3, 3, 3, 3, 3, 3, 3, 3, 3, 3, 3, 3, 3, 3, 3, 3, 3, 3, 3, 3, 3,
            3, 3, 3, 3, 3, 3, 3, 3, 3, 3, 3, 3, 3, 3, 3, 3, 3, 3, 3, 3, 3, 3, 3, 3,
            3, 3, 3, 3, 3, 3, 3, 3, 3, 3, 3, 3, 3, 3, 3, 3, 3, 3, 3, 3, 3, 3, 3, 3,
            3, 3, 3, 3, 3, 3, 3, 3, 3, 3, 3, 3, 3, 3, 3, 3, 3, 3, 3, 3, 3, 3, 3, 3,
            3, 3, 3, 3, 3, 3, 3, 3, 3, 3, 3, 3, 3, 3, 3, 3, 3, 3, 3, 3, 3, 3, 3, 3,
            3, 3, 3, 3, 3, 3, 3, 3, 3, 3, 3, 3, 3, 3, 3, 3, 3, 3, 3, 3, 3, 3, 3, 3,
            3, 3, 3, 3, 3, 3, 3, 3, 3, 3, 3, 3, 3, 3, 3, 3, 3, 3, 3, 3, 3, 3, 3, 3,
            3, 3, 3, 3, 3, 3, 3, 3, 3, 3, 3, 3, 3, 3, 3, 3, 3, 3, 3, 3, 3, 3, 3, 3,
            3, 3, 3, 3, 3, 3, 3, 3, 3, 3, 3, 3, 3, 3, 3, 3, 3, 3, 3, 3, 3, 3, 3, 3,
            3, 3, 3, 3, 3, 3, 3, 3, 3, 3, 3, 3, 3, 3, 3, 3, 3, 3, 3, 3, 3, 3, 3, 3,
            3, 3, 3, 3, 3, 3, 3, 3, 3, 3, 3, 3, 3, 3, 3, 3, 3, 3, 3, 3, 3, 3, 3, 3,
            3, 3, 3, 3, 3, 3, 3, 3, 3, 3, 3, 3, 3, 3, 3, 3, 3, 3, 3, 3, 3, 3, 3, 3,
            3, 3, 3, 3, 3, 3, 3, 3, 3, 3, 3, 3, 3, 3, 3, 3, 3, 3, 3, 3, 3, 3, 3, 3,
            3, 3, 3, 3, 3, 3, 3, 3, 3, 3, 3, 3, 3, 3, 3, 3, 3, 3, 3, 3, 3, 3, 3, 3,
            3, 3, 3, 3, 3, 3, 3, 3, 3, 3, 3, 3, 3, 3, 3, 3, 3, 3, 3, 3, 3, 3, 3, 3,
            3, 3, 3, 3, 3, 3, 3, 3, 3, 3, 3, 3, 3, 3, 3, 3, 3, 3, 3, 3, 3, 3, 3, 3,
            3, 3, 3, 3, 3, 3, 3, 3, 3, 3, 3, 3, 3, 3, 3, 3, 3, 3, 3, 3, 3, 3, 3, 3,
            3, 3, 3, 3, 3, 3, 3, 3, 3, 3, 3, 3, 3, 3, 3, 3, 3, 3, 3, 3, 3, 3, 3, 3,
            3, 3, 3, 3, 3, 3, 3, 3, 3, 3, 3, 3, 3, 3, 3, 3, 3, 3, 3, 3, 3, 3, 3, 3,
            3, 3, 3, 3, 3, 3, 3, 3, 3, 3, 3, 3, 3, 3, 3, 3, 3, 3, 3, 3, 3, 3, 3, 3,
            3, 3, 3, 3, 3, 3, 3, 3, 3, 3, 3, 3, 3, 3, 3, 3, 3, 3, 3, 3, 3, 3, 3, 3,
            3, 3, 3, 3, 3, 3, 3, 3, 3, 3, 3, 3, 3, 3, 3, 3, 3, 3, 3, 3, 3, 3, 3, 3,
            3, 3, 3, 3, 3, 3, 3, 3, 3, 3, 3, 3, 3, 3, 3, 3, 3, 3, 3, 3, 3, 3, 3, 3,
            3, 3, 3, 3, 3, 3, 3, 3, 3, 3, 3, 3, 3, 3, 3, 3, 3, 3, 3, 3, 3, 3, 3, 3,
            3, 3, 3, 3, 3, 3, 3, 3, 3, 3, 3, 3, 3, 3, 3, 3, 3, 3, 3, 3, 3, 3, 3, 3,
            3, 3, 3, 3, 3, 3, 3, 3, 3, 3, 3, 3, 3, 3, 3, 3, 3, 3, 3, 3, 3, 3, 3, 3,
            3, 3, 3, 3, 3, 3, 3, 3, 3, 3, 3, 3, 3, 3, 3, 3, 3, 3, 3, 3, 3, 3, 3, 3,
            3, 3, 3, 3, 3, 3, 3, 3, 3, 3, 3, 3, 3, 3, 3, 3, 3, 3, 3, 3, 3, 3, 3, 3,
            3, 3, 3, 3, 3, 3, 3, 3, 3, 3, 3, 3, 3, 3, 3, 3, 3, 3, 3, 3, 3, 3, 3, 3,
            3, 3, 3, 3, 3, 3, 3, 3, 3, 3, 3, 3, 3, 3, 3, 3, 3, 3, 3, 3, 3, 3, 3, 3,
            3, 3, 3, 3, 3, 3, 3, 3, 3, 3, 3, 3, 3, 3, 3, 3, 3, 3, 3, 3, 3, 3, 3, 3,
            3, 3, 3, 3, 3, 3, 3, 3, 3, 3, 3, 3, 3, 3, 3, 3, 3, 3, 3, 3, 3, 3, 3, 3,
            3, 3, 3, 3, 3, 3, 3, 3, 3, 3, 3, 3, 3, 3, 3, 3, 3, 3, 3, 3, 3, 3, 3, 3,
            3, 3, 3, 3, 3, 3, 3, 3, 3, 3, 3, 3, 3, 3, 3, 3, 3, 3, 3, 3, 3, 3, 3, 3,
            3, 3, 3, 3, 3, 3, 3, 3, 3, 3, 3, 3, 3, 3, 3, 3, 3, 3, 3, 3, 3, 3, 3, 3,
            3, 3, 3, 3, 3, 3, 3, 3, 3, 3, 3, 3, 3, 3, 3, 3, 3, 3, 3, 3, 3, 3, 3, 3,
            3, 3, 3, 3, 3, 3, 3, 3, 3, 3, 3, 3, 3, 3, 3, 3, 3, 3, 3, 3, 3, 3, 3, 3,
            3, 3, 3, 3, 3, 3, 3, 3, 3, 3, 3, 3, 3, 3, 3, 3, 3, 3, 3, 3, 3, 3, 3, 3,
            3, 3, 3, 3, 3, 3, 3, 3, 3, 3, 3, 3, 3, 3, 3, 3, 3, 3, 3, 3, 3, 3, 3, 3,
            3, 3, 3, 3, 3, 3, 3, 3, 3, 3, 3, 3, 3, 3, 3, 3, 3, 3, 3, 3, 3, 3, 3, 3,
            3, 3, 3, 3, 3, 3, 3, 3, 3, 3, 3, 3, 3, 3, 3, 3, 3, 3, 3, 3, 3, 3, 3, 3,
            3, 3, 3, 3, 3, 3, 3, 3, 3, 3, 3, 3, 3, 3, 3, 3, 3, 3, 3, 3, 3, 3, 3, 3,
            3, 3, 3, 3, 3, 3, 3, 3, 3, 3, 3, 3, 3, 3, 3, 3, 3, 3, 3, 3, 3, 3, 3, 3,
            3, 3, 3, 3, 3, 3, 3, 3, 3, 3, 3, 3, 3, 3, 3, 3, 3, 3, 3, 3, 3, 3, 3, 3,
            3, 3, 3, 3, 3, 3, 3, 3, 3, 3, 3, 3, 3, 3, 3, 3, 3, 3, 3, 3, 3, 3, 3, 3,
            3, 3, 3, 3, 3, 3, 3, 3, 3, 3, 3, 3, 3, 3, 3, 3, 3, 3, 3, 3, 3, 3, 3, 3,
            3, 3, 3, 3, 3, 3, 3, 3, 3, 3, 3, 3, 3, 3, 3, 3, 3, 3, 3, 3, 3, 3, 3, 3,
            3, 3, 3, 3, 3, 3, 3, 3, 3, 3, 3, 3, 3, 3, 3, 3, 3, 3, 3, 3, 3, 3, 3, 3,
            3, 3, 3, 3, 3, 3, 3, 3, 3, 3, 3, 3, 3, 3, 3, 3, 3, 3, 3, 3, 3, 3, 3, 3,
            3, 3, 3, 3, 3, 3, 3, 3, 3, 3, 3, 3, 3, 3, 3, 3, 3, 3, 3, 3, 3, 3, 3, 3,
            3, 3, 3, 3, 3, 3, 3, 3, 3, 3, 3, 3, 3, 3, 3, 3, 3, 3, 3, 3, 3, 3, 3, 3,
            3, 3, 3, 3, 3, 3, 3, 3, 3, 3, 3, 3, 3, 3, 3, 3, 3, 3, 3, 3, 3, 3, 3, 3,
            3, 3, 3, 3, 3, 3, 3, 3, 3, 3, 3, 3, 3, 3, 3, 3, 3, 3, 3, 3, 3, 3, 3, 3,
            3, 3, 3, 3, 3, 3, 3, 3, 3, 3, 3, 3, 3, 3, 3, 3, 3, 3, 3, 3, 3, 3, 3, 3,
            3, 3, 3, 3, 3, 3, 3, 3, 3, 3, 3, 3, 3, 3, 3, 3, 3, 3, 3, 3, 3, 3, 3, 3,
            3, 3, 3, 3, 3, 3, 3, 3, 3, 3, 3, 3, 3, 3, 3, 3, 3, 3, 3, 3, 3, 3, 3, 3,
            3, 3, 3, 3, 3, 3, 3, 3, 3, 3, 3, 3, 3, 3, 3, 3, 3, 3, 3, 3, 3, 3, 3, 3,
            3, 3, 3, 3, 3, 3, 3, 3, 3, 3, 3, 3, 3, 3, 3, 3, 3, 3, 3, 3, 3, 3, 3, 3,
            3, 3, 3, 3, 3, 3, 3, 3, 3, 3, 3, 3, 3, 3, 3, 3, 3, 3, 3, 3, 3, 3, 3, 3,
            3, 3, 3, 3, 3, 3, 3, 3, 3, 3, 3, 3, 3, 3, 3, 3, 3, 3, 3, 3, 3, 3, 3, 3,
            3, 3, 3, 3, 3, 3, 3, 3, 3, 3, 3, 3, 3, 3, 3, 3, 3, 3, 3, 3, 3, 3, 3, 3,
            3, 3, 3, 3, 3, 3, 3, 3, 3, 3, 3, 3, 3, 3, 3, 3, 3, 3, 3, 3, 3, 3, 3, 3,
            3, 3, 3, 3, 3, 3, 3, 3, 3, 3, 3, 3, 3, 3, 3, 3, 3, 3, 3, 3, 3, 3, 3, 3,
            3, 3, 3, 3, 3, 3, 3, 3, 3, 3, 3, 3, 3, 3, 3, 3, 3, 3, 3, 3, 3, 3, 3, 3,
            3, 3, 3, 3, 3, 3, 3, 3, 3, 3, 3, 3, 3, 3, 3, 3, 3, 3, 3, 3, 3, 3, 3, 3,
            3, 3, 3, 3, 3, 3, 3, 3, 3, 3, 3, 3, 3, 3, 3, 3, 3, 3, 3, 3, 3, 3, 3, 3,
            3, 3, 3, 3, 3, 3, 3, 3, 3, 3, 3, 3, 3, 3, 3, 3, 3, 3, 3, 3, 3, 3, 3, 3,
            3, 3, 3, 3, 3, 3, 3, 3, 3, 3, 3, 3, 3, 3, 3, 3, 3, 3, 3, 3, 3, 3, 3, 3,
            3, 3, 3, 3, 3, 3, 3, 3, 3, 3, 3, 3, 3, 3, 3, 3, 3, 3, 3, 3, 3, 3, 3, 3,
            3, 3, 3, 3, 3, 3, 3, 3, 3, 3, 3, 3, 3, 3, 3, 3, 3, 3, 3, 3, 3, 3, 3, 3,
            3, 3, 3, 3, 3, 3, 3, 3, 3, 3, 3, 3, 3, 3, 3, 3, 3, 3, 3, 3, 3, 3, 3, 3,
            3, 3, 3, 3, 3, 3, 3, 3, 3, 3, 3, 3, 3, 3, 3, 3, 3, 3, 3, 3, 3, 3, 3, 3,
            3, 3, 3, 3, 3, 3, 3, 3, 3, 3, 3, 3, 3, 3, 3, 3, 3, 3, 3, 3, 3, 3, 3, 3,
            3, 3, 3, 3, 3, 3, 3, 3, 3, 3, 3, 3, 3, 3, 3, 3, 3, 3, 3, 3, 3, 3, 3, 3,
            3, 3, 3, 3, 3, 3, 3, 3, 3, 3, 3, 3, 3, 3, 3, 3, 3, 3, 3, 3, 3, 3, 3, 3,
            3, 3, 3, 3, 3, 3, 3, 3, 3, 3, 3, 3, 3, 3, 3, 3, 3, 3, 3, 3, 3, 3, 3, 3,
            3, 3, 3, 3, 3, 3, 3, 3, 3, 3, 3, 3, 3, 3, 3, 3, 3, 3, 3, 3, 3, 3, 3, 3,
            3, 3, 3, 3, 3, 3, 3, 3, 3, 3, 3, 3, 3, 3, 3, 3, 3, 3, 3, 3, 3, 3, 3, 3,
            3, 3, 3, 3, 3, 3, 3, 3, 3, 3, 3, 3, 3, 3, 3, 3, 3, 3, 3, 3, 3, 3, 3, 3,
            3, 3, 3, 3, 3, 3, 3, 3, 3, 3, 3, 3, 3, 3, 3, 3, 3, 3, 3, 3, 3, 3, 3, 3,
            3, 3, 3, 3, 3, 3, 3, 3, 3, 3, 3, 3, 3, 3, 3, 3, 3, 3, 3, 3, 3, 3, 3, 3,
            3, 3, 3, 3, 3, 3, 3, 3, 3, 3, 3, 3, 3, 3, 3, 3, 3, 3, 3, 3, 3, 3, 3, 3,
            3, 3, 3, 3, 3, 3, 3, 3, 3, 3, 3, 3, 3, 3, 3, 3, 3, 3, 3, 3, 3, 3, 3, 3,
            3, 3, 3, 3, 3, 3, 3, 3, 3, 3, 3, 3, 3, 3, 3, 3, 3, 3, 3, 3, 3, 3, 3, 3,
            3, 3, 3, 3, 3, 3, 3, 3, 3, 3, 3, 3, 3, 3, 3, 3, 3, 3, 3, 3, 3, 3, 3, 3,
            3, 3, 3, 3, 3, 3, 3, 3, 3, 3, 3, 3, 3, 3, 3, 3, 3, 3, 3, 3, 3, 3, 3, 3,
            3, 3, 3, 3, 3, 3, 3, 3, 3, 3, 3, 3, 3, 3, 3, 3, 3, 3, 3, 3, 3, 3, 3, 3,
            3, 3, 3, 3, 3, 3, 3, 3, 3, 3, 3, 3, 3, 3, 3, 3, 3, 3, 3, 3, 3, 3, 3, 3,
            3, 3, 3, 3, 3, 3, 3, 3, 3, 3, 3, 3, 3, 3, 3, 3, 3, 3, 3, 3, 3, 3, 3, 3,
            3, 3, 3, 3, 3, 3, 3, 3, 3, 3, 3, 3, 3, 3, 3, 3, 3, 3, 3, 3, 3, 3, 3, 3,
            3, 3, 3, 3, 3, 3, 3, 3, 3, 3, 3, 3, 3, 3, 3, 3, 3, 3, 3, 3, 3, 3, 3, 3,
            3, 3, 3, 3, 3, 3, 3, 3, 3, 3, 3, 3, 3, 3, 3, 3, 3, 3, 3, 3, 3, 3, 3, 3,
            3, 3, 3, 3, 3, 3, 3, 3, 3, 3, 3, 3, 3, 3, 3, 3, 3, 3, 3, 3, 3, 3, 3, 3,
            3, 3, 3, 3, 3, 3, 3, 3, 3, 3, 3, 3, 3, 3, 3, 3, 3, 3, 3, 3, 3, 3, 3, 3,
            3, 3, 3, 3, 3, 3, 3, 3, 3, 3, 3, 3, 3, 3, 3, 3, 3, 3, 3, 3, 3, 3, 3, 3,
            3, 3, 3, 3, 3, 3, 3, 3, 3, 3, 3, 3, 3, 3, 3, 3, 3, 3, 3, 3, 3, 3, 3, 3,
            3, 3, 3, 3, 3, 3, 3, 3, 3, 3, 3, 3, 3, 3, 3, 3, 3, 3, 3, 3, 3, 3, 3, 3,
            3, 3, 3, 3, 3, 3, 3, 3, 3, 3, 3, 3, 3, 3, 3, 3, 3, 3, 3, 3, 3, 3, 3, 3,
            3, 3, 3, 3, 3, 3, 3, 3, 3, 3, 3, 3, 3, 3, 3, 3, 3, 3, 3, 3, 3, 3, 3, 3,
            3, 3, 3, 3, 3, 3, 3, 3, 3, 3, 3, 3, 3, 3, 3, 3, 3, 3, 3, 3, 3, 3, 3, 3,
            3, 3, 3, 3, 3, 3, 3, 3, 3, 3, 3, 3, 3, 3, 3, 3, 3, 3, 3, 3, 3, 3, 3, 3,
            3, 3, 3, 3, 3, 3, 3, 3, 3, 3, 3, 3, 3, 3, 3, 3, 3, 3, 3, 3, 3, 3, 3, 3,
            3, 3, 3, 3, 3, 3, 3, 3, 3, 3, 3, 3, 3, 3, 3, 3, 3, 3, 3, 3, 3, 3, 3, 3,
            3, 3, 3, 3, 3, 3, 3, 3, 3, 3, 3, 3, 3, 3, 3, 3, 3, 3, 3, 3, 3, 3, 3, 3,
            3, 3, 3, 3, 3, 3, 3, 3, 3, 3, 3, 3, 3, 3, 3, 3, 3, 3, 3, 3, 3, 3, 3, 3,
            3, 3, 3, 3, 3, 3, 3, 3, 3, 3, 3, 3, 3, 3, 3, 3, 3, 3, 3, 3, 3, 3, 3, 3,
            3, 3, 3, 3, 3, 3, 3, 3, 3, 3, 3, 3, 3, 3, 3, 3, 3, 3, 3, 3, 3, 3, 3, 3,
            3, 3, 3, 3, 3, 3, 3, 3, 3, 3, 3, 3, 3, 3, 3, 3, 3, 3, 3, 3, 3, 3, 3, 3,
            3, 3, 3, 3, 3, 3, 3, 3, 3, 3, 3, 3, 3, 3, 3, 3, 3, 3, 3, 3, 3, 3, 3, 3,
            3, 3, 3, 3, 3, 3, 3, 3, 3, 3, 3, 3, 3, 3, 3, 3, 3, 3, 3, 3, 3, 3, 3, 3,
            3, 3, 3, 3, 3, 3, 3, 3, 3, 3, 3, 3, 3, 3, 3, 3, 3, 3, 3, 3, 3, 3, 3, 3,
            3, 3, 3, 3, 3, 3, 3, 3, 3, 3, 3, 3, 3, 3, 3, 3, 3, 3, 3, 3, 3, 3, 3, 3,
            3, 3, 3, 3, 3, 3, 3, 3, 3, 3, 3, 3, 3, 3, 3, 3, 3, 3, 3, 3, 3, 3, 3, 3,
            3, 3, 3, 3, 3, 3, 3, 3, 3, 3, 3, 3, 3, 3, 3, 3, 3, 3, 3, 3, 3, 3, 3, 3,
            3, 3, 3, 3, 3, 3, 3, 3, 3, 3, 3, 3, 3, 3, 3, 3, 3, 3, 3, 3, 3, 3, 3, 3,
            3, 3, 3, 3, 3, 3, 3, 3, 3, 3, 3, 3, 3, 3, 3, 3, 3, 3, 3, 3, 3, 3, 3, 3,
            3, 3, 3, 3, 3, 3, 3, 3, 3, 3, 3, 3, 3, 3, 3, 3, 3, 3, 3, 3, 3, 3, 3, 3,
            3, 3, 3, 3, 3, 3, 3, 3, 3, 3, 3, 3, 3, 3, 3, 3, 3, 3, 3, 3, 3, 3, 3, 3,
            3, 3, 3, 3, 3, 3, 3, 3, 3, 3, 3, 3, 3, 3, 3, 3, 3, 3, 3, 3, 3, 3, 3, 3,
            3, 3, 3, 3, 3, 3, 3, 3, 3, 3, 3, 3, 3, 3, 3, 3, 3, 3, 3, 3, 3, 3, 3, 3,
            3, 3, 3, 3, 3, 3, 3, 3, 3, 3, 3, 3, 3, 3, 3, 3, 3, 3, 3, 3, 3, 3, 3, 3,
            3, 3, 3, 3, 3, 3, 3, 3, 3, 3, 3, 3, 3, 3, 3, 3, 3, 3, 3, 3, 3, 3, 3, 3,
            3, 3, 3, 3, 3, 3, 3, 3, 3, 3, 3, 3, 3, 3, 3, 3, 3, 3, 3, 3, 3, 3, 3, 3,
            3, 3, 3, 3, 3, 3, 3, 3, 3, 3, 3, 3, 3, 3, 3, 3, 3, 3, 3, 3, 3, 3, 3, 3,
            3, 3, 3, 3, 3, 3, 3, 3, 3, 3, 3, 3, 3, 3, 3, 3, 3, 3, 3, 3, 3, 3, 3, 3,
            3, 3, 3, 3, 3, 3, 3, 3, 3, 3, 3, 3, 3, 3, 3, 3, 3, 3, 3, 3, 3, 3, 3, 3,
            3, 3, 3, 3, 3, 3, 3, 3, 3, 3, 3, 3, 3, 3, 3, 3, 3, 3, 3, 3, 3, 3, 3, 3,
            3, 3, 3, 3, 3, 3, 3, 3, 3, 3, 3, 3, 3, 3, 3, 3, 3, 3, 3, 3, 3, 3, 3, 3,
            3, 3, 3, 3, 3, 3, 3, 3, 3, 3, 3, 3, 3, 3, 3, 3, 3, 3, 3, 3, 3, 3, 3, 3,
            3, 3, 3, 3, 3, 3, 3, 3, 3, 3, 3, 3, 3, 3, 3, 3, 3, 3, 3, 3, 3, 3, 3, 3,
            3, 3, 3, 3, 3, 3, 3, 3, 3, 3, 3, 3, 3, 3, 3, 3, 3, 3, 3, 3, 3, 3, 3, 3,
            3, 3, 3, 3, 3, 3, 3, 3, 3, 3, 3, 3, 3, 3, 3, 3, 3, 3, 3, 3, 3, 3, 3, 3,
            3, 3, 3, 3, 3, 3, 3, 3, 3, 3, 3, 3, 3, 3, 3, 3, 3, 3, 3, 3, 3, 3, 3, 3,
            3, 3, 3, 3, 3, 3, 3, 3, 3, 3, 3, 3, 3, 3, 3, 3, 3, 3, 3, 3, 3, 3, 3, 3,
            3, 3, 3, 3, 3, 3, 3, 3, 3, 3, 3, 3, 3, 3, 3, 3, 3, 3, 3, 3, 3, 3, 3, 3,
            3, 3, 3, 3, 3, 3, 3, 3, 3, 3, 3, 3, 3, 3, 3, 3, 3, 3, 3, 3, 3, 3, 3, 3,
            3, 3, 3, 3, 3, 3, 3, 3, 3, 3, 3, 3, 3, 3, 3, 3, 3, 3, 3, 3, 3, 3, 3, 3,
            3, 3, 3, 3, 3, 3, 3, 3, 3, 3, 3, 3, 3, 3, 3, 3, 3, 3, 3, 3, 3, 3, 3, 3,
            3, 3, 3, 3, 3, 3, 3, 3, 3, 3, 3, 3, 3, 3, 3, 3, 3, 3, 3, 3, 3, 3, 3, 3,
            3, 3, 3, 3, 3, 3, 3, 3, 3, 3, 3, 3, 3, 3, 3, 3, 3, 3, 3, 3, 3, 3, 3, 3,
            3, 3, 3, 3, 3, 3, 3, 3, 3, 3, 3, 3, 3, 3, 3, 3, 3, 3, 3, 3, 3, 3, 3, 3,
            3, 3, 3, 3, 3, 3, 3, 3, 3, 3, 3, 3, 3, 3, 3, 3, 3, 3, 3, 3, 3, 3, 3, 3,
            3, 3, 3, 3, 3, 3, 3, 3, 3, 3, 3, 3, 3, 3, 3, 3, 3, 3, 3, 3, 3, 3, 3, 3,
            3, 3, 3, 3, 3, 3, 3, 3, 3, 3, 3, 3, 3, 3, 3, 3, 3, 3, 3, 3, 3, 3, 3, 3,
            3, 3, 3, 3, 3, 3, 3, 3, 3, 3, 3, 3, 3, 3, 3, 3, 3, 3, 3, 3, 3, 3, 3, 3,
            3, 3, 3, 3, 3, 3, 3, 3, 3, 3, 3, 3, 3, 3, 3, 3, 3, 3, 3, 3, 3, 3, 3, 3,
            3, 3, 3, 3, 3, 3, 3, 3, 3, 3, 3, 3, 3, 3, 3, 3, 3, 3, 3, 3, 3, 3, 3, 3,
            3, 3, 3, 3, 3, 3, 3, 3, 3, 3, 3, 3, 3, 3, 3, 3, 3, 3, 3, 3, 3, 3, 3, 3,
            3, 3, 3, 3, 3, 3, 3, 3, 3, 3, 3, 3, 3, 3, 3, 3, 3, 3, 3, 3, 3, 3, 3, 3,
            3, 3, 3, 3, 3, 3, 3, 3, 3, 3, 3, 3, 3, 3, 3, 3, 3, 3, 3, 3, 3, 3, 3, 3,
            3, 3, 3, 3, 3, 3, 3, 3, 3, 3, 3, 3, 3, 3, 3, 3, 3, 3, 3, 3, 3, 3, 3, 3,
            3, 3, 3, 3, 3, 3, 3, 3, 3, 3, 3, 3, 3, 3, 3, 3, 3, 3, 3, 3, 3, 3, 3, 3,
            3, 3, 3, 3, 3, 3, 3, 3, 3, 3, 3, 3, 3, 3, 3, 3, 3, 3, 3, 3, 3, 3, 3, 3,
            3, 3, 3, 3, 3, 3, 3, 3, 3, 3, 3, 3, 3, 3, 3, 3, 3, 3, 3, 3, 3, 3, 3, 3,
            3, 3, 3, 3, 3, 3, 3, 3, 3, 3, 3, 3, 3, 3, 3, 3, 3, 3, 3, 3, 3, 3, 3, 3,
            3, 3, 3, 3, 3, 3, 3, 3, 3, 3, 3, 3, 3, 3, 3, 3, 3, 3, 3, 3, 3, 3, 3, 3,
            3, 3, 3, 3, 3, 3, 3, 3, 3, 3, 3, 3, 3, 3, 3, 3, 3, 3, 3, 3, 3, 3, 3, 3,
            3, 3, 3, 3, 3, 3, 3, 3, 3, 3, 3, 3, 3, 3, 3, 3, 3, 3, 3, 3, 3, 3, 3, 3,
            3, 3, 3, 3, 3, 3, 3, 3, 3, 3, 3, 3, 3, 3, 3, 3, 3, 3, 3, 3, 3, 3, 3, 3,
            3, 3, 3, 3, 3, 3, 3, 3, 3, 3, 3, 3, 3, 3, 3, 3, 3, 3, 3, 3, 3, 3, 3, 3,
            3, 3, 3, 3, 3, 3, 3, 3, 3, 3, 3, 3, 3, 3, 3, 3, 3, 3, 3, 3, 3, 3, 3, 3,
            3, 3, 3, 3, 3, 3, 3, 3, 3, 3, 3, 3, 3, 3, 3, 3, 3, 3, 3, 3, 3, 3, 3, 3,
            3, 3, 3, 3, 3, 3, 3, 3, 3, 3, 3, 3, 3, 3, 3, 3, 3, 3, 3, 3, 3, 3, 3, 3,
            3, 3, 3, 3, 3, 3, 3, 3, 3, 3, 3, 3, 3, 3, 3, 3, 3, 3, 3, 3, 3, 3, 3, 3,
            3, 3, 3, 3, 3, 3, 3, 3, 3, 3, 3, 3, 3, 3, 3, 3, 3, 3, 3, 3, 3, 3, 3, 3,
            3, 3, 3, 3, 3, 3, 3, 3, 3, 3, 3, 3, 3, 3, 3, 3, 3, 3, 3, 3, 3, 3, 3, 3,
            3, 3, 3, 3, 3, 3, 3, 3, 3, 3, 3, 3, 3, 3, 3, 3, 3, 3, 3, 3, 3, 3, 3, 3,
            3, 3, 3, 3, 3, 3, 3, 3, 3, 3, 3, 3, 3, 3, 3, 3, 3, 3, 3, 3, 3, 3, 3, 3,
            3, 3, 3, 3, 3, 3, 3, 3, 3, 3, 3, 3, 3, 3, 3, 3, 3, 3, 3, 3, 3, 3, 3, 3,
            3, 3, 3, 3, 3, 3, 3, 3, 3, 3, 3, 3, 3, 3, 3, 3, 3, 3, 3, 3, 3, 3, 3, 3,
            3, 3, 3, 3, 3, 3, 3, 3, 3, 3, 3, 3, 3, 3, 3, 3, 3, 3, 3, 3, 3, 3, 3, 3,
            3, 3, 3, 3, 3, 3, 3, 3, 3, 3, 3, 3, 3, 3, 3, 3, 3, 3, 3, 3, 3, 3, 3, 3,
            3, 3, 3, 3, 3, 3, 3, 3, 3, 3, 3, 3, 3, 3, 3, 3, 3, 3, 3, 3, 3, 3, 3, 3,
            3, 3, 3, 3, 3, 3, 3, 3, 3, 3, 3, 3, 3, 3, 3, 3, 3, 3, 3, 3, 3, 3, 3, 3,
            3, 3, 3, 3, 3, 3, 3, 3, 3, 3, 3, 3, 3, 3, 3, 3, 3, 3, 3, 3, 3, 3, 3, 3,
            3, 3, 3, 3, 3, 3, 3, 3, 3, 3, 3, 3, 3, 3, 3, 3, 3, 3, 3, 3, 3, 3, 3, 3,
            3, 3, 3, 3, 3, 3, 3, 3, 3, 3, 3, 3, 3, 3, 3, 3, 3, 3, 3, 3, 3, 3, 3, 3,
            3, 3, 3, 3, 3, 3, 3, 3, 3, 3, 3, 3, 3, 3, 3, 3, 3, 3, 3, 3, 3, 3, 3, 3,
            3, 3, 3, 3, 3, 3, 3, 3, 3, 3, 3, 3, 3, 3, 3, 3, 3, 3, 3, 3, 3, 3, 3, 3,
            3, 3, 3, 3, 3, 3, 3, 3, 3, 3, 3, 3, 3, 3, 3, 3, 3, 3, 3, 3, 3, 3, 3, 3,
            3, 3, 3, 3, 3, 3, 3, 3, 3, 3, 3, 3, 3, 3, 3, 3, 3, 3, 3, 3, 3, 3, 3, 3,
            3, 3, 3, 3, 3, 3, 3, 3, 3, 3, 3, 3, 3, 3, 3, 3, 3, 3, 3, 3, 3, 3, 3, 3,
            3, 3, 3, 3, 3, 3, 3, 3, 3, 3, 3, 3, 3, 3, 3, 3, 3, 3, 3, 3, 3, 3, 3, 3,
            3, 3, 3, 3, 3, 3, 3, 3, 3, 3, 3, 3, 3, 3, 3, 3, 3, 3, 3, 3, 3, 3, 3, 3,
            3, 3, 3, 3, 3, 3, 3, 3, 3, 3, 3, 3, 3, 3, 3, 3, 3, 3, 3, 3, 3, 3, 3, 3,
            3, 3, 3, 3, 3, 3, 3, 3, 3, 3, 3, 3, 3, 3, 3, 3, 3, 3, 3, 3, 3, 3, 3, 3,
            3, 3, 3, 3, 3, 3, 3, 3, 3, 3, 3, 3, 3, 3, 3, 3, 3, 3, 3, 3, 3, 3, 3, 3,
            3, 3, 3, 3, 3, 3, 3, 3, 3, 3, 3, 3, 3, 3, 3, 3, 3, 3, 3, 3, 3, 3, 3, 3,
            3, 3, 3, 3, 3, 3, 3, 3, 3, 3, 3, 3, 3, 3, 3, 3, 3, 3, 3, 3, 3, 3, 3, 3,
            3, 3, 3, 3, 3, 3, 3, 3, 3, 3, 3, 3, 3, 3, 3, 3, 3, 3, 3, 3, 3, 3, 3, 3,
            3, 3, 3, 3, 3, 3, 3, 3, 3, 3, 3, 3, 3, 3, 3, 3, 3, 3, 3, 3, 3, 3, 3, 3,
            3, 3, 3, 3, 3, 3, 3, 3, 3, 3, 3, 3, 3, 3, 3, 3, 3, 3, 3, 3, 3, 3, 3, 3,
            3, 3, 3, 3, 3, 3, 3, 3, 3, 3, 3, 3, 3, 3, 3, 3, 3, 3, 3, 3, 3, 3, 3, 3,
            3, 3, 3, 3, 3, 3, 3, 3, 3, 3, 3, 3, 3, 3, 3, 3, 3, 3, 3, 3, 3, 3, 3, 3,
            3, 3, 3, 3, 3, 3, 3, 3, 3, 3, 3, 3, 3, 3, 3, 3, 3, 3, 3, 3, 3, 3, 3, 3,
            3, 3, 3, 3, 3, 3, 3, 3, 3, 3, 3, 3, 3, 3, 3, 3, 3, 3, 3, 3, 3, 3, 3, 3,
            3, 3, 3, 3, 3, 3, 3, 3, 3, 3, 3, 3, 3, 3, 3, 3, 3, 3, 3, 3, 3, 3, 3, 3,
            3, 3, 3, 3, 3, 3, 3, 3, 3, 3, 3, 3, 3, 3, 3, 3, 3, 3, 3, 3, 3, 3, 3, 3,
            3, 3, 3, 3, 3, 3, 3, 3, 3, 3, 3, 3, 3, 3, 3, 3, 3, 3, 3, 3, 3, 3, 3, 3,
            3, 3, 3, 3, 3, 3, 3, 3, 3, 3, 3, 3, 3, 3, 3, 3, 3, 3, 3, 3, 3, 3, 3, 3,
            3, 3, 3, 3, 3, 3, 3, 3, 3, 3, 3, 3, 3, 3, 3, 3, 3, 3, 3, 3, 3, 3, 3, 3,
            3, 3, 3, 3, 3, 3, 3, 3, 3, 3, 3, 3, 3, 3, 3, 3, 3, 3, 3, 3, 3, 3, 3, 3,
            3, 3, 3, 3, 3, 3, 3, 3, 3, 3, 3, 3, 3, 3, 3, 3, 3, 3, 3, 3, 3, 3, 3, 3,
            3, 3, 3, 3, 3, 3, 3, 3, 3, 3, 3, 3, 3, 3, 3, 3, 3, 3, 3, 3, 3, 3, 3, 3,
            3, 3, 3, 3, 3, 3, 3, 3, 3, 3, 3, 3, 3, 3, 3, 3, 3, 3, 3, 3, 3, 3, 3, 3,
            3, 3, 3, 3, 3, 3, 3, 3, 3, 3, 3, 3, 3, 3, 3, 3, 3, 3, 3, 3, 3, 3, 3, 3,
            3, 3, 3, 3, 3, 3, 3, 3, 3, 3, 3, 3, 3, 3, 3, 3, 3, 3, 3, 3, 3, 3, 3, 3,
            3, 3, 3, 3, 3, 3, 3, 3, 3, 3, 3, 3, 3, 3, 3, 3, 3, 3, 3, 3, 3, 3, 3, 3,
            3, 3, 3, 3, 3, 3, 3, 3, 3, 3, 3, 3, 3, 3, 3, 3, 3, 3, 3, 3, 3, 3, 3, 3,
            3, 3, 3, 3, 3, 3, 3, 3, 3, 3, 3, 3, 3, 3, 3, 3, 3, 3, 3, 3, 3, 3, 3, 3,
            3, 3, 3, 3, 3, 3, 3, 3, 3, 3, 3, 3, 3, 3, 3, 3, 3, 3, 3, 3, 3, 3, 3, 3,
            3, 3, 3, 3, 3, 3, 3, 3, 3, 3, 3, 3, 3, 3, 3, 3, 3, 3, 3, 3, 3, 3, 3, 3,
            3, 3, 3, 3, 3, 3, 3, 3, 3, 3, 3, 3, 3, 3, 3, 3, 3, 3, 3, 3, 3, 3, 3, 3,
            3, 3, 3, 3, 3, 3, 3, 3, 3, 3, 3, 3, 3, 3, 3, 3, 3, 3, 3, 3, 3, 3, 3, 3,
            3, 3, 3, 3, 3, 3, 3, 3, 3, 3, 3, 3, 3, 3, 3, 3, 3, 3, 3, 3, 3, 3, 3, 3,
            3, 3, 3, 3, 3, 3, 3, 3, 3, 3, 3, 3, 3, 3, 3, 3, 3, 3, 3, 3, 3, 3, 3, 3,
            3, 3, 3, 3, 3, 3, 3, 3, 3, 3, 3, 3, 3, 3, 3, 3, 3, 3, 3, 3, 3, 3, 3, 3,
            3, 3, 3, 3, 3, 3, 3, 3, 3, 3, 3, 3, 3, 3, 3, 3, 3, 3, 3, 3, 3, 3, 3, 3,
            3, 3, 3, 3, 3, 3, 3, 3, 3, 3, 3, 3, 3, 3, 3, 3, 3, 3, 3, 3, 3, 3, 3, 3,
            3, 3, 3, 3, 3, 3, 3, 3, 3, 3, 3, 3, 3, 3, 3, 3, 3, 3, 3, 3, 3, 3, 3, 3,
            3, 3, 3, 3, 3, 3, 3, 3, 3, 3, 3, 3, 3, 3, 3, 3, 3, 3, 3, 3, 3, 3, 3, 3,
            3, 3, 3, 3, 3, 3, 3, 3, 3, 3, 3, 3, 3, 3, 3, 3, 3, 3, 3, 3, 3, 3, 3, 3,
            3, 3, 3, 3, 3, 3, 3, 3, 3, 3, 3, 3, 3, 3, 3, 3, 3, 3, 3, 3, 3, 3, 3, 3,
            3, 3, 3, 3, 3, 3, 3, 3, 3, 3, 3, 3, 3, 3, 3, 3, 3, 3, 3, 3, 3, 3, 3, 3,
            3, 3, 3, 3, 3, 3, 3, 3, 3, 3, 3, 3, 3, 3, 3, 3, 3, 3, 3, 3, 3, 3, 3, 3,
            3, 3, 3, 3, 3, 3, 3, 3, 3, 3, 3, 3, 3, 3, 3, 3, 3, 3, 3, 3, 3, 3, 3, 3,
            3, 3, 3, 3, 3, 3, 3, 3, 3, 3, 3, 3, 3, 3, 3, 3, 3, 3, 3, 3, 3, 3, 3, 3,
            3, 3, 3, 3, 3, 3, 3, 3, 3, 3, 3, 3, 3, 3, 3, 3, 3, 3, 3, 3, 3, 3, 3, 3,
            3, 3, 3, 3, 3, 3, 3, 3, 3, 3, 3, 3, 3, 3, 3, 3, 3, 3, 3, 3, 3, 3, 3, 3,
            3, 3, 3, 3, 3, 3, 3, 3, 3, 3, 3, 3, 3, 3, 3, 3, 3, 3, 3, 3, 3, 3, 3, 3,
            3, 3, 3, 3, 3, 3, 3, 3, 3, 3, 3, 3, 3, 3, 3, 3, 3, 3, 3, 3, 3, 3, 3, 3,
            3, 3, 3, 3, 3, 3, 3, 3, 3, 3, 3, 3, 3, 3, 3, 3, 3, 3, 3, 3, 3, 3, 3, 3,
            3, 3, 3, 3, 3, 3, 3, 3, 3, 3, 3, 3, 3, 3, 3, 3, 3, 3, 3, 3, 3, 3, 3, 3,
            3, 3, 3, 3, 3, 3, 3, 3, 3, 3, 3, 3, 3, 3, 3, 3, 3, 3, 3, 3, 3, 3, 3, 3,
            3, 3, 3, 3, 3, 3, 3, 3, 3, 3, 3, 3, 3, 3, 3, 3, 3, 3, 3, 3, 3, 3, 3, 3,
            3, 3, 3, 3, 3, 3, 3, 3, 3, 3, 3, 3, 3, 3, 3, 3, 3, 3, 3, 3, 3, 3, 3, 3,
            3, 3, 3, 3, 3, 3, 3, 3, 3, 3, 3, 3, 3, 3, 3, 3, 3, 3, 3, 3, 3, 3, 3, 3,
            3, 3, 3, 3, 3, 3, 3, 3, 3, 3, 3, 3, 3, 3, 3, 3, 3, 3, 3, 3, 3, 3, 3, 3,
            3, 3, 3, 3, 3, 3, 3, 3, 3, 3, 3, 3, 3, 3, 3, 3, 3, 3, 3, 3, 3, 3, 3, 3,
            3, 3, 3, 3, 3, 3, 3, 3, 3, 3, 3, 3, 3, 3, 3, 3, 3, 3, 3, 3, 3, 3, 3, 3,
            3, 3, 3, 3, 3, 3, 3, 3, 3, 3, 3, 3, 3, 3, 3, 3, 3, 3, 3, 3, 3, 3, 3, 3,
            3, 3, 3, 3, 3, 3, 3, 3, 3, 3, 3, 3, 3, 3, 3, 3, 3, 3, 3, 3, 3, 3, 3, 3,
            3, 3, 3, 3, 3, 3, 3, 3, 3, 3, 3, 3, 3, 3, 3, 3, 3, 3, 3, 3, 3, 3, 3, 3,
            3, 3, 3, 3, 3, 3, 3, 3, 3, 3, 3, 3, 3, 3, 3, 3, 3, 3, 3, 3, 3, 3, 3, 3,
            3, 3, 3, 3, 3, 3, 3, 3, 3, 3, 3, 3, 3, 3, 3, 3, 3, 3, 3, 3, 3, 3, 3, 3,
            3, 3, 3, 3, 3, 3, 3, 3, 3, 3, 3, 3, 3, 3, 3, 3, 3, 3, 3, 3, 3, 3, 3, 3,
            3, 3, 3, 3, 3, 3, 3, 3, 3, 3, 3, 3, 3, 3, 3, 3, 3, 3, 3, 3, 3, 3, 3, 3,
            3, 3, 3, 3, 3, 3, 3, 3, 3, 3, 3, 3, 3, 3, 3, 3, 3, 3, 3, 3, 3, 3, 3, 3,
            3, 3, 3, 3, 3, 3, 3, 3, 3, 3, 3, 3, 3, 3, 3, 3, 3, 3, 3, 3, 3, 3, 3, 3,
            3, 3, 3, 3, 3, 3, 3, 3, 3, 3, 3, 3, 3, 3, 3, 3, 3, 3, 3, 3, 3, 3, 3, 3,
            3, 3, 3, 3, 3, 3, 3, 3, 3, 3, 3, 3, 3, 3, 3, 3, 3, 3, 3, 3, 3, 3, 3, 3,
            3, 3, 3, 3, 3, 3, 3, 3, 3, 3, 3, 3, 3, 3, 3, 3, 3, 3, 3, 3, 3, 3, 3, 3,
            3, 3, 3, 3, 3, 3, 3, 3, 3, 3, 3, 3, 3, 3, 3, 3, 3, 3, 3, 3, 3, 3, 3, 3,
            3, 3, 3, 3, 3, 3, 3, 3, 3, 3, 3, 3, 3, 3, 3, 3, 3, 3, 3, 3, 3, 3, 3, 3,
            3, 3, 3, 3, 3, 3, 3, 3, 3, 3, 3, 3, 3, 3, 3, 3, 3, 3, 3, 3, 3, 3, 3, 3,
            3, 3, 3, 3, 3, 3, 3, 3, 3, 3, 3, 3, 3, 3, 3, 3, 3, 3, 3, 3, 3, 3, 3, 3,
            3, 3, 3, 3, 3, 3, 3, 3, 3, 3, 3, 3, 3, 3, 3, 3, 3, 3, 3, 3, 3, 3, 3, 3,
            3, 3, 3, 3, 3, 3, 3, 3, 3, 3, 3, 3, 3, 3, 3, 3, 3, 3, 3, 3, 3, 3, 3, 3,
            3, 3, 3, 3, 3, 3, 3, 3, 3, 3, 3, 3, 3, 3, 3, 3, 3, 3, 3, 3, 3, 3, 3, 3,
            3, 3, 3, 3, 3, 3, 3, 3, 3, 3, 3, 3, 3, 3, 3, 3, 3, 3, 3, 3, 3, 3, 3, 3,
            3, 3, 3, 3, 3, 3, 3, 3, 3, 3, 3, 3, 3, 3, 3, 3, 3, 3, 3, 3, 3, 3, 3, 3,
            3, 3, 3, 3, 3, 3, 3, 3, 3, 3, 3, 3, 3, 3, 3, 3, 3, 3, 3, 3, 3, 3, 3, 3,
            3, 3, 3, 3, 3, 3, 3, 3, 3, 3, 3, 3, 3, 3, 3, 3, 3, 3, 3, 3, 3, 3, 3, 3,
            3, 3, 3, 3, 3, 3, 3, 3, 3, 3, 3, 3, 3, 3, 3, 3, 3, 3, 3, 3, 3, 3, 3, 3,
            3, 3, 3, 3, 3, 3, 3, 3, 3, 3, 3, 3, 3, 3, 3, 3, 3, 3, 3, 3, 3, 3, 3, 3,
            3, 3, 3, 3, 3, 3, 3, 3, 3, 3, 3, 3, 3, 3, 3, 3, 3, 3, 3, 3, 3, 3, 3, 3,
            3, 3, 3, 3, 3, 3, 3, 3, 3, 3, 3, 3, 3, 3, 3, 3, 3, 3, 3, 3, 3, 3, 3, 3,
            3, 3, 3, 3, 3, 3, 3, 3, 3, 3, 3, 3, 3, 3, 3, 3, 3, 3, 3, 3, 3, 3, 3, 3,
            3, 3, 3, 3, 3, 3, 3, 3, 3, 3, 3, 3, 3, 3, 3, 3, 3, 3, 3, 3, 3, 3, 3, 3,
            3, 3, 3, 3, 3, 3, 3, 3, 3, 3, 3, 3, 3, 3, 3, 3, 3, 3, 3, 3, 3, 3, 3, 3,
            3, 3, 3, 3, 3, 3, 3, 3, 3, 3, 3, 3, 3, 3, 3, 3, 3, 3, 3, 3, 3, 3, 3, 3,
            3, 3, 3, 3, 3, 3, 3, 3, 3, 3, 3, 3, 3, 3, 3, 3, 3, 3, 3, 3, 3, 3, 3, 3,
            3, 3, 3, 3, 3, 3, 3, 3, 3, 3, 3, 3, 3, 3, 3, 3, 3, 3, 3, 3, 3, 3, 3, 3,
            3, 3, 3, 3, 3, 3, 3, 3, 3, 3, 3, 3, 3, 3, 3, 3, 3, 3, 3, 3, 3, 3, 3, 3,
            3, 3, 3, 3, 3, 3, 3, 3, 3, 3, 3, 3, 3, 3, 3, 3, 3, 3, 3, 3, 3, 3, 3, 3,
            3, 3, 3, 3, 3, 3, 3, 3, 3, 3, 3, 3, 3, 3, 3, 3, 3, 3, 3, 3, 3, 3, 3, 3,
            3, 3, 3, 3, 3, 3, 3, 3, 3, 3, 3, 3, 3, 3, 3, 3, 3, 3, 3, 3, 3, 3, 3, 3,
            3, 3, 3, 3, 3, 3, 3, 3, 3, 3, 3, 3, 3, 3, 3, 3, 3, 3, 3, 3, 3, 3, 3, 3,
            3, 3, 3, 3, 3, 3, 3, 3, 3, 3, 3, 3, 3, 3, 3, 3, 3, 3, 3, 3, 3, 3, 3, 3,
            3, 3, 3, 3, 3, 3, 3, 3, 3, 3, 3, 3, 3, 3, 3, 3, 3, 3, 3, 3, 3, 3, 3, 3,
            3, 3, 3, 3, 3, 3, 3, 3, 3, 3, 3, 3, 3, 3, 3, 3, 3, 3, 3, 3, 3, 3, 3, 3,
            3, 3, 3, 3, 3, 3, 3, 3, 3, 3, 3, 3, 3, 3, 3, 3, 3, 3, 3, 3, 3, 3, 3, 3,
            3, 3, 3, 3, 3, 3, 3, 3, 3, 3, 3, 3, 3, 3, 3, 3, 3, 3, 3, 3, 3, 3, 3, 3,
            3, 3, 3, 3, 3, 3, 3, 3, 3, 3, 3, 3, 3, 3, 3, 3, 3, 3, 3, 3, 3, 3, 3, 3,
            3, 3, 3, 3, 3, 3, 3, 3, 3, 3, 3, 3, 3, 3, 3, 3, 3, 3, 3, 3, 3, 3, 3, 3,
            3, 3, 3, 3, 3, 3, 3, 3, 3, 3, 3, 3, 3, 3, 3, 3, 3, 3, 3, 3, 3, 3, 3, 3,
            3, 3, 3, 3, 3, 3, 3, 3, 3, 3, 3, 3, 3, 3, 3, 3, 3, 3, 3, 3, 3, 3, 3, 3,
            3, 3, 3, 3, 3, 3, 3, 3, 3, 3, 3, 3, 3, 3, 3, 3, 3, 3, 3, 3, 3, 3, 3, 3,
            3, 3, 3, 3, 3, 3, 3, 3, 3, 3, 3, 3, 3, 3, 3, 3, 3, 3, 3, 3, 3, 3, 3, 3,
            3, 3, 3, 3, 3, 3, 3, 3, 3, 3, 3, 3, 3, 3, 3, 3, 3, 3, 3, 3, 3, 3, 3, 3,
            3, 3, 3, 3, 3, 3, 3, 3, 3, 3, 3, 3, 3, 3, 3, 3, 3, 3, 3, 3, 3, 3, 3, 3,
            3, 3, 3, 3, 3, 3, 3, 3, 3, 3, 3, 3, 3, 3, 3, 3, 3, 3, 3, 3, 3, 3, 3, 3,
            3, 3, 3, 3, 3, 3, 3, 3, 3, 3, 3, 3, 3, 3, 3, 3, 3, 3, 3, 3, 3, 3, 3, 3,
            3, 3, 3, 3, 3, 3, 3, 3, 3, 3, 3, 3, 3, 3, 3, 3, 3, 3, 3, 3, 3, 3, 3, 3,
            3, 3, 3, 3, 3, 3, 3, 3, 3, 3, 3, 3, 3, 3, 3, 3, 3, 3, 3, 3, 3, 3, 3, 3,
            3, 3, 3, 3, 3, 3, 3, 3, 3, 3, 3, 3, 3, 3, 3, 3, 3, 3, 3, 3, 3, 3, 3, 3,
            3, 3, 3, 3, 3, 3, 3, 3, 3, 3, 3, 3, 3, 3, 3, 3, 3, 3, 3, 3, 3, 3, 3, 3,
            3, 3, 3, 3, 3, 3, 3, 3, 3, 3, 3, 3, 3, 3, 3, 3, 3, 3, 3, 3, 3, 3, 3, 3,
            3, 3, 3, 3, 3, 3, 3, 3, 3, 3, 3, 3, 3, 3, 3, 3, 3, 3, 3, 3, 3, 3, 3, 3,
            3, 3, 3, 3, 3, 3, 3, 3, 3, 3, 3, 3, 3, 3, 3, 3, 3, 3, 3, 3, 3, 3, 3, 3,
            3, 3, 3, 3, 3, 3, 3, 3, 3, 3, 3, 3, 3, 3, 3, 3, 3, 3, 3, 3, 3, 3, 3, 3,
            3, 3, 3, 3, 3, 3, 3, 3, 3, 3, 3, 3, 3, 3, 3, 3, 3, 3, 3, 3, 3, 3, 3, 3,
            3, 3, 3, 3, 3, 3, 3, 3, 3, 3, 3, 3, 3, 3, 3, 3, 3, 3, 3, 3, 3, 3, 3, 3,
            3, 3, 3, 3, 3, 3, 3, 3, 3, 3, 3, 3, 3, 3, 3, 3, 3, 3, 3, 3, 3, 3, 3, 3,
            3, 3, 3, 3, 3, 3, 3, 3, 3, 3, 3, 3, 3, 3, 3, 3, 3, 3, 3, 3, 3, 3, 3, 3,
            3, 3, 3, 3, 3, 3, 3, 3, 3, 3, 3, 3, 3, 3, 3, 3, 3, 3, 3, 3, 3, 3, 3, 3,
            3, 3, 3, 3, 3, 3, 3, 3, 3, 3, 3, 3, 3, 3, 3, 3, 3, 3, 3, 3, 3, 3, 3, 3,
            3, 3, 3, 3, 3, 3, 3, 3, 3, 3, 3, 3, 3, 3, 3, 3, 3, 3, 3, 3, 3, 3, 3, 3,
            3, 3, 3, 3, 3, 3, 3, 3, 3, 3, 3, 3, 3, 3, 3, 3, 3, 3, 3, 3, 3, 3, 3, 3,
            3, 3, 3, 3, 3, 3, 3, 3, 3, 3, 3, 3, 3, 3, 3, 3, 3, 3, 3, 3, 3, 3, 3, 3,
            3, 3, 3, 3, 3, 3, 3, 3, 3, 3, 3, 3, 3, 3, 3, 3, 3, 3, 3, 3, 3, 3, 3, 3,
            3, 3, 3, 3, 3, 3, 3, 3, 3, 3, 3, 3, 3, 3, 3, 3, 3, 3, 3, 3, 3, 3, 3, 3,
            3, 3, 3, 3, 3, 3, 3, 3, 3, 3, 3, 3, 3, 3, 3, 3, 3, 3, 3, 3, 3, 3, 3, 3,
            3, 3, 3, 3, 3, 3, 3, 3, 3, 3, 3, 3, 3, 3, 3, 3, 3, 3, 3, 3, 3, 3, 3, 3,
            3, 3, 3, 3, 3, 3, 3, 3, 3, 3, 3, 3, 3, 3, 3, 3, 3, 3, 3, 3, 3, 3, 3, 3,
            3, 3, 3, 3, 3, 3, 3, 3, 3, 3, 3, 3, 3, 3, 3, 3, 3, 3, 3, 3, 3, 3, 3, 3,
            3, 3, 3, 3, 3, 3, 3, 3, 3, 3, 3, 3, 3, 3, 3, 3, 3, 3, 3, 3, 3, 3, 3, 3,
            3, 3, 3, 3, 3, 3, 3, 3, 3, 3, 3, 3, 3, 3, 3, 3, 3, 3, 3, 3, 3, 3, 3, 3,
            3, 3, 3, 3, 3, 3, 3, 3, 3, 3, 3, 3, 3, 3, 3, 3, 3, 3, 3, 3, 3, 3, 3, 3,
            3, 3, 3, 3, 3, 3, 3, 3, 3, 3, 3, 3, 3, 3, 3, 3, 3, 3, 3, 3, 3, 3, 3, 3,
            3, 3, 3, 3, 3, 3, 3, 3, 3, 3, 3, 3, 3, 3, 3, 3, 3, 3, 3, 3, 3, 3, 3, 3,
            3, 3, 3, 3, 3, 3, 3, 3, 3, 3, 3, 3, 3, 3, 3, 3, 3, 3, 3, 3, 3, 3, 3, 3,
            3, 3, 3, 3, 3, 3, 3, 3, 3, 3, 3, 3, 3, 3, 3, 3, 3, 3, 3, 3, 3, 3, 3, 3,
            3, 3, 3, 3, 3, 3, 3, 3, 3, 3, 3, 3, 3, 3, 3, 3, 3, 3, 3, 3, 3, 3, 3, 3,
            3, 3, 3, 3, 3, 3, 3, 3, 3, 3, 3, 3, 3, 3, 3, 3, 3, 3, 3, 3, 3, 3, 3, 3,
            3, 3, 3, 3, 3, 3, 3, 3, 3, 3, 3, 3, 3, 3, 3, 3, 3, 3, 3, 3, 3, 3, 3, 3,
            3, 3, 3, 3, 3, 3, 3, 3, 3, 3, 3, 3, 3, 3, 3, 3, 3, 3, 3, 3, 3, 3, 3, 3,
            3, 3, 3, 3, 3, 3, 3, 3, 3, 3, 3, 3, 3, 3, 3, 3, 3, 3, 3, 3, 3, 3, 3, 3,
            3, 3, 3, 3, 3, 3, 3, 3, 3, 3, 3, 3, 3, 3, 3, 3, 3, 3, 3, 3, 3, 3, 3, 3,
            3, 3, 3, 3, 3, 3, 3, 3, 3, 3, 3, 3, 3, 3, 3, 3, 3, 3, 3, 3, 3, 3, 3, 3,
            3, 3, 3, 3, 3, 3, 3, 3, 3, 3, 3, 3, 3, 3, 3, 3, 3, 3, 3, 3, 3, 3, 3, 3,
            3, 3, 3, 3, 3, 3, 3, 3, 3, 3, 3, 3, 3, 3, 3, 3, 3, 3, 3, 3, 3, 3, 3, 3,
            3, 3, 3, 3, 3, 3, 3, 3, 3, 3, 3, 3, 3, 3, 3, 3, 3, 3, 3, 3, 3, 3, 3, 3,
            3, 3, 3, 3, 3, 3, 3, 3, 3, 3, 3, 3, 3, 3, 3, 3, 3, 3, 3, 3, 3, 3, 3, 3,
            3, 3, 3, 3, 3, 3, 3, 3, 3, 3, 3, 3, 3, 3, 3, 3, 3, 3, 3, 3, 3, 3, 3, 3,
            3, 3, 3, 3, 3, 3, 3, 3, 3, 3, 3, 3, 3, 3, 3, 3, 3, 3, 3, 3, 3, 3, 3, 3,
            3, 3, 3, 3, 3, 3, 3, 3, 3, 3, 3, 3, 3, 3, 3, 3, 3, 3, 3, 3, 3, 3, 3, 3,
            3, 3, 3, 3, 3, 3, 3, 3, 3, 3, 3, 3, 3, 3, 3, 3, 3, 3, 3, 3, 3, 3, 3, 3,
            3, 3, 3, 3, 3, 3, 3, 3, 3, 3, 3, 3, 3, 3, 3, 3, 3, 3, 3, 3, 3, 3, 3, 3,
            3, 3, 3, 3, 3, 3, 3, 3, 3, 3, 3, 3, 3, 3, 3, 3, 3, 3, 3, 3, 3, 3, 3, 3,
            3, 3, 3, 3, 3, 3, 3, 3, 3, 3, 3, 3, 3, 3, 3, 3, 3, 3, 3, 3, 3, 3, 3, 3,
            3, 3, 3, 3, 3, 3, 3, 3, 3, 3, 3, 3, 3, 3, 3, 3, 3, 3, 3, 3, 3, 3, 3, 3,
            3, 3, 3, 3, 3, 3, 3, 3, 3, 3, 3, 3, 3, 3, 3, 3, 3, 3, 3, 3, 3, 3, 3, 3,
            3, 3, 3, 3, 3, 3, 3, 3, 3, 3, 3, 3, 3, 3, 3, 3, 3, 3, 3, 3, 3, 3, 3, 3,
            3, 3, 3, 3, 3, 3, 3, 3, 3, 3, 3, 3, 3, 3, 3, 3, 3, 3, 3, 3, 3, 3, 3, 3,
            3, 3, 3, 3, 3, 3, 3, 3, 3, 3, 3, 3, 3, 3, 3, 3, 3, 3, 3, 3, 3, 3, 3, 3,
            3, 3, 3, 3, 3, 3, 3, 3, 3, 3, 3, 3, 3, 3, 3, 3, 3, 3, 3, 3, 3, 3, 3, 3,
            3, 3, 3, 3, 3, 3, 3, 3, 3, 3, 3, 3, 3, 3, 3, 3, 3, 3, 3, 3, 3, 3, 3, 3,
            3, 3, 3, 3, 3, 3, 3, 3, 3, 3, 3, 3, 3, 3, 3, 3, 3, 3, 3, 3, 3, 3, 3, 3,
            3, 3, 3, 3, 3, 3, 3, 3, 3, 3, 3, 3, 3, 3, 3, 3, 3, 3, 3, 3, 3, 3, 3, 3,
            3, 3, 3, 3, 3, 3, 3, 3, 3, 3, 3, 3, 3, 3, 3, 3, 3, 3, 3, 3, 3, 3, 3, 3,
            3, 3, 3, 3, 3, 3, 3, 3, 3, 3, 3, 3, 3, 3, 3, 3, 3, 3, 3, 3, 3, 3, 3, 3,
            3, 3, 3, 3, 3, 3, 3, 3, 3, 3, 3, 3, 3, 3, 3, 3, 3, 3, 3, 3, 3, 3, 3, 3,
            3, 3, 3, 3, 3, 3, 3, 3, 3, 3, 3, 3, 3, 3, 3, 3, 3, 3, 3, 3, 3, 3, 3, 3,
            3, 3, 3, 3, 3, 3, 3, 3, 3, 3, 3, 3, 3, 3, 3, 3, 3, 3, 3, 3, 3, 3, 3, 3,
            3, 3, 3, 3, 3, 3, 3, 3, 3, 3, 3, 3, 3, 3, 3, 3, 3, 3, 3, 3, 3, 3, 3, 3,
            3, 3, 3, 3, 3, 3, 3, 3, 3, 3, 3, 3, 3, 3, 3, 3, 3, 3, 3, 3, 3, 3, 3, 3,
            3, 3, 3, 3, 3, 3, 3, 3, 3, 3, 3, 3, 3, 3, 3, 3, 3, 3, 3, 3, 3, 3, 3, 3,
            3, 3, 3, 3, 3, 3, 3, 3, 3, 3, 3, 3, 3, 3, 3, 3, 3, 3, 3, 3, 3, 3, 3, 3,
            3, 3, 3, 3, 3, 3, 3, 3, 3, 3, 3, 3, 3, 3, 3, 3, 3, 3, 3, 3, 3, 3, 3, 3,
            3, 3, 3, 3, 3, 3, 3, 3, 3, 3, 3, 3, 3, 3, 3, 3, 3, 3, 3, 3, 3, 3, 3, 3,
            3, 3, 3, 3, 3, 3, 3, 3, 3, 3, 3, 3, 3, 3, 3, 3, 3, 3, 3, 3, 3, 3, 3, 3,
            3, 3, 3, 3, 3, 3, 3, 3, 3, 3, 3, 3, 3, 3, 3, 3, 3, 3, 3, 3, 3, 3, 3, 3,
            3, 3, 3, 3, 3, 3, 3, 3, 3, 3, 3, 3, 3, 3, 3, 3, 3, 3, 3, 3, 3, 3, 3, 3,
            3, 3, 3, 3, 3, 3, 3, 3, 3, 3, 3, 3, 3, 3, 3, 3, 3, 3, 3, 3, 3, 3, 3, 3,
            3, 3, 3, 3, 3, 3, 3, 3, 3, 3, 3, 3, 3, 3, 3, 3, 3, 3, 3, 3, 3, 3, 3, 3,
            3, 3, 3, 3, 3, 3, 3, 3, 3, 3, 3, 3, 3, 3, 3, 3, 3, 3, 3, 3, 3, 3, 3, 3,
            3, 3, 3, 3, 3, 3, 3, 3, 3, 3, 3, 3, 3, 3, 3, 3, 3, 3, 3, 3, 3, 3, 3, 3,
            3, 3, 3, 3, 3, 3, 3, 3, 3, 3, 3, 3, 3, 3, 3, 3, 3, 3, 3, 3, 3, 3, 3, 3,
            3, 3, 3, 3, 3, 3, 3, 3, 3, 3, 3, 3, 3, 3, 3, 3, 3, 3, 3, 3, 3, 3, 3, 3,
            3, 3, 3, 3, 3, 3, 3, 3, 3, 3, 3, 3, 3, 3, 3, 3, 3, 3, 3, 3, 3, 3, 3, 3,
            3, 3, 3, 3, 3, 3, 3, 3, 3, 3, 3, 3, 3, 3, 3, 3, 3, 3, 3, 3, 3, 3, 3, 3,
            3, 3, 3, 3, 3, 3, 3, 3, 3, 3, 3, 3, 3, 3, 3, 3, 3, 3, 3, 3, 3, 3, 3, 3,
            3, 3, 3, 3, 3, 3, 3, 3, 3, 3, 3, 3, 3, 3, 3, 3, 3, 3, 3, 3, 3, 3, 3, 3,
            3, 3, 3, 3, 3, 3, 3, 3, 3, 3, 3, 3, 3, 3, 3, 3, 3, 3, 3, 3, 3, 3, 3, 3,
            3, 3, 3, 3, 3, 3, 3, 3, 3, 3, 3, 3, 3, 3, 3, 3, 3, 3, 3, 3, 3, 3, 3, 3,
            3, 3, 3, 3, 3, 3, 3, 3, 3, 3, 3, 3, 3, 3, 3, 3, 3, 3, 3, 3, 3, 3, 3, 3,
            3, 3, 3, 3, 3, 3, 3, 3, 3, 3, 3, 3, 3, 3, 3, 3, 3, 3, 3, 3, 3, 3, 3, 3,
            3, 3, 3, 3, 3, 3, 3, 3, 3, 3, 3, 3, 3, 3, 3, 3, 3, 3, 3, 3, 3, 3, 3, 3,
            3, 3, 3, 3, 3, 3, 3, 3, 3, 3, 3, 3, 3, 3, 3, 3, 3, 3, 3, 3, 3, 3, 3, 3,
            3, 3, 3, 3, 3, 3, 3, 3, 3, 3, 3, 3, 3, 3, 3, 3, 3, 3, 3, 3, 3, 3, 3, 3,
            3, 3, 3, 3, 3, 3, 3, 3, 3, 3, 3, 3, 3, 3, 3, 3, 3, 3, 3, 3, 3, 3, 3, 3,
            3, 3, 3, 3, 3, 3, 3, 3, 3, 3, 3, 3, 3, 3, 3, 3, 3, 3, 3, 3, 3, 3, 3, 3,
            3, 3, 3, 3, 3, 3, 3, 3, 3, 3, 3, 3, 3, 3, 3, 3, 3, 3, 3, 3, 3, 3, 3, 3,
            3, 3, 3, 3, 3, 3, 3, 3, 3, 3, 3, 3, 3, 3, 3, 3, 3, 3, 3, 3, 3, 3, 3, 3,
            3, 3, 3, 3, 3, 3, 3, 3, 3, 3, 3, 3, 3, 3, 3, 3, 3, 3, 3, 3, 3, 3, 3, 3,
            3, 3, 3, 3, 3, 3, 3, 3, 3, 3, 3, 3, 3, 3, 3, 3, 3, 3, 3, 3, 3, 3, 3, 3,
            3, 3, 3, 3, 3, 3, 3, 3, 3, 3, 3, 3, 3, 3, 3, 3, 3, 3, 3, 3, 3, 3, 3, 3,
            3, 3, 3, 3, 3, 3, 3, 3, 3, 3, 3, 3, 3, 3, 3, 3, 3, 3, 3, 3, 3, 3, 3, 3,
            3, 3, 3, 3, 3, 3, 3, 3, 3, 3, 3, 3, 3, 3, 3, 3, 3, 3, 3, 3, 3, 3, 3, 3,
            3, 3, 3, 3, 3, 3, 3, 3, 3, 3, 3, 3, 3, 3, 3, 3, 3, 3, 3, 3, 3, 3, 3, 3,
            3, 3, 3, 3, 3, 3, 3, 3, 3, 3, 3, 3, 3, 3, 3, 3, 3, 3, 3, 3, 3, 3, 3, 3,
            3, 3, 3, 3, 3, 3, 3, 3, 3, 3, 3, 3, 3, 3, 3, 3, 3, 3, 3, 3, 3, 3, 3, 3,
            3, 3, 3, 3, 3, 3, 3, 3, 3, 3, 3, 3, 3, 3, 3, 3, 3, 3, 3, 3, 3, 3, 3, 3,
            3, 3, 3, 3, 3, 3, 3, 3, 3, 3, 3, 3, 3, 3, 3, 3, 3, 3, 3, 3, 3, 3, 3, 3,
            3, 3, 3, 3, 3, 3, 3, 3, 3, 3, 3, 3, 3, 3, 3, 3, 3, 3, 3, 3, 3, 3, 3, 3,
            3, 3, 3, 3, 3, 3, 3, 3, 3, 3, 3, 3, 3, 3, 3, 3, 3, 3, 3, 3, 3, 3, 3, 3,
            3, 3, 3, 3, 3, 3, 3, 3, 3, 3, 3, 3, 3, 3, 3, 3, 3, 3, 3, 3, 3, 3, 3, 3,
            3, 3, 3, 3, 3, 3, 3, 3, 3, 3, 3, 3, 3, 3, 3, 3, 3, 3, 3, 3, 3, 3, 3, 3,
            3, 3, 3, 3, 3, 3, 3, 3, 3, 3, 3, 3, 3, 3, 3, 3, 3, 3, 3, 3, 3, 3, 3, 3,
            3, 3, 3, 3, 3, 3, 3, 3, 3, 3, 3, 3, 3, 3, 3, 3, 3, 3, 3, 3, 3, 3, 3, 3,
            3, 3, 3, 3, 3, 3, 3, 3, 3, 3, 3, 3, 3, 3, 3, 3, 3, 3, 3, 3, 3, 3, 3, 3,
            3, 3, 3, 3, 3, 3, 3, 3, 3, 3, 3, 3, 3, 3, 3, 3, 3, 3, 3, 3, 3, 3, 3, 3,
            3, 3, 3, 3, 3, 3, 3, 3, 3, 3, 3, 3, 3, 3, 3, 3, 3, 3, 3, 3, 3, 3, 3, 3,
            3, 3, 3, 3, 3, 3, 3, 3, 3, 3, 3, 3, 3, 3, 3, 3, 3, 3, 3, 3, 3, 3, 3, 3,
            3, 3, 3, 3, 3, 3, 3, 3, 3, 3, 3, 3, 3, 3, 3, 3, 3, 3, 3, 3, 3, 3, 3, 3,
            3, 3, 3, 3, 3, 3, 3, 3, 3, 3, 3, 3, 3, 3, 3, 3, 3, 3, 3, 3, 3, 3, 3, 3,
            3, 3, 3, 3, 3, 3, 3, 3, 3, 3, 3, 3, 3, 3, 3, 3, 3, 3, 3, 3, 3, 3, 3, 3,
            3, 3, 3, 3, 3, 3, 3, 3, 3, 3, 3, 3, 3, 3, 3, 3, 3, 3, 3, 3, 3, 3, 3, 3,
            3, 3, 3, 3, 3, 3, 3, 3, 3, 3, 3, 3, 3, 3, 3, 3, 3, 3, 3, 3, 3, 3, 3, 3,
            3, 3, 3, 3, 3, 3, 3, 3, 3, 3, 3, 3, 3, 3, 3, 3, 3, 3, 3, 3, 3, 3, 3, 3,
            3, 3, 3, 3, 3, 3, 3, 3, 3, 3, 3, 3, 3, 3, 3, 3, 3, 3, 3, 3, 3, 3, 3, 3,
            3, 3, 3, 3, 3, 3, 3, 3, 3, 3, 3, 3, 3, 3, 3, 3, 3, 3, 3, 3, 3, 3, 3, 3,
            3, 3, 3, 3, 3, 3, 3, 3, 3, 3, 3, 3, 3, 3, 3, 3, 3, 3, 3, 3, 3, 3, 3, 3,
            3, 3, 3, 3, 3, 3, 3, 3, 3, 3, 3, 3, 3, 3, 3, 3, 3, 3, 3, 3, 3, 3, 3, 3,
            3, 3, 3, 3, 3, 3, 3, 3, 3, 3, 3, 3, 3, 3, 3, 3, 3, 3, 3, 3, 3, 3, 3, 3,
            3, 3, 3, 3, 3, 3, 3, 3, 3, 3, 3, 3, 3, 3, 3, 3, 3, 3, 3, 3, 3, 3, 3, 3,
            3, 3, 3, 3, 3, 3, 3, 3, 3, 3, 3, 3, 3, 3, 3, 3, 3, 3, 3, 3, 3, 3, 3, 3,
            3, 3, 3, 3, 3, 3, 3, 3, 3, 3, 3, 3, 3, 3, 3, 3, 3, 3, 3, 3, 3, 3, 3, 3,
            3, 3, 3, 3, 3, 3, 3, 3, 3, 3, 3, 3, 3, 3, 3, 3, 3, 3, 3, 3, 3, 3, 3, 3,
            3, 3, 3, 3, 3, 3, 3, 3, 3, 3, 3, 3, 3, 3, 3, 3, 3, 3, 3, 3, 3, 3, 3, 3,
            3, 3, 3, 3, 3, 3, 3, 3, 3, 3, 3, 3, 3, 3, 3, 3, 3, 3, 3, 3, 3, 3, 3, 3,
            3, 3, 3, 3, 3, 3, 3, 3, 3, 3, 3, 3, 3, 3, 3, 3, 3, 3, 3, 3, 3, 3, 3, 3,
            3, 3, 3, 3, 3, 3, 3, 3, 3, 3, 3, 3, 3, 3, 3, 3, 3, 3, 3, 3, 3, 3, 3, 3,
            3, 3, 3, 3, 3, 3, 3, 3, 3, 3, 3, 3, 3, 3, 3, 3, 3, 3, 3, 3, 3, 3, 3, 3,
            3, 3, 3, 3, 3, 3, 3, 3, 3, 3, 3, 3, 3, 3, 3, 3, 3, 3, 3, 3, 3, 3, 3, 3,
            3, 3, 3, 3, 3, 3, 3, 3, 3, 3, 3, 3, 3, 3, 3, 3, 3, 3, 3, 3, 3, 3, 3, 3,
            3, 3, 3, 3, 3, 3, 3, 3, 3, 3, 3, 3, 3, 3, 3, 3, 3, 3, 3, 3, 3, 3, 3, 3,
            3, 3, 3, 3, 3, 3, 3, 3, 3, 3, 3, 3, 3, 3, 3, 3, 3, 3, 3, 3, 3, 3, 3, 3,
            3, 3, 3, 3, 3, 3, 3, 3, 3, 3, 3, 3, 3, 3, 3, 3, 3, 3, 3, 3, 3, 3, 3, 3,
            3, 3, 3, 3, 3, 3, 3, 3, 3, 3, 3, 3, 3, 3, 3, 3, 3, 3, 3, 3, 3, 3, 3, 3,
            3, 3, 3, 3, 3, 3, 3, 3, 3, 3, 3, 3, 3, 3, 3, 3, 3, 3, 3, 3, 3, 3, 3, 3,
            3, 3, 3, 3, 3, 3, 3, 3, 3, 3, 3, 3, 3, 3, 3, 3, 3, 3, 3, 3, 3, 3, 3, 3,
            3, 3, 3, 3, 3, 3, 3, 3, 3, 3, 3, 3, 3, 3, 3, 3, 3, 3, 3, 3, 3, 3, 3, 3,
            3, 3, 3, 3, 3, 3, 3, 3, 3, 3, 3, 3, 3, 3, 3, 3, 3, 3, 3, 3, 3, 3, 3, 3,
            3, 3, 3, 3, 3, 3, 3, 3, 3, 3, 3, 3, 3, 3, 3, 3, 3, 3, 3, 3, 3, 3, 3, 3,
            3, 3, 3, 3, 3, 3, 3, 3, 3, 3, 3, 3, 3, 3, 3, 3, 3, 3, 3, 3, 3, 3, 3, 3,
            3, 3, 3, 3, 3, 3, 3, 3, 3, 3, 3, 3, 3, 3, 3, 3, 3, 3, 3, 3, 3, 3, 3, 3,
            3, 3, 3, 3, 3, 3, 3, 3, 3, 3, 3, 3, 3, 3, 3, 3, 3, 3, 3, 3, 3, 3, 3, 3,
            3, 3, 3, 3, 3, 3, 3, 3, 3, 3, 3, 3, 3, 3, 3, 3, 3, 3, 3, 3, 3, 3, 3, 3,
            3, 3, 3, 3, 3, 3, 3, 3, 3, 3, 3, 3, 3, 3, 3, 3, 3, 3, 3, 3, 3, 3, 3, 3,
            3, 3, 3, 3, 3, 3, 3, 3, 3, 3, 3, 3, 3, 3, 3, 3, 3, 3, 3, 3, 3, 3, 3, 3,
            3, 3, 3, 3, 3, 3, 3, 3, 3, 3, 3, 3, 3, 3, 3, 3, 3, 3, 3, 3, 3, 3, 3, 3,
            3, 3, 3, 3, 3, 3, 3, 3, 3, 3, 3, 3, 3, 3, 3, 3, 3, 3, 3, 3, 3, 3, 3, 3,
            3, 3, 3, 3, 3, 3, 3, 3, 3, 3, 3, 3, 3, 3, 3, 3, 3, 3, 3, 3, 3, 3, 3, 3,
            3, 3, 3, 3, 3, 3, 3, 3, 3, 3, 3, 3, 3, 3, 3, 3, 3, 3, 3, 3, 3, 3, 3, 3,
            3, 3, 3, 3, 3, 3, 3, 3, 3, 3, 3, 3, 3, 3, 3, 3, 3, 3, 3, 3, 3, 3, 3, 3,
            3, 3, 3, 3, 3, 3, 3, 3, 3, 3, 3, 3, 3, 3, 3, 3, 3, 3, 3, 3, 3, 3, 3, 3,
            3, 3, 3, 3, 3, 3, 3, 3, 3, 3, 3, 3, 3, 3, 3, 3, 3, 3, 3, 3, 3, 3, 3, 3,
            3, 3, 3, 3, 3, 3, 3, 3, 3, 3, 3, 3, 3, 3, 3, 3, 3, 3, 3, 3, 3, 3, 3, 3,
            3, 3, 3, 3, 3, 3, 3, 3, 3, 3, 3, 3, 3, 3, 3, 3, 3, 3, 3, 3, 3, 3, 3, 3,
            3, 3, 3, 3, 3, 3, 3, 3, 3, 3, 3, 3, 3, 3, 3, 3, 3, 3, 3, 3, 3, 3, 3, 3,
            3, 3, 3, 3, 3, 3, 3, 3, 3, 3, 3, 3, 3, 3, 3, 3, 3, 3, 3, 3, 3, 3, 3, 3,
            3, 3, 3, 3, 3, 3, 3, 3, 3, 3, 3, 3, 3, 3, 3, 3, 3, 3, 3, 3, 3, 3, 3, 3,
            3, 3, 3, 3, 3, 3, 3, 3, 3, 3, 3, 3, 3, 3, 3, 3, 3, 3, 3, 3, 3, 3, 3, 3,
            3, 3, 3, 3, 3, 3, 3, 3, 3, 3, 3, 3, 3, 3, 3, 3, 3, 3, 3, 3, 3, 3, 3, 3,
            3, 3, 3, 3, 3, 3, 3, 3, 3, 3, 3, 3, 3, 3, 3, 3, 3, 3, 3, 3, 3, 3, 3, 3,
            3, 3, 3, 3, 3, 3, 3, 3, 3, 3, 3, 3, 3, 3, 3, 3, 3, 3, 3, 3, 3, 3, 3, 3,
            3, 3, 3, 3, 3, 3, 3, 3, 3, 3, 3, 3, 3, 3, 3, 3, 3, 3, 3, 3, 3, 3, 3, 3,
            3, 3, 3, 3, 3, 3, 3, 3, 3, 3, 3, 3, 3, 3, 3, 3, 3, 3, 3, 3, 3, 3, 3, 3,
            3, 3, 3, 3, 3, 3, 3, 3, 3, 3, 3, 3, 3, 3, 3, 3, 3, 3, 3, 3, 3, 3, 3, 3,
            3, 3, 3, 3, 3, 3, 3, 3, 3, 3, 3, 3, 3, 3, 3, 3, 3, 3, 3, 3, 3, 3, 3, 3,
            3, 3, 3, 3, 3, 3, 3, 3, 3, 3, 3, 3, 3, 3, 3, 3, 3, 3, 3, 3, 3, 3, 3, 3,
            3, 3, 3, 3, 3, 3, 3, 3, 3, 3, 3, 3, 3, 3, 3, 3, 3, 3, 3, 3, 3, 3, 3, 3,
            3, 3, 3, 3, 3, 3, 3, 3, 3, 3, 3, 3, 3, 3, 3, 3, 3, 3, 3, 3, 3, 3, 3, 3,
            3, 3, 3, 3, 3, 3, 3, 3, 3, 3, 3, 3, 3, 3, 3, 3, 3, 3, 3, 3, 3, 3, 3, 3,
            3, 3, 3, 3, 3, 3, 3, 3, 3, 3, 3, 3, 3, 3, 3, 3, 3, 3, 3, 3, 3, 3, 3, 3,
            3, 3, 3, 3, 3, 3, 3, 3, 3, 3, 3, 3, 3, 3, 3, 3, 3, 3, 3, 3, 3, 3, 3, 3,
            3, 3, 3, 3, 3, 3, 3, 3, 3, 3, 3, 3, 3, 3, 3, 3, 3, 3, 3, 3, 3, 3, 3, 3,
            3, 3, 3, 3, 3, 3, 3, 3, 3, 3, 3, 3, 3, 3, 3, 3, 3, 3, 3, 3, 3, 3, 3, 3,
            3, 3, 3, 3, 3, 3, 3, 3, 3, 3, 3, 3, 3, 3, 3, 3, 3, 3, 3, 3, 3, 3, 3, 3,
            3, 3, 3, 3, 3, 3, 3, 3, 3, 3, 3, 3, 3, 3, 3, 3, 3, 3, 3, 3, 3, 3, 3, 3,
            3, 3, 3, 3, 3, 3, 3, 3, 3, 3, 3, 3, 3, 3, 3, 3, 3, 3, 3, 3, 3, 3, 3, 3,
            3, 3, 3, 3, 3, 3, 3, 3, 3, 3, 3, 3, 3, 3, 3, 3, 3, 3, 3, 3, 3, 3, 3, 3,
            3, 3, 3, 3, 3, 3, 3, 3, 3, 3, 3, 3, 3, 3, 3, 3, 3, 3, 3, 3, 3, 3, 3, 3,
            3, 3, 3, 3, 3, 3, 3, 3, 3, 3, 3, 3, 3, 3, 3, 3, 3, 3, 3, 3, 3, 3, 3, 3,
            3, 3, 3, 3, 3, 3, 3, 3, 3, 3, 3, 3, 3, 3, 3, 3, 3, 3, 3, 3, 3, 3, 3, 3,
            3, 3, 3, 3, 3, 3, 3, 3, 3, 3, 3, 3, 3, 3, 3, 3, 3, 3, 3, 3, 3, 3, 3, 3,
            3, 3, 3, 3, 3, 3, 3, 3, 3, 3, 3, 3, 3, 3, 3, 3, 3, 3, 3, 3, 3, 3, 3, 3,
            3, 3, 3, 3, 3, 3, 3, 3, 3, 3, 3, 3, 3, 3, 3, 3, 3, 3, 3, 3, 3, 3, 3, 3,
            3, 3, 3, 3, 3, 3, 3, 3, 3, 3, 3, 3, 3, 3, 3, 3, 3, 3, 3, 3, 3, 3, 3, 3,
            3, 3, 3, 3, 3, 3, 3, 3, 3, 3, 3, 3, 3, 3, 3, 3, 3, 3, 3, 3, 3, 3, 3, 3,
            3, 3, 3, 3, 3, 3, 3, 3, 3, 3, 3, 3, 3, 3, 3, 3, 3, 3, 3, 3, 3, 3, 3, 3,
            3, 3, 3, 3, 3, 3, 3, 3, 3, 3, 3, 3, 3, 3, 3, 3, 3, 3, 3, 3, 3, 3, 3, 3,
            3, 3, 3, 3, 3, 3, 3, 3, 3, 3, 3, 3, 3, 3, 3, 3, 3, 3, 3, 3, 3, 3, 3, 3,
            3, 3, 3, 3, 3, 3, 3, 3, 3, 3, 3, 3, 3, 3, 3, 3, 3, 3, 3, 3, 3, 3, 3, 3,
            3, 3, 3, 3, 3, 3, 3, 3, 3, 3, 3, 3, 3, 3, 3, 3, 3, 3, 3, 3, 3, 3, 3, 3,
            3, 3, 3, 3, 3, 3, 3, 3, 3, 3, 3, 3, 3, 3, 3, 3, 3, 3, 3, 3, 3, 3, 3, 3,
            3, 3, 3, 3, 3, 3, 3, 3, 3, 3, 3, 3, 3, 3, 3, 3, 3, 3, 3, 3, 3, 3, 3, 3,
            3, 3, 3, 3, 3, 3, 3, 3, 3, 3, 3, 3, 3, 3, 3, 3, 3, 3, 3, 3, 3, 3, 3, 3,
            3, 3, 3, 3, 3, 3, 3, 3, 3, 3, 3, 3, 3, 3, 3, 3, 3, 3, 3, 3, 3, 3, 3, 3,
            3, 3, 3, 3, 3, 3, 3, 3, 3, 3, 3, 3, 3, 3, 3, 3, 3, 3, 3, 3, 3, 3, 3, 3,
            3, 3, 3, 3, 3, 3, 3, 3, 3, 3, 3, 3, 3, 3, 3, 3, 3, 3, 3, 3, 3, 3, 3, 3,
            3, 3, 3, 3, 3, 3, 3, 3, 3, 3, 3, 3, 3, 3, 3, 3, 3, 3, 3, 3, 3, 3, 3, 3,
            3, 3, 3, 3, 3, 3, 3, 3, 3, 3, 3, 3, 3, 3, 3, 3, 3, 3, 3, 3, 3, 3, 3, 3,
            3, 3, 3, 3, 3, 3, 3, 3, 3, 3, 3, 3, 3, 3, 3, 3, 3, 3, 3, 3, 3, 3, 3, 3,
            3, 3, 3, 3, 3, 3, 3, 3, 3, 3, 3, 3, 3, 3, 3, 3, 3, 3, 3, 3, 3, 3, 3, 3,
            3, 3, 3, 3, 3, 3, 3, 3, 3, 3, 3, 3, 3, 3, 3, 3, 3, 3, 3, 3, 3, 3, 3, 3,
            3, 3, 3, 3, 3, 3, 3, 3, 3, 3, 3, 3, 3, 3, 3, 3, 3, 3, 3, 3, 3, 3, 3, 3,
            3, 3, 3, 3, 3, 3, 3, 3, 3, 3, 3, 3, 3, 3, 3, 3, 3, 3, 3, 3, 3, 3, 3, 3,
            3, 3, 3, 3, 3, 3, 3, 3, 3, 3, 3, 3, 3, 3, 3, 3, 3, 3, 3, 3, 3, 3, 3, 3,
            3, 3, 3, 3, 3, 3, 3, 3, 3, 3, 3, 3, 3, 3, 3, 3, 3, 3, 3, 3, 3, 3, 3, 3,
            3, 3, 3, 3, 3, 3, 3, 3, 3, 3, 3, 3, 3, 3, 3, 3, 3, 3, 3, 3, 3, 3, 3, 3,
            3, 3, 3, 3, 3, 3, 3, 3, 3, 3, 3, 3, 3, 3, 3, 3, 3, 3, 3, 3, 3, 3, 3, 3,
            3, 3, 3, 3, 3, 3, 3, 3, 3, 3, 3, 3, 3, 3, 3, 3, 3, 3, 3, 3, 3, 3, 3, 3,
            3, 3, 3, 3, 3, 3, 3, 3, 3, 3, 3, 3, 3, 3, 3, 3, 3, 3, 3, 3, 3, 3, 3, 3,
            3, 3, 3, 3, 3, 3, 3, 3, 3, 3, 3, 3, 3, 3, 3, 3, 3, 3, 3, 3, 3, 3, 3, 3,
            3, 3, 3, 3, 3, 3, 3, 3, 3, 3, 3, 3, 3, 3, 3, 3, 3, 3, 3, 3, 3, 3, 3, 3,
            3, 3, 3, 3, 3, 3, 3, 3, 3, 3, 3, 3, 3, 3, 3, 3, 3, 3, 3, 3, 3, 3, 3, 3,
            3, 3, 3, 3, 3, 3, 3, 3, 3, 3, 3, 3, 3, 3, 3, 3, 3, 3, 3, 3, 3, 3, 3, 3,
            3, 3, 3, 3, 3, 3, 3, 3, 3, 3, 3, 3, 3, 3, 3, 3, 3, 3, 3, 3, 3, 3, 3, 3,
            3, 3, 3, 3, 3, 3, 3, 3, 3, 3, 3, 3, 3, 3, 3, 3, 3, 3, 3, 3, 3, 3, 3, 3,
            3, 3, 3, 3, 3, 3, 3, 3, 3, 3, 3, 3, 3, 3, 3, 3, 3, 3, 3, 3, 3, 3, 3, 3,
            3, 3, 3, 3, 3, 3, 3, 3, 3, 3, 3, 3, 3, 3, 3, 3, 3, 3, 3, 3, 3, 3, 3, 3,
            3, 3, 3, 3, 3, 3, 3, 3, 3, 3, 3, 3, 3, 3, 3, 3, 3, 3, 3, 3, 3, 3, 3, 3,
            3, 3, 3, 3, 3, 3, 3, 3, 3, 3, 3, 3, 3, 3, 3, 3, 3, 3, 3, 3, 3, 3, 3, 3,
            3, 3, 3, 3, 3, 3, 3, 3, 3, 3, 3, 3, 3, 3, 3, 3, 3, 3, 3, 3, 3, 3, 3, 3,
            3, 3, 3, 3, 3, 3, 3, 3, 3, 3, 3, 3, 3, 3, 3, 3, 3, 3, 3, 3, 3, 3, 3, 3,
            3, 3, 3, 3, 3, 3, 3, 3, 3, 3, 3, 3, 3, 3, 3, 3, 3, 3, 3, 3, 3, 3, 3, 3,
            3, 3, 3, 3, 3, 3, 3, 3, 3, 3, 3, 3, 3, 3, 3, 3, 3, 3, 3, 3, 3, 3, 3, 3,
            3, 3, 3, 3, 3, 3, 3, 3, 3, 3, 3, 3, 3, 3, 3, 3, 3, 3, 3, 3, 3, 3, 3, 3,
            3, 3, 3, 3, 3, 3, 3, 3, 3, 3, 3, 3, 3, 3, 3, 3, 3, 3, 3, 3, 3, 3, 3, 3,
            3, 3, 3, 3, 3, 3, 3, 3, 3, 3, 3, 3, 3, 3, 3, 3, 3, 3, 3, 3, 3, 3, 3, 3,
            3, 3, 3, 3, 3, 3, 3, 3, 3, 3, 3, 3, 3, 3, 3, 3, 3, 3, 3, 3, 3, 3, 3, 3,
            3, 3, 3, 3, 3, 3, 3, 3, 3, 3, 3, 3, 3, 3, 3, 3, 3, 3, 3, 3, 3, 3, 3, 3,
            3, 3, 3, 3, 3, 3, 3, 3, 3, 3, 3, 3, 3, 3, 3, 3, 3, 3, 3, 3, 3, 3, 3, 3,
            3, 3, 3, 3, 3, 3, 3, 3, 3, 3, 3, 3, 3, 3, 3, 3, 3, 3, 3, 3, 3, 3, 3, 3,
            3, 3, 3, 3, 3, 3, 3, 3, 3, 3, 3, 3, 3, 3, 3, 3, 3, 3, 3, 3, 3, 3, 3, 3,
            3, 3, 3, 3, 3, 3, 3, 3, 3, 3, 3, 3, 3, 3, 3, 3, 3, 3, 3, 3, 3, 3, 3, 3,
            3, 3, 3, 3, 3, 3, 3, 3, 3, 3, 3, 3, 3, 3, 3, 3, 3, 3, 3, 3, 3, 3, 3, 3,
            3, 3, 3, 3, 3, 3, 3, 3, 3, 3, 3, 3, 3, 3, 3, 3, 3, 3, 3, 3, 3, 3, 3, 3,
            3, 3, 3, 3, 3, 3, 3, 3, 3, 3, 3, 3, 3, 3, 3, 3, 3, 3, 3, 3, 3, 3, 3, 3,
            3, 3, 3, 3, 3, 3, 3, 3, 3, 3, 3, 3, 3, 3, 3, 3, 3, 3, 3, 3, 3, 3, 3, 3,
            3, 3, 3, 3, 3, 3, 3, 3, 3, 3, 3, 3, 3, 3, 3, 3, 3, 3, 3, 3, 3, 3, 3, 3,
            3, 3, 3, 3, 3, 3, 3, 3, 3, 3, 3, 3, 3, 3, 3, 3, 3, 3, 3, 3, 3, 3, 3, 3,
            3, 3, 3, 3, 3, 3, 3, 3, 3, 3, 3, 3, 3, 3, 3, 3, 3, 3, 3, 3, 3, 3, 3, 3,
            3, 3, 3, 3, 3, 3, 3, 3, 3, 3, 3, 3, 3, 3, 3, 3, 3, 3, 3, 3, 3, 3, 3, 3,
            3, 3, 3, 3, 3, 3, 3, 3, 3, 3, 3, 3, 3, 3, 3, 3, 3, 3, 3, 3, 3, 3, 3, 3,
            3, 3, 3, 3, 3, 3, 3, 3, 3, 3, 3, 3, 3, 3, 3, 3, 3, 3, 3, 3, 3, 3, 3, 3,
            3, 3, 3, 3, 3, 3, 3, 3, 3, 3, 3, 3, 3, 3, 3, 3, 3, 3, 3, 3, 3, 3, 3, 3,
            3, 3, 3, 3, 3, 3, 3, 3, 3, 3, 3, 3, 3, 3, 3, 3, 3, 3, 3, 3, 3, 3, 3, 3,
            3, 3, 3, 3, 3, 3, 3, 3, 3, 3, 3, 3, 3, 3, 3, 3, 3, 3, 3, 3, 3, 3, 3, 3,
            3, 3, 3, 3, 3, 3, 3, 3, 3, 3, 3, 3, 3, 3, 3, 3, 3, 3, 3, 3, 3, 3, 3, 3,
            3, 3, 3, 3, 3, 3, 3, 3, 3, 3, 3, 3, 3, 3, 3, 3, 3, 3, 3, 3, 3, 3, 3, 3,
            3, 3, 3, 3, 3, 3, 3, 3, 3, 3, 3, 3, 3, 3, 3, 3, 3, 3, 3, 3, 3, 3, 3, 3,
            3, 3, 3, 3, 3, 3, 3, 3, 3, 3, 3, 3, 3, 3, 3, 3, 3, 3, 3, 3, 3, 3, 3, 3,
            3, 3, 3, 3, 3, 3, 3, 3, 3, 3, 3, 3, 3, 3, 3, 3, 3, 3, 3, 3, 3, 3, 3, 3,
            3, 3, 3, 3, 3, 3, 3, 3, 3, 3, 3, 3, 3, 3, 3, 3, 3, 3, 3, 3, 3, 3, 3, 3,
            3, 3, 3, 3, 3, 3, 3, 3, 3, 3, 3, 3, 3, 3, 3, 3, 3, 3, 3, 3, 3, 3, 3, 3,
            3, 3, 3, 3, 3, 3, 3, 3, 3, 3, 3, 3, 3, 3, 3, 3, 3, 3, 3, 3, 3, 3, 3, 3,
            3, 3, 3, 3, 3, 3, 3, 3, 3, 3, 3, 3, 3, 3, 3, 3, 3, 3, 3, 3, 3, 3, 3, 3,
            3, 3, 3, 3, 3, 3, 3, 3, 3, 3, 3, 3, 3, 3, 3, 3, 3, 3, 3, 3, 3, 3, 3, 3,
            3, 3, 3, 3, 3, 3, 3, 3, 3, 3, 3, 3, 3, 3, 3, 3, 3, 3, 3, 3, 3, 3, 3, 3,
            3, 3, 3, 3, 3, 3, 3, 3, 3, 3, 3, 3, 3, 3, 3, 3, 3, 3, 3, 3, 3, 3, 3, 3,
            3, 3, 3, 3, 3, 3, 3, 3, 3, 3, 3, 3, 3, 3, 3, 3, 3, 3, 3, 3, 3, 3, 3, 3,
            3, 3, 3, 3, 3, 3, 3, 3, 3, 3, 3, 3, 3, 3, 3, 3, 3, 3, 3, 3, 3, 3, 3, 3,
            3, 3, 3, 3, 3, 3, 3, 3, 3, 3, 3, 3, 3, 3, 3, 3, 3, 3, 3, 3, 3, 3, 3, 3,
            3, 3, 3, 3, 3, 3, 3, 3, 3, 3, 3, 3, 3, 3, 3, 3, 3, 3, 3, 3, 3, 3, 3, 3,
            3, 3, 3, 3, 3, 3, 3, 3, 3, 3, 3, 3, 3, 3, 3, 3, 3, 3, 3, 3, 3, 3, 3, 3,
            3, 3, 3, 3, 3, 3, 3, 3, 3, 3, 3, 3, 3, 3, 3, 3, 3, 3, 3, 3, 3, 3, 3, 3,
            3, 3, 3, 3, 3, 3, 3, 3, 3, 3, 3, 3, 3, 3, 3, 3, 3, 3, 3, 3, 3, 3, 3, 3,
            3, 3, 3, 3, 3, 3, 3, 3, 3, 3, 3, 3, 3, 3, 3, 3, 3, 3, 3, 3, 3, 3, 3, 3,
            3, 3, 3, 3, 3, 3, 3, 3, 3, 3, 3, 3, 3, 3, 3, 3, 3, 3, 3, 3, 3, 3, 3, 3,
            3, 3, 3, 3, 3, 3, 3, 3, 3, 3, 3, 3, 3, 3, 3, 3, 3, 3, 3, 3, 3, 3, 3, 3,
            3, 3, 3, 3, 3, 3, 3, 3, 3, 3, 3, 3, 3, 3, 3, 3, 3, 3, 3, 3, 3, 3, 3, 3,
            3, 3, 3, 3, 3, 3, 3, 3, 3, 3, 3, 3, 3, 3, 3, 3, 3, 3, 3, 3, 3, 3, 3, 3,
            3, 3, 3, 3, 3, 3, 3, 3, 3, 3, 3, 3, 3, 3, 3, 3, 3, 3, 3, 3, 3, 3, 3, 3,
            3, 3, 3, 3, 3, 3, 3, 3, 3, 3, 3, 3, 3, 3, 3, 3, 3, 3, 3, 3, 3, 3, 3, 3,
            3, 3, 3, 3, 3, 3, 3, 3, 3, 3, 3, 3, 3, 3, 3, 3, 3, 3, 3, 3, 3, 3, 3, 3,
            3, 3, 3, 3, 3, 3, 3, 3, 3, 3, 3, 3, 3, 3, 3, 3, 3, 3, 3, 3, 3, 3, 3, 3,
            3, 3, 3, 3, 3, 3, 3, 3, 3, 3, 3, 3, 3, 3, 3, 3, 3, 3, 3, 3, 3, 3, 3, 3,
            3, 3, 3, 3, 3, 3, 3, 3, 3, 3, 3, 3, 3, 3, 3, 3, 3, 3, 3, 3, 3, 3, 3, 3,
            3, 3, 3, 3, 3, 3, 3, 3, 3, 3, 3, 3, 3, 3, 3, 3, 3, 3, 3, 3, 3, 3, 3, 3,
            3, 3, 3, 3, 3, 3, 3, 3, 3, 3, 3, 3, 3, 3, 3, 3, 3, 3, 3, 3, 3, 3, 3, 3,
            3, 3, 3, 3, 3, 3, 3, 3, 3, 3, 3, 3, 3, 3, 3, 3, 3, 3, 3, 3, 3, 3, 3, 3,
            3, 3, 3, 3, 3, 3, 3, 3, 3, 3, 3, 3, 3, 3, 3, 3, 3, 3, 3, 3, 3, 3, 3, 3,
            3, 3, 3, 3, 3, 3, 3, 3, 3, 3, 3, 3, 3, 3, 3, 3, 3, 3, 3, 3, 3, 3, 3, 3,
            3, 3, 3, 3, 3, 3, 3, 3, 3, 3, 3, 3, 3, 3, 3, 3, 3, 3, 3, 3, 3, 3, 3, 3,
            3, 3, 3, 3, 3, 3, 3, 3, 3, 3, 3, 3, 3, 3, 3, 3, 3, 3, 3, 3, 3, 3, 3, 3,
            3, 3, 3, 3, 3, 3, 3, 3, 3, 3, 3, 3, 3, 3, 3, 3, 3, 3, 3, 3, 3, 3, 3, 3,
            3, 3, 3, 3, 3, 3, 3, 3, 3, 3, 3, 3, 3, 3, 3, 3, 3, 3, 3, 3, 3, 3, 3, 3,
            3, 3, 3, 3, 3, 3, 3, 3, 3, 3, 3, 3, 3, 3, 3, 3, 3, 3, 3, 3, 3, 3, 3, 3,
            3, 3, 3, 3, 3, 3, 3, 3, 3, 3, 3, 3, 3, 3, 3, 3, 3, 3, 3, 3, 3, 3, 3, 3,
            3, 3, 3, 3, 3, 3, 3, 3, 3, 3, 3, 3, 3, 3, 3, 3, 3, 3, 3, 3, 3, 3, 3, 3,
            3, 3, 3, 3, 3, 3, 3, 3, 3, 3, 3, 3, 3, 3, 3, 3, 3, 3, 3, 3, 3, 3, 3, 3,
            3, 3, 3, 3, 3, 3, 3, 3, 3, 3, 3, 3, 3, 3, 3, 3, 3, 3, 3, 3, 3, 3, 3, 3,
            3, 3, 3, 3, 3, 3, 3, 3, 3, 3, 3, 3, 3, 3, 3, 3, 3, 3, 3, 3, 3, 3, 3, 3,
            3, 3, 3, 3, 3, 3, 3, 3, 3, 3, 3, 3, 3, 3, 3, 3, 3, 3, 3, 3, 3, 3, 3, 3,
            3, 3, 3, 3, 3, 3, 3, 3, 3, 3, 3, 3, 3, 3, 3, 3, 3, 3, 3, 3, 3, 3, 3, 3,
            3, 3, 3, 3, 3, 3, 3, 3, 3, 3, 3, 3, 3, 3, 3, 3, 3, 3, 3, 3, 3, 3, 3, 3,
            3, 3, 3, 3, 3, 3, 3, 3, 3, 3, 3, 3, 3, 3, 3, 3, 3, 3, 3, 3, 3, 3, 3, 3,
            3, 3, 3, 3, 3, 3, 3, 3, 3, 3, 3, 3, 3, 3, 3, 3, 3, 3, 3, 3, 3, 3, 3, 3,
            3, 3, 3, 3, 3, 3, 3, 3, 3, 3, 3, 3, 3, 3, 3, 3, 3, 3, 3, 3, 3, 3, 3, 3,
            3, 3, 3, 3, 3, 3, 3, 3, 3, 3, 3, 3, 3, 3, 3, 3, 3, 3, 3, 3, 3, 3, 3, 3,
            3, 3, 3, 3, 3, 3, 3, 3, 3, 3, 3, 3, 3, 3, 3, 3, 3, 3, 3, 3, 3, 3, 3, 3,
            3, 3, 3, 3, 3, 3, 3, 3, 3, 3, 3, 3, 3, 3, 3, 3, 3, 3, 3, 3, 3, 3, 3, 3,
            3, 3, 3, 3, 3, 3, 3, 3, 3, 3, 3, 3, 3, 3, 3, 3, 3, 3, 3, 3, 3, 3, 3, 3,
            3, 3, 3, 3, 3, 3, 3, 3, 3, 3, 3, 3, 3, 3, 3, 3, 3, 3, 3, 3, 3, 3, 3, 3,
            3, 3, 3, 3, 3, 3, 3, 3, 3, 3, 3, 3, 3, 3, 3, 3, 3, 3, 3, 3, 3, 3, 3, 3,
            3, 3, 3, 3, 3, 3, 3, 3, 3, 3, 3, 3, 3, 3, 3, 3, 3, 3, 3, 3, 3, 3, 3, 3,
            3, 3, 3, 3, 3, 3, 3, 3, 3, 3, 3, 3, 3, 3, 3, 3, 3, 3, 3, 3, 3, 3, 3, 3,
            3, 3, 3, 3, 3, 3, 3, 3, 3, 3, 3, 3, 3, 3, 3, 3, 3, 3, 3, 3, 3, 3, 3, 3,
            3, 3, 3, 3, 3, 3, 3, 3, 3, 3, 3, 3, 3, 3, 3, 3, 3, 3, 3, 3, 3, 3, 3, 3,
            3, 3, 3, 3, 3, 3, 3, 3, 3, 3, 3, 3, 3, 3, 3, 3, 3, 3, 3, 3, 3, 3, 3, 3,
            3, 3, 3, 3, 3, 3, 3, 3
        ]
        int[] faceVertexIndices = [
            0, 1, 2, 0, 2, 3, 4, 5, 6, 7, 1, 0, 8, 9, 10, 11, 12, 0, 13, 8, 10, 13, 14, 8,
            15, 16, 17, 18, 17, 16, 18, 19, 17, 20, 21, 22, 3, 2, 19, 23, 24, 25, 12, 26, 7, 16, 27, 28,
            10, 29, 30, 12, 31, 26, 31, 12, 32, 13, 10, 30, 33, 34, 35, 18, 16, 19, 19, 16, 3, 7, 0, 12,
            36, 12, 11, 37, 8, 14, 36, 32, 12, 34, 38, 39, 31, 20, 26, 39, 38, 24, 40, 37, 14, 20, 31, 41,
            11, 0, 3, 20, 41, 21, 35, 34, 39, 31, 32, 41, 27, 42, 28, 14, 13, 43, 21, 44, 22, 16, 28, 3,
            28, 42, 3, 45, 40, 14, 27, 46, 47, 47, 42, 27, 48, 44, 21, 49, 30, 50, 39, 24, 23, 4, 49, 50,
            48, 41, 32, 41, 48, 21, 43, 30, 49, 47, 51, 52, 47, 52, 42, 53, 44, 48, 42, 52, 54, 55, 49, 4,
            56, 53, 48, 55, 4, 57, 58, 35, 39, 59, 60, 61, 58, 39, 23, 22, 62, 63, 64, 11, 3, 65, 66, 55,
            65, 55, 67, 68, 69, 70, 22, 71, 62, 64, 3, 42, 62, 71, 72, 42, 54, 64, 73, 64, 54, 74, 64, 73,
            75, 76, 62, 75, 62, 72, 76, 75, 77, 78, 70, 79, 80, 77, 75, 77, 81, 82, 83, 84, 85, 86, 83, 87,
            74, 11, 64, 36, 11, 74, 59, 61, 88, 88, 61, 89, 84, 86, 90, 44, 91, 22, 86, 84, 83, 22, 91, 71,
            74, 32, 36, 53, 91, 44, 5, 92, 6, 72, 71, 91, 53, 72, 91, 53, 93, 72, 85, 6, 92, 4, 6, 57,
            57, 6, 94, 94, 6, 85, 95, 78, 96, 96, 78, 79, 48, 32, 74, 93, 75, 72, 80, 75, 93, 56, 48, 74,
            96, 79, 97, 98, 99, 100, 99, 101, 100, 74, 102, 56, 94, 85, 103, 85, 84, 103, 100, 77, 82, 35, 104, 33,
            82, 105, 106, 106, 98, 82, 84, 90, 107, 79, 33, 104, 108, 109, 110, 61, 101, 89, 107, 90, 111, 112, 104, 35,
            101, 99, 113, 89, 101, 113, 107, 111, 114, 115, 84, 116, 117, 88, 89, 115, 103, 84, 89, 113, 117, 118, 112, 119,
            120, 9, 8, 8, 37, 120, 121, 122, 123, 124, 90, 86, 120, 125, 126, 107, 127, 116, 128, 116, 127, 126, 125, 129,
            130, 111, 90, 35, 119, 112, 35, 58, 119, 131, 123, 106, 79, 104, 97, 132, 128, 127, 93, 53, 133, 97, 104, 112,
            37, 125, 120, 67, 57, 134, 135, 125, 37, 135, 129, 125, 136, 96, 97, 137, 80, 93, 138, 136, 97, 138, 97, 112,
            93, 139, 137, 140, 141, 137, 134, 94, 103, 137, 139, 140, 134, 103, 142, 143, 82, 81, 143, 105, 82, 144, 145, 146,
            141, 143, 81, 141, 105, 143, 147, 103, 115, 147, 142, 103, 148, 106, 105, 138, 112, 118, 149, 148, 105, 149, 105, 141,
            148, 131, 106, 150, 151, 152, 153, 131, 148, 154, 147, 115, 155, 156, 131, 153, 148, 149, 153, 155, 131, 149, 155, 153,
            157, 152, 151, 158, 155, 149, 159, 156, 155, 132, 154, 128, 155, 158, 159, 80, 81, 77, 138, 118, 160, 141, 81, 80,
            141, 80, 137, 161, 160, 118, 162, 136, 138, 163, 151, 164, 162, 138, 160, 165, 149, 141, 141, 166, 165, 166, 141, 140,
            166, 140, 167, 168, 169, 162, 165, 166, 170, 149, 165, 158, 171, 172, 173, 174, 146, 175, 176, 171, 173, 146, 174, 177,
            171, 176, 175, 178, 159, 158, 170, 158, 165, 170, 178, 158, 175, 179, 174, 180, 178, 170, 181, 176, 182, 183, 184, 185,
            186, 184, 183, 187, 40, 188, 170, 166, 189, 176, 181, 190, 191, 192, 193, 180, 170, 194, 170, 189, 194, 195, 181, 196,
            197, 65, 198, 37, 187, 135, 194, 199, 180, 197, 200, 201, 202, 180, 199, 187, 37, 40, 203, 200, 204, 205, 181, 195,
            206, 207, 187, 208, 207, 206, 123, 131, 156, 209, 210, 211, 212, 204, 213, 210, 181, 205, 214, 215, 216, 217, 218, 123,
            216, 219, 214, 220, 221, 222, 217, 223, 224, 217, 224, 225, 226, 227, 221, 225, 224, 228, 229, 222, 221, 230, 231, 198,
            227, 229, 221, 232, 233, 234, 235, 232, 236, 217, 225, 237, 238, 211, 210, 237, 225, 239, 211, 238, 240, 241, 242, 230,
            238, 210, 243, 231, 230, 242, 234, 244, 239, 245, 246, 247, 246, 248, 249, 200, 197, 198, 250, 239, 225, 200, 251, 204,
            248, 252, 249, 250, 225, 253, 251, 254, 204, 228, 253, 225, 251, 198, 231, 195, 196, 255, 256, 253, 228, 248, 257, 252,
            258, 248, 245, 251, 231, 259, 195, 255, 260, 250, 236, 232, 231, 261, 259, 250, 253, 236, 262, 263, 264, 205, 195, 265,
            231, 242, 261, 261, 242, 266, 267, 236, 253, 236, 268, 235, 269, 261, 266, 259, 261, 269, 270, 268, 236, 271, 257, 272,
            272, 273, 271, 274, 268, 270, 274, 270, 275, 260, 276, 265, 156, 277, 223, 269, 266, 278, 205, 243, 210, 271, 273, 279,
            280, 279, 273, 159, 277, 156, 276, 205, 265, 241, 281, 242, 282, 223, 277, 243, 205, 276, 242, 281, 266, 266, 281, 283,
            178, 277, 159, 277, 178, 284, 284, 282, 277, 266, 283, 285, 276, 260, 286, 287, 262, 264, 266, 288, 278, 223, 282, 224,
            282, 289, 224, 224, 290, 228, 224, 289, 290, 291, 292, 293, 294, 228, 290, 282, 284, 289, 295, 292, 262, 289, 284, 290,
            196, 212, 213, 284, 178, 180, 213, 254, 296, 213, 204, 254, 237, 297, 298, 299, 298, 297, 254, 251, 259, 293, 292, 300,
            297, 237, 244, 262, 287, 295, 301, 254, 302, 114, 111, 303, 254, 259, 302, 290, 304, 294, 290, 284, 304, 196, 213, 296,
            305, 294, 304, 306, 243, 307, 307, 308, 306, 255, 196, 296, 180, 304, 284, 304, 180, 202, 296, 254, 301, 307, 276, 309,
            309, 276, 286, 310, 311, 312, 243, 276, 307, 255, 296, 301, 305, 304, 202, 313, 255, 301, 314, 312, 311, 301, 315, 313,
            316, 314, 311, 317, 305, 202, 316, 318, 314, 259, 269, 319, 302, 259, 319, 320, 314, 318, 199, 317, 202, 301, 302, 321,
            317, 199, 322, 319, 321, 302, 319, 269, 278, 323, 324, 308, 325, 294, 305, 326, 308, 324, 310, 312, 327, 327, 312, 328,
            329, 278, 330, 305, 317, 325, 331, 332, 328, 325, 317, 333, 308, 307, 323, 319, 278, 329, 334, 253, 256, 228, 294, 256,
            335, 256, 294, 315, 301, 321, 335, 334, 256, 331, 328, 336, 328, 312, 336, 267, 253, 334, 337, 309, 286, 334, 335, 267,
            323, 309, 337, 331, 338, 332, 51, 332, 338, 52, 51, 338, 267, 335, 275, 236, 267, 270, 319, 329, 339, 275, 270, 267,
            321, 319, 339, 339, 315, 321, 335, 294, 325, 340, 323, 341, 324, 323, 340, 275, 335, 325, 114, 342, 343, 325, 333, 344,
            344, 345, 275, 344, 275, 325, 346, 127, 343, 132, 127, 346, 347, 348, 340, 345, 274, 275, 349, 274, 345, 312, 314, 350,
            351, 336, 312, 351, 312, 350, 352, 351, 350, 314, 320, 350, 132, 346, 353, 354, 352, 350, 355, 336, 351, 355, 331, 336,
            317, 322, 356, 347, 341, 357, 358, 283, 359, 360, 283, 358, 352, 355, 351, 260, 255, 313, 361, 359, 353, 355, 352, 362,
            358, 359, 361, 363, 355, 362, 361, 364, 358, 365, 361, 353, 317, 356, 333, 366, 333, 356, 260, 313, 367, 368, 333, 366,
            316, 311, 369, 286, 260, 367, 364, 361, 365, 364, 365, 370, 367, 313, 315, 371, 365, 372, 371, 372, 373, 374, 369, 375,
            344, 376, 345, 367, 315, 377, 378, 345, 376, 370, 371, 379, 380, 378, 376, 381, 371, 373, 364, 382, 360, 377, 315, 339,
            374, 316, 369, 383, 316, 374, 382, 364, 370, 333, 368, 344, 152, 374, 375, 370, 384, 382, 376, 344, 368, 368, 380, 376,
            288, 360, 385, 278, 288, 385, 385, 360, 382, 366, 386, 368, 339, 387, 388, 388, 377, 339, 368, 386, 389, 330, 385, 390,
            380, 368, 389, 391, 286, 367, 389, 392, 380, 393, 390, 384, 390, 382, 384, 286, 391, 337, 391, 367, 377, 394, 395, 374,
            395, 383, 374, 386, 396, 389, 397, 391, 377, 371, 381, 379, 384, 370, 379, 392, 389, 396, 398, 354, 350, 392, 396, 399,
            354, 362, 352, 68, 381, 69, 379, 381, 400, 401, 397, 402, 400, 381, 68, 400, 68, 403, 391, 341, 337, 404, 399, 396,
            405, 383, 406, 404, 396, 407, 391, 397, 401, 405, 406, 408, 409, 384, 379, 405, 318, 316, 401, 341, 391, 409, 379, 400,
            400, 410, 409, 411, 412, 413, 414, 411, 415, 414, 412, 411, 400, 403, 416, 417, 418, 419, 420, 318, 405, 417, 421, 418,
            416, 410, 400, 405, 408, 420, 320, 318, 420, 414, 422, 412, 423, 410, 416, 320, 420, 424, 425, 412, 422, 426, 412, 425,
            329, 330, 427, 425, 428, 426, 422, 429, 425, 430, 408, 431, 425, 432, 428, 433, 432, 425, 387, 329, 427, 434, 408, 430,
            387, 427, 435, 436, 424, 420, 437, 438, 439, 440, 326, 441, 408, 434, 420, 420, 442, 436, 443, 435, 444, 445, 446, 447,
            443, 387, 435, 434, 442, 420, 428, 432, 438, 448, 438, 432, 443, 444, 449, 441, 450, 451, 330, 278, 385, 326, 450, 441,
            452, 453, 438, 326, 324, 450, 454, 436, 442, 330, 390, 427, 427, 390, 435, 451, 450, 455, 439, 456, 457, 458, 406, 383,
            393, 384, 409, 435, 390, 393, 453, 456, 439, 459, 441, 460, 453, 439, 438, 453, 461, 456, 444, 435, 393, 461, 462, 456,
            463, 462, 461, 464, 463, 461, 233, 232, 465, 410, 466, 409, 409, 466, 393, 467, 233, 465, 468, 350, 320, 469, 233, 467,
            470, 393, 466, 471, 472, 473, 474, 460, 451, 474, 451, 475, 450, 324, 340, 468, 398, 350, 450, 340, 348, 455, 450, 348,
            476, 235, 477, 478, 468, 320, 320, 424, 478, 478, 398, 468, 479, 410, 423, 455, 348, 480, 444, 393, 470, 476, 477, 481,
            482, 476, 481, 398, 478, 483, 482, 484, 476, 485, 362, 354, 482, 486, 484, 354, 398, 485, 449, 444, 470, 487, 486, 482,
            488, 477, 235, 489, 470, 466, 268, 488, 235, 489, 466, 479, 348, 347, 490, 477, 488, 491, 398, 483, 485, 274, 488, 268,
            362, 485, 492, 403, 68, 70, 493, 490, 347, 403, 70, 78, 349, 488, 274, 349, 491, 488, 491, 481, 477, 490, 480, 348,
            494, 491, 349, 483, 478, 424, 423, 416, 403, 480, 490, 495, 424, 436, 483, 423, 403, 78, 423, 78, 95, 496, 482, 481,
            496, 481, 494, 487, 482, 496, 475, 451, 455, 454, 483, 436, 496, 497, 487, 498, 497, 496, 491, 494, 481, 499, 95, 96,
            500, 483, 454, 499, 96, 136, 501, 423, 95, 494, 502, 498, 498, 496, 494, 479, 423, 501, 475, 455, 480, 484, 486, 503,
            504, 505, 485, 506, 503, 486, 485, 483, 504, 501, 95, 499, 475, 480, 507, 507, 480, 508, 497, 506, 486, 509, 501, 499,
            499, 136, 510, 511, 503, 415, 499, 510, 509, 479, 501, 489, 503, 506, 415, 508, 480, 495, 331, 52, 338, 512, 415, 506,
            512, 513, 415, 514, 512, 506, 489, 501, 515, 471, 473, 516, 517, 516, 518, 518, 519, 517, 515, 501, 509, 520, 460, 521,
            497, 486, 487, 522, 54, 52, 520, 523, 460, 355, 52, 331, 52, 355, 522, 521, 460, 474, 524, 515, 509, 509, 525, 524,
            525, 509, 526, 527, 528, 529, 530, 531, 532, 342, 531, 530, 73, 54, 522, 532, 531, 529, 510, 136, 162, 520, 533, 534,
            532, 529, 528, 510, 162, 526, 535, 536, 73, 532, 528, 537, 73, 522, 535, 526, 509, 510, 520, 521, 533, 363, 522, 355,
            538, 532, 537, 533, 521, 539, 528, 540, 541, 526, 162, 169, 542, 543, 544, 545, 169, 168, 541, 540, 544, 539, 521, 546,
            547, 544, 543, 539, 546, 548, 522, 363, 549, 133, 102, 550, 139, 133, 550, 139, 93, 133, 139, 550, 551, 552, 533, 539,
            535, 522, 553, 554, 538, 537, 554, 537, 541, 552, 539, 555, 556, 541, 547, 522, 549, 553, 551, 550, 557, 378, 349, 345,
            555, 539, 558, 551, 140, 139, 559, 140, 551, 349, 378, 494, 74, 73, 536, 494, 378, 502, 559, 551, 557, 74, 536, 102,
            521, 474, 546, 546, 474, 475, 560, 559, 557, 546, 475, 507, 561, 562, 413, 561, 413, 563, 559, 560, 564, 517, 519, 562,
            517, 562, 565, 140, 559, 167, 56, 102, 133, 566, 567, 568, 566, 562, 561, 548, 546, 507, 167, 559, 569, 570, 563, 571,
            102, 572, 550, 564, 569, 559, 561, 573, 567, 573, 561, 574, 572, 102, 536, 573, 574, 575, 508, 576, 507, 577, 578, 574,
            548, 507, 576, 536, 579, 572, 536, 535, 579, 575, 574, 580, 580, 574, 578, 564, 560, 581, 582, 583, 584, 572, 579, 550,
            548, 576, 558, 166, 167, 189, 167, 569, 189, 583, 543, 568, 550, 579, 557, 539, 548, 558, 585, 568, 567, 586, 585, 567,
            576, 587, 558, 588, 194, 189, 569, 588, 189, 341, 589, 357, 590, 583, 585, 569, 564, 588, 583, 590, 584, 586, 567, 573,
            579, 535, 591, 363, 362, 492, 581, 592, 564, 593, 594, 595, 363, 492, 549, 596, 581, 597, 593, 595, 598, 598, 595, 599,
            388, 387, 443, 600, 549, 492, 601, 602, 498, 596, 603, 581, 513, 414, 415, 604, 414, 513, 603, 592, 581, 443, 605, 388,
            604, 513, 606, 553, 549, 600, 514, 506, 497, 607, 603, 596, 596, 608, 607, 514, 497, 498, 514, 498, 602, 553, 600, 609,
            610, 443, 449, 607, 611, 612, 514, 602, 613, 610, 605, 443, 612, 603, 607, 512, 514, 606, 606, 513, 512, 592, 603, 612,
            613, 606, 514, 613, 614, 606, 397, 377, 402, 402, 377, 388, 588, 564, 592, 592, 615, 588, 579, 591, 557, 402, 605, 616,
            617, 613, 602, 618, 613, 617, 613, 619, 614, 591, 535, 553, 615, 620, 194, 588, 615, 194, 194, 620, 199, 199, 620, 322,
            618, 621, 613, 621, 619, 613, 402, 388, 605, 609, 591, 553, 621, 622, 623, 624, 615, 592, 624, 625, 615, 626, 605, 610,
            620, 615, 625, 610, 627, 626, 591, 560, 557, 616, 605, 626, 378, 380, 502, 498, 502, 601, 628, 626, 627, 629, 625, 630,
            631, 591, 609, 632, 601, 502, 592, 612, 624, 607, 633, 611, 502, 380, 634, 392, 634, 380, 399, 634, 392, 449, 635, 636,
            632, 634, 399, 634, 632, 502, 631, 560, 591, 602, 601, 617, 601, 632, 617, 627, 610, 449, 637, 612, 611, 560, 631, 597,
            638, 627, 636, 636, 627, 449, 581, 560, 597, 637, 611, 639, 640, 628, 627, 641, 637, 639, 642, 617, 632, 618, 617, 642,
            630, 625, 624, 630, 624, 643, 627, 638, 640, 642, 632, 399, 630, 643, 644, 505, 492, 485, 492, 505, 600, 640, 638, 645,
            612, 637, 646, 624, 646, 643, 624, 612, 646, 505, 609, 600, 635, 449, 470, 647, 434, 430, 648, 646, 637, 247, 647, 430,
            648, 643, 646, 636, 635, 649, 636, 649, 650, 442, 434, 647, 651, 442, 647, 642, 399, 652, 454, 442, 653, 247, 430, 431,
            633, 654, 611, 652, 399, 404, 616, 655, 401, 611, 654, 639, 652, 404, 656, 616, 401, 402, 657, 247, 431, 654, 658, 639,
            647, 247, 659, 341, 401, 589, 660, 618, 642, 589, 401, 655, 622, 618, 660, 322, 620, 629, 322, 629, 356, 651, 653, 442,
            661, 653, 651, 629, 620, 625, 618, 622, 621, 647, 662, 651, 655, 616, 628, 651, 662, 663, 663, 661, 651, 626, 628, 616,
            652, 660, 642, 664, 356, 629, 664, 366, 356, 659, 247, 246, 623, 622, 660, 664, 665, 366, 660, 652, 656, 659, 246, 249,
            656, 623, 660, 647, 659, 662, 656, 666, 623, 629, 630, 664, 664, 630, 644, 667, 659, 249, 664, 644, 665, 668, 667, 249,
            666, 669, 623, 665, 386, 366, 659, 670, 662, 493, 357, 589, 667, 670, 659, 671, 396, 386, 665, 671, 386, 589, 655, 672,
            414, 673, 422, 663, 662, 670, 414, 674, 673, 589, 672, 675, 676, 644, 643, 414, 604, 674, 614, 604, 606, 655, 628, 672,
            614, 674, 604, 670, 677, 663, 678, 673, 674, 668, 670, 667, 493, 589, 675, 673, 429, 422, 670, 668, 677, 425, 429, 433,
            493, 675, 679, 680, 433, 429, 680, 429, 673, 671, 681, 682, 454, 653, 500, 671, 665, 644, 661, 500, 653, 678, 680, 673,
            679, 675, 683, 644, 676, 671, 433, 684, 432, 685, 671, 676, 433, 680, 684, 643, 648, 676, 504, 483, 500, 672, 628, 686,
            687, 672, 686, 688, 684, 680, 396, 671, 682, 689, 684, 688, 628, 640, 686, 500, 690, 504, 674, 614, 678, 614, 619, 678,
            407, 396, 682, 504, 690, 691, 619, 621, 692, 692, 678, 619, 692, 688, 678, 343, 342, 530, 693, 691, 690, 680, 678, 688,
            645, 638, 694, 446, 445, 571, 530, 532, 538, 645, 686, 640, 538, 695, 530, 346, 343, 695, 684, 448, 432, 686, 645, 696,
            696, 645, 697, 452, 448, 684, 452, 438, 448, 500, 661, 690, 663, 690, 661, 698, 346, 695, 698, 695, 699, 700, 452, 684,
            689, 700, 684, 452, 700, 453, 699, 701, 698, 702, 461, 453, 700, 702, 453, 677, 690, 663, 687, 686, 696, 695, 703, 699,
            695, 538, 703, 675, 672, 687, 683, 675, 687, 690, 677, 704, 705, 683, 687, 554, 703, 538, 692, 621, 706, 690, 704, 693,
            707, 703, 554, 621, 623, 706, 707, 554, 556, 705, 687, 696, 623, 708, 706, 706, 708, 709, 554, 541, 556, 709, 688, 692,
            692, 706, 709, 710, 705, 696, 688, 709, 689, 689, 709, 711, 709, 712, 711, 249, 252, 713, 249, 714, 668, 713, 714, 249,
            713, 715, 714, 714, 715, 716, 717, 710, 697, 699, 703, 372, 703, 707, 718, 252, 257, 719, 252, 719, 713, 372, 703, 718,
            708, 669, 720, 489, 650, 649, 713, 719, 715, 720, 709, 708, 709, 720, 712, 721, 707, 556, 650, 489, 515, 714, 716, 668,
            373, 372, 718, 650, 515, 524, 712, 720, 722, 668, 716, 677, 711, 700, 689, 716, 715, 723, 716, 723, 724, 725, 700, 711,
            69, 373, 726, 381, 373, 69, 702, 464, 461, 547, 582, 556, 702, 727, 464, 728, 650, 524, 728, 524, 525, 700, 725, 702,
            677, 724, 704, 702, 725, 727, 677, 716, 724, 729, 721, 582, 729, 582, 584, 729, 584, 730, 725, 731, 727, 732, 707, 721,
            727, 731, 733, 734, 727, 733, 735, 721, 729, 711, 712, 725, 693, 704, 736, 737, 694, 728, 725, 712, 722, 736, 704, 738,
            730, 584, 739, 725, 722, 731, 728, 525, 740, 730, 739, 741, 623, 669, 708, 724, 723, 742, 743, 742, 723, 16, 15, 27,
            741, 739, 593, 27, 15, 46, 332, 744, 328, 741, 593, 745, 737, 728, 740, 737, 740, 746, 740, 525, 747, 51, 46, 332,
            741, 745, 748, 525, 526, 747, 51, 47, 46, 749, 732, 750, 327, 328, 744, 724, 738, 704, 738, 724, 742, 751, 738, 742,
            738, 751, 752, 753, 150, 754, 726, 749, 755, 69, 726, 70, 609, 756, 631, 746, 740, 747, 150, 375, 754, 726, 755, 70,
            152, 375, 150, 755, 750, 34, 597, 631, 756, 33, 755, 34, 757, 758, 759, 79, 70, 755, 747, 760, 746, 33, 79, 755,
            597, 756, 608, 759, 761, 757, 597, 608, 596, 762, 763, 760, 764, 763, 762, 765, 633, 608, 633, 607, 608, 694, 697, 645,
            717, 697, 694, 717, 694, 766, 767, 505, 504, 767, 504, 768, 769, 766, 770, 769, 770, 771, 768, 504, 691, 767, 609, 505,
            609, 767, 756, 710, 717, 772, 773, 756, 767, 717, 766, 769, 693, 768, 691, 717, 769, 774, 693, 775, 768, 774, 769, 771,
            773, 768, 775, 773, 767, 768, 766, 694, 737, 776, 765, 773, 776, 773, 775, 770, 766, 737, 770, 737, 746, 765, 608, 756,
            746, 760, 777, 777, 760, 778, 765, 756, 773, 770, 746, 777, 770, 777, 771, 778, 760, 763, 775, 693, 736, 779, 775, 736,
            736, 780, 779, 775, 779, 776, 771, 777, 781, 776, 779, 782, 783, 782, 779, 784, 771, 781, 782, 783, 785, 781, 777, 778,
            781, 778, 786, 736, 738, 780, 784, 781, 787, 787, 781, 786, 780, 738, 752, 787, 786, 788, 490, 493, 789, 357, 493, 347,
            780, 752, 783, 752, 790, 783, 789, 495, 490, 783, 779, 780, 789, 493, 791, 790, 785, 783, 679, 791, 493, 791, 679, 683,
            765, 776, 792, 793, 791, 683, 776, 794, 792, 776, 782, 794, 765, 792, 633, 795, 508, 495, 495, 789, 796, 795, 495, 796,
            792, 794, 654, 654, 633, 792, 797, 789, 791, 794, 782, 798, 793, 797, 791, 796, 789, 797, 782, 785, 798, 794, 798, 654,
            793, 799, 797, 793, 800, 801, 799, 793, 801, 658, 654, 798, 576, 508, 795, 458, 383, 395, 576, 795, 802, 458, 395, 803,
            795, 796, 802, 802, 796, 804, 796, 797, 804, 805, 803, 806, 807, 805, 806, 808, 802, 804, 587, 576, 802, 805, 809, 810,
            811, 812, 813, 814, 587, 802, 815, 812, 816, 808, 804, 817, 814, 802, 808, 818, 815, 819, 820, 809, 805, 804, 797, 799,
            810, 809, 821, 264, 822, 821, 799, 823, 804, 719, 257, 824, 715, 719, 824, 257, 271, 824, 799, 801, 825, 826, 824, 271,
            826, 715, 824, 827, 823, 799, 827, 799, 825, 826, 828, 715, 743, 723, 715, 817, 804, 823, 715, 828, 743, 809, 829, 821,
            820, 829, 809, 817, 823, 830, 831, 817, 830, 832, 831, 830, 823, 827, 830, 827, 833, 830, 834, 821, 829, 834, 264, 821,
            834, 287, 264, 835, 833, 827, 144, 146, 836, 837, 838, 839, 833, 835, 840, 840, 841, 833, 840, 835, 842, 843, 837, 844,
            683, 705, 800, 845, 846, 847, 793, 683, 800, 848, 849, 850, 851, 852, 848, 800, 853, 854, 801, 800, 854, 801, 854, 825,
            855, 856, 857, 853, 710, 772, 853, 772, 858, 859, 860, 861, 860, 859, 862, 861, 863, 859, 774, 772, 717, 864, 865, 866,
            867, 866, 865, 858, 772, 868, 868, 772, 774, 869, 866, 870, 871, 868, 774, 872, 866, 869, 854, 853, 858, 873, 819, 874,
            875, 854, 858, 858, 876, 875, 858, 868, 876, 874, 877, 878, 876, 868, 871, 873, 874, 878, 879, 873, 878, 784, 774, 771,
            880, 818, 873, 879, 878, 881, 871, 774, 882, 882, 774, 784, 881, 883, 884, 882, 784, 787, 882, 787, 885, 886, 884, 887,
            845, 884, 846, 888, 887, 884, 885, 889, 882, 890, 889, 885, 891, 887, 888, 888, 845, 892, 888, 892, 891, 892, 893, 891,
            885, 787, 788, 825, 854, 875, 835, 825, 894, 894, 825, 875, 827, 825, 835, 893, 895, 891, 835, 894, 842, 896, 897, 898,
            899, 875, 876, 894, 875, 899, 896, 898, 900, 901, 898, 895, 899, 842, 894, 902, 895, 893, 842, 899, 903, 904, 842, 903,
            905, 899, 876, 902, 901, 895, 906, 905, 907, 876, 871, 905, 882, 905, 871, 905, 882, 889, 907, 905, 889, 907, 889, 890,
            908, 909, 910, 907, 890, 911, 909, 908, 912, 913, 907, 911, 906, 907, 913, 903, 899, 905, 914, 59, 915, 903, 905, 906,
            916, 903, 906, 29, 914, 915, 29, 10, 914, 915, 59, 88, 88, 917, 915, 906, 913, 916, 29, 915, 917, 913, 918, 916,
            917, 50, 29, 50, 30, 29, 917, 5, 50, 5, 4, 50, 133, 53, 56, 917, 88, 117, 117, 113, 92, 5, 917, 117,
            758, 2, 1, 1, 7, 758, 873, 919, 880, 7, 759, 758, 920, 921, 818, 26, 759, 7, 920, 922, 921, 759, 26, 923,
            880, 920, 818, 924, 920, 880, 925, 926, 927, 922, 920, 928, 927, 926, 164, 924, 928, 920, 927, 164, 151, 151, 150, 927,
            929, 928, 924, 880, 930, 924, 930, 929, 924, 931, 929, 930, 26, 20, 923, 932, 926, 215, 932, 163, 164, 932, 164, 926,
            123, 122, 106, 163, 157, 151, 879, 919, 873, 919, 879, 886, 933, 880, 919, 60, 923, 63, 934, 759, 923, 934, 923, 60,
            816, 157, 163, 934, 60, 59, 884, 879, 881, 884, 886, 879, 20, 22, 923, 884, 883, 846, 897, 933, 886, 100, 101, 76,
            897, 886, 887, 215, 214, 932, 61, 63, 76, 63, 62, 76, 101, 61, 76, 838, 932, 214, 100, 76, 77, 935, 931, 930,
            923, 22, 63, 936, 931, 935, 937, 936, 935, 60, 63, 61, 838, 816, 163, 919, 886, 933, 933, 930, 880, 838, 163, 932,
            930, 933, 938, 935, 930, 938, 343, 530, 695, 839, 214, 219, 897, 939, 933, 939, 938, 933, 82, 98, 100, 838, 214, 839,
            896, 938, 939, 940, 816, 838, 941, 940, 838, 98, 106, 122, 938, 937, 935, 99, 98, 122, 99, 122, 942, 943, 944, 945,
            946, 943, 945, 929, 945, 928, 113, 99, 942, 947, 287, 943, 121, 123, 218, 946, 945, 929, 186, 925, 184, 121, 942, 122,
            718, 707, 732, 929, 936, 946, 936, 929, 931, 948, 121, 949, 950, 946, 936, 943, 946, 950, 949, 121, 218, 949, 218, 298,
            951, 943, 950, 952, 183, 208, 948, 942, 121, 701, 699, 372, 926, 925, 186, 948, 87, 942, 951, 947, 943, 951, 953, 947,
            948, 949, 124, 216, 186, 954, 215, 926, 216, 955, 953, 951, 216, 926, 186, 87, 124, 86, 87, 948, 124, 749, 718, 732,
            956, 953, 955, 183, 952, 186, 957, 956, 955, 373, 749, 726, 124, 949, 299, 749, 373, 718, 90, 299, 130, 952, 954, 186,
            958, 950, 936, 299, 90, 124, 958, 936, 959, 958, 951, 950, 207, 185, 135, 183, 185, 207, 960, 951, 958, 207, 135, 187,
            582, 721, 556, 937, 959, 936, 961, 959, 937, 185, 129, 135, 960, 958, 959, 962, 960, 959, 962, 959, 961, 208, 183, 207,
            732, 721, 735, 963, 955, 951, 729, 750, 735, 187, 188, 206, 964, 963, 951, 963, 957, 955, 965, 729, 730, 966, 206, 188,
            951, 960, 964, 188, 967, 966, 962, 964, 960, 123, 156, 223, 217, 123, 223, 964, 962, 968, 741, 965, 730, 969, 963, 964,
            24, 965, 741, 970, 957, 963, 969, 970, 963, 298, 218, 217, 968, 969, 964, 952, 222, 954, 954, 222, 229, 884, 845, 888,
            250, 232, 234, 584, 594, 739, 219, 216, 954, 897, 887, 891, 594, 593, 739, 298, 217, 237, 237, 239, 244, 244, 234, 233,
            469, 244, 233, 239, 250, 234, 745, 593, 598, 896, 939, 897, 898, 897, 891, 937, 938, 896, 229, 227, 971, 839, 219, 972,
            900, 937, 896, 972, 219, 954, 973, 741, 748, 895, 898, 891, 750, 732, 735, 954, 229, 972, 299, 949, 298, 898, 974, 900,
            974, 898, 901, 974, 975, 900, 206, 976, 208, 220, 208, 976, 977, 975, 974, 952, 208, 220, 952, 220, 222, 749, 750, 755,
            978, 893, 892, 979, 902, 978, 130, 299, 297, 220, 976, 221, 965, 750, 729, 244, 469, 303, 902, 893, 978, 130, 297, 303,
            303, 297, 244, 206, 966, 976, 38, 750, 965, 34, 750, 38, 980, 902, 979, 981, 902, 980, 303, 111, 130, 980, 982, 981,
            221, 976, 144, 144, 226, 221, 983, 977, 974, 983, 974, 901, 38, 965, 24, 144, 976, 966, 973, 24, 741, 981, 901, 902,
            981, 983, 901, 983, 984, 912, 912, 908, 983, 981, 984, 983, 24, 973, 25, 892, 865, 864, 978, 892, 864, 985, 978, 864,
            247, 657, 245, 979, 978, 985, 245, 248, 246, 985, 872, 979, 900, 961, 937, 986, 961, 900, 245, 657, 987, 961, 986, 988,
            988, 962, 961, 822, 258, 245, 989, 990, 975, 263, 258, 822, 988, 986, 990, 990, 986, 975, 264, 263, 822, 975, 986, 900,
            411, 511, 415, 991, 248, 258, 413, 412, 426, 257, 248, 991, 272, 257, 991, 992, 968, 962, 992, 962, 988, 258, 263, 991,
            426, 428, 571, 571, 428, 446, 263, 272, 991, 993, 969, 968, 968, 992, 993, 994, 992, 988, 988, 990, 994, 438, 446, 428,
            446, 438, 437, 993, 992, 995, 291, 272, 263, 995, 996, 993, 447, 446, 437, 994, 995, 992, 263, 262, 291, 997, 995, 994,
            437, 439, 457, 996, 995, 997, 291, 273, 272, 998, 273, 291, 990, 989, 999, 977, 989, 975, 232, 235, 465, 465, 235, 476,
            472, 465, 476, 908, 977, 983, 910, 977, 908, 910, 989, 977, 171, 175, 146, 910, 999, 989, 467, 465, 472, 262, 292, 291,
            467, 472, 471, 471, 527, 467, 1000, 999, 910, 909, 1000, 910, 527, 471, 1001, 1002, 1003, 177, 174, 1002, 177, 994, 990, 999,
            1004, 174, 179, 994, 999, 1005, 476, 473, 472, 999, 1000, 1005, 293, 1006, 291, 484, 473, 476, 1005, 997, 994, 1007, 1008, 997,
            176, 190, 175, 997, 1009, 1007, 175, 190, 179, 1010, 1005, 1000, 484, 518, 473, 1005, 1010, 1011, 1009, 997, 1005, 511, 518, 503,
            209, 190, 181, 518, 484, 503, 1011, 1009, 1005, 1012, 292, 295, 1013, 1012, 295, 1012, 300, 292, 519, 518, 511, 311, 310, 369,
            190, 209, 179, 1004, 179, 209, 1004, 209, 211, 473, 518, 516, 934, 59, 914, 516, 1001, 471, 210, 209, 181, 517, 1001, 516,
            934, 10, 9, 10, 934, 914, 542, 1001, 517, 565, 542, 517, 469, 531, 303, 531, 469, 529, 174, 1014, 1002, 529, 469, 467,
            529, 467, 527, 1014, 174, 1004, 1014, 1004, 240, 942, 92, 113, 342, 303, 531, 369, 310, 375, 114, 303, 342, 240, 421, 1014,
            1014, 421, 417, 43, 13, 30, 316, 383, 405, 417, 1002, 1014, 528, 527, 540, 1001, 540, 527, 1015, 14, 43, 1002, 417, 1016,
            1016, 417, 419, 49, 66, 43, 541, 537, 528, 55, 57, 67, 541, 544, 547, 1017, 43, 66, 1015, 43, 1017, 1018, 238, 243,
            55, 66, 49, 1018, 243, 306, 240, 1004, 211, 1017, 66, 65, 540, 1001, 544, 544, 1001, 542, 87, 92, 942, 5, 117, 92,
            238, 1019, 240, 411, 519, 511, 519, 411, 562, 87, 83, 92, 562, 411, 413, 92, 83, 85, 240, 1019, 421, 563, 413, 426,
            238, 1018, 1019, 565, 562, 566, 431, 408, 406, 568, 565, 566, 116, 84, 107, 260, 265, 195, 127, 114, 343, 561, 567, 566,
            1020, 406, 458, 563, 426, 571, 114, 127, 107, 570, 561, 563, 1020, 431, 406, 577, 571, 445, 570, 571, 577, 134, 230, 67,
            657, 431, 1020, 142, 230, 134, 65, 67, 230, 198, 65, 230, 561, 570, 574, 574, 570, 577, 230, 142, 241, 57, 94, 134,
            547, 543, 583, 323, 307, 309, 582, 547, 583, 543, 542, 565, 568, 543, 565, 440, 1018, 306, 115, 128, 154, 440, 306, 308,
            116, 128, 115, 585, 583, 568, 590, 585, 586, 142, 147, 281, 281, 147, 154, 283, 281, 154, 241, 142, 281, 594, 584, 590,
            586, 573, 575, 359, 154, 132, 359, 283, 154, 594, 586, 575, 575, 595, 594, 595, 575, 580, 323, 337, 341, 145, 192, 172,
            172, 171, 145, 594, 590, 586, 191, 172, 192, 191, 173, 172, 146, 145, 171, 347, 340, 341, 580, 599, 595, 173, 203, 212,
            212, 182, 173, 182, 176, 173, 182, 212, 196, 181, 182, 196, 40, 45, 188, 45, 14, 1015, 1021, 45, 1015, 193, 45, 1021,
            45, 193, 188, 188, 193, 967, 967, 193, 192, 1022, 193, 1021, 1022, 191, 193, 1017, 1021, 1015, 1021, 1017, 201, 201, 1022, 1021,
            197, 1017, 65, 1017, 197, 201, 1023, 419, 418, 203, 1022, 201, 191, 1022, 203, 1024, 1023, 418, 203, 201, 200, 1025, 1026, 419,
            1025, 419, 1023, 145, 966, 967, 145, 967, 192, 1027, 1028, 1025, 191, 203, 173, 1027, 1025, 1023, 212, 203, 204, 1023, 1024, 1029,
            1023, 1029, 1027, 577, 445, 1030, 251, 200, 198, 1019, 418, 421, 1019, 1024, 418, 1024, 1019, 1031, 1031, 1019, 1032, 1032, 1019, 440,
            1018, 440, 1019, 1031, 459, 1033, 360, 285, 283, 1033, 1024, 1031, 1029, 1024, 1033, 285, 360, 288, 266, 285, 288, 459, 1031, 1032,
            459, 1032, 441, 15, 332, 46, 15, 744, 332, 1033, 459, 1034, 459, 523, 1034, 753, 744, 15, 753, 754, 744, 15, 1035, 753,
            1036, 1034, 1037, 754, 327, 744, 1038, 1036, 1037, 329, 387, 339, 1037, 1034, 523, 523, 534, 1037, 520, 534, 523, 1039, 1035, 108,
            346, 698, 701, 1040, 1028, 1027, 1039, 753, 1035, 359, 132, 353, 375, 327, 754, 1041, 1027, 1042, 327, 375, 310, 353, 346, 701,
            927, 1039, 110, 150, 753, 1039, 1042, 1027, 1029, 353, 701, 365, 1029, 1036, 1042, 927, 150, 1039, 701, 372, 365, 1040, 1041, 1043,
            1027, 1041, 1040, 17, 1044, 1045, 365, 371, 370, 1044, 2, 758, 1046, 1043, 1041, 1045, 1044, 758, 758, 757, 1045, 1035, 17, 1045,
            360, 358, 364, 108, 1035, 1045, 1041, 1042, 1047, 1047, 1042, 1038, 1048, 1045, 757, 1048, 126, 1045, 1036, 1029, 1033, 934, 761, 759,
            390, 385, 382, 1033, 1034, 1036, 126, 1048, 120, 1048, 757, 120, 1042, 1036, 1038, 120, 761, 9, 120, 757, 761, 761, 934, 9,
            2, 1044, 19, 17, 19, 1044, 440, 308, 326, 17, 1035, 15, 441, 1032, 440, 394, 374, 152, 459, 460, 523, 1049, 395, 394,
            479, 466, 410, 108, 1045, 126, 126, 109, 108, 460, 441, 451, 1049, 803, 395, 126, 129, 109, 649, 470, 489, 110, 109, 925,
            812, 1050, 394, 1049, 394, 1050, 925, 109, 184, 184, 109, 129, 129, 185, 184, 1050, 806, 1049, 811, 806, 1050, 157, 394, 152,
            812, 157, 816, 812, 394, 157, 108, 110, 1039, 110, 925, 927, 145, 144, 966, 803, 1049, 806, 803, 1020, 458, 805, 1020, 803,
            810, 1020, 805, 1050, 812, 811, 921, 811, 813, 816, 940, 815, 815, 813, 812, 941, 815, 940, 819, 815, 941, 877, 819, 941,
            813, 815, 921, 921, 815, 818, 807, 806, 811, 1051, 807, 811, 805, 807, 820, 635, 470, 649, 1052, 829, 820, 1052, 820, 807,
            807, 1051, 1052, 921, 1051, 811, 921, 922, 1051, 922, 1052, 1051, 928, 1052, 922, 657, 1020, 987, 1020, 810, 987, 987, 822, 245,
            810, 822, 987, 710, 696, 697, 821, 822, 810, 650, 728, 636, 728, 694, 636, 636, 694, 638, 928, 829, 1052, 829, 944, 834,
            762, 747, 526, 762, 526, 169, 944, 829, 928, 945, 944, 928, 762, 169, 545, 943, 834, 944, 545, 764, 762, 287, 834, 943,
            760, 747, 762, 287, 947, 295, 146, 177, 836, 1053, 836, 177, 1053, 177, 1003, 1053, 1003, 1054, 1003, 1002, 1054, 1016, 1054, 1002,
            1055, 1054, 1016, 844, 837, 839, 837, 941, 838, 837, 877, 941, 1056, 837, 843, 1056, 877, 837, 878, 877, 1056, 843, 1057, 1056,
            881, 878, 1056, 881, 1056, 1057, 883, 881, 1057, 883, 1057, 846, 846, 1057, 1058, 1059, 971, 227, 1060, 839, 972, 844, 839, 1060,
            971, 972, 229, 972, 971, 1060, 1060, 971, 1059, 1061, 1060, 1059, 844, 1060, 1062, 836, 227, 226, 800, 705, 853, 853, 705, 710,
            1063, 227, 836, 836, 226, 144, 1059, 227, 1063, 836, 1053, 1063, 1061, 1059, 1063, 1064, 1065, 1061, 1058, 1062, 1066, 1066, 1062, 1065,
            1061, 1062, 1060, 1061, 1065, 1062, 849, 1065, 1064, 1067, 1066, 852, 1066, 1065, 852, 852, 1065, 849, 1063, 1053, 1061, 1064, 1061, 1053,
            1053, 1054, 1064, 1064, 1055, 849, 1055, 1064, 1054, 1062, 843, 844, 1057, 843, 1062, 1058, 1057, 1062, 1067, 1058, 1066, 1016, 419, 1026,
            850, 1055, 1016, 1016, 1026, 850, 848, 850, 1068, 1026, 1068, 850, 1068, 1026, 1025, 1028, 1068, 1025, 1068, 1028, 1069, 1070, 1069, 1028,
            1028, 1040, 1070, 1070, 1040, 1043, 1070, 861, 1069, 863, 861, 1043, 861, 1070, 1043, 849, 848, 852, 1071, 1067, 852, 1072, 1071, 852,
            1072, 852, 851, 850, 849, 1055, 848, 1068, 851, 1073, 1067, 1071, 847, 846, 1067, 847, 1067, 1073, 1067, 846, 1058, 1073, 865, 847,
            865, 1073, 867, 1071, 867, 1073, 856, 867, 1071, 856, 1071, 1072, 845, 847, 865, 865, 892, 845, 857, 1072, 851, 857, 851, 860,
            856, 1072, 857, 857, 862, 855, 860, 851, 1068, 860, 1068, 1069, 860, 1069, 861, 857, 860, 862, 867, 856, 866, 866, 856, 870,
            856, 855, 870, 1074, 870, 855, 985, 864, 866, 872, 985, 866, 1075, 295, 947, 953, 1075, 947, 1075, 1013, 295, 1076, 1013, 1075,
            956, 1075, 953, 1075, 956, 1076, 874, 819, 877, 819, 873, 818, 1077, 1078, 1079, 1080, 1081, 1082, 1083, 1084, 1085, 1086, 1080, 1082,
            161, 1087, 1088, 161, 1088, 160, 1089, 1090, 1083, 1091, 1086, 1082, 1091, 1082, 1092, 1093, 1094, 1095, 1092, 1082, 1096, 456, 1084, 457,
            456, 1097, 1084, 456, 462, 1097, 1079, 1086, 1091, 1084, 1097, 1085, 1098, 1088, 1087, 463, 1097, 462, 1088, 1098, 1099, 1091, 1100, 1079,
            1091, 1101, 1100, 1093, 1095, 1102, 1101, 1091, 1092, 1102, 1095, 1103, 1085, 1104, 1089, 1105, 1089, 1104, 1101, 1092, 1106, 1106, 1092, 1107,
            1099, 1098, 1108, 1097, 1109, 1085, 1109, 1104, 1085, 1103, 1110, 1111, 1101, 1106, 1112, 162, 160, 168, 1109, 1097, 463, 463, 1113, 1109,
            1113, 463, 464, 168, 160, 1088, 1112, 1106, 1114, 1113, 1115, 1109, 1113, 1116, 1115, 1117, 1112, 1114, 1115, 1104, 1109, 1118, 1104, 1115,
            890, 885, 1119, 1105, 1104, 1118, 545, 168, 1120, 168, 1088, 1099, 1118, 1115, 1116, 1102, 1103, 1121, 1122, 1105, 1118, 1118, 1116, 1122,
            1122, 1123, 1124, 1123, 1122, 1116, 1121, 1103, 1125, 788, 1126, 1127, 1128, 1123, 1129, 1120, 168, 1099, 885, 788, 1119, 1130, 1120, 1099,
            1119, 788, 1127, 1089, 1131, 1132, 1121, 1125, 1133, 1089, 1105, 1131, 1127, 1134, 1119, 1134, 1127, 1077, 1077, 1079, 1135, 1136, 1137, 1138,
            1108, 1098, 1139, 1140, 1119, 1134, 1105, 1141, 1131, 1134, 1077, 1135, 1131, 1142, 1132, 1143, 1134, 1135, 1142, 1131, 1144, 890, 1119, 1140,
            1141, 1144, 1131, 1140, 1134, 1143, 1145, 1138, 1137, 1146, 1142, 1144, 1147, 1140, 1143, 1108, 1139, 1148, 1140, 1149, 890, 1149, 1140, 1147,
            1150, 1146, 1144, 1135, 1079, 1100, 1151, 1152, 1153, 1154, 1137, 1155, 1146, 1156, 1157, 1158, 1152, 1151, 1122, 1124, 1105, 1124, 1141, 1105,
            1159, 1145, 1137, 1135, 1100, 1143, 1160, 1141, 1124, 1141, 1161, 1144, 1159, 1137, 1154, 1148, 1139, 1152, 1160, 1161, 1141, 1152, 1158, 1148,
            1154, 1162, 1159, 1124, 1123, 1160, 1148, 1158, 1163, 1145, 1164, 1138, 1165, 1100, 1101, 1160, 1123, 1128, 1128, 1166, 1160, 1167, 1099, 1108,
            1144, 1161, 1150, 1112, 1165, 1101, 1150, 1161, 1160, 1168, 1164, 1145, 1156, 1146, 1150, 1150, 1169, 1156, 1168, 1145, 1159, 1170, 1147, 1143,
            1171, 1172, 1173, 1172, 1171, 1174, 1170, 1143, 1175, 1176, 1108, 1148, 1143, 1100, 1165, 1175, 1143, 1165, 1172, 1177, 1178, 1148, 1163, 1176,
            1178, 1177, 1179, 1175, 1165, 1180, 1168, 1159, 1162, 1181, 1175, 1180, 1182, 1183, 1179, 1184, 1162, 1154, 1185, 1142, 1173, 911, 890, 1149,
            1186, 1187, 1188, 1189, 911, 1149, 913, 911, 1190, 1178, 1191, 1192, 1162, 1184, 1193, 1194, 1192, 1195, 1190, 911, 1189, 1192, 1194, 1185,
            1149, 1196, 1189, 1142, 1146, 1173, 1197, 1188, 1187, 1111, 1164, 1168, 1157, 1198, 1173, 1198, 1171, 1173, 1157, 1173, 1146, 1197, 1187, 1199,
            1197, 1199, 1200, 1198, 1157, 1201, 1190, 918, 913, 1125, 1103, 1111, 1125, 1111, 1202, 1111, 1168, 1202, 1203, 918, 1190, 1156, 1169, 1157,
            1204, 1203, 1190, 1183, 1205, 1206, 1190, 1189, 1204, 1199, 1187, 1207, 1196, 1204, 1189, 1204, 1196, 1208, 1199, 1207, 1209, 1168, 1162, 1202,
            1210, 1211, 1212, 1210, 1212, 1213, 1214, 1204, 1215, 1216, 1202, 1162, 1217, 1162, 1193, 1218, 578, 1030, 1215, 1208, 1219, 1216, 1162, 1217,
            1215, 1204, 1208, 1218, 1030, 1220, 1197, 1221, 1151, 1221, 1197, 1200, 1219, 1208, 1222, 1218, 580, 578, 1223, 1219, 1224, 1225, 1218, 1226,
            1202, 1216, 1125, 1196, 1149, 1147, 1222, 1170, 1175, 1227, 1200, 1199, 1228, 599, 1225, 1196, 1147, 1170, 1229, 1230, 1231, 1196, 1170, 1208,
            1208, 1170, 1222, 1133, 1125, 1232, 1220, 1233, 1234, 1222, 1175, 1181, 1232, 1125, 1216, 1233, 1220, 1030, 1234, 1235, 1220, 1236, 1222, 1181,
            1237, 1238, 1239, 1222, 1236, 1224, 1219, 1222, 1224, 1240, 1237, 1241, 1240, 1238, 1237, 1242, 1216, 1243, 1232, 1216, 1242, 1241, 1237, 1244,
            1245, 1199, 1209, 1235, 1234, 1238, 1112, 1117, 1246, 1209, 1247, 1248, 1165, 1112, 1249, 1235, 1238, 1240, 1250, 1248, 1247, 1249, 1112, 1246,
            1217, 1193, 1251, 1245, 1209, 1248, 1243, 1216, 1217, 1243, 1217, 1252, 1253, 1246, 1254, 1255, 1199, 1245, 1227, 1199, 1255, 464, 727, 1113,
            1252, 1217, 1251, 734, 1113, 727, 1113, 1129, 1116, 1249, 1180, 1165, 1113, 734, 1129, 1180, 1249, 1256, 1252, 1251, 1257, 1249, 1246, 1253,
            1256, 1249, 1253, 1123, 1116, 1129, 1128, 1129, 1258, 1259, 1256, 1253, 1259, 1253, 1260, 1255, 1245, 1261, 1253, 1254, 1262, 1229, 1263, 1264,
            1260, 1253, 1262, 1158, 1151, 1221, 1264, 1265, 1266, 1158, 1221, 1163, 1267, 1259, 1260, 1268, 1243, 1252, 1269, 1260, 1262, 1244, 1270, 1271,
            1272, 1269, 1262, 1221, 1273, 1274, 1268, 1242, 1243, 1269, 1267, 1260, 1163, 1221, 1274, 1241, 1244, 1271, 1268, 1252, 1275, 1276, 1180, 1256,
            1181, 1180, 1236, 1236, 1180, 1277, 1278, 1270, 1279, 1277, 1180, 1276, 1275, 1252, 1257, 1280, 1275, 1257, 1281, 1176, 1163, 1271, 1270, 1278,
            1282, 1278, 1279, 1281, 1163, 1274, 1276, 1256, 1259, 1274, 1283, 1281, 1278, 1284, 1271, 1274, 1273, 1285, 1286, 1275, 1280, 1287, 1284, 1278,
            1287, 1278, 1288, 1289, 1276, 1259, 1224, 1236, 1277, 1283, 1274, 1285, 1283, 1285, 1290, 1291, 1155, 1292, 1290, 1293, 1283, 1154, 1155, 1291,
            1211, 1282, 1279, 1277, 1276, 1294, 1294, 1276, 1289, 1295, 1291, 1292, 1200, 1273, 1221, 1273, 1200, 1227, 1294, 1289, 1296, 1266, 1297, 1298,
            1299, 1266, 1298, 1273, 1227, 1300, 1301, 1259, 1267, 1302, 1303, 1304, 1305, 1295, 1306, 1301, 1267, 1269, 1289, 1259, 1301, 1299, 1307, 1308,
            1302, 1299, 1309, 1291, 1295, 1305, 1300, 1285, 1273, 1310, 1311, 1312, 1313, 1301, 1269, 1313, 1269, 1314, 1227, 1255, 1300, 1309, 1308, 1315,
            1300, 1255, 1261, 1291, 1184, 1154, 1315, 1316, 1310, 1308, 1316, 1315, 1317, 1289, 1301, 1315, 1310, 1318, 1319, 1291, 1305, 1319, 1184, 1291,
            1320, 1300, 1261, 1321, 1313, 1314, 1317, 1301, 1313, 1261, 1322, 1320, 1318, 1310, 1323, 1184, 1251, 1193, 1251, 1184, 1319, 1183, 1324, 1325,
            1313, 1326, 1317, 1313, 1321, 1326, 1269, 1327, 1314, 1251, 1319, 1328, 1257, 1251, 1328, 1329, 1330, 1331, 1329, 1332, 1330, 1290, 1285, 1300,
            1333, 1314, 1334, 1314, 1333, 1321, 1335, 1336, 1337, 1290, 1300, 1320, 1334, 1314, 1338, 1339, 1335, 1340, 1341, 1334, 1342, 1320, 1343, 1290,
            1340, 1335, 1337, 1332, 1344, 1330, 1345, 1290, 1343, 1346, 1347, 1348, 1344, 1332, 1349, 1167, 1130, 1099, 1130, 1167, 1350, 1346, 1348, 1351,
            1352, 1353, 1354, 1343, 1320, 1355, 1322, 1355, 1320, 1356, 1349, 1357, 1349, 1332, 1357, 1358, 1359, 1360, 1361, 1318, 1323, 1350, 1167, 1362,
            1362, 1363, 1350, 1361, 1323, 1359, 1361, 1359, 1358, 1364, 1318, 1361, 1327, 1272, 1330, 1365, 1360, 1340, 1366, 1096, 1363, 1082, 1363, 1096,
            1363, 1362, 1366, 1367, 1360, 1365, 1327, 1330, 1344, 1366, 1362, 1368, 1369, 1364, 1361, 1368, 1370, 1366, 1360, 1367, 1358, 1371, 1365, 1372,
            1344, 1349, 1373, 1358, 1374, 1361, 1371, 1367, 1365, 1375, 1352, 1376, 1374, 1377, 1361, 1366, 1378, 1107, 1367, 1379, 1358, 1096, 1366, 1107,
            1327, 1344, 1373, 1092, 1096, 1107, 1373, 1380, 1327, 1381, 1382, 1383, 1384, 1385, 1369, 1383, 1375, 1376, 1386, 1281, 1283, 1384, 1369, 1387,
            1356, 1388, 1349, 1368, 1281, 1370, 1370, 1281, 1386, 1389, 1383, 1390, 1388, 1356, 1121, 1386, 1283, 1293, 1369, 1361, 1377, 1369, 1377, 1387,
            1391, 598, 1392, 1370, 1378, 1366, 1378, 1370, 1393, 1394, 1392, 1395, 1370, 1386, 1393, 1388, 1121, 1396, 1377, 1397, 1387, 748, 745, 598,
            598, 1391, 748, 1394, 1391, 1392, 1398, 1388, 1396, 1399, 1393, 1400, 1401, 1400, 1393, 1394, 1402, 1391, 1293, 1401, 1386, 1403, 1395, 1231,
            1393, 1386, 1401, 1231, 1230, 1403, 1293, 1404, 1401, 1403, 1394, 1395, 1380, 1373, 1405, 1345, 1293, 1290, 1406, 1394, 1403, 1388, 1373, 1349,
            1293, 1345, 1407, 1398, 1373, 1388, 1408, 1403, 1230, 1409, 1381, 1389, 1407, 1410, 1411, 1412, 1408, 1230, 1413, 1405, 1398, 1398, 1405, 1373,
            1404, 1293, 1407, 1402, 1394, 1406, 1404, 1407, 1414, 1406, 1403, 1408, 1415, 1384, 1387, 1398, 1396, 1416, 1411, 1414, 1407, 1417, 1384, 1415,
            1418, 1414, 1411, 1418, 1411, 1419, 1416, 1413, 1398, 1407, 1345, 1343, 1420, 25, 1421, 1407, 1343, 1410, 1396, 1121, 1133, 23, 25, 1420,
            1410, 1343, 1355, 1420, 1422, 23, 1415, 1387, 1423, 1424, 1415, 1423, 25, 973, 1425, 1314, 1327, 1426, 1399, 1378, 1393, 1421, 25, 1427,
            1399, 1107, 1378, 1314, 1426, 1338, 1423, 1397, 1428, 1387, 1397, 1423, 1421, 1427, 1429, 1426, 1327, 1380, 1107, 1399, 1114, 1338, 1426, 1380,
            1421, 1429, 1430, 1431, 1417, 1415, 1431, 1415, 1424, 1399, 1400, 1114, 1432, 1433, 1421, 1430, 1434, 1435, 1250, 1417, 1431, 1114, 1106, 1107,
            1436, 1435, 1437, 1438, 1114, 1400, 1439, 1430, 1436, 1117, 1114, 1438, 1421, 1430, 1432, 1439, 1432, 1430, 1334, 1338, 1342, 1424, 1423, 1440,
            1117, 1438, 1441, 1117, 1441, 1254, 1442, 1431, 1424, 1443, 1400, 1401, 1444, 1380, 1405, 1436, 1437, 1445, 1446, 1400, 1443, 1447, 1439, 1445,
            1445, 1439, 1436, 1401, 1404, 1443, 1428, 1397, 1448, 1338, 1380, 1444, 1303, 1412, 1230, 1443, 1414, 1418, 1443, 1418, 1449, 1303, 1450, 1412,
            1440, 1423, 1428, 1446, 1443, 1449, 1451, 1450, 1303, 1452, 1450, 1451, 1444, 1405, 1453, 1454, 1449, 1418, 1438, 1400, 1446, 1455, 1456, 1450,
            1437, 1456, 1457, 1453, 1413, 1416, 1457, 1456, 1455, 1458, 1459, 1460, 1441, 1438, 1446, 1448, 1458, 1428, 1428, 1458, 1461, 1331, 1446, 1449,
            1462, 1452, 1463, 1405, 1413, 1453, 1441, 1446, 1331, 1444, 1342, 1338, 1462, 1463, 1464, 1207, 1455, 1462, 1462, 1464, 1207, 1331, 1449, 1329,
            1186, 1445, 1457, 1342, 1444, 1465, 1187, 1186, 1457, 1424, 1440, 1466, 1445, 1437, 1457, 1117, 1254, 1246, 1466, 1442, 1424, 1457, 1455, 1187,
            1254, 1441, 1262, 1262, 1441, 1331, 1466, 1440, 1428, 1207, 1187, 1455, 1466, 1428, 1461, 1453, 1467, 1444, 1461, 1460, 1468, 1262, 1331, 1272,
            1465, 1444, 1467, 1466, 1461, 1469, 1469, 1461, 1468, 1464, 1470, 1471, 1471, 1207, 1464, 1272, 1331, 1330, 1471, 1470, 1247, 1459, 1409, 1472,
            1209, 1207, 1471, 1209, 1471, 1247, 1416, 1396, 1473, 1474, 1247, 1470, 1327, 1269, 1272, 1389, 1390, 1475, 1247, 1474, 1250, 1416, 1473, 1476,
            1304, 1303, 1230, 1410, 1477, 1478, 1478, 1477, 1479, 1480, 1389, 1475, 1476, 1473, 1481, 1411, 1410, 1478, 1303, 1302, 1309, 1309, 1315, 1482,
            1483, 1484, 1481, 1309, 1451, 1303, 1485, 1479, 1486, 1472, 1409, 1480, 1485, 1478, 1479, 1487, 1451, 1309, 1482, 1487, 1309, 1473, 1396, 1133,
            1419, 1411, 1488, 1473, 1133, 1232, 1411, 1478, 1488, 1489, 1419, 1488, 1488, 1478, 1485, 1490, 1482, 1315, 1491, 1492, 1493, 1473, 1483, 1481,
            1482, 1490, 1487, 1488, 1485, 1094, 1489, 1488, 1094, 1094, 1485, 1494, 1385, 1487, 1490, 1094, 1494, 1095, 1495, 1232, 1242, 1490, 1318, 1364,
            1472, 1460, 1459, 1318, 1490, 1315, 1473, 1232, 1483, 1496, 1468, 1460, 1486, 1497, 1498, 1495, 1483, 1232, 1486, 1498, 1499, 1463, 1487, 1500,
            1385, 1490, 1364, 1498, 1136, 1138, 1499, 1498, 1138, 1501, 1492, 1491, 1385, 1364, 1369, 1494, 1485, 1486, 1502, 1483, 1495, 1494, 1486, 1499,
            1503, 1501, 1491, 1484, 1483, 1502, 1504, 1384, 1417, 1384, 1504, 1385, 1505, 1503, 1506, 1499, 1110, 1494, 1268, 1495, 1242, 1095, 1494, 1110,
            1470, 1504, 1417, 1111, 1110, 1164, 1470, 1417, 1474, 1110, 1138, 1164, 58, 23, 1422, 119, 58, 1422, 1495, 1268, 1507, 1419, 1489, 1418,
            1418, 1489, 1454, 1503, 1508, 1506, 1268, 1286, 1507, 1433, 119, 1422, 1509, 1507, 1286, 1510, 119, 1433, 1454, 1489, 1511, 1511, 1489, 1094,
            1420, 1421, 1433, 1286, 1268, 1275, 1512, 1433, 1432, 1420, 1433, 1422, 1511, 1094, 1093, 1510, 1433, 1512, 1329, 1449, 1454, 1329, 1454, 1357,
            161, 118, 119, 1513, 1250, 1431, 1332, 1329, 1357, 161, 119, 1087, 119, 1510, 1087, 1357, 1454, 1511, 1511, 1093, 1356, 1507, 1502, 1495,
            1098, 1510, 1514, 1510, 1512, 1514, 1087, 1510, 1098, 1357, 1511, 1356, 1356, 1093, 1102, 1098, 1514, 1139, 1356, 1102, 1121, 1507, 1515, 1502,
            1516, 1517, 1518, 1519, 1514, 1512, 1515, 1507, 1509, 1139, 1514, 1152, 1520, 1502, 1515, 1514, 1153, 1152, 1514, 1519, 1153, 1521, 1516, 1518,
            1522, 1521, 1518, 1453, 1416, 1476, 1432, 1439, 1519, 1519, 1512, 1432, 1447, 1519, 1439, 1516, 1523, 1524, 1525, 1476, 1484, 1447, 1445, 1186,
            1447, 1186, 1188, 1476, 1525, 1453, 1519, 1447, 1188, 1521, 1523, 1516, 1153, 1519, 1188, 1476, 1481, 1484, 1197, 1153, 1188, 1151, 1153, 1197,
            1526, 1523, 1521, 1355, 1322, 1477, 1477, 1322, 1523, 1477, 1526, 1479, 1467, 1453, 1525, 1467, 1525, 1527, 1410, 1355, 1477, 1486, 1479, 1497,
            1526, 1477, 1523, 1528, 1525, 1484, 1525, 1528, 1527, 1529, 1521, 1522, 1529, 1522, 1530, 1529, 1497, 1521, 1484, 1502, 1531, 1528, 1484, 1531,
            1521, 1497, 1526, 1532, 1528, 1531, 1497, 1529, 1533, 1531, 1520, 1534, 1498, 1497, 1533, 1533, 1529, 1535, 1535, 1498, 1533, 1536, 1531, 1534,
            1537, 1531, 1536, 1136, 1498, 1535, 1136, 1535, 1538, 1534, 1520, 1515, 1502, 1520, 1531, 1136, 1538, 1137, 1431, 1442, 1517, 1539, 1540, 1541,
            1542, 1517, 1442, 1539, 1543, 1544, 1545, 1546, 1539, 1545, 1539, 1544, 1545, 1544, 1547, 1545, 1547, 1546, 1518, 1517, 1542, 1548, 1549, 1306,
            1542, 1442, 1466, 1542, 1466, 1469, 1550, 1551, 1552, 1546, 1547, 1553, 1552, 1554, 1555, 1469, 1468, 1556, 1557, 1555, 1558, 1542, 1469, 1556,
            1559, 1542, 1556, 1280, 1257, 1560, 1559, 1556, 1561, 1542, 1522, 1518, 1305, 1562, 1319, 1305, 1306, 1549, 1522, 1542, 1559, 1305, 1549, 1563,
            1562, 1305, 1563, 1564, 1559, 1561, 1530, 1522, 1559, 1530, 1559, 1564, 1530, 1564, 1535, 1565, 1562, 1563, 1529, 1530, 1535, 1566, 1567, 1568,
            1561, 1556, 1569, 1569, 1570, 1561, 1569, 1468, 1496, 1571, 1572, 1558, 1556, 1468, 1569, 1573, 1571, 1558, 1328, 1319, 1562, 1574, 1569, 1505,
            1565, 1328, 1562, 1575, 1328, 1565, 1564, 1561, 1570, 1576, 1570, 1577, 1257, 1328, 1560, 1560, 1328, 1575, 1570, 1569, 1577, 1575, 1565, 1578,
            1579, 1580, 1581, 1560, 1575, 1582, 1583, 1581, 1580, 1584, 1505, 1506, 1585, 1560, 1582, 1586, 1578, 1587, 1588, 1586, 1587, 1584, 1506, 1508,
            1589, 1590, 1591, 1583, 1580, 1592, 1593, 1591, 1590, 1594, 1593, 1590, 1589, 1595, 1590, 1564, 1570, 1596, 1535, 1564, 1596, 1590, 1595, 1594,
            1596, 1570, 1576, 1597, 1594, 1595, 1535, 1596, 1538, 1538, 1596, 1598, 1280, 1560, 1599, 1596, 1576, 1600, 1286, 1280, 1599, 1598, 1596, 1600,
            1599, 1509, 1286, 1598, 1600, 1292, 1599, 1585, 1601, 1515, 1509, 1602, 1155, 1538, 1598, 1155, 1598, 1292, 1602, 1509, 1599, 1155, 1137, 1538,
            1292, 1600, 1581, 1292, 1581, 1603, 1604, 1601, 1605, 1601, 1602, 1599, 1606, 1602, 1601, 1603, 1581, 1583, 1534, 1515, 1607, 1548, 1603, 1551,
            1602, 1607, 1515, 1602, 1606, 1607, 1306, 1292, 1603, 1295, 1292, 1306, 1306, 1603, 1548, 1536, 1534, 1608, 1608, 1534, 1607, 1583, 1551, 1603,
            545, 1609, 764, 1536, 1608, 1610, 1611, 1608, 1607, 1611, 1607, 1606, 764, 1609, 1612, 1610, 1608, 1613, 763, 764, 1612, 1613, 1608, 1611,
            1606, 1601, 1604, 1609, 1130, 1350, 1081, 1609, 1350, 1612, 1609, 1081, 1611, 1606, 1604, 1612, 1081, 1080, 1611, 1604, 1614, 1081, 1350, 1363,
            1081, 1363, 1082, 778, 763, 1615, 1126, 778, 1615, 1611, 1614, 1616, 1585, 1599, 1560, 1078, 1615, 1080, 1585, 1617, 1601, 1078, 1080, 1086,
            1126, 1615, 1077, 786, 1126, 788, 1601, 1617, 1605, 1126, 1077, 1127, 1077, 1615, 1078, 1079, 1078, 1086, 1618, 1619, 1620, 1621, 1619, 1622,
            1622, 1623, 1621, 1579, 1577, 1574, 1083, 457, 1084, 1576, 1577, 1600, 1437, 1435, 1456, 1577, 1579, 1581, 1085, 1089, 1083, 1577, 1581, 1600,
            457, 447, 437, 1584, 1580, 1505, 1580, 1574, 1505, 1579, 1574, 1580, 1083, 1624, 457, 447, 457, 1624, 1083, 1625, 1624, 1584, 1508, 1592,
            1456, 1412, 1450, 1132, 1090, 1089, 1580, 1584, 1592, 1083, 1090, 1625, 1452, 1451, 1463, 1626, 1090, 1132, 1626, 1132, 1627, 1628, 1592, 1540,
            1626, 1625, 1090, 1628, 1583, 1592, 1239, 1624, 1625, 1455, 1450, 1452, 1625, 1237, 1239, 1455, 1452, 1462, 1626, 1627, 1629, 1244, 1626, 1629,
            1625, 1626, 1244, 1237, 1625, 1244, 1142, 1627, 1132, 1173, 1192, 1185, 1609, 545, 1120, 1192, 1173, 1172, 1192, 1172, 1178, 1179, 1191, 1178,
            1487, 1463, 1451, 1191, 1179, 1206, 1183, 1206, 1179, 763, 1612, 1615, 1629, 1627, 1194, 1080, 1615, 1612, 1244, 1629, 1270, 1270, 1629, 1194,
            1270, 1194, 1630, 786, 778, 1126, 1142, 1185, 1627, 1185, 1194, 1627, 1504, 1487, 1385, 1192, 1191, 1195, 1504, 1500, 1487, 1470, 1500, 1504,
            1630, 1194, 1195, 1279, 1270, 1630, 1195, 1279, 1630, 1464, 1463, 1500, 1464, 1500, 1470, 1191, 1631, 1195, 1631, 1191, 1632, 1632, 1191, 1206,
            1632, 1206, 1205, 1211, 1195, 1631, 1279, 1195, 1211, 1212, 1211, 1631, 1632, 1212, 1631, 1212, 1632, 1213, 577, 1030, 578, 1218, 1225, 580,
            599, 580, 1225, 1218, 1220, 1226, 1633, 1226, 1263, 598, 599, 1228, 1228, 1225, 1633, 1226, 1633, 1225, 1392, 1228, 1633, 1231, 1395, 1633,
            1633, 1263, 1231, 1231, 1263, 1229, 1624, 445, 447, 445, 1624, 1233, 1233, 1624, 1239, 1233, 1239, 1234, 1030, 445, 1233, 1235, 1226, 1220,
            1239, 1238, 1234, 1176, 1167, 1108, 1609, 1120, 1130, 1240, 1241, 1297, 1265, 1240, 1297, 1362, 1167, 1176, 1368, 1362, 1176, 1368, 1176, 1281,
            1263, 1226, 1235, 1235, 1240, 1265, 1263, 1235, 1264, 1264, 1235, 1265, 1264, 1230, 1229, 1264, 1266, 1304, 1230, 1264, 1304, 1241, 1271, 1284,
            1539, 1628, 1540, 1443, 1404, 1414, 1297, 1241, 1284, 1298, 1297, 1284, 1583, 1628, 1546, 1287, 1298, 1284, 1513, 1245, 1248, 1282, 1288, 1278,
            1546, 1628, 1539, 1282, 1311, 1288, 1287, 1288, 1311, 1261, 1245, 1513, 1261, 1513, 1524, 1549, 1548, 1550, 1634, 1211, 1210, 1634, 1282, 1211,
            1546, 1551, 1583, 1311, 1282, 1312, 1312, 1282, 1634, 1339, 1312, 1634, 1551, 1550, 1548, 1297, 1266, 1265, 1299, 1298, 1307, 1551, 1546, 1552,
            1287, 1307, 1298, 1307, 1287, 1316, 1552, 1546, 1553, 1553, 1554, 1552, 1316, 1308, 1307, 1299, 1304, 1266, 1302, 1304, 1299, 1308, 1309, 1299,
            1552, 1568, 1550, 1567, 1549, 1550, 1567, 1550, 1568, 1316, 1287, 1311, 1316, 1311, 1310, 1261, 1524, 1322, 1323, 1312, 1339, 1310, 1312, 1323,
            1568, 1552, 1557, 1557, 1552, 1555, 1110, 1499, 1138, 1568, 1557, 1572, 1572, 1557, 1558, 1635, 1325, 1324, 1183, 1325, 1205, 1632, 1205, 1213,
            1636, 1205, 1325, 1637, 1205, 1636, 1637, 1636, 1638, 1639, 1638, 1636, 1103, 1095, 1110, 1640, 1213, 1205, 1637, 1640, 1205, 1549, 1567, 1641,
            1563, 1549, 1641, 1374, 1358, 1379, 1377, 1374, 1379, 1379, 1642, 1377, 1381, 1642, 1379, 1347, 1637, 1638, 1565, 1563, 1641, 1397, 1377, 1642,
            1448, 1397, 1642, 1347, 1638, 1348, 1587, 1565, 1641, 1213, 1336, 1210, 1336, 1213, 1640, 1634, 1210, 1336, 1578, 1565, 1587, 1336, 1640, 1643,
            1339, 1634, 1335, 1335, 1634, 1336, 1448, 1642, 1459, 1643, 1640, 1637, 1642, 1381, 1459, 1337, 1336, 1643, 1372, 1337, 1643, 1347, 1643, 1637,
            1643, 1347, 1644, 1567, 1566, 1641, 1458, 1448, 1459, 1372, 1643, 1644, 1572, 1566, 1568, 1359, 1339, 1340, 1379, 1382, 1381, 1365, 1337, 1372,
            1381, 1409, 1459, 1566, 1587, 1641, 1644, 1347, 1346, 1566, 1572, 1645, 1572, 1571, 1645, 1645, 1571, 1573, 1646, 1372, 1644, 1647, 1566, 1645,
            1647, 1587, 1566, 1474, 1417, 1250, 1646, 1644, 1346, 1352, 1646, 1346, 1352, 1346, 1353, 1647, 1645, 1648, 1649, 1645, 1573, 1376, 1352, 1354,
            1323, 1339, 1359, 1648, 1645, 1649, 1647, 1648, 1650, 1340, 1360, 1359, 1460, 1461, 1458, 1365, 1340, 1337, 1372, 1646, 1371, 1371, 1646, 1375,
            1375, 1646, 1352, 1475, 1390, 1651, 1582, 1575, 1578, 1379, 1367, 1382, 1382, 1367, 1371, 1382, 1371, 1375, 1382, 1375, 1383, 1651, 1652, 1475,
            1652, 1651, 1653, 1381, 1383, 1389, 1585, 1582, 1654, 1578, 1586, 1582, 1654, 1582, 1586, 1493, 1475, 1652, 1655, 1376, 1354, 1480, 1409, 1389,
            1655, 1383, 1376, 1390, 1383, 1655, 1656, 1654, 1586, 1651, 1390, 1655, 1472, 1480, 1492, 1647, 1588, 1587, 1475, 1493, 1480, 1480, 1493, 1492,
            1657, 1588, 1647, 1657, 1647, 1650, 1591, 1588, 1657, 1653, 1658, 1652, 598, 1228, 1392, 1648, 1589, 1650, 1657, 1650, 1589, 1591, 1657, 1589,
            1659, 1652, 1658, 1395, 1392, 1633, 1659, 1493, 1652, 1648, 1649, 1589, 1491, 1493, 1659, 973, 748, 1425, 1656, 1586, 1588, 1427, 1425, 1391,
            1656, 1588, 1591, 1425, 748, 1391, 1591, 1593, 1656, 1594, 1656, 1593, 1660, 1656, 1594, 1406, 1434, 1402, 1408, 1434, 1406, 1412, 1435, 1408,
            1434, 1408, 1435, 1456, 1435, 1412, 1460, 1501, 1496, 1505, 1496, 1501, 1505, 1569, 1496, 25, 1425, 1427, 1427, 1391, 1402, 1429, 1427, 1402,
            1501, 1472, 1492, 1460, 1472, 1501, 1429, 1402, 1434, 1429, 1434, 1430, 1430, 1435, 1436, 1501, 1503, 1505, 1491, 1659, 1661, 1508, 1491, 1661,
            1491, 1508, 1503, 1508, 1661, 1662, 1663, 1611, 1616, 1662, 1664, 1540, 1508, 1662, 1540, 1508, 1540, 1592, 1665, 1616, 1614, 1665, 1614, 1666,
            1513, 1248, 1250, 1513, 1431, 1517, 1513, 1517, 1516, 1513, 1516, 1524, 1617, 1585, 1654, 1667, 1617, 1654, 1667, 1654, 1656, 1524, 1523, 1322,
            1667, 1605, 1617, 1605, 1668, 1604, 1669, 1605, 1667, 1668, 1605, 1669, 1670, 1669, 1667, 1497, 1479, 1526, 1670, 1667, 1671, 1672, 1656, 1660,
            1672, 1660, 1673, 1673, 1660, 1594, 1672, 1667, 1656, 1667, 1672, 1674, 1671, 1667, 1674, 1674, 1672, 1673, 1673, 1594, 1597, 1673, 1597, 1675,
            1675, 1676, 1673, 1677, 1670, 1671, 1674, 1678, 1671, 1678, 1674, 1673, 1677, 1671, 1678, 1676, 1678, 1673, 1668, 1614, 1604, 1614, 1668, 1679,
            1614, 1679, 1666, 1679, 1668, 1669, 1669, 1670, 1679, 1680, 1679, 1670, 1666, 1679, 1681, 1574, 1577, 1569, 1682, 1677, 1678, 1678, 1676, 1683,
            1682, 1678, 1683, 1684, 1666, 1681, 1681, 1679, 1680, 1680, 1685, 1686, 1686, 1681, 1680, 1687, 1681, 1686, 1688, 1670, 1677, 1680, 1670, 1688,
            1677, 1682, 1688, 1680, 1688, 1685, 1620, 1685, 1688, 1620, 1688, 1682, 1620, 1682, 1683, 1620, 1683, 1618, 1621, 1685, 1620, 1620, 1619, 1621,
            1686, 1685, 1621, 1689, 1686, 1621, 1690, 1691, 1692, 1693, 1694, 1695, 656, 404, 1696, 404, 1697, 1696, 1698, 1699, 1700, 1694, 1693, 1701,
            1700, 1699, 1702, 1703, 1704, 1701, 1705, 1698, 1700, 1706, 1693, 1707, 1693, 1708, 1703, 1708, 1693, 1706, 1696, 1709, 656, 1710, 1711, 1712,
            1713, 1691, 1714, 1693, 1703, 1701, 1715, 1709, 1696, 1711, 1716, 1712, 1717, 1718, 1713, 1713, 1719, 1717, 1720, 1694, 1704, 1704, 1694, 1701,
            1711, 1710, 1721, 1713, 1692, 1691, 1713, 1718, 1692, 1721, 1710, 1699, 1703, 1722, 1704, 1717, 1723, 1718, 1724, 1721, 1699, 1725, 666, 1726,
            1727, 1722, 1703, 1702, 1712, 1728, 1729, 1730, 1731, 1732, 1733, 1734, 1725, 1726, 1735, 1702, 1710, 1712, 1729, 1736, 1730, 1736, 1737, 1730,
            1738, 1736, 1739, 1709, 666, 656, 1734, 1733, 1740, 1702, 1699, 1710, 666, 1709, 1726, 1741, 1730, 1737, 1742, 1724, 1743, 1734, 1740, 1744,
            1737, 1736, 1745, 1746, 1741, 1737, 1709, 1747, 1726, 1746, 1748, 1741, 1744, 1749, 1734, 1747, 1735, 1726, 1746, 1750, 1748, 1751, 1752, 1753,
            1746, 1737, 1745, 1754, 1715, 1755, 1756, 1749, 1744, 1757, 1746, 1745, 1736, 1738, 1745, 1709, 1715, 1747, 1747, 1715, 1754, 1752, 1751, 1743,
            1758, 1733, 1759, 1760, 1752, 1743, 1733, 1758, 1740, 1750, 1746, 1757, 1761, 1740, 1758, 1750, 1757, 1762, 1763, 1735, 1747, 1698, 1743, 1724,
            1698, 1724, 1699, 1764, 1765, 1766, 1743, 1698, 1760, 1761, 1744, 1740, 1765, 1767, 1766, 1768, 1744, 1769, 1761, 1769, 1744, 1757, 1745, 1770,
            1747, 1754, 1763, 1738, 1770, 1745, 1763, 1754, 1771, 1766, 1738, 1772, 1773, 1738, 1766, 1774, 1775, 1760, 1773, 1770, 1738, 1770, 1762, 1757,
            1775, 1752, 1760, 1776, 722, 720, 1768, 1756, 1744, 1777, 722, 1776, 1778, 1762, 1770, 1774, 1760, 1698, 1777, 731, 722, 1779, 1780, 1773,
            1773, 1766, 1767, 1781, 1782, 1769, 1705, 1783, 1698, 1769, 1782, 1768, 1773, 1767, 1779, 1778, 1780, 1784, 1785, 1768, 1782, 1784, 1780, 1786,
            1705, 1787, 1783, 1788, 731, 1777, 1780, 1778, 1770, 1698, 1783, 1774, 1773, 1780, 1770, 1788, 733, 731, 1788, 1789, 733, 1782, 1790, 1785,
            1764, 1774, 1783, 1791, 1777, 1776, 1764, 1775, 1774, 1749, 1756, 1714, 1777, 1791, 1792, 1777, 1792, 1788, 1713, 1714, 1756, 1748, 1793, 1794,
            1795, 1748, 1794, 1795, 1794, 1796, 1797, 1764, 1783, 1787, 1797, 1783, 1719, 1713, 1756, 1792, 1789, 1788, 1798, 1728, 1799, 1800, 1801, 1792,
            1789, 1792, 1801, 1794, 1802, 1803, 1794, 1803, 1804, 1805, 1728, 1798, 1717, 1719, 1806, 1719, 1756, 1807, 1793, 1748, 1750, 666, 1725, 669,
            1808, 1809, 1810, 1808, 1811, 1809, 720, 669, 1812, 1762, 1793, 1750, 1802, 1793, 1762, 1812, 669, 1725, 1813, 1806, 1807, 1719, 1807, 1806,
            1802, 1794, 1793, 1805, 1808, 1814, 1807, 1756, 1768, 1815, 1814, 1808, 1816, 1812, 1725, 1785, 1807, 1768, 720, 1812, 1776, 1796, 1817, 1818,
            1819, 1820, 1814, 1816, 1776, 1812, 1821, 1817, 1796, 1785, 1813, 1807, 1822, 1816, 1735, 1735, 1816, 1725, 1790, 1813, 1785, 1823, 1824, 1817,
            1823, 1817, 1821, 1718, 1825, 1826, 1827, 1828, 1820, 1816, 1791, 1776, 1825, 1829, 1826, 1804, 1796, 1794, 1804, 1821, 1796, 1718, 1723, 1825,
            1825, 1723, 1830, 1831, 1012, 1013, 1791, 1816, 1822, 1832, 1831, 1013, 1833, 1834, 1821, 1823, 1821, 1834, 1791, 1822, 1835, 1836, 1802, 1762,
            1837, 1838, 1839, 1822, 1840, 1835, 1802, 1836, 1803, 1841, 1842, 1843, 1762, 1844, 1836, 1735, 1763, 1822, 1845, 1846, 1830, 1844, 1778, 1784,
            1847, 1845, 1723, 1848, 1845, 1847, 1778, 1844, 1762, 1822, 1763, 1840, 1845, 1830, 1723, 1844, 1849, 1836, 1836, 1849, 1803, 1850, 1803, 1849,
            1849, 1844, 1851, 1852, 1835, 1840, 1853, 1846, 1845, 1835, 1854, 1791, 1850, 1804, 1803, 1854, 1792, 1791, 1855, 1856, 1853, 1850, 1833, 1804,
            1833, 1821, 1804, 1723, 1717, 1847, 1847, 1717, 1806, 1852, 1854, 1835, 1806, 1813, 1857, 1852, 1858, 1854, 1806, 1857, 1847, 1800, 1792, 1854,
            1859, 1860, 1850, 1850, 1861, 1859, 1862, 1859, 1861, 1854, 1858, 1800, 1833, 1850, 1860, 1833, 1860, 1863, 1763, 1771, 1840, 1771, 1864, 1865,
            1866, 1867, 1868, 1861, 1850, 1849, 1780, 1779, 1786, 1867, 1869, 1868, 1870, 1847, 1857, 1870, 1848, 1847, 1871, 1840, 1865, 1840, 1771, 1865,
            1872, 1873, 1869, 1874, 1873, 1872, 1875, 1876, 1851, 1877, 1857, 1813, 1840, 1871, 1852, 1878, 1876, 1875, 1870, 1857, 1877, 1879, 1874, 1872,
            1880, 1881, 1882, 1852, 1871, 1883, 1884, 1878, 1875, 1790, 1877, 1813, 1885, 1886, 1887, 1851, 1844, 1784, 1784, 1786, 1888, 1851, 1784, 1888,
            1871, 1865, 1720, 1888, 1875, 1851, 1849, 1851, 1876, 1889, 1870, 1877, 1871, 1890, 1883, 1891, 1892, 1893, 1720, 1890, 1871, 1894, 1859, 1862,
            1862, 1876, 1878, 1891, 1893, 1895, 1860, 1859, 1894, 1896, 1858, 1852, 1863, 1860, 1897, 1852, 1883, 1896, 1897, 1860, 1898, 1899, 1800, 1858,
            1845, 1848, 1853, 1894, 1898, 1860, 1900, 1901, 1891, 1855, 1853, 1848, 1902, 1862, 1878, 1903, 1904, 1905, 1878, 1884, 1902, 1906, 1855, 1848,
            1907, 1894, 1902, 1858, 1908, 1899, 1909, 1858, 1896, 1902, 1910, 1907, 1858, 1909, 1908, 1900, 1895, 1911, 1912, 1909, 1896, 1862, 1902, 1894,
            1894, 1907, 1898, 1849, 1876, 1861, 1862, 1861, 1876, 1904, 1911, 1905, 1912, 1883, 1890, 1913, 1900, 1911, 1914, 1907, 1915, 1855, 1916, 1917,
            1918, 1913, 1911, 1883, 1912, 1896, 1915, 1907, 1910, 1720, 1865, 1694, 1889, 1906, 1870, 1919, 1906, 1889, 1904, 1918, 1911, 1919, 1889, 1920,
            1731, 1752, 1729, 1729, 1752, 1921, 1870, 1906, 1848, 1720, 1704, 1922, 1923, 1924, 1925, 1720, 1922, 1890, 1916, 1855, 1906, 1922, 1704, 1926,
            1729, 1921, 1736, 1739, 1736, 1921, 1775, 1921, 1752, 1927, 1923, 1928, 1926, 1704, 1722, 1929, 1739, 1921, 1929, 1921, 1775, 1923, 1927, 1924,
            1928, 1930, 1927, 1931, 1909, 1932, 1912, 1932, 1909, 1912, 1933, 1932, 1934, 1917, 1916, 1934, 1916, 1906, 1912, 1890, 1922, 1930, 1935, 1936,
            1935, 1930, 1928, 1764, 1929, 1775, 1929, 1764, 1772, 1933, 1912, 1922, 1772, 1739, 1929, 1937, 1930, 1936, 1938, 1939, 1940, 1772, 1738, 1739,
            1941, 1933, 1922, 1766, 1772, 1764, 1937, 1942, 1930, 1933, 1941, 1943, 1944, 1945, 1938, 1946, 1764, 1797, 1764, 1946, 1765, 1926, 1941, 1922,
            1926, 1947, 1941, 1942, 1927, 1930, 1948, 1949, 1950, 1951, 1945, 1944, 1942, 1952, 1927, 1943, 1953, 1933, 1954, 1947, 1926, 1955, 1956, 1957,
            1958, 1959, 1960, 1955, 1957, 1961, 1947, 1943, 1941, 1962, 1952, 1942, 1956, 1963, 1957, 1964, 1947, 1954, 1965, 1956, 1955, 1966, 1956, 1965,
            1966, 1967, 1956, 1968, 1953, 1943, 1955, 1969, 1965, 1970, 1971, 1972, 1943, 1947, 1968, 1973, 1970, 1972, 1974, 1970, 1973, 1960, 1965, 1969,
            1969, 1975, 1960, 1960, 1966, 1965, 1976, 1977, 1978, 1968, 1947, 1964, 1979, 1980, 1981, 1982, 1979, 1981, 1964, 1983, 1968, 1979, 1984, 1980,
            1966, 1985, 1967, 1986, 1987, 1964, 1967, 1985, 1988, 1987, 1983, 1964, 1989, 1978, 1990, 1978, 1989, 1991, 1991, 1976, 1978, 1992, 1993, 1994,
            1960, 1959, 1995, 1995, 1959, 1996, 1992, 1994, 1997, 1996, 1985, 1995, 1963, 1994, 1957, 1985, 1996, 1998, 1987, 1999, 2000, 2001, 1991, 1989,
            2002, 1997, 1963, 2003, 2000, 1999, 1956, 2002, 1963, 280, 2004, 2005, 1992, 2006, 1993, 2007, 2005, 2004, 1992, 2008, 2006, 273, 2004, 280,
            1976, 2009, 2010, 2011, 1998, 2012, 2013, 2014, 2015, 2011, 2012, 2016, 2017, 1976, 1991, 2008, 1992, 2018, 2015, 2004, 2013, 2008, 2019, 2006,
            2009, 1976, 2017, 2004, 2015, 2007, 2014, 2020, 2015, 2021, 2022, 2008, 2023, 2009, 2017, 2015, 2020, 2007, 2024, 2014, 2025, 2020, 2026, 2007,
            2027, 2018, 2028, 2016, 2029, 2011, 2030, 2029, 2016, 2024, 2020, 2014, 2027, 2021, 2018, 2026, 2020, 2024, 2030, 2031, 2029, 2032, 2026, 2024,
            2024, 2025, 2032, 2025, 2033, 2032, 2034, 2035, 1927, 1952, 2034, 1927, 2036, 2037, 2038, 2021, 2027, 2039, 2039, 2038, 2021, 2040, 2031, 2030,
            2041, 2042, 2032, 2032, 2033, 2041, 2001, 1989, 2035, 2043, 2025, 2014, 2044, 1984, 1979, 2033, 2025, 2045, 2046, 2033, 2045, 2039, 2036, 2038,
            2045, 2047, 2046, 2047, 2048, 2046, 2049, 2050, 2016, 2046, 2048, 2033, 1732, 2036, 2051, 2033, 2048, 2041, 2052, 2045, 2053, 2002, 2054, 2028,
            2002, 1967, 2054, 1956, 1967, 2002, 2044, 1979, 2055, 2056, 2055, 1979, 1839, 2052, 2053, 2057, 2041, 2048, 2054, 2027, 2028, 2050, 2030, 2016,
            2047, 2058, 2048, 1988, 2054, 1967, 2057, 2048, 2059, 2059, 2048, 2058, 2049, 2060, 2050, 2061, 2057, 2059, 2050, 2062, 2030, 2060, 2062, 2050,
            2063, 2057, 2061, 2034, 2064, 2001, 2064, 2034, 1952, 2065, 2054, 1988, 2062, 2040, 2030, 2065, 2066, 2027, 2064, 2067, 2001, 2068, 2063, 2061,
            2062, 2069, 2040, 1842, 2070, 2052, 1842, 2071, 2070, 2072, 2039, 2027, 2051, 2039, 2072, 2073, 2062, 2060, 2066, 2072, 2027, 1839, 1842, 2052,
            1841, 2074, 2075, 2051, 2036, 2039, 2073, 2069, 2062, 743, 2076, 742, 1733, 1732, 2051, 751, 742, 2076, 2017, 1991, 2001, 1758, 1759, 2077,
            2078, 2077, 2079, 2077, 2080, 1758, 751, 2081, 2082, 2017, 2001, 2083, 790, 752, 2082, 2083, 2001, 2067, 2084, 2085, 1824, 752, 751, 2082,
            1823, 2084, 1824, 2017, 2083, 2086, 2073, 2087, 2088, 790, 2089, 785, 2085, 2084, 1706, 2086, 2023, 2017, 2090, 2084, 1823, 2077, 2078, 2080,
            1834, 2090, 1823, 2086, 1940, 2023, 790, 2082, 2091, 2031, 2078, 2029, 2091, 2089, 790, 2082, 2092, 2091, 2090, 1706, 2084, 2031, 2080, 2078,
            2093, 2083, 2067, 1706, 2090, 2094, 2095, 2094, 2090, 2089, 2091, 2096, 2097, 2096, 2091, 2040, 2098, 2031, 2099, 2086, 2083, 1727, 1703, 1708,
            2083, 2093, 2099, 2100, 2101, 785, 2102, 1727, 1708, 798, 2101, 658, 2101, 798, 785, 2103, 2104, 1974, 2105, 658, 2101, 2106, 2103, 1974,
            2086, 2107, 1940, 2108, 2105, 2101, 1706, 2094, 1708, 2106, 2109, 2103, 2107, 2086, 2099, 2110, 2107, 2099, 2110, 1944, 2107, 2094, 2102, 1708,
            2104, 1970, 1974, 2104, 2111, 1970, 2100, 785, 2089, 2112, 2102, 2094, 2089, 2096, 2100, 2113, 2114, 1881, 2115, 2114, 2113, 2090, 1834, 2095,
            1834, 1863, 2095, 2103, 2116, 2104, 2101, 2100, 2108, 2103, 2117, 2116, 2118, 2108, 2100, 2119, 2113, 1881, 2091, 2092, 2097, 2120, 2121, 2095,
            2122, 2120, 2123, 2116, 2117, 2124, 2096, 2097, 2125, 2126, 1810, 2115, 2116, 2127, 2128, 2112, 2094, 2095, 1808, 1810, 1815, 2095, 2121, 2112,
            2125, 2100, 2096, 2100, 2125, 2129, 2124, 2130, 2127, 2129, 2118, 2100, 2131, 2132, 2102, 2102, 2112, 2131, 2127, 2130, 2133, 2112, 2121, 2131,
            2133, 2130, 2134, 2135, 2136, 2137, 2118, 2129, 2138, 2122, 2121, 2120, 2139, 2121, 2122, 2124, 2117, 2140, 1977, 2141, 2142, 1945, 2140, 1939,
            2131, 2121, 2143, 2138, 2129, 2144, 2145, 2146, 1972, 2129, 2125, 2144, 2147, 1945, 1951, 1977, 2148, 2141, 2149, 2148, 1977, 2150, 2151, 2125,
            1834, 1833, 1863, 2124, 2140, 2130, 2095, 1863, 2120, 2144, 2125, 2151, 2151, 2152, 2144, 2120, 1863, 2123, 2123, 1863, 1897, 2153, 2152, 2151,
            1973, 1972, 2146, 2148, 1973, 2146, 2154, 2155, 2134, 2148, 2149, 2106, 280, 271, 279, 271, 280, 826, 2156, 2122, 2123, 826, 280, 2157,
            2147, 2140, 1945, 2106, 1973, 2148, 2157, 280, 2005, 2007, 2157, 2005, 2157, 828, 826, 1977, 2142, 1978, 2147, 2154, 2140, 2158, 2147, 1951,
            743, 828, 2076, 1954, 1926, 1722, 1727, 1954, 1722, 2076, 828, 2159, 2157, 2007, 2160, 2109, 2149, 1977, 1727, 2102, 2132, 2132, 2161, 1727,
            2010, 1977, 1976, 2010, 2109, 1977, 2157, 2160, 2162, 828, 2157, 2162, 2162, 2159, 828, 1954, 1727, 2161, 2109, 2106, 2149, 2163, 2162, 2160,
            1964, 1954, 2161, 2159, 2162, 2163, 1964, 2161, 1986, 2164, 2165, 2166, 1974, 1973, 2106, 2167, 2165, 2164, 2010, 2009, 2109, 2168, 2166, 2055,
            2132, 2169, 2170, 2076, 2159, 2081, 2159, 2171, 2081, 2103, 2109, 2009, 2132, 2170, 2161, 2081, 751, 2076, 2165, 2172, 2173, 2082, 2081, 2092,
            2081, 2171, 2092, 2174, 648, 637, 2175, 2176, 2087, 2177, 2170, 2169, 2178, 2159, 2163, 637, 641, 2174, 2163, 2179, 2178, 2180, 2169, 2181,
            2169, 2180, 2177, 2172, 2176, 2175, 2179, 2182, 2178, 2176, 2088, 2087, 2131, 2169, 2132, 2007, 2026, 2183, 2183, 2160, 2007, 2184, 2169, 2131,
            2184, 2131, 2143, 2163, 2160, 2183, 2183, 2179, 2163, 2026, 2032, 2183, 2183, 2032, 2042, 648, 2185, 676, 2042, 2179, 2183, 2161, 2170, 1986,
            2170, 2177, 1986, 2174, 2185, 648, 2182, 2179, 2042, 2042, 2186, 2182, 1986, 2177, 1999, 2187, 1999, 2177, 2188, 2176, 2172, 2180, 2187, 2177,
            2042, 2041, 2186, 1999, 2187, 2003, 1986, 1999, 1987, 2189, 2182, 2186, 2139, 2122, 2156, 2171, 2159, 2178, 2156, 2190, 2139, 2191, 2192, 2185,
            2171, 2178, 2193, 2171, 2194, 2092, 2195, 2184, 2143, 2092, 2194, 2196, 2121, 2139, 2143, 2143, 2139, 2195, 2171, 2193, 2194, 2197, 2188, 2167,
            2178, 2198, 2193, 2105, 639, 658, 2139, 2199, 2200, 2200, 2201, 2202, 2195, 2139, 2200, 2203, 2204, 2205, 2206, 2195, 2207, 2200, 2207, 2195,
            2194, 2193, 2208, 2209, 2203, 2205, 2210, 641, 639, 2193, 2198, 2208, 2178, 2182, 2198, 2201, 2211, 2202, 2210, 639, 2105, 2212, 2203, 2213,
            2214, 2211, 2215, 2202, 2211, 2214, 2210, 2174, 641, 2216, 2210, 2105, 2196, 2097, 2092, 2217, 2200, 2202, 2218, 2200, 2217, 2212, 2219, 2188,
            2196, 2194, 2220, 2220, 2194, 2208, 2214, 2217, 2202, 2220, 2097, 2196, 2105, 2108, 2216, 2118, 2216, 2108, 2221, 2098, 2069, 2218, 2207, 2200,
            2216, 2222, 2223, 2220, 2125, 2097, 2224, 2218, 2217, 2225, 2221, 2069, 2216, 2223, 2210, 2226, 2125, 2220, 2224, 2217, 2227, 2228, 2217, 2214,
            2073, 2225, 2069, 2041, 2057, 2186, 2210, 2223, 2229, 2217, 2228, 2227, 2063, 2186, 2057, 2186, 2063, 2230, 2227, 2231, 2232, 2174, 2210, 2229,
            2233, 2221, 2225, 2221, 2233, 2234, 2230, 2189, 2186, 2123, 1897, 2156, 2235, 2189, 2230, 2174, 2229, 2185, 1897, 2236, 2156, 2156, 2236, 2190,
            1898, 2236, 1897, 2191, 2185, 2229, 2237, 2230, 2063, 2230, 2237, 2238, 2239, 1758, 2080, 2138, 2222, 2118, 2240, 2235, 2230, 2222, 2216, 2118,
            2238, 2240, 2230, 1914, 1898, 1907, 1914, 2236, 1898, 2190, 2236, 2211, 2208, 2198, 2241, 2211, 2236, 2215, 2215, 2236, 1914, 2242, 2241, 2243,
            2182, 2189, 2198, 2244, 2245, 2239, 1758, 2239, 1761, 2199, 2190, 2201, 2198, 2189, 2241, 2189, 2235, 2241, 2201, 2190, 2211, 1769, 1761, 1781,
            2239, 1781, 1761, 2223, 2222, 2246, 2190, 2199, 2139, 2245, 1781, 2239, 2200, 2199, 2201, 1915, 2215, 1914, 2235, 2243, 2241, 2080, 2031, 2098,
            2247, 2243, 2235, 2098, 2248, 2080, 2138, 2246, 2222, 2246, 2138, 2249, 2214, 2215, 2250, 2240, 2247, 2235, 2248, 2239, 2080, 2251, 2252, 2253,
            2069, 2098, 2040, 2254, 2242, 2243, 2244, 2239, 2248, 2255, 2256, 2252, 2252, 2257, 2255, 2252, 2256, 2253, 2258, 2240, 2238, 2259, 2260, 2261,
            2262, 2138, 2144, 2263, 2247, 2240, 2256, 2259, 2253, 2221, 2244, 2248, 2240, 2258, 2263, 2260, 2259, 2256, 2263, 2264, 2247, 2138, 2262, 2249,
            2243, 2247, 2254, 2265, 2254, 2247, 2184, 2181, 2169, 2181, 2266, 2180, 2265, 2247, 2264, 2267, 2229, 2223, 2267, 2191, 2229, 2268, 1782, 1781,
            2258, 2269, 2263, 2270, 2266, 2181, 2271, 2266, 2270, 2269, 2264, 2263, 2264, 2269, 2272, 2246, 2267, 2223, 2273, 2268, 1781, 2184, 2195, 2181,
            1716, 2265, 2264, 1716, 2274, 2265, 2275, 2191, 2267, 2264, 2272, 1716, 2272, 2276, 1716, 2195, 2270, 2181, 2206, 2270, 2195, 2237, 2063, 2068,
            2277, 2267, 2246, 2206, 2278, 2270, 2279, 1790, 1782, 2268, 2279, 1782, 2278, 2271, 2270, 2280, 2238, 2237, 2280, 2258, 2238, 2244, 2281, 2245,
            2245, 2281, 2282, 2283, 2003, 2187, 2246, 2249, 2277, 2180, 2266, 2187, 2187, 2266, 2283, 2074, 2280, 2237, 2273, 1781, 2245, 2267, 2277, 2275,
            2245, 2282, 2273, 2284, 2258, 2280, 2284, 2269, 2258, 2285, 2284, 2280, 2286, 2275, 2277, 2269, 2284, 2272, 2268, 2287, 2279, 2220, 2208, 2288,
            2283, 2266, 2271, 2283, 2271, 2289, 2287, 2273, 2282, 2242, 2208, 2241, 681, 671, 685, 2242, 2288, 2208, 2003, 2283, 2290, 2226, 2220, 2288,
            2221, 2248, 2098, 2283, 2289, 2290, 681, 685, 2291, 2292, 2293, 2294, 2221, 2281, 2244, 2278, 2206, 2207, 2278, 2207, 2224, 2288, 2242, 2295,
            2224, 2207, 2218, 2271, 2278, 2296, 676, 2185, 2192, 2288, 2297, 2226, 2234, 2281, 2221, 2192, 685, 676, 2296, 2289, 2271, 2297, 2288, 2298,
            2278, 2292, 2296, 2293, 2224, 2227, 2125, 2226, 2150, 2293, 2278, 2224, 2232, 2293, 2227, 2297, 2150, 2226, 2232, 2294, 2293, 2299, 2291, 2192,
            2292, 2278, 2293, 2234, 2300, 2281, 2150, 2297, 2301, 2191, 2299, 2192, 2150, 2301, 2153, 2300, 2282, 2281, 2302, 2282, 2300, 2153, 2151, 2150,
            2291, 685, 2192, 2296, 2303, 2289, 2295, 2298, 2288, 2298, 2301, 2297, 2290, 2304, 2305, 2306, 2298, 2295, 2290, 2289, 2304, 2303, 2304, 2289,
            2302, 2287, 2282, 2287, 2302, 2307, 1742, 2298, 2306, 2295, 2242, 2254, 682, 681, 2308, 2308, 407, 682, 2304, 2303, 2309, 2254, 2265, 2274,
            2303, 2310, 2309, 2274, 2295, 2254, 2309, 2310, 2311, 2312, 1790, 2279, 2274, 2306, 2295, 2313, 2308, 681, 1711, 2306, 2274, 2279, 2314, 2312,
            2310, 2296, 2292, 2310, 2303, 2296, 1711, 1721, 2306, 2310, 2292, 2315, 2274, 1716, 1711, 407, 1697, 404, 2316, 2317, 2318, 2306, 1721, 1742,
            2257, 2318, 2317, 2319, 2320, 2321, 2279, 2287, 2307, 2153, 2301, 2322, 1697, 407, 2308, 1751, 2322, 2301, 1734, 2319, 2323, 2314, 2279, 2307,
            2313, 681, 2291, 2320, 2319, 1714, 2324, 2314, 2307, 2324, 2325, 2314, 2314, 2325, 2326, 1714, 2319, 1749, 1692, 2327, 1690, 2328, 2326, 2325,
            1742, 2301, 2298, 2301, 1742, 1751, 2312, 1877, 1790, 1742, 1743, 1751, 2322, 1751, 1753, 1731, 2322, 1753, 1920, 1889, 1877, 1877, 2312, 1920,
            2329, 2308, 2313, 2326, 1920, 2312, 2314, 2326, 2312, 2326, 2330, 1920, 2275, 2299, 2191, 2276, 1712, 1716, 2299, 2275, 2331, 2332, 2331, 2275,
            1799, 1712, 2276, 2333, 2272, 2284, 2291, 2299, 2331, 2291, 2331, 2334, 2333, 2276, 2272, 2328, 2330, 2326, 2291, 2334, 2313, 2335, 2276, 2333,
            2335, 1799, 2276, 2330, 1919, 1920, 1724, 1742, 1721, 2330, 2336, 1919, 2286, 2337, 2332, 2334, 2331, 2338, 2339, 2340, 2336, 1906, 1919, 1934,
            2332, 2338, 2331, 1934, 1919, 2336, 2340, 1934, 2336, 2341, 2342, 1934, 2340, 2341, 1934, 2328, 2343, 2330, 2343, 2339, 2330, 2329, 2313, 2344,
            2339, 2336, 2330, 2345, 2329, 2344, 2346, 2340, 2339, 2347, 2340, 2346, 2346, 2339, 2343, 2334, 2344, 2313, 2307, 2302, 2324, 2348, 2334, 2338,
            2348, 2344, 2334, 2349, 2325, 2324, 2324, 2302, 2350, 2350, 2351, 2324, 2349, 2324, 2351, 2352, 2353, 2348, 2344, 2348, 2345, 2348, 2353, 2345,
            2349, 2354, 2325, 2325, 2354, 2328, 2355, 2354, 2349, 2275, 2286, 2332, 2349, 2351, 2355, 2356, 2355, 2351, 2152, 2262, 2144, 2357, 2262, 2152,
            2354, 2343, 2328, 2262, 2357, 2249, 2357, 2358, 2249, 2354, 2355, 2359, 2359, 2360, 2354, 2356, 2359, 2355, 2153, 2357, 2152, 2361, 2357, 2153,
            2362, 2360, 2359, 2358, 2357, 2363, 2358, 2363, 2364, 2360, 2343, 2354, 2361, 2363, 2357, 2343, 2365, 2346, 2366, 2365, 2343, 2249, 2364, 2277,
            2343, 2360, 2366, 2364, 2367, 2277, 2366, 2360, 2362, 2277, 2367, 2286, 2362, 2368, 2366, 2219, 2369, 2370, 2370, 2369, 2371, 2372, 2371, 2369,
            2373, 2374, 2375, 2364, 2249, 2358, 2372, 2376, 2371, 2363, 2377, 2364, 2378, 2375, 2376, 2375, 2378, 2379, 2322, 2361, 2153, 2379, 2373, 2375,
            2380, 2373, 2379, 1731, 2361, 2322, 2381, 2382, 2383, 2384, 2377, 2363, 2384, 2363, 2361, 2212, 2385, 2219, 2369, 2385, 2372, 2361, 1731, 2384,
            2386, 2372, 2385, 1730, 2384, 1731, 2382, 2385, 2383, 2367, 2387, 2388, 2387, 2367, 2377, 2389, 2390, 2382, 2377, 2391, 2387, 2387, 2391, 2392,
            2386, 2378, 2372, 2393, 2378, 2386, 2377, 2367, 2364, 2376, 2372, 2378, 2384, 1730, 2377, 2379, 2394, 2395, 2378, 2393, 2394, 1730, 1741, 2391,
            2391, 2377, 1730, 2394, 2393, 2396, 2396, 2395, 2394, 2390, 2393, 2386, 2397, 2393, 2390, 1741, 2392, 2391, 1748, 2392, 1741, 2398, 2396, 2393,
            2332, 2337, 2338, 2399, 2338, 2337, 2352, 2338, 2399, 2398, 2400, 2396, 2395, 2380, 2379, 2395, 2401, 2380, 2352, 2348, 2338, 2401, 2395, 2402,
            2400, 2395, 2396, 2400, 2403, 2395, 2403, 2402, 2395, 2404, 2352, 2399, 2400, 2405, 2403, 2404, 2353, 2352, 2404, 2406, 2353, 2406, 2404, 2407,
            2405, 2400, 2398, 2404, 2399, 2408, 2409, 2402, 2403, 2409, 2403, 2405, 2404, 2408, 2410, 2411, 2412, 2409, 2413, 2407, 2404, 2411, 2409, 2414,
            2404, 2410, 2413, 2413, 2410, 1818, 2373, 2380, 2415, 2416, 2417, 2356, 2418, 2413, 2419, 2413, 1818, 2419, 2356, 2417, 2420, 1824, 2419, 1817,
            2421, 2417, 2380, 2401, 2421, 2380, 2286, 2367, 2422, 2422, 2337, 2286, 2421, 2420, 2417, 2423, 2420, 2421, 2422, 2399, 2337, 2422, 2367, 2388,
            2423, 2421, 2401, 2424, 2356, 2420, 2424, 2359, 2356, 2408, 2399, 2422, 2408, 2422, 2388, 2425, 2359, 2424, 2425, 2362, 2359, 2425, 2368, 2362,
            2426, 2425, 2424, 2387, 2427, 2388, 2427, 2387, 2392, 2392, 1795, 2427, 2427, 2408, 2388, 2423, 2424, 2420, 2428, 2424, 2423, 2408, 2427, 2410,
            2427, 1795, 2410, 2426, 2424, 2428, 1795, 2392, 1748, 2428, 2429, 2426, 2429, 2430, 2426, 2401, 2402, 2423, 2412, 2423, 2402, 2402, 2409, 2412,
            2428, 2423, 2431, 2432, 2428, 2431, 1795, 1818, 2410, 1796, 1818, 1795, 2429, 2428, 2432, 1817, 2419, 1818, 2433, 2429, 2432, 1752, 1731, 1753,
            2411, 2431, 2412, 1697, 2308, 1696, 2411, 2434, 2431, 2435, 2434, 2411, 2414, 2435, 2411, 2432, 2431, 2434, 2329, 1696, 2308, 2432, 2434, 2433,
            2436, 1715, 1696, 2436, 1696, 2329, 2437, 2436, 2329, 2438, 2439, 2434, 2436, 2437, 1755, 2315, 2292, 2294, 1755, 1715, 2436, 2440, 2315, 2294,
            2329, 2345, 2437, 2441, 2315, 2440, 2441, 2310, 2315, 2437, 2345, 2353, 2441, 2442, 2443, 2443, 2444, 2311, 2445, 1755, 2437, 2310, 2441, 2311,
            2446, 1755, 2445, 2311, 2441, 2443, 1755, 2446, 1754, 2441, 2440, 2442, 1754, 2446, 1864, 2447, 2443, 2442, 2437, 2353, 2406, 2406, 2448, 2437,
            2447, 2444, 2443, 2448, 2445, 2437, 2449, 2450, 2451, 2448, 1864, 2445, 2452, 2450, 2453, 2453, 2454, 2452, 1864, 2448, 2455, 2453, 2450, 2456,
            2448, 2457, 2455, 2458, 2459, 2460, 2457, 2461, 2455, 2462, 2458, 2460, 2407, 2448, 2406, 1830, 2463, 2464, 2448, 2407, 2457, 2418, 2457, 2407,
            1846, 2463, 1830, 1846, 2465, 2463, 2465, 2460, 2463, 2446, 2445, 1864, 1754, 1864, 1771, 1695, 1864, 2455, 2465, 2462, 2460, 1864, 2466, 1865,
            1864, 1695, 2466, 1856, 2462, 2465, 1856, 2467, 2462, 2461, 1695, 2455, 1856, 2465, 1846, 1856, 1846, 1853, 1695, 1694, 2466, 2466, 1694, 1865,
            1856, 2468, 2467, 2468, 1856, 1855, 2418, 2407, 2413, 1917, 2468, 1855, 2457, 2418, 2461, 2469, 2461, 2418, 1707, 2461, 2469, 2419, 2469, 2418,
            2469, 2419, 1824, 2085, 2469, 1824, 2469, 2085, 1707, 1707, 2085, 1706, 1695, 2461, 1693, 1707, 1693, 2461, 2470, 2471, 2472, 2470, 2473, 2471,
            2474, 2475, 2472, 2472, 2471, 2474, 2476, 2477, 2475, 2476, 2475, 2474, 1838, 1843, 1839, 1842, 1839, 1843, 2023, 1940, 1939, 2478, 1843, 1838,
            2479, 1841, 1843, 2107, 1944, 1938, 2478, 2479, 1843, 2480, 2479, 2478, 1765, 2481, 1767, 2478, 1838, 2477, 2482, 2483, 2484, 2485, 2483, 2482,
            2486, 2483, 2485, 970, 2470, 957, 970, 2473, 2470, 2484, 2483, 2487, 970, 969, 2488, 2488, 2473, 970, 2489, 2490, 2483, 2491, 2473, 2488,
            2491, 2488, 2492, 2489, 2493, 2490, 2491, 2471, 2473, 2494, 2495, 2490, 2493, 2494, 2490, 2477, 2496, 1866, 2496, 2477, 2476, 2486, 2489, 2483,
            2471, 2476, 2474, 2497, 2476, 2471, 2486, 2493, 2489, 2471, 2491, 2497, 1892, 2497, 2491, 2497, 2496, 2476, 1975, 1969, 2494, 2498, 1767, 2481,
            2498, 1779, 1767, 2499, 1975, 2494, 2500, 1779, 2498, 2501, 2496, 2497, 2500, 1786, 1779, 1786, 2500, 1993, 1993, 1888, 1786, 1958, 1960, 1975,
            1958, 1975, 2499, 1866, 2478, 2477, 1868, 2480, 2478, 1868, 2478, 1866, 1960, 1995, 1966, 2006, 1875, 1888, 1869, 2480, 1868, 2019, 1875, 2006,
            1888, 1993, 2006, 2502, 2499, 2493, 1869, 2503, 2480, 2493, 2499, 2494, 2486, 2502, 2493, 2479, 2503, 2504, 2019, 1884, 1875, 2502, 1980, 2499,
            2505, 1884, 2019, 2022, 2505, 2019, 2503, 1873, 2506, 1980, 1958, 2499, 2506, 2507, 2504, 2506, 2504, 2503, 1958, 1980, 1984, 1958, 1984, 1959,
            2506, 2508, 2507, 2509, 2505, 2510, 1972, 2485, 2145, 2509, 1902, 1884, 2485, 1972, 1971, 2485, 1971, 2486, 2509, 1910, 1902, 2506, 2511, 2508,
            2512, 1915, 1910, 1910, 2509, 2512, 2480, 2503, 2479, 2513, 1915, 2512, 1884, 2505, 2509, 2510, 2318, 2509, 2486, 1971, 2514, 1869, 1873, 2503,
            2509, 2318, 2512, 998, 2004, 273, 2013, 2004, 998, 2318, 2513, 2512, 1006, 2013, 998, 2043, 2013, 1006, 2043, 2014, 2013, 1882, 2506, 1873,
            2511, 2506, 1882, 1970, 2111, 1971, 1971, 2111, 2514, 1006, 998, 291, 1981, 2514, 2111, 300, 1006, 293, 1882, 1881, 2511, 1950, 1946, 1797,
            2515, 1006, 300, 2516, 1950, 1797, 1946, 1950, 2481, 2128, 1981, 2111, 2481, 1765, 1946, 1006, 2515, 2043, 2481, 1950, 1949, 2514, 1981, 2502,
            2517, 1950, 2516, 1012, 2515, 300, 1831, 2515, 1012, 2515, 1831, 2518, 1948, 1950, 2517, 2053, 2043, 2515, 2518, 2053, 2515, 1982, 1981, 2128,
            1831, 2519, 2518, 2025, 2043, 2520, 1948, 2521, 1949, 2045, 2025, 2520, 1948, 1957, 2521, 1982, 2056, 1979, 2522, 2056, 1982, 2043, 2053, 2520,
            2486, 2514, 2502, 1867, 2523, 1869, 2517, 2524, 2525, 1872, 1869, 2523, 2052, 2047, 2045, 1981, 1980, 2502, 1867, 1866, 2496, 2501, 1867, 2496,
            2526, 2053, 2518, 2525, 1948, 2517, 1948, 2525, 1961, 1961, 1957, 1948, 2053, 2045, 2520, 2070, 2047, 2052, 2487, 2525, 2524, 2527, 2525, 2487,
            2501, 2528, 1867, 2483, 2527, 2487, 2047, 2070, 2058, 2070, 2059, 2058, 2483, 2490, 2527, 2071, 2059, 2070, 2495, 2527, 2490, 2071, 2061, 2059,
            2527, 1961, 2525, 2495, 1961, 2527, 1867, 2528, 2523, 2075, 2061, 2071, 2068, 2061, 2075, 1879, 2523, 2529, 2528, 2529, 2523, 2494, 1969, 2495,
            1961, 2495, 1955, 1842, 2075, 2071, 2075, 1842, 1841, 1969, 1955, 2495, 1874, 1880, 1873, 1998, 2530, 1985, 1998, 2011, 2530, 1996, 2012, 1998,
            2068, 2075, 2074, 1873, 1880, 1882, 1879, 1872, 2523, 1985, 1966, 1995, 1959, 2044, 2012, 1985, 2530, 1988, 2012, 1996, 1959, 1949, 2498, 2481,
            2500, 2498, 2521, 1880, 2119, 1881, 1949, 2521, 2498, 2049, 2016, 2012, 1994, 2500, 2521, 1887, 1880, 1874, 1887, 1874, 2531, 1993, 2500, 1994,
            1880, 1887, 2119, 1957, 1994, 2521, 1887, 2137, 2119, 1994, 1963, 1997, 2531, 1874, 1879, 1959, 1984, 2044, 2008, 2022, 2019, 1879, 1885, 2531,
            1997, 2028, 1992, 1885, 1887, 2531, 2049, 2012, 2044, 2018, 1992, 2028, 2002, 2028, 1997, 2008, 2018, 2021, 1885, 2532, 1886, 2022, 2510, 2505,
            2533, 1887, 1886, 2021, 2038, 2022, 2510, 2022, 2038, 2510, 2038, 2037, 2168, 2055, 2056, 2534, 2533, 1886, 2510, 2037, 2316, 2055, 2049, 2044,
            2316, 2037, 2036, 2534, 2142, 2533, 2036, 2323, 2316, 969, 993, 2488, 2165, 2055, 2166, 2165, 2173, 2055, 2049, 2055, 2173, 993, 2492, 2488,
            1732, 2323, 2036, 2173, 2060, 2049, 2318, 2510, 2316, 993, 996, 2492, 2027, 2054, 2065, 1893, 2491, 2492, 2065, 1988, 2066, 2530, 2066, 1988,
            2535, 1893, 2492, 2072, 2066, 2079, 2079, 1759, 2072, 996, 2535, 2492, 2051, 2072, 1759, 996, 997, 1008, 1759, 1733, 2051, 2087, 2073, 2060,
            1008, 2535, 996, 2536, 2535, 1008, 2530, 2079, 2066, 2535, 1895, 1893, 2078, 2079, 2530, 2077, 1759, 2079, 1895, 2535, 2536, 2491, 1893, 1892,
            2537, 2497, 1892, 2029, 2530, 2011, 2029, 2078, 2530, 2537, 2501, 2497, 2501, 2537, 2538, 1891, 2537, 1892, 2538, 2537, 2539, 1900, 1891, 1895,
            2128, 2111, 2104, 1891, 2539, 2537, 2104, 2116, 2128, 2074, 2237, 2068, 1901, 2539, 1891, 2285, 2280, 2074, 2103, 1939, 2117, 2074, 1841, 2504,
            1841, 2479, 2504, 2504, 2285, 2074, 2504, 2507, 2285, 2507, 2284, 2285, 1905, 2536, 1008, 2127, 2522, 2128, 2522, 1982, 2128, 2536, 1911, 1895,
            2522, 2127, 2133, 1008, 1007, 1905, 2522, 2168, 2056, 1905, 1007, 2540, 1009, 2540, 1007, 2133, 2168, 2522, 2133, 2541, 2168, 2536, 1905, 1911,
            1903, 1905, 2540, 2127, 2116, 2124, 2133, 2134, 2541, 1913, 1901, 1900, 2155, 2541, 2134, 2103, 2023, 1939, 2228, 2214, 2251, 2140, 2117, 1939,
            2231, 2227, 2228, 1938, 1945, 1939, 2542, 2333, 2284, 2507, 2542, 2284, 2508, 2542, 2507, 2543, 1918, 1904, 2140, 2134, 2130, 1913, 1918, 1935,
            2544, 2335, 2333, 1936, 1935, 1918, 2140, 2154, 2134, 2250, 1915, 2513, 2215, 1915, 2250, 2250, 2513, 2252, 2544, 1799, 2335, 2545, 2155, 2154,
            2252, 2251, 2250, 1799, 2544, 1798, 2251, 2214, 2250, 2542, 2544, 2333, 2546, 2544, 2542, 2253, 2228, 2251, 2538, 2528, 2501, 2508, 2546, 2542,
            2547, 2528, 2538, 1809, 2544, 2546, 2513, 2257, 2252, 2318, 2257, 2513, 2548, 2545, 2154, 1809, 1811, 2544, 2158, 2154, 2147, 2547, 2529, 2528,
            2538, 2539, 2547, 2548, 2154, 2549, 2550, 2547, 2539, 2259, 2231, 2228, 2228, 2253, 2259, 1728, 1700, 1702, 2550, 2539, 1901, 2259, 2261, 2231,
            2541, 2166, 2168, 2260, 2551, 2261, 2327, 2256, 2255, 1690, 2327, 2255, 2529, 2552, 1879, 2327, 2260, 2256, 2547, 2552, 2529, 2164, 2166, 2541,
            2547, 1925, 2552, 1692, 2260, 2327, 2547, 2550, 1923, 2547, 1923, 1925, 1728, 2553, 1700, 2553, 2554, 1700, 1705, 1700, 2554, 2555, 2554, 2553,
            2554, 1787, 1705, 2167, 2172, 2165, 1879, 2552, 1885, 2552, 2556, 1885, 2516, 1797, 1787, 2557, 2516, 1787, 2060, 2173, 2087, 2175, 2087, 2173,
            1787, 2554, 2557, 1925, 2556, 2552, 2557, 2554, 2555, 2172, 2175, 2173, 2517, 2557, 2524, 2556, 2532, 1885, 2556, 2558, 2532, 2532, 2558, 2534,
            2517, 2516, 2557, 1728, 1712, 1799, 2532, 2534, 1886, 1808, 1805, 1798, 1820, 1805, 1814, 1808, 1798, 1811, 1811, 1798, 2544, 2188, 2172, 2167,
            1925, 1924, 2556, 1924, 2558, 2556, 2260, 1826, 2551, 1829, 2551, 1826, 2176, 2219, 2370, 1819, 1814, 1815, 2188, 2219, 2176, 2035, 2558, 1924,
            1734, 2323, 1732, 1820, 1819, 1827, 1805, 2553, 1728, 2559, 2541, 2155, 2559, 2164, 2541, 1928, 2550, 1901, 1805, 2555, 2553, 2321, 2257, 2317,
            2323, 2317, 2316, 1928, 1923, 2550, 2321, 2317, 2319, 2155, 2545, 2559, 1913, 1928, 1901, 2560, 2164, 2559, 1913, 1935, 1928, 2255, 2257, 2321,
            2524, 2557, 2555, 2545, 2560, 2559, 1820, 2555, 1805, 1690, 2255, 2321, 1828, 2555, 1820, 2321, 2320, 1690, 1691, 1690, 2320, 2164, 2560, 2167,
            2317, 2323, 2319, 2560, 2204, 2167, 2555, 1828, 2524, 2319, 1734, 1749, 2487, 1828, 1827, 2487, 2524, 1828, 2561, 2560, 2545, 2545, 2548, 2561,
            2562, 2487, 1827, 1826, 2260, 1692, 1013, 1076, 1832, 1692, 1718, 1826, 1691, 2320, 1714, 2560, 2561, 2205, 2204, 2560, 2205, 2526, 2518, 2519,
            1832, 2519, 1831, 2563, 2519, 1832, 2204, 2197, 2167, 1832, 1076, 2563, 1927, 2035, 1924, 2472, 1076, 956, 2472, 2563, 1076, 2563, 2472, 2475,
            2203, 2197, 2204, 2142, 2534, 1978, 2053, 2526, 1839, 2526, 2519, 2564, 2534, 1990, 1978, 2203, 2212, 2197, 2564, 1839, 2526, 1837, 1839, 2564,
            2564, 2519, 2563, 2564, 2563, 2475, 2212, 2213, 2383, 2564, 2475, 1837, 2035, 1990, 2558, 2558, 1990, 2534, 2477, 1838, 1837, 2035, 1989, 1990,
            2212, 2188, 2197, 2477, 1837, 2475, 1830, 2464, 1825, 1825, 2464, 1829, 956, 957, 2472, 2470, 2472, 957, 2088, 2225, 2073, 2034, 2001, 2035,
            2234, 2233, 2565, 1940, 2107, 1938, 2511, 2546, 2508, 2268, 2273, 2287, 2511, 2114, 1809, 2511, 1809, 2546, 2115, 1809, 2114, 1809, 2115, 1810,
            2114, 2511, 1881, 2566, 2300, 2565, 2137, 2113, 2119, 2300, 2234, 2565, 2374, 2566, 2565, 2126, 2567, 1810, 2566, 2302, 2300, 2566, 2350, 2302,
            2567, 1815, 1810, 1815, 2567, 2568, 2126, 2115, 2113, 2136, 2126, 2113, 2136, 2569, 2126, 2569, 2567, 2126, 1819, 1815, 2568, 1819, 2562, 1827,
            2562, 1819, 2568, 2482, 2562, 2568, 2562, 2482, 2484, 2570, 2568, 2567, 2570, 2482, 2568, 2569, 2570, 2567, 2145, 2482, 2570, 2571, 2350, 2566,
            2482, 2145, 2485, 2571, 2416, 2350, 2416, 2351, 2350, 2484, 2487, 2562, 2136, 2113, 2137, 2137, 1887, 2533, 2533, 2135, 2137, 2416, 2356, 2351,
            2569, 2136, 2572, 2135, 2141, 2136, 2141, 2572, 2136, 2142, 2135, 2533, 2135, 2142, 2141, 2573, 2088, 2370, 2225, 2088, 2573, 2572, 2570, 2569,
            2574, 2233, 2225, 2572, 2146, 2570, 2573, 2574, 2225, 2570, 2146, 2145, 2574, 2565, 2233, 2574, 2573, 2370, 2148, 2572, 2141, 2572, 2148, 2146,
            2088, 2176, 2370, 2574, 2370, 2371, 2371, 2375, 2574, 2374, 2574, 2375, 2574, 2374, 2565, 2023, 2103, 2009, 2373, 2415, 2374, 2375, 2371, 2376,
            2369, 2219, 2385, 2385, 2212, 2383, 2390, 2386, 2385, 2382, 2390, 2385, 2394, 2379, 2378, 2415, 2566, 2374, 2415, 2571, 2566, 2571, 2417, 2416,
            2415, 2380, 2571, 2380, 2417, 2571, 2412, 2431, 2423, 2575, 2232, 2231, 2575, 2231, 2261, 2575, 2576, 2232, 2232, 2576, 2294, 2577, 2294, 2576,
            2577, 2440, 2294, 2440, 2451, 2442, 2452, 2447, 2442, 2451, 2440, 2577, 2449, 2451, 2577, 2451, 2450, 2442, 2450, 2452, 2442, 2454, 2578, 2452,
            2578, 2447, 2452, 2261, 2576, 2575, 2579, 2576, 2261, 2261, 2551, 2579, 2576, 2579, 2577, 2580, 2577, 2579, 2580, 2449, 2577, 2581, 2580, 2579,
            2581, 2579, 2551, 1829, 2581, 2551, 2464, 2581, 1829, 2581, 2464, 2580, 2464, 2582, 2580, 2580, 2456, 2449, 2456, 2580, 2459, 2459, 2453, 2456,
            2456, 2450, 2449, 2582, 2459, 2580, 2463, 2582, 2464, 2460, 2459, 2582, 2582, 2463, 2460, 2453, 2459, 2458, 2583, 2584, 2585, 2586, 2587, 2588,
            2583, 2585, 2589, 1166, 1128, 2590, 2586, 2588, 2591, 2592, 2593, 2594, 1169, 1150, 1160, 2595, 2593, 2596, 1169, 1160, 1166, 2591, 2597, 2586,
            2598, 2599, 1169, 2600, 2601, 2583, 2602, 2603, 2604, 2598, 2605, 2599, 2591, 2606, 2597, 2600, 2583, 2607, 2607, 2583, 2589, 2606, 2608, 2597,
            2602, 2596, 2603, 2609, 2600, 2607, 1174, 1177, 1172, 2608, 2610, 2597, 1177, 1174, 2611, 2589, 2585, 2612, 1182, 1179, 1177, 2589, 2612, 2613,
            1182, 1177, 2611, 2614, 1183, 1182, 2614, 1324, 1183, 2615, 2602, 2604, 2616, 2615, 2617, 2618, 1182, 2619, 1182, 2618, 2614, 2620, 2606, 2305,
            2621, 2612, 2622, 2602, 2623, 2596, 2624, 2606, 2620, 2612, 2621, 2613, 2625, 1198, 1201, 2625, 2626, 1198, 2623, 2602, 2616, 2627, 1171, 2626,
            1174, 1171, 2627, 2628, 2589, 2613, 2595, 2596, 2623, 2629, 1174, 2627, 1198, 2626, 1171, 2628, 2630, 2589, 2607, 2589, 2630, 2626, 2625, 2631,
            2626, 2631, 2627, 2632, 2608, 2624, 2609, 2607, 2630, 2627, 2633, 2629, 2624, 2608, 2606, 2627, 2631, 2633, 2621, 2628, 2613, 2634, 2635, 2621,
            1201, 1157, 1169, 1201, 1169, 2625, 2628, 2621, 2635, 2616, 2636, 2623, 2599, 2625, 1169, 2637, 2601, 2600, 2638, 2608, 2632, 2639, 2640, 2641,
            2600, 2609, 2637, 2595, 2594, 2593, 2642, 2637, 2643, 2643, 2637, 2609, 2599, 2644, 2625, 2599, 2605, 2644, 2625, 2644, 2645, 2624, 2620, 2646,
            2647, 2643, 2648, 2595, 2649, 2594, 2645, 2631, 2625, 2631, 2645, 2633, 2609, 2630, 2650, 2651, 2632, 2624, 2633, 2645, 2652, 2646, 2651, 2624,
            2633, 2652, 2653, 2609, 2650, 2643, 1174, 2629, 2611, 2654, 2611, 2629, 2633, 2654, 2629, 2655, 2630, 2628, 2655, 2628, 2635, 2654, 1182, 2611,
            2656, 2657, 2641, 2656, 2641, 2640, 2658, 2632, 2651, 2659, 2655, 2635, 2656, 2660, 2657, 2632, 2658, 2661, 2654, 2662, 1182, 2656, 2640, 2663,
            2650, 2630, 2655, 2654, 2664, 2662, 2649, 2640, 2594, 2648, 2643, 2650, 2654, 2633, 2664, 2649, 2665, 2666, 2633, 2653, 2664, 2640, 2649, 2663,
            2666, 2663, 2649, 2662, 2619, 1182, 2667, 2668, 2669, 2670, 2655, 2659, 2655, 2670, 2650, 2671, 2662, 2664, 2648, 2650, 2670, 2618, 2619, 2671,
            2672, 2618, 2671, 2619, 2662, 2671, 2673, 2595, 2623, 2674, 2648, 2670, 2675, 2644, 2605, 2676, 2677, 2678, 2673, 2623, 2679, 2669, 2680, 2681,
            2682, 2683, 2684, 2679, 2665, 2673, 2675, 2685, 2644, 2669, 2668, 2686, 2686, 2680, 2669, 2682, 2687, 2688, 2645, 2685, 2652, 2689, 2623, 2636,
            2690, 2691, 2692, 2634, 2691, 2690, 2680, 2693, 2694, 2645, 2644, 2685, 2634, 2690, 2695, 2679, 2623, 2689, 2690, 2692, 2696, 2685, 2697, 2652,
            2690, 2696, 2698, 2693, 2680, 2699, 2700, 2693, 2699, 2701, 2679, 2689, 2665, 2679, 2702, 2703, 2695, 2704, 2699, 2680, 2705, 2622, 2691, 2634,
            2621, 2622, 2634, 2702, 2679, 2701, 2664, 2653, 2671, 2668, 2706, 2686, 2695, 2635, 2634, 2707, 2635, 2695, 2671, 2708, 2672, 2709, 2686, 2706,
            2707, 2695, 2703, 2701, 2710, 2702, 2649, 2595, 2673, 2711, 2712, 2713, 2709, 2705, 2680, 2714, 2708, 2715, 2653, 2652, 2697, 2716, 2705, 2709,
            2666, 2665, 2717, 2709, 2680, 2686, 2659, 2635, 2707, 2653, 2697, 2671, 2717, 2665, 2702, 2715, 2708, 2671, 2715, 2671, 2697, 2715, 2697, 2718,
            2707, 2703, 2659, 2709, 2706, 2719, 1675, 1597, 2720, 2670, 2659, 2721, 2697, 2685, 2718, 2720, 2722, 1675, 2683, 2688, 2723, 2716, 2709, 2724,
            2683, 2712, 2711, 2709, 2719, 2724, 2718, 2725, 2715, 2723, 2712, 2683, 2726, 2720, 2727, 2722, 2720, 2726, 2718, 2728, 2725, 2723, 2688, 2729,
            2724, 2719, 2730, 2712, 2723, 2731, 2732, 2727, 2733, 2714, 2715, 2734, 2730, 2735, 2724, 2725, 2734, 2715, 2726, 2727, 2736, 2736, 2727, 2732,
            2688, 2683, 2682, 2725, 2728, 2737, 2738, 2732, 2660, 2737, 2734, 2725, 2739, 2667, 2740, 2741, 2734, 2737, 2341, 2742, 2342, 2743, 2734, 2741,
            2341, 2340, 2744, 2347, 2744, 2340, 2745, 2741, 2737, 2341, 2744, 2746, 2747, 2732, 2738, 2736, 2732, 2747, 2341, 2746, 2742, 2746, 2748, 2742,
            2749, 2667, 2739, 2750, 2751, 2748, 734, 733, 1258, 1258, 1129, 734, 2752, 2748, 2746, 2752, 2750, 2748, 2753, 2754, 2747, 733, 1789, 1258,
            2755, 2754, 2753, 2365, 2756, 2347, 2739, 2610, 2638, 2756, 2744, 2347, 2638, 2749, 2739, 2590, 1128, 1258, 1676, 1675, 2722, 2744, 2752, 2746,
            2668, 2667, 2749, 2757, 1258, 1789, 1676, 2758, 1683, 1618, 1683, 2758, 2759, 2744, 2756, 2744, 2759, 2752, 1676, 2722, 2758, 1258, 2757, 2590,
            2722, 2760, 2758, 2761, 2590, 2757, 2706, 2668, 2749, 2762, 2722, 2726, 2763, 2750, 2752, 2760, 2722, 2762, 2757, 1789, 1801, 2764, 2763, 2752,
            2749, 2638, 2765, 2766, 2763, 2764, 2763, 2766, 2767, 2762, 2726, 2736, 2765, 2638, 2661, 1166, 2590, 2598, 2346, 2365, 2347, 2590, 2761, 2598,
            2598, 1169, 1166, 2365, 2768, 2756, 2598, 2761, 2769, 2768, 2759, 2756, 2366, 2768, 2365, 2770, 2719, 2765, 2598, 2769, 2605, 2759, 2768, 2771,
            2765, 2661, 2770, 2759, 2764, 2752, 2757, 1801, 2772, 2773, 2757, 2772, 2771, 2764, 2759, 1619, 1618, 1622, 1618, 2774, 1622, 2758, 2774, 1618,
            2368, 2768, 2366, 2774, 2758, 2760, 1800, 2772, 1801, 2775, 2768, 2368, 2661, 2776, 2770, 2771, 2768, 2775, 2757, 2773, 2761, 2760, 2762, 2777,
            2778, 2775, 2368, 2771, 2775, 2779, 2719, 2770, 2780, 2760, 2777, 2781, 2638, 2632, 2661, 2774, 2760, 2781, 1899, 2772, 1800, 2782, 2779, 2775,
            2776, 2661, 2658, 2776, 2658, 2783, 2772, 2784, 2773, 2749, 2765, 2706, 2764, 2785, 2766, 2764, 2771, 2785, 2784, 2772, 1899, 2765, 2719, 2706,
            2774, 2786, 1622, 2787, 2605, 2769, 2788, 2767, 2766, 2761, 2787, 2769, 2767, 2788, 2789, 2787, 2761, 2773, 2788, 2790, 2789, 2788, 2766, 2785,
            2791, 2774, 2781, 2785, 2771, 2779, 2785, 2779, 2792, 2605, 2787, 2793, 2794, 2719, 2780, 2675, 2605, 2793, 2754, 2777, 2762, 2762, 2736, 2754,
            2795, 2785, 2792, 2719, 2794, 2730, 2796, 2777, 2754, 2795, 2788, 2785, 2797, 2793, 2784, 2781, 2777, 2796, 2784, 2793, 2787, 2798, 2788, 2795,
            2797, 2799, 2793, 2736, 2747, 2754, 2799, 2675, 2793, 2773, 2784, 2787, 2790, 2800, 2801, 2802, 2800, 2790, 2802, 2790, 2788, 2754, 2803, 2796,
            2755, 2803, 2754, 2803, 2755, 2804, 2805, 2806, 2807, 2807, 2808, 2805, 2798, 2802, 2788, 2809, 2802, 2798, 2791, 2781, 2796, 2800, 2802, 2810,
            2807, 2806, 2811, 2685, 2675, 2812, 2675, 2799, 2812, 2809, 2810, 2802, 2810, 2809, 2813, 2811, 2814, 2807, 2815, 2368, 2425, 2784, 2816, 2797,
            2817, 2791, 2796, 1899, 2816, 2784, 2425, 2426, 2815, 2818, 2819, 2820, 2430, 2815, 2426, 2797, 2816, 2821, 2815, 2822, 2778, 2815, 2430, 2822,
            2817, 2796, 2803, 2823, 2824, 2818, 2817, 2803, 2804, 2822, 2825, 2778, 2823, 2818, 2826, 2818, 2827, 2826, 2828, 2660, 2656, 2828, 2656, 2663,
            2827, 2818, 2829, 2825, 2830, 2831, 2831, 2832, 2825, 2738, 2660, 2828, 2368, 2815, 2778, 2775, 2778, 2782, 2782, 2792, 2779, 2826, 2827, 2833,
            2797, 2834, 2835, 2782, 2778, 2825, 2825, 2832, 2782, 2819, 2836, 2820, 2834, 2797, 2821, 2808, 2807, 2836, 2836, 2807, 2820, 2792, 2832, 2837,
            2834, 2821, 2838, 2837, 2795, 2792, 2828, 2663, 2666, 2799, 2797, 2835, 2839, 2828, 2666, 2782, 2832, 2792, 2820, 2807, 2814, 2840, 2835, 2834,
            2841, 2838, 2821, 2820, 2814, 2829, 2829, 2814, 2842, 2828, 2843, 2738, 2844, 2798, 2837, 2845, 2838, 2841, 2738, 2753, 2747, 2845, 2840, 2834,
            2837, 2798, 2795, 2838, 2845, 2834, 2738, 2843, 2753, 2753, 2843, 2846, 2847, 2837, 2832, 2831, 2847, 2832, 2840, 2848, 2849, 2811, 2842, 2814,
            2839, 2843, 2828, 2831, 2850, 2847, 2829, 2818, 2820, 2845, 2848, 2840, 2851, 2843, 2839, 2847, 2850, 2837, 2837, 2850, 2844, 2852, 2842, 2811,
            2852, 2853, 2842, 2854, 2849, 2848, 2846, 2843, 2851, 2848, 2845, 2854, 2855, 2429, 2433, 2856, 2849, 2854, 2857, 2702, 2710, 2429, 2822, 2430,
            2829, 2858, 2827, 2855, 2822, 2429, 2859, 2833, 2827, 2830, 2822, 2855, 2858, 2859, 2827, 2821, 2816, 1908, 2860, 2830, 2855, 2816, 1899, 1908,
            2859, 2858, 2861, 2830, 2860, 2831, 2839, 2666, 2717, 2821, 1908, 1931, 1909, 1931, 1908, 2861, 2862, 2863, 2439, 2855, 2433, 2839, 2717, 2864,
            2858, 2829, 2842, 2433, 2434, 2439, 2702, 2857, 2717, 2857, 2864, 2717, 2865, 2861, 2842, 2858, 2842, 2861, 2866, 2867, 2855, 2821, 1931, 2841,
            2866, 2855, 2439, 2866, 2868, 2867, 2867, 2860, 2855, 2860, 2867, 2869, 2870, 2839, 2864, 1953, 1932, 1933, 1953, 1931, 1932, 2853, 2865, 2842,
            1931, 1953, 2871, 2839, 2870, 2851, 2865, 2862, 2861, 2869, 2831, 2860, 1953, 2872, 2871, 1931, 2871, 2841, 2831, 2869, 2873, 2864, 2874, 2870,
            2875, 2873, 2869, 2876, 2841, 2871, 2877, 2864, 2857, 2878, 2869, 2867, 2877, 2857, 2879, 2875, 2869, 2878, 2877, 2874, 2864, 2867, 2868, 2878,
            2876, 2845, 2841, 2880, 2881, 2865, 2854, 2845, 2876, 2882, 2883, 2884, 2878, 2885, 2875, 2886, 2824, 2823, 2831, 2873, 2850, 2812, 2799, 2887,
            2753, 2846, 2755, 2873, 2888, 2850, 2889, 2890, 2886, 2812, 2718, 2685, 2846, 2891, 2755, 2873, 2875, 2888, 2875, 2892, 2888, 2823, 2889, 2886,
            2835, 2887, 2799, 2891, 2846, 2851, 2887, 2835, 2840, 2893, 2809, 2798, 2893, 2798, 2844, 2887, 2728, 2812, 2812, 2728, 2718, 2894, 2823, 2826,
            2894, 2889, 2823, 2809, 2895, 2813, 2896, 2891, 2851, 2893, 2895, 2809, 2826, 2833, 2894, 2728, 2887, 2897, 2804, 2755, 2891, 2898, 2804, 2891,
            2899, 2889, 2900, 2901, 2813, 2895, 2902, 2893, 2844, 2897, 2887, 2840, 2888, 2902, 2850, 2850, 2902, 2844, 2903, 2804, 2898, 2904, 2905, 2899,
            2906, 2899, 2900, 2904, 2899, 2906, 2907, 2728, 2897, 2908, 2900, 2909, 2896, 2898, 2891, 2893, 2910, 2895, 2901, 2895, 2910, 2911, 2907, 2897,
            2910, 2893, 2902, 2912, 2910, 2902, 2913, 2903, 2896, 2908, 2906, 2900, 2903, 2898, 2896, 2914, 2910, 2912, 2896, 2851, 2870, 2849, 2897, 2840,
            2901, 2915, 2813, 2896, 2870, 2916, 2908, 2909, 2917, 2897, 2849, 2856, 2915, 2901, 2918, 2897, 2856, 2919, 2910, 2914, 2901, 2911, 2897, 2919,
            2920, 2921, 2922, 2923, 2870, 2874, 2870, 2923, 2916, 2914, 2918, 2901, 2918, 2924, 2915, 2865, 2881, 2862, 2918, 2925, 2924, 2918, 2926, 2925,
            2737, 2728, 2907, 2862, 2881, 2927, 2881, 2921, 2927, 2914, 2926, 2918, 2737, 2907, 2928, 2929, 2916, 2923, 2925, 2926, 2930, 2931, 2930, 2926,
            2923, 2874, 2932, 2928, 2745, 2737, 2928, 2933, 2745, 2934, 2892, 2875, 2881, 2880, 2922, 2881, 2922, 2921, 2892, 2902, 2888, 2928, 2907, 2911,
            2928, 2911, 2935, 2927, 2863, 2862, 2913, 2896, 2916, 2935, 2936, 2928, 2937, 2902, 2892, 2936, 2933, 2928, 2913, 2916, 2938, 2927, 2921, 2939,
            2902, 2937, 2912, 2940, 2933, 2936, 2929, 2938, 2916, 2941, 1635, 2942, 2920, 2939, 2921, 2929, 2923, 2943, 2942, 1324, 2614, 1635, 1324, 2942,
            2939, 2944, 2927, 2892, 2934, 2937, 2945, 2937, 2934, 2938, 2929, 2946, 2941, 1639, 1635, 1636, 1325, 1635, 2947, 2912, 2937, 2947, 2948, 2912,
            2946, 2929, 2943, 2942, 2614, 2618, 2949, 2939, 2920, 2942, 2618, 2950, 2945, 2947, 2937, 2950, 2941, 2942, 2941, 2950, 2951, 2952, 2939, 2949,
            2951, 2950, 2953, 2672, 2953, 2950, 2672, 2950, 2618, 2944, 2939, 2952, 2952, 2949, 2954, 2955, 2914, 2948, 2956, 2941, 2957, 2914, 2912, 2948,
            2958, 2957, 2951, 2958, 2959, 2957, 2957, 2959, 2956, 2960, 2955, 2948, 2959, 2958, 2961, 2955, 2926, 2914, 2951, 2957, 2941, 2953, 2958, 2951,
            2617, 2962, 2963, 2959, 2961, 2956, 2964, 2956, 2961, 2965, 2616, 2617, 2955, 2931, 2926, 2965, 2617, 2963, 2940, 2806, 2805, 2806, 2940, 2966,
            2967, 2961, 2958, 2947, 2960, 2948, 2958, 2953, 2968, 2968, 2967, 2958, 2963, 2962, 2647, 2806, 2969, 2970, 2970, 2811, 2806, 2971, 2955, 2960,
            2972, 2963, 2647, 2955, 2971, 2973, 2974, 2964, 2961, 2967, 2974, 2961, 2975, 2647, 2648, 2967, 2968, 2976, 2974, 2967, 2977, 2967, 2976, 2978,
            2978, 2977, 2967, 2970, 2969, 2979, 2979, 2969, 2700, 2974, 2980, 2964, 2977, 2980, 2974, 2978, 2981, 2977, 2982, 2983, 2965, 2981, 2978, 2984,
            2972, 2975, 2985, 2636, 2616, 2965, 2636, 2965, 2983, 2975, 2648, 2674, 2986, 2978, 2976, 2689, 2636, 2983, 2987, 2976, 2968, 2972, 2982, 2963,
            2975, 2988, 2985, 2965, 2963, 2982, 2988, 2975, 2674, 2853, 2970, 2979, 2987, 2986, 2976, 2986, 2987, 2989, 2811, 2970, 2852, 2970, 2853, 2852,
            2984, 2978, 2990, 2978, 2986, 2990, 2991, 2992, 2985, 2993, 2984, 2990, 2985, 2988, 2994, 2985, 2994, 2991, 2990, 2986, 2993, 2989, 2993, 2986,
            2693, 2700, 2969, 2995, 2996, 1638, 2997, 2996, 2995, 2998, 2999, 2687, 2972, 2647, 2975, 2996, 2997, 3000, 3001, 2996, 3000, 2992, 2972, 2985,
            1348, 1638, 2996, 3002, 3003, 3004, 2865, 2853, 3005, 2979, 3005, 2853, 3006, 3003, 3002, 3002, 3007, 3006, 3005, 2979, 3008, 3007, 3002, 3009,
            2865, 3005, 2880, 3010, 2689, 2983, 3009, 3002, 3011, 3011, 3012, 3009, 2672, 2714, 2953, 2731, 3013, 3014, 2714, 2672, 2708, 3013, 2731, 2723,
            2714, 2968, 2953, 2701, 2689, 3010, 3015, 3014, 3013, 3016, 3015, 3013, 3017, 3010, 2983, 3018, 2982, 2972, 3019, 2904, 2906, 3013, 2723, 2729,
            2968, 2714, 3020, 2968, 3020, 2987, 2993, 3021, 2984, 2729, 3022, 3013, 3018, 3017, 2982, 3023, 3001, 3024, 2906, 2908, 3025, 3022, 2729, 2688,
            3022, 2688, 2999, 2999, 2688, 2687, 2906, 3026, 3019, 3027, 3028, 3029, 3030, 2701, 3010, 3031, 3029, 3028, 3025, 3026, 2906, 3021, 3032, 3028,
            3033, 3010, 3017, 3031, 3028, 3034, 3022, 3035, 3013, 3036, 3031, 3037, 3016, 3013, 3035, 3030, 2710, 2701, 3033, 3030, 3010, 3038, 3036, 3037,
            3039, 3035, 3022, 3038, 3037, 3040, 3041, 3019, 3026, 2998, 3042, 2999, 3042, 2998, 3003, 3033, 3017, 3043, 3041, 3026, 3044, 3017, 3018, 3043,
            3037, 3031, 3034, 3037, 3034, 3045, 3033, 3043, 3046, 3044, 3047, 3041, 3048, 2989, 2987, 3049, 3050, 2989, 3044, 3026, 3051, 3048, 3049, 2989,
            3052, 3053, 3016, 3054, 3049, 3048, 2972, 2992, 3018, 3055, 3018, 2992, 3052, 3056, 3053, 3049, 3057, 3050, 2993, 2989, 3050, 3050, 3057, 2993,
            2992, 2991, 3055, 2993, 3057, 3058, 3059, 3019, 3041, 3052, 3060, 3056, 3059, 3041, 3047, 3061, 3060, 3052, 3062, 3060, 3061, 3018, 3055, 3043,
            3049, 3063, 3057, 3063, 3049, 3054, 3043, 3055, 3064, 3025, 2917, 3065, 3063, 3066, 3067, 3067, 3057, 3063, 3068, 3035, 3069, 3035, 3068, 3070,
            3065, 3051, 3025, 2714, 2734, 3020, 3061, 3070, 3068, 3051, 3026, 3025, 2743, 3020, 2734, 3046, 3043, 3064, 3064, 3071, 3046, 3072, 3061, 3068,
            3073, 3069, 3007, 3074, 3075, 3030, 3006, 3007, 3069, 2743, 3076, 3020, 2710, 3030, 3075, 3073, 3009, 3072, 2857, 2710, 2879, 2879, 2710, 3075,
            3009, 3073, 3007, 3070, 3052, 3016, 3020, 3076, 3077, 3061, 3052, 3070, 3077, 3076, 3078, 3079, 3065, 3080, 3081, 3051, 3065, 3081, 3065, 3079,
            3074, 3033, 3046, 3082, 3083, 3080, 3012, 3011, 3084, 3075, 3074, 3085, 3083, 3079, 3080, 3086, 3009, 3012, 3076, 2743, 3087, 3088, 3074, 3046,
            3088, 3089, 3074, 3089, 3085, 3074, 3012, 3084, 3086, 2987, 3020, 3048, 3090, 3084, 3091, 3044, 3051, 3092, 3020, 3077, 3048, 2879, 3075, 3085,
            3054, 3048, 3077, 3066, 3054, 3077, 3091, 3084, 3093, 3094, 3044, 3092, 3095, 3066, 3077, 3054, 3066, 3063, 3085, 3096, 2879, 3097, 3098, 3094,
            2932, 2879, 3096, 2930, 2931, 3099, 2973, 2931, 2955, 3097, 3094, 3100, 2741, 3087, 2743, 2741, 3101, 3087, 3102, 2930, 3099, 3103, 3059, 3047,
            3104, 3102, 3099, 2745, 3101, 2741, 3096, 3085, 3089, 2931, 2973, 3099, 3078, 3076, 3087, 3087, 3105, 3078, 3047, 3098, 3103, 2973, 2971, 3106,
            2874, 2877, 2879, 3087, 3101, 3105, 3107, 3103, 3098, 2973, 3106, 3099, 3105, 3108, 3078, 3044, 3098, 3047, 3109, 3099, 3106, 3098, 3044, 3094,
            3110, 3046, 3071, 2933, 3101, 2745, 3099, 3109, 3104, 3104, 3109, 3111, 3107, 3112, 3103, 2805, 3101, 2933, 3110, 3088, 3046, 2940, 2805, 2933,
            2805, 3105, 3101, 2808, 3108, 3105, 3113, 3091, 3114, 3091, 3093, 3114, 3089, 3088, 3115, 3116, 3107, 3117, 3060, 3118, 3119, 3117, 3107, 3098,
            3120, 3089, 3115, 2805, 2808, 3105, 3121, 3095, 3077, 3122, 3095, 3121, 3121, 3077, 3078, 2932, 3096, 3123, 3121, 3078, 3108, 3097, 3117, 3098,
            3108, 3124, 3121, 3124, 3122, 3121, 3118, 3060, 3062, 3096, 3089, 3120, 3095, 3067, 3066, 3125, 3118, 3062, 3122, 3067, 3095, 3123, 3096, 3126,
            3127, 3125, 3062, 3122, 3128, 3067, 3120, 3129, 3096, 3092, 3051, 3081, 3126, 3096, 3129, 3130, 3094, 3092, 3131, 3125, 3127, 3132, 3124, 3108,
            3132, 3108, 3133, 3134, 3118, 3125, 3133, 2819, 3132, 2819, 2824, 3132, 2836, 2819, 3133, 3125, 3135, 3134, 3130, 3092, 3081, 2824, 3128, 3122,
            3061, 3136, 3062, 2824, 3124, 3132, 3122, 3124, 2824, 3061, 3072, 3136, 3129, 3137, 3126, 3137, 3129, 3138, 2819, 2818, 2824, 2932, 2874, 2879,
            3108, 2808, 3133, 3130, 3079, 3139, 3086, 3072, 3009, 3133, 2808, 2836, 2943, 2923, 2932, 2932, 3123, 2943, 3130, 3081, 3079, 3021, 3058, 3032,
            3090, 3072, 3086, 3136, 3072, 3090, 3100, 3094, 3130, 3090, 3140, 3136, 3141, 3058, 3057, 3142, 3058, 3141, 3136, 3143, 3127, 3141, 3144, 3142,
            3136, 3140, 3143, 3057, 3067, 3141, 3143, 3131, 3127, 3123, 3145, 2943, 3145, 3123, 3126, 3140, 3131, 3143, 3141, 3067, 3144, 3084, 3090, 3086,
            3128, 3144, 3067, 3090, 3091, 3146, 3144, 3128, 3147, 3146, 3091, 3113, 3140, 3090, 3146, 3100, 3130, 3148, 3149, 3144, 3147, 3062, 3136, 3127,
            3150, 3151, 3142, 3130, 3139, 3148, 3152, 3148, 3139, 3153, 3151, 3150, 3154, 3155, 2444, 3154, 3156, 3155, 3157, 3125, 3131, 2311, 3155, 2309,
            3135, 3125, 3157, 2444, 3155, 2311, 2700, 3158, 2979, 3159, 3158, 2700, 3160, 3135, 3157, 3134, 3135, 3161, 3160, 3162, 3161, 2699, 3159, 2700,
            3160, 3161, 3135, 3159, 2699, 3163, 3008, 2979, 3158, 3156, 3164, 2646, 3165, 3161, 3162, 3128, 2824, 2886, 3166, 3165, 3167, 3162, 3167, 3165,
            2890, 3128, 2886, 2880, 3005, 3008, 3164, 3156, 3154, 2880, 3008, 2922, 3168, 2922, 3008, 3147, 3128, 2890, 3168, 3008, 3158, 3169, 3168, 3158,
            3170, 3160, 3157, 3171, 3172, 3173, 3172, 3171, 2905, 3168, 2920, 2922, 2447, 3154, 2444, 3158, 3159, 3169, 3167, 3162, 3160, 3169, 3159, 3168,
            3174, 3140, 3146, 3174, 3146, 3113, 3163, 2699, 3175, 3176, 3177, 3154, 3176, 3154, 2447, 3178, 3131, 3140, 3174, 3178, 3140, 3179, 3180, 3181,
            3182, 3183, 3175, 3154, 3177, 3164, 3164, 3177, 3184, 1655, 1354, 3185, 3185, 3179, 3186, 3163, 3168, 3159, 3179, 3181, 3187, 3186, 3179, 3187,
            3168, 3163, 3175, 3164, 3188, 2646, 3168, 3175, 2920, 3189, 3190, 3113, 3190, 3174, 3113, 2920, 3175, 2949, 3191, 3192, 3040, 3191, 3040, 3037,
            3191, 3037, 3045, 3193, 3190, 3189, 3193, 3189, 3194, 3188, 3164, 3184, 3180, 3192, 3191, 3178, 3174, 3190, 3180, 3191, 3181, 3178, 3190, 3195,
            3181, 3191, 3196, 3175, 2699, 2705, 3191, 3045, 3196, 3190, 3193, 3195, 3175, 2705, 3182, 3176, 3197, 3177, 2705, 2716, 3182, 3197, 3198, 3177,
            3157, 3131, 3178, 3196, 3199, 3200, 3170, 3157, 3178, 3201, 3200, 3199, 3197, 3202, 3203, 3195, 3170, 3178, 3204, 3205, 3206, 3207, 3181, 3196,
            3187, 3181, 3207, 3202, 3208, 3203, 3196, 3200, 3207, 3208, 3209, 3203, 3210, 3187, 3207, 3211, 3212, 3213, 3213, 3212, 3214, 3215, 3204, 3216,
            3217, 3204, 3215, 3208, 3202, 3218, 3217, 3215, 3219, 3183, 3182, 3220, 3210, 3207, 3221, 3221, 3207, 3200, 3222, 3211, 3223, 3224, 3225, 3226,
            3220, 2954, 2949, 3227, 3185, 3186, 3228, 3213, 3229, 3227, 3186, 3187, 3208, 3230, 3209, 3231, 3227, 3232, 3233, 3234, 3235, 3236, 3230, 3208,
            3232, 3227, 3187, 3183, 3220, 2949, 3183, 2949, 3175, 3231, 3232, 3237, 3235, 3223, 3228, 3237, 3232, 3210, 3238, 3223, 3235, 3239, 3240, 3241,
            3242, 2454, 2453, 3243, 3238, 3235, 2954, 3220, 3244, 3241, 3231, 3237, 3235, 3234, 3243, 2458, 3242, 2453, 3245, 3239, 3237, 3243, 3234, 3246,
            3247, 3243, 3246, 3232, 3187, 3210, 3248, 3249, 3242, 3250, 3251, 3252, 1540, 3253, 1541, 1539, 1541, 1543, 1541, 3254, 3255, 3244, 3250, 2954,
            1543, 1541, 3255, 3250, 3244, 3251, 3237, 3210, 3256, 3248, 3242, 3257, 3251, 3244, 3258, 3258, 3259, 3251, 3245, 3237, 3256, 3257, 3242, 2458,
            3260, 3261, 3255, 3262, 3255, 3261, 3257, 2458, 2462, 3263, 3199, 3153, 3263, 3264, 3201, 3182, 2716, 3220, 2735, 2716, 2724, 3265, 2716, 2735,
            3266, 3262, 3267, 3267, 3262, 3261, 3220, 3265, 3244, 3201, 3268, 3200, 3268, 3201, 3264, 3220, 2716, 3265, 3269, 3261, 3222, 3269, 3270, 3261,
            3271, 3200, 3268, 3221, 3200, 3271, 3258, 3265, 2735, 3249, 3272, 3273, 3244, 3265, 3258, 3272, 3249, 3248, 2904, 3172, 2905, 3269, 3222, 3274,
            3172, 2904, 3019, 3173, 3275, 3263, 3273, 3218, 3202, 3276, 2735, 3277, 3261, 3270, 3267, 3277, 3259, 3276, 3275, 3173, 3172, 3276, 3259, 3258,
            2735, 3276, 3258, 2730, 3277, 2735, 3278, 3275, 3172, 3272, 3279, 3273, 3279, 3218, 3273, 3277, 2730, 3280, 3274, 3281, 3269, 3278, 3172, 3019,
            3281, 3282, 3270, 3218, 3236, 3208, 3281, 3270, 3269, 3283, 3278, 3284, 3285, 3283, 3284, 1554, 1553, 3286, 3236, 3218, 3287, 3287, 3288, 3236,
            2944, 2952, 3289, 1554, 3286, 3266, 3204, 3206, 3289, 3218, 3279, 3287, 3204, 3289, 3216, 3266, 3290, 1554, 2952, 2954, 3250, 3059, 3278, 3019,
            3291, 3278, 3059, 3286, 3262, 3266, 3284, 3278, 3291, 3290, 3266, 3292, 1555, 3290, 3293, 3268, 3285, 3271, 3292, 3293, 3290, 1558, 1555, 3293,
            3294, 1558, 3293, 3285, 3295, 3271, 3296, 3287, 3279, 3294, 3293, 3292, 3295, 3297, 3271, 3298, 3216, 3299, 3270, 3282, 3267, 3298, 3299, 3300,
            3301, 3285, 3284, 3267, 3282, 3302, 3303, 3279, 3304, 3296, 3279, 3303, 3305, 3216, 3298, 3301, 3284, 3291, 3306, 3302, 3282, 3307, 3296, 3303,
            3305, 3308, 3216, 3291, 3059, 3103, 3282, 3281, 3309, 3310, 3311, 3312, 3306, 3282, 3309, 3301, 3291, 3112, 3112, 3291, 3103, 3288, 3313, 3311,
            3314, 3302, 3306, 3308, 3219, 3215, 3315, 3301, 3112, 3314, 3316, 3317, 3318, 3319, 3320, 3321, 3306, 3309, 3112, 3107, 3116, 3322, 3223, 3323,
            3324, 3325, 3312, 3219, 3308, 3326, 2876, 3327, 2854, 3274, 3322, 3323, 3274, 3222, 3322, 2856, 2854, 3327, 3325, 3324, 3318, 3323, 3223, 3238,
            3328, 3327, 3329, 3330, 3238, 3331, 3330, 3323, 3238, 3326, 3305, 3332, 3333, 3334, 3324, 3326, 3308, 3305, 3335, 2876, 2871, 3335, 2871, 2872,
            3281, 3274, 3336, 3337, 3281, 3336, 2872, 3338, 3335, 3339, 3326, 3332, 3330, 3340, 3323, 3336, 3274, 3323, 3341, 3219, 3326, 3336, 3323, 3340,
            3288, 3311, 3236, 3342, 3336, 3340, 1953, 1968, 2872, 3288, 3287, 3343, 3288, 3343, 3344, 3330, 3331, 3345, 3331, 3247, 3345, 1968, 1983, 2872,
            3339, 3341, 3326, 3343, 3287, 3296, 3307, 3343, 3296, 3346, 3330, 3345, 3345, 3247, 3347, 3347, 3348, 3345, 3338, 2872, 1983, 3349, 3341, 3339,
            3350, 3345, 3348, 3346, 3345, 3350, 3343, 3351, 3344, 3349, 3339, 3352, 3340, 3330, 3346, 3353, 3340, 3346, 3354, 3329, 2876, 3354, 2876, 3335,
            3355, 3351, 3343, 3307, 3355, 3343, 3338, 3354, 3335, 3342, 3340, 3353, 3329, 3327, 2876, 3353, 3346, 3356, 3357, 3334, 3333, 3358, 3082, 3205,
            3356, 3346, 3350, 3359, 3333, 3324, 3354, 3338, 3360, 3357, 3333, 3359, 3356, 3361, 3353, 3083, 3082, 3358, 3362, 3357, 3359, 3354, 3363, 3329,
            3355, 3364, 3351, 3139, 3079, 3083, 3309, 3281, 3337, 3329, 3363, 3365, 3357, 3362, 3366, 3367, 3309, 3337, 3139, 3083, 3358, 3337, 3336, 3368,
            3358, 3369, 3139, 3368, 3336, 3342, 3358, 3205, 3217, 1983, 3370, 3371, 3372, 3368, 3342, 1987, 3370, 1983, 3358, 3217, 3219, 1983, 3371, 3338,
            3373, 3368, 3372, 3338, 3371, 3360, 2467, 3374, 3375, 3257, 2462, 2467, 3376, 3358, 3219, 3367, 3337, 3368, 3373, 3367, 3368, 3370, 1987, 2000,
            2467, 3377, 3257, 3377, 2467, 3375, 3321, 3309, 3367, 3378, 3139, 3369, 3378, 3152, 3139, 3372, 3342, 3353, 3379, 3377, 3375, 3379, 3380, 3377,
            3371, 3370, 2587, 3369, 3358, 3376, 3379, 3375, 3374, 3363, 3354, 3360, 3381, 3353, 3361, 3353, 3382, 3372, 3353, 3381, 3382, 3383, 3363, 3360,
            3384, 3369, 3376, 3378, 3369, 3384, 3374, 2467, 2468, 2604, 3373, 3372, 2604, 3372, 3382, 3376, 3219, 3341, 2603, 3373, 2604, 3384, 3376, 3341,
            2587, 3360, 3371, 2468, 3385, 3374, 3383, 3360, 2587, 3385, 3386, 3374, 3383, 2587, 2586, 3198, 3184, 3177, 3383, 3387, 3363, 2617, 3382, 3381,
            2615, 3382, 2617, 3374, 3386, 3388, 2604, 3382, 2615, 3188, 2651, 2646, 3356, 3350, 2601, 3361, 3356, 2601, 3389, 3388, 3386, 3388, 3379, 3374,
            2651, 3390, 2658, 2601, 2637, 3361, 2856, 3328, 2919, 3328, 2856, 3327, 3391, 3361, 2637, 3391, 2637, 2642, 2651, 3188, 3390, 3391, 3381, 3361,
            2911, 2919, 2935, 3392, 3304, 3379, 2935, 2919, 3328, 2617, 3381, 3391, 2935, 3328, 3393, 3304, 3392, 3303, 2962, 2617, 3391, 3394, 3188, 3184,
            2962, 3391, 2642, 3365, 3328, 3329, 3395, 3396, 3394, 3396, 3188, 3394, 2962, 2642, 2647, 2647, 2642, 2643, 3365, 3397, 3328, 3390, 3188, 3396,
            3396, 3398, 3390, 3379, 3388, 3392, 3328, 3397, 3393, 1573, 1558, 3294, 3393, 3397, 3399, 3400, 3392, 3388, 3401, 1649, 1573, 3402, 3396, 3395,
            2966, 2936, 2935, 3403, 3401, 3404, 2966, 2935, 3393, 3303, 3392, 3405, 3406, 3317, 3407, 2940, 2936, 2966, 3404, 3406, 3407, 3198, 3394, 3184,
            3408, 3394, 3198, 3316, 3409, 3317, 3400, 3405, 3392, 3410, 3409, 3316, 3409, 3407, 3317, 3407, 3409, 3411, 3412, 2966, 3393, 3413, 3402, 3395,
            3414, 3409, 3410, 3414, 3411, 3409, 2966, 3412, 2806, 3415, 3395, 3408, 3416, 3413, 3415, 3385, 2468, 1917, 3413, 3395, 3415, 3412, 3393, 3399,
            3408, 3395, 3394, 3417, 3403, 3418, 3415, 3408, 3419, 1595, 3417, 2720, 3397, 3420, 3399, 3417, 3418, 3421, 3422, 3420, 3397, 2720, 3417, 3421,
            2720, 3421, 2727, 2730, 3423, 3280, 3423, 3424, 3280, 3418, 3411, 3425, 3389, 3386, 3426, 3386, 3385, 3427, 3427, 3426, 3386, 2733, 3418, 3425,
            3422, 2669, 2681, 2667, 2669, 3422, 3428, 3429, 3430, 2806, 3412, 2969, 3424, 3430, 3429, 3412, 3431, 2694, 3418, 2733, 3421, 1917, 3427, 3385,
            2969, 3412, 2694, 2727, 3421, 2733, 3432, 3430, 3424, 2969, 2694, 2693, 3432, 3433, 3430, 2657, 2733, 3425, 2657, 3425, 2641, 3433, 3428, 3430,
            3434, 3428, 3433, 3427, 3435, 3426, 3412, 3399, 3431, 3399, 3420, 3431, 3433, 3432, 3436, 2732, 2733, 2657, 2732, 2657, 2660, 3434, 3433, 3436,
            2681, 3431, 3420, 3437, 3373, 2603, 3438, 3434, 3436, 2593, 3437, 2596, 2694, 3431, 2681, 3439, 3389, 3426, 2780, 2770, 2776, 2694, 2681, 2680,
            3422, 2681, 3420, 2593, 3410, 3440, 3440, 3437, 2593, 3441, 3389, 3439, 3400, 3388, 3389, 3365, 3363, 3397, 3442, 2780, 3443, 3363, 3387, 3397,
            3442, 3444, 2780, 3441, 3400, 3389, 3397, 3387, 3422, 3442, 3445, 3446, 3447, 3405, 3400, 3387, 2667, 3422, 2667, 3387, 2740, 2658, 3390, 2783,
            3398, 2783, 3390, 3441, 3447, 3400, 2290, 3448, 2000, 3449, 3447, 3441, 2000, 3448, 2588, 3370, 2588, 2587, 2783, 3398, 3402, 3426, 3435, 3439,
            2000, 2588, 3370, 3450, 3441, 3439, 3439, 3435, 3450, 3443, 2780, 2776, 2783, 3443, 2776, 2751, 3435, 3427, 3448, 2305, 2606, 2783, 3402, 3443,
            2588, 3448, 2606, 2588, 2606, 2591, 3443, 3402, 3451, 3402, 3398, 3396, 3383, 2740, 3387, 3452, 3450, 3453, 2597, 2610, 2586, 3452, 3449, 3441,
            3383, 2610, 2740, 3452, 3441, 3450, 2610, 2739, 2740, 2610, 3383, 2586, 3451, 3445, 3443, 3442, 3443, 3445, 2610, 2608, 2638, 3444, 3454, 2794,
            3455, 3456, 3405, 3454, 3444, 3457, 3455, 3405, 3447, 2794, 2780, 3444, 2730, 2794, 3423, 3454, 3423, 2794, 3458, 3459, 3460, 3423, 3454, 3424,
            3405, 3307, 3303, 3446, 3432, 3457, 3456, 3307, 3405, 3456, 3461, 3307, 3457, 3444, 3442, 3461, 3462, 3355, 3457, 3442, 3446, 3457, 3424, 3454,
            3432, 3424, 3457, 3463, 3461, 3456, 3464, 3463, 3456, 3364, 3355, 3462, 3451, 3465, 3445, 3462, 3466, 3364, 3446, 3445, 3467, 3467, 3445, 3465,
            3468, 3466, 3462, 3467, 3465, 3469, 3465, 3416, 3469, 3460, 3468, 3463, 3460, 3463, 3464, 3413, 3465, 3451, 3413, 3451, 3402, 3459, 3466, 3468,
            3470, 3455, 3447, 3465, 3413, 3416, 3447, 3449, 3470, 3471, 3470, 3449, 3456, 3455, 3464, 3455, 3472, 3464, 3446, 3467, 3432, 3432, 3467, 3473,
            3472, 3455, 3470, 3474, 3472, 3470, 3432, 3473, 3436, 3436, 3473, 3475, 3476, 3467, 3469, 3474, 3470, 3471, 3320, 3477, 3478, 3452, 3471, 3449,
            3479, 3474, 3471, 3471, 3452, 3479, 3259, 3480, 3251, 3251, 3480, 3252, 3259, 3481, 3480, 3472, 3474, 3482, 3483, 3480, 3481, 3482, 3474, 3484,
            3280, 3259, 3277, 3464, 3472, 3482, 3259, 3280, 3481, 3280, 3429, 3481, 3429, 3280, 3424, 3485, 3481, 3428, 3428, 3481, 3429, 3486, 3482, 3484,
            3485, 3483, 3481, 3487, 3488, 3486, 3434, 3485, 3428, 3489, 3490, 3491, 3490, 3489, 3492, 3493, 3494, 3495, 3298, 3332, 3305, 3490, 3496, 3497,
            3493, 3495, 3332, 3497, 3496, 3498, 3490, 3499, 3496, 3491, 3352, 3489, 3319, 3500, 3477, 3319, 3477, 3320, 3352, 3491, 3501, 3490, 3497, 3491,
            3502, 3245, 3503, 3504, 3491, 3497, 3491, 3504, 3501, 3505, 3502, 3503, 3498, 3504, 3497, 3506, 3507, 3508, 3492, 3509, 3490, 3510, 3508, 3511,
            3511, 3508, 3507, 3509, 3499, 3490, 3511, 3315, 3512, 3513, 3499, 3334, 3496, 3499, 3513, 3512, 3315, 3112, 3514, 3496, 3513, 3116, 3512, 3112,
            3496, 3514, 3498, 3515, 3498, 3514, 3512, 3116, 3516, 3517, 3512, 3516, 3518, 3513, 3366, 3519, 3510, 3511, 3511, 3512, 3519, 3520, 3518, 3366,
            3521, 3518, 3520, 3519, 3512, 3517, 3518, 3515, 3514, 3522, 3515, 3518, 3523, 3519, 3517, 3522, 3518, 3521, 3504, 3524, 3501, 3234, 3519, 3523,
            3246, 3234, 3523, 3525, 3504, 3498, 3504, 3525, 3524, 3517, 3526, 3523, 3527, 3526, 3517, 3524, 3528, 3529, 3246, 3523, 3526, 3498, 3515, 3525,
            3246, 3526, 3530, 3524, 3525, 3528, 3246, 3530, 3347, 3247, 3246, 3347, 3531, 3528, 3525, 3525, 3522, 3531, 2290, 2000, 2003, 3525, 3515, 3522,
            2305, 3448, 2290, 3357, 3513, 3334, 2304, 3532, 2305, 3366, 3513, 3357, 2620, 2305, 3532, 3520, 3533, 3521, 3532, 2304, 2309, 3534, 3466, 3459,
            3534, 3533, 3520, 3155, 3532, 2309, 3522, 3521, 3531, 3156, 3532, 3155, 3535, 3531, 3521, 3535, 3521, 3533, 3458, 3534, 3459, 3532, 3156, 2620,
            3536, 3534, 3458, 3536, 3533, 3534, 2620, 3156, 2646, 2342, 1917, 1934, 1917, 2342, 2742, 3537, 3531, 3535, 1917, 2742, 3427, 2748, 3427, 2742,
            3116, 3117, 3516, 3537, 3535, 3538, 3539, 3537, 3538, 3537, 3539, 3540, 3516, 3117, 3541, 3541, 3117, 3097, 3541, 3097, 3542, 3534, 3520, 3366,
            3466, 3534, 3366, 3543, 3536, 3544, 3543, 3538, 3536, 3545, 3516, 3541, 3546, 3545, 3541, 3547, 3543, 3544, 3548, 3538, 3543, 3517, 3516, 3545,
            3549, 3548, 3547, 3550, 3549, 3547, 3487, 3551, 3488, 3517, 3545, 3527, 3545, 3546, 3527, 3547, 3548, 3543, 3546, 3541, 3542, 3551, 3550, 3547,
            3552, 3546, 3542, 3553, 3546, 3552, 3538, 3548, 3539, 3554, 3097, 3100, 3554, 3100, 3148, 3555, 3539, 3548, 2684, 3540, 3539, 3542, 3554, 3556,
            2684, 3539, 3555, 2682, 2684, 3555, 3557, 3555, 3548, 3148, 3152, 3558, 3556, 3554, 3148, 3556, 3148, 3558, 3559, 3556, 3558, 3557, 3548, 3549,
            3556, 3560, 3552, 3560, 3556, 3559, 2687, 3555, 3557, 2748, 2751, 3427, 3561, 3552, 3560, 3453, 3435, 2751, 3453, 3450, 3435, 3559, 3562, 3560,
            3559, 3563, 3562, 3542, 3097, 3554, 2750, 3453, 2751, 3453, 2750, 2763, 3552, 3542, 3556, 2763, 3564, 3453, 3453, 3564, 3452, 3565, 3527, 3546,
            2767, 3564, 2763, 3526, 3565, 3530, 3526, 3527, 3565, 3546, 3553, 3565, 3566, 3479, 3452, 3552, 3567, 3553, 3565, 3553, 3568, 3569, 3479, 3566,
            2584, 3530, 3565, 3348, 3530, 2584, 3530, 3348, 3347, 3484, 3474, 3479, 3569, 3484, 3479, 3569, 3570, 3484, 3348, 2584, 2583, 3566, 3452, 3564,
            3571, 3566, 3564, 3572, 3568, 3553, 2612, 3568, 3572, 2585, 3568, 2612, 3571, 3573, 3566, 2584, 3565, 3568, 2767, 2789, 3564, 2789, 3571, 3564,
            3568, 2585, 2584, 3573, 3569, 3566, 3562, 3561, 3560, 3562, 3574, 3575, 3573, 3576, 3569, 3570, 3486, 3484, 3561, 3567, 3552, 3553, 3567, 3572,
            3577, 3561, 3575, 3486, 3570, 3578, 3575, 3561, 3562, 3572, 3567, 3577, 3576, 3579, 3569, 3572, 3577, 2612, 3580, 3581, 3578, 3579, 3570, 3569,
            3570, 3579, 3578, 2612, 3577, 2622, 2801, 3571, 2789, 3577, 3575, 2691, 2801, 3573, 3571, 3577, 2691, 2622, 2789, 2790, 2801, 3582, 3341, 3349,
            3341, 3582, 3583, 2801, 2800, 3573, 3576, 3573, 2800, 3349, 3352, 3501, 3584, 3576, 2800, 3582, 3349, 3501, 2800, 2810, 3584, 3585, 3579, 3576,
            3585, 3578, 3579, 3529, 3582, 3501, 3529, 3501, 3524, 3584, 3585, 3576, 3578, 3585, 3580, 3529, 3528, 2678, 2676, 2678, 3528, 3586, 3152, 3378,
            3586, 3378, 3587, 3152, 3586, 3558, 2810, 2813, 3588, 3588, 3584, 2810, 3585, 3584, 3589, 3378, 3384, 3587, 3589, 3580, 3585, 3589, 3590, 3580,
            3588, 3589, 3584, 3591, 3589, 2924, 2813, 2915, 3588, 2924, 3588, 2915, 2924, 3589, 3588, 3563, 3558, 3586, 3559, 3558, 3563, 3563, 3586, 3587,
            3592, 3551, 3487, 3593, 3594, 3563, 3583, 3587, 3384, 3595, 3587, 3583, 3593, 3563, 3587, 3595, 3593, 3587, 3580, 3596, 3581, 3597, 3598, 3596,
            3583, 3384, 3341, 3557, 3549, 3599, 3598, 3549, 3550, 2687, 3557, 3599, 3600, 3583, 3582, 3600, 3595, 3583, 2687, 3599, 2998, 3594, 3562, 3563,
            3004, 3599, 3601, 3004, 2998, 3599, 3003, 2998, 3004, 3602, 3574, 3594, 3562, 3594, 3574, 3602, 3594, 3593, 3590, 3591, 3603, 3604, 3605, 3597,
            3602, 3593, 3606, 2691, 3575, 3574, 3591, 2924, 2925, 2691, 3574, 2692, 3603, 3591, 3607, 3574, 3602, 2692, 2692, 3602, 2696, 3606, 2696, 3602,
            3606, 3595, 3608, 3593, 3595, 3606, 3606, 3608, 2678, 2677, 3606, 2678, 3350, 3348, 2583, 2601, 3350, 2583, 2639, 3414, 2592, 2639, 2592, 2594,
            2698, 2696, 3609, 2594, 2640, 2639, 2704, 2690, 2698, 2695, 2690, 2704, 2698, 2713, 2704, 2677, 3610, 3609, 3610, 2698, 3609, 2698, 3610, 2713,
            2677, 2676, 3610, 3610, 2711, 2713, 2712, 2704, 2713, 3610, 3611, 2711, 2665, 2649, 2673, 3611, 3610, 2676, 3611, 2684, 2711, 2683, 2711, 2684,
            2731, 2703, 2712, 2712, 2703, 2704, 2731, 2721, 2659, 2731, 2659, 2703, 3612, 2670, 2721, 3014, 2721, 2731, 2863, 2859, 2861, 2883, 2863, 2884,
            2830, 2825, 2822, 2899, 2890, 2889, 2900, 2889, 2894, 2833, 2859, 3613, 3613, 2909, 2833, 2894, 2833, 2909, 2863, 3613, 2859, 2900, 2894, 2909,
            1639, 2941, 2956, 2883, 2909, 3613, 2883, 2917, 2909, 1635, 1639, 1636, 2883, 3613, 2863, 2964, 2997, 2956, 2997, 2964, 2980, 2884, 2863, 2927,
            2927, 3206, 2884, 3614, 2980, 2977, 2977, 2981, 3614, 3615, 3614, 2981, 2984, 3615, 2981, 3000, 3614, 3616, 3616, 3614, 3615, 2980, 3614, 3000,
            3206, 2927, 2944, 2670, 3612, 2674, 3612, 2988, 2674, 2956, 2995, 1639, 2997, 2995, 2956, 3617, 2994, 2988, 1639, 2995, 1638, 3618, 3055, 2991,
            2994, 3618, 2991, 3064, 3055, 3618, 3000, 2997, 2980, 3017, 2983, 2982, 3064, 3119, 3619, 1351, 2996, 3001, 2996, 1351, 1348, 3023, 1351, 3001,
            3612, 2721, 3014, 3015, 3612, 3014, 2988, 3612, 3015, 3615, 2984, 3021, 2988, 3015, 3617, 3617, 3015, 3053, 3064, 3619, 3071, 3620, 3000, 3029,
            3620, 3001, 3000, 3016, 3053, 3015, 3024, 3001, 3620, 3024, 3620, 3036, 3040, 3024, 3036, 3040, 3036, 3038, 3074, 3030, 3033, 3027, 3000, 3616,
            3029, 3000, 3027, 3615, 3027, 3616, 3027, 3615, 3028, 3620, 3029, 3031, 2917, 3025, 2908, 3021, 3028, 3615, 2999, 3042, 3039, 3039, 3022, 2999,
            3034, 3028, 3151, 3621, 2917, 2883, 2882, 3621, 2883, 3036, 3620, 3031, 3618, 2994, 3617, 3065, 2917, 3621, 3618, 3617, 3056, 3056, 3617, 3053,
            3119, 3618, 3056, 3199, 3045, 3034, 3619, 3622, 3071, 3110, 3071, 3622, 3618, 3119, 3064, 3065, 3621, 3080, 3119, 3056, 3060, 3110, 3115, 3088,
            3070, 3016, 3035, 3039, 3069, 3035, 3120, 3115, 3623, 3115, 3110, 3622, 3069, 3039, 3042, 3069, 3042, 3006, 3042, 3003, 3006, 3115, 3622, 3624,
            3623, 3115, 3624, 3069, 3073, 3068, 3073, 3072, 3068, 3625, 3607, 2930, 2930, 3102, 3625, 3102, 3626, 3625, 3627, 3626, 3102, 3011, 3605, 3626,
            3084, 3011, 3626, 3626, 3093, 3084, 3058, 3021, 2993, 3093, 3626, 3627, 3142, 3032, 3058, 3129, 3120, 3623, 3628, 3129, 3623, 3028, 3032, 3151,
            3151, 3032, 3142, 3114, 3093, 3627, 3628, 3623, 3624, 3629, 3114, 3104, 3104, 3627, 3102, 3104, 3114, 3627, 3144, 3149, 3142, 3149, 3150, 3142,
            2884, 3630, 2882, 3111, 3629, 3104, 3034, 3151, 3153, 3199, 3034, 3153, 3189, 3113, 3114, 3629, 3189, 3114, 3631, 3138, 3129, 3138, 3631, 3632,
            3633, 3189, 3629, 3630, 2884, 3206, 3153, 3150, 3263, 3628, 3624, 3165, 3631, 3628, 3165, 3118, 3622, 3619, 3118, 3619, 3119, 3630, 3206, 3205,
            3129, 3628, 3631, 3171, 3149, 3147, 3171, 3147, 2890, 3217, 3205, 3204, 3622, 3161, 3624, 3161, 3622, 3118, 3161, 3118, 3134, 3171, 2890, 2905,
            3150, 3149, 3171, 3173, 3150, 3171, 3165, 3624, 3161, 2905, 2890, 2899, 3150, 3173, 3263, 1353, 1351, 3023, 1353, 1346, 1351, 1354, 1353, 3023,
            1354, 3023, 3024, 2944, 3289, 3206, 3180, 3024, 3040, 1354, 3024, 3634, 3634, 3024, 3180, 3180, 3040, 3192, 3180, 3179, 3634, 1354, 3634, 3185,
            2578, 3176, 2447, 3250, 3252, 2952, 3252, 3299, 2952, 3299, 3289, 2952, 3634, 3179, 3185, 3216, 3289, 3299, 3197, 3176, 2578, 3199, 3196, 3045,
            3216, 3308, 3215, 3203, 3198, 3197, 3214, 3635, 3224, 3226, 3213, 3214, 3224, 3226, 3214, 3636, 3637, 3212, 2454, 3197, 2578, 3638, 1664, 3639,
            3639, 1664, 3636, 3639, 3253, 3638, 3249, 3202, 2454, 2454, 3202, 3197, 3227, 1655, 3185, 3240, 1655, 3227, 3636, 3640, 3260, 3231, 3240, 3227,
            3639, 3636, 3260, 3240, 1651, 1655, 3212, 3641, 3214, 1653, 1651, 3240, 3209, 3198, 3203, 3209, 3419, 3198, 3228, 3211, 3213, 3640, 3636, 3212,
            3240, 3231, 3241, 3640, 3212, 3211, 3642, 3240, 3239, 3222, 3640, 3211, 3621, 2882, 3630, 3237, 3239, 3241, 3230, 3643, 3419, 3082, 3621, 3630,
            3230, 3419, 3209, 3080, 3621, 3082, 3082, 3630, 3205, 3225, 3229, 3226, 3225, 3508, 3510, 3233, 3229, 3225, 3225, 3510, 3233, 3271, 3644, 3221,
            3256, 3210, 3645, 3213, 3226, 3229, 3645, 3210, 3221, 3229, 3235, 3228, 3645, 3221, 3644, 3235, 3229, 3233, 3510, 3234, 3233, 3256, 3645, 3635,
            3242, 3249, 2454, 3635, 3645, 3646, 3646, 3645, 3644, 3211, 3228, 3223, 3222, 3223, 3322, 3263, 3201, 3199, 3331, 3238, 3243, 3264, 3263, 3283,
            3380, 3272, 3248, 3248, 3257, 3377, 3331, 3243, 3247, 3377, 3380, 3248, 3283, 3285, 3264, 3268, 3264, 3285, 1541, 3253, 3254, 3639, 3254, 3253,
            3380, 3304, 3272, 3254, 3639, 3260, 3283, 3263, 3275, 3255, 3254, 3260, 3249, 3273, 3202, 3283, 3275, 3278, 1544, 1543, 3255, 3262, 1544, 3255,
            1547, 1544, 3262, 3286, 1547, 3262, 3297, 3644, 3271, 3419, 3408, 3198, 3260, 3640, 3261, 3640, 3222, 3261, 3646, 3644, 3297, 3646, 3297, 3506,
            3416, 3415, 3419, 3416, 3419, 3643, 3507, 3297, 3295, 3506, 3297, 3507, 3304, 3279, 3272, 3301, 3295, 3285, 1553, 1547, 3286, 1555, 1554, 3290,
            3301, 3315, 3295, 3295, 3315, 3507, 3266, 3267, 3302, 3292, 3266, 3302, 3230, 3311, 3643, 3311, 3310, 3643, 3302, 3314, 3292, 3647, 3292, 3314,
            3314, 3317, 3647, 3230, 3236, 3311, 3316, 3314, 3306, 3306, 3321, 3316, 3312, 3325, 3310, 3313, 3312, 3311, 3325, 3318, 3320, 3319, 3318, 3509,
            3325, 3648, 3310, 3320, 3648, 3325, 3320, 3478, 3648, 3509, 3318, 3324, 3649, 3416, 3643, 3367, 3650, 3321, 3469, 3416, 3649, 3649, 3476, 3469,
            3313, 3288, 3344, 3476, 3649, 3648, 3651, 3312, 3313, 3310, 3649, 3643, 3344, 3651, 3313, 3310, 3648, 3649, 3651, 3344, 3351, 3438, 3436, 3475,
            3652, 3434, 3438, 3475, 3652, 3438, 3473, 3653, 3475, 3477, 3652, 3475, 3653, 3477, 3475, 3476, 3473, 3467, 3359, 3312, 3651, 3324, 3312, 3359,
            3476, 3653, 3473, 3294, 3292, 3647, 3351, 3359, 3651, 3294, 3401, 1573, 3294, 3404, 3401, 3654, 3359, 3351, 3294, 3647, 3406, 3647, 3317, 3406,
            3477, 3653, 3478, 3406, 3404, 3294, 3478, 3476, 3648, 1649, 3401, 3655, 3655, 3401, 3403, 3351, 3364, 3654, 3478, 3653, 3476, 3654, 3362, 3359,
            3656, 3403, 3404, 3466, 3654, 3364, 3466, 3362, 3654, 3362, 3466, 3366, 3316, 3321, 3650, 3316, 3650, 3410, 3407, 3656, 3404, 3411, 3656, 3407,
            3300, 3480, 3483, 3493, 3300, 3483, 3657, 3485, 3658, 1589, 1649, 3655, 3657, 3483, 3485, 3655, 3417, 1589, 3403, 3417, 3655, 3657, 3493, 3483,
            3403, 3656, 3418, 1595, 1589, 3417, 3380, 3379, 3304, 3252, 3300, 3299, 3252, 3480, 3300, 1595, 2720, 1597, 3418, 3656, 3411, 3300, 3493, 3298,
            3332, 3298, 3493, 2641, 3414, 2639, 3414, 3425, 3411, 3425, 3414, 2641, 3658, 3485, 3434, 3437, 3367, 3373, 2596, 3437, 2603, 3494, 3493, 3657,
            3367, 3440, 3650, 3650, 3440, 3410, 3494, 3657, 3658, 3437, 3440, 3367, 3414, 3410, 2592, 2592, 3410, 2593, 3489, 3495, 3494, 3492, 3489, 3494,
            3494, 3500, 3492, 2616, 2602, 2615, 3352, 3332, 3495, 3332, 3352, 3339, 3495, 3489, 3352, 3652, 3658, 3434, 3477, 3658, 3652, 3658, 3477, 3500,
            3500, 3494, 3658, 3461, 3355, 3307, 3462, 3461, 3463, 3642, 1653, 3240, 3642, 1658, 1653, 3502, 1658, 3642, 3642, 3239, 3245, 3502, 3642, 3245,
            3462, 3463, 3468, 3659, 3503, 3245, 3468, 3460, 3459, 3505, 1658, 3502, 1659, 1658, 3505, 3660, 1659, 3505, 3503, 3660, 3505, 1661, 1659, 3660,
            3661, 3660, 3637, 3637, 3660, 3503, 3641, 3503, 3659, 3637, 3503, 3641, 3464, 3482, 3460, 3659, 3245, 3256, 3488, 3458, 3460, 3256, 3635, 3659,
            3482, 3488, 3460, 3488, 3482, 3486, 3646, 3224, 3635, 3641, 3659, 3214, 3214, 3659, 3635, 3661, 1661, 3660, 1662, 1661, 3661, 1664, 3661, 3637,
            1662, 3661, 1664, 1664, 3637, 3636, 3641, 3212, 3637, 1540, 1664, 3638, 1540, 3638, 3253, 3224, 3646, 3506, 3319, 3509, 3500, 3500, 3509, 3492,
            3224, 3506, 3508, 3334, 3509, 3324, 3334, 3499, 3509, 3225, 3224, 3508, 3315, 3511, 3507, 3513, 3518, 3514, 3234, 3510, 3519, 3536, 3535, 3533,
            3538, 3535, 3536, 3540, 3531, 3537, 2676, 3528, 3531, 3540, 2676, 3531, 2676, 3540, 3611, 2684, 3611, 3540, 3544, 3536, 3458, 3488, 3544, 3458,
            3547, 3544, 3551, 3488, 3551, 3544, 2682, 3555, 2687, 3567, 3561, 3577, 3600, 3582, 3529, 3608, 3600, 3529, 3529, 2678, 3608, 3487, 3486, 3578,
            3487, 3578, 3581, 3487, 3581, 3592, 3608, 3595, 3600, 3592, 3596, 3598, 3598, 3550, 3592, 3609, 3606, 2677, 3551, 3592, 3550, 3606, 3609, 2696,
            3597, 3601, 3598, 3581, 3596, 3592, 3601, 3549, 3598, 3601, 3599, 3549, 3597, 3596, 3580, 3604, 3580, 3590, 3604, 3597, 3580, 3589, 3591, 3590,
            3605, 3662, 3597, 3605, 3604, 3590, 3590, 3603, 3605, 3004, 3601, 3662, 3662, 3601, 3597, 3663, 3004, 3662, 3004, 3663, 3002, 3605, 3663, 3662,
            3011, 3002, 3663, 3591, 2925, 3607, 3607, 3605, 3603, 3626, 3605, 3607, 2930, 3607, 2925, 3625, 3626, 3607, 3011, 3663, 3605, 3664, 3665, 831,
            3666, 3667, 3668, 3669, 3670, 3671, 3672, 3673, 3665, 3674, 3675, 3676, 3677, 3666, 3668, 3677, 3668, 3678, 3676, 3679, 3674, 3664, 3672, 3665,
            3680, 3674, 3679, 3681, 3682, 3683, 3681, 3683, 3684, 3685, 3686, 3687, 3686, 3688, 3687, 3689, 3690, 3691, 3692, 3670, 3669, 3692, 3682, 3670,
            3664, 832, 3693, 3683, 3682, 3692, 3694, 3674, 3680, 3689, 3695, 3696, 3664, 3693, 3697, 3672, 3664, 3697, 3698, 3699, 3700, 3701, 3702, 3703,
            3698, 3704, 3699, 3705, 3706, 3707, 3708, 3701, 3709, 3710, 3711, 3705, 3698, 3712, 3704, 3698, 3713, 3712, 3713, 3714, 3712, 3715, 3716, 3717,
            3702, 3701, 3718, 3701, 3708, 3718, 3719, 3720, 3721, 3722, 3723, 3724, 3721, 3720, 3673, 3717, 3722, 3725, 3702, 3718, 3726, 3719, 3721, 3727,
            3712, 3714, 3728, 3728, 3729, 3712, 3730, 3722, 3717, 3723, 3722, 3730, 3694, 3731, 3732, 3733, 3685, 3734, 3735, 3729, 3728, 3734, 3736, 3733,
            3737, 3733, 3716, 3738, 3721, 3673, 3728, 3714, 3739, 3740, 3741, 3742, 3743, 3740, 3742, 3736, 3696, 3744, 3739, 3745, 3728, 3746, 3728, 3745,
            3746, 3735, 3728, 3747, 3748, 3694, 3718, 3708, 3749, 3750, 3744, 3730, 3745, 3739, 3751, 3752, 3726, 3718, 3753, 3751, 3739, 3754, 3727, 3755,
            3717, 3716, 3730, 3750, 3730, 3716, 3752, 3718, 3756, 3750, 3716, 3733, 3745, 3751, 3757, 3751, 3753, 3681, 3681, 3757, 3751, 3718, 3749, 3756,
            3744, 3723, 3730, 3715, 3758, 3716, 3708, 3709, 3759, 3681, 3753, 3682, 3755, 3727, 3721, 3760, 3761, 3762, 3763, 3764, 3758, 3721, 3738, 3765,
            3766, 3767, 3768, 3763, 3758, 3769, 3770, 3771, 3725, 3769, 3715, 3725, 3765, 3755, 3721, 3725, 3715, 3717, 3772, 3773, 3774, 3775, 3755, 3765,
            3776, 3777, 3778, 3767, 3776, 3778, 3777, 3779, 3778, 3767, 3778, 3780, 3774, 3781, 3759, 3773, 3781, 3774, 3758, 3715, 3769, 3782, 3746, 3777,
            3783, 3759, 3781, 3784, 3777, 3746, 3738, 3672, 3785, 3722, 3770, 3725, 3779, 3777, 3784, 3786, 3787, 3788, 3780, 3778, 3789, 3790, 3738, 3785,
            3791, 3787, 3792, 3779, 3789, 3778, 3783, 3781, 3793, 3794, 3795, 3789, 3765, 3738, 3790, 3796, 3792, 3797, 3798, 3765, 3790, 3793, 3749, 3783,
            3796, 3791, 3792, 3784, 3799, 3779, 3800, 3779, 3799, 3801, 3797, 3802, 3749, 3793, 3803, 3791, 3804, 3787, 3800, 3789, 3779, 3790, 3785, 3805,
            3806, 3807, 3808, 3794, 3789, 3800, 3809, 3794, 3800, 3810, 3790, 3805, 3716, 3758, 3807, 3783, 3708, 3759, 3708, 3783, 3749, 3716, 3807, 3806,
            3716, 3806, 3737, 3800, 3811, 3809, 3811, 3800, 3812, 3811, 3794, 3809, 3764, 3807, 3758, 3813, 3811, 3812, 3814, 3742, 3806, 3785, 3672, 3697,
            3806, 3808, 3814, 3815, 3756, 3749, 3805, 3785, 3697, 3816, 3684, 3683, 3683, 3692, 3817, 3710, 3743, 3814, 3742, 3814, 3743, 3817, 3816, 3683,
            3808, 3807, 3764, 3816, 3817, 3818, 3816, 3818, 3819, 3820, 3711, 3821, 3822, 3731, 3823, 3711, 3808, 3821, 3745, 3824, 3746, 3825, 3824, 3745,
            3799, 3824, 3825, 3826, 3827, 3828, 3748, 3731, 3694, 841, 840, 3829, 3828, 3827, 3830, 3825, 3745, 3757, 3823, 3731, 3748, 3830, 3831, 3828,
            3832, 3752, 3756, 3833, 3825, 3757, 3693, 841, 3829, 3711, 3814, 3808, 3834, 3832, 3756, 3711, 3710, 3814, 3833, 3757, 3835, 904, 840, 842,
            3825, 3833, 3836, 3837, 3830, 3838, 3839, 840, 904, 3840, 3837, 3841, 3841, 3842, 3840, 3827, 3843, 3844, 3823, 3845, 3822, 3784, 3746, 3824,
            3830, 3827, 3846, 3838, 3830, 3846, 3829, 840, 3839, 3841, 3838, 3846, 3799, 3784, 3824, 3837, 3838, 3841, 3847, 3845, 3823, 3848, 3829, 3839,
            3846, 3827, 3844, 3841, 3846, 3844, 3823, 3849, 3847, 3844, 3850, 3841, 3825, 3851, 3799, 3844, 3843, 3850, 3851, 3800, 3799, 3852, 3797, 3792,
            3834, 3853, 3854, 3851, 3825, 3836, 3851, 3836, 3855, 3852, 3792, 3787, 3856, 3803, 3793, 3857, 3693, 3848, 3852, 3787, 3786, 3684, 3757, 3681,
            3858, 3803, 3856, 3835, 3757, 3684, 3786, 3859, 3852, 3693, 3829, 3848, 3860, 3833, 3835, 3861, 3859, 3862, 3835, 3684, 3816, 3860, 3835, 3816,
            3860, 3816, 3819, 3859, 3861, 3863, 3864, 3861, 3862, 3815, 3834, 3756, 3826, 3828, 3797, 3826, 3797, 3852, 3833, 3860, 3865, 3843, 3827, 3826,
            3852, 3866, 3826, 3803, 3815, 3749, 3859, 3866, 3852, 3843, 3826, 3866, 3848, 3839, 3867, 3857, 3848, 3867, 3836, 3833, 3865, 3843, 3866, 3868,
            3815, 3803, 3869, 3843, 3868, 3870, 3871, 3836, 3872, 3873, 3866, 3863, 3873, 3868, 3866, 3870, 3868, 3873, 3839, 904, 3874, 3858, 3875, 3803,
            3870, 3850, 3843, 3800, 3851, 3855, 3863, 3866, 3859, 3834, 3815, 3853, 3869, 3853, 3815, 3876, 3863, 3861, 3867, 3839, 3874, 3871, 3812, 3855,
            3877, 3878, 3879, 3812, 3800, 3855, 3880, 3881, 3882, 3836, 3871, 3855, 3882, 3881, 3877, 3883, 3867, 3874, 3884, 3853, 3869, 3869, 3803, 3885,
            3886, 3887, 3888, 3889, 3887, 3886, 3803, 3875, 3885, 3890, 3883, 3874, 3891, 3812, 3892, 3812, 3871, 3892, 3871, 3893, 3892, 3882, 3887, 3889,
            3894, 3871, 3872, 3895, 3810, 3805, 3896, 3889, 3886, 3897, 3894, 3872, 3693, 3857, 3697, 3697, 3857, 3805, 3894, 3893, 3871, 3885, 3884, 3869,
            3898, 3889, 3899, 3900, 3899, 3889, 3893, 3894, 3901, 3865, 3860, 3819, 3805, 3857, 3902, 3903, 3880, 3904, 3872, 3836, 3865, 3872, 3865, 3897,
            3905, 3865, 3819, 3905, 3897, 3865, 3906, 3907, 3908, 3909, 3906, 3908, 3819, 3910, 3905, 3902, 3857, 3911, 3909, 3908, 3912, 3910, 3819, 3913,
            3914, 3898, 3899, 3914, 3904, 3898, 3915, 3903, 3904, 3911, 3857, 3867, 3916, 3914, 3917, 3905, 3901, 3897, 3916, 3918, 3915, 3916, 3919, 3918,
            3901, 3905, 3920, 3912, 3921, 3909, 3919, 3916, 3917, 3920, 3910, 3922, 3923, 3924, 3925, 3895, 3805, 3902, 3923, 3926, 3924, 3920, 3905, 3910,
            3925, 3927, 3923, 3928, 3923, 3927, 3929, 3930, 3931, 3897, 3901, 3894, 3917, 3932, 3919, 3923, 3928, 3933, 3934, 3891, 3892, 3935, 3917, 3936,
            3908, 3907, 3924, 3934, 3892, 3937, 3893, 3937, 3892, 3938, 3893, 3901, 3939, 3902, 3911, 3908, 3924, 3926, 3895, 3902, 3939, 3917, 3940, 3936,
            3936, 3940, 3941, 3937, 3893, 3938, 3939, 3911, 3942, 3941, 3931, 3943, 3926, 3912, 3908, 3944, 3945, 3937, 3938, 3944, 3937, 3946, 3941, 3943,
            3911, 3867, 3883, 3941, 3946, 3936, 3947, 3945, 3944, 3944, 3948, 3947, 3949, 3901, 3920, 3926, 3933, 3950, 3946, 3951, 3936, 3920, 3922, 3952,
            3953, 3951, 3946, 3952, 3949, 3920, 3921, 3912, 3950, 3952, 3954, 3949, 3955, 3953, 3956, 3911, 3883, 3957, 3958, 3954, 3952, 3926, 3950, 3912,
            3938, 3901, 3949, 3926, 3923, 3933, 3955, 3951, 3953, 3959, 3724, 3960, 3883, 3890, 3961, 3724, 3962, 3960, 3963, 3961, 3890, 3961, 3957, 3883,
            3933, 3964, 3950, 3959, 3960, 3965, 3954, 3966, 3949, 3938, 3949, 3967, 3949, 3966, 3967, 3967, 3944, 3938, 3944, 3967, 3948, 3968, 3921, 3950,
            3770, 3722, 3724, 3969, 3770, 3724, 3969, 3724, 3959, 3724, 3723, 3962, 3950, 3964, 3968, 3966, 3954, 3958, 3942, 3957, 3970, 3971, 3966, 3958,
            3942, 3911, 3957, 3959, 3972, 3969, 3964, 3933, 3973, 3974, 3947, 3948, 3967, 3975, 3948, 3966, 3975, 3967, 3976, 3977, 3978, 3974, 3948, 3979,
            3980, 3964, 3973, 3979, 3948, 3975, 3971, 3975, 3966, 3980, 3968, 3964, 3965, 3981, 3959, 3982, 3975, 3971, 3957, 3961, 3983, 3918, 3981, 3965,
            3984, 3918, 3919, 3970, 3957, 3985, 3981, 3918, 3984, 3984, 3919, 3986, 3987, 3984, 3986, 3980, 3973, 3988, 3989, 3979, 3990, 3972, 3959, 3981,
            904, 903, 3874, 3972, 3981, 3991, 916, 3874, 903, 3968, 3980, 3992, 3990, 3979, 3975, 3981, 3984, 3991, 3975, 3982, 3990, 3874, 916, 3993,
            3988, 3992, 3980, 3990, 3982, 3994, 3995, 3996, 3997, 3998, 3996, 3978, 3999, 3968, 3992, 3995, 3978, 3996, 918, 3993, 916, 3992, 3988, 4000,
            3820, 3705, 3711, 3706, 3705, 3820, 3993, 918, 4001, 4002, 4003, 3840, 3962, 3695, 4004, 3906, 3781, 3773, 3906, 4005, 3781, 4006, 4007, 3802,
            4008, 3976, 3978, 3978, 3995, 4008, 3874, 3993, 3890, 3801, 3802, 4007, 3890, 3993, 4001, 4009, 4010, 3837, 3830, 3837, 4010, 4005, 3906, 3909,
            4003, 4009, 3840, 4003, 4010, 4009, 3837, 3840, 4009, 3793, 3781, 4005, 3793, 4005, 4011, 3793, 4011, 3856, 4012, 4013, 4014, 4015, 3822, 4016,
            3995, 4017, 4008, 4018, 4015, 4016, 4019, 4020, 3755, 3909, 4011, 4005, 4017, 3995, 4012, 4021, 4008, 4017, 4022, 3823, 3748, 4012, 4014, 4017,
            4011, 3909, 3921, 3997, 4012, 3995, 3997, 4023, 4012, 4024, 4025, 4026, 4023, 3997, 4027, 4027, 4028, 4023, 4019, 3755, 3775, 4019, 3775, 4029,
            4011, 4030, 3856, 4031, 4012, 4023, 4012, 4031, 4013, 4032, 4033, 4024, 3856, 4030, 3858, 4024, 4034, 4025, 4014, 4021, 4017, 3748, 4035, 4022,
            4036, 3858, 4030, 4014, 4037, 4038, 4039, 4020, 4019, 4022, 3849, 3823, 4040, 3849, 4022, 4041, 3849, 4040, 4011, 3921, 4030, 4041, 4042, 3849,
            4031, 4043, 4013, 4037, 4014, 4013, 4044, 4042, 4041, 4036, 4030, 3921, 4037, 4013, 4043, 3775, 3765, 3798, 4045, 3788, 3787, 4046, 3921, 3968,
            4045, 3977, 3788, 4036, 3921, 4046, 4047, 4048, 4049, 4047, 4049, 4050, 3706, 4049, 3707, 4050, 4049, 3706, 3976, 3788, 3977, 3790, 4051, 3798,
            3804, 4045, 3787, 4036, 3875, 3858, 4029, 3775, 3798, 4029, 3798, 4052, 4053, 3875, 4036, 4051, 3790, 3810, 3998, 3978, 3977, 4054, 4055, 4002,
            3804, 4056, 4057, 4048, 4058, 4059, 4060, 4051, 3810, 3895, 4060, 3810, 3996, 3998, 4061, 4048, 4047, 4058, 3788, 4062, 3786, 3788, 3976, 4062,
            4063, 4058, 4047, 4008, 4062, 3976, 4064, 4053, 4036, 4064, 4036, 4046, 4065, 4055, 4054, 3859, 3786, 4062, 3862, 3859, 4062, 4055, 4065, 4066,
            4066, 4065, 4067, 4021, 4062, 4008, 3885, 3875, 4053, 4068, 3895, 3939, 4069, 3862, 4062, 4070, 4002, 4055, 3864, 3862, 4069, 4062, 4021, 4069,
            4071, 4072, 4055, 4071, 4055, 4066, 4073, 4069, 4021, 4069, 4073, 4074, 4014, 4073, 4021, 4064, 4046, 3999, 4075, 4076, 4077, 4073, 4014, 4038,
            4078, 4076, 4075, 3999, 4046, 3968, 4079, 4059, 4058, 4080, 4081, 4082, 3932, 3986, 3919, 4063, 4079, 4058, 4083, 4079, 4063, 4084, 4034, 4024,
            3917, 3935, 3932, 3932, 3935, 3986, 4085, 4086, 4087, 4077, 4088, 4079, 4089, 4087, 3688, 4079, 4083, 4077, 4090, 4091, 4084, 4087, 4086, 4092,
            3936, 4093, 3935, 4094, 4095, 4096, 4094, 4096, 4097, 4083, 4063, 4098, 4099, 4071, 4100, 4084, 4024, 4033, 4031, 4096, 4101, 4075, 4083, 4098,
            4102, 4103, 4104, 4105, 4106, 4099, 4095, 4101, 4096, 4107, 4108, 3740, 4071, 4066, 4100, 4095, 4109, 4101, 4095, 4110, 4109, 4111, 4100, 4066,
            4023, 4028, 4096, 4084, 4112, 4090, 4075, 4077, 4083, 4105, 4099, 4100, 4096, 4031, 4023, 4084, 4033, 4112, 4113, 4114, 4115, 4116, 4106, 4105,
            4028, 4097, 4096, 4117, 4112, 4033, 4018, 4016, 4118, 4100, 4111, 4119, 4115, 4120, 4121, 4100, 4119, 4105, 4031, 4101, 4122, 3936, 4123, 4093,
            4119, 4111, 4124, 3936, 3951, 4123, 4125, 4032, 4118, 4126, 4107, 3743, 4127, 4094, 4128, 4129, 4099, 4106, 4094, 4127, 4095, 3847, 4130, 3845,
            4130, 4125, 3845, 4131, 4132, 4133, 4134, 4127, 4128, 4110, 4095, 4127, 4135, 4116, 4136, 4042, 4130, 3847, 4110, 4127, 4134, 3842, 4002, 3840,
            3710, 4126, 3743, 4054, 4002, 3842, 3707, 4126, 3710, 4054, 3842, 4137, 3955, 4138, 3951, 4125, 4130, 4139, 4139, 4140, 4125, 4137, 3842, 3850,
            4137, 3850, 4141, 4142, 4143, 4134, 4144, 4134, 4143, 4137, 4145, 4054, 4142, 4134, 4128, 3707, 3710, 3705, 4141, 4145, 4137, 3707, 4049, 4048,
            4048, 4126, 3707, 4146, 863, 1043, 4054, 4145, 4065, 4067, 4065, 4145, 4147, 3853, 3884, 4148, 4146, 4149, 4150, 4147, 3884, 4141, 4151, 4145,
            4152, 4148, 4153, 4154, 4151, 4141, 4048, 4059, 4126, 4059, 4133, 4126, 4155, 3885, 4053, 4156, 4157, 4145, 4155, 3884, 3885, 869, 4158, 4159,
            4066, 4067, 4111, 4131, 4160, 4132, 4145, 4157, 4067, 4157, 4111, 4067, 4152, 4161, 4148, 4079, 4162, 4059, 4150, 3884, 4155, 4156, 4145, 4151,
            4163, 4150, 4155, 4160, 4164, 4165, 4166, 4167, 4168, 4156, 4151, 4169, 4170, 4171, 4172, 4156, 4169, 4173, 4174, 4156, 4173, 4175, 4176, 4177,
            3850, 3842, 3841, 4124, 4111, 4157, 4178, 4163, 4155, 4179, 4175, 4177, 4180, 4179, 4177, 4181, 4124, 4174, 4174, 4157, 4156, 4139, 4182, 4140,
            4183, 4182, 4139, 3870, 4184, 3850, 4185, 4170, 4172, 4186, 4174, 4173, 4141, 3850, 4184, 4185, 4172, 4187, 4188, 4174, 4186, 4184, 4154, 4141,
            4124, 4157, 4174, 4189, 4182, 4183, 4187, 4172, 4167, 4190, 4119, 4124, 4191, 4192, 4180, 3864, 4193, 3876, 4173, 4169, 4194, 4189, 4195, 4182,
            4196, 4197, 4191, 3876, 4193, 4198, 4194, 4199, 4173, 4200, 4173, 4199, 4186, 4173, 4200, 4201, 4195, 4189, 4202, 4186, 4200, 3873, 4203, 3870,
            4203, 3873, 3863, 4204, 4205, 984, 4206, 4205, 4204, 4076, 4207, 4077, 4203, 4208, 4184, 4209, 4210, 4207, 4211, 4212, 4213, 4211, 4213, 4214,
            3999, 3992, 4000, 4215, 3999, 4000, 4184, 3870, 4203, 4216, 4217, 4159, 4209, 4076, 4218, 4218, 4076, 4078, 4203, 3863, 3876, 4216, 982, 4217,
            4219, 982, 4216, 4076, 4209, 4207, 3864, 3876, 3861, 4219, 4216, 4220, 4198, 4203, 3876, 4203, 4198, 4208, 4221, 4053, 4064, 4222, 4219, 4220,
            4223, 4209, 4218, 4207, 4088, 4077, 4184, 4208, 4154, 4224, 4116, 4105, 4136, 4116, 4224, 4225, 4170, 4226, 4170, 4225, 4171, 4170, 4227, 4226,
            4228, 4229, 4224, 4230, 4221, 4064, 4231, 4221, 4230, 4169, 4151, 4154, 4190, 4228, 4119, 4226, 4232, 4233, 4154, 4208, 4234, 4105, 4119, 4224,
            4233, 4214, 4222, 4228, 4224, 4119, 4229, 4228, 4235, 4221, 4236, 4053, 4233, 4237, 4214, 4232, 4237, 4233, 4238, 4237, 4232, 4053, 4236, 4155,
            4239, 4208, 4198, 4240, 4214, 4237, 4235, 4228, 4241, 4241, 4228, 4242, 4239, 4243, 4208, 4244, 4245, 4246, 4247, 4248, 4249, 4241, 4242, 4250,
            4248, 4251, 4249, 4243, 4234, 4208, 4251, 4252, 4246, 4253, 4254, 4223, 4253, 4255, 4254, 4256, 4251, 4248, 4257, 4236, 4231, 4234, 4169, 4154,
            4250, 4235, 4241, 4246, 4258, 4244, 4169, 4234, 4194, 4178, 4155, 4236, 4250, 4259, 4260, 4178, 4236, 4257, 4261, 4262, 4136, 4221, 4231, 4236,
            4263, 4227, 4264, 4261, 4265, 4262, 4266, 4223, 4218, 4253, 4223, 4266, 4218, 4267, 4266, 4257, 4231, 4268, 4269, 4234, 4243, 4227, 4232, 4226,
            4199, 4194, 4269, 4234, 4269, 4194, 4263, 4232, 4227, 4268, 4231, 4270, 4271, 4232, 4263, 4232, 4271, 4238, 4064, 3999, 4230, 4272, 4262, 4265,
            4273, 4266, 4267, 4272, 4265, 4274, 4275, 4263, 4264, 4261, 4136, 4224, 4276, 3999, 4215, 4277, 4237, 4238, 4276, 4230, 3999, 4229, 4261, 4224,
            4278, 4200, 4199, 4265, 4261, 4229, 4277, 4279, 4240, 4280, 4265, 4229, 4271, 4277, 4238, 4229, 4235, 4280, 4269, 4278, 4199, 4271, 4279, 4277,
            4281, 4282, 4283, 4253, 4273, 4284, 4285, 4286, 4287, 4288, 4256, 4289, 4288, 4290, 4256, 4290, 4291, 4256, 4230, 4276, 4231, 4292, 4293, 4288,
            4253, 4266, 4273, 4294, 4274, 4265, 4295, 4296, 4297, 4231, 4276, 4270, 4298, 4299, 4300, 4294, 4301, 4274, 4302, 4303, 4304, 4294, 3709, 4301,
            4305, 4306, 4304, 4284, 4255, 4253, 4284, 4307, 4255, 4305, 4304, 4308, 4305, 4308, 4309, 4284, 3676, 4307, 4310, 3709, 4294, 4311, 4305, 4309,
            4312, 4305, 4311, 4313, 4215, 4314, 4315, 4284, 4273, 4316, 4298, 4300, 4270, 4276, 4215, 4317, 4274, 4301, 4298, 4318, 4299, 4319, 4311, 4309,
            4317, 4272, 4274, 4319, 4309, 4320, 4319, 4321, 4311, 4322, 4284, 4315, 4323, 4319, 4320, 4322, 3676, 4284, 4200, 4278, 4202, 4324, 4325, 4326,
            4202, 4278, 4327, 3679, 3676, 4322, 4301, 3709, 3701, 4328, 4178, 4257, 4327, 4278, 4329, 4330, 4331, 4332, 3701, 3703, 4301, 4312, 4306, 4305,
            4333, 4327, 4329, 4328, 4334, 4178, 4335, 4306, 4312, 4336, 4335, 4312, 4294, 4265, 4280, 4337, 4327, 4333, 4268, 4270, 4338, 4336, 4312, 4311,
            4330, 4339, 4340, 4335, 4339, 4330, 3886, 3888, 4341, 4310, 4280, 4260, 4328, 4268, 4342, 4342, 4268, 4338, 4310, 4294, 4280, 4280, 4235, 4250,
            4328, 4257, 4268, 4321, 4336, 4311, 4260, 4280, 4250, 4343, 4344, 3896, 3896, 4344, 4345, 4346, 4321, 4347, 4336, 4348, 4335, 4349, 4344, 4350,
            4351, 4339, 4352, 4310, 3759, 3709, 4353, 4354, 4355, 3774, 3759, 4310, 4344, 4356, 4345, 4328, 4342, 4357, 3772, 4260, 4259, 4356, 4344, 4349,
            3772, 4310, 4260, 4310, 3772, 3774, 4358, 4359, 4360, 3906, 3773, 3772, 4361, 4362, 4363, 4364, 4362, 4361, 4365, 4270, 4215, 4347, 4321, 4319,
            4181, 4190, 4124, 4347, 4319, 4323, 4188, 4181, 4174, 3930, 4345, 4356, 4366, 4188, 4186, 4367, 4368, 4369, 4215, 4313, 4370, 4181, 4188, 4371,
            4372, 4181, 4371, 4371, 4188, 4366, 4367, 4369, 4373, 3931, 3930, 4356, 4374, 4373, 4375, 4215, 4370, 4365, 4371, 4366, 4376, 4376, 4377, 4371,
            4378, 4365, 4370, 4181, 4372, 4190, 4379, 4380, 4381, 4228, 4190, 4372, 4365, 4378, 4382, 4349, 4383, 4384, 4380, 4385, 4381, 4385, 4380, 4386,
            4349, 4350, 4383, 4383, 4350, 4387, 4385, 4386, 4388, 4378, 4389, 4382, 4242, 4372, 4377, 4385, 4388, 4390, 4378, 4391, 4389, 4242, 4228, 4372,
            4392, 4388, 4393, 4372, 4371, 4377, 1038, 4394, 1047, 4383, 4387, 4395, 4396, 1038, 1037, 4397, 4395, 4387, 4365, 4338, 4270, 1038, 4396, 4394,
            4186, 4202, 4366, 4384, 4383, 4395, 4398, 4399, 4400, 4382, 4338, 4365, 4342, 4338, 4382, 4327, 4401, 4202, 4356, 4349, 4402, 4366, 4202, 4401,
            4403, 4404, 4398, 4402, 4349, 4384, 4405, 4376, 4401, 4398, 4406, 4407, 4401, 4376, 4366, 4398, 4407, 4403, 4408, 4342, 4382, 4409, 4407, 4406,
            4407, 4410, 4403, 3931, 4356, 4402, 4409, 4406, 4411, 4402, 4412, 3931, 4337, 4401, 4327, 4384, 4412, 4402, 4413, 3702, 3726, 4414, 4415, 4416,
            4416, 4403, 4410, 3752, 4417, 3726, 4415, 4414, 4153, 3680, 3747, 3694, 4418, 4384, 4419, 4416, 4410, 4414, 4418, 4412, 4384, 4414, 4410, 4420,
            3748, 3747, 4035, 4259, 4250, 4242, 4417, 3752, 4421, 4422, 4414, 4420, 4421, 3752, 3832, 534, 533, 4423, 4242, 4424, 4259, 4395, 4419, 4384,
            534, 4423, 4425, 4423, 533, 552, 4242, 4377, 4426, 4427, 4423, 552, 4242, 4426, 4424, 3832, 4428, 4421, 4429, 4425, 4423, 4427, 4429, 4423,
            3832, 4430, 4428, 4424, 3906, 4259, 3953, 3943, 4431, 4427, 552, 555, 3906, 4424, 3907, 3953, 4431, 4432, 4430, 3832, 3834, 555, 4433, 4427,
            555, 4434, 4433, 3907, 4424, 4426, 3953, 3946, 3943, 555, 558, 4434, 4435, 4430, 4436, 4434, 558, 587, 4376, 4426, 4377, 4376, 4437, 4426,
            4038, 4037, 4438, 4428, 4430, 4435, 4376, 4405, 4437, 4439, 4427, 4433, 4427, 4439, 4440, 4441, 4438, 4442, 4337, 4405, 4401, 4443, 4337, 4444,
            4436, 4445, 4435, 4405, 4337, 4443, 4430, 3854, 4436, 3925, 4405, 4443, 3854, 4430, 3834, 4446, 4037, 4043, 4438, 4037, 4446, 4434, 4447, 4433,
            4405, 4448, 4437, 4405, 3925, 4448, 4449, 4439, 4433, 4433, 4447, 3719, 4449, 4433, 3719, 4442, 4438, 4446, 4436, 3854, 4450, 3853, 4450, 3854,
            4451, 4452, 4453, 4442, 4446, 4454, 4450, 3853, 4147, 3924, 4448, 3925, 4042, 3847, 3849, 4439, 4455, 4440, 4454, 4456, 4442, 4457, 4440, 4455,
            4454, 4446, 4458, 4449, 4455, 4439, 4437, 4448, 4426, 4448, 3907, 4426, 3907, 4448, 3924, 4456, 4454, 4459, 3754, 4449, 3727, 4044, 4130, 4042,
            4044, 4460, 4130, 4459, 4454, 4458, 3772, 4259, 3906, 4449, 3719, 3727, 4452, 4451, 4457, 4461, 3927, 4443, 3927, 3925, 4443, 4462, 3864, 4069,
            4193, 3864, 4462, 4463, 4445, 4464, 4455, 4449, 3754, 4462, 4069, 4074, 3927, 4461, 3766, 4074, 4465, 4462, 3754, 4457, 4455, 4466, 4193, 4462,
            4198, 4193, 4466, 4467, 4465, 4074, 4420, 4468, 4469, 4470, 4307, 3675, 4469, 4468, 4471, 4462, 4465, 4466, 4147, 4464, 4450, 3675, 4307, 3676,
            4472, 4471, 4468, 4445, 4436, 4450, 4464, 4445, 4450, 3675, 4473, 4470, 4468, 4474, 4475, 4073, 4038, 4476, 4477, 4478, 4479, 3674, 4473, 3675,
            3674, 3694, 4473, 4477, 4479, 4480, 4481, 4073, 4482, 3694, 3732, 4473, 4472, 4468, 4478, 4073, 4476, 4482, 4483, 4482, 4476, 4467, 4074, 4073,
            4130, 4460, 4139, 4469, 4422, 4420, 4467, 4073, 4481, 4465, 4467, 4481, 4481, 4484, 4465, 4485, 4486, 4469, 4460, 4183, 4139, 4487, 4460, 4044,
            4466, 4465, 4484, 4488, 4466, 4484, 4489, 4480, 4490, 4491, 4463, 4464, 4484, 4481, 4482, 4472, 4492, 4493, 4494, 4484, 4482, 4463, 4491, 4495,
            4492, 4496, 4493, 4494, 4482, 4483, 4497, 4496, 4492, 4147, 4491, 4464, 4497, 4492, 4489, 4494, 4488, 4484, 4498, 4494, 4483, 4491, 4499, 4495,
            4500, 4497, 4489, 4466, 4239, 4198, 4239, 4466, 4488, 4501, 4452, 4457, 4239, 4488, 4243, 4452, 4501, 4502, 4501, 3668, 4502, 4501, 4457, 3754,
            4503, 4476, 4038, 4438, 4503, 4038, 4501, 3754, 4020, 4504, 4463, 4495, 4020, 3754, 3755, 4505, 4460, 4487, 4483, 4476, 4503, 4441, 4503, 4438,
            4483, 4503, 4441, 4039, 4501, 4020, 3667, 4502, 3668, 4441, 4442, 4456, 3668, 4501, 4039, 4506, 4495, 4507, 4498, 4483, 4441, 3678, 3668, 4039,
            4498, 4441, 4456, 4447, 4434, 587, 3673, 4447, 814, 4494, 4508, 4488, 3719, 4447, 3720, 4147, 4509, 4491, 4147, 4150, 4509, 3720, 4447, 3673,
            4510, 4508, 4494, 4494, 4511, 4510, 3672, 3738, 3673, 4150, 4163, 4509, 4499, 4491, 4509, 814, 4447, 587, 808, 4512, 814, 4511, 4513, 4514,
            4513, 4511, 4515, 4163, 4178, 4516, 831, 4512, 808, 4508, 4243, 4488, 814, 4512, 3673, 4508, 4269, 4243, 4505, 4183, 4460, 831, 808, 817,
            4269, 4508, 4510, 3665, 4512, 831, 4269, 4510, 4329, 831, 832, 3664, 4517, 4499, 4518, 841, 832, 830, 4510, 4514, 4329, 830, 833, 841,
            4514, 4519, 4329, 4269, 4329, 4278, 832, 841, 3693, 3673, 4512, 3665, 4514, 4510, 4511, 4520, 4195, 4201, 4521, 4522, 4183, 4519, 4514, 4523,
            4513, 4523, 4514, 4524, 4498, 4456, 4525, 4201, 4522, 4505, 4521, 4183, 4494, 4498, 4524, 4511, 4494, 4524, 4511, 4524, 4515, 4499, 4517, 4507,
            4495, 4499, 4507, 4524, 4456, 4459, 4526, 4524, 4459, 4527, 4524, 4526, 4507, 4517, 4528, 4527, 4515, 4524, 4522, 4521, 4529, 4530, 4507, 4528,
            4516, 4509, 4163, 4509, 4516, 4518, 4518, 4516, 4531, 4518, 4499, 4509, 4526, 4532, 4527, 4527, 4533, 4515, 4528, 4517, 4518, 4122, 4101, 4534,
            4531, 4535, 4518, 4534, 4101, 4109, 4531, 4516, 4178, 4534, 4109, 4536, 4531, 4178, 4334, 4537, 4534, 4536, 4528, 4518, 4538, 4122, 4043, 4031,
            4538, 4518, 4535, 4446, 4043, 4122, 4539, 4122, 4534, 4122, 4539, 4540, 4334, 4541, 4531, 4535, 4531, 4541, 4540, 4539, 4542, 4543, 4540, 4542,
            4543, 4542, 4544, 4458, 4446, 4540, 4122, 4540, 4446, 4543, 4458, 4540, 4543, 4459, 4458, 4543, 4544, 4459, 4526, 4459, 4544, 4538, 4545, 4528,
            4545, 4538, 4546, 4539, 4534, 4537, 4545, 4530, 4528, 4542, 4539, 4547, 4548, 4547, 4539, 4548, 4539, 4537, 4110, 4134, 4549, 4550, 4334, 4328,
            4334, 4550, 4541, 4110, 4536, 4109, 4549, 4536, 4110, 4551, 4536, 4549, 3766, 3928, 3927, 4144, 4549, 4134, 3766, 3768, 3928, 4549, 4144, 4552,
            4551, 4549, 4552, 4537, 4536, 4551, 4552, 4553, 4551, 3767, 3780, 3768, 4551, 4554, 4537, 4555, 4554, 4551, 3928, 4556, 3933, 3768, 4556, 3928,
            3933, 4556, 3973, 3780, 3795, 3768, 3795, 4556, 3768, 4544, 4557, 4558, 3795, 4559, 4556, 4532, 4526, 4558, 3789, 3795, 3780, 4526, 4544, 4558,
            4547, 4548, 4557, 4544, 4542, 4557, 4557, 4542, 4547, 3973, 4556, 4559, 4554, 4548, 4537, 4560, 4548, 4554, 4548, 4560, 4557, 4560, 4558, 4557,
            4561, 4559, 3795, 4562, 4559, 4561, 3699, 4532, 4558, 4559, 4563, 4564, 4563, 4559, 4562, 3700, 3699, 4558, 4564, 4563, 4565, 4566, 4560, 4567,
            4566, 4558, 4560, 3700, 4558, 4566, 3973, 4559, 3988, 4568, 4551, 4553, 4551, 4568, 4555, 4559, 4564, 3988, 4567, 4555, 4568, 4569, 4567, 4568,
            4570, 4567, 4569, 4571, 4000, 3988, 4572, 4569, 4553, 4553, 4573, 4572, 4564, 4571, 3988, 4572, 4574, 4575, 4568, 4553, 4569, 4561, 3795, 3794,
            4575, 4569, 4572, 4575, 4570, 4569, 4575, 4576, 4570, 4562, 4561, 3794, 4577, 4576, 4575, 3811, 4562, 3794, 3813, 4578, 4562, 4560, 4554, 4555,
            4567, 4560, 4555, 4578, 4563, 4562, 4565, 4563, 4578, 4567, 4570, 4566, 3811, 3813, 4562, 4566, 4570, 4579, 4578, 3813, 4580, 4580, 3813, 3891,
            3891, 3813, 3812, 4581, 4579, 4570, 4532, 3699, 4527, 4571, 4564, 4582, 4519, 4333, 4329, 4571, 4215, 4000, 4583, 4333, 4519, 4564, 4565, 4582,
            4584, 4523, 4513, 4519, 4523, 4583, 4565, 4585, 4582, 4215, 4571, 4314, 4314, 4571, 4582, 4586, 4314, 4582, 4587, 4333, 4583, 4588, 4314, 4586,
            4444, 4337, 4333, 4444, 4333, 4587, 4588, 4313, 4314, 4589, 4587, 4583, 4523, 4589, 4583, 4585, 4586, 4582, 4589, 4523, 4584, 4590, 4586, 4591,
            4589, 4592, 4593, 4593, 4587, 4589, 4565, 4578, 4580, 4533, 4513, 4515, 4580, 4585, 4565, 4584, 4533, 3704, 4584, 4513, 4533, 4580, 4594, 4585,
            3704, 4527, 3699, 4580, 3891, 3934, 3704, 4533, 4527, 4580, 3934, 4594, 4595, 4594, 3934, 4594, 4596, 4585, 4597, 4596, 4594, 3704, 4598, 4584,
            4594, 4595, 4597, 3712, 4598, 3704, 4598, 3712, 3729, 4596, 4597, 4599, 4597, 4595, 4600, 4600, 4599, 4597, 4592, 4589, 4584, 4598, 4592, 4584,
            4585, 4596, 4586, 4586, 4596, 4591, 4443, 4444, 4587, 4590, 4588, 4586, 4590, 4601, 4588, 4443, 4587, 4461, 4602, 4603, 4593, 4587, 4593, 4603,
            4604, 4590, 4591, 4603, 4461, 4587, 4590, 4604, 4605, 4605, 4604, 4606, 4603, 3776, 4461, 4461, 3776, 3767, 4461, 3767, 3766, 4599, 4591, 4596,
            4604, 4591, 4607, 4608, 4598, 3729, 4608, 3729, 3735, 4607, 4591, 4599, 3782, 3735, 3746, 4608, 4592, 4598, 4609, 4604, 4607, 4609, 4606, 4604,
            4593, 4592, 4602, 4602, 4592, 4608, 4610, 4607, 4599, 4610, 4611, 4607, 4612, 4611, 4610, 3782, 4602, 4608, 4607, 4611, 4609, 3782, 3777, 4602,
            3776, 4603, 4602, 4602, 3777, 3776, 4601, 4370, 4313, 3782, 4608, 3735, 4601, 4313, 4588, 4378, 4370, 4601, 3700, 4566, 4613, 4613, 4566, 4579,
            4378, 4601, 4391, 3698, 3700, 3713, 4613, 3713, 3700, 4590, 4605, 4601, 4613, 4614, 4615, 4391, 4601, 4605, 4391, 4605, 4616, 3713, 4613, 4615,
            4606, 4616, 4605, 3713, 4617, 3714, 4617, 3713, 4615, 3937, 4595, 3934, 4576, 4577, 4618, 4619, 4620, 4576, 4619, 4576, 4618, 4595, 3937, 3945,
            4614, 4579, 4581, 4595, 3945, 4600, 4613, 4579, 4614, 4581, 4570, 4576, 4600, 3945, 4610, 4620, 4581, 4576, 4599, 4600, 4610, 4621, 4610, 3945,
            4610, 4621, 4622, 4612, 4610, 4622, 3945, 3947, 4621, 3671, 4617, 4614, 4621, 3947, 3974, 3974, 4622, 4621, 4622, 3974, 4623, 4615, 4614, 4617,
            4620, 4614, 4581, 4624, 3671, 4620, 3671, 4614, 4620, 4624, 4620, 4619, 4623, 4612, 4622, 4612, 4623, 4625, 3739, 3714, 4617, 3989, 4623, 3974,
            3989, 4626, 4623, 3753, 4617, 3670, 3670, 4617, 3671, 3739, 4617, 3753, 3974, 3979, 3989, 3753, 3670, 3682, 3671, 4624, 4627, 3990, 4628, 3989,
            3671, 4627, 3669, 4629, 4085, 4630, 4295, 4631, 4632, 4085, 4500, 4086, 4633, 3667, 3666, 4634, 4632, 4292, 3666, 4635, 4633, 4636, 4637, 4629,
            4295, 4632, 4634, 4630, 4636, 4629, 4638, 4639, 4640, 4639, 4633, 4640, 4640, 4633, 4635, 4641, 4642, 4643, 4644, 4642, 4641, 4645, 4641, 4637,
            4646, 4644, 4641, 4647, 4648, 4649, 3666, 3677, 4635, 4650, 4651, 4644, 4652, 3678, 4653, 4652, 3677, 3678, 4646, 4650, 4644, 4647, 4649, 4654,
            4635, 3677, 4652, 4655, 4635, 4656, 4646, 4641, 4645, 4640, 4635, 4655, 4657, 4071, 4129, 4652, 4656, 4635, 4071, 4099, 4129, 4658, 4654, 4287,
            4652, 4659, 4656, 4660, 4655, 4656, 4656, 4661, 4660, 4661, 4656, 4659, 4647, 4654, 4292, 4662, 4292, 4654, 4663, 4650, 4646, 4653, 3678, 4664,
            4663, 4665, 4650, 4653, 4664, 4666, 4292, 4662, 4634, 4667, 4645, 4636, 4668, 4666, 4669, 4670, 4671, 4672, 4666, 4652, 4653, 4659, 4652, 4666,
            4089, 4085, 4087, 4673, 4674, 4672, 4089, 4630, 4085, 3878, 4659, 4666, 4286, 4658, 4287, 4673, 4672, 4671, 4630, 4089, 4675, 4070, 4671, 4676,
            4676, 4671, 4670, 4658, 4286, 4677, 4668, 3878, 4666, 4658, 4662, 4654, 4678, 4636, 4630, 4679, 4662, 4658, 4667, 4636, 4678, 4680, 4674, 4673,
            4680, 4681, 4674, 4679, 4634, 4662, 4667, 4678, 4682, 3688, 3686, 4089, 4683, 4089, 3686, 4677, 4679, 4658, 4684, 4681, 4680, 4684, 4680, 4673,
            4092, 4638, 4685, 4683, 4675, 4089, 4683, 4686, 4675, 4684, 4673, 4671, 4640, 4685, 4638, 4630, 4675, 4678, 4687, 4681, 4684, 4688, 4681, 4687,
            4685, 4689, 4092, 4684, 4671, 4687, 4687, 4671, 4657, 4086, 4638, 4092, 4690, 4295, 4634, 4092, 4689, 4691, 4671, 4072, 4657, 4690, 4296, 4295,
            4667, 4646, 4645, 4689, 4685, 4692, 4693, 4646, 4667, 4694, 4634, 4679, 4634, 4694, 4690, 4098, 4688, 4695, 4696, 4693, 4667, 4691, 4689, 4697,
            4695, 4075, 4098, 4685, 4655, 4692, 4693, 4663, 4646, 4640, 4655, 4685, 4695, 4078, 4075, 4655, 4660, 4692, 4698, 4663, 4693, 4699, 4078, 4695,
            4682, 4696, 4667, 4700, 4690, 4694, 4692, 4660, 4661, 4701, 4692, 4661, 4690, 4702, 4296, 4703, 4682, 4704, 4703, 4696, 4682, 4698, 4693, 4696,
            4705, 4698, 4696, 4689, 4692, 4697, 4695, 4706, 4699, 4707, 4706, 4695, 4703, 4705, 4696, 4697, 4692, 3690, 4708, 4698, 4705, 4197, 4196, 4709,
            4710, 4699, 4706, 3690, 4692, 4701, 4682, 4678, 4704, 4638, 4711, 4712, 4710, 4706, 4713, 4086, 4711, 4638, 4098, 4681, 4688, 4714, 4196, 4715,
            3688, 4087, 4691, 4691, 4087, 4092, 4716, 4714, 4715, 4714, 4709, 4196, 3688, 4691, 3687, 4715, 4717, 4650, 3687, 4691, 4718, 4719, 4688, 4687,
            4718, 4691, 4697, 4687, 4657, 4129, 4720, 4714, 4716, 4665, 4715, 4650, 4687, 4129, 4719, 4719, 4695, 4688, 4721, 4714, 4720, 4722, 4720, 4716,
            4719, 4129, 4723, 4665, 4716, 4715, 4724, 4303, 4709, 4722, 4716, 4665, 4135, 4106, 4116, 4723, 4129, 4106, 4723, 4106, 4135, 3734, 3687, 4718,
            4725, 4665, 4663, 4721, 4709, 4714, 3685, 3687, 3734, 4725, 4722, 4665, 4709, 4721, 4724, 4698, 4725, 4663, 4726, 4718, 3690, 3690, 3696, 4726,
            4719, 4707, 4695, 4707, 4719, 4723, 3691, 3690, 4701, 4104, 4722, 4725, 4103, 4722, 4104, 4135, 4713, 4723, 3696, 3690, 3689, 4720, 4722, 4103,
            4723, 4706, 4707, 4706, 4723, 4713, 4718, 4697, 3690, 4724, 4304, 4303, 4304, 4724, 4308, 4708, 4725, 4698, 4725, 4708, 4104, 4726, 3696, 3734,
            4721, 4308, 4724, 3695, 3744, 3696, 4727, 4102, 4104, 3734, 4718, 4726, 4728, 4720, 4103, 4720, 4308, 4721, 4729, 4103, 4102, 4320, 4103, 4729,
            4683, 4730, 4686, 4108, 4686, 4730, 4686, 4108, 4731, 4675, 4731, 4678, 4675, 4686, 4731, 4730, 4683, 3686, 4120, 4704, 4731, 4704, 4678, 4731,
            4730, 3686, 3685, 4108, 4732, 4731, 4120, 4731, 4121, 3685, 3741, 4730, 3740, 4108, 4730, 4728, 4308, 4720, 4728, 4309, 4308, 4107, 4732, 4108,
            4731, 4732, 4121, 3740, 4730, 3741, 4132, 4121, 4732, 3741, 3806, 3742, 4132, 4732, 4107, 3741, 3685, 3733, 3737, 3741, 3733, 3806, 3741, 3737,
            4103, 4309, 4728, 4114, 4703, 4704, 4210, 4733, 4207, 3736, 3734, 3696, 3744, 3750, 3736, 4734, 4705, 4703, 4703, 4114, 4734, 4210, 4735, 4736,
            4103, 4320, 4309, 3695, 3723, 3744, 4114, 4113, 4734, 3750, 3733, 3736, 4113, 4737, 4734, 4738, 4737, 4113, 4120, 4114, 4704, 4078, 4739, 4218,
            4740, 4323, 4320, 4120, 4115, 4114, 4115, 4121, 4132, 4209, 4223, 4210, 4741, 4323, 4740, 3763, 3821, 3764, 4007, 3821, 3763, 4007, 3763, 4742,
            3802, 3797, 3828, 4325, 4324, 4743, 4743, 4744, 4325, 4745, 3769, 3725, 4133, 4132, 4107, 4745, 3725, 3771, 4133, 4107, 4126, 4326, 4281, 4303,
            4303, 4302, 4326, 4162, 4131, 4133, 4162, 4133, 4059, 4745, 4746, 4742, 4742, 3769, 4745, 4332, 4326, 4302, 3801, 4007, 4742, 4332, 4324, 4326,
            4746, 3801, 4742, 4165, 4738, 4160, 4056, 4745, 3771, 4746, 4745, 4056, 4735, 4210, 4254, 4254, 4210, 4223, 4735, 4254, 4747, 4160, 4115, 4132,
            4748, 4746, 4056, 4747, 4749, 4735, 4331, 4743, 4324, 3791, 4056, 3804, 3791, 4748, 4056, 4742, 3763, 3769, 4302, 4304, 4306, 4747, 3762, 4749,
            4748, 3801, 4746, 3801, 4748, 3796, 4113, 4115, 4160, 4302, 4306, 4332, 4738, 4113, 4160, 3797, 3801, 3796, 4750, 3762, 4747, 4748, 3791, 3796,
            4160, 4131, 4162, 4332, 4331, 4324, 4162, 4164, 4160, 4330, 4332, 4306, 4165, 4164, 4733, 4088, 4164, 4162, 4088, 4162, 4079, 4330, 4340, 4331,
            4207, 4164, 4088, 3821, 3808, 3764, 4255, 4750, 4747, 4743, 4751, 4744, 3743, 4107, 3740, 4307, 4750, 4255, 4255, 4747, 4254, 4340, 4751, 4743,
            4752, 4285, 4751, 4699, 4739, 4078, 4752, 4753, 4285, 4743, 4331, 4340, 4661, 4659, 3878, 4701, 4661, 3881, 3881, 4661, 3878, 3878, 3877, 3881,
            4752, 4751, 4340, 3879, 3878, 4668, 4739, 4267, 4218, 4340, 4351, 4752, 3879, 3887, 3882, 4104, 4708, 4727, 3691, 4701, 3881, 4754, 4739, 4699,
            4734, 4708, 4705, 4755, 4753, 4752, 4353, 4755, 4752, 4710, 4754, 4699, 4737, 4708, 4734, 4754, 4267, 4739, 4754, 4756, 4267, 3877, 3879, 3882,
            4102, 4727, 4729, 3879, 4668, 3887, 4710, 4757, 4754, 4758, 4754, 4757, 4668, 3888, 3887, 4758, 4756, 4754, 4299, 4708, 4737, 4335, 4330, 4306,
            4756, 4273, 4267, 3889, 3898, 3882, 4299, 4737, 4300, 4759, 4273, 4756, 4760, 4727, 4299, 3889, 3896, 3900, 4760, 4299, 4318, 4299, 4727, 4708,
            4761, 4262, 4272, 3691, 3881, 3880, 3880, 3689, 3691, 4727, 4762, 4729, 4762, 4320, 4729, 4758, 4761, 4763, 4763, 4761, 4272, 4348, 4336, 4321,
            3880, 3882, 3904, 4321, 4346, 4348, 4760, 4762, 4727, 4762, 4318, 4764, 4135, 4136, 4262, 4764, 4740, 4762, 4318, 4762, 4760, 4762, 4740, 4320,
            3689, 4004, 3695, 4348, 4765, 4335, 4741, 4740, 4764, 3689, 3880, 3903, 4004, 3689, 3903, 3903, 3965, 4004, 4300, 4737, 4738, 4165, 4300, 4738,
            3965, 3903, 3915, 3904, 3882, 3898, 4757, 4135, 4262, 4713, 4135, 4757, 4351, 4340, 4339, 4316, 4300, 4165, 4757, 4262, 4761, 4733, 4316, 4165,
            4757, 4710, 4713, 4758, 4757, 4761, 4752, 4351, 4353, 4352, 4353, 4351, 4736, 4318, 4298, 4354, 4353, 4352, 3915, 3904, 3916, 4316, 4736, 4298,
            4733, 4736, 4316, 3916, 3904, 3914, 4210, 4736, 4733, 4207, 4733, 4164, 3900, 4345, 3930, 3899, 3900, 3930, 4759, 4315, 4273, 4766, 4315, 4759,
            4335, 4765, 4339, 4764, 4767, 4741, 3930, 3929, 3899, 4749, 4764, 4318, 4765, 4352, 4339, 3914, 3899, 3940, 4301, 4768, 4317, 4768, 4301, 4769,
            4368, 4765, 4348, 3940, 3899, 3929, 4318, 4736, 4749, 4367, 4352, 4765, 3931, 3941, 3929, 4352, 4367, 4354, 4749, 4736, 4735, 4767, 4764, 4749,
            4367, 4360, 4354, 4301, 3703, 4769, 3762, 4767, 4749, 3914, 3940, 3917, 3940, 3929, 3941, 4770, 4677, 4286, 4755, 4286, 4753, 4679, 4677, 4771,
            4341, 3896, 3886, 4770, 4771, 4677, 3896, 4341, 4343, 4755, 4770, 4286, 4772, 3969, 3972, 4345, 3900, 3896, 4773, 4770, 4755, 4771, 4770, 4774,
            4773, 4774, 4770, 4775, 3972, 3991, 4776, 4774, 4773, 4775, 3991, 4777, 4774, 4776, 4778, 4694, 4679, 4700, 4777, 3991, 3984, 4700, 4679, 4771,
            4061, 3997, 3996, 4774, 4700, 4771, 4412, 3943, 3931, 3987, 4777, 3984, 3987, 4779, 4777, 4027, 3997, 4061, 4412, 4431, 3943, 4780, 4690, 4700,
            4412, 4418, 4431, 4004, 3960, 3962, 3695, 3962, 3723, 4780, 4702, 4690, 4700, 4781, 4780, 4004, 3965, 3960, 4781, 4700, 4774, 3915, 3918, 3965,
            4778, 4781, 4774, 4782, 4780, 4781, 3771, 4772, 4057, 3969, 4772, 3771, 3771, 3770, 3969, 4755, 4353, 4773, 4355, 4773, 4353, 4355, 4776, 4773,
            3972, 4775, 4772, 4783, 4772, 4775, 4045, 4783, 3977, 4783, 3998, 3977, 4056, 3771, 4057, 4354, 4359, 4355, 4756, 4763, 4784, 4758, 4763, 4756,
            4784, 4759, 4756, 4057, 4772, 4783, 4360, 4359, 4354, 4783, 4045, 4057, 4272, 4784, 4763, 3804, 4057, 4045, 4359, 4776, 4355, 4776, 4359, 4361,
            4785, 4775, 4777, 4361, 4363, 4776, 4783, 4775, 3998, 4358, 4361, 4359, 3998, 4775, 4785, 4759, 4784, 4768, 4786, 4759, 4768, 4766, 4759, 4786,
            4787, 4361, 4358, 4785, 4777, 4779, 4784, 4272, 4317, 4784, 4317, 4768, 4785, 4061, 3998, 4766, 4786, 4788, 4778, 4363, 4781, 4768, 4788, 4786,
            4788, 4789, 4766, 4363, 4778, 4776, 4790, 4322, 4315, 4061, 4785, 4779, 4315, 4766, 4790, 4779, 4027, 4061, 4790, 3679, 4322, 4791, 3679, 4790,
            4792, 4790, 4789, 4789, 4790, 4766, 4782, 4781, 4363, 4791, 4790, 4792, 4793, 4792, 4794, 4792, 4793, 4791, 4795, 4782, 4363, 4788, 4768, 4769,
            4769, 4794, 4788, 3987, 3986, 4796, 3703, 3702, 4769, 3702, 4794, 4769, 3986, 3935, 4796, 4789, 4788, 4794, 4794, 4792, 4789, 4797, 4796, 3935,
            4779, 3987, 4081, 3987, 4796, 4081, 4363, 4362, 4795, 4081, 4080, 4028, 4081, 4796, 4082, 4082, 4796, 4797, 4798, 4795, 4362, 4080, 4082, 4799,
            4082, 4797, 4800, 4799, 4082, 4800, 4346, 4347, 4801, 4802, 4801, 4347, 4750, 4803, 3762, 4323, 4802, 4347, 3935, 4093, 4797, 4802, 4804, 4801,
            4368, 4348, 4346, 4805, 3760, 4803, 4080, 4097, 4028, 4806, 4368, 4801, 4801, 4368, 4346, 4094, 4097, 4799, 4799, 4097, 4080, 4470, 4803, 4750,
            4802, 4323, 4741, 4470, 4805, 4803, 4800, 4797, 4093, 4800, 4093, 4123, 4750, 4307, 4470, 4807, 4800, 4123, 4767, 4802, 4741, 3951, 4138, 4808,
            4809, 4804, 4802, 4123, 3951, 4808, 4810, 4811, 4805, 4801, 4804, 4806, 4805, 4473, 4810, 4473, 4805, 4470, 4128, 4812, 4142, 4810, 4473, 4813,
            4094, 4799, 4814, 4094, 4814, 4128, 4815, 4806, 4804, 4810, 4813, 4816, 4799, 4800, 4814, 4800, 4807, 4814, 4816, 4813, 3822, 4015, 4816, 3822,
            4807, 4123, 4808, 4765, 4368, 4367, 4814, 4807, 4128, 4812, 4128, 4808, 4128, 4807, 4808, 4806, 4369, 4368, 4369, 4806, 4375, 4360, 4367, 4373,
            3732, 4813, 4473, 4027, 4779, 4081, 4028, 4027, 4081, 4369, 4375, 4373, 4806, 4815, 4375, 4817, 4375, 4815, 863, 4146, 4818, 4148, 4818, 4146,
            4375, 4819, 4374, 4375, 4817, 4819, 4767, 4809, 4802, 4820, 4152, 4153, 3762, 3761, 4767, 4820, 4821, 4152, 3761, 4809, 4767, 4822, 855, 862,
            3762, 4803, 3760, 4823, 4804, 4809, 4804, 4823, 4815, 4824, 4809, 3761, 4824, 4823, 4809, 4824, 4825, 4823, 4818, 859, 863, 3731, 4813, 3732,
            4818, 4826, 859, 3822, 4813, 3731, 859, 4822, 862, 4826, 4822, 859, 3760, 4824, 3761, 3845, 4016, 3822, 4148, 4161, 4818, 4827, 4824, 3760,
            4827, 4825, 4824, 4828, 4822, 4826, 4829, 4817, 4815, 1074, 855, 4822, 4815, 4823, 4829, 870, 1074, 869, 4825, 4829, 4823, 4830, 869, 1074,
            872, 869, 4159, 4831, 4819, 4832, 4819, 4817, 4832, 4158, 869, 4830, 4830, 4822, 4828, 4830, 1074, 4822, 4833, 4817, 4829, 4834, 4830, 4828,
            4833, 4832, 4817, 4834, 4158, 4830, 4158, 4834, 4835, 4836, 4159, 4158, 4829, 4825, 4837, 4827, 4837, 4825, 4835, 4836, 4158, 4834, 4828, 4838,
            4839, 4832, 4833, 4161, 4826, 4818, 4833, 4829, 4837, 4821, 4161, 4152, 4828, 4826, 4161, 4838, 4828, 4161, 4839, 4833, 4837, 4837, 4840, 4839,
            4161, 4841, 4838, 4841, 4161, 4821, 4360, 4373, 4358, 4841, 4176, 4175, 4176, 4841, 4821, 4838, 4841, 4168, 4373, 4374, 4358, 4842, 4358, 4374,
            4842, 4787, 4358, 4841, 4166, 4168, 4364, 4361, 4787, 4843, 4842, 4374, 4374, 4819, 4843, 4844, 4834, 4168, 4844, 4835, 4834, 4831, 4843, 4819,
            4225, 4836, 4835, 4171, 4835, 4844, 4845, 4787, 4842, 4842, 4843, 4845, 4845, 4846, 4787, 4847, 4846, 4845, 4171, 4225, 4835, 4171, 4844, 4848,
            4848, 4172, 4171, 4849, 4845, 4843, 4847, 4845, 4849, 4834, 4838, 4168, 4850, 3820, 4851, 4848, 4844, 4168, 4850, 3706, 3820, 4850, 4050, 3706,
            4176, 4821, 4820, 4176, 4820, 4852, 4853, 4003, 4002, 4070, 4853, 4002, 4854, 4851, 4855, 4846, 4364, 4787, 4856, 4176, 4852, 4851, 4854, 4857,
            4177, 4176, 4856, 4670, 4050, 4850, 4858, 4177, 4856, 4670, 4850, 4859, 4670, 4859, 4676, 4362, 4364, 4798, 4857, 4850, 4851, 4798, 4364, 4846,
            4860, 4850, 4857, 4379, 4798, 4846, 4857, 4861, 4860, 4846, 4380, 4379, 4860, 4859, 4850, 4676, 4860, 4861, 4676, 4859, 4860, 4166, 4841, 4175,
            4070, 4861, 4853, 4861, 4070, 4676, 4847, 4380, 4846, 4862, 4167, 4166, 4863, 4864, 4006, 4864, 3821, 4007, 4180, 4177, 4858, 4386, 4380, 4847,
            4179, 4166, 4175, 4006, 4864, 4007, 4166, 4179, 4862, 4192, 4862, 4179, 4192, 4179, 4180, 4865, 4185, 4187, 4185, 4865, 4264, 3820, 3821, 4864,
            4168, 4167, 4848, 4010, 3831, 3830, 4855, 3820, 4864, 4864, 4863, 4855, 3820, 4855, 4851, 3831, 4010, 4866, 4867, 4831, 4832, 4167, 4172, 4848,
            4868, 3831, 4866, 4084, 4392, 4034, 4084, 4091, 4392, 3831, 3802, 3828, 3831, 4006, 3802, 4843, 4831, 4849, 4863, 4006, 3831, 4862, 4187, 4167,
            4869, 4187, 4862, 4866, 4010, 4003, 4866, 4003, 4853, 4867, 4849, 4831, 4868, 4866, 4853, 4865, 4187, 4869, 4855, 4870, 4854, 4870, 4855, 4863,
            4868, 4870, 4863, 4863, 3831, 4868, 4839, 4867, 4832, 4857, 4854, 4870, 4717, 4858, 4871, 4861, 4870, 4853, 4870, 4868, 4853, 4872, 4873, 4090,
            4180, 4858, 4191, 4858, 4717, 4191, 4090, 4112, 4872, 4870, 4861, 4857, 4874, 4867, 4839, 4032, 4018, 4118, 4811, 4827, 3760, 4805, 4811, 3760,
            3845, 4118, 4016, 4125, 4118, 3845, 4191, 4197, 4192, 4875, 4849, 4867, 4876, 4192, 4197, 4197, 4877, 4876, 4811, 4837, 4827, 4840, 4837, 4811,
            4032, 4878, 4033, 4715, 4191, 4717, 4025, 4875, 4867, 4715, 4196, 4191, 4816, 4840, 4811, 4125, 4878, 4032, 4849, 4386, 4847, 4839, 4840, 4879,
            4875, 4386, 4849, 4140, 4878, 4125, 4015, 4879, 4840, 4192, 4876, 4862, 4810, 4816, 4811, 4876, 4869, 4862, 4015, 4840, 4816, 4393, 4386, 4875,
            4018, 4879, 4015, 4283, 4876, 4877, 4283, 4865, 4869, 4283, 4869, 4876, 4283, 4275, 4865, 4388, 4386, 4393, 4839, 4879, 4874, 4303, 4877, 4709,
            4709, 4877, 4197, 4026, 4874, 4879, 4283, 4877, 4303, 4874, 4025, 4867, 4025, 4874, 4026, 4875, 4025, 4393, 4303, 4281, 4283, 4117, 4033, 4878,
            980, 4217, 982, 4117, 4878, 4140, 4026, 4879, 4018, 4392, 4880, 4388, 4032, 4024, 4026, 4204, 981, 982, 4032, 4026, 4018, 4393, 4034, 4392,
            4117, 4140, 4881, 4034, 4393, 4025, 4206, 4204, 982, 4182, 4881, 4140, 4881, 4112, 4117, 984, 981, 4204, 4872, 4112, 4881, 4882, 4398, 4404,
            4883, 3680, 4791, 4883, 3747, 3680, 4219, 4206, 982, 4884, 4394, 4396, 4885, 4881, 4182, 4213, 4206, 4219, 4885, 4872, 4881, 4872, 4885, 4886,
            4883, 4035, 3747, 4887, 4396, 1037, 4035, 4883, 4888, 4887, 1037, 534, 4212, 4205, 4206, 4212, 4206, 4213, 4035, 4040, 4022, 4398, 4884, 4399,
            4888, 4889, 4035, 4889, 4040, 4035, 4247, 4212, 4211, 4398, 4394, 4884, 4882, 4394, 4398, 4885, 4182, 4195, 4890, 4041, 4040, 4884, 4396, 4399,
            4240, 4211, 4214, 4890, 4040, 4889, 4891, 4890, 4889, 4211, 4892, 4247, 4399, 4396, 4887, 4892, 4211, 4240, 872, 4159, 979, 4217, 979, 4159,
            4217, 980, 979, 4893, 4044, 4041, 4041, 4890, 4893, 4146, 1043, 1046, 4044, 4893, 4487, 4894, 4487, 4893, 4149, 4146, 1046, 1046, 1041, 1047,
            1047, 4882, 1046, 4159, 4220, 4216, 4836, 4220, 4159, 4836, 4895, 4220, 4882, 1047, 4394, 4670, 4674, 4050, 4674, 4047, 4050, 4672, 4674, 4670,
            4149, 1046, 4882, 4072, 4070, 4055, 4225, 4895, 4836, 4415, 4149, 4404, 4671, 4070, 4072, 4220, 4895, 4222, 4047, 4674, 4681, 4404, 4149, 4882,
            4233, 4222, 4895, 4681, 4063, 4047, 4098, 4063, 4681, 4071, 4657, 4072, 4225, 4233, 4895, 4225, 4226, 4233, 4222, 4213, 4219, 4222, 4214, 4213,
            4420, 4410, 4474, 912, 4896, 4897, 4896, 912, 984, 912, 4897, 909, 1000, 4897, 4898, 1000, 909, 4897, 4406, 4398, 4400, 4897, 4244, 4898,
            4245, 4897, 4896, 4406, 4400, 4411, 4205, 4896, 984, 4899, 4411, 4400, 4249, 4205, 4212, 4245, 4896, 4205, 4205, 4249, 4245, 4900, 4411, 4899,
            4897, 4245, 4244, 4407, 4474, 4410, 4474, 4407, 4409, 4901, 1009, 1011, 4474, 4409, 4475, 1010, 1000, 4898, 4791, 3680, 3679, 3702, 4413, 4794,
            1011, 1010, 4898, 4475, 4409, 4411, 3726, 4417, 4413, 4902, 4901, 1011, 4902, 1011, 4898, 4903, 4901, 4902, 4149, 4415, 4148, 4904, 4883, 4791,
            4244, 4902, 4898, 4905, 4413, 4417, 4902, 4244, 4258, 4404, 4403, 4416, 4416, 4415, 4404, 4903, 4902, 4258, 4906, 4903, 4258, 4247, 4249, 4212,
            4148, 4415, 4153, 4245, 4249, 4251, 4417, 4421, 4907, 4905, 4417, 4907, 4246, 4245, 4251, 4904, 4791, 4793, 4904, 4793, 4413, 4794, 4413, 4793,
            4904, 4413, 4908, 4852, 4820, 4422, 4422, 4820, 4414, 4248, 4247, 4289, 4289, 4247, 4892, 4883, 4904, 4909, 4908, 4413, 4905, 4909, 4904, 4908,
            4908, 4905, 4909, 4820, 4153, 4414, 4289, 4256, 4248, 4291, 4251, 4256, 4910, 4909, 4905, 534, 4425, 4887, 4910, 4883, 4909, 4252, 4258, 4246,
            4883, 4910, 4888, 4907, 4888, 4910, 4905, 4907, 4910, 4906, 4258, 4252, 4421, 4428, 4907, 4252, 4911, 4906, 4906, 4911, 4912, 4291, 4252, 4251,
            4252, 4291, 4911, 4399, 4887, 4425, 4425, 4400, 4399, 4913, 4912, 4911, 4425, 4429, 4400, 4914, 4913, 4911, 4907, 4428, 4915, 4907, 4916, 4888,
            4889, 4888, 4916, 4916, 4891, 4889, 4916, 4907, 4915, 4185, 4227, 4170, 4891, 4916, 4915, 4227, 4185, 4264, 4428, 4435, 4915, 4435, 4917, 4915,
            4275, 4264, 4865, 4891, 4915, 4918, 4917, 4918, 4915, 4275, 4919, 4263, 4919, 4271, 4263, 4277, 4240, 4237, 4918, 4890, 4891, 4920, 4890, 4918,
            4918, 4917, 4920, 4279, 4648, 4240, 4921, 4429, 4922, 4892, 4240, 4648, 4899, 4400, 4921, 4922, 4429, 4427, 4923, 4279, 4271, 4427, 4440, 4922,
            4921, 4922, 4451, 4649, 4648, 4279, 4451, 4922, 4440, 4445, 4917, 4435, 4279, 4923, 4649, 4917, 4445, 4504, 4463, 4504, 4445, 4921, 4400, 4429,
            4275, 4283, 4924, 4919, 4275, 4924, 4925, 4924, 4282, 4925, 4919, 4924, 4921, 4453, 4926, 4899, 4921, 4926, 4900, 4899, 4926, 4894, 4505, 4487,
            4927, 4919, 4925, 4928, 4927, 4925, 4282, 4325, 4925, 4929, 4894, 4930, 4921, 4451, 4453, 4495, 4506, 4504, 4325, 4928, 4925, 4931, 4505, 4894,
            4932, 4931, 4929, 4929, 4931, 4894, 4744, 4928, 4325, 4282, 4924, 4283, 4440, 4457, 4451, 4326, 4325, 4281, 4281, 4325, 4282, 4919, 4927, 4271,
            4927, 4923, 4271, 4933, 4923, 4927, 4923, 4933, 4649, 4287, 4654, 4649, 4933, 4287, 4649, 4933, 4927, 4928, 4744, 4933, 4928, 4189, 4183, 4522,
            4522, 4201, 4189, 4744, 4285, 4933, 4285, 4744, 4751, 4933, 4285, 4287, 4505, 4931, 4521, 4753, 4286, 4285, 4521, 4931, 4934, 4935, 4289, 4892,
            4479, 4475, 4900, 4936, 4931, 4932, 4479, 4900, 4937, 4892, 4648, 4935, 4936, 4934, 4931, 4420, 4474, 4468, 4935, 4288, 4289, 4288, 4935, 4938,
            4506, 4507, 4530, 4478, 4468, 4475, 4647, 4935, 4648, 4938, 4935, 4647, 4934, 4529, 4521, 4475, 4411, 4900, 4292, 4288, 4938, 4529, 4525, 4522,
            4938, 4647, 4292, 4939, 4529, 4934, 4290, 4911, 4291, 4525, 4529, 4940, 4288, 4293, 4290, 4293, 4941, 4290, 4480, 4479, 4937, 4911, 4290, 4914,
            4914, 4290, 4941, 4631, 4914, 4941, 4941, 4632, 4631, 4478, 4477, 4472, 4631, 4913, 4914, 4475, 4479, 4478, 4632, 4293, 4292, 4632, 4941, 4293,
            4852, 4422, 4469, 4486, 4852, 4469, 4893, 4890, 4920, 4942, 4893, 4920, 4920, 4917, 4504, 4504, 4942, 4920, 4893, 4930, 4894, 4942, 4943, 4893,
            4893, 4943, 4930, 4930, 4943, 4944, 4943, 4504, 4944, 4504, 4943, 4942, 4852, 4486, 4856, 4944, 4929, 4930, 4944, 4504, 4506, 4945, 4486, 4485,
            4485, 4469, 4471, 4929, 4944, 4932, 4944, 4506, 4932, 4493, 4485, 4471, 4858, 4856, 4486, 4858, 4486, 4945, 4471, 4472, 4493, 4932, 4506, 4936,
            4936, 4506, 4530, 4936, 4530, 4939, 4496, 4497, 4643, 4939, 4934, 4936, 4490, 4480, 4946, 4939, 4530, 4947, 4940, 4529, 4939, 4939, 4947, 4940,
            4489, 4477, 4480, 4492, 4472, 4477, 4940, 4947, 4948, 4477, 4489, 4492, 4947, 4530, 4545, 4948, 4947, 4545, 4489, 4711, 4500, 4712, 4489, 4490,
            4711, 4489, 4712, 4949, 4945, 4485, 4949, 4485, 4496, 4496, 4485, 4493, 4858, 4945, 4871, 4949, 4871, 4945, 4642, 4949, 4496, 4496, 4643, 4642,
            4949, 4651, 4871, 4871, 4651, 4717, 4651, 4949, 4642, 4644, 4651, 4642, 4651, 4650, 4717, 4937, 4900, 4926, 4502, 4453, 4452, 4502, 4926, 4453,
            4950, 4926, 4502, 4937, 4926, 4950, 4946, 4937, 4950, 4502, 3667, 4950, 4633, 4950, 3667, 4480, 4937, 4946, 4639, 4490, 4946, 4639, 4946, 4633,
            4946, 4950, 4633, 4639, 4712, 4490, 4639, 4638, 4712, 3678, 4039, 4664, 4019, 4664, 4039, 4664, 4019, 4669, 4029, 4669, 4019, 4669, 4029, 4951,
            4951, 4029, 4952, 4051, 4052, 3798, 4029, 4052, 4952, 4052, 4953, 4952, 4052, 4051, 4953, 4954, 4051, 4060, 4953, 4051, 4954, 4955, 4953, 4954,
            4669, 4666, 4664, 4951, 4668, 4669, 4956, 4952, 4957, 4951, 4952, 4956, 4668, 4951, 4956, 4953, 4957, 4952, 4957, 4953, 4955, 3888, 4668, 4956,
            4956, 4957, 4958, 4341, 4956, 4958, 4341, 3888, 4956, 4341, 4958, 4343, 4068, 4060, 3895, 4954, 4060, 4959, 4959, 4060, 4068, 4955, 4954, 4960,
            4954, 4959, 4960, 4068, 4961, 4959, 4962, 4961, 4963, 4961, 4960, 4959, 3942, 4068, 3939, 4961, 4068, 4963, 4963, 4068, 3942, 4964, 4963, 3942,
            4964, 3942, 3970, 3985, 4965, 3970, 4964, 3970, 4965, 4964, 4962, 4963, 4966, 4962, 4964, 3985, 4967, 4965, 4967, 4968, 4965, 4968, 4966, 4964,
            4968, 4964, 4965, 4958, 4957, 4955, 4958, 4955, 4969, 4969, 4955, 4960, 4970, 4960, 4961, 4962, 4970, 4961, 4971, 4960, 4970, 4971, 4969, 4960,
            4343, 4958, 4969, 4971, 4344, 4343, 4344, 4971, 4350, 4343, 4969, 4971, 4971, 4970, 4350, 4972, 4962, 4966, 4972, 4970, 4962, 4972, 4966, 4973,
            4350, 4970, 4972, 4387, 4350, 4972, 4387, 4972, 4973, 4973, 4966, 4974, 4641, 4643, 4637, 4636, 4645, 4637, 4711, 4086, 4500, 4500, 4643, 4497,
            4637, 4643, 4500, 4629, 4637, 4500, 4629, 4500, 4085, 3956, 3953, 4432, 4975, 4976, 4977, 4978, 4979, 4980, 4981, 4982, 4983, 3956, 4984, 4138,
            4985, 4986, 4987, 4988, 4985, 4987, 4138, 3955, 3956, 4983, 4989, 4990, 4991, 4987, 4992, 4984, 3956, 4993, 4988, 4987, 4991, 4994, 4995, 4993,
            4989, 4983, 4996, 4991, 4992, 4997, 4997, 4992, 4998, 4142, 4999, 4143, 4983, 5000, 4996, 4999, 5001, 4143, 5002, 5001, 4999, 5003, 5004, 5005,
            5006, 5007, 5008, 5003, 5009, 5004, 5007, 5006, 5010, 5011, 5004, 5009, 5012, 5011, 5009, 4988, 4991, 5013, 5014, 3961, 3963, 4977, 5015, 5016,
            5007, 5010, 5017, 5016, 5018, 4977, 4997, 5019, 5020, 4991, 4997, 5013, 5013, 4997, 5021, 5020, 5021, 4997, 3983, 3961, 5014, 5013, 5021, 5022,
            3985, 3957, 3983, 5023, 5024, 5025, 5006, 5026, 5010, 5027, 5026, 5006, 5028, 5014, 5029, 5022, 5021, 5030, 5031, 5032, 5022, 5022, 5030, 5031,
            5028, 5033, 5014, 5034, 5010, 5026, 5035, 5036, 5011, 5026, 5037, 5034, 4001, 918, 1203, 5038, 5035, 5011, 5039, 3952, 3922, 5010, 5040, 5017,
            5039, 5041, 3952, 5042, 5011, 5012, 5043, 4001, 1203, 5010, 5034, 5040, 1203, 1204, 1214, 4985, 5039, 4986, 5043, 1203, 1214, 5012, 5044, 5042,
            4985, 5041, 5039, 4982, 5045, 4983, 5042, 5038, 5011, 3958, 3952, 5041, 3890, 4001, 5043, 5042, 5044, 5038, 3958, 5041, 5046, 5045, 5047, 5048,
            3958, 5046, 5049, 5041, 4985, 5050, 5041, 5050, 5046, 3963, 3890, 5043, 4985, 4988, 5050, 5051, 5043, 5052, 5038, 5044, 5053, 5043, 1214, 5052,
            4982, 5054, 5045, 5000, 4983, 5045, 5055, 5046, 5050, 5048, 5000, 5045, 5056, 5057, 5038, 5043, 5051, 5029, 4988, 5013, 5050, 5053, 5056, 5038,
            5013, 5055, 5050, 5047, 5045, 5054, 5054, 5058, 5047, 1215, 5052, 1214, 5036, 5035, 5059, 5058, 5060, 5047, 5052, 1215, 5061, 5055, 5049, 5046,
            1215, 1219, 5062, 5062, 1219, 1223, 5063, 5049, 5055, 5061, 1215, 5062, 5063, 5064, 5049, 5057, 5059, 5035, 5057, 5035, 5038, 5062, 1223, 5065,
            5066, 5016, 5015, 5016, 5066, 5067, 5051, 5061, 5068, 5069, 5070, 5063, 5049, 3971, 3958, 5051, 5052, 5061, 5037, 5026, 5027, 5071, 5037, 5027,
            3982, 3971, 5049, 5071, 5027, 5072, 5044, 5012, 5073, 3982, 5049, 5064, 5065, 5061, 5062, 5012, 5074, 5073, 5061, 5065, 5075, 5076, 5077, 5060,
            3982, 5064, 5078, 5070, 5078, 5064, 3963, 5043, 5029, 5078, 3994, 3982, 5076, 5060, 5058, 5063, 5070, 5064, 5067, 5079, 5016, 5069, 5080, 5070,
            5081, 5079, 5067, 5013, 5032, 5055, 5029, 5051, 5068, 5014, 3963, 5029, 5082, 5077, 5076, 5082, 5083, 5077, 5084, 5085, 5086, 5032, 5013, 5022,
            5085, 5073, 5086, 5087, 5088, 5029, 5088, 5028, 5029, 5089, 5084, 5086, 5063, 5055, 5032, 1537, 1536, 1610, 5063, 5032, 5090, 5068, 5087, 5029,
            5044, 5073, 5085, 5090, 5091, 5092, 5087, 5068, 5093, 5063, 5090, 5069, 5094, 1537, 1610, 5068, 5061, 5093, 5053, 5085, 5095, 5032, 5031, 5091,
            5091, 5090, 5032, 5085, 5053, 5044, 5096, 5093, 5097, 5053, 5098, 5056, 5093, 5061, 5075, 5095, 5098, 5053, 5099, 5100, 5101, 5097, 5093, 5075,
            5095, 5085, 5084, 5096, 5087, 5093, 5101, 5100, 5102, 5096, 5088, 5087, 5102, 5100, 5103, 5104, 5095, 5084, 5105, 5106, 5107, 5088, 5096, 5108,
            5109, 5110, 5106, 5028, 5088, 5111, 5102, 5112, 5101, 5109, 5106, 5105, 5105, 5019, 5109, 5113, 5095, 5104, 5114, 5112, 5102, 5019, 5105, 5115,
            5116, 5117, 5118, 5116, 5118, 5119, 5120, 5114, 5102, 5121, 5105, 5122, 5121, 5115, 5105, 5123, 1223, 5124, 5065, 1223, 5123, 4997, 4998, 5109,
            5125, 5116, 5119, 5109, 5019, 4997, 5126, 5065, 5123, 5102, 5103, 5127, 5128, 5116, 5125, 5129, 5119, 5059, 5059, 5057, 5129, 5115, 5020, 5019,
            5123, 5124, 5130, 5115, 5021, 5020, 5126, 5123, 5130, 5119, 5129, 5125, 5131, 5132, 5133, 5126, 5130, 5134, 5125, 5129, 5128, 5135, 5107, 5136,
            1223, 1224, 1277, 5135, 5105, 5107, 1223, 1277, 5124, 5124, 1277, 1294, 5137, 5128, 5129, 5105, 5135, 5122, 5133, 5138, 5139, 5140, 5128, 5137,
            5122, 5135, 5141, 5124, 1294, 1296, 5135, 5136, 5142, 5143, 5142, 4979, 5142, 5143, 5135, 5144, 5128, 5140, 5135, 5143, 5141, 5130, 5124, 5145,
            5124, 1296, 5145, 5138, 5133, 5132, 4979, 4978, 5146, 5144, 5140, 5147, 5140, 5137, 5148, 5140, 5148, 5149, 5149, 5147, 5140, 5150, 5132, 5151,
            1296, 1289, 5145, 5145, 1289, 1317, 5121, 5122, 5152, 5147, 5149, 5153, 5153, 5149, 5154, 5152, 5122, 5141, 5155, 1621, 1623, 5156, 5157, 5158,
            5159, 5145, 1326, 5141, 5143, 5160, 5155, 1623, 5161, 1326, 5145, 1317, 5162, 5141, 5160, 5163, 5155, 5161, 5161, 5164, 5163, 5115, 5030, 5021,
            5165, 5030, 5115, 5130, 5145, 5159, 5137, 5129, 5057, 5030, 5165, 5031, 5134, 5130, 5159, 5166, 5167, 5168, 5121, 5165, 5115, 5166, 5168, 5169,
            5170, 5159, 5171, 5171, 5159, 1326, 5171, 1326, 5172, 5173, 5165, 5121, 5174, 5057, 5056, 5175, 5164, 5176, 5177, 5171, 5172, 5164, 5175, 5178,
            5179, 5178, 5175, 5091, 5031, 5180, 5057, 5174, 5137, 5180, 5031, 5181, 5148, 5137, 5182, 5182, 5137, 5174, 5075, 5065, 5126, 5176, 5183, 5175,
            5168, 5184, 5169, 5181, 5165, 5185, 5181, 5186, 5187, 5181, 5031, 5165, 5188, 5184, 5179, 5097, 5075, 5126, 5189, 5184, 5188, 5180, 5181, 5187,
            5149, 5148, 5182, 5126, 5190, 5097, 5191, 5114, 5120, 5152, 5173, 5121, 5190, 5126, 5134, 5120, 5102, 5127, 5173, 5152, 5192, 5190, 5134, 5193,
            5194, 5190, 5193, 5195, 5174, 5196, 5096, 5097, 5197, 5174, 5195, 5182, 5185, 5173, 5192, 5191, 5120, 5198, 5096, 5197, 5199, 5200, 5196, 5174,
            5196, 5201, 5195, 5152, 5141, 5192, 5201, 5196, 5200, 5190, 5199, 5197, 5162, 5192, 5141, 5202, 5192, 5162, 5199, 5190, 5203, 5197, 5097, 5190,
            5120, 5127, 5204, 5205, 5202, 5162, 5174, 5056, 5098, 5193, 5134, 5170, 5095, 5206, 5098, 5206, 5095, 5113, 5207, 5185, 5192, 5193, 5170, 5208,
            5194, 5193, 5208, 5207, 5192, 5202, 5206, 5113, 5209, 5006, 5210, 5027, 5207, 5202, 5205, 5211, 5027, 5210, 5207, 5205, 5212, 5213, 4996, 5000,
            5208, 5214, 5194, 5215, 5214, 5208, 5185, 5165, 5173, 5174, 5098, 5200, 5200, 5098, 5206, 5186, 5181, 5185, 5215, 5208, 5216, 5207, 5186, 5185,
            5170, 5134, 5159, 5217, 5200, 5218, 5177, 5170, 5171, 5219, 5206, 5209, 5220, 5221, 5222, 5223, 5000, 5048, 5224, 5170, 5177, 5208, 5170, 5224,
            5222, 5221, 5225, 5226, 5048, 5047, 5208, 5224, 5216, 5223, 5048, 5227, 5227, 5048, 5226, 5206, 5219, 5200, 5228, 5221, 5229, 5000, 5223, 5230,
            5000, 5230, 5231, 5218, 5200, 5219, 5230, 5223, 5227, 5232, 5233, 5234, 3983, 5014, 5033, 5235, 5236, 5234, 5233, 5235, 5234, 5149, 5195, 5237,
            5149, 5182, 5195, 5047, 5060, 5226, 5226, 5060, 5238, 5239, 5232, 5240, 5241, 5242, 5033, 5238, 5060, 5243, 5239, 5233, 5232, 4967, 5242, 5244,
            5245, 5238, 5243, 5153, 5154, 5246, 5244, 5242, 5241, 5154, 5149, 5237, 5227, 5226, 5247, 5247, 5226, 5238, 5245, 5247, 5238, 5241, 5111, 5248,
            5248, 5244, 5241, 5249, 5250, 5251, 5248, 5252, 5244, 5253, 5251, 5254, 5251, 5253, 5249, 5237, 5195, 5201, 4397, 4973, 4974, 4387, 4973, 4397,
            5255, 5235, 5233, 5233, 5256, 5255, 5257, 5227, 5247, 5247, 5245, 5258, 5259, 5237, 5201, 5260, 5239, 5261, 5258, 5245, 5262, 5256, 5233, 5239,
            5263, 5264, 5265, 5256, 5239, 5266, 5267, 5256, 5266, 5268, 5264, 5263, 5269, 5260, 5254, 5266, 5239, 5269, 5269, 5239, 5260, 5266, 5269, 5267,
            5246, 5154, 5270, 5254, 5267, 5269, 5271, 5154, 5237, 5272, 5273, 5274, 5275, 5276, 5277, 5271, 5270, 5154, 5255, 5278, 5235, 5279, 5275, 5277,
            5278, 5280, 5281, 5211, 5282, 5283, 5280, 5278, 5255, 5280, 5255, 5284, 5283, 5282, 5285, 5259, 5286, 5287, 5288, 5289, 5290, 5284, 5267, 5251,
            5287, 5286, 5291, 5267, 5254, 5251, 5259, 5287, 5237, 5292, 5283, 5285, 5287, 5271, 5237, 5279, 5277, 5293, 5256, 5267, 5255, 5284, 5255, 5267,
            5294, 5279, 5293, 5295, 5284, 5250, 5296, 5292, 5297, 5295, 5280, 5284, 5298, 5280, 5295, 5299, 5300, 5254, 5301, 5222, 5300, 5300, 5222, 5225,
            5302, 5292, 5285, 5218, 5303, 5217, 5302, 5297, 5292, 5288, 5304, 5294, 5217, 5303, 5305, 5306, 5305, 5303, 5299, 5307, 5301, 5286, 5217, 5305,
            5308, 5288, 5290, 5288, 5308, 5304, 5301, 5300, 5299, 5308, 5290, 5309, 5306, 5303, 5218, 5306, 5218, 5219, 5310, 5311, 5312, 5313, 5220, 5314,
            5315, 5314, 5301, 5219, 5316, 5317, 5314, 5315, 5313, 5309, 5318, 5308, 5319, 5310, 5312, 5314, 5220, 5222, 5222, 5301, 5314, 5305, 5306, 5317,
            5306, 5219, 5317, 5300, 5253, 5254, 5320, 5319, 5312, 5321, 5319, 5320, 5322, 5253, 5225, 5317, 5323, 5305, 5324, 5320, 5312, 5300, 5225, 5253,
            5325, 5305, 5323, 5326, 5327, 5215, 5325, 5323, 5234, 5221, 5228, 5225, 5228, 5322, 5225, 5217, 5201, 5200, 5321, 5320, 5328, 5290, 5289, 5329,
            5320, 5324, 5328, 5259, 5201, 5217, 5260, 5261, 5307, 5260, 5307, 5299, 5290, 5329, 5330, 5260, 5299, 5254, 5331, 5332, 5333, 5286, 5259, 5217,
            5334, 5330, 5329, 5335, 5332, 5331, 5331, 5336, 5335, 5337, 5250, 5249, 5337, 5249, 5338, 5249, 5253, 5338, 5157, 5330, 5334, 5027, 5211, 5072,
            5290, 5330, 5309, 5286, 5305, 5291, 5072, 5211, 5283, 5309, 5330, 5157, 5339, 5337, 5340, 5340, 5341, 5339, 5318, 5309, 5157, 5291, 5305, 5325,
            5342, 5250, 5343, 5343, 5250, 5344, 5342, 5280, 5298, 4552, 4144, 5345, 5343, 5344, 5346, 1333, 5347, 1321, 5342, 5343, 5348, 5348, 5343, 5349,
            5072, 5283, 5296, 5072, 5296, 5350, 5337, 5339, 5250, 5347, 1326, 1321, 5295, 5250, 5298, 5172, 1326, 5347, 5283, 5292, 5296, 5339, 5344, 5250,
            1341, 1333, 1334, 5351, 4552, 5345, 4553, 4552, 5352, 5353, 5346, 5344, 5346, 5353, 5354, 5352, 4552, 5351, 1333, 1341, 5347, 4573, 4553, 5352,
            5072, 5355, 5071, 5339, 5353, 5344, 5356, 5357, 5358, 5172, 5347, 5359, 5360, 5361, 5362, 5177, 5172, 5359, 5338, 5253, 5322, 5359, 5347, 1341,
            5360, 5362, 5363, 5363, 5362, 5364, 5359, 1341, 5365, 4572, 4573, 4574, 4574, 4573, 5366, 5363, 5367, 5360, 5368, 5366, 4573, 5368, 4573, 5352,
            5367, 5369, 5360, 5370, 5365, 1341, 5077, 5371, 5060, 5372, 5322, 5228, 5243, 5060, 5371, 5338, 5322, 5372, 5373, 5359, 5365, 5371, 5077, 5374,
            5375, 5368, 5352, 5374, 5243, 5371, 4577, 4574, 5366, 5337, 5338, 5340, 5376, 5077, 5083, 5374, 5245, 5243, 5377, 5338, 5372, 5377, 5340, 5338,
            4618, 5366, 5378, 5262, 5245, 5374, 4618, 4577, 5366, 5374, 5077, 5379, 5373, 5365, 5370, 5374, 5379, 5361, 5374, 5361, 5262, 4574, 4577, 4575,
            5077, 5376, 5379, 5380, 5381, 5372, 5378, 5366, 5368, 5373, 5370, 5382, 5361, 5379, 5376, 5381, 5377, 5372, 5376, 5362, 5361, 5383, 5384, 5385,
            5370, 5384, 5382, 5378, 5368, 5386, 5364, 5362, 5376, 5382, 5384, 5383, 5313, 5387, 5388, 5386, 4618, 5378, 5376, 5389, 5364, 5386, 5368, 5390,
            5313, 5388, 5220, 5391, 5221, 5220, 5220, 5388, 5391, 5387, 5392, 5388, 5359, 5224, 5177, 5224, 5359, 5393, 5394, 5388, 5392, 5395, 4619, 4618,
            5395, 4618, 5386, 5396, 5224, 5393, 5397, 5394, 5392, 5258, 5262, 5398, 5399, 5391, 5388, 5393, 5400, 5401, 5391, 5229, 5221, 5393, 5359, 5373,
            5398, 5262, 5402, 5393, 5373, 5400, 5386, 5390, 5117, 5216, 5224, 5396, 5229, 5391, 5399, 5403, 5404, 5399, 5399, 5388, 5394, 5361, 5402, 5262,
            5402, 5361, 5369, 5361, 5360, 5369, 5117, 5395, 5386, 5399, 5394, 5403, 5405, 5396, 5393, 5401, 5405, 5393, 5406, 5405, 5401, 5407, 4619, 5395,
            5407, 4624, 4619, 5400, 5373, 5382, 5408, 5409, 5410, 5411, 5412, 5410, 5409, 5411, 5410, 5413, 5414, 5415, 5350, 5296, 5416, 4627, 5407, 5417,
            5418, 5415, 5411, 5416, 5296, 5297, 5418, 5413, 5415, 5407, 5395, 5419, 5420, 5413, 5392, 5419, 5395, 5117, 5397, 5413, 5418, 5117, 5421, 5419,
            5392, 5413, 5397, 5416, 5297, 5422, 5423, 5422, 5297, 5401, 5400, 5424, 5425, 5426, 5427, 5409, 5418, 5411, 5418, 5409, 5428, 5429, 5367, 5363,
            5429, 5430, 5367, 5419, 5417, 5407, 5418, 5428, 5431, 5418, 5431, 5397, 5432, 5433, 5434, 5434, 5433, 5435, 5436, 5403, 5394, 5437, 5436, 5394,
            5438, 5439, 5364, 4627, 4624, 5407, 5434, 5440, 5441, 5441, 5440, 5442, 5118, 5117, 5390, 5437, 5394, 5397, 5364, 5389, 5438, 5397, 5431, 5437,
            5117, 5116, 5421, 5364, 5439, 5363, 5443, 5442, 5444, 5128, 5421, 5116, 5437, 5445, 5436, 5439, 5429, 5363, 5445, 5437, 5431, 5446, 5421, 5128,
            5447, 5429, 5439, 5334, 5448, 5449, 5450, 5431, 5428, 5419, 5421, 5446, 5445, 5431, 5450, 5445, 5450, 5451, 5452, 5453, 5454, 5144, 5446, 5128,
            5453, 5452, 5455, 5456, 5453, 5455, 5369, 5367, 5457, 5404, 5229, 5399, 5458, 5459, 5460, 5229, 5404, 5461, 5462, 5402, 5369, 5461, 5463, 5229,
            5464, 5419, 5446, 5465, 5403, 5436, 5403, 5465, 5404, 5455, 5459, 5466, 5462, 5369, 5457, 5467, 5455, 5466, 5462, 5457, 5468, 5468, 5457, 5469,
            5417, 5419, 5464, 5461, 5404, 5465, 5470, 5471, 5472, 5473, 5417, 5474, 5474, 5417, 5464, 5157, 5334, 5475, 5463, 5461, 5476, 5476, 5461, 5465,
            5477, 5475, 5334, 5457, 5367, 5478, 5478, 5367, 5430, 5479, 5430, 5429, 5474, 5464, 5480, 5478, 5430, 5479, 5477, 5454, 5453, 5465, 5436, 5481,
            5482, 5475, 5477, 5483, 5478, 5479, 5474, 5480, 5484, 5453, 5482, 5477, 5485, 5465, 5481, 5486, 5485, 5481, 5445, 5481, 5436, 5474, 5484, 5487,
            5423, 5333, 5488, 5157, 5475, 5489, 5490, 5423, 5488, 5417, 5473, 4627, 5490, 5488, 5491, 3669, 4627, 5473, 5445, 5451, 5492, 5489, 5158, 5157,
            5481, 5445, 5486, 5488, 5333, 5493, 5486, 5445, 5492, 5489, 5475, 5482, 5494, 5488, 5493, 5495, 5485, 5486, 5476, 5465, 5485, 5494, 5493, 5332,
            5332, 5335, 5494, 3669, 5473, 3692, 5496, 3692, 5473, 5497, 5476, 5485, 5497, 5485, 5495, 5498, 5482, 5453, 5498, 5453, 5456, 5499, 5495, 5486,
            5498, 5456, 5500, 5456, 5455, 5467, 5496, 3817, 3692, 5499, 5486, 5492, 5496, 5473, 5474, 5499, 5492, 5501, 5474, 5487, 5496, 5495, 5499, 5502,
            5482, 5498, 5503, 5504, 5482, 5503, 5144, 5464, 5446, 5503, 5498, 5500, 5505, 5464, 5144, 5506, 5387, 5313, 5507, 5479, 5508, 5387, 5420, 5392,
            5480, 5464, 5505, 5503, 5500, 5509, 5509, 5510, 5503, 5511, 5478, 5483, 5372, 5228, 5229, 5512, 5504, 5503, 5229, 5380, 5372, 5380, 5229, 5463,
            5512, 5503, 5510, 5513, 5469, 5511, 5147, 5505, 5144, 5380, 5514, 5381, 5513, 5511, 5515, 5380, 5516, 5514, 5463, 5516, 5380, 5516, 5463, 5476,
            5153, 5505, 5147, 5517, 5518, 5483, 5519, 5432, 5434, 5353, 5520, 5354, 5519, 5434, 5441, 5517, 5521, 5518, 5484, 5505, 5153, 5522, 5520, 5523,
            5484, 5480, 5505, 5523, 5520, 5353, 5341, 5353, 5339, 5466, 5524, 5467, 5341, 5523, 5353, 5525, 5467, 5524, 5341, 5526, 5523, 5524, 5432, 5527,
            5528, 5529, 5530, 5531, 5524, 5527, 5532, 5526, 5341, 5484, 5153, 5533, 5523, 5526, 5522, 5527, 5432, 5519, 5534, 5522, 5526, 5534, 5535, 5522,
            5533, 5153, 5246, 5534, 5526, 5532, 5536, 5472, 5537, 5533, 5246, 5270, 5441, 5442, 5443, 5538, 5340, 5377, 5340, 5538, 5341, 5335, 5539, 5494,
            5519, 5441, 5540, 5541, 5341, 5538, 5538, 5377, 5381, 5443, 5114, 5191, 5538, 5381, 5542, 5542, 5381, 5514, 5540, 5443, 5191, 5543, 5494, 5539,
            5541, 5538, 5542, 5543, 5539, 5544, 5545, 5543, 5544, 5531, 5527, 5546, 5156, 5158, 5547, 5546, 5519, 5540, 5527, 5519, 5546, 5548, 5541, 5542,
            5549, 5550, 5547, 5548, 5542, 5551, 5545, 5552, 5543, 5551, 5553, 5548, 5554, 5550, 5549, 5545, 5555, 5552, 5556, 5081, 5547, 5515, 5483, 5518,
            5532, 5341, 5541, 5557, 5510, 5558, 5559, 5510, 5509, 5559, 5560, 5510, 5561, 5532, 5541, 5558, 5510, 5560, 5156, 5547, 5081, 5562, 5560, 5559,
            5563, 5518, 5564, 5565, 5564, 5521, 5564, 5518, 5521, 5558, 5560, 5566, 5541, 5548, 5561, 5567, 5568, 5534, 5556, 5547, 5569, 5567, 5534, 5570,
            5562, 5566, 5560, 5534, 5532, 5571, 5572, 5566, 5562, 5573, 5574, 5575, 5570, 5534, 5576, 5577, 5566, 5572, 5576, 5575, 5570, 5113, 5104, 5578,
            5579, 5564, 5565, 5576, 5534, 5571, 5580, 5564, 5579, 5578, 5104, 5581, 5582, 5572, 5583, 5569, 5547, 5550, 5584, 5580, 5579, 5571, 5532, 5561,
            5580, 5584, 5585, 5525, 5509, 5467, 5586, 5571, 5587, 5525, 5524, 5531, 5586, 5576, 5571, 5586, 5588, 5576, 5561, 5548, 5587, 5550, 5589, 5569,
            5559, 5525, 5590, 5587, 5571, 5561, 5553, 5587, 5548, 5559, 5590, 5562, 5555, 5545, 5528, 5591, 5586, 5587, 5587, 5592, 5591, 5581, 5593, 5594,
            5528, 5595, 5555, 5590, 5596, 5597, 5598, 5588, 5586, 5599, 5597, 5596, 5595, 5528, 5600, 5601, 5588, 5598, 5602, 5603, 5604, 5599, 5603, 5602,
            5589, 5550, 5554, 5605, 5606, 5598, 5600, 5607, 5595, 5608, 5554, 5609, 5562, 5597, 5572, 5590, 5597, 5562, 5591, 5610, 5605, 5611, 5605, 5610,
            5586, 5591, 5598, 5612, 5594, 5593, 5583, 5572, 5597, 5591, 5605, 5598, 5583, 5597, 5599, 5613, 5476, 5497, 1341, 1342, 5370, 5370, 1342, 1465,
            5614, 5613, 5497, 5615, 5585, 5616, 5495, 5617, 5497, 5615, 5616, 5618, 5585, 5584, 5616, 5104, 5084, 5089, 5613, 5614, 5619, 1467, 5384, 1465,
            5616, 5584, 5620, 5614, 5497, 5617, 5370, 1465, 5384, 5495, 5502, 5617, 5617, 5502, 5621, 5622, 5581, 5104, 5623, 5618, 5616, 5499, 5624, 5502,
            5621, 5502, 5624, 5625, 1467, 1527, 5622, 5626, 5581, 5627, 5618, 5623, 5593, 5581, 5626, 5617, 5621, 5628, 5625, 5384, 1467, 5623, 5616, 5629,
            5630, 5614, 5631, 5632, 5521, 5517, 5614, 5617, 5628, 5631, 5614, 5628, 5625, 1527, 5633, 5633, 5634, 5625, 5543, 5635, 5494, 5636, 5631, 5628,
            5637, 5494, 5635, 5633, 1532, 5638, 1528, 1532, 1527, 1532, 5633, 1527, 5385, 5384, 5625, 5385, 5625, 5634, 5639, 5640, 5631, 5549, 5489, 5641,
            5547, 5158, 5549, 5642, 5514, 5516, 5543, 5552, 5635, 5634, 5633, 5643, 5551, 5514, 5642, 5641, 5554, 5549, 5542, 5514, 5551, 5644, 5635, 5552,
            5613, 5516, 5476, 5642, 5516, 5613, 5113, 5578, 5645, 5643, 5633, 5638, 5646, 5521, 5632, 5647, 5645, 5578, 5642, 5613, 5619, 5647, 5581, 5594,
            5648, 5649, 5642, 5521, 5646, 5565, 5581, 5647, 5578, 5646, 5650, 5565, 5565, 5650, 5651, 1537, 5652, 1532, 5642, 5649, 5551, 5553, 5551, 5649,
            1532, 1531, 1537, 5579, 5565, 5651, 5648, 5642, 5619, 5579, 5651, 5584, 5653, 5647, 5594, 5644, 5654, 5635, 5655, 5648, 5619, 1532, 5652, 5638,
            5656, 5645, 5647, 5638, 5652, 5657, 5653, 5656, 5647, 5630, 5619, 5614, 5655, 5619, 5630, 5656, 5653, 5658, 5644, 5552, 5659, 5659, 5552, 5555,
            5442, 5440, 5660, 5112, 5657, 5099, 5587, 5553, 5592, 5661, 5553, 5649, 5555, 5595, 5659, 5592, 5553, 5661, 5662, 5592, 5661, 5489, 5504, 5641,
            5444, 5660, 5112, 5648, 5655, 5663, 5660, 5657, 5112, 5112, 5099, 5101, 5663, 5661, 5649, 5663, 5649, 5648, 5512, 5641, 5504, 5442, 5660, 5444,
            5659, 5664, 5644, 5641, 5609, 5554, 5662, 5661, 5665, 5112, 5114, 5444, 5665, 5661, 5663, 5444, 5114, 5443, 5641, 5512, 5609, 5609, 5512, 5666,
            5620, 5584, 5651, 5667, 5512, 5557, 5512, 5667, 5666, 5610, 5591, 5592, 5662, 5610, 5592, 5668, 5610, 5662, 5268, 4397, 5264, 5611, 5610, 5668,
            4419, 4395, 4397, 4419, 4397, 5669, 5670, 5595, 5607, 5662, 5665, 5668, 5671, 5666, 5667, 5669, 4397, 5268, 5512, 5510, 5557, 5629, 5616, 5620,
            5663, 5655, 5672, 5655, 5630, 5640, 5612, 5673, 5594, 5670, 5607, 5674, 5672, 5655, 5640, 5672, 5640, 5675, 4418, 4419, 5669, 5630, 5631, 5640,
            5673, 5676, 5653, 5673, 5653, 5594, 5677, 5640, 5639, 5669, 5268, 5678, 5679, 5669, 5678, 5663, 5672, 5680, 5665, 5663, 5680, 5681, 5682, 5683,
            5683, 4990, 5681, 5675, 5680, 5672, 5684, 5685, 5673, 5671, 5686, 5666, 5678, 5687, 5688, 5677, 5675, 5640, 5684, 5689, 5685, 5690, 5681, 4990,
            5691, 5678, 5688, 5673, 5685, 5676, 5692, 5680, 5675, 5677, 5692, 5675, 5693, 5685, 5689, 5683, 4981, 4990, 5612, 5684, 5673, 5268, 5263, 5678,
            5280, 5348, 5281, 4982, 4981, 5694, 5342, 5348, 5280, 5687, 5263, 5275, 5695, 5281, 5348, 4980, 5695, 5348, 5678, 5263, 5687, 5696, 5676, 5685,
            5690, 4990, 4989, 5676, 5696, 5653, 5697, 5349, 5346, 5348, 5349, 5697, 5348, 5697, 4980, 5697, 5346, 5698, 4989, 5408, 5690, 5697, 5698, 4980,
            5275, 5279, 5699, 4989, 5700, 5408, 5701, 5699, 5279, 4978, 5698, 5354, 5653, 5696, 5658, 5687, 5275, 5699, 4978, 4980, 5698, 4978, 5354, 5702,
            5702, 5703, 4978, 5703, 5704, 5705, 5693, 5706, 5685, 5707, 5054, 4982, 5694, 5707, 4982, 5688, 5708, 5709, 5710, 5696, 5685, 5710, 5685, 5706,
            3956, 4432, 5711, 5712, 4432, 4431, 5408, 5700, 5713, 5700, 4989, 5714, 5712, 5711, 4432, 5715, 5703, 5705, 5713, 5700, 5714, 5716, 5717, 5658,
            5712, 5718, 5711, 5713, 5409, 5408, 5719, 5720, 5705, 5720, 5719, 5721, 5658, 5696, 5716, 5715, 5705, 5720, 5711, 5718, 5722, 5723, 5409, 5713,
            5703, 5146, 4978, 5724, 5146, 5703, 5716, 5696, 5725, 5679, 5691, 5718, 5715, 5724, 5703, 5691, 5722, 5718, 5715, 5726, 5724, 5714, 4989, 4996,
            5714, 4996, 5213, 5726, 5715, 5720, 5727, 5717, 5716, 5728, 5714, 5213, 5345, 4144, 4143, 5728, 5213, 5231, 5162, 5160, 5729, 5345, 4143, 5730,
            5727, 5716, 5725, 5731, 5727, 5725, 5001, 5730, 4143, 5732, 5162, 5729, 5162, 5732, 5205, 5573, 5732, 5729, 5733, 5573, 5734, 5735, 5710, 5706,
            5231, 5213, 5000, 5736, 5345, 5730, 5574, 5573, 5733, 5575, 5574, 5570, 5737, 5721, 5738, 4993, 3956, 5711, 5713, 5714, 5728, 5728, 5231, 5739,
            5728, 5739, 5713, 5740, 5710, 5735, 5737, 5738, 5741, 5710, 5740, 5742, 5742, 5725, 5710, 4993, 5711, 5722, 5743, 5713, 5739, 5725, 5696, 5710,
            5231, 5744, 5739, 5356, 5358, 5001, 5358, 5730, 5001, 5722, 4994, 4993, 5732, 5573, 5575, 5205, 5732, 5745, 5736, 5730, 5358, 5212, 5205, 5745,
            5212, 5745, 5746, 5351, 5345, 5736, 5428, 5409, 5723, 5745, 5575, 5576, 5747, 5727, 5731, 5576, 5746, 5745, 5713, 5743, 5723, 5351, 5736, 5748,
            5746, 5576, 5588, 5358, 5749, 5736, 5750, 5746, 5588, 5750, 5588, 5601, 5746, 5750, 5751, 5748, 5736, 5749, 5750, 5752, 5751, 5753, 5723, 5743,
            5748, 5352, 5351, 5754, 5731, 5725, 5754, 5725, 5755, 5756, 5726, 5720, 5755, 5725, 5742, 5726, 5756, 5757, 5737, 5758, 5757, 5737, 5759, 5758,
            5753, 5743, 5760, 5721, 5756, 5720, 5721, 5737, 5756, 5737, 5757, 5756, 5761, 5755, 5742, 5762, 5722, 5763, 5764, 5765, 5763, 5737, 5766, 5759,
            5723, 5450, 5428, 5737, 5741, 5766, 5753, 5450, 5723, 5450, 5753, 5451, 5113, 5645, 5209, 5760, 5743, 5739, 5688, 5763, 5691, 5691, 5763, 5722,
            5744, 5760, 5739, 5759, 5766, 5767, 5763, 5709, 5764, 5767, 5766, 5768, 5219, 5209, 5769, 5764, 5709, 4976, 5760, 5770, 5753, 5760, 5744, 5771,
            5688, 5709, 5763, 5769, 5209, 5645, 5766, 5741, 5772, 5772, 5741, 5773, 5770, 5760, 5771, 5656, 5769, 5645, 5774, 5764, 5775, 5744, 5231, 5230,
            5656, 5316, 5769, 5722, 5762, 4994, 5582, 5583, 5776, 5230, 5227, 5257, 5316, 5219, 5769, 5357, 5749, 5358, 5602, 5777, 5599, 5763, 5765, 5762,
            5230, 5778, 5744, 5779, 5780, 5777, 5257, 5778, 5230, 5771, 5744, 5781, 5316, 5656, 5782, 5777, 5602, 5783, 5784, 5316, 5782, 5781, 5744, 5778,
            5783, 5779, 5777, 5779, 5783, 5008, 5765, 5764, 5774, 5323, 5317, 5316, 5784, 5323, 5316, 5008, 5007, 5779, 5785, 5005, 5357, 5257, 5247, 5258,
            5717, 5656, 5658, 5786, 5257, 5258, 5749, 5357, 5787, 5717, 5782, 5656, 5779, 5007, 5017, 5779, 5017, 5780, 5749, 5787, 5788, 5583, 5777, 5780,
            5599, 5777, 5583, 5788, 5748, 5749, 5005, 5789, 5787, 5790, 5784, 5782, 5778, 5257, 5786, 5005, 5787, 5357, 5790, 5782, 5232, 5004, 5789, 5005,
            5776, 5583, 5791, 5780, 5791, 5583, 5234, 5323, 5784, 5792, 5787, 5789, 5784, 5790, 5234, 5748, 5375, 5352, 5017, 5793, 5780, 5791, 5780, 5793,
            5793, 5017, 5040, 5234, 5790, 5232, 4981, 4983, 4990, 5753, 5501, 5451, 5717, 5794, 5782, 5375, 5118, 5368, 5795, 5788, 5792, 5794, 5232, 5782,
            5788, 5375, 5748, 5240, 5794, 5717, 5492, 5451, 5501, 5232, 5794, 5240, 5796, 5501, 5753, 5717, 5797, 5240, 5375, 5788, 5795, 5792, 5788, 5787,
            5798, 5240, 5797, 5240, 5798, 5799, 5753, 5770, 5796, 5239, 5240, 5799, 5261, 5239, 5799, 5036, 5792, 5789, 5800, 5770, 5771, 5727, 5797, 5717,
            5059, 5792, 5036, 5727, 5801, 5797, 5801, 5727, 5747, 5798, 5797, 5801, 5118, 5375, 5795, 5307, 5798, 5801, 5770, 5800, 5796, 5390, 5368, 5118,
            5799, 5798, 5307, 5747, 5731, 5315, 5119, 5118, 5795, 5747, 5307, 5801, 5307, 5747, 5315, 5501, 5802, 5499, 5261, 5799, 5307, 5792, 5059, 5795,
            5802, 5501, 5796, 5803, 5802, 5796, 5059, 5119, 5795, 5315, 5731, 5754, 5624, 5499, 5802, 5755, 5315, 5754, 5804, 4976, 5709, 5701, 5279, 5294,
            5701, 5294, 5805, 5699, 5701, 5805, 5755, 5761, 5315, 5699, 5805, 5806, 5315, 5761, 5313, 5800, 5807, 5808, 5800, 5808, 5796, 5307, 5315, 5301,
            5805, 5294, 5304, 5803, 5796, 5808, 5667, 5557, 5671, 5708, 5699, 5806, 5804, 5806, 5809, 5810, 5811, 5273, 5812, 5813, 5671, 5709, 5708, 5806,
            5806, 5804, 5709, 5671, 5557, 5812, 5781, 5810, 5800, 5812, 5814, 5813, 5810, 5781, 5811, 5015, 5804, 5809, 5809, 5304, 5815, 5816, 5815, 5304,
            5814, 5812, 5558, 5816, 5304, 5308, 5816, 5308, 5318, 5817, 5818, 5274, 5815, 5816, 5318, 5817, 5274, 5811, 5706, 5693, 5819, 5778, 5811, 5781,
            5778, 5786, 5811, 5318, 5157, 5156, 5820, 5821, 5819, 5811, 5786, 5817, 5822, 5819, 5821, 5823, 5066, 5815, 5015, 5815, 5066, 5558, 5812, 5557,
            5810, 5273, 5824, 5815, 5015, 5809, 5566, 5814, 5558, 5807, 5810, 5825, 5821, 5820, 5826, 5824, 5825, 5810, 5067, 5066, 5823, 5067, 5823, 5081,
            5826, 5827, 5821, 5800, 5810, 5807, 5822, 5821, 5828, 5815, 5318, 5823, 5274, 5273, 5811, 5156, 5823, 5318, 5156, 5081, 5823, 5827, 5828, 5821,
            5272, 5274, 5818, 5824, 5273, 5272, 5775, 5764, 4976, 5820, 5819, 5693, 5693, 5689, 5820, 5800, 5771, 5781, 4976, 4975, 5775, 5036, 5789, 5011,
            5004, 5011, 5789, 4976, 5804, 5015, 5706, 5819, 5735, 5015, 4977, 4976, 5822, 5735, 5819, 5786, 5258, 5398, 5786, 5398, 5817, 5402, 5829, 5398,
            5830, 5831, 5814, 5829, 5402, 5462, 5817, 5398, 5829, 5814, 5566, 5830, 5832, 5817, 5829, 5566, 5577, 5830, 5829, 5462, 5468, 5833, 5834, 5826,
            5832, 5829, 5835, 5829, 5468, 5835, 5827, 5826, 5834, 5572, 5582, 5577, 5817, 5832, 5818, 5818, 5832, 5835, 5471, 5818, 5835, 5471, 5272, 5818,
            5471, 5835, 5472, 5836, 5834, 5682, 5513, 5468, 5469, 5472, 5835, 5468, 5537, 5468, 5513, 5468, 5537, 5472, 5828, 5837, 5822, 5828, 5838, 5837,
            5839, 5807, 5825, 5840, 5837, 5838, 5807, 5839, 5808, 5822, 5740, 5735, 5839, 5841, 5842, 5842, 5843, 5839, 5742, 5740, 5837, 5740, 5822, 5837,
            5844, 5802, 5803, 5624, 5802, 5844, 5624, 5844, 5845, 5837, 5506, 5742, 5621, 5624, 5845, 5761, 5742, 5846, 5506, 5846, 5742, 5844, 5808, 5839,
            5837, 5847, 5506, 5844, 5839, 5843, 5848, 5844, 5843, 5803, 5808, 5844, 5840, 5849, 5837, 5844, 5848, 5845, 5849, 5840, 5850, 5849, 5847, 5837,
            5628, 5621, 5636, 5851, 5850, 5840, 5845, 5636, 5621, 5850, 5420, 5849, 5852, 5636, 5845, 5420, 5850, 5413, 5847, 5849, 5420, 5636, 5852, 5853,
            5506, 5847, 5387, 5420, 5387, 5847, 5636, 5853, 5631, 5834, 5854, 5827, 5843, 5842, 5848, 5838, 5827, 5854, 5842, 5855, 5848, 5855, 5842, 5856,
            5828, 5827, 5838, 5857, 5856, 5842, 5852, 5855, 5858, 5859, 5838, 5854, 5858, 5855, 5856, 5681, 5854, 5836, 5854, 5834, 5836, 5682, 5681, 5836,
            5824, 5860, 5825, 5861, 5854, 5681, 5839, 5825, 5841, 5861, 5859, 5854, 5825, 5860, 5841, 5690, 5861, 5681, 5841, 5860, 5862, 5859, 5840, 5838,
            5860, 5824, 5272, 5859, 5414, 5840, 5860, 5272, 5863, 5414, 5859, 5415, 5411, 5415, 5859, 5862, 5860, 5863, 5864, 5841, 5862, 5842, 5864, 5857,
            5410, 5690, 5408, 5864, 5842, 5841, 5412, 5859, 5861, 5690, 5412, 5861, 5412, 5411, 5859, 5412, 5690, 5410, 5851, 5840, 5414, 5413, 5851, 5414,
            5851, 5413, 5850, 5862, 5863, 5865, 5313, 5761, 5846, 5866, 5862, 5865, 5313, 5846, 5506, 5271, 5867, 5868, 5853, 5639, 5631, 5287, 5867, 5271,
            5869, 5853, 5852, 5287, 5870, 5867, 5287, 5291, 5870, 5639, 5853, 5871, 5869, 5871, 5853, 5872, 5867, 5873, 5873, 5870, 5874, 5873, 5867, 5870,
            5236, 5325, 5234, 5858, 5856, 5875, 5876, 5677, 5639, 5871, 5876, 5639, 5877, 5874, 5291, 5878, 5876, 5879, 5870, 5291, 5874, 5291, 5325, 5877,
            5879, 5876, 5871, 5877, 5325, 5236, 5864, 5880, 5857, 5881, 5857, 5880, 5877, 5882, 5874, 5881, 5880, 5883, 5864, 5862, 5880, 5866, 5880, 5862,
            5882, 5884, 5874, 5873, 5874, 5884, 5877, 5236, 5882, 5883, 5880, 5866, 5883, 5866, 5885, 5235, 5278, 5236, 5883, 5886, 5881, 5882, 5236, 5278,
            5887, 5884, 5882, 5883, 5885, 5886, 5887, 5882, 5278, 5881, 5856, 5857, 5888, 5875, 5856, 5884, 5889, 5873, 5889, 5884, 5890, 5888, 5891, 5892,
            5278, 5281, 5887, 5884, 5887, 5890, 5891, 5886, 5893, 5892, 5891, 5893, 5894, 5890, 5887, 5695, 5894, 5887, 5107, 5889, 5890, 5107, 5890, 5136,
            5136, 5890, 5894, 5895, 5136, 5894, 5855, 5845, 5848, 5855, 5852, 5845, 5136, 5895, 5142, 5869, 5852, 5858, 5858, 5875, 5869, 5896, 5871, 5869,
            5896, 5869, 5875, 5496, 5897, 3817, 5677, 5876, 5878, 5878, 5692, 5677, 5897, 3818, 3817, 5896, 5875, 5898, 5896, 5879, 5871, 5896, 5898, 5879,
            5487, 5897, 5496, 5888, 5898, 5875, 5899, 5898, 5888, 5897, 5900, 3818, 5899, 5888, 5892, 3818, 5900, 3913, 5470, 5272, 5471, 5897, 5487, 5900,
            5487, 5901, 5900, 5470, 5863, 5272, 5902, 5900, 5901, 5863, 5470, 5903, 5903, 5470, 5536, 5904, 5487, 5484, 5472, 5536, 5470, 5904, 5484, 5533,
            5901, 5487, 5904, 5903, 5536, 5905, 5905, 5865, 5903, 5905, 5906, 5865, 5903, 5865, 5863, 5270, 5907, 5533, 5907, 5270, 5868, 5908, 5907, 5868,
            5533, 5907, 5904, 5905, 5536, 5909, 5909, 5536, 5910, 5908, 5911, 5904, 5911, 5901, 5904, 5911, 5908, 5912, 5907, 5908, 5904, 5913, 5905, 5909,
            5513, 5910, 5537, 5910, 5536, 5537, 5563, 5513, 5515, 5910, 5513, 5563, 5914, 5908, 5915, 5911, 5902, 5901, 3819, 3818, 3913, 5910, 5916, 5909,
            5917, 3913, 5902, 5916, 5910, 5563, 5917, 5918, 3913, 5919, 5918, 5917, 5920, 5909, 5916, 5920, 5913, 5909, 3913, 5900, 5902, 5563, 5580, 5916,
            5916, 5580, 5585, 5919, 5917, 5921, 5921, 5917, 5902, 5906, 5885, 5865, 5906, 5922, 5885, 5919, 5921, 4987, 5866, 5865, 5885, 5919, 4987, 4986,
            5913, 5906, 5905, 5908, 5923, 5912, 5923, 5908, 5914, 5924, 5922, 5906, 5924, 5906, 5913, 5923, 5914, 5925, 4998, 5923, 5925, 5911, 5912, 5921,
            5921, 5902, 5911, 5885, 5922, 5926, 5926, 5922, 5924, 5885, 5927, 5886, 5926, 5927, 5885, 5921, 5912, 5928, 5912, 5923, 5928, 5927, 5893, 5886,
            4992, 5928, 5923, 4987, 5921, 5928, 5927, 5929, 5893, 5930, 5926, 5924, 4992, 4987, 5928, 5924, 5931, 5930, 4998, 4992, 5923, 5927, 5926, 5929,
            5926, 5930, 5929, 5929, 5930, 5932, 3910, 3913, 5918, 3922, 3910, 5918, 5916, 5615, 5920, 5920, 5931, 5913, 5913, 5931, 5924, 3922, 5918, 5039,
            5931, 5615, 5933, 5039, 5918, 5919, 5920, 5615, 5931, 5039, 5919, 4986, 5585, 5615, 5916, 5271, 5868, 5270, 5627, 5933, 5618, 5615, 5618, 5933,
            5934, 5933, 5935, 5935, 5933, 5627, 5908, 5868, 5915, 5868, 5867, 5915, 5933, 5934, 5931, 5914, 5915, 5872, 5915, 5867, 5872, 5930, 5931, 5934,
            5936, 5620, 5651, 5620, 5936, 5937, 5936, 5938, 5937, 5925, 5914, 5939, 5937, 5629, 5620, 5872, 5940, 5914, 5889, 5872, 5873, 5940, 5872, 5889,
            5629, 5941, 5942, 5940, 5939, 5914, 5940, 5110, 5939, 5937, 5941, 5629, 5943, 5940, 5889, 5941, 5937, 5944, 5925, 5939, 5110, 5110, 4998, 5925,
            5109, 4998, 5110, 5940, 5943, 5110, 5110, 5943, 5106, 5106, 5943, 5107, 5107, 5943, 5889, 5695, 4980, 4979, 5687, 5708, 5688, 5708, 5687, 5699,
            4993, 5945, 4984, 4431, 4418, 5712, 5762, 5946, 4994, 5946, 4995, 4994, 5947, 5948, 5151, 4808, 4138, 5949, 5949, 4138, 4984, 5950, 5951, 5947,
            4142, 4812, 4999, 4999, 4812, 5002, 5311, 5947, 5951, 5949, 4984, 5945, 5947, 5311, 5948, 4995, 5945, 4993, 5002, 5949, 5945, 5311, 5951, 5952,
            1665, 1666, 1684, 5002, 5356, 5001, 5356, 5002, 5945, 4808, 5949, 4812, 5002, 4812, 5949, 5953, 1684, 5954, 1684, 5955, 1665, 5953, 5955, 1684,
            5945, 5956, 5356, 5945, 4995, 5956, 4995, 5957, 5956, 5957, 4995, 5946, 1684, 1681, 5954, 1687, 5954, 1681, 5958, 5954, 1687, 5946, 5762, 5765,
            5958, 1687, 1686, 5958, 5959, 5954, 5959, 5958, 5960, 5960, 5958, 1689, 1689, 5958, 1686, 5961, 5954, 5959, 5953, 5954, 5961, 5962, 5955, 5953,
            5962, 5953, 5961, 5962, 5961, 5963, 5963, 5961, 5964, 5964, 5961, 5959, 5964, 5959, 5960, 5964, 5965, 5963, 5965, 5964, 5966, 1689, 1621, 5155,
            4979, 5142, 5895, 5146, 5143, 4979, 5111, 5088, 5108, 1689, 5155, 5163, 5108, 5096, 5199, 5960, 1689, 5163, 5806, 5805, 5304, 5724, 5160, 5143,
            5960, 5163, 5964, 5724, 5143, 5146, 5809, 5806, 5304, 5966, 5964, 5163, 5163, 5164, 5966, 5967, 5962, 5968, 5968, 5962, 5963, 5967, 5950, 5962,
            5951, 5950, 5969, 5969, 5950, 5967, 5968, 5969, 5967, 5965, 5968, 5963, 5970, 5968, 5965, 5970, 5965, 5966, 5190, 5194, 5214, 5203, 5190, 5214,
            5952, 5951, 5969, 5952, 5969, 5971, 5971, 5969, 5968, 5972, 5311, 5952, 5972, 5952, 5971, 4975, 5774, 5775, 5968, 5970, 5971, 5970, 5166, 5971,
            5284, 5251, 5250, 5018, 5024, 4977, 5970, 5167, 5166, 5765, 5774, 5973, 3983, 5242, 3985, 5242, 4967, 3985, 5242, 3983, 5033, 5774, 4975, 5973,
            5033, 5028, 5241, 5946, 5765, 5974, 5971, 5166, 5169, 5973, 5974, 5765, 5966, 5164, 5178, 5975, 5009, 5003, 5024, 4975, 4977, 5973, 4975, 5024,
            5250, 5342, 5298, 5975, 5973, 5024, 5167, 5970, 5966, 5167, 5966, 5178, 5241, 5028, 5111, 5009, 5975, 5024, 5349, 5343, 5346, 5178, 5179, 5167,
            5005, 5785, 5003, 5976, 5248, 5111, 5167, 5179, 5168, 5074, 5012, 5009, 5252, 5248, 5977, 5977, 5248, 5978, 5168, 5179, 5184, 5978, 5248, 5976,
            5024, 5023, 5009, 5023, 5074, 5009, 5179, 5175, 5188, 5979, 5978, 5976, 4966, 4968, 5980, 5980, 4968, 4967, 5244, 5980, 4967, 4974, 4966, 5980,
            5127, 5139, 5204, 5980, 5244, 5981, 5079, 5982, 5016, 5016, 5025, 5018, 5981, 5244, 5252, 5025, 5016, 5982, 5204, 5008, 5120, 4974, 5980, 5265,
            5265, 5980, 5981, 5079, 5983, 5982, 5024, 5018, 5025, 5198, 5120, 5008, 4974, 5264, 4397, 5265, 5264, 4974, 5265, 5981, 5276, 5276, 5981, 5977,
            5023, 5025, 5074, 5977, 5981, 5252, 5984, 5204, 5139, 5985, 5025, 5982, 5074, 5025, 5985, 5977, 5978, 5986, 5984, 5139, 5987, 5986, 5978, 5988,
            5277, 5986, 5988, 5276, 5977, 5986, 5139, 5138, 5987, 5276, 5986, 5277, 5275, 5263, 5276, 5263, 5265, 5276, 5150, 5987, 5132, 5150, 5282, 5987,
            5988, 5978, 5979, 5702, 5354, 5520, 5008, 5204, 5984, 5704, 5520, 5522, 5988, 5979, 5989, 5008, 5984, 5210, 5277, 5988, 5293, 5006, 5008, 5210,
            5288, 5988, 5989, 5988, 5288, 5293, 5294, 5293, 5288, 5210, 5984, 5987, 5210, 5987, 5282, 5089, 5086, 5985, 5211, 5210, 5282, 5568, 5567, 5733,
            5567, 5574, 5733, 5111, 5108, 5976, 5074, 5985, 5073, 5086, 5073, 5985, 5990, 5976, 5108, 5990, 5108, 5199, 5990, 5199, 5991, 5199, 5203, 5992,
            5991, 5199, 5992, 5203, 5993, 5992, 5979, 5990, 5991, 5990, 5979, 5976, 5991, 5989, 5979, 5994, 5992, 5993, 5991, 5992, 5989, 5989, 5992, 5994,
            5993, 5203, 5327, 5203, 5214, 5215, 5203, 5215, 5327, 5216, 5326, 5215, 5327, 5994, 5993, 5285, 5282, 5150, 5329, 5327, 5448, 5310, 5285, 5150,
            5334, 5329, 5448, 5302, 5285, 5310, 5448, 5327, 5326, 5448, 5326, 5995, 5289, 5989, 5994, 5289, 5288, 5989, 5948, 5150, 5151, 5346, 5354, 5698,
            5329, 5994, 5327, 5289, 5994, 5329, 5703, 5702, 5704, 5702, 5520, 5704, 5310, 5948, 5311, 5704, 5522, 5719, 5705, 5704, 5719, 5150, 5948, 5310,
            5535, 5719, 5522, 5721, 5719, 5535, 5738, 5721, 5535, 5312, 5311, 5996, 5996, 5324, 5312, 5729, 5160, 5726, 5160, 5724, 5726, 5568, 5733, 5997,
            5997, 5733, 5734, 5998, 5734, 5573, 5729, 5998, 5573, 5758, 5729, 5726, 5758, 5726, 5757, 5302, 5310, 5319, 5568, 5535, 5534, 5568, 5997, 5535,
            5997, 5574, 5567, 5567, 5738, 5997, 5567, 5570, 5738, 5574, 5997, 5734, 5535, 5997, 5738, 5574, 5734, 5570, 5738, 5570, 5734, 5734, 5998, 5738,
            5216, 5396, 5326, 5732, 5575, 5745, 5999, 5998, 5729, 5759, 5729, 5758, 5729, 5759, 5999, 6000, 5738, 5998, 6000, 5998, 5999, 5752, 6000, 5999,
            5738, 6000, 5741, 5741, 6000, 5752, 6001, 5752, 5999, 5321, 5333, 5319, 5752, 5750, 5773, 5333, 5297, 5302, 5773, 5741, 5752, 5297, 5333, 5423,
            5326, 5396, 5405, 5319, 5333, 5302, 5767, 6001, 5999, 5767, 5999, 5759, 5331, 5321, 5328, 5424, 5400, 5382, 5336, 5331, 5328, 5426, 5382, 5383,
            5333, 5321, 5331, 5332, 5493, 5333, 5406, 5401, 5458, 5956, 5357, 5356, 5424, 5458, 5401, 5424, 6002, 5458, 5785, 5956, 5957, 6002, 5424, 5425,
            5785, 5357, 5956, 5424, 5382, 5426, 5350, 5355, 5072, 5355, 5350, 6003, 5604, 5198, 5783, 5424, 5426, 5425, 5783, 5198, 5008, 5383, 5385, 6004,
            6005, 5791, 6006, 5426, 5383, 5427, 5427, 5383, 6004, 6004, 5643, 5435, 5083, 5389, 5376, 5604, 5783, 5602, 5083, 6007, 5389, 5433, 5427, 5435,
            5433, 5425, 5427, 5427, 6004, 5435, 6006, 5791, 5793, 5435, 5440, 5434, 5957, 5946, 5974, 5957, 5974, 5785, 5326, 5405, 5995, 6003, 5350, 5416,
            5003, 5785, 5974, 6008, 5995, 5405, 5975, 5974, 5973, 6009, 6003, 5416, 5974, 5975, 5003, 6006, 5793, 6010, 6010, 5793, 5040, 5448, 5995, 5449,
            6010, 5040, 5034, 6010, 5034, 6011, 5449, 5995, 6008, 5449, 6008, 5454, 6009, 5416, 5422, 6011, 5034, 5037, 6009, 5422, 6012, 5477, 5449, 5454,
            5454, 6008, 5452, 6012, 5422, 6013, 6014, 6003, 6015, 6016, 5037, 5071, 6016, 5071, 5355, 5389, 6007, 6014, 6008, 5405, 5406, 6011, 5037, 6017,
            5460, 5406, 5458, 6008, 5406, 5460, 5389, 6014, 5438, 5447, 5438, 6014, 5452, 6008, 5460, 6017, 5037, 6016, 6014, 6015, 5447, 6015, 6003, 6009,
            5459, 5458, 6002, 5439, 5438, 5447, 6017, 6016, 5355, 6015, 6018, 5447, 5459, 6002, 5466, 6017, 5355, 5082, 6018, 5429, 5447, 5466, 6002, 5425,
            5082, 5355, 6007, 6007, 5083, 5082, 5452, 5460, 5459, 5452, 5459, 5455, 6007, 5355, 6003, 6015, 6009, 6012, 6007, 6003, 6014, 6019, 6018, 6015,
            6019, 5508, 6018, 6019, 6015, 6020, 6020, 5508, 6019, 5094, 1610, 6021, 6020, 6015, 6012, 5334, 5449, 5477, 5508, 5429, 6018, 5508, 5479, 5429,
            5099, 1537, 5094, 6012, 6022, 6020, 6020, 6022, 5508, 5100, 5099, 5094, 5489, 5549, 5158, 6023, 5094, 6021, 6023, 5100, 5094, 6024, 6025, 6023,
            6025, 6024, 5131, 5456, 5467, 5500, 5467, 5509, 5500, 1613, 6021, 1610, 1663, 1613, 1611, 5504, 5489, 5482, 6021, 1613, 1663, 1663, 6024, 6021,
            6023, 6021, 6024, 6026, 1663, 1616, 5490, 5422, 5423, 6024, 1663, 6027, 6027, 1663, 6026, 5466, 5425, 5432, 5432, 5524, 5466, 6028, 6027, 6026,
            6013, 5422, 5490, 1665, 6028, 1616, 5507, 5483, 5479, 6028, 6026, 1616, 5432, 5425, 5433, 5490, 6029, 6013, 5589, 6030, 5569, 6028, 1665, 6031,
            5491, 5488, 5494, 5131, 6024, 6027, 5483, 5507, 5517, 6027, 6028, 6031, 5540, 5441, 5443, 5131, 6027, 6031, 5478, 5469, 5457, 5511, 5469, 5478,
            6032, 5131, 6031, 6032, 6033, 5131, 5540, 5603, 5546, 6032, 6031, 6034, 5554, 5608, 5589, 5507, 5508, 6035, 5508, 6022, 6035, 5198, 5540, 5191,
            5198, 5604, 5540, 5603, 5540, 5604, 6036, 5507, 6035, 5609, 5686, 6037, 5515, 5511, 5483, 5666, 5686, 5609, 6025, 5100, 6023, 5608, 5609, 6037,
            6025, 5103, 5100, 5632, 5507, 6036, 5632, 5517, 5507, 5684, 5612, 6038, 6039, 6037, 5686, 5103, 5139, 5127, 5509, 5525, 5559, 5996, 5311, 5972,
            5985, 5982, 5983, 5531, 5590, 5525, 5079, 5081, 5556, 5983, 5079, 5556, 5133, 6025, 5131, 5531, 5546, 5596, 5590, 5531, 5596, 6040, 5324, 5996,
            5103, 6025, 5133, 5103, 5133, 5139, 5996, 5972, 6040, 6040, 5972, 5169, 5596, 5603, 5599, 5169, 5972, 5971, 5596, 5546, 5603, 5089, 5622, 5104,
            5622, 5089, 5983, 5132, 5987, 5138, 5556, 5569, 6041, 6033, 5132, 5131, 6040, 5169, 6042, 6041, 5569, 6030, 6042, 5169, 6043, 5983, 5556, 6041,
            5328, 5324, 6040, 5132, 6033, 6032, 5336, 5328, 6040, 5622, 5983, 6041, 6041, 5626, 5622, 5336, 6040, 6044, 6041, 6030, 5626, 6031, 1665, 5955,
            5335, 5336, 6044, 5955, 6034, 6031, 6034, 5955, 5962, 5539, 5335, 6044, 6042, 6044, 6040, 6032, 5151, 5132, 5151, 6032, 5947, 5544, 6044, 6042,
            6032, 6034, 5947, 5089, 5985, 5983, 6034, 5962, 5950, 5947, 6034, 5950, 6044, 5544, 5539, 6042, 5545, 5544, 6030, 5589, 5608, 6045, 6030, 5608,
            6030, 6045, 5626, 5169, 5184, 6043, 6043, 5184, 6046, 5657, 5652, 1537, 5626, 5612, 5593, 6038, 5612, 5626, 1537, 5099, 5657, 6046, 5184, 5189,
            5385, 5634, 6004, 6004, 5634, 5643, 5626, 6045, 6038, 6046, 5529, 6043, 5529, 6046, 5189, 5435, 5643, 5440, 6045, 5608, 6037, 6037, 6038, 6045,
            5643, 5638, 5440, 5440, 5638, 5660, 5660, 5638, 5657, 5528, 6042, 6043, 5529, 5528, 6043, 5684, 6038, 6037, 5545, 6042, 5528, 5684, 6037, 6039,
            6047, 5686, 5813, 6039, 5686, 6047, 6039, 6047, 6048, 5669, 5712, 4418, 5712, 5669, 5679, 5712, 5679, 5718, 6039, 6048, 5684, 5678, 5691, 5679,
            5563, 5515, 5518, 5580, 5563, 5564, 5530, 5600, 5528, 6022, 6012, 6013, 6022, 6013, 6049, 6050, 6013, 6029, 5490, 5491, 6029, 6029, 6051, 6050,
            5491, 6052, 6029, 6051, 6029, 6052, 5637, 5491, 5494, 6052, 5491, 5637, 6049, 6013, 6050, 6022, 6049, 6035, 6035, 6049, 6050, 6035, 6050, 6051,
            6035, 6051, 6036, 6051, 6053, 6036, 6053, 6051, 6052, 6053, 5632, 6036, 5646, 5632, 6053, 6052, 6054, 6053, 5635, 6055, 5637, 5637, 6055, 6052,
            5671, 5813, 5686, 5635, 5654, 6055, 6052, 6055, 6054, 6054, 6055, 5654, 5689, 5684, 6048, 5651, 5650, 6056, 6048, 6057, 5689, 5820, 5689, 6057,
            6047, 5813, 5814, 5664, 5654, 5644, 6054, 5654, 6056, 5814, 5831, 6047, 6057, 5826, 5820, 5654, 5938, 6056, 5664, 5938, 5654, 6057, 6048, 6047,
            6047, 5831, 6058, 6057, 6047, 6058, 6057, 5833, 5826, 6058, 5833, 6057, 6059, 5664, 5659, 5938, 5664, 6059, 5670, 5659, 5595, 5659, 5670, 6059,
            5577, 6060, 5830, 6060, 5577, 6061, 6062, 5682, 5834, 6059, 5670, 5674, 5577, 5582, 6061, 6061, 5582, 5776, 6005, 5776, 5791, 5831, 6063, 6058,
            6061, 5776, 6064, 6064, 5776, 6005, 5830, 6063, 5831, 6063, 5830, 6060, 6064, 5683, 5682, 6064, 6065, 5683, 6063, 6062, 5833, 5833, 6058, 6063,
            6066, 6005, 6006, 6063, 6060, 6062, 6066, 6064, 6005, 6067, 6060, 6061, 6067, 6062, 6060, 6065, 6064, 6066, 5694, 6065, 6066, 6062, 5834, 5833,
            6064, 6067, 6061, 6067, 6064, 5682, 6067, 5682, 6062, 6066, 6006, 6068, 5694, 6066, 6068, 6065, 4981, 5683, 5694, 4981, 6065, 6068, 6006, 6010,
            6068, 5707, 5694, 6068, 6010, 5707, 5707, 6010, 6011, 5054, 5707, 5058, 5058, 5707, 6011, 6017, 5058, 6011, 6017, 5076, 5058, 5076, 6017, 5082,
            5887, 5281, 5695, 4979, 5894, 5695, 5894, 4979, 5895, 5881, 5888, 5856, 5888, 5881, 5891, 5881, 5886, 5891, 6054, 5646, 6053, 5650, 5646, 6054,
            6054, 6056, 5650, 6056, 5936, 5651, 5938, 5936, 6056, 5944, 6059, 5674, 5937, 5938, 6059, 5937, 6059, 5944, 6069, 6070, 1903, 6070, 1904, 1903,
            6071, 4546, 6072, 6073, 6074, 6075, 6071, 6072, 6076, 6077, 6078, 6074, 6077, 6074, 6073, 6079, 6077, 6073, 6080, 6081, 6082, 6083, 6069, 6084,
            6078, 6085, 6074, 6086, 6087, 6081, 6088, 6089, 6090, 6087, 6086, 6091, 6089, 6088, 6092, 6093, 6069, 6083, 6094, 6071, 6076, 6095, 6077, 6096,
            6087, 6097, 6098, 6099, 6078, 6077, 6100, 6101, 6094, 6099, 6077, 6095, 6102, 6083, 6084, 6103, 6102, 6084, 6104, 4550, 4328, 6087, 6091, 6097,
            6105, 6106, 6107, 6105, 6108, 6106, 6103, 6109, 6102, 6110, 6111, 6112, 6109, 6103, 6113, 6112, 6111, 6114, 6104, 6115, 4550, 6116, 6108, 6105,
            6117, 6109, 6113, 6118, 6115, 6104, 6119, 6108, 6120, 6112, 6121, 6110, 6117, 6122, 6109, 6115, 6072, 4550, 4550, 6072, 4541, 6123, 6120, 6124,
            6083, 6102, 6125, 6116, 6105, 6126, 6105, 6127, 6126, 6109, 6128, 6102, 6129, 6126, 6127, 6130, 6104, 4357, 6128, 6109, 6122, 6131, 6132, 6121,
            6133, 6104, 6130, 6126, 6134, 6135, 6136, 6096, 6124, 6133, 6118, 6104, 6136, 6095, 6096, 6112, 6131, 6121, 6137, 6131, 6112, 6138, 1937, 1936,
            6138, 1962, 1937, 6139, 6132, 6131, 6138, 1936, 6140, 6141, 6142, 6143, 6144, 6145, 6146, 6147, 6148, 6145, 6144, 6147, 6145, 6147, 6080, 6148,
            1962, 1942, 1937, 6149, 6092, 6150, 6114, 6137, 6112, 6151, 6152, 6144, 6153, 6137, 6114, 6152, 6154, 6080, 6155, 6138, 6140, 6156, 6157, 6114,
            6158, 6138, 6155, 6118, 6133, 6159, 6153, 6114, 6157, 6160, 1952, 1962, 6153, 6161, 6137, 6142, 6162, 6143, 6160, 1962, 6163, 6138, 6163, 1962,
            6164, 6162, 6142, 6165, 6133, 6130, 6166, 6133, 6165, 6164, 6167, 6162, 6168, 6160, 6163, 6137, 6161, 6131, 6139, 6131, 6161, 6169, 6164, 6142,
            6170, 6164, 6169, 6158, 6163, 6138, 6076, 6115, 6118, 6171, 6076, 6118, 6172, 6173, 6132, 6139, 6172, 6132, 6174, 6168, 6163, 6175, 6176, 6177,
            6178, 6159, 6179, 6180, 6175, 6177, 6181, 6174, 6163, 6175, 6180, 6182, 6174, 6183, 6168, 6182, 6184, 6175, 6185, 6183, 6174, 6186, 6176, 6175,
            6185, 6187, 6183, 6173, 6172, 6188, 6184, 6186, 6175, 6188, 6189, 6173, 6150, 6190, 6149, 6191, 6186, 6184, 6160, 2064, 1952, 6192, 6189, 6188,
            6193, 2064, 6160, 6194, 6184, 6182, 6193, 2067, 2064, 6195, 6188, 6172, 6177, 6176, 6196, 2093, 2067, 6193, 6190, 6150, 6197, 6183, 6193, 6168,
            6176, 6198, 6196, 6198, 6176, 6186, 6199, 2093, 6193, 6200, 6198, 6186, 6201, 6195, 6139, 6199, 2099, 2093, 6197, 6202, 6190, 6139, 6195, 6172,
            6203, 6198, 6200, 6204, 6203, 6200, 6201, 6139, 6161, 6202, 6197, 6205, 6191, 6200, 6186, 6206, 2099, 6199, 6201, 6161, 6207, 6208, 6195, 6201,
            6159, 6133, 6166, 6194, 6182, 6209, 6210, 6184, 6194, 6211, 6206, 6199, 6187, 6211, 6199, 6212, 6213, 6214, 6212, 6215, 6213, 6216, 6217, 6218,
            6208, 6188, 6195, 6166, 6165, 6219, 6220, 6181, 6155, 6155, 6181, 6158, 6181, 6163, 6158, 6221, 6216, 6218, 6222, 6188, 6208, 6223, 6216, 6221,
            6224, 6181, 6220, 6225, 6219, 6226, 6141, 6169, 6142, 6227, 6181, 6224, 6228, 6229, 6202, 6230, 6169, 6141, 6202, 6205, 6228, 6156, 6097, 6157,
            6174, 6181, 6231, 6227, 6231, 6181, 6229, 6228, 6232, 6231, 6185, 6174, 6166, 6219, 6225, 6230, 6233, 6234, 6235, 6166, 6225, 6234, 6236, 6230,
            6091, 6237, 6097, 6237, 6157, 6097, 6238, 6239, 4390, 6238, 4390, 4880, 6240, 6231, 6227, 6226, 6241, 6225, 6223, 6239, 6238, 6223, 6221, 6239,
            6207, 6153, 6157, 6153, 6207, 6161, 6242, 6240, 6227, 6225, 6241, 6243, 6244, 6157, 6237, 6207, 6157, 6244, 6245, 6185, 6231, 6245, 6187, 6185,
            4091, 6238, 4880, 6234, 6233, 6246, 6159, 6166, 6235, 6234, 6246, 6247, 6248, 6247, 6246, 6240, 6245, 6231, 6094, 6171, 6100, 6171, 6178, 6100,
            6091, 6244, 6237, 6230, 6249, 6169, 6236, 6249, 6230, 6242, 6250, 6240, 6250, 6245, 6240, 6244, 6196, 6207, 6250, 6251, 6245, 6252, 6251, 6250,
            6253, 6245, 6251, 6236, 6234, 6254, 6207, 6255, 6201, 6236, 6254, 6256, 6257, 4606, 4609, 6234, 6247, 6254, 6258, 6251, 6252, 6245, 6211, 6187,
            6256, 6259, 6236, 6256, 6260, 6259, 6201, 6261, 6208, 6262, 6256, 6254, 4609, 4611, 6263, 6261, 6201, 6255, 6253, 6264, 6211, 6211, 6245, 6253,
            6262, 6260, 6256, 6265, 6253, 6251, 6258, 6265, 6251, 6266, 6254, 6247, 6261, 6222, 6208, 6262, 6254, 6266, 4609, 6263, 6257, 6267, 6257, 6263,
            6268, 6117, 6269, 6270, 6268, 6269, 6271, 6257, 6272, 6273, 6274, 6262, 6272, 6257, 6267, 6207, 6275, 6255, 6273, 6262, 6266, 6268, 6122, 6117,
            6268, 6276, 6122, 6271, 6272, 6277, 6270, 4631, 4297, 6278, 6261, 6255, 6268, 6270, 6279, 6278, 6280, 6261, 6281, 6259, 6282, 6283, 6284, 6285,
            6286, 6192, 6188, 6287, 6285, 6288, 6215, 6212, 6289, 6188, 6222, 6286, 6287, 6283, 6285, 6282, 6212, 6281, 6290, 6276, 6268, 6289, 6212, 6282,
            6291, 6290, 6292, 6277, 6272, 6293, 6279, 6290, 6268, 6280, 6286, 6222, 6294, 6290, 6279, 4389, 4391, 6295, 6270, 6296, 6279, 6296, 6294, 6279,
            6286, 6280, 6297, 6280, 6298, 6297, 6222, 6261, 6280, 6299, 6294, 6296, 6260, 6282, 6259, 6294, 6292, 6290, 6300, 6289, 6282, 6301, 6298, 6280,
            6300, 6302, 6289, 4616, 6295, 4391, 6292, 6303, 6291, 6298, 6304, 6297, 6305, 6295, 4616, 6306, 6302, 6300, 6298, 6307, 6304, 6306, 6308, 6302,
            6294, 6299, 6309, 6292, 6294, 6309, 6310, 6270, 4297, 6308, 6306, 6311, 6312, 6311, 6306, 6298, 6313, 6307, 4616, 4606, 6314, 4297, 6315, 6310,
            6280, 6278, 6301, 6296, 6270, 6310, 6316, 6296, 6310, 6310, 6315, 6316, 6317, 6318, 6319, 6320, 6301, 6321, 6305, 4616, 6314, 6319, 6322, 6317,
            4702, 6323, 6315, 6315, 6323, 6316, 6305, 6314, 6324, 6271, 6324, 6314, 6325, 6318, 6317, 6325, 6317, 6326, 6327, 6305, 6324, 6326, 6328, 6325,
            6329, 6323, 6330, 6328, 6326, 6331, 6332, 6331, 6326, 2549, 2158, 6333, 6334, 6328, 6331, 6335, 2549, 6333, 6336, 6299, 6296, 6337, 6334, 6331,
            6327, 6338, 6295, 6316, 6336, 6296, 6327, 6339, 6338, 6322, 6340, 6341, 2548, 6342, 2561, 6343, 6342, 2548, 6327, 6295, 6305, 6344, 6345, 6341,
            6336, 6309, 6299, 6341, 6345, 6346, 6347, 6342, 6343, 6336, 6348, 6309, 6349, 6331, 6332, 6314, 4606, 6257, 6349, 6350, 6331, 6329, 6336, 6316,
            6329, 6316, 6323, 6342, 6351, 2561, 6352, 6336, 6329, 6314, 6257, 6271, 6336, 6352, 6348, 6350, 6337, 6331, 6353, 6354, 6350, 6352, 6329, 6355,
            6356, 6357, 6358, 2205, 2561, 6351, 6359, 6347, 6343, 6324, 6271, 6360, 6361, 6337, 6350, 6362, 6337, 6361, 6352, 6363, 6348, 6364, 6347, 6359,
            6350, 6354, 6361, 6365, 6363, 6352, 6354, 6366, 6361, 6324, 6367, 6368, 6361, 6369, 6362, 6347, 6351, 6342, 6369, 6361, 6366, 6369, 6370, 6362,
            6252, 6250, 6371, 6351, 6347, 6372, 6373, 3990, 3994, 6374, 6258, 6252, 6372, 6347, 6364, 6375, 6287, 6288, 6376, 6377, 6289, 6378, 6377, 6376,
            6379, 6378, 6376, 6380, 6287, 6375, 6379, 6381, 6382, 6302, 6308, 6376, 6383, 6371, 6384, 6380, 6283, 6287, 2209, 2205, 6351, 6376, 6289, 6302,
            6385, 6383, 6384, 2203, 2209, 2213, 6308, 6381, 6376, 6381, 6379, 6376, 6381, 6308, 6386, 6383, 6374, 6371, 6374, 6383, 6387, 6388, 2213, 2209,
            6387, 6383, 6389, 6390, 6381, 6386, 6390, 6382, 6381, 6383, 6391, 6389, 6390, 6392, 6382, 6339, 6327, 6393, 6388, 2383, 2213, 6308, 6311, 6386,
            2383, 6388, 6394, 6394, 2381, 2383, 4702, 6395, 6330, 6386, 6311, 6396, 6397, 6396, 6311, 6324, 6393, 6327, 6324, 6368, 6393, 6398, 6355, 6330,
            6330, 6395, 6398, 6399, 2209, 6351, 6398, 6400, 6355, 6399, 6351, 6372, 6386, 6396, 6390, 6401, 6398, 6395, 6402, 6398, 6401, 6403, 6402, 6401,
            6404, 6396, 6397, 6399, 6372, 6405, 6375, 6406, 6380, 6407, 6396, 6404, 6393, 6408, 6339, 6241, 6339, 6408, 6402, 6400, 6398, 6409, 6410, 6399,
            6411, 6400, 6402, 6412, 6407, 6404, 6413, 6408, 6393, 6414, 6411, 6402, 6415, 6390, 6396, 2209, 6399, 6388, 6329, 6330, 6355, 6407, 6415, 6396,
            6416, 6375, 6417, 6410, 6388, 6399, 6418, 6419, 6415, 6416, 6406, 6375, 6420, 6352, 6355, 6421, 6394, 6388, 6421, 6388, 6410, 6421, 6410, 6422,
            6413, 6393, 6368, 6411, 6420, 6355, 6420, 6411, 6423, 6424, 6425, 6366, 6352, 6420, 6365, 6368, 6367, 6426, 6425, 6369, 6366, 6426, 6427, 6368,
            6428, 6372, 6364, 6411, 6355, 6400, 6428, 6405, 6372, 6424, 6429, 6430, 6430, 6429, 6431, 6428, 6432, 6405, 6433, 6424, 6430, 6434, 6413, 6368,
            6423, 6411, 6435, 6431, 6436, 6430, 6414, 6435, 6411, 6430, 6436, 6437, 6434, 6368, 6427, 6409, 6399, 6405, 6433, 6430, 6437, 6435, 6438, 6423,
            6360, 6271, 6277, 6439, 6440, 6437, 6360, 6277, 6441, 6442, 6437, 6436, 6414, 6402, 6403, 6442, 6439, 6437, 6443, 6444, 6445, 6414, 6403, 6446,
            6447, 6409, 6405, 6367, 6324, 6360, 6409, 6422, 6410, 6448, 6436, 6431, 6436, 6448, 6449, 6436, 6449, 6442, 6367, 6360, 6441, 6409, 6450, 6422,
            6446, 6451, 6414, 6447, 6450, 6409, 6452, 6449, 6453, 6454, 6455, 6452, 6446, 6456, 6451, 6457, 6451, 6456, 6422, 6450, 6458, 6459, 6441, 6277,
            6451, 6435, 6414, 6435, 6451, 6438, 6293, 6459, 6277, 6432, 6447, 6405, 6457, 6438, 6451, 6460, 6126, 6129, 6457, 6461, 6438, 6173, 6447, 6432,
            6441, 6426, 6367, 6462, 6426, 6441, 6357, 6463, 6460, 6357, 6460, 6358, 6447, 6189, 6450, 6356, 6464, 6357, 6465, 6466, 6467, 6465, 6468, 6466,
            6469, 6458, 6450, 6457, 6456, 6470, 6471, 6470, 6456, 6173, 6189, 6447, 6472, 6473, 6474, 6469, 6450, 6189, 6475, 6473, 6476, 6475, 6474, 6473,
            6477, 6441, 6459, 6462, 6441, 6477, 6221, 6478, 4381, 4390, 6221, 4381, 6475, 6476, 6479, 6221, 6218, 6478, 6479, 6480, 6475, 6481, 6477, 6459,
            6470, 6471, 6482, 4385, 4390, 4381, 4090, 6483, 4091, 4390, 6239, 6221, 4880, 4390, 4388, 4090, 4873, 6483, 6484, 2381, 6394, 6485, 1951, 1944,
            4873, 6486, 6483, 6487, 1951, 6485, 6488, 2381, 6484, 6488, 2389, 2381, 4626, 4625, 4623, 4873, 6489, 6486, 6489, 4873, 4886, 6487, 6490, 1951,
            6491, 6492, 6493, 6494, 6495, 6496, 6484, 6394, 6421, 6494, 6496, 6497, 4885, 4195, 6498, 6499, 4625, 4626, 6264, 6500, 6206, 6501, 6500, 6502,
            4520, 6498, 4195, 6503, 6499, 4626, 6487, 6485, 6501, 6504, 6505, 6498, 6089, 6505, 6504, 6484, 6421, 6506, 6507, 6508, 6487, 6507, 6487, 6501,
            6502, 6507, 6501, 6505, 6497, 6509, 4611, 4612, 6263, 6510, 6497, 6505, 6506, 6488, 6484, 4625, 6263, 4612, 6089, 6510, 6505, 6490, 2158, 1951,
            6506, 6511, 6488, 6497, 6510, 6149, 6333, 2158, 6490, 6492, 6512, 6266, 6263, 4625, 6267, 6513, 6511, 6506, 6490, 6487, 6508, 6514, 6512, 6492,
            6508, 6333, 6490, 6267, 4625, 6499, 6512, 6273, 6266, 6508, 6515, 6333, 6516, 6515, 6508, 6499, 6517, 6267, 6512, 6518, 6273, 6494, 6519, 6495,
            2382, 2381, 2389, 6520, 6519, 6521, 6272, 6267, 6517, 6522, 6518, 6520, 6253, 6523, 6264, 6264, 6523, 6500, 6502, 6500, 6523, 6524, 6517, 6499,
            6502, 6525, 6507, 6526, 6518, 6522, 6503, 6524, 6499, 2390, 2389, 2397, 3989, 4628, 4626, 6527, 2393, 2397, 6502, 6523, 6525, 6528, 6526, 6529,
            4626, 4628, 6530, 2397, 2389, 6488, 6531, 2397, 6488, 6532, 6526, 6533, 6532, 6529, 6526, 6265, 6523, 6253, 6534, 6532, 6285, 6535, 6523, 6265,
            6288, 6285, 6532, 6531, 6527, 2397, 6536, 6535, 6265, 6104, 4328, 4357, 6527, 2398, 2393, 6503, 4626, 6530, 6537, 6523, 6535, 6538, 4357, 4342,
            4357, 6538, 6130, 6523, 6537, 6525, 6373, 4628, 3990, 6149, 6494, 6497, 6539, 6535, 6536, 4628, 6373, 6530, 6540, 6494, 6149, 6541, 6537, 6535,
            6542, 2398, 6527, 6507, 6525, 6508, 6373, 6543, 6530, 6525, 6516, 6508, 4342, 4408, 6538, 6511, 6531, 6488, 6544, 6516, 6525, 6545, 6531, 6511,
            6503, 6530, 6546, 6516, 6547, 6515, 6545, 6542, 6531, 6548, 6549, 6547, 4389, 4408, 4382, 6542, 6527, 6531, 6524, 6503, 6550, 6551, 4389, 6295,
            4408, 4389, 6551, 6537, 6544, 6525, 6550, 6503, 6546, 6543, 6546, 6530, 6165, 6130, 6538, 6538, 4408, 6165, 6552, 6537, 6541, 6542, 6545, 6553,
            6554, 6544, 6552, 6555, 4408, 6551, 6373, 6556, 6543, 6555, 6165, 4408, 6219, 6165, 6555, 6545, 6557, 6553, 6295, 6338, 6551, 6558, 6543, 6556,
            6548, 6554, 6110, 6458, 6559, 6422, 6546, 6543, 6558, 6364, 6359, 6547, 6338, 6555, 6551, 6549, 6364, 6547, 6339, 6555, 6338, 6422, 6559, 6421,
            6494, 6540, 6519, 6293, 6272, 6517, 6540, 6521, 6519, 6548, 6560, 6549, 6559, 6506, 6421, 6428, 6364, 6549, 6560, 6428, 6549, 6521, 6522, 6520,
            6548, 6110, 6560, 6293, 6517, 6561, 6293, 6561, 6562, 6559, 6513, 6506, 6540, 6563, 6521, 6563, 6522, 6521, 6121, 6560, 6110, 6564, 6522, 6563,
            6561, 6517, 6524, 6565, 6513, 6559, 6540, 6149, 6190, 6565, 6559, 6458, 6560, 6121, 6428, 6132, 6428, 6121, 6190, 6563, 6540, 6132, 6432, 6428,
            6566, 6561, 6524, 6513, 6565, 6567, 6202, 6564, 6563, 6561, 6566, 6568, 6563, 6190, 6202, 6132, 6173, 6432, 6526, 6522, 6533, 6536, 6265, 6258,
            6565, 6458, 6569, 6570, 6562, 6571, 6258, 6374, 6536, 6387, 6536, 6374, 6564, 6229, 6572, 6569, 6458, 6469, 6533, 6288, 6532, 6562, 6561, 6568,
            6573, 6539, 6536, 6564, 6572, 6533, 6533, 6572, 6288, 6566, 6574, 6568, 6571, 6562, 6568, 6575, 6565, 6569, 6572, 6375, 6288, 6576, 6536, 6387,
            6576, 6573, 6536, 6564, 6202, 6229, 6389, 6576, 6387, 6571, 6568, 6577, 6219, 6555, 6226, 6578, 6550, 6546, 6511, 6513, 6579, 6573, 6576, 6580,
            6579, 6545, 6511, 6339, 6226, 6555, 6581, 6580, 6576, 6226, 6339, 6241, 6581, 6582, 6580, 6583, 6579, 6567, 6582, 6584, 6580, 6567, 6579, 6513,
            6584, 6582, 6098, 6558, 6578, 6546, 6417, 6375, 6572, 6541, 6535, 6539, 6417, 6572, 6229, 6232, 6417, 6229, 6573, 6585, 6539, 6586, 6587, 6558,
            6588, 6545, 6579, 6558, 6587, 6578, 4525, 4520, 4201, 6588, 6589, 6545, 6587, 6590, 6578, 6591, 6589, 6588, 6541, 6539, 6585, 6541, 6585, 6552,
            6498, 4520, 6504, 6552, 6585, 6584, 6592, 6590, 6587, 6552, 6111, 6554, 6593, 6583, 6567, 6111, 6110, 6554, 6575, 6593, 6567, 6090, 6504, 4520,
            6524, 6550, 6566, 6089, 6504, 6090, 6156, 6111, 6552, 4541, 4546, 4535, 6072, 4546, 4541, 6574, 6566, 6550, 6156, 6114, 6111, 6583, 6588, 6579,
            6585, 6573, 6580, 6580, 6584, 6585, 6574, 6550, 6578, 6578, 6590, 6574, 6156, 6552, 6584, 6593, 6594, 6583, 6092, 6510, 6089, 6594, 6588, 6583,
            6594, 6595, 6588, 6098, 6156, 6584, 6092, 6149, 6510, 6595, 6591, 6588, 6574, 6577, 6568, 6097, 6156, 6098, 6076, 6072, 6115, 4520, 4525, 6596,
            6597, 6389, 6391, 6545, 6589, 6557, 4538, 4535, 4546, 6389, 6597, 6576, 6459, 6293, 6562, 6596, 6090, 4520, 6597, 6391, 6598, 6597, 6581, 6576,
            6071, 6599, 4546, 6600, 6601, 2398, 6599, 4545, 4546, 6481, 6459, 6562, 6570, 6481, 6562, 6082, 6581, 6597, 6581, 6082, 6582, 6601, 6602, 2398,
            6602, 2405, 2398, 6087, 6098, 6582, 6582, 6082, 6081, 6602, 2409, 2405, 6283, 6603, 6284, 6603, 6412, 6284, 6081, 6087, 6582, 6604, 6602, 6601,
            6542, 6600, 2398, 6412, 6605, 6407, 6553, 6600, 6542, 6557, 6600, 6553, 6601, 6600, 6606, 6557, 6606, 6600, 6607, 6608, 6605, 6609, 6601, 6606,
            6608, 6443, 6445, 6607, 6443, 6608, 6610, 6443, 6607, 6604, 6601, 6609, 6605, 6412, 6603, 6611, 6605, 6603, 6602, 2414, 2409, 6604, 2414, 6602,
            2414, 6604, 6612, 6611, 6603, 6613, 6614, 6611, 6613, 2414, 6612, 2435, 6615, 6612, 6604, 6611, 6607, 6605, 6616, 6607, 6611, 6616, 6610, 6607,
            6380, 6613, 6283, 6603, 6283, 6613, 6617, 6604, 6609, 6617, 6615, 6604, 6380, 6406, 6618, 6618, 6613, 6380, 6613, 6618, 6619, 6620, 6618, 6406,
            6621, 6612, 6615, 6621, 6622, 6612, 6615, 6617, 6623, 6623, 6621, 6615, 6613, 6619, 6614, 6614, 6616, 6611, 6624, 6625, 6591, 6595, 6624, 6591,
            6477, 6626, 6462, 6481, 6626, 6477, 6625, 6557, 6589, 6614, 6627, 6628, 6628, 6616, 6614, 6629, 6557, 6625, 6628, 6630, 6616, 6629, 6606, 6557,
            6629, 6609, 6606, 6629, 6631, 6609, 6427, 6426, 6462, 6427, 6462, 6632, 6627, 6614, 6619, 6627, 6619, 6633, 6633, 6619, 6618, 6591, 6625, 6589,
            6462, 6626, 6632, 6632, 6626, 6634, 6075, 6629, 6625, 6075, 6631, 6629, 6075, 6625, 6624, 6635, 6636, 6443, 6631, 6617, 6609, 6085, 6617, 6631,
            6610, 6635, 6443, 6637, 6623, 6617, 6571, 6577, 6638, 6638, 6577, 6639, 6075, 6085, 6631, 6640, 6635, 6610, 6610, 6630, 6640, 6630, 6610, 6616,
            6074, 6085, 6075, 6641, 6635, 6640, 6085, 6637, 6617, 6641, 6642, 6635, 6643, 6641, 6640, 6644, 6637, 6085, 6078, 6644, 6085, 6641, 6643, 6645,
            2435, 2438, 2434, 6646, 6577, 6574, 2438, 2435, 6612, 6612, 6622, 2438, 6192, 6469, 6189, 6646, 6639, 6577, 6647, 6469, 6192, 6647, 6569, 6469,
            6646, 6574, 6590, 6590, 6648, 6646, 6569, 6647, 6575, 6649, 6590, 6592, 6648, 6590, 6649, 6650, 6575, 6647, 6651, 6642, 6641, 6639, 6652, 6653,
            6286, 6647, 6192, 6652, 6646, 6648, 6652, 6639, 6646, 6645, 6651, 6641, 6297, 6647, 6286, 6650, 6647, 6297, 6304, 6650, 6297, 6654, 6648, 6655,
            6648, 6654, 6652, 6654, 6656, 6652, 6654, 6655, 6657, 6658, 6575, 6650, 6659, 6660, 6642, 6651, 6659, 6642, 6658, 6661, 6575, 6659, 6452, 6453,
            6661, 6593, 6575, 6662, 6663, 6659, 6594, 6593, 6661, 6662, 6659, 6651, 6651, 6645, 6664, 6665, 6594, 6661, 6594, 6666, 6595, 6665, 6666, 6594,
            6658, 6650, 6667, 6657, 6656, 6654, 6667, 6661, 6658, 6665, 6661, 6667, 6304, 6667, 6650, 6307, 6667, 6304, 6668, 6481, 6570, 6570, 6638, 6668,
            6668, 6638, 6669, 6107, 6106, 6665, 6107, 6665, 6667, 6668, 6626, 6481, 6670, 6668, 6669, 6570, 6571, 6638, 6106, 6666, 6665, 6671, 6667, 6307,
            6643, 6640, 6630, 6643, 6630, 6672, 6313, 6671, 6307, 6630, 6628, 6672, 6669, 6673, 6670, 6667, 6671, 6107, 6674, 6669, 6638, 6674, 6638, 6639,
            6107, 6671, 6675, 6643, 6676, 6645, 6673, 6669, 6674, 6677, 6624, 6595, 6653, 6673, 6674, 6595, 6666, 6677, 6119, 6677, 6666, 6670, 6626, 6668,
            6073, 6624, 6677, 6678, 6672, 6628, 6073, 6075, 6624, 6674, 6639, 6653, 6679, 6073, 6677, 6108, 6119, 6106, 6653, 6652, 6656, 6119, 6666, 6106,
            6677, 6119, 6679, 6680, 6645, 6676, 6645, 6680, 6664, 6123, 6073, 6679, 6073, 6123, 6079, 6119, 6123, 6679, 6119, 6120, 6123, 6681, 6408, 6413,
            6682, 6241, 6408, 6079, 6096, 6077, 6096, 6123, 6124, 6123, 6096, 6079, 6148, 6080, 6082, 1903, 2540, 1009, 6683, 6505, 6509, 1009, 4901, 1903,
            6509, 6684, 6683, 6196, 6198, 6275, 6081, 6080, 6154, 6509, 6496, 6495, 6203, 6275, 6198, 6685, 1903, 4901, 6086, 6081, 6154, 6496, 6509, 6497,
            1903, 6685, 6069, 4903, 6685, 4901, 6686, 6086, 6154, 4885, 6498, 4886, 6191, 6322, 6200, 6091, 6086, 6686, 6505, 6683, 6498, 6685, 4903, 6084,
            6069, 6685, 6084, 6687, 6688, 6167, 6687, 6209, 6688, 6209, 6180, 6688, 6209, 6182, 6180, 6070, 2543, 1904, 6093, 2543, 6070, 6164, 6687, 6167,
            2543, 1936, 1918, 6687, 6164, 6170, 2543, 6140, 1936, 6093, 6140, 2543, 6514, 6492, 6491, 6093, 6070, 6069, 6214, 6209, 6687, 6170, 6214, 6687,
            6083, 6125, 6093, 6213, 6209, 6214, 6528, 6273, 6518, 6155, 6140, 6093, 6213, 6194, 6209, 6210, 6194, 6213, 6125, 6155, 6093, 6520, 6512, 6514,
            6340, 6191, 6210, 6519, 6514, 6495, 6340, 6210, 6689, 6103, 6084, 4906, 4906, 6084, 4903, 6519, 6520, 6514, 6103, 4906, 4912, 6512, 6520, 6518,
            6213, 6689, 6210, 6113, 6103, 4912, 4912, 4913, 6113, 6689, 6344, 6340, 6215, 6344, 6689, 6215, 6689, 6213, 6269, 6113, 4913, 6269, 6117, 6113,
            6273, 6528, 6274, 6690, 6244, 6091, 6218, 6217, 6471, 6223, 6691, 6216, 6471, 6217, 6482, 6128, 6125, 6102, 6529, 6692, 6528, 6534, 6692, 6529,
            6217, 6693, 6482, 6694, 6693, 6217, 6220, 6155, 6125, 6128, 6220, 6125, 6695, 6220, 6128, 6696, 6693, 6694, 6693, 6697, 6482, 6693, 6698, 6697,
            6699, 6698, 6693, 6528, 6518, 6526, 6276, 6128, 6122, 6224, 6220, 6695, 6216, 6694, 6217, 6128, 6276, 6695, 6216, 6691, 6694, 6534, 6529, 6532,
            6700, 6696, 6694, 6700, 6694, 6691, 6701, 6224, 6695, 6275, 6207, 6196, 6696, 6699, 6693, 6233, 6699, 6696, 6233, 6230, 6699, 6230, 6141, 6699,
            6278, 6255, 6275, 6203, 6278, 6275, 6700, 6233, 6696, 6702, 6233, 6700, 6278, 6203, 6204, 6238, 6703, 6223, 6223, 6704, 6705, 6160, 6168, 6193,
            4392, 4091, 4880, 6183, 6199, 6193, 4091, 6703, 6238, 6703, 6704, 6223, 6206, 2110, 2099, 6704, 6706, 6705, 6278, 6204, 6301, 6707, 6704, 6703,
            6706, 6704, 6707, 6199, 6183, 6187, 6564, 6533, 6522, 6705, 6700, 6691, 6320, 6313, 6298, 6223, 6705, 6691, 6320, 6298, 6301, 6211, 6264, 6206,
            6700, 6705, 6708, 6706, 6708, 6705, 6708, 6702, 6700, 6708, 6248, 6702, 6248, 6246, 6702, 6246, 6233, 6702, 6709, 6313, 6320, 6227, 6224, 6701,
            6710, 6227, 6701, 6711, 6313, 6709, 6710, 6242, 6227, 6706, 6712, 6708, 6712, 6248, 6708, 6712, 6493, 6248, 2158, 2549, 2154, 6247, 6248, 6493,
            6493, 6492, 6247, 4940, 6596, 4525, 6335, 6343, 2549, 6259, 6249, 6236, 4913, 4631, 6269, 6343, 2548, 2549, 6492, 6266, 6247, 6090, 6596, 6713,
            6269, 4631, 6270, 6714, 6713, 6596, 6094, 6599, 6071, 6343, 6335, 6359, 6274, 6260, 6262, 6274, 6715, 6260, 6715, 6274, 6692, 6528, 6692, 6274,
            6695, 6276, 6701, 6290, 6701, 6276, 6713, 6088, 6090, 6169, 6716, 6170, 6101, 6088, 6713, 6701, 6290, 6291, 6249, 6716, 6169, 6701, 6291, 6710,
            6101, 6100, 6088, 6716, 6214, 6170, 6212, 6214, 6716, 6088, 6150, 6092, 6716, 6249, 6281, 6281, 6212, 6716, 6259, 6281, 6249, 6292, 6309, 6303,
            4948, 4545, 6599, 4297, 4631, 4295, 4940, 6714, 6596, 4948, 6714, 4940, 4296, 6315, 4297, 4948, 6599, 6714, 6377, 6215, 6289, 6300, 6282, 6260,
            6315, 4296, 4702, 6101, 6599, 6094, 6101, 6713, 6714, 6260, 6715, 6300, 6714, 6599, 6101, 6715, 6306, 6300, 6312, 6306, 6692, 6692, 6306, 6715,
            6717, 6312, 6692, 6309, 6348, 6385, 6348, 6363, 6385, 6692, 6534, 6717, 6319, 6321, 6204, 6318, 6321, 6319, 6365, 6718, 6363, 6301, 6204, 6321,
            6321, 6318, 6320, 6171, 6118, 6159, 6076, 6171, 6094, 6325, 6709, 6320, 6320, 6318, 6325, 6303, 6710, 6291, 6200, 6322, 6319, 6384, 6710, 6303,
            6319, 6204, 6200, 6178, 6171, 6159, 6384, 6242, 6710, 6250, 6242, 6384, 6384, 6371, 6250, 6374, 6252, 6371, 6328, 6709, 6325, 6328, 6711, 6709,
            6384, 6303, 6385, 6719, 6129, 6711, 6719, 6711, 6328, 6719, 6328, 6334, 6088, 6100, 6150, 6332, 6326, 6317, 6197, 6150, 6100, 6385, 6303, 6309,
            6385, 6363, 6720, 6179, 6197, 6100, 6720, 6383, 6385, 6720, 6391, 6383, 6178, 6179, 6100, 6721, 6720, 6718, 6391, 6720, 6721, 6344, 6215, 6377,
            6378, 6344, 6377, 6197, 6179, 6205, 6718, 6720, 6363, 6378, 6345, 6344, 6378, 6722, 6345, 6722, 6346, 6345, 6340, 6322, 6191, 6721, 6718, 6365,
            6723, 6721, 6365, 6340, 6344, 6341, 6341, 6317, 6322, 6205, 6179, 6724, 6332, 6317, 6341, 6235, 6724, 6179, 6395, 4702, 4780, 6346, 6332, 6341,
            6401, 6395, 4780, 6349, 6332, 6346, 6330, 6323, 4702, 6575, 6567, 6565, 6722, 6349, 6346, 6682, 6243, 6241, 6401, 4780, 4782, 6228, 6725, 6232,
            6725, 6228, 6205, 6232, 6726, 6417, 6416, 6417, 6726, 6353, 6349, 6722, 6726, 6232, 6725, 6725, 6727, 6726, 6353, 6722, 6728, 6353, 6350, 6349,
            6723, 6365, 6420, 6179, 6159, 6235, 6423, 6723, 6420, 6423, 6729, 6723, 6358, 6129, 6719, 6719, 6334, 6358, 6730, 6423, 6438, 6730, 6729, 6423,
            6337, 6358, 6334, 6235, 6225, 6731, 6731, 6225, 6243, 6358, 6337, 6356, 6243, 6727, 6731, 6403, 6401, 4782, 6724, 6725, 6205, 4795, 6403, 4782,
            6731, 6725, 6724, 6362, 6356, 6337, 6731, 6724, 6235, 6725, 6731, 6727, 6362, 6370, 6356, 6370, 6464, 6356, 6243, 6682, 6727, 6446, 6403, 4795,
            6446, 4795, 6732, 6369, 6733, 6370, 4795, 4798, 6732, 6425, 6733, 6369, 6733, 6464, 6370, 6732, 6456, 6446, 6734, 6456, 6732, 6735, 6476, 6733,
            6425, 6735, 6733, 6736, 6735, 6425, 6735, 6479, 6476, 6470, 6461, 6457, 6461, 6730, 6438, 6723, 6146, 6721, 6729, 6146, 6723, 6737, 6717, 6534,
            6738, 6732, 4798, 6738, 6478, 6732, 4379, 6738, 4798, 6285, 6284, 6737, 6732, 6478, 6734, 6737, 6534, 6285, 6379, 6722, 6378, 6456, 6734, 6471,
            6218, 6734, 6478, 6734, 6218, 6471, 4381, 6738, 4379, 4381, 6478, 6738, 6382, 6728, 6722, 6722, 6379, 6382, 6739, 6728, 6382, 6392, 6739, 6382,
            6392, 6419, 6739, 6739, 6740, 6741, 6485, 1944, 2110, 6419, 6740, 6739, 6739, 6741, 6728, 6485, 2110, 6206, 6353, 6728, 6741, 6354, 6353, 6741,
            6206, 6501, 6485, 6501, 6206, 6500, 6515, 6335, 6333, 6547, 6335, 6515, 6397, 6311, 6312, 6717, 6397, 6312, 6547, 6359, 6335, 6397, 6717, 6404,
            6419, 6392, 6390, 6419, 6390, 6415, 6742, 6743, 6740, 6742, 6740, 6419, 6547, 6516, 6548, 6418, 6742, 6419, 6554, 6548, 6516, 6742, 6418, 6444,
            6552, 6544, 6537, 6407, 6605, 6415, 6554, 6516, 6544, 6418, 6415, 6445, 6415, 6608, 6445, 6418, 6445, 6444, 6107, 6675, 6105, 6127, 6105, 6675,
            6744, 6366, 6741, 6741, 6366, 6354, 6313, 6675, 6671, 6711, 6675, 6313, 6744, 6741, 6740, 6744, 6424, 6366, 6744, 6740, 6743, 6711, 6129, 6675,
            6743, 6429, 6744, 6429, 6424, 6744, 6425, 6433, 6736, 6433, 6425, 6424, 6437, 6736, 6433, 6735, 6736, 6745, 6440, 6745, 6736, 6736, 6437, 6440,
            6440, 6746, 6745, 6598, 6391, 6721, 6439, 6746, 6440, 6747, 6746, 6439, 6145, 6597, 6598, 6444, 6743, 6742, 6146, 6598, 6721, 6444, 6748, 6743,
            6145, 6598, 6146, 6636, 6748, 6444, 6145, 6082, 6597, 6444, 6443, 6636, 6082, 6145, 6148, 6429, 6743, 6431, 6431, 6743, 6748, 6748, 6448, 6431,
            6453, 6748, 6636, 6108, 6116, 6120, 6116, 6124, 6120, 6442, 6747, 6439, 6129, 6127, 6675, 6453, 6448, 6748, 6448, 6453, 6449, 6717, 6737, 6404,
            6116, 6126, 6135, 6452, 6442, 6449, 6455, 6442, 6452, 6737, 6412, 6404, 6284, 6412, 6737, 6358, 6460, 6129, 6135, 6124, 6116, 6463, 6126, 6460,
            6464, 6463, 6357, 6749, 6095, 6136, 6134, 6126, 6750, 6415, 6605, 6608, 6463, 6750, 6126, 6466, 6749, 6136, 6751, 6095, 6749, 6752, 6465, 6750,
            6472, 6465, 6752, 6467, 6134, 6750, 6750, 6465, 6467, 6136, 6124, 6135, 6464, 6752, 6463, 6750, 6463, 6752, 6467, 6136, 6135, 6134, 6467, 6135,
            6473, 6752, 6464, 6752, 6473, 6472, 6466, 6136, 6467, 6466, 6753, 6749, 6733, 6473, 6464, 6473, 6733, 6476, 6745, 6479, 6735, 6486, 4091, 6483,
            4091, 6486, 6703, 6703, 6486, 6707, 6754, 6627, 6633, 6486, 6755, 6707, 6756, 6427, 6632, 6730, 6757, 6758, 6756, 6632, 6634, 6461, 6759, 6730,
            6757, 6730, 6759, 6754, 6628, 6627, 6628, 6754, 6678, 6760, 6758, 6757, 6761, 6707, 6755, 6489, 6755, 6486, 6684, 6761, 6755, 6759, 6461, 6470,
            6684, 6755, 6489, 6482, 6759, 6470, 6684, 6489, 6683, 6495, 6684, 6509, 6642, 6636, 6635, 6660, 6636, 6642, 6712, 6706, 6707, 6761, 6712, 6707,
            6761, 6493, 6712, 6697, 6757, 6759, 6491, 6493, 6761, 6697, 6759, 6482, 6697, 6698, 6757, 6684, 6495, 6761, 6495, 6491, 6761, 6514, 6491, 6495,
            4886, 4873, 4872, 6683, 6489, 4886, 6498, 6683, 4886, 6698, 6141, 6143, 6699, 6141, 6698, 6729, 6144, 6146, 6660, 6453, 6636, 6659, 6453, 6660,
            6144, 6152, 6147, 6452, 6659, 6663, 6730, 6151, 6729, 6151, 6144, 6729, 6758, 6151, 6730, 6664, 6662, 6651, 6662, 6664, 6762, 6151, 6758, 6760,
            6080, 6147, 6152, 6154, 6152, 6763, 6764, 6673, 6653, 6643, 6765, 6676, 6670, 6634, 6626, 6634, 6670, 6766, 6763, 6686, 6154, 6766, 6670, 6673,
            6672, 6678, 6643, 6767, 6763, 6152, 6765, 6643, 6678, 6151, 6760, 6767, 6767, 6152, 6151, 6678, 6754, 6768, 6678, 6768, 6765, 6769, 6763, 6767,
            6770, 6676, 6765, 6769, 6686, 6763, 6686, 6769, 6771, 6766, 6673, 6772, 6772, 6673, 6764, 6688, 6771, 6769, 6766, 6772, 6765, 6772, 6770, 6765,
            6757, 6698, 6760, 6143, 6767, 6760, 6764, 6653, 6773, 6653, 6656, 6773, 6143, 6760, 6698, 6162, 6767, 6143, 6774, 6773, 6656, 6167, 6769, 6767,
            6162, 6167, 6767, 6688, 6769, 6167, 6772, 6764, 6773, 6772, 6773, 6770, 6775, 6773, 6774, 6771, 6091, 6686, 6773, 6775, 6770, 6690, 6091, 6771,
            6177, 6690, 6771, 6177, 6244, 6690, 6774, 6656, 6657, 6180, 6177, 6771, 6776, 6762, 6664, 6688, 6180, 6771, 6776, 6664, 6680, 6770, 6680, 6676,
            6770, 6775, 6680, 6210, 6191, 6184, 6777, 6775, 6774, 6775, 6777, 6776, 6680, 6775, 6776, 6196, 6244, 6177, 6682, 6408, 6681, 6726, 6727, 6416,
            6778, 6416, 6727, 6434, 6681, 6413, 6681, 6779, 6778, 6681, 6434, 6779, 6778, 6682, 6681, 6682, 6778, 6727, 6780, 6434, 6427, 6779, 6434, 6780,
            6620, 6406, 6416, 6620, 6416, 6778, 6778, 6779, 6620, 6633, 6618, 6620, 6779, 6633, 6620, 6781, 6633, 6779, 6756, 6780, 6427, 6780, 6756, 6781,
            6754, 6633, 6781, 6779, 6780, 6781, 6756, 6754, 6781, 6756, 6768, 6754, 6756, 6634, 6768, 6634, 6766, 6768, 6768, 6766, 6765, 6782, 6783, 6784,
            6785, 6782, 6784, 6621, 6786, 6622, 6787, 6788, 6789, 6790, 6791, 6792, 6621, 6793, 6786, 6794, 6790, 6792, 6795, 6796, 6797, 6796, 6798, 6797,
            6621, 6623, 6799, 6800, 6801, 6802, 6621, 6799, 6803, 6803, 6793, 6621, 6804, 6805, 6806, 6788, 6807, 6789, 6794, 6792, 6804, 6794, 6804, 6806,
            6782, 6808, 6801, 6809, 6803, 6799, 6802, 6801, 6808, 6810, 6802, 6808, 6811, 6812, 6798, 6798, 6796, 6811, 6787, 6789, 6813, 6809, 6814, 6803,
            6813, 6789, 6815, 6816, 6817, 6818, 6803, 6814, 6793, 6819, 6816, 6818, 6637, 6799, 6623, 6820, 6819, 6818, 6637, 6809, 6799, 6821, 6787, 6813,
            6820, 6818, 6822, 6785, 6823, 6782, 6823, 6808, 6782, 6809, 6637, 6644, 6809, 6644, 6824, 6822, 6825, 6826, 6825, 6822, 6818, 6827, 6814, 6809,
            6828, 6784, 5680, 6829, 6822, 6826, 6830, 6831, 6832, 6824, 6827, 6809, 6822, 6833, 6820, 6833, 6834, 6820, 6827, 6835, 6814, 6784, 6828, 6785,
            6835, 6836, 6814, 6833, 6822, 6829, 6836, 6835, 6837, 6838, 6833, 6829, 6839, 6840, 6841, 6842, 6843, 6844, 6841, 6845, 6839, 6846, 6839, 6845,
            6847, 5692, 6848, 6849, 6850, 6845, 6847, 6848, 6851, 2438, 6852, 2439, 6853, 6842, 6844, 5692, 6828, 5680, 5692, 6847, 6828, 6846, 6845, 6850,
            6852, 2866, 2439, 6854, 6828, 6847, 6850, 6855, 6846, 6856, 6857, 6858, 2438, 6622, 6852, 6786, 6852, 6622, 6842, 6856, 6859, 6826, 6840, 6839,
            6840, 6826, 6825, 6785, 6828, 6854, 6860, 6857, 6856, 6861, 2868, 2866, 6846, 6826, 6839, 6842, 6860, 6856, 6862, 6860, 6842, 6785, 6854, 6863,
            6829, 6826, 6864, 6861, 2866, 6852, 6846, 6864, 6826, 6865, 6861, 6852, 6866, 6854, 6847, 6786, 6865, 6852, 6866, 6863, 6854, 6867, 6829, 6864,
            6864, 6846, 6868, 6847, 6869, 6866, 6855, 6868, 6846, 6865, 6786, 6793, 6868, 6867, 6864, 6862, 6870, 6860, 6868, 6871, 6867, 6870, 6862, 6872,
            6871, 6868, 6873, 6874, 6875, 6876, 6860, 6870, 6877, 6878, 6875, 6874, 6879, 6877, 6870, 6880, 6878, 6874, 6861, 2878, 2868, 2885, 2878, 6861,
            6881, 6802, 6810, 6875, 6882, 6883, 6884, 6881, 6810, 6885, 2885, 6861, 6853, 6862, 6842, 2875, 2885, 6886, 6880, 6887, 6878, 6886, 2934, 2875,
            6886, 2885, 6885, 6853, 6844, 6888, 6889, 6887, 6880, 6884, 6810, 6890, 6891, 6808, 6823, 6872, 6862, 6853, 6887, 6892, 6882, 6872, 6853, 6888,
            6893, 6885, 6861, 6865, 6793, 6894, 6895, 6896, 6897, 6898, 6844, 6899, 6865, 6894, 6861, 6891, 6810, 6808, 6838, 6829, 6867, 6894, 6893, 6861,
            6891, 6890, 6810, 6843, 6899, 6844, 6885, 6893, 6900, 6838, 6867, 6901, 6902, 6871, 6873, 6903, 6904, 6891, 6890, 6891, 6904, 6871, 6902, 6867,
            6894, 6793, 6814, 6905, 6890, 6904, 6894, 6836, 6893, 6836, 6894, 6814, 6901, 6867, 6902, 6902, 6906, 6901, 6907, 6908, 6813, 6909, 6898, 6910,
            6836, 6911, 6893, 6912, 6906, 6902, 6911, 6900, 6893, 6913, 6906, 6912, 6836, 6914, 6911, 6915, 6888, 6844, 6915, 6844, 6898, 6915, 6898, 6909,
            6820, 6834, 6819, 6891, 6823, 6863, 6863, 6823, 6785, 6916, 6917, 6918, 6919, 6916, 6918, 6837, 6914, 6836, 6920, 6834, 6833, 6834, 6920, 6921,
            6903, 6891, 6863, 6920, 6833, 6922, 6923, 6914, 6837, 6903, 6863, 6924, 6922, 6925, 6920, 6805, 6920, 6925, 6921, 6920, 6805, 2934, 6886, 6926,
            6866, 6927, 6863, 6908, 6907, 6910, 6924, 6863, 6927, 6928, 6924, 6927, 6838, 6922, 6833, 2945, 2934, 6926, 6929, 6903, 6924, 6910, 6907, 6919,
            6919, 6907, 6916, 6930, 6925, 6922, 6930, 6922, 6838, 6931, 6932, 6926, 6910, 6919, 6909, 6900, 6886, 6885, 6933, 6934, 6889, 6935, 6886, 6900,
            6887, 6889, 6934, 6935, 6926, 6886, 6925, 6936, 6805, 6929, 6904, 6903, 6933, 6889, 6812, 6935, 6931, 6926, 6937, 6934, 6933, 6924, 6928, 6858,
            6938, 6931, 6935, 6929, 6924, 6858, 6929, 6858, 6857, 6888, 6915, 6939, 6925, 6940, 6936, 6930, 6940, 6925, 6941, 6932, 6931, 6930, 6942, 6940,
            6909, 6919, 6943, 6905, 6904, 6944, 6806, 6805, 6936, 6944, 6904, 6945, 6943, 6918, 6946, 6926, 6932, 2945, 6940, 6947, 6948, 6857, 6945, 6929,
            6919, 6918, 6943, 6949, 2947, 2945, 6945, 6904, 6929, 6950, 6947, 6940, 6949, 2960, 2947, 6930, 6838, 6901, 6932, 6949, 2945, 6943, 6915, 6909,
            6942, 6930, 6901, 6951, 6945, 6952, 6879, 6870, 6953, 6954, 6901, 6906, 6949, 2971, 2960, 6954, 6942, 6901, 6953, 6870, 6872, 6952, 6945, 6857,
            6913, 6954, 6906, 2971, 6949, 6955, 6954, 6956, 6950, 6956, 6954, 6913, 6941, 6949, 6932, 6947, 6950, 6957, 6860, 6952, 6857, 6877, 6952, 6860,
            6941, 6955, 6949, 6887, 6934, 6892, 6958, 6955, 6941, 6959, 6872, 6888, 6900, 6911, 6938, 6960, 6951, 6952, 6961, 6895, 6962, 6960, 6952, 6877,
            6872, 6963, 6953, 6963, 6872, 6959, 6938, 6911, 6964, 6965, 6882, 6892, 6966, 6967, 6968, 6938, 6935, 6900, 6965, 6969, 6882, 6969, 6961, 6882,
            6960, 6877, 6879, 6938, 6970, 6931, 6971, 6970, 6938, 6895, 6961, 6972, 6964, 6914, 6923, 6914, 6964, 6911, 6969, 6972, 6961, 5212, 5746, 6973,
            6974, 6972, 6969, 6975, 6892, 6934, 6923, 6976, 6964, 6964, 6971, 6938, 6977, 5212, 6973, 6978, 6965, 6892, 6976, 6971, 6964, 6959, 6888, 6939,
            6978, 6892, 6975, 6979, 6980, 6977, 6969, 6965, 6978, 6974, 6969, 6978, 1623, 1622, 2786, 6981, 6941, 6931, 6973, 5746, 6982, 6983, 6939, 6984,
            6970, 6981, 6931, 6939, 6983, 6966, 5161, 1623, 2786, 5750, 5601, 6985, 5773, 5750, 6985, 6982, 5751, 6986, 6986, 5751, 6985, 6985, 5751, 5752,
            6982, 5746, 5751, 6987, 6982, 6986, 6988, 5161, 2786, 6981, 6970, 6989, 6970, 6990, 6989, 2786, 2774, 6991, 6992, 6973, 6993, 6943, 6946, 6984,
            6991, 2774, 2791, 6988, 2786, 6991, 6980, 6979, 6994, 6995, 6971, 6976, 6939, 6915, 6943, 6996, 6988, 6991, 6939, 6943, 6984, 6990, 6970, 6971,
            6979, 6977, 6973, 6992, 6979, 6973, 6997, 5161, 6988, 6997, 5164, 5161, 5176, 5164, 6997, 6979, 6992, 6998, 6983, 6984, 6999, 7000, 6981, 6989,
            6997, 6988, 7001, 7001, 6988, 6996, 6989, 7002, 7000, 6966, 6983, 6967, 6981, 6958, 6941, 7003, 6992, 6993, 7003, 6993, 7004, 6078, 6824, 6644,
            7003, 6998, 6992, 7005, 2791, 2817, 2817, 7006, 7005, 6991, 2791, 7005, 7007, 6824, 6078, 7007, 6078, 6099, 5768, 7008, 5767, 6996, 6991, 7005,
            7009, 6824, 7007, 5772, 5768, 5766, 6946, 7010, 6984, 7011, 5768, 5772, 6999, 6984, 7010, 7012, 2817, 7013, 7012, 7006, 2817, 7009, 6835, 6827,
            7009, 6827, 6824, 7014, 7006, 7012, 6979, 7015, 6994, 7016, 7015, 6979, 7010, 7017, 6999, 7005, 7006, 6996, 6998, 7016, 6979, 6985, 5601, 6986,
            7018, 7019, 7020, 7007, 6099, 7021, 7022, 7007, 7021, 7023, 7019, 7018, 7001, 6996, 7024, 7024, 6996, 7006, 7025, 6987, 6986, 6099, 6095, 7021,
            7024, 7006, 7014, 7025, 6986, 7026, 7022, 7009, 7007, 7025, 7026, 7027, 7028, 6986, 7029, 5772, 5773, 7027, 7022, 7021, 7030, 7012, 7031, 7014,
            7026, 6986, 7028, 7026, 7032, 7027, 7033, 6837, 6835, 7032, 7026, 7034, 7034, 7026, 7028, 7035, 7036, 7037, 6997, 5183, 5176, 7037, 7036, 7038,
            5183, 6997, 7039, 7039, 6997, 7001, 7029, 6800, 7028, 7037, 7038, 7040, 7041, 7028, 6800, 7009, 7033, 6835, 7034, 7028, 7041, 7042, 7033, 7009,
            7043, 7034, 7041, 7043, 7041, 7044, 7045, 7035, 7037, 7033, 6923, 6837, 7033, 7046, 6923, 7032, 7043, 7047, 7032, 7034, 7043, 7048, 7041, 6800,
            6468, 6753, 6466, 7049, 5183, 7039, 7050, 6468, 7051, 7052, 7053, 7019, 7054, 7039, 7055, 7050, 7021, 6751, 7056, 7030, 7021, 7049, 7039, 7054,
            7056, 7021, 7050, 5772, 7027, 7011, 7019, 7057, 7052, 7058, 7052, 7059, 7059, 7052, 7060, 7061, 7042, 7030, 7060, 7052, 7057, 7001, 7024, 7039,
            7062, 7039, 7024, 7063, 7011, 7027, 7061, 7064, 7042, 7065, 7004, 7011, 7066, 7067, 7068, 7031, 7062, 7014, 7014, 7062, 7024, 7069, 7070, 7046,
            7057, 7019, 7023, 7063, 7065, 7011, 7071, 7057, 7023, 7072, 7069, 7046, 7055, 7039, 7062, 7073, 7074, 7069, 7055, 7062, 7075, 7076, 7068, 7067,
            7077, 7065, 7063, 7031, 7078, 7062, 7075, 7062, 7078, 7079, 7078, 7031, 7073, 7080, 7081, 7063, 7082, 7077, 7083, 7067, 7066, 7084, 7085, 7040,
            7086, 7085, 7084, 7087, 6998, 7003, 7067, 7088, 7076, 7085, 7037, 7040, 7083, 7088, 7067, 7089, 7087, 7003, 7090, 7085, 7086, 7091, 7092, 2903,
            2913, 7091, 2903, 7089, 7093, 7087, 7094, 7095, 7096, 7097, 7094, 7096, 7098, 7016, 6998, 7094, 7099, 7095, 7094, 7100, 7099, 2913, 2938, 2946,
            7098, 6998, 7087, 7091, 2913, 2946, 7101, 7091, 2946, 7070, 6976, 6923, 7102, 7037, 7085, 7103, 6976, 7070, 7087, 7104, 7098, 7105, 7057, 7071,
            7074, 7103, 7070, 7090, 7102, 7085, 7098, 7106, 7016, 7069, 7074, 7070, 7107, 7103, 7074, 7092, 7091, 7101, 7108, 7098, 7104, 7107, 7074, 7073,
            7109, 7092, 7101, 6995, 6976, 7103, 7093, 7110, 7104, 7111, 7018, 7112, 7113, 7109, 7101, 6995, 7103, 7114, 7115, 7018, 7111, 7108, 7106, 7098,
            7114, 7103, 7107, 7018, 7115, 7023, 6995, 7114, 7002, 7101, 2946, 7116, 7117, 7113, 7101, 7110, 7108, 7104, 7117, 7101, 7116, 7000, 7002, 7118,
            7119, 7092, 7109, 7104, 7087, 7093, 7120, 7118, 7002, 7121, 7093, 7089, 7112, 7122, 7123, 7124, 7114, 7107, 7107, 7073, 7081, 7111, 7123, 7115,
            7125, 7093, 7121, 7080, 7126, 7081, 7109, 7113, 7117, 7127, 7109, 7117, 7044, 7041, 7048, 7116, 7128, 7117, 7126, 7095, 7099, 7044, 7048, 7129,
            7048, 7130, 7129, 7131, 7129, 7130, 7131, 7130, 7132, 7133, 7109, 7127, 2971, 6955, 3106, 7127, 7134, 7133, 7135, 3106, 6955, 7115, 7123, 7136,
            7129, 7137, 7044, 7127, 7117, 7138, 7138, 7117, 7128, 7135, 3109, 3106, 7139, 7129, 7131, 7048, 6800, 7140, 7138, 7134, 7127, 7141, 7048, 7140,
            7013, 2817, 2804, 7142, 3109, 7135, 3109, 7142, 3111, 7130, 7141, 7140, 7141, 7143, 7048, 7136, 7123, 7122, 7048, 7137, 7130, 7137, 7048, 7143,
            7013, 2804, 2903, 7144, 7136, 7122, 6881, 7140, 6800, 7013, 2903, 7145, 7130, 7140, 7132, 7071, 7023, 7115, 7146, 7135, 6955, 7146, 7142, 7135,
            7145, 2903, 7092, 6881, 7132, 7140, 7147, 7071, 7115, 6884, 7132, 6881, 7148, 7132, 6884, 7146, 6955, 6958, 7149, 7031, 7012, 7105, 7071, 7147,
            7150, 7141, 7139, 7013, 7149, 7012, 7013, 7145, 7149, 7151, 7152, 7146, 7089, 7153, 7121, 7147, 7115, 7154, 7136, 7154, 7115, 7119, 7149, 7145,
            7145, 7092, 7119, 7131, 7132, 7155, 7156, 7157, 7152, 7151, 7156, 7152, 7121, 7153, 7158, 7159, 7000, 7118, 7158, 7153, 7160, 7079, 7031, 7149,
            6815, 6907, 6813, 7079, 7149, 7161, 6917, 6815, 7035, 7161, 7149, 7119, 7159, 6958, 6981, 6916, 6815, 6917, 7161, 7119, 7162, 7163, 7164, 7165,
            7155, 7139, 7131, 7132, 7148, 7155, 7155, 7148, 7166, 7167, 7151, 7159, 7167, 7168, 7151, 6907, 6815, 6916, 7169, 7166, 7148, 7169, 7148, 7164,
            7169, 7164, 7170, 7163, 7170, 7164, 7079, 7171, 7172, 7173, 7167, 7174, 7065, 7077, 7175, 7172, 7078, 7079, 7176, 7175, 7077, 7174, 7177, 7173,
            7079, 7161, 7162, 7156, 7151, 7168, 7162, 7119, 7133, 7156, 7168, 7178, 6917, 7035, 7045, 7045, 7179, 6917, 7171, 7079, 7162, 7178, 7168, 7180,
            7181, 7162, 7133, 7181, 7171, 7162, 7180, 7168, 7167, 7167, 7173, 7180, 7133, 7119, 7109, 7150, 7082, 7141, 7182, 6918, 6917, 7182, 6917, 7179,
            7183, 7082, 7150, 7184, 7180, 7173, 5189, 5188, 7185, 7077, 7082, 7176, 7045, 7037, 7102, 7184, 7186, 7180, 7183, 7176, 7082, 7187, 7075, 7078,
            7187, 7078, 7172, 7045, 7188, 7179, 3166, 3167, 7189, 7190, 3170, 3195, 7125, 7121, 7158, 7191, 7187, 7192, 7193, 3160, 3170, 7190, 7193, 3170,
            7102, 7188, 7045, 7183, 7150, 7194, 7192, 7187, 7195, 3195, 7196, 7190, 7086, 7084, 6831, 3167, 3160, 7193, 7197, 7191, 7198, 7183, 7199, 7176,
            7200, 7198, 7201, 7199, 7183, 7194, 7191, 7192, 7198, 7199, 7202, 7176, 7203, 7189, 7204, 5607, 5600, 7205, 7206, 7190, 7196, 7204, 7190, 7206,
            7199, 7194, 7207, 7102, 7208, 7209, 7210, 7211, 7201, 7212, 7204, 7206, 7205, 7211, 7210, 7204, 3167, 7193, 7193, 7190, 7204, 7182, 6946, 6918,
            7204, 7189, 3167, 6884, 7213, 7148, 7164, 7148, 7213, 7182, 7179, 7214, 7213, 6884, 6890, 7215, 7205, 7210, 7182, 7214, 7216, 7217, 3194, 7218,
            7217, 7219, 3194, 6905, 7164, 7213, 7213, 6890, 6905, 7215, 7210, 7220, 7214, 7179, 7188, 7219, 3195, 3193, 6905, 7221, 7164, 7196, 3195, 7219,
            7220, 7222, 7215, 3194, 7219, 3193, 7223, 7192, 7195, 7196, 7219, 7224, 7225, 7226, 7194, 7201, 7227, 7210, 7228, 7224, 7217, 7192, 7229, 7201,
            7224, 7219, 7217, 7182, 7010, 6946, 7223, 7230, 7192, 7229, 7192, 7230, 7010, 7182, 7216, 7231, 7196, 7224, 7232, 7233, 7110, 7229, 7227, 7201,
            7233, 7108, 7110, 7227, 7229, 7234, 7144, 7235, 7136, 7196, 7231, 7206, 7236, 7214, 7188, 7237, 7238, 7239, 7240, 7238, 7237, 7227, 7220, 7210,
            7214, 7236, 7216, 7220, 7227, 7234, 7232, 7093, 7125, 7241, 7242, 7203, 7234, 7243, 7220, 7212, 7206, 7231, 7232, 7110, 7093, 7231, 7239, 7212,
            7234, 7229, 7230, 7244, 7216, 7236, 7241, 7212, 7239, 7232, 7125, 7245, 7241, 7204, 7212, 7246, 7233, 7232, 7058, 7234, 7230, 7241, 7203, 7204,
            7243, 7234, 7058, 7247, 7133, 7134, 7248, 7242, 7241, 7246, 7232, 7245, 7249, 7134, 7138, 7236, 7250, 7244, 7251, 7242, 7248, 7248, 7252, 7251,
            7252, 7248, 7253, 7102, 7254, 7188, 7246, 7245, 7255, 7254, 7102, 7209, 7241, 7256, 7253, 7134, 7249, 7257, 7258, 7257, 7249, 7256, 7239, 7238,
            7256, 7241, 7239, 7259, 7246, 7255, 7260, 7172, 7171, 7261, 7158, 7160, 7248, 7241, 7253, 7262, 7170, 7163, 7260, 7171, 7181, 7236, 7188, 7254,
            7260, 7181, 7263, 7261, 7262, 7163, 7224, 7228, 7264, 7209, 7265, 7254, 7266, 7163, 7165, 7267, 7260, 7263, 7268, 7170, 7262, 7261, 7163, 7268,
            7264, 7231, 7224, 7268, 7163, 7266, 7237, 7231, 7264, 7269, 7261, 7270, 7154, 7136, 7235, 7237, 7239, 7231, 7240, 7237, 7264, 7158, 7245, 7125,
            7250, 7236, 7254, 7245, 7158, 7271, 7181, 7133, 7247, 7265, 7272, 7250, 7273, 7118, 7120, 7158, 7261, 7271, 7265, 7274, 7272, 7273, 7275, 7118,
            7263, 7181, 7247, 7177, 7174, 7275, 7269, 7271, 7261, 7199, 7276, 7202, 7277, 7276, 7199, 7134, 7257, 7247, 7263, 7247, 7278, 7272, 7279, 7250,
            7280, 7277, 7207, 7207, 7277, 7199, 7281, 7263, 7278, 6953, 7282, 6879, 7247, 7257, 7278, 7255, 7245, 7271, 7283, 6953, 6963, 7282, 6953, 7283,
            7284, 7257, 7258, 7285, 7257, 7284, 7173, 7177, 7286, 7223, 7195, 7287, 7286, 7184, 7173, 7288, 7255, 7271, 7289, 7184, 7286, 7290, 7282, 7291,
            7291, 7282, 7283, 7292, 7293, 7294, 7294, 7295, 7292, 7053, 7287, 7020, 7288, 7296, 7255, 7297, 7298, 7299, 7300, 7297, 7299, 7288, 7271, 7269,
            7281, 7020, 7287, 6963, 6959, 6966, 7301, 7238, 7240, 7230, 7223, 7053, 7269, 7270, 7302, 7223, 7287, 7053, 7303, 7301, 7304, 7053, 7020, 7019,
            7253, 7256, 7305, 7303, 7256, 7238, 7306, 7269, 7302, 7020, 7281, 7307, 7305, 7256, 7303, 7308, 7291, 7283, 7308, 7309, 7291, 7309, 6850, 6849,
            7259, 7255, 7310, 7309, 6849, 7291, 7018, 7020, 7307, 7310, 7255, 7296, 7305, 7252, 7253, 7308, 7311, 7309, 7058, 7230, 7052, 7052, 7230, 7053,
            7312, 7313, 7252, 7312, 7252, 7314, 7314, 7315, 7312, 6963, 6968, 7308, 6968, 6963, 6966, 7310, 7296, 7316, 7317, 7318, 7285, 7319, 7314, 7320,
            7305, 7314, 7252, 7308, 6968, 7311, 7316, 7296, 7321, 7321, 7288, 7322, 7323, 7285, 7324, 7288, 7269, 7306, 7306, 7322, 7288, 7323, 7317, 7285,
            7308, 7283, 6963, 7297, 7300, 7325, 7319, 7315, 7314, 5674, 5607, 7215, 6849, 7290, 7291, 7321, 7296, 7288, 7326, 7315, 7319, 7222, 5674, 7215,
            7327, 2946, 3145, 2946, 2943, 3145, 6966, 6959, 6939, 7326, 7328, 7315, 7316, 7321, 7329, 7116, 2946, 7327, 5942, 5623, 5629, 7326, 7330, 7328,
            7321, 7322, 6817, 7331, 7330, 7326, 3126, 3137, 3145, 7327, 3145, 3137, 6817, 6816, 7321, 7321, 6816, 7329, 7332, 3994, 5078, 3137, 7333, 7327,
            7332, 6373, 3994, 7332, 6556, 6373, 7116, 7327, 7333, 7233, 7334, 7108, 7335, 7336, 5942, 5078, 5070, 5080, 7337, 7116, 7333, 7335, 5941, 5944,
            5078, 5080, 7332, 5080, 7338, 7332, 7339, 7233, 7246, 5080, 7340, 7338, 7233, 7339, 7341, 7128, 7116, 7337, 7335, 7342, 7343, 7344, 6556, 7332,
            7345, 7128, 7337, 7344, 7332, 7338, 7259, 7339, 7246, 7343, 7346, 7347, 7346, 7343, 7342, 7348, 7338, 7340, 6830, 7347, 7346, 7349, 7138, 7128,
            7349, 7128, 7345, 7338, 7348, 7350, 7350, 7344, 7338, 7351, 7352, 7353, 7339, 7354, 7341, 5069, 5090, 5092, 7355, 7356, 7357, 3631, 3166, 7358,
            7359, 7354, 7339, 7360, 7361, 7357, 7203, 7358, 7189, 5092, 7362, 5069, 7359, 7339, 7259, 7357, 7356, 7360, 5092, 5091, 7363, 7364, 7357, 7365,
            7366, 7203, 7367, 7242, 7367, 7203, 7368, 7364, 7365, 7369, 7259, 7370, 7310, 7370, 7259, 7362, 5092, 7371, 7251, 7367, 7242, 5092, 7363, 7371,
            7372, 7371, 7363, 7364, 7355, 7357, 7363, 7373, 7372, 7251, 7374, 7367, 7375, 7356, 7355, 7249, 7138, 7349, 5080, 5069, 7340, 7362, 7340, 5069,
            7376, 7359, 7369, 7377, 7351, 7353, 7249, 7378, 7258, 7348, 7340, 7379, 7340, 7362, 7371, 7379, 7340, 7371, 7360, 7356, 7380, 7350, 7348, 7381,
            7348, 7382, 7381, 7383, 6967, 6983, 7359, 7259, 7369, 7384, 7251, 7313, 7382, 7385, 7381, 6999, 7383, 6983, 7313, 7251, 7252, 7386, 7387, 7372,
            7388, 7384, 7313, 7389, 6967, 7383, 7376, 7390, 7359, 7388, 7313, 7312, 7382, 7348, 7379, 7383, 7391, 7392, 7393, 7382, 7379, 7394, 7388, 7312,
            7371, 7372, 7387, 7370, 7310, 7395, 7396, 7394, 7312, 7395, 7310, 7316, 7379, 7371, 7387, 7393, 7379, 7397, 7397, 7379, 7387, 7017, 7391, 6999,
            7395, 7316, 7329, 7391, 7383, 6999, 7398, 7370, 7395, 7399, 7382, 7393, 7330, 7396, 7328, 7398, 7395, 7329, 7399, 7393, 7397, 7399, 7397, 7400,
            7360, 7396, 7330, 7221, 7165, 7164, 7397, 7387, 7401, 5878, 5879, 7402, 7402, 5879, 7403, 7397, 7401, 7404, 7392, 7391, 7405, 7404, 7400, 7397,
            7405, 7391, 7406, 7407, 7403, 7408, 7165, 7409, 7266, 7409, 7165, 7221, 5187, 5186, 7410, 7406, 7411, 7405, 7412, 7221, 7413, 6848, 5692, 5878,
            7409, 7221, 7412, 7414, 5187, 7410, 7415, 7409, 7412, 7414, 5180, 5187, 6848, 5878, 7402, 5180, 7414, 7416, 6944, 7413, 6905, 7417, 7414, 7410,
            6851, 6848, 7402, 7407, 6851, 7402, 7418, 7414, 7417, 5879, 5898, 7419, 7413, 7221, 6905, 7403, 5879, 7419, 7407, 7402, 7403, 7420, 5207, 5212,
            5212, 6980, 7420, 7413, 6944, 7421, 6980, 5212, 6977, 7422, 7423, 7424, 7425, 6851, 7407, 6869, 6851, 7425, 7410, 5186, 7426, 6869, 6847, 6851,
            7420, 5186, 5207, 7426, 5186, 7420, 7427, 7428, 7429, 7430, 7413, 7421, 7377, 7428, 7351, 7425, 7407, 7431, 7410, 7426, 7417, 7430, 7421, 7432,
            7431, 7407, 7433, 6980, 7426, 7420, 7419, 5898, 5899, 7412, 7413, 7430, 7434, 7351, 7428, 7435, 7417, 6994, 5899, 5892, 7436, 7403, 7419, 7408,
            7437, 7412, 7430, 7427, 7434, 7428, 7436, 7419, 5899, 7436, 7438, 7419, 7439, 7418, 7417, 7432, 7437, 7430, 7435, 7439, 7417, 7436, 5892, 7440,
            7440, 5892, 5893, 7417, 7426, 6980, 7225, 7441, 7226, 6994, 7417, 6980, 7441, 7442, 7415, 7443, 7436, 7440, 7444, 7434, 7427, 7226, 7207, 7194,
            7435, 6994, 7015, 7408, 7419, 7438, 7433, 7407, 7408, 7408, 7438, 7433, 7280, 7226, 7441, 7226, 7280, 7207, 7280, 7441, 7445, 7446, 7433, 7438,
            7427, 7447, 7448, 7438, 7436, 7449, 7443, 7449, 7436, 7015, 7016, 7106, 7015, 7439, 7435, 7450, 7306, 7302, 7439, 7015, 7451, 7427, 7448, 7444,
            7445, 7302, 7280, 7106, 7451, 7015, 7451, 7106, 7452, 6927, 6866, 6869, 7453, 6927, 6869, 7425, 7453, 6869, 7445, 7441, 7454, 7122, 7455, 7352,
            6928, 6927, 7453, 7108, 7452, 7106, 5091, 5180, 7363, 7456, 7453, 7425, 7302, 7445, 7450, 7373, 7363, 5180, 7457, 7425, 7431, 7416, 7373, 5180,
            7450, 7445, 7454, 7352, 7458, 7122, 7415, 7412, 7459, 7412, 7437, 7459, 7441, 7415, 7459, 7457, 7456, 7425, 7416, 7460, 7373, 7459, 7437, 7461,
            6859, 6928, 7453, 6928, 6859, 6858, 7458, 7144, 7122, 7437, 7432, 7461, 7372, 7373, 7460, 7460, 7386, 7372, 6843, 6859, 7453, 7441, 7459, 7454,
            7353, 7352, 7455, 6843, 7456, 7457, 7418, 7416, 7414, 7462, 7460, 7416, 7453, 7456, 6843, 7418, 7462, 7416, 7458, 7352, 7463, 7463, 7352, 7351,
            6843, 6842, 6859, 6945, 7421, 6944, 7462, 7386, 7460, 7421, 6945, 6951, 6856, 6858, 6859, 7387, 7386, 7401, 7431, 7433, 7446, 7386, 7462, 7464,
            7446, 7465, 7431, 7432, 7421, 6951, 7432, 6951, 7466, 7457, 7431, 7465, 7467, 7464, 7462, 7468, 7144, 7458, 7418, 7467, 7462, 7235, 7144, 7468,
            6960, 7466, 6951, 7469, 7216, 7244, 7449, 7446, 7438, 7401, 7386, 7464, 7446, 7449, 7470, 7401, 7464, 7471, 6821, 7449, 7472, 7432, 7473, 7461,
            7470, 7465, 7446, 7470, 7474, 7465, 7464, 7467, 7475, 7235, 7468, 7476, 7470, 7449, 6821, 6843, 7457, 7465, 6843, 7465, 6899, 7477, 7322, 7306,
            7471, 7464, 7475, 7306, 7450, 7477, 7478, 7471, 7475, 7474, 6899, 7465, 7479, 7458, 7463, 7468, 7458, 7479, 7474, 6898, 6899, 7404, 7401, 7480,
            7480, 7401, 7471, 7470, 6908, 7474, 7479, 7463, 7481, 7481, 7463, 7351, 7418, 7439, 7467, 7467, 7439, 7482, 6908, 7470, 6821, 7483, 7477, 7450,
            7482, 7439, 7451, 6898, 7474, 6910, 7482, 7475, 7467, 7474, 6908, 6910, 6908, 6821, 6813, 7459, 7461, 7484, 7482, 7451, 7475, 7483, 7485, 7477,
            7486, 7487, 7488, 7454, 7459, 7484, 7450, 7454, 7483, 7484, 7483, 7454, 7489, 7451, 7452, 7440, 5893, 7490, 5929, 7490, 5893, 7017, 7010, 7216,
            7017, 7216, 7469, 7404, 7491, 7400, 7406, 7391, 7017, 7491, 7404, 7492, 7487, 7493, 5932, 7494, 7492, 7404, 7495, 7483, 7484, 7496, 7017, 7469,
            7406, 7017, 7496, 7490, 5929, 7493, 7322, 7477, 7497, 7493, 5929, 5932, 6454, 7498, 7499, 6788, 7490, 7493, 7497, 6818, 6817, 6818, 7497, 7485,
            6807, 7493, 7486, 7493, 7487, 7486, 7497, 6817, 7322, 7500, 7498, 6454, 6788, 7493, 6807, 7469, 7501, 7496, 7244, 7501, 7469, 7502, 7498, 7503,
            7503, 7504, 7502, 7504, 7505, 7502, 7250, 7501, 7244, 7480, 7471, 7478, 7497, 7477, 7485, 5627, 7506, 5935, 7495, 7485, 7483, 7480, 7494, 7404,
            7507, 7485, 7495, 5934, 5935, 7487, 7487, 5932, 5934, 7480, 7508, 7494, 6825, 6818, 7485, 5623, 7506, 5627, 7509, 5623, 5942, 7506, 5623, 7509,
            6825, 7485, 6840, 7478, 7508, 7480, 7510, 7478, 7511, 7492, 7494, 7512, 7512, 7494, 7508, 7473, 7432, 7466, 7488, 7487, 5935, 7488, 5935, 7506,
            7513, 7512, 7508, 7514, 7496, 7501, 7406, 7496, 7514, 7411, 7406, 7514, 7488, 7515, 7516, 7515, 7488, 7506, 7508, 7478, 7510, 7473, 7466, 7517,
            7508, 7510, 7513, 7479, 7476, 7468, 7515, 7506, 7509, 7518, 7222, 7220, 7336, 7509, 5942, 7475, 7451, 7489, 7473, 7519, 7520, 7475, 7489, 7521,
            7473, 7517, 7519, 6960, 6879, 7466, 7511, 7478, 7475, 7515, 7509, 7336, 7511, 7475, 7521, 7351, 7434, 7481, 5934, 5932, 5930, 7466, 6879, 7517,
            7522, 7336, 7347, 7489, 7452, 7334, 7452, 7108, 7334, 7517, 6879, 7282, 7334, 7521, 7489, 7523, 6807, 7486, 7519, 7517, 7290, 7524, 7486, 7525,
            7523, 7486, 7524, 7290, 7517, 7282, 7511, 7521, 7526, 6789, 6807, 7523, 7444, 7481, 7434, 7334, 7341, 7521, 6789, 7523, 7036, 7341, 7334, 7233,
            7527, 7481, 7444, 7036, 6815, 6789, 7035, 6815, 7036, 7341, 7526, 7521, 7528, 7479, 7481, 7038, 7523, 7524, 7038, 7524, 7040, 7526, 7341, 7354,
            7473, 7520, 7461, 7036, 7523, 7038, 7511, 7529, 7510, 7484, 7461, 7520, 7495, 7484, 7520, 7526, 7529, 7511, 7361, 7360, 7330, 7486, 7488, 7525,
            7525, 7488, 7516, 7361, 7330, 7331, 7495, 7520, 7519, 7525, 7516, 7530, 7513, 7531, 7512, 7513, 7532, 7531, 7365, 7357, 7361, 7533, 7365, 7534,
            7532, 7513, 7510, 7532, 7510, 7529, 7535, 7220, 7243, 7365, 7533, 7368, 7536, 7519, 7290, 7515, 7522, 7516, 7336, 7522, 7515, 7516, 7522, 7530,
            7311, 7537, 7309, 7309, 7537, 6850, 7507, 7519, 7536, 7538, 7539, 7532, 6841, 7507, 7536, 7537, 7311, 7540, 6840, 7485, 7507, 7243, 7058, 7059,
            7526, 7354, 7541, 7359, 7541, 7354, 6840, 7507, 6841, 7390, 7541, 7359, 7507, 7495, 7519, 7529, 7526, 7541, 7290, 6845, 7536, 7529, 7541, 7542,
            6968, 6967, 7311, 6967, 7540, 7311, 6845, 6841, 7536, 7542, 7541, 7390, 7529, 7542, 7532, 6832, 7522, 7347, 6849, 6845, 7290, 7532, 7542, 7538,
            6832, 7347, 6830, 7389, 7540, 6967, 7524, 7525, 7530, 7543, 7530, 7522, 7544, 7538, 7542, 6850, 7537, 6855, 7530, 7543, 7524, 7543, 7040, 7524,
            7545, 7546, 6468, 7544, 7542, 7390, 7040, 7543, 7084, 7376, 7544, 7390, 7537, 7547, 6873, 6986, 5601, 5598, 5606, 6986, 5598, 6855, 7537, 6873,
            6832, 7084, 7543, 7490, 7443, 7440, 7029, 6986, 5606, 7490, 7472, 7443, 7540, 7389, 7547, 7449, 7443, 7472, 7490, 6788, 7472, 7548, 7547, 7389,
            7549, 6479, 6745, 5605, 7550, 5606, 7540, 7547, 7537, 7550, 7029, 5606, 6821, 7472, 6787, 7472, 6788, 6787, 7551, 7552, 7553, 7547, 7554, 6873,
            7029, 7550, 6801, 6800, 7029, 6801, 6868, 6855, 6873, 7553, 7555, 7551, 6881, 6800, 6802, 7548, 7389, 7383, 7548, 7383, 7392, 7552, 7556, 7557,
            6784, 6783, 5665, 6784, 5665, 5680, 5668, 6783, 5611, 7558, 7548, 7392, 6801, 7550, 5611, 6801, 5611, 6783, 6782, 6801, 6783, 5605, 5611, 7550,
            5668, 5665, 6783, 7558, 7392, 7405, 7559, 7551, 7560, 7551, 7561, 7552, 7562, 7083, 7066, 7562, 7563, 7083, 7564, 7547, 7548, 7564, 7554, 7547,
            7563, 7565, 7083, 7562, 7566, 7563, 7564, 7567, 7554, 7424, 7423, 6896, 7563, 7568, 7565, 7569, 7568, 7563, 7570, 7571, 7422, 7572, 7567, 7564,
            7573, 7566, 7562, 7566, 7569, 7563, 7567, 6873, 7554, 6912, 6902, 6873, 7574, 7568, 7569, 6912, 6873, 7567, 7569, 7566, 7575, 6912, 7567, 7572,
            7574, 7569, 7575, 7576, 7097, 7096, 7577, 6913, 6912, 7578, 7097, 7576, 7572, 7577, 6912, 7579, 7094, 7097, 7578, 7579, 7097, 7580, 7094, 7579,
            7580, 7100, 7094, 7572, 7581, 7577, 7582, 7581, 7572, 7564, 7548, 7558, 7583, 7584, 7585, 7584, 7583, 7586, 7587, 7575, 7566, 7558, 7588, 7564,
            7575, 7589, 7574, 7405, 7588, 7558, 7586, 7590, 7589, 7405, 7591, 7588, 7590, 7574, 7589, 7591, 7405, 7411, 7584, 7586, 7589, 7571, 7447, 7422,
            7571, 7448, 7447, 7592, 7560, 7555, 7551, 7555, 7560, 7588, 7593, 7564, 7572, 7564, 7593, 7594, 7560, 7592, 7594, 7595, 7560, 7595, 7594, 7596,
            7593, 7588, 7591, 7597, 7583, 7585, 7572, 7593, 7582, 7583, 7598, 7586, 7599, 7582, 7593, 7597, 7598, 7583, 7581, 6913, 7577, 7600, 7601, 7602,
            6956, 6913, 7581, 7600, 7603, 7601, 7604, 7514, 7501, 7603, 7605, 7601, 7411, 7514, 7591, 7606, 7527, 7444, 6895, 7424, 6896, 7607, 7608, 7609,
            7610, 7424, 6895, 7609, 7611, 7612, 7607, 7609, 7612, 7610, 7570, 7424, 7613, 7600, 7602, 6972, 7610, 6895, 7614, 7610, 6972, 7615, 7613, 7616,
            7538, 7617, 7539, 7616, 7618, 7615, 7570, 7610, 7614, 7619, 7581, 7620, 6558, 6556, 7344, 7621, 7538, 7544, 7617, 7538, 7621, 6558, 7344, 7622,
            7622, 7344, 7350, 7623, 7544, 7376, 6586, 6558, 7622, 7621, 7544, 7624, 7544, 7623, 7624, 7621, 7624, 7625, 7622, 7350, 7381, 7385, 7622, 7381,
            7626, 7627, 7628, 7615, 7628, 7613, 6586, 7629, 6592, 7630, 7631, 7627, 6592, 6587, 6586, 7626, 7630, 7627, 7629, 6586, 7622, 7385, 7629, 7622,
            7624, 7623, 7632, 7633, 7630, 7626, 7385, 7382, 7399, 7399, 7634, 7385, 7580, 7635, 7100, 6649, 6592, 7629, 7635, 7580, 7636, 7579, 7636, 7580,
            7629, 7385, 7634, 7634, 7637, 7629, 7637, 7634, 7638, 6649, 7629, 7637, 7639, 6649, 7637, 7639, 7638, 7640, 7638, 7639, 7637, 7640, 7638, 7641,
            7642, 7643, 7635, 7642, 7635, 7636, 6655, 6648, 6649, 7639, 6655, 6649, 7644, 7642, 7636, 7644, 7645, 7642, 7640, 6655, 7639, 7640, 7646, 6655,
            7642, 7645, 7643, 7645, 7647, 7643, 7647, 7645, 7648, 7400, 7491, 7399, 7648, 7649, 7300, 7491, 7634, 7399, 7638, 7634, 7491, 7645, 7649, 7648,
            7645, 7644, 7650, 7650, 7649, 7645, 7492, 7638, 7491, 7492, 7651, 7638, 7651, 7492, 7512, 7652, 7653, 7650, 7650, 7653, 7649, 7654, 6452, 6663,
            7655, 7652, 7650, 7652, 7656, 7653, 6663, 7657, 7654, 7652, 7655, 7658, 7658, 6876, 7659, 7500, 7654, 7660, 7657, 7660, 7654, 7331, 7326, 7661,
            7662, 7331, 7661, 7663, 7660, 7657, 7646, 6657, 6655, 7534, 7361, 7331, 7646, 7664, 6657, 7665, 6663, 6662, 7666, 7534, 7662, 7657, 6663, 7665,
            7659, 7652, 7658, 7659, 6876, 6875, 7659, 6875, 7667, 7668, 7669, 7667, 7640, 7641, 7670, 7646, 7640, 7670, 6875, 6883, 7668, 7646, 7670, 7671,
            7672, 7673, 6897, 6896, 7672, 6897, 7674, 7664, 7646, 7674, 7646, 7671, 7675, 6962, 6897, 7676, 7677, 7678, 7678, 7677, 7679, 7680, 7657, 7681,
            7641, 7638, 7682, 7638, 7651, 7682, 7679, 7683, 7684, 7682, 7670, 7641, 7685, 7686, 7687, 6874, 7686, 7685, 7688, 7651, 7512, 7651, 7688, 7689,
            7687, 7679, 7685, 7684, 7685, 7679, 7682, 7651, 7689, 7663, 7503, 7660, 7682, 7690, 7670, 6874, 7685, 6880, 7691, 6880, 7685, 7689, 7690, 7682,
            7691, 6889, 6880, 7369, 7692, 7376, 7693, 7689, 7694, 7690, 7689, 7693, 7695, 7671, 7670, 7398, 7696, 7369, 7398, 7697, 7696, 7695, 7670, 7690,
            7663, 7680, 7698, 7630, 7699, 7631, 7690, 7700, 7695, 7623, 7376, 7692, 7700, 7690, 7693, 7623, 7692, 7701, 7688, 7512, 7531, 7692, 7369, 7696,
            7701, 7692, 7696, 7632, 7623, 7701, 7694, 7688, 7531, 7694, 7689, 7688, 7702, 7701, 7703, 7704, 7694, 7531, 7702, 7632, 7701, 7703, 7701, 7696,
            7532, 7539, 7531, 7704, 7531, 7539, 7703, 7696, 7697, 7705, 7505, 7504, 6791, 7703, 7697, 7705, 7618, 7505, 6790, 7702, 7703, 7698, 7706, 7705,
            6790, 7707, 7702, 7369, 7370, 7398, 7704, 7708, 7694, 7709, 7398, 7329, 7710, 7618, 7705, 7693, 7694, 7708, 7697, 7398, 7709, 7618, 7710, 7711,
            7704, 7539, 7712, 7704, 7712, 7708, 7329, 6816, 6819, 7713, 7329, 6819, 7617, 7712, 7539, 7709, 7329, 7713, 7615, 7618, 7711, 7708, 7712, 7714,
            7697, 7709, 7715, 6791, 7697, 7715, 7716, 7615, 7711, 7717, 7712, 7617, 7714, 7712, 7717, 6819, 6834, 7713, 7714, 7693, 7708, 7715, 7709, 7713,
            7715, 7713, 6921, 7617, 7621, 7625, 7713, 6834, 6921, 7717, 7617, 7625, 7718, 7699, 7719, 7699, 7630, 7719, 7720, 7628, 7716, 7721, 7626, 7628,
            7720, 7721, 7628, 7718, 7722, 7683, 7684, 7683, 7722, 7625, 7624, 7723, 7719, 7722, 7718, 7721, 7633, 7626, 6797, 6798, 7722, 7723, 7624, 7632,
            7723, 7632, 7707, 7724, 7630, 7633, 7719, 7630, 7724, 7632, 7702, 7707, 7707, 6790, 7725, 7726, 7727, 7728, 7729, 7730, 7725, 7719, 6797, 7722,
            7731, 7729, 6794, 6797, 7719, 7724, 7730, 7729, 7732, 6795, 6797, 7724, 7731, 7732, 7729, 7691, 7685, 7684, 7733, 7731, 6948, 7733, 6948, 6947,
            6792, 6791, 7715, 7715, 6804, 6792, 7734, 7733, 6947, 6798, 7684, 7722, 6805, 6804, 7715, 7715, 6921, 6805, 7691, 7684, 6798, 7691, 6798, 6812,
            7691, 6812, 6889, 6933, 6812, 6811, 6791, 6790, 7703, 7543, 7522, 6832, 7605, 7699, 7735, 7699, 7718, 7735, 7736, 7737, 7738, 6937, 6933, 6811,
            6811, 6796, 7739, 7737, 6831, 6830, 6832, 6831, 7084, 6882, 6875, 6887, 6875, 6878, 6887, 6895, 6897, 6962, 6990, 6971, 6995, 7002, 6989, 6990,
            6995, 7002, 6990, 6948, 6936, 6940, 6806, 6936, 6948, 6811, 7739, 6937, 7733, 6937, 7739, 6937, 7733, 7734, 6942, 6950, 6940, 6950, 6942, 6954,
            7042, 7022, 7030, 7022, 7042, 7009, 7064, 7033, 7042, 7072, 7046, 7033, 6962, 7675, 6883, 7033, 7064, 7072, 6882, 6962, 6883, 5752, 6001, 6982,
            6961, 6962, 6882, 5752, 6982, 6985, 6982, 6987, 6985, 6753, 6751, 6749, 6753, 7050, 6751, 7008, 6982, 6001, 6001, 5767, 7008, 5768, 6993, 7008,
            6993, 6982, 7008, 6993, 6973, 6982, 6934, 6937, 6975, 6468, 7050, 6753, 6751, 7021, 6095, 6975, 6937, 7734, 6975, 7734, 7740, 6957, 7740, 7734,
            6947, 6957, 7734, 6993, 5768, 7011, 7740, 6978, 6975, 7050, 7741, 7056, 7736, 7059, 7060, 7738, 7059, 7736, 7060, 7057, 7736, 7011, 7004, 6993,
            7742, 6974, 6978, 7030, 7056, 7061, 7742, 6978, 7740, 6985, 7027, 5773, 6987, 7027, 6985, 7027, 6987, 7025, 6950, 7740, 6957, 7068, 7072, 7064,
            7742, 6950, 6956, 7068, 7064, 7061, 7619, 7742, 6956, 7051, 7741, 7050, 7105, 7736, 7057, 7742, 7619, 6974, 7740, 6950, 7742, 7741, 7061, 7056,
            7068, 7061, 7741, 7743, 7736, 7105, 7744, 7741, 7051, 7032, 7047, 7027, 7063, 7027, 7047, 7066, 7068, 7741, 7065, 7003, 7004, 7044, 7047, 7043,
            7324, 7112, 7323, 7046, 7070, 6923, 7112, 7324, 7122, 7063, 7047, 7082, 7082, 7047, 7044, 7076, 7069, 7072, 7112, 7123, 7111, 7073, 7069, 7076,
            7072, 7068, 7076, 7076, 7080, 7073, 7088, 7080, 7076, 5188, 5175, 5183, 5188, 5183, 7049, 7185, 5188, 7049, 7088, 7083, 7565, 7096, 7088, 7565,
            7095, 7080, 7096, 7088, 7096, 7080, 7576, 7096, 7565, 7065, 7089, 7003, 7065, 7175, 7089, 7044, 7137, 7143, 7175, 7153, 7089, 7130, 7137, 7141,
            7082, 7044, 7143, 7082, 7143, 7141, 7137, 7139, 7141, 7736, 7743, 7737, 7139, 7137, 7129, 7737, 7743, 6831, 7086, 6831, 7743, 7202, 7160, 7153,
            7086, 7208, 7090, 7120, 7114, 7124, 7150, 7139, 7155, 7166, 7150, 7155, 7169, 7150, 7166, 7208, 7086, 7743, 7114, 7120, 7002, 7102, 7090, 7208,
            7194, 7150, 7169, 7124, 7081, 7126, 7266, 7194, 7169, 7081, 7124, 7107, 7175, 7176, 7202, 7745, 7120, 7124, 7743, 7105, 7746, 7080, 7095, 7126,
            7202, 7153, 7175, 7746, 7274, 7743, 7745, 7124, 7126, 7208, 7743, 7274, 7745, 7126, 7099, 7208, 7274, 7265, 7747, 5189, 7185, 7152, 7142, 7146,
            5529, 5189, 7747, 7747, 7185, 7200, 7185, 7049, 7054, 7054, 7200, 7185, 7194, 7266, 7225, 7197, 7200, 7054, 7218, 3189, 3633, 7200, 7197, 7198,
            5530, 5529, 7747, 7157, 3629, 3111, 7211, 5530, 7747, 7211, 7747, 7200, 7157, 3111, 7142, 7142, 7152, 7157, 7746, 7147, 7154, 7218, 3633, 3629,
            7157, 7218, 3629, 7265, 7209, 7208, 7746, 7105, 7147, 7748, 7218, 7157, 7211, 7200, 7201, 7217, 7218, 7748, 7156, 7748, 7157, 7191, 7197, 7055,
            7055, 7075, 7191, 7274, 7746, 7749, 7228, 7217, 7748, 7191, 7075, 7187, 7746, 7154, 7749, 7159, 6981, 7000, 7154, 7235, 7749, 7172, 7195, 7187,
            7159, 7118, 7275, 7274, 7749, 7272, 7261, 7160, 7262, 7197, 7054, 7055, 7268, 7169, 7170, 7268, 7266, 7169, 7270, 7261, 7268, 7151, 7146, 7159,
            7146, 6958, 7159, 7265, 7250, 7254, 5600, 5530, 7211, 7211, 7205, 5600, 7159, 7174, 7167, 7276, 7262, 7160, 7160, 7202, 7276, 7276, 7750, 7262,
            7275, 7174, 7159, 7262, 7750, 7268, 7750, 7270, 7268, 7277, 7750, 7276, 7279, 7272, 7749, 7280, 7750, 7277, 7228, 7748, 7156, 7228, 7156, 7178,
            7186, 7228, 7178, 7178, 7180, 7186, 7270, 7750, 7302, 7280, 7302, 7750, 7751, 7228, 7186, 7184, 7752, 7186, 7192, 7201, 7198, 7218, 3194, 3189,
            7195, 7172, 7260, 7267, 7195, 7260, 7195, 7267, 7287, 7281, 7267, 7263, 7267, 7281, 7287, 7228, 7751, 7264, 5944, 5674, 7753, 7318, 7281, 7278,
            7753, 5674, 7222, 7753, 7222, 7754, 7240, 7264, 7751, 7257, 7285, 7278, 7751, 7186, 7240, 7754, 7222, 7518, 7752, 7240, 7186, 7225, 7266, 7442,
            7409, 7442, 7266, 7335, 5942, 5941, 7415, 7442, 7409, 7753, 7335, 5944, 7318, 7278, 7285, 7307, 7281, 7318, 7336, 7335, 7343, 7755, 7120, 7745,
            7342, 7753, 7754, 7335, 7753, 7342, 7225, 7442, 7441, 7755, 7273, 7120, 7756, 7275, 7273, 7307, 7318, 7317, 7756, 7177, 7275, 7755, 7756, 7273,
            7018, 7307, 7317, 7754, 7518, 7535, 7112, 7018, 7317, 7323, 7112, 7317, 7292, 7177, 7756, 7289, 7177, 7292, 7286, 7177, 7289, 7346, 7754, 7535,
            7754, 7346, 7342, 5607, 7205, 7215, 7757, 7289, 7758, 7289, 7292, 7295, 7295, 7758, 7289, 7298, 7758, 7295, 6830, 7346, 7535, 7759, 3137, 3138,
            7289, 7752, 7184, 6830, 7535, 7738, 6830, 7738, 7737, 7757, 7752, 7289, 7760, 3137, 7759, 7761, 7755, 7745, 7762, 7761, 7745, 7099, 7762, 7745,
            3137, 7760, 7333, 7293, 7755, 7761, 7763, 7455, 7764, 7755, 7293, 7756, 7353, 7455, 7763, 7759, 3138, 7765, 3632, 7765, 3138, 7761, 7762, 7635,
            7762, 7099, 7100, 7762, 7100, 7635, 3631, 7358, 3632, 7294, 7293, 7761, 7643, 7761, 7635, 7760, 7759, 7765, 7761, 7643, 7647, 7765, 7766, 7767,
            7765, 7767, 7760, 7294, 7298, 7295, 7756, 7293, 7292, 7766, 3632, 7358, 7298, 7294, 7299, 7766, 7765, 3632, 7358, 7366, 7766, 7647, 7294, 7761,
            7337, 7333, 7768, 7333, 7760, 7768, 7769, 7364, 7770, 7770, 7364, 7368, 7294, 7647, 7299, 7337, 7768, 7345, 7648, 7299, 7647, 7300, 7299, 7648,
            7301, 7303, 7238, 7771, 7375, 7763, 7772, 7345, 7768, 7304, 7301, 7757, 7353, 7763, 7375, 6468, 6465, 7545, 7345, 7772, 7773, 7757, 7758, 7774,
            7349, 7345, 7773, 7546, 7051, 6468, 7757, 7774, 7304, 7766, 7366, 7767, 7775, 7304, 7774, 7776, 7767, 7366, 7375, 7355, 7377, 7355, 7769, 7377,
            6474, 7545, 6472, 7545, 6474, 6480, 7557, 7545, 6480, 6472, 7545, 6465, 7377, 7353, 7375, 7777, 7366, 7374, 7366, 7777, 7776, 7374, 7366, 7367,
            7320, 7305, 7303, 7557, 7546, 7545, 7314, 7305, 7320, 7769, 7355, 7364, 7768, 7760, 7767, 7304, 7320, 7303, 7767, 7776, 7768, 7775, 7320, 7304,
            7557, 7778, 7546, 7776, 7772, 7768, 7301, 7240, 7752, 7772, 7776, 7777, 7757, 7301, 7752, 7744, 7051, 7546, 3631, 3165, 3166, 7298, 7774, 7758,
            7778, 7744, 7546, 3166, 7189, 7358, 7779, 7298, 7297, 7779, 7774, 7298, 7775, 7779, 7780, 7775, 7774, 7779, 7366, 7358, 7203, 7778, 7781, 7782,
            7778, 7557, 7556, 7556, 7781, 7778, 7297, 7780, 7779, 7783, 7784, 7780, 7349, 7773, 7249, 7325, 7780, 7297, 7325, 7783, 7780, 7378, 7249, 7773,
            7770, 7368, 7672, 7587, 7573, 7781, 7785, 7773, 7772, 7769, 7770, 7429, 7319, 7320, 7775, 7378, 7773, 7785, 7319, 7775, 7780, 7782, 7741, 7744,
            7778, 7782, 7744, 7784, 7319, 7780, 7786, 7429, 7770, 7787, 7258, 7378, 7066, 7741, 7782, 7562, 7066, 7782, 7423, 7770, 7672, 7787, 7284, 7258,
            7784, 7661, 7326, 7788, 7789, 7785, 7326, 7319, 7784, 7423, 7672, 6896, 7789, 7378, 7785, 7787, 7378, 7789, 7422, 7786, 7770, 7562, 7782, 7573,
            7423, 7422, 7770, 7790, 7777, 7374, 7781, 7573, 7782, 7777, 7790, 7788, 7377, 7769, 7429, 7790, 7374, 7384, 7429, 7428, 7377, 6474, 6475, 6480,
            7791, 7788, 7790, 7790, 7384, 7388, 7792, 7557, 6480, 7791, 7790, 7394, 7394, 7790, 7388, 7793, 7792, 6480, 7777, 7788, 7772, 7427, 7429, 7786,
            7788, 7785, 7772, 7553, 7792, 7793, 7552, 7557, 7792, 7786, 7422, 7447, 7447, 7427, 7786, 7794, 7788, 7791, 7792, 7553, 7552, 6479, 7793, 6480,
            7795, 7284, 7787, 7795, 7787, 7789, 7789, 7796, 7795, 7549, 7793, 6479, 7549, 7555, 7793, 7122, 7324, 7455, 7764, 7795, 7796, 7789, 7794, 7796,
            7764, 7455, 7324, 7764, 7324, 7795, 7555, 7553, 7793, 7796, 7763, 7764, 7763, 7796, 7794, 7771, 7763, 7794, 7380, 7797, 7394, 7380, 7394, 7396,
            7798, 7587, 7781, 7781, 7556, 7798, 7360, 7380, 7396, 7561, 7798, 7556, 7788, 7794, 7789, 7797, 7794, 7791, 7559, 7561, 7551, 7791, 7394, 7797,
            7771, 7794, 7797, 7556, 7552, 7561, 7771, 7797, 7356, 7375, 7771, 7356, 7561, 7799, 7798, 7797, 7380, 7356, 7800, 7798, 7799, 7501, 7250, 7801,
            7799, 7561, 7559, 7802, 7799, 7559, 7285, 7284, 7324, 7324, 7284, 7795, 6746, 7549, 6745, 7549, 6746, 7803, 7476, 7479, 7528, 7804, 7476, 7528,
            7374, 7251, 7384, 7803, 6746, 7499, 6747, 7499, 6746, 7805, 7592, 7803, 7499, 7805, 7803, 7396, 7312, 7315, 7315, 7328, 7396, 7568, 7576, 7565,
            7804, 7749, 7235, 7749, 7804, 7806, 7587, 7566, 7573, 7749, 7806, 7279, 7235, 7476, 7804, 6747, 6442, 6455, 6454, 7499, 6747, 6454, 6747, 6455,
            7498, 7596, 7805, 7498, 7805, 7499, 7578, 7576, 7568, 7527, 7528, 7481, 7654, 6454, 6452, 7654, 7500, 6454, 7807, 7568, 7574, 7500, 7503, 7498,
            7660, 7503, 7500, 7498, 7808, 7596, 7365, 7361, 7534, 7498, 7502, 7808, 7568, 7807, 7578, 7578, 7807, 7809, 7672, 7533, 7810, 7368, 7533, 7672,
            7579, 7578, 7809, 7798, 7800, 7587, 7584, 7589, 7800, 7799, 7811, 7800, 7800, 7811, 7584, 7343, 7347, 7336, 7800, 7575, 7587, 7800, 7589, 7575,
            7535, 7518, 7220, 7807, 7574, 7590, 7059, 7535, 7243, 7059, 7738, 7535, 7424, 7570, 7422, 7590, 7809, 7807, 7812, 7809, 7590, 7809, 7812, 7813,
            7586, 7598, 7590, 7598, 7812, 7590, 7606, 7444, 7448, 7814, 7813, 7812, 7448, 7571, 7606, 7814, 7812, 7598, 7599, 7591, 7815, 7803, 7555, 7549,
            7816, 7582, 7599, 7591, 7599, 7593, 7592, 7555, 7803, 7596, 7594, 7592, 7805, 7596, 7592, 7599, 7606, 7817, 7559, 7560, 7802, 7595, 7802, 7560,
            7620, 7581, 7582, 7620, 7582, 7816, 7818, 7811, 7802, 7818, 7802, 7595, 7599, 7817, 7816, 7811, 7799, 7802, 7808, 7595, 7596, 7808, 7819, 7595,
            7820, 7501, 7801, 7595, 7819, 7608, 7820, 7804, 7528, 7608, 7818, 7595, 7820, 7801, 7806, 7604, 7501, 7820, 7801, 7250, 7279, 7801, 7279, 7806,
            7611, 7808, 7502, 7611, 7819, 7808, 7609, 7819, 7611, 7806, 7804, 7820, 7611, 7502, 7505, 7815, 7591, 7514, 7528, 7527, 7820, 7585, 7584, 7811,
            7604, 7820, 7527, 7811, 7818, 7602, 7602, 7585, 7811, 7527, 7821, 7604, 7601, 7585, 7602, 7821, 7527, 7606, 7514, 7604, 7815, 7604, 7821, 7815,
            7609, 7608, 7819, 7608, 7602, 7818, 7821, 7606, 7599, 7599, 7815, 7821, 7601, 7597, 7585, 7607, 7602, 7608, 7614, 6972, 6974, 7614, 7822, 7570,
            7597, 7601, 7823, 7605, 7823, 7601, 7824, 7822, 7614, 7822, 7571, 7570, 7814, 7598, 7823, 7598, 7597, 7823, 7823, 7677, 7814, 7823, 7605, 7735,
            7735, 7677, 7823, 7817, 7606, 7571, 7817, 7571, 7822, 7619, 7614, 6974, 7824, 7614, 7619, 6956, 7581, 7619, 7616, 7613, 7607, 7602, 7607, 7613,
            7611, 7505, 7612, 7620, 7824, 7619, 7616, 7612, 7505, 7505, 7618, 7616, 7616, 7607, 7612, 7817, 7822, 7824, 7816, 7817, 7824, 7824, 7620, 7816,
            7627, 7603, 7600, 7627, 7600, 7613, 7627, 7631, 7603, 7631, 7605, 7603, 7699, 7605, 7631, 7628, 7627, 7613, 7809, 7825, 7579, 7636, 7579, 7825,
            7644, 7636, 7825, 7813, 7825, 7809, 7825, 7826, 7644, 7813, 7826, 7825, 7826, 7827, 7644, 7827, 7655, 7644, 7676, 7826, 7813, 6662, 6762, 7665,
            7813, 7814, 7676, 7665, 7681, 7657, 7828, 7827, 7826, 7680, 7663, 7657, 7829, 7827, 7828, 7828, 7826, 7676, 7658, 7655, 7827, 7504, 7503, 7663,
            7698, 7504, 7663, 7658, 7827, 7829, 7829, 7830, 7658, 7686, 7829, 7828, 7829, 7686, 7830, 6876, 7658, 7830, 7831, 7698, 7680, 6876, 7830, 6874,
            7832, 7698, 7831, 7833, 7700, 7693, 7834, 6657, 7664, 7665, 6762, 7681, 7834, 6774, 6657, 6777, 6774, 7834, 7834, 7664, 7674, 7835, 7300, 7649,
            7834, 7674, 7836, 7836, 7674, 7837, 7681, 6762, 6776, 7838, 7681, 6776, 7680, 7681, 7838, 7836, 7680, 7838, 7836, 7831, 7680, 7644, 7655, 7650,
            7837, 7832, 7836, 7832, 7831, 7836, 7834, 7838, 6776, 6777, 7834, 6776, 7653, 7835, 7649, 7839, 7325, 7835, 7839, 7835, 7840, 7834, 7836, 7838,
            7674, 7671, 7837, 7841, 7783, 7839, 7840, 7841, 7839, 7837, 7671, 7695, 7835, 7325, 7300, 7837, 7695, 7700, 7839, 7783, 7325, 7832, 7837, 7700,
            7835, 7653, 7840, 7656, 7840, 7653, 7842, 7840, 7656, 7843, 7706, 7832, 7843, 7700, 7833, 7843, 7832, 7700, 7842, 7844, 7840, 7841, 7661, 7783,
            7661, 7784, 7783, 7662, 7661, 7841, 7331, 7662, 7534, 7845, 7693, 7714, 7833, 7693, 7845, 7666, 7662, 7841, 7666, 7841, 7840, 7844, 7666, 7840,
            7504, 7698, 7705, 7533, 7534, 7810, 7832, 7706, 7698, 7810, 7534, 7666, 7846, 7705, 7706, 7656, 7652, 7667, 7710, 7705, 7846, 7667, 7842, 7656,
            7667, 7652, 7659, 7843, 7833, 7706, 7669, 7842, 7667, 7669, 7844, 7842, 7668, 7667, 6875, 7847, 7669, 7668, 7847, 7668, 6883, 7716, 7711, 7848,
            7720, 7716, 7848, 7810, 7666, 7844, 7673, 7810, 7844, 7847, 7844, 7669, 7849, 7711, 7710, 7673, 7844, 7847, 7846, 7849, 7710, 7673, 7672, 7810,
            7714, 7850, 7851, 7717, 7850, 7714, 6897, 7847, 7675, 7847, 6883, 7675, 7845, 7714, 7851, 7849, 7848, 7711, 6897, 7673, 7847, 7852, 7720, 7848,
            7851, 7852, 7848, 7677, 7676, 7814, 7717, 7625, 7853, 7716, 7628, 7615, 7678, 7828, 7676, 7852, 7721, 7720, 7854, 7721, 7852, 7687, 7686, 7678,
            7678, 7679, 7687, 7853, 7625, 7723, 7678, 7686, 7828, 7728, 7853, 7723, 7854, 7633, 7721, 7735, 7679, 7677, 7850, 7717, 7853, 7683, 7679, 7735,
            7718, 7683, 7735, 7850, 7852, 7851, 7855, 7850, 7853, 7852, 7850, 7855, 7855, 7853, 7728, 7854, 7852, 7855, 7830, 7686, 6874, 7854, 7727, 7633,
            7833, 7846, 7706, 7846, 7833, 7849, 7849, 7833, 7845, 7845, 7848, 7849, 7851, 7848, 7845, 7723, 7707, 7728, 7855, 7727, 7854, 7727, 7855, 7728,
            7726, 7728, 7707, 7707, 7725, 7726, 7727, 7724, 7633, 7726, 7724, 7727, 7729, 7725, 6790, 7726, 6795, 7724, 7726, 7730, 6795, 7726, 7725, 7730,
            7729, 6790, 6794, 7732, 6796, 6795, 7730, 7732, 6795, 7731, 6794, 6806, 7731, 6806, 6948, 7732, 7739, 6796, 7732, 7731, 7739, 7739, 7731, 7733
        ]
        color3f[] primvars:displayColor = [(0.8, 0.8, 0.8)] (
            interpolation = "constant"
        )
    }
}
