#usda 1.0
(
    defaultPrim = "Object"
    metersPerUnit = 1
    upAxis = "Z"
)

def Xform "Object" (
    prepend apiSchemas = ["PhysicsRigidBodyAPI", "PhysicsMassAPI"]
)
{
    custom string crossEmbodiment:objectName = "YcbTomatoSoupCan"
    float physics:mass = 0.349

    def Material "physicsMaterial" (
        prepend apiSchemas = ["PhysicsMaterialAPI", "PhysxMaterialAPI"]
    )
    {
        float physics:dynamicFriction = 0.5
        float physics:restitution = 0
        float physics:staticFriction = 0.5
        token physxMaterial:frictionCombineMode = "max"
        token physxMaterial:restitutionCombineMode = "average"
    }

    def Mesh "geometry" (
        prepend apiSchemas = ["PhysicsCollisionAPI", "PhysicsMeshCollisionAPI", "MaterialBindingAPI"]
    )
    {
        rel material:binding:physics = </Object/physicsMaterial>
        uniform token subdivisionScheme = "none"
        uniform token physics:approximation = "convexDecomposition"
        point3f[] points = [
            (-0.022452, -0.007261, -0.058111), (-0.022439, -0.008868, -0.058017), (-0.023986, -0.007547, -0.057383),
            (-0.022844, -0.001918, -0.055876), (-0.022283, -0.003841, -0.056332), (-0.023199, -0.002994, -0.057427),
            (-0.021582, -0.00307, -0.054795), (-0.02246, -0.00076, -0.054804), (-0.023558, 0.000101, -0.05596),
            (-0.021907, 0.000846, -0.054733), (-0.023569, 0.001421, -0.055423), (-0.022647, 0.00244, -0.054673),
            (-0.024507, 0.004091, -0.056336), (-0.023074, 0.004322, -0.054626), (-0.02391, 0.002806, -0.055471),
            (-0.023522, 0.005438, -0.054695), (-0.021271, 0.003202, -0.05551), (-0.019876, 0.002089, -0.05593),
            (0.009099, -0.023814, -0.057942), (0.01119, -0.02146, -0.057808), (0.011613, -0.022792, -0.058128),
            (0.01338, -0.020257, -0.057083), (0.014236, -0.022112, -0.058153), (0.015319, -0.020549, -0.058042),
            (-0.017231, -0.017674, -0.051004), (-0.018449, -0.016678, -0.050251), (-0.017395, -0.01748, -0.052018),
            (-0.017532, -0.017468, -0.050211), (-0.018486, -0.016694, -0.048779), (-0.017437, -0.017564, -0.04885),
            (-0.018709, -0.016567, -0.045664), (-0.019481, -0.015777, -0.047127), (-0.014868, -0.019308, -0.05188),
            (-0.01302, -0.019928, -0.05286), (-0.012998, -0.020498, -0.051249), (-0.01481, -0.019425, -0.05056),
            (-0.016112, -0.018483, -0.051959), (-0.015385, -0.019106, -0.048875), (-0.016232, -0.01845, -0.049911),
            (-0.013754, -0.020126, -0.049524), (-0.009778, -0.022139, -0.049359), (-0.007866, -0.022907, -0.050829),
            (-0.008244, -0.022757, -0.048857), (-0.011418, -0.020786, -0.053203), (-0.010396, -0.021884, -0.050942),
            (-0.011748, -0.021206, -0.049742), (-0.009296, -0.022251, -0.052179), (-0.011121, -0.02156, -0.048264),
            (-0.009609, -0.02228, -0.046491), (-0.010957, -0.021722, -0.046818), (-0.013416, -0.020365, -0.048085),
            (-0.017246, -0.017758, -0.047624), (-0.014425, -0.019754, -0.046936), (-0.015813, -0.018883, -0.047363),
            (-0.016989, -0.018001, -0.046584), (-0.01596, -0.018848, -0.045911), (-0.017301, -0.017798, -0.045445),
            (-0.017225, -0.017913, -0.044468), (-0.009311, -0.022426, -0.044789), (-0.010728, -0.021869, -0.044236),
            (-0.009727, -0.022328, -0.042657), (-0.012307, -0.02126, -0.042097), (-0.005925, -0.023496, -0.050416),
            (-0.006811, -0.023222, -0.052151), (-0.004883, -0.023518, -0.052695), (-0.004492, -0.023831, -0.050109),
            (-0.003005, -0.024207, -0.051167), (-0.001651, -0.024329, -0.04994), (-0.000742, -0.024402, -0.052351),
            (0.001296, -0.024753, -0.051826), (0.001112, -0.02464, -0.049981), (-0.000474, -0.024353, -0.04857),
            (0.001637, -0.024581, -0.048626), (0.003071, -0.024753, -0.050431), (0.003918, -0.0249, -0.052167),
            (0.005628, -0.024686, -0.050526), (0.004549, -0.024623, -0.048926), (0.003593, -0.024653, -0.047468),
            (-0.006767, -0.023235, -0.048098), (-0.004061, -0.023914, -0.048782), (-0.005636, -0.023554, -0.047383),
            (-0.00353, -0.023909, -0.047225), (-0.001931, -0.024246, -0.047445), (-0.00032, -0.024347, -0.047087),
            (-0.00208, -0.024079, -0.045821), (-0.00545, -0.023523, -0.046039), (-0.003417, -0.023821, -0.044374),
            (-0.00071, -0.024053, -0.043769), (-3.6e-05, -0.024252, -0.045418), (-0.008095, -0.022861, -0.044342),
            (-0.008395, -0.022793, -0.042359), (-0.005777, -0.023351, -0.041167), (-0.007322, -0.023022, -0.041099),
            (-0.006694, -0.023226, -0.042978), (-0.00621, -0.023345, -0.044479), (-0.00448, -0.02365, -0.043192),
            (-0.001992, -0.023898, -0.042987), (-0.002893, -0.023809, -0.04168), (-0.000921, -0.023908, -0.041178),
            (-0.004321, -0.023599, -0.041363), (-0.004134, -0.023563, -0.039247), (-0.002716, -0.023718, -0.039665),
            (-0.000759, -0.023813, -0.039407), (0.001483, -0.024499, -0.04723), (0.001063, -0.024253, -0.043446),
            (0.001708, -0.024247, -0.045444), (0.003274, -0.024361, -0.044289), (0.002307, -0.024144, -0.042682),
            (0.004325, -0.024059, -0.042291), (0.00719, -0.024103, -0.04623), (0.005763, -0.024097, -0.044242),
            (0.004125, -0.024463, -0.045963), (0.00559, -0.023809, -0.041471), (0.007145, -0.023778, -0.042425),
            (0.000574, -0.02401, -0.041727), (0.002566, -0.023941, -0.040621), (0.000984, -0.023881, -0.03972),
            (0.002777, -0.023797, -0.039351), (0.000899, -0.023742, -0.037752), (0.003141, -0.023526, -0.03749),
            (0.006624, -0.023566, -0.040035), (0.004662, -0.023688, -0.039438), (0.008284, -0.023491, -0.041139),
            (0.008591, -0.023139, -0.039203), (0.006066, -0.023183, -0.037639), (0.007727, -0.022899, -0.03726),
            (-0.014369, -0.015898, -0.05786), (-0.014297, -0.017224, -0.05815), (-0.015983, -0.016428, -0.058055),
            (-0.010487, -0.020435, -0.057886), (-0.009281, -0.019423, -0.058003), (-0.008357, -0.02153, -0.057864),
            (-0.007872, -0.01932, -0.057474), (-0.007034, -0.020241, -0.057981), (-0.005556, -0.021246, -0.058036),
            (-0.004125, -0.020802, -0.057421), (-0.011266, -0.018512, -0.058072), (-0.013877, -0.018688, -0.057653),
            (-0.012998, -0.01748, -0.058089), (-0.013066, -0.019775, -0.055661), (-0.01219, -0.019826, -0.05761),
            (-0.01111, -0.021041, -0.055855), (-0.012734, -0.016242, -0.057156), (-0.009908, -0.018161, -0.05722),
            (-0.010682, -0.01716, -0.056216), (-0.01307, -0.015078, -0.055509), (-0.011744, -0.015982, -0.055457),
            (-0.009377, -0.016407, -0.054603), (-0.01121, -0.014808, -0.054614), (-0.008483, -0.018047, -0.055592),
            (-0.005738, -0.019661, -0.056344), (-0.007023, -0.017823, -0.05466), (-0.005137, -0.018561, -0.054683),
            (-0.007734, -0.016126, -0.054995), (-0.00551, -0.016594, -0.055358), (-0.01014, -0.013642, -0.055642),
            (-0.008642, -0.014859, -0.055504), (-0.011193, -0.012417, -0.055817), (-0.009302, -0.011787, -0.05578),
            (-0.007508, -0.012967, -0.055772), (-0.004801, -0.014569, -0.055867), (-0.003404, -0.015505, -0.055869),
            (-0.006477, -0.014515, -0.055962), (-0.007205, -0.010946, -0.054077), (-0.004843, -0.013134, -0.054806),
            (-0.00337, -0.01393, -0.054902), (-0.005798, -0.011858, -0.05417), (-0.00412, -0.011693, -0.054203),
            (-0.019276, -0.015875, -0.051743), (-0.01867, -0.009162, -0.055323), (-0.018327, -0.009945, -0.055627),
            (-0.019526, -0.008864, -0.056314), (-0.018907, -0.007517, -0.054749), (-0.018543, -0.008423, -0.054816),
            (-0.020096, -0.007087, -0.055315), (-0.016825, -0.01062, -0.054786), (-0.016277, -0.012112, -0.055342),
            (-0.01811, -0.010666, -0.056147), (-0.014865, -0.013605, -0.055532), (-0.014406, -0.01265, -0.054635),
            (-0.015086, -0.011022, -0.054742), (-0.013095, -0.012229, -0.055164), (-0.013738, -0.010806, -0.05557),
            (-0.015397, -0.009887, -0.055165), (-0.014799, -0.008903, -0.055866), (-0.017058, -0.009117, -0.054632),
            (-0.017797, -0.00728, -0.054935), (-0.016427, -0.007271, -0.055742), (-0.021168, -0.013752, -0.050226),
            (-0.022042, -0.012667, -0.05171), (-0.020719, -0.014331, -0.051434), (-0.023233, -0.010754, -0.051083),
            (-0.022678, -0.01077, -0.053111), (-0.020592, -0.014507, -0.048475), (-0.022543, -0.011872, -0.049719),
            (-0.022849, -0.011433, -0.047969), (-0.021607, -0.013281, -0.04731), (-0.023891, -0.009606, -0.049189),
            (-0.019862, -0.015304, -0.049643), (-0.024075, -0.009138, -0.052061), (-0.024578, -0.008233, -0.050552),
            (-0.024491, -0.008089, -0.052299), (-0.012688, -0.013763, -0.054589), (-0.014849, -0.014591, -0.057102),
            (-0.012082, -0.011481, -0.055885), (-0.012482, -0.00975, -0.055906), (-0.010788, -0.010508, -0.055668),
            (-0.009673, -0.009495, -0.054247), (-0.01972, -0.004051, -0.054911), (-0.017557, -0.005052, -0.055845),
            (-0.018196, -0.00583, -0.055276), (-0.019291, -0.003747, -0.055301), (-0.017178, -0.003844, -0.055966),
            (-0.014827, -0.007471, -0.055878), (-0.012884, -0.008046, -0.055326), (-0.015918, -0.005678, -0.055911),
            (-0.014454, -0.006342, -0.05549), (-0.013429, -0.006333, -0.054687), (-0.01497, -0.004477, -0.054851),
            (-0.012891, -0.004729, -0.054151), (-0.012333, -0.005991, -0.054119), (-0.014263, -0.00334, -0.054123),
            (-0.016467, -0.00246, -0.055137), (-0.018613, -0.002952, -0.055862), (-0.012574, -0.001553, -0.055019),
            (-0.011868, -0.003317, -0.054969), (-0.013584, -0.002471, -0.054506), (-0.021191, -0.004769, -0.0551),
            (-0.019914, -0.005193, -0.054676), (-0.019263, -0.00621, -0.054724), (-0.019338, -0.005391, -0.054823),
            (-0.019826, -0.002424, -0.05534), (-0.019554, -0.003056, -0.055329), (-0.021189, -0.001739, -0.054706),
            (-0.01999, -0.001766, -0.055415), (-0.020857, -0.000262, -0.055183), (-0.019491, -0.001198, -0.055795),
            (-0.019541, 0.000342, -0.055913), (-0.019139, -0.000446, -0.055986), (-0.017993, -0.00161, -0.055923),
            (-0.017292, 9.5e-05, -0.054934), (-0.019145, 0.001014, -0.055916), (-0.018116, 0.000735, -0.055506),
            (-0.018512, 0.001757, -0.055653), (-0.019255, 0.002876, -0.055882), (-0.017709, 0.003345, -0.05453),
            (-0.017046, 0.001855, -0.054277), (-0.015967, 0.001011, -0.054147), (-0.015104, -0.001597, -0.054111),
            (-0.015908, -0.000469, -0.054144), (-0.01437, 1.1e-05, -0.054724), (-0.013711, 0.0014, -0.055014),
            (-0.012036, -0.000316, -0.054742), (-0.011628, 0.001271, -0.054247), (-0.009683, -0.000536, -0.054197),
            (-0.01566, 0.002607, -0.054477), (-0.011549, -0.008784, -0.054878), (-0.009127, -0.008074, -0.054459),
            (-0.008392, -0.009608, -0.054091), (-0.007499, -0.007502, -0.054941), (-0.008662, -0.006498, -0.054989),
            (-0.011134, -0.006993, -0.054099), (-0.010791, -0.007952, -0.054139), (-0.010766, -0.005597, -0.054762),
            (-0.009205, -0.0052, -0.054874), (-0.005095, -0.010331, -0.054647), (-0.00716, -0.008917, -0.054748),
            (-0.00559, -0.009012, -0.054952), (-0.006215, -0.00717, -0.054661), (-0.004091, -0.008818, -0.05481),
            (-0.002648, -0.010499, -0.054947), (-0.003661, -0.006885, -0.05418), (-0.002543, -0.008566, -0.054388),
            (-0.005669, -0.005909, -0.054187), (-0.010438, -0.004313, -0.05496), (-0.010381, -0.001984, -0.054404),
            (-0.009017, -0.004018, -0.05447), (-0.007719, -0.005086, -0.05439), (-0.008423, -0.002596, -0.054195),
            (-0.006599, -0.003363, -0.054211), (-0.007327, -0.000995, -0.054217), (-0.004461, -0.004804, -0.054208),
            (-0.001882, -0.006107, -0.054177), (-0.001918, -0.003501, -0.054201), (-0.00506, -0.002299, -0.054223),
            (-0.00333, -0.001506, -0.05422), (-0.004717, -0.022726, -0.057886), (-0.003187, -0.022117, -0.058016),
            (-0.001353, -0.022255, -0.058094), (0.00045, -0.022232, -0.057826), (2.1e-05, -0.023883, -0.057899),
            (0.002686, -0.022863, -0.058058), (0.00107, -0.021447, -0.056834), (0.005243, -0.022678, -0.057936),
            (0.003519, -0.024346, -0.057779), (0.003817, -0.021322, -0.055984), (0.001922, -0.020889, -0.055283),
            (-0.000782, -0.020479, -0.055247), (0.003271, -0.019455, -0.054594), (0.004709, -0.020115, -0.054631),
            (0.003311, -0.017968, -0.055657), (0.005449, -0.019097, -0.054802), (0.00575, -0.017788, -0.055759),
            (0.002478, -0.016556, -0.055846), (0.00542, -0.015843, -0.055363), (-0.003226, -0.020175, -0.055695),
            (-0.003251, -0.018975, -0.054678), (-0.003466, -0.017044, -0.055539), (-0.002381, -0.017625, -0.055349),
            (-0.001103, -0.019146, -0.054642), (0.00133, -0.019239, -0.054698), (-0.001391, -0.015896, -0.055847),
            (0.000274, -0.01609, -0.055848), (1.1e-05, -0.017922, -0.055539), (-0.001571, -0.014652, -0.055068),
            (0.000698, -0.014694, -0.054635), (-0.002768, -0.012268, -0.054165), (-0.001453, -0.01319, -0.054097),
            (0.003328, -0.015124, -0.054681), (8.5e-05, -0.012913, -0.054233), (0.001721, -0.013609, -0.054106),
            (0.005897, -0.021736, -0.057059), (0.00734, -0.023642, -0.058039), (0.006307, -0.02118, -0.055673),
            (0.007061, -0.024642, -0.053613), (0.009307, -0.024451, -0.052802), (0.008201, -0.02462, -0.050527),
            (0.011491, -0.024011, -0.052851), (0.011167, -0.024117, -0.050371), (0.012913, -0.02365, -0.050276),
            (0.006793, -0.019824, -0.054563), (0.008164, -0.020927, -0.05553), (0.008167, -0.019039, -0.054707),
            (0.009877, -0.020513, -0.055322), (0.009735, -0.018809, -0.054693), (0.007036, -0.016525, -0.055807),
            (0.008249, -0.01746, -0.055757), (0.009503, -0.01658, -0.055843), (0.012312, -0.019558, -0.054904),
            (0.014638, -0.018908, -0.055107), (0.011287, -0.018681, -0.054617), (0.013304, -0.017231, -0.055089),
            (0.006489, -0.024819, -0.052054), (0.006452, -0.02444, -0.047983), (0.009931, -0.024361, -0.049747),
            (0.008458, -0.024337, -0.048085), (0.010024, -0.024154, -0.048059), (0.009198, -0.024044, -0.045994),
            (0.011575, -0.02362, -0.046911), (-0.001038, -0.011598, -0.054755), (-0.001508, -0.010063, -0.05484),
            (0.001045, -0.011969, -0.054781), (-0.000167, -0.009507, -0.054422), (0.001662, -0.010778, -0.054798),
            (0.001686, -0.00842, -0.05414), (0.003279, -0.013397, -0.054145), (0.004997, -0.014357, -0.054095),
            (0.003379, -0.01213, -0.054787), (0.005008, -0.01257, -0.054584), (0.006621, -0.013583, -0.05403),
            (0.004713, -0.011152, -0.054815), (0.006088, -0.010927, -0.054766), (0.002946, -0.01023, -0.054469),
            (0.004186, -0.009031, -0.054128), (0.002552, -0.006239, -0.054145), (0.004659, -0.007187, -0.054137),
            (0.005609, -0.00881, -0.054087), (0.007156, -0.009317, -0.054143), (0.007779, -0.007227, -0.054091),
            (0.004041, -0.005336, -0.054128), (0.007326, -0.005286, -0.054095), (0.005864, -0.004188, -0.054108),
            (0.008439, -0.015279, -0.055098), (0.010981, -0.015415, -0.055639), (0.011164, -0.017041, -0.055623),
            (0.012447, -0.015962, -0.055784), (0.015641, -0.017622, -0.054551), (0.011477, -0.014234, -0.054875),
            (0.014293, -0.014492, -0.055718), (0.013273, -0.013638, -0.054839), (0.01596, -0.015318, -0.055535),
            (0.016511, -0.012814, -0.055447), (0.014095, -0.01176, -0.053837), (0.015583, -0.011218, -0.053846),
            (0.018008, -0.011235, -0.054946), (0.007923, -0.01417, -0.054152), (0.007901, -0.011952, -0.054707),
            (0.009387, -0.013416, -0.053957), (0.010561, -0.01243, -0.054113), (0.012647, -0.012444, -0.053898),
            (0.00948, -0.010549, -0.054727), (0.009054, -0.009138, -0.054165), (0.011702, -0.01089, -0.054653),
            (0.011739, -0.009205, -0.054537), (0.010599, -0.006808, -0.054035), (0.012341, -0.007953, -0.05413),
            (0.013971, -0.010167, -0.054495), (0.014935, -0.008684, -0.054712), (0.016705, -0.009596, -0.05388),
            (0.007597, -0.023925, -0.044749), (0.009514, -0.023699, -0.043754), (0.000106, -0.007424, -0.054165),
            (0.000134, -0.004959, -0.054182), (0.002797, -0.002821, -0.054138), (-0.026415, -0.004112, -0.051441),
            (-0.025468, -0.006357, -0.050893), (-0.026095, -0.004877, -0.049553), (-0.025241, -0.00692, -0.048645),
            (-0.026905, -0.00259, -0.048609), (-0.025949, -0.00528, -0.04743), (-0.026169, -0.004856, -0.044184),
            (-0.026514, -0.003813, -0.046038), (-0.027167, -0.00168, -0.046441), (-0.02702, -0.00225, -0.044285),
            (-0.026601, -0.003679, -0.042272), (-0.027037, -0.002093, -0.050446), (-0.026907, -0.002525, -0.052116),
            (-0.02743, -0.000821, -0.051678), (-0.027519, -0.000425, -0.049383), (-0.027612, 0.000282, -0.047272),
            (-0.027753, 0.001037, -0.049128), (-0.02839, 0.005425, -0.051632), (-0.028151, 0.00292, -0.05233),
            (-0.02815, 0.002894, -0.050588), (-0.028204, 0.004351, -0.049975), (-0.02821, 0.004442, -0.053194),
            (-0.027425, -0.000618, -0.043522), (-0.027762, 0.001108, -0.044156), (-0.027305, -0.001164, -0.042093),
            (-0.026981, -0.002407, -0.040979), (-0.027469, -0.000396, -0.040164), (-0.026864, -0.002801, -0.038854),
            (-0.027413, -0.000695, -0.037675), (-0.027832, 0.00138, -0.042192), (-0.028023, 0.002938, -0.043606),
            (-0.027973, 0.002273, -0.046043), (-0.027874, 0.001836, -0.040305), (-0.028171, 0.00407, -0.042036),
            (-0.028089, 0.003404, -0.039725), (-0.028278, 0.005749, -0.043976), (-0.028208, 0.004399, -0.045531),
            (-0.028328, 0.007954, -0.043947), (-0.028325, 0.007706, -0.045673), (-0.028312, 0.007265, -0.041868),
            (-0.028261, 0.005918, -0.040646), (-0.028314, 0.008969, -0.042112), (-0.028262, 0.009774, -0.043461),
            (-0.027733, 0.000941, -0.036948), (-0.028074, 0.00324, -0.037612), (-0.027841, 0.001616, -0.035398),
            (-0.02822, 0.005126, -0.038683), (-0.028157, 0.004222, -0.035206), (-0.028277, 0.005871, -0.035913),
            (-0.028293, 0.007134, -0.038828), (-0.028298, 0.008901, -0.039925), (-0.028296, 0.007692, -0.036592),
            (-0.028248, 0.00926, -0.037306), (-0.028113, 0.011168, -0.038838), (-0.027948, 0.002367, -0.033337),
            (-0.028271, 0.006608, -0.033846), (-0.028164, 0.00468, -0.032978), (-0.028251, 0.007194, -0.031177),
            (-0.028172, 0.00499, -0.030251), (-0.02823, 0.007976, -0.034989), (-0.028216, 0.008402, -0.032645),
            (-0.028114, 0.010691, -0.035756), (-0.028195, 0.009315, -0.034433), (-0.028201, 0.00852, -0.03075),
            (-0.02807, 0.011126, -0.033767), (-0.028101, 0.010716, -0.031506), (-0.027917, 0.012465, -0.033761),
            (-0.028271, 0.007023, -0.028628), (-0.028188, 0.009391, -0.028921), (-0.027926, 0.012052, -0.02891),
            (-0.027822, 0.012706, -0.030949), (-0.028084, 0.010512, -0.027022), (-0.020534, -0.014624, -0.04525),
            (-0.018658, -0.016692, -0.043492), (-0.020544, -0.014728, -0.043264), (-0.021788, -0.013183, -0.04168),
            (-0.020627, -0.014706, -0.04121), (-0.019204, -0.016219, -0.041713), (-0.021905, -0.013111, -0.038901),
            (-0.022705, -0.011937, -0.040028), (-0.020218, -0.01525, -0.038557), (-0.020841, -0.014577, -0.036937),
            (-0.01176, -0.021608, -0.038757), (-0.01337, -0.020802, -0.038268), (-0.012673, -0.021137, -0.040096),
            (-0.014635, -0.019789, -0.044932), (-0.015071, -0.019548, -0.043254), (-0.016887, -0.01822, -0.043629),
            (-0.016338, -0.018686, -0.042473), (-0.017013, -0.018175, -0.042453), (-0.015674, -0.019226, -0.041476),
            (-0.017988, -0.017382, -0.041352), (-0.016974, -0.01824, -0.041215), (-0.017246, -0.018097, -0.040061),
            (-0.015927, -0.019092, -0.039797), (-0.014349, -0.020167, -0.040272), (-0.013769, -0.020394, -0.042309),
            (-0.011057, -0.021799, -0.040888), (-0.015312, -0.019637, -0.037387), (-0.013883, -0.020583, -0.036416),
            (-0.015526, -0.019543, -0.035171), (-0.010872, -0.022036, -0.037599), (-0.0124, -0.021356, -0.036587),
            (-0.012368, -0.021452, -0.034947), (-0.016765, -0.018618, -0.036282), (-0.017016, -0.018459, -0.03499),
            (-0.016361, -0.019042, -0.033125), (-0.013214, -0.021036, -0.033576), (-0.014203, -0.020444, -0.034825),
            (-0.014896, -0.020034, -0.033402), (-0.019167, -0.016317, -0.039861), (-0.018338, -0.017189, -0.0382),
            (-0.017044, -0.018272, -0.039187), (-0.016826, -0.0185, -0.037909), (-0.018432, -0.017175, -0.036156),
            (-0.017029, -0.018376, -0.03687), (-0.017187, -0.018286, -0.035954), (-0.019873, -0.015752, -0.035148),
            (-0.021912, -0.013199, -0.035811), (-0.023049, -0.011518, -0.036196), (-0.02303, -0.011569, -0.03388),
            (-0.024087, -0.009717, -0.035429), (-0.021995, -0.013141, -0.03289), (-0.023632, -0.010613, -0.032582),
            (-0.022393, -0.012668, -0.030933), (-0.023166, -0.011461, -0.029927), (-0.024536, -0.008954, -0.03158),
            (-0.024105, -0.009846, -0.029168), (-0.019011, -0.016849, -0.030077), (-0.020153, -0.015553, -0.032757),
            (-0.017765, -0.017978, -0.032383), (-0.018451, -0.017261, -0.033729), (-0.017445, -0.018137, -0.033891),
            (-0.01756, -0.018102, -0.033022), (-0.013187, -0.021072, -0.03217), (-0.014955, -0.020045, -0.031342),
            (-0.01657, -0.018972, -0.030644), (-0.01754, -0.018184, -0.03169), (-0.01752, -0.018233, -0.030734),
            (-0.017661, -0.018136, -0.029351), (-0.017855, -0.017959, -0.030016), (-0.015327, -0.019822, -0.029783),
            (-0.020739, -0.014875, -0.031362), (-0.019261, -0.016727, -0.027705), (-0.02057, -0.015212, -0.028163),
            (-0.016914, -0.018817, -0.027633), (-0.017928, -0.017938, -0.0286), (-0.017836, -0.018064, -0.027642),
            (-0.015185, -0.019996, -0.027304), (-0.016017, -0.019488, -0.025334), (-0.017637, -0.018308, -0.02519),
            (-0.018144, -0.017872, -0.02633), (-0.016523, -0.019192, -0.023641), (-0.018951, -0.017102, -0.02617),
            (-0.018339, -0.017712, -0.025173), (-0.021172, -0.014426, -0.029171), (-0.022598, -0.012368, -0.028827),
            (-0.021926, -0.013376, -0.027362), (-0.020485, -0.015421, -0.025812), (-0.022981, -0.011837, -0.027195),
            (-0.009277, -0.022558, -0.039573), (-0.008782, -0.022672, -0.04115), (-0.006377, -0.023233, -0.03921),
            (-0.008295, -0.022799, -0.038076), (-0.010371, -0.022238, -0.03603), (-0.007493, -0.022928, -0.036613),
            (-0.00446, -0.023288, -0.03734), (-0.00475, -0.023322, -0.035612), (-0.006477, -0.023133, -0.035142),
            (-0.002715, -0.02348, -0.037166), (-0.003017, -0.023426, -0.034592), (-0.00871, -0.0227, -0.035011),
            (-0.010758, -0.022076, -0.033989), (-0.009548, -0.022456, -0.033653), (-0.007558, -0.022905, -0.033768),
            (-0.011114, -0.021918, -0.032396), (-0.009463, -0.022461, -0.031804), (-0.010694, -0.022046, -0.030905),
            (-0.005063, -0.023184, -0.034062), (-0.005888, -0.023136, -0.031899), (-0.003848, -0.023343, -0.032735),
            (-0.007826, -0.022843, -0.032497), (-0.007843, -0.022822, -0.030789), (-0.004585, -0.023239, -0.030856),
            (-0.006102, -0.023082, -0.030073), (-0.000735, -0.023736, -0.038074), (-0.000928, -0.023653, -0.036612),
            (0.001919, -0.023451, -0.035791), (-0.001185, -0.023471, -0.034267), (0.000311, -0.023459, -0.034436),
            (0.00447, -0.023036, -0.034894), (0.007078, -0.022653, -0.035026), (0.001516, -0.023218, -0.033203),
            (0.004697, -0.0225, -0.032014), (0.006386, -0.022321, -0.032559), (-0.002229, -0.023401, -0.032601),
            (-0.000358, -0.023266, -0.032214), (-0.001401, -0.023181, -0.030702), (-0.003105, -0.023231, -0.030306),
            (0.000687, -0.022881, -0.031034), (-0.000262, -0.022856, -0.029451), (-0.003044, -0.022909, -0.028256),
            (-0.000747, -0.02284, -0.028266), (0.002583, -0.022758, -0.031809), (0.004069, -0.022186, -0.030091),
            (0.007042, -0.021684, -0.030357), (0.001483, -0.022607, -0.029283), (0.002918, -0.022367, -0.02858),
            (0.005567, -0.021865, -0.028765), (0.004382, -0.022013, -0.027527), (-0.012986, -0.021175, -0.030518),
            (-0.008005, -0.022819, -0.029166), (-0.010653, -0.02207, -0.029085), (-0.005825, -0.023021, -0.028692),
            (-0.008221, -0.022733, -0.027306), (-0.00991, -0.022288, -0.027115), (-0.009287, -0.022416, -0.025448),
            (-0.005483, -0.022798, -0.026591), (-0.00697, -0.02283, -0.025479), (-0.01382, -0.02077, -0.028744),
            (-0.014059, -0.020647, -0.025899), (-0.011037, -0.021854, -0.025985), (-0.012396, -0.02139, -0.02721),
            (-0.011012, -0.021795, -0.024537), (-0.01076, -0.021613, -0.023072), (-0.008716, -0.022344, -0.023866),
            (-0.007491, -0.022556, -0.023038), (-0.013069, -0.020982, -0.023393), (-0.013126, -0.02098, -0.021583),
            (-0.010637, -0.021825, -0.021558), (-0.009647, -0.022136, -0.020226), (-0.00672, -0.022741, -0.022035),
            (-0.008043, -0.022509, -0.020212), (-0.004432, -0.022953, -0.028215), (-0.003803, -0.022665, -0.026617),
            (-0.002057, -0.022556, -0.026271), (0.000113, -0.022458, -0.026623), (-0.004178, -0.022867, -0.025046),
            (-0.002651, -0.02279, -0.024317), (-0.0014, -0.022624, -0.024302), (0.000101, -0.022418, -0.024742),
            (0.001601, -0.022278, -0.02501), (0.002193, -0.022369, -0.026755), (0.000176, -0.022345, -0.023015),
            (0.002019, -0.022167, -0.022411), (0.004084, -0.021916, -0.025195), (0.003442, -0.021938, -0.023474),
            (-0.005059, -0.023011, -0.023512), (-0.004269, -0.023032, -0.022272), (-0.001934, -0.022773, -0.022086),
            (-0.005046, -0.022891, -0.020104), (-0.006445, -0.022744, -0.019548), (-0.003408, -0.022821, -0.021032),
            (-0.003987, -0.022845, -0.018693), (-0.000545, -0.022578, -0.020994), (0.001071, -0.022386, -0.021343),
            (-0.002347, -0.022654, -0.019913), (-0.000602, -0.022556, -0.019482), (0.001182, -0.022532, -0.019065),
            (-0.024072, -0.009434, -0.046981), (-0.023031, -0.011232, -0.045862), (-0.02419, -0.009208, -0.04499),
            (-0.022845, -0.011549, -0.044151), (-0.025165, -0.007176, -0.046294), (-0.021666, -0.013243, -0.045061),
            (-0.02204, -0.012765, -0.043326), (-0.024094, -0.009449, -0.042711), (-0.023178, -0.011092, -0.042182),
            (-0.0249, -0.007837, -0.043708), (-0.024399, -0.008904, -0.041249), (-0.025183, -0.007306, -0.041457),
            (-0.024852, -0.008089, -0.039619), (-0.023698, -0.010293, -0.039453), (-0.023572, -0.010589, -0.037926),
            (-0.025715, -0.006071, -0.042844), (-0.026097, -0.005151, -0.040158), (-0.02472, -0.008423, -0.037876),
            (-0.026062, -0.00532, -0.036969), (-0.025358, -0.007124, -0.035472), (-0.026049, -0.005425, -0.034149),
            (-0.026669, -0.003535, -0.034137), (-0.025787, -0.006114, -0.032368), (-0.026784, -0.003177, -0.03136),
            (-0.026173, -0.005103, -0.030454), (-0.024851, -0.008259, -0.033117), (-0.025323, -0.007258, -0.030094),
            (-0.026863, -0.002881, -0.036341), (-0.027338, -0.000926, -0.035113), (-0.02699, -0.002373, -0.032824),
            (-0.027451, -0.000567, -0.032946), (-0.023781, -0.0105, -0.026261), (-0.024616, -0.008872, -0.026219),
            (-0.024687, -0.008696, -0.027355), (-0.024438, -0.009293, -0.023956), (-0.02526, -0.00749, -0.024518),
            (-0.025479, -0.007086, -0.019969), (-0.025566, -0.006774, -0.021886), (-0.024487, -0.009293, -0.021187),
            (-0.021541, -0.01416, -0.024644), (-0.020245, -0.01584, -0.02272), (-0.021632, -0.014045, -0.022984),
            (-0.018258, -0.017822, -0.024082), (-0.017281, -0.018655, -0.022561), (-0.018437, -0.017672, -0.023332),
            (-0.019435, -0.016647, -0.024275), (-0.018646, -0.017522, -0.022098), (-0.017764, -0.018297, -0.021019),
            (-0.018471, -0.017694, -0.021152), (-0.019504, -0.016708, -0.021067), (-0.018495, -0.01769, -0.020311),
            (-0.01737, -0.018597, -0.019027), (-0.021091, -0.014868, -0.021419), (-0.022405, -0.012776, -0.02591),
            (-0.023399, -0.011182, -0.02527), (-0.023107, -0.011793, -0.023582), (-0.022601, -0.01268, -0.022618),
            (-0.022253, -0.013259, -0.021079), (-0.022718, -0.012634, -0.01892), (-0.021324, -0.014663, -0.019028),
            (-0.023328, -0.011696, -0.016442), (-0.021689, -0.01424, -0.01734), (-0.018667, -0.017559, -0.019092),
            (-0.018445, -0.017767, -0.017999), (-0.020039, -0.016133, -0.019735), (-0.019972, -0.01625, -0.017423),
            (-0.019023, -0.017242, -0.016055), (-0.018151, -0.018019, -0.017207), (-0.020106, -0.016124, -0.015879),
            (-0.023406, -0.011387, -0.020275), (-0.024076, -0.010146, -0.019519), (-0.02397, -0.010483, -0.017689),
            (-0.022492, -0.013127, -0.013937), (-0.023444, -0.011564, -0.014459), (-0.024339, -0.009806, -0.015444),
            (-0.021566, -0.014457, -0.014478), (-0.020504, -0.01569, -0.014038), (-0.022124, -0.013627, -0.015949),
            (-0.019321, -0.016966, -0.013859), (-0.019634, -0.016655, -0.012328), (-0.02119, -0.014928, -0.012003),
            (-0.022356, -0.01339, -0.011378), (-0.020024, -0.016221, -0.011005), (-0.023665, -0.011236, -0.012893),
            (-0.024955, -0.008383, -0.018076), (-0.02577, -0.006432, -0.017413), (-0.026049, -0.005584, -0.019164),
            (-0.025315, -0.007612, -0.015646), (-0.024965, -0.008509, -0.013854), (-0.026066, -0.00562, -0.01573),
            (-0.023087, -0.012309, -0.008564), (-0.023348, -0.011805, -0.010968), (-0.021346, -0.014765, -0.00997),
            (-0.022252, -0.013517, -0.008501), (-0.024441, -0.009766, -0.011865), (-0.020983, -0.015187, -0.008242),
            (-0.022892, -0.012609, -0.006237), (-0.021945, -0.01396, -0.006902), (-0.024069, -0.010597, -0.008747),
            (-0.024676, -0.009346, -0.009999), (-0.023666, -0.011355, -0.006756), (-0.025685, -0.006845, -0.012266),
            (-0.025681, -0.00675, -0.014018), (-0.026255, -0.00518, -0.013544), (-0.026586, -0.004058, -0.01537),
            (-0.025251, -0.008057, -0.009384), (-0.026063, -0.005899, -0.010795), (-0.026521, -0.004427, -0.012324),
            (-0.008479, -0.022393, -0.018518), (-0.009737, -0.022065, -0.017318), (-0.012946, -0.020959, -0.017467),
            (-0.012036, -0.021321, -0.019325), (-0.014118, -0.020466, -0.019296), (-0.012228, -0.021266, -0.016136),
            (-0.016033, -0.019447, -0.017992), (-0.014942, -0.019981, -0.016398), (-0.016977, -0.018834, -0.016599),
            (-0.018212, -0.017958, -0.016153), (-0.017821, -0.018239, -0.014258), (-0.016079, -0.019379, -0.014363),
            (-0.014363, -0.020283, -0.014076), (-0.009802, -0.022041, -0.015919), (-0.01214, -0.021324, -0.01479),
            (-0.010293, -0.021905, -0.01376), (-0.012216, -0.021284, -0.012584), (-0.009912, -0.021883, -0.012272),
            (-0.007408, -0.022529, -0.017058), (-0.007898, -0.022386, -0.015426), (-0.006184, -0.022578, -0.015867),
            (-0.008571, -0.022161, -0.014053), (-0.007162, -0.022233, -0.013809), (-0.004983, -0.022617, -0.014943),
            (-0.005254, -0.022199, -0.013151), (-0.006909, -0.022211, -0.01158), (-0.008202, -0.02203, -0.012013),
            (-0.011345, -0.021404, -0.010685), (-0.008913, -0.022135, -0.010326), (-0.003909, -0.022385, -0.013635),
            (-0.005309, -0.022516, -0.01089), (-0.003229, -0.022431, -0.011711), (-0.006549, -0.02257, -0.009195),
            (-0.003145, -0.022673, -0.010276), (-0.001291, -0.022472, -0.011726), (-0.000638, -0.022729, -0.009939),
            (-0.002559, -0.022793, -0.009025), (-0.014947, -0.020183, -0.023294), (-0.015273, -0.019952, -0.02146),
            (-0.015857, -0.019591, -0.020203), (-0.018388, -0.017803, -0.014901), (-0.005608, -0.022766, -0.017654),
            (-0.003849, -0.022785, -0.016513), (-0.002433, -0.022831, -0.018182), (-0.001542, -0.022715, -0.015872),
            (-0.000576, -0.022784, -0.017555), (0.000689, -0.02256, -0.016641), (-0.003035, -0.022722, -0.015189),
            (0.000236, -0.022554, -0.014212), (-0.001738, -0.022465, -0.013657), (-0.018097, -0.018004, -0.013466),
            (-0.01816, -0.017952, -0.012556), (-0.016419, -0.019107, -0.012471), (-0.017299, -0.018537, -0.011358),
            (-0.018016, -0.018037, -0.011249), (-0.018988, -0.017314, -0.010328), (-0.016041, -0.019297, -0.010292),
            (-0.018007, -0.018106, -0.010231), (-0.017647, -0.018314, -0.009462), (-0.016095, -0.019189, -0.008582),
            (-0.014671, -0.020041, -0.011834), (-0.013633, -0.02044, -0.010809), (-0.013048, -0.020488, -0.008867),
            (-0.013333, -0.020513, -0.006857), (-0.010931, -0.021401, -0.007779), (-0.019657, -0.016618, -0.008669),
            (-0.018057, -0.017953, -0.008854), (-0.020365, -0.015848, -0.006949), (-0.017699, -0.018182, -0.008297),
            (-0.016589, -0.018903, -0.006979), (-0.018962, -0.017213, -0.006932), (-0.017908, -0.018014, -0.007303),
            (-0.019941, -0.016229, -0.005103), (-0.021093, -0.015008, -0.00545), (-0.01761, -0.018177, -0.006026),
            (-0.018163, -0.017757, -0.004902), (-0.014947, -0.019786, -0.006578), (-0.016554, -0.018852, -0.005369),
            (-0.014902, -0.019772, -0.004256), (-0.012843, -0.0207, -0.004006), (-0.017625, -0.018085, -0.004075),
            (-0.016744, -0.01867, -0.003494), (-0.015056, -0.019635, -0.002135), (-0.012769, -0.020772, -0.001469),
            (-0.010418, -0.021525, -0.009568), (-0.008101, -0.022307, -0.008127), (-0.011497, -0.021237, -0.006094),
            (-0.009399, -0.021919, -0.006492), (-0.007818, -0.022351, -0.006055), (-0.004269, -0.022783, -0.008054),
            (-0.005997, -0.022623, -0.006564), (-0.002787, -0.02286, -0.006793), (-0.006941, -0.022497, -0.00436),
            (-0.005689, -0.022689, -0.005108), (-0.004165, -0.022915, -0.004561), (-0.010963, -0.021439, -0.004492),
            (-0.0091, -0.022007, -0.004314), (-0.010435, -0.021571, -0.002339), (-0.012051, -0.021022, -0.002475),
            (-0.010083, -0.021716, -0.000706), (-0.0062, -0.022664, -0.003069), (-0.00388, -0.022977, -0.001973),
            (-0.006163, -0.022684, -0.00186), (-0.007846, -0.022313, -0.001135), (-0.004856, -0.0229, -0.000237),
            (-0.006138, -0.022616, 0.001318), (-0.026749, -0.00326, -0.028234), (-0.025388, -0.007046, -0.02789),
            (-0.025681, -0.006499, -0.026366), (-0.027511, -0.000273, -0.031221), (-0.027212, -0.00169, -0.029203),
            (-0.027863, 0.001602, -0.030802), (-0.027444, -0.000692, -0.027152), (-0.027551, 2e-06, -0.029078),
            (-0.027782, 0.001177, -0.028122), (-0.027987, 0.002837, -0.028855), (-0.026797, -0.003247, -0.022428),
            (-0.026971, -0.002711, -0.024103), (-0.02625, -0.005043, -0.024064), (-0.026403, -0.00452, -0.021994),
            (-0.027274, -0.001543, -0.022634), (-0.027552, -0.000432, -0.02361), (-0.027013, -0.002521, -0.025728),
            (-0.027538, -0.000235, -0.025609), (-0.028077, 0.003017, -0.027279), (-0.027912, 0.00187, -0.026128),
            (-0.028049, 0.003354, -0.031255), (-0.02826, 0.005352, -0.027272), (-0.028206, 0.008622, -0.026125),
            (-0.027641, 0.013553, -0.027284), (-0.026587, -0.003967, -0.020378), (-0.026706, -0.003549, -0.018824),
            (-0.027122, -0.001976, -0.021093), (-0.026416, -0.004541, -0.01746), (-0.027023, -0.002297, -0.017119),
            (-0.027339, -0.000917, -0.01988), (-0.027518, -0.0002, -0.01821), (-0.02757, -8.6e-05, -0.022062),
            (-0.027951, 0.001856, -0.023317), (-0.027836, 0.001454, -0.021257), (-0.028178, 0.00431, -0.023243),
            (-0.028128, 0.00342, -0.024926), (-0.02812, 0.003724, -0.021621), (-0.0282, 0.003882, -0.020193),
            (-0.027821, 0.001709, -0.018401), (-0.02811, 0.003431, -0.018458), (-0.027, -0.002382, -0.015126),
            (-0.027511, -0.000132, -0.016588), (-0.027757, 0.001141, -0.015225), (-0.02734, -0.000999, -0.014376),
            (-0.026981, -0.002616, -0.012614), (-0.02741, -0.000671, -0.012186), (-0.027695, 0.001019, -0.013606),
            (-0.028198, 0.005579, -0.019134), (-0.028179, 0.004554, -0.016667), (-0.028244, 0.006217, -0.017604),
            (-0.027918, 0.002424, -0.016922), (-0.028047, 0.002953, -0.014803), (-0.028211, 0.004723, -0.014808),
            (-0.028241, 0.006477, -0.015346), (-0.028177, 0.008764, -0.024434), (-0.028257, 0.006427, -0.024641),
            (-0.028215, 0.008023, -0.022783), (-0.028234, 0.006333, -0.021535), (-0.028186, 0.008412, -0.021424),
            (-0.027939, 0.0117, -0.025325), (-0.028039, 0.010787, -0.024024), (-0.027715, 0.013118, -0.025878),
            (-0.02807, 0.009862, -0.022911), (-0.028114, 0.009365, -0.020594), (-0.027893, 0.01154, -0.022766),
            (-0.027539, 0.013879, -0.024515), (-0.027574, 0.013668, -0.02309), (-0.028206, 0.007338, -0.019341),
            (-0.028174, 0.008626, -0.018493), (-0.028, 0.010747, -0.020357), (-0.028185, 0.007725, -0.016434),
            (-0.028006, 0.010402, -0.018381), (-0.028083, 0.009281, -0.015705), (-0.027902, 0.011123, -0.016355),
            (-0.027826, 0.012169, -0.021282), (-0.027509, 0.013934, -0.020844), (-0.027671, 0.012784, -0.018226),
            (-0.027316, 0.01477, -0.018975), (-0.023978, -0.00817, -0.055982), (-0.022425, -0.009977, -0.057385),
            (-0.024682, -0.00515, -0.057888), (-0.025255, -0.005259, -0.056882), (-0.025266, -0.006196, -0.054969),
            (-0.024251, -0.008226, -0.054228), (-0.023126, -0.009747, -0.055622), (-0.024966, -0.006642, -0.052847),
            (-0.025909, -0.004283, -0.053189), (-0.026046, -0.004143, -0.054923), (-0.025027, -0.003091, -0.058072),
            (-0.023211, -0.004913, -0.058068), (-0.026039, -0.003226, -0.057066), (-0.021517, -0.00618, -0.057097),
            (-0.023964, -0.001494, -0.057708), (-0.026033, -0.001327, -0.058094), (-0.026575, -0.001759, -0.056306),
            (-0.02715, 0.000501, -0.05685), (-0.027053, -0.000993, -0.053819), (-0.027273, 0.000303, -0.0552),
            (-0.02679, -0.002363, -0.054474), (-0.026452, 0.001, -0.05804), (-0.025018, 0.000204, -0.058119),
            (-0.027594, 0.002917, -0.057403), (-0.025691, 0.002845, -0.058133), (-0.024641, 0.00171, -0.057472),
            (-0.026101, 0.004166, -0.058189), (-0.027478, 0.001854, -0.055851), (-0.027939, 0.003185, -0.054324),
            (-0.027881, 0.004918, -0.057268), (0.010515, -0.023983, -0.056506), (0.00875, -0.021631, -0.057358),
            (0.013229, -0.02329, -0.05707), (0.01537, -0.022769, -0.056218), (-0.013276, -0.019916, -0.054446),
            (-0.009411, -0.02154, -0.056918), (-0.009842, -0.021767, -0.054766), (-0.008167, -0.022664, -0.054859),
            (-0.0065, -0.022725, -0.057041), (-0.005831, -0.023251, -0.055706), (-0.00939, -0.021835, -0.053405),
            (-0.007049, -0.022761, -0.053347), (-0.014718, -0.018598, -0.053356), (-0.012667, -0.020873, -0.046714),
            (-0.012241, -0.021162, -0.045194), (-0.012644, -0.021011, -0.043924), (-0.003218, -0.023672, -0.057422),
            (-0.003505, -0.024081, -0.055004), (-0.0018, -0.02402, -0.056665), (-0.001689, -0.024442, -0.054542),
            (0.000814, -0.024697, -0.055202), (0.000148, -0.024742, -0.054052), (0.002082, -0.024758, -0.053532),
            (-0.005718, -0.023516, -0.054239), (-0.002997, -0.024041, -0.053143), (-0.008017, -0.022935, -0.046419),
            (-0.016112, -0.017313, -0.057167), (-0.015552, -0.017947, -0.056371), (-0.015603, -0.0184, -0.054871),
            (-0.017226, -0.016786, -0.055412), (-0.01729, -0.016324, -0.057013), (-0.017622, -0.016217, -0.056316),
            (-0.019875, -0.013551, -0.057198), (-0.018135, -0.015154, -0.057545), (-0.018795, -0.015317, -0.055596),
            (-0.017426, -0.015771, -0.05762), (-0.016531, -0.014898, -0.058186), (-0.018227, -0.014398, -0.057989),
            (-0.017778, -0.013992, -0.058112), (-0.019116, -0.012664, -0.058132), (-0.017499, -0.013354, -0.057971),
            (-0.017863, -0.012101, -0.057536), (-0.017418, -0.012761, -0.057693), (-0.016259, -0.013411, -0.057216),
            (-0.014208, -0.018868, -0.056303), (-0.020164, -0.014006, -0.05499), (-0.021033, -0.012631, -0.05566),
            (-0.021432, -0.011617, -0.056986), (-0.022209, -0.011329, -0.055028), (-0.021336, -0.012354, -0.053359),
            (-0.018461, -0.015678, -0.053439), (-0.017338, -0.016874, -0.054618), (-0.017033, -0.017135, -0.054213),
            (-0.016814, -0.017247, -0.053146), (-0.019795, -0.014485, -0.052959), (-0.017551, -0.01691, -0.05271),
            (-0.020712, -0.01033, -0.058141), (-0.019034, -0.01059, -0.057562), (-0.018078, -0.011348, -0.057037),
            (-0.020714, -0.008102, -0.057352), (-0.017311, -0.011879, -0.056483), (-0.023444, -0.009468, -0.053353),
            (0.001806, -0.024559, -0.056709), (0.003272, -0.024743, -0.055098), (0.005363, -0.024222, -0.057783),
            (0.005802, -0.024641, -0.055963), (0.008341, -0.024478, -0.054987), (0.00468, -0.024781, -0.053811),
            (0.011202, -0.02401, -0.054974), (0.013571, -0.023381, -0.054479), (0.014066, -0.023419, -0.052857),
            (-0.027556, 0.001159, -0.053301), (-0.027781, 0.000991, -0.051482), (-0.027968, 0.005855, -0.055258),
            (-0.028323, 0.006466, -0.053994), (-0.028088, 0.003021, -0.048913), (-0.02817, 0.003566, -0.047585),
            (-0.028353, 0.005309, -0.048441), (-0.028382, 0.006253, -0.050428), (-0.0284, 0.007743, -0.049445),
            (-0.028332, 0.006208, -0.04676), (-0.028317, 0.008717, -0.047666), (-0.026254, -0.004885, -0.026854),
            (0.017101, -0.019105, -0.057631), (0.016803, -0.021498, -0.05807), (0.018923, -0.020536, -0.057976),
            (0.018799, -0.018731, -0.058063), (0.02014, -0.017795, -0.058001), (0.020845, -0.019547, -0.057945),
            (0.021626, -0.016126, -0.057213), (0.022117, -0.017962, -0.058317), (0.023483, -0.015296, -0.057883),
            (0.021475, -0.015238, -0.054955), (0.00931, -0.022661, -0.03702), (0.014536, -0.023352, -0.051146),
            (0.016076, -0.02298, -0.051795), (0.016377, -0.022632, -0.048656), (0.017845, -0.022191, -0.049964),
            (0.017726, -0.022314, -0.052253), (0.018778, -0.021516, -0.053581), (0.019627, -0.021487, -0.050841),
            (0.021289, -0.020733, -0.051764), (0.021798, -0.02051, -0.050213), (0.014794, -0.023115, -0.049232),
            (0.012405, -0.02358, -0.048371), (0.014171, -0.023195, -0.047918), (0.01253, -0.023297, -0.045622),
            (0.015181, -0.022775, -0.045864), (0.018008, -0.022008, -0.04684), (0.019385, -0.021578, -0.048517),
            (0.021903, -0.020538, -0.0467), (0.020047, -0.021292, -0.04621), (0.023788, -0.019456, -0.048931),
            (0.017482, -0.022019, -0.044463), (0.019897, -0.021274, -0.044316), (0.023136, -0.02005, -0.042224),
            (0.024109, -0.019405, -0.046432), (0.023803, -0.019699, -0.043972), (0.016815, -0.018124, -0.055308),
            (0.019068, -0.017106, -0.055457), (0.017876, -0.01611, -0.054446), (0.017517, -0.013882, -0.055713),
            (0.019379, -0.014714, -0.054589), (0.02302, -0.019602, -0.052815), (0.020686, -0.020571, -0.053842),
            (0.019117, -0.012593, -0.055694), (0.021322, -0.013629, -0.054386), (0.020492, -0.010246, -0.055481),
            (0.018509, -0.00976, -0.054071), (0.021659, -0.012292, -0.054916), (0.022436, -0.010336, -0.055486),
            (0.022785, -0.013336, -0.054466), (0.024241, -0.013797, -0.056754), (0.02411, -0.011324, -0.054233),
            (0.024531, -0.012745, -0.055128), (0.025462, -0.018323, -0.0502), (0.02475, -0.01867, -0.052101),
            (0.026156, -0.017741, -0.051855), (0.027349, -0.016957, -0.049837), (0.027168, -0.016861, -0.052647),
            (0.028492, -0.015625, -0.052673), (0.028938, -0.015517, -0.049584), (0.029989, -0.014295, -0.051732),
            (0.030812, -0.013467, -0.048658), (0.031693, -0.012266, -0.051152), (0.025691, -0.018342, -0.047748),
            (0.02748, -0.01705, -0.046761), (0.025629, -0.018524, -0.04513), (0.027919, -0.0168, -0.044327),
            (0.027099, -0.017585, -0.042601), (0.028732, -0.015879, -0.046585), (0.030166, -0.014316, -0.047082),
            (0.03054, -0.013991, -0.045207), (0.031816, -0.012212, -0.046719), (0.012161, -0.023077, -0.042944),
            (0.013965, -0.022835, -0.043876), (0.015772, -0.022388, -0.043197), (0.010385, -0.023174, -0.041224),
            (0.013412, -0.022646, -0.041124), (0.017714, -0.021815, -0.041423), (0.015801, -0.022147, -0.04048),
            (0.017269, -0.021766, -0.039829), (0.019273, -0.02139, -0.042749), (0.01944, -0.021253, -0.04024),
            (0.011305, -0.022725, -0.039391), (0.012583, -0.022318, -0.038402), (0.014584, -0.022208, -0.039356),
            (0.011035, -0.022043, -0.035275), (0.012706, -0.021882, -0.03581), (0.016022, -0.021874, -0.038723),
            (0.018158, -0.021369, -0.037839), (0.016518, -0.021482, -0.036414), (0.014275, -0.021939, -0.037505),
            (0.014321, -0.021641, -0.035588), (0.015473, -0.02168, -0.036601), (0.017974, -0.020917, -0.034951),
            (0.020772, -0.02094, -0.041864), (0.02527, -0.018923, -0.042768), (0.021651, -0.020632, -0.039984),
            (0.02534, -0.018994, -0.040252), (0.023252, -0.020044, -0.038815), (0.024951, -0.01927, -0.038263),
            (0.020026, -0.020921, -0.036932), (0.019561, -0.020467, -0.034068), (0.02133, -0.020681, -0.037812),
            (0.022608, -0.020288, -0.036247), (0.024194, -0.019698, -0.036589), (0.021379, -0.020442, -0.035214),
            (0.02307, -0.019991, -0.032869), (0.026797, -0.018058, -0.039167), (0.026, -0.01882, -0.036234),
            (0.02741, -0.017659, -0.037439), (0.028582, -0.016378, -0.041017), (0.029689, -0.01507, -0.042966),
            (0.030085, -0.014691, -0.041548), (0.029136, -0.015909, -0.038673), (0.030882, -0.013821, -0.039869),
            (0.031125, -0.01331, -0.043528), (0.032713, -0.010834, -0.044244), (0.032305, -0.011558, -0.042849),
            (0.031744, -0.012463, -0.041546), (0.032242, -0.011764, -0.039902), (0.031587, -0.012833, -0.038816),
            (0.029105, -0.016089, -0.036831), (0.030535, -0.014354, -0.037335), (0.029936, -0.015175, -0.035523),
            (0.027471, -0.017742, -0.034521), (0.030382, -0.014692, -0.033527), (0.031451, -0.013171, -0.034973),
            (0.031511, -0.013045, -0.03654), (0.03225, -0.011817, -0.037094), (0.032877, -0.010619, -0.03803),
            (0.032806, -0.010844, -0.035565), (0.009198, -0.022237, -0.034543), (0.008109, -0.022065, -0.032663),
            (0.010174, -0.021773, -0.033094), (0.009025, -0.0214, -0.03057), (0.010075, -0.021384, -0.031365),
            (0.007136, -0.021581, -0.028247), (0.009638, -0.021206, -0.028898), (0.008588, -0.021336, -0.026937),
            (0.011027, -0.021064, -0.026691), (0.012032, -0.020924, -0.028851), (0.006493, -0.021613, -0.026539),
            (0.005587, -0.021776, -0.02407), (0.007988, -0.021483, -0.025314), (0.00442, -0.022102, -0.021595),
            (0.006829, -0.022026, -0.021885), (0.007403, -0.021645, -0.024048), (0.010932, -0.021239, -0.02523),
            (0.012643, -0.021158, -0.025738), (0.009526, -0.021683, -0.023428), (0.01417, -0.021142, -0.025877),
            (0.012377, -0.021432, -0.023937), (0.009064, -0.022202, -0.020462), (0.011468, -0.021759, -0.022486),
            (0.01068, -0.022118, -0.020905), (0.013347, -0.0216, -0.022773), (0.012295, -0.021937, -0.021055),
            (0.002792, -0.022253, -0.020529), (0.004591, -0.022455, -0.019015), (0.002735, -0.022635, -0.017759),
            (0.003961, -0.022517, -0.016825), (0.006685, -0.022549, -0.018405), (0.005606, -0.022489, -0.016134),
            (0.007222, -0.022592, -0.016904), (0.008935, -0.022599, -0.017625), (0.011915, -0.022231, -0.019136),
            (0.010479, -0.022483, -0.018356), (0.010385, -0.022632, -0.016504), (0.012404, -0.022369, -0.017084),
            (0.015776, -0.021168, -0.024876), (0.014711, -0.021618, -0.021772), (0.015073, -0.021872, -0.019142),
            (0.017149, -0.021433, -0.02083), (0.013396, -0.022092, -0.018951), (0.016417, -0.021699, -0.018255),
            (0.015293, -0.021974, -0.016709), (0.012281, -0.022517, -0.014996), (0.014164, -0.022285, -0.014799),
            (0.015395, -0.022129, -0.013874), (0.017482, -0.021582, -0.016769), (0.018742, -0.021254, -0.018636),
            (0.01939, -0.021156, -0.016623), (0.019491, -0.021199, -0.014694), (0.017267, -0.02177, -0.01445),
            (0.012093, -0.021327, -0.032716), (0.011322, -0.021041, -0.030855), (0.014679, -0.021065, -0.03319),
            (0.016128, -0.021035, -0.034114), (0.017478, -0.020717, -0.032773), (0.013535, -0.020776, -0.030751),
            (0.014847, -0.020762, -0.031405), (0.016757, -0.020536, -0.030863), (0.01562, -0.020785, -0.029111),
            (0.014287, -0.021005, -0.027449), (0.019044, -0.020343, -0.030841), (0.020842, -0.020348, -0.03271),
            (0.018333, -0.020533, -0.029198), (0.021282, -0.020195, -0.030659), (0.020283, -0.020362, -0.029144),
            (0.024546, -0.019558, -0.033413), (0.023261, -0.019902, -0.030576), (0.027757, -0.017676, -0.031413),
            (0.025921, -0.018926, -0.031599), (0.022176, -0.020038, -0.028437), (0.023567, -0.019735, -0.028749),
            (0.025323, -0.019145, -0.029391), (0.026502, -0.018579, -0.02912), (0.01701, -0.020689, -0.027881),
            (0.019028, -0.020364, -0.027285), (0.02032, -0.020144, -0.026928), (0.021084, -0.020104, -0.027899),
            (0.016772, -0.020827, -0.026487), (0.018205, -0.020822, -0.025464), (0.020808, -0.02054, -0.023853),
            (0.018285, -0.021024, -0.023433), (0.022025, -0.020144, -0.02547), (0.023083, -0.019659, -0.026645),
            (0.024963, -0.019247, -0.026196), (0.023811, -0.019617, -0.023136), (0.022673, -0.020052, -0.023338),
            (0.024882, -0.01923, -0.027658), (0.028399, -0.016938, -0.034299), (0.019608, -0.020874, -0.021924),
            (0.022167, -0.020186, -0.021621), (0.023058, -0.019824, -0.020462), (0.020937, -0.020557, -0.020083),
            (0.020676, -0.020713, -0.018431), (0.02106, -0.020617, -0.016797), (0.022794, -0.019972, -0.0178),
            (0.022059, -0.020287, -0.016078), (0.027639, -0.017792, -0.029463), (0.026509, -0.01846, -0.026383),
            (0.027818, -0.017617, -0.027037), (0.029075, -0.016525, -0.028675), (0.028804, -0.016836, -0.025468),
            (0.02578, -0.01875, -0.024101), (0.027756, -0.017543, -0.024373), (0.027006, -0.017999, -0.022457),
            (0.028715, -0.016874, -0.022741), (0.029765, -0.015894, -0.024738), (0.029212, -0.016189, -0.033045),
            (0.030044, -0.01519, -0.031696), (0.029493, -0.016013, -0.030606), (0.031055, -0.013931, -0.030999),
            (0.031509, -0.013167, -0.032236), (0.030919, -0.014277, -0.029015), (0.032122, -0.01214, -0.033295),
            (0.032575, -0.011425, -0.031369), (0.032964, -0.010623, -0.03315), (0.033541, -0.00947, -0.034244),
            (0.033416, -0.00985, -0.03196), (0.032258, -0.012173, -0.02903), (0.033279, -0.010226, -0.029825),
            (0.034091, -0.008411, -0.032251), (0.030254, -0.01523, -0.026809), (0.031468, -0.013536, -0.026871),
            (0.03091, -0.014436, -0.023787), (0.029664, -0.016038, -0.021534), (0.031848, -0.013064, -0.024794),
            (0.032483, -0.011943, -0.026459), (0.033236, -0.010416, -0.027618), (0.034283, -0.008162, -0.027835),
            (0.033979, -0.008985, -0.025814), (0.032778, -0.011504, -0.023861), (0.025402, -0.018912, -0.022255),
            (0.025046, -0.019026, -0.02056), (0.024487, -0.019247, -0.018812), (0.028382, -0.017037, -0.020712),
            (0.026888, -0.017943, -0.018417), (0.028802, -0.016643, -0.018378), (0.029899, -0.01569, -0.01924),
            (0.030757, -0.014668, -0.020464), (0.024736, -0.019095, -0.017162), (0.023462, -0.019689, -0.015244),
            (0.026134, -0.018312, -0.015003), (0.022107, -0.020285, -0.013417), (0.020217, -0.021016, -0.012492),
            (0.0246, -0.019135, -0.013309), (0.028342, -0.016869, -0.015186), (0.029713, -0.015755, -0.016075),
            (0.030438, -0.015046, -0.017087), (0.026292, -0.018198, -0.012527), (0.028338, -0.016806, -0.013129),
            (0.029971, -0.01542, -0.014295), (0.028977, -0.01624, -0.011626), (0.031118, -0.014152, -0.015161),
            (0.030564, -0.014731, -0.013202), (0.032139, -0.012786, -0.021371), (0.031281, -0.014059, -0.018853),
            (0.032539, -0.012153, -0.019515), (0.033116, -0.011029, -0.021284), (0.033725, -0.009807, -0.021762),
            (0.034239, -0.008821, -0.018802), (0.031775, -0.013355, -0.016841), (0.033343, -0.010781, -0.017529),
            (0.032909, -0.011587, -0.015856), (0.032241, -0.012647, -0.014687), (0.031529, -0.013596, -0.013498),
            (0.033241, -0.011, -0.013583), (0.034097, -0.009291, -0.013558), (0.035143, -0.006609, -0.019009),
            (0.035044, -0.0068, -0.020566), (0.03527, -0.006374, -0.016816), (0.03439, -0.008586, -0.015849),
            (0.035617, -0.005306, -0.017936), (0.035002, -0.007221, -0.013897), (0.035611, -0.005445, -0.014653),
            (-0.000853, -0.022881, -0.007275), (0.000521, -0.022742, -0.008271), (0.002576, -0.02244, -0.015107),
            (0.004361, -0.022553, -0.01506), (0.002104, -0.022322, -0.013133), (0.000334, -0.022387, -0.012273),
            (0.003951, -0.022476, -0.013224), (0.005173, -0.022533, -0.013042), (0.007364, -0.022658, -0.015183),
            (0.006587, -0.022644, -0.013484), (0.009668, -0.02275, -0.014879), (0.008152, -0.022772, -0.01386),
            (0.006568, -0.022724, -0.011304), (0.008718, -0.022877, -0.011829), (0.010201, -0.022865, -0.012405),
            (0.001055, -0.022517, -0.010953), (0.003293, -0.022542, -0.010966), (0.001582, -0.022612, -0.009104),
            (0.003767, -0.022748, -0.0089), (0.003595, -0.022918, -0.007147), (0.00196, -0.022777, -0.007091),
            (0.004402, -0.0227, -0.010492), (0.005853, -0.02284, -0.009479), (0.007125, -0.022947, -0.008658),
            (0.00916, -0.022954, -0.009548), (0.008266, -0.02305, -0.008119), (0.005422, -0.023004, -0.007701),
            (0.007931, -0.023281, -0.006399), (0.005743, -0.023167, -0.006056), (0.011561, -0.022674, -0.013333),
            (0.012828, -0.022595, -0.012197), (0.012031, -0.022819, -0.010518), (0.010659, -0.022942, -0.010198),
            (0.014143, -0.022449, -0.011471), (0.016622, -0.022001, -0.011886), (0.018715, -0.021462, -0.012963),
            (0.018472, -0.021579, -0.010682), (0.015262, -0.022357, -0.010049), (0.018556, -0.02162, -0.008567),
            (0.019824, -0.021177, -0.009914), (0.013456, -0.022647, -0.008802), (0.015599, -0.022342, -0.008475),
            (0.017317, -0.021979, -0.007333), (0.015432, -0.022406, -0.006961), (0.017188, -0.021999, -0.005892),
            (0.017446, -0.022064, -0.003727), (0.016251, -0.022367, -0.003889), (0.000912, -0.022826, -0.005607),
            (-0.001204, -0.022916, -0.00514), (0.002399, -0.022922, -0.005227), (-0.002434, -0.023, -0.003664),
            (-0.000561, -0.022991, -0.003724), (0.001514, -0.022953, -0.003278), (0.004172, -0.023171, -0.004489),
            (0.002553, -0.023095, -0.002328), (0.005115, -0.023309, -0.002761), (-0.000957, -0.023072, -0.00177),
            (0.001466, -0.023063, -0.001289), (-0.002471, -0.023179, 0.000574), (-0.000112, -0.023211, 0.00036),
            (-0.00196, -0.023207, 0.002481), (0.000228, -0.023301, 0.001784), (0.002046, -0.023222, 0.000338),
            (0.003906, -0.023349, -0.000724), (0.006074, -0.023432, -0.00041), (0.002711, -0.023408, 0.002032),
            (0.000724, -0.023327, 0.00299), (0.005527, -0.023546, 0.001647), (0.006892, -0.023347, -0.003131),
            (0.007773, -0.023603, -0.000161), (0.009166, -0.023365, -0.001734), (0.004433, -0.023634, 0.003359),
            (0.006764, -0.023775, 0.004661), (0.007639, -0.023658, 0.002428), (0.006383, -0.023268, -0.004852),
            (0.008676, -0.023305, -0.003984), (0.014526, -0.022736, -0.001941), (0.015806, -0.022521, -0.001372),
            (0.021438, -0.020621, -0.010978), (0.020816, -0.020904, -0.007534), (0.022006, -0.020374, -0.008506),
            (0.023157, -0.019845, -0.010693), (0.019171, -0.021462, -0.006675), (0.020554, -0.02098, -0.005927),
            (0.02259, -0.020166, -0.006801), (0.019143, -0.021557, -0.004628), (0.020607, -0.021049, -0.004059),
            (0.018469, -0.021785, -0.002441), (0.022259, -0.020335, -0.00501), (0.024003, -0.019443, -0.005599),
            (0.021803, -0.020579, -0.00303), (0.023634, -0.019673, -0.003887), (0.017332, -0.022175, -0.000949),
            (0.018654, -0.021815, 0.000822), (0.016391, -0.022475, 0.00019), (0.019504, -0.021453, -0.001695),
            (0.019966, -0.021332, 0.000113), (0.021401, -0.020737, -0.001173), (0.021228, -0.020854, 0.001109),
            (0.019643, -0.021525, 0.002449), (0.02364, -0.019668, -0.001534), (0.022578, -0.020227, 0.000167),
            (0.022188, -0.020406, 0.002301), (0.024167, -0.019415, 0.001076), (0.023647, -0.019667, 0.002779),
            (0.024833, -0.018972, -0.000972), (0.017804, -0.022102, 0.002247), (0.019446, -0.021539, 0.004153),
            (0.018128, -0.022068, 0.00588), (0.017094, -0.022378, 0.003833), (0.020783, -0.021006, 0.003692),
            (0.019423, -0.021679, 0.006389), (0.025633, -0.018477, 0.001659), (0.024723, -0.018954, 0.004108),
            (0.02633, -0.017964, 0.003446), (0.022886, -0.020014, 0.004615), (0.022894, -0.020102, 0.007028),
            (0.021165, -0.020892, 0.005952), (0.023963, -0.019425, 0.006317), (0.024945, -0.018779, 0.006818),
            (0.026113, -0.018273, -0.009673), (0.024211, -0.01938, -0.008887), (0.027605, -0.017292, -0.011086),
            (0.024725, -0.019077, -0.007275), (0.027728, -0.017183, -0.009363), (0.02995, -0.015301, -0.011196),
            (0.031078, -0.014098, -0.011666), (0.030558, -0.014614, -0.01006), (0.029798, -0.01536, -0.008419),
            (0.031107, -0.013966, -0.008923), (0.025632, -0.018513, -0.005324), (0.027116, -0.01756, -0.007151),
            (0.026718, -0.017785, -0.004353), (0.028502, -0.016485, -0.00571), (0.028815, -0.016246, -0.007371),
            (0.025422, -0.018657, -0.002711), (0.02671, -0.017782, -0.002181), (0.027932, -0.016917, -0.00419),
            (0.029604, -0.015369, -0.004155), (0.027859, -0.017005, -0.002791), (0.030248, -0.014749, -0.005894),
            (0.028706, -0.016156, -0.00172), (0.031627, -0.013277, -0.0077), (0.032332, -0.0123, -0.006494),
            (0.030486, -0.014382, -0.002139), (0.03101, -0.013853, -0.004673), (0.032282, -0.012345, -0.004626),
            (0.031638, -0.013066, -0.002759), (0.032366, -0.012402, -0.01194), (0.033818, -0.009854, -0.011824),
            (0.032417, -0.012264, -0.009408), (0.03323, -0.011031, -0.010292), (0.033025, -0.01131, -0.008137),
            (0.033916, -0.009693, -0.009564), (0.034573, -0.008283, -0.011314), (0.035462, -0.00603, -0.012039),
            (0.03472, -0.007932, -0.008715), (0.035306, -0.006468, -0.009959), (0.036192, -0.003724, -0.010061),
            (0.033243, -0.01088, -0.006384), (0.033993, -0.009503, -0.007315), (0.034706, -0.007973, -0.006411),
            (0.033228, -0.010797, -0.004311), (0.033867, -0.009687, -0.005209), (0.033552, -0.01023, -0.003179),
            (0.035324, -0.00642, -0.008442), (0.035411, -0.006263, -0.006417), (0.035991, -0.004605, -0.007876),
            (0.035501, -0.005995, -0.004329), (0.036077, -0.00432, -0.004519), (0.036352, -0.00337, -0.005478),
            (0.036409, -0.003006, -0.007328), (0.025965, -0.018349, -7e-06), (0.027651, -0.017158, -0.00054),
            (0.02706, -0.017604, 0.00052), (0.027582, -0.017059, 0.002226), (0.028836, -0.015963, 0.00174),
            (0.029643, -0.015187, -0.000314), (0.03041, -0.014354, 0.001965), (0.032654, -0.011587, -0.002248),
            (0.031038, -0.013689, -0.000103), (0.031855, -0.012679, 0.000508), (0.032908, -0.011122, 0.001328),
            (0.02817, -0.016499, 0.003794), (0.029605, -0.015161, 0.004094), (0.026615, -0.017697, 0.005257),
            (0.0285, -0.016133, 0.005717), (0.029806, -0.015015, 0.006402), (0.030469, -0.014225, 0.004516),
            (0.031366, -0.013172, 0.006953), (0.031866, -0.01266, 0.002383), (0.031618, -0.012854, 0.00476),
            (0.032795, -0.011238, 0.003868), (0.033558, -0.010011, 0.001614), (0.03288, -0.011018, 0.007368),
            (0.033499, -0.010189, -0.000936), (0.034159, -0.00896, -0.001037), (0.034597, -0.008146, -0.004336),
            (0.034655, -0.008082, -0.003026), (0.034532, -0.008203, 0.001123), (0.034819, -0.007622, -0.001263),
            (0.035454, -0.006042, -0.002368), (0.036282, -0.003755, -0.002302), (0.036627, -0.002027, -0.004003),
            (0.03619, -0.004001, 0.000645), (0.035828, -0.005191, -0.00104), (0.036679, -0.002244, 0.00055),
            (0.033919, -0.009332, 0.003388), (0.034545, -0.008148, 0.003246), (0.033265, -0.010437, 0.00544),
            (0.035526, -0.005915, 0.000359), (0.035873, -0.004964, 0.002691), (0.035161, -0.006819, 0.001807),
            (0.03645, -0.0031, 0.002855), (0.035971, -0.004644, 0.004563), (0.03516, -0.006767, 0.004332),
            (0.03686, -0.00157, 0.003124), (0.036866, -0.001643, 0.004365), (0.01721, -0.022205, -0.055519),
            (0.018495, -0.021394, -0.056406), (0.020788, -0.020461, -0.05591), (0.022408, -0.019427, -0.055769),
            (0.023793, -0.018117, -0.056796), (0.024891, -0.018037, -0.054187), (0.025243, -0.017442, -0.055875),
            (0.024643, -0.0167, -0.058168), (0.026096, -0.016075, -0.057176), (0.025703, -0.014341, -0.058211),
            (0.027566, -0.013794, -0.058011), (0.027181, -0.016114, -0.055076), (0.028404, -0.014001, -0.056418),
            (0.029408, -0.013971, -0.054613), (0.016296, -0.022451, -0.054125), (0.026249, -0.011924, -0.057264),
            (0.030955, -0.012786, -0.053127), (0.026252, -0.018726, -0.033962), (0.033874, -0.009305, -0.023825),
            (0.034878, -0.007175, -0.02383), (0.03454, -0.008003, -0.021682), (0.03526, -0.006042, -0.022238),
            (0.009657, -0.023203, -0.00766), (0.011143, -0.023001, -0.008171), (0.012935, -0.022737, -0.007087),
            (0.009792, -0.023216, -0.005567), (0.011487, -0.022979, -0.006087), (0.015058, -0.022595, -0.005144),
            (0.012794, -0.022828, -0.0047), (0.009271, -0.023378, 0.001296), (0.008923, -0.023653, 0.003859),
            (0.010539, -0.023417, 0.001541), (0.010956, -0.023464, 0.003621), (0.010041, -0.023606, 0.00607),
            (0.012283, -0.023087, 0.004984), (0.011084, -0.023135, -0.003651), (0.012131, -0.02289, -0.001803),
            (0.011157, -0.023177, -0.000393), (0.01362, -0.022791, -0.003188), (0.013381, -0.022729, 0.000673),
            (0.014592, -0.022937, 0.001065), (0.012209, -0.023103, 0.002066), (0.013305, -0.022954, 0.003405),
            (0.014917, -0.022939, 0.004048), (0.016008, -0.022592, 0.001759), (0.016516, -0.022569, 0.005833),
            (0.015046, -0.02297, 0.006473), (0.025741, -0.018286, 0.00767), (0.027181, -0.017284, 0.006543),
            (0.028505, -0.016128, 0.007941), (0.030392, -0.0143, 0.008589), (0.034569, -0.008006, 0.005709),
            (0.03381, -0.009257, 0.006814), (0.035419, -0.005994, 0.00633), (-0.02033, 0.004535, -0.055913),
            (-0.01942, 0.003746, -0.055893), (-0.021733, 0.005331, -0.055377), (-0.019932, 0.005279, -0.055919),
            (-0.020648, 0.006382, -0.055895), (-0.02274, 0.006901, -0.054744), (-0.020009, 0.006157, -0.055867),
            (-0.01965, 0.00743, -0.055814), (-0.020464, 0.007204, -0.055907), (-0.020396, 0.008154, -0.055908),
            (-0.020704, 0.009011, -0.055897), (-0.019389, 0.008614, -0.0557), (-0.018614, 0.006849, -0.05497),
            (-0.020009, 0.009613, -0.055897), (-0.020644, 0.010178, -0.055884), (-0.019464, 0.010736, -0.05581),
            (-0.018636, 0.009794, -0.055072), (-0.018675, 0.005023, -0.055215), (-0.016736, 0.004355, -0.05415),
            (-0.01484, 0.004536, -0.054975), (-0.017441, 0.006325, -0.054101), (-0.016137, 0.006255, -0.054556),
            (-0.01431, 0.005962, -0.054944), (-0.017447, 0.00781, -0.054066), (-0.013722, 0.00316, -0.054892),
            (-0.012668, 0.003418, -0.054368), (-0.009997, 0.002433, -0.054233), (-0.012433, 0.005257, -0.05421),
            (-0.011071, 0.004066, -0.054213), (-0.011654, 0.006352, -0.054189), (-0.009148, 0.005255, -0.054237),
            (-0.013871, 0.00689, -0.054778), (-0.015348, 0.008443, -0.054925), (-0.013645, 0.008181, -0.054611),
            (-0.017086, 0.009015, -0.054115), (-0.015963, 0.010318, -0.054604), (-0.014171, 0.009957, -0.054933),
            (-0.015289, 0.011395, -0.054841), (-0.013416, 0.011267, -0.054701), (-0.011984, 0.008244, -0.054227),
            (-0.012578, 0.009585, -0.054196), (-0.010092, 0.008291, -0.054254), (-0.011111, 0.011124, -0.054235),
            (-0.01055, 0.009932, -0.054242), (-0.008921, 0.010646, -0.054258), (-0.0057, 0.000676, -0.054232),
            (-0.00754, 0.001285, -0.054234), (-0.003631, 0.000851, -0.054211), (-0.000517, -0.001921, -0.054175),
            (-0.005011, 0.004061, -0.054211), (-0.001772, 0.000878, -0.054172), (-0.002388, 0.003359, -0.05418),
            (-0.000137, 0.001874, -0.054151), (-2.2e-05, 0.004174, -0.054143), (-0.002121, 0.00539, -0.054176),
            (-0.009311, 0.000688, -0.054224), (-0.007843, 0.003049, -0.054235), (-0.007197, 0.00482, -0.054225),
            (-0.007672, 0.007352, -0.054238), (-0.004967, 0.006662, -0.054212), (-0.00577, 0.009036, -0.054228),
            (-0.003185, 0.007737, -0.054188), (-0.007295, 0.009486, -0.054246), (-0.000445, 0.006555, -0.054158),
            (-0.014808, 0.012759, -0.054885), (-0.013347, 0.012635, -0.054847), (-0.012313, 0.012578, -0.054265),
            (-0.011222, 0.013583, -0.054156), (-0.009186, 0.012437, -0.054264), (-0.007284, 0.013057, -0.054245),
            (-0.009009, 0.014847, -0.054252), (-0.00366, 0.01067, -0.054205), (-0.006744, 0.011408, -0.054228),
            (-0.005593, 0.013453, -0.054245), (-0.00728, 0.014669, -0.054251), (-0.003637, 0.012816, -0.054228),
            (-0.001594, 0.008993, -0.054166), (0.000399, 0.008989, -0.054148), (0.001696, 0.007729, -0.054126),
            (-0.001296, 0.011662, -0.054179), (0.000666, 0.011898, -0.054159), (-0.002587, 0.014204, -0.054218),
            (-0.004936, 0.015306, -0.054249), (-0.00235, 0.016195, -0.054242), (-0.004967, 0.017306, -0.05425),
            (-0.002269, 0.018444, -0.054239), (-0.000529, 0.014402, -0.054186), (0.002168, 0.013722, -0.054161),
            (-0.000798, 0.016716, -0.054223), (0.001247, 0.016764, -0.054198), (0.007945, -0.003485, -0.054086),
            (0.00948, -0.005482, -0.054058), (0.010955, -0.004379, -0.054031), (0.012965, -0.00641, -0.05395),
            (0.009931, -0.002455, -0.054062), (0.011893, -0.002488, -0.054037), (0.013827, -0.004321, -0.053977),
            (0.015288, -0.006553, -0.054274), (0.017621, -0.006931, -0.054634), (0.018335, -0.00833, -0.053828),
            (0.016337, -0.005305, -0.05407), (0.017806, -0.00477, -0.054347), (0.016413, -0.002789, -0.05392),
            (0.012895, 0.000605, -0.054022), (0.014107, -0.001163, -0.053996), (0.018439, -0.002251, -0.053916),
            (0.020167, -0.003982, -0.054632), (0.017091, -0.000751, -0.053924), (0.016126, 0.001367, -0.053972),
            (0.020057, -0.000353, -0.054008), (0.019411, 0.001172, -0.053853), (0.017286, 0.002983, -0.05395),
            (0.017992, 0.004643, -0.053945), (0.020243, 0.002913, -0.053839), (0.000125, -0.000136, -0.054157),
            (0.00273, -0.000242, -0.054121), (0.00513, -0.001521, -0.054107), (0.004669, 0.001396, -0.054101),
            (0.007036, -0.001377, -0.054081), (0.009369, -0.000838, -0.054057), (0.007472, 0.001182, -0.054063),
            (0.002288, 0.002688, -0.054124), (0.002515, 0.00534, -0.05411), (0.005172, 0.003679, -0.054089),
            (0.005148, 0.005823, -0.054091), (0.009957, 0.001548, -0.054043), (0.00754, 0.00393, -0.054068),
            (0.010807, 0.004029, -0.054033), (0.013431, 0.003271, -0.054012), (0.004106, 0.007745, -0.0541),
            (0.002971, 0.009687, -0.054121), (0.005647, 0.009715, -0.054095), (0.008572, 0.005618, -0.054053),
            (0.007248, 0.007975, -0.054079), (0.009405, 0.007807, -0.054042), (0.007634, 0.010918, -0.05408),
            (0.010577, 0.009133, -0.05404), (0.011797, 0.00611, -0.054016), (0.010393, 0.012384, -0.054078),
            (0.012262, 0.011107, -0.054036), (0.012982, 0.012747, -0.054049), (0.00394, 0.012242, -0.054125),
            (0.00584, 0.01293, -0.054114), (0.004463, 0.015103, -0.054153), (0.007891, 0.014136, -0.054109),
            (0.006236, 0.014582, -0.054116), (0.010293, 0.014152, -0.054095), (0.015809, 0.004955, -0.053991),
            (0.014291, 0.006235, -0.053998), (0.012948, 0.008566, -0.054027), (0.016546, 0.006826, -0.053984),
            (0.018764, 0.006799, -0.053943), (0.020259, 0.00469, -0.053858), (0.016018, 0.00873, -0.053993),
            (0.017741, 0.009474, -0.053984), (0.015896, 0.011775, -0.054016), (0.014246, 0.009915, -0.05402),
            (0.020739, 0.006827, -0.053865), (0.019506, 0.009366, -0.053947), (0.018346, 0.011543, -0.053979),
            (0.021936, 0.008972, -0.053977), (0.020428, 0.010954, -0.053928), (-0.001875, 0.020374, -0.054252),
            (0.000202, 0.020401, -0.054236), (0.002953, 0.018619, -0.054203), (0.002786, 0.022329, -0.054227),
            (0.004697, 0.01983, -0.054196), (0.007264, 0.017642, -0.054155), (0.009355, 0.01745, -0.054133),
            (0.008097, 0.020368, -0.054165), (0.006876, 0.0221, -0.054199), (0.011367, 0.015929, -0.054119),
            (0.013072, 0.015607, -0.054083), (0.011714, 0.018532, -0.054127), (0.005158, 0.02283, -0.054203),
            (0.009694, 0.02148, -0.054153), (0.009089, 0.023238, -0.054155), (0.006327, 0.02481, -0.054203),
            (0.008326, 0.024874, -0.054263), (0.011483, 0.020909, -0.054145), (0.013631, 0.018842, -0.054107),
            (0.01404, 0.021609, -0.054066), (0.013103, 0.022985, -0.054233), (0.011379, 0.023188, -0.054145),
            (0.014503, 0.013756, -0.054061), (0.016909, 0.013315, -0.054019), (0.015204, 0.015618, -0.054066),
            (0.01764, 0.015159, -0.054024), (0.01932, 0.013383, -0.053974), (0.022243, 0.010607, -0.054204),
            (0.022258, 0.01239, -0.054401), (0.020625, 0.01439, -0.054054), (0.022008, 0.014885, -0.054619),
            (0.023418, 0.01362, -0.05457), (0.019047, 0.015518, -0.05397), (0.0165, 0.017748, -0.05406),
            (0.018698, 0.017463, -0.054008), (0.017743, 0.019431, -0.054172), (0.019656, 0.020251, -0.05476),
            (0.01813, 0.021563, -0.054797), (0.023257, 0.015447, -0.05444), (0.022291, 0.016814, -0.05461),
            (0.020223, 0.016389, -0.054294), (0.020624, 0.01803, -0.05471), (0.024338, 0.01634, -0.053738),
            (0.020931, 0.019755, -0.054449), (0.022456, 0.018618, -0.054056), (0.022003, 0.020607, -0.053846),
            (0.023816, 0.018115, -0.053836), (0.023652, 0.020153, -0.05456), (0.015843, 0.019518, -0.05403),
            (0.016001, 0.0214, -0.05432), (0.006146, 0.026301, -0.054773), (0.00722, 0.02686, -0.054948),
            (0.008401, 0.027161, -0.054881), (0.010037, 0.025588, -0.054781), (0.010903, 0.027132, -0.054568),
            (0.011759, 0.025185, -0.054859), (0.009926, 0.028203, -0.054168), (0.011503, 0.028589, -0.054071),
            (0.01377, 0.024415, -0.054858), (0.015592, 0.022866, -0.054762), (0.01553, 0.024624, -0.054653),
            (0.012998, 0.02619, -0.054614), (0.012803, 0.027939, -0.054027), (0.014266, 0.027221, -0.054046),
            (0.015848, 0.026597, -0.054066), (0.014825, 0.028075, -0.054725), (0.009274, 0.03132, -0.05558),
            (0.010804, 0.030757, -0.055697), (0.009492, 0.029402, -0.054195), (0.01005, 0.03239, -0.055742),
            (0.011838, 0.031253, -0.055951), (0.010499, 0.034013, -0.054868), (0.012404, 0.032186, -0.055708),
            (0.012316, 0.033607, -0.054822), (0.016309, 0.029897, -0.055895), (0.01734, 0.02807, -0.055711),
            (0.015797, 0.028599, -0.055585), (0.01342, 0.029473, -0.055176), (0.014201, 0.030981, -0.055598),
            (0.013435, 0.032913, -0.055025), (0.014748, 0.03345, -0.054738), (0.015277, 0.031742, -0.055216),
            (0.017172, 0.030967, -0.055198), (0.021016, 0.021974, -0.053913), (0.022045, 0.022405, -0.054605),
            (0.025906, 0.019011, -0.055661), (0.024336, 0.022186, -0.055788), (0.022925, 0.02307, -0.055602),
            (0.025407, 0.020902, -0.055733), (0.021713, 0.023627, -0.055207), (0.021454, 0.025307, -0.05581),
            (0.022861, 0.025012, -0.055736), (0.024148, 0.0242, -0.055612), (0.026642, 0.023129, -0.054662),
            (0.022577, 0.026969, -0.055182), (0.023674, 0.026634, -0.054788), (0.025086, 0.02508, -0.054781),
            (0.025011, 0.026239, -0.054661), (0.02682, 0.02473, -0.054748), (0.026166, 0.02693, -0.05593),
            (0.017861, 0.023205, -0.05447), (0.01753, 0.024857, -0.054), (0.020109, 0.023021, -0.053903),
            (0.019446, 0.024655, -0.054346), (0.018586, 0.026647, -0.055342), (0.017292, 0.026187, -0.054388),
            (0.019023, 0.027902, -0.055878), (0.019894, 0.026361, -0.055772), (0.021421, 0.028047, -0.05519),
            (0.01856, 0.029874, -0.05533), (0.020071, 0.028878, -0.055289), (0.019612, 0.030678, -0.054704),
            (0.020515, 0.030671, -0.054726), (0.02157, 0.029805, -0.05474), (0.018622, 0.031758, -0.05482),
            (0.022988, 0.028317, -0.054655), (0.023201, 0.030071, -0.056265), (0.024351, 0.028166, -0.055233),
            (0.01278, 0.038479, -0.058082), (0.012408, 0.036622, -0.057776), (0.010813, 0.037494, -0.058201),
            (0.013667, 0.03465, -0.055113), (0.015276, 0.034502, -0.055655), (0.0174, 0.032689, -0.054836),
            (0.01615, 0.032762, -0.054794), (0.016838, 0.033839, -0.055746), (0.018622, 0.03683, -0.056703),
            (0.016802, 0.037279, -0.057454), (0.016758, 0.037718, -0.056091), (0.017262, 0.03784, -0.054606),
            (0.02149, 0.032741, -0.057959), (0.022093, 0.032658, -0.058196), (0.021541, 0.03163, -0.056649),
            (0.019291, 0.032789, -0.056099), (0.026638, 0.031789, -0.052821), (0.025185, 0.0332, -0.052495),
            (0.026838, 0.031746, -0.050495), (-0.027816, 0.009786, -0.055552), (-0.027599, 0.010996, -0.057352),
            (-0.027598, 0.009446, -0.057696), (-0.024446, 0.0089, -0.055685), (-0.02452, 0.006645, -0.055822),
            (-0.025083, 0.007799, -0.05709), (-0.023004, 0.008212, -0.054716), (-0.023546, 0.010584, -0.054818),
            (-0.027863, 0.011481, -0.054924), (-0.027438, 0.012976, -0.05643), (-0.024559, 0.010959, -0.056181),
            (-0.024092, 0.01305, -0.055876), (-0.02255, 0.012214, -0.05463), (-0.02768, 0.013284, -0.054728),
            (-0.028194, 0.011064, -0.052768), (-0.027024, 0.015188, -0.055836), (-0.027285, 0.015753, -0.05402),
            (-0.02667, 0.016747, -0.056162), (-0.022897, 0.014109, -0.054779), (-0.022396, 0.010308, -0.054893),
            (-0.02083, 0.010972, -0.055824), (-0.020213, 0.011795, -0.055936), (-0.020416, 0.012515, -0.055853),
            (-0.020427, 0.01311, -0.055811), (-0.021923, 0.013835, -0.054832), (-0.020497, 0.014311, -0.055635),
            (-0.018508, 0.012443, -0.055476), (-0.028372, 0.008499, -0.053043), (-0.028406, 0.007707, -0.052197),
            (-0.028286, 0.009628, -0.050861), (-0.028254, 0.010169, -0.049195), (-0.028132, 0.011506, -0.050646),
            (-0.028201, 0.010402, -0.047396), (-0.028091, 0.012028, -0.048051), (-0.027907, 0.013053, -0.050184),
            (-0.027933, 0.013095, -0.052393), (-0.027597, 0.01493, -0.05224), (-0.027832, 0.013567, -0.04764),
            (-0.02757, 0.01487, -0.049615), (-0.027075, 0.017107, -0.052013), (-0.026734, 0.017933, -0.049162),
            (-0.026648, 0.017743, -0.053857), (-0.026253, 0.01809, -0.055793), (-0.021413, 0.016792, -0.054635),
            (-0.022343, 0.015688, -0.054692), (-0.022952, 0.016945, -0.055607), (-0.025982, 0.019631, -0.054758),
            (-0.021272, 0.018306, -0.054608), (-0.020079, 0.013885, -0.055858), (-0.019023, 0.014227, -0.055939),
            (-0.020703, 0.015153, -0.055397), (-0.020223, 0.016271, -0.05547), (-0.020061, 0.015682, -0.055663),
            (-0.018106, 0.014397, -0.055493), (-0.018143, 0.015793, -0.055871), (-0.018988, 0.017094, -0.055893),
            (-0.017043, 0.016848, -0.0553), (-0.017081, 0.018358, -0.055843), (-0.020002, 0.017866, -0.055233),
            (-0.018234, 0.019453, -0.055822), (-0.016707, 0.021046, -0.055964), (-0.01566, 0.019989, -0.055533),
            (-0.019885, 0.019152, -0.054969), (-0.019822, 0.019894, -0.054805), (-0.018706, 0.020764, -0.055181),
            (-0.021083, 0.019926, -0.054869), (-0.019901, 0.021283, -0.054737), (-0.019434, 0.022356, -0.054723),
            (-0.01825, 0.023733, -0.054626), (-0.019639, 0.022973, -0.055124), (-0.015945, 0.022539, -0.055891),
            (-0.014893, 0.021113, -0.055501), (-0.026181, 0.019567, -0.050516), (-0.025461, 0.021262, -0.050389),
            (-0.026222, 0.019465, -0.052474), (-0.024969, 0.021601, -0.055217), (-0.025432, 0.02013, -0.056691),
            (-0.028353, 0.009647, -0.045732), (-0.028068, 0.011707, -0.045856), (-0.028095, 0.01149, -0.043947),
            (-0.02784, 0.013392, -0.045463), (-0.028115, 0.011397, -0.041919), (-0.027821, 0.013353, -0.042192),
            (-0.027326, 0.015778, -0.046702), (-0.027224, 0.016261, -0.048156), (-0.026462, 0.018546, -0.046418),
            (-0.027412, 0.015403, -0.044662), (-0.026713, 0.017751, -0.044325), (-0.027294, 0.015766, -0.042664),
            (-0.027855, 0.013131, -0.039827), (-0.02766, 0.013905, -0.037613), (-0.027429, 0.015094, -0.039022),
            (-0.026742, 0.017647, -0.041883), (-0.02713, 0.01632, -0.040406), (-0.026568, 0.018076, -0.038941),
            (-0.026197, 0.01915, -0.040404), (-0.02589, 0.020025, -0.042528), (-0.02615, 0.019495, -0.04841),
            (-0.025695, 0.020609, -0.047432), (-0.0244, 0.023357, -0.048246), (-0.0256, 0.020764, -0.046048),
            (-0.026125, 0.019411, -0.044764), (-0.024783, 0.02259, -0.046971), (-0.024457, 0.023198, -0.045571),
            (-0.024417, 0.023393, -0.050188), (-0.023458, 0.025017, -0.048726), (-0.023733, 0.024731, -0.0515),
            (-0.02255, 0.026491, -0.049407), (-0.023539, 0.024856, -0.047089), (-0.022481, 0.026545, -0.04768),
            (-0.022405, 0.026616, -0.045634), (-0.025298, 0.021442, -0.044521), (-0.024784, 0.022511, -0.043073),
            (-0.025391, 0.021196, -0.040471), (-0.025785, 0.020166, -0.038797), (-0.024434, 0.023184, -0.040381),
            (-0.023421, 0.025042, -0.04454), (-0.02373, 0.024477, -0.042146), (-0.02274, 0.026103, -0.043389),
            (-0.02166, 0.027631, -0.04265), (-0.02277, 0.026025, -0.040624), (-0.016907, 0.024362, -0.054829),
            (-0.014841, 0.023504, -0.055991), (-0.015301, 0.025021, -0.055393), (-0.014255, 0.027191, -0.054866),
            (-0.015753, 0.027055, -0.05469), (-0.016899, 0.026285, -0.054887), (-0.018067, 0.025539, -0.055347),
            (-0.015322, 0.02862, -0.055367), (-0.012877, 0.028857, -0.054744), (-0.014776, 0.029647, -0.056093),
            (-0.013292, 0.030063, -0.055111), (-0.021195, 0.02845, -0.051139), (-0.021732, 0.027511, -0.052902),
            (-0.022368, 0.026825, -0.051271), (-0.021567, 0.027873, -0.049627), (-0.020619, 0.028896, -0.052991),
            (-0.019432, 0.03035, -0.052137), (-0.020289, 0.029387, -0.050262), (-0.021193, 0.028414, -0.048276),
            (-0.020919, 0.028691, -0.046671), (-0.019763, 0.029962, -0.047854), (-0.019006, 0.030832, -0.049459),
            (-0.017589, 0.032172, -0.052281), (-0.017652, 0.032116, -0.048769), (-0.016502, 0.033122, -0.050801),
            (-0.01481, 0.034402, -0.04959), (-0.015865, 0.033601, -0.048631), (-0.015926, 0.033537, -0.046687),
            (-0.021092, 0.028442, -0.044648), (-0.020058, 0.029642, -0.045172), (-0.020206, 0.029463, -0.042485),
            (-0.018769, 0.031003, -0.042854), (-0.018172, 0.031613, -0.046328), (-0.017795, 0.032003, -0.044038),
            (-0.016832, 0.032743, -0.045816), (-0.015693, 0.033683, -0.044336), (-0.016729, 0.032834, -0.042084),
            (-0.013316, 0.035312, -0.050804), (-0.015295, 0.033974, -0.053106), (-0.013277, 0.03532, -0.052767),
            (-0.027913, 0.012532, -0.036402), (-0.02751, 0.014681, -0.035615), (-0.026932, 0.01694, -0.036877),
            (-0.027448, 0.014876, -0.033679), (-0.02763, 0.013811, -0.031808), (-0.025772, 0.020219, -0.036367),
            (-0.026775, 0.017406, -0.034946), (-0.0267, 0.017584, -0.032806), (-0.025996, 0.019619, -0.034196),
            (-0.027201, 0.015779, -0.03074), (-0.027414, 0.01482, -0.029435), (-0.027339, 0.014984, -0.027881),
            (-0.026646, 0.01767, -0.029822), (-0.026108, 0.019316, -0.031849), (-0.025061, 0.021808, -0.032365),
            (-0.024859, 0.022264, -0.035096), (-0.025919, 0.019772, -0.029797), (-0.024445, 0.023141, -0.038428),
            (-0.025128, 0.021689, -0.037465), (-0.023515, 0.024832, -0.039507), (-0.023902, 0.024145, -0.036296),
            (-0.021909, 0.027276, -0.038197), (-0.021287, 0.028127, -0.040225), (-0.022824, 0.025871, -0.037435),
            (-0.020367, 0.029221, -0.038363), (-0.02421, 0.023511, -0.034251), (-0.022765, 0.02595, -0.03562),
            (-0.02396, 0.023969, -0.032818), (-0.024165, 0.023572, -0.030194), (-0.02332, 0.024998, -0.031975),
            (-0.022555, 0.026242, -0.033883), (-0.026936, 0.016631, -0.027354), (-0.026023, 0.019453, -0.02718),
            (-0.025341, 0.021113, -0.026902), (-0.019405, 0.030319, -0.04084), (-0.017756, 0.031993, -0.039711),
            (-0.017367, 0.010869, -0.054132), (-0.016568, 0.012527, -0.054121), (-0.017164, 0.013625, -0.054291),
            (-0.015817, 0.014382, -0.05418), (-0.016291, 0.015617, -0.05414), (-0.013669, 0.014316, -0.055047),
            (-0.015431, 0.01674, -0.054087), (-0.013603, 0.015684, -0.054995), (-0.014964, 0.017976, -0.054075),
            (-0.012254, 0.016268, -0.055014), (-0.010566, 0.01494, -0.054195), (-0.010323, 0.016234, -0.054204),
            (-0.013158, 0.017761, -0.05477), (-0.011452, 0.017561, -0.05496), (-0.014122, 0.019531, -0.054096),
            (-0.011799, 0.019187, -0.054957), (-0.013142, 0.020955, -0.054085), (-0.010313, 0.019839, -0.055018),
            (-0.010783, 0.021229, -0.054723), (-0.013857, 0.022069, -0.05519), (-0.012114, 0.022606, -0.05421),
            (-0.009577, 0.018012, -0.054264), (-0.007991, 0.016526, -0.054258), (-0.008176, 0.019993, -0.054339),
            (-0.007694, 0.018249, -0.054225), (-0.005588, 0.018838, -0.054252), (-0.013606, 0.024021, -0.055935),
            (-0.01072, 0.023447, -0.054065), (-0.013009, 0.025865, -0.055917), (-0.012016, 0.02445, -0.055444),
            (-0.01054, 0.025481, -0.055252), (-0.008042, 0.021669, -0.054934), (-0.00887, 0.022654, -0.054859),
            (-0.006009, 0.021043, -0.054213), (-0.006362, 0.023286, -0.054997), (-0.008891, 0.024168, -0.05428),
            (-0.004789, 0.024778, -0.054992), (-0.004708, 0.022344, -0.054264), (-0.008893, 0.025742, -0.05428),
            (-0.007247, 0.025161, -0.054403), (-0.012135, 0.027274, -0.055776), (-0.010905, 0.02846, -0.055674),
            (-0.009712, 0.027344, -0.055891), (-0.008884, 0.029853, -0.055665), (-0.008186, 0.028222, -0.055853),
            (-0.010471, 0.030181, -0.054895), (-0.007765, 0.026669, -0.054411), (-0.006417, 0.027098, -0.054197),
            (-0.00449, 0.026383, -0.054557), (-0.006995, 0.028819, -0.055823), (-0.005628, 0.02859, -0.055143),
            (-0.004641, 0.027778, -0.05415), (-0.004609, 0.029652, -0.055681), (-0.011414, 0.030712, -0.054812),
            (-0.012192, 0.031596, -0.05586), (-0.00422, 0.019866, -0.054255), (-0.003392, 0.022871, -0.054217),
            (-0.001463, 0.023301, -0.054173), (0.000572, 0.024217, -0.054185), (-0.003064, 0.025148, -0.054969),
            (-0.001817, 0.025876, -0.055008), (-0.003444, 0.027884, -0.054117), (-0.001504, 0.027648, -0.054483),
            (-0.000313, 0.026128, -0.054956), (0.002142, 0.026003, -0.054738), (0.002184, 0.024838, -0.054269),
            (0.000776, 0.027404, -0.054827), (0.004159, 0.02501, -0.054234), (-0.00935, 0.031456, -0.054645),
            (-0.008308, 0.031918, -0.054641), (-0.006609, 0.03057, -0.055908), (-0.005333, 0.031763, -0.055593),
            (-0.006625, 0.032143, -0.055016), (-0.003839, 0.03058, -0.055922), (-0.002619, 0.030151, -0.055434),
            (-0.003733, 0.032755, -0.055354), (-0.002443, 0.031842, -0.055945), (-0.005107, 0.033825, -0.05471),
            (-0.004405, 0.03526, -0.055558), (-0.002909, 0.034636, -0.054719), (-0.010231, 0.032773, -0.055736),
            (-0.007449, 0.032931, -0.054753), (-0.008442, 0.033988, -0.056068), (-0.006643, 0.034573, -0.055544),
            (-0.006855, 0.037987, -0.057154), (-0.007862, 0.036847, -0.058074), (-0.008822, 0.037481, -0.056103),
            (-0.007472, 0.038158, -0.054897), (-0.005955, 0.038648, -0.055486), (-0.000777, 0.029356, -0.05421),
            (0.000587, 0.029031, -0.054132), (-0.001079, 0.030898, -0.055679), (-0.000452, 0.032553, -0.0559),
            (0.000489, 0.031406, -0.055776), (-0.00231, 0.02904, -0.054327), (0.001243, 0.029878, -0.054284),
            (0.002286, 0.027861, -0.054743), (0.00351, 0.027235, -0.054975), (0.003859, 0.029296, -0.054143),
            (0.005096, 0.027331, -0.054901), (0.002534, 0.030412, -0.054676), (0.00491, 0.030249, -0.054428),
            (0.006344, 0.028978, -0.054202), (0.006748, 0.030138, -0.05444), (0.000994, 0.033855, -0.055309),
            (0.001894, 0.032431, -0.056019), (0.003874, 0.032278, -0.055997), (0.003417, 0.033707, -0.055584),
            (-0.001386, 0.034367, -0.054755), (-0.002325, 0.035685, -0.055453), (0.000198, 0.035613, -0.054896),
            (-0.000992, 0.03623, -0.055903), (0.001731, 0.035168, -0.054745), (0.003803, 0.035572, -0.054742),
            (0.00174, 0.036685, -0.056164), (0.00233, 0.036049, -0.05515), (0.006244, 0.032646, -0.056012),
            (0.00538, 0.031351, -0.055464), (0.00707, 0.031565, -0.055728), (0.005674, 0.033898, -0.055497),
            (0.005198, 0.0354, -0.054679), (0.008281, 0.032497, -0.055819), (0.007345, 0.03435, -0.055042),
            (0.006395, 0.035506, -0.054754), (-0.00849, 0.037984, -0.051243), (-0.009231, 0.037474, -0.053296),
            (-0.010194, 0.037161, -0.05085), (-0.007894, 0.038262, -0.04984), (-0.010182, 0.03717, -0.048905),
            (-0.007021, 0.038453, -0.053058), (-0.006632, 0.038651, -0.04558), (-0.005951, 0.038974, -0.048323),
            (-0.008385, 0.03808, -0.047523), (-0.00541, 0.039194, -0.046689), (-0.011485, 0.03646, -0.045219),
            (-0.011423, 0.036527, -0.042662), (-0.010187, 0.037196, -0.044283), (-0.009209, 0.037679, -0.041246),
            (-0.007508, 0.038407, -0.043728), (-0.009021, 0.037788, -0.043219), (-0.005029, 0.039339, -0.044369),
            (-0.005961, 0.039002, -0.041722), (-0.005027, 0.03931, -0.039846), (-0.00286, 0.039916, -0.041629),
            (-0.000577, 0.040388, -0.040526), (0.000391, 0.040478, -0.042121), (0.008087, 0.029029, -0.05412),
            (0.00839, 0.030387, -0.054857), (0.009147, 0.033825, -0.055139), (0.008767, 0.035078, -0.054778),
            (-0.022549, 0.026144, -0.0304), (-0.022199, 0.026625, -0.032013), (-0.027287, 0.015133, -0.025586),
            (-0.026821, 0.016929, -0.024656), (-0.026097, 0.019187, -0.02538), (-0.024238, 0.02339, -0.025773),
            (-0.023946, 0.023929, -0.027871), (-0.02487, 0.022128, -0.024178), (-0.026622, 0.017564, -0.022707),
            (-0.026854, 0.016739, -0.020734), (-0.027108, 0.015627, -0.017081), (-0.026626, 0.017458, -0.018787),
            (-0.026027, 0.019283, -0.020262), (-0.025826, 0.019831, -0.022437), (-0.024701, 0.022482, -0.022119),
            (-0.023693, 0.024394, -0.023228), (-0.025427, 0.020838, -0.020766), (-0.025613, 0.020377, -0.018296),
            (-0.024741, 0.02241, -0.018629), (-0.022515, 0.026201, -0.028163), (-0.023055, 0.025408, -0.025551),
            (-0.021514, 0.027626, -0.025817), (-0.021082, 0.028178, -0.028183), (-0.020602, 0.028757, -0.026755),
            (-0.019623, 0.030077, -0.029341), (-0.018905, 0.030636, -0.026814), (-0.021996, 0.026993, -0.023614),
            (-0.023312, 0.02504, -0.01915), (-0.022398, 0.026467, -0.021817), (-0.022146, 0.02679, -0.020068),
            (-0.021132, 0.028121, -0.022296), (-0.020211, 0.029246, -0.024794), (-0.018383, 0.031154, -0.024495),
            (-0.019315, 0.030165, -0.022879), (-0.020302, 0.029056, -0.020289), (-0.021121, 0.028113, -0.020746),
            (-0.018937, 0.030469, -0.021254), (-0.017362, 0.032083, -0.021473), (-0.0162, 0.033195, -0.038428),
            (-0.014922, 0.034249, -0.041127), (-0.014816, 0.034267, -0.03828), (-0.01345, 0.03528, -0.042131),
            (-0.013073, 0.035567, -0.039196), (-0.010932, 0.036809, -0.039465), (-0.008388, 0.038055, -0.039146),
            (-0.012295, 0.035921, -0.036717), (-0.009944, 0.037312, -0.037764), (-0.006383, 0.038885, -0.038253),
            (-0.008123, 0.038265, -0.034169), (-0.00943, 0.037638, -0.035042), (-0.010305, 0.037282, -0.033917),
            (-0.00872, 0.037974, -0.032533), (-0.002669, 0.039954, -0.039391), (-1.2e-05, 0.040545, -0.037673),
            (-0.010897, 0.037133, -0.032411), (-0.010171, 0.037334, -0.03098), (-0.007716, 0.038457, -0.030518),
            (-0.003917, 0.039834, -0.035659), (-0.005866, 0.039013, -0.035046), (-0.004457, 0.03943, -0.034496),
            (-0.015881, 0.033409, -0.027268), (-0.015262, 0.03405, -0.029282), (-0.017255, 0.032281, -0.029319),
            (-0.017808, 0.031766, -0.027431), (-0.012595, 0.035742, -0.032432), (-0.014098, 0.035049, -0.031062),
            (-0.012739, 0.035742, -0.030476), (-0.01645, 0.032964, -0.025005), (-0.016765, 0.032635, -0.02299),
            (-0.014193, 0.034746, -0.02587), (-0.014765, 0.034296, -0.023649), (-0.014892, 0.034195, -0.02009),
            (-0.013754, 0.03505, -0.021046), (-0.012823, 0.035684, -0.02359), (-0.012682, 0.035794, -0.025752),
            (-0.011372, 0.036612, -0.02649), (-0.009356, 0.037657, -0.026884), (-0.010261, 0.037209, -0.028654),
            (-0.009409, 0.037645, -0.023391), (-0.007378, 0.038574, -0.025794), (-0.011288, 0.036622, -0.021872),
            (-0.010281, 0.037171, -0.020362), (-0.008261, 0.038168, -0.020533), (-0.006893, 0.038753, -0.022405),
            (-0.00911, 0.037768, -0.029804), (-0.007523, 0.038442, -0.028465), (-0.006126, 0.03899, -0.028654),
            (-0.004319, 0.039611, -0.027256), (-0.006226, 0.039007, -0.024885), (-0.001975, 0.040243, -0.024443),
            (-0.00241, 0.040135, -0.028641), (-0.000851, 0.040435, -0.025903), (-8.1e-05, 0.040531, -0.027723),
            (0.000781, 0.040624, -0.026268), (-0.00449, 0.039584, -0.023961), (-0.005777, 0.039165, -0.020332),
            (-0.003021, 0.039994, -0.02141), (0.000162, 0.040574, -0.02431), (0.00909, 0.040618, -0.027109),
            (0.010526, 0.040326, -0.027922), (0.009322, 0.040506, -0.02961), (0.01696, 0.038333, -0.028986),
            (0.017337, 0.038185, -0.027193), (0.019133, 0.037335, -0.028687), (0.019719, 0.037054, -0.027008),
            (0.015922, 0.038746, -0.027164), (0.013566, 0.039577, -0.027688), (0.014821, 0.039199, -0.024811),
            (0.017414, 0.038151, -0.025307), (0.01937, 0.037198, -0.02532), (0.005672, 0.040943, -0.026168),
            (0.006165, 0.04092, -0.028483), (0.004278, 0.040856, -0.028445), (0.003795, 0.04089, -0.026789),
            (0.002224, 0.040812, -0.025383), (0.002954, 0.040846, -0.024071), (0.007422, 0.040801, -0.028308),
            (0.007081, 0.040811, -0.025363), (0.008851, 0.04064, -0.025109), (0.005807, 0.040942, -0.024259),
            (0.003968, 0.04088, -0.022985), (-7.7e-05, 0.04056, -0.022734), (0.000335, 0.040601, -0.021186),
            (-0.001155, 0.040412, -0.019592), (0.000538, 0.040646, -0.018599), (0.002156, 0.04082, -0.021153),
            (0.005989, 0.040956, -0.021657), (0.003836, 0.040889, -0.021107), (0.008594, 0.040682, -0.023022),
            (0.005967, 0.04098, -0.019635), (0.003877, 0.040895, -0.018696), (0.007673, 0.040803, -0.020079),
            (0.006922, 0.040971, -0.017455), (0.011026, 0.040242, -0.024718), (0.012754, 0.039842, -0.023371),
            (0.009257, 0.040613, -0.021404), (0.010641, 0.04034, -0.022249), (0.012353, 0.039967, -0.020701),
            (0.014667, 0.039263, -0.02162), (0.016138, 0.038711, -0.021668), (0.017835, 0.037971, -0.021983),
            (0.017463, 0.038144, -0.019034), (0.00964, 0.040581, -0.019486), (0.008264, 0.040817, -0.017396),
            (0.009885, 0.040528, -0.016981), (0.012227, 0.040031, -0.019126), (0.012584, 0.039937, -0.017534),
            (0.014991, 0.039163, -0.019357), (0.015436, 0.039028, -0.016455), (0.012329, 0.04004, -0.015783),
            (0.003325, 0.036765, -0.056026), (0.007736, 0.036124, -0.055343), (0.006734, 0.036719, -0.056158),
            (0.008858, 0.036132, -0.055515), (0.008302, 0.036331, -0.055797), (0.009516, 0.036248, -0.055865),
            (0.003914, 0.039076, -0.058238), (0.005446, 0.039655, -0.057911), (0.004777, 0.037666, -0.057751),
            (0.006497, 0.037916, -0.058148), (0.004535, 0.036761, -0.056053), (0.003204, 0.040785, -0.041087),
            (0.005135, 0.040822, -0.04048), (0.004927, 0.040829, -0.04229), (0.003063, 0.040781, -0.043401),
            (0.003353, 0.04079, -0.038661), (0.010339, 0.035856, -0.055486), (0.011422, 0.035445, -0.055203),
            (0.012339, 0.035829, -0.056084), (0.012552, 0.035239, -0.055363), (0.022188, 0.035434, -0.052465),
            (0.02049, 0.03647, -0.052783), (0.0223, 0.035384, -0.050432), (0.020048, 0.036766, -0.050376),
            (0.021998, 0.035559, -0.048372), (0.020038, 0.03677, -0.048246), (0.023842, 0.034267, -0.051428),
            (0.023337, 0.03451, -0.053383), (0.023842, 0.034308, -0.048769), (0.025098, 0.033257, -0.050887),
            (0.025424, 0.032985, -0.049346), (0.025036, 0.033371, -0.047503), (0.026275, 0.032202, -0.047775),
            (0.018503, 0.037617, -0.051907), (0.019624, 0.037077, -0.045826), (0.018352, 0.037672, -0.048093),
            (0.021614, 0.03581, -0.046288), (0.02391, 0.03423, -0.046082), (0.02589, 0.032622, -0.045964),
            (0.023113, 0.034819, -0.044391), (0.02507, 0.033372, -0.044173), (0.023132, 0.03484, -0.041666),
            (0.025039, 0.033396, -0.041901), (0.021578, 0.035854, -0.043647), (0.006919, 0.040716, -0.041333),
            (0.006455, 0.040785, -0.039423), (0.014261, 0.039283, -0.038203), (0.013277, 0.039526, -0.041922),
            (0.011459, 0.040037, -0.040035), (0.011195, 0.040166, -0.036869), (0.019553, 0.037072, -0.043537),
            (0.018036, 0.037726, -0.044391), (0.017684, 0.037962, -0.042814), (0.020383, 0.03659, -0.041236),
            (0.018457, 0.037613, -0.03993), (0.019851, 0.036907, -0.037842), (0.021891, 0.035713, -0.039191),
            (0.023349, 0.034704, -0.040297), (0.023671, 0.034489, -0.038881), (0.015962, 0.038676, -0.040762),
            (0.017068, 0.038277, -0.038216), (0.021352, 0.03603, -0.037239), (0.020073, 0.036824, -0.035384),
            (0.01869, 0.037636, -0.036668), (0.001713, 0.040702, -0.039752), (0.005372, 0.04084, -0.037463),
            (0.019036, 0.037294, -0.031772), (0.01763, 0.038099, -0.032729), (0.017441, 0.038165, -0.031197),
            (-0.027833, 0.006324, -0.057479), (-0.025652, 0.005808, -0.05797), (-0.026595, 0.007589, -0.058182),
            (-0.027954, 0.008015, -0.05693), (-0.025633, 0.009628, -0.057907), (-0.026284, 0.011948, -0.058231),
            (0.027324, 0.027796, -0.058208), (0.027637, 0.025886, -0.05727), (0.0247, 0.028882, -0.056625),
            (0.026017, 0.028341, -0.057775), (0.008441, 0.039745, -0.057679), (0.010032, 0.039105, -0.058129),
            (0.007979, 0.037729, -0.058093), (0.009374, 0.037146, -0.057657), (0.011473, 0.03636, -0.056882),
            (0.014057, 0.037479, -0.058311), (0.013641, 0.035672, -0.056877), (0.014514, 0.035468, -0.057115),
            (0.017878, 0.034075, -0.05725), (0.018686, 0.035273, -0.058334), (0.018709, 0.033818, -0.057432),
            (0.019404, 0.033683, -0.057652), (0.016986, 0.034686, -0.057513), (0.016619, 0.03584, -0.058314),
            (0.015855, 0.034914, -0.057023), (0.015479, 0.036727, -0.058303), (0.011655, 0.039208, -0.057067),
            (0.014879, 0.038345, -0.056681), (0.022487, 0.031468, -0.057546), (0.023111, 0.03218, -0.058248),
            (0.023848, 0.031352, -0.058255), (0.023435, 0.033492, -0.057585), (0.026087, 0.029639, -0.058217),
            (0.028057, 0.029207, -0.057758), (0.024902, 0.030857, -0.05823), (0.024684, 0.029641, -0.057634),
            (0.027012, 0.03054, -0.057578), (0.024833, 0.031822, -0.058035), (0.026081, 0.031122, -0.057919),
            (0.025607, 0.031483, -0.057901), (0.025619, 0.032162, -0.056584), (0.024664, 0.032728, -0.057212),
            (0.028413, 0.029383, -0.056615), (0.027461, 0.030456, -0.05603), (0.020789, 0.032854, -0.057706),
            (0.021509, 0.034011, -0.058229), (0.020299, 0.033309, -0.05783), (0.020351, 0.034964, -0.058143),
            (0.022075, 0.034999, -0.056361), (0.023428, 0.03403, -0.055498), (0.024742, 0.033003, -0.0546),
            (0.026547, 0.031479, -0.054807), (0.02805, 0.030158, -0.054622), (0.027804, 0.030555, -0.053122),
            (0.020114, 0.036088, -0.05627), (0.020134, 0.036272, -0.054836), (0.021517, 0.035668, -0.054056),
            (-0.028248, 0.008771, -0.054343), (-0.025177, 0.012903, -0.057936), (-0.026802, 0.014666, -0.057556),
            (-0.025116, 0.014651, -0.058018), (-0.023747, 0.015417, -0.056378), (-0.025123, 0.01703, -0.058192),
            (-0.025755, 0.01888, -0.057486), (-0.023842, 0.019408, -0.058094), (-0.023285, 0.018106, -0.057287),
            (-0.023086, 0.021556, -0.058112), (-0.022, 0.020911, -0.057025), (-0.024423, 0.022125, -0.057241),
            (-0.024021, 0.023489, -0.055463), (-0.020775, 0.021901, -0.055733), (-0.023358, 0.024069, -0.057282),
            (-0.021592, 0.023206, -0.057998), (-0.019766, 0.02382, -0.056058), (-0.025377, 0.021285, -0.053136),
            (-0.024442, 0.023264, -0.053223), (-0.022529, 0.025707, -0.056099), (-0.023662, 0.024589, -0.053027),
            (-0.023035, 0.025514, -0.054626), (-0.022665, 0.026019, -0.053067), (-0.021582, 0.025692, -0.058002),
            (-0.021357, 0.027001, -0.05736), (-0.020572, 0.024249, -0.057779), (-0.019432, 0.025431, -0.057482),
            (-0.019097, 0.02653, -0.057814), (-0.020213, 0.028474, -0.05762), (-0.018341, 0.027221, -0.057648),
            (-0.018649, 0.027786, -0.057934), (-0.021083, 0.027894, -0.055832), (-0.019334, 0.024741, -0.056379),
            (-0.017232, 0.027668, -0.056932), (-0.018436, 0.029025, -0.058022), (-0.017943, 0.028282, -0.057926),
            (-0.019268, 0.029999, -0.05664), (-0.017835, 0.029769, -0.057971), (-0.017533, 0.030502, -0.057947),
            (-0.018041, 0.031115, -0.057363), (-0.016367, 0.029102, -0.05764), (-0.015797, 0.030803, -0.058095),
            (-0.017295, 0.031758, -0.057519), (-0.016177, 0.032529, -0.057497), (-0.014413, 0.031296, -0.057898),
            (-0.021863, 0.027236, -0.054401), (-0.020435, 0.028934, -0.054755), (-0.019133, 0.030501, -0.054267),
            (-0.017588, 0.031469, -0.056289), (-0.016783, 0.032271, -0.057064), (-0.017622, 0.031866, -0.054334),
            (-0.016344, 0.032994, -0.05436), (-0.015432, 0.032281, -0.057971), (-0.014545, 0.032864, -0.058021),
            (-0.015428, 0.033329, -0.057028), (-0.013057, 0.03239, -0.057838), (-0.013829, 0.032767, -0.058056),
            (-0.013484, 0.03386, -0.057964), (-0.012345, 0.033125, -0.05799), (-0.011452, 0.03298, -0.057531),
            (-0.010507, 0.033637, -0.057713), (-0.01312, 0.034961, -0.056963), (-0.010652, 0.034976, -0.058178),
            (-0.011492, 0.036031, -0.056384), (-0.014982, 0.033935, -0.05536), (-0.013433, 0.035069, -0.054648),
            (-0.01347, 0.035247, -0.048388), (-0.021335, 0.028239, -0.035861), (-0.019851, 0.030013, -0.037085),
            (-0.009209, 0.034235, -0.057384), (-0.008471, 0.034745, -0.057531), (-0.007157, 0.034953, -0.056983),
            (-0.009475, 0.036318, -0.057953), (-0.007815, 0.034964, -0.057357), (-0.006765, 0.035938, -0.057937),
            (-0.006433, 0.03525, -0.057009), (-0.005045, 0.036986, -0.058076), (-0.005266, 0.035585, -0.056881),
            (-0.004603, 0.035863, -0.056969), (-0.003258, 0.037024, -0.057977), (-0.00342, 0.036093, -0.05655),
            (-0.004165, 0.03865, -0.057567), (-0.004186, 0.039197, -0.055779), (-0.002106, 0.036321, -0.056445),
            (-0.001776, 0.037019, -0.057605), (-0.011409, 0.036366, -0.053686), (-0.011843, 0.036192, -0.051353),
            (-0.010159, 0.036843, -0.055835), (-0.005396, 0.038998, -0.053271), (-0.004899, 0.039334, -0.051553),
            (-0.003548, 0.039429, -0.0532), (-0.000293, 0.037571, -0.057956), (0.000667, 0.036931, -0.056931),
            (-0.013939, 0.035017, -0.046884), (-0.01432, 0.034713, -0.045242), (-0.013198, 0.035518, -0.044638),
            (-0.011585, 0.036408, -0.04857), (-0.012311, 0.035977, -0.046602), (-0.010404, 0.037199, -0.046458),
            (-0.004057, 0.039558, -0.048864), (-0.002941, 0.039854, -0.051434), (-0.001745, 0.040054, -0.048564),
            (-0.003306, 0.039781, -0.046117), (-0.00204, 0.039967, -0.047226), (-0.008755, 0.037909, -0.045903),
            (-0.000411, 0.040311, -0.046455), (-0.002949, 0.039846, -0.04407), (-0.000673, 0.040236, -0.044758),
            (0.000799, 0.040527, -0.043959), (-0.021244, 0.0281, -0.033521), (-0.019972, 0.029616, -0.034852),
            (-0.020984, 0.028577, -0.031707), (-0.019472, 0.030218, -0.033054), (-0.021064, 0.028049, -0.030231),
            (-0.02, 0.029808, -0.03094), (-0.01838, 0.031203, -0.029233), (-0.017764, 0.031973, -0.037028),
            (-0.018431, 0.031275, -0.035773), (-0.01542, 0.034106, -0.036013), (-0.013797, 0.035095, -0.036076),
            (-0.01733, 0.032236, -0.033939), (-0.016146, 0.033193, -0.034256), (-0.017844, 0.031709, -0.031871),
            (-0.016469, 0.03293, -0.031612), (-0.014255, 0.034942, -0.033766), (-0.015281, 0.03397, -0.032266),
            (-0.012497, 0.035761, -0.033988), (-0.011136, 0.036807, -0.035915), (-0.009066, 0.03775, -0.03656),
            (-0.007418, 0.038596, -0.03621), (-0.005558, 0.039145, -0.036933), (-0.003516, 0.039828, -0.037569),
            (-0.001589, 0.040166, -0.037681), (-0.001297, 0.040359, -0.035948), (0.002274, 0.040736, -0.037165),
            (0.001467, 0.040679, -0.035802), (0.000631, 0.040477, -0.034438), (-0.00523, 0.039225, -0.032793),
            (-0.007045, 0.038701, -0.032488), (-0.006021, 0.039055, -0.031192), (-0.00453, 0.039574, -0.030663),
            (-0.002959, 0.040037, -0.031508), (-0.002858, 0.04004, -0.033493), (-0.000562, 0.040496, -0.032094),
            (0.00319, 0.040673, -0.033072), (0.001514, 0.040683, -0.032876), (-0.00046, 0.0404, -0.02952),
            (0.001347, 0.04076, -0.029861), (0.001492, 0.040768, -0.031245), (-0.013318, 0.035436, -0.028403),
            (-0.011765, 0.036316, -0.028916), (0.003504, 0.04071, -0.034952), (0.004722, 0.041047, -0.035817),
            (0.005279, 0.040945, -0.033315), (0.004941, 0.04105, -0.030935), (0.006925, 0.04079, -0.032121),
            (0.003305, 0.040722, -0.030348), (0.00652, 0.040929, -0.030492), (0.008152, 0.040602, -0.030774),
            (0.011143, 0.040186, -0.028936), (0.015196, 0.039172, -0.0295), (0.002315, 0.040856, -0.028259),
            (-0.002048, 0.039062, -0.057921), (-0.000668, 0.039267, -0.057852), (0.000874, 0.038767, -0.058234),
            (-0.001813, 0.039743, -0.055662), (0.0005, 0.039863, -0.05697), (-0.00287, 0.039612, -0.054548),
            (-0.000338, 0.040144, -0.054656), (-0.001724, 0.039949, -0.052992), (0.002449, 0.038059, -0.058046),
            (0.002537, 0.036951, -0.056568), (0.002233, 0.039614, -0.057867), (0.003778, 0.040132, -0.056687),
            (0.001647, 0.040282, -0.055371), (0.003758, 0.040433, -0.055068), (0.005557, 0.036764, -0.056109),
            (0.006888, 0.040026, -0.057004), (0.005299, 0.040376, -0.055376), (0.010069, 0.039683, -0.05633),
            (0.006561, 0.040434, -0.054445), (0.008661, 0.040171, -0.054312), (0.007306, 0.040601, -0.052372),
            (0.000677, 0.040226, -0.053264), (0.002864, 0.040362, -0.053728), (0.00503, 0.04062, -0.053092),
            (0.002111, 0.040674, -0.05206), (0.003844, 0.040719, -0.052162), (-0.001341, 0.04017, -0.051123),
            (0.000498, 0.040419, -0.050782), (0.002855, 0.040717, -0.049692), (0.005123, 0.040724, -0.050478),
            (0.006301, 0.04069, -0.049636), (0.008199, 0.040654, -0.048959), (0.009845, 0.040375, -0.051219),
            (0.00956, 0.040075, -0.053086), (-0.000199, 0.040387, -0.048905), (0.001212, 0.040618, -0.048521),
            (0.001293, 0.040701, -0.046156), (0.002733, 0.040735, -0.047041), (0.004331, 0.040734, -0.047802),
            (0.006227, 0.040739, -0.046887), (0.00448, 0.040831, -0.045334), (0.002318, 0.040653, -0.045056),
            (0.005926, 0.040838, -0.044201), (0.011898, 0.039568, -0.054673), (0.013567, 0.038976, -0.055437),
            (0.010943, 0.039797, -0.053388), (0.013, 0.039612, -0.052572), (0.015441, 0.038432, -0.055158),
            (0.015208, 0.038734, -0.053137), (0.019004, 0.037012, -0.053603), (0.017419, 0.037857, -0.053179),
            (0.014251, 0.039298, -0.050875), (0.016239, 0.038581, -0.05023), (0.018037, 0.037856, -0.049836),
            (0.010935, 0.040091, -0.049053), (0.010733, 0.040248, -0.047566), (0.012661, 0.039696, -0.048616),
            (0.016022, 0.038635, -0.047626), (0.013787, 0.039428, -0.047025), (0.014561, 0.039226, -0.049047),
            (0.016272, 0.038517, -0.045496), (0.012041, 0.03979, -0.050493), (0.017737, 0.038005, -0.046596),
            (0.008386, 0.040525, -0.047036), (0.01044, 0.040326, -0.04599), (0.009268, 0.040487, -0.044652),
            (0.007788, 0.040688, -0.04303), (0.0105, 0.040235, -0.043433), (0.012028, 0.039825, -0.045489),
            (0.014095, 0.039278, -0.045444), (0.013814, 0.03941, -0.043737), (0.015151, 0.039009, -0.043845),
            (0.009243, 0.040459, -0.040265), (0.007366, 0.040668, -0.037423), (0.009054, 0.040571, -0.037391),
            (0.013787, 0.039445, -0.036146), (0.015631, 0.038773, -0.036449), (0.01714, 0.038223, -0.035959),
            (0.022471, 0.035349, -0.03603), (0.018505, 0.03762, -0.034659), (0.021096, 0.036226, -0.033959),
            (0.022334, 0.03537, -0.03377), (0.019508, 0.037144, -0.033287), (0.007149, 0.040732, -0.034851),
            (0.009317, 0.040535, -0.035273), (0.012077, 0.039856, -0.03501), (0.008913, 0.04055, -0.033211),
            (0.0106, 0.040367, -0.033464), (0.012722, 0.039755, -0.033053), (0.011006, 0.040227, -0.031024),
            (0.016065, 0.038681, -0.034332), (0.01566, 0.038845, -0.032517), (0.014118, 0.039337, -0.03172),
            (0.016217, 0.038728, -0.030711), (0.020552, 0.036635, -0.031303), (0.01854, 0.037642, -0.030168),
            (0.012974, 0.039626, -0.030755), (0.028262, -0.011586, -0.058181), (0.031139, -0.011485, -0.055111),
            (0.029707, -0.011878, -0.057104), (0.031873, -0.009841, -0.056065), (0.029921, -0.009549, -0.058078),
            (0.031751, -0.008509, -0.05713), (0.021581, -0.008173, -0.054836), (0.022441, -0.006094, -0.054164),
            (0.02337, -0.007305, -0.055312), (0.02439, -0.008374, -0.055352), (0.025511, -0.009076, -0.054332),
            (0.025429, -0.006878, -0.055357), (0.024833, -0.005021, -0.055196), (0.026217, -0.005655, -0.055293),
            (0.023312, -0.004033, -0.053766), (0.024689, -0.003066, -0.054387), (0.026698, -0.003487, -0.055352),
            (0.025941, -0.00205, -0.054908), (0.027803, -0.004519, -0.054629), (0.028587, -0.002049, -0.054901),
            (0.019787, -0.007903, -0.053729), (0.019141, -0.005734, -0.054529), (0.02087, -0.005861, -0.053749),
            (0.021955, -0.002491, -0.054346), (0.02024, -0.002013, -0.054408), (0.022425, -0.000631, -0.054522),
            (0.023421, -0.002222, -0.053596), (0.024415, -0.000917, -0.053528), (0.0326, -0.010862, -0.052324),
            (0.032995, -0.010179, -0.05022), (0.032032, -0.011833, -0.048403), (0.032766, -0.009856, -0.053384),
            (0.0333, -0.006889, -0.056595), (0.027329, -0.007728, -0.054019), (0.028764, -0.006025, -0.054083),
            (0.028916, -0.007486, -0.055155), (0.034202, -0.007751, -0.052455), (0.034129, -0.007834, -0.049932),
            (0.033503, -0.00919, -0.047672), (0.03349, -0.009354, -0.045495), (0.034857, -0.006268, -0.045945),
            (0.034828, -0.006277, -0.050261), (0.035002, -0.005912, -0.047743), (0.027856, -1e-06, -0.055048),
            (0.029717, 0.000177, -0.054444), (0.024517, 0.000946, -0.053678), (0.02293, 0.002576, -0.054568),
            (0.021751, 0.001405, -0.054327), (0.022692, 0.004582, -0.054393), (0.025552, 0.002544, -0.05351),
            (0.025338, 0.004253, -0.053669), (0.026151, 0.000118, -0.054254), (0.027548, 0.002435, -0.054904),
            (0.029645, 0.00226, -0.055061), (0.022613, 0.007496, -0.054238), (0.024134, 0.005949, -0.054514),
            (0.026394, 0.005384, -0.053605), (0.02436, 0.00805, -0.054464), (0.024021, 0.010206, -0.054565),
            (0.025771, 0.00706, -0.053603), (0.025552, 0.008712, -0.053738), (0.026958, 0.007934, -0.053964),
            (0.02912, 0.003898, -0.055329), (0.028162, 0.005247, -0.055), (0.031153, 0.003135, -0.054004),
            (0.030308, 0.005569, -0.054864), (0.029087, 0.006794, -0.055341), (0.034461, -0.005834, -0.055705),
            (0.034044, -0.003894, -0.057774), (0.031061, -0.000807, -0.053989), (0.031908, -0.00192, -0.055037),
            (0.029732, -0.003393, -0.053901), (0.03451, 0.000385, -0.057884), (0.03359, 0.002102, -0.057558),
            (0.035845, 0.001374, -0.056821), (0.034967, 0.003298, -0.057115), (0.032734, 0.000192, -0.055484),
            (0.031626, 0.00104, -0.053962), (0.032779, 0.002557, -0.054628), (0.033233, 0.003736, -0.056901),
            (0.034699, 0.005059, -0.057226), (0.036692, 0.004014, -0.055736), (0.03703, 0.001459, -0.05553),
            (0.036647, -0.00101, -0.050869), (0.036968, 9.5e-05, -0.049367), (0.03617, -0.002725, -0.049684),
            (0.032064, 0.004892, -0.053892), (0.033004, 0.005269, -0.054683), (0.032082, 0.007504, -0.053917),
            (0.032903, -0.010531, -0.040892), (0.034053, -0.008217, -0.042141), (0.033452, -0.009494, -0.041281),
            (0.034591, -0.006944, -0.044119), (0.036613, -0.002015, -0.045642), (0.036592, -0.001558, -0.047371),
            (0.036939, 0.000429, -0.045403), (0.034871, -0.006356, -0.041501), (0.034282, -0.007719, -0.040132),
            (0.035327, -0.005011, -0.043557), (0.033561, -0.009337, -0.039018), (0.033752, -0.009029, -0.037101),
            (0.034489, -0.007256, -0.037775), (0.035207, -0.005575, -0.039461), (0.034152, -0.008161, -0.035057),
            (0.034866, -0.006544, -0.034565), (0.03506, -0.006064, -0.037207), (0.037188, 0.001634, -0.043361),
            (0.036829, -0.000335, -0.043798), (0.025824, 0.010292, -0.053657), (0.027897, 0.009714, -0.054867),
            (0.027451, 0.013769, -0.055147), (0.028344, 0.011352, -0.055259), (0.026362, 0.011873, -0.053838),
            (0.030127, 0.008323, -0.055141), (0.029645, 0.010827, -0.055337), (0.029013, 0.012833, -0.055433),
            (0.031273, 0.01015, -0.054182), (0.030621, 0.012984, -0.054496), (0.028911, 0.014409, -0.055454),
            (0.028504, 0.016181, -0.055512), (0.032696, 0.010593, -0.054417), (0.032149, 0.012536, -0.054262),
            (0.032061, 0.014765, -0.054663), (0.030704, 0.015444, -0.05423), (0.033424, 0.014536, -0.057437),
            (0.033389, 0.013056, -0.05678), (0.033211, 0.005589, -0.056311), (0.03623, 0.006194, -0.056139),
            (0.034736, 0.006785, -0.057395), (0.034605, 0.009111, -0.057534), (0.035643, 0.008237, -0.05714),
            (0.03708, 0.008285, -0.055935), (0.037816, 0.006391, -0.055247), (0.033095, 0.008288, -0.054677),
            (0.037425, 0.011063, -0.052479), (0.037035, 0.013193, -0.052686), (0.036973, 0.0126, -0.05119),
            (0.02469, 0.012021, -0.05412), (0.024848, 0.014022, -0.053752), (0.025937, 0.013915, -0.053946),
            (0.026606, 0.015601, -0.055068), (0.026066, 0.017117, -0.055176), (0.027897, 0.017681, -0.055499),
            (0.030377, 0.016663, -0.054336), (0.037445, 0.009822, -0.043129), (0.037566, 0.008488, -0.041665),
            (0.037627, 0.007095, -0.044535), (0.028133, 0.01963, -0.054932), (0.027408, 0.021501, -0.054774),
            (0.029345, 0.018191, -0.054533), (0.029983, 0.019901, -0.054774), (0.028817, 0.021766, -0.054708),
            (0.031436, 0.017548, -0.055171), (0.031026, 0.019837, -0.056374), (0.028053, 0.023988, -0.055353),
            (0.02936, 0.02239, -0.055764), (0.031135, 0.026762, -0.050571), (0.031049, 0.027, -0.052408),
            (0.030216, 0.028155, -0.052165), (0.029356, 0.029111, -0.050542), (0.030336, 0.027872, -0.049101),
            (0.032851, 0.024095, -0.050933), (0.034007, 0.021886, -0.049941), (0.033474, 0.023025, -0.052065),
            (0.03293, 0.024005, -0.047743), (0.031832, 0.025721, -0.04863), (0.033674, 0.022522, -0.047775),
            (0.036404, 0.015844, -0.051032), (0.035431, 0.018719, -0.051549), (0.036127, 0.016609, -0.048408),
            (0.035288, 0.018775, -0.048515), (0.034747, 0.020185, -0.049317), (0.034653, 0.02049, -0.052787),
            (0.035878, 0.017071, -0.046681), (0.034377, 0.02101, -0.046494), (0.035, 0.019506, -0.04469),
            (0.035801, 0.017216, -0.043827), (0.036298, 0.015984, -0.045164), (0.033492, 0.022878, -0.045965),
            (0.029706, 0.02752, -0.057383), (0.03034, 0.027056, -0.056119), (0.030336, 0.026042, -0.057964),
            (0.029234, 0.029199, -0.052644), (0.028506, 0.030075, -0.051451), (0.02867, 0.029912, -0.049463),
            (0.034712, -0.007107, -0.029858), (0.034812, -0.006717, -0.031653), (0.036056, -0.003109, -0.036533),
            (0.036497, -0.001941, -0.03771), (0.036752, -0.000896, -0.035101), (0.035365, -0.005476, -0.028824),
            (0.035084, -0.006324, -0.026047), (0.035708, -0.004471, -0.027254), (0.03556, -0.00503, -0.024176),
            (0.036076, -0.003412, -0.025819), (0.036481, -0.001821, -0.026712), (0.03596, -0.003532, -0.028907),
            (0.036499, -0.00176, -0.02895), (0.036862, -0.000416, -0.026721), (0.037531, 0.008596, -0.037164),
            (0.037545, 0.00791, -0.034536), (0.03758, 0.006979, -0.036629), (0.037384, 0.009456, -0.034685),
            (0.037478, 0.008054, -0.03282), (0.037483, 0.007962, -0.031094), (0.037329, 0.01002, -0.032256),
            (0.037386, 0.008538, -0.029651), (0.03602, -0.003606, -0.024034), (0.035706, -0.004835, -0.020197),
            (0.035981, -0.003841, -0.022138), (0.036628, -0.001336, -0.024537), (0.037161, 0.001201, -0.025223),
            (0.037134, 0.001084, -0.027508), (0.036811, -0.00046, -0.023216), (0.036261, -0.002998, -0.019107),
            (0.036328, -0.002704, -0.021725), (0.036666, -0.001154, -0.020392), (0.036202, -0.003332, -0.01617),
            (0.036682, -0.00109, -0.018588), (0.036574, -0.001511, -0.015469), (0.036771, -0.000889, -0.021649),
            (0.037196, 0.001602, -0.02021), (0.037026, 0.000737, -0.019166), (0.037159, 0.001659, -0.022531),
            (0.037342, 0.002674, -0.021485), (0.036981, 0.000621, -0.017353), (0.037212, 0.002198, -0.018115),
            (0.037348, 0.003442, -0.019359), (0.037281, 0.002099, -0.028827), (0.037399, 0.00347, -0.027113),
            (0.037344, 0.003353, -0.02447), (0.037496, 0.00559, -0.025893), (0.037429, 0.004718, -0.023968),
            (0.037346, 0.009143, -0.024758), (0.037387, 0.007293, -0.027534), (0.03736, 0.009184, -0.02742),
            (0.037458, 0.007391, -0.025493), (0.037165, 0.011187, -0.025747), (0.037217, 0.011122, -0.027614),
            (0.037375, 0.007611, -0.023802), (0.037388, 0.003966, -0.02147), (0.037429, 0.004767, -0.0192),
            (0.037478, 0.004379, -0.017467), (0.037445, 0.006647, -0.019719), (0.037449, 0.007369, -0.021649),
            (0.037414, 0.008369, -0.019612), (0.037464, 0.005824, -0.022103), (0.037479, 0.006267, -0.017728),
            (0.037139, 0.011351, -0.024209), (0.036704, 0.013681, -0.024206), (0.037072, 0.011581, -0.022619),
            (0.037351, 0.009122, -0.022519), (0.037311, 0.009858, -0.020856), (0.036985, 0.012289, -0.021014),
            (0.036039, 0.016655, -0.041557), (0.035127, 0.019204, -0.042245), (0.034491, 0.020806, -0.040486),
            (0.035641, 0.017728, -0.039672), (0.035052, 0.019422, -0.037371), (0.034618, 0.020482, -0.038677),
            (0.036118, 0.016177, -0.037633), (0.036017, 0.016533, -0.03542), (0.035096, 0.01937, -0.035468),
            (0.035407, 0.018417, -0.033449), (0.036469, 0.015066, -0.033566), (0.028451, 0.030151, -0.047016),
            (0.028941, 0.029593, -0.045161), (0.029884, 0.028487, -0.047693), (0.030294, 0.027925, -0.045984),
            (0.030534, 0.027609, -0.044086), (0.027478, 0.031159, -0.044965), (0.027872, 0.030766, -0.043283),
            (0.029179, 0.029318, -0.042455), (0.028298, 0.030376, -0.041041), (0.031372, 0.02644, -0.041232),
            (0.03017, 0.028165, -0.040752), (0.034083, 0.021613, -0.043219), (0.033049, 0.023628, -0.043298),
            (0.033274, 0.023202, -0.040308), (0.032031, 0.025391, -0.043872), (0.032393, 0.024753, -0.040135),
            (0.033529, 0.022812, -0.03843), (0.034128, 0.021579, -0.037027), (0.034171, 0.021424, -0.034263),
            (0.033179, 0.02353, -0.035852), (0.035029, 0.019495, -0.031144), (0.036126, 0.016229, -0.031622),
            (0.034596, 0.020484, -0.032384), (0.035749, 0.017332, -0.029502), (0.035147, 0.019103, -0.028563),
            (0.034569, 0.020585, -0.029618), (0.034438, 0.020757, -0.026093), (0.035322, 0.018677, -0.026421),
            (0.034342, 0.021031, -0.027672), (0.034746, 0.020025, -0.02467), (0.033642, 0.022596, -0.028844),
            (0.033348, 0.023123, -0.025858), (0.033877, 0.021986, -0.024442), (0.025581, 0.032989, -0.040007),
            (0.027223, 0.031491, -0.038893), (0.026485, 0.032297, -0.036792), (0.025216, 0.033301, -0.038212),
            (0.024748, 0.033765, -0.036988), (0.02856, 0.030103, -0.03742), (0.028744, 0.029881, -0.039622),
            (0.029339, 0.029127, -0.038571), (0.029508, 0.029015, -0.036327), (0.027958, 0.030788, -0.034886),
            (0.029208, 0.029352, -0.033907), (0.027845, 0.030934, -0.036371), (0.026164, 0.032594, -0.03523),
            (0.024183, 0.034503, -0.035973), (0.023938, 0.034719, -0.034614), (0.026658, 0.0321, -0.033599),
            (0.024935, 0.033573, -0.033462), (0.026404, 0.032348, -0.031727), (0.028233, 0.030481, -0.03255),
            (0.029037, 0.029553, -0.030966), (0.02959, 0.028837, -0.032501), (0.027137, 0.031615, -0.029979),
            (0.029068, 0.02951, -0.029255), (0.033744, 0.022354, -0.032776), (0.029809, 0.028636, -0.027999),
            (0.030448, 0.027774, -0.029719), (0.031119, 0.026866, -0.027666), (0.031693, 0.026001, -0.03003),
            (0.032265, 0.025046, -0.028846), (0.031932, 0.025635, -0.027047), (0.033439, 0.023024, -0.030664),
            (0.032411, 0.024792, -0.025827), (0.030584, 0.027547, -0.032999), (0.031478, 0.026348, -0.031716),
            (0.037493, 0.008402, -0.03952), (0.03741, 0.010656, -0.040844), (0.037425, 0.010416, -0.038825),
            (0.0368, 0.013124, -0.031388), (0.036432, 0.014972, -0.0306), (0.036965, 0.012745, -0.029893),
            (0.036446, 0.015125, -0.028503), (0.037019, 0.012265, -0.028384), (0.0366, 0.014328, -0.026532),
            (0.03692, 0.012746, -0.025549), (0.035955, 0.016719, -0.026718), (0.036377, 0.015285, -0.024907),
            (0.036623, 0.014171, -0.022144), (0.035953, 0.0167, -0.023713), (0.035306, 0.018673, -0.023724),
            (0.036903, 1.6e-05, -0.01454), (0.037138, 0.001659, -0.015175), (0.037299, 0.002937, -0.016478),
            (0.037366, 0.003382, -0.01447), (0.037428, 0.00449, -0.015799), (0.036287, -0.003074, -0.013193),
            (0.036627, -0.001368, -0.013366), (0.036229, -0.003416, -0.011331), (0.036578, -0.001665, -0.010961),
            (0.037069, 0.000876, -0.011631), (0.036884, -0.000378, -0.010393), (0.037106, 0.001538, -0.013293),
            (0.037379, 0.003242, -0.012383), (0.037437, 0.005527, -0.013058), (0.03643, -0.002705, -0.008912),
            (0.036802, -0.000921, -0.008103), (0.03672, -0.001398, -0.00589), (0.037106, 0.000994, -0.008582),
            (0.037089, 0.000481, -0.006818), (0.037117, 0.001307, -0.010185), (0.037429, 0.003836, -0.010828),
            (0.037375, 0.002665, -0.008953), (0.03732, 0.002171, -0.005989), (0.037423, 0.00362, -0.006585),
            (0.03745, 0.004963, -0.008445), (0.037477, 0.005742, -0.01034), (0.03745, 0.006331, -0.016044),
            (0.037464, 0.007427, -0.017706), (0.037474, 0.006893, -0.013845), (0.037442, 0.008324, -0.015134),
            (0.037351, 0.009329, -0.017498), (0.037146, 0.011376, -0.01898), (0.036612, 0.014161, -0.01983),
            (0.037165, 0.011017, -0.015787), (0.03727, 0.010085, -0.013463), (0.036857, 0.012867, -0.016693),
            (0.036515, 0.014558, -0.017807), (0.037411, 0.007857, -0.01216), (0.037368, 0.009152, -0.011633),
            (0.03682, 0.013166, -0.014599), (0.036814, 0.012943, -0.012906), (0.036524, 0.014345, -0.016037),
            (0.036456, 0.014834, -0.014132), (0.037091, 0.011348, -0.01155), (0.037179, 0.01047, -0.010077),
            (0.036465, 0.014695, -0.01074), (0.036796, 0.013075, -0.01062), (0.037418, 0.007219, -0.009783),
            (0.037434, 0.007082, -0.008227), (0.037333, 0.00899, -0.00908), (0.037123, 0.000662, -0.005088),
            (0.036752, -0.00163, -0.001534), (0.037441, 0.002497, -0.003701), (0.037222, 0.000696, -0.002951),
            (0.037412, 0.001998, -0.0014), (0.037459, 0.005904, -0.006757), (0.037456, 0.002637, 0.00087),
            (0.037279, 0.000981, 0.000304), (0.03704, -0.000374, 0.001501), (0.037218, 4.2e-05, 0.004178),
            (0.03737, 0.001331, 0.00269), (0.037492, 0.003017, 0.003863), (0.037487, 0.00402, -0.002746),
            (0.037466, 0.003854, 0.002355), (0.037521, 0.003968, -0.000181), (0.037528, 0.005954, 0.001105),
            (0.037094, 0.011149, -0.008399), (0.036776, 0.013143, -0.00827), (0.036936, 0.012285, -0.00607),
            (0.036584, 0.014276, -0.006819), (0.036171, 0.015979, -0.008463), (0.036657, 0.013769, -0.004295),
            (0.036181, 0.015922, -0.005596), (0.035791, 0.017274, -0.006576), (0.036345, 0.015019, -0.003961),
            (0.03547, 0.018248, -0.004467), (0.036176, 0.015822, -0.003005), (0.035512, 0.017992, -0.002989),
            (0.037343, 0.00828, -0.006115), (0.037258, 0.010127, -0.006878), (0.037483, 0.006111, -0.005195),
            (0.037395, 0.007969, -0.003608), (0.037271, 0.01, -0.004957), (0.037259, 0.010234, -0.002836),
            (0.037488, 0.00633, -0.001738), (0.037405, 0.008983, -0.001682), (0.037383, 0.00796, -0.000465),
            (0.037023, 0.01186, -0.004579), (0.036969, 0.012272, -0.00292), (0.036765, 0.013463, -0.00123),
            (0.03717, 0.011038, -0.000476), (0.033498, 0.022812, -0.02278), (0.034272, 0.021134, -0.022084),
            (0.032631, 0.024463, -0.023599), (0.03278, 0.024224, -0.021697), (0.03369, 0.022446, -0.020309),
            (0.034668, 0.020341, -0.020714), (0.033298, 0.023293, -0.018234), (0.03217, 0.025326, -0.018386),
            (0.031852, 0.025846, -0.020832), (0.032679, 0.024401, -0.016509), (0.031768, 0.025949, -0.016735),
            (0.027907, 0.030767, -0.028059), (0.026179, 0.032543, -0.02847), (0.025293, 0.033223, -0.030326),
            (0.025245, 0.033221, -0.026052), (0.027512, 0.031233, -0.026472), (0.026899, 0.031767, -0.025229),
            (0.028146, 0.030476, -0.024596), (0.021825, 0.035772, -0.023961), (0.021579, 0.035898, -0.026304),
            (0.019706, 0.037018, -0.02266), (0.023134, 0.034894, -0.025368), (0.023175, 0.034843, -0.022611),
            (0.024804, 0.033617, -0.023959), (0.025966, 0.032621, -0.024496), (0.02707, 0.031612, -0.023302),
            (0.026265, 0.03233, -0.022021), (0.024682, 0.033689, -0.021676), (0.031625, 0.02619, -0.024204),
            (0.030804, 0.027353, -0.025939), (0.029047, 0.029528, -0.026321), (0.029718, 0.028765, -0.024437),
            (0.030617, 0.027649, -0.023565), (0.031739, 0.026017, -0.022412), (0.028865, 0.029696, -0.023038),
            (0.027801, 0.030856, -0.021954), (0.029854, 0.028645, -0.021669), (0.030872, 0.027369, -0.021179),
            (0.028588, 0.029994, -0.020841), (0.026944, 0.031722, -0.020156), (0.02853, 0.030142, -0.01815),
            (0.029722, 0.028754, -0.019734), (0.030649, 0.027634, -0.01798), (0.031397, 0.026568, -0.01964),
            (0.031132, 0.026961, -0.016687), (0.031766, 0.025979, -0.014851), (0.032042, 0.025482, -0.013211),
            (0.03311, 0.023706, -0.014607), (0.03076, 0.027439, -0.01442), (0.030441, 0.027816, -0.012032),
            (0.031461, 0.026373, -0.011355), (0.030967, 0.027001, -0.009789), (0.021223, 0.036128, -0.021453),
            (0.02273, 0.035132, -0.02017), (0.020418, 0.036584, -0.018572), (0.019368, 0.037185, -0.020304),
            (0.024886, 0.033532, -0.019764), (0.023522, 0.034571, -0.01814), (0.022823, 0.035053, -0.016576),
            (0.021474, 0.035934, -0.017108), (0.026233, 0.032381, -0.017862), (0.025444, 0.033044, -0.015761),
            (0.024718, 0.033619, -0.011729), (0.02348, 0.034589, -0.014678), (0.022037, 0.035566, -0.012252),
            (0.018546, 0.037622, -0.016796), (0.020399, 0.036601, -0.014639), (0.016657, 0.038524, -0.014517),
            (0.018525, 0.037629, -0.014025), (0.0281, 0.030559, -0.0161), (0.029868, 0.02863, -0.016002),
            (0.029241, 0.029377, -0.014437), (0.026781, 0.031882, -0.015223), (0.027501, 0.031269, -0.013469),
            (0.029094, 0.029557, -0.012929), (0.028216, 0.030554, -0.011526), (0.025677, 0.032842, -0.013741),
            (0.026361, 0.032276, -0.011555), (0.027165, 0.031552, -0.010391), (0.02926, 0.029367, -0.010833),
            (0.028317, 0.030307, -0.008993), (0.036056, 0.016318, -0.021043), (0.03543, 0.018306, -0.019272),
            (0.035453, 0.01826, -0.022033), (0.035876, 0.01681, -0.017427), (0.035768, 0.017348, -0.014847),
            (0.034878, 0.019873, -0.014963), (0.034717, 0.020191, -0.016501), (0.035084, 0.019287, -0.013605),
            (0.036048, 0.016337, -0.012233), (0.035327, 0.018708, -0.012181), (0.034312, 0.021103, -0.018759),
            (0.033988, 0.021828, -0.016447), (0.034345, 0.021065, -0.012542), (0.03456, 0.020589, -0.009749),
            (0.035034, 0.019435, -0.00918), (0.033904, 0.022086, -0.01098), (0.035745, 0.017494, -0.009129),
            (0.033826, 0.022221, -0.013166), (0.032878, 0.024109, -0.011588), (0.034968, 0.019817, -0.006159),
            (0.034875, 0.019929, -0.003454), (0.032717, 0.024387, -0.008965), (0.027817, 0.030838, -0.048386),
            (0.02629, 0.032365, -0.042768), (0.028076, -0.009293, -0.057184), (0.030043, -0.007378, -0.057948),
            (0.031533, -0.004851, -0.057681), (0.032411, -0.006181, -0.057774), (0.026866, -0.010212, -0.05489),
            (0.033454, -0.008167, -0.054568), (0.030049, -0.00593, -0.056261), (0.031106, -0.00389, -0.055383),
            (0.034221, -0.006492, -0.053857), (0.035342, -0.004247, -0.055223), (0.035156, -0.005141, -0.052815),
            (0.035653, -0.004265, -0.051014), (0.035833, -0.004154, -0.048949), (0.035908, -0.003531, -0.047552),
            (0.032269, -0.002523, -0.056928), (0.033198, -0.000724, -0.057541), (0.034696, -0.002433, -0.057682),
            (0.035953, -0.000872, -0.056669), (0.035925, -0.002745, -0.054558), (0.036628, -0.000696, -0.054679),
            (0.036069, -0.003027, -0.052647), (0.036767, -0.000948, -0.053068), (0.037145, 0.001286, -0.052629),
            (0.037501, 0.002856, -0.054396), (0.03696, 0.000228, -0.047507), (0.037102, 0.002039, -0.050102),
            (0.037605, 0.00372, -0.051919), (0.037676, 0.005014, -0.053644), (0.037312, 0.00208, -0.047352),
            (0.037594, 0.004105, -0.05026), (0.037712, 0.003892, -0.047551), (0.037752, 0.005182, -0.049094),
            (0.035644, -0.004264, -0.045331), (0.036243, -0.00256, -0.043595), (0.037292, 0.002832, -0.045719),
            (0.037753, 0.00452, -0.045063), (0.037674, 0.005575, -0.046563), (0.037766, 0.00439, -0.043153),
            (0.037648, 0.006217, -0.042627), (0.035636, -0.004268, -0.041842), (0.036358, -0.002325, -0.041288),
            (0.035722, -0.003932, -0.039995), (0.036341, -0.002034, -0.039668), (0.035591, -0.004338, -0.037687),
            (0.035447, -0.004933, -0.034874), (0.036629, -0.000866, -0.041968), (0.036944, 0.000117, -0.040636),
            (0.037235, 0.002298, -0.040389), (0.037503, 0.003499, -0.041733), (0.036911, 0.000316, -0.038763),
            (0.03748, 0.002716, -0.038379), (0.037122, 0.001023, -0.036895), (0.03768, 0.005805, -0.04076),
            (0.037666, 0.004432, -0.039241), (0.037707, 0.006226, -0.038747), (0.035549, 0.013864, -0.05781),
            (0.032431, 0.016736, -0.057005), (0.033234, 0.007508, -0.056175), (0.033635, 0.009814, -0.056312),
            (0.036281, 0.010294, -0.057302), (0.03385, 0.011462, -0.057043), (0.036023, 0.012066, -0.057736),
            (0.037575, 0.007082, -0.053139), (0.037584, 0.009163, -0.054238), (0.037643, 0.006772, -0.050453),
            (0.037504, 0.008712, -0.0519), (0.037603, 0.008671, -0.049586), (0.037104, 0.011089, -0.055696),
            (0.037368, 0.011314, -0.054021), (0.036898, 0.013274, -0.0551), (0.036488, 0.014597, -0.055096),
            (0.036429, 0.015471, -0.052932), (0.037404, 0.009994, -0.051008), (0.034034, 0.015746, -0.058026),
            (0.034002, 0.017869, -0.058115), (0.035819, 0.015656, -0.056686), (0.03536, 0.01758, -0.056056),
            (0.032569, 0.01883, -0.057991), (0.031717, 0.020184, -0.057882), (0.033447, 0.020567, -0.057829),
            (0.034332, 0.020119, -0.056039), (0.031198, 0.021603, -0.058072), (0.032445, 0.023105, -0.057702),
            (0.030067, 0.023061, -0.05788), (0.02897, 0.024608, -0.057826), (0.030902, 0.024383, -0.058128),
            (0.033171, 0.022972, -0.05529), (0.036005, 0.016873, -0.054133), (0.034937, 0.019524, -0.054589),
            (0.037649, 0.007472, -0.047525), (0.037326, 0.011007, -0.049784), (0.037407, 0.009731, -0.047571),
            (0.037435, 0.009347, -0.045412), (0.037297, 0.011712, -0.048253), (0.037311, 0.011013, -0.045945),
            (0.03665, 0.014655, -0.049836), (0.03693, 0.013404, -0.048342), (0.036967, 0.013367, -0.046061),
            (0.037369, 0.011604, -0.043795), (0.036782, 0.013592, -0.041313), (0.036729, 0.013923, -0.043067),
            (0.03632, 0.015775, -0.043209), (0.0288, 0.026894, -0.058283), (0.031476, 0.025286, -0.056642),
            (0.031238, 0.026228, -0.05475), (0.03229, 0.024378, -0.055608), (0.034032, 0.021804, -0.05396),
            (0.032386, 0.024927, -0.053002), (0.035467, 0.018395, -0.053119), (0.029205, 0.028629, -0.05588),
            (0.029788, 0.028436, -0.054393), (0.03557, -0.005134, -0.031975), (0.036222, -0.002858, -0.034916),
            (0.036061, -0.003494, -0.033476), (0.036077, -0.003776, -0.031355), (0.036547, -0.001762, -0.030875),
            (0.036604, -0.001591, -0.033231), (0.037041, 0.000668, -0.03231), (0.036933, 0.000333, -0.029773),
            (0.037239, 0.001733, -0.034791), (0.03745, 0.003523, -0.036168), (0.037617, 0.004762, -0.037504),
            (0.037504, 0.003798, -0.033498), (0.037168, 0.002641, -0.032265), (0.037574, 0.004936, -0.035594),
            (0.037667, 0.005774, -0.03398), (0.037153, 0.00207, -0.030777), (0.037307, 0.003955, -0.031009),
            (0.037355, 0.004062, -0.029057), (0.037525, 0.005784, -0.030555), (0.037383, 0.00567, -0.028737),
            (0.03767, 0.005828, -0.03234), (0.037127, 0.010761, -0.030289), (0.037103, 0.012521, -0.039982),
            (0.037235, 0.01182, -0.037787), (0.036672, 0.013574, -0.038537), (0.036752, 0.013424, -0.035656),
            (0.036266, 0.015572, -0.039738), (0.036548, 0.014996, -0.036055), (0.032074, 0.025371, -0.046283),
            (0.031574, 0.026176, -0.03822), (0.032605, 0.024472, -0.037193), (0.030453, 0.027726, -0.034812),
            (0.023727, 0.034842, -0.032931), (0.023762, 0.03462, -0.031652), (0.032878, 0.023964, -0.033959),
            (0.031846, 0.025778, -0.03623), (0.031655, 0.025976, -0.034498), (0.032434, 0.024734, -0.032454),
            (0.037496, 0.010318, -0.036933), (0.03742, 0.011297, -0.035348), (0.037439, 0.011292, -0.032859),
            (0.036796, 0.012742, -0.033782), (0.036991, -0.000331, -0.001449), (0.037468, 0.005921, -0.003746),
            (0.03748, 0.00776, 0.000748), (0.021905, 0.035632, -0.031647), (0.022967, 0.034998, -0.029728),
            (0.024064, 0.034499, -0.030327), (0.02165, 0.03589, -0.029364), (0.020822, 0.036338, -0.028277),
            (0.022693, 0.035173, -0.028133), (0.023946, 0.034207, -0.027215), (0.02492, 0.033604, -0.028909),
            (0.02941, 0.02909, -0.008778), (0.030802, 0.027369, -0.006155), (0.031951, 0.025711, -0.007111),
            (0.029928, 0.028466, -0.007622), (0.033743, 0.022583, -0.008279), (0.034312, 0.02116, -0.007747),
            (0.034372, 0.021335, -0.005181), (0.033683, 0.022667, -0.005219), (0.033099, 0.023717, -0.006335),
            (-0.014642, -0.019243, 0.024494), (-0.012607, -0.020424, 0.02362), (-0.013067, -0.020178, 0.025031),
            (-0.015003, -0.018986, 0.026083), (-0.013706, -0.019755, 0.026825), (-0.014225, -0.01945, 0.02835),
            (-0.016171, -0.018208, 0.027714), (-0.015952, -0.018355, 0.029758), (-0.017488, -0.017238, 0.028771),
            (-0.01407, -0.019526, 0.030131), (-0.01776, -0.016889, 0.030341), (-0.016994, -0.017477, 0.032488),
            (-0.016646, -0.017734, 0.031216), (-0.015454, -0.018581, 0.031541), (-0.018493, -0.016223, 0.032151),
            (-0.017744, -0.016772, 0.033671), (-0.014917, -0.01886, 0.033909), (-0.015629, -0.018372, 0.034898),
            (-0.016987, -0.017368, 0.035153), (-0.019564, -0.015029, 0.034045), (-0.018276, -0.016237, 0.034925),
            (-0.019741, -0.014802, 0.035009), (-0.019058, -0.015463, 0.035672), (-0.019889, -0.014575, 0.035946),
            (-0.018117, -0.016259, 0.037076), (-0.025827, -0.006892, -0.004462), (-0.025756, -0.00692, -0.007183),
            (-0.024548, -0.009698, -0.006269), (-0.023307, -0.011952, -0.004404), (-0.021752, -0.014149, -0.004297),
            (-0.024647, -0.009594, -0.001808), (-0.024764, -0.009356, -0.003877), (-0.022381, -0.013287, -0.002503),
            (-0.023256, -0.012036, -0.002286), (-0.025995, -0.006161, -0.009085), (-0.026572, -0.004281, -0.009654),
            (-0.027087, -0.002255, -0.010381), (-0.026635, -0.004238, -0.008013), (-0.026379, -0.00519, -0.005752),
            (-0.026891, -0.003342, -0.006504), (-0.027212, -0.001842, -0.007797), (-0.023725, -0.011303, -0.000488),
            (-0.025502, -0.007785, -0.001549), (-0.023539, -0.011553, 0.001437), (-0.024399, -0.010084, 0.002246),
            (-0.025449, -0.007935, 0.001094), (-0.026284, -0.005739, -0.00264), (-0.0263, -0.005759, -0.000127),
            (-0.027097, -0.002856, -0.004531), (-0.026653, -0.004548, -0.001722), (-0.027669, -0.000416, -0.001841),
            (-0.027239, -0.002423, -0.00296), (-0.027325, -0.002092, -0.001629), (-0.025253, -0.008391, 0.003514),
            (-0.024158, -0.010492, 0.004959), (-0.025941, -0.006777, 0.003362), (-0.026424, -0.005393, 0.002278),
            (-0.025108, -0.00866, 0.005481), (-0.02465, -0.009534, 0.007334), (-0.026202, -0.006051, 0.005131),
            (-0.026873, -0.004031, 0.002956), (-0.026788, -0.004209, 0.000496), (-0.027598, -0.000929, -0.000128),
            (-0.027235, -0.002542, 0.000134), (-0.027218, -0.002718, 0.002066), (-0.027254, -0.002532, 0.003527),
            (-0.027592, -0.001094, 0.002269), (-0.027822, 0.000635, 0.000288), (-0.025826, -0.007084, 0.007024),
            (-0.025305, -0.008199, 0.008597), (-0.026751, -0.004483, 0.007003), (-0.027137, -0.003047, 0.00518),
            (-0.026317, -0.005771, 0.008677), (-0.025466, -0.007792, 0.01062), (-0.02649, -0.005214, 0.010472),
            (-0.026945, -0.003712, 0.009412), (-0.02757, -0.000876, 0.004062), (-0.027827, 0.000359, 0.002585),
            (-0.02795, 0.001553, 0.003463), (-0.027787, 0.000332, 0.005915), (-0.027326, -0.002039, 0.006777),
            (-0.02758, -0.000805, 0.007781), (-0.0279, 0.001115, 0.007784), (-0.027275, -0.002253, 0.008984),
            (-0.019947, -0.016145, -0.00295), (-0.018531, -0.017376, -0.00308), (-0.018861, -0.017004, -0.000944),
            (-0.020976, -0.015015, -0.002191), (-0.021975, -0.01377, -0.000444), (-0.020254, -0.015688, -0.000438),
            (-0.017542, -0.018082, -0.002746), (-0.017442, -0.018121, -0.001744), (-0.01637, -0.018874, -0.0014),
            (-0.01479, -0.019774, -0.000136), (-0.017776, -0.017854, -0.001076), (-0.017454, -0.018064, -4.2e-05),
            (-0.017451, -0.017999, 0.001135), (-0.016525, -0.018677, 0.00076), (-0.018809, -0.016956, 0.001044),
            (-0.015161, -0.019523, 0.001675), (-0.02052, -0.015303, 0.002604), (-0.02154, -0.014227, 0.00139),
            (-0.019879, -0.01587, 0.004485), (-0.019107, -0.016636, 0.003185), (-0.02173, -0.013909, 0.004288),
            (-0.022617, -0.012871, 0.002606), (-0.017291, -0.018078, 0.002532), (-0.017602, -0.017834, 0.003499),
            (-0.015327, -0.01937, 0.003808), (-0.016733, -0.018427, 0.00399), (-0.018609, -0.016944, 0.006032),
            (-0.017526, -0.017857, 0.00456), (-0.017429, -0.017905, 0.005246), (-0.016324, -0.018662, 0.005706),
            (-0.017721, -0.01762, 0.006595), (-0.010328, -0.021667, 0.002187), (-0.012692, -0.020769, 0.002037),
            (-0.01079, -0.021509, 0.000772), (-0.011702, -0.021181, 0.003946), (-0.009642, -0.021871, 0.003264),
            (-0.008025, -0.022265, 0.002322), (-0.006549, -0.022556, 0.003374), (-0.008183, -0.022274, 0.004201),
            (-0.012807, -0.020781, 0.000189), (-0.009041, -0.022024, 0.000908), (-0.012768, -0.020723, 0.004783),
            (-0.014254, -0.019943, 0.005904), (-0.01092, -0.021457, 0.005241), (-0.015225, -0.019337, 0.007477),
            (-0.012522, -0.020817, 0.006596), (-0.013135, -0.02049, 0.008371), (-0.011768, -0.021142, 0.007852),
            (-0.009315, -0.02197, 0.005765), (-0.006677, -0.022595, 0.005134), (-0.008002, -0.022314, 0.006702),
            (-0.010107, -0.021735, 0.007213), (-0.009426, -0.021952, 0.008303), (-0.010746, -0.021514, 0.009876),
            (-0.00762, -0.022357, 0.008413), (-0.016917, -0.018205, 0.007181), (-0.017777, -0.017557, 0.007706),
            (-0.018334, -0.017099, 0.008774), (-0.017214, -0.017923, 0.009697), (-0.018388, -0.017045, 0.009888),
            (-0.019408, -0.016107, 0.011584), (-0.018337, -0.01703, 0.011102), (-0.019428, -0.016183, 0.008057),
            (-0.020344, -0.015364, 0.005975), (-0.023185, -0.011983, 0.004638), (-0.021564, -0.014014, 0.006247),
            (-0.022358, -0.013034, 0.008058), (-0.020792, -0.014811, 0.008651), (-0.022802, -0.012465, 0.006809),
            (-0.023759, -0.011068, 0.006709), (-0.017042, -0.018017, 0.011436), (-0.018601, -0.016762, 0.012859),
            (-0.019985, -0.015479, 0.013486), (-0.018816, -0.016474, 0.014841), (-0.020309, -0.015066, 0.015434),
            (-0.021236, -0.014179, 0.013823), (-0.019159, -0.016153, 0.015512), (-0.021808, -0.013622, 0.010057),
            (-0.023061, -0.012042, 0.009269), (-0.022783, -0.012378, 0.011468), (-0.022258, -0.013023, 0.012706),
            (-0.024324, -0.010097, 0.009602), (-0.023536, -0.0113, 0.011113), (-0.023126, -0.011795, 0.013916),
            (-0.024156, -0.010296, 0.012379), (-0.020514, -0.015055, 0.01045), (-0.021042, -0.014425, 0.011816),
            (-0.01598, -0.018815, 0.008537), (-0.015253, -0.019243, 0.009824), (-0.013241, -0.020372, 0.010418),
            (-0.014792, -0.019488, 0.010944), (-0.013614, -0.020123, 0.012), (-0.015349, -0.01907, 0.012995),
            (-0.01645, -0.018379, 0.013226), (-0.011824, -0.021044, 0.010884), (-0.007979, -0.022416, 0.009985),
            (-0.009714, -0.021854, 0.011801), (-0.014019, -0.019783, 0.014686), (-0.01178, -0.020971, 0.013464),
            (-0.00911, -0.022074, 0.013543), (-0.015563, -0.018889, 0.015476), (-0.017679, -0.017501, 0.013671),
            (-0.015498, -0.018927, 0.01704), (-0.01701, -0.017923, 0.01536), (-0.018132, -0.017051, 0.015705),
            (-0.017644, -0.017386, 0.016969), (-0.012059, -0.020778, 0.014813), (-0.012262, -0.020675, 0.015997),
            (-0.010022, -0.021719, 0.015819), (-0.013257, -0.020179, 0.017047), (-0.011494, -0.020945, 0.01774),
            (-0.013697, -0.019921, 0.018858), (-0.027518, -0.000269, -0.009976), (-0.027743, 0.001012, -0.011659),
            (-0.027747, 0.000509, -0.007963), (-0.028017, 0.002832, -0.01153), (-0.028031, 0.002819, -0.009871),
            (-0.028079, 0.003192, -0.013035), (-0.028136, 0.004583, -0.011129), (-0.028177, 0.005785, -0.012846),
            (-0.028047, 0.004008, -0.008571), (-0.028115, 0.00573, -0.011166), (-0.028117, 0.007163, -0.010763),
            (-0.028088, 0.005944, -0.009362), (-0.027915, 0.001961, -0.007499), (-0.027767, 0.000563, -0.006075),
            (-0.027981, 0.003051, -0.006522), (-0.027916, 0.001552, -0.004769), (-0.028049, 0.004442, -0.005499),
            (-0.028015, 0.003768, -0.0035), (-0.028074, 0.005235, -0.007481), (-0.028085, 0.007544, -0.008662),
            (-0.028106, 0.008507, -0.009837), (-0.028076, 0.007045, -0.006764), (-0.028083, 0.006542, -0.004838),
            (-0.028008, 0.008999, -0.005641), (-0.028039, 0.008787, -0.007702), (-0.027438, -0.000979, -0.006306),
            (-0.027557, -0.000632, -0.003963), (-0.027901, 0.001217, -0.002926), (-0.028173, 0.007545, -0.01424),
            (-0.028048, 0.009329, -0.013556), (-0.027788, 0.01179, -0.013295), (-0.028098, 0.00849, -0.011796),
            (-0.027978, 0.010207, -0.010993), (-0.027512, 0.013625, -0.015708), (-0.027119, 0.015519, -0.015068),
            (-0.0273, 0.014625, -0.013395), (-0.026743, 0.016952, -0.014569), (-0.027577, 0.013139, -0.011378),
            (-0.027898, 0.010607, -0.008341), (-0.027678, 0.012297, -0.009251), (-0.027907, 0.010451, -0.006585),
            (-0.027685, 0.011977, -0.00663), (-0.027092, 0.015538, -0.011436), (-0.027399, 0.014008, -0.009896),
            (-0.027273, 0.014197, -0.007788), (-0.02699, 0.015667, -0.008642), (-0.026592, 0.017291, -0.009503),
            (-0.028063, 0.006355, -0.003401), (-0.028059, 0.004524, -0.001891), (-0.028008, 0.008933, -0.003594),
            (-0.028091, 0.00709, -0.001459), (-0.028008, 0.008974, -0.000603), (-0.028138, 0.006701, 0.000671),
            (-0.027913, 0.001731, -0.001556), (-0.027996, 0.002625, -0.000316), (-0.027995, 0.002313, 0.00172),
            (-0.028125, 0.004608, 0.00018), (-0.028161, 0.004134, 0.002255), (-0.028153, 0.003913, 0.0038),
            (-0.028115, 0.002924, 0.005187), (-0.028154, 0.006456, 0.002786), (-0.028146, 0.003328, 0.007426),
            (-0.028185, 0.004354, 0.00639), (-0.028228, 0.005594, 0.004649), (-0.02807, 0.008065, 0.001795),
            (-0.027885, 0.010386, 0.000127), (-0.027858, 0.010614, 0.001824), (-0.028138, 0.007328, 0.004537),
            (-0.027951, 0.009977, 0.00408), (-0.027867, 0.010662, -0.00487), (-0.027589, 0.012245, -0.003201),
            (-0.02752, 0.012526, -0.004766), (-0.027765, 0.011278, -0.001702), (-0.027475, 0.013568, -0.006479),
            (-0.027084, 0.01571, -0.006474), (-0.027297, 0.014551, -0.004826), (-0.026601, 0.017668, -0.006052),
            (-0.026265, 0.018096, -0.007742), (-0.026928, 0.016393, -0.003552), (-0.027578, 0.012468, 0.001173),
            (-0.027507, 0.013537, -0.001227), (-0.027552, 0.012495, 0.003464), (-0.026285, -0.005744, 0.012345),
            (-0.026914, -0.003825, 0.011029), (-0.027364, -0.001978, 0.010921), (-0.02701, -0.003398, 0.012618),
            (-0.026905, -0.003823, 0.014179), (-0.025805, -0.006906, 0.014165), (-0.027627, -0.000511, 0.009749),
            (-0.027881, 0.00096, 0.010533), (-0.028045, 0.002201, 0.009335), (-0.027662, -0.000445, 0.011544),
            (-0.027503, -0.001376, 0.01378), (-0.027973, 0.001335, 0.013071), (-0.028128, 0.002791, 0.010843),
            (-0.027022, -0.003181, 0.016696), (-0.026464, -0.00517, 0.015665), (-0.02743, -0.001474, 0.016589),
            (-0.026989, -0.00338, 0.018135), (-0.027541, -0.001301, 0.019513), (-0.027789, 0.000124, 0.014106),
            (-0.028173, 0.003218, 0.013861), (-0.027935, 0.001194, 0.016251), (-0.02815, 0.002535, 0.015678),
            (-0.027702, -4.4e-05, 0.017639), (-0.028046, 0.001011, 0.018932), (-0.027848, -0.000229, 0.021446),
            (-0.028208, 0.002384, 0.019223), (-0.028357, 0.004141, 0.020184), (-0.028096, 0.003186, 0.017749),
            (-0.028229, 0.005303, 0.018112), (-0.028214, 0.001933, 0.021118), (-0.028133, 0.001655, 0.02273),
            (-0.027875, -0.000354, 0.023486), (-0.02832, 0.00376, 0.022427), (-0.028102, 0.000943, 0.024885),
            (-0.028281, 0.00264, 0.025146), (-0.028302, 0.003518, 0.024181), (-0.02833, 0.005299, 0.023882),
            (-0.02842, 0.004483, 0.025702), (-0.028301, 0.003472, 0.027064), (-0.02841, 0.005407, 0.026722),
            (-0.028429, 0.006788, 0.026444), (-0.028372, 0.006915, 0.024322), (-0.01899, -0.016296, 0.016234),
            (-0.020018, -0.015336, 0.01713), (-0.021018, -0.01422, 0.017716), (-0.021548, -0.013782, 0.015533),
            (-0.022157, -0.012847, 0.017734), (-0.020196, -0.015044, 0.018777), (-0.021608, -0.013612, 0.019693),
            (-0.025122, -0.008509, 0.012648), (-0.02457, -0.009558, 0.014223), (-0.024099, -0.010318, 0.015841),
            (-0.023056, -0.011811, 0.016611), (-0.025191, -0.008301, 0.015598), (-0.022517, -0.012608, 0.015009),
            (-0.023007, -0.011802, 0.018838), (-0.0241, -0.010153, 0.01771), (-0.022485, -0.012563, 0.020816),
            (-0.020326, -0.014957, 0.020861), (-0.02152, -0.013696, 0.021533), (-0.0206, -0.014585, 0.024113),
            (-0.021892, -0.013113, 0.023556), (-0.022727, -0.012144, 0.022081), (-0.022802, -0.011871, 0.02409),
            (-0.025151, -0.008206, 0.018663), (-0.02494, -0.008668, 0.017047), (-0.024175, -0.010034, 0.019073),
            (-0.025775, -0.006734, 0.019337), (-0.025994, -0.006414, 0.017232), (-0.024804, -0.008832, 0.020611),
            (-0.026097, -0.006032, 0.020939), (-0.023592, -0.010938, 0.020592), (-0.02404, -0.010108, 0.022812),
            (-0.016092, -0.018454, 0.020096), (-0.017457, -0.017556, 0.01894), (-0.01569, -0.018718, 0.018274),
            (-0.019164, -0.016131, 0.017082), (-0.019028, -0.016196, 0.018046), (-0.018253, -0.01693, 0.020496),
            (-0.019263, -0.015985, 0.019061), (-0.019224, -0.016036, 0.020034), (-0.017634, -0.017362, 0.021736),
            (-0.016352, -0.018249, 0.022225), (-0.013769, -0.019816, 0.021402), (-0.015158, -0.019022, 0.020859),
            (-0.01188, -0.020829, 0.019768), (-0.012745, -0.020405, 0.020555), (-0.014428, -0.019375, 0.022532),
            (-0.012536, -0.020448, 0.022413), (-0.018586, -0.01652, 0.022715), (-0.019503, -0.015693, 0.022499),
            (-0.019315, -0.015932, 0.021183), (-0.019293, -0.015864, 0.023528), (-0.017226, -0.017567, 0.024037),
            (-0.019584, -0.015575, 0.024501), (-0.019597, -0.015495, 0.025497), (-0.018771, -0.01632, 0.025157),
            (-0.017029, -0.01767, 0.025772), (-0.018297, -0.01659, 0.026973), (-0.015358, -0.0188, 0.023382),
            (-0.01602, -0.018409, 0.02452), (-0.026365, -0.005035, 0.018245), (-0.02653, -0.004732, 0.020906),
            (-0.021214, -0.013856, 0.025298), (-0.022156, -0.012687, 0.026018), (-0.023228, -0.011227, 0.026447),
            (-0.023742, -0.010474, 0.024863), (-0.022535, -0.012054, 0.028211), (-0.025315, -0.007718, 0.022395),
            (-0.024695, -0.008955, 0.023718), (-0.025168, -0.007982, 0.024886), (-0.026238, -0.005619, 0.022263),
            (-0.02627, -0.005499, 0.02412), (-0.02573, -0.006827, 0.026195), (-0.024038, -0.009891, 0.027625),
            (-0.024942, -0.008394, 0.026721), (-0.023514, -0.010601, 0.0297), (-0.022745, -0.011632, 0.030717),
            (-0.023439, -0.010538, 0.032658), (-0.02435, -0.009236, 0.030275), (-0.024673, -0.008654, 0.032709),
            (-0.026487, -0.0049, 0.025776), (-0.02627, -0.005489, 0.027337), (-0.025718, -0.006838, 0.027749),
            (-0.026845, -0.003864, 0.028049), (-0.026232, -0.005619, 0.028958), (-0.02663, -0.004502, 0.02987),
            (-0.027183, -0.002692, 0.029685), (-0.025224, -0.007715, 0.029033), (-0.026139, -0.005706, 0.030884),
            (-0.025367, -0.007426, 0.031085), (-0.020239, -0.014822, 0.026294), (-0.019555, -0.015521, 0.026569),
            (-0.019577, -0.015425, 0.027207), (-0.019231, -0.015673, 0.028604), (-0.019865, -0.015127, 0.027878),
            (-0.021294, -0.013656, 0.026853), (-0.020174, -0.014811, 0.028481), (-0.021572, -0.013207, 0.029271),
            (-0.020201, -0.014728, 0.029628), (-0.018975, -0.015856, 0.030202), (-0.017547, -0.017223, 0.027389),
            (-0.02005, -0.014801, 0.0308), (-0.019463, -0.01529, 0.031738), (-0.020965, -0.013784, 0.030872),
            (-0.020209, -0.014503, 0.031884), (-0.020163, -0.014534, 0.032875), (-0.021333, -0.013249, 0.033043),
            (-0.022179, -0.012245, 0.03214), (-0.02231, -0.011923, 0.034365), (-0.019658, -0.014982, 0.033382),
            (-0.020664, -0.013834, 0.034504), (-0.027387, -0.002062, 0.022473), (-0.027003, -0.003348, 0.02028),
            (-0.026899, -0.003721, 0.023161), (-0.027292, -0.002457, 0.024863), (-0.027232, -0.002519, 0.026403),
            (-0.027749, -0.000759, 0.02517), (-0.027679, -0.000755, 0.026557), (-0.027411, -0.001947, 0.027873),
            (-0.02804, 0.001051, 0.026246), (-0.027929, 0.000595, 0.027569), (-0.027847, 0.000191, 0.029308),
            (-0.028231, 0.004948, 0.007894), (-0.028213, 0.005965, 0.006613), (-0.02814, 0.007744, 0.006198),
            (-0.028259, 0.00437, 0.009626), (-0.028214, 0.00431, 0.011758), (-0.028211, 0.006041, 0.011249),
            (-0.028224, 0.00624, 0.009448), (-0.02815, 0.007561, 0.008499), (-0.027961, 0.010253, 0.00677),
            (-0.027958, 0.010336, 0.008569), (-0.027672, 0.012173, 0.007598), (-0.027585, 0.012722, 0.00887),
            (-0.028157, 0.008007, 0.011357), (-0.028221, 0.005771, 0.013465), (-0.028191, 0.007963, 0.013273),
            (-0.028228, 0.008013, 0.015059), (-0.028233, 0.005155, 0.015181), (-0.028201, 0.004493, 0.016695),
            (-0.02799, 0.010157, 0.010271), (-0.028042, 0.010195, 0.012788), (-0.027828, 0.011529, 0.011786),
            (-0.027669, 0.012594, 0.01086), (-0.028048, 0.010235, 0.015191), (-0.027746, 0.012107, 0.01422),
            (-0.027578, 0.012245, 0.005505), (-0.027167, 0.015376, 0.008684), (-0.027364, 0.014319, 0.010671),
            (-0.027003, 0.016086, 0.0107), (-0.026637, 0.017554, 0.008586), (-0.026239, 0.018601, 0.009759),
            (-0.025983, 0.019339, 0.0073), (-0.025306, 0.021173, 0.005738), (-0.025824, 0.019956, 0.004996),
            (-0.025698, 0.020058, 0.009465), (-0.024969, 0.021844, 0.008003), (-0.026646, 0.017361, 0.012258),
            (-0.026055, 0.019036, 0.01197), (-0.025056, 0.021602, 0.010088), (-0.025558, 0.020562, 0.012217),
            (-0.028295, 0.007154, 0.016396), (-0.028097, 0.009682, 0.016921), (-0.028169, 0.008397, 0.018252),
            (-0.028356, 0.00706, 0.018947), (-0.028356, 0.007116, 0.020926), (-0.028349, 0.008485, 0.020718),
            (-0.027811, 0.011909, 0.017004), (-0.028087, 0.011123, 0.019363), (-0.027972, 0.010099, 0.018945),
            (-0.027596, 0.013251, 0.018863), (-0.027543, 0.013829, 0.017302), (-0.028317, 0.00551, 0.021845),
            (-0.028378, 0.007148, 0.02277), (-0.028158, 0.009746, 0.022078), (-0.028278, 0.008576, 0.024797),
            (-0.028286, 0.01019, 0.024279), (-0.028072, 0.011571, 0.023372), (-0.028073, 0.010609, 0.020868),
            (-0.027952, 0.011747, 0.021985), (-0.027801, 0.012664, 0.020335), (-0.027558, 0.014297, 0.020793),
            (-0.027203, 0.015466, 0.023273), (-0.026928, 0.016382, 0.022433), (-0.027588, 0.013841, 0.022678),
            (-0.027139, 0.015562, 0.012861), (-0.027535, 0.013768, 0.013248), (-0.027426, 0.014531, 0.015229),
            (-0.026701, 0.01707, 0.014524), (-0.026995, 0.016308, 0.017273), (-0.02712, 0.015703, 0.018592),
            (-0.026716, 0.017207, 0.016252), (-0.026277, 0.018527, 0.014584), (-0.025913, 0.019495, 0.016334),
            (-0.025714, 0.020072, 0.014064), (-0.024799, 0.022042, 0.013326), (-0.024312, 0.022958, 0.011833),
            (-0.025022, 0.021559, 0.014852), (-0.024286, 0.023142, 0.015091), (-0.024522, 0.022723, 0.017292),
            (-0.026203, 0.018593, 0.017791), (-0.02701, 0.016145, 0.020404), (-0.0265, 0.017736, 0.019228),
            (-0.025837, 0.019848, 0.019515), (-0.026374, 0.018244, 0.021643), (-0.025739, 0.019933, 0.022596),
            (-0.024985, 0.021701, 0.02103), (-0.02497, 0.021924, 0.019101), (-0.019549, -0.014868, 0.036543),
            (-0.019839, -0.014508, 0.037319), (-0.019484, -0.014863, 0.037211), (-0.018952, -0.015353, 0.038136),
            (-0.016199, -0.017902, 0.037146), (-0.01828, -0.015809, 0.039979), (-0.016582, -0.017507, 0.039042),
            (-0.01901, -0.015075, 0.039594), (-0.019878, -0.014418, 0.038331), (-0.019749, -0.014462, 0.039427),
            (-0.021168, -0.012884, 0.039171), (-0.019409, -0.01413, 0.040005), (-0.019692, -0.013687, 0.039777),
            (-0.016842, -0.017223, 0.040345), (-0.020125, -0.013637, 0.04057), (-0.019575, -0.014133, 0.040471),
            (-0.020497, -0.014219, 0.041167), (-0.0284, 0.00488, 0.0286), (-0.028426, 0.007274, 0.028383),
            (-0.028392, 0.005484, 0.030002), (-0.024158, -0.009393, 0.034234), (-0.025401, -0.007271, 0.0348),
            (-0.024034, -0.009475, 0.036037), (-0.024998, -0.007955, 0.036617), (-0.026996, -0.003413, 0.031374),
            (-0.027037, -0.003325, 0.033788), (-0.026614, -0.004523, 0.032561), (-0.027403, -0.001944, 0.032136),
            (-0.025782, -0.006506, 0.033174), (-0.026697, -0.004289, 0.036658), (-0.026407, -0.005141, 0.034696),
            (-0.024466, -0.00877, 0.037901), (-0.025738, -0.006662, 0.037695), (-0.026013, -0.006158, 0.035783),
            (-0.025648, -0.005745, 0.039913), (-0.027267, -0.002196, 0.035445), (-0.026519, -0.004184, 0.039382),
            (-0.027298, -0.002442, 0.038463), (-0.027574, -0.0009, 0.037413), (-0.021118, -0.013218, 0.035964),
            (-0.022365, -0.011723, 0.036184), (-0.021235, -0.012975, 0.037578), (-0.023151, -0.010686, 0.03634),
            (-0.022434, -0.011445, 0.03875), (-0.023559, -0.010085, 0.03856), (-0.017278, -0.015061, 0.037989),
            (-0.015658, -0.015746, 0.037816), (-0.015694, -0.013934, 0.038307), (-0.017299, -0.012999, 0.038194),
            (-0.020224, -0.012858, 0.039518), (-0.019519, -0.013426, 0.039074), (-0.016386, -0.012612, 0.038252),
            (-0.018699, -0.011506, 0.038219), (-0.018807, -0.010313, 0.038357), (-0.020822, -0.011236, 0.038332),
            (-0.01908, -0.008843, 0.038233), (-0.020635, -0.009282, 0.038067), (-0.017187, -0.010672, 0.038139),
            (-0.017473, -0.008538, 0.03799), (-0.015299, -0.010736, 0.037946), (-0.014914, -0.012549, 0.038087),
            (-0.015667, -0.009215, 0.037842), (-0.019253, -0.006794, 0.03809), (-0.017172, -0.006751, 0.037812),
            (-0.016273, -0.007872, 0.037834), (-0.014969, -0.006949, 0.038431), (-0.013758, -0.008172, 0.038464),
            (-0.016339, -0.005552, 0.038418), (-0.013678, -0.005332, 0.038218), (-0.015093, -0.005094, 0.038344),
            (-0.02279, -0.010138, 0.040178), (-0.023921, -0.008821, 0.039559), (-0.02085, -0.007139, 0.038307),
            (-0.021531, -0.008104, 0.038123), (-0.022382, -0.005952, 0.038264), (-0.020454, -0.004701, 0.03807),
            (-0.022123, -0.003602, 0.038201), (-0.023214, -0.004772, 0.038104), (-0.024152, -0.003111, 0.038026),
            (-0.018113, -0.005657, 0.037813), (-0.018031, -0.004491, 0.037959), (-0.019431, -0.003727, 0.03791),
            (-0.020876, -0.002146, 0.03798), (-0.022898, -0.002191, 0.038253), (-0.027583, -0.001102, 0.030289),
            (-0.028125, 0.002298, 0.028652), (-0.027739, 7e-06, 0.032142), (-0.027546, -0.001112, 0.034037),
            (-0.028177, 0.002754, 0.030751), (-0.028055, 0.001995, 0.032605), (-0.028328, 0.004406, 0.03066),
            (-0.028397, 0.007162, 0.030471), (-0.028363, 0.006411, 0.032725), (-0.027815, 0.000574, 0.034193),
            (-0.027727, 2e-05, 0.03604), (-0.028032, 0.001982, 0.035137), (-0.028203, 0.003137, 0.033664),
            (-0.027949, 0.001404, 0.036867), (-0.028276, 0.004772, 0.034949), (-0.028164, 0.003352, 0.03672),
            (-0.023995, -0.001142, 0.038239), (-0.02549, -0.001626, 0.037829), (-0.024546, 0.000381, 0.038208),
            (-0.022168, -0.000439, 0.038068), (-0.024285, 0.002334, 0.03824), (-0.025555, 0.003028, 0.037974),
            (-0.022916, 0.000806, 0.038081), (-0.021316, 0.001682, 0.037881), (-0.022549, 0.00381, 0.03799),
            (-0.028329, 0.004388, 0.032411), (-0.028306, 0.008162, 0.031886), (-0.028287, 0.008055, 0.033949),
            (-0.02828, 0.005842, 0.036181), (-0.028291, 0.007896, 0.035332), (-0.019113, -0.002135, 0.037956),
            (-0.018101, -0.002989, 0.038305), (-0.019366, -0.000966, 0.03804), (-0.020173, -1.8e-05, 0.037819),
            (-0.016943, -0.001079, 0.038294), (-0.018166, 0.000574, 0.038389), (-0.019761, 0.001605, 0.038249),
            (-0.016179, -0.003354, 0.038326), (-0.014837, -0.002831, 0.038185), (-0.012461, -0.004683, 0.038155),
            (-0.014666, -0.00031, 0.03817), (-0.016014, 0.000969, 0.038184), (-0.013267, -0.001272, 0.03817),
            (-0.012765, -0.002501, 0.038132), (-0.020773, 0.003264, 0.037889), (-0.021141, 0.005103, 0.037885),
            (-0.019325, 0.003688, 0.038464), (-0.018504, 0.002116, 0.038382), (-0.016323, 0.0024, 0.038203),
            (-0.017565, 0.003433, 0.038207), (-0.019928, 0.005156, 0.03841), (-0.019135, 0.006129, 0.038355),
            (-0.017163, 0.004837, 0.03819), (-0.017708, 0.006817, 0.038228), (-0.016119, 0.006161, 0.038143),
            (-0.015163, 0.005355, 0.038188), (-0.012974, 0.000578, 0.037881), (-0.014443, 0.001826, 0.038172),
            (-0.012824, 0.00217, 0.037527), (-0.011747, 0.000265, 0.03747), (-0.012985, 0.003599, 0.037473),
            (-0.011338, 0.003278, 0.037622), (-0.01447, 0.003304, 0.038154), (-0.015426, 0.004129, 0.038199),
            (-0.013416, 0.005502, 0.037515), (-0.027481, -1e-05, 0.039677), (-0.0279, 0.001578, 0.038834),
            (-0.028169, 0.004332, 0.038457), (-0.028295, 0.006584, 0.038284), (-0.02831, 0.007126, 0.036909),
            (-0.028164, 0.00645, 0.039528), (-0.028184, 0.008952, 0.036749), (-0.0283, 0.008591, 0.038634),
            (-0.024994, 0.008468, 0.038237), (-0.02607, 0.009315, 0.037905), (-0.026837, 0.007352, 0.037751),
            (-0.024536, 0.004983, 0.038232), (-0.026858, 0.004114, 0.037995), (-0.024536, 0.00714, 0.038227),
            (-0.02661, 0.005975, 0.037576), (-0.023362, 0.0062, 0.03803), (-0.021299, 0.006875, 0.037894),
            (-0.022553, 0.008223, 0.037916), (-0.02822, 0.008824, 0.027492), (-0.028001, 0.011853, 0.02526),
            (-0.028255, 0.010149, 0.026414), (-0.028276, 0.009062, 0.029408), (-0.02823, 0.010994, 0.028028),
            (-0.027806, 0.012698, 0.027605), (-0.028185, 0.010928, 0.030037), (-0.027782, 0.013037, 0.029453),
            (-0.027544, 0.014092, 0.024507), (-0.027195, 0.015556, 0.025253), (-0.027689, 0.013639, 0.026137),
            (-0.027201, 0.01566, 0.027311), (-0.027485, 0.014587, 0.029136), (-0.028172, 0.011545, 0.031106),
            (-0.027797, 0.013217, 0.031746), (-0.02738, 0.015386, 0.03155), (-0.027223, 0.016024, 0.029995),
            (-0.026705, 0.017453, 0.028978), (-0.026567, 0.017897, 0.027385), (-0.02652, 0.018293, 0.030016),
            (-0.027588, 0.014396, 0.033039), (-0.026771, 0.017594, 0.031207), (-0.027329, 0.01576, 0.033882),
            (-0.026738, 0.017755, 0.032652), (-0.026653, 0.017417, 0.024875), (-0.026296, 0.018476, 0.024263),
            (-0.025615, 0.020372, 0.024893), (-0.025198, 0.021243, 0.023348), (-0.026029, 0.019398, 0.026082),
            (-0.025735, 0.020169, 0.027344), (-0.024827, 0.022031, 0.025295), (-0.024306, 0.023173, 0.021983),
            (-0.024339, 0.023286, 0.024217), (-0.024232, 0.023285, 0.019947), (-0.024049, 0.023761, 0.026384),
            (-0.02586, 0.019826, 0.028599), (-0.024978, 0.021905, 0.027748), (-0.02549, 0.020885, 0.030179),
            (-0.025995, 0.019732, 0.031741), (-0.024639, 0.022626, 0.029917), (-0.024265, 0.023423, 0.028257),
            (-0.023365, 0.024888, 0.027493), (-0.022264, 0.0266, 0.027999), (-0.022842, 0.025606, 0.029244),
            (-0.028181, 0.009693, 0.031606), (-0.027939, 0.012432, 0.034562), (-0.016392, 0.008225, 0.038133),
            (-0.0148, 0.007563, 0.038123), (-0.015085, 0.009772, 0.038171), (-0.011952, 0.004747, 0.03761),
            (-0.012416, 0.00696, 0.03758), (-0.010261, 0.004878, 0.037365), (-0.010606, 0.007103, 0.037503),
            (-0.013766, 0.007273, 0.037652), (-0.01333, 0.009565, 0.037563), (-0.011885, 0.008044, 0.03761),
            (-0.010613, 0.008758, 0.037611), (-0.013531, 0.01164, 0.037684), (-0.014641, 0.011627, 0.038097),
            (-0.011756, 0.010488, 0.037546), (-0.012443, 0.012444, 0.03754), (-0.009557, 0.009801, 0.03752),
            (-0.0104, 0.01189, 0.037591), (-0.012493, 0.014428, 0.037628), (-0.013796, 0.013319, 0.038017),
            (-0.011037, 0.014277, 0.037588), (-0.008303, 0.012888, 0.037614), (-0.008664, 0.011552, 0.037525),
            (-0.009265, 0.014011, 0.037559), (-0.024287, 0.023269, 0.032463), (-0.010654, 0.016075, 0.037548),
            (-0.008649, 0.015914, 0.037591), (-0.027486, 0.011507, 0.039795), (-0.028216, 0.011513, 0.03735),
            (-0.028284, 0.010511, 0.038558), (-0.02783, 0.013365, 0.038509), (-0.027798, 0.009145, 0.039622),
            (-0.027526, 0.01034, 0.039477), (-0.02776, 0.013519, 0.037099), (-0.025368, 0.012196, 0.038065),
            (-0.02544, 0.010503, 0.038074), (-0.024194, 0.011555, 0.0382), (-0.024979, 0.014017, 0.038037),
            (-0.023199, 0.013303, 0.038064), (-0.023349, 0.009972, 0.038007), (-0.021064, 0.008417, 0.037941),
            (-0.021617, 0.009895, 0.037813), (-0.021309, 0.011659, 0.037776), (-0.021527, 0.013383, 0.037884),
            (-0.01973, 0.009534, 0.038404), (-0.02, 0.010831, 0.038354), (-0.019611, 0.012078, 0.038381),
            (-0.027728, 0.013967, 0.035499), (-0.027474, 0.015393, 0.037084), (-0.027296, 0.015969, 0.035368),
            (-0.026743, 0.017626, 0.034106), (-0.027572, 0.014854, 0.038876), (-0.026838, 0.017573, 0.036757),
            (-0.027046, 0.017183, 0.038471), (-0.02608, 0.014836, 0.0375), (-0.024359, 0.016083, 0.038155),
            (-0.023048, 0.015246, 0.038092), (-0.02632, 0.018961, 0.034366), (-0.0235, 0.017603, 0.038255),
            (-0.025284, 0.01736, 0.037505), (-0.020212, 0.0136, 0.03804), (-0.020414, 0.015455, 0.037792),
            (-0.021184, 0.017773, 0.037971), (-0.02253, 0.018864, 0.038256), (-0.018426, 0.013812, 0.038328),
            (-0.018447, 0.015423, 0.038376), (-0.019547, 0.016897, 0.037819), (-0.018245, 0.017036, 0.038401),
            (-0.026284, 0.019149, 0.037193), (-0.026441, 0.018541, 0.039414), (-0.019152, 0.008335, 0.038333),
            (-0.01825, 0.010413, 0.038239), (-0.017165, 0.00976, 0.038175), (-0.01741, 0.011686, 0.038183),
            (-0.016428, 0.013545, 0.03817), (-0.015963, 0.01162, 0.038134), (-0.015167, 0.013879, 0.038099),
            (-0.016526, 0.015505, 0.03822), (-0.01417, 0.015107, 0.038137), (-0.025798, 0.020211, 0.033125),
            (-0.025795, 0.020173, 0.034729), (-0.025109, 0.021646, 0.033489), (-0.025611, 0.020699, 0.036322),
            (-0.024871, 0.01917, 0.037718), (-0.022976, 0.020203, 0.038015), (-0.024148, 0.023616, 0.034526),
            (-0.024586, 0.022906, 0.036164), (-0.021017, 0.019767, 0.03805), (-0.019386, 0.018759, 0.037722),
            (-0.017552, 0.019136, 0.038299), (-0.020691, 0.021951, 0.038209), (-0.018684, 0.020512, 0.03777),
            (-0.018795, 0.022884, 0.037977), (-0.016549, 0.021077, 0.038246), (-0.023457, 0.024778, 0.033456),
            (-0.023449, 0.02466, 0.031442), (-0.022718, 0.026081, 0.034248), (-0.024231, 0.023709, 0.037893),
            (-0.023554, 0.024743, 0.036061), (-0.022669, 0.026096, 0.036655), (-0.02184, 0.027208, 0.035406),
            (-0.017416, 0.02262, 0.037787), (-0.01621, 0.024159, 0.037791), (-0.015735, 0.022468, 0.038159),
            (-0.017585, 0.024596, 0.037954), (-0.025801, 0.020479, 0.038991), (-0.025088, 0.0219, 0.037538),
            (-0.024973, 0.022008, 0.040002), (-0.021915, 0.021131, 0.03822), (-0.02335, 0.022136, 0.037548),
            (-0.021751, 0.02347, 0.037755), (-0.023244, 0.025387, 0.038073), (-0.023769, 0.024294, 0.039365),
            (-0.022444, 0.02671, 0.038699), (-0.021025, 0.028338, 0.03654), (-0.01985, 0.024425, 0.038253),
            (-0.020275, 0.025867, 0.037552), (-0.018425, 0.026008, 0.038272), (-0.016388, 0.026305, 0.037992),
            (-0.016473, 0.017532, 0.038228), (-0.015196, 0.01702, 0.038161), (-0.013648, 0.016875, 0.038122),
            (-0.012763, 0.015849, 0.037923), (-0.013519, 0.018322, 0.038092), (-0.015552, 0.018869, 0.038214),
            (-0.014528, 0.021106, 0.038204), (-0.014191, 0.019421, 0.038167), (-0.012901, 0.02031, 0.038135),
            (-0.011995, 0.016983, 0.037925), (-0.010937, 0.018243, 0.037799), (-0.009473, 0.01757, 0.037578),
            (-0.011689, 0.019045, 0.038131), (-0.014116, 0.0231, 0.038269), (-0.012158, 0.022578, 0.038117),
            (-0.011268, 0.020951, 0.038029), (-0.0151, 0.02488, 0.037801), (-0.013739, 0.024581, 0.038306),
            (-0.012233, 0.023885, 0.038145), (-0.009363, 0.018805, 0.037535), (-0.009763, 0.019856, 0.037846),
            (-0.009811, 0.021134, 0.038054), (-0.007177, 0.017252, 0.037569), (-0.007776, 0.019241, 0.037539),
            (-0.007813, 0.020889, 0.03752), (-0.006285, 0.019908, 0.037519), (-0.006002, 0.020974, 0.037462),
            (-0.006661, 0.022273, 0.037522), (-0.008429, 0.021981, 0.037939), (-0.00786, 0.02323, 0.038008),
            (-0.010036, 0.022886, 0.038033), (-0.010167, 0.024905, 0.03807), (-0.008887, 0.02401, 0.037997),
            (-0.027292, 0.014684, -0.0027), (-0.02644, 0.018159, -0.004149), (-0.027422, 0.014166, 0.001193),
            (-0.027002, 0.015908, -0.000318), (-0.027381, 0.014629, 0.00323), (-0.026951, 0.01632, 0.002339),
            (-0.026293, 0.018527, -0.00215), (-0.026511, 0.017966, -0.000776), (-0.026376, 0.018423, 0.000614),
            (-0.025923, 0.019539, 0.002163), (-0.027521, 0.014084, 0.00463), (-0.027486, 0.014151, 0.006692),
            (-0.027046, 0.015831, 0.005238), (-0.026782, 0.016918, 0.007278), (-0.026745, 0.0172, 0.00379),
            (-0.026052, 0.019306, 0.003533), (-0.026605, 0.017595, 0.005446), (-0.025276, 0.020859, 0.017554),
            (-0.018274, -0.014654, 0.03921), (-0.016317, -0.016573, 0.038818), (-0.016224, -0.017037, 0.040117),
            (-0.017733, -0.017421, 0.041354), (-0.017586, -0.015881, 0.041209), (-0.019751, -0.015603, 0.041704),
            (-0.018924, -0.014329, 0.040524), (-0.018631, -0.015983, 0.043473), (-0.019535, -0.013886, 0.041354),
            (-0.021165, -0.013545, 0.041139), (-0.020192, -0.012997, 0.041369), (-0.020828, -0.014341, 0.042769),
            (-0.021706, -0.013313, 0.042667), (-0.022133, -0.011906, 0.04101), (-0.018629, -0.014747, 0.042002),
            (-0.019466, -0.014686, 0.043438), (-0.019691, -0.013709, 0.042675), (-0.019932, -0.013921, 0.043359),
            (-0.020791, -0.012304, 0.043215), (-0.022553, -0.012103, 0.04309), (-0.025132, -0.004014, 0.038405),
            (-0.023759, -0.006395, 0.038001), (-0.025166, -0.00728, 0.039326), (-0.024887, -0.005011, 0.039562),
            (-0.025259, -0.004069, 0.039553), (-0.026441, -0.004797, 0.04133), (-0.026935, -0.002069, 0.039906),
            (-0.02567, -0.003136, 0.039849), (-0.026, -0.002071, 0.039696), (-0.025778, -0.003273, 0.041112),
            (-0.018803, -0.013163, 0.037943), (-0.021386, -0.012187, 0.040006), (-0.021227, -0.011209, 0.039399),
            (-0.021674, -0.010348, 0.039237), (-0.021392, -0.011526, 0.040831), (-0.022064, -0.009783, 0.040255),
            (-0.023353, -0.00764, 0.038781), (-0.02289, -0.008279, 0.0382), (-0.021985, -0.009837, 0.038812),
            (-0.022326, -0.009041, 0.038204), (-0.023848, -0.009431, 0.041004), (-0.022902, -0.00878, 0.04096),
            (-0.024643, -0.009005, 0.04282), (-0.02479, -0.008125, 0.041137), (-0.023317, -0.010933, 0.04163),
            (-0.021883, -0.010724, 0.043089), (-0.02305, -0.01011, 0.043703), (-0.023835, -0.007406, 0.041495),
            (-0.023696, -0.006997, 0.039367), (-0.02588, -0.006549, 0.041877), (-0.023751, -0.008295, 0.043467),
            (-0.020678, -0.012672, 0.040108), (-0.02085, -0.012083, 0.039892), (-0.024153, -0.006078, 0.039376),
            (-0.024766, -0.005505, 0.040566), (-0.024922, -0.005425, 0.042279), (-0.026341, 0.00057, 0.037935),
            (-0.026351, -0.000771, 0.039565), (-0.026253, -0.00499, 0.043511), (-0.025442, -0.006558, 0.043482),
            (-0.027185, -0.002866, 0.041175), (-0.026408, -0.003467, 0.043653), (-0.02797, -0.000759, 0.041258),
            (-0.02624, -0.001433, 0.040023), (-0.026697, -0.000602, 0.041625), (-0.026634, -0.001418, 0.043457),
            (-0.027996, -0.000838, 0.043015), (-0.028136, 0.001024, 0.040999), (-0.027405, 0.000722, 0.043551),
            (-0.02803, 0.002919, 0.040253), (-0.028954, 0.003596, 0.041845), (-0.028638, 0.00161, 0.042354),
            (-0.02847, 0.004912, 0.040635), (-0.026644, 0.000129, 0.039653), (-0.026886, 0.000991, 0.039818),
            (-0.026975, 0.001902, 0.039154), (-0.027224, 0.0019, 0.040915), (-0.02723, 0.003221, 0.039654),
            (-0.0274, 0.00478, 0.039691), (-0.02758, 0.002459, 0.04323), (-0.027635, 0.004123, 0.042148),
            (-0.027554, 0.006018, 0.039581), (-0.027398, 0.009068, 0.0386), (-0.027676, 0.006955, 0.039909),
            (-0.028955, 0.006955, 0.041043), (-0.029208, 0.005688, 0.042101), (-0.028937, 0.008508, 0.041306),
            (-0.027707, 0.006193, 0.041357), (-0.027651, 0.007779, 0.040958), (-0.02762, 0.007691, 0.039989),
            (-0.027928, 0.008297, 0.040123), (-0.027888, 0.009178, 0.040713), (-0.028489, 0.004589, 0.043322),
            (-0.028418, 0.006731, 0.043149), (-0.029117, 0.008455, 0.042785), (-0.028441, 0.008412, 0.043091),
            (-0.028926, 0.009905, 0.041204), (-0.027829, 0.008746, 0.04194), (-0.02765, 0.010079, 0.040888),
            (-0.028784, 0.009523, 0.043323), (-0.028425, 0.011273, 0.043316), (-0.028124, 0.010944, 0.033315),
            (-0.023175, 0.024978, 0.020763), (-0.023391, 0.024842, 0.022739), (-0.022815, 0.025657, 0.025261),
            (-0.023639, 0.0242, 0.029519), (-0.028268, 0.01085, 0.035344), (-0.022415, 0.026305, 0.030917),
            (-0.027547, 0.011049, 0.038456), (-0.026575, 0.012858, 0.037873), (-0.026853, 0.012805, 0.039145),
            (-0.026596, 0.014388, 0.039616), (-0.026187, 0.01568, 0.038938), (-0.028694, 0.011746, 0.040959),
            (-0.027458, 0.011409, 0.041084), (-0.027627, 0.012034, 0.0402), (-0.027259, 0.012087, 0.040417),
            (-0.027697, 0.014391, 0.040359), (-0.028743, 0.013392, 0.041683), (-0.027109, 0.01324, 0.040151),
            (-0.027157, 0.013316, 0.041299), (-0.026611, 0.015113, 0.040309), (-0.026664, 0.015361, 0.04174),
            (-0.028088, 0.013039, 0.043071), (-0.028478, 0.014916, 0.042266), (-0.027297, 0.014805, 0.043036),
            (-0.027298, 0.01637, 0.040316), (-0.026478, 0.01587, 0.040635), (-0.026224, 0.016873, 0.040444),
            (-0.0275, 0.018113, 0.041362), (-0.025929, 0.017582, 0.039768), (-0.025621, 0.01877, 0.039717),
            (-0.025767, 0.018549, 0.040525), (-0.027733, 0.016579, 0.043151), (-0.026137, 0.017552, 0.04222),
            (-0.026339, 0.019918, 0.040584), (-0.027184, 0.018699, 0.043061), (-0.025069, 0.019976, 0.0399),
            (-0.025119, 0.02022, 0.04114), (-0.026061, 0.020062, 0.043337), (-0.021841, 0.027087, 0.032688),
            (-0.024399, 0.020695, 0.038041), (-0.024671, 0.020841, 0.0396), (-0.023998, 0.022404, 0.039584),
            (-0.024437, 0.021664, 0.039885), (-0.023577, 0.023511, 0.039843), (-0.026358, 0.021404, 0.041845),
            (-0.024253, 0.022568, 0.041868), (-0.024909, 0.021218, 0.04274), (-0.023973, 0.022897, 0.040362),
            (-0.024574, 0.023829, 0.040663), (-0.025253, 0.022839, 0.043137), (-0.023155, 0.024421, 0.040265),
            (-0.02344, 0.024259, 0.042924), (-0.022711, 0.02451, 0.038431), (-0.021593, 0.025375, 0.037489),
            (-0.021513, 0.026338, 0.039005), (-0.022469, 0.025148, 0.039793), (-0.02357, 0.025733, 0.040821),
            (-0.022149, 0.025974, 0.04136), (-0.022574, 0.027166, 0.040777), (-0.021665, 0.026553, 0.040308),
            (-0.021236, 0.028214, 0.038998), (-0.020946, 0.029574, 0.041134), (-0.020377, 0.02766, 0.03865),
            (-0.018688, 0.027243, 0.038051), (-0.020647, 0.027633, 0.040188), (-0.021001, 0.027321, 0.040785),
            (-0.020841, 0.027733, 0.04184), (-0.024323, 0.025104, 0.042679), (-0.023183, 0.026818, 0.042971),
            (-0.022365, 0.025684, 0.042904), (-0.021825, 0.028842, 0.042423), (-0.021916, 0.027846, 0.043247),
            (-0.020599, 0.029004, 0.04296), (-0.011118, -0.021176, 0.021537), (-0.009256, -0.021929, 0.021553),
            (-0.00924, -0.021955, 0.023211), (-0.006444, -0.022901, 0.021378), (-0.007708, -0.022514, 0.022892),
            (-0.011087, -0.021173, 0.023482), (-0.009755, -0.021745, 0.024367), (-0.007966, -0.022438, 0.025051),
            (-0.009989, -0.021643, 0.025753), (-0.006237, -0.022933, 0.023841), (-0.004781, -0.023347, 0.022296),
            (-0.004305, -0.023498, 0.023972), (-0.002383, -0.023924, 0.02353), (-0.006741, -0.022864, 0.02575),
            (-0.00432, -0.023563, 0.025539), (-0.006195, -0.02308, 0.026988), (-0.004968, -0.023463, 0.02798),
            (-0.011257, -0.021092, 0.025099), (-0.011725, -0.020864, 0.026408), (-0.008864, -0.022075, 0.02649),
            (-0.009626, -0.021871, 0.028286), (-0.01252, -0.020405, 0.0278), (-0.007894, -0.022486, 0.028199),
            (-0.006521, -0.022946, 0.029819), (-0.005401, -0.02338, 0.029663), (-0.007665, -0.022623, 0.030061),
            (-0.009219, -0.022065, 0.031768), (-0.010862, -0.021314, 0.029418), (-0.005883, -0.023274, 0.031539),
            (-0.001209, -0.024191, 0.022999), (-0.000487, -0.024394, 0.024302), (-0.001435, -0.024246, 0.02596),
            (0.001342, -0.024785, 0.026407), (-0.002207, -0.024144, 0.027805), (-0.000442, -0.024534, 0.028491),
            (0.003472, -0.024956, 0.024445), (0.003562, -0.025053, 0.026543), (0.003012, -0.025083, 0.028607),
            (0.001711, -0.024927, 0.029073), (-0.003459, -0.023916, 0.029579), (-0.000864, -0.024539, 0.030988),
            (-0.004319, -0.02374, 0.03103), (-0.003841, -0.023956, 0.03294), (-0.002309, -0.024281, 0.032135),
            (-0.000475, -0.024684, 0.033198), (0.001253, -0.024913, 0.030598), (0.003422, -0.025178, 0.030683),
            (0.004941, -0.025163, 0.028502), (0.001282, -0.024981, 0.032369), (0.003324, -0.025205, 0.032507),
            (0.005003, -0.024985, 0.031223), (0.001777, -0.025089, 0.034663), (0.00337, -0.025304, 0.034356),
            (-0.011002, -0.021279, 0.031355), (-0.012481, -0.020502, 0.030273), (-0.011816, -0.020801, 0.03209),
            (-0.012022, -0.020738, 0.034189), (-0.012547, -0.020373, 0.03321), (-0.010666, -0.021475, 0.033435),
            (-0.013945, -0.019538, 0.032223), (-0.013766, -0.019611, 0.0338), (-0.007073, -0.022902, 0.032066),
            (-0.008167, -0.022534, 0.033613), (-0.01063, -0.021475, 0.035087), (-0.008226, -0.022557, 0.035767),
            (-0.006809, -0.023069, 0.034198), (-0.005869, -0.023419, 0.035664), (-0.013095, -0.020037, 0.035314),
            (-0.012022, -0.020691, 0.036846), (-0.01412, -0.019356, 0.036175), (-0.014081, -0.019446, 0.03801),
            (-0.015197, -0.018693, 0.037843), (-0.012963, -0.020073, 0.038774), (-0.010178, -0.021677, 0.036433),
            (-0.010733, -0.021401, 0.038293), (-0.0084, -0.02251, 0.03838), (-0.007473, -0.022891, 0.037482),
            (-0.012182, -0.020452, 0.040115), (-0.009994, -0.021819, 0.039215), (-0.010808, -0.021844, 0.041071),
            (-0.009138, -0.02221, 0.040371), (-0.00937, -0.018354, 0.038232), (-0.010739, -0.017762, 0.03828),
            (-0.009928, -0.02024, 0.037714), (-0.011425, -0.016053, 0.038133), (-0.012189, -0.017401, 0.038126),
            (-0.007507, -0.018091, 0.038053), (-0.008239, -0.020539, 0.037772), (-0.006205, -0.01966, 0.038209),
            (-0.005522, -0.023474, 0.033289), (-0.004329, -0.023902, 0.035635), (-0.00232, -0.024328, 0.034704),
            (-0.005302, -0.023667, 0.037891), (-0.002975, -0.024273, 0.037147), (-0.000424, -0.024718, 0.034636),
            (-0.001149, -0.024641, 0.036744), (0.000636, -0.024946, 0.036164), (0.002346, -0.02521, 0.037559),
            (-0.002001, -0.02453, 0.039214), (-0.000141, -0.024896, 0.038364), (0.000923, -0.025045, 0.039084),
            (-0.005262, -0.023634, 0.039535), (-0.003759, -0.024028, 0.039354), (-0.004947, -0.024776, 0.04168),
            (-0.007137, -0.023034, 0.0394), (-0.002847, -0.023543, 0.039547), (-0.003534, -0.022709, 0.037526),
            (-0.004816, -0.022996, 0.038751), (-0.00295, -0.021358, 0.03821), (-0.004532, -0.020414, 0.03825),
            (-0.002439, -0.020241, 0.038028), (-0.003538, -0.018313, 0.037834), (-0.006366, -0.023318, 0.040324),
            (-0.005085, -0.023213, 0.040846), (-0.007451, -0.022041, 0.039377), (-0.002675, -0.024558, 0.040523),
            (-0.000764, -0.025092, 0.040675), (0.000466, -0.024387, 0.040154), (-0.001166, -0.02378, 0.038737),
            (-0.001176, -0.022777, 0.037716), (-0.001109, -0.020954, 0.03813), (0.001333, -0.022141, 0.038136),
            (0.000479, -0.021083, 0.038114), (0.00399, -0.025404, 0.035798), (0.003041, -0.02527, 0.039934),
            (0.004082, -0.025525, 0.038489), (0.003417, -0.023729, 0.03759), (0.003143, -0.021284, 0.038061),
            (-0.005035, -0.02282, 0.002982), (-0.004133, -0.022923, 0.004742), (-0.005847, -0.022773, 0.006297),
            (-0.001619, -0.023363, 0.008238), (-0.001724, -0.023299, 0.006051), (-0.000165, -0.023461, 0.006487),
            (-0.003625, -0.023025, 0.002089), (-0.0033, -0.023056, 0.003559), (-0.001949, -0.023115, 0.004227),
            (-0.003075, -0.023198, 0.006224), (-0.00062, -0.023237, 0.003897), (0.000599, -0.023371, 0.004662),
            (0.002375, -0.023528, 0.004237), (0.001903, -0.023659, 0.006453), (0.001165, -0.023634, 0.008089),
            (-0.004093, -0.023071, 0.007295), (-0.005335, -0.022781, 0.008401), (-0.003167, -0.023171, 0.008146),
            (-0.006109, -0.022757, 0.00976), (-0.004494, -0.023107, 0.010278), (-0.002736, -0.023336, 0.009763),
            (-0.001052, -0.023562, 0.010143), (0.001052, -0.023748, 0.009708), (-0.004433, -0.023165, 0.012502),
            (-0.002, -0.023567, 0.012642), (5.5e-05, -0.023799, 0.011828), (0.001766, -0.023976, 0.011445),
            (0.004629, -0.023798, 0.005213), (0.006469, -0.023891, 0.00649), (0.003978, -0.023884, 0.006953),
            (0.008343, -0.023998, 0.005673), (0.003804, -0.023964, 0.008335), (0.00633, -0.023965, 0.008208),
            (0.00834, -0.024151, 0.007985), (0.007655, -0.024225, 0.010607), (0.0031, -0.023969, 0.009656),
            (0.003615, -0.024206, 0.012082), (0.001791, -0.024127, 0.013317), (0.00419, -0.024289, 0.01335),
            (0.005599, -0.024213, 0.011789), (0.005765, -0.024355, 0.013769), (0.007075, -0.024355, 0.013274),
            (0.006438, -0.024459, 0.015484), (0.005675, -0.024072, 0.009916), (-0.007257, -0.02262, 0.012022),
            (-0.00628, -0.022877, 0.013819), (-0.007896, -0.02245, 0.014981), (-0.006164, -0.022951, 0.016131),
            (-0.003738, -0.023475, 0.015438), (-0.00363, -0.023399, 0.014012), (-0.001958, -0.023662, 0.014623),
            (-0.000212, -0.023898, 0.014093), (-0.002239, -0.023784, 0.016487), (0.000131, -0.024049, 0.015867),
            (-0.00171, -0.023915, 0.01797), (-0.007957, -0.022393, 0.017041), (-0.009537, -0.021712, 0.018114),
            (-0.005989, -0.023015, 0.017748), (-0.007213, -0.022553, 0.019), (-0.010295, -0.02147, 0.019478),
            (-0.008452, -0.022198, 0.020143), (-0.003989, -0.023457, 0.017419), (-0.00468, -0.023325, 0.019219),
            (-0.002688, -0.023797, 0.019152), (-0.003063, -0.023762, 0.021295), (0.001238, -0.024116, 0.014583),
            (0.002016, -0.024348, 0.016697), (0.00366, -0.02443, 0.015761), (0.000662, -0.024203, 0.017308),
            (-0.000552, -0.024154, 0.018935), (0.002137, -0.024517, 0.019036), (0.000827, -0.024348, 0.019258),
            (0.003957, -0.024608, 0.018246), (0.003791, -0.024735, 0.019932), (0.005306, -0.024536, 0.016756),
            (-0.001557, -0.024045, 0.020886), (0.00221, -0.024666, 0.021663), (0.000103, -0.02441, 0.021483),
            (0.001543, -0.024682, 0.023667), (0.003958, -0.024875, 0.02198), (0.016232, -0.022814, 0.015803),
            (0.018203, -0.022222, 0.013986), (0.018091, -0.022246, 0.015823), (0.016408, -0.022704, 0.008099),
            (0.017801, -0.022276, 0.009127), (0.016429, -0.022683, 0.010228), (0.01921, -0.021739, 0.009066),
            (0.020774, -0.021072, 0.008102), (0.020193, -0.021402, 0.010394), (0.018, -0.022184, 0.010693),
            (0.018253, -0.022193, 0.012231), (0.021334, -0.020817, 0.01169), (0.021638, -0.020591, 0.010083),
            (0.023498, -0.01967, 0.011521), (0.023868, -0.019323, 0.009198), (0.022786, -0.020055, 0.009017),
            (0.016251, -0.02274, 0.012537), (0.020062, -0.021473, 0.013351), (0.019932, -0.021514, 0.015609),
            (0.021457, -0.020868, 0.013749), (0.019208, -0.021861, 0.01785), (0.020371, -0.021324, 0.017201),
            (0.026492, -0.017735, 0.008702), (0.025214, -0.018557, 0.011097), (0.026614, -0.017537, 0.011036),
            (0.025753, -0.018175, 0.012981), (0.023107, -0.019976, 0.013305), (0.021644, -0.020783, 0.017418),
            (0.022196, -0.020393, 0.015628), (0.024582, -0.018963, 0.013382), (0.025374, -0.018408, 0.014579),
            (0.026997, -0.017273, 0.013125), (0.028023, -0.016465, 0.011055), (0.026447, -0.017521, 0.015232),
            (0.024841, -0.018659, 0.016275), (0.023576, -0.019565, 0.015988), (0.024845, -0.018628, 0.017719),
            (0.028759, -0.015819, 0.013915), (0.028189, -0.016208, 0.015688), (0.026637, -0.017403, 0.016385),
            (0.027688, -0.016609, 0.018105), (0.026626, -0.017375, 0.017787), (0.016074, -0.02286, 0.017974),
            (0.017549, -0.022319, 0.017615), (0.017443, -0.02257, 0.019092), (0.019189, -0.021869, 0.01984),
            (0.010686, -0.024187, 0.022726), (0.01101, -0.023983, 0.020212), (0.012228, -0.023729, 0.022238),
            (0.012221, -0.023826, 0.024098), (0.014075, -0.023726, 0.024963), (0.013921, -0.023585, 0.022642),
            (0.015475, -0.023283, 0.024272), (0.015462, -0.023261, 0.021763), (0.017066, -0.022756, 0.022959),
            (0.016666, -0.022945, 0.020866), (0.018098, -0.02238, 0.021431), (0.017914, -0.022484, 0.024367),
            (0.017638, -0.022618, 0.02582), (0.015962, -0.023202, 0.026643), (0.013687, -0.023695, 0.027528),
            (0.018982, -0.021983, 0.022606), (0.020249, -0.021408, 0.022754), (0.019684, -0.02168, 0.024956),
            (0.01773, -0.022627, 0.027542), (0.020111, -0.0215, 0.026755), (0.021317, -0.020916, 0.02482),
            (0.021765, -0.02063, 0.026885), (0.020455, -0.021305, 0.019757), (0.023215, -0.019705, 0.018696),
            (0.02186, -0.02065, 0.020002), (0.021881, -0.020577, 0.022707), (0.022745, -0.020191, 0.021217),
            (0.024274, -0.019208, 0.021806), (0.024963, -0.018696, 0.019254), (0.026512, -0.017622, 0.0198),
            (0.029017, -0.015416, 0.017415), (0.028146, -0.016261, 0.019424), (0.027013, -0.017121, 0.022659),
            (0.025692, -0.018224, 0.021611), (0.027846, -0.016434, 0.021272), (0.023252, -0.019773, 0.02398),
            (0.023573, -0.019574, 0.025806), (0.025229, -0.018469, 0.023801), (0.025033, -0.01853, 0.0268),
            (0.026597, -0.017366, 0.025392), (0.026623, -0.017308, 0.02763), (0.027593, -0.016626, 0.023576),
            (0.028182, -0.015967, 0.025045), (0.029277, -0.015017, 0.021569), (0.029223, -0.014981, 0.023396),
            (0.02775, -0.016313, 0.027889), (0.028955, -0.015184, 0.02637), (0.03001, -0.014137, 0.024849),
            (0.029305, -0.015431, 0.010124), (0.027808, -0.016784, 0.009506), (0.030464, -0.014095, 0.011006),
            (0.028967, -0.015685, 0.012213), (0.031118, -0.013257, 0.012192), (0.031873, -0.012285, 0.010638),
            (0.031502, -0.012918, 0.00886), (0.032204, -0.011914, 0.008614), (0.033509, -0.009783, 0.009343),
            (0.033046, -0.010565, 0.012425), (0.032874, -0.01089, 0.010818), (0.029842, -0.014668, 0.014407),
            (0.030882, -0.013431, 0.014321), (0.032027, -0.012067, 0.012474), (0.031651, -0.012392, 0.015118),
            (0.032525, -0.011217, 0.014104), (0.031209, -0.012901, 0.016875), (0.030276, -0.014116, 0.0169),
            (0.034255, -0.008541, 0.011896), (0.033792, -0.009252, 0.013459), (0.032707, -0.011, 0.016757),
            (0.033521, -0.009752, 0.015272), (0.034382, -0.008184, 0.014872), (0.034922, -0.007167, 0.009221),
            (0.034241, -0.008471, 0.009231), (0.035095, -0.006945, 0.007874), (0.036264, -0.00362, 0.006465),
            (0.03667, -0.00232, 0.005488), (0.036178, -0.0041, 0.007746), (0.036856, -0.001733, 0.007376),
            (0.037102, -0.000705, 0.005942), (0.035828, -0.005004, 0.008822), (0.036408, -0.003082, 0.009203),
            (0.036925, -0.001156, 0.010282), (0.03717, -7.3e-05, 0.007749), (0.035322, -0.006153, 0.010745),
            (0.034969, -0.006929, 0.013604), (0.035304, -0.006227, 0.012338), (0.036189, -0.003871, 0.011873),
            (0.035891, -0.004847, 0.013152), (0.036499, -0.002795, 0.010655), (0.03683, -0.001598, 0.012345),
            (0.036374, -0.003126, 0.014357), (0.0372, 0.000374, 0.012365), (0.037246, 0.000601, 0.010213),
            (0.036886, -0.000967, 0.014162), (0.037247, 0.001236, 0.013766), (0.037407, 0.001909, 0.01215),
            (0.031688, -0.012244, 0.018264), (0.030724, -0.013434, 0.019293), (0.031581, -0.012428, 0.020309),
            (0.030645, -0.013527, 0.021783), (0.032377, -0.011426, 0.018975), (0.030937, -0.013114, 0.023153),
            (-0.010125, -0.015463, 0.037979), (-0.008826, -0.016327, 0.037999), (-0.008989, -0.014137, 0.037916),
            (-0.007496, -0.015898, 0.037826), (-0.006063, -0.016311, 0.03776), (-0.006747, -0.014635, 0.038287),
            (-0.007751, -0.013474, 0.038413), (-0.005486, -0.017918, 0.037911), (-0.001937, -0.018392, 0.037788),
            (-0.001973, -0.016546, 0.038166), (-0.004669, -0.016894, 0.037721), (-0.005539, -0.014726, 0.038402),
            (-0.004122, -0.014758, 0.03832), (-0.003042, -0.016224, 0.038218), (-0.002259, -0.014134, 0.038151),
            (-0.000618, -0.016948, 0.03825), (-0.000728, -0.014946, 0.038151), (0.000944, -0.019595, 0.037873),
            (-0.000522, -0.018634, 0.037761), (0.001277, -0.018192, 0.037654), (0.003568, -0.019913, 0.037893),
            (0.000873, -0.016602, 0.03833), (0.003517, -0.018384, 0.037654), (0.002628, -0.016773, 0.038322),
            (-0.005477, -0.011892, 0.038151), (-0.003479, -0.012043, 0.038095), (-0.001434, -0.012762, 0.038064),
            (0.000341, -0.013257, 0.038035), (-0.002743, -0.011014, 0.038115), (-0.004461, -0.010165, 0.038136),
            (-0.001134, -0.011201, 0.038109), (-0.002539, -0.009364, 0.037651), (-0.000738, -0.009581, 0.037537),
            (0.000257, -0.010656, 0.037846), (0.001452, -0.015139, 0.038119), (0.002902, -0.014373, 0.038041),
            (0.004194, -0.016234, 0.038158), (0.005117, -0.015084, 0.038033), (0.004079, -0.013382, 0.03798),
            (0.003678, -0.01208, 0.03801), (0.00518, -0.013134, 0.03795), (0.002247, -0.012556, 0.037995),
            (0.000989, -0.012098, 0.038055), (0.001837, -0.010814, 0.037741), (0.002839, -0.010284, 0.037484),
            (-0.003012, -0.007374, 0.037549), (-0.001296, -0.00809, 0.03754), (0.001573, -0.00866, 0.03753),
            (0.000876, -0.007277, 0.037544), (-0.000211, -0.006708, 0.037561), (0.002594, -0.006812, 0.037439),
            (0.002364, -0.005437, 0.037491), (0.005676, -0.011397, 0.037948), (0.005407, -0.009876, 0.037449),
            (0.004002, -0.009931, 0.037441), (0.003744, -0.008158, 0.037588), (0.005181, -0.008023, 0.038001),
            (0.006286, -0.008871, 0.037496), (0.006472, -0.007438, 0.037895), (0.00415, -0.006062, 0.038067),
            (0.00359, -0.004314, 0.037633), (0.005744, -0.00613, 0.038236), (0.005148, -0.004455, 0.037516),
            (0.006842, -0.004842, 0.037459), (0.004369, -0.003756, 0.038681), (0.005837, -0.003995, 0.038299),
            (0.00781, -0.003752, 0.038545), (0.015862, -0.023269, 0.028459), (0.014515, -0.023708, 0.029501),
            (0.014397, -0.023783, 0.031794), (0.01627, -0.023186, 0.030728), (0.010194, -0.025077, 0.033193),
            (0.009948, -0.025153, 0.031185), (0.011465, -0.024471, 0.031816), (0.016175, -0.023254, 0.03246),
            (0.01772, -0.022664, 0.029169), (0.019947, -0.021612, 0.028698), (0.018577, -0.022297, 0.030962),
            (0.02026, -0.021483, 0.03241), (0.020885, -0.02113, 0.030838), (0.02282, -0.02005, 0.028753),
            (0.022625, -0.020142, 0.031487), (0.013887, -0.023911, 0.034446), (0.016255, -0.023059, 0.035415),
            (0.017561, -0.022794, 0.033687), (0.015929, -0.023466, 0.038387), (0.015178, -0.023384, 0.036524),
            (0.017616, -0.022876, 0.03799), (0.018083, -0.022283, 0.035836), (0.019277, -0.02187, 0.037634),
            (0.019095, -0.022097, 0.033445), (0.021027, -0.021097, 0.033913), (0.023151, -0.019826, 0.033357),
            (0.022599, -0.019788, 0.035657), (0.023945, -0.019253, 0.034648), (0.020173, -0.021108, 0.036296),
            (0.021872, -0.020475, 0.037743), (0.023065, -0.019792, 0.038416), (0.024187, -0.019013, 0.038022),
            (0.025431, -0.018222, 0.029822), (0.02381, -0.019385, 0.029797), (0.026616, -0.017252, 0.030067),
            (0.024332, -0.019028, 0.031812), (0.026447, -0.0174, 0.031914), (0.025367, -0.018225, 0.033374),
            (0.025501, -0.017917, 0.035209), (0.00456, -0.022734, 0.037968), (0.005975, -0.021887, 0.038237),
            (0.006277, -0.023814, 0.03775), (0.007631, -0.022716, 0.03775), (0.006304, -0.019813, 0.037865),
            (0.008414, -0.021428, 0.038178), (0.005807, -0.017201, 0.038261), (0.005158, -0.018971, 0.037652),
            (0.006985, -0.017824, 0.03784), (0.007821, -0.019231, 0.037764), (0.013007, -0.024073, 0.036565),
            (0.011858, -0.024461, 0.038401), (0.011231, -0.024575, 0.036478), (0.009898, -0.022682, 0.037619),
            (0.009751, -0.020489, 0.037955), (0.008764, -0.01798, 0.037672), (0.010684, -0.018925, 0.037776),
            (0.011612, -0.022538, 0.037616), (0.012348, -0.020358, 0.038043), (0.014206, -0.02054, 0.038194),
            (0.010784, -0.017276, 0.037795), (0.009995, -0.015925, 0.038133), (0.012545, -0.017962, 0.037698),
            (0.014469, -0.018837, 0.037907), (0.010851, -0.014626, 0.037995), (0.012363, -0.01579, 0.038106),
            (0.014714, -0.016577, 0.037636), (0.013516, -0.016177, 0.037871), (0.004469, -0.017589, 0.038085),
            (0.007627, -0.016279, 0.038177), (0.007147, -0.014264, 0.037971), (0.007214, -0.0126, 0.037944),
            (0.008725, -0.014414, 0.037988), (0.010201, -0.012195, 0.037945), (0.014266, -0.024002, 0.037625),
            (0.013846, -0.023984, 0.039385), (0.015894, -0.019989, 0.038183), (0.016193, -0.018173, 0.037901),
            (0.017912, -0.019084, 0.03815), (0.017166, -0.017146, 0.037796), (0.019577, -0.01679, 0.037931),
            (0.016218, -0.015279, 0.037743), (0.020969, -0.021077, 0.038991), (0.020013, -0.018026, 0.038017),
            (0.0132, -0.014459, 0.038073), (0.011911, -0.012825, 0.037913), (0.013777, -0.012689, 0.03789),
            (0.01502, -0.01433, 0.038089), (0.015526, -0.011976, 0.037893), (0.006822, -0.010218, 0.037415),
            (0.008182, -0.011273, 0.037885), (0.00968, -0.010271, 0.037629), (0.008218, -0.008923, 0.037438),
            (0.011555, -0.010676, 0.037921), (0.009765, -0.009104, 0.037396), (0.007607, -0.007694, 0.03746),
            (0.012933, -0.010026, 0.037921), (0.011683, -0.009007, 0.037435), (0.014449, -0.010056, 0.037905),
            (0.009617, -0.006934, 0.037462), (0.011532, -0.007511, 0.037443), (0.011085, -0.00527, 0.037455),
            (0.012449, -0.006193, 0.037431), (0.007432, -0.006341, 0.037573), (0.008205, -0.004483, 0.037352),
            (0.009593, -0.004578, 0.037523), (0.009435, -0.00339, 0.037314), (0.009927, -0.003282, 0.038966),
            (0.011563, -0.003636, 0.037494), (0.012941, -0.004466, 0.037428), (0.013248, -0.007619, 0.037381),
            (0.014711, -0.008713, 0.037762), (0.016056, -0.009845, 0.037871), (0.014841, -0.007428, 0.03742),
            (0.014502, -0.006016, 0.037423), (0.014003, -0.004015, 0.037429), (0.01641, -0.007705, 0.037848),
            (0.016329, -0.005961, 0.037324), (0.017319, -0.006937, 0.037799), (0.018357, -0.015312, 0.037693),
            (0.020067, -0.015291, 0.037804), (0.016706, -0.013306, 0.038036), (0.017542, -0.014605, 0.037718),
            (0.017767, -0.010939, 0.037895), (0.018118, -0.012288, 0.03799), (0.018958, -0.013581, 0.037765),
            (0.020731, -0.013, 0.037628), (0.019475, -0.01165, 0.038011), (0.021574, -0.017405, 0.037928),
            (0.021956, -0.015362, 0.037948), (0.022738, -0.016117, 0.038075), (0.021922, -0.013636, 0.037774),
            (0.024367, -0.01532, 0.0379), (0.023528, -0.013841, 0.037915), (0.025576, -0.014046, 0.037879),
            (0.018923, -0.008709, 0.037826), (0.017611, -0.00917, 0.037815), (0.020966, -0.010319, 0.037995),
            (0.020241, -0.009108, 0.037873), (0.019343, -0.006907, 0.037791), (0.020984, -0.007066, 0.037838),
            (0.023598, -0.012556, 0.037794), (0.025615, -0.012158, 0.037938), (0.023594, -0.011007, 0.037632),
            (0.021982, -0.011209, 0.03773), (0.022828, -0.009698, 0.037884), (0.022372, -0.008417, 0.037937),
            (0.024071, -0.009029, 0.037758), (0.025424, -0.010087, 0.037768), (0.018449, -0.005697, 0.037779),
            (0.008836, -5.9e-05, 0.037551), (0.008784, 0.001115, 0.03706), (0.007294, 7.8e-05, 0.036796),
            (0.011396, -0.002962, 0.037721), (0.012965, -0.002651, 0.037403), (0.01277, -0.002791, 0.038261),
            (0.01144, -0.002931, 0.038997), (0.012478, -0.00256, 0.039315), (0.011543, -0.002513, 0.039553),
            (0.010653, 0.000774, 0.037405), (0.010732, 0.000109, 0.03874), (0.012769, 0.001061, 0.037353),
            (0.012334, 0.000528, 0.038506), (0.015353, -0.004886, 0.037455), (0.015247, -0.003326, 0.037428),
            (0.014142, -0.002108, 0.037262), (0.016721, -0.004926, 0.037336), (0.018125, -0.004435, 0.037353),
            (0.016871, -0.003501, 0.037437), (0.016592, -0.001792, 0.037278), (0.015348, -0.001653, 0.037319),
            (0.017774, -0.002035, 0.037438), (0.013137, -0.002586, 0.037986), (0.013467, -0.002087, 0.037655),
            (0.0141, -0.001719, 0.03979), (0.014711, -0.001821, 0.037765), (0.014534, -0.001823, 0.037363),
            (0.016335, -0.000771, 0.037843), (0.016083, -0.000615, 0.039949), (0.015552, -0.001179, 0.039271),
            (0.010117, 0.002826, 0.03688), (0.01177, 0.002235, 0.037352), (0.013891, 0.001445, 0.03842),
            (0.01373, 0.002144, 0.037605), (0.017853, -0.000121, 0.037135), (0.017019, 0.000169, 0.040203),
            (0.018282, 0.000181, 0.038168), (0.013114, 0.00355, 0.037482), (0.015049, 0.002779, 0.037348),
            (0.014149, 0.004415, 0.037583), (0.015934, 0.004194, 0.038115), (0.01595, 0.005085, 0.037369),
            (0.022515, -0.006335, 0.037854), (0.024453, -0.007052, 0.037984), (0.02553, -0.008371, 0.037653),
            (0.026606, -0.00776, 0.037667), (0.024773, -0.004876, 0.037959), (0.02676, -0.004838, 0.03784),
            (0.027822, -0.005706, 0.037724), (0.025112, -0.002949, 0.037891), (0.02638, -0.002538, 0.037957),
            (0.027592, -0.003105, 0.037843), (0.019552, -0.005051, 0.037865), (0.02079, -0.0044, 0.037785),
            (0.022418, -0.004631, 0.037823), (0.019405, -0.003158, 0.037417), (0.019263, -0.001563, 0.037447),
            (0.021262, -0.002733, 0.03787), (0.023277, -0.002633, 0.037796), (0.02025, -0.001153, 0.037378),
            (0.019395, 0.000699, 0.037488), (0.020976, 0.000445, 0.037382), (0.021824, -0.001448, 0.037878),
            (0.023227, 3.7e-05, 0.037867), (0.022092, 0.001656, 0.037879), (0.020318, 0.001071, 0.038658),
            (0.023525, 0.001625, 0.037867), (0.018657, 0.000841, 0.040087), (0.020031, 0.001619, 0.040101),
            (0.021128, 0.002051, 0.039908), (0.022076, 0.002657, 0.039679), (0.023254, 0.002744, 0.038231),
            (0.024531, -0.001159, 0.037838), (0.026407, -0.000511, 0.037904), (0.02807, -0.00141, 0.037919),
            (0.025199, 0.000743, 0.037868), (0.029348, 0.0009, 0.037782), (0.02799, 0.000847, 0.038),
            (0.02515, 0.00237, 0.03781), (0.020736, 0.005384, 0.038479), (0.01965, 0.004406, 0.038611),
            (0.020809, 0.003905, 0.039745), (0.02209, 0.005563, 0.038522), (0.023733, 0.003704, 0.039647),
            (0.024265, 0.003362, 0.038166), (0.022241, 0.003966, 0.040052), (0.022673, 0.00793, 0.038255),
            (0.023236, 0.006247, 0.038421), (0.023195, 0.00513, 0.039712), (0.02467, 0.006112, 0.039454),
            (0.024558, 0.007305, 0.038212), (0.0266, 0.002016, 0.037901), (0.025767, 0.003741, 0.0378),
            (0.027626, 0.00336, 0.037971), (0.029253, 0.002704, 0.037871), (0.02716, 0.004875, 0.037664),
            (0.028624, 0.005239, 0.037616), (0.024914, 0.004447, 0.039739), (0.026118, 0.004841, 0.039534),
            (0.027376, 0.005376, 0.039256), (0.026494, 0.006705, 0.039616), (0.025773, 0.007305, 0.038494),
            (0.023932, 0.009571, 0.038018), (0.026025, 0.008719, 0.038081), (0.02476, 0.010731, 0.03818),
            (0.026243, 0.01061, 0.038036), (0.027506, 0.008148, 0.03856), (0.029916, 0.005663, 0.037652),
            (0.029657, 0.006455, 0.03882), (0.028036, 0.006618, 0.03966), (0.029036, 0.007724, 0.039613),
            (0.029278, 0.009217, 0.038634), (0.027982, 0.01122, 0.037793), (0.031004, 0.008238, 0.039407),
            (0.031115, 0.010147, 0.039278), (0.030559, -0.013436, 0.027117), (0.029105, -0.014939, 0.028167),
            (0.035798, -0.004965, 0.015393), (0.034972, -0.006837, 0.015872), (0.031946, -0.011826, 0.023263),
            (0.033474, -0.009776, 0.017891), (0.032863, -0.010643, 0.020744), (0.033917, -0.008712, 0.018433),
            (0.03436, -0.008106, 0.016649), (0.034795, -0.007098, 0.017999), (0.03452, -0.007748, 0.019597),
            (0.030885, -0.013098, 0.024869), (0.033064, -0.010219, 0.022569), (0.03305, -0.010156, 0.024758),
            (0.031967, -0.011699, 0.025886), (0.033198, -0.009853, 0.027186), (0.033897, -0.008862, 0.02179),
            (0.033764, -0.008996, 0.024178), (0.034841, -0.007102, 0.023027), (0.034991, -0.006708, 0.024452),
            (0.034392, -0.007796, 0.026462), (0.035551, -0.005331, 0.026164), (0.03565, -0.004985, 0.017353),
            (0.036585, -0.002214, 0.016058), (0.035299, -0.006043, 0.019273), (0.036148, -0.003635, 0.0186),
            (0.037034, -0.000214, 0.015377), (0.037307, 0.001283, 0.015296), (0.037025, -0.000361, 0.017173),
            (0.037315, 0.00149, 0.017814), (0.03686, -0.001112, 0.019237), (0.035132, -0.006517, 0.021276),
            (0.036028, -0.004124, 0.022469), (0.036006, -0.004236, 0.020659), (0.036394, -0.002854, 0.023811),
            (0.036771, -0.001974, 0.021417), (0.035964, -0.004298, 0.024393), (0.036873, -0.001088, 0.023906),
            (0.036371, -0.003073, 0.025898), (0.037282, 0.000943, 0.019377), (0.037701, 0.0034, 0.019275),
            (0.037199, 0.000515, 0.022362), (0.037233, 4.5e-05, 0.020927), (0.037237, 0.00059, 0.024356),
            (0.037422, 0.002019, 0.022491), (0.037605, 0.002277, 0.020609), (0.037759, 0.004406, 0.021281),
            (0.037628, 0.003734, 0.023918), (0.037466, 0.002094, 0.024439), (0.02796, -0.016061, 0.030422),
            (0.029723, -0.014287, 0.029395), (0.029229, -0.01476, 0.031538), (0.028879, -0.015089, 0.033087),
            (0.030733, -0.013096, 0.030101), (0.030205, -0.013604, 0.032641), (0.031458, -0.012099, 0.031553),
            (0.026688, -0.017116, 0.03399), (0.027707, -0.016214, 0.034262), (0.02604, -0.017774, 0.037688),
            (0.024598, -0.018572, 0.036432), (0.028758, -0.014761, 0.035419), (0.030654, -0.012986, 0.034319),
            (0.031759, -0.011607, 0.033515), (0.031099, -0.012211, 0.037854), (0.030094, -0.013224, 0.038559),
            (0.029914, -0.01331, 0.036254), (0.031312, -0.012094, 0.035873), (0.025141, -0.018768, 0.03961),
            (0.026786, -0.016696, 0.036417), (0.027125, -0.016768, 0.038956), (0.028004, -0.015418, 0.037216),
            (0.026887, -0.013127, 0.037729), (0.027296, -0.011172, 0.038048), (0.029185, -0.014083, 0.037576),
            (0.028544, -0.014927, 0.038795), (0.028786, -0.011311, 0.037567), (0.028579, -0.009249, 0.038018),
            (0.03203, -0.010834, 0.036866), (0.032114, -0.010889, 0.038267), (0.031948, -0.011657, 0.027914),
            (0.032226, -0.011233, 0.029478), (0.03349, -0.009323, 0.029251), (0.032415, -0.010829, 0.031584),
            (0.033624, -0.009069, 0.031519), (0.034224, -0.008046, 0.028206), (0.035147, -0.006179, 0.028005),
            (0.034738, -0.006982, 0.030447), (0.035669, -0.004957, 0.029155), (0.036011, -0.004063, 0.027914),
            (0.035339, -0.005694, 0.031298), (0.036144, -0.003675, 0.03004), (0.033105, -0.009763, 0.033854),
            (0.032359, -0.010639, 0.035203), (0.033898, -0.008502, 0.033903), (0.034773, -0.006896, 0.03306),
            (0.036191, -0.003506, 0.031823), (0.035771, -0.004675, 0.033308), (0.035371, -0.005587, 0.035111),
            (0.034581, -0.006906, 0.035768), (0.035967, -0.003787, 0.035682), (0.036806, -0.001431, 0.026115),
            (0.037067, -0.000215, 0.027537), (0.037206, 0.000502, 0.026017), (0.036687, -0.00182, 0.028991),
            (0.036769, -0.001574, 0.030816), (0.037133, -6.6e-05, 0.02954), (0.037505, 0.002401, 0.026412),
            (0.037687, 0.004393, 0.025742), (0.037345, 0.00127, 0.028588), (0.037547, 0.002675, 0.027761),
            (0.037724, 0.004927, 0.027954), (0.037637, 0.003884, 0.028927), (0.036832, -0.001378, 0.032618),
            (0.037331, 0.001105, 0.031622), (0.037249, 0.000505, 0.032919), (0.03652, -0.002357, 0.034875),
            (0.036906, -0.001013, 0.03411), (0.037433, 0.00187, 0.030104), (0.037732, 0.005408, 0.029145),
            (0.037624, 0.003821, 0.030583), (0.037626, 0.003408, 0.032256), (0.037508, 0.002264, 0.034012),
            (0.037752, 0.005902, 0.031212), (0.037596, 0.003649, 0.034663), (0.037694, 0.004771, 0.033228),
            (0.02986, -0.010212, 0.03752), (0.029829, -0.007776, 0.038002), (0.028441, -0.007325, 0.037839),
            (0.029617, -0.004768, 0.037854), (0.031117, -0.005628, 0.037989), (0.03109, -0.007179, 0.037831),
            (0.03284, -0.009766, 0.037175), (0.033239, -0.009153, 0.038293), (0.033794, -0.008322, 0.036164),
            (0.034364, -0.007402, 0.038091), (0.028748, -0.003608, 0.037703), (0.030714, -0.002134, 0.037838),
            (0.031824, -0.004061, 0.037987), (0.029848, -0.000718, 0.037717), (0.032791, -0.002266, 0.037976),
            (0.032312, -0.000117, 0.037911), (0.035192, -0.005682, 0.03713), (0.034991, -0.005707, 0.038731),
            (0.036043, -0.004488, 0.038028), (0.034638, -0.002545, 0.037531), (0.034056, -0.000742, 0.037669),
            (0.031011, 0.001656, 0.037764), (0.032802, 0.001414, 0.037901), (0.034009, 0.001511, 0.037939),
            (0.036549, -0.002893, 0.037841), (0.036875, -0.001136, 0.037616), (0.035234, 0.000916, 0.037393),
            (0.034898, 0.002747, 0.037674), (0.037136, 0.000349, 0.035447), (0.03766, 0.004842, 0.035324),
            (0.037767, 0.006558, 0.034053), (0.03568, 0.004358, 0.037396), (0.034482, 0.004389, 0.037931),
            (0.037595, 0.004274, 0.039201), (0.037554, 0.00252, 0.037414), (0.037592, 0.003837, 0.036836),
            (0.037916, 0.005396, 0.037526), (0.037775, 0.006667, 0.037736), (0.037713, 0.006683, 0.036147),
            (0.031126, 0.00347, 0.037735), (0.033208, 0.003988, 0.037896), (0.031427, 0.004869, 0.037763),
            (0.031101, 0.006327, 0.037751), (0.03245, 0.0063, 0.037765), (0.033816, 0.006137, 0.037833),
            (0.035445, 0.006244, 0.037594), (0.031468, 0.007406, 0.038098), (0.033584, 0.008208, 0.037781),
            (0.032515, 0.008703, 0.03825), (0.034808, 0.007532, 0.037849), (0.034028, 0.0095, 0.037797),
            (0.032407, 0.010141, 0.039181), (-0.014548, -0.018811, 0.039787), (-0.014087, -0.019526, 0.040678),
            (-0.014197, -0.015127, 0.038317), (-0.014344, -0.017569, 0.037816), (-0.012913, -0.016003, 0.038312),
            (-0.016388, -0.016798, 0.042405), (-0.014923, -0.018097, 0.041652), (-0.012953, -0.014129, 0.038074),
            (-0.011036, -0.013979, 0.037807), (-0.01353, -0.011719, 0.037855), (-0.012026, -0.012884, 0.037788),
            (-0.011111, -0.011584, 0.038397), (-0.012338, -0.010416, 0.03844), (-0.009719, -0.012471, 0.038427),
            (-0.013856, -0.009813, 0.038061), (-0.009731, -0.009422, 0.038205), (-0.011677, -0.009011, 0.03829),
            (-0.00981, -0.01115, 0.03831), (-0.01208, -0.007219, 0.038211), (-0.010341, -0.007686, 0.03816),
            (-0.011367, -0.006286, 0.038128), (-0.008495, -0.00768, 0.038117), (-0.007627, -0.012132, 0.038248),
            (-0.008419, -0.010405, 0.038199), (-0.00726, -0.010044, 0.038136), (-0.006707, -0.008506, 0.038139),
            (-0.005727, -0.009922, 0.038122), (-0.005622, -0.007988, 0.037755), (-0.004012, -0.009038, 0.037836),
            (-0.0099, -0.005452, 0.038123), (-0.011293, -0.003761, 0.038127), (-0.008509, -0.006268, 0.038042),
            (-0.008789, -0.004587, 0.037538), (-0.009955, -0.002541, 0.037513), (-0.011145, -0.002101, 0.037704),
            (-0.00872, -0.002989, 0.037493), (-0.007128, -0.006867, 0.037747), (-0.007389, -0.005354, 0.037491),
            (-0.005185, -0.006772, 0.037494), (-0.005701, -0.004169, 0.037593), (-0.004264, -0.005844, 0.037549),
            (-0.004446, -0.003647, 0.037596), (-0.002976, -0.004459, 0.037611), (-0.007317, -0.003771, 0.03756),
            (-0.010163, 0.000345, 0.037627), (-0.00876, -0.000568, 0.03759), (-0.007494, -0.001682, 0.037545),
            (-0.006053, -7.1e-05, 0.03683), (-0.006563, 0.001354, 0.036853), (-0.008108, 0.001024, 0.037012),
            (-0.009434, 0.001627, 0.037336), (-0.007606, 0.002745, 0.036865), (-0.009468, 0.003351, 0.037126),
            (-0.003245, -0.002692, 0.037251), (-0.005586, -0.002005, 0.03733), (-0.004497, -0.001023, 0.03684),
            (-0.002517, -0.001051, 0.036866), (-0.001591, 0.000671, 0.036881), (-0.004033, 0.000995, 0.037025),
            (-0.010919, 0.002006, 0.037664), (-0.002116, -0.006118, 0.03759), (-0.001923, -0.004141, 0.037609),
            (-0.000796, -0.005339, 0.03757), (-0.000279, -0.003148, 0.037221), (-0.001556, -0.002069, 0.037046),
            (0.000475, -0.004582, 0.037527), (0.001881, -0.004441, 0.037537), (0.000856, -0.003182, 0.037983),
            (0.002424, -0.00342, 0.038733), (-0.000154, -0.001919, 0.037007), (-0.000885, -0.000479, 0.037052),
            (-7.7e-05, -0.001936, 0.038544), (0.00176, -0.00181, 0.038951), (-0.000721, -0.000457, 0.038768),
            (-0.001602, 0.001052, 0.038346), (0.000581, -0.000892, 0.039001), (0.005198, -0.002554, 0.039098),
            (0.0036, -0.000578, 0.039292), (0.007285, -0.002969, 0.039287), (-0.008367, 0.004332, 0.036849),
            (-0.006479, 0.004148, 0.037036), (-0.004584, 0.004292, 0.037063), (-0.005272, 0.005956, 0.037019),
            (-0.004602, 0.002897, 0.037045), (-0.002093, 0.001912, 0.036918), (-0.002307, 0.003455, 0.036998),
            (-0.003791, 0.006092, 0.037022), (-0.002931, 0.005189, 0.036902), (-0.002019, 0.002198, 0.038097),
            (-0.002779, 0.004678, 0.038024), (-0.001787, 0.003673, 0.039199), (-5.9e-05, 0.009277, 0.037753),
            (0.000245, 0.007128, 0.037784), (0.000207, 0.007243, 0.037093), (-0.007268, 0.005822, 0.036968),
            (-0.009198, 0.006306, 0.036933), (-0.006989, 0.007738, 0.037006), (-0.008996, 0.007996, 0.03708),
            (-0.003355, 0.00663, 0.038351), (-0.002409, 0.005709, 0.039258), (-0.000703, 0.004515, 0.039498),
            (-0.001246, 0.006147, 0.039475), (-0.007846, 0.008744, 0.036868), (-0.007628, 0.01042, 0.03706),
            (-0.006126, 0.009914, 0.036953), (-0.004809, 0.007361, 0.03708), (-0.005164, 0.008669, 0.037052),
            (-0.004133, 0.009322, 0.037063), (-0.006765, 0.011894, 0.037192), (-0.004964, 0.011299, 0.03698),
            (-0.00438, 0.010538, 0.038759), (-0.003502, 0.007635, 0.037041), (-0.003896, 0.008433, 0.038559),
            (-0.002334, 0.007493, 0.039433), (-0.002739, 0.008849, 0.039342), (-0.00044, 0.007227, 0.039291),
            (-0.000464, 0.008412, 0.039118), (-0.001109, 0.00983, 0.039465), (0.000198, 0.01135, 0.037749),
            (-0.002451, 0.01088, 0.039188), (-0.003791, 0.011925, 0.039026), (0.00349, 0.001411, 0.037115),
            (0.002992, 0.002131, 0.037242), (0.004148, 0.001476, 0.03762), (0.002364, 0.002724, 0.03765),
            (0.003091, 0.003147, 0.037242), (0.002539, 0.003835, 0.037187), (0.004435, 0.002362, 0.037183),
            (0.004163, 0.004267, 0.037138), (-0.000101, 0.000893, 0.039231), (-0.000761, 0.002254, 0.039311),
            (0.001389, 0.001963, 0.039403), (0.000414, 0.003501, 0.039484), (0.002355, 0.000479, 0.039342),
            (0.00267, 0.002031, 0.038892), (0.00347, 0.001319, 0.038993), (0.001739, 0.004125, 0.037197),
            (0.001244, 0.004905, 0.037219), (0.001615, 0.003264, 0.038877), (0.000825, 0.004826, 0.038516),
            (0.005205, -0.000794, 0.03931), (0.006768, -0.000687, 0.039357), (0.006297, -1.2e-05, 0.038722),
            (0.006976, -2.3e-05, 0.038408), (0.005837, 0.000272, 0.038339), (0.005071, 0.000658, 0.038469),
            (0.00739, -0.000511, 0.039112), (0.007659, -0.001002, 0.039392), (0.005311, 0.000926, 0.036962),
            (0.004798, 0.001006, 0.03785), (0.005794, 5.2e-05, 0.037154), (0.005833, 0.003476, 0.037119),
            (0.007303, 0.001545, 0.037079), (0.006938, 0.003442, 0.037083), (0.002906, 0.006023, 0.037174),
            (0.001715, 0.006665, 0.037201), (0.000706, 0.006045, 0.037273), (0.00019, 0.005807, 0.039178),
            (0.004116, 0.006984, 0.037175), (0.005417, 0.005329, 0.037194), (0.002332, 0.007843, 0.037163),
            (0.000935, 0.009155, 0.037171), (0.002698, 0.009277, 0.037174), (0.005473, 0.006715, 0.037132),
            (0.005745, 0.008542, 0.037155), (0.004487, 0.009235, 0.037153), (0.007374, 0.005774, 0.037183),
            (0.008131, 0.002948, 0.036987), (0.009008, 0.00411, 0.037104), (0.009494, 0.005693, 0.03707),
            (0.008449, 0.007615, 0.037107), (0.006765, 0.007558, 0.037164), (-0.005643, 0.013053, 0.037206),
            (-0.006861, 0.014111, 0.037601), (-0.004705, 0.012852, 0.038521), (-0.004967, 0.014002, 0.037718),
            (-0.003957, 0.015004, 0.038545), (-0.006529, 0.015477, 0.037572), (-0.005403, 0.017008, 0.037511),
            (-0.004628, 0.015344, 0.037556), (-0.003121, 0.016677, 0.037419), (0.000529, 0.010884, 0.037115),
            (0.001842, 0.011109, 0.037118), (-0.000998, 0.011278, 0.039391), (-0.000121, 0.012081, 0.038997),
            (0.001441, 0.013603, 0.037139), (0.000694, 0.013261, 0.03873), (0.00167, 0.014412, 0.038433),
            (-0.002167, 0.012766, 0.039059), (-0.003004, 0.014092, 0.038951), (-0.00069, 0.013059, 0.03935),
            (-0.002446, 0.016043, 0.038826), (-0.001553, 0.014636, 0.039032), (-0.000778, 0.016643, 0.039192),
            (0.000206, 0.014845, 0.039338), (-0.005528, 0.018592, 0.037562), (-0.00349, 0.018098, 0.038102),
            (-0.004193, 0.019637, 0.038402), (-0.001979, 0.017817, 0.037348), (-0.00127, 0.01743, 0.038252),
            (0.000126, 0.018253, 0.038696), (0.001426, 0.015805, 0.039402), (0.001309, 0.01768, 0.039442),
            (0.002456, 0.016606, 0.039442), (-0.00074, 0.01864, 0.037352), (-0.002388, 0.020237, 0.038091),
            (0.000556, 0.020007, 0.037497), (-0.001155, 0.02094, 0.037483), (0.001219, 0.0189, 0.037466),
            (0.00163, 0.019029, 0.038914), (0.003495, 0.019941, 0.038357), (0.003349, 0.010743, 0.037168),
            (0.006294, 0.010235, 0.037133), (0.005095, 0.011082, 0.03713), (0.004229, 0.012242, 0.037107),
            (0.004779, 0.013663, 0.037062), (0.006644, 0.01396, 0.037017), (0.007133, 0.011759, 0.037088),
            (0.010114, 0.007798, 0.037078), (0.009379, 0.00969, 0.037052), (0.011503, 0.008812, 0.036967),
            (0.01162, 0.010517, 0.036967), (0.009832, 0.011178, 0.037014), (0.007522, 0.009558, 0.03714),
            (0.008594, 0.012526, 0.037068), (0.008249, 0.014671, 0.037056), (0.009891, 0.013709, 0.037041),
            (0.01038, 0.01211, 0.036947), (0.011735, 0.012373, 0.037114), (0.007045, 0.015569, 0.037167),
            (0.010472, 0.015749, 0.037493), (0.012165, 0.013766, 0.037404), (0.011889, 0.015161, 0.037555),
            (0.002824, 0.013039, 0.03708), (0.002365, 0.014781, 0.036937), (0.003969, 0.015237, 0.037065),
            (0.003301, 0.016062, 0.038029), (0.004979, 0.015941, 0.03717), (0.004644, 0.017118, 0.038975),
            (0.006214, 0.017547, 0.037509), (0.007688, 0.01747, 0.037503), (0.003421, 0.017272, 0.039548),
            (0.003075, 0.018711, 0.039672), (0.005105, 0.018684, 0.04002), (0.006746, 0.017778, 0.039022),
            (0.007811, 0.018323, 0.039812), (0.006388, 0.019091, 0.040112), (0.008947, 0.01641, 0.037452),
            (0.008837, 0.017817, 0.03799), (-0.004657, 0.021557, 0.037586), (-0.002573, 0.022109, 0.037551),
            (0.009456, -0.002314, 0.039603), (0.008773, -0.002012, 0.039594), (0.008252, -0.001408, 0.039542),
            (0.009048, -0.000235, 0.038936), (0.01052, -0.000912, 0.039796), (0.010214, -0.002325, 0.039611),
            (0.010762, -0.002377, 0.03963), (0.01258, -0.000653, 0.040141), (0.013561, 0.000704, 0.040089),
            (0.014948, -0.000171, 0.040321), (0.015065, -0.00163, 0.038695), (0.015788, 9e-06, 0.040298),
            (0.011139, 0.004433, 0.036927), (0.01107, 0.005997, 0.037005), (0.012808, 0.005889, 0.037061),
            (0.014673, 0.001465, 0.040131), (0.014991, 0.002802, 0.039116), (0.015564, 0.002159, 0.040208),
            (0.015679, 0.0008, 0.040346), (0.017212, 0.001519, 0.040338), (0.016168, 0.002733, 0.040239),
            (0.01629, 0.004047, 0.039945), (0.016333, 0.005017, 0.039346), (0.018033, 0.002969, 0.040062),
            (0.01747, 0.005237, 0.040125), (0.018474, 0.00417, 0.039285), (0.019555, 0.003314, 0.039635),
            (0.012303, 0.00744, 0.036972), (0.014773, 0.006041, 0.037558), (0.014665, 0.007825, 0.037492),
            (0.013534, 0.008653, 0.037195), (0.012932, 0.00985, 0.037115), (0.013075, 0.011115, 0.037232),
            (0.014929, 0.009457, 0.037544), (0.014669, 0.010906, 0.037552), (0.015959, 0.007559, 0.037452),
            (0.016528, 0.005903, 0.03887), (0.017198, 0.006966, 0.039958), (0.016959, 0.006123, 0.037686),
            (0.018654, 0.005673, 0.039356), (0.015976, 0.010305, 0.037262), (0.016914, 0.009008, 0.037404),
            (0.019129, 0.007092, 0.038859), (0.02086, 0.008082, 0.038367), (0.018943, 0.008443, 0.038988),
            (0.01796, 0.008377, 0.039976), (0.016496, 0.009288, 0.038692), (0.016901, 0.008215, 0.039374),
            (0.01676, 0.010541, 0.039813), (0.018159, 0.010201, 0.039635), (0.016, 0.01171, 0.037556),
            (0.014636, 0.012477, 0.037507), (0.013705, 0.013159, 0.037546), (0.015882, 0.011117, 0.039086),
            (0.015731, 0.012896, 0.039788), (0.015653, 0.011856, 0.038345), (0.013845, 0.014939, 0.037368),
            (0.015266, 0.014149, 0.03735), (0.01318, 0.016124, 0.037683), (0.015356, 0.012823, 0.037846),
            (0.014546, 0.014568, 0.038141), (0.013643, 0.015426, 0.038991), (0.014035, 0.015246, 0.038283),
            (0.015021, 0.014646, 0.039946), (0.019687, 0.009176, 0.038314), (0.019518, 0.010384, 0.038152),
            (0.02171, 0.009718, 0.037997), (0.01847, 0.011621, 0.038575), (0.020506, 0.011922, 0.037993),
            (0.018518, 0.013108, 0.038147), (0.020175, 0.013661, 0.03797), (0.017633, 0.013171, 0.038973),
            (0.017408, 0.014732, 0.038544), (0.016676, 0.013924, 0.03972), (0.014245, 0.016257, 0.039989),
            (0.016149, 0.015888, 0.039245), (0.022869, 0.011183, 0.038179), (0.021759, 0.012944, 0.038271),
            (0.024253, 0.012401, 0.038313), (-0.01305, -0.018446, 0.037767), (-0.011654, -0.019763, 0.038079),
            (-0.010101, -0.020803, 0.039352), (-0.006305, -0.021748, 0.037765), (0.001362, -0.024041, 0.038071),
            (-0.008661, -0.023442, 0.041914), (-0.006804, -0.02429, 0.042568), (0.001289, -0.025181, 0.040383),
            (-0.000575, -0.025836, 0.042243), (-0.002572, -0.025455, 0.042191), (-0.005177, -0.023998, 0.043431),
            (-0.003024, -0.024134, 0.043183), (-0.001306, -0.024242, 0.042951), (0.000428, -0.024948, 0.043067),
            (-0.007127, -0.022488, 0.041566), (-0.002349, -0.023943, 0.041107), (-0.004318, -0.023498, 0.042503),
            (0.006084, -0.025267, 0.030072), (0.005978, -0.025295, 0.032018), (0.007789, -0.025375, 0.030359),
            (0.007978, -0.025579, 0.033645), (0.00564, -0.02552, 0.034003), (0.008708, -0.025386, 0.032107),
            (0.007179, -0.025522, 0.035848), (0.010042, -0.025151, 0.035306), (0.008595, -0.025836, 0.036444),
            (0.005308, -0.025666, 0.036554), (0.006198, -0.025571, 0.038658), (0.004922, -0.025245, 0.040253),
            (0.006197, -0.026033, 0.041124), (0.003082, -0.024533, 0.03967), (0.00569, -0.024664, 0.039696),
            (0.009926, -0.025599, 0.037909), (0.008315, -0.0258, 0.038819), (0.011179, -0.024784, 0.04),
            (0.007956, -0.024275, 0.038637), (0.008464, -0.025354, 0.04019), (0.00849, -0.024575, 0.041555),
            (0.008802, -0.024381, 0.039807), (0.011393, -0.023701, 0.038611), (0.010821, -0.024248, 0.040313),
            (0.011066, -0.025679, 0.041974), (0.009381, -0.025837, 0.041106), (0.002506, -0.026094, 0.041846),
            (0.002776, -0.024783, 0.042461), (0.004204, -0.025449, 0.043426), (0.004955, -0.026324, 0.042275),
            (0.004917, -0.024797, 0.041095), (0.006437, -0.024761, 0.042185), (0.007495, -0.025838, 0.043103),
            (0.009103, -0.025379, 0.043206), (0.012052, -0.023934, 0.041302), (0.010784, -0.024721, 0.043086),
            (0.013362, -0.024865, 0.041021), (0.012588, -0.024714, 0.043036), (0.014761, -0.024655, 0.042379),
            (0.011621, -0.023512, 0.006898), (0.013898, -0.023429, 0.007372), (0.009625, -0.023719, 0.009174),
            (0.011189, -0.023469, 0.009419), (0.012489, -0.023647, 0.008286), (0.008659, -0.024281, 0.012758),
            (0.010235, -0.02388, 0.011376), (0.012078, -0.02349, 0.011374), (0.010715, -0.023822, 0.01312),
            (0.010036, -0.02394, 0.014763), (0.008476, -0.024535, 0.015647), (0.007876, -0.024677, 0.01772),
            (0.005552, -0.024509, 0.018827), (0.005973, -0.024445, 0.020248), (0.008752, -0.02461, 0.019341),
            (0.005913, -0.024565, 0.022482), (0.007758, -0.024893, 0.021155), (0.008267, -0.024814, 0.022799),
            (0.005557, -0.02476, 0.024512), (0.007162, -0.025024, 0.024974), (0.0138, -0.023231, 0.01007),
            (0.013368, -0.02344, 0.012427), (0.014553, -0.023268, 0.014255), (0.012976, -0.023359, 0.014996),
            (0.011946, -0.023614, 0.016272), (0.014455, -0.02337, 0.016631), (0.015227, -0.022907, 0.009033),
            (0.009787, -0.024356, 0.017289), (0.011865, -0.023763, 0.01792), (0.009687, -0.024598, 0.021048),
            (0.014591, -0.023411, 0.0189), (0.012543, -0.023933, 0.019643), (0.013212, -0.023711, 0.02088),
            (0.009212, -0.024869, 0.024326), (0.010956, -0.024271, 0.024817), (0.009211, -0.024835, 0.026349),
            (0.011796, -0.024043, 0.026546), (0.029352, -0.015049, 0.019583), (0.006085, -0.025015, 0.026224),
            (0.007346, -0.025286, 0.028018), (0.009062, -0.025063, 0.028459), (0.011461, -0.024168, 0.028472),
            (0.012544, -0.023865, 0.030048), (0.010537, -0.024576, 0.029937), (0.013049, -0.023914, 0.032742),
            (0.011672, -0.024534, 0.03407), (0.019927, -0.021603, 0.034977), (0.013235, -0.022615, 0.037594),
            (0.014019, -0.023086, 0.03913), (0.015355, -0.023843, 0.040195), (0.014998, -0.022007, 0.03757),
            (0.015937, -0.022341, 0.039116), (0.017729, -0.022799, 0.039883), (0.017266, -0.021318, 0.037674),
            (0.018164, -0.02159, 0.039361), (0.013904, -0.023531, 0.042257), (0.017312, -0.023662, 0.041412),
            (0.015568, -0.022901, 0.04136), (0.017545, -0.022139, 0.041232), (0.019475, -0.021824, 0.039515),
            (0.016528, -0.02323, 0.042704), (0.018645, -0.022159, 0.04277), (0.019794, -0.021047, 0.041306),
            (0.019624, -0.022673, 0.042044), (0.021041, -0.021854, 0.040998), (0.020676, -0.021655, 0.042785),
            (0.019463, -0.020116, 0.037527), (0.020133, -0.020636, 0.039548), (0.021721, -0.019333, 0.037885),
            (0.022608, -0.021259, 0.04072), (0.022629, -0.01943, 0.040003), (0.024275, -0.018088, 0.039251),
            (0.022205, -0.019685, 0.041387), (0.022118, -0.020277, 0.042792), (0.02348, -0.017523, 0.037531),
            (0.015158, -0.001266, 0.037708), (0.02407, -0.02034, 0.042035), (0.024769, -0.017817, 0.041244),
            (0.024252, -0.018719, 0.042637), (0.025724, -0.018726, 0.041769), (0.025855, -0.016247, 0.037872),
            (0.027034, -0.015875, 0.040185), (0.027464, -0.014782, 0.038009), (0.029334, -0.01543, 0.040633),
            (0.026056, -0.017533, 0.042874), (0.02759, -0.017339, 0.041384), (0.026635, -0.016172, 0.042644),
            (0.028306, -0.016168, 0.042869), (0.027955, -0.014673, 0.042199), (0.030114, -0.014179, 0.042939),
            (0.030648, -0.013971, 0.040936), (0.028649, -0.01331, 0.037626), (0.028841, -0.013844, 0.039664),
            (0.029895, -0.012357, 0.038981), (0.030795, -0.011086, 0.038548), (0.029614, -0.012959, 0.042322),
            (0.031408, -0.011731, 0.039972), (0.030448, -0.01182, 0.04062), (0.031933, -0.012404, 0.042757),
            (0.032242, -0.009154, 0.040104), (0.031047, -0.01089, 0.042337), (0.032903, -0.010398, 0.040553),
            (0.033361, -0.009945, 0.042903), (0.031574, -0.009468, 0.037754), (0.033416, -0.006071, 0.037617),
            (0.032739, -0.00774, 0.038442), (0.033616, -0.008569, 0.04023), (0.034805, -0.00761, 0.041922),
            (0.033649, -0.006444, 0.040136), (0.032493, -0.008704, 0.042639), (0.033787, -0.007572, 0.043208),
            (0.034595, -0.007087, 0.040329), (0.03404, -0.00416, 0.037529), (0.034362, -0.004982, 0.039989),
            (0.035403, -0.005173, 0.0402), (0.034352, -0.005334, 0.0419), (0.035894, -0.005222, 0.041592),
            (0.035109, -0.002861, 0.039232), (0.03586, -0.002688, 0.039343), (0.035405, -0.002583, 0.041457),
            (0.03504, -0.005847, 0.043199), (0.036418, -0.003806, 0.042006), (0.035535, -0.003047, 0.042824),
            (0.035876, -0.000491, 0.039427), (0.037013, -0.001869, 0.040927), (0.036723, -0.002088, 0.042851),
            (0.037144, 0.000925, 0.036993), (0.037413, 0.002296, 0.035992), (0.035404, -0.001082, 0.037999),
            (0.036942, -6.5e-05, 0.038969), (0.036292, 0.001392, 0.039681), (0.036037, 0.002209, 0.037802),
            (0.037547, 0.002401, 0.039146), (0.036512, 0.003858, 0.038715), (0.03776, 0.008101, 0.037162),
            (0.036248, 0.000495, 0.042042), (0.036897, -0.000465, 0.043031), (0.037432, -6.7e-05, 0.040664),
            (0.037746, 0.000962, 0.042429), (0.038163, 0.002106, 0.041174), (0.036625, 0.002685, 0.041649),
            (0.037239, 0.00305, 0.042735), (0.036594, 0.006285, 0.038371), (0.036749, 0.004204, 0.040951),
            (0.037055, 0.006123, 0.039931), (0.036357, 0.008585, 0.037816), (0.037023, 0.00743, 0.03942),
            (0.037298, 0.006896, 0.039236), (0.038013, 0.005955, 0.040127), (0.038216, 0.004415, 0.04254),
            (0.038584, 0.004283, 0.041161), (0.036988, 0.0055, 0.041755), (0.038581, 0.006611, 0.041456),
            (0.037696, 0.005998, 0.042881), (0.037093, 0.008505, 0.040301), (0.037944, 0.008181, 0.040002),
            (0.03724, 0.007617, 0.042635), (0.037082, 0.009213, 0.041675), (0.038296, 0.007955, 0.042735),
            (0.038646, 0.008897, 0.041494), (-0.010924, -0.022133, 0.0432), (-0.01295, -0.021057, 0.041608),
            (-0.009049, -0.022562, 0.043262), (-0.014791, -0.019868, 0.042921), (-0.013511, -0.020363, 0.043416),
            (-0.012096, -0.020488, 0.043353), (-0.01058, -0.020824, 0.041422), (-0.013938, -0.018646, 0.039725),
            (-0.01611, -0.018941, 0.042011), (-0.013448, -0.018986, 0.042125), (-0.01585, -0.018241, 0.043416),
            (-0.012078, -0.020059, 0.040962), (-0.009118, -0.021572, 0.041862), (-0.01765, -0.017526, 0.043174),
            (-0.007037, -0.023178, 0.043327), (0.01708, 0.007455, 0.037511), (0.016863, 0.007039, 0.038153),
            (0.01691, 0.008045, 0.037735), (0.016573, 0.010119, 0.037665), (-0.02623, 0.018623, -0.016497),
            (-0.025452, 0.020769, -0.016006), (-0.025983, 0.019344, -0.012846), (-0.023967, 0.02391, -0.01623),
            (-0.024612, 0.022615, -0.014773), (-0.025298, 0.021125, -0.012972), (-0.026585, 0.017447, -0.012355),
            (-0.02601, 0.019241, -0.010438), (-0.024762, 0.022329, -0.010722), (-0.025254, 0.021269, -0.008773),
            (-0.023494, 0.024733, -0.012186), (-0.023071, 0.025444, -0.014316), (-0.0236, 0.024466, -0.00902),
            (-0.022647, 0.026024, -0.010504), (-0.022502, 0.026368, -0.016556), (-0.021715, 0.027429, -0.018668),
            (-0.023119, 0.025383, -0.016556), (-0.021592, 0.027602, -0.015927), (-0.020435, 0.028935, -0.017685),
            (-0.020145, 0.029222, -0.015829), (-0.019283, 0.030168, -0.018999), (-0.017925, 0.031519, -0.020199),
            (-0.017666, 0.031766, -0.018434), (-0.018987, 0.030416, -0.017185), (-0.017785, 0.031658, -0.015297),
            (-0.018179, 0.031233, -0.016844), (-0.017134, 0.032277, -0.016857), (-0.022252, 0.026733, -0.013776),
            (-0.020858, 0.028438, -0.013814), (-0.022253, 0.026677, -0.012134), (-0.021477, 0.027719, -0.011983),
            (-0.021716, 0.027359, -0.010316), (-0.019804, 0.029551, -0.012905), (-0.020612, 0.028719, -0.009934),
            (-0.019477, 0.029974, -0.010163), (-0.019074, 0.030283, -0.011893), (-0.019001, 0.030385, -0.014894),
            (-0.018315, 0.031112, -0.013554), (-0.01583, 0.033426, -0.015924), (-0.017005, 0.032352, -0.013229),
            (-0.017865, 0.031576, -0.01199), (-0.018432, 0.031057, -0.009918), (-0.016614, 0.032728, -0.010567),
            (-0.015206, 0.033888, -0.012322), (-0.025591, 0.020107, -0.007763), (-0.025949, 0.019767, -0.005817),
            (-0.024788, 0.022055, -0.006908), (-0.025087, 0.021585, -0.004343), (-0.024347, 0.022968, -0.008334),
            (-0.022308, 0.0265, -0.008798), (-0.025517, 0.020646, -0.001284), (-0.025702, 0.020157, -0.003593),
            (-0.025239, 0.02121, 0.000917), (-0.01737, 0.031824, -0.007876), (-0.014673, 0.034262, -0.00924),
            (-0.015701, 0.033322, -0.008018), (-0.01287, 0.035646, -0.00086), (-0.012968, 0.035585, -0.003033),
            (-0.014134, 0.034738, -0.001878), (-0.016314, 0.033005, -0.019225), (-0.015292, 0.03386, -0.017596),
            (-0.012354, 0.035964, -0.018628), (-0.014087, 0.034786, -0.017113), (-0.012785, 0.035665, -0.015657),
            (-0.010174, 0.037232, -0.018027), (-0.010674, 0.03693, -0.01613), (-0.008176, 0.038192, -0.016149),
            (-0.006495, 0.038907, -0.017825), (-0.005552, 0.039254, -0.015679), (-0.013874, 0.034916, -0.01407),
            (-0.012864, 0.03561, -0.012128), (-0.010611, 0.036962, -0.010909), (-0.009378, 0.037642, -0.013982),
            (-0.007336, 0.038574, -0.014116), (-0.007365, 0.038563, -0.011934), (-0.009608, 0.037536, -0.009685),
            (-0.006144, 0.039038, -0.011428), (-0.005436, 0.039292, -0.013678), (-0.007496, 0.038499, -0.009663),
            (-0.003905, 0.039772, -0.018781), (-0.004002, 0.039737, -0.016424), (-0.012972, 0.035533, -0.009977),
            (-0.012917, 0.035398, -0.008313), (-0.009507, 0.037428, -0.00805), (-0.011478, 0.036364, -0.007546),
            (-0.009744, 0.037478, -0.006476), (-0.011653, 0.036489, -0.005892), (-0.00499, 0.039467, -0.010454),
            (-0.013972, 0.034933, -0.006252), (-0.013521, 0.035245, -0.0045), (-0.011702, 0.036407, -0.003569),
            (-0.010144, 0.037327, -0.004319), (-0.008197, 0.038257, -0.004922), (-0.008627, 0.038062, -0.003097),
            (-0.010725, 0.036944, -0.001824), (-0.011728, 0.036391, -0.000108), (-0.009261, 0.037771, -0.001418),
            (-0.010259, 0.037283, 4.8e-05), (-0.007964, 0.038387, -0.006899), (-0.00379, 0.039827, -0.013073),
            (-0.001587, 0.040355, -0.017864), (0.000703, 0.040628, -0.016604), (-0.001688, 0.040353, -0.015715),
            (0.005626, 0.040978, -0.017584), (0.003824, 0.040898, -0.016958), (0.005739, 0.040991, -0.01565),
            (-0.002678, 0.040128, -0.010495), (0.008382, 0.040867, -0.01577), (0.01023, 0.040518, -0.014221),
            (0.008774, 0.040787, -0.013771), (0.011237, 0.040346, -0.011789), (0.013179, 0.039799, -0.013744),
            (0.013219, 0.039794, -0.01114), (0.012668, 0.039984, -0.009437), (-0.005876, 0.03919, -0.007637),
            (-0.003852, 0.039845, -0.008224), (-0.006617, 0.038865, -0.004897), (-0.003355, 0.039999, -0.006082),
            (-0.008044, 0.038341, -0.000495), (-0.004922, 0.039531, -0.003523), (-0.003429, 0.03997, -0.001838),
            (-0.003056, 0.040086, -0.004595), (-0.007116, 0.038801, -0.002429), (-0.005397, 0.039354, -0.001663),
            (-0.005347, 0.039425, -0.000422), (-0.001246, 0.040471, -0.002612), (-0.000756, 0.040574, -0.005705),
            (0.000181, 0.040703, -0.001489), (0.000632, 0.040733, -0.004085), (0.001862, 0.040913, -0.002606),
            (0.002326, 0.040992, -0.000727), (4.7e-05, 0.04077, 0.00023), (0.003717, 0.041013, -0.0028),
            (0.005109, 0.04113, -0.004457), (0.002633, 0.041034, -0.004791), (0.006468, 0.041145, -0.003334),
            (0.006138, 0.041129, -0.00203), (0.004988, 0.041051, -0.001116), (0.007971, 0.041034, -0.00113),
            (-0.025228, 0.021419, 0.00314), (-0.024602, 0.022763, 0.004127), (-0.023657, 0.024051, 0.003601),
            (-0.02346, 0.024503, 0.006229), (-0.02305, 0.025299, 0.004146), (-0.023573, 0.024163, 0.007952),
            (-0.024216, 0.023012, 0.009778), (-0.023307, 0.024587, 0.009989), (-0.020931, 0.028358, 0.007852),
            (-0.019882, 0.029783, 0.007416), (-0.020929, 0.02852, 0.006208), (-0.020702, 0.028793, 0.008993),
            (-0.018645, 0.030827, 0.009199), (-0.020075, 0.029464, 0.010159), (-0.020553, 0.028897, 0.001776),
            (-0.018746, 0.030868, 0.002866), (-0.019596, 0.030006, 0.001262), (-0.020041, 0.029581, 0.00408),
            (-0.019243, 0.03041, 0.005284), (-0.014342, 0.034644, 0.00023), (-0.015469, 0.033862, -0.001595),
            (-0.015722, 0.033566, 0.000676), (-0.013017, 0.035545, 0.001683), (-0.016137, 0.03322, 0.002769),
            (-0.01703, 0.032546, 0.001387), (-0.016491, 0.032818, 0.004328), (-0.014228, 0.034755, 0.003328),
            (-0.012661, 0.03584, 0.003986), (-0.011612, 0.036519, 0.002208), (-0.013522, 0.035219, 0.004989),
            (-0.01744, 0.032123, 0.00564), (-0.015577, 0.033523, 0.007036), (-0.016858, 0.032558, 0.007866),
            (-0.018502, 0.031004, 0.007631), (-0.015017, 0.034089, 0.008962), (-0.01665, 0.032617, 0.010048),
            (-0.01473, 0.034359, 0.005577), (-0.011667, 0.036493, 0.005051), (-0.013385, 0.035355, 0.006443),
            (-0.014092, 0.034811, 0.007858), (-0.023408, 0.024455, 0.01199), (-0.023652, 0.02411, 0.013662),
            (-0.023402, 0.024686, 0.015077), (-0.022703, 0.025695, 0.012106), (-0.022432, 0.026354, 0.013717),
            (-0.022501, 0.026421, 0.016013), (-0.021588, 0.027475, 0.012451), (-0.02082, 0.028674, 0.012099),
            (-0.021563, 0.027677, 0.010533), (-0.018925, 0.03063, 0.011392), (-0.019939, 0.029501, 0.01172),
            (-0.020808, 0.02868, 0.014902), (-0.021842, 0.027157, 0.015026), (-0.020148, 0.029338, 0.013689),
            (-0.019234, 0.030189, 0.015397), (-0.018641, 0.030851, 0.013889), (-0.023607, 0.024734, 0.01698),
            (-0.021282, 0.028161, 0.01623), (-0.020052, 0.029454, 0.016707), (-0.017391, 0.032024, 0.012833),
            (-0.015949, 0.033232, 0.012285), (-0.017186, 0.032243, 0.011168), (-0.011777, 0.036397, 0.007274),
            (-0.012052, 0.036297, 0.008582), (-0.010387, 0.037256, 0.007932), (-0.010107, 0.037319, 0.010149),
            (-0.015099, 0.034163, 0.01387), (-0.015114, 0.03406, 0.01248), (-0.013095, 0.035583, 0.009565),
            (-0.014103, 0.034803, 0.011035), (-0.012246, 0.036088, 0.010839), (-0.013648, 0.035121, 0.012722),
            (-0.01195, 0.036351, 0.013684), (-0.013691, 0.035189, 0.014781), (-0.010044, 0.037328, 0.01285),
            (-0.011405, 0.036642, 0.012002), (-0.010451, 0.037148, 0.015226), (-0.008484, 0.03825, 0.014134),
            (-0.015375, 0.033852, 0.015997), (-0.016079, 0.033205, 0.014758), (-0.013696, 0.035269, 0.016847),
            (-0.011708, 0.036547, 0.016166), (-0.007328, 0.038625, 0.019502), (-0.008014, 0.038493, 0.017906),
            (-0.009663, 0.037585, 0.018833), (-0.010402, 0.037156, 0.00194), (-0.009277, 0.037802, 0.002063),
            (-0.009609, 0.037625, 0.003817), (-0.007612, 0.038589, 0.00428), (-0.006209, 0.039143, 0.003329),
            (-0.007756, 0.038507, 0.001973), (-0.003641, 0.039917, 0.00452), (-0.001462, 0.040424, 0.002507),
            (-0.003422, 0.039977, 0.002493), (0.000949, 0.040917, 0.004635), (-0.001673, 0.04044, 0.005744),
            (-0.010365, 0.03722, 0.005847), (-0.00939, 0.037723, 0.006986), (-0.008737, 0.038065, 0.005637),
            (-0.00712, 0.038796, 0.006738), (-0.005269, 0.039432, 0.005569), (-0.008593, 0.038096, 0.008641),
            (-0.006815, 0.038841, 0.008248), (-0.004724, 0.039623, 0.007205), (-0.00452, 0.039659, 0.008968),
            (-0.003509, 0.039949, 0.006245), (-0.002962, 0.040094, 0.008125), (0.004072, 0.04111, 0.003979),
            (0.002246, 0.041079, 0.002838), (0.000435, 0.040753, 0.002553), (0.002292, 0.041032, 0.007039),
            (0.004857, 0.041161, 0.005889), (0.000684, 0.040867, 0.006404), (-0.001198, 0.04061, 0.007264),
            (0.000712, 0.040897, 0.008561), (-0.001246, 0.040478, 0.009163), (-0.000869, 0.040529, 0.011326),
            (-0.003333, 0.040066, 0.010543), (0.003446, 0.040967, 0.007982), (0.004714, 0.041036, 0.007775),
            (0.005292, 0.041102, 0.010223), (0.006829, 0.041111, 0.007564), (0.003635, 0.040995, 0.01149),
            (0.002658, 0.041026, 0.010001), (0.001079, 0.04086, 0.010872), (0.006693, 0.040945, 0.011951),
            (0.008021, 0.041027, 0.0105), (0.00706, 0.041072, 0.00934), (0.005074, 0.041128, 0.001778),
            (0.003291, 0.040971, 0.001812), (0.006732, 0.041105, 0.003047), (0.007024, 0.041045, 0.005034),
            (0.00878, 0.04084, 0.002075), (0.009742, 0.040677, 0.003571), (0.00931, 0.04079, 0.005555),
            (0.009683, 0.040723, 0.007234), (0.008767, 0.040868, 0.008856), (-0.008302, 0.038239, 0.010806),
            (-0.003478, 0.039941, 0.012411), (-0.005417, 0.039374, 0.01243), (-0.007804, 0.038474, 0.012798),
            (-0.006329, 0.039076, 0.014267), (-0.006434, 0.038967, 0.010771), (-0.003997, 0.039856, 0.013939),
            (-0.006465, 0.039126, 0.016883), (-0.005088, 0.039494, 0.015368), (-0.002128, 0.040275, 0.012521),
            (-0.002452, 0.040274, 0.01495), (-0.001102, 0.040584, 0.013905), (-0.00342, 0.040145, 0.016231),
            (-0.000495, 0.040648, 0.01536), (0.000357, 0.040873, 0.013164), (0.001638, 0.040948, 0.01362),
            (0.000713, 0.040935, 0.016101), (-0.001133, 0.040637, 0.016745), (0.000855, 0.040863, 0.022054),
            (0.001663, 0.040831, 0.020491), (-0.000683, 0.040591, 0.021521), (-0.020909, 0.028288, 0.021),
            (-0.021953, 0.02691, 0.020189), (-0.021624, 0.027453, 0.022382), (-0.020065, 0.029226, 0.023582),
            (-0.02054, 0.028818, 0.022562), (-0.021917, 0.027129, 0.024312), (-0.019871, 0.029557, 0.021008),
            (-0.022077, 0.026796, 0.026495), (-0.02058, 0.028692, 0.025701), (-0.017163, 0.032267, 0.021869),
            (-0.018254, 0.031468, 0.02324), (-0.016471, 0.032961, 0.023502), (-0.018322, 0.031181, 0.024951),
            (-0.019689, 0.029688, 0.029296), (-0.019758, 0.029787, 0.02748), (-0.020811, 0.028445, 0.028302),
            (-0.02073, 0.028613, 0.0306), (-0.01901, 0.030503, 0.026427), (-0.018812, 0.030665, 0.028652),
            (-0.018032, 0.031599, 0.03072), (-0.016804, 0.032669, 0.030799), (-0.016831, 0.032828, 0.028968),
            (-0.015829, 0.033481, 0.021889), (-0.01755, 0.031979, 0.020238), (-0.011999, 0.036135, 0.020663),
            (-0.013816, 0.034955, 0.01929), (-0.013321, 0.03553, 0.021227), (-0.01439, 0.03456, 0.023738),
            (-0.014319, 0.034684, 0.02202), (-0.012892, 0.035703, 0.025054), (-0.01196, 0.03634, 0.022987),
            (-0.011256, 0.036567, 0.024838), (-0.009389, 0.037675, 0.023486), (-0.009231, 0.037731, 0.020687),
            (-0.010354, 0.03715, 0.021757), (-0.014339, 0.034748, 0.029004), (-0.014276, 0.03458, 0.026791),
            (-0.015299, 0.033904, 0.028326), (-0.013107, 0.035525, 0.02839), (-0.015362, 0.034013, 0.030273),
            (-0.012074, 0.036185, 0.029551), (-0.011767, 0.036321, 0.02731), (-0.010499, 0.036902, 0.02589),
            (-0.009121, 0.037725, 0.025841), (-0.008544, 0.038024, 0.027479), (-0.007209, 0.038635, 0.02577),
            (-0.006281, 0.039069, 0.027343), (-0.003692, 0.039858, 0.028057), (-0.004238, 0.039632, 0.026307),
            (-0.005709, 0.039302, 0.029438), (-0.007245, 0.038711, 0.029139), (-0.020514, 0.028722, 0.032546),
            (-0.020801, 0.028566, 0.034281), (-0.019371, 0.030182, 0.033408), (-0.019112, 0.030529, 0.035156),
            (-0.018129, 0.031452, 0.033057), (-0.01877, 0.030883, 0.031667), (-0.016969, 0.03265, 0.033085),
            (-0.015493, 0.033855, 0.032075), (-0.017549, 0.032113, 0.035433), (-0.016025, 0.033465, 0.034753),
            (-0.014298, 0.034752, 0.035131), (-0.019932, 0.029688, 0.03781), (-0.016649, 0.028695, 0.038249),
            (-0.017021, 0.027502, 0.038249), (-0.014777, 0.027823, 0.037968), (-0.018818, 0.028535, 0.037296),
            (-0.018872, 0.030773, 0.036753), (-0.014734, 0.029674, 0.0382), (-0.020003, 0.029523, 0.03991),
            (-0.018398, 0.03139, 0.038647), (-0.017746, 0.031923, 0.037311), (-0.016256, 0.033238, 0.037528),
            (-0.015252, 0.034031, 0.037003), (-0.013606, 0.035195, 0.037242), (-0.017034, 0.032686, 0.038882),
            (-0.015433, 0.03381, 0.039391), (-0.013826, 0.035118, 0.038833), (-0.013494, 0.026236, 0.037825),
            (-0.011834, 0.025863, 0.03829), (-0.011868, 0.028144, 0.037734), (-0.01331, 0.028158, 0.03783),
            (-0.010395, 0.02707, 0.038293), (-0.010263, 0.028756, 0.037792), (-0.006101, 0.023228, 0.037723),
            (-0.008521, 0.027132, 0.038089), (-0.007271, 0.026057, 0.038008), (-0.006202, 0.024602, 0.03803),
            (-0.008814, 0.028592, 0.03822), (-0.005385, 0.025253, 0.037977), (-0.0053, 0.027307, 0.037994),
            (-0.006502, 0.028042, 0.038086), (-0.009299, 0.030476, 0.037771), (-0.007961, 0.029611, 0.03806),
            (-0.006705, 0.02968, 0.038248), (-0.005153, 0.029755, 0.038118), (-0.008522, 0.031794, 0.03787),
            (-0.006447, 0.030883, 0.037817), (-0.0068, 0.032611, 0.037857), (-0.004851, 0.031709, 0.037794),
            (-0.003832, 0.03085, 0.038202), (-0.004893, 0.032881, 0.037739), (-0.012584, 0.029941, 0.037964),
            (-0.010678, 0.03045, 0.037872), (-0.012745, 0.031554, 0.038257), (-0.014626, 0.030813, 0.038201),
            (-0.010896, 0.032289, 0.03819), (-0.01059, 0.033615, 0.038156), (-0.008525, 0.033191, 0.038046),
            (-0.01213, 0.03295, 0.037918), (-0.009088, 0.034718, 0.03792), (-0.013751, 0.035005, 0.030887),
            (-0.013102, 0.035457, 0.032032), (-0.013127, 0.035517, 0.033728), (-0.012193, 0.036157, 0.036078),
            (-0.011802, 0.036363, 0.03398), (-0.010722, 0.036954, 0.035027), (-0.01027, 0.037238, 0.032948),
            (-0.008711, 0.037922, 0.035062), (-0.007483, 0.038452, 0.031297), (-0.00927, 0.037803, 0.030581),
            (-0.008539, 0.038055, 0.032187), (-0.004833, 0.039509, 0.032158), (-0.004223, 0.039613, 0.030041),
            (-0.006839, 0.03871, 0.033521), (-0.003339, 0.040016, 0.031534), (-0.004818, 0.039506, 0.034247),
            (-0.002315, 0.040252, 0.033711), (-0.00381, 0.039834, 0.035807), (-0.001849, 0.04037, 0.035529),
            (-0.011967, 0.036265, 0.038103), (-0.010358, 0.035044, 0.037502), (-0.009699, 0.037465, 0.036381),
            (-0.010466, 0.037045, 0.038157), (-0.008653, 0.038029, 0.038453), (-0.007624, 0.038416, 0.037499),
            (-0.007587, 0.034608, 0.038247), (-0.00585, 0.035438, 0.038228), (-0.007161, 0.036419, 0.037523),
            (-0.004304, 0.034579, 0.037993), (-0.004109, 0.036883, 0.037896), (-0.003106, 0.036094, 0.03817),
            (-0.006291, 0.038871, 0.036544), (-0.005542, 0.039024, 0.039466), (-0.004089, 0.03967, 0.037559),
            (-0.000866, 0.040576, 0.038169), (-0.002262, 0.040143, 0.038904), (-0.004076, 0.039736, 0.024104),
            (-0.003852, 0.039825, 0.021048), (-0.004949, 0.039484, 0.022923), (-0.002608, 0.040153, 0.024249),
            (-0.001236, 0.040435, 0.028074), (-0.002167, 0.040273, 0.026649), (0.000524, 0.040827, 0.029325),
            (0.001278, 0.040964, 0.0277), (-0.00225, 0.040281, 0.029603), (-0.000858, 0.040542, 0.030783),
            (0.000598, 0.040812, 0.031673), (-0.000666, 0.040632, 0.032797), (-0.024264, 0.023422, -0.004772),
            (-0.023675, 0.024381, -0.007057), (-0.022695, 0.02591, -0.006745), (-0.023265, 0.025182, -0.004755),
            (-0.024696, 0.022521, -0.00254), (-0.024956, 0.022039, -0.000675), (-0.023935, 0.023868, -0.003508),
            (-0.024335, 0.023284, -0.000346), (-0.023553, 0.024433, -0.001976), (-0.02289, 0.025602, -0.002788),
            (-0.021934, 0.027068, -0.005238), (-0.021704, 0.027306, -0.002717), (-0.02208, 0.026843, -0.000976),
            (-0.023164, 0.024907, 0.000221), (-0.022415, 0.026331, 0.00092), (-0.020743, 0.028418, -0.008175),
            (-0.018856, 0.030365, -0.008101), (-0.021099, 0.027923, -0.006706), (-0.019623, 0.02972, -0.006315),
            (-0.018014, 0.031455, -0.006056), (-0.016361, 0.033067, -0.006454), (-0.014115, 0.034583, -0.007617),
            (-0.020183, 0.029325, -0.004419), (-0.020628, 0.0288, -0.001855), (-0.018533, 0.031005, -0.003157),
            (-0.017781, 0.031775, -0.004129), (-0.019884, 0.029755, -0.001276), (-0.018588, 0.031034, -0.000716),
            (-0.016434, 0.032967, -0.004094), (-0.015283, 0.033939, -0.004458), (-0.016872, 0.032647, -0.002656),
            (-0.017163, 0.032469, -0.000744), (0.002096, 0.040793, -0.018196), (0.001587, 0.040797, -0.015493),
            (0.004389, 0.040976, -0.014856), (0.00238, 0.040937, -0.013278), (-0.001028, 0.040446, -0.01361),
            (-0.000839, 0.040531, -0.010854), (0.000451, 0.040724, -0.012138), (0.004911, 0.041042, -0.01318),
            (0.002092, 0.040972, -0.010852), (0.00441, 0.041034, -0.0109), (0.005955, 0.041124, -0.011288),
            (0.00186, 0.040926, -0.008714), (0.004809, 0.041072, -0.009122), (0.006954, 0.040997, -0.014495),
            (0.007446, 0.040929, -0.012013), (0.014915, 0.039223, -0.011044), (0.007316, 0.040977, -0.008739),
            (0.005892, 0.041151, -0.007556), (0.009426, 0.040698, -0.010751), (0.008954, 0.040756, -0.007865),
            (0.010518, 0.040595, -0.006232), (0.011645, 0.040191, -0.007745), (0.010425, 0.040505, -0.008821),
            (0.01331, 0.039679, -0.007547), (0.011916, 0.040174, -0.00557), (-0.003005, 0.040098, 0.00074),
            (0.001298, 0.04081, 0.001171), (-0.000832, 0.040575, -0.008428), (0.000929, 0.040797, -0.006901),
            (0.003204, 0.041026, -0.006766), (0.004834, 0.041081, -0.006015), (0.007373, 0.040998, -0.006026),
            (0.008958, 0.040778, -0.004406), (0.011529, 0.040321, -0.003386), (0.013413, 0.039872, -0.0046),
            (0.008606, 0.040926, -0.002704), (0.01005, 0.040565, -0.002332), (0.012259, 0.040168, -0.00216),
            (0.006858, 0.041283, -1e-06), (0.004661, 0.041051, 0.000276), (0.010663, 0.040552, -3.6e-05),
            (0.008717, 0.040817, 0.000698), (0.010638, 0.04056, 0.001794), (-0.024175, 0.02322, 0.002323),
            (-0.023377, 0.024609, 0.00194), (-0.024478, 0.02279, 0.006096), (-0.021471, 0.027622, 0.001425),
            (-0.022156, 0.026754, 0.003326), (-0.0225, 0.026295, 0.005602), (-0.02111, 0.028085, 0.0043),
            (-0.022953, 0.025467, 0.00767), (-0.022322, 0.026488, 0.008849), (-0.021974, 0.027014, 0.006874),
            (-0.023342, 0.024745, 0.019056), (-0.022395, 0.026576, 0.017745), (-0.021056, 0.028108, 0.018493),
            (-0.017639, 0.031837, 0.01492), (-0.018822, 0.030759, 0.016841), (-0.020145, 0.029173, 0.018754),
            (-0.019051, 0.030389, 0.019085), (-0.017404, 0.032145, 0.016837), (-0.015469, 0.033726, 0.010366),
            (-0.017159, 0.032494, 0.018208), (-0.015163, 0.034214, 0.017449), (-0.015802, 0.033488, 0.019674),
            (-0.012227, 0.036148, 0.018043), (-0.010192, 0.037418, 0.017142), (-0.008136, 0.038417, 0.016172),
            (-0.010762, 0.036959, 0.019828), (-0.006434, 0.039028, 0.001094), (-0.004974, 0.039589, 0.001204),
            (-0.005256, 0.039444, 0.010093), (0.005345, 0.041143, 0.013278), (-0.004821, 0.039715, 0.016986),
            (-0.005581, 0.039266, 0.019057), (0.00365, 0.0411, 0.013441), (0.007117, 0.041028, 0.013479),
            (0.003325, 0.041066, 0.015043), (0.003335, 0.041023, 0.016487), (0.005188, 0.04098, 0.015498),
            (0.004635, 0.041074, 0.017704), (0.006736, 0.040968, 0.016834), (-0.004202, 0.039742, 0.018404),
            (-0.001793, 0.040391, 0.017958), (0.000173, 0.040681, 0.018806), (-0.002926, 0.040017, 0.019149),
            (-0.001848, 0.040349, 0.019995), (0.001948, 0.040945, 0.018004), (0.003437, 0.040961, 0.018863),
            (0.003492, 0.041022, 0.021105), (0.005342, 0.041047, 0.020541), (-0.018762, 0.030778, 0.022048),
            (-0.017556, 0.031882, 0.027841), (-0.016564, 0.032834, 0.026439), (-0.015403, 0.033798, 0.025166),
            (-0.007909, 0.038526, 0.022067), (-0.006135, 0.03907, 0.021531), (-0.007148, 0.038594, 0.02395),
            (-0.011183, 0.036634, 0.031304), (-0.010152, 0.037269, 0.028398), (-0.005649, 0.039237, 0.025028),
            (-0.019285, 0.02903, 0.038875), (-0.017119, 0.030223, 0.037427), (-0.019989, 0.028658, 0.040356),
            (-0.019006, 0.029759, 0.04024), (-0.019114, 0.029811, 0.041849), (-0.019025, 0.030217, 0.039714),
            (-0.01804, 0.030455, 0.039434), (-0.017184, 0.031173, 0.038634), (-0.018461, 0.030879, 0.039969),
            (-0.019, 0.031178, 0.040767), (-0.018273, 0.030893, 0.040557), (-0.01854, 0.030995, 0.040364),
            (-0.017614, 0.031732, 0.040025), (-0.018151, 0.031125, 0.040045), (-0.017195, 0.031798, 0.040497),
            (-0.015617, 0.032142, 0.03777), (-0.014676, 0.033301, 0.039281), (-0.013929, 0.032554, 0.037583),
            (-0.01578, 0.032926, 0.040712), (-0.017093, 0.032415, 0.040214), (-0.016466, 0.032845, 0.039822),
            (-0.015863, 0.033464, 0.040032), (-0.015052, 0.034052, 0.039927), (-0.014209, 0.034721, 0.039802),
            (-0.014892, 0.035109, 0.041183), (-0.012639, 0.034163, 0.037832), (-0.01331, 0.03451, 0.039768),
            (-0.011364, 0.03536, 0.038818), (-0.013171, 0.036038, 0.040832), (-0.012899, 0.035563, 0.039812),
            (-0.011771, 0.035527, 0.042066), (-0.00969, 0.036389, 0.039296), (-0.007946, 0.037151, 0.03892),
            (-0.011452, 0.036473, 0.039721), (-0.010677, 0.036154, 0.041662), (-0.010605, 0.03698, 0.040299),
            (-0.009612, 0.037238, 0.039665), (-0.00896, 0.037802, 0.040196), (-0.008086, 0.038299, 0.040308),
            (-0.00512, 0.037415, 0.037254), (-0.00581, 0.037871, 0.03862), (-0.006584, 0.038095, 0.040683),
            (-0.004795, 0.038572, 0.040507), (-0.008627, 0.037223, 0.04144), (-0.007611, 0.038353, 0.039714),
            (-0.007233, 0.038629, 0.040059), (-0.006495, 0.038762, 0.03987), (-0.003791, 0.038437, 0.038424),
            (-0.001632, 0.038341, 0.03731), (-0.001968, 0.039029, 0.038627), (-0.004128, 0.039653, 0.038832),
            (-0.006487, 0.039481, 0.041427), (-0.004706, 0.039325, 0.039998), (-0.002701, 0.039317, 0.040435),
            (-0.003866, 0.039772, 0.040362), (-0.003254, 0.040552, 0.041378), (-0.002518, 0.039585, 0.039919),
            (-0.000332, 0.040571, 0.023018), (0.002599, 0.040907, 0.023927), (0.000678, 0.040767, 0.02441),
            (-0.001112, 0.040404, 0.025146), (0.000374, 0.040698, 0.026302), (0.003181, 0.041035, 0.026368),
            (0.004129, 0.041016, 0.023087), (4.7e-05, 0.040743, 0.035841), (-0.020247, 0.030422, 0.043028),
            (-0.019243, 0.031433, 0.041692), (-0.018555, 0.031826, 0.041048), (-0.018965, 0.031503, 0.043114),
            (-0.018994, 0.031763, 0.042522), (-0.016996, 0.033423, 0.041323), (-0.018032, 0.03107, 0.041434),
            (-0.016462, 0.032389, 0.042766), (-0.018332, 0.031101, 0.042454), (-0.017805, 0.032141, 0.04325),
            (-0.018941, 0.031062, 0.043186), (-0.01646, 0.034046, 0.042907), (-0.014367, 0.033902, 0.042182),
            (-0.013207, 0.03514, 0.043121), (-0.014353, 0.035435, 0.042881), (-0.012353, 0.036509, 0.043193),
            (-0.012023, 0.036994, 0.04156), (-0.010571, 0.037695, 0.04126), (-0.010957, 0.037128, 0.043427),
            (-0.009322, 0.038424, 0.041858), (-0.00911, 0.03765, 0.043542), (-0.0066, 0.038023, 0.042547),
            (-0.007494, 0.03878, 0.043397), (-0.005241, 0.039882, 0.042861), (-0.0044, 0.039011, 0.042886),
            (-0.003183, 0.039731, 0.043004), (0.03735, 0.00107, 0.005263), (0.037514, 0.007691, 0.002524),
            (0.037482, 0.008736, 0.004177), (0.037378, 0.00932, 0.002017), (0.037568, 0.005716, 0.003621),
            (0.037623, 0.0054, 0.006212), (0.037583, 0.007283, 0.00554), (0.037537, 0.002563, 0.013768),
            (0.037567, 0.008008, 0.007306), (0.037401, 0.009289, 0.005995), (0.037016, 0.011784, 0.000782),
            (0.036938, 0.012449, 0.002401), (0.037324, 0.010902, 0.003365), (0.036907, 0.012888, 0.004209),
            (0.036492, 0.014773, 0.003372), (0.036619, 0.013882, 0.00082), (0.036362, 0.015599, 0.00969),
            (0.03688, 0.013664, 0.008042), (0.036413, 0.015236, 0.007289), (0.034556, 0.020541, 0.006442),
            (0.035463, 0.018604, 0.006492), (0.035158, 0.019137, 0.004652), (0.035068, 0.01951, 0.007968),
            (0.037785, 0.005168, 0.016144), (0.037652, 0.00551, 0.013983), (0.037678, 0.006807, 0.014985),
            (0.037351, 0.010822, 0.011823), (0.037686, 0.008492, 0.011851), (0.037622, 0.009211, 0.01072),
            (0.037688, 0.008528, 0.014403), (0.037655, 0.00885, 0.016421), (0.037277, 0.011693, 0.015549),
            (0.037467, 0.01054, 0.016461), (0.037478, 0.010248, 0.0141), (0.037464, 0.009844, 0.018178),
            (0.037258, 0.011567, 0.01785), (0.037486, 0.009541, 0.019368), (0.037628, 0.007752, 0.018044),
            (0.037288, 0.012131, 0.019632), (0.036919, 0.013919, 0.018098), (0.036705, 0.014081, 0.011052),
            (0.036113, 0.016551, 0.007949), (0.036244, 0.016201, 0.011686), (0.03591, 0.017147, 0.010528),
            (0.036202, 0.01626, 0.013018), (0.036714, 0.014513, 0.012787), (0.037612, 0.010103, 0.009194),
            (0.037105, 0.012253, 0.010169), (0.036957, 0.012682, 0.011992), (0.037257, 0.012022, 0.01371),
            (0.035805, 0.017672, 0.008639), (0.035114, 0.019448, 0.009939), (0.035621, 0.018152, 0.012144),
            (0.036904, 0.013562, 0.016112), (0.03593, 0.017617, 0.014344), (0.036351, 0.015787, 0.014549),
            (0.036864, 0.014459, 0.020808), (0.03655, 0.015315, 0.019349), (0.036176, 0.016627, 0.018732),
            (0.035136, 0.019466, 0.0138), (0.035707, 0.018056, 0.016114), (0.03497, 0.020396, 0.014941),
            (0.034367, 0.021757, 0.015412), (0.034293, 0.021975, 0.013351), (0.033516, 0.023393, 0.013577),
            (0.033244, 0.0237, 0.015892), (0.020946, 0.036277, -0.009261), (0.019814, 0.036949, -0.012149),
            (0.023036, 0.034845, -0.010102), (0.016746, 0.038507, -0.012371), (0.017116, 0.038322, -0.01049),
            (0.019325, 0.037223, -0.009824), (0.017247, 0.038257, -0.008742), (0.021129, 0.03615, -0.006495),
            (0.020102, 0.036638, -0.007875), (0.01921, 0.037368, -0.00667), (0.020025, 0.036856, -0.005005),
            (0.018068, 0.037792, -0.007576), (0.016777, 0.038596, -0.006281), (0.018058, 0.038024, -0.004837),
            (0.021609, 0.035898, -0.003712), (0.019589, 0.037143, -0.003424), (0.025427, 0.033012, -0.009563),
            (0.026544, 0.032142, -0.005031), (0.025515, 0.033021, -0.007201), (0.024348, 0.033935, -0.006439),
            (0.026132, 0.032461, -0.002757), (0.025059, 0.033251, -0.00397), (0.023742, 0.034315, -0.008282),
            (0.022625, 0.035206, -0.006574), (0.023059, 0.03491, -0.002603), (0.024187, 0.034078, -0.003126),
            (0.022861, 0.035009, -0.004585), (0.024885, 0.033462, -0.001049), (0.023774, 0.034461, 0.007751),
            (0.023795, 0.034389, 0.005575), (0.022345, 0.035599, 0.006922), (0.025192, 0.033334, 0.007473),
            (0.014266, 0.039487, -0.002602), (0.013887, 0.039738, -0.000991), (0.019456, 0.03729, -0.001254),
            (0.021081, 0.036328, -0.002278), (0.0179, 0.038118, -0.000226), (0.017353, 0.038304, -0.001548),
            (0.016369, 0.038896, -0.000152), (0.01848, 0.037722, 0.001709), (0.01234, 0.040153, -4.6e-05),
            (0.012018, 0.04019, 0.002138), (0.014218, 0.039649, 0.000947), (0.011577, 0.04035, 0.004801),
            (0.013247, 0.039878, 0.004227), (0.01381, 0.039685, 0.002419), (0.015739, 0.039095, 0.003745),
            (0.02056, 0.03659, 0.00253), (0.020431, 0.03665, 0.001101), (0.013994, 0.039677, 0.006211),
            (0.019496, 0.037301, 0.004164), (0.017852, 0.038133, 0.003541), (0.01819, 0.037959, 0.005705),
            (0.022112, 0.035642, 0.001342), (0.023151, 0.03481, 0.001285), (0.023415, 0.034717, -0.000379),
            (0.024349, 0.033863, 0.00102), (0.021933, 0.035781, -0.001108), (0.021511, 0.036102, 0.003598),
            (0.023028, 0.034894, 0.00334), (0.02093, 0.036422, 0.005472), (0.022431, 0.035464, 0.004999),
            (0.018322, 0.037865, 0.008415), (0.020727, 0.036505, 0.007469), (0.019307, 0.037402, 0.006237),
            (0.024531, 0.033722, 0.003354), (0.030974, 0.027228, -0.004268), (0.029528, 0.029209, -0.003499),
            (0.030953, 0.027265, -0.00232), (0.034623, 0.020591, 0.003839), (0.034201, 0.022095, 0.002437),
            (0.033774, 0.022578, 0.004651), (0.034498, 0.021171, 0.005174), (0.029234, 0.02945, 0.00089),
            (0.031221, 0.026995, 0.000487), (0.029998, 0.028533, -0.001049), (0.033706, 0.02289, 0.006656),
            (0.032833, 0.02418, 0.006033), (0.032599, 0.024716, 0.007403), (0.034327, 0.022013, 0.008422),
            (0.032919, 0.024284, 0.009353), (0.034239, 0.021904, 0.010037), (0.029503, 0.029136, 0.003615),
            (0.028352, 0.030353, 0.002701), (0.028621, 0.030093, 0.005599), (0.029335, 0.029384, 0.007021),
            (0.029994, 0.028607, 0.005702), (0.033042, 0.024085, 0.012004), (0.033663, 0.023006, 0.011325),
            (0.032673, 0.024766, 0.014077), (0.027432, 0.031323, 0.007093), (0.029036, 0.029659, 0.008724),
            (0.030424, 0.028139, 0.007821), (0.034633, 0.02069, 0.011518), (0.037424, 0.011279, 0.022297),
            (0.037539, 0.01046, 0.020889), (0.037006, 0.01377, 0.026023), (0.036861, 0.0143, 0.023089),
            (0.036549, 0.015534, 0.024491), (0.035874, 0.018004, 0.019461), (0.03589, 0.017773, 0.017902),
            (0.035168, 0.019618, 0.018641), (0.037166, 0.012836, 0.021967), (0.03643, 0.015944, 0.022612),
            (0.035809, 0.017966, 0.022866), (0.036171, 0.017165, 0.020845), (0.034067, 0.022367, 0.018131),
            (0.032888, 0.024501, 0.017657), (0.033436, 0.023463, 0.019016), (0.032628, 0.024787, 0.019524),
            (0.033451, 0.023326, 0.020875), (0.035231, 0.019658, 0.021223), (0.035752, 0.018127, 0.024637),
            (0.03655, 0.015602, 0.026184), (0.035172, 0.019775, 0.023368), (0.036234, 0.016765, 0.027878),
            (0.035588, 0.018733, 0.028525), (0.035453, 0.019098, 0.02729), (0.035278, 0.019458, 0.025372),
            (0.03256, 0.024903, 0.021723), (0.033228, 0.023702, 0.022806), (0.032248, 0.025449, 0.024266),
            (0.031605, 0.026595, 0.023896), (0.02963, 0.011974, 0.037812), (0.027956, 0.013274, 0.037955),
            (0.029983, 0.010349, 0.038369), (0.030917, 0.011959, 0.03888), (0.029536, 0.015013, 0.037849),
            (0.031032, 0.013338, 0.03886), (0.035546, 0.018992, 0.029925), (0.035456, 0.019341, 0.031416),
            (0.036021, 0.017567, 0.031013), (0.033297, 0.023743, 0.028159), (0.033648, 0.022941, 0.026592),
            (0.032875, 0.024414, 0.026496), (0.0324, 0.02525, 0.02823), (0.031754, 0.026217, 0.026205),
            (0.031084, 0.027306, 0.028942), (0.031899, 0.026107, 0.028412), (0.030596, 0.027816, 0.026765),
            (0.031999, 0.025965, 0.029946), (0.033281, 0.023857, 0.029946), (0.034455, 0.021916, 0.028299),
            (0.033071, 0.024465, 0.035961), (0.033964, 0.022776, 0.036585), (0.03328, 0.023919, 0.034679),
            (0.031548, 0.026666, 0.031637), (0.032598, 0.025078, 0.03131), (0.030423, 0.027923, 0.030573),
            (0.031763, 0.026321, 0.033171), (0.029914, 0.028724, 0.031975), (0.030385, 0.028398, 0.033344),
            (0.032199, 0.02585, 0.034751), (0.031264, 0.027113, 0.034866), (0.033406, 0.023768, 0.03242),
            (0.032743, 0.024834, 0.03308), (0.011032, 0.040401, 0.012379), (0.009356, 0.040707, 0.011906),
            (0.008949, 0.04084, 0.013583), (0.011167, 0.040439, 0.013896), (0.013606, 0.039838, 0.013057),
            (0.013152, 0.039989, 0.011497), (0.013567, 0.039814, 0.014656), (0.015228, 0.039259, 0.014957),
            (0.015715, 0.038996, 0.01161), (0.016561, 0.038765, 0.014403), (0.02265, 0.035361, 0.009344),
            (0.022323, 0.03557, 0.010984), (0.021043, 0.036393, 0.009744), (0.020329, 0.036721, 0.011302),
            (0.024756, 0.033777, 0.009551), (0.02412, 0.034385, 0.011295), (0.025575, 0.033083, 0.011804),
            (0.026298, 0.032369, 0.009506), (0.022941, 0.03523, 0.012835), (0.024165, 0.034345, 0.013164),
            (0.024375, 0.03417, 0.014882), (0.02556, 0.033249, 0.013674), (0.023278, 0.035013, 0.014746),
            (0.018404, 0.037872, 0.014647), (0.018957, 0.037596, 0.012301), (0.017265, 0.038454, 0.013034),
            (0.021067, 0.036424, 0.013129), (0.019744, 0.037253, 0.014481), (0.02163, 0.036102, 0.014497),
            (0.019114, 0.03754, 0.016342), (0.022247, 0.035718, 0.016268), (0.020577, 0.036909, 0.016233),
            (0.011935, 0.040276, 0.006933), (0.010887, 0.040496, 0.009327), (0.013322, 0.039848, 0.008416),
            (0.015329, 0.039192, 0.007332), (0.016103, 0.038953, 0.005593), (0.017006, 0.038539, 0.007287),
            (0.016416, 0.038773, 0.009263), (0.010308, 0.040524, 0.010772), (0.014666, 0.039377, 0.010083),
            (0.012952, 0.039979, 0.009897), (0.019591, 0.037273, 0.008687), (0.02022, 0.036949, 0.028034),
            (0.021631, 0.036041, 0.026756), (0.020444, 0.036633, 0.025804), (0.028652, 0.030055, 0.013035),
            (0.029179, 0.029499, 0.015623), (0.029943, 0.028715, 0.013838), (0.027829, 0.030973, 0.014607),
            (0.026768, 0.031952, 0.012368), (0.02676, 0.03233, 0.016588), (0.026585, 0.032226, 0.015058),
            (0.025139, 0.033421, 0.027719), (0.025698, 0.032868, 0.026078), (0.024281, 0.034195, 0.025692),
            (0.023884, 0.034477, 0.027792), (0.037635, 0.003205, 0.016818), (0.037646, 0.004022, 0.01413),
            (0.037686, 0.005514, 0.023432), (0.037749, 0.006785, 0.021755), (0.037743, 0.006215, 0.02493),
            (0.037722, 0.007321, 0.023032), (0.037649, 0.009274, 0.02224), (0.037697, 0.008664, 0.024241),
            (0.037756, 0.006461, 0.027483), (0.037746, 0.007504, 0.026281), (0.037585, 0.010254, 0.026358),
            (0.037497, 0.010823, 0.024559), (0.037274, 0.01223, 0.024119), (0.037306, 0.012272, 0.025618),
            (0.037744, 0.007293, 0.02957), (0.037701, 0.008713, 0.027884), (0.037661, 0.009067, 0.029859),
            (0.037735, 0.008241, 0.031101), (0.037736, 0.007661, 0.032439), (0.037544, 0.010433, 0.029094),
            (0.03756, 0.010382, 0.03166), (0.037315, 0.012169, 0.027462), (0.037258, 0.012567, 0.02958),
            (0.037302, 0.01235, 0.031336), (0.036803, 0.0148, 0.028511), (0.036905, 0.014379, 0.03101),
            (0.03648, 0.015993, 0.030037), (0.037685, 0.008859, 0.033862), (0.037472, 0.011006, 0.033523),
            (0.037733, 0.008131, 0.035187), (0.03756, 0.009913, 0.035392), (0.03729, 0.012251, 0.032985),
            (0.037077, 0.013651, 0.033377), (0.036303, 0.016703, 0.031968), (0.037385, 0.012003, 0.034754),
            (0.037144, 0.013358, 0.035323), (0.036626, 0.015632, 0.033486), (0.036687, 0.015089, 0.035516),
            (0.033382, 0.01106, 0.038182), (0.032371, 0.012117, 0.039186), (0.035292, 0.010376, 0.037746),
            (0.035084, 0.01212, 0.037712), (0.034041, 0.01275, 0.037799), (0.033406, 0.013392, 0.038281),
            (0.032575, 0.014738, 0.039141), (0.037256, 0.012024, 0.036423), (0.036955, 0.013904, 0.037274),
            (0.037229, 0.012582, 0.038061), (0.036196, 0.016801, 0.035896), (0.03414, 0.01462, 0.037709),
            (0.033379, 0.016238, 0.037967), (0.036942, 0.012683, 0.03859), (0.036843, 0.013257, 0.038809),
            (0.036415, 0.012097, 0.037953), (0.036841, 0.014122, 0.038945), (0.036622, 0.015577, 0.037635),
            (0.036158, 0.014402, 0.038171), (0.036173, 0.014823, 0.039319), (0.035723, 0.015604, 0.037954),
            (0.034058, 0.017474, 0.037687), (0.033277, 0.017978, 0.037738), (0.036114, 0.017246, 0.037452),
            (0.035876, 0.016456, 0.039493), (0.035638, 0.016718, 0.038363), (0.036163, 0.017079, 0.039034),
            (0.036537, 0.015006, 0.039371), (0.036352, 0.015883, 0.039074), (0.036215, 0.015465, 0.039361),
            (0.035964, 0.018326, 0.038317), (0.035846, 0.018215, 0.034007), (0.035374, 0.019745, 0.033712),
            (0.035539, 0.018664, 0.036515), (0.035345, 0.019825, 0.038466), (0.035178, 0.020228, 0.036667),
            (-0.00095, 0.022788, 0.037488), (0.000349, 0.022077, 0.037524), (0.002834, 0.019727, 0.037332),
            (0.001975, 0.021289, 0.037542), (0.003465, 0.021479, 0.037529), (0.002225, 0.022726, 0.037525),
            (0.001053, 0.024328, 0.03752), (0.00259, 0.02493, 0.037391), (0.004385, 0.023108, 0.037531),
            (0.003853, 0.024764, 0.037434), (0.003597, 0.026435, 0.037603), (0.005309, 0.025609, 0.037447),
            (0.004897, 0.027041, 0.037772), (0.010501, 0.017631, 0.037581), (0.011971, 0.016822, 0.037476),
            (0.007864, 0.022721, 0.037475), (0.007937, 0.02103, 0.037568), (0.009416, 0.021427, 0.037548),
            (0.004083, 0.019741, 0.037516), (0.004765, 0.021336, 0.037489), (0.004642, 0.019796, 0.037448),
            (0.005531, 0.020019, 0.03751), (0.004384, 0.020176, 0.039), (0.005293, 0.020379, 0.039444),
            (0.00602, 0.020773, 0.038373), (0.006273, 0.020642, 0.039543), (0.007216, 0.020192, 0.040099),
            (0.007019, 0.020839, 0.039581), (0.006139, 0.021993, 0.037471), (0.005632, 0.023879, 0.0375),
            (0.006684, 0.020703, 0.037677), (0.00778, 0.021095, 0.038219), (0.007776, 0.020942, 0.039731),
            (0.011927, 0.016872, 0.039394), (0.010666, 0.018056, 0.040169), (0.009758, 0.017789, 0.039593),
            (0.01241, 0.018277, 0.040216), (0.009439, 0.019417, 0.040383), (0.008351, 0.019749, 0.040274),
            (0.00879, 0.020924, 0.040038), (0.011553, 0.019767, 0.040277), (0.009344, 0.021354, 0.039253),
            (0.010099, 0.021097, 0.040067), (0.011087, 0.02158, 0.038266), (0.012647, 0.021012, 0.040196),
            (0.01122, 0.02109, 0.040124), (0.012366, 0.021734, 0.039688), (0.00692, 0.024557, 0.037454),
            (0.007033, 0.026003, 0.037465), (0.008808, 0.024264, 0.037473), (0.010013, 0.022971, 0.037454),
            (0.008406, 0.025846, 0.037508), (0.006278, 0.027436, 0.037847), (0.008446, 0.027591, 0.037868),
            (0.010266, 0.024794, 0.037388), (0.009987, 0.026589, 0.037775), (0.010417, 0.021742, 0.037507),
            (0.011115, 0.02205, 0.037458), (0.011765, 0.023114, 0.037468), (0.012161, 0.024315, 0.037433),
            (0.013485, 0.021912, 0.037638), (0.01446, 0.022396, 0.037644), (0.01427, 0.022995, 0.037371),
            (0.012039, 0.021699, 0.03759), (0.01325, 0.023645, 0.037427), (0.012854, 0.022671, 0.037431),
            (0.012678, 0.024859, 0.037654), (0.013686, 0.026221, 0.037854), (0.015127, 0.024284, 0.037863),
            (0.012341, 0.021838, 0.038646), (0.013461, 0.02184, 0.03971), (0.011595, 0.025575, 0.037707),
            (0.011635, 0.026616, 0.037815), (0.01244, 0.025807, 0.037825), (0.01037, 0.02834, 0.037811),
            (0.015609, 0.02578, 0.037841), (0.011688, 0.027568, 0.037822), (0.012836, 0.028121, 0.037862),
            (0.010206, 0.03053, 0.037906), (0.011528, 0.0288, 0.037841), (0.014831, 0.027948, 0.037891),
            (0.012852, 0.029733, 0.037934), (0.011409, 0.030121, 0.037897), (0.013654, 0.030942, 0.038001),
            (0.012022, 0.031685, 0.037955), (0.015501, 0.029816, 0.037987), (0.016351, 0.028129, 0.037976),
            (0.015126, 0.031796, 0.037614), (0.012889, 0.033094, 0.037742), (0.016923, 0.031058, 0.037638),
            (0.014912, 0.033589, 0.037903), (0.016099, 0.034244, 0.038011), (-0.004216, 0.022678, 0.037411),
            (-0.004811, 0.023584, 0.037541), (-0.003257, 0.02362, 0.037448), (-0.004042, 0.024803, 0.037859),
            (-0.004209, 0.026315, 0.037947), (-0.002272, 0.025625, 0.037937), (-0.002387, 0.02446, 0.037471),
            (-0.000563, 0.024635, 0.037414), (-0.001053, 0.026491, 0.037961), (-0.002739, 0.027066, 0.037903),
            (7.9e-05, 0.025832, 0.037595), (-0.001384, 0.028401, 0.037939), (-0.003743, 0.02836, 0.038007),
            (-0.002684, 0.030484, 0.038063), (-0.002716, 0.032639, 0.037649), (-0.000853, 0.030303, 0.037975),
            (-0.000792, 0.03159, 0.038128), (0.000954, 0.029298, 0.037925), (0.001644, 0.02637, 0.037664),
            (0.000822, 0.027323, 0.037895), (0.002469, 0.02917, 0.037888), (0.003729, 0.027969, 0.03785),
            (0.00527, 0.028667, 0.03783), (0.004114, 0.030099, 0.037897), (-0.000689, 0.033099, 0.037632),
            (-0.001961, 0.034505, 0.037898), (0.001333, 0.03122, 0.038007), (0.000876, 0.033246, 0.037737),
            (0.000219, 0.035414, 0.037936), (-0.001428, 0.035878, 0.038025), (0.001771, 0.035718, 0.037915),
            (0.00309, 0.032111, 0.038182), (0.004837, 0.0321, 0.038167), (0.006596, 0.029837, 0.037884),
            (0.006446, 0.032086, 0.038119), (0.004885, 0.034033, 0.037566), (0.006579, 0.033885, 0.037603),
            (0.001843, 0.032687, 0.038068), (0.002879, 0.033907, 0.037609), (0.000515, 0.037365, 0.038223),
            (0.002762, 0.037653, 0.038169), (0.003895, 0.035575, 0.037905), (0.003617, 0.036652, 0.038039),
            (0.00612, 0.035894, 0.037919), (0.005124, 0.037245, 0.038214), (0.00741, 0.034906, 0.037821),
            (0.006894, 0.037134, 0.038203), (-0.001238, 0.037106, 0.038121), (0.000673, 0.040765, 0.038486),
            (0.008484, 0.029625, 0.037869), (0.008739, 0.032012, 0.038061), (0.008356, 0.033502, 0.037575),
            (0.010664, 0.032344, 0.037859), (0.011082, 0.031134, 0.037992), (0.008431, 0.036477, 0.038067),
            (0.00907, 0.035107, 0.037897), (0.009882, 0.033755, 0.03766), (0.010399, 0.033088, 0.037677),
            (0.011239, 0.034046, 0.037792), (0.010336, 0.034556, 0.037839), (0.010322, 0.035821, 0.03799),
            (0.011025, 0.035465, 0.037946), (0.00979, 0.036316, 0.03804), (0.012983, 0.034549, 0.037901),
            (0.012079, 0.036596, 0.038085), (0.007173, 0.038385, 0.037569), (0.009492, 0.037266, 0.038069),
            (0.009986, 0.036879, 0.038178), (0.009021, 0.038003, 0.037625), (0.013836, 0.03566, 0.038081),
            (0.015357, 0.035833, 0.037968), (0.017428, 0.016444, 0.038386), (0.016381, 0.017459, 0.03845),
            (0.018048, 0.018742, 0.038329), (0.021279, 0.015003, 0.038158), (0.022535, 0.013956, 0.038322),
            (0.01885, 0.015083, 0.038009), (0.018753, 0.016892, 0.038202), (0.020897, 0.015929, 0.038021),
            (0.020256, 0.01784, 0.038073), (0.023009, 0.015971, 0.038281), (0.022113, 0.018062, 0.037996),
            (0.018984, 0.019822, 0.038366), (0.02091, 0.020142, 0.038293), (0.024099, 0.01816, 0.038016),
            (0.024264, 0.020243, 0.038041), (0.022882, 0.020526, 0.038259), (0.022223, 0.021324, 0.039255),
            (0.024241, 0.021587, 0.039149), (0.013184, 0.016126, 0.03936), (0.013214, 0.016658, 0.039804),
            (0.012957, 0.017369, 0.04013), (0.013664, 0.018651, 0.039192), (0.015004, 0.017503, 0.03898),
            (0.014845, 0.019607, 0.03882), (0.013869, 0.020307, 0.04003), (0.014988, 0.020868, 0.040103),
            (0.016178, 0.019038, 0.038474), (0.016543, 0.020487, 0.039728), (0.012905, 0.019426, 0.039842),
            (0.012892, 0.020182, 0.040075), (0.014923, 0.022124, 0.039237), (0.015733, 0.022766, 0.037928),
            (0.017886, 0.02105, 0.039917), (0.018265, 0.0224, 0.0396), (0.016189, 0.022238, 0.039362),
            (0.016385, 0.022986, 0.038035), (0.016613, 0.024153, 0.037871), (0.017449, 0.022882, 0.038024),
            (0.018095, 0.022628, 0.037579), (0.017636, 0.024331, 0.037882), (0.0186, 0.022828, 0.038054),
            (0.019314, 0.023794, 0.037814), (0.019283, 0.022856, 0.03773), (0.02028, 0.020923, 0.039308),
            (0.020169, 0.022015, 0.039773), (0.019732, 0.023007, 0.039023), (0.020054, 0.023252, 0.037907),
            (0.020628, 0.023331, 0.038091), (0.021256, 0.023195, 0.038783), (0.022019, 0.022513, 0.039674),
            (0.022434, 0.023395, 0.038841), (0.02378, 0.022657, 0.039526), (0.022916, 0.023009, 0.039397),
            (0.024033, 0.014484, 0.038377), (0.025401, 0.013965, 0.038327), (0.026397, 0.012517, 0.038306),
            (0.024476, 0.016667, 0.038256), (0.025991, 0.015467, 0.038332), (0.027688, 0.015332, 0.037978),
            (0.026491, 0.016887, 0.037998), (0.030701, 0.015386, 0.038783), (0.025944, 0.018609, 0.037766),
            (0.028031, 0.018191, 0.03785), (0.027391, 0.019786, 0.038039), (0.028273, 0.020108, 0.038923),
            (0.02598, 0.020709, 0.038228), (0.025421, 0.021962, 0.039325), (0.026468, 0.021752, 0.039273),
            (0.027245, 0.021425, 0.039254), (0.028251, 0.022035, 0.039285), (0.028952, 0.021051, 0.039212),
            (0.029449, 0.016921, 0.037985), (0.029525, 0.018224, 0.03888), (0.031287, 0.017959, 0.039291),
            (0.032265, 0.016797, 0.039011), (0.032567, 0.018372, 0.038001), (0.033738, 0.019705, 0.03766),
            (0.032228, 0.018962, 0.038056), (0.031412, 0.01943, 0.038666), (0.030669, 0.019504, 0.039153),
            (0.030492, 0.02027, 0.038998), (0.029585, 0.019646, 0.039225), (0.02978, 0.020743, 0.03914),
            (0.024546, 0.022354, 0.039502), (0.022683, 0.024827, 0.037649), (0.022017, 0.023732, 0.037824),
            (0.02373, 0.023761, 0.037944), (0.024642, 0.024213, 0.037732), (0.024882, 0.025952, 0.037775),
            (0.017583, 0.02719, 0.037954), (0.018696, 0.025984, 0.037968), (0.019933, 0.025698, 0.038004),
            (0.018974, 0.028464, 0.037891), (0.019902, 0.027467, 0.038006), (0.021487, 0.028398, 0.037736),
            (0.018057, 0.029763, 0.037714), (0.020958, 0.024472, 0.03795), (0.021502, 0.025905, 0.037881),
            (0.023969, 0.023314, 0.03923), (0.023387, 0.026613, 0.037743), (0.021821, 0.027193, 0.037701),
            (0.019845, 0.030223, 0.037803), (0.017994, 0.032466, 0.037884), (0.019651, 0.032534, 0.037997),
            (0.021967, 0.029941, 0.037879), (0.021574, 0.031777, 0.038062), (0.017441, 0.034621, 0.038067),
            (0.019178, 0.034719, 0.037672), (0.021795, 0.033014, 0.037655), (0.020904, 0.033898, 0.037536),
            (0.023347, 0.028921, 0.037876), (0.024045, 0.030216, 0.037989), (0.025582, 0.027808, 0.037922),
            (0.025061, 0.029332, 0.037969), (0.022775, 0.031113, 0.038058), (0.024287, 0.03176, 0.03728),
            (0.026102, 0.030152, 0.037368), (0.025206, 0.023547, 0.039068), (0.026599, 0.024211, 0.037715),
            (0.026754, 0.023137, 0.03921), (0.028306, 0.023668, 0.037801), (0.029277, 0.022402, 0.038244),
            (0.026886, 0.025924, 0.03784), (0.03024, 0.023774, 0.037773), (0.029827, 0.025267, 0.037537),
            (0.028325, 0.026262, 0.037857), (0.032054, 0.020604, 0.037625), (0.030343, 0.021318, 0.038244),
            (0.031059, 0.022266, 0.037787), (0.032817, 0.022737, 0.037831), (0.033648, 0.023568, 0.037953),
            (0.034413, 0.021791, 0.038139), (0.028932, 0.029828, 0.032939), (0.029683, 0.029126, 0.035293),
            (0.02741, 0.028136, 0.037621), (0.029512, 0.027096, 0.037468), (0.029099, 0.029789, 0.037232),
            (0.027923, 0.031017, 0.036525), (0.030542, 0.02801, 0.036209), (0.030325, 0.028462, 0.038614),
            (0.031222, 0.027186, 0.037609), (0.031982, 0.026154, 0.03666), (0.032399, 0.025506, 0.037617),
            (0.032829, 0.024854, 0.038643), (0.02787, 0.031022, 0.039068), (0.004247, 0.040951, 0.025756),
            (0.004287, 0.041101, 0.028171), (0.00622, 0.040986, 0.027015), (0.010343, 0.040509, 0.027373),
            (0.012334, 0.040075, 0.027439), (0.011192, 0.040193, 0.025485), (0.006364, 0.041081, 0.028563),
            (0.007945, 0.040852, 0.027277), (0.008404, 0.040836, 0.028961), (0.002927, 0.041007, 0.028989),
            (0.004945, 0.041172, 0.02952), (0.001947, 0.040951, 0.031277), (0.005731, 0.041049, 0.030704),
            (0.00359, 0.041168, 0.03145), (0.005516, 0.041139, 0.033072), (0.008509, 0.040844, 0.033929),
            (0.009649, 0.040708, 0.031677), (0.00768, 0.04097, 0.031951), (0.015244, 0.039114, 0.0267),
            (0.015767, 0.038876, 0.024901), (0.013316, 0.03983, 0.02614), (0.01698, 0.03845, 0.026925),
            (0.017088, 0.038441, 0.025123), (0.011912, 0.040171, 0.02943), (0.013596, 0.039707, 0.028839),
            (0.014704, 0.039337, 0.030172), (0.015211, 0.039198, 0.028154), (0.018227, 0.037928, 0.027715),
            (0.01893, 0.037471, 0.029983), (0.020191, 0.036784, 0.030438), (0.011925, 0.040186, 0.031719),
            (0.010595, 0.040486, 0.033476), (0.011819, 0.040227, 0.034138), (0.013193, 0.039795, 0.033404),
            (0.014505, 0.039382, 0.034539), (0.014905, 0.039323, 0.032344), (0.013415, 0.039802, 0.035609),
            (0.017967, 0.037946, 0.034507), (0.017963, 0.038129, 0.03192), (0.016408, 0.038744, 0.032898),
            (0.015699, 0.038989, 0.035191), (0.018718, 0.037643, 0.036913), (0.017123, 0.038426, 0.03649),
            (0.017885, 0.03811, 0.03805), (0.01557, 0.038982, 0.037282), (0.01036, 0.040532, 0.030096),
            (0.016902, 0.038532, 0.030626), (0.001693, 0.040955, 0.034389), (0.003601, 0.04114, 0.035237),
            (0.003176, 0.041098, 0.033213), (0.001676, 0.040963, 0.037012), (0.003844, 0.041162, 0.037335),
            (0.006602, 0.041036, 0.036695), (0.008827, 0.040816, 0.036795), (0.005259, 0.041161, 0.0352),
            (0.007499, 0.041063, 0.038161), (0.003038, 0.041145, 0.038657), (0.001945, 0.040663, 0.039233),
            (0.0051, 0.040987, 0.038855), (0.006754, 0.040488, 0.03955), (0.012022, 0.040191, 0.037015),
            (0.013779, 0.039746, 0.037822), (0.010136, 0.040622, 0.037967), (0.010033, 0.040616, 0.035437),
            (0.01258, 0.03974, 0.039017), (0.014175, 0.036851, 0.037541), (0.016785, 0.036606, 0.037443),
            (0.015362, 0.039088, 0.03854), (0.021402, 0.035971, 0.031778), (0.022852, 0.035163, 0.030067),
            (0.02166, 0.035989, 0.029573), (0.023479, 0.034884, 0.032039), (0.026581, 0.032154, 0.033282),
            (0.027047, 0.031866, 0.031239), (0.025797, 0.032857, 0.032347), (0.026499, 0.032394, 0.035236),
            (0.024669, 0.033737, 0.033466), (0.02397, 0.034368, 0.034354), (0.024999, 0.033607, 0.036613),
            (0.021307, 0.036113, 0.035314), (0.019904, 0.036998, 0.033895), (0.019912, 0.037058, 0.036154),
            (0.023186, 0.034967, 0.035736), (0.022761, 0.035264, 0.033454), (0.022006, 0.035795, 0.037812),
            (0.020493, 0.036776, 0.03835), (0.02392, 0.034555, 0.037686), (0.027984, 0.03102, 0.034622),
            (0.026645, 0.032225, 0.037491), (0.036237, 0.015917, 0.039403), (0.035014, 0.019136, 0.039726),
            (0.034457, 0.018501, 0.037913), (0.035431, 0.017704, 0.039538), (0.03755, 0.003041, 0.005631),
            (0.037355, 0.001241, 0.007455), (0.03754, 0.003025, 0.007648), (0.037373, 0.00186, 0.00917),
            (0.037553, 0.002961, 0.010274), (0.037616, 0.004666, 0.00837), (0.037866, 0.005392, 0.009322),
            (0.037675, 0.00395, 0.01153), (0.03778, 0.005355, 0.011474), (0.03764, 0.008302, 0.008723),
            (0.037739, 0.007052, 0.010206), (0.037536, 0.010614, 0.007771), (0.037808, 0.006729, 0.012192),
            (0.036123, 0.01616, -4.8e-05), (0.035539, 0.017984, -0.001124), (0.035514, 0.018415, 0.001496),
            (0.034933, 0.019965, 0.000663), (0.035537, 0.018262, 0.003079), (0.034719, 0.020585, 0.002117),
            (0.0372, 0.01124, 0.006154), (0.036159, 0.016148, 0.002108), (0.03685, 0.01347, 0.00587),
            (0.036331, 0.015267, 0.004847), (0.037228, 0.012339, 0.008354), (0.036025, 0.01696, 0.004239),
            (0.036049, 0.017222, 0.005836), (0.037713, 0.006474, 0.017133), (0.036375, 0.016005, 0.016425),
            (0.035084, 0.019675, 0.016491), (0.029351, 0.029326, -0.00633), (0.028266, 0.030609, -0.004507),
            (0.02757, 0.031222, -0.001693), (0.028796, 0.029827, -0.001139), (0.026715, 0.03198, 0.000361),
            (0.022177, 0.035413, -0.008331), (0.015477, 0.038997, -0.008187), (0.014655, 0.039475, -0.005862),
            (0.016071, 0.038877, -0.003246), (0.026512, 0.032049, -0.008385), (0.027494, 0.031103, -0.007013),
            (0.025304, 0.033093, 0.001494), (0.026664, 0.032089, 0.003169), (0.025535, 0.033047, 0.005328),
            (0.026968, 0.031818, 0.005022), (0.018001, 0.038002, -0.00303), (0.016473, 0.038702, 0.001976),
            (0.033856, 0.022421, -0.002894), (0.032671, 0.024637, -0.00483), (0.032638, 0.024677, -0.003082),
            (0.034802, 0.020377, -0.001104), (0.034604, 0.020912, -0.002754), (0.034121, 0.022248, 0.000185),
            (0.033226, 0.023615, -0.001458), (0.032379, 0.025029, -0.000736), (0.03288, 0.024197, 0.001445),
            (0.033081, 0.023828, 0.003423), (0.032185, 0.025321, 0.00394), (0.031393, 0.026618, 0.002427),
            (0.03049, 0.027883, 0.003136), (0.031779, 0.026084, 0.006361), (0.031177, 0.027151, 0.005519),
            (0.031409, 0.026589, 0.008004), (0.031835, 0.026138, 0.009604), (0.032338, 0.025389, 0.011537),
            (0.031102, 0.027283, 0.010388), (0.031571, 0.026511, 0.012901), (0.030026, 0.02853, 0.012136),
            (0.029812, 0.028951, 0.010427), (0.031386, 0.026724, 0.014639), (0.027449, 0.031257, 0.009834),
            (0.028371, 0.030283, 0.010943), (0.034578, 0.021227, 0.017375), (0.034639, 0.021333, 0.020417),
            (0.034683, 0.020965, 0.026481), (0.034004, 0.022408, 0.024167), (0.034503, 0.021412, 0.022487),
            (0.031766, 0.026308, 0.020587), (0.03286, 0.024373, 0.02479), (0.034477, 0.021712, 0.025069),
            (0.034683, 0.020703, 0.030163), (0.034662, 0.021223, 0.032793), (0.034542, 0.021853, 0.030333),
            (0.033957, 0.022678, 0.031953), (0.03463, 0.02157, 0.035174), (0.034092, 0.022396, 0.033853),
            (0.029749, 0.028887, 0.02976), (0.018948, 0.037573, 0.010351), (0.01749, 0.038485, 0.017021),
            (0.023778, 0.034539, 0.01718), (0.022714, 0.035346, 0.018163), (0.02418, 0.03393, 0.018705),
            (0.024143, 0.034319, 0.020158), (0.020774, 0.036515, 0.018386), (0.017215, 0.038428, 0.010799),
            (0.007875, 0.040971, 0.015399), (0.009634, 0.04074, 0.015163), (0.011614, 0.040301, 0.015823),
            (0.005828, 0.041023, 0.0184), (0.010331, 0.04063, 0.016948), (0.007741, 0.040828, 0.018399),
            (0.010303, 0.040508, 0.018622), (0.01334, 0.040051, 0.016962), (0.01488, 0.039499, 0.01681),
            (0.0127, 0.039974, 0.01857), (0.012292, 0.040137, 0.020221), (0.014941, 0.039248, 0.019011),
            (0.014034, 0.039595, 0.021605), (0.008796, 0.040712, 0.020795), (0.006235, 0.040987, 0.022587),
            (0.008523, 0.040773, 0.023609), (0.011125, 0.040321, 0.02204), (0.009796, 0.040561, 0.024728),
            (0.012382, 0.03998, 0.023207), (0.012461, 0.039948, 0.0248), (0.016408, 0.038729, 0.018459),
            (0.018586, 0.037744, 0.018378), (0.018226, 0.037933, 0.020495), (0.019616, 0.037169, 0.019817),
            (0.016933, 0.038497, 0.021483), (0.021893, 0.03589, 0.020125), (0.022283, 0.035614, 0.021942),
            (0.020384, 0.036862, 0.022306), (0.019132, 0.037393, 0.021829), (0.023332, 0.034931, 0.024059),
            (0.021348, 0.036114, 0.023967), (0.018219, 0.037929, 0.023513), (0.016161, 0.038737, 0.02278),
            (0.014614, 0.039565, 0.023693), (0.019081, 0.037454, 0.024988), (0.032188, 0.025583, 0.016466),
            (0.03078, 0.027743, 0.016233), (0.031519, 0.026661, 0.018275), (0.029621, 0.028662, 0.017636),
            (0.028192, 0.030559, 0.016629), (0.027575, 0.031265, 0.020219), (0.028145, 0.030807, 0.018331),
            (0.026759, 0.031789, 0.018607), (0.026055, 0.032749, 0.021075), (0.026032, 0.03297, 0.019444),
            (0.030829, 0.027248, 0.019998), (0.029226, 0.029606, 0.020136), (0.02993, 0.028519, 0.021508),
            (0.031303, 0.026938, 0.02209), (0.030595, 0.027637, 0.023387), (0.027973, 0.030845, 0.02192),
            (0.025635, 0.033449, 0.017311), (0.026491, 0.032334, 0.023082), (0.025152, 0.033428, 0.023931),
            (0.026671, 0.03195, 0.024934), (0.029088, 0.029531, 0.02413), (0.030195, 0.028232, 0.025479),
            (0.028125, 0.03066, 0.024766), (0.028998, 0.029635, 0.026584), (0.028953, 0.029891, 0.028638),
            (0.027074, 0.031737, 0.027383), (0.024199, 0.034157, 0.022056), (0.022367, 0.035659, 0.028072),
            (0.022856, 0.035281, 0.026232), (0.024554, 0.033879, 0.029364), (0.027652, 0.031169, 0.028479),
            (0.028065, 0.030626, 0.030289), (0.026039, 0.032676, 0.030045), (0.027981, 0.030887, 0.03276),
            (0.037699, 0.004501, 0.017285), (0.037726, 0.00528, 0.018717), (0.037725, 0.007001, 0.020071),
            (0.037333, 0.010981, 0.037103), (0.037278, 0.011041, 0.039002), (0.037647, 0.0087, 0.038709),
            (0.037526, 0.009804, 0.037557), (0.037482, 0.009778, 0.039345), (0.037252, 0.010157, 0.03941),
            (0.036781, 0.009759, 0.038537), (0.037115, 0.011723, 0.038807), (0.03699, 0.010667, 0.039131),
            (0.037416, 0.01018, 0.039808), (0.038279, 0.00954, 0.040513), (0.037357, 0.010697, 0.04052),
            (0.038062, 0.01066, 0.040728), (0.038234, 0.010865, 0.041735), (0.036698, 0.012121, 0.040809),
            (0.03697, 0.010744, 0.041193), (0.036974, 0.012309, 0.040247), (0.037603, 0.014154, 0.040854),
            (0.03675, 0.013119, 0.04022), (0.038117, 0.012347, 0.041355), (0.036441, 0.014129, 0.039464),
            (0.036632, 0.013834, 0.039899), (0.034839, 0.017238, 0.037904), (0.008956, 0.021243, 0.038067),
            (0.01284, 0.021651, 0.03764), (0.012874, 0.021863, 0.037458), (0.000766, 0.038905, 0.03757),
            (0.003151, 0.039303, 0.03772), (0.005141, 0.038851, 0.037461), (-0.000269, 0.03936, 0.038947),
            (0.001522, 0.039642, 0.03868), (0.000797, 0.040114, 0.039765), (0.00235, 0.039866, 0.039508),
            (0.001422, 0.04002, 0.039545), (0.00173, 0.040911, 0.040689), (-0.001433, 0.039736, 0.042924),
            (-0.000547, 0.039744, 0.040267), (-0.000722, 0.04023, 0.040178), (-0.002005, 0.040233, 0.04042),
            (-0.001959, 0.040844, 0.042221), (0.00021, 0.040504, 0.040326), (0.001251, 0.040062, 0.039995),
            (0.002957, 0.040095, 0.040639), (0.001241, 0.039905, 0.041337), (0.00034, 0.039838, 0.042169),
            (0.001861, 0.039987, 0.042316), (0.000781, 0.041111, 0.041251), (0.000461, 0.04118, 0.042325),
            (0.001855, 0.041086, 0.043206), (0.005091, 0.039913, 0.039287), (0.003273, 0.039803, 0.039387),
            (0.00401, 0.039795, 0.039571), (0.003708, 0.039884, 0.043142), (0.005193, 0.04022, 0.040191),
            (0.005428, 0.040078, 0.041813), (0.005043, 0.041135, 0.043311), (0.026999, 0.030772, 0.038664),
            (0.02565, 0.032247, 0.039722), (0.033588, 0.021434, 0.037925), (0.031605, 0.024819, 0.037682),
            (0.033049, 0.023194, 0.040225), (0.031292, 0.025877, 0.039578), (0.033701, 0.023025, 0.039551),
            (0.033003, 0.025061, 0.04015), (0.03414, 0.02419, 0.040984), (0.028759, 0.028944, 0.038208),
            (0.030172, 0.027224, 0.038745), (0.031545, 0.026594, 0.039467), (0.032207, 0.024915, 0.041835),
            (0.033396, 0.02285, 0.042351), (0.031794, 0.026299, 0.042866), (0.033331, 0.025038, 0.042696),
            (0.029828, 0.028309, 0.040202), (0.028385, 0.029594, 0.040255), (0.029332, 0.029616, 0.039847),
            (0.027353, 0.030703, 0.040265), (0.02729, 0.030959, 0.041706), (0.029482, 0.028723, 0.042576),
            (0.029211, 0.030791, 0.040977), (0.02889, 0.031539, 0.042145), (0.027975, 0.031055, 0.043135),
            (0.030649, 0.027176, 0.04161), (0.031441, 0.028031, 0.040908), (0.032988, 0.026295, 0.041619),
            (0.03133, 0.02789, 0.042956), (0.030277, 0.029806, 0.042829), (0.023872, 0.033699, 0.041894),
            (0.023903, 0.033444, 0.040053), (0.025288, 0.032715, 0.042177), (0.026476, 0.032854, 0.04299),
            (0.027197, 0.033002, 0.041719), (0.00615, 0.040989, 0.024786), (0.00786, 0.040719, 0.025852),
            (0.019439, 0.037502, 0.032492), (0.006465, 0.039578, 0.038112), (0.008699, 0.038647, 0.037332),
            (0.00664, 0.039943, 0.039553), (0.007862, 0.03944, 0.038558), (0.002789, 0.040431, 0.039605),
            (0.003773, 0.040355, 0.039557), (0.004818, 0.040107, 0.039678), (0.004555, 0.041292, 0.040898),
            (0.005836, 0.04012, 0.039298), (0.007424, 0.039794, 0.039681), (0.006283, 0.040232, 0.039729),
            (0.006995, 0.040149, 0.040046), (0.00787, 0.040303, 0.039461), (0.007453, 0.040533, 0.040168),
            (0.006109, 0.041426, 0.041125), (0.006024, 0.04017, 0.040262), (0.008022, 0.039959, 0.040853),
            (0.003108, 0.041421, 0.041333), (0.006882, 0.039993, 0.042281), (0.008034, 0.041232, 0.041723),
            (0.00686, 0.041188, 0.043069), (0.012887, 0.037902, 0.037333), (0.010574, 0.037952, 0.037388),
            (0.012531, 0.038649, 0.038417), (0.010434, 0.039038, 0.037917), (0.008841, 0.039251, 0.038048),
            (0.009149, 0.039722, 0.039547), (0.011067, 0.039231, 0.039634), (0.009016, 0.040181, 0.039988),
            (0.010618, 0.039885, 0.039369), (0.012657, 0.04018, 0.040773), (0.014832, 0.037979, 0.038197),
            (0.016432, 0.03766, 0.0397), (0.017427, 0.038019, 0.03934), (0.014518, 0.038481, 0.040501),
            (0.013127, 0.038877, 0.041341), (0.015641, 0.038135, 0.042494), (0.014243, 0.039223, 0.040046),
            (0.016144, 0.0386, 0.040111), (0.018081, 0.038429, 0.040873), (0.014902, 0.039917, 0.041574),
            (0.016475, 0.039347, 0.042232), (0.010591, 0.040639, 0.040804), (0.010581, 0.039469, 0.041835),
            (0.01253, 0.039034, 0.042617), (0.008603, 0.040142, 0.043037), (0.011654, 0.040733, 0.042073),
            (0.009878, 0.040784, 0.043135), (0.011754, 0.040088, 0.043288), (0.014093, 0.03941, 0.043274),
            (0.017206, 0.037973, 0.043224), (0.024475, 0.034058, 0.031084), (0.02102, 0.03628, 0.033431),
            (0.018718, 0.036463, 0.038546), (0.020865, 0.035339, 0.038498), (0.022338, 0.034538, 0.039122),
            (0.023884, 0.033138, 0.038112), (0.025271, 0.033321, 0.039144), (0.023056, 0.034967, 0.039356),
            (0.026719, 0.032315, 0.039831), (0.02416, 0.035059, 0.040868), (0.025614, 0.033513, 0.040398),
            (0.018278, 0.037175, 0.040884), (0.019828, 0.036372, 0.040206), (0.020926, 0.036496, 0.040189),
            (0.019443, 0.037033, 0.039838), (0.021663, 0.035194, 0.04111), (0.019749, 0.036432, 0.04209),
            (0.020209, 0.036511, 0.043193), (0.020483, 0.037578, 0.041819), (0.019333, 0.03771, 0.043032),
            (0.018313, 0.038501, 0.042591), (0.022253, 0.036378, 0.04093), (0.022319, 0.035795, 0.0432),
            (0.025171, 0.034636, 0.042232), (0.023612, 0.034889, 0.043156), (0.00028, 0.040801, 0.043081),
            (0.037981, 0.009742, 0.042885), (0.037353, 0.009861, 0.042768), (0.038339, 0.010362, 0.042342),
            (0.037959, 0.011154, 0.04298), (0.037242, 0.012149, 0.042707), (0.037887, 0.013849, 0.042629),
            (0.036248, 0.014011, 0.042459), (0.036101, 0.01531, 0.040515), (0.037359, 0.01573, 0.040794),
            (0.0367, 0.017663, 0.040559), (0.035799, 0.016539, 0.041896), (0.035148, 0.01877, 0.042304),
            (0.036734, 0.017284, 0.04291), (0.036473, 0.019009, 0.042573), (0.037099, 0.015597, 0.04283),
            (0.03439, 0.020838, 0.039193), (0.035687, 0.020229, 0.04035), (0.034447, 0.020433, 0.040985),
            (0.034925, 0.022178, 0.040559), (0.034514, 0.021028, 0.042681), (0.035693, 0.021079, 0.042414),
            (0.034836, 0.02291, 0.04241), (0.037011, 0.010137, 0.041929)
        ]
        int[] faceVertexCounts = [
            3, 3, 3, 3, 3, 3, 3, 3, 3, 3, 3, 3, 3, 3, 3, 3, 3, 3, 3, 3, 3, 3, 3, 3,
            3, 3, 3, 3, 3, 3, 3, 3, 3, 3, 3, 3, 3, 3, 3, 3, 3, 3, 3, 3, 3, 3, 3, 3,
            3, 3, 3, 3, 3, 3, 3, 3, 3, 3, 3, 3, 3, 3, 3, 3, 3, 3, 3, 3, 3, 3, 3, 3,
            3, 3, 3, 3, 3, 3, 3, 3, 3, 3, 3, 3, 3, 3, 3, 3, 3, 3, 3, 3, 3, 3, 3, 3,
            3, 3, 3, 3, 3, 3, 3, 3, 3, 3, 3, 3, 3, 3, 3, 3, 3, 3, 3, 3, 3, 3, 3, 3,
            3, 3, 3, 3, 3, 3, 3, 3, 3, 3, 3, 3, 3, 3, 3, 3, 3, 3, 3, 3, 3, 3, 3, 3,
            3, 3, 3, 3, 3, 3, 3, 3, 3, 3, 3, 3, 3, 3, 3, 3, 3, 3, 3, 3, 3, 3, 3, 3,
            3, 3, 3, 3, 3, 3, 3, 3, 3, 3, 3, 3, 3, 3, 3, 3, 3, 3, 3, 3, 3, 3, 3, 3,
            3, 3, 3, 3, 3, 3, 3, 3, 3, 3, 3, 3, 3, 3, 3, 3, 3, 3, 3, 3, 3, 3, 3, 3,
            3, 3, 3, 3, 3, 3, 3, 3, 3, 3, 3, 3, 3, 3, 3, 3, 3, 3, 3, 3, 3, 3, 3, 3,
            3, 3, 3, 3, 3, 3, 3, 3, 3, 3, 3, 3, 3, 3, 3, 3, 3, 3, 3, 3, 3, 3, 3, 3,
            3, 3, 3, 3, 3, 3, 3, 3, 3, 3, 3, 3, 3, 3, 3, 3, 3, 3, 3, 3, 3, 3, 3, 3,
            3, 3, 3, 3, 3, 3, 3, 3, 3, 3, 3, 3, 3, 3, 3, 3, 3, 3, 3, 3, 3, 3, 3, 3,
            3, 3, 3, 3, 3, 3, 3, 3, 3, 3, 3, 3, 3, 3, 3, 3, 3, 3, 3, 3, 3, 3, 3, 3,
            3, 3, 3, 3, 3, 3, 3, 3, 3, 3, 3, 3, 3, 3, 3, 3, 3, 3, 3, 3, 3, 3, 3, 3,
            3, 3, 3, 3, 3, 3, 3, 3, 3, 3, 3, 3, 3, 3, 3, 3, 3, 3, 3, 3, 3, 3, 3, 3,
            3, 3, 3, 3, 3, 3, 3, 3, 3, 3, 3, 3, 3, 3, 3, 3, 3, 3, 3, 3, 3, 3, 3, 3,
            3, 3, 3, 3, 3, 3, 3, 3, 3, 3, 3, 3, 3, 3, 3, 3, 3, 3, 3, 3, 3, 3, 3, 3,
            3, 3, 3, 3, 3, 3, 3, 3, 3, 3, 3, 3, 3, 3, 3, 3, 3, 3, 3, 3, 3, 3, 3, 3,
            3, 3, 3, 3, 3, 3, 3, 3, 3, 3, 3, 3, 3, 3, 3, 3, 3, 3, 3, 3, 3, 3, 3, 3,
            3, 3, 3, 3, 3, 3, 3, 3, 3, 3, 3, 3, 3, 3, 3, 3, 3, 3, 3, 3, 3, 3, 3, 3,
            3, 3, 3, 3, 3, 3, 3, 3, 3, 3, 3, 3, 3, 3, 3, 3, 3, 3, 3, 3, 3, 3, 3, 3,
            3, 3, 3, 3, 3, 3, 3, 3, 3, 3, 3, 3, 3, 3, 3, 3, 3, 3, 3, 3, 3, 3, 3, 3,
            3, 3, 3, 3, 3, 3, 3, 3, 3, 3, 3, 3, 3, 3, 3, 3, 3, 3, 3, 3, 3, 3, 3, 3,
            3, 3, 3, 3, 3, 3, 3, 3, 3, 3, 3, 3, 3, 3, 3, 3, 3, 3, 3, 3, 3, 3, 3, 3,
            3, 3, 3, 3, 3, 3, 3, 3, 3, 3, 3, 3, 3, 3, 3, 3, 3, 3, 3, 3, 3, 3, 3, 3,
            3, 3, 3, 3, 3, 3, 3, 3, 3, 3, 3, 3, 3, 3, 3, 3, 3, 3, 3, 3, 3, 3, 3, 3,
            3, 3, 3, 3, 3, 3, 3, 3, 3, 3, 3, 3, 3, 3, 3, 3, 3, 3, 3, 3, 3, 3, 3, 3,
            3, 3, 3, 3, 3, 3, 3, 3, 3, 3, 3, 3, 3, 3, 3, 3, 3, 3, 3, 3, 3, 3, 3, 3,
            3, 3, 3, 3, 3, 3, 3, 3, 3, 3, 3, 3, 3, 3, 3, 3, 3, 3, 3, 3, 3, 3, 3, 3,
            3, 3, 3, 3, 3, 3, 3, 3, 3, 3, 3, 3, 3, 3, 3, 3, 3, 3, 3, 3, 3, 3, 3, 3,
            3, 3, 3, 3, 3, 3, 3, 3, 3, 3, 3, 3, 3, 3, 3, 3, 3, 3, 3, 3, 3, 3, 3, 3,
            3, 3, 3, 3, 3, 3, 3, 3, 3, 3, 3, 3, 3, 3, 3, 3, 3, 3, 3, 3, 3, 3, 3, 3,
            3, 3, 3, 3, 3, 3, 3, 3, 3, 3, 3, 3, 3, 3, 3, 3, 3, 3, 3, 3, 3, 3, 3, 3,
            3, 3, 3, 3, 3, 3, 3, 3, 3, 3, 3, 3, 3, 3, 3, 3, 3, 3, 3, 3, 3, 3, 3, 3,
            3, 3, 3, 3, 3, 3, 3, 3, 3, 3, 3, 3, 3, 3, 3, 3, 3, 3, 3, 3, 3, 3, 3, 3,
            3, 3, 3, 3, 3, 3, 3, 3, 3, 3, 3, 3, 3, 3, 3, 3, 3, 3, 3, 3, 3, 3, 3, 3,
            3, 3, 3, 3, 3, 3, 3, 3, 3, 3, 3, 3, 3, 3, 3, 3, 3, 3, 3, 3, 3, 3, 3, 3,
            3, 3, 3, 3, 3, 3, 3, 3, 3, 3, 3, 3, 3, 3, 3, 3, 3, 3, 3, 3, 3, 3, 3, 3,
            3, 3, 3, 3, 3, 3, 3, 3, 3, 3, 3, 3, 3, 3, 3, 3, 3, 3, 3, 3, 3, 3, 3, 3,
            3, 3, 3, 3, 3, 3, 3, 3, 3, 3, 3, 3, 3, 3, 3, 3, 3, 3, 3, 3, 3, 3, 3, 3,
            3, 3, 3, 3, 3, 3, 3, 3, 3, 3, 3, 3, 3, 3, 3, 3, 3, 3, 3, 3, 3, 3, 3, 3,
            3, 3, 3, 3, 3, 3, 3, 3, 3, 3, 3, 3, 3, 3, 3, 3, 3, 3, 3, 3, 3, 3, 3, 3,
            3, 3, 3, 3, 3, 3, 3, 3, 3, 3, 3, 3, 3, 3, 3, 3, 3, 3, 3, 3, 3, 3, 3, 3,
            3, 3, 3, 3, 3, 3, 3, 3, 3, 3, 3, 3, 3, 3, 3, 3, 3, 3, 3, 3, 3, 3, 3, 3,
            3, 3, 3, 3, 3, 3, 3, 3, 3, 3, 3, 3, 3, 3, 3, 3, 3, 3, 3, 3, 3, 3, 3, 3,
            3, 3, 3, 3, 3, 3, 3, 3, 3, 3, 3, 3, 3, 3, 3, 3, 3, 3, 3, 3, 3, 3, 3, 3,
            3, 3, 3, 3, 3, 3, 3, 3, 3, 3, 3, 3, 3, 3, 3, 3, 3, 3, 3, 3, 3, 3, 3, 3,
            3, 3, 3, 3, 3, 3, 3, 3, 3, 3, 3, 3, 3, 3, 3, 3, 3, 3, 3, 3, 3, 3, 3, 3,
            3, 3, 3, 3, 3, 3, 3, 3, 3, 3, 3, 3, 3, 3, 3, 3, 3, 3, 3, 3, 3, 3, 3, 3,
            3, 3, 3, 3, 3, 3, 3, 3, 3, 3, 3, 3, 3, 3, 3, 3, 3, 3, 3, 3, 3, 3, 3, 3,
            3, 3, 3, 3, 3, 3, 3, 3, 3, 3, 3, 3, 3, 3, 3, 3, 3, 3, 3, 3, 3, 3, 3, 3,
            3, 3, 3, 3, 3, 3, 3, 3, 3, 3, 3, 3, 3, 3, 3, 3, 3, 3, 3, 3, 3, 3, 3, 3,
            3, 3, 3, 3, 3, 3, 3, 3, 3, 3, 3, 3, 3, 3, 3, 3, 3, 3, 3, 3, 3, 3, 3, 3,
            3, 3, 3, 3, 3, 3, 3, 3, 3, 3, 3, 3, 3, 3, 3, 3, 3, 3, 3, 3, 3, 3, 3, 3,
            3, 3, 3, 3, 3, 3, 3, 3, 3, 3, 3, 3, 3, 3, 3, 3, 3, 3, 3, 3, 3, 3, 3, 3,
            3, 3, 3, 3, 3, 3, 3, 3, 3, 3, 3, 3, 3, 3, 3, 3, 3, 3, 3, 3, 3, 3, 3, 3,
            3, 3, 3, 3, 3, 3, 3, 3, 3, 3, 3, 3, 3, 3, 3, 3, 3, 3, 3, 3, 3, 3, 3, 3,
            3, 3, 3, 3, 3, 3, 3, 3, 3, 3, 3, 3, 3, 3, 3, 3, 3, 3, 3, 3, 3, 3, 3, 3,
            3, 3, 3, 3, 3, 3, 3, 3, 3, 3, 3, 3, 3, 3, 3, 3, 3, 3, 3, 3, 3, 3, 3, 3,
            3, 3, 3, 3, 3, 3, 3, 3, 3, 3, 3, 3, 3, 3, 3, 3, 3, 3, 3, 3, 3, 3, 3, 3,
            3, 3, 3, 3, 3, 3, 3, 3, 3, 3, 3, 3, 3, 3, 3, 3, 3, 3, 3, 3, 3, 3, 3, 3,
            3, 3, 3, 3, 3, 3, 3, 3, 3, 3, 3, 3, 3, 3, 3, 3, 3, 3, 3, 3, 3, 3, 3, 3,
            3, 3, 3, 3, 3, 3, 3, 3, 3, 3, 3, 3, 3, 3, 3, 3, 3, 3, 3, 3, 3, 3, 3, 3,
            3, 3, 3, 3, 3, 3, 3, 3, 3, 3, 3, 3, 3, 3, 3, 3, 3, 3, 3, 3, 3, 3, 3, 3,
            3, 3, 3, 3, 3, 3, 3, 3, 3, 3, 3, 3, 3, 3, 3, 3, 3, 3, 3, 3, 3, 3, 3, 3,
            3, 3, 3, 3, 3, 3, 3, 3, 3, 3, 3, 3, 3, 3, 3, 3, 3, 3, 3, 3, 3, 3, 3, 3,
            3, 3, 3, 3, 3, 3, 3, 3, 3, 3, 3, 3, 3, 3, 3, 3, 3, 3, 3, 3, 3, 3, 3, 3,
            3, 3, 3, 3, 3, 3, 3, 3, 3, 3, 3, 3, 3, 3, 3, 3, 3, 3, 3, 3, 3, 3, 3, 3,
            3, 3, 3, 3, 3, 3, 3, 3, 3, 3, 3, 3, 3, 3, 3, 3, 3, 3, 3, 3, 3, 3, 3, 3,
            3, 3, 3, 3, 3, 3, 3, 3, 3, 3, 3, 3, 3, 3, 3, 3, 3, 3, 3, 3, 3, 3, 3, 3,
            3, 3, 3, 3, 3, 3, 3, 3, 3, 3, 3, 3, 3, 3, 3, 3, 3, 3, 3, 3, 3, 3, 3, 3,
            3, 3, 3, 3, 3, 3, 3, 3, 3, 3, 3, 3, 3, 3, 3, 3, 3, 3, 3, 3, 3, 3, 3, 3,
            3, 3, 3, 3, 3, 3, 3, 3, 3, 3, 3, 3, 3, 3, 3, 3, 3, 3, 3, 3, 3, 3, 3, 3,
            3, 3, 3, 3, 3, 3, 3, 3, 3, 3, 3, 3, 3, 3, 3, 3, 3, 3, 3, 3, 3, 3, 3, 3,
            3, 3, 3, 3, 3, 3, 3, 3, 3, 3, 3, 3, 3, 3, 3, 3, 3, 3, 3, 3, 3, 3, 3, 3,
            3, 3, 3, 3, 3, 3, 3, 3, 3, 3, 3, 3, 3, 3, 3, 3, 3, 3, 3, 3, 3, 3, 3, 3,
            3, 3, 3, 3, 3, 3, 3, 3, 3, 3, 3, 3, 3, 3, 3, 3, 3, 3, 3, 3, 3, 3, 3, 3,
            3, 3, 3, 3, 3, 3, 3, 3, 3, 3, 3, 3, 3, 3, 3, 3, 3, 3, 3, 3, 3, 3, 3, 3,
            3, 3, 3, 3, 3, 3, 3, 3, 3, 3, 3, 3, 3, 3, 3, 3, 3, 3, 3, 3, 3, 3, 3, 3,
            3, 3, 3, 3, 3, 3, 3, 3, 3, 3, 3, 3, 3, 3, 3, 3, 3, 3, 3, 3, 3, 3, 3, 3,
            3, 3, 3, 3, 3, 3, 3, 3, 3, 3, 3, 3, 3, 3, 3, 3, 3, 3, 3, 3, 3, 3, 3, 3,
            3, 3, 3, 3, 3, 3, 3, 3, 3, 3, 3, 3, 3, 3, 3, 3, 3, 3, 3, 3, 3, 3, 3, 3,
            3, 3, 3, 3, 3, 3, 3, 3, 3, 3, 3, 3, 3, 3, 3, 3, 3, 3, 3, 3, 3, 3, 3, 3,
            3, 3, 3, 3, 3, 3, 3, 3, 3, 3, 3, 3, 3, 3, 3, 3, 3, 3, 3, 3, 3, 3, 3, 3,
            3, 3, 3, 3, 3, 3, 3, 3, 3, 3, 3, 3, 3, 3, 3, 3, 3, 3, 3, 3, 3, 3, 3, 3,
            3, 3, 3, 3, 3, 3, 3, 3, 3, 3, 3, 3, 3, 3, 3, 3, 3, 3, 3, 3, 3, 3, 3, 3,
            3, 3, 3, 3, 3, 3, 3, 3, 3, 3, 3, 3, 3, 3, 3, 3, 3, 3, 3, 3, 3, 3, 3, 3,
            3, 3, 3, 3, 3, 3, 3, 3, 3, 3, 3, 3, 3, 3, 3, 3, 3, 3, 3, 3, 3, 3, 3, 3,
            3, 3, 3, 3, 3, 3, 3, 3, 3, 3, 3, 3, 3, 3, 3, 3, 3, 3, 3, 3, 3, 3, 3, 3,
            3, 3, 3, 3, 3, 3, 3, 3, 3, 3, 3, 3, 3, 3, 3, 3, 3, 3, 3, 3, 3, 3, 3, 3,
            3, 3, 3, 3, 3, 3, 3, 3, 3, 3, 3, 3, 3, 3, 3, 3, 3, 3, 3, 3, 3, 3, 3, 3,
            3, 3, 3, 3, 3, 3, 3, 3, 3, 3, 3, 3, 3, 3, 3, 3, 3, 3, 3, 3, 3, 3, 3, 3,
            3, 3, 3, 3, 3, 3, 3, 3, 3, 3, 3, 3, 3, 3, 3, 3, 3, 3, 3, 3, 3, 3, 3, 3,
            3, 3, 3, 3, 3, 3, 3, 3, 3, 3, 3, 3, 3, 3, 3, 3, 3, 3, 3, 3, 3, 3, 3, 3,
            3, 3, 3, 3, 3, 3, 3, 3, 3, 3, 3, 3, 3, 3, 3, 3, 3, 3, 3, 3, 3, 3, 3, 3,
            3, 3, 3, 3, 3, 3, 3, 3, 3, 3, 3, 3, 3, 3, 3, 3, 3, 3, 3, 3, 3, 3, 3, 3,
            3, 3, 3, 3, 3, 3, 3, 3, 3, 3, 3, 3, 3, 3, 3, 3, 3, 3, 3, 3, 3, 3, 3, 3,
            3, 3, 3, 3, 3, 3, 3, 3, 3, 3, 3, 3, 3, 3, 3, 3, 3, 3, 3, 3, 3, 3, 3, 3,
            3, 3, 3, 3, 3, 3, 3, 3, 3, 3, 3, 3, 3, 3, 3, 3, 3, 3, 3, 3, 3, 3, 3, 3,
            3, 3, 3, 3, 3, 3, 3, 3, 3, 3, 3, 3, 3, 3, 3, 3, 3, 3, 3, 3, 3, 3, 3, 3,
            3, 3, 3, 3, 3, 3, 3, 3, 3, 3, 3, 3, 3, 3, 3, 3, 3, 3, 3, 3, 3, 3, 3, 3,
            3, 3, 3, 3, 3, 3, 3, 3, 3, 3, 3, 3, 3, 3, 3, 3, 3, 3, 3, 3, 3, 3, 3, 3,
            3, 3, 3, 3, 3, 3, 3, 3, 3, 3, 3, 3, 3, 3, 3, 3, 3, 3, 3, 3, 3, 3, 3, 3,
            3, 3, 3, 3, 3, 3, 3, 3, 3, 3, 3, 3, 3, 3, 3, 3, 3, 3, 3, 3, 3, 3, 3, 3,
            3, 3, 3, 3, 3, 3, 3, 3, 3, 3, 3, 3, 3, 3, 3, 3, 3, 3, 3, 3, 3, 3, 3, 3,
            3, 3, 3, 3, 3, 3, 3, 3, 3, 3, 3, 3, 3, 3, 3, 3, 3, 3, 3, 3, 3, 3, 3, 3,
            3, 3, 3, 3, 3, 3, 3, 3, 3, 3, 3, 3, 3, 3, 3, 3, 3, 3, 3, 3, 3, 3, 3, 3,
            3, 3, 3, 3, 3, 3, 3, 3, 3, 3, 3, 3, 3, 3, 3, 3, 3, 3, 3, 3, 3, 3, 3, 3,
            3, 3, 3, 3, 3, 3, 3, 3, 3, 3, 3, 3, 3, 3, 3, 3, 3, 3, 3, 3, 3, 3, 3, 3,
            3, 3, 3, 3, 3, 3, 3, 3, 3, 3, 3, 3, 3, 3, 3, 3, 3, 3, 3, 3, 3, 3, 3, 3,
            3, 3, 3, 3, 3, 3, 3, 3, 3, 3, 3, 3, 3, 3, 3, 3, 3, 3, 3, 3, 3, 3, 3, 3,
            3, 3, 3, 3, 3, 3, 3, 3, 3, 3, 3, 3, 3, 3, 3, 3, 3, 3, 3, 3, 3, 3, 3, 3,
            3, 3, 3, 3, 3, 3, 3, 3, 3, 3, 3, 3, 3, 3, 3, 3, 3, 3, 3, 3, 3, 3, 3, 3,
            3, 3, 3, 3, 3, 3, 3, 3, 3, 3, 3, 3, 3, 3, 3, 3, 3, 3, 3, 3, 3, 3, 3, 3,
            3, 3, 3, 3, 3, 3, 3, 3, 3, 3, 3, 3, 3, 3, 3, 3, 3, 3, 3, 3, 3, 3, 3, 3,
            3, 3, 3, 3, 3, 3, 3, 3, 3, 3, 3, 3, 3, 3, 3, 3, 3, 3, 3, 3, 3, 3, 3, 3,
            3, 3, 3, 3, 3, 3, 3, 3, 3, 3, 3, 3, 3, 3, 3, 3, 3, 3, 3, 3, 3, 3, 3, 3,
            3, 3, 3, 3, 3, 3, 3, 3, 3, 3, 3, 3, 3, 3, 3, 3, 3, 3, 3, 3, 3, 3, 3, 3,
            3, 3, 3, 3, 3, 3, 3, 3, 3, 3, 3, 3, 3, 3, 3, 3, 3, 3, 3, 3, 3, 3, 3, 3,
            3, 3, 3, 3, 3, 3, 3, 3, 3, 3, 3, 3, 3, 3, 3, 3, 3, 3, 3, 3, 3, 3, 3, 3,
            3, 3, 3, 3, 3, 3, 3, 3, 3, 3, 3, 3, 3, 3, 3, 3, 3, 3, 3, 3, 3, 3, 3, 3,
            3, 3, 3, 3, 3, 3, 3, 3, 3, 3, 3, 3, 3, 3, 3, 3, 3, 3, 3, 3, 3, 3, 3, 3,
            3, 3, 3, 3, 3, 3, 3, 3, 3, 3, 3, 3, 3, 3, 3, 3, 3, 3, 3, 3, 3, 3, 3, 3,
            3, 3, 3, 3, 3, 3, 3, 3, 3, 3, 3, 3, 3, 3, 3, 3, 3, 3, 3, 3, 3, 3, 3, 3,
            3, 3, 3, 3, 3, 3, 3, 3, 3, 3, 3, 3, 3, 3, 3, 3, 3, 3, 3, 3, 3, 3, 3, 3,
            3, 3, 3, 3, 3, 3, 3, 3, 3, 3, 3, 3, 3, 3, 3, 3, 3, 3, 3, 3, 3, 3, 3, 3,
            3, 3, 3, 3, 3, 3, 3, 3, 3, 3, 3, 3, 3, 3, 3, 3, 3, 3, 3, 3, 3, 3, 3, 3,
            3, 3, 3, 3, 3, 3, 3, 3, 3, 3, 3, 3, 3, 3, 3, 3, 3, 3, 3, 3, 3, 3, 3, 3,
            3, 3, 3, 3, 3, 3, 3, 3, 3, 3, 3, 3, 3, 3, 3, 3, 3, 3, 3, 3, 3, 3, 3, 3,
            3, 3, 3, 3, 3, 3, 3, 3, 3, 3, 3, 3, 3, 3, 3, 3, 3, 3, 3, 3, 3, 3, 3, 3,
            3, 3, 3, 3, 3, 3, 3, 3, 3, 3, 3, 3, 3, 3, 3, 3, 3, 3, 3, 3, 3, 3, 3, 3,
            3, 3, 3, 3, 3, 3, 3, 3, 3, 3, 3, 3, 3, 3, 3, 3, 3, 3, 3, 3, 3, 3, 3, 3,
            3, 3, 3, 3, 3, 3, 3, 3, 3, 3, 3, 3, 3, 3, 3, 3, 3, 3, 3, 3, 3, 3, 3, 3,
            3, 3, 3, 3, 3, 3, 3, 3, 3, 3, 3, 3, 3, 3, 3, 3, 3, 3, 3, 3, 3, 3, 3, 3,
            3, 3, 3, 3, 3, 3, 3, 3, 3, 3, 3, 3, 3, 3, 3, 3, 3, 3, 3, 3, 3, 3, 3, 3,
            3, 3, 3, 3, 3, 3, 3, 3, 3, 3, 3, 3, 3, 3, 3, 3, 3, 3, 3, 3, 3, 3, 3, 3,
            3, 3, 3, 3, 3, 3, 3, 3, 3, 3, 3, 3, 3, 3, 3, 3, 3, 3, 3, 3, 3, 3, 3, 3,
            3, 3, 3, 3, 3, 3, 3, 3, 3, 3, 3, 3, 3, 3, 3, 3, 3, 3, 3, 3, 3, 3, 3, 3,
            3, 3, 3, 3, 3, 3, 3, 3, 3, 3, 3, 3, 3, 3, 3, 3, 3, 3, 3, 3, 3, 3, 3, 3,
            3, 3, 3, 3, 3, 3, 3, 3, 3, 3, 3, 3, 3, 3, 3, 3, 3, 3, 3, 3, 3, 3, 3, 3,
            3, 3, 3, 3, 3, 3, 3, 3, 3, 3, 3, 3, 3, 3, 3, 3, 3, 3, 3, 3, 3, 3, 3, 3,
            3, 3, 3, 3, 3, 3, 3, 3, 3, 3, 3, 3, 3, 3, 3, 3, 3, 3, 3, 3, 3, 3, 3, 3,
            3, 3, 3, 3, 3, 3, 3, 3, 3, 3, 3, 3, 3, 3, 3, 3, 3, 3, 3, 3, 3, 3, 3, 3,
            3, 3, 3, 3, 3, 3, 3, 3, 3, 3, 3, 3, 3, 3, 3, 3, 3, 3, 3, 3, 3, 3, 3, 3,
            3, 3, 3, 3, 3, 3, 3, 3, 3, 3, 3, 3, 3, 3, 3, 3, 3, 3, 3, 3, 3, 3, 3, 3,
            3, 3, 3, 3, 3, 3, 3, 3, 3, 3, 3, 3, 3, 3, 3, 3, 3, 3, 3, 3, 3, 3, 3, 3,
            3, 3, 3, 3, 3, 3, 3, 3, 3, 3, 3, 3, 3, 3, 3, 3, 3, 3, 3, 3, 3, 3, 3, 3,
            3, 3, 3, 3, 3, 3, 3, 3, 3, 3, 3, 3, 3, 3, 3, 3, 3, 3, 3, 3, 3, 3, 3, 3,
            3, 3, 3, 3, 3, 3, 3, 3, 3, 3, 3, 3, 3, 3, 3, 3, 3, 3, 3, 3, 3, 3, 3, 3,
            3, 3, 3, 3, 3, 3, 3, 3, 3, 3, 3, 3, 3, 3, 3, 3, 3, 3, 3, 3, 3, 3, 3, 3,
            3, 3, 3, 3, 3, 3, 3, 3, 3, 3, 3, 3, 3, 3, 3, 3, 3, 3, 3, 3, 3, 3, 3, 3,
            3, 3, 3, 3, 3, 3, 3, 3, 3, 3, 3, 3, 3, 3, 3, 3, 3, 3, 3, 3, 3, 3, 3, 3,
            3, 3, 3, 3, 3, 3, 3, 3, 3, 3, 3, 3, 3, 3, 3, 3, 3, 3, 3, 3, 3, 3, 3, 3,
            3, 3, 3, 3, 3, 3, 3, 3, 3, 3, 3, 3, 3, 3, 3, 3, 3, 3, 3, 3, 3, 3, 3, 3,
            3, 3, 3, 3, 3, 3, 3, 3, 3, 3, 3, 3, 3, 3, 3, 3, 3, 3, 3, 3, 3, 3, 3, 3,
            3, 3, 3, 3, 3, 3, 3, 3, 3, 3, 3, 3, 3, 3, 3, 3, 3, 3, 3, 3, 3, 3, 3, 3,
            3, 3, 3, 3, 3, 3, 3, 3, 3, 3, 3, 3, 3, 3, 3, 3, 3, 3, 3, 3, 3, 3, 3, 3,
            3, 3, 3, 3, 3, 3, 3, 3, 3, 3, 3, 3, 3, 3, 3, 3, 3, 3, 3, 3, 3, 3, 3, 3,
            3, 3, 3, 3, 3, 3, 3, 3, 3, 3, 3, 3, 3, 3, 3, 3, 3, 3, 3, 3, 3, 3, 3, 3,
            3, 3, 3, 3, 3, 3, 3, 3, 3, 3, 3, 3, 3, 3, 3, 3, 3, 3, 3, 3, 3, 3, 3, 3,
            3, 3, 3, 3, 3, 3, 3, 3, 3, 3, 3, 3, 3, 3, 3, 3, 3, 3, 3, 3, 3, 3, 3, 3,
            3, 3, 3, 3, 3, 3, 3, 3, 3, 3, 3, 3, 3, 3, 3, 3, 3, 3, 3, 3, 3, 3, 3, 3,
            3, 3, 3, 3, 3, 3, 3, 3, 3, 3, 3, 3, 3, 3, 3, 3, 3, 3, 3, 3, 3, 3, 3, 3,
            3, 3, 3, 3, 3, 3, 3, 3, 3, 3, 3, 3, 3, 3, 3, 3, 3, 3, 3, 3, 3, 3, 3, 3,
            3, 3, 3, 3, 3, 3, 3, 3, 3, 3, 3, 3, 3, 3, 3, 3, 3, 3, 3, 3, 3, 3, 3, 3,
            3, 3, 3, 3, 3, 3, 3, 3, 3, 3, 3, 3, 3, 3, 3, 3, 3, 3, 3, 3, 3, 3, 3, 3,
            3, 3, 3, 3, 3, 3, 3, 3, 3, 3, 3, 3, 3, 3, 3, 3, 3, 3, 3, 3, 3, 3, 3, 3,
            3, 3, 3, 3, 3, 3, 3, 3, 3, 3, 3, 3, 3, 3, 3, 3, 3, 3, 3, 3, 3, 3, 3, 3,
            3, 3, 3, 3, 3, 3, 3, 3, 3, 3, 3, 3, 3, 3, 3, 3, 3, 3, 3, 3, 3, 3, 3, 3,
            3, 3, 3, 3, 3, 3, 3, 3, 3, 3, 3, 3, 3, 3, 3, 3, 3, 3, 3, 3, 3, 3, 3, 3,
            3, 3, 3, 3, 3, 3, 3, 3, 3, 3, 3, 3, 3, 3, 3, 3, 3, 3, 3, 3, 3, 3, 3, 3,
            3, 3, 3, 3, 3, 3, 3, 3, 3, 3, 3, 3, 3, 3, 3, 3, 3, 3, 3, 3, 3, 3, 3, 3,
            3, 3, 3, 3, 3, 3, 3, 3, 3, 3, 3, 3, 3, 3, 3, 3, 3, 3, 3, 3, 3, 3, 3, 3,
            3, 3, 3, 3, 3, 3, 3, 3, 3, 3, 3, 3, 3, 3, 3, 3, 3, 3, 3, 3, 3, 3, 3, 3,
            3, 3, 3, 3, 3, 3, 3, 3, 3, 3, 3, 3, 3, 3, 3, 3, 3, 3, 3, 3, 3, 3, 3, 3,
            3, 3, 3, 3, 3, 3, 3, 3, 3, 3, 3, 3, 3, 3, 3, 3, 3, 3, 3, 3, 3, 3, 3, 3,
            3, 3, 3, 3, 3, 3, 3, 3, 3, 3, 3, 3, 3, 3, 3, 3, 3, 3, 3, 3, 3, 3, 3, 3,
            3, 3, 3, 3, 3, 3, 3, 3, 3, 3, 3, 3, 3, 3, 3, 3, 3, 3, 3, 3, 3, 3, 3, 3,
            3, 3, 3, 3, 3, 3, 3, 3, 3, 3, 3, 3, 3, 3, 3, 3, 3, 3, 3, 3, 3, 3, 3, 3,
            3, 3, 3, 3, 3, 3, 3, 3, 3, 3, 3, 3, 3, 3, 3, 3, 3, 3, 3, 3, 3, 3, 3, 3,
            3, 3, 3, 3, 3, 3, 3, 3, 3, 3, 3, 3, 3, 3, 3, 3, 3, 3, 3, 3, 3, 3, 3, 3,
            3, 3, 3, 3, 3, 3, 3, 3, 3, 3, 3, 3, 3, 3, 3, 3, 3, 3, 3, 3, 3, 3, 3, 3,
            3, 3, 3, 3, 3, 3, 3, 3, 3, 3, 3, 3, 3, 3, 3, 3, 3, 3, 3, 3, 3, 3, 3, 3,
            3, 3, 3, 3, 3, 3, 3, 3, 3, 3, 3, 3, 3, 3, 3, 3, 3, 3, 3, 3, 3, 3, 3, 3,
            3, 3, 3, 3, 3, 3, 3, 3, 3, 3, 3, 3, 3, 3, 3, 3, 3, 3, 3, 3, 3, 3, 3, 3,
            3, 3, 3, 3, 3, 3, 3, 3, 3, 3, 3, 3, 3, 3, 3, 3, 3, 3, 3, 3, 3, 3, 3, 3,
            3, 3, 3, 3, 3, 3, 3, 3, 3, 3, 3, 3, 3, 3, 3, 3, 3, 3, 3, 3, 3, 3, 3, 3,
            3, 3, 3, 3, 3, 3, 3, 3, 3, 3, 3, 3, 3, 3, 3, 3, 3, 3, 3, 3, 3, 3, 3, 3,
            3, 3, 3, 3, 3, 3, 3, 3, 3, 3, 3, 3, 3, 3, 3, 3, 3, 3, 3, 3, 3, 3, 3, 3,
            3, 3, 3, 3, 3, 3, 3, 3, 3, 3, 3, 3, 3, 3, 3, 3, 3, 3, 3, 3, 3, 3, 3, 3,
            3, 3, 3, 3, 3, 3, 3, 3, 3, 3, 3, 3, 3, 3, 3, 3, 3, 3, 3, 3, 3, 3, 3, 3,
            3, 3, 3, 3, 3, 3, 3, 3, 3, 3, 3, 3, 3, 3, 3, 3, 3, 3, 3, 3, 3, 3, 3, 3,
            3, 3, 3, 3, 3, 3, 3, 3, 3, 3, 3, 3, 3, 3, 3, 3, 3, 3, 3, 3, 3, 3, 3, 3,
            3, 3, 3, 3, 3, 3, 3, 3, 3, 3, 3, 3, 3, 3, 3, 3, 3, 3, 3, 3, 3, 3, 3, 3,
            3, 3, 3, 3, 3, 3, 3, 3, 3, 3, 3, 3, 3, 3, 3, 3, 3, 3, 3, 3, 3, 3, 3, 3,
            3, 3, 3, 3, 3, 3, 3, 3, 3, 3, 3, 3, 3, 3, 3, 3, 3, 3, 3, 3, 3, 3, 3, 3,
            3, 3, 3, 3, 3, 3, 3, 3, 3, 3, 3, 3, 3, 3, 3, 3, 3, 3, 3, 3, 3, 3, 3, 3,
            3, 3, 3, 3, 3, 3, 3, 3, 3, 3, 3, 3, 3, 3, 3, 3, 3, 3, 3, 3, 3, 3, 3, 3,
            3, 3, 3, 3, 3, 3, 3, 3, 3, 3, 3, 3, 3, 3, 3, 3, 3, 3, 3, 3, 3, 3, 3, 3,
            3, 3, 3, 3, 3, 3, 3, 3, 3, 3, 3, 3, 3, 3, 3, 3, 3, 3, 3, 3, 3, 3, 3, 3,
            3, 3, 3, 3, 3, 3, 3, 3, 3, 3, 3, 3, 3, 3, 3, 3, 3, 3, 3, 3, 3, 3, 3, 3,
            3, 3, 3, 3, 3, 3, 3, 3, 3, 3, 3, 3, 3, 3, 3, 3, 3, 3, 3, 3, 3, 3, 3, 3,
            3, 3, 3, 3, 3, 3, 3, 3, 3, 3, 3, 3, 3, 3, 3, 3, 3, 3, 3, 3, 3, 3, 3, 3,
            3, 3, 3, 3, 3, 3, 3, 3, 3, 3, 3, 3, 3, 3, 3, 3, 3, 3, 3, 3, 3, 3, 3, 3,
            3, 3, 3, 3, 3, 3, 3, 3, 3, 3, 3, 3, 3, 3, 3, 3, 3, 3, 3, 3, 3, 3, 3, 3,
            3, 3, 3, 3, 3, 3, 3, 3, 3, 3, 3, 3, 3, 3, 3, 3, 3, 3, 3, 3, 3, 3, 3, 3,
            3, 3, 3, 3, 3, 3, 3, 3, 3, 3, 3, 3, 3, 3, 3, 3, 3, 3, 3, 3, 3, 3, 3, 3,
            3, 3, 3, 3, 3, 3, 3, 3, 3, 3, 3, 3, 3, 3, 3, 3, 3, 3, 3, 3, 3, 3, 3, 3,
            3, 3, 3, 3, 3, 3, 3, 3, 3, 3, 3, 3, 3, 3, 3, 3, 3, 3, 3, 3, 3, 3, 3, 3,
            3, 3, 3, 3, 3, 3, 3, 3, 3, 3, 3, 3, 3, 3, 3, 3, 3, 3, 3, 3, 3, 3, 3, 3,
            3, 3, 3, 3, 3, 3, 3, 3, 3, 3, 3, 3, 3, 3, 3, 3, 3, 3, 3, 3, 3, 3, 3, 3,
            3, 3, 3, 3, 3, 3, 3, 3, 3, 3, 3, 3, 3, 3, 3, 3, 3, 3, 3, 3, 3, 3, 3, 3,
            3, 3, 3, 3, 3, 3, 3, 3, 3, 3, 3, 3, 3, 3, 3, 3, 3, 3, 3, 3, 3, 3, 3, 3,
            3, 3, 3, 3, 3, 3, 3, 3, 3, 3, 3, 3, 3, 3, 3, 3, 3, 3, 3, 3, 3, 3, 3, 3,
            3, 3, 3, 3, 3, 3, 3, 3, 3, 3, 3, 3, 3, 3, 3, 3, 3, 3, 3, 3, 3, 3, 3, 3,
            3, 3, 3, 3, 3, 3, 3, 3, 3, 3, 3, 3, 3, 3, 3, 3, 3, 3, 3, 3, 3, 3, 3, 3,
            3, 3, 3, 3, 3, 3, 3, 3, 3, 3, 3, 3, 3, 3, 3, 3, 3, 3, 3, 3, 3, 3, 3, 3,
            3, 3, 3, 3, 3, 3, 3, 3, 3, 3, 3, 3, 3, 3, 3, 3, 3, 3, 3, 3, 3, 3, 3, 3,
            3, 3, 3, 3, 3, 3, 3, 3, 3, 3, 3, 3, 3, 3, 3, 3, 3, 3, 3, 3, 3, 3, 3, 3,
            3, 3, 3, 3, 3, 3, 3, 3, 3, 3, 3, 3, 3, 3, 3, 3, 3, 3, 3, 3, 3, 3, 3, 3,
            3, 3, 3, 3, 3, 3, 3, 3, 3, 3, 3, 3, 3, 3, 3, 3, 3, 3, 3, 3, 3, 3, 3, 3,
            3, 3, 3, 3, 3, 3, 3, 3, 3, 3, 3, 3, 3, 3, 3, 3, 3, 3, 3, 3, 3, 3, 3, 3,
            3, 3, 3, 3, 3, 3, 3, 3, 3, 3, 3, 3, 3, 3, 3, 3, 3, 3, 3, 3, 3, 3, 3, 3,
            3, 3, 3, 3, 3, 3, 3, 3, 3, 3, 3, 3, 3, 3, 3, 3, 3, 3, 3, 3, 3, 3, 3, 3,
            3, 3, 3, 3, 3, 3, 3, 3, 3, 3, 3, 3, 3, 3, 3, 3, 3, 3, 3, 3, 3, 3, 3, 3,
            3, 3, 3, 3, 3, 3, 3, 3, 3, 3, 3, 3, 3, 3, 3, 3, 3, 3, 3, 3, 3, 3, 3, 3,
            3, 3, 3, 3, 3, 3, 3, 3, 3, 3, 3, 3, 3, 3, 3, 3, 3, 3, 3, 3, 3, 3, 3, 3,
            3, 3, 3, 3, 3, 3, 3, 3, 3, 3, 3, 3, 3, 3, 3, 3, 3, 3, 3, 3, 3, 3, 3, 3,
            3, 3, 3, 3, 3, 3, 3, 3, 3, 3, 3, 3, 3, 3, 3, 3, 3, 3, 3, 3, 3, 3, 3, 3,
            3, 3, 3, 3, 3, 3, 3, 3, 3, 3, 3, 3, 3, 3, 3, 3, 3, 3, 3, 3, 3, 3, 3, 3,
            3, 3, 3, 3, 3, 3, 3, 3, 3, 3, 3, 3, 3, 3, 3, 3, 3, 3, 3, 3, 3, 3, 3, 3,
            3, 3, 3, 3, 3, 3, 3, 3, 3, 3, 3, 3, 3, 3, 3, 3, 3, 3, 3, 3, 3, 3, 3, 3,
            3, 3, 3, 3, 3, 3, 3, 3, 3, 3, 3, 3, 3, 3, 3, 3, 3, 3, 3, 3, 3, 3, 3, 3,
            3, 3, 3, 3, 3, 3, 3, 3, 3, 3, 3, 3, 3, 3, 3, 3, 3, 3, 3, 3, 3, 3, 3, 3,
            3, 3, 3, 3, 3, 3, 3, 3, 3, 3, 3, 3, 3, 3, 3, 3, 3, 3, 3, 3, 3, 3, 3, 3,
            3, 3, 3, 3, 3, 3, 3, 3, 3, 3, 3, 3, 3, 3, 3, 3, 3, 3, 3, 3, 3, 3, 3, 3,
            3, 3, 3, 3, 3, 3, 3, 3, 3, 3, 3, 3, 3, 3, 3, 3, 3, 3, 3, 3, 3, 3, 3, 3,
            3, 3, 3, 3, 3, 3, 3, 3, 3, 3, 3, 3, 3, 3, 3, 3, 3, 3, 3, 3, 3, 3, 3, 3,
            3, 3, 3, 3, 3, 3, 3, 3, 3, 3, 3, 3, 3, 3, 3, 3, 3, 3, 3, 3, 3, 3, 3, 3,
            3, 3, 3, 3, 3, 3, 3, 3, 3, 3, 3, 3, 3, 3, 3, 3, 3, 3, 3, 3, 3, 3, 3, 3,
            3, 3, 3, 3, 3, 3, 3, 3, 3, 3, 3, 3, 3, 3, 3, 3, 3, 3, 3, 3, 3, 3, 3, 3,
            3, 3, 3, 3, 3, 3, 3, 3, 3, 3, 3, 3, 3, 3, 3, 3, 3, 3, 3, 3, 3, 3, 3, 3,
            3, 3, 3, 3, 3, 3, 3, 3, 3, 3, 3, 3, 3, 3, 3, 3, 3, 3, 3, 3, 3, 3, 3, 3,
            3, 3, 3, 3, 3, 3, 3, 3, 3, 3, 3, 3, 3, 3, 3, 3, 3, 3, 3, 3, 3, 3, 3, 3,
            3, 3, 3, 3, 3, 3, 3, 3, 3, 3, 3, 3, 3, 3, 3, 3, 3, 3, 3, 3, 3, 3, 3, 3,
            3, 3, 3, 3, 3, 3, 3, 3, 3, 3, 3, 3, 3, 3, 3, 3, 3, 3, 3, 3, 3, 3, 3, 3,
            3, 3, 3, 3, 3, 3, 3, 3, 3, 3, 3, 3, 3, 3, 3, 3, 3, 3, 3, 3, 3, 3, 3, 3,
            3, 3, 3, 3, 3, 3, 3, 3, 3, 3, 3, 3, 3, 3, 3, 3, 3, 3, 3, 3, 3, 3, 3, 3,
            3, 3, 3, 3, 3, 3, 3, 3, 3, 3, 3, 3, 3, 3, 3, 3, 3, 3, 3, 3, 3, 3, 3, 3,
            3, 3, 3, 3, 3, 3, 3, 3, 3, 3, 3, 3, 3, 3, 3, 3, 3, 3, 3, 3, 3, 3, 3, 3,
            3, 3, 3, 3, 3, 3, 3, 3, 3, 3, 3, 3, 3, 3, 3, 3, 3, 3, 3, 3, 3, 3, 3, 3,
            3, 3, 3, 3, 3, 3, 3, 3, 3, 3, 3, 3, 3, 3, 3, 3, 3, 3, 3, 3, 3, 3, 3, 3,
            3, 3, 3, 3, 3, 3, 3, 3, 3, 3, 3, 3, 3, 3, 3, 3, 3, 3, 3, 3, 3, 3, 3, 3,
            3, 3, 3, 3, 3, 3, 3, 3, 3, 3, 3, 3, 3, 3, 3, 3, 3, 3, 3, 3, 3, 3, 3, 3,
            3, 3, 3, 3, 3, 3, 3, 3, 3, 3, 3, 3, 3, 3, 3, 3, 3, 3, 3, 3, 3, 3, 3, 3,
            3, 3, 3, 3, 3, 3, 3, 3, 3, 3, 3, 3, 3, 3, 3, 3, 3, 3, 3, 3, 3, 3, 3, 3,
            3, 3, 3, 3, 3, 3, 3, 3, 3, 3, 3, 3, 3, 3, 3, 3, 3, 3, 3, 3, 3, 3, 3, 3,
            3, 3, 3, 3, 3, 3, 3, 3, 3, 3, 3, 3, 3, 3, 3, 3, 3, 3, 3, 3, 3, 3, 3, 3,
            3, 3, 3, 3, 3, 3, 3, 3, 3, 3, 3, 3, 3, 3, 3, 3, 3, 3, 3, 3, 3, 3, 3, 3,
            3, 3, 3, 3, 3, 3, 3, 3, 3, 3, 3, 3, 3, 3, 3, 3, 3, 3, 3, 3, 3, 3, 3, 3,
            3, 3, 3, 3, 3, 3, 3, 3, 3, 3, 3, 3, 3, 3, 3, 3, 3, 3, 3, 3, 3, 3, 3, 3,
            3, 3, 3, 3, 3, 3, 3, 3, 3, 3, 3, 3, 3, 3, 3, 3, 3, 3, 3, 3, 3, 3, 3, 3,
            3, 3, 3, 3, 3, 3, 3, 3, 3, 3, 3, 3, 3, 3, 3, 3, 3, 3, 3, 3, 3, 3, 3, 3,
            3, 3, 3, 3, 3, 3, 3, 3, 3, 3, 3, 3, 3, 3, 3, 3, 3, 3, 3, 3, 3, 3, 3, 3,
            3, 3, 3, 3, 3, 3, 3, 3, 3, 3, 3, 3, 3, 3, 3, 3, 3, 3, 3, 3, 3, 3, 3, 3,
            3, 3, 3, 3, 3, 3, 3, 3, 3, 3, 3, 3, 3, 3, 3, 3, 3, 3, 3, 3, 3, 3, 3, 3,
            3, 3, 3, 3, 3, 3, 3, 3, 3, 3, 3, 3, 3, 3, 3, 3, 3, 3, 3, 3, 3, 3, 3, 3,
            3, 3, 3, 3, 3, 3, 3, 3, 3, 3, 3, 3, 3, 3, 3, 3, 3, 3, 3, 3, 3, 3, 3, 3,
            3, 3, 3, 3, 3, 3, 3, 3, 3, 3, 3, 3, 3, 3, 3, 3, 3, 3, 3, 3, 3, 3, 3, 3,
            3, 3, 3, 3, 3, 3, 3, 3, 3, 3, 3, 3, 3, 3, 3, 3, 3, 3, 3, 3, 3, 3, 3, 3,
            3, 3, 3, 3, 3, 3, 3, 3, 3, 3, 3, 3, 3, 3, 3, 3, 3, 3, 3, 3, 3, 3, 3, 3,
            3, 3, 3, 3, 3, 3, 3, 3, 3, 3, 3, 3, 3, 3, 3, 3, 3, 3, 3, 3, 3, 3, 3, 3,
            3, 3, 3, 3, 3, 3, 3, 3, 3, 3, 3, 3, 3, 3, 3, 3, 3, 3, 3, 3, 3, 3, 3, 3,
            3, 3, 3, 3, 3, 3, 3, 3, 3, 3, 3, 3, 3, 3, 3, 3, 3, 3, 3, 3, 3, 3, 3, 3,
            3, 3, 3, 3, 3, 3, 3, 3, 3, 3, 3, 3, 3, 3, 3, 3, 3, 3, 3, 3, 3, 3, 3, 3,
            3, 3, 3, 3, 3, 3, 3, 3, 3, 3, 3, 3, 3, 3, 3, 3, 3, 3, 3, 3, 3, 3, 3, 3,
            3, 3, 3, 3, 3, 3, 3, 3, 3, 3, 3, 3, 3, 3, 3, 3, 3, 3, 3, 3, 3, 3, 3, 3,
            3, 3, 3, 3, 3, 3, 3, 3, 3, 3, 3, 3, 3, 3, 3, 3, 3, 3, 3, 3, 3, 3, 3, 3,
            3, 3, 3, 3, 3, 3, 3, 3, 3, 3, 3, 3, 3, 3, 3, 3, 3, 3, 3, 3, 3, 3, 3, 3,
            3, 3, 3, 3, 3, 3, 3, 3, 3, 3, 3, 3, 3, 3, 3, 3, 3, 3, 3, 3, 3, 3, 3, 3,
            3, 3, 3, 3, 3, 3, 3, 3, 3, 3, 3, 3, 3, 3, 3, 3, 3, 3, 3, 3, 3, 3, 3, 3,
            3, 3, 3, 3, 3, 3, 3, 3, 3, 3, 3, 3, 3, 3, 3, 3, 3, 3, 3, 3, 3, 3, 3, 3,
            3, 3, 3, 3, 3, 3, 3, 3, 3, 3, 3, 3, 3, 3, 3, 3, 3, 3, 3, 3, 3, 3, 3, 3,
            3, 3, 3, 3, 3, 3, 3, 3, 3, 3, 3, 3, 3, 3, 3, 3, 3, 3, 3, 3, 3, 3, 3, 3,
            3, 3, 3, 3, 3, 3, 3, 3, 3, 3, 3, 3, 3, 3, 3, 3, 3, 3, 3, 3, 3, 3, 3, 3,
            3, 3, 3, 3, 3, 3, 3, 3, 3, 3, 3, 3, 3, 3, 3, 3, 3, 3, 3, 3, 3, 3, 3, 3,
            3, 3, 3, 3, 3, 3, 3, 3, 3, 3, 3, 3, 3, 3, 3, 3, 3, 3, 3, 3, 3, 3, 3, 3,
            3, 3, 3, 3, 3, 3, 3, 3, 3, 3, 3, 3, 3, 3, 3, 3, 3, 3, 3, 3, 3, 3, 3, 3,
            3, 3, 3, 3, 3, 3, 3, 3, 3, 3, 3, 3, 3, 3, 3, 3, 3, 3, 3, 3, 3, 3, 3, 3,
            3, 3, 3, 3, 3, 3, 3, 3, 3, 3, 3, 3, 3, 3, 3, 3, 3, 3, 3, 3, 3, 3, 3, 3,
            3, 3, 3, 3, 3, 3, 3, 3, 3, 3, 3, 3, 3, 3, 3, 3, 3, 3, 3, 3, 3, 3, 3, 3,
            3, 3, 3, 3, 3, 3, 3, 3, 3, 3, 3, 3, 3, 3, 3, 3, 3, 3, 3, 3, 3, 3, 3, 3,
            3, 3, 3, 3, 3, 3, 3, 3, 3, 3, 3, 3, 3, 3, 3, 3, 3, 3, 3, 3, 3, 3, 3, 3,
            3, 3, 3, 3, 3, 3, 3, 3, 3, 3, 3, 3, 3, 3, 3, 3, 3, 3, 3, 3, 3, 3, 3, 3,
            3, 3, 3, 3, 3, 3, 3, 3, 3, 3, 3, 3, 3, 3, 3, 3, 3, 3, 3, 3, 3, 3, 3, 3,
            3, 3, 3, 3, 3, 3, 3, 3, 3, 3, 3, 3, 3, 3, 3, 3, 3, 3, 3, 3, 3, 3, 3, 3,
            3, 3, 3, 3, 3, 3, 3, 3, 3, 3, 3, 3, 3, 3, 3, 3, 3, 3, 3, 3, 3, 3, 3, 3,
            3, 3, 3, 3, 3, 3, 3, 3, 3, 3, 3, 3, 3, 3, 3, 3, 3, 3, 3, 3, 3, 3, 3, 3,
            3, 3, 3, 3, 3, 3, 3, 3, 3, 3, 3, 3, 3, 3, 3, 3, 3, 3, 3, 3, 3, 3, 3, 3,
            3, 3, 3, 3, 3, 3, 3, 3, 3, 3, 3, 3, 3, 3, 3, 3, 3, 3, 3, 3, 3, 3, 3, 3,
            3, 3, 3, 3, 3, 3, 3, 3, 3, 3, 3, 3, 3, 3, 3, 3, 3, 3, 3, 3, 3, 3, 3, 3,
            3, 3, 3, 3, 3, 3, 3, 3, 3, 3, 3, 3, 3, 3, 3, 3, 3, 3, 3, 3, 3, 3, 3, 3,
            3, 3, 3, 3, 3, 3, 3, 3, 3, 3, 3, 3, 3, 3, 3, 3, 3, 3, 3, 3, 3, 3, 3, 3,
            3, 3, 3, 3, 3, 3, 3, 3, 3, 3, 3, 3, 3, 3, 3, 3, 3, 3, 3, 3, 3, 3, 3, 3,
            3, 3, 3, 3, 3, 3, 3, 3, 3, 3, 3, 3, 3, 3, 3, 3, 3, 3, 3, 3, 3, 3, 3, 3,
            3, 3, 3, 3, 3, 3, 3, 3, 3, 3, 3, 3, 3, 3, 3, 3, 3, 3, 3, 3, 3, 3, 3, 3,
            3, 3, 3, 3, 3, 3, 3, 3, 3, 3, 3, 3, 3, 3, 3, 3, 3, 3, 3, 3, 3, 3, 3, 3,
            3, 3, 3, 3, 3, 3, 3, 3, 3, 3, 3, 3, 3, 3, 3, 3, 3, 3, 3, 3, 3, 3, 3, 3,
            3, 3, 3, 3, 3, 3, 3, 3, 3, 3, 3, 3, 3, 3, 3, 3, 3, 3, 3, 3, 3, 3, 3, 3,
            3, 3, 3, 3, 3, 3, 3, 3, 3, 3, 3, 3, 3, 3, 3, 3, 3, 3, 3, 3, 3, 3, 3, 3,
            3, 3, 3, 3, 3, 3, 3, 3, 3, 3, 3, 3, 3, 3, 3, 3, 3, 3, 3, 3, 3, 3, 3, 3,
            3, 3, 3, 3, 3, 3, 3, 3, 3, 3, 3, 3, 3, 3, 3, 3, 3, 3, 3, 3, 3, 3, 3, 3,
            3, 3, 3, 3, 3, 3, 3, 3, 3, 3, 3, 3, 3, 3, 3, 3, 3, 3, 3, 3, 3, 3, 3, 3,
            3, 3, 3, 3, 3, 3, 3, 3, 3, 3, 3, 3, 3, 3, 3, 3, 3, 3, 3, 3, 3, 3, 3, 3,
            3, 3, 3, 3, 3, 3, 3, 3, 3, 3, 3, 3, 3, 3, 3, 3, 3, 3, 3, 3, 3, 3, 3, 3,
            3, 3, 3, 3, 3, 3, 3, 3, 3, 3, 3, 3, 3, 3, 3, 3, 3, 3, 3, 3, 3, 3, 3, 3,
            3, 3, 3, 3, 3, 3, 3, 3, 3, 3, 3, 3, 3, 3, 3, 3, 3, 3, 3, 3, 3, 3, 3, 3,
            3, 3, 3, 3, 3, 3, 3, 3, 3, 3, 3, 3, 3, 3, 3, 3, 3, 3, 3, 3, 3, 3, 3, 3,
            3, 3, 3, 3, 3, 3, 3, 3, 3, 3, 3, 3, 3, 3, 3, 3, 3, 3, 3, 3, 3, 3, 3, 3,
            3, 3, 3, 3, 3, 3, 3, 3, 3, 3, 3, 3, 3, 3, 3, 3, 3, 3, 3, 3, 3, 3, 3, 3,
            3, 3, 3, 3, 3, 3, 3, 3, 3, 3, 3, 3, 3, 3, 3, 3, 3, 3, 3, 3, 3, 3, 3, 3,
            3, 3, 3, 3, 3, 3, 3, 3, 3, 3, 3, 3, 3, 3, 3, 3, 3, 3, 3, 3, 3, 3, 3, 3,
            3, 3, 3, 3, 3, 3, 3, 3, 3, 3, 3, 3, 3, 3, 3, 3, 3, 3, 3, 3, 3, 3, 3, 3,
            3, 3, 3, 3, 3, 3, 3, 3, 3, 3, 3, 3, 3, 3, 3, 3, 3, 3, 3, 3, 3, 3, 3, 3,
            3, 3, 3, 3, 3, 3, 3, 3, 3, 3, 3, 3, 3, 3, 3, 3, 3, 3, 3, 3, 3, 3, 3, 3,
            3, 3, 3, 3, 3, 3, 3, 3, 3, 3, 3, 3, 3, 3, 3, 3, 3, 3, 3, 3, 3, 3, 3, 3,
            3, 3, 3, 3, 3, 3, 3, 3, 3, 3, 3, 3, 3, 3, 3, 3, 3, 3, 3, 3, 3, 3, 3, 3,
            3, 3, 3, 3, 3, 3, 3, 3, 3, 3, 3, 3, 3, 3, 3, 3, 3, 3, 3, 3, 3, 3, 3, 3,
            3, 3, 3, 3, 3, 3, 3, 3, 3, 3, 3, 3, 3, 3, 3, 3, 3, 3, 3, 3, 3, 3, 3, 3,
            3, 3, 3, 3, 3, 3, 3, 3, 3, 3, 3, 3, 3, 3, 3, 3, 3, 3, 3, 3, 3, 3, 3, 3,
            3, 3, 3, 3, 3, 3, 3, 3, 3, 3, 3, 3, 3, 3, 3, 3, 3, 3, 3, 3, 3, 3, 3, 3,
            3, 3, 3, 3, 3, 3, 3, 3, 3, 3, 3, 3, 3, 3, 3, 3, 3, 3, 3, 3, 3, 3, 3, 3,
            3, 3, 3, 3, 3, 3, 3, 3, 3, 3, 3, 3, 3, 3, 3, 3, 3, 3, 3, 3, 3, 3, 3, 3,
            3, 3, 3, 3, 3, 3, 3, 3, 3, 3, 3, 3, 3, 3, 3, 3, 3, 3, 3, 3, 3, 3, 3, 3,
            3, 3, 3, 3, 3, 3, 3, 3, 3, 3, 3, 3, 3, 3, 3, 3, 3, 3, 3, 3, 3, 3, 3, 3,
            3, 3, 3, 3, 3, 3, 3, 3, 3, 3, 3, 3, 3, 3, 3, 3, 3, 3, 3, 3, 3, 3, 3, 3,
            3, 3, 3, 3, 3, 3, 3, 3, 3, 3, 3, 3, 3, 3, 3, 3, 3, 3, 3, 3, 3, 3, 3, 3,
            3, 3, 3, 3, 3, 3, 3, 3, 3, 3, 3, 3, 3, 3, 3, 3, 3, 3, 3, 3, 3, 3, 3, 3,
            3, 3, 3, 3, 3, 3, 3, 3, 3, 3, 3, 3, 3, 3, 3, 3, 3, 3, 3, 3, 3, 3, 3, 3,
            3, 3, 3, 3, 3, 3, 3, 3, 3, 3, 3, 3, 3, 3, 3, 3, 3, 3, 3, 3, 3, 3, 3, 3,
            3, 3, 3, 3, 3, 3, 3, 3, 3, 3, 3, 3, 3, 3, 3, 3, 3, 3, 3, 3, 3, 3, 3, 3,
            3, 3, 3, 3, 3, 3, 3, 3, 3, 3, 3, 3, 3, 3, 3, 3, 3, 3, 3, 3, 3, 3, 3, 3,
            3, 3, 3, 3, 3, 3, 3, 3, 3, 3, 3, 3, 3, 3, 3, 3, 3, 3, 3, 3, 3, 3, 3, 3,
            3, 3, 3, 3, 3, 3, 3, 3, 3, 3, 3, 3, 3, 3, 3, 3, 3, 3, 3, 3, 3, 3, 3, 3,
            3, 3, 3, 3, 3, 3, 3, 3, 3, 3, 3, 3, 3, 3, 3, 3, 3, 3, 3, 3, 3, 3, 3, 3,
            3, 3, 3, 3, 3, 3, 3, 3, 3, 3, 3, 3, 3, 3, 3, 3, 3, 3, 3, 3, 3, 3, 3, 3,
            3, 3, 3, 3, 3, 3, 3, 3, 3, 3, 3, 3, 3, 3, 3, 3, 3, 3, 3, 3, 3, 3, 3, 3,
            3, 3, 3, 3, 3, 3, 3, 3, 3, 3, 3, 3, 3, 3, 3, 3, 3, 3, 3, 3, 3, 3, 3, 3,
            3, 3, 3, 3, 3, 3, 3, 3, 3, 3, 3, 3, 3, 3, 3, 3, 3, 3, 3, 3, 3, 3, 3, 3,
            3, 3, 3, 3, 3, 3, 3, 3, 3, 3, 3, 3, 3, 3, 3, 3, 3, 3, 3, 3, 3, 3, 3, 3,
            3, 3, 3, 3, 3, 3, 3, 3, 3, 3, 3, 3, 3, 3, 3, 3, 3, 3, 3, 3, 3, 3, 3, 3,
            3, 3, 3, 3, 3, 3, 3, 3, 3, 3, 3, 3, 3, 3, 3, 3, 3, 3, 3, 3, 3, 3, 3, 3,
            3, 3, 3, 3, 3, 3, 3, 3, 3, 3, 3, 3, 3, 3, 3, 3, 3, 3, 3, 3, 3, 3, 3, 3,
            3, 3, 3, 3, 3, 3, 3, 3, 3, 3, 3, 3, 3, 3, 3, 3, 3, 3, 3, 3, 3, 3, 3, 3,
            3, 3, 3, 3, 3, 3, 3, 3, 3, 3, 3, 3, 3, 3, 3, 3, 3, 3, 3, 3, 3, 3, 3, 3,
            3, 3, 3, 3, 3, 3, 3, 3, 3, 3, 3, 3, 3, 3, 3, 3, 3, 3, 3, 3, 3, 3, 3, 3,
            3, 3, 3, 3, 3, 3, 3, 3, 3, 3, 3, 3, 3, 3, 3, 3, 3, 3, 3, 3, 3, 3, 3, 3,
            3, 3, 3, 3, 3, 3, 3, 3, 3, 3, 3, 3, 3, 3, 3, 3, 3, 3, 3, 3, 3, 3, 3, 3,
            3, 3, 3, 3, 3, 3, 3, 3, 3, 3, 3, 3, 3, 3, 3, 3, 3, 3, 3, 3, 3, 3, 3, 3,
            3, 3, 3, 3, 3, 3, 3, 3, 3, 3, 3, 3, 3, 3, 3, 3, 3, 3, 3, 3, 3, 3, 3, 3,
            3, 3, 3, 3, 3, 3, 3, 3, 3, 3, 3, 3, 3, 3, 3, 3, 3, 3, 3, 3, 3, 3, 3, 3,
            3, 3, 3, 3, 3, 3, 3, 3, 3, 3, 3, 3, 3, 3, 3, 3, 3, 3, 3, 3, 3, 3, 3, 3,
            3, 3, 3, 3, 3, 3, 3, 3, 3, 3, 3, 3, 3, 3, 3, 3, 3, 3, 3, 3, 3, 3, 3, 3,
            3, 3, 3, 3, 3, 3, 3, 3, 3, 3, 3, 3, 3, 3, 3, 3, 3, 3, 3, 3, 3, 3, 3, 3,
            3, 3, 3, 3, 3, 3, 3, 3, 3, 3, 3, 3, 3, 3, 3, 3, 3, 3, 3, 3, 3, 3, 3, 3,
            3, 3, 3, 3, 3, 3, 3, 3, 3, 3, 3, 3, 3, 3, 3, 3, 3, 3, 3, 3, 3, 3, 3, 3,
            3, 3, 3, 3, 3, 3, 3, 3, 3, 3, 3, 3, 3, 3, 3, 3, 3, 3, 3, 3, 3, 3, 3, 3,
            3, 3, 3, 3, 3, 3, 3, 3, 3, 3, 3, 3, 3, 3, 3, 3, 3, 3, 3, 3, 3, 3, 3, 3,
            3, 3, 3, 3, 3, 3, 3, 3, 3, 3, 3, 3, 3, 3, 3, 3, 3, 3, 3, 3, 3, 3, 3, 3,
            3, 3, 3, 3, 3, 3, 3, 3, 3, 3, 3, 3, 3, 3, 3, 3, 3, 3, 3, 3, 3, 3, 3, 3,
            3, 3, 3, 3, 3, 3, 3, 3, 3, 3, 3, 3, 3, 3, 3, 3, 3, 3, 3, 3, 3, 3, 3, 3,
            3, 3, 3, 3, 3, 3, 3, 3, 3, 3, 3, 3, 3, 3, 3, 3, 3, 3, 3, 3, 3, 3, 3, 3,
            3, 3, 3, 3, 3, 3, 3, 3, 3, 3, 3, 3, 3, 3, 3, 3, 3, 3, 3, 3, 3, 3, 3, 3,
            3, 3, 3, 3, 3, 3, 3, 3, 3, 3, 3, 3, 3, 3, 3, 3, 3, 3, 3, 3, 3, 3, 3, 3,
            3, 3, 3, 3, 3, 3, 3, 3, 3, 3, 3, 3, 3, 3, 3, 3, 3, 3, 3, 3, 3, 3, 3, 3,
            3, 3, 3, 3, 3, 3, 3, 3, 3, 3, 3, 3, 3, 3, 3, 3, 3, 3, 3, 3, 3, 3, 3, 3,
            3, 3, 3, 3, 3, 3, 3, 3, 3, 3, 3, 3, 3, 3, 3, 3, 3, 3, 3, 3, 3, 3, 3, 3,
            3, 3, 3, 3, 3, 3, 3, 3, 3, 3, 3, 3, 3, 3, 3, 3, 3, 3, 3, 3, 3, 3, 3, 3,
            3, 3, 3, 3, 3, 3, 3, 3, 3, 3, 3, 3, 3, 3, 3, 3, 3, 3, 3, 3, 3, 3, 3, 3,
            3, 3, 3, 3, 3, 3, 3, 3, 3, 3, 3, 3, 3, 3, 3, 3, 3, 3, 3, 3, 3, 3, 3, 3,
            3, 3, 3, 3, 3, 3, 3, 3, 3, 3, 3, 3, 3, 3, 3, 3, 3, 3, 3, 3, 3, 3, 3, 3,
            3, 3, 3, 3, 3, 3, 3, 3, 3, 3, 3, 3, 3, 3, 3, 3, 3, 3, 3, 3, 3, 3, 3, 3,
            3, 3, 3, 3, 3, 3, 3, 3, 3, 3, 3, 3, 3, 3, 3, 3, 3, 3, 3, 3, 3, 3, 3, 3,
            3, 3, 3, 3, 3, 3, 3, 3, 3, 3, 3, 3, 3, 3, 3, 3, 3, 3, 3, 3, 3, 3, 3, 3,
            3, 3, 3, 3, 3, 3, 3, 3, 3, 3, 3, 3, 3, 3, 3, 3, 3, 3, 3, 3, 3, 3, 3, 3,
            3, 3, 3, 3, 3, 3, 3, 3, 3, 3, 3, 3, 3, 3, 3, 3, 3, 3, 3, 3, 3, 3, 3, 3,
            3, 3, 3, 3, 3, 3, 3, 3, 3, 3, 3, 3, 3, 3, 3, 3, 3, 3, 3, 3, 3, 3, 3, 3,
            3, 3, 3, 3, 3, 3, 3, 3, 3, 3, 3, 3, 3, 3, 3, 3, 3, 3, 3, 3, 3, 3, 3, 3,
            3, 3, 3, 3, 3, 3, 3, 3, 3, 3, 3, 3, 3, 3, 3, 3, 3, 3, 3, 3, 3, 3, 3, 3,
            3, 3, 3, 3, 3, 3, 3, 3, 3, 3, 3, 3, 3, 3, 3, 3, 3, 3, 3, 3, 3, 3, 3, 3,
            3, 3, 3, 3, 3, 3, 3, 3, 3, 3, 3, 3, 3, 3, 3, 3, 3, 3, 3, 3, 3, 3, 3, 3,
            3, 3, 3, 3, 3, 3, 3, 3, 3, 3, 3, 3, 3, 3, 3, 3, 3, 3, 3, 3, 3, 3, 3, 3,
            3, 3, 3, 3, 3, 3, 3, 3, 3, 3, 3, 3, 3, 3, 3, 3, 3, 3, 3, 3, 3, 3, 3, 3,
            3, 3, 3, 3, 3, 3, 3, 3, 3, 3, 3, 3, 3, 3, 3, 3, 3, 3, 3, 3, 3, 3, 3, 3,
            3, 3, 3, 3, 3, 3, 3, 3, 3, 3, 3, 3, 3, 3, 3, 3, 3, 3, 3, 3, 3, 3, 3, 3,
            3, 3, 3, 3, 3, 3, 3, 3, 3, 3, 3, 3, 3, 3, 3, 3, 3, 3, 3, 3, 3, 3, 3, 3,
            3, 3, 3, 3, 3, 3, 3, 3, 3, 3, 3, 3, 3, 3, 3, 3, 3, 3, 3, 3, 3, 3, 3, 3,
            3, 3, 3, 3, 3, 3, 3, 3, 3, 3, 3, 3, 3, 3, 3, 3, 3, 3, 3, 3, 3, 3, 3, 3,
            3, 3, 3, 3, 3, 3, 3, 3, 3, 3, 3, 3, 3, 3, 3, 3, 3, 3, 3, 3, 3, 3, 3, 3,
            3, 3, 3, 3, 3, 3, 3, 3, 3, 3, 3, 3, 3, 3, 3, 3, 3, 3, 3, 3, 3, 3, 3, 3,
            3, 3, 3, 3, 3, 3, 3, 3, 3, 3, 3, 3, 3, 3, 3, 3, 3, 3, 3, 3, 3, 3, 3, 3,
            3, 3, 3, 3, 3, 3, 3, 3, 3, 3, 3, 3, 3, 3, 3, 3, 3, 3, 3, 3, 3, 3, 3, 3,
            3, 3, 3, 3, 3, 3, 3, 3, 3, 3, 3, 3, 3, 3, 3, 3, 3, 3, 3, 3, 3, 3, 3, 3,
            3, 3, 3, 3, 3, 3, 3, 3, 3, 3, 3, 3, 3, 3, 3, 3, 3, 3, 3, 3, 3, 3, 3, 3,
            3, 3, 3, 3, 3, 3, 3, 3, 3, 3, 3, 3, 3, 3, 3, 3, 3, 3, 3, 3, 3, 3, 3, 3,
            3, 3, 3, 3, 3, 3, 3, 3, 3, 3, 3, 3, 3, 3, 3, 3, 3, 3, 3, 3, 3, 3, 3, 3,
            3, 3, 3, 3, 3, 3, 3, 3, 3, 3, 3, 3, 3, 3, 3, 3, 3, 3, 3, 3, 3, 3, 3, 3,
            3, 3, 3, 3, 3, 3, 3, 3, 3, 3, 3, 3, 3, 3, 3, 3, 3, 3, 3, 3, 3, 3, 3, 3,
            3, 3, 3, 3, 3, 3, 3, 3, 3, 3, 3, 3, 3, 3, 3, 3, 3, 3, 3, 3, 3, 3, 3, 3,
            3, 3, 3, 3, 3, 3, 3, 3, 3, 3, 3, 3, 3, 3, 3, 3, 3, 3, 3, 3, 3, 3, 3, 3,
            3, 3, 3, 3, 3, 3, 3, 3, 3, 3, 3, 3, 3, 3, 3, 3, 3, 3, 3, 3, 3, 3, 3, 3,
            3, 3, 3, 3, 3, 3, 3, 3, 3, 3, 3, 3, 3, 3, 3, 3, 3, 3, 3, 3, 3, 3, 3, 3,
            3, 3, 3, 3, 3, 3, 3, 3, 3, 3, 3, 3, 3, 3, 3, 3, 3, 3, 3, 3, 3, 3, 3, 3,
            3, 3, 3, 3, 3, 3, 3, 3, 3, 3, 3, 3, 3, 3, 3, 3, 3, 3, 3, 3, 3, 3, 3, 3,
            3, 3, 3, 3, 3, 3, 3, 3, 3, 3, 3, 3, 3, 3, 3, 3, 3, 3, 3, 3, 3, 3, 3, 3,
            3, 3, 3, 3, 3, 3, 3, 3, 3, 3, 3, 3, 3, 3, 3, 3, 3, 3, 3, 3, 3, 3, 3, 3,
            3, 3, 3, 3, 3, 3, 3, 3, 3, 3, 3, 3, 3, 3, 3, 3, 3, 3, 3, 3, 3, 3, 3, 3,
            3, 3, 3, 3, 3, 3, 3, 3, 3, 3, 3, 3, 3, 3, 3, 3, 3, 3, 3, 3, 3, 3, 3, 3,
            3, 3, 3, 3, 3, 3, 3, 3, 3, 3, 3, 3, 3, 3, 3, 3, 3, 3, 3, 3, 3, 3, 3, 3,
            3, 3, 3, 3, 3, 3, 3, 3, 3, 3, 3, 3, 3, 3, 3, 3, 3, 3, 3, 3, 3, 3, 3, 3,
            3, 3, 3, 3, 3, 3, 3, 3, 3, 3, 3, 3, 3, 3, 3, 3, 3, 3, 3, 3, 3, 3, 3, 3,
            3, 3, 3, 3, 3, 3, 3, 3, 3, 3, 3, 3, 3, 3, 3, 3, 3, 3, 3, 3, 3, 3, 3, 3,
            3, 3, 3, 3, 3, 3, 3, 3, 3, 3, 3, 3, 3, 3, 3, 3, 3, 3, 3, 3, 3, 3, 3, 3,
            3, 3, 3, 3, 3, 3, 3, 3, 3, 3, 3, 3, 3, 3, 3, 3, 3, 3, 3, 3, 3, 3, 3, 3,
            3, 3, 3, 3, 3, 3, 3, 3, 3, 3, 3, 3, 3, 3, 3, 3, 3, 3, 3, 3, 3, 3, 3, 3,
            3, 3, 3, 3, 3, 3, 3, 3, 3, 3, 3, 3, 3, 3, 3, 3, 3, 3, 3, 3, 3, 3, 3, 3,
            3, 3, 3, 3, 3, 3, 3, 3, 3, 3, 3, 3, 3, 3, 3, 3, 3, 3, 3, 3, 3, 3, 3, 3,
            3, 3, 3, 3, 3, 3, 3, 3, 3, 3, 3, 3, 3, 3, 3, 3, 3, 3, 3, 3, 3, 3, 3, 3,
            3, 3, 3, 3, 3, 3, 3, 3, 3, 3, 3, 3, 3, 3, 3, 3, 3, 3, 3, 3, 3, 3, 3, 3,
            3, 3, 3, 3, 3, 3, 3, 3, 3, 3, 3, 3, 3, 3, 3, 3, 3, 3, 3, 3, 3, 3, 3, 3,
            3, 3, 3, 3, 3, 3, 3, 3, 3, 3, 3, 3, 3, 3, 3, 3, 3, 3, 3, 3, 3, 3, 3, 3,
            3, 3, 3, 3, 3, 3, 3, 3, 3, 3, 3, 3, 3, 3, 3, 3, 3, 3, 3, 3, 3, 3, 3, 3,
            3, 3, 3, 3, 3, 3, 3, 3, 3, 3, 3, 3, 3, 3, 3, 3, 3, 3, 3, 3, 3, 3, 3, 3,
            3, 3, 3, 3, 3, 3, 3, 3, 3, 3, 3, 3, 3, 3, 3, 3, 3, 3, 3, 3, 3, 3, 3, 3,
            3, 3, 3, 3, 3, 3, 3, 3, 3, 3, 3, 3, 3, 3, 3, 3, 3, 3, 3, 3, 3, 3, 3, 3,
            3, 3, 3, 3, 3, 3, 3, 3, 3, 3, 3, 3, 3, 3, 3, 3, 3, 3, 3, 3, 3, 3, 3, 3,
            3, 3, 3, 3, 3, 3, 3, 3, 3, 3, 3, 3, 3, 3, 3, 3, 3, 3, 3, 3, 3, 3, 3, 3,
            3, 3, 3, 3, 3, 3, 3, 3, 3, 3, 3, 3, 3, 3, 3, 3, 3, 3, 3, 3, 3, 3, 3, 3,
            3, 3, 3, 3, 3, 3, 3, 3, 3, 3, 3, 3, 3, 3, 3, 3, 3, 3, 3, 3, 3, 3, 3, 3,
            3, 3, 3, 3, 3, 3, 3, 3, 3, 3, 3, 3, 3, 3, 3, 3, 3, 3, 3, 3, 3, 3, 3, 3,
            3, 3, 3, 3, 3, 3, 3, 3, 3, 3, 3, 3, 3, 3, 3, 3, 3, 3, 3, 3, 3, 3, 3, 3,
            3, 3, 3, 3, 3, 3, 3, 3, 3, 3, 3, 3, 3, 3, 3, 3, 3, 3, 3, 3, 3, 3, 3, 3,
            3, 3, 3, 3, 3, 3, 3, 3, 3, 3, 3, 3, 3, 3, 3, 3, 3, 3, 3, 3, 3, 3, 3, 3,
            3, 3, 3, 3, 3, 3, 3, 3, 3, 3, 3, 3, 3, 3, 3, 3, 3, 3, 3, 3, 3, 3, 3, 3,
            3, 3, 3, 3, 3, 3, 3, 3, 3, 3, 3, 3, 3, 3, 3, 3, 3, 3, 3, 3, 3, 3, 3, 3,
            3, 3, 3, 3, 3, 3, 3, 3, 3, 3, 3, 3, 3, 3, 3, 3, 3, 3, 3, 3, 3, 3, 3, 3,
            3, 3, 3, 3, 3, 3, 3, 3, 3, 3, 3, 3, 3, 3, 3, 3, 3, 3, 3, 3, 3, 3, 3, 3,
            3, 3, 3, 3, 3, 3, 3, 3, 3, 3, 3, 3, 3, 3, 3, 3, 3, 3, 3, 3, 3, 3, 3, 3,
            3, 3, 3, 3, 3, 3, 3, 3, 3, 3, 3, 3, 3, 3, 3, 3, 3, 3, 3, 3, 3, 3, 3, 3,
            3, 3, 3, 3, 3, 3, 3, 3, 3, 3, 3, 3, 3, 3, 3, 3, 3, 3, 3, 3, 3, 3, 3, 3,
            3, 3, 3, 3, 3, 3, 3, 3, 3, 3, 3, 3, 3, 3, 3, 3, 3, 3, 3, 3, 3, 3, 3, 3,
            3, 3, 3, 3, 3, 3, 3, 3, 3, 3, 3, 3, 3, 3, 3, 3, 3, 3, 3, 3, 3, 3, 3, 3,
            3, 3, 3, 3, 3, 3, 3, 3, 3, 3, 3, 3, 3, 3, 3, 3, 3, 3, 3, 3, 3, 3, 3, 3,
            3, 3, 3, 3, 3, 3, 3, 3, 3, 3, 3, 3, 3, 3, 3, 3, 3, 3, 3, 3, 3, 3, 3, 3,
            3, 3, 3, 3, 3, 3, 3, 3, 3, 3, 3, 3, 3, 3, 3, 3, 3, 3, 3, 3, 3, 3, 3, 3,
            3, 3, 3, 3, 3, 3, 3, 3, 3, 3, 3, 3, 3, 3, 3, 3, 3, 3, 3, 3, 3, 3, 3, 3,
            3, 3, 3, 3, 3, 3, 3, 3, 3, 3, 3, 3, 3, 3, 3, 3, 3, 3, 3, 3, 3, 3, 3, 3,
            3, 3, 3, 3, 3, 3, 3, 3, 3, 3, 3, 3, 3, 3, 3, 3, 3, 3, 3, 3, 3, 3, 3, 3,
            3, 3, 3, 3, 3, 3, 3, 3, 3, 3, 3, 3, 3, 3, 3, 3, 3, 3, 3, 3, 3, 3, 3, 3,
            3, 3, 3, 3, 3, 3, 3, 3, 3, 3, 3, 3, 3, 3, 3, 3, 3, 3, 3, 3, 3, 3, 3, 3,
            3, 3, 3, 3, 3, 3, 3, 3, 3, 3, 3, 3, 3, 3, 3, 3, 3, 3, 3, 3, 3, 3, 3, 3,
            3, 3, 3, 3, 3, 3, 3, 3, 3, 3, 3, 3, 3, 3, 3, 3, 3, 3, 3, 3, 3, 3, 3, 3,
            3, 3, 3, 3, 3, 3, 3, 3, 3, 3, 3, 3, 3, 3, 3, 3, 3, 3, 3, 3, 3, 3, 3, 3,
            3, 3, 3, 3, 3, 3, 3, 3, 3, 3, 3, 3, 3, 3, 3, 3, 3, 3, 3, 3, 3, 3, 3, 3,
            3, 3, 3, 3, 3, 3, 3, 3, 3, 3, 3, 3, 3, 3, 3, 3, 3, 3, 3, 3, 3, 3, 3, 3,
            3, 3, 3, 3, 3, 3, 3, 3, 3, 3, 3, 3, 3, 3, 3, 3, 3, 3, 3, 3, 3, 3, 3, 3,
            3, 3, 3, 3, 3, 3, 3, 3, 3, 3, 3, 3, 3, 3, 3, 3, 3, 3, 3, 3, 3, 3, 3, 3,
            3, 3, 3, 3, 3, 3, 3, 3, 3, 3, 3, 3, 3, 3, 3, 3, 3, 3, 3, 3, 3, 3, 3, 3,
            3, 3, 3, 3, 3, 3, 3, 3, 3, 3, 3, 3, 3, 3, 3, 3, 3, 3, 3, 3, 3, 3, 3, 3,
            3, 3, 3, 3, 3, 3, 3, 3, 3, 3, 3, 3, 3, 3, 3, 3, 3, 3, 3, 3, 3, 3, 3, 3,
            3, 3, 3, 3, 3, 3, 3, 3, 3, 3, 3, 3, 3, 3, 3, 3, 3, 3, 3, 3, 3, 3, 3, 3,
            3, 3, 3, 3, 3, 3, 3, 3, 3, 3, 3, 3, 3, 3, 3, 3, 3, 3, 3, 3, 3, 3, 3, 3,
            3, 3, 3, 3, 3, 3, 3, 3, 3, 3, 3, 3, 3, 3, 3, 3, 3, 3, 3, 3, 3, 3, 3, 3,
            3, 3, 3, 3, 3, 3, 3, 3, 3, 3, 3, 3, 3, 3, 3, 3, 3, 3, 3, 3, 3, 3, 3, 3,
            3, 3, 3, 3, 3, 3, 3, 3, 3, 3, 3, 3, 3, 3, 3, 3, 3, 3, 3, 3, 3, 3, 3, 3,
            3, 3, 3, 3, 3, 3, 3, 3, 3, 3, 3, 3, 3, 3, 3, 3, 3, 3, 3, 3, 3, 3, 3, 3,
            3, 3, 3, 3, 3, 3, 3, 3, 3, 3, 3, 3, 3, 3, 3, 3, 3, 3, 3, 3, 3, 3, 3, 3,
            3, 3, 3, 3, 3, 3, 3, 3, 3, 3, 3, 3, 3, 3, 3, 3, 3, 3, 3, 3, 3, 3, 3, 3,
            3, 3, 3, 3, 3, 3, 3, 3, 3, 3, 3, 3, 3, 3, 3, 3, 3, 3, 3, 3, 3, 3, 3, 3,
            3, 3, 3, 3, 3, 3, 3, 3, 3, 3, 3, 3, 3, 3, 3, 3, 3, 3, 3, 3, 3, 3, 3, 3,
            3, 3, 3, 3, 3, 3, 3, 3, 3, 3, 3, 3, 3, 3, 3, 3, 3, 3, 3, 3, 3, 3, 3, 3,
            3, 3, 3, 3, 3, 3, 3, 3, 3, 3, 3, 3, 3, 3, 3, 3, 3, 3, 3, 3, 3, 3, 3, 3,
            3, 3, 3, 3, 3, 3, 3, 3, 3, 3, 3, 3, 3, 3, 3, 3, 3, 3, 3, 3, 3, 3, 3, 3,
            3, 3, 3, 3, 3, 3, 3, 3, 3, 3, 3, 3, 3, 3, 3, 3, 3, 3, 3, 3, 3, 3, 3, 3,
            3, 3, 3, 3, 3, 3, 3, 3, 3, 3, 3, 3, 3, 3, 3, 3, 3, 3, 3, 3, 3, 3, 3, 3,
            3, 3, 3, 3, 3, 3, 3, 3, 3, 3, 3, 3, 3, 3, 3, 3, 3, 3, 3, 3, 3, 3, 3, 3,
            3, 3, 3, 3, 3, 3, 3, 3, 3, 3, 3, 3, 3, 3, 3, 3, 3, 3, 3, 3, 3, 3, 3, 3,
            3, 3, 3, 3, 3, 3, 3, 3, 3, 3, 3, 3, 3, 3, 3, 3, 3, 3, 3, 3, 3, 3, 3, 3,
            3, 3, 3, 3, 3, 3, 3, 3, 3, 3, 3, 3, 3, 3, 3, 3, 3, 3, 3, 3, 3, 3, 3, 3,
            3, 3, 3, 3, 3, 3, 3, 3, 3, 3, 3, 3, 3, 3, 3, 3, 3, 3, 3, 3, 3, 3, 3, 3,
            3, 3, 3, 3, 3, 3, 3, 3, 3, 3, 3, 3, 3, 3, 3, 3, 3, 3, 3, 3, 3, 3, 3, 3,
            3, 3, 3, 3, 3, 3, 3, 3, 3, 3, 3, 3, 3, 3, 3, 3, 3, 3, 3, 3, 3, 3, 3, 3,
            3, 3, 3, 3, 3, 3, 3, 3, 3, 3, 3, 3, 3, 3, 3, 3, 3, 3, 3, 3, 3, 3, 3, 3,
            3, 3, 3, 3, 3, 3, 3, 3, 3, 3, 3, 3, 3, 3, 3, 3, 3, 3, 3, 3, 3, 3, 3, 3,
            3, 3, 3, 3, 3, 3, 3, 3, 3, 3, 3, 3, 3, 3, 3, 3, 3, 3, 3, 3, 3, 3, 3, 3,
            3, 3, 3, 3, 3, 3, 3, 3, 3, 3, 3, 3, 3, 3, 3, 3, 3, 3, 3, 3, 3, 3, 3, 3,
            3, 3, 3, 3, 3, 3, 3, 3, 3, 3, 3, 3, 3, 3, 3, 3, 3, 3, 3, 3, 3, 3, 3, 3,
            3, 3, 3, 3, 3, 3, 3, 3, 3, 3, 3, 3, 3, 3, 3, 3, 3, 3, 3, 3, 3, 3, 3, 3,
            3, 3, 3, 3, 3, 3, 3, 3, 3, 3, 3, 3, 3, 3, 3, 3, 3, 3, 3, 3, 3, 3, 3, 3,
            3, 3, 3, 3, 3, 3, 3, 3, 3, 3, 3, 3, 3, 3, 3, 3, 3, 3, 3, 3, 3, 3, 3, 3,
            3, 3, 3, 3, 3, 3, 3, 3, 3, 3, 3, 3, 3, 3, 3, 3, 3, 3, 3, 3, 3, 3, 3, 3,
            3, 3, 3, 3, 3, 3, 3, 3, 3, 3, 3, 3, 3, 3, 3, 3, 3, 3, 3, 3, 3, 3, 3, 3,
            3, 3, 3, 3, 3, 3, 3, 3, 3, 3, 3, 3, 3, 3, 3, 3, 3, 3, 3, 3, 3, 3, 3, 3,
            3, 3, 3, 3, 3, 3, 3, 3, 3, 3, 3, 3, 3, 3, 3, 3, 3, 3, 3, 3, 3, 3, 3, 3,
            3, 3, 3, 3, 3, 3, 3, 3, 3, 3, 3, 3, 3, 3, 3, 3, 3, 3, 3, 3, 3, 3, 3, 3,
            3, 3, 3, 3, 3, 3, 3, 3, 3, 3, 3, 3, 3, 3, 3, 3, 3, 3, 3, 3, 3, 3, 3, 3,
            3, 3, 3, 3, 3, 3, 3, 3, 3, 3, 3, 3, 3, 3, 3, 3, 3, 3, 3, 3, 3, 3, 3, 3,
            3, 3, 3, 3, 3, 3, 3, 3, 3, 3, 3, 3, 3, 3, 3, 3, 3, 3, 3, 3, 3, 3, 3, 3,
            3, 3, 3, 3, 3, 3, 3, 3, 3, 3, 3, 3, 3, 3, 3, 3, 3, 3, 3, 3, 3, 3, 3, 3,
            3, 3, 3, 3, 3, 3, 3, 3, 3, 3, 3, 3, 3, 3, 3, 3, 3, 3, 3, 3, 3, 3, 3, 3,
            3, 3, 3, 3, 3, 3, 3, 3, 3, 3, 3, 3, 3, 3, 3, 3, 3, 3, 3, 3, 3, 3, 3, 3,
            3, 3, 3, 3, 3, 3, 3, 3, 3, 3, 3, 3, 3, 3, 3, 3, 3, 3, 3, 3, 3, 3, 3, 3,
            3, 3, 3, 3, 3, 3, 3, 3, 3, 3, 3, 3, 3, 3, 3, 3, 3, 3, 3, 3, 3, 3, 3, 3,
            3, 3, 3, 3, 3, 3, 3, 3, 3, 3, 3, 3, 3, 3, 3, 3, 3, 3, 3, 3, 3, 3, 3, 3,
            3, 3, 3, 3, 3, 3, 3, 3, 3, 3, 3, 3, 3, 3, 3, 3, 3, 3, 3, 3, 3, 3, 3, 3,
            3, 3, 3, 3, 3, 3, 3, 3, 3, 3, 3, 3, 3, 3, 3, 3, 3, 3, 3, 3, 3, 3, 3, 3,
            3, 3, 3, 3, 3, 3, 3, 3, 3, 3, 3, 3, 3, 3, 3, 3, 3, 3, 3, 3, 3, 3, 3, 3,
            3, 3, 3, 3, 3, 3, 3, 3, 3, 3, 3, 3, 3, 3, 3, 3, 3, 3, 3, 3, 3, 3, 3, 3,
            3, 3, 3, 3, 3, 3, 3, 3, 3, 3, 3, 3, 3, 3, 3, 3, 3, 3, 3, 3, 3, 3, 3, 3,
            3, 3, 3, 3, 3, 3, 3, 3, 3, 3, 3, 3, 3, 3, 3, 3, 3, 3, 3, 3, 3, 3, 3, 3,
            3, 3, 3, 3, 3, 3, 3, 3, 3, 3, 3, 3, 3, 3, 3, 3, 3, 3, 3, 3, 3, 3, 3, 3,
            3, 3, 3, 3, 3, 3, 3, 3, 3, 3, 3, 3, 3, 3, 3, 3, 3, 3, 3, 3, 3, 3, 3, 3,
            3, 3, 3, 3, 3, 3, 3, 3, 3, 3, 3, 3, 3, 3, 3, 3, 3, 3, 3, 3, 3, 3, 3, 3,
            3, 3, 3, 3, 3, 3, 3, 3, 3, 3, 3, 3, 3, 3, 3, 3, 3, 3, 3, 3, 3, 3, 3, 3,
            3, 3, 3, 3, 3, 3, 3, 3, 3, 3, 3, 3, 3, 3, 3, 3, 3, 3, 3, 3, 3, 3, 3, 3,
            3, 3, 3, 3, 3, 3, 3, 3, 3, 3, 3, 3, 3, 3, 3, 3, 3, 3, 3, 3, 3, 3, 3, 3,
            3, 3, 3, 3, 3, 3, 3, 3, 3, 3, 3, 3, 3, 3, 3, 3, 3, 3, 3, 3, 3, 3, 3, 3,
            3, 3, 3, 3, 3, 3, 3, 3, 3, 3, 3, 3, 3, 3, 3, 3, 3, 3, 3, 3, 3, 3, 3, 3,
            3, 3, 3, 3, 3, 3, 3, 3, 3, 3, 3, 3, 3, 3, 3, 3, 3, 3, 3, 3, 3, 3, 3, 3,
            3, 3, 3, 3, 3, 3, 3, 3, 3, 3, 3, 3, 3, 3, 3, 3, 3, 3, 3, 3, 3, 3, 3, 3,
            3, 3, 3, 3, 3, 3, 3, 3, 3, 3, 3, 3, 3, 3, 3, 3, 3, 3, 3, 3, 3, 3, 3, 3,
            3, 3, 3, 3, 3, 3, 3, 3, 3, 3, 3, 3, 3, 3, 3, 3, 3, 3, 3, 3, 3, 3, 3, 3,
            3, 3, 3, 3, 3, 3, 3, 3, 3, 3, 3, 3, 3, 3, 3, 3, 3, 3, 3, 3, 3, 3, 3, 3,
            3, 3, 3, 3, 3, 3, 3, 3, 3, 3, 3, 3, 3, 3, 3, 3, 3, 3, 3, 3, 3, 3, 3, 3,
            3, 3, 3, 3, 3, 3, 3, 3, 3, 3, 3, 3, 3, 3, 3, 3, 3, 3, 3, 3, 3, 3, 3, 3,
            3, 3, 3, 3, 3, 3, 3, 3, 3, 3, 3, 3, 3, 3, 3, 3, 3, 3, 3, 3, 3, 3, 3, 3,
            3, 3, 3, 3, 3, 3, 3, 3, 3, 3, 3, 3, 3, 3, 3, 3, 3, 3, 3, 3, 3, 3, 3, 3,
            3, 3, 3, 3, 3, 3, 3, 3, 3, 3, 3, 3, 3, 3, 3, 3, 3, 3, 3, 3, 3, 3, 3, 3,
            3, 3, 3, 3, 3, 3, 3, 3, 3, 3, 3, 3, 3, 3, 3, 3, 3, 3, 3, 3, 3, 3, 3, 3,
            3, 3, 3, 3, 3, 3, 3, 3, 3, 3, 3, 3, 3, 3, 3, 3, 3, 3, 3, 3, 3, 3, 3, 3,
            3, 3, 3, 3, 3, 3, 3, 3, 3, 3, 3, 3, 3, 3, 3, 3, 3, 3, 3, 3, 3, 3, 3, 3,
            3, 3, 3, 3, 3, 3, 3, 3, 3, 3, 3, 3, 3, 3, 3, 3, 3, 3, 3, 3, 3, 3, 3, 3,
            3, 3, 3, 3, 3, 3, 3, 3, 3, 3, 3, 3, 3, 3, 3, 3, 3, 3, 3, 3, 3, 3, 3, 3,
            3, 3, 3, 3, 3, 3, 3, 3, 3, 3, 3, 3, 3, 3, 3, 3, 3, 3, 3, 3, 3, 3, 3, 3,
            3, 3, 3, 3, 3, 3, 3, 3, 3, 3, 3, 3, 3, 3, 3, 3, 3, 3, 3, 3, 3, 3, 3, 3,
            3, 3, 3, 3, 3, 3, 3, 3, 3, 3, 3, 3, 3, 3, 3, 3, 3, 3, 3, 3, 3, 3, 3, 3,
            3, 3, 3, 3, 3, 3, 3, 3, 3, 3, 3, 3, 3, 3, 3, 3, 3, 3, 3, 3, 3, 3, 3, 3,
            3, 3, 3, 3, 3, 3, 3, 3, 3, 3, 3, 3, 3, 3, 3, 3, 3, 3, 3, 3, 3, 3, 3, 3,
            3, 3, 3, 3, 3, 3, 3, 3, 3, 3, 3, 3, 3, 3, 3, 3, 3, 3, 3, 3, 3, 3, 3, 3,
            3, 3, 3, 3, 3, 3, 3, 3, 3, 3, 3, 3, 3, 3, 3, 3, 3, 3, 3, 3, 3, 3, 3, 3,
            3, 3, 3, 3, 3, 3, 3, 3, 3, 3, 3, 3, 3, 3, 3, 3, 3, 3, 3, 3, 3, 3, 3, 3,
            3, 3, 3, 3, 3, 3, 3, 3, 3, 3, 3, 3, 3, 3, 3, 3, 3, 3, 3, 3, 3, 3, 3, 3,
            3, 3, 3, 3, 3, 3, 3, 3, 3, 3, 3, 3, 3, 3, 3, 3, 3, 3, 3, 3, 3, 3, 3, 3,
            3, 3, 3, 3, 3, 3, 3, 3, 3, 3, 3, 3, 3, 3, 3, 3, 3, 3, 3, 3, 3, 3, 3, 3,
            3, 3, 3, 3, 3, 3, 3, 3, 3, 3, 3, 3, 3, 3, 3, 3, 3, 3, 3, 3, 3, 3, 3, 3,
            3, 3, 3, 3, 3, 3, 3, 3, 3, 3, 3, 3, 3, 3, 3, 3, 3, 3, 3, 3, 3, 3, 3, 3,
            3, 3, 3, 3, 3, 3, 3, 3, 3, 3, 3, 3, 3, 3, 3, 3, 3, 3, 3, 3, 3, 3, 3, 3,
            3, 3, 3, 3, 3, 3, 3, 3, 3, 3, 3, 3, 3, 3, 3, 3, 3, 3, 3, 3, 3, 3, 3, 3,
            3, 3, 3, 3, 3, 3, 3, 3, 3, 3, 3, 3, 3, 3, 3, 3, 3, 3, 3, 3, 3, 3, 3, 3,
            3, 3, 3, 3, 3, 3, 3, 3, 3, 3, 3, 3, 3, 3, 3, 3, 3, 3, 3, 3, 3, 3, 3, 3,
            3, 3, 3, 3, 3, 3, 3, 3, 3, 3, 3, 3, 3, 3, 3, 3, 3, 3, 3, 3, 3, 3, 3, 3,
            3, 3, 3, 3, 3, 3, 3, 3, 3, 3, 3, 3, 3, 3, 3, 3, 3, 3, 3, 3, 3, 3, 3, 3,
            3, 3, 3, 3, 3, 3, 3, 3, 3, 3, 3, 3, 3, 3, 3, 3, 3, 3, 3, 3, 3, 3, 3, 3,
            3, 3, 3, 3, 3, 3, 3, 3, 3, 3, 3, 3, 3, 3, 3, 3, 3, 3, 3, 3, 3, 3, 3, 3,
            3, 3, 3, 3, 3, 3, 3, 3, 3, 3, 3, 3, 3, 3, 3, 3, 3, 3, 3, 3, 3, 3, 3, 3,
            3, 3, 3, 3, 3, 3, 3, 3, 3, 3, 3, 3, 3, 3, 3, 3, 3, 3, 3, 3, 3, 3, 3, 3,
            3, 3, 3, 3, 3, 3, 3, 3, 3, 3, 3, 3, 3, 3, 3, 3, 3, 3, 3, 3, 3, 3, 3, 3,
            3, 3, 3, 3, 3, 3, 3, 3, 3, 3, 3, 3, 3, 3, 3, 3, 3, 3, 3, 3, 3, 3, 3, 3,
            3, 3, 3, 3, 3, 3, 3, 3, 3, 3, 3, 3, 3, 3, 3, 3, 3, 3, 3, 3, 3, 3, 3, 3,
            3, 3, 3, 3, 3, 3, 3, 3, 3, 3, 3, 3, 3, 3, 3, 3, 3, 3, 3, 3, 3, 3, 3, 3,
            3, 3, 3, 3, 3, 3, 3, 3, 3, 3, 3, 3, 3, 3, 3, 3, 3, 3, 3, 3, 3, 3, 3, 3,
            3, 3, 3, 3, 3, 3, 3, 3, 3, 3, 3, 3, 3, 3, 3, 3, 3, 3, 3, 3, 3, 3, 3, 3,
            3, 3, 3, 3, 3, 3, 3, 3, 3, 3, 3, 3, 3, 3, 3, 3, 3, 3, 3, 3, 3, 3, 3, 3,
            3, 3, 3, 3, 3, 3, 3, 3, 3, 3, 3, 3, 3, 3, 3, 3, 3, 3, 3, 3, 3, 3, 3, 3,
            3, 3, 3, 3, 3, 3, 3, 3, 3, 3, 3, 3, 3, 3, 3, 3, 3, 3, 3, 3, 3, 3, 3, 3,
            3, 3, 3, 3, 3, 3, 3, 3, 3, 3, 3, 3, 3, 3, 3, 3, 3, 3, 3, 3, 3, 3, 3, 3,
            3, 3, 3, 3, 3, 3, 3, 3, 3, 3, 3, 3, 3, 3, 3, 3, 3, 3, 3, 3, 3, 3, 3, 3,
            3, 3, 3, 3, 3, 3, 3, 3, 3, 3, 3, 3, 3, 3, 3, 3, 3, 3, 3, 3, 3, 3, 3, 3,
            3, 3, 3, 3, 3, 3, 3, 3, 3, 3, 3, 3, 3, 3, 3, 3, 3, 3, 3, 3, 3, 3, 3, 3,
            3, 3, 3, 3, 3, 3, 3, 3, 3, 3, 3, 3, 3, 3, 3, 3, 3, 3, 3, 3, 3, 3, 3, 3,
            3, 3, 3, 3, 3, 3, 3, 3, 3, 3, 3, 3, 3, 3, 3, 3, 3, 3, 3, 3, 3, 3, 3, 3,
            3, 3, 3, 3, 3, 3, 3, 3, 3, 3, 3, 3, 3, 3, 3, 3, 3, 3, 3, 3, 3, 3, 3, 3,
            3, 3, 3, 3, 3, 3, 3, 3, 3, 3, 3, 3, 3, 3, 3, 3, 3, 3, 3, 3, 3, 3, 3, 3,
            3, 3, 3, 3, 3, 3, 3, 3, 3, 3, 3, 3, 3, 3, 3, 3, 3, 3, 3, 3, 3, 3, 3, 3,
            3, 3, 3, 3, 3, 3, 3, 3, 3, 3, 3, 3, 3, 3, 3, 3, 3, 3, 3, 3, 3, 3, 3, 3,
            3, 3, 3, 3, 3, 3, 3, 3, 3, 3, 3, 3, 3, 3, 3, 3, 3, 3, 3, 3, 3, 3, 3, 3,
            3, 3, 3, 3, 3, 3, 3, 3, 3, 3, 3, 3, 3, 3, 3, 3, 3, 3, 3, 3, 3, 3, 3, 3,
            3, 3, 3, 3, 3, 3, 3, 3, 3, 3, 3, 3, 3, 3, 3, 3, 3, 3, 3, 3, 3, 3, 3, 3,
            3, 3, 3, 3, 3, 3, 3, 3, 3, 3, 3, 3, 3, 3, 3, 3, 3, 3, 3, 3, 3, 3, 3, 3,
            3, 3, 3, 3, 3, 3, 3, 3, 3, 3, 3, 3, 3, 3, 3, 3, 3, 3, 3, 3, 3, 3, 3, 3,
            3, 3, 3, 3, 3, 3, 3, 3, 3, 3, 3, 3, 3, 3, 3, 3, 3, 3, 3, 3, 3, 3, 3, 3,
            3, 3, 3, 3, 3, 3, 3, 3, 3, 3, 3, 3, 3, 3, 3, 3, 3, 3, 3, 3, 3, 3, 3, 3,
            3, 3, 3, 3, 3, 3, 3, 3, 3, 3, 3, 3, 3, 3, 3, 3, 3, 3, 3, 3, 3, 3, 3, 3,
            3, 3, 3, 3, 3, 3, 3, 3, 3, 3, 3, 3, 3, 3, 3, 3, 3, 3, 3, 3, 3, 3, 3, 3,
            3, 3, 3, 3, 3, 3, 3, 3, 3, 3, 3, 3, 3, 3, 3, 3, 3, 3, 3, 3, 3, 3, 3, 3,
            3, 3, 3, 3, 3, 3, 3, 3, 3, 3, 3, 3, 3, 3, 3, 3, 3, 3, 3, 3, 3, 3, 3, 3,
            3, 3, 3, 3, 3, 3, 3, 3, 3, 3, 3, 3, 3, 3, 3, 3, 3, 3, 3, 3, 3, 3, 3, 3,
            3, 3, 3, 3, 3, 3, 3, 3, 3, 3, 3, 3, 3, 3, 3, 3, 3, 3, 3, 3, 3, 3, 3, 3,
            3, 3, 3, 3, 3, 3, 3, 3, 3, 3, 3, 3, 3, 3, 3, 3, 3, 3, 3, 3, 3, 3, 3, 3,
            3, 3, 3, 3, 3, 3, 3, 3, 3, 3, 3, 3, 3, 3, 3, 3, 3, 3, 3, 3, 3, 3, 3, 3,
            3, 3, 3, 3, 3, 3, 3, 3, 3, 3, 3, 3, 3, 3, 3, 3, 3, 3, 3, 3, 3, 3, 3, 3,
            3, 3, 3, 3, 3, 3, 3, 3, 3, 3, 3, 3, 3, 3, 3, 3, 3, 3, 3, 3, 3, 3, 3, 3,
            3, 3, 3, 3, 3, 3, 3, 3, 3, 3, 3, 3, 3, 3, 3, 3, 3, 3, 3, 3, 3, 3, 3, 3,
            3, 3, 3, 3, 3, 3, 3, 3, 3, 3, 3, 3, 3, 3, 3, 3, 3, 3, 3, 3, 3, 3, 3, 3,
            3, 3, 3, 3, 3, 3, 3, 3, 3, 3, 3, 3, 3, 3, 3, 3, 3, 3, 3, 3, 3, 3, 3, 3,
            3, 3, 3, 3, 3, 3, 3, 3, 3, 3, 3, 3, 3, 3, 3, 3, 3, 3, 3, 3, 3, 3, 3, 3,
            3, 3, 3, 3, 3, 3, 3, 3, 3, 3, 3, 3, 3, 3, 3, 3, 3, 3, 3, 3, 3, 3, 3, 3,
            3, 3, 3, 3, 3, 3, 3, 3, 3, 3, 3, 3, 3, 3, 3, 3, 3, 3, 3, 3, 3, 3, 3, 3,
            3, 3, 3, 3, 3, 3, 3, 3, 3, 3, 3, 3, 3, 3, 3, 3, 3, 3, 3, 3, 3, 3, 3, 3,
            3, 3, 3, 3, 3, 3, 3, 3, 3, 3, 3, 3, 3, 3, 3, 3, 3, 3, 3, 3, 3, 3, 3, 3,
            3, 3, 3, 3, 3, 3, 3, 3, 3, 3, 3, 3, 3, 3, 3, 3, 3, 3, 3, 3, 3, 3, 3, 3,
            3, 3, 3, 3, 3, 3, 3, 3, 3, 3, 3, 3, 3, 3, 3, 3, 3, 3, 3, 3, 3, 3, 3, 3,
            3, 3, 3, 3, 3, 3, 3, 3, 3, 3, 3, 3, 3, 3, 3, 3, 3, 3, 3, 3, 3, 3, 3, 3,
            3, 3, 3, 3, 3, 3, 3, 3, 3, 3, 3, 3, 3, 3, 3, 3, 3, 3, 3, 3, 3, 3, 3, 3,
            3, 3, 3, 3, 3, 3, 3, 3, 3, 3, 3, 3, 3, 3, 3, 3, 3, 3, 3, 3, 3, 3, 3, 3,
            3, 3, 3, 3, 3, 3, 3, 3, 3, 3, 3, 3, 3, 3, 3, 3, 3, 3, 3, 3, 3, 3, 3, 3,
            3, 3, 3, 3, 3, 3, 3, 3, 3, 3, 3, 3, 3, 3, 3, 3, 3, 3, 3, 3, 3, 3, 3, 3,
            3, 3, 3, 3, 3, 3, 3, 3, 3, 3, 3, 3, 3, 3, 3, 3, 3, 3, 3, 3, 3, 3, 3, 3,
            3, 3, 3, 3, 3, 3, 3, 3, 3, 3, 3, 3, 3, 3, 3, 3, 3, 3, 3, 3, 3, 3, 3, 3,
            3, 3, 3, 3, 3, 3, 3, 3, 3, 3, 3, 3, 3, 3, 3, 3, 3, 3, 3, 3, 3, 3, 3, 3,
            3, 3, 3, 3, 3, 3, 3, 3, 3, 3, 3, 3, 3, 3, 3, 3, 3, 3, 3, 3, 3, 3, 3, 3,
            3, 3, 3, 3, 3, 3, 3, 3, 3, 3, 3, 3, 3, 3, 3, 3, 3, 3, 3, 3, 3, 3, 3, 3,
            3, 3, 3, 3, 3, 3, 3, 3, 3, 3, 3, 3, 3, 3, 3, 3, 3, 3, 3, 3, 3, 3, 3, 3,
            3, 3, 3, 3, 3, 3, 3, 3, 3, 3, 3, 3, 3, 3, 3, 3, 3, 3, 3, 3, 3, 3, 3, 3,
            3, 3, 3, 3, 3, 3, 3, 3, 3, 3, 3, 3, 3, 3, 3, 3, 3, 3, 3, 3, 3, 3, 3, 3,
            3, 3, 3, 3, 3, 3, 3, 3, 3, 3, 3, 3, 3, 3, 3, 3, 3, 3, 3, 3, 3, 3, 3, 3,
            3, 3, 3, 3, 3, 3, 3, 3, 3, 3, 3, 3, 3, 3, 3, 3, 3, 3, 3, 3, 3, 3, 3, 3,
            3, 3, 3, 3, 3, 3, 3, 3, 3, 3, 3, 3, 3, 3, 3, 3, 3, 3, 3, 3, 3, 3, 3, 3,
            3, 3, 3, 3, 3, 3, 3, 3, 3, 3, 3, 3, 3, 3, 3, 3, 3, 3, 3, 3, 3, 3, 3, 3,
            3, 3, 3, 3, 3, 3, 3, 3, 3, 3, 3, 3, 3, 3, 3, 3, 3, 3, 3, 3, 3, 3, 3, 3,
            3, 3, 3, 3, 3, 3, 3, 3, 3, 3, 3, 3, 3, 3, 3, 3, 3, 3, 3, 3, 3, 3, 3, 3,
            3, 3, 3, 3, 3, 3, 3, 3, 3, 3, 3, 3, 3, 3, 3, 3, 3, 3, 3, 3, 3, 3, 3, 3,
            3, 3, 3, 3, 3, 3, 3, 3, 3, 3, 3, 3, 3, 3, 3, 3, 3, 3, 3, 3, 3, 3, 3, 3,
            3, 3, 3, 3, 3, 3, 3, 3, 3, 3, 3, 3, 3, 3, 3, 3, 3, 3, 3, 3, 3, 3, 3, 3,
            3, 3, 3, 3, 3, 3, 3, 3, 3, 3, 3, 3, 3, 3, 3, 3, 3, 3, 3, 3, 3, 3, 3, 3,
            3, 3, 3, 3, 3, 3, 3, 3, 3, 3, 3, 3, 3, 3, 3, 3, 3, 3, 3, 3, 3, 3, 3, 3,
            3, 3, 3, 3, 3, 3, 3, 3, 3, 3, 3, 3, 3, 3, 3, 3, 3, 3, 3, 3, 3, 3, 3, 3,
            3, 3, 3, 3, 3, 3, 3, 3, 3, 3, 3, 3, 3, 3, 3, 3, 3, 3, 3, 3, 3, 3, 3, 3,
            3, 3, 3, 3, 3, 3, 3, 3, 3, 3, 3, 3, 3, 3, 3, 3, 3, 3, 3, 3, 3, 3, 3, 3,
            3, 3, 3, 3, 3, 3, 3, 3, 3, 3, 3, 3, 3, 3, 3, 3, 3, 3, 3, 3, 3, 3, 3, 3,
            3, 3, 3, 3, 3, 3, 3, 3, 3, 3, 3, 3, 3, 3, 3, 3, 3, 3, 3, 3, 3, 3, 3, 3,
            3, 3, 3, 3, 3, 3, 3, 3, 3, 3, 3, 3, 3, 3, 3, 3, 3, 3, 3, 3, 3, 3, 3, 3,
            3, 3, 3, 3, 3, 3, 3, 3, 3, 3, 3, 3, 3, 3, 3, 3, 3, 3, 3, 3, 3, 3, 3, 3,
            3, 3, 3, 3, 3, 3, 3, 3, 3, 3, 3, 3, 3, 3, 3, 3, 3, 3, 3, 3, 3, 3, 3, 3,
            3, 3, 3, 3, 3, 3, 3, 3, 3, 3, 3, 3, 3, 3, 3, 3, 3, 3, 3, 3, 3, 3, 3, 3,
            3, 3, 3, 3, 3, 3, 3, 3, 3, 3, 3, 3, 3, 3, 3, 3, 3, 3, 3, 3, 3, 3, 3, 3,
            3, 3, 3, 3, 3, 3, 3, 3, 3, 3, 3, 3, 3, 3, 3, 3, 3, 3, 3, 3, 3, 3, 3, 3,
            3, 3, 3, 3, 3, 3, 3, 3, 3, 3, 3, 3, 3, 3, 3, 3, 3, 3, 3, 3, 3, 3, 3, 3,
            3, 3, 3, 3, 3, 3, 3, 3, 3, 3, 3, 3, 3, 3, 3, 3, 3, 3, 3, 3, 3, 3, 3, 3,
            3, 3, 3, 3, 3, 3, 3, 3, 3, 3, 3, 3, 3, 3, 3, 3, 3, 3, 3, 3, 3, 3, 3, 3,
            3, 3, 3, 3, 3, 3, 3, 3, 3, 3, 3, 3, 3, 3, 3, 3, 3, 3, 3, 3, 3, 3, 3, 3,
            3, 3, 3, 3, 3, 3, 3, 3, 3, 3, 3, 3, 3, 3, 3, 3, 3, 3, 3, 3, 3, 3, 3, 3,
            3, 3, 3, 3, 3, 3, 3, 3, 3, 3, 3, 3, 3, 3, 3, 3, 3, 3, 3, 3, 3, 3, 3, 3,
            3, 3, 3, 3, 3, 3, 3, 3, 3, 3, 3, 3, 3, 3, 3, 3, 3, 3, 3, 3, 3, 3, 3, 3,
            3, 3, 3, 3, 3, 3, 3, 3
        ]
        int[] faceVertexIndices = [
            0, 1, 2, 3, 4, 5, 3, 6, 4, 6, 3, 7, 7, 3, 8, 7, 8, 9, 8, 10, 9, 10, 11, 9,
            12, 13, 14, 13, 11, 14, 12, 15, 13, 16, 17, 9, 11, 16, 9, 11, 10, 14, 16, 11, 13, 18, 19, 20,
            19, 21, 20, 20, 21, 22, 21, 23, 22, 24, 25, 26, 25, 24, 27, 28, 25, 27, 27, 29, 28, 30, 31, 28,
            32, 33, 34, 32, 35, 36, 35, 37, 38, 26, 36, 24, 36, 35, 24, 35, 38, 24, 35, 32, 34, 34, 39, 35,
            37, 35, 39, 40, 41, 42, 34, 43, 44, 44, 45, 34, 46, 41, 44, 40, 45, 44, 40, 44, 41, 47, 45, 40,
            48, 47, 42, 47, 48, 49, 39, 34, 45, 50, 39, 45, 45, 47, 50, 38, 27, 24, 29, 27, 38, 29, 38, 37,
            28, 29, 51, 37, 51, 29, 37, 39, 50, 37, 52, 53, 51, 37, 53, 54, 51, 53, 54, 53, 55, 30, 28, 51,
            51, 54, 30, 56, 30, 54, 56, 54, 55, 57, 56, 55, 48, 58, 59, 60, 61, 59, 62, 41, 63, 62, 64, 65,
            65, 64, 66, 67, 66, 68, 67, 68, 69, 70, 67, 69, 71, 67, 70, 70, 72, 71, 73, 69, 74, 70, 69, 73,
            73, 74, 75, 70, 73, 76, 76, 72, 70, 72, 76, 77, 76, 73, 75, 42, 41, 62, 62, 78, 42, 78, 62, 79,
            79, 80, 78, 79, 62, 65, 80, 79, 81, 81, 79, 82, 65, 66, 79, 79, 66, 67, 82, 79, 67, 82, 67, 71,
            82, 71, 83, 84, 81, 82, 85, 81, 86, 87, 84, 88, 83, 84, 82, 84, 83, 88, 58, 89, 60, 60, 89, 90,
            91, 92, 93, 86, 94, 85, 86, 95, 94, 87, 86, 84, 96, 86, 87, 95, 86, 96, 96, 97, 95, 97, 96, 98,
            93, 95, 91, 91, 95, 99, 95, 97, 99, 99, 100, 91, 101, 97, 98, 97, 100, 99, 100, 97, 101, 98, 102, 101,
            83, 71, 103, 87, 88, 104, 104, 105, 106, 107, 104, 106, 107, 106, 108, 109, 110, 111, 108, 106, 110, 112, 110, 113,
            114, 87, 104, 107, 114, 104, 96, 87, 98, 87, 114, 98, 107, 115, 114, 107, 108, 115, 102, 98, 116, 116, 98, 114,
            116, 114, 115, 116, 115, 117, 118, 116, 117, 119, 118, 117, 112, 108, 110, 113, 120, 112, 115, 108, 112, 115, 112, 121,
            120, 121, 112, 113, 122, 120, 120, 122, 123, 117, 115, 121, 119, 117, 121, 119, 121, 124, 124, 121, 120, 120, 123, 125,
            125, 124, 120, 126, 127, 128, 129, 130, 131, 131, 130, 132, 131, 132, 133, 134, 131, 133, 133, 135, 134, 136, 137, 138,
            130, 129, 136, 139, 140, 141, 126, 138, 127, 138, 126, 142, 143, 130, 136, 136, 138, 144, 136, 144, 143, 142, 145, 146,
            144, 146, 147, 148, 147, 146, 130, 143, 132, 132, 143, 149, 150, 133, 132, 150, 135, 133, 151, 150, 132, 151, 132, 149,
            152, 150, 151, 147, 149, 144, 149, 147, 151, 153, 151, 147, 154, 152, 151, 155, 156, 148, 155, 157, 158, 159, 155, 158,
            160, 161, 154, 147, 156, 153, 147, 148, 156, 151, 153, 154, 162, 154, 153, 162, 153, 156, 160, 154, 162, 159, 156, 155,
            156, 159, 162, 163, 159, 158, 164, 162, 159, 164, 160, 162, 165, 160, 164, 166, 164, 159, 167, 165, 164, 168, 26, 25,
            169, 170, 171, 172, 173, 171, 169, 171, 173, 171, 174, 172, 175, 176, 177, 178, 176, 179, 180, 179, 176, 179, 180, 181,
            182, 181, 180, 180, 183, 182, 182, 183, 184, 175, 180, 176, 175, 177, 170, 185, 175, 170, 185, 170, 169, 175, 185, 183,
            185, 186, 187, 185, 187, 184, 169, 173, 185, 186, 185, 173, 186, 173, 172, 175, 183, 180, 185, 184, 183, 188, 189, 190,
            191, 192, 189, 193, 194, 188, 195, 193, 196, 194, 191, 189, 194, 189, 188, 195, 194, 193, 197, 191, 194, 168, 198, 190,
            198, 168, 25, 28, 198, 25, 193, 188, 198, 190, 198, 188, 193, 198, 28, 193, 28, 31, 191, 197, 199, 200, 201, 199,
            200, 199, 197, 202, 148, 145, 148, 146, 145, 178, 145, 203, 202, 145, 178, 179, 202, 178, 181, 157, 202, 179, 181, 202,
            202, 155, 148, 202, 157, 155, 204, 157, 181, 204, 182, 205, 206, 157, 204, 205, 206, 204, 204, 181, 182, 182, 184, 205,
            157, 206, 158, 158, 207, 163, 159, 163, 166, 166, 167, 164, 208, 209, 210, 209, 208, 211, 209, 211, 212, 213, 214, 184,
            214, 205, 184, 187, 213, 184, 187, 210, 215, 187, 215, 213, 187, 186, 210, 215, 210, 209, 213, 216, 214, 217, 214, 216,
            215, 216, 213, 212, 215, 209, 215, 212, 218, 216, 215, 218, 217, 216, 218, 219, 220, 217, 219, 217, 218, 221, 219, 218,
            222, 212, 223, 224, 225, 226, 174, 227, 228, 229, 174, 228, 174, 229, 172, 172, 229, 186, 186, 229, 210, 228, 230, 229,
            228, 208, 230, 230, 210, 229, 210, 230, 208, 6, 227, 4, 228, 227, 208, 231, 223, 232, 6, 208, 227, 208, 6, 231,
            6, 7, 233, 233, 231, 6, 231, 232, 208, 231, 233, 234, 232, 223, 211, 223, 212, 211, 211, 208, 232, 235, 236, 234,
            234, 233, 235, 235, 237, 238, 237, 235, 9, 235, 238, 236, 231, 239, 223, 234, 239, 231, 239, 234, 236, 223, 239, 222,
            238, 239, 236, 240, 239, 238, 240, 222, 239, 9, 241, 237, 241, 9, 17, 238, 237, 242, 241, 242, 237, 241, 243, 242,
            17, 16, 244, 241, 17, 243, 17, 244, 243, 245, 243, 244, 240, 238, 242, 242, 246, 240, 242, 243, 246, 7, 235, 233,
            235, 7, 9, 246, 243, 245, 246, 247, 240, 218, 222, 221, 222, 248, 221, 226, 221, 248, 249, 248, 222, 240, 249, 222,
            219, 221, 225, 226, 225, 221, 248, 224, 226, 247, 249, 240, 247, 250, 249, 249, 250, 248, 247, 251, 250, 250, 224, 248,
            224, 250, 252, 250, 251, 252, 252, 251, 253, 252, 253, 254, 247, 246, 255, 205, 214, 256, 256, 206, 205, 158, 206, 207,
            206, 256, 207, 257, 258, 207, 259, 257, 260, 214, 217, 261, 261, 262, 214, 262, 256, 214, 207, 256, 262, 207, 262, 257,
            220, 263, 261, 220, 261, 217, 263, 220, 219, 257, 262, 261, 261, 260, 257, 260, 261, 263, 264, 260, 263, 265, 163, 266,
            265, 266, 267, 163, 207, 258, 266, 163, 258, 266, 258, 257, 265, 166, 163, 167, 166, 265, 267, 266, 268, 266, 257, 259,
            266, 259, 268, 259, 260, 268, 269, 265, 267, 270, 265, 269, 269, 267, 268, 271, 272, 269, 273, 269, 268, 273, 271, 269,
            274, 263, 225, 225, 263, 219, 225, 224, 275, 274, 225, 275, 275, 276, 274, 263, 274, 264, 264, 274, 276, 260, 264, 277,
            264, 276, 277, 276, 275, 278, 277, 276, 279, 278, 275, 254, 276, 278, 279, 280, 279, 278, 278, 254, 280, 281, 271, 273,
            281, 282, 271, 283, 282, 281, 260, 277, 268, 277, 273, 268, 277, 279, 273, 279, 281, 273, 284, 281, 279, 279, 280, 284,
            284, 283, 281, 285, 283, 284, 252, 275, 224, 252, 254, 275, 286, 134, 287, 135, 287, 134, 135, 288, 287, 289, 290, 288,
            290, 289, 291, 292, 291, 289, 293, 294, 291, 295, 293, 291, 295, 291, 292, 296, 292, 297, 296, 295, 292, 295, 296, 298,
            298, 299, 295, 300, 301, 298, 301, 300, 302, 303, 302, 300, 304, 302, 303, 150, 305, 135, 152, 305, 150, 306, 305, 152,
            307, 308, 306, 305, 306, 309, 309, 297, 305, 309, 306, 308, 154, 307, 152, 306, 152, 307, 297, 309, 310, 297, 310, 296,
            296, 310, 298, 161, 307, 154, 307, 161, 311, 308, 311, 312, 312, 313, 308, 313, 309, 308, 307, 311, 308, 161, 314, 311,
            314, 161, 165, 314, 315, 312, 161, 160, 165, 165, 167, 316, 317, 314, 165, 316, 317, 165, 314, 317, 315, 310, 309, 313,
            300, 310, 313, 300, 313, 303, 310, 300, 298, 303, 313, 312, 318, 303, 315, 315, 303, 312, 318, 304, 303, 319, 320, 315,
            321, 322, 293, 295, 321, 293, 323, 321, 295, 299, 323, 295, 324, 325, 326, 327, 328, 325, 328, 327, 329, 330, 323, 299,
            299, 301, 330, 301, 299, 298, 323, 330, 331, 332, 333, 331, 334, 333, 332, 331, 330, 332, 302, 330, 301, 335, 302, 304,
            335, 336, 302, 337, 334, 336, 330, 302, 332, 336, 332, 302, 334, 332, 336, 21, 338, 339, 334, 340, 333, 340, 338, 333,
            341, 338, 340, 338, 341, 339, 342, 75, 74, 76, 75, 343, 75, 342, 326, 342, 324, 326, 325, 344, 326, 343, 75, 326,
            328, 344, 325, 345, 326, 344, 346, 344, 328, 343, 326, 345, 346, 345, 344, 345, 346, 347, 347, 346, 348, 349, 317, 316,
            265, 270, 167, 270, 316, 167, 316, 270, 349, 349, 270, 350, 319, 315, 317, 317, 349, 319, 319, 349, 351, 270, 272, 350,
            352, 351, 349, 351, 352, 353, 349, 350, 352, 353, 352, 354, 355, 356, 318, 356, 304, 318, 357, 358, 355, 355, 358, 356,
            358, 359, 356, 358, 360, 361, 318, 315, 320, 318, 320, 355, 319, 351, 320, 355, 320, 351, 357, 355, 351, 351, 353, 357,
            357, 353, 362, 354, 362, 353, 358, 357, 360, 357, 362, 360, 362, 354, 363, 364, 363, 354, 363, 364, 365, 363, 361, 360,
            362, 363, 360, 363, 366, 361, 367, 361, 366, 363, 365, 366, 368, 367, 366, 366, 365, 368, 369, 370, 365, 369, 371, 370,
            370, 368, 365, 336, 335, 337, 337, 335, 372, 373, 337, 372, 337, 374, 334, 374, 340, 334, 341, 340, 374, 374, 375, 341,
            373, 374, 337, 374, 373, 375, 376, 339, 341, 377, 375, 373, 375, 377, 378, 377, 379, 378, 375, 378, 341, 341, 378, 380,
            380, 376, 341, 380, 378, 381, 382, 378, 379, 382, 381, 378, 382, 383, 381, 383, 384, 381, 356, 359, 304, 372, 335, 304,
            359, 372, 304, 359, 385, 372, 361, 359, 358, 385, 359, 386, 386, 359, 361, 372, 385, 387, 387, 377, 372, 388, 377, 387,
            385, 386, 387, 388, 387, 386, 389, 377, 388, 379, 377, 389, 367, 386, 361, 386, 367, 390, 391, 390, 367, 390, 388, 386,
            388, 390, 392, 393, 392, 390, 391, 393, 390, 367, 368, 391, 368, 394, 391, 393, 391, 395, 394, 395, 391, 389, 388, 392,
            389, 382, 379, 389, 392, 382, 396, 382, 392, 392, 393, 396, 396, 393, 397, 395, 397, 393, 396, 383, 382, 396, 397, 383,
            383, 397, 398, 109, 345, 347, 399, 109, 347, 400, 399, 347, 113, 399, 400, 113, 400, 122, 272, 270, 269, 272, 352, 350,
            282, 272, 271, 401, 272, 282, 401, 352, 272, 401, 354, 352, 402, 401, 282, 401, 364, 354, 282, 283, 402, 401, 402, 364,
            369, 364, 402, 403, 369, 402, 365, 364, 369, 404, 405, 406, 407, 406, 405, 406, 408, 404, 409, 406, 407, 408, 406, 409,
            409, 410, 411, 408, 409, 411, 408, 411, 412, 410, 413, 411, 413, 412, 411, 413, 410, 414, 415, 416, 404, 415, 404, 408,
            417, 416, 415, 418, 417, 415, 418, 415, 408, 419, 418, 408, 420, 417, 418, 421, 422, 423, 421, 423, 424, 425, 422, 421,
            419, 408, 412, 426, 412, 413, 427, 412, 426, 414, 428, 413, 426, 413, 428, 429, 428, 414, 430, 429, 431, 432, 430, 431,
            433, 427, 426, 433, 426, 428, 433, 428, 430, 430, 428, 429, 427, 434, 435, 427, 433, 434, 436, 433, 430, 432, 436, 430,
            434, 433, 437, 436, 437, 433, 438, 437, 436, 439, 440, 434, 437, 439, 434, 439, 441, 442, 439, 437, 443, 437, 444, 443,
            441, 443, 445, 443, 441, 439, 446, 441, 445, 447, 436, 432, 438, 436, 448, 448, 436, 447, 447, 449, 448, 438, 444, 437,
            450, 444, 438, 438, 448, 450, 448, 449, 451, 452, 448, 451, 452, 450, 448, 453, 454, 444, 453, 444, 450, 454, 443, 444,
            454, 445, 443, 455, 456, 453, 453, 450, 455, 455, 450, 452, 456, 454, 453, 457, 454, 456, 458, 451, 449, 459, 452, 451,
            460, 451, 458, 460, 459, 451, 461, 459, 460, 460, 462, 461, 452, 463, 455, 459, 463, 452, 464, 463, 459, 465, 456, 466,
            466, 456, 455, 466, 455, 463, 461, 464, 459, 466, 463, 464, 467, 464, 461, 468, 466, 464, 468, 465, 466, 468, 464, 469,
            470, 468, 469, 467, 461, 471, 469, 464, 467, 467, 472, 469, 473, 474, 469, 475, 473, 472, 472, 473, 469, 476, 31, 30,
            476, 30, 477, 476, 477, 478, 479, 478, 480, 480, 478, 481, 482, 479, 480, 479, 482, 483, 482, 480, 484, 485, 482, 484,
            486, 487, 488, 57, 55, 489, 57, 490, 491, 489, 490, 57, 492, 491, 490, 493, 491, 492, 494, 492, 490, 57, 30, 56,
            477, 30, 57, 477, 57, 491, 491, 493, 477, 495, 477, 493, 493, 492, 496, 495, 493, 496, 492, 494, 496, 497, 495, 496,
            496, 494, 498, 498, 497, 496, 495, 481, 477, 478, 477, 481, 499, 500, 61, 500, 494, 490, 60, 501, 61, 488, 61, 501,
            498, 494, 499, 500, 499, 494, 502, 498, 499, 499, 61, 488, 499, 488, 487, 503, 504, 502, 505, 506, 487, 503, 487, 506,
            503, 502, 487, 507, 503, 506, 508, 502, 504, 509, 508, 504, 504, 510, 509, 507, 511, 512, 504, 503, 512, 507, 512, 503,
            512, 511, 513, 513, 504, 512, 514, 481, 495, 514, 515, 484, 516, 497, 498, 498, 517, 516, 514, 495, 497, 515, 497, 516,
            515, 514, 497, 517, 515, 516, 480, 481, 514, 484, 480, 514, 518, 484, 515, 519, 518, 515, 517, 519, 515, 518, 519, 520,
            518, 520, 509, 485, 484, 518, 521, 485, 518, 517, 498, 502, 487, 502, 499, 502, 519, 517, 519, 502, 508, 519, 508, 520,
            509, 520, 508, 522, 482, 485, 523, 482, 522, 524, 523, 522, 525, 523, 524, 524, 522, 526, 527, 525, 524, 526, 528, 524,
            527, 524, 528, 529, 530, 527, 529, 527, 528, 531, 530, 529, 532, 533, 534, 535, 509, 536, 509, 510, 536, 536, 510, 537,
            510, 504, 513, 537, 535, 536, 534, 535, 537, 534, 537, 510, 511, 538, 513, 539, 510, 513, 540, 510, 539, 539, 513, 538,
            541, 534, 510, 540, 541, 510, 542, 541, 540, 543, 544, 540, 532, 534, 541, 532, 541, 542, 532, 542, 544, 540, 544, 542,
            545, 540, 539, 535, 518, 509, 521, 518, 535, 533, 521, 535, 521, 522, 485, 521, 533, 522, 546, 526, 533, 533, 535, 534,
            546, 533, 532, 522, 533, 526, 532, 547, 548, 543, 540, 549, 550, 543, 549, 532, 544, 550, 550, 544, 543, 551, 550, 549,
            547, 550, 551, 547, 532, 550, 549, 540, 545, 549, 545, 552, 549, 552, 553, 554, 555, 553, 553, 556, 554, 551, 555, 547,
            557, 547, 555, 558, 555, 554, 558, 557, 555, 555, 551, 549, 555, 549, 553, 526, 546, 528, 528, 546, 559, 559, 546, 532,
            548, 559, 532, 560, 528, 559, 561, 560, 559, 561, 548, 562, 561, 559, 548, 547, 562, 548, 560, 529, 528, 563, 529, 560,
            564, 501, 565, 92, 566, 564, 567, 564, 566, 501, 486, 488, 486, 501, 564, 486, 564, 505, 564, 567, 505, 486, 505, 487,
            568, 505, 567, 567, 569, 568, 570, 567, 566, 569, 567, 570, 569, 571, 572, 570, 571, 569, 571, 570, 573, 574, 571, 573,
            60, 565, 501, 565, 60, 90, 565, 92, 564, 91, 100, 566, 570, 566, 100, 570, 100, 573, 100, 101, 573, 568, 506, 505,
            569, 575, 568, 576, 568, 575, 577, 575, 578, 575, 577, 576, 579, 576, 577, 577, 580, 579, 581, 579, 580, 575, 572, 578,
            575, 569, 572, 572, 571, 582, 574, 582, 571, 583, 578, 582, 578, 572, 582, 584, 582, 574, 582, 584, 583, 578, 585, 577,
            580, 577, 585, 586, 580, 585, 585, 578, 583, 583, 584, 587, 586, 585, 583, 586, 583, 588, 588, 583, 587, 573, 101, 102,
            573, 102, 589, 589, 102, 118, 573, 589, 590, 118, 102, 116, 118, 590, 589, 118, 119, 591, 118, 591, 590, 574, 573, 590,
            592, 574, 590, 593, 590, 591, 592, 590, 593, 594, 591, 119, 119, 124, 594, 595, 124, 125, 594, 124, 595, 596, 591, 594,
            591, 596, 593, 594, 597, 596, 598, 594, 595, 597, 594, 598, 599, 574, 592, 599, 584, 574, 599, 592, 600, 601, 599, 600,
            587, 584, 602, 602, 584, 599, 602, 599, 601, 601, 603, 604, 602, 601, 605, 601, 604, 606, 600, 592, 593, 600, 593, 596,
            603, 600, 596, 603, 601, 600, 597, 607, 596, 603, 596, 607, 608, 607, 597, 597, 609, 608, 610, 603, 607, 604, 603, 610,
            608, 610, 607, 611, 610, 608, 612, 613, 608, 611, 608, 613, 608, 609, 612, 581, 538, 579, 545, 539, 614, 615, 581, 586,
            616, 581, 615, 586, 581, 580, 615, 586, 588, 617, 615, 588, 618, 619, 616, 618, 616, 615, 620, 619, 618, 618, 615, 617,
            618, 617, 621, 622, 618, 621, 623, 552, 545, 624, 553, 552, 619, 625, 626, 627, 625, 620, 619, 620, 625, 628, 627, 629,
            629, 627, 620, 620, 618, 622, 620, 622, 629, 629, 622, 630, 627, 628, 631, 632, 631, 628, 629, 630, 633, 633, 628, 629,
            634, 633, 630, 634, 630, 635, 634, 635, 636, 617, 588, 587, 617, 587, 637, 602, 637, 587, 605, 637, 602, 621, 617, 637,
            638, 637, 605, 605, 601, 606, 639, 605, 606, 639, 606, 640, 638, 621, 637, 621, 638, 641, 638, 605, 639, 639, 641, 638,
            641, 639, 642, 642, 639, 643, 639, 640, 643, 643, 640, 644, 645, 640, 646, 645, 644, 640, 643, 644, 647, 647, 644, 645,
            647, 645, 648, 606, 604, 610, 646, 606, 610, 640, 606, 646, 646, 610, 611, 646, 611, 613, 649, 646, 613, 649, 645, 646,
            650, 645, 649, 648, 645, 650, 622, 621, 641, 641, 651, 622, 630, 622, 651, 630, 651, 635, 635, 651, 652, 642, 651, 641,
            652, 651, 642, 643, 652, 642, 653, 652, 643, 654, 635, 652, 636, 635, 655, 655, 635, 654, 654, 652, 656, 656, 652, 653,
            654, 656, 657, 653, 643, 647, 658, 653, 647, 658, 647, 659, 659, 647, 648, 653, 660, 656, 660, 653, 658, 657, 656, 660,
            661, 660, 658, 661, 658, 659, 661, 659, 662, 663, 197, 195, 195, 197, 194, 664, 663, 195, 665, 663, 664, 664, 666, 665,
            667, 663, 665, 476, 196, 193, 476, 193, 31, 196, 476, 668, 664, 195, 196, 668, 664, 196, 476, 478, 668, 668, 666, 664,
            669, 668, 478, 666, 668, 669, 478, 479, 669, 407, 200, 197, 407, 197, 663, 407, 405, 200, 667, 407, 663, 409, 407, 667,
            670, 666, 671, 666, 670, 665, 672, 665, 670, 670, 671, 673, 670, 674, 672, 670, 673, 674, 673, 675, 674, 675, 673, 676,
            479, 671, 669, 671, 666, 669, 671, 479, 483, 676, 673, 671, 676, 483, 677, 676, 671, 483, 672, 667, 665, 410, 409, 667,
            410, 667, 678, 678, 667, 672, 678, 672, 674, 679, 678, 674, 414, 410, 678, 679, 414, 678, 675, 676, 680, 675, 679, 674,
            680, 681, 675, 679, 675, 681, 682, 681, 680, 677, 483, 482, 482, 523, 677, 680, 676, 677, 523, 525, 677, 525, 680, 677,
            682, 680, 525, 429, 414, 679, 431, 679, 681, 431, 429, 679, 681, 682, 683, 684, 683, 685, 686, 684, 685, 687, 686, 685,
            527, 688, 525, 688, 682, 525, 530, 688, 527, 683, 682, 688, 685, 688, 530, 685, 530, 689, 531, 689, 530, 685, 683, 688,
            687, 685, 689, 690, 431, 681, 681, 684, 690, 683, 684, 681, 432, 431, 690, 432, 690, 691, 447, 432, 691, 684, 691, 690,
            691, 684, 692, 692, 684, 686, 693, 449, 691, 449, 693, 458, 449, 447, 691, 529, 563, 531, 531, 563, 694, 531, 695, 696,
            531, 694, 695, 695, 694, 697, 697, 698, 695, 699, 700, 701, 702, 703, 704, 705, 554, 556, 705, 556, 706, 706, 707, 705,
            708, 705, 707, 709, 708, 707, 710, 709, 706, 709, 707, 706, 557, 708, 562, 703, 702, 708, 702, 562, 708, 554, 705, 558,
            711, 709, 710, 712, 709, 711, 713, 712, 711, 713, 711, 710, 714, 713, 710, 712, 703, 709, 715, 703, 712, 703, 715, 704,
            563, 560, 561, 716, 563, 561, 717, 563, 716, 716, 561, 702, 563, 717, 694, 718, 717, 716, 718, 716, 702, 719, 702, 704,
            718, 702, 719, 720, 719, 704, 694, 717, 697, 720, 704, 715, 721, 720, 722, 723, 721, 724, 725, 713, 714, 726, 725, 714,
            727, 712, 725, 725, 712, 713, 728, 727, 725, 728, 725, 726, 712, 727, 715, 722, 715, 727, 722, 720, 715, 722, 727, 728,
            724, 722, 728, 729, 726, 730, 728, 726, 729, 731, 728, 729, 731, 724, 728, 722, 724, 721, 718, 719, 732, 701, 718, 732,
            719, 720, 732, 733, 701, 732, 732, 720, 721, 734, 732, 721, 734, 733, 732, 723, 734, 721, 735, 736, 723, 723, 736, 737,
            738, 724, 739, 738, 740, 724, 741, 731, 729, 739, 731, 741, 724, 731, 739, 739, 741, 742, 724, 740, 723, 735, 740, 738,
            735, 723, 740, 735, 738, 743, 743, 744, 735, 743, 739, 742, 739, 743, 738, 743, 742, 745, 746, 735, 744, 735, 746, 736,
            747, 701, 733, 733, 734, 747, 737, 747, 734, 737, 734, 723, 699, 701, 747, 748, 699, 747, 749, 699, 748, 747, 737, 750,
            737, 746, 751, 736, 746, 737, 748, 747, 750, 752, 748, 750, 753, 754, 744, 743, 755, 744, 755, 743, 745, 756, 744, 755,
            744, 754, 746, 746, 754, 757, 753, 744, 756, 756, 755, 758, 759, 756, 760, 760, 756, 758, 759, 753, 756, 754, 753, 761,
            762, 757, 754, 762, 754, 761, 763, 761, 753, 764, 765, 751, 757, 751, 746, 751, 757, 764, 752, 750, 765, 766, 752, 765,
            766, 767, 752, 765, 764, 766, 768, 764, 757, 769, 764, 768, 769, 770, 764, 770, 766, 764, 771, 772, 634, 773, 774, 772,
            775, 774, 773, 634, 772, 774, 772, 776, 773, 775, 773, 777, 778, 777, 773, 777, 778, 779, 780, 779, 781, 782, 779, 778,
            781, 779, 782, 782, 778, 783, 776, 778, 773, 776, 783, 778, 772, 784, 776, 784, 785, 776, 784, 786, 785, 785, 787, 783,
            783, 776, 785, 787, 785, 786, 787, 786, 788, 771, 655, 789, 772, 771, 789, 784, 772, 790, 790, 772, 789, 791, 790, 789,
            790, 792, 784, 786, 784, 792, 790, 791, 793, 790, 793, 792, 793, 791, 794, 794, 795, 793, 796, 793, 795, 788, 786, 792,
            788, 792, 797, 792, 793, 797, 788, 798, 787, 799, 788, 797, 793, 796, 797, 797, 796, 799, 795, 794, 800, 801, 796, 795,
            802, 801, 795, 803, 796, 801, 801, 802, 804, 802, 805, 804, 804, 805, 806, 801, 804, 807, 804, 806, 807, 706, 556, 808,
            706, 808, 809, 809, 810, 706, 808, 631, 632, 809, 808, 632, 632, 775, 809, 810, 710, 706, 810, 714, 710, 714, 810, 777,
            809, 775, 810, 777, 810, 775, 628, 633, 632, 774, 633, 634, 633, 774, 632, 774, 775, 632, 771, 634, 636, 726, 714, 730,
            730, 714, 777, 779, 730, 777, 729, 730, 780, 780, 730, 779, 780, 811, 729, 780, 781, 811, 771, 636, 655, 655, 812, 789,
            812, 655, 654, 812, 654, 657, 813, 812, 657, 812, 791, 789, 813, 791, 812, 794, 791, 813, 660, 814, 657, 814, 660, 661,
            657, 814, 813, 813, 814, 815, 815, 814, 816, 814, 661, 816, 816, 661, 662, 817, 816, 662, 815, 816, 817, 818, 813, 815,
            794, 813, 818, 800, 794, 818, 819, 815, 817, 820, 818, 815, 820, 815, 819, 800, 818, 820, 800, 802, 795, 802, 800, 820,
            802, 820, 805, 741, 811, 781, 741, 781, 821, 741, 821, 822, 822, 821, 823, 741, 822, 742, 781, 782, 823, 823, 821, 781,
            824, 822, 823, 825, 822, 824, 742, 822, 825, 826, 742, 825, 826, 745, 742, 823, 827, 824, 827, 828, 824, 828, 825, 824,
            829, 828, 827, 827, 830, 829, 826, 825, 828, 823, 783, 831, 831, 783, 787, 787, 832, 831, 823, 782, 783, 831, 827, 823,
            827, 831, 832, 787, 798, 832, 798, 833, 832, 834, 833, 835, 832, 833, 827, 830, 827, 833, 826, 836, 745, 836, 826, 837,
            758, 836, 838, 826, 828, 837, 837, 828, 829, 837, 829, 839, 829, 830, 839, 840, 839, 830, 841, 836, 837, 841, 837, 842,
            840, 842, 839, 842, 837, 839, 838, 836, 841, 843, 838, 841, 844, 760, 838, 842, 845, 841, 842, 840, 845, 843, 841, 846,
            845, 846, 841, 847, 848, 840, 834, 849, 847, 834, 850, 849, 830, 833, 847, 840, 830, 847, 847, 833, 834, 851, 846, 848,
            852, 851, 848, 852, 848, 849, 847, 849, 848, 853, 849, 850, 853, 850, 854, 840, 848, 845, 848, 846, 845, 799, 798, 788,
            855, 798, 799, 833, 798, 855, 799, 796, 803, 803, 856, 799, 856, 855, 799, 834, 835, 857, 856, 858, 835, 835, 858, 857,
            856, 859, 858, 835, 833, 855, 835, 855, 856, 803, 801, 860, 860, 861, 803, 860, 801, 807, 807, 862, 860, 859, 856, 861,
            861, 863, 859, 863, 861, 864, 803, 861, 856, 861, 860, 862, 864, 861, 865, 865, 861, 862, 850, 834, 857, 850, 857, 866,
            857, 858, 867, 866, 857, 867, 859, 867, 858, 867, 868, 866, 869, 850, 866, 854, 850, 869, 869, 866, 868, 870, 869, 868,
            867, 859, 863, 863, 871, 867, 871, 863, 864, 871, 864, 865, 872, 871, 865, 873, 871, 872, 874, 867, 871, 874, 871, 873,
            874, 870, 868, 873, 872, 875, 875, 874, 873, 876, 874, 875, 741, 729, 811, 836, 755, 745, 758, 755, 836, 760, 758, 838,
            686, 687, 877, 696, 689, 531, 878, 689, 696, 878, 687, 689, 695, 878, 696, 879, 878, 695, 686, 693, 692, 693, 686, 880,
            881, 880, 686, 693, 691, 692, 880, 458, 693, 882, 458, 880, 881, 686, 877, 881, 883, 884, 880, 884, 882, 885, 882, 884,
            885, 886, 882, 884, 880, 881, 887, 888, 889, 890, 887, 889, 891, 888, 887, 891, 892, 888, 883, 877, 893, 894, 883, 893,
            895, 886, 885, 885, 883, 896, 896, 895, 885, 458, 882, 897, 897, 460, 458, 886, 897, 882, 462, 460, 897, 886, 462, 897,
            471, 462, 898, 471, 461, 462, 471, 472, 467, 899, 472, 471, 475, 472, 899, 900, 473, 475, 700, 699, 749, 901, 700, 749,
            901, 890, 700, 902, 901, 749, 903, 887, 901, 901, 887, 890, 903, 891, 887, 902, 903, 901, 902, 749, 904, 904, 749, 748,
            904, 748, 752, 767, 904, 752, 905, 904, 767, 905, 902, 904, 902, 906, 903, 905, 906, 902, 905, 907, 906, 908, 892, 891,
            909, 892, 908, 910, 909, 908, 909, 911, 912, 913, 909, 910, 913, 911, 909, 913, 910, 914, 914, 910, 915, 914, 915, 916,
            908, 891, 903, 906, 908, 903, 906, 910, 908, 907, 910, 906, 915, 910, 907, 917, 905, 767, 770, 767, 766, 917, 767, 770,
            918, 907, 905, 919, 918, 920, 918, 905, 917, 920, 918, 917, 921, 917, 770, 921, 920, 917, 922, 920, 921, 919, 920, 923,
            916, 924, 914, 925, 924, 916, 926, 924, 925, 907, 918, 915, 927, 916, 915, 927, 915, 918, 919, 927, 918, 925, 916, 927,
            919, 928, 927, 919, 923, 928, 928, 925, 927, 929, 925, 928, 930, 925, 929, 931, 899, 932, 931, 932, 933, 913, 934, 911,
            914, 934, 913, 935, 933, 934, 936, 899, 931, 475, 899, 936, 931, 937, 936, 936, 900, 475, 900, 936, 938, 933, 939, 931,
            939, 933, 935, 937, 931, 939, 939, 935, 940, 941, 937, 939, 937, 941, 936, 938, 936, 942, 943, 942, 936, 943, 936, 941,
            944, 934, 924, 926, 944, 924, 934, 944, 935, 940, 935, 945, 945, 935, 944, 945, 946, 940, 930, 926, 925, 926, 930, 947,
            926, 945, 944, 947, 945, 926, 947, 948, 945, 949, 948, 947, 949, 950, 948, 946, 939, 940, 939, 946, 941, 951, 941, 946,
            948, 946, 945, 943, 941, 951, 951, 952, 943, 948, 953, 946, 951, 946, 953, 950, 953, 948, 952, 951, 953, 954, 952, 953,
            955, 1, 956, 1, 955, 2, 957, 0, 2, 2, 958, 957, 959, 958, 2, 2, 955, 959, 960, 955, 961, 959, 955, 960,
            962, 959, 960, 960, 201, 962, 201, 200, 962, 963, 964, 959, 963, 959, 962, 405, 963, 962, 962, 200, 405, 404, 963, 405,
            957, 965, 966, 967, 957, 958, 965, 957, 967, 0, 957, 966, 968, 0, 966, 966, 965, 5, 969, 5, 965, 969, 965, 970,
            5, 4, 966, 967, 971, 970, 972, 970, 971, 973, 974, 971, 974, 972, 971, 964, 958, 959, 967, 964, 971, 964, 967, 958,
            967, 970, 965, 3, 5, 969, 975, 971, 964, 964, 963, 975, 973, 975, 416, 416, 975, 963, 973, 971, 975, 976, 977, 970,
            972, 978, 976, 972, 976, 970, 979, 976, 978, 976, 979, 980, 979, 978, 981, 12, 979, 981, 972, 974, 982, 982, 978, 972,
            983, 978, 982, 984, 981, 978, 983, 984, 978, 977, 969, 970, 8, 969, 977, 977, 976, 980, 8, 977, 980, 10, 8, 980,
            8, 3, 969, 12, 980, 979, 14, 980, 12, 10, 980, 14, 20, 985, 18, 986, 18, 322, 986, 19, 18, 985, 20, 987,
            987, 20, 22, 987, 22, 988, 43, 989, 141, 989, 139, 141, 33, 989, 43, 990, 991, 141, 990, 992, 991, 990, 131, 993,
            992, 990, 993, 992, 993, 994, 43, 141, 991, 43, 991, 995, 995, 992, 996, 996, 63, 995, 995, 991, 992, 46, 995, 63,
            36, 997, 32, 989, 33, 997, 33, 43, 34, 33, 32, 997, 995, 46, 43, 43, 46, 44, 47, 40, 42, 50, 52, 37,
            52, 55, 53, 52, 489, 55, 998, 50, 47, 998, 47, 49, 52, 50, 998, 998, 489, 52, 998, 999, 489, 999, 998, 49,
            49, 59, 999, 49, 48, 59, 1000, 489, 999, 1000, 999, 59, 500, 1000, 61, 59, 61, 1000, 286, 994, 993, 994, 286, 1001,
            1002, 1001, 1003, 1002, 994, 1001, 1003, 1004, 1002, 1004, 1003, 1005, 1005, 1006, 1004, 1007, 1006, 1005, 1008, 992, 994, 996, 992, 1008,
            1008, 994, 1002, 1008, 1002, 1009, 1009, 1002, 1004, 996, 1008, 64, 63, 996, 64, 63, 41, 46, 64, 1009, 66, 63, 64, 62,
            68, 1004, 1006, 66, 1009, 68, 1009, 1004, 68, 68, 1006, 1007, 68, 1007, 69, 69, 1007, 74, 42, 1010, 48, 78, 1010, 42,
            80, 1010, 78, 85, 1010, 80, 85, 80, 81, 84, 86, 81, 89, 58, 1010, 58, 48, 1010, 89, 1010, 94, 94, 1010, 85,
            93, 89, 94, 59, 58, 60, 90, 89, 93, 90, 93, 92, 565, 90, 92, 93, 94, 95, 71, 72, 103, 77, 103, 72,
            103, 88, 83, 105, 88, 103, 105, 103, 77, 77, 76, 343, 111, 77, 343, 105, 77, 111, 104, 88, 105, 106, 105, 111,
            111, 110, 106, 111, 343, 109, 110, 399, 113, 1011, 127, 137, 128, 127, 1011, 1011, 137, 1012, 1013, 1014, 1012, 128, 1011, 1015,
            1016, 1015, 1011, 1016, 1011, 1014, 1014, 1011, 1012, 1017, 1018, 1019, 1016, 1018, 1020, 1016, 1020, 1015, 1015, 1020, 128, 1020, 1018, 1021,
            1022, 1021, 1018, 1021, 1022, 1023, 1023, 1022, 1024, 1022, 1018, 1017, 1022, 1017, 1024, 128, 1020, 1021, 126, 128, 1021, 203, 126, 1021,
            1024, 1025, 1023, 1026, 1027, 1024, 1027, 1025, 1024, 1025, 1021, 1023, 1021, 1025, 1028, 1028, 1025, 1027, 1028, 203, 1021, 178, 203, 1028,
            993, 134, 286, 993, 131, 134, 1029, 137, 140, 127, 138, 137, 136, 140, 137, 129, 140, 136, 139, 1029, 140, 129, 141, 140,
            138, 142, 144, 1012, 137, 1029, 1013, 1012, 1029, 989, 1013, 139, 1013, 1029, 139, 142, 126, 203, 203, 145, 142, 146, 144, 142,
            990, 129, 131, 141, 129, 990, 149, 143, 144, 1019, 1030, 1017, 1031, 1032, 1017, 1031, 1017, 1030, 1033, 1032, 1031, 1034, 1031, 1030,
            1033, 1031, 1034, 1019, 1016, 1014, 1019, 1014, 1035, 1036, 1014, 1037, 1037, 1014, 1013, 1037, 1038, 1035, 1038, 1037, 1013, 1035, 1014, 1036,
            1035, 1036, 1037, 1019, 1018, 1016, 1019, 1035, 1030, 1039, 1035, 168, 1040, 168, 1035, 26, 1040, 1038, 1038, 1040, 1035, 168, 1040, 26,
            1034, 1039, 190, 961, 956, 1032, 956, 1041, 1032, 1, 1041, 956, 1032, 1024, 1017, 1032, 1041, 1024, 1024, 1041, 1042, 1042, 1026, 1024,
            1026, 1042, 1043, 1, 0, 1044, 1, 1044, 1041, 1044, 171, 1041, 171, 1042, 1041, 1042, 170, 177, 171, 170, 1042, 961, 1032, 1033,
            955, 956, 961, 961, 1033, 192, 968, 1044, 0, 171, 1044, 174, 1027, 1045, 1028, 1026, 1043, 1045, 1045, 1027, 1026, 177, 1043, 1042,
            177, 1045, 1043, 1045, 177, 176, 176, 1028, 1045, 178, 1028, 176, 190, 189, 1034, 192, 1033, 1034, 192, 1034, 189, 190, 1039, 168,
            1046, 961, 192, 960, 961, 1046, 191, 1046, 192, 199, 1046, 191, 201, 1046, 199, 201, 960, 1046, 997, 1013, 989, 1038, 1013, 997,
            36, 1038, 997, 36, 26, 1038, 174, 1044, 968, 227, 174, 968, 968, 966, 4, 227, 968, 4, 212, 222, 218, 1003, 1001, 288,
            1001, 287, 288, 1001, 286, 287, 305, 288, 135, 305, 297, 288, 291, 1047, 290, 290, 1003, 288, 1047, 1005, 290, 1047, 291, 294,
            294, 1048, 1047, 290, 1005, 1003, 1048, 1005, 1047, 1005, 1048, 1007, 292, 289, 288, 297, 292, 288, 311, 314, 312, 294, 1049, 1050,
            1048, 294, 1050, 324, 1050, 1051, 293, 1049, 294, 322, 1050, 1049, 293, 322, 1049, 1050, 322, 18, 1051, 1050, 18, 1048, 1050, 1052,
            1007, 1048, 1052, 1052, 74, 1007, 324, 1052, 1050, 74, 1052, 324, 342, 74, 324, 18, 985, 1051, 1051, 985, 1053, 325, 1051, 1053,
            1053, 985, 987, 327, 1053, 1054, 325, 324, 1051, 325, 1053, 327, 327, 1054, 1055, 322, 321, 986, 331, 986, 323, 986, 321, 323,
            331, 333, 986, 333, 19, 986, 1053, 987, 1054, 338, 21, 19, 19, 333, 338, 372, 377, 373, 109, 343, 345, 110, 109, 399,
            973, 1056, 974, 963, 404, 416, 417, 973, 416, 1056, 973, 417, 1057, 1056, 417, 420, 1057, 417, 423, 1057, 420, 1056, 982, 974,
            983, 982, 1056, 422, 1056, 1057, 1056, 422, 983, 1058, 984, 983, 425, 1058, 983, 1059, 1058, 425, 425, 983, 422, 423, 422, 1057,
            1059, 425, 421, 420, 418, 419, 420, 1060, 423, 1060, 420, 419, 1061, 1060, 419, 427, 419, 412, 435, 419, 427, 435, 1061, 419,
            424, 423, 1060, 1061, 424, 1060, 1062, 424, 1061, 1063, 421, 424, 1064, 1063, 1062, 1062, 1063, 424, 1065, 1062, 1061, 440, 1065, 1061,
            1062, 1065, 1064, 1064, 1065, 1066, 1065, 442, 1066, 440, 1061, 435, 434, 440, 435, 1065, 439, 442, 440, 439, 1065, 500, 490, 1000,
            490, 489, 1000, 562, 547, 557, 566, 92, 91, 507, 506, 568, 568, 576, 507, 511, 507, 576, 538, 511, 576, 576, 579, 538,
            581, 616, 614, 538, 614, 539, 614, 538, 581, 623, 614, 616, 616, 619, 626, 626, 623, 616, 623, 545, 614, 552, 623, 626,
            624, 552, 626, 625, 624, 626, 625, 627, 624, 624, 808, 553, 553, 808, 556, 624, 631, 808, 631, 624, 627, 698, 697, 700,
            697, 701, 700, 557, 558, 708, 705, 708, 558, 708, 709, 703, 561, 562, 702, 718, 697, 717, 701, 697, 718, 750, 737, 751,
            750, 751, 765, 757, 762, 768, 867, 874, 868, 687, 878, 1067, 1067, 878, 879, 698, 879, 695, 877, 687, 1067, 877, 883, 881,
            889, 1067, 879, 889, 879, 698, 700, 889, 698, 893, 877, 1067, 888, 1067, 889, 888, 893, 1067, 889, 700, 890, 884, 883, 885,
            896, 883, 894, 894, 893, 892, 892, 909, 894, 896, 894, 909, 895, 896, 912, 909, 912, 896, 892, 893, 888, 462, 886, 898,
            895, 898, 886, 895, 912, 898, 912, 932, 898, 899, 471, 898, 932, 899, 898, 911, 932, 912, 933, 932, 934, 932, 911, 934,
            924, 934, 914, 1009, 64, 1008, 1039, 1030, 1035, 1034, 1030, 1039, 23, 1068, 1069, 1068, 1070, 1069, 1068, 1071, 1070, 1072, 1073, 1071,
            1074, 1075, 1072, 1074, 1076, 1075, 1074, 1077, 1076, 125, 123, 1078, 329, 1055, 1079, 329, 327, 1055, 1079, 1055, 1080, 1081, 1079, 1080,
            1081, 1080, 1082, 1080, 1083, 1082, 1083, 1084, 1085, 1084, 1086, 1085, 1082, 1083, 1085, 1087, 1085, 1086, 1079, 1088, 329, 1089, 328, 329,
            1090, 1089, 329, 1090, 329, 1088, 1090, 1088, 1081, 1089, 346, 328, 348, 346, 1089, 348, 1089, 1090, 348, 1090, 1091, 1092, 1090, 1081,
            1090, 1092, 1091, 1081, 1088, 1079, 1092, 1081, 1093, 1082, 1085, 1094, 1081, 1082, 1093, 1082, 1094, 1093, 1094, 1085, 1087, 1095, 1094, 1087,
            1096, 1094, 1095, 1097, 1095, 1087, 1092, 1093, 1098, 1093, 1094, 1096, 1098, 1093, 1096, 1098, 1096, 1099, 1099, 1096, 1095, 1100, 1099, 1095,
            1101, 1102, 1095, 1068, 1103, 1104, 376, 1103, 339, 1105, 1104, 1103, 1105, 376, 380, 1103, 376, 1105, 1105, 380, 1106, 1106, 1107, 1105,
            1105, 1107, 1104, 1108, 1086, 1109, 1108, 1087, 1086, 1077, 1104, 1107, 1106, 380, 381, 1110, 1106, 381, 1110, 1107, 1106, 1110, 1111, 1107,
            1111, 1077, 1107, 384, 1110, 381, 1110, 384, 1112, 384, 398, 1113, 1113, 1112, 384, 1111, 1110, 1114, 1114, 1110, 1112, 1115, 1114, 1112,
            1116, 1117, 1077, 1118, 1119, 1116, 1111, 1116, 1077, 1111, 1114, 1116, 1114, 1118, 1116, 383, 398, 384, 1120, 1108, 1121, 1087, 1108, 1120,
            1120, 1097, 1087, 1120, 1121, 1122, 1123, 1120, 1122, 1122, 1124, 1123, 1123, 1124, 1125, 1126, 1125, 1127, 1123, 1125, 1126, 1126, 1127, 1128,
            1127, 1129, 1128, 1120, 1130, 1097, 1095, 1097, 1101, 1130, 1101, 1097, 1120, 1123, 1130, 1123, 1131, 1130, 1102, 1101, 1132, 1101, 1130, 1132,
            1131, 1132, 1130, 1132, 1131, 1133, 1134, 1132, 1133, 1131, 1135, 1133, 1135, 1123, 1126, 1131, 1123, 1135, 1136, 1135, 1126, 1136, 1126, 1128,
            1135, 1136, 1137, 1138, 1136, 1128, 1138, 1137, 1136, 1091, 347, 348, 400, 347, 1091, 400, 1091, 1139, 1139, 1091, 1140, 1140, 1091, 1092,
            1140, 1092, 1141, 122, 400, 1142, 1142, 400, 1139, 1143, 1139, 1140, 1141, 1092, 1098, 1143, 1140, 1141, 1141, 1098, 1144, 1145, 1141, 1144,
            1145, 1143, 1141, 1146, 1145, 1144, 1099, 1147, 1098, 1144, 1098, 1147, 1148, 1144, 1147, 1146, 1144, 1148, 1142, 123, 122, 123, 1142, 1149,
            1143, 1142, 1139, 1142, 1143, 1149, 1149, 1143, 1150, 1150, 1143, 1151, 123, 1149, 1078, 1078, 1149, 1150, 1078, 1150, 1152, 1152, 1150, 1153,
            1151, 1143, 1145, 1154, 1151, 1145, 1154, 1145, 1146, 1154, 1146, 1155, 1155, 1156, 1154, 1153, 1150, 1157, 1153, 1157, 1158, 1157, 1150, 1151,
            1157, 1151, 1154, 1159, 1157, 1154, 1158, 1157, 1159, 1159, 1154, 1156, 1160, 1156, 1155, 1146, 1148, 1155, 1161, 1147, 1099, 1095, 1102, 1100,
            1161, 1099, 1100, 1100, 1102, 1162, 1148, 1147, 1161, 1148, 1161, 1163, 1163, 1161, 1100, 1164, 1100, 1162, 1165, 1163, 1100, 1165, 1100, 1164,
            1166, 1165, 1164, 1155, 1167, 1160, 1168, 1160, 1167, 1148, 1163, 1167, 1155, 1148, 1167, 1169, 1167, 1163, 1163, 1165, 1169, 1170, 1169, 1165,
            1165, 1171, 1170, 1165, 1166, 1171, 1168, 1167, 1172, 1170, 1167, 1169, 1172, 1167, 1170, 1170, 1173, 1172, 1166, 1164, 1174, 1175, 1166, 1176,
            1162, 1102, 1132, 1134, 1162, 1132, 1162, 1134, 1164, 1177, 1134, 1133, 1177, 1133, 1178, 1177, 1178, 1179, 1164, 1134, 1174, 1177, 1174, 1134,
            1174, 1177, 1180, 1180, 1177, 1181, 1137, 1133, 1135, 1137, 1178, 1133, 1182, 1178, 1137, 1179, 1178, 1182, 1182, 1137, 1183, 1184, 1182, 1183,
            1182, 1184, 1185, 1179, 1181, 1177, 1179, 1182, 1185, 1179, 1185, 1181, 1186, 1185, 1184, 1185, 1187, 1181, 1187, 1185, 1186, 1166, 1174, 1176,
            1176, 1174, 1180, 1188, 1180, 1189, 1190, 1188, 1189, 1191, 1175, 1176, 1181, 1189, 1180, 1189, 1181, 1187, 1192, 1190, 1193, 1194, 1189, 1187,
            1194, 1187, 1195, 1196, 1187, 1186, 1195, 1187, 1196, 1193, 1190, 1189, 1193, 1189, 1194, 1193, 1194, 1195, 1197, 1195, 1196, 1193, 1195, 1197,
            1078, 595, 125, 1078, 1198, 595, 1199, 595, 1198, 1199, 1198, 1200, 598, 595, 1199, 598, 609, 597, 609, 598, 1199, 609, 1199, 1201,
            1199, 1200, 1202, 1201, 1199, 1202, 1203, 612, 609, 1204, 609, 1201, 1203, 609, 1204, 1205, 1203, 1204, 1206, 1204, 1207, 1205, 1204, 1206,
            613, 612, 1208, 649, 613, 1208, 649, 1208, 1209, 1209, 1208, 1210, 1208, 612, 1203, 1208, 1203, 1205, 1210, 1208, 1205, 650, 649, 1209,
            650, 1209, 1211, 1211, 1209, 1212, 1213, 1209, 1210, 1212, 1209, 1213, 1214, 1205, 1206, 1215, 1214, 1206, 1210, 1205, 1214, 1210, 1214, 1216,
            1217, 1218, 1215, 1215, 1218, 1214, 1216, 1212, 1213, 1216, 1219, 1212, 1213, 1210, 1216, 1214, 1218, 1216, 1220, 1216, 1218, 1216, 1220, 1221,
            1219, 1216, 1221, 1220, 1218, 1222, 1223, 1221, 1220, 1222, 1223, 1220, 1224, 648, 1211, 659, 648, 1224, 1224, 1211, 1225, 1224, 662, 659,
            1224, 1225, 1226, 662, 1224, 1226, 1227, 1225, 1228, 1227, 1228, 1229, 1229, 1228, 1230, 648, 650, 1211, 1225, 1211, 1212, 1228, 1225, 1212,
            1228, 1212, 1219, 1219, 1231, 1228, 1232, 1221, 1223, 1233, 1219, 1221, 1233, 1221, 1232, 1230, 1228, 1231, 1231, 1219, 1233, 1234, 1231, 1233,
            1234, 1233, 1235, 1218, 1217, 1236, 1222, 1218, 1236, 1222, 1236, 1237, 1223, 1222, 1237, 1238, 1237, 1239, 1232, 1223, 1240, 1240, 1223, 1237,
            1240, 1237, 1238, 1238, 1239, 1241, 1242, 1240, 1238, 1242, 1238, 1241, 1235, 1232, 1240, 1235, 1233, 1232, 1240, 1242, 1235, 1234, 1235, 1243,
            1244, 1243, 1235, 1242, 1244, 1235, 1244, 1242, 1245, 1242, 1241, 1246, 1241, 1239, 1247, 1246, 1241, 1247, 1246, 1247, 1248, 1249, 1246, 1248,
            1242, 1246, 1250, 1245, 1242, 1250, 1250, 1246, 1249, 1198, 1078, 1152, 1152, 1251, 1200, 1200, 1198, 1152, 1200, 1252, 1202, 1252, 1200, 1251,
            1251, 1152, 1153, 1251, 1153, 1158, 1251, 1158, 1253, 1254, 1253, 1158, 1158, 1159, 1254, 1254, 1159, 1156, 1160, 1254, 1156, 1253, 1254, 1255,
            1255, 1254, 1160, 1256, 1251, 1253, 1257, 1256, 1253, 1257, 1253, 1255, 1255, 1258, 1257, 1201, 1202, 1204, 1204, 1202, 1252, 1252, 1251, 1256,
            1207, 1252, 1256, 1204, 1252, 1207, 1259, 1257, 1258, 1256, 1257, 1259, 1207, 1256, 1260, 1260, 1256, 1259, 1215, 1260, 1217, 1255, 1160, 1168,
            1261, 1255, 1168, 1261, 1168, 1262, 1258, 1255, 1261, 1258, 1261, 1263, 1261, 1262, 1264, 1265, 1261, 1264, 1168, 1172, 1262, 1262, 1172, 1173,
            1264, 1262, 1173, 1266, 1267, 1173, 1268, 1269, 1191, 1264, 1173, 1267, 1270, 1264, 1267, 1270, 1267, 1271, 1269, 1267, 1266, 1272, 1267, 1269,
            1272, 1271, 1267, 1273, 1269, 1268, 1272, 1269, 1273, 1263, 1259, 1258, 1274, 1259, 1263, 1263, 1261, 1265, 1274, 1263, 1275, 1275, 1263, 1265,
            1275, 1265, 1276, 1276, 1265, 1277, 1260, 1259, 1274, 1260, 1274, 1278, 1217, 1260, 1236, 1236, 1260, 1278, 1236, 1278, 1279, 1280, 1281, 1279,
            1278, 1274, 1275, 1278, 1275, 1279, 1279, 1275, 1276, 1265, 1264, 1270, 1277, 1265, 1270, 1282, 1277, 1270, 1282, 1276, 1277, 1282, 1270, 1283,
            1279, 1276, 1280, 1280, 1276, 1282, 1284, 1285, 1282, 1282, 1283, 1284, 1286, 1282, 1285, 1271, 1272, 1287, 1273, 1287, 1272, 1284, 1287, 1273,
            1270, 1271, 1283, 1283, 1271, 1287, 1283, 1287, 1284, 1268, 1191, 1288, 1281, 1236, 1279, 1281, 1237, 1236, 1281, 1239, 1237, 1281, 1280, 1289,
            1239, 1281, 1289, 1280, 1282, 1286, 1290, 1280, 1286, 1289, 1280, 1290, 1290, 1286, 1285, 1291, 1290, 1285, 1292, 1289, 1290, 1247, 1239, 1289,
            1247, 1289, 1292, 1292, 1293, 1247, 1293, 1292, 1291, 1292, 1290, 1291, 1247, 1293, 1248, 1248, 1293, 1294, 1295, 1294, 1293, 1295, 1296, 1294,
            1295, 1293, 1291, 1249, 1248, 1294, 1249, 1294, 1296, 1273, 1268, 1297, 1298, 1284, 1273, 1299, 1273, 1297, 1299, 1298, 1273, 1299, 1297, 1300,
            1301, 1299, 1300, 1298, 1302, 1284, 1285, 1284, 1302, 1302, 1298, 1303, 1304, 1302, 1303, 1298, 1299, 1303, 1301, 1303, 1299, 1303, 1301, 1305,
            1305, 1301, 1306, 1268, 1288, 1307, 1307, 1308, 1309, 1192, 1308, 1307, 1310, 1192, 1311, 1192, 1310, 1308, 1297, 1268, 1300, 1300, 1268, 1309,
            1300, 1309, 1312, 1310, 1309, 1308, 1310, 1312, 1309, 1192, 1193, 1311, 1313, 1311, 1193, 1314, 1311, 1313, 1193, 1197, 1313, 1313, 1197, 1315,
            1315, 1197, 1316, 1314, 1313, 1315, 1317, 1315, 1316, 1318, 1310, 1311, 1312, 1310, 1318, 1318, 1311, 1314, 1318, 1314, 1319, 1315, 1317, 1314,
            1319, 1314, 1317, 1317, 1320, 1319, 1300, 1312, 1321, 1321, 1301, 1300, 1321, 1312, 1322, 1301, 1321, 1306, 1306, 1321, 1323, 1324, 1306, 1323,
            1321, 1322, 1323, 1323, 1322, 1325, 1322, 1326, 1325, 1322, 1312, 1318, 1319, 1327, 1318, 1326, 1322, 1318, 1326, 1318, 1327, 1327, 1319, 1328,
            1329, 1326, 1327, 1326, 1330, 1325, 1326, 1329, 1330, 1329, 1327, 1328, 1291, 1285, 1331, 1331, 1332, 1291, 1333, 1291, 1332, 1331, 1285, 1302,
            1331, 1302, 1304, 1332, 1331, 1304, 1304, 1305, 1334, 1305, 1304, 1303, 1324, 1334, 1305, 1335, 1332, 1304, 1335, 1304, 1334, 1335, 1334, 1336,
            1333, 1332, 1335, 1336, 1334, 1324, 1337, 1336, 1324, 1337, 1324, 1338, 1291, 1333, 1295, 1333, 1339, 1295, 1296, 1295, 1340, 1340, 1295, 1339,
            1339, 1335, 1341, 1342, 1249, 1296, 1343, 1249, 1342, 1342, 1296, 1340, 1341, 1340, 1339, 1340, 1341, 1344, 1339, 1333, 1335, 1345, 1341, 1335,
            1335, 1336, 1345, 1345, 1336, 1346, 1336, 1337, 1347, 1346, 1336, 1347, 1348, 1341, 1345, 1348, 1345, 1349, 1349, 1345, 1350, 1351, 1349, 1350,
            1346, 1350, 1345, 1346, 1347, 1352, 1350, 1346, 1352, 1350, 1352, 1353, 1324, 1305, 1306, 1338, 1323, 1354, 1355, 1337, 1338, 1354, 1355, 1338,
            1356, 1354, 1357, 1354, 1356, 1355, 1357, 1358, 1359, 1347, 1337, 1355, 1355, 1360, 1347, 1360, 1355, 1356, 1361, 1360, 1356, 1361, 1356, 1357,
            1362, 1360, 1361, 1360, 1352, 1347, 1352, 1360, 1363, 1353, 1352, 1364, 1364, 1352, 1363, 1363, 1360, 1362, 1365, 1363, 1362, 1362, 1366, 1365,
            1357, 1359, 1361, 1367, 1359, 1368, 1369, 1359, 1367, 1361, 1370, 1362, 1366, 1362, 1370, 1370, 1359, 1369, 1369, 1367, 1371, 1369, 1372, 1370,
            1372, 1369, 1373, 806, 1374, 807, 806, 1375, 1374, 817, 662, 1226, 1376, 817, 1226, 1376, 1226, 1227, 1226, 1225, 1227, 1377, 1376, 1227,
            1377, 1227, 1229, 819, 817, 1376, 819, 1376, 1378, 1379, 819, 1378, 1378, 1376, 1380, 1380, 1376, 1377, 1381, 1380, 1377, 1382, 1230, 1231,
            1377, 1229, 1383, 1383, 1229, 1382, 1229, 1230, 1382, 1231, 1384, 1382, 1384, 1231, 1234, 1385, 1382, 1384, 1381, 1377, 1383, 1383, 1382, 1385,
            1386, 1381, 1383, 1383, 1385, 1387, 1385, 1384, 1388, 1387, 1385, 1388, 1386, 1383, 1387, 820, 819, 1379, 805, 820, 1379, 1389, 1379, 1378,
            1390, 1378, 1380, 1391, 1389, 1390, 1389, 1378, 1390, 1379, 806, 805, 806, 1379, 1389, 806, 1389, 1391, 806, 1391, 1375, 1391, 1390, 1392,
            1391, 1392, 1393, 1394, 1391, 1393, 1395, 1390, 1381, 1386, 1395, 1381, 1395, 1386, 1396, 1397, 1396, 1386, 1390, 1380, 1381, 1398, 1386, 1387,
            1397, 1386, 1398, 1398, 1399, 1397, 1392, 1390, 1395, 1395, 1396, 1392, 1400, 1392, 1396, 1392, 1400, 1393, 1400, 1396, 1397, 1401, 1397, 1399,
            1402, 1400, 1401, 1401, 1400, 1397, 1388, 1384, 1403, 1388, 1403, 1404, 1405, 1388, 1404, 1387, 1388, 1406, 1388, 1405, 1406, 1407, 1405, 1404,
            1384, 1234, 1243, 1384, 1243, 1403, 1403, 1243, 1404, 1404, 1243, 1244, 1407, 1404, 1244, 1407, 1244, 1245, 1408, 1245, 1250, 1407, 1245, 1408,
            1408, 1250, 1409, 1409, 1250, 1249, 1343, 1409, 1249, 1410, 1409, 1343, 1411, 1407, 1408, 1411, 1408, 1410, 1411, 1410, 1412, 1410, 1408, 1409,
            1410, 1343, 1413, 1398, 1387, 1406, 1414, 1405, 1407, 1414, 1411, 1415, 1414, 1407, 1411, 1415, 1411, 1412, 1415, 1412, 1416, 1417, 1415, 1416,
            1418, 1417, 1416, 1419, 1420, 1418, 807, 1374, 862, 1394, 1421, 1375, 1374, 1375, 1421, 1421, 1422, 1374, 1423, 1421, 1394, 865, 862, 1422,
            862, 1374, 1422, 1424, 865, 1422, 1425, 1424, 1422, 1425, 1422, 1421, 1426, 1425, 1421, 1426, 1421, 1423, 1427, 1426, 1423, 1426, 1427, 1428,
            1427, 1429, 1428, 872, 865, 1424, 1424, 1430, 872, 1424, 1425, 1430, 1426, 1430, 1425, 1430, 1426, 1431, 1432, 875, 872, 1432, 872, 1430,
            1430, 1433, 1432, 1434, 1432, 1433, 1434, 1433, 1435, 1431, 1426, 1428, 1430, 1431, 1433, 1433, 1431, 1436, 1436, 1431, 1437, 1431, 1428, 1437,
            1437, 1428, 1429, 1437, 1429, 1438, 1437, 1439, 1436, 1435, 1433, 1436, 1435, 1436, 1439, 1440, 1435, 1439, 1439, 1437, 1441, 1438, 1429, 1442,
            1438, 1442, 1443, 1443, 1442, 1444, 1441, 1437, 1438, 1443, 1441, 1438, 1441, 1445, 1439, 1445, 1441, 1446, 1441, 1447, 1446, 1394, 1375, 1391,
            1393, 1400, 1402, 1394, 1393, 1423, 1393, 1402, 1427, 1423, 1393, 1427, 1427, 1402, 1448, 1427, 1448, 1429, 1429, 1448, 1442, 1401, 1448, 1402,
            1442, 1448, 1449, 1450, 1420, 1451, 1342, 1452, 1343, 1413, 1343, 1452, 1413, 1412, 1410, 1412, 1413, 1453, 1454, 1452, 1455, 1454, 1413, 1452,
            1454, 1453, 1413, 1456, 1416, 1412, 1456, 1412, 1453, 1457, 1456, 1453, 1453, 1454, 1458, 1457, 1453, 1458, 1418, 1416, 1456, 1459, 1456, 1457,
            1459, 1419, 1418, 1459, 1418, 1456, 1459, 1460, 1461, 1462, 1458, 1463, 1464, 1460, 1462, 1464, 1462, 1465, 1463, 1465, 1462, 1419, 1451, 1420,
            1451, 1419, 1461, 1466, 1451, 1461, 1467, 1468, 1466, 1459, 1461, 1419, 1466, 1461, 1469, 1469, 1461, 1460, 1469, 1460, 1464, 1467, 1466, 1469,
            1470, 1469, 1471, 1470, 1467, 1469, 1472, 1470, 1471, 1470, 1472, 1467, 1473, 1467, 1472, 1464, 1465, 1474, 1474, 1475, 1471, 1472, 1471, 1475,
            1472, 1475, 1476, 1476, 1475, 1477, 1476, 1477, 1478, 1479, 1477, 1474, 1480, 1467, 1473, 1481, 1480, 1473, 1482, 1483, 1481, 1481, 1473, 1484,
            1485, 1482, 1481, 1484, 1473, 1472, 1476, 1484, 1472, 1478, 1477, 1486, 1487, 1486, 1488, 1489, 1478, 1487, 1490, 1491, 1489, 1487, 1492, 1489,
            1493, 1492, 1487, 1342, 1340, 1344, 1452, 1342, 1455, 1342, 1344, 1455, 1348, 1344, 1341, 1455, 1344, 1348, 1455, 1348, 1494, 1494, 1495, 1455,
            1454, 1455, 1495, 1494, 1348, 1496, 1494, 1497, 1495, 1498, 1494, 1496, 1496, 1348, 1349, 1496, 1349, 1351, 1351, 1350, 1353, 1499, 1351, 1353,
            1500, 1353, 1364, 1353, 1500, 1499, 1499, 1500, 1501, 1496, 1351, 1498, 1351, 1499, 1502, 1498, 1351, 1502, 1501, 1502, 1499, 1503, 1501, 1500,
            1501, 1503, 1502, 1458, 1454, 1495, 1497, 1458, 1495, 1504, 1497, 1505, 1463, 1458, 1497, 1463, 1497, 1504, 1497, 1494, 1505, 1505, 1494, 1498,
            1504, 1505, 1506, 1506, 1505, 1507, 1507, 1505, 1508, 1463, 1504, 1465, 1509, 1465, 1504, 1506, 1509, 1504, 1509, 1506, 1510, 1511, 1506, 1507,
            1511, 1507, 1512, 1513, 1506, 1511, 1510, 1506, 1513, 1505, 1498, 1508, 1508, 1498, 1502, 1502, 1507, 1508, 1514, 1507, 1502, 1515, 1511, 1512,
            1514, 1502, 1503, 1514, 1503, 1516, 1517, 1514, 1516, 1512, 1507, 1514, 1518, 1512, 1519, 1519, 1514, 1517, 1520, 1519, 1517, 1520, 1521, 1519,
            1522, 1364, 1363, 1500, 1364, 1522, 1522, 1363, 1365, 1522, 1503, 1500, 1522, 1365, 1523, 1523, 1365, 1366, 1503, 1522, 1524, 1524, 1522, 1525,
            1503, 1524, 1516, 1525, 1526, 1524, 1525, 1522, 1523, 1526, 1525, 1527, 1523, 1527, 1525, 1366, 1370, 1372, 1528, 1523, 1366, 1366, 1372, 1528,
            1529, 1372, 1373, 1523, 1528, 1527, 1528, 1372, 1529, 1528, 1530, 1527, 1528, 1531, 1530, 1529, 1531, 1528, 1531, 1529, 1532, 1526, 1516, 1524,
            1517, 1516, 1526, 1533, 1517, 1526, 1526, 1527, 1534, 1533, 1526, 1534, 1530, 1535, 1534, 1533, 1520, 1517, 1536, 1520, 1533, 1536, 1533, 1537,
            1538, 1536, 1537, 1537, 1533, 1534, 1535, 1537, 1534, 1534, 1527, 1530, 1539, 1530, 1531, 1539, 1535, 1530, 1539, 1540, 1535, 1541, 1539, 1531,
            1541, 1531, 1532, 1542, 1535, 1540, 1540, 1539, 1541, 1543, 1542, 1540, 1541, 1543, 1540, 1544, 1541, 1545, 1543, 1541, 1544, 1474, 1465, 1509,
            1479, 1474, 1509, 1479, 1509, 1510, 1546, 1479, 1510, 1546, 1510, 1547, 1510, 1513, 1547, 1479, 1546, 1477, 1477, 1546, 1486, 1546, 1547, 1548,
            1486, 1546, 1548, 1513, 1511, 1515, 1547, 1513, 1515, 1486, 1548, 1549, 1488, 1486, 1549, 1548, 1547, 1549, 1547, 1515, 1550, 1551, 1550, 1515,
            1549, 1547, 1550, 1550, 1551, 1552, 1515, 1512, 1518, 1518, 1519, 1521, 1553, 1521, 1520, 1518, 1521, 1554, 1554, 1551, 1518, 1551, 1554, 1552,
            1555, 1552, 1554, 1555, 1554, 1521, 1556, 1555, 1553, 1549, 1550, 1557, 1488, 1549, 1557, 1558, 1557, 1550, 1558, 1550, 1552, 1559, 1488, 1557,
            1560, 1557, 1558, 1561, 1562, 1563, 1564, 1552, 1555, 1562, 1558, 1552, 1552, 1565, 1562, 1564, 1565, 1552, 1556, 1564, 1555, 1566, 1564, 1556,
            1566, 1565, 1564, 1566, 1556, 1567, 1563, 1565, 1568, 1520, 1536, 1553, 1553, 1536, 1538, 1538, 1569, 1553, 1569, 1538, 1570, 1538, 1537, 1571,
            1572, 1538, 1571, 1556, 1569, 1567, 1573, 1570, 1574, 1572, 1542, 1575, 1575, 1542, 1576, 1576, 1542, 1543, 1576, 1543, 1577, 1578, 1579, 1576,
            1578, 1576, 1580, 1581, 1567, 1573, 1581, 1566, 1567, 1582, 1581, 1573, 1566, 1581, 1583, 1579, 1578, 1584, 1584, 1585, 1586, 1587, 1585, 1578,
            1580, 1587, 1578, 1588, 1589, 1585, 1585, 1587, 1588, 1587, 1580, 1590, 1587, 1591, 1588, 1591, 1587, 1590, 1069, 988, 22, 1069, 22, 23,
            988, 1069, 1592, 1593, 1069, 1070, 1592, 1069, 1593, 1109, 1593, 1594, 23, 21, 1068, 1593, 1070, 1594, 1073, 1070, 1071, 1594, 1070, 1073,
            1073, 1072, 1075, 1074, 1072, 1104, 1074, 1104, 1077, 1594, 1073, 1595, 1595, 1075, 1596, 1073, 1075, 1595, 1595, 1596, 1597, 1597, 1596, 1598,
            1599, 1596, 1075, 1075, 1076, 1599, 1077, 1117, 1076, 1598, 1596, 1599, 1598, 1599, 1600, 1599, 1076, 1601, 1601, 1600, 1599, 1117, 1601, 1076,
            1600, 1601, 1602, 1598, 1600, 1603, 1604, 1600, 1602, 1603, 1600, 1604, 1605, 1603, 1604, 988, 1054, 987, 988, 1606, 1054, 1592, 1606, 988,
            1055, 1054, 1606, 1606, 1080, 1055, 1080, 1606, 1083, 1084, 1606, 1592, 1593, 1084, 1592, 1084, 1593, 1109, 1084, 1083, 1606, 1086, 1084, 1109,
            339, 1068, 21, 1103, 1068, 339, 1104, 1071, 1068, 1071, 1104, 1072, 1109, 1594, 1595, 1108, 1109, 1595, 1108, 1595, 1597, 1121, 1108, 1597,
            1117, 1116, 1119, 1117, 1119, 1607, 1121, 1597, 1122, 1597, 1124, 1122, 1603, 1597, 1598, 1124, 1597, 1603, 1124, 1603, 1125, 1125, 1603, 1605,
            1127, 1125, 1605, 1605, 1608, 1127, 1171, 1166, 1175, 1173, 1170, 1171, 1171, 1266, 1173, 1266, 1171, 1175, 1609, 1266, 1175, 1609, 1175, 1191,
            1188, 1176, 1180, 1191, 1176, 1188, 1288, 1191, 1188, 1288, 1188, 1190, 1307, 1288, 1190, 1192, 1307, 1190, 1260, 1206, 1207, 1215, 1206, 1260,
            1609, 1269, 1266, 1269, 1609, 1191, 1307, 1309, 1268, 1610, 1330, 1329, 1338, 1324, 1323, 1323, 1325, 1330, 1354, 1323, 1330, 1357, 1354, 1330,
            1357, 1330, 1610, 1357, 1610, 1358, 1611, 1610, 1329, 1612, 1610, 1611, 1610, 1612, 1358, 1611, 1613, 1612, 1359, 1358, 1612, 1359, 1612, 1368,
            1370, 1361, 1359, 1614, 1399, 1398, 1406, 1615, 1398, 1614, 1398, 1615, 1615, 1406, 1405, 1616, 1615, 1405, 1616, 1405, 1414, 1401, 1399, 1614,
            1617, 1401, 1614, 1617, 1614, 1618, 1618, 1614, 1615, 1618, 1615, 1616, 1414, 1415, 1417, 1616, 1414, 1417, 1619, 1616, 1417, 1620, 1618, 1616,
            1620, 1616, 1619, 1619, 1417, 1418, 1420, 1619, 1418, 1441, 1443, 1447, 1447, 1443, 1621, 1622, 1447, 1621, 1447, 1622, 1446, 1621, 1623, 1622,
            1622, 1623, 1624, 1625, 1622, 1624, 1625, 1624, 1626, 1401, 1449, 1448, 1449, 1401, 1617, 1618, 1627, 1617, 1449, 1617, 1627, 1627, 1444, 1449,
            1442, 1449, 1444, 1628, 1629, 1444, 1444, 1627, 1628, 1628, 1627, 1630, 1627, 1618, 1620, 1619, 1630, 1620, 1627, 1620, 1630, 1630, 1619, 1420,
            1420, 1450, 1630, 1628, 1630, 1450, 1631, 1450, 1451, 1451, 1468, 1632, 1632, 1631, 1451, 1444, 1621, 1443, 1621, 1444, 1629, 1621, 1629, 1623,
            1623, 1629, 1633, 1633, 1629, 1631, 1632, 1634, 1631, 1631, 1634, 1633, 1624, 1623, 1633, 1624, 1633, 1634, 1634, 1626, 1624, 1626, 1634, 1635,
            1459, 1457, 1460, 1460, 1457, 1462, 1462, 1457, 1458, 1468, 1451, 1466, 1464, 1471, 1469, 1464, 1474, 1471, 1477, 1475, 1474, 1632, 1635, 1634,
            1635, 1632, 1636, 1632, 1468, 1636, 1636, 1468, 1480, 1467, 1480, 1468, 1636, 1480, 1483, 1483, 1635, 1636, 1637, 1635, 1483, 1638, 1635, 1637,
            1637, 1483, 1482, 1480, 1481, 1483, 1484, 1491, 1481, 1491, 1485, 1481, 1484, 1476, 1489, 1476, 1478, 1489, 1478, 1486, 1487, 1491, 1484, 1489,
            1490, 1489, 1492, 1488, 1559, 1487, 1493, 1487, 1559, 1639, 1493, 1559, 1639, 1559, 1640, 1514, 1519, 1512, 1537, 1535, 1571, 1535, 1542, 1571,
            1551, 1515, 1518, 1555, 1521, 1553, 1557, 1560, 1559, 1640, 1559, 1560, 1640, 1560, 1641, 1561, 1560, 1558, 1561, 1558, 1562, 1560, 1561, 1641,
            1563, 1642, 1561, 1562, 1565, 1563, 1566, 1583, 1565, 1568, 1565, 1583, 1572, 1570, 1538, 1572, 1574, 1570, 1569, 1556, 1553, 1570, 1567, 1569,
            1567, 1570, 1573, 1573, 1574, 1584, 1572, 1571, 1542, 1572, 1575, 1574, 1579, 1574, 1575, 1575, 1576, 1579, 1579, 1584, 1574, 1573, 1584, 1586,
            1573, 1586, 1582, 1586, 1589, 1582, 1589, 1586, 1585, 1582, 1643, 1581, 1583, 1581, 1643, 1583, 1643, 1644, 1589, 1643, 1582, 1578, 1585, 1584,
            1588, 1645, 1589, 1631, 1629, 1628, 1450, 1631, 1628, 16, 1646, 1647, 1646, 16, 1648, 1648, 1649, 1646, 1649, 1648, 1650, 16, 13, 1648,
            15, 1648, 13, 1651, 1648, 15, 1651, 1650, 1648, 1652, 1649, 1650, 1652, 1650, 1653, 1651, 1654, 1650, 1655, 1654, 1651, 1651, 1656, 1655,
            1653, 1650, 1654, 1655, 1653, 1654, 1653, 1657, 1658, 1659, 1656, 1660, 1655, 1657, 1653, 1655, 1656, 1657, 1656, 1659, 1657, 1661, 1659, 1660,
            1662, 1657, 1659, 1661, 1662, 1659, 244, 16, 1647, 244, 1647, 245, 1647, 1646, 1649, 1663, 1647, 1649, 1663, 245, 1647, 255, 246, 245,
            1664, 255, 245, 1664, 245, 1663, 1665, 255, 1664, 1658, 1663, 1649, 1649, 1652, 1658, 1653, 1658, 1652, 1663, 1666, 1664, 1663, 1658, 1666,
            1664, 1667, 1665, 1667, 1668, 1665, 1664, 1666, 1667, 1666, 1658, 1669, 1669, 1667, 1666, 247, 255, 251, 1665, 1670, 255, 1670, 251, 255,
            1671, 253, 251, 251, 1670, 1671, 1672, 253, 1671, 1671, 1670, 1665, 1673, 1674, 1671, 1674, 1672, 1671, 1675, 1676, 1674, 1668, 1671, 1665,
            1673, 1671, 1668, 1668, 1677, 1673, 1674, 1673, 1675, 1657, 1662, 1658, 1669, 1658, 1662, 1668, 1667, 1678, 1677, 1668, 1678, 1679, 1677, 1678,
            1667, 1669, 1678, 1678, 1669, 1680, 1678, 1680, 1681, 1682, 1678, 1681, 1682, 1679, 1678, 1683, 1682, 1681, 1684, 1682, 1683, 1677, 1675, 1673,
            1679, 1675, 1677, 1685, 1675, 1679, 1679, 1686, 1685, 1675, 1687, 1676, 1675, 1685, 1687, 1679, 1682, 1686, 1686, 1682, 1684, 1688, 1686, 1684,
            1686, 1688, 1689, 1687, 1689, 1690, 1685, 1686, 1687, 1689, 1687, 1686, 1691, 280, 1692, 284, 280, 1691, 284, 1691, 285, 1693, 285, 1691,
            1694, 285, 1693, 1693, 1691, 1695, 1694, 1693, 1696, 1697, 1696, 1693, 1698, 1696, 1697, 1698, 1697, 1699, 1700, 1699, 1697, 1701, 254, 253,
            1701, 253, 1672, 1692, 1701, 1672, 280, 254, 1701, 280, 1701, 1692, 1702, 1692, 1672, 1672, 1674, 1702, 1702, 1674, 1676, 1703, 1702, 1676,
            1702, 1691, 1692, 1695, 1691, 1702, 1695, 1697, 1693, 1704, 1703, 1676, 1695, 1702, 1703, 1703, 1704, 1705, 1705, 1695, 1703, 1705, 1704, 1706,
            1706, 1707, 1705, 1676, 1687, 1704, 1708, 1704, 1687, 1690, 1708, 1687, 1704, 1708, 1706, 1697, 1695, 1700, 1695, 1705, 1700, 1707, 1700, 1705,
            1700, 1709, 1699, 1709, 1700, 1707, 1710, 1684, 1683, 1684, 1710, 1711, 1712, 1688, 1684, 1688, 1712, 1713, 1688, 1714, 1690, 1713, 1714, 1688,
            1689, 1688, 1690, 1715, 1714, 1716, 1717, 1707, 1706, 1690, 1718, 1708, 1690, 1714, 1718, 1708, 1718, 1706, 1706, 1718, 1717, 1715, 1718, 1714,
            1715, 1719, 1718, 1716, 1720, 1715, 1719, 1715, 1720, 1717, 1718, 1721, 1721, 1718, 1719, 1717, 1722, 1707, 1722, 1709, 1707, 1723, 1709, 1722,
            1723, 1724, 1709, 1717, 1725, 1722, 1725, 1726, 1722, 1726, 1723, 1722, 1721, 1725, 1717, 1721, 1727, 1725, 1719, 1720, 1728, 1719, 1728, 1721,
            1721, 1728, 1727, 1729, 1727, 1728, 1729, 1728, 1730, 1731, 1729, 1730, 1732, 1733, 1726, 1732, 1725, 1727, 1725, 1732, 1726, 1729, 1732, 1727,
            1734, 1732, 1729, 1734, 1729, 1731, 1732, 1735, 1733, 1734, 1735, 1732, 1736, 370, 371, 1737, 394, 368, 1737, 368, 370, 1736, 1737, 370,
            1737, 1736, 1738, 395, 394, 1739, 1738, 1739, 394, 1737, 1738, 394, 1738, 1736, 1740, 1738, 1740, 1741, 1742, 1739, 1738, 1738, 1741, 1742,
            395, 1739, 397, 1739, 1743, 397, 397, 1743, 398, 1744, 398, 1743, 1744, 1745, 398, 1743, 1746, 1744, 1746, 1747, 1744, 1739, 1742, 1743,
            1743, 1742, 1746, 1742, 1748, 1746, 1741, 1749, 1750, 1751, 1752, 1747, 1748, 1742, 1750, 1750, 1742, 1741, 1753, 1748, 1750, 1748, 1747, 1746,
            1748, 1751, 1747, 1753, 1751, 1748, 1750, 1749, 1753, 1754, 1753, 1749, 1751, 1753, 1755, 1756, 1755, 1753, 1756, 1753, 1754, 1756, 1754, 1757,
            1756, 1757, 1758, 1759, 1756, 1758, 402, 283, 1694, 1760, 403, 1694, 1694, 403, 402, 1761, 403, 1760, 283, 285, 1694, 1694, 1696, 1760,
            1698, 1761, 1760, 1760, 1696, 1698, 403, 371, 369, 1762, 371, 403, 371, 1762, 1736, 403, 1761, 1762, 1762, 1761, 1763, 1762, 1763, 1764,
            1762, 1764, 1736, 1740, 1736, 1764, 1765, 1740, 1764, 1764, 1766, 1765, 1767, 1698, 1699, 1767, 1761, 1698, 1767, 1763, 1761, 1699, 1768, 1767,
            1699, 1709, 1768, 1769, 1767, 1768, 1767, 1769, 1763, 1769, 1768, 1770, 1764, 1763, 1766, 1766, 1771, 1765, 1763, 1769, 1766, 1766, 1772, 1771,
            1772, 1773, 1771, 1766, 1769, 1772, 1769, 1770, 1772, 1741, 1740, 1765, 1765, 1749, 1741, 1765, 1771, 1749, 1773, 1749, 1771, 1773, 1774, 1749,
            1774, 1754, 1749, 1724, 1775, 1768, 1770, 1768, 1775, 1775, 1776, 1777, 1770, 1775, 1777, 1778, 1772, 1770, 1779, 1778, 1770, 1773, 1772, 1778,
            1778, 1780, 1773, 1779, 1770, 1777, 1779, 1777, 1781, 1779, 1780, 1778, 1780, 1782, 1783, 1779, 1781, 1780, 1781, 1782, 1780, 1781, 1784, 1782,
            1784, 1785, 1782, 1785, 1784, 1786, 1709, 1724, 1768, 1724, 1723, 1776, 1776, 1775, 1724, 1723, 1726, 1776, 1787, 1777, 1776, 1787, 1776, 1726,
            1726, 1733, 1787, 1777, 1787, 1788, 1781, 1777, 1788, 1787, 1733, 1789, 1787, 1789, 1788, 1790, 1788, 1791, 1789, 1791, 1788, 1733, 1735, 1789,
            1781, 1788, 1790, 1784, 1781, 1790, 1792, 1784, 1790, 1774, 1773, 1783, 1793, 1757, 1774, 1794, 1774, 1783, 1783, 1795, 1794, 1793, 1774, 1794,
            1793, 1794, 1796, 1780, 1783, 1773, 1783, 1782, 1795, 1757, 1754, 1774, 1758, 1757, 1793, 1793, 1796, 1758, 1758, 1797, 1798, 1759, 1758, 1798,
            1794, 1795, 1799, 1796, 1794, 1799, 1800, 1799, 1801, 1785, 1795, 1782, 1802, 1795, 1785, 1802, 1799, 1795, 1786, 1802, 1785, 1801, 1799, 1802,
            1802, 1786, 1801, 1758, 1796, 1797, 1796, 1799, 1800, 1797, 1796, 1800, 1797, 1803, 1798, 1797, 1800, 1804, 1805, 1804, 1800, 1797, 1804, 1803,
            1806, 1803, 1804, 1804, 1807, 1806, 1805, 1800, 1801, 1735, 1734, 1731, 1808, 1809, 1731, 1809, 1735, 1731, 1810, 1735, 1809, 1810, 1809, 1811,
            1812, 1810, 1811, 1786, 1784, 1792, 1813, 1791, 1789, 1791, 1813, 1790, 1790, 1813, 1814, 1813, 1815, 1814, 1789, 1735, 1810, 1789, 1810, 1813,
            1812, 1813, 1810, 1813, 1812, 1815, 1812, 1816, 1815, 1814, 1792, 1790, 1792, 1814, 1817, 1817, 1786, 1792, 1786, 1817, 1818, 1819, 1817, 1814,
            1819, 1818, 1817, 1812, 1820, 1816, 1820, 1812, 1811, 1821, 1814, 1815, 1822, 1815, 1816, 1822, 1821, 1815, 1816, 1820, 1823, 1824, 1816, 1823,
            1824, 1822, 1816, 1821, 1825, 1814, 1814, 1825, 1819, 1826, 1818, 1819, 1819, 1825, 1826, 1825, 1827, 1826, 1828, 1827, 1825, 1821, 1829, 1825,
            1821, 1822, 1829, 1825, 1829, 1828, 1830, 1801, 1786, 1830, 1786, 1818, 1831, 1801, 1830, 1831, 1830, 1832, 1830, 1818, 1832, 1833, 1834, 1831,
            1831, 1832, 1833, 1804, 1805, 1807, 1806, 1807, 1835, 1807, 1834, 1836, 1836, 1835, 1807, 1836, 1837, 1838, 1839, 1836, 1838, 1801, 1831, 1805,
            1834, 1805, 1831, 1807, 1805, 1834, 1840, 1834, 1833, 1837, 1834, 1840, 1836, 1834, 1837, 1832, 1841, 1842, 1833, 1842, 1840, 1833, 1832, 1842,
            1843, 1842, 1841, 1842, 1843, 1844, 1844, 1843, 1845, 1839, 1838, 1846, 1846, 1838, 1847, 1848, 1837, 1840, 1849, 1847, 1848, 1840, 1842, 1848,
            1849, 1848, 1842, 1848, 1838, 1837, 1838, 1848, 1847, 1846, 1847, 1850, 1849, 1851, 1852, 1844, 1849, 1842, 1844, 1851, 1849, 1853, 1852, 1851,
            1852, 1847, 1849, 1847, 1852, 1850, 1850, 1852, 1854, 1854, 1852, 1855, 1826, 1832, 1818, 1832, 1826, 1841, 1856, 1841, 1826, 1826, 1827, 1856,
            1857, 1843, 1856, 1843, 1857, 1845, 1827, 1857, 1856, 1841, 1856, 1843, 1858, 1824, 1823, 1858, 1859, 1824, 1859, 1860, 1824, 1822, 1824, 1861,
            1861, 1824, 1860, 1862, 1863, 1861, 1860, 1864, 1861, 1861, 1864, 1862, 1862, 1864, 1865, 1827, 1866, 1867, 1867, 1866, 1868, 1861, 1829, 1822,
            1863, 1829, 1861, 1869, 1863, 1862, 1866, 1863, 1869, 1870, 1869, 1862, 1862, 1865, 1870, 1868, 1866, 1869, 1871, 1868, 1869, 1868, 1871, 1872,
            1871, 1873, 1872, 1869, 1870, 1871, 1874, 1875, 1876, 1877, 1875, 1874, 1878, 1875, 1877, 1877, 1879, 1878, 1878, 1879, 1880, 1881, 1880, 1879,
            1882, 1883, 1884, 1885, 1870, 1865, 1871, 1870, 1885, 1885, 1873, 1871, 1873, 1884, 1872, 1885, 1886, 1884, 1886, 1885, 1878, 1886, 1878, 1880,
            1886, 1880, 1887, 1881, 1887, 1880, 1888, 1886, 1887, 1886, 1888, 1889, 1884, 1886, 1882, 1882, 1886, 1889, 1890, 1882, 1889, 1891, 1851, 1844,
            1891, 1853, 1851, 1853, 1891, 1892, 1855, 1893, 1854, 1894, 1892, 1895, 1896, 1855, 1894, 1855, 1852, 1853, 1892, 1855, 1853, 1894, 1855, 1892,
            1897, 1895, 1892, 1898, 1895, 1897, 1899, 1900, 1895, 1895, 1900, 1894, 1894, 1900, 1901, 1898, 1899, 1895, 1902, 1899, 1898, 1902, 1903, 1899,
            1903, 1900, 1899, 1904, 1901, 1900, 1900, 1903, 1904, 1904, 1905, 1906, 1905, 1907, 1906, 1908, 1857, 1867, 1857, 1908, 1845, 1868, 1908, 1867,
            1909, 1908, 1868, 1844, 1845, 1910, 1908, 1910, 1845, 1908, 1911, 1910, 1912, 1911, 1913, 1911, 1897, 1910, 1897, 1911, 1898, 1908, 1909, 1911,
            1913, 1911, 1909, 1872, 1909, 1868, 1913, 1909, 1872, 1844, 1910, 1891, 1891, 1910, 1892, 1892, 1910, 1897, 1883, 1913, 1872, 1914, 1912, 1883,
            1915, 1911, 1912, 1915, 1898, 1911, 1915, 1912, 1914, 1914, 1916, 1915, 1898, 1915, 1916, 1882, 1917, 1883, 1890, 1917, 1882, 1917, 1914, 1883,
            1914, 1917, 1918, 1919, 1918, 1917, 1918, 1916, 1914, 1920, 1918, 1919, 1918, 1920, 1921, 1921, 1916, 1918, 1917, 1922, 1919, 1898, 1916, 1902,
            1904, 1903, 1905, 1902, 1916, 1923, 1923, 1903, 1902, 1923, 1924, 1925, 1925, 1903, 1923, 1923, 1916, 1921, 1925, 1905, 1903, 1907, 1905, 1925,
            1926, 1927, 1928, 1888, 1929, 1930, 1931, 1890, 1889, 1931, 1889, 1932, 1889, 1888, 1932, 1932, 1888, 1930, 1931, 1932, 1933, 1932, 1930, 1933,
            1934, 1935, 1936, 1937, 1934, 1936, 1938, 1939, 1940, 1890, 1931, 1922, 1917, 1890, 1922, 1919, 1922, 1941, 1931, 1941, 1922, 1921, 1924, 1923,
            1942, 1943, 1944, 1945, 1946, 1947, 1948, 1949, 1950, 1949, 1651, 15, 1949, 1951, 1651, 1952, 1951, 1948, 1951, 1656, 1651, 1953, 1946, 1945,
            1953, 1954, 1946, 1952, 1948, 1955, 1956, 1952, 1955, 1956, 1957, 1952, 1958, 1954, 1953, 1959, 1958, 1953, 1954, 1958, 1960, 1960, 1961, 1962,
            1956, 1963, 1957, 1656, 1951, 1964, 1660, 1964, 1965, 1965, 1964, 1957, 1952, 1964, 1951, 1957, 1964, 1952, 1660, 1656, 1964, 1965, 1661, 1660,
            1957, 1966, 1965, 1967, 1966, 1957, 1968, 1957, 1969, 1967, 1957, 1968, 1970, 1968, 1969, 1965, 1966, 1661, 1661, 1971, 1662, 1971, 1966, 1967,
            1967, 1968, 1971, 1971, 1661, 1966, 1963, 1969, 1957, 1972, 1973, 1974, 1973, 421, 1063, 1973, 1063, 1064, 1974, 1973, 1064, 1975, 1974, 1064,
            1974, 1959, 1972, 1974, 1976, 1959, 1977, 1975, 1066, 1978, 1976, 1975, 1979, 1976, 1978, 1975, 1976, 1974, 1975, 1977, 1978, 1976, 1980, 1959,
            1976, 1979, 1980, 1979, 1981, 1980, 1979, 1982, 1983, 1979, 1978, 1982, 1983, 1981, 1979, 1983, 1984, 1981, 1985, 1984, 1983, 1986, 1962, 1961,
            1986, 1987, 1962, 1988, 1989, 1990, 1991, 1987, 1986, 1992, 1988, 1990, 1993, 1968, 1970, 1970, 1994, 1993, 1995, 1994, 1970, 1995, 1970, 1969,
            1996, 1997, 1995, 1968, 1993, 1971, 1971, 1993, 1994, 1998, 1971, 1994, 1994, 1995, 1997, 1999, 1994, 1997, 1998, 1994, 1999, 1996, 2000, 1997,
            1999, 1997, 2000, 1999, 2000, 2001, 2002, 2001, 2000, 1963, 1989, 1969, 1995, 1969, 1989, 1989, 1988, 1995, 1996, 1995, 1988, 1988, 2003, 1996,
            1992, 2003, 1988, 2000, 1996, 2003, 2004, 2000, 2003, 2002, 2000, 2004, 2005, 2002, 2004, 2005, 2006, 2002, 2007, 2003, 1992, 2003, 2007, 2004,
            2004, 2007, 2008, 2008, 2009, 2004, 2010, 2007, 1992, 2008, 2007, 2010, 2011, 2008, 2010, 2011, 2009, 2008, 2012, 2009, 2011, 2013, 2012, 2014,
            2009, 2005, 2004, 2005, 2015, 2016, 2009, 2012, 2005, 2012, 2013, 2005, 2015, 2005, 2013, 2017, 1984, 1985, 2017, 2018, 2019, 2020, 2021, 1991,
            2022, 1066, 442, 1066, 2022, 1977, 441, 2022, 442, 2023, 2022, 2024, 2023, 1978, 1977, 1978, 2023, 1982, 2023, 2025, 1982, 441, 446, 2022,
            2022, 446, 2024, 446, 2026, 2024, 2023, 2024, 2025, 2025, 2024, 2027, 445, 2026, 446, 1982, 2028, 1983, 2028, 2029, 1983, 1985, 1983, 2029,
            2029, 2028, 2030, 1982, 2025, 2028, 2025, 2031, 2028, 2027, 2031, 2025, 2032, 2030, 2028, 2028, 2031, 2032, 2033, 2032, 2031, 2024, 2026, 2027,
            457, 2026, 445, 454, 457, 445, 2026, 457, 2034, 2034, 2027, 2026, 2027, 2034, 2033, 457, 2035, 2034, 2033, 2034, 2036, 2035, 2036, 2034,
            2033, 2031, 2027, 2037, 2032, 2033, 2036, 2038, 2033, 2038, 2037, 2033, 2038, 2036, 2039, 2039, 2037, 2038, 2040, 2037, 2039, 2041, 2037, 2040,
            2017, 1985, 2042, 2030, 1985, 2029, 2030, 2042, 1985, 2017, 2042, 2018, 2018, 2042, 2043, 2018, 2043, 2044, 2045, 2042, 2030, 2045, 2043, 2042,
            2046, 2030, 2032, 2046, 2045, 2030, 2047, 2044, 2043, 2047, 2043, 2045, 2047, 2045, 2048, 2018, 2044, 2049, 2044, 2050, 2049, 2050, 2051, 2049,
            2052, 2051, 2050, 2048, 2044, 2047, 2048, 2053, 2044, 2044, 2053, 2050, 2050, 2054, 2052, 2054, 2050, 2053, 2054, 2053, 2055, 2046, 2032, 2041,
            2056, 2045, 2046, 2041, 2056, 2046, 2037, 2041, 2032, 2056, 2048, 2045, 2057, 2056, 2041, 2057, 2048, 2056, 2041, 2058, 2057, 2058, 2041, 2040,
            2059, 2058, 2040, 2057, 2058, 2060, 2053, 2048, 2061, 2061, 2055, 2053, 2061, 2048, 2057, 2062, 2061, 2057, 2061, 2063, 2055, 2057, 2060, 2062,
            2063, 2064, 2055, 2062, 2065, 2063, 2066, 2067, 2015, 2013, 2066, 2015, 2066, 2068, 2067, 2069, 2068, 2070, 2068, 2066, 2071, 2070, 2068, 2071,
            2066, 2013, 2072, 2071, 2066, 2072, 2073, 2069, 2070, 2074, 2069, 2073, 2073, 2075, 2074, 2076, 2074, 2075, 2077, 2078, 2079, 2079, 2080, 2077,
            2081, 2077, 2082, 2083, 2082, 2077, 2083, 2077, 2080, 2054, 2084, 2052, 2080, 2052, 2084, 2084, 2054, 2055, 2084, 2055, 2085, 2083, 2080, 2084,
            2084, 2086, 2083, 2086, 2087, 2083, 2085, 2086, 2084, 2087, 2082, 2083, 2088, 2082, 2087, 2089, 2088, 2087, 2089, 2090, 2088, 2091, 2090, 2092,
            2086, 2089, 2087, 2089, 2092, 2090, 2093, 2092, 2089, 2085, 2055, 2094, 2095, 2085, 2094, 2094, 2055, 2064, 2095, 2086, 2085, 2096, 2094, 2064,
            2096, 2095, 2094, 2097, 2098, 2095, 2099, 2098, 2097, 2097, 2095, 2096, 2089, 2098, 2100, 2100, 2098, 2099, 2100, 2093, 2089, 2101, 2100, 2099,
            2099, 2097, 2102, 2090, 2103, 2104, 2104, 2103, 2105, 2103, 2090, 2091, 456, 465, 457, 2106, 457, 465, 2106, 2035, 457, 2106, 465, 470,
            2106, 470, 2107, 2035, 2106, 2107, 2036, 2035, 2108, 2109, 2107, 470, 470, 465, 468, 2109, 470, 2110, 2035, 2107, 2108, 2108, 2039, 2036,
            2039, 2108, 2111, 2111, 2059, 2039, 2112, 2108, 2107, 2112, 2107, 2109, 2112, 2113, 2114, 2108, 2112, 2111, 2114, 2111, 2112, 474, 470, 469,
            2110, 470, 474, 2115, 2109, 2110, 2115, 2113, 2109, 473, 2116, 474, 2116, 2110, 474, 2116, 2115, 2110, 2116, 473, 900, 2117, 2116, 900,
            2115, 2116, 2118, 2109, 2113, 2112, 2119, 2114, 2113, 2114, 2120, 2121, 2119, 2120, 2114, 2118, 2113, 2115, 2119, 2113, 2118, 2118, 2122, 2119,
            2119, 2122, 2120, 2059, 2040, 2039, 2059, 2123, 2058, 2111, 2124, 2059, 2059, 2124, 2123, 2123, 2060, 2058, 2123, 2125, 2060, 2121, 2124, 2111,
            2126, 2123, 2124, 2121, 2126, 2124, 2125, 2062, 2060, 2125, 2127, 2065, 2127, 2128, 2065, 2123, 2129, 2125, 2126, 2129, 2123, 2125, 2129, 2127,
            2130, 2128, 2127, 2114, 2121, 2111, 2120, 2131, 2121, 2131, 2126, 2121, 2131, 2132, 2126, 2133, 2132, 2131, 2120, 2133, 2131, 2120, 2122, 2134,
            2134, 2133, 2120, 2135, 2136, 2133, 2134, 2135, 2133, 2126, 2132, 2129, 2136, 2132, 2133, 2117, 2137, 2116, 2118, 2116, 2137, 2138, 2122, 2118,
            2138, 2118, 2137, 2134, 2122, 2139, 2138, 2139, 2122, 2128, 2096, 2064, 2140, 2096, 2128, 2130, 2140, 2128, 2140, 2097, 2096, 2141, 2097, 2140,
            2141, 2102, 2097, 1680, 1669, 1662, 2142, 1680, 1662, 2142, 1681, 1680, 1971, 2142, 1662, 2142, 1683, 1681, 2142, 2143, 1683, 2144, 2143, 1971,
            2143, 2142, 1971, 1971, 1998, 2144, 2145, 2143, 2144, 1998, 2146, 2144, 2146, 2145, 2144, 1710, 1683, 2143, 2145, 1710, 2143, 2145, 2147, 1710,
            1711, 1710, 2147, 1712, 1711, 2147, 2146, 1998, 1999, 2146, 1999, 2001, 2148, 2146, 2001, 2146, 2148, 2149, 2149, 2147, 2145, 2146, 2149, 2145,
            2148, 2001, 2150, 1684, 1711, 1712, 1713, 1712, 2147, 1713, 2147, 2149, 2149, 2151, 1713, 2151, 2152, 1713, 2153, 2152, 2151, 2152, 1714, 1713,
            1716, 1714, 2152, 2150, 2001, 2002, 2154, 2151, 2149, 2154, 2155, 2151, 2150, 2154, 2149, 2150, 2149, 2148, 2156, 2157, 2154, 2155, 2154, 2157,
            2016, 2006, 2005, 2158, 2159, 2157, 2159, 2158, 2160, 2006, 2150, 2002, 2006, 2156, 2150, 2156, 2154, 2150, 2156, 2006, 2016, 2158, 2156, 2016,
            2161, 2158, 2016, 2157, 2156, 2158, 2162, 2160, 2158, 2153, 2151, 2155, 2155, 2163, 2153, 2153, 1716, 2152, 2164, 1716, 2153, 1716, 2164, 1720,
            2164, 2153, 2163, 2163, 2155, 2157, 2159, 2163, 2157, 2165, 2163, 2159, 2163, 2166, 2164, 2165, 2167, 2166, 2163, 2165, 2166, 1720, 2164, 1728,
            1730, 1728, 2164, 1730, 2164, 2166, 1730, 2166, 2167, 2067, 2016, 2015, 2161, 2016, 2067, 2067, 2168, 2161, 2158, 2161, 2162, 2162, 2169, 2160,
            2067, 2068, 2168, 2068, 2170, 2168, 2168, 2170, 2171, 2069, 2170, 2068, 2169, 2162, 2171, 2172, 2169, 2171, 2159, 2173, 2165, 2159, 2160, 2173,
            2160, 2174, 2173, 2165, 2175, 2167, 2165, 2173, 2175, 2173, 2174, 2176, 2177, 2176, 2174, 2173, 2176, 2175, 2178, 2179, 2176, 2174, 2160, 2169,
            2177, 2174, 2169, 2177, 2180, 2181, 2172, 2177, 2169, 2177, 2172, 2180, 2181, 2176, 2177, 2182, 2172, 2170, 2069, 2182, 2170, 2182, 2069, 2074,
            2074, 2183, 2182, 2172, 2171, 2170, 2172, 2182, 2184, 2172, 2184, 2180, 2182, 2183, 2184, 2184, 2183, 2185, 2185, 2186, 2184, 2074, 2187, 2183,
            2187, 2185, 2183, 2181, 2178, 2176, 2180, 2184, 2188, 2180, 2188, 2181, 2189, 2181, 2188, 2178, 2181, 2189, 2178, 2189, 2190, 2191, 2189, 2188,
            2192, 2189, 2191, 2186, 2185, 2191, 2190, 2189, 2193, 2192, 2193, 2189, 2194, 2193, 2192, 2195, 2074, 2076, 2187, 2074, 2195, 2196, 2195, 2076,
            2197, 2167, 2175, 1731, 1730, 2167, 2167, 2197, 1731, 1808, 2197, 2179, 2197, 2175, 2179, 1808, 1731, 2197, 1808, 2179, 2198, 2179, 2175, 2176,
            1808, 2198, 2199, 1808, 2199, 1809, 2199, 2200, 1809, 2201, 2198, 2178, 2190, 2201, 2178, 2202, 2199, 2201, 2203, 2201, 2190, 2203, 2202, 2201,
            2203, 2204, 2202, 2205, 2206, 2200, 2202, 2204, 2205, 2193, 2203, 2190, 2203, 2193, 2194, 1811, 1809, 2200, 2206, 2207, 2200, 2207, 1811, 2200,
            2208, 2206, 2205, 2207, 2209, 1811, 1820, 1811, 2209, 2207, 2206, 2209, 2209, 1823, 1820, 2210, 2185, 2187, 2210, 2211, 2185, 2212, 2191, 2185,
            2212, 2192, 2191, 2212, 2213, 2194, 2212, 2185, 2211, 2214, 2212, 2211, 2214, 2213, 2212, 2194, 2192, 2212, 2194, 2213, 2215, 2216, 2194, 2215,
            2215, 2217, 2218, 2213, 2217, 2215, 2213, 2219, 2217, 2214, 2219, 2213, 2219, 2220, 2221, 2221, 2217, 2219, 2195, 2210, 2187, 2210, 2195, 2222,
            2222, 2211, 2210, 2214, 2211, 2223, 2224, 2225, 2223, 2219, 2214, 2223, 2219, 2223, 2225, 2226, 2227, 2228, 2229, 2226, 2228, 2229, 2230, 2226,
            2204, 2208, 2205, 2204, 2231, 2208, 2208, 2231, 2232, 2218, 2233, 2216, 2218, 2234, 2233, 2234, 2235, 2233, 2236, 2194, 2216, 2203, 2194, 2236,
            2231, 2204, 2236, 2236, 2204, 2203, 2233, 2231, 2216, 2236, 2216, 2231, 2218, 2216, 2215, 2237, 2232, 2231, 2238, 2206, 2208, 2239, 2206, 2238,
            2232, 2238, 2208, 2237, 2238, 2232, 2239, 2238, 2240, 2239, 2209, 2206, 2239, 1858, 2209, 1823, 2209, 1858, 2241, 1858, 2239, 2240, 2241, 2239,
            2242, 2238, 2237, 2242, 2240, 2238, 2240, 2242, 2243, 2244, 2241, 2240, 2243, 2244, 2240, 2245, 2244, 2243, 2246, 2235, 2234, 2235, 2246, 2247,
            2248, 2242, 2247, 2249, 2248, 2247, 2217, 2250, 2218, 2218, 2250, 2234, 2234, 2250, 2246, 2217, 2221, 2250, 2221, 2251, 2250, 2252, 2246, 2250,
            2246, 2249, 2247, 2252, 2250, 2253, 2253, 2250, 2251, 2254, 2249, 2246, 2255, 2249, 2254, 2256, 2257, 2252, 2257, 2255, 2254, 2246, 2252, 2254,
            2257, 2254, 2252, 2258, 2259, 2248, 2259, 2258, 2260, 2245, 2243, 2259, 2261, 2258, 2248, 2248, 2249, 2261, 2262, 2261, 2249, 2263, 2260, 2258,
            2258, 2264, 2263, 2264, 2258, 2261, 2264, 2261, 2265, 2249, 2255, 2262, 2265, 2261, 2262, 2099, 2102, 2101, 2266, 2267, 2268, 2268, 2269, 2266,
            2270, 2269, 2268, 2269, 2271, 2266, 2272, 2273, 2274, 2275, 2273, 2272, 2276, 2277, 2278, 2279, 2280, 2281, 2282, 2275, 2272, 2283, 2280, 2279,
            2284, 2285, 2283, 2286, 2287, 2285, 1859, 1858, 2241, 1859, 2241, 2244, 2244, 1860, 1859, 1860, 2244, 2288, 2245, 2288, 2244, 2288, 1864, 1860,
            2288, 1876, 1864, 2289, 2288, 2245, 1876, 2288, 2289, 2263, 2289, 2260, 1874, 2289, 2263, 1876, 1865, 1864, 1877, 1874, 2263, 1877, 2263, 2290,
            1879, 1877, 2290, 2290, 2263, 2264, 2264, 2291, 2290, 2292, 2293, 2135, 900, 938, 2294, 2294, 2117, 900, 2294, 2137, 2117, 942, 2294, 938,
            942, 2295, 2294, 943, 2295, 942, 2295, 2137, 2294, 2296, 2137, 2295, 2296, 2138, 2137, 2139, 2138, 2296, 2297, 2298, 2139, 2139, 2299, 2297,
            2300, 943, 952, 2300, 2295, 943, 952, 2301, 2300, 2295, 2300, 2296, 954, 2301, 952, 2302, 2301, 954, 2301, 2302, 2303, 2304, 2305, 2300,
            2300, 2301, 2304, 2304, 2301, 2303, 2300, 2305, 2296, 2299, 2139, 2296, 2305, 2299, 2296, 2306, 2299, 2305, 2306, 2307, 2299, 2305, 2304, 2308,
            2309, 2308, 2304, 2308, 2306, 2305, 2310, 2306, 2308, 2298, 2134, 2139, 2292, 2135, 2134, 2311, 2134, 2298, 2311, 2292, 2134, 2312, 2298, 2297,
            2312, 2311, 2298, 2313, 2311, 2312, 2313, 2314, 2311, 2315, 2314, 2313, 2316, 2315, 2317, 2307, 2297, 2299, 2312, 2297, 2307, 2313, 2312, 2318,
            2318, 2312, 2307, 2319, 2307, 2306, 2319, 2320, 2307, 2319, 2321, 2320, 2318, 2307, 2320, 2318, 2320, 2322, 2323, 2315, 2313, 2323, 2313, 2318,
            2317, 2315, 2323, 2324, 2317, 2323, 2322, 2323, 2318, 2322, 2325, 2323, 2326, 2322, 2327, 2323, 2325, 2324, 2325, 2322, 2326, 2328, 2325, 2326,
            2328, 2329, 2325, 2325, 2329, 2324, 2102, 2141, 2330, 2330, 2331, 2102, 2332, 2331, 2330, 2333, 2331, 2334, 2331, 2332, 2334, 2334, 2277, 2333,
            2334, 2335, 2277, 2335, 2279, 2277, 2336, 2279, 2335, 2336, 2283, 2279, 2334, 2337, 2335, 2337, 2338, 2335, 2335, 2338, 2336, 2339, 2283, 2336,
            2340, 2341, 2342, 2343, 2340, 2342, 2339, 2284, 2283, 2344, 2285, 2284, 2344, 2286, 2285, 2344, 2345, 2286, 2343, 2346, 2347, 2348, 2343, 2347,
            2349, 2350, 2351, 2352, 2353, 2354, 2355, 2352, 2354, 2356, 2357, 2358, 2359, 2355, 2317, 2359, 2352, 2355, 2359, 2317, 2324, 2360, 2359, 2324,
            2359, 2361, 2352, 2361, 2359, 2362, 2360, 2324, 2329, 2329, 2363, 2360, 2362, 2360, 2363, 2360, 2362, 2359, 2363, 2364, 2362, 2364, 2365, 2362,
            2366, 2361, 2362, 2365, 2366, 2362, 2367, 2368, 2369, 2366, 2365, 2367, 2370, 2368, 2367, 2370, 2367, 2365, 2371, 2368, 2370, 2365, 2372, 2370,
            2364, 2372, 2365, 2373, 2370, 2372, 2374, 2370, 2373, 2375, 2370, 2374, 2348, 2347, 2376, 2368, 2371, 2377, 2371, 2378, 2377, 2379, 2378, 2371,
            2380, 2379, 2371, 2381, 2382, 2379, 2383, 2384, 2382, 2383, 2385, 2384, 2383, 2382, 2381, 2375, 2380, 2371, 2375, 2371, 2370, 2380, 2386, 2379,
            2381, 2379, 2386, 2375, 2386, 2380, 2387, 2386, 2375, 2386, 2387, 2388, 2388, 2381, 2386, 2389, 2383, 2381, 2390, 2391, 2392, 2393, 2394, 2395,
            2396, 2395, 2394, 2394, 2393, 2397, 2398, 2399, 2397, 2397, 2400, 2394, 2399, 2400, 2397, 2400, 2396, 2394, 2401, 2396, 2400, 2402, 2403, 2404,
            2404, 2405, 2402, 2389, 2385, 2383, 2389, 2406, 2385, 2406, 2407, 2405, 2407, 2402, 2405, 2403, 2402, 2408, 2408, 2402, 2409, 2410, 2390, 2409,
            2411, 2402, 2407, 2412, 2411, 2407, 2411, 2409, 2402, 2413, 2389, 2381, 2388, 2413, 2381, 2414, 2413, 2388, 2415, 2414, 2388, 2416, 2417, 2414,
            2413, 2414, 2417, 2418, 2411, 2412, 2419, 2418, 2412, 2418, 2420, 2411, 2419, 2421, 2418, 2417, 2422, 2419, 2422, 2421, 2419, 2418, 2421, 2423,
            2424, 2423, 2421, 2425, 2391, 2390, 2410, 2425, 2390, 2426, 2399, 2425, 2420, 2425, 2410, 2427, 2428, 2420, 2428, 2425, 2420, 2428, 2426, 2425,
            2429, 2430, 2426, 2399, 2430, 2431, 2432, 2400, 2431, 2400, 2432, 2401, 2400, 2399, 2431, 2426, 2430, 2399, 2432, 2431, 2433, 2429, 2428, 2427,
            2428, 2429, 2426, 2434, 2429, 2427, 2434, 2427, 2423, 2435, 2434, 2423, 2423, 2424, 2435, 2434, 2435, 2436, 2436, 2437, 2434, 2437, 2436, 2438,
            2429, 2434, 2437, 2439, 2430, 2429, 2437, 2439, 2429, 2439, 2431, 2430, 2439, 2433, 2431, 2439, 2438, 2440, 2441, 2440, 2438, 2440, 2433, 2439,
            2437, 2438, 2439, 2257, 2442, 2255, 2264, 2443, 2291, 2265, 2444, 2443, 2445, 2443, 2446, 2446, 2447, 2445, 2448, 2449, 2450, 2450, 2449, 2451,
            2255, 2452, 2262, 2262, 2444, 2265, 2265, 2443, 2264, 2453, 2454, 2455, 2456, 2453, 2455, 2457, 2454, 2453, 2291, 1879, 2290, 1879, 2291, 2458,
            2458, 2291, 2445, 2447, 2458, 2445, 2443, 2445, 2291, 2459, 1879, 2458, 1879, 2459, 1881, 2460, 2461, 2459, 1881, 2459, 2461, 1881, 2461, 1929,
            1881, 1929, 1887, 1888, 1887, 1929, 2462, 2463, 2464, 2465, 2464, 2463, 2466, 2465, 2467, 2464, 2465, 2466, 2468, 1943, 2469, 2464, 2468, 2462,
            2470, 2468, 2464, 1944, 1943, 2471, 2472, 1944, 2471, 1943, 2468, 2471, 2470, 2471, 2468, 2472, 2471, 2470, 2473, 2474, 2472, 2466, 2470, 2464,
            2473, 2472, 2470, 2465, 2463, 2475, 2476, 2467, 2477, 2478, 2467, 2476, 2479, 2480, 2473, 2479, 2470, 2466, 2478, 2479, 2466, 2478, 2466, 2467,
            2479, 2473, 2470, 2479, 2481, 2482, 2483, 2482, 2481, 2484, 2482, 2483, 2483, 2481, 2485, 2485, 2481, 2478, 2478, 2476, 2485, 2481, 2479, 2478,
            2455, 2454, 2486, 2454, 2487, 2486, 2487, 2454, 2457, 2488, 2489, 2490, 2491, 2488, 2490, 2492, 2485, 2476, 2492, 2493, 2494, 2495, 2492, 2494,
            2496, 2495, 2494, 2495, 2483, 2485, 2495, 2485, 2492, 2497, 2495, 2496, 2495, 2497, 2498, 2498, 2483, 2495, 2498, 2499, 2483, 2500, 2499, 2498,
            2496, 2501, 2502, 2497, 2496, 2502, 2503, 2498, 2497, 2504, 2503, 2497, 2505, 2504, 2497, 2457, 2453, 2506, 2507, 2487, 2457, 2508, 2509, 2510,
            2511, 2512, 984, 2512, 2511, 2513, 2514, 2513, 2511, 981, 984, 2512, 12, 981, 2512, 12, 2512, 1949, 1949, 2512, 1950, 1947, 2513, 2514,
            2515, 2513, 1947, 1950, 2512, 2513, 1950, 2513, 2515, 1948, 1950, 2515, 15, 12, 1949, 1947, 1946, 2515, 1946, 2516, 2515, 2515, 2516, 1955,
            1828, 1866, 1827, 1828, 1829, 1863, 1866, 1828, 1863, 1878, 1865, 1875, 1876, 1875, 1865, 1865, 1878, 1885, 1873, 1885, 1884, 1907, 2517, 2518,
            2519, 2520, 1907, 1907, 2520, 2517, 1925, 2519, 1907, 1827, 1867, 1857, 1884, 1883, 1872, 1883, 1912, 1913, 2521, 2522, 2523, 2522, 2524, 2523,
            1928, 2524, 2522, 2525, 1928, 1927, 2526, 1927, 1926, 1927, 2526, 2527, 2527, 2526, 2528, 2525, 1927, 2460, 2459, 2525, 2460, 2460, 1927, 2527,
            2460, 2527, 2461, 2527, 1929, 2461, 2529, 2530, 2531, 2531, 2530, 2532, 1941, 2529, 2531, 2533, 2530, 2529, 2530, 2533, 2534, 2535, 2528, 2534,
            1930, 2528, 2535, 2535, 2534, 2533, 2528, 2526, 2536, 2528, 2536, 2534, 2527, 2528, 1930, 1929, 2527, 1930, 2535, 2533, 1933, 1933, 2533, 2529,
            1930, 2535, 1933, 2529, 1941, 1931, 2529, 1931, 1933, 2537, 1926, 1928, 2537, 1928, 2522, 2526, 1926, 2538, 1934, 2534, 1935, 1934, 2530, 2534,
            2526, 2538, 2536, 2538, 1935, 2536, 1935, 2534, 2536, 1936, 1935, 2538, 2539, 1939, 2540, 2539, 2540, 2541, 2542, 2540, 1939, 2520, 2543, 2517,
            2517, 2543, 2544, 2541, 2545, 2546, 2546, 2543, 2520, 2546, 2545, 2543, 1924, 2546, 2519, 2541, 2546, 1924, 2539, 2541, 1924, 2519, 2546, 2520,
            2544, 2543, 2547, 2548, 2545, 2541, 2549, 2543, 2545, 2545, 2550, 2549, 2548, 2550, 2545, 2550, 2548, 2551, 2552, 2541, 2540, 2552, 2548, 2541,
            2542, 2552, 2540, 2548, 2552, 2551, 2543, 2549, 2547, 2553, 2544, 2547, 2551, 2549, 2550, 2554, 2547, 2549, 2551, 2554, 2549, 2554, 2553, 2547,
            1919, 1941, 1920, 1940, 1924, 1921, 1924, 1940, 2539, 1920, 1940, 1921, 1920, 1941, 1940, 2555, 1938, 1940, 1939, 1938, 2556, 2556, 1938, 2555,
            2555, 2557, 2556, 2555, 1940, 1941, 2532, 2530, 2558, 2558, 2557, 2532, 2557, 2558, 2556, 1941, 2557, 2555, 2531, 2532, 1941, 1941, 2532, 2557,
            2539, 1940, 1939, 1939, 2556, 2542, 2542, 2556, 2559, 2542, 2559, 2560, 1924, 2519, 1925, 2561, 2552, 2542, 2551, 2552, 2561, 2542, 2560, 2561,
            2562, 2554, 2551, 2563, 2554, 2562, 2561, 2562, 2551, 1942, 2562, 2561, 2564, 2562, 1942, 1943, 2561, 2469, 1943, 1942, 2561, 2556, 2558, 2559,
            2530, 1934, 2565, 2565, 2558, 2530, 2559, 2558, 2565, 2566, 2559, 2565, 2566, 2565, 1934, 2462, 2469, 2567, 1058, 2511, 984, 2511, 1058, 2514,
            1059, 2568, 1058, 2568, 2514, 1058, 2514, 2568, 1945, 1945, 1947, 2514, 2568, 1059, 1972, 1059, 1973, 1972, 1059, 421, 1973, 2568, 1953, 1945,
            1959, 2568, 1972, 1959, 1953, 2568, 1948, 1951, 1949, 1954, 2516, 1946, 1955, 1948, 2515, 1955, 2516, 2569, 2569, 2516, 2570, 1954, 2570, 2516,
            2569, 2570, 2571, 2570, 1954, 1960, 1955, 2569, 1956, 1956, 2569, 2571, 2571, 2572, 1956, 1956, 2572, 1963, 1961, 1960, 1958, 1064, 1066, 1975,
            1980, 1958, 1959, 1958, 1980, 1981, 1981, 1961, 1958, 1961, 1981, 1984, 2571, 2570, 2573, 2573, 2572, 2571, 1962, 2573, 2570, 2574, 2575, 2573,
            2021, 2575, 2574, 2573, 2575, 2576, 2576, 2572, 2573, 2576, 1990, 2572, 2570, 1960, 1962, 1989, 1963, 2572, 1989, 2572, 1990, 2573, 1962, 2574,
            1962, 1987, 2574, 1987, 2021, 2574, 2021, 1987, 1991, 1990, 2576, 1992, 2576, 2010, 1992, 2575, 2577, 2578, 2021, 2577, 2575, 2579, 2577, 2021,
            2020, 2579, 2021, 2580, 2579, 2020, 2576, 2575, 2578, 2576, 2578, 2010, 2010, 2578, 2581, 2579, 2582, 2577, 2582, 2583, 2577, 2580, 2582, 2579,
            2583, 2578, 2577, 2583, 2581, 2578, 2583, 2584, 2581, 2011, 2010, 2581, 2011, 2581, 2012, 2581, 2014, 2012, 2014, 2581, 2584, 2584, 2013, 2014,
            1984, 1986, 1961, 2019, 1991, 1986, 2585, 1991, 2019, 1986, 1984, 2019, 2019, 1984, 2017, 2018, 2585, 2019, 2585, 2020, 1991, 2586, 2020, 2585,
            2587, 2582, 2580, 2020, 2586, 2580, 2588, 2580, 2586, 2588, 2589, 2580, 2018, 2586, 2585, 2049, 2586, 2018, 2051, 2586, 2049, 2588, 2590, 2589,
            2051, 2588, 2586, 2051, 2590, 2588, 2023, 1977, 2022, 2062, 2063, 2061, 2064, 2063, 2065, 2591, 2583, 2582, 2587, 2591, 2582, 2591, 2587, 2592,
            2583, 2591, 2593, 2583, 2593, 2584, 2594, 2593, 2591, 2592, 2595, 2591, 2595, 2594, 2591, 2592, 2596, 2595, 2597, 2595, 2598, 2598, 2595, 2596,
            2599, 2596, 2592, 2593, 2600, 2584, 2600, 2593, 2594, 2600, 2013, 2584, 2072, 2600, 2594, 2600, 2072, 2013, 2072, 2594, 2595, 2597, 2072, 2595,
            2597, 2601, 2072, 2072, 2601, 2071, 2598, 2596, 2602, 2602, 2603, 2598, 2604, 2605, 2602, 2604, 2602, 2596, 2604, 2606, 2605, 2607, 2606, 2604,
            2603, 2597, 2598, 2603, 2601, 2597, 2603, 2602, 2601, 2602, 2605, 2608, 2608, 2601, 2602, 2601, 2070, 2071, 2070, 2601, 2608, 2608, 2073, 2070,
            2073, 2608, 2075, 2606, 2608, 2605, 2608, 2606, 2609, 2607, 2610, 2606, 2609, 2606, 2610, 2609, 2610, 2611, 2609, 2075, 2608, 2609, 2612, 2075,
            2612, 2076, 2075, 2076, 2612, 2196, 2589, 2587, 2580, 2599, 2587, 2613, 2587, 2589, 2613, 2589, 2590, 2613, 2599, 2592, 2587, 2614, 2599, 2613,
            2590, 2078, 2613, 2079, 2590, 2051, 2079, 2078, 2590, 2078, 2614, 2613, 2614, 2078, 2081, 2615, 2614, 2081, 2081, 2078, 2077, 2604, 2596, 2599,
            2614, 2604, 2599, 2604, 2614, 2615, 2615, 2616, 2604, 2616, 2607, 2604, 2082, 2615, 2081, 2616, 2610, 2607, 2610, 2616, 2617, 2618, 2616, 2615,
            2619, 2616, 2618, 2617, 2616, 2619, 2088, 2615, 2082, 2088, 2618, 2615, 2088, 2619, 2618, 2088, 2104, 2619, 2617, 2611, 2610, 2611, 2620, 2609,
            2620, 2612, 2609, 2620, 2621, 2612, 2620, 2622, 2621, 2622, 2620, 2611, 2623, 2612, 2624, 2623, 2625, 2626, 2612, 2621, 2624, 2625, 2624, 2621,
            2625, 2623, 2624, 2625, 2621, 2622, 2627, 2623, 2626, 2628, 2627, 2626, 2629, 2626, 2625, 2629, 2630, 2626, 2630, 2628, 2626, 2631, 2630, 2629,
            2622, 2611, 2617, 2617, 2619, 2622, 2632, 2622, 2619, 2629, 2625, 2622, 2622, 2632, 2629, 2631, 2629, 2633, 2633, 2629, 2632, 2619, 2104, 2632,
            2104, 2633, 2632, 2104, 2105, 2633, 2079, 2051, 2052, 2079, 2052, 2080, 2098, 2089, 2086, 2098, 2086, 2095, 2090, 2104, 2088, 2091, 2092, 2634,
            2065, 2062, 2125, 2128, 2064, 2065, 2132, 2127, 2129, 2635, 2127, 2132, 2635, 2130, 2127, 2136, 2635, 2132, 2135, 2293, 2136, 2141, 2140, 2130,
            2130, 2635, 2636, 2161, 2168, 2162, 2162, 2168, 2171, 2186, 2188, 2184, 2191, 2188, 2186, 2179, 2178, 2198, 2199, 2198, 2201, 2199, 2202, 2205,
            2200, 2199, 2205, 2627, 2628, 2222, 2627, 2222, 2196, 2630, 2637, 2628, 2637, 2630, 2638, 2224, 2222, 2628, 2637, 2224, 2628, 2637, 2638, 2224,
            2224, 2639, 2225, 2630, 2640, 2638, 2640, 2630, 2631, 2228, 2227, 2640, 2227, 2638, 2640, 2641, 2638, 2227, 2642, 2639, 2641, 2639, 2642, 2643,
            2642, 2641, 2227, 2641, 2224, 2638, 2224, 2641, 2639, 2227, 2226, 2642, 2642, 2226, 2644, 2643, 2642, 2645, 2646, 2645, 2642, 2220, 2225, 2645,
            2645, 2225, 2643, 2645, 2646, 2220, 2221, 2220, 2251, 2644, 2646, 2642, 2647, 2646, 2644, 2646, 2647, 2648, 2226, 2649, 2644, 2644, 2649, 2647,
            2230, 2649, 2226, 2650, 2649, 2230, 2648, 2647, 2651, 2652, 2651, 2647, 2651, 2652, 2253, 2220, 2646, 2648, 2220, 2648, 2251, 2651, 2251, 2648,
            2251, 2651, 2253, 2196, 2222, 2195, 2653, 2631, 2633, 2222, 2224, 2211, 2211, 2224, 2223, 2633, 2105, 2653, 2653, 2105, 2654, 2268, 2653, 2654,
            2631, 2655, 2640, 2640, 2655, 2228, 2653, 2655, 2631, 2653, 2267, 2655, 2655, 2267, 2228, 2268, 2267, 2653, 2266, 2271, 2267, 2267, 2229, 2228,
            2229, 2267, 2271, 2220, 2219, 2225, 2656, 2650, 2230, 2271, 2230, 2229, 2271, 2656, 2230, 2657, 2656, 2271, 2657, 2658, 2656, 2231, 2233, 2235,
            2235, 2237, 2231, 2242, 2237, 2235, 2247, 2242, 2235, 2652, 2659, 2253, 2253, 2659, 2660, 2660, 2252, 2253, 2256, 2252, 2660, 2242, 2248, 2243,
            2243, 2248, 2259, 2260, 2245, 2259, 2661, 2092, 2093, 2662, 2661, 2093, 2101, 2093, 2100, 2101, 2662, 2093, 2662, 2101, 2333, 2333, 2663, 2662,
            2331, 2101, 2102, 2331, 2333, 2101, 2105, 2103, 2654, 2664, 2654, 2103, 2664, 2268, 2654, 2091, 2634, 2103, 2661, 2634, 2092, 2661, 2665, 2634,
            2665, 2664, 2634, 2664, 2103, 2634, 2270, 2268, 2664, 2666, 2270, 2664, 2274, 2270, 2666, 2274, 2269, 2270, 2271, 2269, 2657, 2269, 2273, 2657,
            2273, 2667, 2657, 2667, 2668, 2657, 2667, 2669, 2668, 2269, 2274, 2273, 2667, 2273, 2275, 2670, 2667, 2275, 2667, 2670, 2671, 2663, 2665, 2661,
            2661, 2662, 2663, 2276, 2665, 2663, 2664, 2665, 2276, 2276, 2666, 2664, 2672, 2274, 2666, 2666, 2276, 2278, 2277, 2276, 2663, 2333, 2277, 2663,
            2666, 2278, 2672, 2281, 2672, 2278, 2277, 2281, 2278, 2277, 2279, 2281, 2672, 2272, 2274, 2272, 2672, 2280, 2281, 2280, 2672, 2670, 2275, 2282,
            2282, 2272, 2280, 2283, 2282, 2280, 2667, 2671, 2669, 2673, 2671, 2670, 2674, 2673, 2670, 2282, 2674, 2670, 2675, 2673, 2674, 2287, 2675, 2674,
            2287, 2676, 2675, 2283, 2674, 2282, 2285, 2674, 2283, 2285, 2287, 2674, 2506, 2287, 2286, 2260, 2289, 2245, 1876, 2289, 1874, 2677, 2635, 2136,
            2678, 2635, 2677, 2293, 2677, 2136, 2679, 2293, 2292, 2680, 2678, 2677, 2679, 2677, 2293, 2680, 2677, 2679, 2681, 2679, 2292, 2681, 2292, 2311,
            2681, 2311, 2314, 2682, 2679, 2681, 2316, 2682, 2681, 2316, 2681, 2314, 2315, 2316, 2314, 2317, 2683, 2316, 2130, 2636, 2141, 2636, 2684, 2141,
            2685, 2684, 2636, 2684, 2330, 2141, 2332, 2330, 2686, 2332, 2686, 2687, 2332, 2687, 2334, 2687, 2337, 2334, 2678, 2636, 2635, 2636, 2678, 2685,
            2678, 2680, 2685, 2685, 2688, 2684, 2689, 2684, 2688, 2679, 2682, 2680, 2690, 2680, 2682, 2688, 2685, 2680, 2690, 2688, 2680, 2689, 2688, 2691,
            2688, 2690, 2691, 2684, 2686, 2330, 2689, 2686, 2684, 2692, 2687, 2686, 2692, 2686, 2689, 2693, 2692, 2689, 2691, 2693, 2689, 2694, 2337, 2687,
            2694, 2695, 2337, 2693, 2357, 2692, 2694, 2687, 2692, 2356, 2346, 2694, 2356, 2694, 2692, 2357, 2356, 2692, 2346, 2342, 2694, 2695, 2338, 2337,
            2695, 2696, 2338, 2696, 2336, 2338, 2697, 2339, 2336, 2697, 2336, 2696, 2341, 2696, 2695, 2694, 2342, 2695, 2342, 2341, 2695, 2696, 2341, 2697,
            2340, 2697, 2341, 2346, 2343, 2342, 2697, 2698, 2339, 2284, 2699, 2344, 2699, 2700, 2344, 2699, 2284, 2339, 2698, 2699, 2339, 2349, 2699, 2698,
            2699, 2701, 2700, 2701, 2699, 2349, 2345, 2506, 2286, 2700, 2345, 2344, 2345, 2702, 2506, 2702, 2457, 2506, 2701, 2345, 2700, 2701, 2703, 2345,
            2702, 2345, 2703, 2704, 2703, 2701, 2350, 2698, 2697, 2340, 2350, 2697, 2705, 2351, 2350, 2706, 2343, 2348, 2343, 2706, 2340, 2706, 2350, 2340,
            2705, 2350, 2706, 2707, 2705, 2706, 2708, 2709, 2705, 2708, 2705, 2707, 2698, 2350, 2349, 2710, 2349, 2351, 2705, 2710, 2351, 2705, 2709, 2710,
            2349, 2710, 2701, 2710, 2704, 2701, 2711, 2704, 2710, 2703, 2704, 2712, 2713, 2704, 2711, 2711, 2710, 2709, 2714, 2711, 2709, 2715, 2716, 2711,
            2714, 2715, 2711, 2716, 2713, 2711, 2316, 2690, 2682, 2316, 2683, 2690, 2690, 2683, 2354, 2354, 2691, 2690, 2354, 2353, 2691, 2355, 2354, 2683,
            2355, 2683, 2317, 2353, 2693, 2691, 2353, 2357, 2693, 2717, 2357, 2353, 2717, 2358, 2357, 2358, 2346, 2356, 2347, 2346, 2358, 2347, 2358, 2718,
            2718, 2369, 2347, 2717, 2353, 2352, 2361, 2717, 2352, 2717, 2361, 2366, 2366, 2718, 2717, 2717, 2718, 2358, 2366, 2367, 2718, 2369, 2718, 2367,
            2369, 2376, 2347, 2376, 2377, 2348, 2348, 2707, 2706, 2377, 2378, 2348, 2378, 2707, 2348, 2378, 2708, 2707, 2368, 2376, 2369, 2377, 2376, 2368,
            2382, 2709, 2708, 2382, 2708, 2379, 2379, 2708, 2378, 2382, 2714, 2709, 2384, 2714, 2382, 2719, 2702, 2703, 2720, 2702, 2719, 2712, 2719, 2703,
            2721, 2720, 2719, 2712, 2721, 2719, 2722, 2721, 2712, 2721, 2722, 2723, 2724, 2712, 2713, 2724, 2713, 2716, 2724, 2722, 2712, 2715, 2724, 2716,
            2723, 2722, 2725, 2722, 2724, 2404, 2725, 2722, 2403, 2722, 2404, 2403, 2725, 2726, 2723, 2726, 2725, 2408, 2725, 2403, 2408, 2408, 2392, 2726,
            2392, 2408, 2390, 2391, 2727, 2392, 2727, 2391, 2398, 2425, 2398, 2391, 2397, 2728, 2398, 2384, 2715, 2714, 2384, 2729, 2715, 2715, 2729, 2724,
            2404, 2724, 2729, 2729, 2405, 2404, 2729, 2384, 2385, 2729, 2385, 2406, 2405, 2729, 2406, 2390, 2408, 2409, 2420, 2410, 2411, 2411, 2410, 2409,
            2407, 2406, 2389, 2407, 2389, 2413, 2413, 2417, 2407, 2417, 2412, 2407, 2419, 2412, 2417, 2423, 2420, 2418, 2423, 2427, 2420, 2399, 2398, 2425,
            2659, 2652, 2730, 2731, 2659, 2730, 2731, 2732, 2659, 2649, 2730, 2647, 2652, 2647, 2730, 2650, 2730, 2649, 2650, 2733, 2730, 2734, 2731, 2730,
            2733, 2734, 2730, 2735, 2650, 2658, 2658, 2650, 2656, 2735, 2733, 2650, 2735, 2736, 2733, 2737, 2736, 2735, 2737, 2735, 2658, 2668, 2737, 2658,
            2657, 2668, 2658, 2660, 2659, 2738, 2660, 2738, 2739, 2732, 2738, 2659, 2660, 2739, 2256, 2442, 2739, 2450, 2739, 2738, 2450, 2448, 2450, 2738,
            2740, 2738, 2732, 2734, 2740, 2732, 2448, 2738, 2740, 2741, 2448, 2740, 2741, 2449, 2448, 2257, 2256, 2739, 2442, 2257, 2739, 2734, 2732, 2731,
            2742, 2740, 2734, 2742, 2741, 2740, 2741, 2742, 2743, 2444, 2262, 2744, 2452, 2450, 2744, 2744, 2450, 2451, 2451, 2444, 2744, 2444, 2523, 2446,
            2447, 2446, 2524, 2444, 2446, 2443, 2521, 2523, 2451, 2745, 2451, 2449, 2521, 2451, 2745, 2451, 2523, 2444, 2523, 2524, 2446, 2450, 2452, 2442,
            2452, 2255, 2442, 2744, 2262, 2452, 2741, 2746, 2449, 2745, 2449, 2746, 2741, 2743, 2746, 2747, 2522, 2521, 2748, 2745, 2746, 2749, 2521, 2745,
            2745, 2748, 2749, 2521, 2749, 2747, 2748, 2750, 2749, 2733, 2736, 2734, 2736, 2742, 2734, 2751, 2742, 2736, 2751, 2752, 2742, 2752, 2743, 2742,
            2752, 2753, 2743, 2754, 2752, 2751, 2754, 2755, 2752, 2755, 2753, 2752, 2751, 2736, 2737, 2756, 2751, 2737, 2754, 2751, 2757, 2756, 2737, 2668,
            2757, 2751, 2756, 2758, 2754, 2757, 2743, 2753, 2746, 2748, 2746, 2753, 2748, 2753, 2750, 2759, 2753, 2755, 2758, 2755, 2754, 2750, 2753, 2759,
            2758, 2759, 2755, 2760, 2750, 2759, 2761, 2762, 2760, 2760, 2762, 2750, 2749, 2750, 2763, 2764, 2757, 2756, 2669, 2756, 2668, 2764, 2756, 2669,
            2765, 2757, 2764, 2765, 2758, 2757, 2673, 2764, 2669, 2764, 2673, 2765, 2671, 2673, 2669, 2766, 2765, 2673, 2765, 2767, 2758, 2759, 2758, 2768,
            2768, 2758, 2767, 2760, 2759, 2768, 2769, 2761, 2760, 2768, 2769, 2760, 2765, 2766, 2767, 2770, 2768, 2767, 2771, 2767, 2766, 2771, 2770, 2767,
            2456, 2770, 2771, 2768, 2770, 2769, 2769, 2770, 2772, 2675, 2766, 2673, 2675, 2676, 2766, 2771, 2766, 2676, 2676, 2456, 2771, 2287, 2456, 2676,
            2455, 2772, 2770, 2456, 2455, 2770, 2453, 2456, 2287, 2453, 2287, 2506, 2525, 2524, 1928, 2447, 2524, 2525, 2458, 2525, 2459, 2447, 2525, 2458,
            2747, 2537, 2522, 2773, 2537, 2747, 2774, 1926, 2537, 2538, 1926, 2774, 2537, 2773, 2774, 2775, 2773, 2747, 2747, 2749, 2775, 2749, 2763, 2775,
            2776, 2774, 2773, 2773, 2775, 2776, 2538, 2774, 2777, 2538, 2777, 1936, 1937, 1936, 2777, 2778, 2777, 2774, 2778, 1937, 2777, 1934, 1937, 2779,
            2779, 1937, 2780, 2781, 2778, 2776, 2780, 1937, 2778, 2782, 2780, 2778, 2782, 2475, 2780, 2783, 2475, 2782, 2762, 2761, 2784, 2784, 2761, 2785,
            2786, 2784, 2785, 2787, 2477, 2782, 2788, 2786, 2785, 2789, 2786, 2788, 2789, 2788, 2787, 2790, 2787, 2788, 2775, 2763, 2762, 2763, 2750, 2762,
            2762, 2776, 2775, 2791, 2776, 2762, 2762, 2784, 2791, 2784, 2786, 2791, 2776, 2791, 2781, 2786, 2781, 2791, 2789, 2782, 2781, 2781, 2782, 2778,
            2477, 2783, 2782, 2786, 2789, 2781, 2789, 2787, 2782, 2469, 2462, 2468, 2779, 2566, 1934, 2463, 2566, 2779, 2463, 2567, 2566, 2475, 2779, 2780,
            2463, 2779, 2475, 2567, 2463, 2462, 2783, 2465, 2475, 2783, 2477, 2467, 2477, 2787, 2792, 2477, 2792, 2476, 2790, 2792, 2787, 2792, 2493, 2476,
            2492, 2476, 2493, 2783, 2467, 2465, 2769, 2793, 2761, 2761, 2793, 2785, 2794, 2785, 2793, 2795, 2793, 2769, 2793, 2795, 2794, 2795, 2769, 2772,
            2796, 2795, 2772, 2797, 2794, 2795, 2796, 2797, 2795, 2785, 2794, 2798, 2785, 2798, 2788, 2798, 2799, 2788, 2800, 2799, 2798, 2799, 2790, 2788,
            2801, 2790, 2799, 2801, 2799, 2800, 2489, 2798, 2797, 2800, 2798, 2489, 2797, 2798, 2794, 2489, 2801, 2800, 2501, 2801, 2489, 2455, 2796, 2772,
            2796, 2455, 2486, 2797, 2796, 2802, 2486, 2802, 2796, 2487, 2802, 2486, 2803, 2802, 2487, 2803, 2804, 2802, 2797, 2802, 2490, 2797, 2490, 2489,
            2804, 2490, 2802, 2490, 2804, 2491, 2488, 2491, 2805, 2790, 2493, 2792, 2494, 2493, 2790, 2801, 2494, 2790, 2501, 2494, 2801, 2496, 2494, 2501,
            2501, 2489, 2488, 2488, 2502, 2501, 2806, 2502, 2488, 2805, 2806, 2488, 2807, 2502, 2806, 2502, 2807, 2505, 2505, 2497, 2502, 2808, 2500, 2503,
            2503, 2500, 2498, 2809, 2505, 2807, 2504, 2505, 2809, 2504, 2808, 2503, 2810, 2808, 2504, 2811, 2808, 2810, 2812, 2504, 2809, 2810, 2504, 2812,
            2720, 2457, 2702, 2720, 2507, 2457, 2487, 2507, 2803, 2507, 2720, 2813, 2507, 2813, 2803, 2813, 2814, 2803, 2721, 2813, 2720, 2814, 2804, 2803,
            2814, 2491, 2804, 2815, 2805, 2491, 2814, 2816, 2817, 2816, 2814, 2813, 2818, 2815, 2817, 2814, 2815, 2491, 2817, 2815, 2814, 2819, 2818, 2817,
            2723, 2813, 2721, 2723, 2816, 2813, 2726, 2816, 2723, 2817, 2816, 2819, 2392, 2819, 2816, 2392, 2816, 2726, 2727, 2819, 2392, 2806, 2805, 2820,
            2818, 2805, 2815, 2818, 2820, 2805, 2820, 2807, 2806, 2821, 2509, 2820, 2822, 2821, 2818, 2820, 2818, 2821, 2822, 2823, 2821, 2820, 2809, 2807,
            2509, 2809, 2820, 2809, 2509, 2812, 2508, 2812, 2509, 2824, 2810, 2812, 2508, 2824, 2812, 2509, 2821, 2510, 2821, 2823, 2510, 2825, 2510, 2823,
            2825, 2508, 2510, 2508, 2825, 2824, 2825, 2395, 2824, 2826, 2822, 2818, 2819, 2727, 2826, 2822, 2826, 2728, 2728, 2823, 2822, 2826, 2398, 2728,
            2727, 2398, 2826, 2728, 2393, 2823, 2393, 2825, 2823, 2393, 2395, 2825, 2397, 2393, 2728, 2469, 2560, 2559, 2560, 2469, 2561, 2559, 2566, 2567,
            2469, 2559, 2567, 2623, 2196, 2612, 2196, 2623, 2627, 2225, 2639, 2643, 2704, 2713, 2712, 2778, 2774, 2776, 2819, 2826, 2818, 2827, 1602, 1607,
            2828, 1604, 2829, 2828, 2829, 2830, 2830, 2831, 2832, 2833, 1115, 1112, 2834, 2835, 2833, 1115, 1118, 1114, 2836, 1118, 1115, 2836, 2837, 1118,
            1115, 2833, 2835, 1115, 2835, 2836, 2837, 2836, 2838, 2835, 2838, 2836, 2838, 2839, 2840, 2838, 2835, 2839, 2834, 2839, 2835, 2841, 2839, 2834,
            2842, 2839, 2841, 2843, 2840, 2839, 2839, 2842, 2843, 2842, 2844, 2843, 2845, 2840, 2843, 2843, 2846, 2845, 1745, 1113, 398, 1113, 2847, 1112,
            2847, 1113, 1745, 1745, 1744, 2847, 2833, 1112, 2847, 2848, 2847, 1744, 2847, 2848, 2849, 1747, 2848, 1744, 1752, 2849, 2848, 2849, 2834, 2833,
            2833, 2847, 2849, 1747, 1752, 2848, 2841, 2834, 2849, 2841, 2849, 1752, 2850, 2841, 1752, 1752, 2851, 2850, 2851, 2852, 2850, 2852, 2851, 1755,
            2853, 2841, 2850, 2850, 2852, 2853, 2854, 2853, 2852, 1751, 2851, 1752, 1755, 2851, 1751, 2853, 2842, 2841, 2854, 2842, 2853, 2854, 2844, 2842,
            1608, 1129, 1127, 1608, 2855, 1129, 2856, 2857, 1129, 2856, 1129, 2855, 2858, 2856, 2855, 2859, 2830, 2832, 2860, 2861, 2862, 2856, 2858, 2863,
            2863, 2864, 2856, 1129, 2857, 1128, 1138, 1128, 2857, 2856, 2865, 2857, 1183, 1137, 1138, 2866, 1138, 2857, 1183, 1138, 2866, 2866, 2857, 2865,
            2866, 2865, 2867, 2864, 2863, 2868, 2865, 2856, 2864, 2868, 2869, 2864, 2864, 2869, 2865, 2867, 2865, 2869, 2843, 2844, 2846, 2846, 2844, 2870,
            2846, 2870, 2871, 2872, 2852, 2873, 2872, 2854, 2852, 1755, 2874, 2852, 1755, 1756, 2874, 1759, 2874, 1756, 2852, 2874, 2873, 2874, 1759, 2873,
            2873, 1759, 1798, 2873, 1798, 2875, 2873, 2876, 2872, 2876, 2873, 2875, 2877, 2876, 2875, 2878, 2870, 2844, 2854, 2878, 2844, 2872, 2878, 2854,
            2876, 2879, 2878, 2878, 2879, 2870, 2880, 2870, 2879, 2880, 2871, 2870, 2876, 2878, 2872, 1803, 2875, 1798, 2875, 1803, 2881, 2882, 2875, 2881,
            2882, 2877, 2875, 2882, 2883, 2877, 2882, 2881, 2884, 2885, 2884, 2881, 2882, 2884, 2886, 2883, 2882, 2886, 2886, 2884, 2887, 2887, 2888, 2886,
            2889, 2879, 2890, 2880, 2879, 2889, 2891, 2880, 2889, 2892, 2889, 2890, 2892, 2890, 2893, 2891, 2889, 2892, 2876, 2877, 2883, 2876, 2883, 2879,
            2879, 2883, 2890, 2883, 2888, 2890, 2890, 2888, 2893, 2883, 2886, 2888, 2894, 2859, 2895, 2896, 2897, 2898, 2899, 2900, 2901, 2900, 2902, 2901,
            2903, 2904, 2905, 2902, 2900, 2906, 2907, 2902, 2906, 2908, 2901, 2902, 2907, 2908, 2902, 2908, 2909, 2901, 2904, 2871, 2880, 2896, 2871, 2904,
            2910, 2911, 2912, 2891, 2904, 2880, 2905, 2904, 2891, 2913, 2914, 2905, 2913, 2905, 2891, 2914, 2913, 2915, 2916, 1184, 1183, 2866, 2917, 1183,
            2918, 1183, 2917, 2917, 2866, 2919, 2918, 2916, 1183, 1186, 1184, 2916, 2866, 2867, 2919, 2881, 1803, 1806, 1806, 2885, 2881, 2920, 2921, 2922,
            2919, 2923, 2917, 2918, 2917, 2924, 2924, 2917, 2923, 2923, 2919, 2925, 1196, 1186, 2916, 2926, 1196, 2916, 2926, 2916, 2918, 2926, 2927, 1196,
            2926, 2918, 2924, 2926, 2924, 2928, 2928, 2924, 2929, 1197, 1196, 2927, 2930, 1197, 2927, 2930, 2927, 2928, 2926, 2928, 2927, 2930, 2928, 2931,
            2931, 2928, 2932, 2923, 2929, 2924, 2932, 2928, 2929, 2933, 2934, 2922, 2884, 2885, 2887, 2935, 2936, 2888, 2937, 2938, 2939, 2940, 2892, 2893,
            2888, 2936, 2893, 2893, 2936, 2940, 2941, 2940, 2936, 2936, 2938, 2941, 2941, 2938, 2942, 2939, 2938, 2936, 2943, 2940, 2941, 2943, 2941, 2944,
            2937, 2945, 2942, 2945, 2937, 2946, 2942, 2938, 2937, 2944, 2941, 2942, 2942, 2945, 2944, 2947, 2943, 2948, 2949, 2948, 2944, 2950, 2944, 2945,
            2949, 2951, 2952, 2949, 2952, 2948, 2953, 2907, 2906, 2907, 2954, 2908, 2955, 2954, 2907, 2955, 2956, 2957, 2957, 2954, 2955, 2958, 2959, 2954,
            2954, 2957, 2958, 2959, 2908, 2954, 2915, 2960, 2914, 2961, 2962, 2963, 2885, 1806, 1835, 2885, 1835, 1836, 2935, 2888, 2887, 2935, 2887, 2885,
            1836, 1839, 2964, 2964, 2885, 1836, 2965, 2964, 1839, 2964, 2935, 2885, 2935, 2964, 2939, 2936, 2935, 2939, 2939, 2966, 2937, 2965, 2939, 2964,
            2966, 2939, 2965, 1839, 1846, 2965, 1850, 2965, 1846, 2965, 2967, 2966, 2967, 2965, 1850, 2967, 1850, 2968, 2937, 2966, 2967, 2967, 2968, 2946,
            2946, 2937, 2967, 2946, 2968, 2969, 1850, 1854, 2968, 1893, 2968, 1854, 2945, 2946, 2950, 2944, 2950, 2949, 2970, 2950, 2946, 2971, 2972, 2973,
            2969, 2968, 1893, 1896, 1893, 1855, 2969, 1893, 2974, 2975, 2974, 1893, 2946, 2969, 2976, 2976, 2969, 2974, 2976, 2974, 2977, 2975, 1893, 1896,
            2978, 2977, 2974, 1896, 1901, 2975, 1896, 1894, 1901, 2978, 2974, 2975, 2946, 2976, 2970, 2970, 2976, 2979, 2979, 2977, 2980, 2979, 2976, 2977,
            2981, 1901, 1906, 1901, 1904, 1906, 2978, 2981, 2982, 1901, 2978, 2975, 2978, 1901, 2981, 2983, 2984, 2985, 2985, 2986, 2983, 2986, 2987, 2983,
            2988, 2989, 2990, 2991, 2989, 2988, 2991, 2988, 2992, 2993, 2989, 2991, 2994, 2995, 2996, 2995, 2997, 2996, 2995, 2998, 2997, 2995, 2999, 2989,
            2999, 2990, 2989, 2989, 2998, 2995, 2996, 2997, 3000, 2998, 3001, 2997, 2989, 2993, 2998, 3002, 3000, 2997, 3003, 3004, 3000, 3002, 3003, 3000,
            3001, 2998, 2993, 2993, 3005, 3001, 3002, 2997, 3001, 3005, 2993, 2991, 3006, 3007, 3008, 3009, 2564, 3010, 3010, 2564, 1942, 1944, 3010, 1942,
            2986, 2985, 3009, 2986, 3009, 3010, 3011, 2987, 2986, 1316, 1197, 2930, 2930, 1320, 1316, 1320, 1317, 1316, 2931, 1320, 2930, 1320, 3012, 1319,
            1320, 3013, 3012, 2931, 3013, 1320, 3014, 3015, 3016, 1328, 1319, 3012, 1328, 3012, 3017, 1328, 3018, 1329, 3017, 3018, 1328, 3017, 3019, 3018,
            3020, 3018, 3019, 3021, 3020, 3019, 3022, 3023, 3024, 3023, 3021, 3019, 3021, 3023, 3022, 3022, 3024, 3025, 3026, 3027, 3028, 3027, 3026, 3029,
            3029, 3030, 3027, 3031, 3032, 3033, 1611, 1329, 3018, 3020, 1611, 3018, 3021, 3034, 3020, 1613, 1368, 1612, 1613, 3035, 1368, 3020, 3036, 1613,
            3034, 3036, 3020, 3035, 1613, 3036, 3025, 3037, 3022, 3021, 3022, 3037, 3034, 3021, 3037, 3038, 3025, 3039, 3037, 3025, 3038, 3037, 3040, 3034,
            3040, 3037, 3038, 1367, 1368, 3035, 1371, 1367, 3035, 1371, 3035, 3041, 3042, 3035, 3036, 3041, 3035, 3042, 3041, 3042, 3043, 1369, 1371, 3044,
            1373, 1369, 3044, 3041, 3044, 1371, 3041, 3045, 3044, 3044, 3045, 3046, 3042, 3047, 3043, 3045, 3041, 3043, 3043, 3047, 3048, 3045, 3043, 3049,
            3048, 3047, 3050, 3048, 3049, 3043, 3048, 3050, 3051, 3052, 3045, 3049, 3046, 3045, 3052, 3053, 3049, 3048, 3053, 3048, 3054, 3052, 3049, 3053,
            3055, 3056, 3039, 3056, 3038, 3039, 3038, 3056, 3057, 3050, 3038, 3057, 3057, 3056, 3058, 3059, 3057, 3058, 3060, 3061, 3062, 3060, 3063, 3061,
            3062, 3064, 3060, 3064, 3062, 3065, 3063, 3058, 3061, 3066, 3063, 3060, 3048, 3051, 3054, 3051, 3067, 3054, 3054, 3067, 3068, 3068, 3069, 3054,
            3070, 3071, 3072, 3068, 3067, 3073, 3074, 3068, 3070, 3075, 3060, 3064, 3075, 3076, 3077, 3078, 3066, 3060, 3078, 3060, 3075, 3072, 3071, 3078,
            3079, 3072, 3078, 3077, 3078, 3075, 3079, 3078, 3077, 3080, 3079, 3077, 3081, 3003, 3082, 3081, 3083, 3084, 3085, 3084, 3086, 3085, 3087, 3084,
            3088, 3087, 3089, 3089, 3087, 3085, 3090, 3091, 3088, 3090, 3088, 3089, 3092, 3093, 3094, 3095, 3094, 3093, 2987, 3094, 2992, 3093, 3096, 3095,
            3097, 3098, 3093, 3099, 3093, 3098, 3098, 3100, 3099, 3099, 3096, 3093, 3101, 3096, 3099, 3102, 3099, 3100, 3082, 3003, 3002, 3002, 3001, 3103,
            3005, 3103, 3001, 3104, 3103, 3005, 3082, 3083, 3081, 3082, 3002, 3103, 3083, 3082, 3103, 3105, 3103, 3104, 3083, 3103, 3105, 3086, 3084, 3083,
            3104, 3005, 3106, 3107, 3104, 3106, 3108, 3086, 3083, 3108, 3083, 3105, 3109, 3086, 3108, 3110, 3109, 3111, 3086, 3109, 3085, 3089, 3085, 3109,
            3110, 3089, 3109, 3112, 3113, 3090, 3089, 3110, 3090, 3114, 3090, 3110, 3112, 3090, 3114, 3115, 3113, 3112, 3116, 3115, 3112, 3112, 3117, 3116,
            3118, 3119, 3120, 3120, 3116, 3117, 3120, 3119, 3116, 3121, 3119, 3118, 3122, 3123, 3120, 3120, 3123, 3118, 3124, 3118, 3123, 3100, 3125, 3126,
            3127, 3126, 3128, 3129, 3127, 3128, 3130, 3131, 3126, 3132, 3131, 3130, 3130, 3133, 3132, 3133, 3134, 3135, 3126, 3136, 3130, 3136, 3126, 3127,
            3136, 3137, 3134, 3137, 3136, 3127, 3136, 3133, 3130, 3133, 3136, 3134, 3138, 3137, 3129, 3137, 3127, 3129, 3139, 3137, 3138, 3140, 3137, 3141,
            3142, 3140, 3141, 3143, 3144, 3145, 3135, 3143, 3145, 3140, 3134, 3137, 3134, 3140, 3143, 3146, 3143, 3142, 3146, 3144, 3143, 3146, 3147, 3144,
            3142, 3143, 3140, 3114, 3110, 3148, 3149, 3150, 3147, 3151, 3152, 3150, 3151, 3153, 3152, 3151, 3154, 3153, 3153, 3122, 3155, 3122, 3154, 3123,
            3153, 3154, 3122, 3156, 3123, 3154, 3150, 3157, 3145, 3150, 3158, 3157, 3147, 3150, 3144, 3159, 2972, 3160, 3161, 3159, 3160, 3162, 3163, 3164,
            3164, 3165, 3166, 3167, 3166, 3165, 3168, 3065, 3167, 3167, 3065, 3166, 3169, 3165, 3115, 3064, 3065, 3168, 3075, 3064, 3168, 3076, 3168, 3167,
            3076, 3075, 3168, 3165, 3169, 3167, 3167, 3169, 3170, 3076, 3167, 3170, 3171, 3077, 3076, 3171, 3080, 3077, 3169, 3172, 3170, 3170, 3172, 3076,
            3116, 3169, 3115, 3116, 3119, 3169, 3172, 3169, 3119, 3119, 3173, 3172, 3119, 3121, 3173, 3046, 3052, 3174, 3175, 3174, 3052, 3053, 3054, 3069,
            3176, 3053, 3069, 3052, 3053, 3176, 3175, 3052, 3176, 3175, 3176, 3177, 3177, 3176, 3178, 1373, 3044, 3179, 3179, 3044, 3046, 3046, 3180, 3179,
            1529, 1373, 3179, 3181, 1529, 3179, 1532, 1529, 3181, 3181, 3179, 3182, 3179, 3180, 3182, 3183, 3180, 3174, 3180, 3184, 3182, 3184, 3180, 3183,
            3180, 3046, 3174, 3175, 3185, 3174, 3183, 3174, 3185, 3185, 3175, 3177, 3177, 3186, 3185, 3187, 3186, 3177, 3188, 1532, 3182, 3188, 1541, 1532,
            1532, 3181, 3182, 3189, 3188, 3182, 3189, 3182, 3184, 1541, 3188, 1545, 1544, 1545, 3190, 3184, 3191, 3189, 1545, 3188, 3189, 3190, 1545, 3189,
            3190, 3189, 3192, 3192, 3189, 3191, 3193, 3184, 3183, 3183, 3185, 3186, 3193, 3191, 3184, 3193, 3183, 3194, 3186, 3194, 3183, 3191, 3193, 3195,
            3195, 3193, 3194, 3191, 3195, 3196, 3196, 3195, 3197, 3198, 3194, 3199, 3194, 3198, 3195, 3197, 3195, 3198, 3068, 3074, 3069, 3178, 3176, 3069,
            3200, 3069, 3074, 3178, 3069, 3200, 3201, 3074, 3070, 3201, 3070, 3072, 3177, 3178, 3187, 3202, 3178, 3200, 3202, 3187, 3178, 3201, 3200, 3074,
            3201, 3203, 3200, 3203, 3201, 3204, 3202, 3200, 3203, 3205, 3072, 3079, 3204, 3072, 3205, 3201, 3072, 3204, 3080, 3205, 3079, 3205, 3080, 3206,
            3203, 3204, 3207, 3208, 3203, 3207, 3204, 3205, 3207, 3209, 3207, 3205, 3209, 3205, 3210, 3211, 3187, 3202, 3211, 3202, 3208, 3208, 3202, 3203,
            3212, 3211, 3208, 3208, 3207, 3213, 3214, 3208, 3213, 3209, 3215, 3207, 3213, 3207, 3215, 3215, 3216, 3213, 3217, 3212, 3208, 3217, 3208, 3214,
            3217, 3218, 3212, 3216, 3214, 3213, 3219, 3214, 3216, 3214, 3220, 3217, 3214, 3219, 3220, 3186, 3187, 3194, 3194, 3187, 3199, 3199, 3187, 3211,
            3211, 3221, 3199, 3222, 3199, 3221, 3222, 3198, 3199, 3212, 3221, 3211, 3221, 3212, 3223, 1544, 3190, 1577, 1577, 1543, 1544, 3224, 3190, 3192,
            3196, 3224, 3192, 3225, 1576, 1577, 3226, 3227, 3224, 3226, 3224, 3196, 3226, 3228, 3227, 1580, 1576, 3225, 3196, 3192, 3191, 3229, 3197, 3198,
            3230, 3231, 3228, 1590, 1580, 3232, 3233, 1590, 3232, 1591, 1590, 3233, 3234, 3233, 3232, 3234, 3232, 3231, 3230, 3234, 3231, 3235, 3234, 3230,
            3228, 3226, 3236, 3237, 3230, 3238, 3237, 3238, 3239, 3218, 3223, 3212, 3218, 3240, 3223, 3217, 3220, 3218, 3241, 3218, 3220, 3241, 3240, 3218,
            3220, 3219, 3241, 3242, 3240, 3241, 3242, 3241, 3243, 3244, 3241, 3219, 3243, 3241, 3244, 3242, 3243, 3245, 3246, 3243, 3244, 3246, 3244, 3247,
            3246, 3245, 3243, 3248, 3245, 3246, 3247, 3249, 3246, 3250, 3248, 3246, 3251, 3250, 3249, 3229, 3198, 3222, 3222, 3221, 3223, 3229, 3222, 3252,
            3223, 3252, 3222, 3253, 3252, 3223, 3253, 3223, 3240, 3252, 3254, 3229, 3255, 3254, 3252, 3255, 3252, 3256, 3252, 3253, 3256, 3256, 3253, 3242,
            3242, 3253, 3240, 3257, 3255, 3256, 3258, 3255, 3259, 3260, 3258, 3259, 3255, 3257, 3259, 3257, 3256, 3261, 3262, 3257, 3261, 3262, 3263, 3264,
            3259, 3257, 3264, 3261, 3256, 3242, 3262, 3261, 3245, 3245, 3261, 3242, 3248, 3250, 3245, 3250, 3263, 3245, 3124, 3265, 3266, 3124, 3267, 3265,
            3267, 3124, 3123, 3268, 3265, 3267, 3269, 3270, 3266, 3265, 3269, 3266, 3268, 3269, 3265, 3271, 3268, 3272, 3272, 3268, 3273, 3271, 3269, 3268,
            3274, 3271, 3272, 3274, 3272, 3275, 3276, 3147, 3146, 3277, 3276, 3146, 3146, 3142, 3278, 3277, 3146, 3278, 3277, 3279, 3280, 3280, 3276, 3277,
            3280, 3281, 3282, 3283, 3284, 2401, 3285, 3283, 2401, 3283, 3286, 3284, 3287, 3286, 3283, 3288, 3279, 3286, 3288, 3289, 3279, 3281, 3290, 3282,
            3289, 3281, 3279, 3281, 3289, 3290, 3290, 3289, 3291, 3287, 3292, 3288, 3291, 3288, 3292, 3291, 3289, 3288, 3287, 3288, 3286, 3293, 3154, 3294,
            3149, 3295, 3294, 3294, 3295, 3296, 3151, 3294, 3154, 3149, 3151, 3150, 3294, 3151, 3149, 3295, 3282, 3296, 3297, 3293, 3294, 3294, 3296, 3297,
            3156, 3154, 3293, 3123, 3156, 3267, 3156, 3293, 3267, 3267, 3298, 3268, 3298, 3267, 3293, 3293, 3297, 3298, 3295, 3149, 3276, 3276, 3149, 3147,
            3276, 3280, 3295, 3282, 3295, 3280, 3282, 3299, 3296, 3282, 3300, 3299, 3301, 3297, 3296, 3301, 3296, 3299, 3301, 3302, 3297, 3303, 3301, 3299,
            3300, 3303, 3299, 3304, 3300, 3291, 3303, 3304, 3305, 3306, 3302, 3301, 3306, 3301, 3303, 3306, 3305, 3307, 3273, 3268, 3298, 3302, 3298, 3297,
            3273, 3298, 3302, 3308, 3273, 3302, 3273, 3308, 3272, 3308, 3307, 3272, 3302, 3306, 3308, 3307, 3308, 3306, 3309, 3272, 3307, 3275, 3272, 3309,
            3300, 3282, 3290, 3290, 3291, 3300, 3274, 3275, 3310, 3310, 3311, 3312, 3311, 3310, 3313, 3314, 3311, 3313, 3314, 3315, 3311, 3316, 3315, 3314,
            3317, 3318, 3287, 2432, 3285, 2401, 3285, 3317, 3283, 3317, 3287, 3283, 3319, 3320, 2433, 3319, 3317, 3320, 3319, 3318, 3317, 3320, 3285, 2432,
            2433, 3320, 2432, 3317, 3285, 3320, 3318, 3292, 3287, 3292, 3318, 3321, 3304, 3291, 3321, 3321, 3291, 3292, 3322, 3321, 3318, 3323, 3322, 3324,
            3318, 3319, 3322, 3322, 3319, 3324, 3322, 3325, 3321, 3322, 3323, 3326, 3325, 3322, 3326, 3327, 3328, 3329, 3330, 3319, 2433, 3330, 3324, 3319,
            3331, 3324, 3330, 3330, 2433, 2440, 3332, 3330, 2440, 3333, 3330, 3332, 3333, 3331, 3330, 3331, 3323, 3324, 3323, 3328, 3326, 3328, 3323, 3331,
            3329, 3328, 3331, 3305, 3304, 3325, 3304, 3321, 3325, 3306, 3303, 3305, 3305, 3334, 3335, 3336, 3335, 3334, 3337, 3334, 3325, 3337, 3325, 3326,
            3325, 3334, 3305, 3338, 3336, 3334, 3309, 3307, 3335, 3313, 3309, 3335, 3305, 3335, 3307, 3309, 3310, 3275, 3313, 3310, 3309, 3313, 3335, 3336,
            3314, 3313, 3339, 3339, 3313, 3336, 3336, 3338, 3339, 3340, 3339, 3338, 3341, 3337, 3326, 3342, 3338, 3341, 3328, 3341, 3326, 3338, 3334, 3337,
            3337, 3341, 3338, 3341, 3327, 3342, 3327, 3341, 3328, 3338, 3342, 3340, 3343, 3340, 3342, 3344, 3314, 3339, 3340, 3344, 3339, 3316, 3314, 3344,
            3345, 3340, 3343, 3345, 3344, 3340, 3080, 3171, 3206, 3346, 3206, 3171, 3347, 3346, 3348, 3349, 3206, 3346, 3210, 3206, 3349, 3346, 3347, 3349,
            3205, 3206, 3210, 3210, 3215, 3209, 3347, 3348, 3270, 3350, 3349, 3351, 3349, 3347, 3351, 3351, 3347, 3352, 3353, 3350, 3351, 3349, 3215, 3210,
            3216, 3215, 3350, 3349, 3350, 3215, 3354, 3216, 3350, 3219, 3216, 3354, 3355, 3354, 3350, 3347, 3356, 3352, 3357, 3352, 3356, 3271, 3357, 3356,
            3356, 3269, 3271, 3351, 3352, 3357, 3271, 3274, 3357, 3312, 3357, 3274, 3358, 3353, 3351, 3355, 3353, 3358, 3359, 3360, 3355, 3359, 3358, 3361,
            3359, 3355, 3358, 3244, 3219, 3362, 3351, 3357, 3363, 3312, 3363, 3357, 3358, 3351, 3363, 3310, 3312, 3274, 3364, 3363, 3312, 3364, 3361, 3363,
            3363, 3361, 3358, 3364, 3312, 3311, 3315, 3364, 3311, 3365, 3247, 3362, 3249, 3247, 3365, 3249, 3366, 3251, 3367, 3361, 3364, 3367, 3315, 3316,
            3367, 3364, 3315, 2474, 1944, 2472, 3094, 2987, 3011, 3368, 3094, 3011, 3368, 3092, 3094, 2480, 2474, 2473, 3369, 3097, 2482, 2482, 2480, 2479,
            2480, 2482, 3097, 3097, 3369, 3098, 2484, 3369, 2482, 3369, 3100, 3098, 2499, 2484, 2483, 3125, 3369, 2484, 2500, 3125, 2499, 3125, 2484, 2499,
            3125, 3100, 3369, 3128, 3126, 3125, 3128, 3125, 2500, 3129, 3128, 2500, 1117, 1607, 1601, 1607, 1602, 1601, 3370, 2827, 1607, 1602, 2829, 1604,
            1602, 2827, 2829, 2828, 1605, 1604, 2831, 2829, 2827, 3370, 2831, 2827, 2830, 2829, 2831, 3370, 3371, 2831, 3371, 2832, 2831, 3372, 3373, 3371,
            3373, 2832, 3371, 3373, 2859, 2832, 3373, 3372, 2895, 2895, 2859, 3373, 1118, 1607, 1119, 3374, 1607, 1118, 3374, 3370, 1607, 3374, 1118, 2837,
            2860, 2837, 2838, 2837, 2860, 3374, 2860, 2838, 2840, 2861, 2860, 2840, 2840, 2845, 2861, 2846, 2898, 2845, 1608, 1605, 2828, 3370, 3374, 2862,
            2862, 3374, 2860, 2830, 2858, 2828, 1608, 2828, 2855, 2855, 2828, 2858, 2862, 3371, 3370, 2859, 3375, 2830, 3376, 3372, 3371, 3371, 2862, 3376,
            3377, 3372, 3376, 2861, 3376, 2862, 3376, 2861, 3377, 2898, 3377, 2861, 2898, 2861, 2845, 2858, 2830, 3375, 3375, 2859, 2894, 3378, 3375, 2894,
            3378, 2894, 3379, 2863, 2858, 3375, 2863, 3375, 3378, 3378, 3380, 2863, 2863, 3380, 2868, 2868, 3380, 3381, 3381, 3382, 2868, 2869, 2868, 3382,
            2867, 2869, 3383, 3383, 2869, 3382, 2895, 3372, 3384, 3377, 3384, 3372, 2895, 3385, 3386, 3384, 3385, 2895, 3385, 3387, 3386, 3377, 2897, 3384,
            3377, 2898, 2897, 2897, 3385, 3384, 2903, 3385, 2897, 2897, 2896, 2903, 2896, 2904, 2903, 3379, 2894, 2895, 3379, 2895, 3386, 3386, 3387, 3379,
            3388, 3379, 3387, 3387, 3389, 3388, 3380, 3378, 3379, 3380, 3379, 3390, 3390, 3379, 3388, 3381, 3380, 3390, 3389, 3391, 3388, 3388, 3391, 3390,
            2900, 2899, 3385, 2899, 3387, 3385, 2901, 3387, 2899, 3385, 2903, 2900, 2905, 2900, 2903, 2900, 2905, 2906, 2906, 2905, 2914, 2914, 2953, 2906,
            3387, 2909, 3389, 2901, 2909, 3387, 3391, 3389, 3392, 3392, 3389, 2909, 3393, 2909, 2908, 3392, 2909, 3393, 2898, 2846, 2896, 2896, 2846, 2871,
            3382, 3381, 2912, 3390, 2912, 3381, 2912, 3390, 2910, 3391, 2910, 3390, 2912, 3383, 3382, 2912, 2921, 3383, 2921, 2912, 2911, 3394, 2921, 2911,
            2892, 2913, 2891, 2915, 2913, 2892, 2910, 3391, 3392, 3392, 3395, 2910, 3392, 3396, 3395, 3396, 3392, 3393, 3396, 3393, 3397, 2911, 2910, 3395,
            3398, 2911, 3395, 3399, 3395, 3396, 3395, 3399, 3400, 3400, 3399, 3401, 2919, 2867, 2925, 3402, 2867, 3383, 2925, 2867, 3402, 3402, 2920, 3403,
            3402, 3383, 2920, 2921, 2920, 3383, 2921, 3394, 2922, 3398, 3394, 2911, 3395, 3400, 3398, 3398, 2922, 3394, 3404, 3398, 3400, 3400, 3405, 3404,
            3400, 3401, 3406, 3404, 2922, 3398, 3404, 2933, 2922, 3407, 3404, 3405, 3404, 3407, 2933, 3400, 3406, 3405, 3405, 3406, 2973, 3405, 2973, 3408,
            3403, 2925, 3402, 2925, 3409, 2923, 3409, 2925, 3403, 3410, 3409, 3403, 3409, 3411, 2923, 2929, 2923, 3411, 3409, 3410, 3411, 3412, 3411, 3410,
            3413, 2932, 2929, 3413, 3014, 3414, 3413, 2929, 3411, 3411, 3015, 3413, 3015, 3411, 3412, 3014, 3413, 3015, 3403, 2920, 2934, 3415, 3410, 3403,
            3415, 3403, 2934, 2934, 2920, 2922, 3412, 3410, 3416, 3416, 3410, 3415, 2934, 3416, 3415, 3416, 2934, 2933, 3417, 2933, 3418, 3417, 3416, 2933,
            3419, 3412, 3416, 3015, 3412, 3419, 3419, 3416, 3417, 3419, 3420, 3421, 3419, 3417, 3420, 3418, 2933, 3407, 3407, 3405, 3408, 3422, 3418, 3407,
            3408, 3422, 3407, 3417, 3418, 3423, 3423, 3418, 3422, 3417, 3423, 3420, 3423, 3422, 3424, 3422, 3408, 2972, 3159, 3422, 2972, 2940, 2915, 2892,
            2943, 2915, 2940, 2944, 2948, 2943, 2951, 3425, 2952, 3426, 2951, 2949, 2950, 2979, 2949, 2953, 2955, 2907, 3427, 2955, 2953, 3427, 2956, 2955,
            2956, 3427, 3428, 3429, 2958, 2957, 3393, 2908, 3397, 3397, 2908, 2959, 3429, 2957, 2956, 2956, 3430, 3429, 3430, 3431, 3429, 2953, 2914, 3427,
            3427, 2914, 2960, 2960, 3428, 3427, 2947, 3428, 2960, 2943, 2960, 2915, 2943, 2947, 2960, 3432, 3397, 2959, 2958, 3433, 2959, 3432, 2959, 3433,
            3432, 3396, 3397, 3396, 3432, 3434, 3432, 3435, 3434, 3401, 3396, 3434, 3396, 3401, 3399, 3435, 3432, 3433, 3433, 2961, 3435, 3436, 3434, 3435,
            3428, 3430, 2956, 2947, 3430, 3428, 2958, 3429, 3437, 2958, 3437, 3433, 3437, 3429, 3431, 3438, 3433, 3437, 2952, 3431, 3430, 3431, 2952, 3425,
            3439, 3431, 3425, 3440, 3439, 3425, 3431, 3439, 3437, 3438, 3437, 3439, 2948, 3430, 2947, 2948, 2952, 3430, 2962, 2961, 3438, 2962, 3438, 3439,
            3440, 3441, 3439, 3439, 3441, 2962, 2961, 3433, 3438, 3442, 3435, 2961, 2951, 3443, 3425, 3426, 3443, 2951, 3443, 3426, 3444, 3445, 3443, 3444,
            3446, 3445, 3444, 2980, 3426, 2979, 2979, 3426, 2949, 3444, 3426, 3447, 2980, 3447, 3426, 3448, 3447, 2980, 3449, 3447, 3448, 3449, 3450, 3444,
            3449, 3444, 3447, 3450, 3446, 3444, 2980, 3451, 3448, 3452, 3451, 3453, 3454, 3455, 3453, 3453, 3455, 3452, 3448, 3451, 3449, 3449, 3451, 3452,
            3456, 3449, 3452, 3449, 3456, 3450, 3445, 3425, 3443, 3445, 3440, 3425, 3446, 3457, 3445, 3457, 3440, 3445, 3441, 3440, 3457, 3457, 3446, 3458,
            3458, 3446, 3450, 2970, 2979, 2950, 3459, 3434, 3436, 3459, 3401, 3434, 3406, 3401, 3459, 3442, 3436, 3435, 3460, 3436, 3442, 3436, 3460, 3461,
            3461, 3459, 3436, 2973, 3406, 3459, 2973, 3459, 3462, 3463, 3461, 3460, 3464, 3461, 3463, 3462, 3459, 3461, 3461, 3464, 3462, 3465, 2963, 2962,
            3441, 2994, 2962, 3465, 2962, 2994, 3460, 3442, 2961, 2963, 3460, 2961, 3460, 3466, 3463, 3466, 3460, 2963, 3465, 3466, 2963, 3464, 3463, 3467,
            3467, 3463, 3466, 2996, 3466, 3465, 2971, 2973, 3462, 3408, 2973, 2972, 2971, 3462, 3468, 3462, 3464, 3468, 2971, 3160, 2972, 2971, 3468, 3160,
            3160, 3468, 3469, 3468, 3464, 3467, 3470, 3468, 3467, 3467, 3466, 2996, 3004, 3467, 2996, 2996, 3000, 3004, 3471, 3470, 3467, 3470, 3469, 3468,
            3471, 3467, 3004, 3471, 3004, 3003, 2982, 2980, 2977, 2978, 2982, 2977, 2981, 3454, 3453, 2982, 2981, 3453, 2982, 3453, 3451, 3451, 2980, 2982,
            3008, 3454, 3472, 2518, 3472, 3454, 2518, 3454, 2981, 3472, 2518, 2517, 3008, 3455, 3454, 3473, 3008, 3007, 3473, 3455, 3008, 3473, 3452, 3455,
            3474, 3473, 3007, 2518, 2981, 1906, 1907, 2518, 1906, 3456, 3452, 3475, 3476, 3450, 3456, 3476, 3458, 3450, 2999, 3458, 3476, 3452, 3473, 3475,
            3474, 3475, 3473, 2990, 2999, 3476, 3476, 3456, 2990, 2990, 3456, 3477, 3477, 3456, 3475, 3474, 3477, 3475, 3477, 3474, 2984, 3477, 2988, 2990,
            3477, 2983, 2988, 2988, 2983, 2992, 2983, 3477, 2984, 2992, 2983, 2987, 3441, 3457, 3478, 2995, 3441, 3478, 2994, 3441, 2995, 3478, 3457, 3458,
            3458, 2999, 3478, 2996, 3465, 2994, 3478, 2999, 2995, 3472, 3006, 3008, 2544, 3472, 2517, 3472, 2544, 3006, 3006, 2544, 3479, 3479, 2544, 2553,
            3479, 2553, 2554, 3479, 2554, 2563, 3006, 3479, 3007, 3480, 3474, 3007, 3480, 3007, 3479, 2984, 3474, 3480, 2563, 3480, 3479, 2564, 2563, 2562,
            2564, 3480, 2563, 3480, 2564, 3009, 3480, 3009, 2985, 2985, 2984, 3480, 3010, 3011, 2986, 3011, 3010, 1944, 3481, 2931, 3414, 3481, 3013, 2931,
            3414, 2932, 3413, 2932, 3414, 2931, 3414, 3014, 3482, 3483, 3414, 3482, 3016, 3482, 3014, 3481, 3414, 3483, 3481, 3483, 3484, 3485, 3484, 3483,
            3482, 3486, 3483, 3486, 3482, 3016, 3485, 3483, 3486, 3012, 3013, 3481, 3017, 3012, 3481, 3017, 3481, 3023, 3019, 3017, 3023, 3485, 3486, 3487,
            3487, 3488, 3485, 3023, 3481, 3484, 3023, 3484, 3485, 3485, 3024, 3023, 3488, 3025, 3024, 3488, 3039, 3025, 3421, 3015, 3419, 3421, 3016, 3015,
            3489, 3016, 3421, 3490, 3420, 3491, 3490, 3421, 3420, 3490, 3489, 3421, 3487, 3016, 3489, 3486, 3016, 3487, 3492, 3489, 3490, 3493, 3489, 3492,
            3491, 3420, 3423, 3490, 3491, 3494, 3491, 3423, 3424, 3424, 3422, 3159, 3026, 3424, 3159, 3491, 3424, 3028, 3028, 3424, 3026, 3494, 3491, 3028,
            3492, 3490, 3494, 3495, 3492, 3494, 3495, 3494, 3028, 3027, 3495, 3028, 3496, 3487, 3493, 3496, 3488, 3487, 3496, 3493, 3497, 3492, 3497, 3493,
            3498, 3055, 3496, 3496, 3497, 3498, 3498, 3497, 3499, 3500, 3498, 3499, 3055, 3488, 3496, 3039, 3488, 3055, 3501, 3492, 3495, 3501, 3495, 3030,
            3497, 3492, 3501, 3499, 3497, 3501, 3032, 3030, 3029, 3027, 3030, 3495, 3501, 3031, 3499, 3031, 3501, 3030, 3033, 3499, 3031, 3499, 3033, 3500,
            3032, 3031, 3030, 1611, 3020, 1613, 3036, 3034, 3042, 3040, 3042, 3034, 3047, 3042, 3040, 3050, 3040, 3038, 3047, 3040, 3050, 3055, 3498, 3056,
            3056, 3498, 3500, 3058, 3056, 3500, 3063, 3059, 3058, 3061, 3500, 3033, 3062, 3061, 3033, 3502, 3033, 3032, 3065, 3033, 3502, 3065, 3062, 3033,
            3058, 3500, 3061, 3051, 3050, 3057, 3067, 3057, 3059, 3057, 3067, 3051, 3073, 3059, 3066, 3073, 3067, 3059, 3070, 3068, 3073, 3073, 3071, 3070,
            3066, 3059, 3063, 3066, 3078, 3071, 3071, 3073, 3066, 3503, 3160, 3469, 3160, 3503, 3161, 3504, 3161, 3503, 3503, 3505, 3504, 3506, 3504, 3505,
            3470, 3081, 3469, 3507, 3469, 3081, 3505, 3503, 3469, 3081, 3470, 3471, 3471, 3003, 3081, 3507, 3505, 3469, 3087, 3505, 3507, 3084, 3507, 3081,
            3087, 3507, 3084, 3508, 3505, 3087, 3505, 3508, 3506, 3088, 3508, 3087, 3091, 3506, 3508, 3091, 3508, 3088, 3005, 2991, 3509, 3509, 2991, 2992,
            3096, 3509, 3095, 3106, 3005, 3509, 3095, 2992, 3094, 3095, 3509, 2992, 3106, 3509, 3096, 3101, 3106, 3096, 3102, 3101, 3099, 3102, 3510, 3101,
            3510, 3102, 3132, 3102, 3100, 3131, 3102, 3131, 3132, 3105, 3104, 3107, 3108, 3105, 3107, 3511, 3108, 3107, 3510, 3511, 3107, 3111, 3109, 3108,
            3111, 3108, 3511, 3101, 3107, 3106, 3101, 3510, 3107, 3091, 3090, 3113, 3114, 3155, 3112, 3117, 3112, 3155, 3117, 3155, 3122, 3120, 3117, 3122,
            3121, 3118, 3124, 3133, 3510, 3132, 3100, 3126, 3131, 3512, 3133, 3135, 3141, 3137, 3139, 3513, 3141, 3139, 3513, 3514, 3141, 3141, 3514, 3142,
            3514, 3278, 3142, 3143, 3135, 3134, 3515, 3110, 3111, 3516, 3511, 3510, 3516, 3111, 3511, 3515, 3111, 3516, 3517, 3515, 3516, 3515, 3518, 3148,
            3518, 3517, 3157, 3158, 3518, 3157, 3518, 3515, 3517, 3515, 3148, 3110, 3155, 3114, 3148, 3155, 3148, 3518, 3516, 3510, 3133, 3517, 3516, 3512,
            3516, 3133, 3512, 3157, 3517, 3512, 3512, 3135, 3157, 3152, 3155, 3518, 3155, 3152, 3153, 3158, 3150, 3152, 3152, 3518, 3158, 3135, 3145, 3157,
            3145, 3144, 3150, 3161, 3026, 3159, 3519, 3026, 3161, 3519, 3520, 3026, 3029, 3026, 3520, 3504, 3519, 3161, 3519, 3504, 3520, 3521, 3032, 3029,
            3029, 3520, 3521, 3520, 3522, 3521, 3504, 3506, 3520, 3522, 3520, 3506, 3502, 3032, 3521, 3162, 3521, 3522, 3164, 3502, 3521, 3522, 3506, 3091,
            3162, 3522, 3091, 3162, 3164, 3521, 3166, 3502, 3164, 3065, 3502, 3166, 3091, 3113, 3162, 3163, 3162, 3113, 3165, 3164, 3163, 3115, 3163, 3113,
            3165, 3163, 3115, 3171, 3076, 3172, 3346, 3171, 3172, 3224, 1577, 3190, 3225, 1577, 3523, 3523, 1577, 3227, 3227, 1577, 3224, 3226, 3196, 3197,
            3226, 3197, 3254, 3254, 3197, 3229, 3524, 3226, 3254, 3236, 3226, 3524, 3228, 3523, 3227, 3225, 3523, 1580, 3232, 1580, 3523, 3232, 3523, 3231,
            3231, 3523, 3228, 3237, 3235, 3230, 3238, 3228, 3236, 3230, 3228, 3238, 3238, 3236, 3258, 3258, 3236, 3524, 3239, 3238, 3258, 3258, 3260, 3239,
            3525, 3239, 3260, 3247, 3244, 3362, 3246, 3249, 3250, 3255, 3524, 3254, 3255, 3258, 3524, 3259, 3264, 3260, 3262, 3264, 3257, 3263, 3262, 3245,
            3124, 3266, 3121, 3526, 3513, 2811, 3526, 3514, 3513, 3526, 3527, 3514, 3528, 3278, 3514, 3527, 3528, 3514, 3529, 3526, 2824, 3529, 3527, 3526,
            2395, 3529, 2824, 2395, 3530, 3529, 3531, 3529, 3530, 3527, 3532, 3533, 3532, 3527, 3531, 3527, 3533, 3528, 3531, 3527, 3529, 3533, 3278, 3528,
            3278, 3533, 3277, 3280, 3279, 3281, 3533, 3532, 3277, 3279, 3277, 3532, 2396, 3530, 2395, 3531, 3530, 3284, 3284, 3530, 2396, 2396, 2401, 3284,
            3284, 3532, 3531, 3286, 3532, 3284, 3279, 3532, 3286, 3304, 3303, 3300, 3534, 3316, 3344, 3535, 3536, 3537, 3316, 3534, 3537, 3345, 3534, 3344,
            3348, 3172, 3173, 3172, 3348, 3346, 3266, 3173, 3121, 3266, 3348, 3173, 3270, 3348, 3266, 3356, 3347, 3270, 3355, 3350, 3353, 3270, 3269, 3356,
            3361, 3538, 3359, 3362, 3219, 3354, 3355, 3362, 3354, 3360, 3362, 3355, 3539, 3359, 3538, 3540, 3539, 3538, 3541, 3540, 3538, 3538, 3542, 3541,
            3365, 3362, 3360, 3539, 3360, 3359, 3360, 3539, 3365, 3365, 3366, 3249, 3365, 3539, 3540, 3366, 3365, 3540, 3367, 3538, 3361, 3367, 3536, 3542,
            3538, 3367, 3542, 3536, 3367, 3316, 3537, 3536, 3316, 3368, 3011, 1944, 3368, 1944, 2474, 3368, 2474, 3092, 3097, 3092, 2480, 3092, 2474, 2480,
            3092, 3097, 3093, 2808, 3129, 2500, 3138, 3129, 2808, 3139, 3138, 2808, 2811, 3139, 2808, 3513, 3139, 2811, 3526, 2811, 2824, 2824, 2811, 2810,
            3485, 3488, 3024, 3487, 3489, 3493, 3543, 3544, 3545, 3546, 3543, 3545, 3546, 3547, 3548, 3549, 3546, 3548, 3550, 3549, 3548, 3550, 3551, 3549,
            3548, 3552, 3550, 3553, 3551, 3550, 3554, 3553, 3555, 3556, 3550, 3552, 3550, 3556, 3555, 3555, 3553, 3550, 3554, 3555, 3556, 3557, 3553, 3554,
            3554, 3558, 3557, 3554, 3556, 3559, 3560, 3554, 3559, 3561, 3554, 3560, 3561, 3558, 3554, 3562, 3557, 3558, 3558, 3563, 3562, 3564, 3562, 3565,
            3565, 3566, 3564, 3563, 3565, 3562, 3563, 3558, 3561, 3565, 3563, 3567, 3561, 3567, 3563, 768, 762, 761, 3568, 3569, 3570, 763, 759, 3571,
            760, 844, 3572, 3572, 759, 760, 763, 753, 759, 3572, 3571, 759, 761, 763, 3570, 3571, 3573, 3574, 3575, 3571, 3572, 3576, 3571, 3575,
            3573, 3571, 3576, 3570, 763, 3571, 3574, 3570, 3571, 3570, 3574, 3568, 768, 3577, 769, 768, 3569, 3577, 3577, 3578, 769, 3578, 770, 769,
            770, 3578, 3579, 3580, 3577, 3569, 3581, 3580, 3569, 3568, 3581, 3569, 3580, 3578, 3577, 3579, 3578, 3580, 3582, 3580, 3581, 3583, 3580, 3582,
            3573, 3576, 3584, 3585, 3574, 3573, 3585, 3568, 3574, 3584, 3586, 3587, 3588, 3573, 3584, 3588, 3584, 3587, 3588, 3585, 3573, 3589, 3585, 3590,
            3589, 3581, 3568, 3591, 3581, 3589, 3591, 3582, 3581, 3591, 3583, 3582, 3592, 3589, 3590, 3593, 3594, 3595, 3591, 3589, 3592, 3594, 3591, 3592,
            3595, 3594, 3592, 3589, 3568, 3585, 3596, 3588, 3587, 3596, 3587, 3597, 3588, 3590, 3585, 3598, 3588, 3596, 3599, 3588, 3598, 3596, 3597, 3600,
            3600, 3597, 3601, 3600, 3598, 3596, 3602, 3599, 3598, 3603, 3599, 3602, 3590, 3604, 3592, 3605, 3593, 3595, 3606, 3592, 3604, 3595, 3592, 3606,
            3607, 3606, 3604, 3605, 3595, 3606, 3607, 3604, 3603, 3608, 3607, 3603, 3609, 3606, 3607, 3609, 3605, 3606, 3609, 3610, 3605, 3609, 3607, 3608,
            3604, 3590, 3599, 3599, 3590, 3588, 3603, 3604, 3599, 3611, 3600, 3601, 3611, 3601, 3612, 3613, 3614, 3602, 3613, 3602, 3611, 3602, 3598, 3600,
            3611, 3602, 3600, 3613, 3611, 3615, 3615, 3611, 3612, 3616, 3615, 3612, 3615, 3616, 3617, 3618, 3613, 3615, 3617, 3618, 3615, 3619, 3609, 3608,
            3620, 3609, 3619, 3619, 3608, 3614, 3621, 3620, 3619, 3622, 3621, 3619, 3623, 3619, 3614, 3622, 3619, 3623, 3624, 3622, 3623, 3625, 3622, 3624,
            3614, 3603, 3602, 3614, 3608, 3603, 3623, 3614, 3613, 3618, 3626, 3613, 3623, 3613, 3626, 3624, 3623, 3626, 838, 843, 844, 844, 843, 3572,
            3572, 843, 3627, 843, 846, 3628, 3627, 843, 3628, 3627, 3628, 3629, 3627, 3630, 3572, 3631, 3630, 3632, 3575, 3572, 3630, 3630, 3627, 3632,
            3632, 3627, 3629, 851, 3628, 846, 852, 3633, 851, 3628, 851, 3633, 3628, 3633, 3634, 3634, 3633, 3635, 3633, 852, 3635, 849, 853, 852,
            3635, 852, 853, 3636, 3635, 853, 3628, 3637, 3629, 3634, 3637, 3628, 3634, 3635, 3638, 3637, 3634, 3638, 3629, 3637, 3638, 3639, 3638, 3640,
            3639, 3629, 3638, 3629, 3639, 3641, 3640, 3635, 3636, 3642, 3640, 3636, 3638, 3635, 3640, 3632, 3629, 3641, 3643, 3632, 3641, 3631, 3575, 3630,
            3644, 3631, 3632, 3584, 3576, 3631, 3644, 3632, 3643, 3645, 3643, 3646, 3643, 3645, 3647, 3586, 3631, 3648, 3648, 3631, 3644, 3648, 3644, 3643,
            3641, 3639, 3649, 3650, 3646, 3649, 3646, 3643, 3641, 3646, 3641, 3649, 3639, 3640, 3649, 3642, 3649, 3640, 3649, 3642, 3651, 3652, 3649, 3651,
            3650, 3649, 3652, 3645, 3646, 3653, 3654, 3650, 3652, 3652, 3655, 3654, 3653, 3650, 3654, 3646, 3650, 3653, 3652, 3651, 3656, 3652, 3656, 3655,
            3653, 3654, 3655, 3657, 3653, 3655, 3656, 3657, 3655, 3658, 3659, 3660, 3661, 3659, 3658, 3662, 3658, 3663, 3661, 3658, 3662, 3663, 3664, 3665,
            3663, 3665, 3662, 3636, 853, 854, 854, 3666, 3636, 869, 870, 854, 870, 3666, 854, 870, 3660, 3666, 3666, 3660, 3659, 3636, 3666, 3659,
            3636, 3659, 3642, 874, 3667, 870, 3667, 874, 3663, 3660, 870, 3667, 3667, 3658, 3660, 3658, 3667, 3663, 876, 3663, 874, 876, 3664, 3663,
            3668, 3642, 3659, 3651, 3642, 3668, 3659, 3661, 3668, 3669, 3651, 3668, 3661, 3670, 3668, 3669, 3656, 3651, 3671, 3656, 3669, 3668, 3672, 3669,
            3672, 3668, 3670, 3673, 3672, 3674, 3671, 3669, 3673, 3673, 3669, 3672, 3662, 3670, 3661, 3670, 3662, 3665, 3675, 3670, 3665, 3665, 3676, 3675,
            3677, 3675, 3676, 3678, 3675, 3677, 3672, 3670, 3675, 3675, 3678, 3672, 3674, 3672, 3678, 3679, 3674, 3678, 3680, 3674, 3679, 3678, 3677, 3679,
            3677, 3681, 3679, 3575, 3631, 3576, 3584, 3631, 3586, 3682, 3683, 3657, 3684, 3683, 3685, 3684, 3685, 3686, 3687, 3686, 3688, 3687, 3689, 3686,
            3688, 3686, 3685, 3690, 3647, 3645, 3691, 3648, 3647, 3648, 3691, 3586, 3691, 3647, 3692, 3648, 3643, 3647, 3692, 3647, 3690, 3693, 3692, 3694,
            3695, 3696, 3691, 3696, 3597, 3691, 3695, 3691, 3692, 3693, 3695, 3692, 3653, 3690, 3645, 3689, 3690, 3653, 3682, 3657, 3656, 3683, 3653, 3657,
            3689, 3653, 3684, 3653, 3683, 3684, 3694, 3690, 3689, 3692, 3690, 3694, 3689, 3684, 3686, 3688, 3685, 3697, 3687, 3688, 3698, 3698, 3699, 3687,
            3698, 3700, 3699, 3699, 3701, 3702, 3701, 3700, 3703, 3701, 3699, 3700, 3704, 3693, 3694, 3705, 3693, 3704, 3706, 3705, 3704, 3704, 3707, 3706,
            3696, 3695, 3705, 3601, 3696, 3705, 3601, 3705, 3708, 3705, 3695, 3693, 3709, 3708, 3705, 3710, 3706, 3707, 3711, 3708, 3709, 3711, 3616, 3708,
            3705, 3706, 3709, 3709, 3710, 3711, 3706, 3710, 3709, 3712, 3694, 3689, 3694, 3712, 3704, 3704, 3712, 3713, 3687, 3713, 3712, 3713, 3707, 3704,
            3712, 3689, 3687, 3707, 3713, 3702, 3702, 3713, 3699, 3699, 3713, 3687, 3682, 3656, 3671, 3714, 3682, 3671, 3683, 3682, 3714, 3685, 3683, 3714,
            3714, 3671, 3715, 3671, 3673, 3715, 3673, 3716, 3715, 3717, 3715, 3716, 3714, 3715, 3685, 3697, 3685, 3715, 3718, 3717, 3716, 3697, 3715, 3717,
            3697, 3717, 3719, 3720, 3697, 3719, 3719, 3717, 3718, 3680, 3673, 3674, 3721, 3673, 3680, 3716, 3673, 3721, 3680, 3679, 3722, 3723, 3680, 3722,
            3680, 3723, 3721, 3724, 3718, 3725, 3718, 3721, 3725, 3723, 3725, 3721, 3725, 3723, 3726, 3718, 3716, 3721, 3727, 3719, 3724, 3688, 3697, 3698,
            3720, 3698, 3697, 3728, 3698, 3720, 3718, 3724, 3719, 3727, 3720, 3719, 3729, 3730, 3727, 3730, 3731, 3728, 3720, 3730, 3728, 3700, 3698, 3728,
            3700, 3728, 3731, 3731, 3730, 3732, 3730, 3720, 3727, 3732, 3730, 3729, 3725, 3733, 3724, 3724, 3733, 3734, 3733, 3725, 3735, 3725, 3726, 3735,
            3735, 3734, 3733, 3736, 3724, 3734, 3734, 3735, 3737, 3738, 3736, 3737, 3586, 3691, 3587, 3587, 3691, 3597, 3601, 3597, 3696, 3708, 3612, 3601,
            3612, 3708, 3616, 3579, 922, 921, 3739, 922, 3579, 920, 922, 923, 3740, 923, 922, 3740, 922, 3739, 3741, 3739, 3583, 3742, 3740, 3743,
            3739, 3743, 3740, 3739, 3741, 3743, 923, 3744, 928, 3745, 3744, 3742, 3744, 923, 3740, 3742, 3744, 3740, 3744, 929, 928, 3746, 929, 3744,
            3745, 3746, 3744, 3746, 930, 929, 3745, 3742, 3743, 3747, 3745, 3743, 3748, 3746, 3745, 3749, 3746, 3748, 3750, 3748, 3745, 3743, 3741, 3751,
            3751, 3741, 3752, 3752, 3753, 3751, 3754, 3753, 3752, 3755, 3753, 3754, 3756, 3755, 3754, 3747, 3743, 3751, 3753, 3747, 3751, 3753, 3757, 3747,
            3753, 3755, 3757, 3748, 3750, 3749, 3758, 3749, 3750, 3758, 3759, 3749, 3747, 3750, 3745, 3757, 3750, 3747, 3757, 3760, 3750, 3760, 3758, 3750,
            3761, 3757, 3755, 3761, 3760, 3757, 3762, 3763, 3760, 3579, 921, 770, 3583, 3579, 3580, 3583, 3739, 3579, 3764, 3583, 3591, 3583, 3764, 3741,
            3752, 3741, 3764, 3765, 3764, 3591, 3752, 3764, 3765, 3594, 3765, 3591, 3754, 3752, 3765, 3765, 3594, 3593, 3766, 3765, 3593, 3766, 3754, 3765,
            3756, 3754, 3766, 947, 930, 3767, 947, 3767, 949, 3768, 950, 949, 950, 3768, 3769, 3746, 3767, 930, 3768, 949, 3767, 3770, 3767, 3746,
            3770, 3768, 3767, 3746, 3749, 3770, 3771, 3768, 3770, 3771, 3769, 3768, 3772, 953, 950, 2302, 954, 953, 953, 3772, 2302, 3773, 2302, 3772,
            3772, 950, 3769, 3774, 3772, 3769, 3772, 3774, 3773, 3773, 3774, 3775, 3776, 3774, 3769, 3770, 3749, 3759, 3770, 3759, 3771, 3758, 3763, 3759,
            3777, 3771, 3759, 3759, 3763, 3777, 3778, 3776, 3771, 3771, 3776, 3769, 3778, 3771, 3777, 3779, 3777, 3763, 3763, 3758, 3760, 3762, 3779, 3763,
            3777, 3779, 3780, 3780, 3778, 3777, 3775, 3774, 3781, 3778, 3782, 3776, 3782, 3781, 3776, 3774, 3776, 3781, 3783, 3782, 3778, 3778, 3780, 3783,
            3781, 3782, 3784, 3784, 3785, 3781, 3755, 3786, 3761, 3786, 3755, 3756, 3787, 3786, 3756, 3762, 3760, 3761, 3788, 3762, 3761, 3786, 3788, 3761,
            3789, 3786, 3787, 3786, 3789, 3788, 3790, 3789, 3791, 3790, 3788, 3789, 3610, 3593, 3605, 3610, 3792, 3593, 3593, 3792, 3766, 3792, 3756, 3766,
            3792, 3793, 3787, 3787, 3756, 3792, 3610, 3793, 3792, 3794, 3793, 3610, 3794, 3610, 3620, 3609, 3620, 3610, 3787, 3793, 3795, 3794, 3795, 3793,
            3796, 3795, 3794, 3789, 3787, 3795, 3795, 3791, 3789, 3797, 3794, 3621, 3620, 3621, 3794, 3798, 3797, 3621, 3797, 3796, 3794, 3797, 3799, 3796,
            3622, 3798, 3621, 3800, 3798, 3625, 3625, 3798, 3622, 3800, 3801, 3798, 3802, 3799, 3797, 3801, 3802, 3797, 3798, 3801, 3797, 3795, 3796, 3791,
            3799, 3791, 3796, 3799, 3803, 3791, 3803, 3790, 3791, 3804, 3790, 3803, 3804, 3803, 3805, 3806, 3799, 3802, 3806, 3803, 3799, 3807, 3805, 3803,
            3807, 3803, 3806, 3808, 3779, 3762, 3788, 3808, 3762, 3809, 3808, 3788, 3780, 3779, 3808, 3810, 3780, 3808, 3788, 3790, 3811, 3808, 3809, 3810,
            3788, 3811, 3809, 3812, 3813, 3783, 3814, 3813, 3812, 3813, 3815, 3816, 3813, 3817, 3815, 3790, 3804, 3811, 3811, 3804, 3818, 3811, 3818, 3819,
            3818, 3804, 3805, 3805, 3807, 3820, 3820, 3818, 3805, 3821, 3617, 3616, 3618, 3822, 3823, 3822, 3618, 3617, 3824, 3822, 3617, 3824, 3617, 3821,
            3825, 3821, 3826, 3825, 3824, 3821, 3823, 3626, 3618, 3827, 3624, 3626, 3827, 3626, 3823, 3827, 3625, 3624, 3828, 3625, 3827, 3828, 3829, 3625,
            3830, 3827, 3823, 3831, 3830, 3823, 3823, 3822, 3824, 3831, 3823, 3824, 3827, 3830, 3828, 3832, 3828, 3830, 3833, 3829, 3828, 3828, 3832, 3833,
            3834, 3825, 3835, 3831, 3824, 3825, 3825, 3834, 3831, 3836, 3831, 3834, 3836, 3834, 3837, 3838, 3836, 3837, 3839, 3830, 3831, 3839, 3831, 3836,
            3839, 3832, 3830, 3840, 3833, 3832, 3832, 3841, 3842, 3841, 3832, 3839, 3842, 3840, 3832, 3841, 3839, 3836, 3843, 3841, 3836, 3838, 3843, 3836,
            3844, 3843, 3838, 3844, 3838, 3845, 3846, 3847, 3848, 3848, 3847, 3849, 3846, 3848, 3844, 3850, 3846, 3844, 3850, 3845, 3851, 3845, 3852, 3851,
            3847, 3850, 3853, 3854, 3851, 3852, 3850, 3851, 3853, 3855, 3851, 3854, 3856, 3851, 3855, 3856, 3853, 3851, 3857, 3853, 3856, 3858, 3855, 3859,
            3858, 3856, 3855, 3857, 3856, 3858, 3860, 3857, 3858, 3861, 3862, 3857, 3861, 3857, 3860, 3703, 3863, 3701, 3864, 3701, 3863, 3865, 3701, 3864,
            3866, 3701, 3865, 3867, 3866, 3865, 3868, 3865, 3864, 3869, 3865, 3868, 3711, 3870, 3616, 3711, 3871, 3870, 3870, 3871, 3826, 3711, 3710, 3871,
            3872, 3871, 3710, 3710, 3873, 3872, 3874, 3826, 3871, 3874, 3871, 3872, 3866, 3707, 3702, 3875, 3707, 3866, 3875, 3710, 3707, 3873, 3875, 3866,
            3866, 3702, 3701, 3866, 3867, 3873, 3873, 3710, 3875, 3867, 3876, 3873, 3877, 3872, 3873, 3869, 3867, 3865, 3878, 3876, 3869, 3879, 3869, 3868,
            3880, 3869, 3879, 3869, 3880, 3878, 3879, 3881, 3880, 3882, 3880, 3881, 3883, 3878, 3880, 3882, 3883, 3880, 3883, 3882, 3884, 3885, 3886, 3877,
            3885, 3877, 3887, 3888, 3889, 3885, 3890, 3885, 3887, 3888, 3885, 3890, 3891, 3888, 3890, 3876, 3867, 3869, 3876, 3877, 3873, 3887, 3877, 3876,
            3878, 3892, 3876, 3892, 3887, 3876, 3878, 3883, 3892, 3892, 3890, 3887, 3893, 3892, 3883, 3893, 3890, 3892, 3894, 3895, 3896, 3703, 3700, 3731,
            3863, 3703, 3731, 3863, 3731, 3732, 3897, 3863, 3732, 3863, 3897, 3864, 3864, 3897, 3898, 3895, 3898, 3732, 3899, 3900, 3895, 3901, 3900, 3899,
            3902, 3899, 3895, 3902, 3895, 3894, 3902, 3894, 3903, 3868, 3864, 3898, 3900, 3868, 3898, 3900, 3898, 3895, 3879, 3900, 3901, 3879, 3868, 3900,
            3738, 3896, 3729, 3738, 3904, 3905, 3894, 3896, 3738, 3738, 3906, 3907, 3738, 3737, 3906, 3904, 3738, 3907, 3894, 3738, 3905, 3908, 3903, 3905,
            3905, 3904, 3908, 3903, 3894, 3905, 3907, 3909, 3904, 3904, 3909, 3908, 3910, 3911, 3912, 3910, 3913, 3911, 3899, 3902, 3910, 3912, 3899, 3910,
            3914, 3902, 3903, 3910, 3902, 3914, 3879, 3901, 3912, 3912, 3901, 3899, 3881, 3879, 3911, 3879, 3912, 3911, 3881, 3911, 3913, 3915, 3881, 3913,
            3916, 3881, 3915, 3917, 3914, 3918, 3914, 3913, 3910, 3917, 3918, 3919, 3913, 3917, 3915, 3915, 3917, 3916, 3903, 3908, 3920, 3914, 3903, 3920,
            3920, 3543, 3921, 3914, 3920, 3921, 3920, 3908, 3543, 3544, 3908, 3909, 3543, 3908, 3544, 3918, 3914, 3921, 3546, 3918, 3921, 3549, 3918, 3546,
            3921, 3543, 3546, 3821, 3616, 3870, 3826, 3821, 3870, 3825, 3826, 3835, 3834, 3835, 3922, 3922, 3835, 3889, 3922, 3889, 3888, 3922, 3837, 3834,
            3891, 3922, 3888, 3923, 3922, 3891, 3924, 3882, 3881, 3884, 3882, 3924, 3925, 3884, 3924, 3926, 3927, 3884, 3926, 3884, 3925, 3926, 3925, 3928,
            3891, 3890, 3929, 3929, 3930, 3931, 3932, 3891, 3929, 3933, 3932, 3929, 3934, 3933, 3931, 3883, 3884, 3893, 3893, 3884, 3927, 3893, 3930, 3929,
            3927, 3930, 3893, 3927, 3926, 3935, 3927, 3935, 3936, 3936, 3931, 3927, 3926, 3928, 3935, 3935, 3928, 3937, 3937, 3928, 3938, 3939, 3937, 3938,
            3937, 3939, 3940, 3941, 3940, 3939, 3942, 3933, 3934, 3943, 3942, 3934, 3943, 3934, 3944, 3945, 3942, 3943, 3945, 3943, 3946, 3947, 3945, 3946,
            3948, 3945, 3947, 3944, 3934, 3936, 3940, 3949, 3935, 3934, 3931, 3936, 3950, 3946, 3949, 3951, 3950, 3949, 3947, 3946, 3950, 3916, 3952, 3881,
            3881, 3952, 3924, 3953, 3917, 3919, 3954, 3953, 3919, 3955, 3954, 3919, 3956, 3954, 3955, 3925, 3924, 3957, 3957, 3924, 3952, 3957, 3952, 3958,
            3959, 3957, 3958, 3958, 3960, 3959, 3956, 3955, 3958, 3960, 3958, 3955, 3955, 3961, 3960, 3928, 3925, 3957, 3928, 3957, 3959, 3962, 3918, 3549,
            3962, 3919, 3918, 3962, 3551, 3919, 3551, 3962, 3549, 3919, 3551, 3955, 3961, 3955, 3551, 3551, 3553, 3961, 3557, 3961, 3553, 3963, 3960, 3961,
            3961, 3964, 3963, 3960, 3965, 3959, 3960, 3963, 3965, 3966, 3965, 3963, 3966, 3963, 3964, 3964, 3967, 3966, 3968, 3965, 3966, 3965, 3968, 3969,
            3938, 3928, 3959, 3938, 3959, 3969, 3959, 3965, 3969, 3969, 3968, 3970, 3967, 3968, 3966, 3562, 3967, 3971, 3972, 3967, 3562, 3968, 3967, 3972,
            3938, 3969, 3939, 3939, 3969, 3970, 3964, 3961, 3557, 3971, 3964, 3557, 3967, 3964, 3971, 3562, 3971, 3557, 3972, 3562, 3564, 3973, 3974, 3975,
            3974, 3923, 3975, 3923, 3891, 3932, 3838, 3837, 3974, 3973, 3838, 3974, 3975, 3923, 3932, 3976, 3973, 3975, 3933, 3975, 3932, 3845, 3838, 3973,
            3852, 3845, 3973, 3975, 3933, 3942, 3976, 3975, 3942, 3977, 3976, 3942, 3977, 3942, 3945, 3852, 3973, 3976, 3978, 3852, 3976, 3978, 3976, 3977,
            3977, 3979, 3978, 3854, 3852, 3978, 3979, 3977, 3980, 3980, 3977, 3945, 3948, 3980, 3945, 3981, 3978, 3979, 3981, 3854, 3978, 3982, 3979, 3980,
            3983, 3982, 3980, 3982, 3981, 3979, 3854, 3981, 3855, 3981, 3859, 3855, 3982, 3859, 3981, 3829, 3800, 3625, 3984, 3801, 3800, 3985, 3986, 3806,
            3985, 3802, 3801, 3801, 3984, 3985, 3833, 3987, 3829, 3987, 3800, 3829, 3987, 3984, 3800, 3988, 3987, 3833, 3988, 3989, 3987, 3987, 3990, 3984,
            3991, 3985, 3984, 3984, 3990, 3991, 3987, 3989, 3990, 3985, 3806, 3802, 3991, 3986, 3985, 3986, 3807, 3806, 3986, 3992, 3807, 3992, 3986, 3991,
            3993, 3992, 3991, 3992, 3993, 3994, 3995, 3994, 3993, 3996, 3990, 3989, 3989, 3988, 3997, 3989, 3997, 3998, 3989, 3998, 3996, 3999, 3998, 3997,
            3833, 3840, 3988, 4000, 3997, 3840, 3997, 3988, 3840, 3840, 3842, 4000, 3842, 4001, 4000, 3999, 3997, 4000, 3991, 3990, 3996, 3991, 3996, 4002,
            4002, 3993, 3991, 3998, 4003, 3996, 4003, 4002, 3996, 4002, 4003, 4004, 3993, 4002, 3995, 3995, 4002, 4005, 4005, 4002, 4004, 3998, 3999, 4006,
            3998, 4006, 4003, 4003, 4007, 4004, 4006, 4007, 4003, 4008, 3820, 3807, 3992, 4008, 3807, 3994, 4008, 3992, 4009, 4010, 4011, 4011, 4012, 4009,
            4011, 4013, 4012, 4012, 4013, 4014, 4014, 4015, 4016, 4014, 4013, 4017, 4017, 4018, 4014, 4019, 4013, 4011, 4013, 4019, 4020, 4017, 4013, 4020,
            4018, 4017, 4021, 4022, 4017, 4020, 4023, 4000, 4001, 4000, 4023, 3999, 4023, 4024, 3999, 4025, 4024, 4023, 4026, 4027, 4028, 4028, 4025, 4026,
            4029, 4007, 4006, 4006, 3999, 4024, 4030, 4029, 4031, 4032, 4029, 4030, 4032, 4033, 4029, 4034, 4027, 3847, 4035, 4028, 4027, 4035, 4034, 3857,
            4034, 4035, 4027, 4035, 4036, 4028, 3862, 4035, 3857, 3861, 4037, 3862, 4038, 4039, 4036, 4040, 4036, 4041, 4030, 4040, 4042, 4041, 4042, 4040,
            4043, 4032, 4042, 4036, 4039, 4041, 4044, 4045, 4046, 4047, 4048, 4049, 4050, 4019, 4047, 4050, 4047, 4049, 4051, 4033, 4052, 4050, 4053, 4054,
            4055, 4054, 4053, 4056, 4022, 4020, 4019, 4054, 4020, 4056, 4020, 4054, 4022, 4057, 4021, 4057, 4058, 4021, 4056, 4057, 4022, 4059, 4057, 4056,
            4055, 4056, 4054, 4059, 4060, 4057, 4055, 4059, 4056, 4061, 4060, 4059, 4062, 4053, 4051, 4053, 4062, 4055, 4032, 4052, 4033, 4043, 4052, 4032,
            4052, 4063, 4064, 4064, 4062, 4051, 4051, 4052, 4064, 4065, 4062, 4064, 4063, 4066, 4064, 4045, 4066, 4063, 4065, 4064, 4066, 4065, 4066, 4067,
            4068, 4069, 4065, 4067, 4068, 4065, 3565, 4070, 3566, 4070, 3565, 3567, 4071, 3566, 4070, 4071, 4070, 4072, 4072, 4070, 3567, 4073, 4072, 3567,
            4073, 4071, 4072, 3567, 3561, 4074, 3567, 4075, 4073, 4075, 3567, 4076, 4077, 4073, 4075, 4078, 4071, 4073, 4078, 4073, 4077, 4079, 4078, 4077,
            4078, 4079, 4080, 4077, 4081, 4079, 4079, 4082, 4080, 4075, 4076, 4083, 4084, 4085, 4086, 3860, 3858, 3859, 4087, 3860, 3859, 4087, 3861, 3860,
            4088, 3861, 4087, 4089, 4088, 4087, 3939, 4090, 3941, 4091, 3941, 4090, 4090, 4092, 4091, 4093, 4091, 4092, 3948, 3947, 4094, 4095, 4094, 4096,
            4097, 4094, 4095, 4098, 3951, 3941, 4098, 3950, 3951, 3940, 3941, 3951, 4094, 3947, 3950, 4098, 4096, 3950, 4096, 4094, 3950, 3941, 4091, 4098,
            4099, 4095, 4100, 4093, 4101, 4102, 4099, 4100, 4103, 4091, 4093, 4103, 4102, 4103, 4093, 4099, 4103, 4102, 4104, 4099, 4102, 4105, 4095, 4099,
            4106, 4107, 4099, 4106, 4099, 4104, 4107, 4105, 4099, 4108, 4105, 4107, 4109, 3972, 3564, 4109, 3970, 3968, 4109, 3968, 3972, 4110, 3970, 4109,
            4110, 4109, 4111, 4112, 3939, 3970, 4090, 3939, 4112, 4090, 4112, 4092, 3970, 4110, 4112, 4113, 4110, 4111, 4110, 4113, 4112, 4080, 4113, 4111,
            4114, 4112, 4113, 4114, 4092, 4112, 4101, 4093, 4092, 4109, 3564, 3566, 3566, 4071, 4109, 4111, 4109, 4071, 4115, 4116, 4117, 4118, 4115, 4117,
            4111, 4071, 4078, 4080, 4111, 4078, 4119, 4082, 4120, 4121, 4118, 4117, 4122, 4123, 4124, 4123, 4125, 4126, 4123, 4122, 4127, 4123, 4127, 4128,
            4121, 4122, 4118, 4121, 4127, 4122, 4129, 4121, 4130, 4129, 4127, 4121, 4131, 4127, 4129, 4128, 4132, 4125, 4128, 4125, 4123, 4128, 4133, 4132,
            4134, 4133, 4128, 4127, 4131, 4128, 4134, 4128, 4131, 4134, 4131, 4135, 4135, 4131, 4136, 4134, 4135, 4133, 4137, 4133, 4135, 4138, 4139, 4135,
            4113, 4140, 4114, 4141, 4101, 4114, 4141, 4114, 4140, 4082, 4119, 4080, 4126, 4142, 4143, 4144, 4142, 4145, 4146, 4147, 4144, 4146, 4144, 4145,
            4147, 4146, 4148, 4145, 4142, 4132, 4149, 4145, 4132, 4145, 4149, 4150, 4145, 4150, 4151, 4152, 4146, 4145, 4153, 4148, 4146, 4125, 4142, 4126,
            4142, 4125, 4132, 4149, 4132, 4133, 4133, 4137, 4149, 4149, 4137, 4150, 4135, 4139, 4137, 4154, 3980, 3948, 3983, 3980, 4154, 4154, 3948, 4094,
            4097, 4154, 4094, 4155, 3982, 3983, 4097, 4156, 4154, 4157, 4097, 4095, 4156, 4097, 4157, 4157, 4095, 4105, 3983, 4156, 4158, 4155, 3983, 4158,
            4156, 3983, 4154, 4159, 4158, 4156, 4155, 3859, 3982, 4087, 3859, 4155, 4087, 4155, 4158, 4160, 4087, 4158, 4089, 4087, 4160, 4161, 4088, 4089,
            4089, 4160, 4162, 4162, 4161, 4089, 4157, 4163, 4156, 4164, 4157, 4105, 4163, 4157, 4164, 4163, 4164, 4165, 4163, 4159, 4156, 4165, 4159, 4163,
            4165, 4166, 4159, 4167, 4164, 4108, 4167, 4165, 4164, 4168, 4166, 4165, 4169, 4168, 4165, 4167, 4169, 4165, 4108, 4164, 4105, 4170, 4171, 4148,
            4172, 4171, 4170, 4170, 4148, 4153, 4170, 4173, 4172, 4172, 4174, 4175, 4176, 4172, 4173, 4176, 4174, 4172, 4174, 4176, 4177, 4174, 4177, 4178,
            4179, 4158, 4159, 4166, 4179, 4159, 4179, 4160, 4158, 4168, 4179, 4166, 4168, 4162, 4179, 4179, 4162, 4160, 4180, 4161, 4162, 4181, 4180, 4162,
            4182, 4168, 4169, 4181, 4162, 4168, 4183, 4181, 4168, 4183, 4168, 4182, 4152, 4145, 4151, 4152, 4151, 4184, 4185, 4184, 4151, 4184, 4186, 4152,
            4187, 4152, 4186, 4186, 4184, 4188, 4188, 4189, 4186, 4152, 4153, 4146, 4173, 4153, 4152, 4153, 4173, 4170, 4187, 4173, 4152, 4177, 4173, 4187,
            4176, 4173, 4177, 4177, 4187, 4190, 4186, 4189, 4187, 4190, 4187, 4189, 4150, 4185, 4151, 4137, 4191, 4150, 4191, 4185, 4150, 4188, 4184, 4185,
            4188, 4185, 4191, 4191, 4137, 4139, 4191, 4139, 4192, 4192, 4139, 4138, 4192, 4138, 4193, 4192, 4188, 4191, 4194, 4188, 4192, 4188, 4195, 4189,
            4194, 4195, 4188, 4196, 4194, 4192, 4197, 4192, 4193, 4196, 4192, 4197, 4198, 4177, 4190, 4178, 4177, 4198, 4178, 4198, 4199, 4190, 4200, 4198,
            4190, 4201, 4200, 4190, 4189, 4201, 4201, 4189, 4202, 4201, 4202, 4203, 4200, 4201, 4203, 4204, 4199, 4198, 4204, 4198, 4200, 4204, 4200, 4205,
            4203, 4205, 4200, 4206, 4205, 4203, 4206, 4207, 4205, 4208, 4206, 4209, 4210, 4194, 4196, 4211, 4195, 4194, 4211, 4194, 4210, 4212, 4211, 4210,
            4212, 4210, 4213, 4214, 4212, 4215, 4214, 4216, 4212, 4212, 4216, 4211, 4195, 4202, 4189, 4211, 4202, 4195, 4217, 4202, 4216, 4217, 4203, 4202,
            4206, 4203, 4217, 4202, 4211, 4216, 4209, 4206, 4217, 4216, 4214, 4217, 4217, 4214, 4218, 4219, 4108, 4107, 4108, 4220, 4167, 4167, 4220, 4169,
            4169, 4220, 4221, 4220, 4108, 4219, 4182, 4169, 4221, 4222, 4182, 4221, 4222, 4223, 4182, 4224, 4222, 4221, 4223, 4183, 4182, 4225, 4183, 4223,
            4226, 4223, 4222, 4226, 4225, 4223, 4227, 4228, 4229, 4222, 4224, 4226, 4230, 4231, 4175, 4230, 4175, 4174, 4178, 4230, 4174, 4230, 4232, 4233,
            4232, 4230, 4234, 4229, 4233, 4232, 4232, 4227, 4229, 4230, 4178, 4234, 4199, 4234, 4178, 4199, 4235, 4234, 4232, 4234, 4236, 4236, 4234, 4235,
            4205, 4235, 4199, 4205, 4199, 4204, 4037, 3861, 4237, 4088, 4237, 3861, 4039, 4038, 4238, 4038, 4239, 4238, 4237, 4088, 4240, 4088, 4161, 4240,
            4241, 4242, 4239, 4243, 4241, 4240, 4243, 4244, 4241, 4245, 4046, 4039, 4046, 4245, 4044, 4044, 4245, 4246, 4244, 4242, 4241, 4247, 4242, 4248,
            4249, 4248, 4242, 4250, 4244, 4243, 4244, 4251, 4249, 4249, 4251, 4252, 4248, 4249, 4253, 4253, 4254, 4248, 4248, 4254, 4255, 4249, 4252, 4253,
            4254, 4253, 4256, 4257, 4252, 4251, 4253, 4258, 4256, 4252, 4258, 4253, 4259, 4252, 4257, 4260, 4258, 4252, 4261, 4045, 4044, 4262, 4066, 4261,
            4261, 4066, 4045, 4044, 4246, 4261, 4066, 4262, 4067, 4067, 4262, 4263, 4067, 4263, 4264, 4246, 4248, 4261, 4261, 4248, 4255, 4255, 4265, 4261,
            4265, 4262, 4261, 4262, 4265, 4263, 4266, 4267, 4265, 4264, 4068, 4067, 4264, 4268, 4068, 4269, 4264, 4267, 4269, 4268, 4264, 4268, 4270, 4068,
            4264, 4263, 4267, 4263, 4265, 4267, 4271, 4269, 4267, 4272, 4255, 4254, 4256, 4272, 4254, 4266, 4265, 4255, 4272, 4266, 4255, 4266, 4272, 4273,
            4272, 4274, 4273, 4275, 4256, 4258, 4274, 4256, 4275, 4260, 4275, 4258, 4274, 4272, 4256, 4276, 4273, 4274, 4266, 4273, 4267, 4273, 4271, 4267,
            4277, 4278, 4271, 4279, 4278, 4280, 4161, 4180, 4281, 4282, 4257, 4251, 4207, 4206, 4208, 4283, 4207, 4208, 4283, 4284, 4285, 4286, 4218, 4214,
            4286, 4214, 4215, 4287, 4218, 4286, 4287, 4286, 4288, 4288, 4289, 4287, 4209, 4284, 4208, 4217, 4218, 4209, 4218, 4290, 4209, 4284, 4209, 4290,
            4284, 4283, 4208, 4287, 4290, 4218, 4290, 4291, 4284, 4291, 4290, 4287, 4284, 4291, 4285, 4287, 4289, 4292, 4292, 4291, 4287, 4293, 4292, 4289,
            4285, 4291, 4294, 4294, 4295, 4285, 4296, 4294, 4291, 4294, 4296, 4297, 4296, 4291, 4292, 4296, 4292, 4293, 4298, 4296, 4293, 4298, 4299, 4296,
            4299, 4297, 4296, 4300, 4301, 4297, 4302, 4300, 4297, 4299, 4302, 4297, 4303, 4299, 4304, 4305, 4299, 4303, 4306, 4276, 4274, 4302, 4299, 4305,
            4305, 4307, 4302, 4308, 4307, 4305, 4309, 4310, 4311, 4312, 4310, 4309, 4311, 4226, 4313, 4314, 4311, 4313, 4312, 4315, 4310, 4316, 4317, 4318,
            4319, 4316, 4320, 4321, 4232, 4236, 4232, 4321, 4227, 4321, 4317, 4227, 4322, 4236, 4235, 4236, 4322, 4323, 4323, 4321, 4236, 4318, 4321, 4324,
            4320, 4318, 4324, 4320, 4324, 4325, 4326, 4323, 4322, 4321, 4323, 4324, 4327, 4323, 4326, 4324, 4323, 4327, 4324, 4327, 4328, 4227, 4317, 4228,
            4317, 4321, 4318, 4320, 4316, 4318, 4257, 4282, 4329, 4259, 4257, 4329, 4329, 4330, 4331, 4331, 4259, 4329, 4259, 4260, 4252, 4332, 4260, 4259,
            4331, 4332, 4259, 4330, 4329, 4315, 4333, 4315, 4312, 4333, 4330, 4315, 4334, 4330, 4335, 4336, 4319, 4337, 4338, 4337, 4319, 4331, 4330, 4334,
            4331, 4334, 4332, 4334, 4339, 4332, 4340, 4341, 4337, 4342, 4325, 4324, 4342, 4324, 4328, 4320, 4338, 4319, 4325, 4338, 4320, 4343, 4338, 4325,
            4344, 4338, 4343, 4338, 4340, 4337, 4344, 4340, 4338, 4340, 4344, 4345, 4342, 4343, 4325, 4346, 4343, 4342, 4346, 4347, 4343, 4348, 4344, 4343,
            4343, 4347, 4348, 4349, 4348, 4347, 4335, 4330, 4333, 4334, 4335, 4350, 4351, 4350, 4335, 4352, 4235, 4205, 4322, 4235, 4352, 4207, 4352, 4205,
            4326, 4322, 4352, 4353, 4352, 4354, 4352, 4353, 4326, 4353, 4327, 4326, 4327, 4353, 4328, 4352, 4207, 4283, 4283, 4354, 4352, 4283, 4285, 4354,
            4353, 4354, 4355, 4328, 4355, 4346, 4328, 4346, 4342, 4355, 4328, 4353, 4356, 4346, 4355, 4355, 4354, 4357, 4354, 4285, 4357, 4295, 4357, 4285,
            4357, 4356, 4355, 4358, 4356, 4357, 4359, 4347, 4346, 4359, 4346, 4356, 4357, 4295, 4358, 4358, 4295, 4301, 4360, 4358, 4301, 4358, 4359, 4356,
            4359, 4349, 4347, 4301, 4295, 4294, 4294, 4297, 4301, 4360, 4301, 4300, 4339, 4260, 4332, 4361, 4275, 4260, 4339, 4361, 4260, 4362, 4361, 4339,
            4363, 4274, 4275, 4275, 4361, 4363, 4361, 4362, 4363, 4350, 4364, 4339, 4365, 4340, 4345, 4365, 4345, 4366, 4364, 4363, 4362, 4367, 4306, 4363,
            4368, 4367, 4363, 4364, 4368, 4363, 4344, 4369, 4345, 4370, 4369, 4344, 4348, 4370, 4344, 4370, 4348, 4349, 4371, 4370, 4349, 4372, 4369, 4373,
            4373, 4369, 4370, 4371, 4373, 4370, 4372, 4373, 4374, 4375, 4373, 4371, 4274, 4363, 4306, 4306, 4367, 4376, 4376, 4377, 4306, 4378, 4376, 4367,
            4379, 4380, 4368, 4378, 4367, 4380, 4381, 4378, 4380, 4378, 4381, 4382, 4374, 4373, 4383, 4383, 4373, 4375, 4384, 4383, 4385, 4383, 4384, 4386,
            4350, 4387, 4364, 4387, 4350, 4351, 4388, 4364, 4387, 4379, 4368, 4388, 4387, 4389, 4388, 4366, 4390, 4391, 4391, 4390, 4392, 4379, 4388, 4389,
            4345, 4369, 4366, 4390, 4366, 4369, 4369, 4372, 4390, 4392, 4390, 4372, 4393, 4380, 4379, 4394, 4393, 4379, 4393, 4381, 4380, 4395, 4381, 4393,
            4395, 4396, 4381, 4397, 4392, 4372, 4372, 4374, 4397, 4398, 4397, 4399, 4374, 4386, 4397, 4386, 4399, 4397, 4386, 4374, 4383, 4400, 4399, 4386,
            4386, 4384, 4400, 4358, 4360, 4359, 4401, 4359, 4402, 4402, 4359, 4360, 4403, 4360, 4404, 4402, 4360, 4403, 4405, 4402, 4403, 4401, 4349, 4359,
            4371, 4349, 4401, 4371, 4401, 4406, 4407, 4375, 4406, 4371, 4406, 4375, 4406, 4401, 4402, 4406, 4402, 4405, 4406, 4405, 4408, 4408, 4407, 4406,
            4408, 4405, 4409, 4360, 4300, 4404, 4300, 4302, 4307, 4404, 4300, 4307, 4410, 4404, 4307, 4403, 4404, 4410, 4307, 4411, 4410, 4307, 4412, 4411,
            4403, 4410, 4405, 4405, 4410, 4413, 4405, 4413, 4409, 4411, 4413, 4410, 4412, 4307, 4308, 4385, 4375, 4407, 4375, 4385, 4383, 4407, 4414, 4385,
            4408, 4409, 4407, 4415, 4407, 4409, 4416, 4415, 4409, 4385, 4417, 4384, 4385, 4414, 4417, 4418, 4417, 4414, 4415, 4414, 4407, 4418, 4414, 4419,
            4414, 4415, 4419, 4411, 4420, 4421, 4421, 4413, 4411, 4421, 4416, 4413, 4421, 4422, 4416, 4420, 4411, 4412, 4423, 4424, 4412, 4412, 4424, 4420,
            4421, 4420, 4424, 4425, 4421, 4424, 4422, 4421, 4425, 4424, 4426, 4425, 4425, 4426, 4427, 4428, 4425, 4427, 4425, 4429, 4422, 4429, 4425, 4428,
            4428, 4430, 4429, 4409, 4413, 4416, 4422, 4415, 4416, 4422, 4431, 4415, 4415, 4431, 4432, 4419, 4415, 4432, 4431, 4422, 4429, 4430, 4431, 4429,
            4430, 4433, 4431, 4417, 4400, 4384, 3547, 3546, 3545, 3569, 768, 3570, 3570, 768, 761, 3727, 3724, 3736, 3729, 3727, 3736, 3729, 3736, 3738,
            3737, 3736, 3734, 3784, 3782, 3783, 3812, 3783, 3780, 3810, 3812, 3780, 3809, 3814, 3810, 3811, 3819, 3809, 3809, 3819, 4434, 3813, 3784, 3783,
            3814, 3812, 3810, 3816, 3785, 3784, 3784, 3813, 3816, 4434, 3814, 3809, 3817, 3814, 4434, 3814, 3817, 3813, 3815, 3817, 4435, 4436, 3819, 3818,
            4436, 4437, 3819, 4438, 4436, 3818, 4438, 4439, 4436, 3817, 4434, 4437, 4437, 4434, 3819, 3817, 4437, 4440, 4440, 4435, 3817, 4441, 4440, 4437,
            4436, 4439, 4437, 4437, 4439, 4442, 4441, 4437, 4442, 3818, 3820, 4438, 3848, 3842, 3841, 3844, 3841, 3843, 3848, 4001, 3842, 3848, 3849, 4001,
            3844, 3848, 3841, 3850, 3844, 3845, 3850, 3847, 3846, 3853, 4034, 3847, 3853, 3857, 4034, 3874, 3872, 3886, 3886, 3872, 3877, 3889, 3874, 3886,
            3886, 3885, 3889, 3896, 3732, 3729, 3898, 3897, 3732, 3732, 3896, 3895, 3917, 3913, 3914, 3826, 3874, 3835, 3889, 3835, 3874, 3923, 3974, 3922,
            3922, 3974, 3837, 3890, 3893, 3929, 3929, 3931, 3933, 3930, 3927, 3931, 3936, 3935, 3949, 3949, 3944, 3936, 3937, 3940, 3935, 3951, 3949, 3940,
            3946, 3943, 3944, 3946, 3944, 3949, 3952, 3916, 3953, 3916, 3917, 3953, 3952, 3953, 3954, 3954, 3956, 3952, 3956, 3958, 3952, 4048, 4005, 4004,
            4004, 4007, 4048, 4442, 4439, 4443, 4008, 4444, 3820, 4445, 4444, 4008, 4444, 4438, 3820, 4446, 4438, 4444, 4008, 3994, 4445, 3995, 4445, 3994,
            4009, 4445, 3995, 4444, 4445, 4446, 4009, 4447, 4445, 4445, 4447, 4446, 4438, 4446, 4439, 4439, 4446, 4448, 4439, 4448, 4443, 4449, 4443, 4448,
            4450, 4448, 4446, 4446, 4447, 4450, 4450, 4447, 4014, 4450, 4449, 4448, 4016, 4449, 4450, 4450, 4014, 4016, 4010, 4009, 3995, 4010, 3995, 4005,
            4012, 4447, 4009, 4005, 4048, 4010, 4047, 4011, 4010, 4010, 4048, 4047, 4011, 4047, 4019, 4447, 4012, 4014, 4015, 4014, 4018, 4021, 4017, 4022,
            4001, 3849, 4023, 3849, 4025, 4023, 3847, 4026, 3849, 4026, 3847, 4027, 4026, 4025, 3849, 4028, 4031, 4025, 4049, 4007, 4029, 4033, 4049, 4029,
            4031, 4024, 4025, 4006, 4024, 4029, 4029, 4024, 4031, 4040, 4031, 4028, 4036, 4040, 4028, 3862, 4037, 4035, 4035, 4037, 4036, 4036, 4037, 4038,
            4040, 4030, 4031, 4042, 4032, 4030, 4041, 4039, 4046, 4042, 4041, 4046, 4042, 4046, 4043, 4043, 4046, 4045, 4049, 4048, 4007, 4019, 4050, 4054,
            4051, 4049, 4033, 4049, 4051, 4053, 4049, 4053, 4050, 4055, 4451, 4059, 4043, 4063, 4052, 4045, 4063, 4043, 4055, 4062, 4451, 4451, 4062, 4065,
            4061, 4059, 4451, 4069, 4061, 4451, 4069, 4451, 4065, 4270, 4069, 4068, 4270, 4061, 4069, 4077, 4085, 4081, 4081, 4452, 4082, 4082, 4079, 4081,
            4452, 4453, 4115, 4454, 4453, 4452, 4075, 4083, 4455, 4456, 4454, 4452, 4457, 4075, 4455, 4081, 4458, 4452, 4458, 4081, 4085, 4452, 4458, 4456,
            4455, 4459, 4457, 4457, 4086, 4085, 4084, 4460, 4085, 4084, 4086, 4461, 4462, 4460, 4084, 4461, 4086, 4463, 4463, 4086, 4457, 4464, 4465, 4461,
            4464, 4461, 4463, 4085, 4077, 4457, 4075, 4457, 4077, 4460, 4458, 4085, 4466, 4458, 4460, 4458, 4466, 4456, 4467, 4463, 4457, 4467, 4457, 4459,
            4467, 4459, 4466, 4466, 4468, 4467, 4468, 4466, 4460, 4468, 4460, 4462, 4463, 4469, 4464, 4468, 4462, 4470, 4470, 4464, 4469, 4468, 4470, 4469,
            4464, 4470, 4471, 4467, 4469, 4463, 4467, 4468, 4469, 4100, 4098, 4091, 4091, 4103, 4100, 4100, 4096, 4098, 4100, 4095, 4096, 4472, 4473, 4147,
            4472, 4147, 4148, 4474, 4104, 4102, 4475, 4473, 4472, 4475, 4472, 4476, 4477, 4106, 4104, 4478, 4107, 4106, 4472, 4148, 4171, 4479, 4472, 4480,
            4476, 4472, 4479, 4481, 4476, 4479, 4475, 4476, 4481, 4480, 4472, 4171, 4114, 4101, 4092, 4482, 4115, 4118, 4120, 4482, 4119, 4482, 4118, 4122,
            4082, 4452, 4120, 4482, 4122, 4119, 4122, 4124, 4119, 4452, 4115, 4482, 4452, 4482, 4120, 4123, 4126, 4124, 4113, 4080, 4483, 4484, 4124, 4485,
            4484, 4485, 4486, 4465, 4113, 4483, 4486, 4485, 4487, 4140, 4113, 4465, 4474, 4101, 4141, 4474, 4102, 4101, 4488, 4487, 4489, 4490, 4126, 4491,
            4487, 4485, 4490, 4487, 4490, 4491, 4490, 4124, 4126, 4485, 4124, 4490, 4143, 4491, 4126, 4492, 4141, 4140, 4487, 4491, 4489, 4493, 4487, 4488,
            4494, 4495, 4492, 4471, 4496, 4465, 4471, 4465, 4464, 4496, 4140, 4465, 4492, 4140, 4496, 4497, 4487, 4493, 4496, 4498, 4492, 4498, 4494, 4492,
            4498, 4496, 4471, 4498, 4471, 4497, 4498, 4497, 4493, 4495, 4141, 4492, 4495, 4474, 4141, 4474, 4495, 4104, 4499, 4488, 4500, 4493, 4488, 4499,
            4104, 4495, 4501, 4493, 4502, 4498, 4502, 4493, 4499, 4119, 4503, 4080, 4503, 4483, 4080, 4504, 4503, 4119, 4503, 4084, 4461, 4503, 4462, 4084,
            4504, 4124, 4484, 4124, 4504, 4119, 4484, 4486, 4504, 4465, 4503, 4461, 4465, 4483, 4503, 4462, 4503, 4504, 4504, 4486, 4462, 4462, 4486, 4470,
            4497, 4470, 4486, 4497, 4486, 4487, 4497, 4471, 4470, 4488, 4489, 4473, 4489, 4143, 4473, 4473, 4143, 4142, 4144, 4473, 4142, 4500, 4488, 4473,
            4505, 4500, 4473, 4473, 4144, 4147, 4143, 4489, 4491, 4499, 4500, 4505, 4499, 4505, 4506, 4473, 4475, 4505, 4506, 4505, 4475, 4499, 4506, 4507,
            4171, 4172, 4508, 4509, 4171, 4508, 4480, 4171, 4509, 4175, 4508, 4172, 4510, 4501, 4511, 4477, 4104, 4501, 4512, 4106, 4477, 4507, 4506, 4481,
            4481, 4506, 4475, 4510, 4477, 4501, 4513, 4477, 4510, 4513, 4512, 4477, 4513, 4507, 4481, 4478, 4219, 4107, 4514, 4478, 4512, 4512, 4478, 4106,
            4480, 4481, 4479, 4515, 4480, 4509, 4515, 4481, 4480, 4516, 4481, 4515, 4481, 4516, 4513, 4513, 4517, 4518, 4518, 4514, 4512, 4519, 4514, 4518,
            4518, 4512, 4513, 4517, 4513, 4516, 4518, 4517, 4520, 4502, 4494, 4498, 4501, 4495, 4494, 4494, 4511, 4501, 4511, 4494, 4502, 4499, 4511, 4502,
            4511, 4499, 4507, 4510, 4511, 4507, 4513, 4510, 4507, 4521, 4221, 4220, 4522, 4521, 4523, 4524, 4521, 4522, 4524, 4221, 4521, 4525, 4509, 4508,
            4509, 4516, 4515, 4516, 4509, 4525, 4508, 4526, 4525, 4526, 4508, 4527, 4519, 4219, 4514, 4514, 4219, 4478, 4519, 4220, 4219, 4519, 4521, 4220,
            4527, 4528, 4526, 4516, 4525, 4526, 4528, 4516, 4526, 4527, 4508, 4175, 4175, 4231, 4527, 4527, 4529, 4528, 4529, 4527, 4231, 4529, 4231, 4530,
            4516, 4520, 4517, 4523, 4521, 4519, 4528, 4531, 4516, 4523, 4519, 4518, 4520, 4523, 4518, 4520, 4516, 4531, 4532, 4528, 4529, 4529, 4530, 4532,
            4528, 4532, 4531, 4530, 4231, 4533, 4533, 4231, 4233, 4533, 4233, 4229, 4229, 4228, 4534, 4524, 4224, 4221, 4229, 4535, 4533, 4536, 4524, 4537,
            4538, 4224, 4536, 4524, 4536, 4224, 4533, 4539, 4530, 4539, 4533, 4535, 4540, 4539, 4535, 4535, 4229, 4541, 4541, 4229, 4534, 4542, 4226, 4224,
            4542, 4313, 4226, 4538, 4542, 4224, 4541, 4540, 4535, 4540, 4541, 4542, 4542, 4543, 4540, 4542, 4534, 4313, 4541, 4534, 4542, 4233, 4231, 4230,
            4539, 4532, 4530, 4537, 4524, 4522, 4544, 4537, 4522, 4523, 4520, 4531, 4523, 4531, 4522, 4531, 4544, 4522, 4532, 4544, 4531, 4544, 4532, 4539,
            4536, 4537, 4545, 4545, 4539, 4540, 4545, 4537, 4544, 4546, 4536, 4545, 4546, 4545, 4547, 4538, 4543, 4542, 4548, 4543, 4538, 4549, 4545, 4540,
            4549, 4540, 4543, 4549, 4543, 4550, 4548, 4550, 4543, 4546, 4538, 4536, 4538, 4546, 4551, 4538, 4551, 4548, 4547, 4545, 4549, 4549, 4551, 4547,
            4551, 4549, 4550, 4551, 4550, 4552, 4547, 4551, 4546, 4552, 4548, 4551, 4544, 4539, 4545, 4237, 4239, 4037, 4037, 4239, 4038, 4237, 4241, 4239,
            4237, 4240, 4241, 4238, 4245, 4039, 4247, 4245, 4238, 4247, 4246, 4245, 4239, 4242, 4238, 4242, 4247, 4238, 4249, 4242, 4244, 4248, 4246, 4247,
            4161, 4281, 4240, 4281, 4243, 4240, 4243, 4281, 4250, 4250, 4553, 4251, 4250, 4251, 4244, 4270, 4268, 4554, 4555, 4268, 4269, 4556, 4555, 4269,
            4269, 4271, 4556, 4273, 4276, 4277, 4277, 4271, 4273, 4278, 4556, 4271, 4278, 4277, 4557, 4557, 4277, 4276, 4181, 4281, 4180, 4553, 4281, 4181,
            4558, 4553, 4181, 4553, 4250, 4281, 4282, 4553, 4558, 4282, 4251, 4553, 4377, 4557, 4276, 4280, 4278, 4557, 4377, 4280, 4557, 4559, 4280, 4377,
            4225, 4181, 4183, 4225, 4558, 4181, 4311, 4225, 4226, 4311, 4310, 4225, 4225, 4310, 4558, 4310, 4282, 4558, 4282, 4310, 4315, 4315, 4329, 4282,
            4534, 4228, 4560, 4314, 4534, 4560, 4560, 4228, 4317, 4534, 4314, 4313, 4314, 4309, 4311, 4560, 4309, 4314, 4560, 4317, 4561, 4316, 4561, 4317,
            4319, 4561, 4316, 4560, 4561, 4562, 4309, 4560, 4562, 4562, 4561, 4563, 4319, 4336, 4561, 4563, 4561, 4336, 4564, 4563, 4336, 4564, 4336, 4341,
            4337, 4341, 4336, 4565, 4550, 4548, 4566, 4550, 4565, 4566, 4565, 4567, 4567, 4568, 4566, 4552, 4550, 4566, 4312, 4309, 4567, 4569, 4333, 4312,
            4567, 4570, 4569, 4570, 4567, 4565, 4568, 4309, 4562, 4562, 4571, 4568, 4569, 4312, 4567, 4571, 4562, 4563, 4572, 4571, 4563, 4572, 4568, 4571,
            4572, 4563, 4573, 4574, 4572, 4573, 4552, 4565, 4548, 4566, 4575, 4552, 4575, 4566, 4572, 4552, 4570, 4565, 4570, 4552, 4575, 4576, 4569, 4570,
            4575, 4572, 4577, 4577, 4572, 4574, 4575, 4576, 4570, 4577, 4576, 4575, 4578, 4335, 4333, 4569, 4578, 4333, 4564, 4573, 4563, 4574, 4573, 4579,
            4564, 4579, 4573, 4579, 4564, 4580, 4335, 4578, 4351, 4581, 4351, 4578, 4341, 4582, 4564, 4583, 4582, 4341, 4583, 4341, 4365, 4580, 4564, 4582,
            4584, 4582, 4583, 4569, 4576, 4578, 4585, 4578, 4576, 4578, 4585, 4581, 4574, 4579, 4580, 4577, 4585, 4576, 4585, 4577, 4586, 4351, 4581, 4587,
            4588, 4587, 4581, 4586, 4580, 4582, 4586, 4582, 4584, 4583, 4589, 4584, 4584, 4590, 4586, 4591, 4586, 4590, 4362, 4339, 4364, 4350, 4339, 4334,
            4365, 4341, 4340, 4364, 4388, 4368, 4306, 4377, 4276, 4592, 4559, 4377, 4377, 4378, 4592, 4377, 4376, 4378, 4367, 4368, 4380, 4366, 4593, 4365,
            4589, 4365, 4593, 4583, 4365, 4589, 4594, 4589, 4593, 4593, 4366, 4391, 4391, 4595, 4593, 4593, 4596, 4594, 4596, 4593, 4595, 4595, 4391, 4597,
            4598, 4587, 4588, 4587, 4387, 4351, 4589, 4590, 4584, 4594, 4596, 4589, 4590, 4589, 4596, 4389, 4387, 4587, 4599, 4590, 4596, 4587, 4598, 4389,
            4600, 4590, 4599, 4599, 4596, 4601, 4601, 4596, 4595, 4394, 4379, 4389, 4389, 4602, 4394, 4601, 4595, 4597, 4603, 4389, 4598, 4597, 4604, 4601,
            4601, 4604, 4599, 4605, 4599, 4604, 4392, 4606, 4391, 4606, 4392, 4607, 4597, 4391, 4606, 4606, 4607, 4608, 4604, 4597, 4606, 4604, 4606, 4609,
            4394, 4610, 4393, 4393, 4610, 4395, 4602, 4610, 4394, 4605, 4604, 4611, 4611, 4604, 4609, 4609, 4606, 4608, 4612, 4395, 4610, 4611, 4609, 4613,
            4608, 4613, 4609, 4395, 4612, 4614, 4615, 4614, 4612, 4392, 4398, 4607, 4398, 4392, 4397, 4607, 4398, 4616, 4608, 4607, 4616, 4398, 4399, 4617,
            4618, 4608, 4616, 4619, 4611, 4613, 4613, 4608, 4618, 4613, 4618, 4619, 4619, 4618, 4620, 4585, 4586, 4588, 4581, 4585, 4588, 4591, 4598, 4588,
            4591, 4603, 4598, 4603, 4602, 4389, 4621, 4602, 4603, 4621, 4603, 4605, 4621, 4610, 4602, 4610, 4622, 4612, 4605, 4623, 4621, 4623, 4622, 4621,
            4621, 4622, 4610, 4624, 4615, 4612, 4624, 4612, 4622, 4625, 4624, 4622, 4623, 4605, 4611, 4623, 4611, 4620, 4611, 4619, 4620, 4625, 4623, 4620,
            4622, 4623, 4625, 4625, 4620, 4626, 4624, 4625, 4626, 4567, 4309, 4568, 4568, 4572, 4566, 4586, 4574, 4580, 4577, 4574, 4586, 4600, 4591, 4590,
            4588, 4586, 4591, 4603, 4591, 4600, 4603, 4600, 4599, 4603, 4599, 4605, 4627, 4628, 4629, 4628, 4630, 4631, 4632, 4627, 4629, 4627, 4632, 3909,
            3544, 3909, 4632, 4629, 4628, 4631, 4633, 4632, 4629, 4633, 4629, 4634, 4635, 4633, 4634, 4636, 4631, 4630, 4637, 4636, 4630, 4636, 4637, 4638,
            4639, 4638, 4637, 4631, 4634, 4629, 4636, 4634, 4631, 4634, 4636, 4640, 4641, 4636, 4638, 4636, 4641, 4640, 4642, 4640, 4641, 4643, 4642, 4641,
            3545, 3544, 4644, 4644, 3544, 4632, 4633, 4644, 4632, 4645, 3545, 4644, 4644, 4633, 4635, 4646, 4635, 4634, 4645, 4644, 4635, 4647, 4635, 4646,
            4645, 4648, 3547, 3548, 3547, 4648, 4646, 4634, 4640, 4640, 4642, 4646, 4646, 4649, 4647, 4649, 4646, 4642, 4642, 4650, 4649, 4642, 4643, 4650,
            4650, 4643, 4651, 4649, 4652, 4647, 4653, 4654, 4647, 4653, 4647, 4652, 4649, 4650, 4652, 4651, 4655, 4650, 4639, 4656, 4657, 4658, 4639, 4657,
            4658, 4657, 4659, 4641, 4638, 4639, 4641, 4639, 4658, 4641, 4658, 4660, 4660, 4658, 4661, 4659, 4662, 4663, 4664, 4659, 4663, 4661, 4658, 4659,
            4659, 4665, 4661, 4665, 4659, 4664, 4643, 4641, 4660, 4666, 4643, 4660, 4651, 4643, 4666, 4666, 4660, 4661, 4667, 4666, 4661, 4668, 4669, 4655,
            4666, 4668, 4651, 4669, 4668, 4670, 4668, 4666, 4670, 4670, 4666, 4667, 4671, 4670, 4667, 4665, 4672, 4661, 4667, 4661, 4672, 4672, 4665, 4664,
            4673, 4672, 4664, 4664, 4674, 4673, 4673, 4675, 4672, 4673, 4676, 4675, 4676, 4673, 4677, 4675, 4667, 4672, 4671, 4667, 4675, 4671, 4675, 4678,
            4678, 4675, 4676, 4678, 4676, 4679, 4648, 3552, 3548, 4654, 4680, 4681, 4654, 4653, 4680, 4680, 4682, 4681, 4682, 4683, 4684, 4683, 4682, 4685,
            4686, 3556, 3552, 4681, 4682, 4686, 4682, 4684, 4686, 4687, 4686, 4684, 4688, 4652, 4650, 4650, 4655, 4688, 4653, 4688, 4689, 4653, 4652, 4688,
            4685, 4680, 4653, 4682, 4680, 4685, 4685, 4653, 4689, 4690, 4685, 4689, 4685, 4690, 4683, 4691, 4690, 4689, 4691, 4689, 4692, 4691, 4692, 4693,
            4683, 4694, 4687, 4690, 4694, 4683, 4695, 4694, 4690, 3559, 3556, 4686, 4686, 4687, 3559, 4694, 3559, 4687, 3559, 4696, 3560, 3559, 4694, 4696,
            4684, 4683, 4687, 4697, 4696, 4695, 4696, 4697, 4698, 4694, 4695, 4696, 4695, 4699, 4697, 4696, 4698, 3560, 4074, 3560, 4698, 3561, 3560, 4074,
            4695, 4700, 4701, 4695, 4690, 4700, 4700, 4690, 4691, 4702, 4700, 4691, 4701, 4700, 4702, 4691, 4703, 4702, 4695, 4701, 4699, 4701, 4704, 4699,
            4705, 4701, 4702, 4706, 4701, 4705, 4707, 4705, 4702, 4708, 4709, 4710, 4711, 4712, 4709, 4713, 4708, 4714, 4713, 4714, 4715, 4716, 4655, 4669,
            4688, 4655, 4716, 4692, 4688, 4716, 4669, 4717, 4716, 4670, 4718, 4669, 4718, 4717, 4669, 4693, 4692, 4716, 4717, 4693, 4716, 4693, 4717, 4719,
            4720, 4717, 4718, 4718, 4670, 4671, 4721, 4718, 4671, 4718, 4721, 4722, 4678, 4721, 4671, 4721, 4678, 4723, 4722, 4721, 4723, 4724, 4723, 4678,
            4718, 4722, 4720, 4725, 4722, 4726, 4726, 4723, 4724, 4722, 4723, 4726, 4727, 4726, 4724, 4728, 4729, 4730, 4703, 4691, 4693, 4719, 4703, 4693,
            4719, 4731, 4703, 4703, 4731, 4702, 4719, 4728, 4731, 4719, 4717, 4720, 4719, 4720, 4729, 4728, 4719, 4729, 4732, 4733, 4734, 4733, 4735, 4736,
            4736, 4737, 4738, 4736, 4735, 4737, 4739, 4731, 4728, 4740, 4734, 4741, 4732, 4734, 4740, 4729, 4720, 4725, 4720, 4722, 4725, 4725, 4742, 4729,
            4743, 4725, 4726, 4743, 4726, 4727, 4732, 4744, 4745, 4742, 4725, 4743, 4746, 4747, 4735, 4748, 4749, 4746, 4747, 4746, 4749, 4735, 4747, 4737,
            4678, 4679, 4750, 4678, 4750, 4724, 4724, 4751, 4727, 4752, 4751, 4724, 4748, 4753, 4754, 3676, 3664, 4755, 3676, 4755, 4756, 3665, 3664, 3676,
            4757, 3676, 4756, 4758, 4759, 4760, 875, 4761, 876, 4755, 876, 4761, 4761, 875, 1432, 4755, 3664, 876, 4761, 4762, 4755, 4761, 1432, 1434,
            4761, 1434, 4762, 1434, 4763, 4762, 4756, 4755, 4762, 4756, 4762, 4763, 4764, 4756, 4763, 4763, 4759, 4764, 1434, 1435, 4765, 1440, 4765, 1435,
            1434, 4765, 4763, 4766, 4765, 1440, 4767, 1440, 1439, 4767, 1439, 1445, 4766, 1440, 4767, 4766, 4767, 4768, 4759, 4763, 4765, 4760, 4759, 4765,
            4760, 4765, 4766, 4768, 4760, 4766, 4769, 4760, 4768, 3677, 3676, 4757, 4770, 4771, 4757, 3681, 3677, 4771, 4757, 4771, 3677, 4757, 4756, 4770,
            4770, 4756, 4764, 4772, 4764, 4759, 4770, 4764, 4772, 4772, 4771, 4770, 3681, 4771, 4773, 3722, 3681, 4773, 3722, 3679, 3681, 4774, 4771, 4772,
            4774, 4772, 4775, 4771, 4774, 4773, 4772, 4759, 4758, 4758, 4760, 4769, 4758, 4775, 4772, 4776, 4769, 4777, 4776, 4758, 4769, 4776, 4775, 4758,
            4778, 4774, 4775, 4778, 4775, 4779, 4779, 4775, 4776, 4780, 4776, 4777, 4780, 4777, 4781, 4779, 4776, 4780, 4767, 1445, 4782, 4783, 4782, 1446,
            4784, 4782, 4783, 4782, 1445, 1446, 4783, 1446, 4785, 4782, 4784, 4767, 4768, 4767, 4784, 4769, 4768, 4784, 4769, 4784, 4786, 4787, 4784, 4783,
            4788, 4787, 4783, 4786, 4784, 4787, 4789, 4787, 4788, 4777, 4790, 4781, 4791, 4781, 4790, 4781, 4792, 4780, 4792, 4781, 4791, 4793, 4791, 4794,
            4792, 4791, 4793, 4795, 4793, 4794, 4795, 4794, 4796, 4797, 4795, 4796, 4769, 4790, 4777, 4790, 4769, 4786, 4786, 4787, 4798, 4790, 4786, 4798,
            4791, 4790, 4798, 4791, 4798, 4794, 4787, 4789, 4798, 4794, 4798, 4789, 4789, 4796, 4794, 3726, 3723, 4799, 4799, 3723, 3722, 4799, 3722, 4773,
            4799, 4773, 4778, 4778, 4773, 4774, 4800, 4799, 4778, 4800, 3726, 4799, 4801, 3735, 3726, 4800, 4801, 3726, 4802, 4801, 4800, 4802, 4800, 4803,
            4803, 4804, 4805, 4804, 4778, 4779, 4804, 4779, 4805, 4780, 4806, 4779, 4805, 4779, 4806, 4800, 4778, 4804, 4804, 4803, 4800, 4805, 4807, 4803,
            4807, 4805, 4806, 4807, 4806, 4808, 4809, 4807, 4808, 4801, 4810, 3735, 3735, 4810, 4811, 4801, 4802, 4810, 4812, 4813, 4810, 4811, 3737, 3735,
            4811, 4814, 3737, 4814, 4811, 4815, 4811, 4810, 4813, 4815, 4811, 4813, 4630, 4815, 4813, 4816, 4817, 4812, 4816, 4803, 4807, 4816, 4807, 4809,
            4816, 4809, 4818, 4816, 4818, 4817, 4813, 4812, 4817, 4630, 4813, 4817, 4817, 4818, 4819, 4819, 4637, 4817, 4806, 4780, 4792, 4792, 4820, 4806,
            4820, 4808, 4806, 4808, 4820, 4821, 4792, 4822, 4820, 4822, 4792, 4793, 4822, 4793, 4795, 4822, 4821, 4820, 4823, 4808, 4821, 4808, 4823, 4809,
            4823, 4824, 4809, 4825, 4823, 4821, 4825, 4826, 4823, 4825, 4821, 4827, 4825, 4827, 4828, 4797, 4822, 4795, 4829, 4822, 4797, 4826, 4824, 4823,
            4818, 4824, 4830, 4818, 4809, 4824, 4826, 4825, 4831, 4832, 4826, 4831, 4819, 4818, 4830, 4832, 4830, 4824, 4832, 4824, 4826, 4830, 4656, 4819,
            4656, 4830, 4832, 4833, 4832, 4831, 4656, 4832, 4833, 4833, 4831, 4662, 4831, 4834, 4662, 4835, 4836, 4837, 4838, 1637, 1482, 4839, 4838, 1482,
            4840, 4838, 4839, 4839, 1482, 1485, 4841, 4839, 1485, 4842, 4841, 1485, 4843, 4841, 4842, 4844, 4839, 4841, 4839, 4844, 4840, 4845, 4844, 4843,
            4843, 4844, 4841, 4846, 4843, 4847, 4846, 4847, 4848, 1490, 1492, 4849, 1490, 4850, 4842, 4850, 1490, 4849, 4844, 4851, 4840, 4836, 4851, 4845,
            4836, 4845, 4852, 4853, 4836, 4852, 4852, 4846, 4854, 4837, 4836, 4853, 4855, 4853, 4856, 4853, 4852, 4854, 4849, 1492, 1493, 1639, 1640, 4857,
            4849, 1493, 1639, 4848, 4849, 4858, 4859, 4860, 4858, 4861, 4854, 4846, 4856, 4853, 4862, 4853, 4854, 4863, 4864, 4861, 4848, 4848, 4858, 4864,
            4864, 4858, 4860, 4865, 4864, 4860, 4860, 4859, 4866, 4866, 4859, 4867, 4866, 4865, 4860, 4865, 4866, 4868, 4869, 4865, 4868, 4870, 4869, 4871,
            4872, 4868, 4866, 4868, 4872, 4873, 4874, 4868, 4873, 4875, 4876, 4874, 4875, 4874, 4873, 4877, 4878, 4879, 4879, 4878, 4855, 4880, 4879, 4855,
            4881, 4882, 4883, 4881, 4883, 4884, 4885, 4886, 4887, 4887, 4888, 4889, 4888, 4887, 4886, 4888, 4890, 4889, 4889, 4890, 4891, 4892, 4887, 4889,
            4887, 4892, 4893, 4894, 4887, 4893, 4887, 4894, 4885, 4895, 4885, 4894, 4896, 4891, 4880, 4897, 4896, 4880, 4896, 4889, 4891, 4892, 4889, 4896,
            4898, 4896, 4897, 4898, 4892, 4896, 4893, 4899, 4894, 4893, 4892, 4898, 4900, 4893, 4898, 4899, 4893, 4900, 4900, 4898, 4901, 4900, 4901, 4902,
            4855, 4878, 4837, 4903, 4855, 4856, 4880, 4855, 4903, 4862, 4863, 4904, 4904, 4905, 4862, 4904, 4863, 4870, 4904, 4870, 4871, 4903, 4897, 4880,
            4897, 4903, 4906, 4906, 4905, 4907, 4906, 4907, 4908, 4909, 4871, 4876, 4909, 4876, 4910, 4910, 4876, 4875, 4911, 4912, 4875, 4912, 4910, 4875,
            4913, 4914, 4915, 4897, 4906, 4901, 4898, 4897, 4901, 4916, 4901, 4906, 4901, 4916, 4917, 4906, 4908, 4916, 4902, 4901, 4917, 4914, 4918, 4908,
            4916, 4908, 4918, 4917, 4916, 4918, 4917, 4918, 4919, 4919, 4918, 4920, 4919, 4920, 4921, 4913, 4918, 4914, 4920, 4918, 4913, 4920, 4913, 4922,
            4920, 4922, 4923, 4913, 4915, 4924, 4922, 4913, 4924, 4925, 4922, 4924, 4923, 4922, 4925, 4923, 4926, 4920, 4921, 4920, 4926, 4927, 4926, 4923,
            4923, 4925, 4927, 4927, 4925, 4928, 1642, 4929, 1641, 4859, 4930, 4867, 4931, 4932, 4929, 4933, 4931, 4934, 1642, 1563, 4935, 4936, 1563, 1568,
            4935, 1563, 4936, 1583, 1644, 1568, 1568, 1644, 4937, 4938, 4939, 4937, 4872, 4866, 4932, 4872, 4932, 4940, 4940, 4931, 4933, 4940, 4932, 4931,
            4941, 4940, 4933, 4941, 4933, 4942, 4943, 4941, 4944, 4940, 4873, 4872, 4911, 4873, 4940, 4941, 4943, 4945, 4945, 4946, 4941, 4933, 4934, 4942,
            4941, 4942, 4944, 4944, 4942, 4938, 4938, 4937, 4947, 4944, 4938, 4948, 4944, 4949, 4943, 4949, 4944, 4950, 4950, 4944, 4948, 4948, 4951, 4950,
            1645, 1643, 1589, 4952, 4953, 4954, 4947, 4937, 4953, 1645, 1588, 4955, 4955, 1588, 4956, 4957, 1645, 4955, 4956, 1588, 1591, 4955, 4956, 4958,
            4958, 4956, 4959, 4960, 1645, 4957, 4961, 4957, 4955, 4961, 4955, 4958, 4960, 4957, 4961, 4962, 4961, 4958, 4962, 4958, 4963, 4947, 4953, 4964,
            4965, 4947, 4966, 4948, 4947, 4965, 4967, 4964, 4960, 4966, 4964, 4967, 4965, 4966, 4968, 4967, 4960, 4969, 4969, 4960, 4961, 4969, 4961, 4962,
            4967, 4969, 4970, 4970, 4969, 4962, 4967, 4971, 4968, 4967, 4970, 4971, 4970, 4962, 4972, 4962, 4973, 4972, 4972, 4974, 4970, 4975, 4972, 4976,
            4977, 4978, 4945, 4977, 4979, 4978, 4924, 4978, 4980, 4925, 4924, 4980, 4981, 4979, 4977, 4925, 4980, 4982, 3906, 3737, 4814, 3906, 4627, 3907,
            4627, 3906, 4814, 4627, 4814, 4628, 4628, 4814, 4815, 4628, 4815, 4630, 4627, 3909, 3907, 4639, 4637, 4819, 4819, 4656, 4639, 4657, 4656, 4833,
            4833, 4659, 4657, 4659, 4833, 4662, 4983, 4711, 4709, 4983, 4709, 4708, 4984, 4983, 4708, 4984, 4985, 4983, 4984, 4708, 4713, 4985, 4984, 4986,
            4984, 4713, 4986, 4987, 4986, 4713, 4986, 4988, 4985, 4989, 4985, 4988, 4988, 4986, 4987, 4736, 4738, 4990, 4991, 4738, 4737, 4738, 4991, 4992,
            4713, 4715, 4990, 4736, 4990, 4715, 4713, 4990, 4987, 4990, 4993, 4987, 4993, 4990, 4738, 4994, 4987, 4993, 4995, 4994, 4993, 4987, 4994, 4988,
            4996, 4993, 4738, 4995, 4993, 4996, 4992, 4996, 4738, 4995, 4996, 4997, 4997, 4996, 4992, 4992, 4998, 4999, 4997, 4992, 4999, 4747, 4749, 5000,
            5001, 4747, 5000, 5001, 5000, 5002, 5001, 4737, 4747, 4991, 4737, 5001, 4749, 4748, 4754, 5000, 4749, 4754, 5003, 5000, 4754, 5002, 5000, 5003,
            5001, 4998, 4991, 4998, 5001, 5002, 4991, 4998, 4992, 5004, 4998, 5002, 5005, 5002, 5003, 5002, 5005, 5006, 5006, 5004, 5002, 4999, 4998, 5004,
            5007, 4994, 4995, 5008, 5007, 4995, 5009, 4997, 4999, 5010, 5009, 4999, 5008, 4995, 4997, 5009, 5008, 4997, 5011, 5012, 5008, 5009, 5011, 5008,
            5013, 5011, 5009, 5009, 5010, 5013, 5014, 5011, 5013, 5014, 5013, 5015, 5016, 5013, 5010, 5017, 5004, 5006, 5018, 5017, 5006, 5018, 5006, 5019,
            5010, 5017, 5018, 5020, 5018, 5019, 5018, 5020, 5021, 5018, 5021, 5022, 5022, 5021, 5023, 5017, 4999, 5004, 5010, 4999, 5017, 5024, 5010, 5018,
            5010, 5024, 5025, 5025, 5026, 5016, 5025, 5024, 5026, 5016, 5010, 5025, 5018, 5022, 5024, 5026, 5024, 5027, 5022, 5027, 5024, 5028, 5014, 5029,
            5029, 5014, 5015, 5015, 5013, 5016, 5016, 5030, 5015, 5031, 5015, 5030, 5029, 5015, 5031, 5031, 5032, 5029, 5031, 5033, 5034, 5022, 5023, 5035,
            5036, 5037, 5035, 5030, 5016, 5026, 5027, 5030, 5026, 5022, 5035, 5027, 5037, 5027, 5035, 5027, 5038, 5030, 5031, 5030, 5033, 5033, 5030, 5038,
            5038, 5037, 5039, 5038, 5027, 5037, 5036, 5039, 5037, 5040, 5039, 5036, 5040, 5041, 5039, 5038, 5042, 5033, 5039, 5042, 5038, 5034, 5033, 5042,
            5043, 5034, 5042, 5039, 5041, 5044, 5044, 5042, 5039, 5045, 5042, 5044, 5042, 5045, 5043, 5045, 5044, 5046, 5047, 5043, 5045, 5048, 5045, 5046,
            5046, 5049, 5048, 4895, 5050, 5051, 5052, 5051, 5053, 4895, 4894, 5050, 5054, 5055, 5056, 5052, 5053, 5057, 5050, 4894, 4899, 5058, 4899, 5059,
            4899, 5058, 5050, 5053, 5050, 5058, 5060, 5058, 5059, 4899, 4900, 5059, 5059, 4900, 4902, 5051, 5050, 5053, 5053, 5058, 5060, 5057, 5053, 5060,
            5061, 5060, 5062, 5062, 5060, 5059, 5059, 4902, 5063, 5062, 5059, 5063, 5064, 5062, 5063, 5062, 5064, 5061, 5057, 5065, 5052, 5066, 5065, 5057,
            5066, 5057, 5067, 5068, 5069, 5066, 5070, 5071, 5072, 5067, 5057, 5060, 5073, 5067, 5060, 5073, 5060, 5061, 5061, 5074, 5073, 5074, 5061, 5075,
            5076, 5075, 5077, 5071, 5078, 5072, 5072, 5078, 5079, 5080, 5079, 5076, 5080, 5076, 5081, 5063, 4902, 4917, 4919, 5063, 4917, 5082, 5083, 4919,
            5082, 4919, 4921, 5083, 5063, 4919, 5084, 4921, 4926, 5084, 5082, 4921, 5064, 5063, 5083, 5085, 5064, 5083, 5085, 5083, 5082, 5075, 5064, 5085,
            5086, 5082, 5084, 5085, 5082, 5086, 5087, 5085, 5086, 5077, 5075, 5087, 5087, 5075, 5085, 5077, 5087, 5088, 4754, 5089, 5090, 5003, 4754, 5090,
            5090, 5091, 5092, 5003, 5090, 5093, 5093, 5090, 5094, 5095, 5096, 5097, 5096, 5003, 5093, 5098, 5093, 5094, 5097, 5093, 5098, 5096, 5093, 5097,
            5099, 5100, 5101, 5090, 5092, 5094, 5102, 5103, 5094, 5104, 5103, 5105, 5103, 5098, 5094, 5104, 5098, 5103, 5103, 5102, 5106, 5107, 5103, 5106,
            5105, 5103, 5107, 5106, 5108, 5107, 5104, 5097, 5098, 5105, 5109, 5104, 5110, 5104, 5109, 5111, 5105, 5107, 5109, 5105, 5111, 5111, 5107, 5112,
            5113, 5110, 5114, 5111, 5115, 5116, 5109, 5111, 5114, 5110, 5109, 5114, 5116, 5114, 5111, 5005, 5003, 5096, 5096, 5117, 5005, 5005, 5117, 5006,
            5117, 5096, 5095, 5095, 5019, 5117, 5020, 5019, 5095, 5020, 5095, 5118, 5019, 5006, 5117, 5118, 5095, 5097, 5097, 5104, 5118, 5104, 5110, 5118,
            5023, 5021, 5020, 5023, 5020, 5119, 5023, 5119, 5120, 5119, 5020, 5118, 5119, 5118, 5121, 5121, 5118, 5110, 5120, 5119, 5121, 5110, 5113, 5121,
            5122, 5121, 5113, 5100, 5099, 5123, 5068, 5124, 5123, 5068, 5123, 5069, 5068, 5066, 5070, 5112, 5108, 5125, 5126, 5112, 5125, 5126, 5125, 5127,
            5128, 5126, 5127, 5129, 5128, 5127, 5112, 5107, 5108, 5115, 5111, 5112, 5126, 5115, 5112, 5126, 5128, 5115, 5115, 5128, 5130, 5079, 5131, 5072,
            5129, 5127, 5132, 5113, 5133, 5134, 5133, 5113, 5114, 5114, 5116, 5133, 5115, 5133, 5116, 5135, 5134, 5133, 5135, 5133, 5136, 5137, 5135, 5136,
            5023, 5120, 5035, 5036, 5035, 5138, 5138, 5035, 5139, 5035, 5120, 5139, 5120, 5121, 5139, 5122, 5139, 5121, 5140, 5139, 5122, 5040, 5036, 5138,
            5138, 5139, 5141, 5141, 5040, 5138, 5139, 5140, 5141, 5122, 5142, 5140, 5143, 5141, 5140, 5141, 5144, 5040, 5144, 5041, 5040, 5122, 5113, 5134,
            5122, 5134, 5142, 5135, 5145, 5134, 5145, 5142, 5134, 5146, 5140, 5142, 5146, 5142, 5145, 5147, 5145, 5135, 5137, 5147, 5135, 5144, 5141, 5148,
            5148, 5141, 5143, 5146, 5143, 5140, 5143, 5146, 5149, 5143, 5149, 5148, 5150, 5148, 5149, 5150, 5149, 5151, 5041, 5144, 5152, 5044, 5041, 5152,
            5152, 5046, 5044, 5152, 5144, 5148, 5046, 5152, 5153, 5153, 5148, 5154, 5148, 5153, 5152, 5155, 5153, 5154, 5049, 5046, 5153, 5155, 5049, 5153,
            5155, 5156, 5049, 5150, 5154, 5148, 5154, 5150, 5157, 5158, 5157, 5150, 5146, 5145, 5159, 5159, 5145, 5160, 5149, 5146, 5159, 5160, 5145, 5147,
            5161, 5147, 5137, 5159, 5160, 5162, 5160, 5147, 5161, 5151, 5149, 5159, 5158, 5150, 5151, 5163, 5151, 5159, 5158, 5151, 5163, 5164, 5158, 5163,
            5163, 5159, 5162, 5160, 5165, 5162, 5166, 5163, 5162, 5162, 5165, 5166, 5166, 5165, 5167, 5129, 5168, 5128, 5168, 5129, 5169, 5170, 5130, 5171,
            5136, 5115, 5130, 5136, 5133, 5115, 5136, 5130, 5170, 5128, 5168, 5130, 5130, 5168, 5171, 5136, 5170, 5137, 5170, 5172, 5137, 5170, 5173, 5172,
            5171, 5174, 5170, 5171, 5168, 5174, 5174, 5173, 5170, 5169, 5174, 5168, 5175, 5176, 5174, 5176, 5173, 5174, 5177, 5129, 5132, 5178, 5129, 5177,
            5129, 5178, 5169, 5178, 5177, 5179, 5175, 5169, 5178, 5175, 5178, 5180, 5181, 5178, 5179, 5180, 5178, 5182, 5182, 5178, 5181, 5182, 5181, 5183,
            5174, 5169, 5175, 5172, 5161, 5137, 5172, 5184, 5185, 5176, 5175, 5186, 5176, 5172, 5173, 5187, 5172, 5176, 5187, 5184, 5172, 5187, 5176, 5186,
            5184, 5187, 5188, 5188, 5187, 5189, 5190, 5180, 5182, 5190, 5182, 5191, 5191, 5182, 5183, 5192, 5190, 5191, 5193, 5175, 5180, 5193, 5180, 5190,
            5186, 5175, 5193, 5192, 5193, 5190, 5192, 5194, 5193, 5194, 5186, 5193, 5195, 5186, 5194, 5187, 5186, 5195, 5195, 5189, 5187, 5194, 5196, 5195,
            5196, 5192, 5197, 5196, 5194, 5192, 5197, 5192, 5191, 5185, 5161, 5172, 5185, 5165, 5161, 5165, 5185, 5167, 5165, 5160, 5161, 5184, 5167, 5185,
            5188, 5167, 5184, 5188, 5198, 5167, 5199, 5200, 5201, 5157, 5155, 5154, 5202, 5155, 5157, 5203, 5157, 5158, 5203, 5202, 5157, 5203, 5204, 5202,
            5156, 5155, 5202, 5202, 5205, 5156, 5205, 5202, 5206, 5206, 5202, 5204, 5207, 5205, 5206, 5199, 5208, 5200, 5208, 5199, 5209, 5210, 5208, 5211,
            5212, 5213, 5164, 5214, 5164, 5213, 5163, 5166, 5212, 5215, 5216, 5217, 5164, 5163, 5212, 5215, 5212, 5166, 5213, 5212, 5215, 5213, 5215, 5217,
            5218, 5219, 5213, 5218, 5213, 5217, 5218, 5217, 5220, 5158, 5164, 5203, 5221, 5204, 5203, 5222, 5221, 5203, 5214, 5203, 5164, 5223, 5204, 5221,
            5206, 5204, 5223, 5222, 5203, 5214, 5223, 5221, 5222, 5224, 5222, 5214, 5214, 5213, 5225, 5225, 5213, 5219, 5224, 5225, 5219, 5223, 5222, 5224,
            5225, 5224, 5214, 5219, 5218, 5226, 5227, 5228, 5226, 5229, 5200, 5208, 5208, 5230, 5229, 5208, 5210, 5230, 5231, 5210, 5211, 5232, 5230, 5210,
            5226, 5218, 5233, 5233, 5218, 5220, 5234, 5227, 5235, 5236, 5232, 5237, 5237, 5238, 5236, 5239, 5238, 5237, 5240, 5238, 5239, 5195, 5241, 5189,
            5241, 5195, 5242, 5242, 5195, 5196, 5242, 5196, 5243, 5243, 5196, 5197, 5243, 5197, 5244, 5243, 5244, 5242, 5241, 5242, 5245, 5246, 5244, 5247,
            5244, 5245, 5242, 5246, 5245, 5244, 5246, 5248, 5245, 5248, 5246, 5249, 5250, 5249, 5246, 5215, 5166, 5167, 5216, 5215, 5167, 5216, 5167, 5198,
            5251, 5198, 5188, 5251, 5188, 5189, 5251, 5189, 5252, 5252, 5189, 5241, 5241, 5253, 5252, 5216, 5198, 5254, 5254, 5198, 5251, 5252, 5254, 5251,
            5220, 5217, 5216, 5254, 5220, 5216, 5255, 5220, 5254, 5256, 5252, 5253, 5253, 5257, 5256, 5254, 5252, 5256, 5253, 5241, 5245, 5257, 5253, 5245,
            5255, 5233, 5220, 5256, 5255, 5254, 5258, 5255, 5256, 5255, 5259, 5233, 5235, 5233, 5259, 5260, 5258, 5261, 5258, 5259, 5255, 5259, 5258, 5260,
            5261, 5256, 5257, 5261, 5258, 5256, 5261, 5262, 5260, 5262, 5261, 5257, 5263, 5260, 5262, 5264, 5260, 5263, 5265, 5263, 5262, 5266, 5235, 5264,
            5264, 5267, 5266, 5259, 5260, 5264, 5267, 5264, 5268, 5268, 5264, 5263, 5269, 5263, 5270, 5270, 5263, 5265, 5263, 5269, 5268, 5248, 5257, 5245,
            5271, 5257, 5248, 5271, 5248, 5272, 5271, 5262, 5257, 5272, 5248, 5249, 5273, 5249, 5250, 5262, 5271, 5274, 5272, 5274, 5271, 5265, 5262, 5274,
            5272, 5249, 5273, 5275, 5276, 5273, 5273, 5276, 5272, 5270, 5265, 5277, 5278, 5279, 5280, 5281, 5278, 5280, 5282, 5270, 5283, 5284, 5270, 5282,
            5269, 5270, 5284, 5285, 5278, 5281, 5285, 5281, 5286, 5287, 5286, 5281, 5287, 5288, 5286, 5288, 5289, 5286, 5277, 5265, 5274, 5283, 5270, 5277,
            5277, 5274, 5290, 5283, 5277, 5291, 5291, 5277, 5290, 5292, 5291, 5290, 5290, 5272, 5276, 5290, 5274, 5272, 5290, 5276, 5292, 5275, 5293, 5276,
            5293, 5292, 5276, 5291, 5292, 5294, 5292, 5295, 5294, 5292, 5293, 5295, 5291, 5296, 5283, 5282, 5283, 5296, 5297, 5291, 5294, 5296, 5291, 5297,
            5298, 5297, 5294, 5299, 5288, 5297, 5300, 5288, 5299, 5299, 5297, 5298, 5298, 5294, 5295, 5289, 5285, 5286, 5301, 5285, 5289, 5302, 5289, 5300,
            5301, 5289, 5302, 5302, 5303, 5301, 5304, 5303, 5302, 5289, 5288, 5300, 5302, 5300, 5299, 5305, 5302, 5299, 5306, 5307, 5295, 5308, 5298, 5295,
            5308, 5295, 5307, 5298, 5308, 5299, 5305, 5299, 5308, 5308, 5309, 5305, 5309, 5308, 5307, 5305, 5304, 5302, 5304, 5305, 5310, 5311, 5304, 5310,
            5309, 5310, 5305, 5310, 5309, 5312, 5312, 5313, 5310, 4927, 4928, 5314, 5314, 5315, 4927, 4965, 5316, 5317, 4974, 4972, 4975, 5318, 4980, 4979,
            4949, 5319, 4981, 5319, 5320, 4981, 5321, 5319, 5322, 5323, 5321, 5322, 5324, 5321, 5323, 4982, 4980, 5318, 4928, 4925, 4982, 5325, 4928, 4982,
            5318, 5325, 4982, 4979, 5320, 5318, 5326, 5318, 5320, 5318, 5326, 5327, 5318, 5328, 5325, 4928, 5325, 5314, 5314, 5325, 5328, 5328, 5318, 5327,
            5329, 5328, 5327, 5330, 5326, 5320, 5326, 5331, 5327, 5331, 5326, 5330, 5332, 5331, 5330, 5332, 5333, 5331, 5327, 5334, 5329, 5334, 5327, 5331,
            5333, 5334, 5331, 5335, 5334, 5333, 5336, 5317, 5316, 5337, 5316, 4971, 5336, 5316, 5337, 5323, 5338, 5324, 5339, 5338, 5336, 5337, 4971, 4974,
            5337, 4974, 5340, 5340, 4974, 4975, 5340, 4975, 5341, 5342, 5340, 5341, 5341, 5343, 5342, 5344, 5342, 5343, 5332, 5345, 5346, 5346, 5345, 5347,
            5348, 5346, 5349, 5332, 5350, 5333, 5346, 5350, 5332, 5350, 5335, 5333, 5350, 5346, 5348, 5348, 5349, 5351, 5348, 5352, 5350, 5353, 5343, 5354,
            5351, 5349, 5355, 5349, 5356, 5355, 5357, 5351, 5355, 5358, 5359, 5360, 5358, 5355, 5359, 5357, 5355, 5358, 5358, 5360, 5361, 5362, 5358, 5361,
            5363, 5086, 5084, 5084, 4926, 5363, 5315, 5363, 4926, 4926, 4927, 5315, 5364, 5315, 5314, 5363, 5315, 5364, 5365, 5363, 5364, 5366, 5086, 5363,
            5366, 5363, 5365, 5367, 5365, 5364, 5365, 5367, 5368, 5369, 5368, 5367, 5370, 5087, 5086, 5370, 5086, 5371, 5087, 5370, 5088, 5372, 5081, 5373,
            5371, 5086, 5366, 5374, 5371, 5366, 5374, 5366, 5375, 5368, 5366, 5365, 5368, 5369, 5376, 5376, 5375, 5368, 5368, 5375, 5366, 5377, 5378, 5379,
            5377, 5379, 5380, 5381, 5081, 5372, 5382, 5383, 5372, 5384, 5383, 5382, 5385, 5191, 5183, 5386, 5191, 5385, 5384, 5387, 5388, 5389, 5386, 5385,
            5197, 5191, 5386, 5386, 5389, 5390, 5387, 5379, 5378, 5386, 5244, 5197, 5377, 5391, 5392, 5367, 5314, 5393, 5393, 5314, 5328, 5367, 5364, 5314,
            5394, 5367, 5393, 5393, 5328, 5329, 5394, 5393, 5329, 5329, 5395, 5394, 5369, 5367, 5394, 5394, 5396, 5369, 5396, 5394, 5395, 5397, 5396, 5395,
            5398, 5329, 5334, 5329, 5398, 5395, 5335, 5399, 5334, 5398, 5334, 5399, 5398, 5400, 5395, 5400, 5397, 5395, 5400, 5398, 5399, 5401, 5399, 5402,
            5400, 5399, 5401, 5403, 5400, 5401, 5403, 5401, 5404, 5396, 5376, 5369, 5405, 5376, 5396, 5405, 5396, 5397, 5380, 5375, 5376, 5405, 5406, 5376,
            5405, 5397, 5407, 5408, 5407, 5397, 5397, 5400, 5408, 5403, 5408, 5400, 5404, 5409, 5403, 5403, 5410, 5408, 5403, 5409, 5410, 5408, 5411, 5412,
            5411, 5408, 5410, 5411, 5410, 5413, 5335, 5350, 5352, 5402, 5399, 5335, 5402, 5335, 5352, 5352, 5348, 5351, 5414, 5352, 5351, 5352, 5414, 5402,
            5415, 5414, 5416, 5417, 5402, 5414, 5417, 5414, 5415, 5404, 5401, 5402, 5404, 5402, 5417, 5418, 5404, 5417, 5419, 5417, 5415, 5414, 5351, 5357,
            5416, 5414, 5357, 5362, 5357, 5358, 5420, 5362, 5361, 5416, 5357, 5362, 5420, 5416, 5362, 5420, 5361, 5421, 5420, 5415, 5416, 5422, 5415, 5420,
            5422, 5420, 5423, 5421, 5424, 5420, 5423, 5420, 5424, 5424, 5425, 5423, 5419, 5415, 5422, 5418, 5409, 5404, 5426, 5409, 5418, 5418, 5417, 5419,
            5427, 5418, 5419, 5418, 5428, 5426, 5428, 5418, 5427, 5426, 5410, 5409, 5426, 5429, 5410, 5426, 5430, 5429, 5430, 5426, 5428, 5431, 5422, 5425,
            5422, 5423, 5425, 5432, 5425, 5424, 5419, 5422, 5431, 5419, 5431, 5427, 5433, 5431, 5425, 5433, 5425, 5432, 5434, 5427, 5431, 5435, 5427, 5434,
            5428, 5427, 5435, 5434, 5431, 5433, 5433, 5432, 5436, 5436, 5434, 5433, 5435, 5434, 5437, 5438, 5434, 5436, 5390, 5389, 5439, 5390, 5439, 5440,
            5244, 5386, 5390, 5244, 5390, 5441, 5441, 5247, 5244, 5390, 5440, 5441, 5442, 5441, 5440, 5442, 5247, 5441, 5442, 5440, 5443, 5443, 5440, 5444,
            5391, 5445, 5392, 5446, 5445, 5447, 5446, 5447, 5448, 5247, 5442, 5449, 5449, 5246, 5247, 5246, 5449, 5250, 5450, 5449, 5442, 5443, 5451, 5442,
            5450, 5442, 5451, 5273, 5250, 5449, 5452, 5273, 5449, 5450, 5452, 5449, 5450, 5451, 5453, 5454, 5450, 5453, 5455, 5448, 5412, 5455, 5456, 5448,
            5457, 5456, 5455, 5453, 5458, 5459, 5273, 5452, 5275, 5454, 5452, 5450, 5460, 5452, 5454, 5454, 5453, 5459, 5461, 5460, 5454, 5454, 5459, 5462,
            5461, 5454, 5462, 5463, 5429, 5464, 5462, 5465, 5466, 5467, 5428, 5435, 5438, 5437, 5434, 5437, 5438, 5468, 5438, 5436, 5469, 5468, 5438, 5469,
            5470, 5471, 5466, 5472, 5473, 5474, 5474, 5475, 5472, 5476, 5475, 5477, 5275, 5452, 5460, 5293, 5275, 5460, 5478, 5293, 5460, 5478, 5460, 5461,
            5293, 5478, 5295, 5479, 5461, 5462, 5461, 5479, 5478, 5479, 5480, 5478, 5462, 5466, 5479, 5306, 5295, 5478, 5480, 5306, 5478, 5481, 5306, 5480,
            5481, 5480, 5482, 5479, 5482, 5480, 5483, 5479, 5471, 5479, 5466, 5471, 5482, 5479, 5483, 5484, 5471, 5470, 5483, 5471, 5484, 5481, 5482, 5485,
            5483, 5486, 5482, 5487, 5485, 5482, 5486, 5487, 5482, 5488, 5483, 5484, 5486, 5483, 5488, 5489, 5486, 5488, 5306, 5481, 5307, 5307, 5481, 5485,
            5312, 5307, 5485, 5309, 5307, 5312, 5312, 5485, 5487, 5312, 5487, 5490, 5491, 4076, 4698, 4698, 4697, 5491, 5491, 4697, 4699, 4699, 5492, 5491,
            4074, 4076, 3567, 4076, 4074, 4698, 5493, 5494, 5495, 4712, 5495, 5494, 5496, 5497, 4454, 5496, 4454, 4456, 4701, 4706, 4704, 5493, 4117, 4116,
            4130, 4121, 4117, 4130, 4117, 5493, 5498, 5493, 5495, 4711, 5495, 4712, 5498, 5495, 4711, 5499, 5498, 4711, 5498, 4130, 5493, 5500, 4130, 5498,
            5499, 5501, 5498, 5501, 5499, 5502, 5501, 5500, 5498, 5501, 5503, 5500, 5503, 5501, 5502, 5500, 4129, 4130, 4983, 5499, 4711, 5499, 4983, 4985,
            5504, 5502, 5499, 5499, 4985, 5504, 4989, 5504, 4985, 4989, 4988, 4994, 5505, 5500, 5503, 5502, 5506, 5507, 5506, 5502, 5508, 5500, 5505, 4129,
            4129, 5505, 4131, 5505, 4136, 4131, 5503, 4136, 5505, 5507, 4136, 5503, 5502, 5507, 5503, 5509, 4136, 5507, 4136, 5509, 4138, 4136, 4138, 4135,
            5509, 5507, 5510, 5507, 5506, 5510, 5511, 5509, 5510, 5512, 5510, 5506, 5513, 5504, 4989, 5513, 5514, 5504, 5508, 5502, 5504, 5504, 5514, 5508,
            5514, 5506, 5508, 5513, 4989, 5007, 5007, 4989, 4994, 5515, 5514, 5513, 5007, 5515, 5513, 5506, 5514, 5515, 5512, 5515, 5516, 5506, 5515, 5512,
            5517, 5516, 5515, 5007, 5012, 5517, 5515, 5007, 5517, 5516, 5517, 5518, 5518, 5012, 5519, 5518, 5517, 5012, 5007, 5008, 5012, 5519, 5012, 5011,
            5014, 5519, 5011, 4138, 5509, 4193, 5509, 5511, 4193, 4193, 5511, 5520, 5521, 4193, 5520, 5510, 5512, 5520, 5520, 5511, 5510, 5520, 5522, 5523,
            5524, 5525, 5521, 5521, 4197, 4193, 5525, 4197, 5521, 4196, 4197, 5525, 5524, 5520, 5526, 5520, 5523, 5526, 5521, 5520, 5524, 5516, 5518, 5527,
            5527, 5512, 5516, 5527, 5522, 5512, 5522, 5527, 5528, 5518, 5519, 5529, 5518, 5529, 5527, 5528, 5527, 5529, 5528, 5529, 5530, 5531, 5529, 5028,
            5530, 5529, 5531, 5532, 5530, 5531, 5533, 5532, 5531, 5512, 5522, 5520, 5528, 5523, 5522, 5534, 5523, 5528, 5534, 5526, 5523, 5528, 5530, 5534,
            4213, 4196, 5525, 5525, 5535, 4213, 5535, 5525, 5524, 5535, 5524, 5536, 5536, 5524, 5526, 5537, 5536, 5526, 5536, 5537, 5538, 5538, 5539, 5540,
            5535, 5536, 5541, 5536, 5540, 5541, 5538, 5540, 5536, 5540, 5542, 5541, 5543, 5541, 5542, 5533, 5544, 5532, 5532, 5544, 5545, 5544, 5546, 5545,
            5544, 5547, 5546, 5547, 5548, 5549, 5526, 5534, 5537, 5537, 5534, 5545, 5545, 5534, 5530, 5545, 5538, 5537, 5545, 5530, 5532, 5538, 5545, 5546,
            5538, 5549, 5539, 5538, 5546, 5549, 5547, 5549, 5546, 4196, 4213, 4210, 4212, 4213, 5550, 5550, 4213, 5535, 5550, 5535, 5541, 4215, 4212, 5550,
            5543, 4215, 5550, 5550, 5541, 5543, 5028, 5519, 5014, 5529, 5519, 5028, 5531, 5028, 5551, 5029, 5551, 5028, 5551, 5029, 5032, 5533, 5531, 5551,
            5552, 5533, 5551, 5551, 5032, 5553, 5552, 5551, 5553, 5034, 5032, 5031, 5554, 5552, 5553, 5533, 5552, 5544, 5555, 5544, 5552, 5555, 5552, 5554,
            5556, 5553, 5032, 5556, 5554, 5553, 5034, 5556, 5032, 5557, 5556, 5034, 5554, 5556, 5558, 5558, 5556, 5557, 5559, 5558, 5557, 5547, 5544, 5555,
            5560, 5555, 5554, 5547, 5555, 5561, 5561, 5555, 5560, 5560, 5562, 5561, 5560, 5554, 5562, 5562, 5554, 5558, 5559, 5563, 5558, 5562, 5558, 5563,
            5564, 5565, 5561, 5561, 5562, 5564, 5562, 5563, 5566, 5562, 5566, 5564, 5043, 5557, 5034, 5043, 5559, 5557, 5043, 5047, 5559, 5559, 5047, 5567,
            5563, 5559, 5568, 5568, 5559, 5567, 5045, 5048, 5047, 5049, 5569, 5048, 5567, 5047, 5048, 5048, 5569, 5567, 5570, 5543, 5542, 5540, 5539, 5542,
            5542, 5571, 5570, 5571, 5572, 5573, 5574, 5539, 5549, 5549, 5575, 5574, 5571, 5542, 5539, 5574, 5571, 5539, 5574, 5572, 5571, 5575, 5549, 5548,
            5574, 5575, 5576, 5576, 5572, 5574, 5577, 5573, 5572, 5577, 5572, 5578, 5572, 5576, 5578, 5579, 5580, 5576, 5580, 5579, 5581, 5582, 5583, 5584,
            4288, 4215, 5543, 4288, 5543, 5570, 4288, 4286, 4215, 5570, 5585, 5586, 5586, 4288, 5570, 5587, 5586, 5585, 5586, 4289, 4288, 4289, 5586, 5588,
            5585, 5570, 5571, 5585, 5571, 5573, 5589, 5580, 5590, 5581, 5590, 5580, 5590, 5581, 5591, 5592, 5590, 5591, 5588, 5586, 5587, 4293, 4289, 5588,
            4293, 5588, 4298, 5593, 4298, 5588, 5593, 5588, 5587, 5594, 5593, 5595, 5594, 4298, 5593, 5587, 5585, 5573, 5587, 5573, 5596, 5597, 5587, 5596,
            5595, 5593, 5587, 5597, 5595, 5587, 5595, 5597, 5598, 5599, 5594, 5595, 5599, 5595, 5600, 5600, 5595, 5598, 5601, 5600, 5598, 4298, 5594, 4304,
            4299, 4298, 4304, 4304, 5594, 5599, 5599, 4303, 4304, 5596, 5573, 5577, 5602, 5596, 5577, 5597, 5602, 5598, 5596, 5602, 5597, 5603, 5589, 5604,
            5590, 5604, 5589, 5604, 5590, 5592, 5605, 5603, 5604, 5592, 5606, 5604, 5604, 5606, 5607, 5605, 5604, 5607, 5601, 5598, 5603, 5608, 5607, 5582,
            5582, 5609, 5608, 5601, 5603, 5605, 5601, 5605, 5610, 5611, 5601, 5610, 5608, 5610, 5605, 5607, 5608, 5605, 5547, 5561, 5548, 5612, 5613, 5614,
            5613, 5615, 5614, 5615, 5616, 5617, 5613, 5616, 5615, 5616, 5613, 5618, 5619, 5616, 5618, 5564, 5620, 5565, 5566, 5620, 5564, 5565, 5621, 5579,
            5565, 5620, 5621, 5621, 5620, 5622, 5623, 5621, 5622, 5566, 5563, 5624, 5620, 5566, 5624, 5620, 5624, 5622, 5622, 5624, 5625, 5624, 5626, 5625,
            5627, 5628, 5629, 5630, 5629, 5628, 5630, 5623, 5629, 5625, 5626, 5614, 5625, 5614, 5615, 5625, 5615, 5629, 5629, 5615, 5617, 5629, 5617, 5627,
            5629, 5623, 5622, 5625, 5629, 5622, 5568, 5567, 5631, 5569, 5632, 5567, 5631, 5567, 5632, 5633, 5634, 5635, 5635, 5636, 5631, 5631, 5633, 5635,
            5634, 5633, 5632, 5634, 5632, 5637, 5633, 5631, 5632, 5637, 5632, 5638, 5614, 5618, 5612, 5618, 5614, 5639, 5626, 5640, 5614, 5636, 5640, 5626,
            5639, 5614, 5640, 5639, 5640, 5641, 5636, 5641, 5640, 5612, 5618, 5613, 5642, 5618, 5639, 5643, 5639, 5201, 5634, 5641, 5635, 5634, 5199, 5201,
            5639, 5643, 5644, 5643, 5201, 5200, 5568, 5624, 5563, 5624, 5568, 5626, 5568, 5631, 5636, 5626, 5568, 5636, 5619, 5617, 5616, 5645, 5646, 5628,
            5646, 5647, 5628, 5630, 5628, 5647, 5648, 5630, 5647, 5646, 5584, 5647, 5648, 5647, 5583, 5583, 5647, 5584, 5645, 5628, 5627, 5645, 5627, 5617,
            5645, 5617, 5619, 5619, 5649, 5645, 5619, 5650, 5649, 5651, 5646, 5645, 5584, 5646, 5651, 5582, 5584, 5652, 5651, 5652, 5584, 5653, 5652, 5651,
            5649, 5650, 5654, 5645, 5649, 5651, 5655, 5649, 5654, 5656, 5649, 5655, 5653, 5651, 5649, 5642, 5639, 5644, 5618, 5642, 5619, 5642, 5650, 5619,
            5657, 5650, 5642, 5657, 5642, 5644, 5644, 5643, 5658, 5658, 5643, 5200, 5229, 5658, 5200, 5658, 5659, 5644, 5658, 5229, 5659, 5654, 5650, 5657,
            5659, 5657, 5644, 5657, 5659, 5660, 5657, 5660, 5661, 5655, 5654, 5662, 5657, 5662, 5654, 5621, 5581, 5579, 5623, 5591, 5581, 5623, 5581, 5621,
            5592, 5591, 5648, 5648, 5591, 5630, 5591, 5623, 5630, 5583, 5606, 5648, 5606, 5583, 5607, 5606, 5592, 5648, 5582, 5607, 5583, 5663, 5599, 5600,
            4303, 5599, 5664, 5599, 5663, 5664, 5664, 4305, 4303, 4305, 5664, 4308, 5665, 5600, 5601, 5665, 5663, 5600, 5665, 5601, 5611, 5663, 5666, 5664,
            5666, 5663, 5665, 5665, 5667, 5666, 5664, 5668, 4308, 4308, 5668, 4423, 4423, 5668, 5669, 5666, 5668, 5664, 5670, 5668, 5666, 5666, 5667, 5670,
            5669, 5668, 5670, 5670, 5667, 5671, 5672, 5582, 5652, 5582, 5672, 5609, 5672, 5673, 5609, 5674, 5608, 5609, 5674, 5609, 5675, 5609, 5676, 5677,
            5675, 5609, 5677, 5677, 5676, 5678, 5611, 5610, 5679, 5680, 5665, 5611, 5680, 5611, 5679, 5667, 5665, 5680, 5610, 5608, 5674, 5679, 5610, 5674,
            5679, 5674, 5681, 5675, 5681, 5674, 5682, 5667, 5680, 5680, 5679, 5683, 5671, 5667, 5682, 5683, 5682, 5680, 5684, 5682, 5683, 5683, 5679, 5681,
            5681, 5675, 5677, 5681, 5677, 5685, 5685, 5677, 5678, 5685, 5683, 5681, 5684, 5683, 5685, 5686, 4423, 5669, 5671, 5669, 5670, 5671, 5687, 5669,
            5687, 5686, 5669, 5688, 5686, 5687, 5689, 5687, 5671, 5682, 5690, 5671, 5690, 5682, 5684, 5671, 5690, 5689, 5684, 5691, 5690, 5692, 5685, 5678,
            5692, 5684, 5685, 5691, 5684, 5692, 5692, 5693, 5691, 5694, 5693, 5692, 5695, 5689, 5690, 5695, 5696, 5689, 5687, 5689, 5696, 5691, 5695, 5690,
            5697, 5698, 5695, 5696, 5695, 5698, 5697, 5695, 5699, 5691, 5699, 5695, 5699, 5700, 5701, 5699, 5691, 5700, 5691, 5693, 5700, 5673, 5652, 5653,
            5673, 5653, 5702, 5703, 5656, 5655, 5649, 5656, 5653, 5702, 5653, 5656, 5704, 5702, 5656, 5704, 5656, 5703, 5705, 5702, 5704, 5706, 5704, 5707,
            5706, 5705, 5704, 5708, 5707, 5704, 5657, 5661, 5662, 5660, 5709, 5661, 5709, 5710, 5661, 5710, 5709, 5711, 5710, 5711, 5712, 5710, 5712, 5713,
            5655, 5662, 5714, 5662, 5661, 5714, 5703, 5655, 5714, 5710, 5714, 5661, 5708, 5714, 5715, 5713, 5715, 5714, 5708, 5704, 5703, 5714, 5708, 5703,
            5713, 5714, 5710, 5707, 5708, 5715, 5716, 5707, 5715, 5717, 5716, 5715, 5715, 5713, 5718, 5718, 5713, 5712, 5719, 5718, 5712, 5717, 5715, 5718,
            5718, 5719, 5717, 5720, 5707, 5716, 5716, 5717, 5721, 5722, 5723, 5717, 5722, 5717, 5719, 5721, 5717, 5723, 5673, 5672, 5652, 5609, 5673, 5676,
            5673, 5724, 5676, 5705, 5673, 5702, 5724, 5673, 5705, 5724, 5725, 5676, 5724, 5705, 5706, 5725, 5724, 5706, 5725, 5706, 5726, 5676, 5725, 5678,
            5727, 5678, 5725, 5727, 5725, 5726, 5727, 5726, 5728, 5726, 5706, 5728, 5728, 5706, 5707, 5707, 5720, 5728, 5728, 5729, 5727, 5720, 5730, 5728,
            5730, 5720, 5731, 5729, 5728, 5730, 5727, 5692, 5678, 5727, 5694, 5692, 5694, 5727, 5732, 5732, 5727, 5729, 5733, 5693, 5694, 5733, 5694, 5732,
            5700, 5693, 5733, 5700, 5733, 5701, 5733, 5732, 5729, 5734, 5733, 5729, 5729, 5730, 5735, 5734, 5729, 5735, 5736, 5737, 5735, 5734, 5735, 5737,
            5716, 5738, 5720, 5731, 5720, 5738, 5738, 5739, 5731, 5721, 5738, 5716, 4423, 4412, 4308, 5686, 4424, 4423, 4424, 5686, 4426, 5686, 5688, 4426,
            4427, 4426, 5688, 5740, 4428, 4427, 5740, 4427, 5688, 5696, 5688, 5687, 5741, 5740, 5696, 5740, 5688, 5696, 5156, 5742, 5049, 5049, 5743, 5569,
            5743, 5049, 5742, 5569, 5744, 5632, 5632, 5744, 5638, 5744, 5569, 5743, 5744, 5745, 5638, 5743, 5745, 5744, 5746, 5743, 5742, 5746, 5745, 5743,
            5747, 5156, 5748, 5748, 5156, 5207, 5156, 5747, 5742, 5156, 5205, 5207, 5748, 5746, 5747, 5207, 5746, 5748, 5746, 5207, 5749, 5746, 5742, 5747,
            5637, 5199, 5634, 5199, 5637, 5745, 5209, 5199, 5745, 5209, 5745, 5746, 5637, 5638, 5745, 5209, 5211, 5208, 5209, 5749, 5211, 5209, 5746, 5749,
            5206, 5749, 5207, 5223, 5749, 5206, 5211, 5749, 5750, 5223, 5751, 5750, 5749, 5223, 5750, 5223, 5752, 5228, 5751, 5223, 5228, 5751, 5228, 5227,
            5753, 5751, 5227, 5659, 5229, 5754, 5659, 5754, 5660, 5754, 5229, 5230, 5755, 5660, 5754, 5754, 5756, 5755, 5236, 5754, 5230, 5236, 5230, 5232,
            5756, 5754, 5236, 5756, 5236, 5238, 5231, 5757, 5758, 5750, 5757, 5231, 5757, 5750, 5751, 5758, 5757, 5759, 5760, 5751, 5753, 5753, 5227, 5234,
            5234, 5760, 5753, 5761, 5760, 5234, 5234, 5235, 5266, 5234, 5266, 5761, 5757, 5751, 5760, 5759, 5757, 5760, 5761, 5759, 5760, 5762, 5759, 5761,
            5759, 5762, 5758, 5763, 5758, 5762, 5239, 5763, 5764, 5761, 5266, 5765, 5763, 5762, 5765, 5765, 5762, 5761, 5763, 5766, 5764, 5767, 5766, 5765,
            5763, 5765, 5766, 5267, 5765, 5266, 5768, 5765, 5267, 5765, 5768, 5767, 5268, 5768, 5267, 5268, 5280, 5768, 5756, 5769, 5755, 5709, 5660, 5755,
            5709, 5755, 5769, 5711, 5709, 5769, 5238, 5770, 5756, 5756, 5770, 5771, 5769, 5756, 5771, 5711, 5769, 5772, 5712, 5711, 5773, 5711, 5772, 5773,
            5774, 5712, 5773, 5772, 5769, 5771, 5772, 5771, 5775, 5773, 5772, 5775, 5776, 5773, 5775, 5771, 5777, 5775, 5238, 5240, 5770, 5777, 5770, 5240,
            5770, 5777, 5771, 5766, 5778, 5764, 5778, 5779, 5780, 5279, 5767, 5768, 5767, 5279, 5781, 5766, 5767, 5781, 5779, 5778, 5766, 5781, 5779, 5766,
            5775, 5777, 5782, 5783, 5782, 5777, 5784, 5785, 5786, 5779, 5781, 5784, 5784, 5787, 5779, 5784, 5786, 5787, 5788, 5789, 5790, 5787, 5790, 5789,
            5789, 5779, 5787, 5790, 5787, 5791, 5774, 5773, 5776, 5776, 5775, 5782, 5776, 5782, 5792, 5776, 5792, 5793, 5719, 5712, 5774, 5722, 5719, 5794,
            5794, 5719, 5774, 5793, 5794, 5774, 5776, 5793, 5774, 5795, 5796, 5797, 5722, 5794, 5798, 5799, 5798, 5794, 5723, 5722, 5798, 5798, 5800, 5723,
            5801, 5797, 5796, 5801, 5796, 5802, 5803, 5804, 5802, 5803, 5802, 5805, 5806, 5786, 5785, 5807, 5806, 5808, 5806, 5791, 5786, 5791, 5806, 5807,
            5809, 5807, 5810, 5809, 5810, 5811, 5810, 5812, 5811, 5788, 5790, 5795, 5790, 5796, 5795, 5791, 5809, 5790, 5787, 5786, 5791, 5809, 5791, 5807,
            5811, 5813, 5809, 5813, 5811, 5814, 5796, 5813, 5815, 5796, 5790, 5809, 5813, 5796, 5809, 5814, 5815, 5813, 5805, 5802, 5796, 5805, 5816, 5803,
            5805, 5796, 5815, 5805, 5815, 5817, 5279, 5768, 5280, 5278, 5781, 5279, 5268, 5269, 5284, 5268, 5284, 5280, 5281, 5280, 5284, 5284, 5287, 5281,
            5287, 5284, 5282, 5278, 5784, 5781, 5785, 5784, 5278, 5785, 5278, 5285, 5287, 5296, 5288, 5296, 5287, 5282, 5297, 5288, 5296, 5785, 5285, 5808,
            5785, 5808, 5806, 5301, 5808, 5285, 5810, 5807, 5808, 5810, 5808, 5818, 5301, 5818, 5808, 5819, 5810, 5818, 5820, 5819, 5818, 5303, 5818, 5301,
            5303, 5820, 5818, 5820, 5303, 5304, 4635, 4647, 4645, 3545, 4645, 3547, 4647, 4648, 4645, 4647, 4654, 4648, 4663, 4674, 4664, 4655, 4651, 4668,
            4681, 3552, 4648, 4648, 4654, 4681, 4681, 4686, 3552, 4692, 4689, 4688, 5821, 5822, 4712, 5822, 5823, 4710, 4741, 5824, 4714, 4741, 4714, 5823,
            4710, 5823, 4714, 4709, 4712, 5822, 5822, 4710, 4709, 4714, 4708, 4710, 4745, 5825, 4746, 4746, 5825, 4748, 4753, 4748, 5825, 5826, 4707, 4731,
            5826, 4731, 4739, 5827, 5826, 4739, 4728, 4730, 4739, 5827, 4739, 4730, 5828, 5829, 4743, 4730, 4729, 4742, 4742, 5830, 4730, 5831, 4730, 5832,
            5832, 4730, 5830, 5830, 4743, 5829, 5830, 4742, 4743, 5829, 5833, 5830, 5829, 5834, 5833, 4741, 4734, 5824, 4734, 4733, 5824, 4736, 4715, 5824,
            5824, 4733, 4736, 4702, 4731, 4707, 5835, 4740, 4741, 4714, 5824, 4715, 4745, 4746, 4733, 4732, 5836, 4744, 4732, 4745, 4733, 5825, 4745, 4744,
            4727, 5828, 4743, 4746, 4735, 4733, 5836, 4732, 4740, 5837, 5836, 4740, 5836, 5837, 5832, 4744, 5836, 5834, 5836, 5833, 5834, 5832, 5833, 5836,
            4673, 4674, 4677, 4677, 4674, 5838, 4677, 5838, 5839, 5839, 5838, 5840, 5839, 5840, 5841, 5842, 5839, 5841, 5841, 5840, 5843, 4676, 4677, 5839,
            4676, 5839, 5842, 4679, 4676, 5842, 5842, 4750, 4679, 5842, 5841, 5844, 5845, 5841, 5054, 5844, 5841, 5846, 5846, 5841, 5845, 4752, 4750, 5847,
            4752, 4724, 4750, 5847, 4750, 5842, 5847, 5842, 5844, 5848, 5847, 5844, 5828, 4727, 4751, 4752, 5847, 5848, 5849, 4752, 5848, 5849, 5848, 5850,
            5825, 5851, 4753, 5852, 4753, 5851, 4754, 4753, 5089, 5852, 5091, 4753, 5089, 4753, 5091, 5846, 5845, 5853, 5848, 5846, 5854, 5848, 5844, 5846,
            5854, 5846, 5853, 5101, 5853, 5845, 5853, 5101, 5100, 5855, 5853, 5100, 5856, 5091, 5852, 5854, 5857, 5848, 5850, 5848, 5857, 5858, 5856, 5852,
            5859, 5856, 5858, 5853, 5857, 5854, 5853, 5855, 5857, 5859, 5860, 5856, 5859, 5861, 5860, 5855, 5862, 5863, 5859, 5858, 5861, 5855, 5863, 5857,
            5829, 5828, 5864, 5834, 5829, 5864, 5864, 5865, 5834, 5866, 5865, 5864, 5825, 4744, 5851, 4751, 5864, 5828, 4744, 5865, 5851, 5849, 5867, 4751,
            5864, 4751, 5867, 4751, 4752, 5849, 5868, 5852, 5851, 5865, 5868, 5851, 5869, 5852, 5868, 5866, 5864, 5867, 5866, 5868, 5865, 5865, 4744, 5834,
            5867, 5849, 5850, 5857, 5870, 5850, 5867, 5850, 5870, 5870, 5857, 5863, 5870, 5863, 5871, 5871, 5863, 5862, 5858, 5852, 5869, 5870, 5858, 5869,
            5872, 5861, 5858, 5873, 5872, 5858, 5870, 5871, 5858, 5858, 5871, 5873, 5870, 5866, 5867, 5866, 5869, 5868, 5866, 5870, 5869, 5862, 5855, 5874,
            5875, 5862, 5874, 5875, 5874, 5876, 5871, 5862, 5873, 5873, 5862, 5875, 5872, 5873, 5875, 1446, 1622, 4785, 4785, 4788, 4783, 4785, 1622, 1625,
            4788, 4785, 1625, 4788, 1625, 5877, 1625, 1626, 5877, 5878, 5877, 1626, 5879, 4788, 5877, 5880, 5879, 5877, 5880, 5877, 5881, 5882, 4796, 4789,
            5883, 4789, 5879, 5883, 5882, 4789, 5880, 5883, 5879, 5884, 5883, 5880, 5885, 5886, 5882, 5885, 5882, 5883, 5882, 5887, 4796, 5887, 5882, 5886,
            4812, 4810, 4802, 4816, 4802, 4803, 4812, 4802, 4816, 4817, 4637, 4630, 4821, 4822, 4827, 4796, 5887, 4797, 5888, 4797, 5887, 4827, 4822, 4829,
            5889, 4829, 5888, 4829, 5889, 4827, 4827, 5889, 4828, 5888, 4829, 4797, 5890, 5889, 5891, 4831, 4825, 4828, 4834, 4831, 4828, 4828, 5890, 4834,
            5892, 4834, 5890, 4828, 5889, 5890, 5891, 5893, 5890, 5892, 5890, 5893, 5892, 5893, 5894, 4662, 4834, 5892, 5895, 5892, 5896, 5897, 5880, 5881,
            5884, 5885, 5883, 5898, 5885, 5884, 4851, 5898, 5897, 5898, 4851, 5899, 5886, 5885, 5900, 5885, 5898, 5900, 5900, 5901, 5886, 5900, 5898, 5899,
            5899, 5902, 5900, 4851, 4836, 4835, 4835, 5899, 4851, 5902, 5899, 4835, 5878, 1626, 1635, 5878, 1635, 1638, 5903, 5878, 1638, 1638, 1637, 4838,
            5903, 1638, 4838, 5897, 5878, 5903, 5903, 4838, 4840, 4840, 5897, 5903, 4851, 5897, 4840, 1485, 1491, 4842, 4842, 4847, 4843, 4842, 1491, 1490,
            4847, 4842, 4850, 4848, 4847, 4850, 4845, 4851, 4844, 4852, 4845, 4843, 4846, 4852, 4843, 4837, 4853, 4855, 4849, 1639, 4857, 4858, 4849, 4857,
            4930, 4859, 4857, 4848, 4850, 4849, 4858, 4857, 4859, 4846, 4848, 4861, 4861, 4863, 4854, 4863, 4861, 4870, 4863, 4862, 4853, 4870, 4861, 4864,
            4870, 4864, 4865, 4869, 4870, 4865, 4869, 4868, 4874, 4874, 4871, 4869, 4911, 4875, 4873, 5888, 5887, 5904, 5891, 5888, 5904, 5904, 5905, 5891,
            5891, 4882, 5906, 5886, 5901, 5904, 5886, 5904, 5887, 5904, 5901, 5905, 5902, 5905, 5901, 5907, 5905, 5902, 5901, 5900, 5902, 4882, 5891, 5905,
            4882, 5905, 5908, 4882, 5908, 5909, 4877, 5902, 4835, 4878, 4877, 4835, 4877, 5907, 5902, 4878, 4835, 4837, 5908, 5907, 5909, 4888, 5907, 4890,
            5909, 5907, 4888, 5907, 4877, 4879, 4890, 5907, 4879, 4879, 4880, 4891, 4891, 4890, 4879, 5893, 5891, 5906, 5893, 5906, 5894, 4881, 5894, 5906,
            4881, 5906, 4882, 5894, 4881, 5910, 5892, 5894, 5896, 5910, 5896, 5894, 5910, 4881, 5911, 4881, 4884, 5911, 5911, 5912, 5910, 5913, 4884, 4885,
            4884, 5913, 5911, 4895, 5913, 4885, 5909, 4883, 4882, 4886, 4883, 5909, 5909, 4888, 4886, 4884, 4883, 4886, 4884, 4886, 4885, 4903, 4856, 4862,
            4862, 4905, 4903, 4904, 4871, 4909, 4906, 4903, 4905, 4907, 4905, 4904, 4908, 4907, 4904, 4908, 4904, 4909, 4908, 4909, 4914, 4876, 4871, 4874,
            4910, 4914, 4909, 4912, 4911, 5914, 4915, 4914, 4910, 4910, 4912, 4915, 4915, 4912, 5914, 5914, 4924, 4915, 4857, 1640, 1641, 4930, 4857, 1641,
            4930, 1641, 4929, 1642, 1641, 1561, 4929, 4867, 4930, 4932, 4867, 4929, 4931, 4929, 1642, 4931, 1642, 4935, 4931, 4935, 4934, 4934, 4935, 4936,
            4942, 4934, 4939, 4936, 1568, 4937, 4937, 4939, 4936, 4939, 4934, 4936, 4932, 4866, 4867, 4946, 4940, 4941, 4911, 4940, 4946, 4949, 4945, 4943,
            4942, 4939, 4938, 4948, 4938, 4947, 4937, 1644, 4953, 1644, 4954, 4953, 4954, 1644, 1643, 4954, 1643, 1645, 1645, 4960, 4954, 4964, 4953, 4952,
            4952, 4954, 4960, 4964, 4952, 4960, 4947, 4964, 4966, 4966, 4967, 4968, 4951, 4948, 4965, 4973, 4962, 4963, 5914, 4911, 4946, 4945, 4978, 4946,
            4978, 5914, 4946, 4977, 4945, 4949, 4981, 4977, 4949, 4924, 5914, 4978, 4978, 4979, 4980, 4662, 5895, 5915, 4663, 4662, 5915, 5896, 5915, 5895,
            5912, 5896, 5910, 5916, 5915, 5896, 5912, 5916, 5896, 4674, 5915, 5916, 5912, 5917, 5916, 5917, 5912, 5918, 5912, 5911, 5913, 5918, 5912, 5913,
            5916, 5838, 4674, 5840, 5838, 5916, 5840, 5916, 5917, 5840, 5917, 5055, 5843, 5840, 5055, 5913, 4895, 5918, 5919, 4895, 5051, 5918, 5920, 5917,
            5920, 5055, 5917, 5056, 5920, 5919, 5920, 5056, 5055, 5920, 5918, 5919, 4895, 5919, 5918, 5051, 5052, 5919, 5919, 5052, 5921, 5843, 5055, 5054,
            5841, 5843, 5054, 5054, 5056, 5922, 5921, 5922, 5056, 5921, 5056, 5919, 5922, 5845, 5054, 5922, 5921, 5065, 5101, 5845, 5922, 5922, 5099, 5101,
            5922, 5065, 5099, 5052, 5065, 5921, 5065, 5066, 5069, 5065, 5069, 5099, 5069, 5123, 5099, 5066, 5067, 5071, 5070, 5066, 5071, 5073, 5071, 5067,
            5923, 5071, 5073, 5074, 5923, 5073, 5061, 5064, 5075, 5923, 5074, 5078, 5078, 5074, 5076, 5076, 5074, 5075, 5923, 5078, 5071, 5079, 5078, 5076,
            5373, 5081, 5076, 5076, 5077, 5373, 5373, 5077, 5088, 5091, 5090, 5089, 5092, 5856, 5102, 5860, 5106, 5102, 5106, 5860, 5924, 5092, 5091, 5856,
            5092, 5102, 5094, 5856, 5860, 5102, 5925, 5924, 5860, 5100, 5123, 5124, 5124, 5068, 5926, 5106, 5924, 5108, 5927, 5924, 5925, 5108, 5924, 5927,
            5108, 5927, 5125, 5928, 5927, 5925, 5068, 5070, 5929, 5928, 5930, 5927, 5930, 5125, 5927, 5931, 5930, 5928, 5124, 5855, 5100, 5860, 5861, 5872,
            5124, 5874, 5855, 5872, 5925, 5860, 5932, 5925, 5872, 5874, 5124, 5926, 5926, 5876, 5874, 5876, 5926, 5933, 5925, 5932, 5934, 5934, 5928, 5925,
            5926, 5068, 5929, 5929, 5933, 5926, 5935, 5928, 5934, 5935, 5931, 5928, 5936, 5070, 5072, 5929, 5070, 5936, 5937, 5876, 5933, 5934, 5937, 5935,
            5938, 5935, 5937, 5935, 5939, 5931, 5938, 5939, 5935, 5940, 5936, 5941, 5942, 5940, 5941, 5127, 5125, 5930, 5943, 5127, 5930, 5072, 5131, 5936,
            5930, 5931, 5943, 5943, 5944, 5945, 5944, 5943, 5931, 5131, 5941, 5936, 5131, 5079, 5946, 5127, 5943, 5132, 5132, 5943, 5945, 5132, 5945, 5177,
            5944, 5947, 5945, 5079, 5080, 5946, 5947, 5948, 5945, 5939, 5944, 5931, 5949, 5947, 5944, 5939, 5949, 5944, 5942, 5939, 5938, 5942, 5941, 5946,
            5950, 5949, 5939, 5939, 5942, 5950, 5872, 5875, 5932, 5932, 5875, 5876, 5876, 5937, 5932, 5934, 5932, 5937, 5951, 5177, 5945, 5945, 5948, 5951,
            5951, 5179, 5177, 5179, 5951, 5181, 5752, 5224, 5952, 5952, 5219, 5226, 5952, 5224, 5219, 5752, 5952, 5226, 5224, 5752, 5223, 5752, 5226, 5228,
            5231, 5232, 5210, 5231, 5237, 5232, 5235, 5226, 5233, 5226, 5235, 5227, 5237, 5231, 5758, 5758, 5239, 5237, 5264, 5235, 5259, 5239, 5780, 5240,
            5322, 4950, 4951, 5322, 4951, 5317, 5317, 4951, 4965, 5316, 4965, 4968, 5316, 4968, 4971, 4971, 4970, 4974, 5320, 4979, 4981, 4949, 4950, 5319,
            5319, 4950, 5322, 5320, 5319, 5321, 5321, 5330, 5320, 5330, 5321, 5324, 5345, 5324, 5338, 5330, 5324, 5345, 5332, 5330, 5345, 5323, 5322, 5317,
            5323, 5317, 5336, 5336, 5338, 5323, 5339, 5336, 5337, 5345, 5338, 5347, 5347, 5338, 5339, 5339, 5344, 5347, 5342, 5337, 5340, 5339, 5337, 5342,
            5344, 5339, 5342, 5353, 5344, 5343, 5349, 5347, 5344, 5347, 5349, 5346, 5349, 5344, 5356, 5356, 5344, 5353, 5356, 5353, 5359, 5354, 5359, 5353,
            5355, 5356, 5359, 5382, 5370, 5371, 5382, 5373, 5088, 5373, 5382, 5372, 5382, 5088, 5370, 5382, 5371, 5384, 5384, 5371, 5374, 5375, 5379, 5374,
            5374, 5387, 5384, 5374, 5379, 5387, 5375, 5380, 5379, 5377, 5380, 5391, 5381, 5946, 5080, 5080, 5081, 5381, 5950, 5942, 5946, 5950, 5946, 5953,
            5954, 5947, 5949, 5955, 5950, 5953, 5949, 5950, 5955, 5949, 5955, 5954, 5953, 5956, 5955, 5951, 5948, 5957, 5383, 5381, 5372, 5958, 5957, 5948,
            5957, 5181, 5951, 5181, 5957, 5183, 5957, 5958, 5959, 5183, 5957, 5959, 5383, 5384, 5388, 5960, 5383, 5388, 5954, 5948, 5947, 5948, 5954, 5958,
            5955, 5961, 5954, 5961, 5956, 5962, 5963, 5958, 5954, 5961, 5963, 5954, 5961, 5962, 5964, 5963, 5965, 5958, 5966, 5960, 5967, 5964, 5960, 5966,
            5183, 5959, 5385, 5959, 5968, 5385, 5959, 5969, 5968, 5959, 5958, 5969, 5378, 5388, 5387, 5960, 5388, 5378, 5968, 5969, 5970, 5385, 5968, 5389,
            5968, 5970, 5389, 5971, 5439, 5389, 5389, 5970, 5971, 5965, 5969, 5958, 5972, 5969, 5965, 5973, 5378, 5377, 5392, 5973, 5377, 5974, 5970, 5969,
            5975, 5967, 5973, 5972, 5974, 5969, 5966, 5967, 5975, 5973, 5967, 5378, 5974, 5971, 5970, 5976, 5971, 5974, 5974, 5977, 5976, 5977, 5974, 5972,
            5973, 5978, 5975, 5975, 5978, 5979, 5964, 5963, 5961, 5963, 5964, 5965, 5965, 5964, 5966, 5972, 5965, 5966, 5972, 5966, 5975, 5972, 5975, 5977,
            5975, 5979, 5977, 5380, 5376, 5406, 5391, 5380, 5406, 5445, 5406, 5405, 5391, 5406, 5445, 5407, 5447, 5405, 5412, 5447, 5407, 5405, 5447, 5445,
            5412, 5407, 5408, 5448, 5447, 5412, 5413, 5410, 5429, 5980, 5439, 5971, 5980, 5440, 5439, 5440, 5980, 5444, 5444, 5981, 5443, 5392, 5978, 5973,
            5445, 5446, 5392, 5444, 5980, 5982, 5446, 5448, 5983, 5981, 5444, 5982, 5976, 5980, 5971, 5982, 5980, 5976, 5392, 5446, 5978, 5446, 5983, 5978,
            5979, 5978, 5983, 5979, 5983, 5984, 5985, 5982, 5976, 5985, 5976, 5986, 5987, 5985, 5986, 5988, 5983, 5448, 5984, 5983, 5988, 5443, 5981, 5451,
            5455, 5412, 5411, 5451, 5981, 5989, 5455, 5411, 5413, 5457, 5455, 5413, 5413, 5463, 5457, 5982, 5985, 5981, 5990, 5981, 5985, 5981, 5990, 5989,
            5448, 5456, 5988, 5991, 5456, 5457, 5456, 5991, 5988, 5985, 5992, 5990, 5993, 5988, 5991, 5989, 5453, 5451, 5989, 5990, 5994, 5994, 5458, 5989,
            5989, 5458, 5453, 5457, 5995, 5991, 5995, 5457, 5463, 5994, 5990, 5996, 5993, 5991, 5995, 5977, 5986, 5976, 5986, 5977, 5979, 5987, 5986, 5979,
            5987, 5979, 5984, 5992, 5985, 5987, 5988, 5993, 5984, 5984, 5997, 5987, 5992, 5987, 5997, 5997, 5984, 5993, 5990, 5992, 5996, 5993, 5998, 5997,
            5992, 5997, 5999, 5999, 5997, 5998, 5998, 5993, 5995, 5994, 5996, 6000, 5995, 6001, 5998, 5999, 5996, 5992, 6002, 5999, 5998, 6002, 5998, 6001,
            6002, 5996, 5999, 5467, 5464, 5429, 5463, 5413, 5429, 5467, 5429, 5430, 5430, 5428, 5467, 6003, 5467, 6004, 5464, 5467, 6003, 6005, 5459, 5458,
            5994, 6005, 5458, 5462, 5459, 5465, 5465, 5459, 6005, 6005, 5994, 6000, 5465, 6005, 6000, 5995, 5463, 5464, 6001, 5995, 6006, 6006, 5995, 5464,
            6007, 5465, 6000, 5465, 6007, 6008, 5466, 5465, 6008, 6006, 5464, 6003, 6009, 6006, 6003, 6009, 6003, 5473, 6004, 5467, 5435, 6004, 5435, 5437,
            6004, 5437, 5474, 5473, 6004, 5474, 5466, 6008, 5470, 6010, 5470, 6008, 5473, 6003, 6004, 6009, 5473, 5472, 5474, 5437, 5468, 5475, 5474, 5468,
            5469, 5477, 5468, 5475, 5468, 5477, 6011, 5476, 5477, 6012, 6000, 5996, 6013, 6001, 6014, 6013, 6012, 5996, 6002, 6001, 6013, 6013, 6014, 6015,
            6007, 6010, 6008, 6014, 6006, 6016, 6000, 6012, 6007, 6016, 6006, 6009, 6017, 6007, 6012, 6015, 6014, 6016, 6017, 6010, 6007, 6002, 6013, 5996,
            6012, 6013, 6015, 6018, 6017, 6012, 6018, 6012, 6015, 6018, 6015, 6016, 5470, 6010, 6019, 6020, 6021, 6010, 6010, 6017, 6020, 5470, 6019, 5484,
            5488, 5484, 6022, 5484, 6019, 6022, 6019, 6010, 6021, 6019, 6021, 6023, 5472, 5475, 6024, 6024, 5475, 5476, 5472, 6024, 6025, 6017, 6018, 6020,
            6026, 6016, 6027, 6016, 6026, 6018, 6028, 6021, 6020, 6026, 6027, 6029, 6020, 6018, 6028, 6030, 6018, 6026, 6023, 6021, 6031, 6032, 6025, 6024,
            6033, 6021, 6028, 6033, 6028, 6030, 6030, 6026, 6029, 6033, 6031, 6021, 6033, 6034, 6031, 6035, 6030, 6029, 6035, 6029, 6036, 4706, 4707, 5826,
            6037, 6038, 4706, 6037, 4706, 5826, 5826, 6039, 6037, 6040, 6038, 6041, 6042, 6041, 6038, 6042, 6038, 6037, 6042, 6037, 6043, 6044, 5822, 5821,
            4699, 4704, 5492, 5492, 4704, 6038, 4453, 5494, 4116, 5494, 5493, 4116, 4454, 5494, 4453, 5494, 4454, 6044, 4453, 4116, 4115, 6044, 5821, 5494,
            4712, 5494, 5821, 4455, 4083, 6045, 5491, 4083, 4076, 4083, 5491, 6045, 5491, 5492, 6045, 6040, 6045, 5492, 6040, 5492, 6038, 6044, 4454, 5497,
            6044, 5497, 6046, 6047, 6045, 6040, 6043, 5823, 6048, 6048, 5822, 6044, 5822, 6048, 5823, 6038, 4704, 4706, 6044, 6046, 6048, 4705, 4707, 4706,
            6049, 5823, 6043, 5823, 6049, 4741, 4741, 6049, 5835, 6037, 6049, 6043, 6048, 6046, 6042, 6041, 6042, 6046, 6040, 6041, 6046, 6042, 6043, 6048,
            6050, 4455, 6045, 6047, 6050, 6045, 6050, 4459, 4455, 4459, 6050, 5496, 5496, 6050, 6047, 6047, 6040, 6046, 6047, 5497, 5496, 6047, 6046, 5497,
            4456, 4459, 5496, 4456, 4466, 4459, 5827, 6051, 5826, 5826, 6051, 6039, 6051, 5835, 6039, 6049, 6039, 5835, 5831, 5827, 4730, 6051, 5831, 5835,
            5827, 5831, 6051, 6049, 6037, 6039, 5831, 5832, 5837, 5833, 5832, 5830, 5831, 4740, 5835, 5831, 5837, 4740, 5579, 5576, 5575, 5578, 5576, 5580,
            5589, 5577, 5578, 5602, 5577, 5589, 5580, 5589, 5578, 5603, 5602, 5589, 5602, 5603, 5598, 5548, 5561, 5565, 5548, 5565, 5575, 5579, 5575, 5565,
            5639, 5641, 5201, 5636, 5635, 5641, 5201, 5641, 5634, 5750, 5231, 5211, 5239, 5758, 5763, 5764, 5778, 5239, 5778, 5780, 5239, 5780, 5777, 5240,
            6052, 5777, 5780, 6053, 6052, 5780, 5779, 6053, 5780, 6053, 6054, 6052, 6052, 6054, 5777, 6054, 5783, 5777, 5789, 6053, 5779, 6053, 5789, 6054,
            5788, 5783, 6054, 5788, 6054, 5789, 5797, 5792, 5795, 5804, 5798, 5802, 5803, 5800, 5804, 5801, 5794, 5793, 5799, 5794, 5801, 5801, 5793, 5792,
            5801, 5792, 5797, 5798, 5799, 5802, 5799, 5801, 5802, 5783, 6055, 5782, 5788, 6055, 5783, 5788, 5795, 6055, 5792, 6055, 5795, 5792, 5782, 6055,
            6030, 6035, 6033, 4789, 4788, 5879, 5889, 5888, 5891, 5892, 5895, 4662, 5881, 5877, 5878, 5878, 5897, 5881, 5884, 5880, 5897, 5897, 5898, 5884,
            5908, 5905, 5907, 4663, 5915, 4674, 5940, 5933, 5936, 5933, 5929, 5936, 5938, 5933, 5940, 5933, 5938, 5937, 5941, 5131, 5946, 5938, 5940, 5942,
            5381, 5953, 5946, 5956, 5953, 5381, 5956, 5961, 5955, 5960, 5962, 5383, 5956, 5381, 5962, 5383, 5962, 5381, 5964, 5962, 5960, 5378, 5967, 5960,
            6014, 6001, 6006, 6027, 6016, 6009, 5472, 6027, 6009, 6025, 6027, 5472, 6018, 6030, 6028, 6027, 6025, 6029, 6029, 6025, 6032, 6056, 2303, 2302,
            2304, 2303, 2309, 6056, 2309, 2303, 3773, 3775, 2302, 3775, 6056, 2302, 6057, 6056, 3775, 6058, 6057, 3775, 2309, 2310, 2308, 2309, 6057, 2310,
            2319, 2306, 2310, 2309, 6056, 6057, 6059, 2310, 6057, 6060, 6059, 6057, 6060, 6057, 6061, 6059, 2319, 2310, 3781, 6062, 3775, 3775, 6062, 6058,
            6058, 6061, 6057, 3785, 6062, 3781, 6063, 6062, 3785, 6058, 6062, 6063, 6061, 6058, 6063, 6064, 6061, 6063, 6065, 6064, 6063, 6064, 6060, 6061,
            6064, 6066, 6060, 6060, 6067, 6059, 6066, 6067, 6060, 6068, 6069, 6066, 6070, 6071, 2319, 2321, 2322, 2320, 2327, 2322, 2321, 6071, 2327, 2321,
            2319, 6071, 2321, 6072, 2319, 6059, 6072, 6070, 2319, 6067, 6072, 6059, 6070, 6073, 6071, 6073, 6074, 6071, 6075, 6074, 6073, 2326, 2327, 6071,
            6074, 2326, 6071, 6076, 2328, 2326, 6077, 2328, 6076, 2328, 6077, 2329, 6078, 6077, 6076, 6074, 6076, 2326, 6079, 6076, 6074, 6075, 6079, 6074,
            6079, 6080, 6081, 6079, 6078, 6076, 6081, 6078, 6079, 6082, 6078, 6081, 6067, 6070, 6072, 6083, 6073, 6070, 6083, 6070, 6067, 6066, 6083, 6067,
            6084, 6075, 6073, 6084, 6073, 6083, 6085, 6083, 6066, 6085, 6086, 6083, 6069, 6085, 6066, 6087, 6086, 6085, 6087, 6085, 6069, 6086, 6084, 6083,
            6084, 6086, 6088, 6087, 6089, 6086, 6089, 6088, 6086, 6090, 6091, 6088, 6092, 6075, 6084, 6092, 6079, 6075, 6080, 6079, 6092, 6084, 6088, 6092,
            6093, 6092, 6088, 6093, 6080, 6092, 6082, 6081, 6080, 6094, 6082, 6080, 6093, 6095, 6080, 6091, 6093, 6088, 6091, 6096, 6093, 6097, 6091, 6090,
            6097, 6096, 6091, 6096, 6095, 6093, 6098, 6095, 6096, 6098, 6099, 6095, 6100, 6101, 6102, 6103, 6102, 6101, 6068, 6064, 6104, 6068, 6066, 6064,
            6105, 6069, 6068, 6106, 6107, 4440, 6106, 6103, 6107, 4443, 6108, 4442, 6087, 6069, 6105, 6090, 6088, 6089, 6098, 6096, 6097, 6109, 6098, 6097,
            6110, 6098, 6111, 6112, 6113, 6114, 6115, 2363, 2329, 6077, 6115, 2329, 6115, 6077, 6078, 6078, 6082, 6115, 6116, 6115, 6082, 6116, 6082, 6094,
            6116, 2363, 6115, 2363, 6117, 2364, 6118, 6116, 6094, 6116, 6118, 2363, 6118, 6117, 2363, 6118, 6119, 6117, 2373, 2364, 6117, 2372, 2364, 2373,
            6120, 2373, 6117, 2373, 6120, 2374, 6117, 6119, 6121, 6117, 6121, 6120, 6121, 6122, 6120, 6123, 2374, 6120, 6122, 6123, 6120, 6123, 6122, 6124,
            6094, 6125, 6118, 6099, 6094, 6080, 6095, 6099, 6080, 6125, 6094, 6099, 6125, 6119, 6118, 6125, 6126, 6119, 6126, 6125, 6099, 6127, 6128, 6126,
            6128, 6121, 6119, 6128, 6119, 6126, 6128, 6122, 6121, 6129, 6122, 6128, 6129, 6124, 6122, 6128, 6130, 6129, 6130, 6128, 6127, 6131, 6130, 6127,
            6132, 6133, 6130, 6132, 6130, 6134, 2375, 2374, 2387, 2374, 6123, 2387, 6135, 2388, 2387, 6135, 2387, 6123, 6135, 2415, 2388, 6136, 6135, 6123,
            6124, 6136, 6123, 6099, 6098, 6110, 6099, 6110, 6137, 6137, 6126, 6099, 6110, 6138, 6137, 6137, 6127, 6126, 6139, 6140, 6141, 6141, 6140, 6142,
            6143, 6132, 6134, 6142, 6144, 6145, 6144, 6142, 6140, 6146, 6142, 6145, 6113, 6146, 6145, 6147, 6141, 6142, 6147, 6148, 6141, 6147, 6149, 6148,
            6114, 6113, 6145, 6146, 6113, 6112, 6146, 6112, 6150, 6151, 6150, 6112, 6150, 6147, 6146, 6150, 6149, 6147, 6150, 6152, 6149, 6153, 6152, 6150,
            6148, 6154, 6141, 6133, 6132, 6155, 6132, 6143, 6155, 2415, 2416, 2414, 6156, 2415, 6135, 2416, 6156, 6157, 6156, 2416, 2415, 6136, 6156, 6135,
            6158, 6156, 6136, 6159, 2421, 2422, 2422, 6160, 6159, 2424, 2421, 6159, 2424, 6159, 6161, 6159, 6160, 6161, 6155, 6136, 6133, 6162, 6155, 6143,
            6163, 2436, 2435, 2441, 2438, 2436, 6164, 6163, 6165, 6164, 2441, 2436, 6163, 6164, 2436, 6165, 6166, 6164, 2441, 6164, 6167, 6167, 2440, 2441,
            6167, 3332, 2440, 6167, 6164, 6166, 6167, 6166, 6168, 6168, 6166, 6169, 6170, 6143, 6134, 6171, 6143, 6170, 6171, 6162, 6143, 6170, 6134, 6154,
            6154, 6172, 6170, 6173, 6171, 6170, 6173, 6170, 6172, 6174, 6149, 6152, 6175, 6173, 6172, 6175, 6176, 6177, 6174, 6178, 6149, 6175, 6179, 6176,
            6180, 6179, 6178, 6180, 6178, 6174, 6177, 6181, 6182, 6181, 6177, 6176, 6183, 6184, 6181, 6181, 6184, 6182, 6183, 6185, 6184, 6186, 6183, 6187,
            6188, 6189, 6190, 6188, 6191, 6189, 6191, 6188, 6192, 6193, 6192, 6188, 6194, 6191, 6192, 6195, 6108, 4443, 4449, 6195, 4443, 4016, 6195, 4449,
            4015, 6195, 4016, 4015, 6196, 6195, 6197, 6198, 6199, 6200, 4018, 6201, 6200, 6201, 6202, 6203, 6204, 6205, 6203, 6206, 6204, 6206, 6207, 6204,
            6208, 6207, 6206, 6209, 6210, 6211, 6209, 6212, 6210, 6213, 6210, 6212, 6214, 6215, 6216, 6214, 6114, 6215, 6112, 6114, 6214, 6112, 6214, 6217,
            6218, 6216, 6219, 6220, 6221, 6218, 6222, 6217, 6221, 6222, 6223, 6217, 6224, 6222, 6221, 6204, 6213, 6205, 6225, 6226, 6220, 6226, 6225, 6227,
            6207, 6228, 6204, 6229, 6226, 6227, 6230, 6229, 6227, 6231, 6224, 6221, 6224, 6232, 6222, 6231, 6233, 6224, 6233, 6232, 6224, 6229, 6234, 6226,
            6234, 6231, 6226, 6234, 6233, 6231, 4021, 4058, 6201, 6235, 6202, 4058, 6236, 6235, 4058, 6236, 4058, 4057, 6236, 4057, 4060, 6236, 4060, 6237,
            6235, 6236, 6238, 6239, 6238, 6236, 6237, 6239, 6236, 6240, 6239, 6237, 6241, 6242, 6243, 6208, 6206, 6243, 6244, 6208, 6245, 6245, 6243, 6242,
            6245, 6208, 6243, 6246, 6242, 6241, 6246, 6241, 6247, 6248, 6242, 6246, 6248, 6245, 6242, 6249, 6248, 6246, 6249, 6250, 6248, 6251, 4060, 4061,
            6251, 6237, 4060, 6247, 6252, 6246, 6253, 6246, 6252, 6246, 6253, 6249, 6254, 6255, 6256, 6257, 6232, 6233, 6258, 6233, 6234, 6258, 6257, 6233,
            6258, 6259, 6257, 6258, 6260, 6259, 6261, 6262, 6255, 6263, 6264, 6265, 6266, 6265, 6264, 6261, 6266, 6262, 6267, 6265, 6266, 6261, 6268, 6266,
            6267, 6266, 6268, 6267, 6269, 6270, 6271, 6269, 6267, 6272, 6269, 6271, 6273, 6261, 6274, 6273, 6275, 6268, 6275, 6267, 6268, 6276, 6267, 6275,
            6267, 6276, 6271, 6277, 6278, 6279, 6217, 6151, 6112, 6150, 6151, 6153, 6151, 6217, 6223, 6223, 6153, 6151, 6223, 6280, 6153, 6174, 6152, 6153,
            6281, 6174, 6153, 6280, 6281, 6153, 6232, 6282, 6223, 6232, 6223, 6222, 6282, 6280, 6223, 6280, 6282, 6281, 6282, 6283, 6281, 6284, 6285, 6283,
            6286, 6287, 6288, 6289, 6287, 6290, 6232, 6291, 6282, 6291, 6232, 6257, 6259, 6292, 6291, 6292, 6293, 6291, 6282, 6293, 6283, 6294, 6295, 6283,
            6257, 6259, 6291, 6294, 6292, 6296, 6296, 6297, 6294, 6296, 6292, 6259, 6298, 6295, 6294, 6298, 6294, 6297, 6297, 6299, 6298, 6300, 6286, 6295,
            6298, 6300, 6295, 6301, 6300, 6298, 6302, 6303, 6289, 6289, 6304, 6287, 6304, 6289, 6303, 6305, 6306, 6302, 6290, 6307, 6289, 6308, 6307, 6290,
            6309, 6307, 6308, 6309, 6305, 6307, 6309, 6308, 6310, 6311, 6310, 6312, 6306, 6313, 6314, 6315, 6316, 6314, 6317, 6318, 6319, 6320, 6321, 6322,
            6302, 6323, 6324, 6302, 6325, 6323, 6324, 6303, 6302, 6302, 6326, 6325, 6327, 6325, 6328, 6326, 6329, 6325, 6329, 6328, 6325, 6302, 6306, 6326,
            6316, 6306, 6314, 6330, 6329, 6316, 6316, 6322, 6331, 6269, 6332, 6260, 6333, 6312, 6334, 6272, 6335, 6269, 6272, 6336, 6335, 6334, 6337, 6335,
            6334, 6335, 6336, 6338, 6334, 6336, 6339, 6340, 6336, 6341, 6333, 6342, 6342, 6333, 6338, 6343, 6341, 6342, 6340, 6344, 6338, 6342, 6345, 6343,
            6341, 6311, 6312, 6343, 6346, 6311, 6345, 6346, 6343, 6345, 6347, 6346, 6348, 6347, 6345, 6349, 6345, 6342, 6350, 6351, 6352, 6349, 6348, 6345,
            6353, 6354, 6355, 6354, 4555, 6355, 6356, 6357, 6355, 6358, 6356, 6355, 6357, 6359, 6353, 6360, 6358, 4556, 6361, 6356, 6358, 6356, 6359, 6357,
            6362, 6363, 6364, 6356, 6365, 6363, 6361, 6358, 6360, 6366, 6367, 6368, 6369, 6366, 6368, 6367, 6370, 6361, 6371, 6367, 6366, 6372, 6373, 6374,
            6375, 6376, 6362, 6377, 6378, 6379, 6364, 6380, 6375, 6380, 6381, 6375, 6380, 6382, 6383, 6384, 6383, 6382, 6385, 6386, 6387, 6388, 6389, 6390,
            6391, 6389, 6388, 6392, 6390, 6374, 6390, 6392, 6388, 6393, 6394, 6391, 6394, 6395, 6384, 6396, 6397, 6398, 6399, 6400, 6401, 6402, 6399, 6403,
            6399, 6402, 6400, 6404, 4592, 6405, 4382, 4592, 4378, 4382, 6405, 4592, 4382, 4396, 6405, 6405, 6406, 6404, 6407, 6406, 6405, 6408, 6409, 6406,
            6408, 6372, 6409, 6410, 6373, 6372, 6410, 6372, 6408, 6392, 6374, 6373, 6411, 6392, 6373, 6411, 6373, 6410, 6407, 6408, 6406, 6412, 6408, 6407,
            6412, 6410, 6408, 6412, 6413, 6410, 6413, 6411, 6410, 6413, 6414, 6411, 4396, 4382, 4381, 4395, 4614, 4396, 6407, 6405, 4396, 6415, 6407, 4396,
            4614, 6415, 4396, 6416, 6417, 6418, 4400, 6417, 4399, 6417, 4617, 4399, 6419, 4617, 6417, 6416, 6419, 6417, 6420, 6407, 6415, 6421, 6416, 6418,
            6422, 6415, 4614, 6423, 6420, 6415, 6420, 6423, 6424, 6420, 6412, 6407, 6424, 6412, 6420, 6424, 6425, 6412, 6412, 6425, 6413, 6425, 6426, 6413,
            6413, 6426, 6414, 6427, 6414, 6426, 6423, 6428, 6424, 6424, 6428, 6425, 6429, 6426, 6425, 6429, 6430, 6426, 6430, 6427, 6426, 6431, 4417, 4418,
            6432, 6431, 4418, 4432, 6432, 4419, 4419, 6432, 4418, 6431, 6432, 6433, 6434, 6431, 6433, 6435, 6433, 6432, 6436, 6433, 6435, 4430, 4428, 6437,
            4433, 4432, 4431, 6432, 4432, 6435, 6438, 6435, 4432, 6439, 4433, 4430, 4432, 4433, 6439, 6440, 4430, 6437, 6440, 6439, 4430, 4432, 6439, 6438,
            6436, 6435, 6441, 6438, 6441, 6435, 6439, 6440, 6442, 6439, 6442, 6443, 6444, 6439, 6443, 6438, 6439, 6444, 6441, 6445, 6436, 6446, 6445, 6441,
            6446, 6441, 6438, 6446, 6438, 6444, 6446, 6444, 6447, 6444, 6448, 6447, 6448, 6444, 6443, 6445, 6446, 6449, 6450, 6449, 6446, 6450, 6446, 6447,
            6450, 6451, 6449, 6450, 6447, 6448, 6452, 6450, 6448, 6448, 6453, 6452, 6452, 6451, 6450, 6452, 6454, 6451, 4400, 4417, 6431, 6418, 4400, 6431,
            6417, 4400, 6418, 6431, 6434, 6418, 6421, 6418, 6434, 6434, 6455, 6421, 6433, 6455, 6434, 6456, 6455, 6433, 6457, 6421, 6455, 6457, 6458, 6421,
            6457, 6455, 6456, 6433, 6436, 6456, 6436, 6445, 6456, 6459, 6457, 6456, 6456, 6449, 6459, 6460, 6459, 6449, 6460, 6449, 6461, 6462, 6457, 6459,
            6462, 6459, 6460, 6461, 6463, 6460, 6445, 6449, 6456, 6451, 6461, 6449, 6464, 6388, 6392, 6464, 6392, 6411, 6411, 6465, 6464, 6466, 6411, 6414,
            6411, 6466, 6465, 6467, 6466, 6414, 6467, 6468, 6466, 6469, 6470, 6468, 6469, 6471, 6470, 6472, 6473, 6474, 6402, 6403, 6472, 6475, 6402, 6472,
            6475, 6476, 6402, 6477, 6475, 6472, 6478, 6476, 6475, 6479, 6475, 6477, 6479, 6480, 6475, 6480, 6478, 6475, 6481, 6482, 6480, 6414, 6427, 6467,
            6467, 6427, 6483, 6484, 6460, 6463, 6467, 6469, 6468, 6483, 6485, 6469, 6469, 6467, 6483, 6483, 6486, 6485, 6471, 6469, 6485, 6487, 6485, 6486,
            6485, 6488, 6471, 6485, 6487, 6488, 6489, 6461, 6451, 6490, 6489, 6451, 6463, 6461, 6489, 6491, 6489, 6490, 6492, 6490, 6454, 6454, 6490, 6451,
            6490, 6492, 6493, 6494, 6493, 6492, 6495, 6471, 6488, 6495, 6481, 6479, 6496, 6497, 6495, 6497, 6481, 6495, 6482, 6481, 6497, 6497, 6498, 6482,
            6499, 6498, 6497, 6496, 6495, 6488, 6500, 6501, 6502, 6503, 6352, 6501, 6503, 6501, 6500, 6504, 6505, 6400, 6506, 6507, 6504, 6508, 6400, 6476,
            6508, 6504, 6400, 6478, 6508, 6476, 6508, 6506, 6504, 6509, 6506, 6508, 6510, 6506, 6509, 6511, 6510, 6509, 6480, 6511, 6478, 6063, 3785, 3816,
            6100, 6063, 3816, 3816, 3815, 6101, 6101, 6100, 3816, 6100, 6065, 6063, 6102, 6065, 6100, 3815, 4435, 6101, 6101, 4435, 6107, 6101, 6107, 6103,
            6512, 6102, 6103, 6104, 6064, 6065, 6102, 6104, 6065, 6513, 6068, 6104, 6514, 6068, 6513, 6514, 6105, 6068, 6513, 6104, 6102, 6512, 6513, 6102,
            6515, 6513, 6512, 6513, 6515, 6514, 4435, 4440, 6107, 6516, 6512, 6103, 6516, 6103, 6106, 6517, 6516, 6106, 6518, 6512, 6516, 4440, 4441, 6106,
            4442, 6106, 4441, 6106, 4442, 6108, 6106, 6108, 6517, 6516, 6517, 6519, 6518, 6515, 6512, 6520, 6518, 6516, 6521, 6518, 6520, 6521, 6515, 6518,
            6515, 6522, 6514, 6515, 6521, 6522, 6523, 6522, 6521, 6519, 6520, 6516, 6524, 6521, 6520, 6519, 6525, 6520, 6524, 6520, 6525, 6524, 6523, 6521,
            6526, 6524, 6525, 6527, 6087, 6105, 6527, 6089, 6087, 6089, 6527, 6090, 6527, 6528, 6090, 6105, 6514, 6529, 6527, 6105, 6529, 6522, 6529, 6514,
            6527, 6529, 6530, 6528, 6527, 6530, 6090, 6528, 6097, 6097, 6528, 6109, 6109, 6111, 6098, 6528, 6530, 6531, 6531, 6109, 6528, 6532, 6109, 6531,
            6532, 6111, 6109, 6110, 6111, 6533, 6144, 6111, 6532, 6144, 6533, 6111, 6534, 6529, 6522, 6523, 6534, 6522, 6523, 6535, 6534, 6534, 6530, 6529,
            6536, 6530, 6534, 6536, 6531, 6530, 6537, 6531, 6536, 6535, 6523, 6524, 6538, 6534, 6535, 6538, 6536, 6534, 6539, 6536, 6538, 6540, 6532, 6531,
            6540, 6531, 6537, 6541, 6532, 6540, 6541, 6144, 6532, 6542, 6537, 6536, 6537, 6542, 6540, 6543, 6542, 6536, 6543, 6536, 6539, 6543, 6215, 6542,
            6215, 6540, 6542, 6215, 6541, 6540, 6541, 6145, 6144, 6114, 6145, 6541, 6215, 6114, 6541, 6133, 6124, 6129, 6134, 6130, 6131, 6133, 6129, 6130,
            6124, 6133, 6136, 6533, 6138, 6110, 6137, 6138, 6140, 6140, 6127, 6137, 6127, 6140, 6131, 6144, 6138, 6533, 6138, 6144, 6140, 6139, 6131, 6140,
            6139, 6134, 6131, 6154, 6139, 6141, 6134, 6139, 6154, 6142, 6146, 6147, 6544, 2417, 2416, 6157, 6544, 2416, 6156, 6158, 6157, 6545, 6157, 6158,
            6157, 6160, 6544, 6160, 6157, 6545, 6546, 6160, 6545, 6547, 6546, 6545, 6544, 2422, 2417, 2422, 6544, 6160, 6160, 6546, 6161, 6136, 6155, 6158,
            6548, 6158, 6155, 6549, 6550, 6548, 6548, 6545, 6158, 6549, 6155, 6162, 6155, 6549, 6548, 6547, 6545, 6548, 6550, 6547, 6548, 6546, 6547, 6551,
            6551, 6547, 6552, 6551, 6552, 6553, 6553, 6554, 6551, 6552, 6550, 6549, 6555, 6552, 6549, 6550, 6552, 6547, 6555, 6553, 6552, 6553, 6555, 6556,
            2424, 6163, 2435, 6161, 6163, 2424, 6557, 6163, 6161, 6163, 6557, 6165, 6557, 6161, 6546, 6551, 6557, 6546, 6558, 6165, 6557, 6167, 6168, 6559,
            6551, 6554, 6558, 6560, 6558, 6554, 6556, 6554, 6553, 6556, 6560, 6554, 6561, 6560, 6556, 6558, 6560, 6562, 6562, 6560, 6563, 6564, 6565, 6566,
            6566, 6563, 6564, 6565, 6567, 6169, 6565, 6564, 6567, 6568, 6567, 6564, 6558, 6557, 6551, 6165, 6562, 6166, 6558, 6562, 6165, 6566, 6166, 6562,
            6166, 6566, 6169, 6169, 6559, 6168, 6566, 6562, 6563, 6565, 6169, 6566, 6182, 6173, 6177, 6172, 6154, 6148, 6148, 6149, 6172, 6178, 6172, 6149,
            6178, 6175, 6172, 6173, 6175, 6177, 6179, 6175, 6178, 6176, 6179, 6180, 6569, 6181, 6176, 6187, 6181, 6569, 6187, 6183, 6181, 6570, 6186, 6187,
            6571, 6549, 6162, 6571, 6162, 6171, 6173, 6571, 6171, 6571, 6555, 6549, 6182, 6572, 6571, 6571, 6572, 6555, 6572, 6573, 6555, 6555, 6573, 6556,
            6173, 6182, 6571, 6572, 6182, 6184, 6573, 6572, 6190, 6572, 6184, 6190, 6185, 6190, 6184, 6186, 6185, 6183, 6561, 6556, 6573, 6573, 6574, 6561,
            6575, 6560, 6561, 6575, 6563, 6560, 6574, 6575, 6561, 6190, 6574, 6573, 6190, 6189, 6574, 6189, 6575, 6574, 6189, 6576, 6575, 6191, 6576, 6189,
            6563, 6575, 6564, 6576, 6564, 6575, 6564, 6576, 6568, 6568, 6576, 6577, 6568, 6577, 6578, 6191, 6579, 6576, 6580, 6577, 6576, 6576, 6579, 6580,
            6577, 6580, 6581, 6185, 6188, 6190, 6188, 6185, 6186, 6188, 6186, 6193, 6193, 6582, 6192, 6324, 6583, 6186, 6186, 6570, 6324, 6583, 6193, 6186,
            6582, 6193, 6583, 6323, 6583, 6324, 6191, 6194, 6579, 6194, 6580, 6579, 6582, 6194, 6192, 6580, 6194, 6584, 6580, 6584, 6581, 6585, 6584, 6194,
            6585, 6194, 6582, 6327, 6585, 6582, 6323, 6582, 6583, 6582, 6323, 6325, 6325, 6327, 6582, 6586, 6585, 6327, 6584, 6585, 6586, 6517, 6108, 6519,
            6587, 6519, 6108, 6588, 6525, 6519, 6588, 6519, 6587, 6195, 6587, 6108, 6587, 6197, 6588, 4015, 6589, 6196, 6196, 6587, 6195, 6197, 6587, 6196,
            6589, 6197, 6196, 6589, 6198, 6197, 6526, 6525, 6588, 6590, 6524, 6526, 6535, 6524, 6590, 6590, 6526, 6591, 6588, 6197, 6199, 6199, 6526, 6588,
            6591, 6526, 6199, 6592, 6591, 6199, 6593, 6590, 6591, 6590, 6593, 6209, 6593, 6591, 6592, 4018, 6589, 4015, 4018, 6200, 6589, 6200, 6198, 6589,
            6594, 6198, 6200, 6201, 4018, 4021, 6595, 6594, 6202, 6202, 6594, 6200, 6199, 6198, 6592, 6594, 6592, 6198, 6596, 6592, 6594, 6595, 6596, 6594,
            6205, 6592, 6596, 6205, 6593, 6592, 6205, 6212, 6593, 6203, 6205, 6596, 6203, 6596, 6595, 6243, 6595, 6202, 6595, 6206, 6203, 6595, 6243, 6206,
            6209, 6535, 6590, 6538, 6535, 6209, 6211, 6538, 6209, 6211, 6539, 6538, 6539, 6211, 6210, 6543, 6539, 6210, 6543, 6210, 6219, 6212, 6209, 6593,
            6210, 6218, 6219, 6220, 6218, 6210, 6219, 6216, 6543, 6216, 6215, 6543, 6216, 6217, 6214, 6220, 6231, 6221, 6217, 6216, 6221, 6216, 6218, 6221,
            6213, 6212, 6205, 6228, 6225, 6213, 6204, 6228, 6213, 6210, 6213, 6225, 6210, 6225, 6220, 6227, 6225, 6228, 6207, 6227, 6228, 6230, 6227, 6207,
            6226, 6231, 6220, 6201, 4058, 6202, 6238, 6202, 6235, 6239, 6241, 6238, 6247, 6239, 6240, 6202, 6238, 6243, 6241, 6243, 6238, 6241, 6239, 6247,
            6245, 6248, 6244, 4061, 6597, 6251, 6237, 6251, 6240, 6598, 6240, 6251, 6247, 6240, 6252, 6240, 6598, 6599, 4061, 4270, 6597, 6251, 6597, 6598,
            4554, 6597, 4270, 4554, 6354, 6597, 6597, 6354, 6598, 6354, 6599, 6598, 6599, 6252, 6240, 6252, 6599, 6253, 6600, 6250, 6249, 6600, 6249, 6601,
            6601, 6249, 6253, 6602, 6253, 6599, 6354, 6353, 6599, 6599, 6359, 6602, 6603, 6602, 6359, 6602, 6603, 6253, 6253, 6603, 6601, 6603, 6604, 6601,
            6207, 6208, 6244, 6207, 6244, 6256, 6254, 6256, 6244, 6256, 6230, 6207, 6229, 6230, 6605, 6605, 6230, 6256, 6605, 6256, 6255, 6255, 6262, 6605,
            6254, 6244, 6250, 6250, 6244, 6248, 6600, 6254, 6250, 6274, 6254, 6600, 6274, 6255, 6254, 6605, 6264, 6229, 6604, 6600, 6601, 6234, 6229, 6263,
            6263, 6258, 6234, 6606, 6604, 6603, 6376, 6606, 6603, 6261, 6255, 6274, 6264, 6263, 6229, 6262, 6264, 6605, 6263, 6265, 6258, 6260, 6258, 6265,
            6265, 6270, 6260, 6269, 6260, 6270, 6264, 6262, 6266, 6267, 6270, 6265, 6604, 6274, 6600, 6274, 6604, 6273, 6607, 6275, 6273, 6606, 6273, 6604,
            6608, 6606, 6376, 6608, 6607, 6606, 6607, 6273, 6606, 6378, 6275, 6607, 6378, 6607, 6608, 6268, 6261, 6273, 6609, 6276, 6275, 6610, 6276, 6609,
            6378, 6609, 6275, 6271, 6611, 6272, 6610, 6271, 6276, 6611, 6271, 6610, 6279, 6610, 6609, 6612, 6279, 6609, 6377, 6612, 6609, 6278, 6611, 6610,
            6279, 6278, 6610, 6386, 6277, 6279, 6285, 6174, 6281, 6285, 6613, 6174, 6283, 6285, 6281, 6285, 6284, 6613, 6613, 6180, 6174, 6180, 6613, 6614,
            6284, 6614, 6613, 6569, 6176, 6180, 6569, 6180, 6614, 6288, 6569, 6614, 6287, 6187, 6569, 6287, 6569, 6288, 6304, 6187, 6287, 6284, 6288, 6614,
            6284, 6286, 6288, 6284, 6295, 6286, 6286, 6290, 6287, 6282, 6291, 6293, 6283, 6293, 6294, 6295, 6284, 6283, 6293, 6292, 6294, 6260, 6296, 6259,
            6337, 6297, 6296, 6296, 6332, 6337, 6615, 6299, 6297, 6297, 6337, 6615, 6290, 6286, 6300, 6308, 6290, 6301, 6301, 6290, 6300, 6299, 6301, 6298,
            6301, 6310, 6308, 6312, 6301, 6299, 6304, 6570, 6187, 6303, 6324, 6570, 6303, 6570, 6304, 6302, 6289, 6305, 6307, 6305, 6289, 6313, 6306, 6305,
            6309, 6313, 6305, 6318, 6313, 6309, 6312, 6310, 6301, 6319, 6309, 6310, 6311, 6319, 6310, 6309, 6319, 6318, 6318, 6314, 6313, 6315, 6314, 6318,
            6315, 6322, 6316, 6317, 6315, 6318, 6322, 6315, 6320, 6616, 6315, 6317, 6616, 6320, 6315, 6326, 6316, 6329, 6316, 6326, 6306, 6260, 6332, 6296,
            6335, 6332, 6269, 6335, 6337, 6332, 6312, 6299, 6615, 6334, 6615, 6337, 6334, 6312, 6615, 6333, 6334, 6338, 6338, 6336, 6340, 6611, 6336, 6272,
            6339, 6336, 6611, 6278, 6339, 6611, 6617, 6340, 6339, 6618, 6617, 6339, 6618, 6339, 6278, 6618, 6278, 6277, 6342, 6338, 6344, 6341, 6312, 6333,
            6311, 6341, 6343, 6346, 6319, 6311, 6347, 6319, 6346, 6347, 6317, 6319, 6347, 6619, 6317, 6619, 6616, 6317, 6620, 6320, 6616, 6621, 6616, 6619,
            6619, 6347, 6621, 6347, 6348, 6621, 6348, 6622, 6621, 6622, 6623, 6621, 6622, 6624, 6623, 6624, 6625, 6623, 6621, 6623, 6616, 6344, 6340, 6617,
            6617, 6626, 6344, 6344, 6626, 6627, 6627, 6349, 6342, 6627, 6342, 6344, 6349, 6627, 6628, 6618, 6626, 6617, 6501, 6626, 6618, 6501, 6629, 6626,
            6627, 6626, 6629, 6630, 6627, 6629, 6630, 6628, 6627, 6630, 6629, 6501, 6351, 6631, 6628, 6628, 6630, 6352, 6351, 6628, 6352, 6349, 6628, 6348,
            6631, 6622, 6348, 6628, 6631, 6348, 6632, 6622, 6631, 6632, 6624, 6622, 6633, 6634, 6632, 6632, 6634, 6624, 6633, 6632, 6351, 6631, 6351, 6632,
            4555, 6354, 4554, 4268, 4555, 4554, 6357, 6353, 6355, 6358, 4555, 4556, 6358, 6355, 4555, 6359, 6599, 6353, 4556, 4278, 6360, 4279, 6360, 4278,
            6635, 6359, 6356, 6635, 6603, 6359, 6635, 6376, 6603, 6363, 6376, 6635, 6363, 6362, 6376, 6356, 6363, 6635, 6365, 6364, 6363, 6368, 6361, 6360,
            6360, 4279, 6368, 6367, 6361, 6368, 4559, 4279, 4280, 6369, 4279, 4559, 6369, 6368, 4279, 6356, 6361, 6365, 6365, 6361, 6370, 6370, 6636, 6365,
            6637, 6364, 6365, 6364, 6637, 6638, 6637, 6365, 6636, 6370, 6367, 6371, 6636, 6370, 6371, 6366, 6372, 6371, 6374, 6636, 6371, 6372, 6374, 6371,
            6374, 6637, 6636, 6390, 6637, 6374, 6376, 6375, 6608, 6375, 6381, 6608, 6379, 6378, 6608, 6381, 6379, 6608, 6364, 6375, 6362, 6638, 6380, 6364,
            6383, 6379, 6381, 6380, 6383, 6381, 6609, 6378, 6377, 6387, 6612, 6377, 6383, 6377, 6379, 6383, 6387, 6377, 6612, 6386, 6279, 6386, 6612, 6387,
            6386, 6639, 6277, 6640, 6277, 6639, 6385, 6639, 6386, 6384, 6385, 6383, 6385, 6387, 6383, 6395, 6385, 6384, 6385, 6395, 6396, 6385, 6641, 6639,
            6396, 6641, 6385, 6637, 6389, 6638, 6390, 6389, 6637, 6382, 6380, 6638, 6389, 6382, 6638, 6394, 6384, 6382, 6394, 6382, 6389, 6391, 6394, 6389,
            6388, 6464, 6391, 6393, 6391, 6464, 6642, 6643, 6393, 6643, 6396, 6395, 6394, 6643, 6395, 6396, 6643, 6397, 6643, 6394, 6393, 6641, 6640, 6639,
            6396, 6398, 6641, 6398, 6644, 6641, 6399, 6644, 6398, 6397, 6399, 6398, 6401, 6644, 6399, 6473, 6397, 6643, 6473, 6403, 6397, 6403, 6399, 6397,
            6400, 6402, 6476, 4559, 4592, 6369, 6404, 6369, 4592, 6369, 6409, 6366, 6369, 6404, 6409, 6406, 6409, 6404, 6409, 6372, 6366, 4616, 4398, 6419,
            6419, 6645, 4616, 4398, 4617, 6419, 6646, 6419, 6416, 6421, 6646, 6416, 6421, 6458, 6646, 6647, 4618, 4616, 4620, 4618, 6647, 4615, 6422, 4614,
            6645, 6647, 4616, 6648, 6647, 6645, 6649, 6647, 6648, 6650, 6423, 6415, 6645, 6419, 6646, 6645, 6646, 6651, 6651, 6646, 6652, 6650, 6415, 6422,
            6648, 6645, 6651, 6650, 6653, 6423, 6654, 6650, 6422, 6648, 6651, 6655, 6655, 6651, 6653, 6656, 6653, 6650, 6656, 6655, 6653, 6657, 6428, 6423,
            6658, 6423, 6653, 6658, 6653, 6651, 6658, 6655, 6656, 6423, 6658, 6657, 6659, 6651, 6652, 6651, 6659, 6658, 6655, 6658, 6659, 6658, 6656, 6657,
            6458, 6660, 6646, 6652, 6646, 6660, 6428, 6429, 6425, 6661, 6660, 6662, 6660, 6663, 6652, 6659, 6652, 6663, 6664, 6428, 6657, 6665, 6428, 6664,
            6666, 6428, 6665, 6666, 6429, 6428, 6661, 6663, 6660, 6429, 6666, 6667, 6668, 6429, 6667, 6669, 6668, 6667, 6429, 6668, 6430, 6662, 6660, 6458,
            6457, 6662, 6458, 6662, 6457, 6462, 6462, 6670, 6662, 6460, 6670, 6462, 6661, 6662, 6670, 6670, 6671, 6661, 6671, 6670, 6672, 6673, 6674, 6668,
            6668, 6674, 6430, 6672, 6675, 6671, 6393, 6464, 6465, 6465, 6642, 6393, 6468, 6465, 6466, 6468, 6642, 6465, 6642, 6473, 6643, 6470, 6473, 6642,
            6468, 6470, 6642, 6474, 6473, 6470, 6472, 6403, 6473, 6474, 6477, 6472, 6471, 6474, 6470, 6477, 6474, 6471, 6471, 6495, 6477, 6479, 6477, 6495,
            6481, 6480, 6479, 6484, 6670, 6460, 6670, 6484, 6672, 6484, 6676, 6672, 6676, 6484, 6463, 6677, 6676, 6463, 6483, 6427, 6430, 6483, 6678, 6486,
            6674, 6483, 6430, 6675, 6672, 6679, 6674, 6678, 6483, 6674, 6673, 6678, 6679, 6672, 6676, 6680, 6486, 6678, 6680, 6681, 6486, 6681, 6487, 6486,
            6682, 6487, 6681, 6682, 6683, 6487, 6491, 6463, 6489, 6677, 6463, 6491, 6490, 6684, 6491, 6491, 6684, 6685, 6490, 6493, 6684, 6677, 6491, 6685,
            6686, 6677, 6685, 6686, 6685, 6687, 6677, 6688, 6676, 6686, 6688, 6677, 6683, 6689, 6487, 6690, 6691, 6689, 6689, 6683, 6690, 6692, 6684, 6493,
            6692, 6493, 6693, 6692, 6693, 6694, 6684, 6692, 6685, 6497, 6695, 6499, 6691, 6496, 6488, 6488, 6487, 6689, 6496, 6695, 6497, 6689, 6691, 6488,
            6691, 6696, 6496, 6687, 6685, 6692, 6695, 6496, 6697, 6692, 6698, 6687, 6696, 6697, 6496, 6695, 6697, 6699, 6699, 6700, 6701, 6699, 6701, 6695,
            6499, 6695, 6701, 6640, 6618, 6277, 6502, 6501, 6640, 6640, 6501, 6618, 6352, 6630, 6501, 6640, 6641, 6502, 6644, 6502, 6641, 6644, 6500, 6502,
            6401, 6503, 6500, 6401, 6505, 6503, 6702, 6350, 6352, 6702, 6352, 6503, 6703, 6351, 6350, 6350, 6702, 6704, 6704, 6703, 6350, 6705, 6702, 6503,
            6704, 6702, 6705, 6704, 6706, 6703, 6706, 6704, 6705, 6707, 6703, 6706, 6703, 6633, 6351, 6708, 6633, 6703, 6500, 6644, 6401, 6400, 6505, 6401,
            6505, 6705, 6503, 6505, 6706, 6705, 6504, 6706, 6505, 6504, 6507, 6706, 6509, 6508, 6478, 6478, 6511, 6509, 6709, 6511, 6480, 6480, 6482, 6709,
            6647, 6649, 4620, 4626, 4620, 6649, 6710, 4615, 4624, 4615, 6654, 6422, 6649, 6648, 6655, 6654, 6656, 6650, 6654, 4615, 6711, 6712, 6656, 6654,
            6712, 6657, 6656, 6710, 6711, 4615, 6713, 6711, 6710, 6713, 6714, 6711, 6711, 6712, 6654, 6712, 6711, 6714, 6712, 6714, 6715, 6716, 6649, 6655,
            6659, 6716, 6655, 6664, 6657, 6712, 6717, 6716, 6659, 6718, 6649, 6716, 6718, 6716, 6719, 6649, 6718, 6720, 6713, 6718, 6719, 6719, 6715, 6714,
            6719, 6716, 6717, 4626, 6710, 4624, 6710, 4626, 6649, 6720, 6710, 6649, 6713, 6710, 6720, 6720, 6718, 6713, 6714, 6713, 6719, 6715, 6664, 6712,
            6717, 6659, 6663, 6665, 6664, 6715, 6715, 6666, 6665, 6721, 6715, 6719, 6722, 6717, 6663, 6669, 6667, 6666, 6715, 6669, 6666, 6715, 6721, 6669,
            6719, 6717, 6721, 6663, 6661, 6671, 6663, 6671, 6722, 6668, 6669, 6673, 6722, 6671, 6675, 6722, 6723, 6724, 6724, 6673, 6669, 6723, 6722, 6675,
            6721, 6717, 6722, 6724, 6721, 6722, 6724, 6669, 6721, 6724, 6723, 6725, 6723, 6675, 6725, 6726, 6678, 6673, 6673, 6724, 6725, 6673, 6725, 6726,
            6680, 6678, 6726, 6727, 6680, 6726, 6688, 6679, 6676, 6725, 6728, 6726, 6728, 6727, 6726, 6727, 6681, 6680, 6727, 6682, 6681, 6729, 6682, 6727,
            6729, 6683, 6682, 6728, 6729, 6727, 6725, 6675, 6728, 6730, 6729, 6728, 6730, 6679, 6688, 6696, 6683, 6729, 6731, 6688, 6686, 6730, 6688, 6731,
            6731, 6732, 6730, 6732, 6696, 6729, 6732, 6729, 6730, 6687, 6731, 6686, 6732, 6731, 6733, 6731, 6687, 6734, 6696, 6691, 6690, 6690, 6683, 6696,
            6734, 6687, 6698, 6696, 6699, 6697, 6696, 6733, 6699, 6700, 6699, 6733, 6733, 6696, 6732, 6735, 6700, 6733, 6733, 6734, 6735, 6675, 6679, 6728,
            6731, 6734, 6733, 6728, 6679, 6730, 4959, 4956, 1591, 4959, 1591, 3233, 6736, 4959, 3233, 4963, 4959, 6736, 6736, 3234, 3235, 4958, 4959, 4963,
            6737, 3239, 3525, 6738, 6737, 6739, 3235, 3237, 6740, 6740, 3237, 3239, 6740, 6737, 6738, 6741, 6740, 6742, 6742, 6740, 6738, 4976, 4972, 4973,
            4975, 4976, 6743, 6744, 6741, 6742, 6744, 6742, 6745, 3525, 6739, 6737, 3264, 3525, 3260, 6739, 3525, 3264, 3263, 6746, 3264, 6746, 6747, 6748,
            6747, 6749, 6748, 6750, 6747, 6751, 6747, 6750, 6749, 6752, 6753, 6754, 6755, 6756, 6757, 6756, 6755, 6758, 6759, 6760, 6761, 6762, 6763, 6764,
            6761, 6765, 6766, 6767, 6768, 6769, 6770, 6768, 6771, 6767, 6771, 6768, 6772, 6773, 6770, 6774, 6772, 6771, 6774, 6771, 6775, 6752, 6776, 6753,
            6754, 6777, 6752, 6778, 6752, 6779, 6780, 6781, 6778, 6762, 6782, 6783, 6783, 6784, 6762, 6762, 6784, 6785, 6781, 6784, 6776, 6777, 6756, 6786,
            6752, 6777, 6786, 6786, 6779, 6752, 6787, 6779, 6786, 6756, 6758, 6786, 6786, 6758, 6787, 6779, 6788, 6778, 6785, 6789, 6767, 6780, 6790, 6791,
            6771, 6789, 6775, 6775, 6792, 6774, 6793, 6792, 6775, 6793, 6775, 6794, 6788, 6790, 6780, 6790, 6795, 6796, 6796, 6795, 6797, 6798, 6799, 6800,
            6800, 6801, 6798, 6802, 3329, 6803, 3327, 3329, 6804, 6802, 6804, 3329, 6805, 3333, 3332, 6805, 3332, 6167, 6559, 6805, 6167, 6803, 3331, 3333,
            6805, 6803, 3333, 6806, 6805, 6559, 6806, 6803, 6805, 6803, 6806, 6807, 6807, 6806, 6808, 3329, 3331, 6803, 6807, 6802, 6803, 6809, 6810, 6811,
            6812, 6809, 6811, 6811, 6813, 6814, 6815, 6811, 6814, 6812, 6816, 6809, 6817, 6816, 6812, 3327, 6818, 3342, 6818, 3327, 6804, 6818, 3343, 3342,
            6819, 6820, 6821, 6822, 6819, 6823, 6821, 6824, 6825, 6826, 6827, 6828, 6827, 6822, 6823, 6829, 6822, 6827, 6829, 6827, 6826, 6830, 6831, 6832,
            6831, 6830, 6833, 6834, 6581, 6835, 6836, 6837, 6817, 6838, 6839, 6840, 6841, 6836, 6838, 6835, 6581, 6842, 6843, 6842, 6584, 6843, 6844, 6842,
            6328, 6586, 6327, 6328, 6843, 6586, 6843, 6328, 6845, 6846, 6847, 6843, 6846, 6848, 6847, 6847, 6844, 6843, 6849, 6850, 6841, 6846, 6851, 6848,
            6852, 6853, 6854, 6855, 6856, 6857, 6856, 6858, 6857, 6855, 6859, 6850, 6849, 6855, 6850, 6860, 6855, 6849, 6861, 6858, 6856, 6861, 6856, 6855,
            6861, 6855, 6860, 6852, 6860, 6849, 6862, 6863, 6860, 6861, 6860, 6863, 6863, 6831, 6861, 6864, 6865, 6866, 6866, 6852, 6854, 6832, 6863, 6862,
            6865, 6832, 6862, 6867, 6861, 6831, 6832, 6831, 6863, 6868, 6869, 6870, 6871, 6872, 6873, 6874, 6871, 6873, 6875, 6876, 6877, 6878, 6873, 6879,
            6879, 6880, 6878, 6878, 6880, 6881, 6882, 6881, 6880, 6882, 6883, 6881, 6884, 6875, 6885, 6884, 6885, 6886, 6886, 6887, 6888, 6886, 6888, 6884,
            6889, 6890, 6882, 6891, 6800, 6889, 6886, 6892, 6887, 6892, 6893, 6887, 6887, 6893, 6894, 6895, 6883, 6890, 6800, 6890, 6889, 6891, 6801, 6800,
            6774, 6896, 6897, 6898, 6899, 6900, 6901, 6794, 6902, 6902, 6903, 6901, 6899, 6904, 6792, 6899, 6792, 6905, 6900, 6899, 6905, 6906, 6905, 6907,
            6908, 6909, 6910, 6911, 6910, 6909, 6912, 6910, 6911, 6913, 6901, 6903, 6905, 6906, 6900, 6900, 6914, 6915, 6914, 6906, 6916, 6906, 6914, 6900,
            6917, 6915, 6914, 6918, 6917, 6919, 6914, 6919, 6917, 6919, 6914, 6920, 6921, 6922, 6912, 6923, 6921, 6924, 6921, 6923, 6922, 5311, 6925, 6926,
            6927, 5311, 5310, 6925, 5311, 6927, 6927, 5310, 5313, 6928, 6927, 5313, 6925, 6927, 6928, 6926, 6925, 6929, 6925, 6928, 6930, 6929, 6925, 6930,
            6931, 6917, 6918, 6931, 6932, 6933, 6934, 6935, 6936, 6937, 6936, 6938, 6939, 6940, 6941, 6934, 6936, 6937, 6942, 6943, 6937, 6942, 6937, 6940,
            6942, 6940, 6939, 6943, 6944, 6934, 6943, 6934, 6937, 6945, 6946, 6947, 6948, 6949, 6942, 6939, 6948, 6942, 6950, 6948, 6939, 6951, 6949, 6948,
            6952, 6948, 6950, 6953, 6948, 6952, 6948, 6953, 6951, 6954, 6951, 6955, 6953, 6955, 6951, 6956, 6943, 6949, 6957, 6956, 6949, 6942, 6949, 6943,
            6947, 6956, 6957, 6957, 6949, 6951, 6957, 6954, 6947, 6951, 6954, 6957, 6958, 6959, 6960, 6961, 6958, 6960, 6962, 6963, 6958, 6961, 6962, 6958,
            6962, 6961, 6964, 6965, 6962, 6964, 6966, 6962, 6967, 6965, 6967, 6962, 6968, 6830, 6832, 6969, 6970, 6971, 6968, 6972, 6830, 6968, 6970, 6969,
            6972, 6968, 6973, 6969, 6973, 6968, 6974, 6975, 6973, 6976, 6977, 6973, 6978, 6979, 6977, 6978, 6977, 6980, 6981, 6982, 6983, 6984, 6971, 6982,
            6985, 6982, 6981, 6984, 6982, 6985, 6986, 6984, 6985, 6987, 6985, 6981, 6986, 6976, 6984, 6980, 6976, 6986, 6988, 6980, 6986, 6986, 6985, 6989,
            6988, 6986, 6989, 6328, 6329, 6845, 6845, 6846, 6843, 6851, 6846, 6845, 6845, 6990, 6851, 6991, 6990, 6330, 6992, 6851, 6990, 6993, 6994, 6851,
            6994, 6993, 6995, 6995, 6866, 6854, 6995, 6854, 6994, 6995, 6993, 6996, 6316, 6331, 6330, 6991, 6330, 6331, 6997, 6963, 6991, 6997, 6958, 6963,
            6963, 6998, 6999, 6995, 6864, 6866, 7000, 6865, 6864, 7001, 7002, 7003, 7004, 7005, 7006, 7007, 7004, 7008, 7009, 7007, 7010, 7011, 7012, 7013,
            7014, 7011, 7013, 4975, 6743, 5341, 7015, 5341, 6743, 7015, 6743, 7016, 5343, 5341, 7015, 7015, 7016, 6759, 5354, 5343, 7015, 7017, 5361, 5360,
            7017, 5360, 7018, 5421, 5361, 7017, 7019, 5421, 7017, 7017, 7018, 7020, 7018, 7021, 7020, 7019, 7017, 7020, 7019, 7020, 7022, 7019, 7023, 5421,
            7023, 5424, 5421, 7024, 7023, 7019, 7025, 7024, 7022, 7024, 7019, 7022, 7020, 7021, 7022, 7021, 6897, 6896, 7026, 7021, 6896, 7026, 7022, 7021,
            7022, 7026, 7025, 7027, 7026, 6896, 7027, 6896, 6904, 7027, 6904, 6899, 7028, 7026, 7027, 6898, 7027, 6899, 5432, 5424, 7023, 5436, 5432, 7029,
            7029, 5432, 7023, 7030, 7023, 7024, 7024, 7025, 7030, 7029, 7023, 7030, 7029, 7030, 7031, 5436, 7029, 7032, 7033, 5436, 7032, 7032, 7029, 7031,
            7031, 7030, 7034, 7034, 7035, 7031, 7035, 7032, 7031, 7025, 7026, 7028, 7036, 7025, 7028, 7034, 7030, 7025, 7025, 7036, 7034, 6898, 7028, 7027,
            6915, 6898, 6900, 7028, 6898, 7036, 7036, 7037, 7034, 7035, 7034, 7038, 7037, 7038, 7034, 7039, 7036, 6898, 7037, 7036, 7039, 6915, 7039, 6898,
            7040, 7037, 7039, 6915, 6917, 7039, 7041, 7039, 6917, 7033, 7032, 7035, 7042, 7033, 7035, 7035, 7043, 7042, 7033, 5469, 5436, 7033, 7042, 5469,
            7044, 5469, 7042, 7044, 7042, 7045, 7045, 7042, 7043, 7038, 7046, 7035, 7043, 7035, 7046, 7047, 7046, 7038, 7041, 7040, 7039, 7048, 7040, 7041,
            7037, 7040, 7038, 7038, 7040, 7047, 7049, 7043, 7046, 7049, 7046, 7050, 7050, 7046, 7047, 7051, 7040, 7048, 7051, 7047, 7040, 7052, 7047, 7051,
            5489, 5487, 5486, 6022, 5489, 5488, 5487, 5489, 7053, 7053, 5490, 5487, 5312, 5490, 5313, 6928, 5313, 7054, 5490, 7054, 5313, 7053, 7054, 5490,
            5489, 7055, 7053, 7053, 7055, 7056, 7057, 7058, 7053, 7053, 7058, 7054, 7058, 7059, 7054, 7053, 7056, 7057, 7050, 7047, 7052, 7060, 7061, 7062,
            7051, 7063, 7052, 7064, 7057, 7056, 7057, 7064, 7058, 7058, 7064, 7059, 7064, 7065, 7059, 7066, 7067, 7068, 7069, 7062, 7061, 7061, 7070, 7069,
            7069, 7071, 7067, 7071, 7072, 7073, 7065, 7074, 7075, 7076, 7070, 7063, 7077, 7078, 7073, 7079, 7070, 7076, 7080, 7070, 7081, 7082, 7080, 7081,
            7076, 7083, 7079, 7067, 7066, 7062, 7067, 7062, 7069, 6933, 7041, 6931, 7041, 6933, 7048, 6931, 7041, 6917, 7051, 7048, 7084, 6933, 6932, 7048,
            6932, 7084, 7048, 6932, 7085, 7084, 7083, 7076, 7086, 7087, 7086, 7088, 5741, 5696, 5698, 5741, 5698, 7089, 7089, 5698, 7090, 5698, 5697, 7090,
            7091, 7092, 5697, 5699, 7091, 5697, 5701, 7091, 5699, 7093, 7092, 7091, 7092, 7090, 5697, 7092, 7094, 7090, 7095, 7090, 7094, 7094, 7092, 7093,
            7095, 7094, 7096, 7094, 7093, 7097, 7098, 7094, 7097, 7096, 7094, 7098, 7098, 7099, 7096, 7099, 7098, 7100, 7100, 7101, 7099, 7102, 5721, 7103,
            5723, 7103, 5721, 7104, 7105, 7106, 7093, 7091, 7107, 7107, 7108, 7093, 7108, 7107, 7109, 7109, 7110, 7108, 7111, 5701, 5733, 7111, 5733, 5734,
            7112, 7111, 5734, 7111, 7112, 7113, 5734, 5737, 7112, 7114, 7113, 7112, 7114, 7112, 5737, 7115, 7114, 5737, 7114, 7115, 7116, 7097, 7093, 7108,
            7117, 7108, 7110, 7097, 7108, 7117, 7117, 7118, 7097, 7118, 7117, 7104, 7110, 7119, 7117, 7117, 7119, 7105, 7119, 7120, 7105, 7117, 7105, 7104,
            7116, 7113, 7114, 7121, 7116, 7115, 7102, 5739, 5738, 5735, 5730, 5731, 5735, 5731, 5739, 7102, 5738, 5721, 7122, 7123, 7102, 7124, 7102, 7123,
            7125, 7123, 7122, 5736, 5739, 7124, 7124, 7126, 5736, 7127, 7115, 5737, 5736, 7127, 5737, 7127, 5736, 7126, 7115, 7127, 7128, 7126, 7124, 7123,
            7129, 7123, 7125, 7126, 7123, 7129, 7128, 7130, 7121, 7115, 7128, 7121, 7128, 7127, 7126, 7131, 7128, 7126, 7128, 7131, 7130, 7131, 7132, 7130,
            7129, 7133, 7134, 7134, 7135, 7132, 7131, 7126, 7129, 7134, 7132, 7131, 7129, 7134, 7131, 7134, 7133, 7135, 7118, 7098, 7097, 7098, 7118, 7100,
            7118, 7136, 7100, 7100, 7136, 7137, 7136, 7118, 7104, 7138, 7104, 7139, 7138, 7136, 7104, 7140, 7136, 7138, 7137, 7141, 7100, 7137, 7142, 7141,
            7136, 7140, 7137, 7143, 7140, 7138, 7144, 7140, 7143, 7142, 7137, 7140, 7142, 7140, 7144, 7139, 7104, 7106, 7106, 7145, 7139, 7146, 7139, 7145,
            7147, 7139, 7146, 7147, 7143, 7139, 7148, 7143, 7147, 7149, 7150, 7151, 7146, 7152, 7147, 7153, 7147, 7154, 7153, 7154, 7151, 7148, 7147, 7153,
            7153, 7155, 7148, 7153, 7156, 7155, 7156, 7153, 7157, 7138, 7139, 7143, 7135, 7158, 7132, 7133, 7159, 7135, 7160, 7143, 7148, 7144, 7143, 7160,
            7160, 7161, 7144, 7160, 7148, 7155, 7161, 7160, 7162, 7155, 7162, 7160, 7155, 7156, 7162, 7142, 7144, 7163, 7156, 7157, 7164, 7165, 7161, 7166,
            7163, 7144, 7161, 7165, 7163, 7161, 7167, 7163, 7168, 7168, 7165, 7166, 7165, 7168, 7163, 7161, 7162, 7156, 7166, 7161, 7156, 7166, 7156, 7169,
            7169, 7156, 7164, 7170, 7171, 7168, 7167, 7168, 7171, 7168, 7166, 7170, 7172, 7173, 7170, 7170, 7166, 7169, 7174, 7169, 7175, 7174, 7170, 7169,
            7170, 7174, 7172, 7172, 7176, 7177, 7174, 7176, 7172, 7176, 7174, 7178, 7176, 7179, 7177, 7180, 7179, 7176, 4428, 5740, 6437, 7181, 6437, 5740,
            7182, 6437, 7181, 7183, 7182, 7181, 6437, 7182, 6440, 7184, 6442, 6440, 6440, 7182, 7184, 5741, 7181, 5740, 7183, 7181, 5741, 7182, 7183, 7184,
            7184, 7185, 6442, 7186, 7185, 7184, 7187, 5741, 7089, 7187, 7183, 5741, 7187, 7089, 7188, 7187, 7188, 7186, 7186, 7188, 7189, 7184, 7183, 7187,
            7187, 7186, 7184, 7190, 7185, 7186, 6443, 6442, 7185, 7089, 7090, 7188, 7188, 7090, 7095, 7189, 7188, 7191, 7186, 7189, 7190, 7192, 7190, 7189,
            6443, 7185, 7193, 7190, 7193, 7185, 6448, 6443, 7193, 7192, 7193, 7190, 7194, 6448, 7193, 6448, 7194, 6453, 6452, 7195, 6454, 6453, 7195, 6452,
            7194, 7193, 7192, 7194, 7192, 7196, 7197, 7194, 7196, 7192, 7198, 7196, 7095, 7191, 7188, 7191, 7095, 7199, 7200, 7189, 7191, 7191, 7199, 7200,
            7192, 7189, 7200, 7096, 7199, 7095, 7096, 7099, 7199, 7198, 7192, 7200, 7200, 7199, 7201, 7201, 7198, 7200, 7199, 7099, 7202, 7202, 7201, 7199,
            7202, 7099, 7101, 7202, 7101, 7203, 7204, 7201, 7202, 7204, 7202, 7203, 7100, 7141, 7101, 7203, 7101, 7141, 7195, 6453, 7194, 7194, 7197, 7195,
            7195, 7197, 7205, 6454, 7195, 6492, 6492, 7195, 7206, 7206, 7195, 7205, 7207, 7196, 7198, 7207, 7197, 7196, 7205, 7197, 7208, 7207, 7208, 7197,
            7209, 7206, 7205, 7208, 7209, 7205, 7210, 7206, 7209, 7209, 7208, 7211, 7207, 7198, 7201, 7212, 7207, 7201, 7212, 7201, 7204, 7212, 7204, 7213,
            7214, 7213, 7204, 7213, 7214, 7215, 7216, 7213, 7217, 7217, 7213, 7215, 7218, 7208, 7207, 7212, 7218, 7207, 7219, 7208, 7218, 7219, 7218, 7212,
            7208, 7219, 7211, 7216, 7219, 7213, 7212, 7213, 7219, 7211, 7220, 7209, 7211, 7221, 7220, 7219, 7216, 7222, 7219, 7222, 7211, 7211, 7222, 7223,
            7223, 7221, 7211, 7222, 7216, 7224, 7225, 7223, 7222, 7224, 7225, 7222, 7217, 7224, 7216, 7224, 7217, 7226, 7221, 7223, 7225, 7227, 7225, 7224,
            7224, 7226, 7227, 7206, 6494, 6492, 7210, 6494, 7206, 6494, 7228, 6493, 7210, 7228, 6494, 7210, 7209, 7228, 7220, 7228, 7209, 6709, 6482, 6498,
            7229, 6709, 6498, 7203, 7141, 7214, 7204, 7203, 7214, 7142, 7214, 7141, 7214, 7142, 7230, 7230, 7142, 7163, 7167, 7230, 7163, 7214, 7230, 7231,
            7231, 7215, 7214, 7232, 7215, 7231, 7231, 7230, 7167, 7167, 7233, 7231, 7233, 7167, 7234, 7234, 7167, 7171, 7234, 7171, 7173, 7173, 7171, 7170,
            7217, 7215, 7232, 7226, 7217, 7232, 7235, 7226, 7236, 7226, 7232, 7236, 7237, 7236, 7232, 7238, 7231, 7233, 7237, 7232, 7231, 7238, 7237, 7231,
            7234, 7173, 7233, 7239, 7238, 7233, 7237, 7238, 7239, 7233, 7177, 7239, 7240, 7236, 7237, 7240, 7237, 7239, 7241, 7236, 7240, 7242, 7241, 7240,
            7243, 7236, 7241, 7242, 7240, 7239, 7239, 7244, 7245, 7245, 7242, 7239, 7245, 7241, 7242, 7235, 7227, 7226, 7243, 7235, 7236, 7235, 7246, 7227,
            7243, 7247, 7235, 7248, 7247, 7243, 7247, 7249, 7235, 7241, 7248, 7243, 7245, 7248, 7241, 7177, 7233, 7173, 7177, 7173, 7172, 7244, 7239, 7177,
            7177, 7179, 7244, 7250, 7244, 7179, 7245, 7244, 7250, 7251, 7250, 7179, 7180, 7251, 7179, 5800, 7103, 5723, 7252, 7253, 5817, 7252, 7254, 7253,
            5810, 5819, 5812, 5819, 7255, 5812, 7255, 5819, 7256, 5811, 5812, 7257, 5811, 7257, 5814, 7252, 5817, 5814, 5815, 5814, 5817, 7252, 5814, 7257,
            7258, 7252, 7257, 7259, 7257, 7255, 7255, 7257, 5812, 7260, 7257, 7259, 7261, 7255, 7256, 7260, 7258, 7257, 7258, 7254, 7252, 7260, 7254, 7258,
            7261, 7259, 7255, 7260, 7259, 7262, 7259, 7261, 7262, 7254, 7260, 7263, 7263, 7260, 7264, 7262, 7265, 7266, 7266, 7267, 7262, 7262, 7264, 7260,
            7264, 7262, 7267, 7264, 7267, 7268, 7268, 7267, 7269, 7122, 5800, 7270, 7270, 5800, 5803, 5803, 5816, 7270, 7271, 7122, 7270, 7272, 7122, 7271,
            7270, 5816, 7271, 7272, 7271, 5816, 7273, 7272, 7274, 7272, 5816, 7274, 7273, 7125, 7272, 5817, 5816, 5805, 7274, 5817, 7253, 5817, 7274, 5816,
            7274, 7275, 7273, 7276, 7273, 7275, 7276, 7275, 7277, 7278, 7274, 7253, 7278, 7275, 7274, 7279, 7275, 7278, 7278, 7253, 7254, 7279, 7277, 7275,
            7125, 7122, 7272, 7125, 7280, 7129, 7273, 7280, 7125, 7280, 7273, 7276, 7129, 7280, 7281, 7281, 7133, 7129, 7281, 7280, 7276, 7133, 7281, 7276,
            7282, 7283, 7150, 7279, 7278, 7254, 7284, 7279, 7254, 7284, 7254, 7263, 7284, 7285, 7286, 7150, 7283, 7151, 7151, 7157, 7153, 7151, 7283, 7157,
            7286, 7283, 7282, 7287, 7283, 7286, 7157, 7283, 7287, 7157, 7288, 7164, 7288, 7157, 7287, 7287, 7289, 7288, 7289, 7290, 7291, 7292, 7290, 7289,
            7291, 7288, 7289, 7291, 7290, 7293, 7293, 7290, 7294, 7286, 7289, 7287, 7289, 7286, 7285, 7285, 7292, 7289, 7159, 7133, 7276, 7276, 7277, 7159,
            7282, 7159, 7277, 7282, 7149, 7159, 7279, 7282, 7277, 7286, 7282, 7279, 7284, 7286, 7279, 7284, 7263, 7295, 7295, 7263, 7264, 7284, 7295, 7296,
            7296, 7285, 7284, 7297, 7294, 7292, 7297, 7298, 7294, 7297, 7299, 7298, 7297, 7300, 7299, 7297, 7285, 7296, 7285, 7297, 7292, 7296, 7300, 7297,
            7300, 7296, 7301, 7295, 7264, 7268, 7295, 7268, 7296, 7268, 7301, 7296, 7301, 7302, 7300, 7303, 7301, 7268, 7268, 7269, 7303, 7301, 7303, 7304,
            5819, 5820, 7256, 7261, 7256, 7305, 7305, 7256, 5820, 5820, 7306, 7305, 7307, 5820, 5304, 7307, 7306, 5820, 6926, 7306, 7307, 7308, 7261, 7305,
            7308, 7305, 7309, 7309, 7306, 6926, 7309, 6926, 7310, 7309, 7305, 7306, 7311, 7308, 7309, 7311, 7309, 7310, 7261, 7265, 7262, 5311, 7307, 5304,
            7307, 5311, 6926, 7310, 6926, 6929, 7312, 6929, 6930, 6930, 7059, 7312, 7308, 7313, 7265, 7313, 7308, 7311, 7311, 7314, 7313, 7314, 7315, 7313,
            7314, 7316, 7315, 7265, 7261, 7308, 7265, 7313, 7266, 7317, 7266, 7313, 7269, 7267, 7266, 7269, 7266, 7317, 7269, 7317, 7318, 7318, 7317, 7319,
            7315, 7317, 7313, 7317, 7315, 7316, 7317, 7320, 7319, 7316, 7320, 7317, 7316, 7321, 7320, 7321, 7316, 7322, 7310, 6929, 7323, 6929, 7312, 7323,
            7323, 7311, 7310, 7323, 7314, 7311, 7324, 7314, 7323, 7325, 7324, 7323, 7059, 7326, 7312, 7312, 7325, 7323, 7312, 7326, 7325, 7316, 7314, 7324,
            7326, 7065, 7075, 7326, 7075, 7327, 7325, 7326, 7327, 7075, 7328, 7327, 7329, 7327, 7328, 7325, 7329, 7330, 7330, 7331, 7325, 7331, 7330, 7332,
            7325, 7327, 7329, 7316, 7324, 7333, 7331, 7333, 7324, 7325, 7331, 7324, 7322, 7316, 7334, 7333, 7331, 7332, 7334, 7316, 7333, 7332, 7334, 7333,
            7303, 7269, 7335, 7335, 7269, 7318, 7336, 7337, 7338, 7339, 7336, 7338, 7340, 7336, 7339, 7164, 7288, 7291, 7164, 7291, 7341, 7164, 7341, 7175,
            7342, 7293, 7343, 7291, 7293, 7342, 7342, 7341, 7291, 7341, 7342, 7344, 7344, 7342, 7345, 7345, 7342, 7343, 7346, 7344, 7345, 7169, 7164, 7175,
            7344, 7175, 7341, 7344, 7347, 7175, 7174, 7175, 7347, 7299, 7293, 7298, 7293, 7299, 7348, 7348, 7343, 7293, 7348, 7299, 7337, 7299, 7300, 7337,
            7348, 7349, 7343, 7336, 7348, 7337, 7336, 7349, 7348, 7302, 7338, 7337, 7337, 7300, 7302, 7302, 7301, 7304, 7338, 7302, 7350, 7302, 7304, 7350,
            7350, 7304, 7303, 7351, 7349, 7336, 7351, 7352, 7349, 7352, 7345, 7343, 7349, 7352, 7343, 7352, 7346, 7345, 7351, 7336, 7340, 7344, 7346, 7353,
            7174, 7347, 7178, 7354, 7178, 7353, 7344, 7353, 7347, 7178, 7347, 7353, 7355, 7354, 7353, 7356, 7357, 7353, 7178, 7354, 7176, 7180, 7176, 7354,
            7354, 7358, 7180, 7355, 7359, 7354, 7358, 7354, 7359, 7355, 7353, 7357, 7360, 7355, 7357, 7360, 7361, 7355, 7361, 7359, 7355, 7356, 7353, 7346,
            7346, 7352, 7362, 7356, 7346, 7362, 7362, 7363, 7356, 7351, 7362, 7352, 7364, 7362, 7351, 7351, 7340, 7364, 7365, 7362, 7364, 7362, 7365, 7363,
            7366, 7356, 7363, 7366, 7363, 7367, 7363, 7365, 7368, 7363, 7368, 7367, 7357, 7356, 7366, 7357, 7366, 7367, 7339, 7369, 7370, 7370, 7369, 7371,
            7371, 7319, 7320, 7321, 7371, 7320, 7371, 7372, 7370, 7371, 7321, 7372, 7372, 7321, 7373, 7370, 7340, 7339, 7370, 7374, 7340, 7340, 7374, 7364,
            7373, 7375, 7372, 7376, 7372, 7375, 7377, 7374, 7370, 7370, 7372, 7377, 7372, 7376, 7377, 7330, 7378, 7332, 7332, 7378, 7379, 7380, 7379, 7378,
            7329, 7378, 7330, 7378, 7381, 7380, 7382, 7383, 6946, 7373, 7321, 7322, 7334, 7373, 7322, 7373, 7334, 7379, 7334, 7332, 7379, 7379, 7380, 7373,
            7375, 7373, 7380, 6953, 7384, 7385, 7364, 7374, 7386, 7374, 7377, 7386, 7377, 7376, 7387, 7388, 7385, 7389, 7390, 7388, 7391, 7391, 7392, 7390,
            6945, 6947, 6954, 7393, 6945, 6954, 6955, 7393, 6954, 7393, 7394, 6945, 6945, 7394, 7382, 6955, 7390, 7393, 7392, 7393, 7390, 7394, 7393, 7392,
            7395, 7382, 7394, 7369, 7350, 7335, 7350, 7303, 7335, 7318, 7369, 7335, 7369, 7318, 7371, 7371, 7318, 7319, 7339, 7338, 7369, 7350, 7369, 7338,
            7386, 7365, 7364, 7368, 7365, 7386, 7396, 7388, 7389, 6707, 7397, 6703, 7398, 7399, 7397, 7397, 6708, 6703, 7400, 7401, 7402, 7403, 7404, 7399,
            7400, 7404, 7405, 7406, 6707, 6507, 7406, 6507, 6506, 7403, 7399, 7398, 7407, 7403, 7398, 6510, 7408, 6506, 6506, 7408, 7406, 7409, 7410, 7411,
            7409, 7405, 7403, 7409, 7403, 7407, 7412, 7413, 7414, 7405, 7404, 7403, 7415, 7416, 7417, 7401, 7417, 7402, 7418, 7419, 7415, 7401, 7420, 7421,
            7422, 7423, 7421, 7424, 7418, 7423, 7424, 7425, 7001, 7426, 7001, 7425, 7427, 7413, 7428, 7429, 7427, 7428, 7429, 7430, 7427, 7430, 7431, 7432,
            7433, 7430, 7429, 7430, 7433, 7431, 7434, 7435, 7436, 7437, 7436, 7432, 7432, 7431, 7437, 7437, 7434, 7436, 7438, 7439, 7440, 7439, 7434, 7437,
            7441, 7439, 7437, 7438, 7434, 7439, 7427, 7420, 7442, 7420, 7427, 7422, 7432, 7422, 7427, 7436, 7422, 7432, 7436, 7443, 7422, 7436, 7435, 7443,
            7444, 6510, 6511, 7445, 7446, 7444, 7446, 7410, 7408, 6709, 7444, 6511, 7445, 7444, 7447, 6709, 7447, 7444, 7447, 7448, 7445, 7412, 7449, 7450,
            7448, 7451, 7445, 7451, 7448, 7449, 7452, 7450, 7449, 7229, 7447, 6709, 7453, 7448, 7447, 7454, 7447, 7229, 7455, 7449, 7448, 7456, 7452, 7449,
            7457, 7458, 7433, 7450, 7459, 7460, 7452, 7459, 7450, 7459, 7461, 7457, 7458, 7457, 7461, 7462, 7250, 7251, 7250, 7462, 7245, 7251, 7463, 7462,
            7180, 7358, 7251, 7463, 7251, 7358, 7437, 7433, 7458, 7437, 7431, 7433, 7441, 7437, 7458, 7464, 7441, 7458, 7440, 7439, 7441, 7465, 7466, 7467,
            7468, 7466, 7465, 7469, 7470, 7471, 7472, 7473, 7474, 7472, 7474, 7475, 7473, 7469, 7471, 7472, 7469, 7473, 7476, 7477, 7478, 7479, 7474, 7480,
            7438, 7478, 7434, 7481, 7476, 7478, 7476, 7481, 7479, 7478, 7482, 7481, 7479, 7475, 7474, 7483, 7475, 7479, 7481, 7483, 7479, 7384, 6953, 6952,
            7484, 7472, 7389, 7389, 7385, 7484, 7472, 7485, 7389, 7396, 7389, 7485, 6930, 6928, 7054, 6930, 7054, 7059, 7059, 7065, 7326, 7073, 7082, 7081,
            7486, 7073, 7081, 7077, 7073, 7486, 7079, 7486, 7081, 7087, 7083, 7086, 7487, 7488, 7489, 7088, 7383, 7087, 6736, 3233, 3234, 6736, 3235, 7490,
            4963, 6736, 7491, 7491, 7492, 7493, 7490, 7491, 6736, 7492, 7490, 6741, 7491, 7490, 7492, 7490, 3235, 6740, 6740, 3239, 6737, 6740, 6741, 7490,
            6745, 6742, 6738, 4973, 4963, 7491, 4973, 7491, 7493, 4973, 7493, 7494, 7494, 7492, 7495, 7493, 7492, 7494, 7494, 7495, 7496, 4973, 7494, 4976,
            6743, 4976, 7497, 4976, 7494, 7497, 7496, 7497, 7494, 7497, 7496, 7498, 7498, 7016, 7497, 7495, 7492, 6741, 6744, 7495, 6741, 6744, 7496, 7495,
            7496, 6744, 7499, 7500, 7496, 7499, 6782, 7499, 6744, 6782, 6744, 7501, 7498, 7496, 7500, 7502, 7498, 7500, 7500, 6763, 7502, 7500, 7499, 6764,
            6764, 7499, 6782, 6763, 7500, 6764, 7503, 3250, 7504, 3250, 3251, 7504, 7504, 7505, 7503, 7505, 7504, 7506, 7507, 7505, 7508, 6871, 7507, 7508,
            6757, 7507, 6871, 6874, 6757, 6871, 6755, 6757, 6874, 3264, 6746, 6739, 6746, 6748, 6739, 6747, 6746, 6751, 6738, 6739, 6748, 6738, 7509, 6745,
            6748, 7509, 6738, 6748, 6749, 7509, 6751, 6746, 3263, 7503, 3263, 3250, 3263, 7503, 6751, 7503, 7510, 6751, 6750, 6751, 7510, 7503, 7505, 7510,
            7507, 7510, 7505, 6749, 7511, 7509, 7512, 6749, 6750, 7511, 6749, 7512, 7513, 7509, 7511, 7511, 6753, 7513, 6754, 6753, 7511, 6744, 6745, 7501,
            7501, 6745, 7509, 7509, 7513, 7501, 7501, 7513, 6782, 6783, 6782, 7513, 6783, 7513, 6753, 7514, 6750, 7510, 7512, 6750, 7514, 7514, 7515, 7512,
            6754, 7511, 7512, 7507, 7514, 7510, 7514, 7507, 6757, 7514, 6757, 7515, 6777, 7515, 6756, 6754, 7512, 7515, 6754, 7515, 6777, 6756, 7515, 6757,
            7016, 6743, 7497, 6760, 7016, 7498, 6759, 7016, 6760, 7516, 6759, 6761, 6760, 7498, 7502, 6761, 6760, 7502, 7502, 6763, 6765, 6761, 7502, 6765,
            6764, 6782, 6762, 6765, 6763, 6769, 6762, 6769, 6763, 7516, 6761, 6766, 6769, 6762, 6785, 6765, 6769, 6768, 6767, 6769, 6785, 6773, 7516, 6766,
            6770, 6773, 6766, 6765, 6768, 6766, 6770, 6766, 6768, 6767, 6789, 6771, 6771, 6772, 6770, 6774, 6897, 6772, 6778, 6776, 6752, 6778, 6781, 6776,
            6776, 6783, 6753, 6784, 6783, 6776, 6781, 6785, 6784, 6781, 6780, 6791, 6758, 6755, 6881, 6778, 6788, 6780, 6788, 6779, 6787, 6787, 6895, 6788,
            6758, 6881, 6787, 6883, 6787, 6881, 6883, 6895, 6787, 6789, 6785, 6781, 6791, 6789, 6781, 7517, 6789, 6791, 7517, 6791, 6790, 7517, 6775, 6789,
            6796, 7517, 6790, 6794, 6775, 7517, 6794, 7517, 6902, 6902, 7517, 6796, 6795, 6790, 6788, 6799, 6795, 6895, 6797, 6795, 6799, 6799, 6895, 6890,
            6895, 6795, 6788, 7518, 6796, 6797, 6798, 6797, 6799, 7518, 6797, 6798, 6902, 6796, 7518, 7519, 3535, 3537, 6868, 3535, 7519, 6869, 6868, 7519,
            6869, 7519, 7520, 7521, 6869, 7520, 7522, 6877, 6869, 7521, 7522, 6869, 6875, 7522, 7521, 7523, 6875, 7521, 6810, 6802, 6807, 6802, 7524, 6804,
            6810, 6809, 6802, 6809, 7524, 6802, 6814, 6808, 7525, 6814, 6813, 6808, 7526, 7525, 6567, 6568, 7526, 6567, 7526, 6568, 6578, 7525, 7526, 6814,
            7526, 7527, 6814, 6813, 6810, 6807, 6813, 6811, 6810, 6825, 7524, 6809, 6812, 6811, 6815, 6812, 6815, 6817, 6828, 6809, 6816, 6837, 6816, 6817,
            7525, 6806, 6559, 6808, 6806, 7525, 7525, 6559, 6169, 6567, 7525, 6169, 6808, 6813, 6807, 7528, 3345, 3343, 7528, 3343, 6818, 6804, 6824, 6818,
            6820, 6818, 6824, 6820, 7528, 6818, 6820, 7529, 7528, 6819, 7529, 6820, 6821, 6820, 6824, 6804, 7524, 6824, 6824, 7524, 6825, 7519, 3345, 7529,
            7519, 3537, 3345, 3345, 7528, 7529, 3534, 3345, 3537, 6819, 7520, 7529, 7520, 7519, 7529, 6823, 6821, 6828, 6823, 6819, 6821, 6827, 6823, 6828,
            6821, 6825, 6828, 6828, 6825, 6809, 6857, 6829, 6826, 6816, 6837, 6826, 6828, 6816, 6826, 7521, 7520, 6819, 6819, 6822, 7521, 7523, 6822, 6829,
            7523, 7521, 6822, 6885, 6875, 7523, 7523, 7530, 7531, 7531, 6885, 7523, 6867, 7531, 7530, 7532, 7531, 6867, 7533, 6885, 7531, 7533, 7531, 7532,
            7532, 6867, 6831, 6833, 7532, 6831, 7532, 6892, 7533, 6833, 6892, 7532, 6892, 6833, 6975, 6833, 6972, 6975, 6972, 6833, 6830, 7527, 7526, 6578,
            6578, 6581, 6834, 6834, 7527, 6578, 7527, 6815, 6814, 7527, 7534, 6815, 6581, 6578, 6577, 6834, 6835, 6840, 7527, 6834, 6840, 7534, 6817, 6815,
            7534, 7527, 6839, 6839, 6836, 7534, 6838, 6836, 6839, 6836, 6817, 7534, 6859, 6837, 6836, 6836, 6841, 6850, 7527, 6840, 6839, 6584, 6842, 6581,
            6842, 6844, 6835, 6835, 6844, 6840, 6584, 6586, 6843, 6853, 6841, 7535, 6852, 6841, 6853, 6841, 6852, 6849, 6844, 7535, 6840, 7535, 6838, 6840,
            7535, 6841, 6838, 6848, 6844, 6847, 6848, 7535, 6844, 6853, 7535, 6848, 6994, 6848, 6851, 6854, 6853, 6848, 6994, 6854, 6848, 6837, 6859, 6826,
            6855, 6857, 6859, 6857, 6858, 6829, 6826, 6859, 6857, 6836, 6850, 6859, 6858, 7523, 6829, 7530, 7523, 6858, 6867, 7530, 6858, 6867, 6858, 6861,
            6862, 6860, 6852, 6852, 6866, 6862, 6866, 6865, 6862, 7536, 3541, 7537, 7538, 7536, 7537, 7504, 3251, 7539, 7539, 3251, 3366, 3366, 7540, 7539,
            7536, 7540, 3540, 7540, 3366, 3540, 7536, 3540, 3541, 7506, 7504, 7539, 7506, 7539, 7541, 7536, 7542, 7541, 7539, 7540, 7536, 7536, 7541, 7539,
            7542, 7536, 7538, 6868, 7537, 3536, 7537, 3542, 3536, 7537, 3541, 3542, 7537, 6868, 7538, 6868, 3536, 3535, 7538, 7543, 7542, 6870, 7538, 6868,
            7538, 6870, 7543, 7508, 7505, 7506, 7508, 7506, 7541, 6872, 7508, 7541, 7508, 6872, 6871, 7544, 6872, 7541, 7543, 7541, 7542, 7544, 7541, 7543,
            7545, 6872, 7544, 7546, 7545, 7544, 6873, 6872, 7545, 6877, 6876, 6870, 6876, 7543, 6870, 7544, 7543, 6876, 6870, 6869, 6877, 7547, 7544, 6876,
            7546, 7544, 7547, 7548, 6876, 6875, 7548, 7547, 6876, 7522, 6875, 6877, 6755, 6874, 6873, 6755, 6873, 6878, 6755, 6878, 6881, 7546, 6879, 7545,
            6880, 6879, 7549, 7549, 7546, 7550, 7549, 6879, 7546, 6879, 6873, 7545, 7551, 6882, 6880, 7551, 7552, 6882, 6894, 7549, 7550, 7549, 6894, 7551,
            7549, 7551, 6880, 7548, 6875, 6884, 7546, 7547, 7548, 7548, 7550, 7546, 7550, 7548, 6888, 7548, 6884, 6888, 6894, 6888, 6887, 6894, 7550, 6888,
            6886, 6885, 7533, 6892, 6886, 7533, 6882, 6890, 6883, 6882, 7553, 6889, 7554, 7552, 7551, 7554, 7551, 6894, 7553, 6882, 7552, 7553, 7552, 7554,
            6891, 7553, 7555, 6891, 6889, 7553, 7555, 7553, 7554, 7554, 7556, 7555, 7554, 7557, 7556, 7555, 7556, 7006, 7558, 6891, 7555, 7559, 6893, 6892,
            7557, 6894, 6893, 7554, 6894, 7557, 7560, 6893, 7559, 7560, 7557, 6893, 7560, 7556, 7557, 6975, 7559, 6892, 6890, 6800, 6799, 6904, 6896, 6774,
            6904, 6774, 6792, 6793, 6907, 6792, 6905, 6792, 6907, 6907, 6793, 6794, 6901, 6907, 6794, 6901, 6913, 6907, 6906, 6907, 6913, 6906, 6913, 6916,
            6903, 7518, 7561, 6801, 6908, 6798, 6908, 6801, 6909, 7561, 7518, 6798, 7561, 6798, 6908, 6908, 6903, 7561, 6903, 6908, 7562, 6912, 7562, 6908,
            6912, 6908, 6910, 7518, 6903, 6902, 6913, 6903, 7562, 6920, 6914, 6916, 6919, 6920, 7563, 7564, 7565, 6922, 6921, 6911, 7566, 6912, 6911, 6921,
            7565, 7562, 6912, 6922, 7565, 6912, 7567, 7564, 6922, 6922, 6923, 7567, 7565, 6913, 7562, 7565, 6916, 6913, 7565, 7564, 6916, 7568, 6916, 7564,
            6916, 7568, 6920, 7563, 6920, 7568, 6935, 7568, 7564, 6919, 7563, 6944, 7569, 6931, 6918, 6919, 7569, 6918, 6919, 6944, 7569, 6932, 6931, 7569,
            7570, 6932, 7569, 7570, 7569, 7571, 6935, 7564, 6936, 6938, 6923, 6924, 6936, 7564, 7567, 6936, 7567, 6923, 6938, 6936, 6923, 6937, 6938, 6940,
            6938, 6941, 6940, 7568, 6935, 7563, 6944, 7563, 6935, 6944, 6935, 6934, 7569, 6944, 7571, 6943, 7571, 6944, 7572, 7571, 6943, 7570, 7085, 6932,
            7570, 7573, 7085, 7572, 7574, 7570, 7573, 7570, 7574, 7573, 7574, 6947, 6946, 7573, 6947, 7575, 6952, 6950, 7572, 6943, 6956, 7570, 7571, 7572,
            6956, 7574, 7572, 6947, 7574, 6956, 6321, 6620, 6959, 6320, 6620, 6321, 6960, 6959, 6620, 6958, 6997, 6959, 6983, 6966, 6967, 6971, 6970, 7576,
            6971, 7576, 6982, 6972, 6973, 6975, 6973, 6969, 6976, 6971, 6984, 6969, 6969, 6984, 6976, 6979, 6974, 6977, 6973, 6977, 6974, 6977, 6976, 6980,
            6981, 6983, 6967, 6967, 7577, 6981, 6989, 6985, 6987, 7577, 6987, 6981, 7578, 6978, 6980, 7578, 6988, 7579, 7578, 7579, 7580, 7581, 7580, 7579,
            7582, 6989, 6987, 7582, 6988, 6989, 6988, 7578, 6980, 7582, 7579, 6988, 6330, 6990, 6329, 6845, 6329, 6990, 6990, 6991, 6992, 6992, 6993, 6851,
            6998, 6996, 6993, 6992, 6998, 6993, 6992, 6999, 6998, 6864, 6995, 6996, 6996, 7583, 6864, 6966, 6996, 6998, 6996, 6966, 7583, 6321, 6331, 6322,
            6331, 6997, 6991, 6321, 6997, 6331, 6959, 6997, 6321, 6999, 6992, 6991, 6999, 6991, 6963, 6963, 6966, 6998, 6966, 6963, 6962, 6832, 6865, 6968,
            6865, 6970, 6968, 6970, 6865, 7000, 7576, 6864, 7583, 7576, 7000, 6864, 7583, 6982, 7576, 7576, 6970, 7000, 6983, 7583, 6966, 6983, 6982, 7583,
            6620, 7584, 6960, 7584, 6620, 6623, 6623, 6620, 6616, 7584, 7585, 6960, 7585, 6961, 6960, 7586, 6961, 7585, 7587, 6625, 6624, 7584, 6623, 6625,
            7588, 7585, 7584, 7588, 7586, 7585, 7589, 7584, 6625, 7589, 7588, 7584, 7588, 7589, 7590, 6961, 7586, 6964, 6964, 7586, 7591, 6964, 7591, 6965,
            7592, 6965, 7591, 7593, 7591, 7586, 7586, 7588, 7593, 7590, 7593, 7588, 7594, 7593, 7590, 7591, 7593, 7595, 7595, 7592, 7591, 7594, 7595, 7593,
            7596, 7595, 7594, 6625, 7587, 7589, 6634, 7587, 6624, 6634, 7589, 7587, 7597, 7589, 6634, 7597, 7590, 7589, 7598, 7597, 6634, 6708, 6634, 6633,
            7597, 7598, 7599, 7600, 7594, 7597, 7600, 7596, 7594, 7597, 7594, 7590, 7599, 7600, 7597, 7600, 7599, 7601, 7596, 7600, 7602, 7602, 7601, 7402,
            7600, 7601, 7602, 7602, 7402, 7603, 7592, 6967, 6965, 7577, 6967, 7592, 7595, 7604, 7592, 7604, 7577, 7592, 7577, 7605, 6987, 7582, 6987, 7605,
            7605, 7577, 7604, 7605, 7606, 7607, 7608, 7604, 7595, 7606, 7605, 7604, 7608, 7606, 7604, 7607, 7609, 7582, 7609, 7579, 7582, 7609, 7581, 7579,
            7610, 7581, 7609, 7607, 7582, 7605, 7611, 7609, 7607, 7607, 7612, 7611, 7610, 7609, 7611, 7613, 7610, 7614, 7614, 7610, 7611, 7612, 7607, 7606,
            7612, 7606, 7608, 7615, 7608, 7616, 7419, 7615, 7616, 7596, 7608, 7595, 7616, 7608, 7596, 7617, 7616, 7596, 7596, 7602, 7617, 7602, 7603, 7617,
            7617, 7417, 7416, 7416, 7616, 7617, 7419, 7616, 7416, 7615, 7612, 7608, 7615, 7611, 7612, 7618, 7611, 7615, 7618, 7614, 7611, 7003, 7614, 7618,
            7618, 7615, 7419, 7424, 7618, 7418, 7418, 7618, 7419, 7002, 7614, 7003, 7424, 7003, 7618, 7001, 7003, 7424, 7619, 6891, 7558, 7619, 7558, 7620,
            7558, 7555, 7006, 7004, 7006, 7556, 7620, 7558, 7006, 7006, 7005, 7620, 7621, 6909, 7619, 7619, 7620, 7621, 7622, 7620, 7005, 7005, 7623, 7622,
            7620, 7622, 7621, 7008, 7559, 6975, 6974, 7008, 6975, 7559, 7008, 7560, 7556, 7560, 7004, 7560, 7008, 7004, 7007, 7005, 7004, 6979, 7008, 6974,
            7010, 7008, 6979, 7010, 7007, 7008, 7623, 7005, 7007, 7624, 7625, 7626, 7627, 7624, 7628, 7629, 7621, 7622, 7629, 7630, 7631, 7625, 7622, 7623,
            7630, 7622, 7625, 7630, 7629, 7622, 7632, 7566, 7629, 7632, 7629, 7631, 7632, 7631, 7633, 7624, 7630, 7625, 7630, 7634, 7631, 7010, 7635, 7009,
            7635, 7010, 6979, 7635, 6979, 6978, 7635, 6978, 7578, 7623, 7007, 7009, 7626, 7009, 7635, 7580, 7635, 7578, 7581, 7628, 7580, 7580, 7628, 7635,
            7628, 7626, 7635, 7624, 7626, 7628, 7619, 6801, 6891, 6909, 6801, 7619, 6909, 7621, 6911, 7566, 6911, 7629, 7629, 6911, 7621, 7632, 6921, 7566,
            6924, 6921, 7632, 7632, 7633, 6924, 7634, 7624, 7627, 7636, 7634, 7627, 7637, 7638, 7636, 7638, 7637, 7012, 7639, 7633, 7631, 7640, 7633, 7639,
            7634, 7641, 7639, 7634, 7636, 7641, 7639, 7631, 7634, 7642, 7640, 7639, 7642, 7639, 7641, 7643, 6941, 7642, 7638, 7641, 7636, 7644, 7641, 7638,
            7638, 7012, 7644, 7644, 7642, 7641, 7645, 7627, 7581, 7645, 7581, 7610, 7627, 7645, 7636, 7645, 7610, 7613, 7613, 7637, 7645, 7637, 7636, 7645,
            7013, 7637, 7613, 7012, 7637, 7013, 7646, 7014, 7647, 7647, 7014, 7013, 7648, 7011, 7014, 7014, 7646, 7466, 7466, 7648, 7014, 7649, 7642, 7644,
            7649, 7643, 7642, 7644, 7012, 7011, 7649, 7650, 7643, 7470, 7650, 7649, 7470, 7649, 7651, 7652, 7650, 7470, 7651, 7644, 7011, 7651, 7649, 7644,
            7648, 7651, 7011, 7647, 7613, 7614, 7002, 7647, 7614, 7013, 7613, 7647, 7646, 7647, 7002, 7001, 7646, 7002, 7646, 7001, 7467, 7640, 6941, 6924,
            6924, 7633, 7640, 6938, 6924, 6941, 7640, 7642, 6941, 7643, 7575, 6941, 7575, 6939, 6941, 6950, 6939, 7575, 7643, 7650, 7575, 7384, 6952, 7650,
            7652, 7384, 7650, 7653, 7015, 6759, 7516, 7653, 6759, 7653, 5354, 7015, 7654, 5354, 7653, 5359, 5354, 5360, 7654, 5360, 5354, 7516, 7654, 7653,
            7516, 6773, 7654, 7655, 7654, 6773, 5360, 7654, 7655, 5360, 7655, 7018, 6772, 7655, 6773, 7018, 7655, 7021, 7021, 7655, 6772, 7021, 6772, 6897,
            7045, 7049, 7060, 7049, 7045, 7043, 7044, 5477, 5469, 6011, 5477, 7044, 6011, 7044, 7045, 7656, 7045, 7060, 5489, 6022, 7055, 7055, 7068, 7056,
            7068, 7055, 7657, 6024, 5476, 6011, 6023, 6022, 6019, 7658, 6024, 6011, 6032, 6024, 7658, 6011, 7659, 7658, 7660, 7658, 7659, 7660, 7659, 7661,
            7045, 7659, 6011, 7659, 7045, 7656, 7662, 7055, 6022, 7657, 7055, 7662, 7657, 7659, 7656, 7656, 7663, 7657, 7661, 7659, 7657, 7062, 7656, 7060,
            7656, 7062, 7663, 6031, 6022, 6023, 7662, 6022, 6031, 7664, 7662, 7661, 6032, 7658, 7660, 6032, 7660, 7665, 7661, 7662, 6031, 7665, 7666, 6032,
            7665, 7660, 7661, 7665, 7661, 6031, 6034, 7667, 6031, 7667, 7665, 6031, 6032, 6036, 6029, 6036, 6032, 7666, 7666, 7668, 6036, 7669, 6036, 7668,
            7657, 7662, 7664, 7664, 7661, 7657, 7663, 7068, 7657, 7066, 7068, 7663, 7066, 7663, 7062, 7670, 7667, 7671, 7670, 7672, 7667, 7668, 7666, 7667,
            7667, 7666, 7665, 7668, 7667, 7672, 7673, 7672, 7674, 7672, 7675, 7668, 7675, 7672, 7673, 7060, 7049, 7050, 7061, 7060, 7050, 7061, 7050, 7052,
            7084, 7063, 7051, 7052, 7063, 7070, 7073, 7065, 7064, 7071, 7064, 7056, 7068, 7067, 7056, 7071, 7056, 7067, 7052, 7070, 7061, 7073, 7064, 7071,
            7676, 7071, 7069, 7677, 7676, 7069, 7073, 7072, 7082, 7070, 7080, 7069, 7072, 7071, 7676, 7677, 7069, 7080, 7678, 7065, 7073, 7678, 7073, 7078,
            7065, 7678, 7074, 7488, 7075, 7074, 7488, 7074, 7678, 7078, 7489, 7678, 7079, 7081, 7070, 7086, 7063, 7084, 7084, 7085, 7086, 7076, 7063, 7086,
            7088, 7086, 7085, 7085, 7573, 7088, 7088, 7573, 7383, 7091, 5701, 7107, 7107, 5701, 7109, 7109, 7113, 7110, 7109, 5701, 7111, 7111, 7113, 7109,
            7119, 7110, 7113, 7119, 7113, 7116, 7119, 7116, 7120, 7120, 7116, 7121, 7102, 7124, 5739, 7102, 7103, 7122, 7105, 7679, 7106, 7145, 7106, 7132,
            5736, 5735, 5739, 7120, 7130, 7679, 7679, 7105, 7120, 7679, 7130, 7106, 7130, 7132, 7106, 7130, 7120, 7121, 7145, 7132, 7146, 7132, 7152, 7146,
            7158, 7152, 7132, 7158, 7680, 7152, 7680, 7681, 7152, 7149, 7681, 7680, 7158, 7149, 7680, 7154, 7147, 7152, 7152, 7681, 7154, 7681, 7151, 7154,
            7151, 7681, 7149, 7135, 7159, 7158, 7149, 7158, 7159, 7221, 7682, 7220, 7683, 7682, 7221, 7221, 7684, 7683, 7225, 7684, 7221, 7225, 7227, 7684,
            7246, 7684, 7227, 6493, 7228, 6693, 6693, 7228, 7220, 7682, 6693, 7220, 7682, 7685, 6693, 7685, 6694, 6693, 7685, 7682, 7686, 7686, 7682, 7683,
            7685, 7686, 7687, 7683, 7688, 7686, 7686, 7689, 7687, 7688, 7689, 7686, 7690, 7454, 7689, 6698, 6692, 6694, 7691, 6698, 7692, 7693, 6498, 6499,
            7693, 6499, 6701, 7694, 7693, 6701, 7692, 6694, 7685, 6698, 6694, 7692, 7694, 6701, 6700, 7695, 7694, 6700, 7695, 7693, 7694, 6498, 7693, 7229,
            7696, 7229, 7693, 7692, 7685, 7687, 7692, 7687, 7697, 7687, 7689, 7229, 7696, 7687, 7229, 7697, 7687, 7696, 7697, 7689, 7688, 7697, 7688, 7698,
            7690, 7689, 7697, 7692, 7697, 7699, 7699, 7697, 7698, 7696, 7690, 7697, 7691, 7692, 7700, 7700, 7692, 7699, 7701, 7700, 7699, 7702, 7690, 7696,
            7703, 7696, 7693, 7703, 7702, 7696, 7703, 7690, 7702, 7704, 7690, 7703, 7683, 7705, 7706, 7688, 7683, 7706, 7688, 7706, 7698, 7698, 7706, 7707,
            7707, 7706, 7705, 7708, 7698, 7709, 7699, 7698, 7701, 7701, 7698, 7708, 7708, 7709, 7710, 7711, 7708, 7710, 7249, 7246, 7235, 5804, 5800, 5798,
            7122, 7103, 5800, 7149, 7282, 7150, 7290, 7292, 7294, 7293, 7294, 7298, 7357, 7367, 7360, 7712, 7367, 7368, 7713, 7367, 7712, 7378, 7329, 7328,
            7714, 7378, 7328, 7381, 7378, 7714, 7715, 7375, 7380, 7715, 7380, 7381, 7383, 7573, 6946, 6945, 7382, 6946, 7376, 7375, 7715, 7716, 7381, 7714,
            7716, 7715, 7381, 7717, 7715, 7716, 7382, 7718, 7383, 7718, 7382, 7395, 7719, 7718, 7395, 7720, 7718, 7719, 6953, 7385, 6955, 6955, 7385, 7390,
            7387, 7386, 7377, 7385, 7388, 7390, 7721, 7386, 7387, 7715, 7722, 7376, 7715, 7717, 7722, 7387, 7376, 7722, 7392, 7391, 7723, 7392, 7723, 7394,
            7395, 7394, 7723, 7719, 7395, 7723, 7716, 7724, 7717, 7725, 7724, 7716, 7726, 7724, 7727, 7725, 7727, 7724, 7721, 7387, 7722, 7728, 7721, 7722,
            7386, 7712, 7368, 7712, 7386, 7721, 7729, 7712, 7721, 7388, 7730, 7391, 7388, 7396, 7730, 7729, 7721, 7728, 7731, 7712, 7729, 7713, 7712, 7731,
            7732, 7713, 7731, 7728, 7733, 7729, 7734, 7730, 7396, 7735, 7734, 7396, 7732, 7731, 7729, 7732, 7729, 7733, 7736, 7732, 7733, 7717, 7724, 7737,
            7728, 7722, 7717, 7738, 7723, 7391, 7737, 7728, 7717, 7739, 7719, 7723, 7739, 7723, 7738, 7739, 7720, 7719, 7726, 7737, 7724, 7727, 7720, 7739,
            7738, 7391, 7730, 7740, 7737, 7726, 7733, 7728, 7737, 7737, 7740, 7733, 7726, 7727, 7739, 7739, 7740, 7726, 7740, 7739, 7738, 7741, 7738, 7730,
            7738, 7741, 7740, 7734, 7741, 7730, 7734, 7735, 7741, 7741, 7733, 7740, 7742, 7743, 7744, 7713, 7744, 7743, 7744, 7713, 7732, 7732, 7745, 7744,
            7732, 7736, 7745, 7733, 7741, 7736, 7736, 7741, 7735, 7735, 7746, 7736, 7746, 7745, 7736, 6507, 6707, 6706, 7598, 6634, 6708, 7598, 6708, 7747,
            7397, 7747, 6708, 7599, 7598, 7747, 7748, 7599, 7747, 7747, 7399, 7748, 7397, 7399, 7747, 7599, 7748, 7601, 7400, 7402, 7601, 7748, 7399, 7404,
            7601, 7748, 7400, 7404, 7400, 7748, 7442, 7400, 7405, 7442, 7420, 7400, 7397, 6707, 7398, 6707, 7406, 7398, 7406, 7407, 7398, 7406, 7408, 7410,
            7410, 7407, 7406, 7410, 7409, 7407, 7414, 7405, 7409, 7413, 7442, 7405, 7414, 7409, 7411, 7411, 7412, 7414, 7414, 7413, 7405, 7413, 7412, 7428,
            7749, 7426, 7425, 7749, 7425, 7435, 7603, 7417, 7617, 7402, 7417, 7603, 7401, 7423, 7417, 7421, 7423, 7401, 7423, 7415, 7417, 7415, 7419, 7416,
            7415, 7423, 7418, 7420, 7401, 7400, 7420, 7422, 7421, 7443, 7424, 7423, 7423, 7422, 7443, 7443, 7425, 7424, 7425, 7443, 7435, 7434, 7749, 7435,
            7434, 7477, 7749, 7442, 7413, 7427, 7430, 7432, 7427, 7408, 6510, 7444, 7408, 7444, 7446, 7411, 7410, 7446, 7411, 7446, 7451, 7451, 7446, 7445,
            7451, 7449, 7411, 7449, 7412, 7411, 7460, 7412, 7450, 7750, 7246, 7751, 7246, 7750, 7684, 7752, 7750, 7753, 7229, 7689, 7454, 7447, 7454, 7453,
            7453, 7454, 7754, 7690, 7754, 7454, 7683, 7684, 7705, 7453, 7455, 7448, 7755, 7455, 7453, 7754, 7755, 7453, 7455, 7755, 7756, 7707, 7705, 7756,
            7756, 7705, 7455, 7698, 7707, 7756, 7709, 7698, 7756, 7757, 7756, 7755, 7705, 7684, 7750, 7750, 7758, 7705, 7705, 7758, 7455, 7758, 7750, 7752,
            7753, 7759, 7752, 7760, 7758, 7752, 7752, 7759, 7761, 7455, 7456, 7449, 7760, 7456, 7758, 7455, 7758, 7456, 7762, 7452, 7456, 7761, 7762, 7456,
            7762, 7761, 7759, 7759, 7763, 7762, 7757, 7709, 7756, 7764, 7765, 7709, 7709, 7757, 7764, 7760, 7752, 7765, 7760, 7765, 7764, 7765, 7752, 7761,
            7766, 7765, 7761, 7766, 7761, 7763, 7710, 7765, 7766, 7764, 7456, 7760, 7763, 7761, 7456, 7767, 7754, 7690, 7767, 7755, 7754, 7767, 7757, 7755,
            7757, 7767, 7711, 7710, 7709, 7765, 7768, 7710, 7766, 7764, 7763, 7456, 7769, 7763, 7764, 7711, 7710, 7768, 7770, 7711, 7768, 7711, 7764, 7757,
            7770, 7769, 7764, 7770, 7764, 7711, 7771, 7772, 7245, 7773, 7772, 7771, 7460, 7428, 7412, 7460, 7429, 7428, 7460, 7459, 7457, 7429, 7457, 7433,
            7457, 7429, 7460, 7751, 7246, 7249, 7772, 7249, 7247, 7249, 7772, 7751, 7774, 7751, 7772, 7775, 7751, 7774, 7753, 7750, 7751, 7753, 7751, 7775,
            7753, 7775, 7776, 7776, 7775, 7774, 7776, 7774, 7777, 7772, 7247, 7248, 7245, 7772, 7248, 7772, 7773, 7774, 7777, 7774, 7773, 7459, 7778, 7779,
            7459, 7779, 7461, 7780, 7461, 7779, 7781, 7462, 7463, 7771, 7245, 7462, 7771, 7781, 7773, 7781, 7771, 7462, 7781, 7463, 7782, 7441, 7464, 7440,
            7783, 7440, 7464, 7781, 7784, 7773, 7785, 7777, 7773, 7785, 7773, 7784, 7784, 7781, 7782, 7786, 7784, 7782, 7787, 7458, 7461, 7458, 7787, 7464,
            7780, 7787, 7461, 7464, 7787, 7788, 7464, 7788, 7783, 7783, 7788, 7789, 7790, 7788, 7787, 7791, 7788, 7790, 7791, 7789, 7788, 7759, 7753, 7776,
            7763, 7759, 7766, 7766, 7759, 7776, 7779, 7778, 7792, 7763, 7778, 7762, 7769, 7778, 7763, 7777, 7793, 7776, 7793, 7777, 7785, 7785, 7794, 7793,
            7766, 7793, 7795, 7766, 7776, 7793, 7762, 7459, 7452, 7459, 7762, 7778, 7769, 7792, 7778, 7780, 7779, 7792, 7796, 7780, 7792, 7795, 7768, 7766,
            7797, 7792, 7769, 7770, 7768, 7795, 7769, 7770, 7795, 7795, 7797, 7769, 7797, 7796, 7792, 7797, 7795, 7793, 7793, 7798, 7797, 7796, 7797, 7798,
            7785, 7784, 7786, 7799, 7785, 7786, 7791, 7786, 7800, 7786, 7791, 7799, 7790, 7787, 7780, 7780, 7796, 7790, 7799, 7790, 7796, 7799, 7791, 7790,
            7798, 7794, 7799, 7796, 7798, 7799, 7466, 7646, 7467, 7466, 7801, 7648, 7468, 7801, 7466, 7426, 7465, 7467, 7426, 7749, 7465, 7465, 7749, 7802,
            7473, 7468, 7480, 7480, 7474, 7473, 7480, 7468, 7465, 7802, 7480, 7465, 7470, 7651, 7471, 7469, 7652, 7470, 7801, 7651, 7648, 7651, 7801, 7471,
            7473, 7801, 7468, 7484, 7652, 7469, 7469, 7472, 7484, 7473, 7471, 7801, 7426, 7467, 7001, 7476, 7802, 7477, 7477, 7802, 7749, 7478, 7477, 7434,
            7480, 7802, 7476, 7480, 7476, 7479, 7463, 7358, 7359, 7803, 7463, 7359, 7359, 7361, 7804, 7804, 7361, 7805, 7360, 7367, 7806, 7472, 7475, 7485,
            7713, 7806, 7367, 7807, 7485, 7475, 7805, 7361, 7360, 7805, 7360, 7806, 7743, 7805, 7806, 7808, 7483, 7481, 7809, 7485, 7807, 7807, 7475, 7483,
            7806, 7713, 7743, 7810, 7811, 7807, 7811, 7809, 7807, 7808, 7807, 7483, 7810, 7807, 7808, 7484, 7384, 7652, 7384, 7484, 7385, 7809, 7396, 7485,
            7809, 7811, 7746, 7746, 7735, 7809, 7804, 7803, 7359, 7463, 7803, 7782, 7782, 7803, 7812, 7803, 7813, 7812, 7813, 7803, 7804, 7814, 7482, 7815,
            7816, 7804, 7805, 7814, 7481, 7482, 7814, 7808, 7481, 7813, 7804, 7816, 7482, 7478, 7438, 7440, 7482, 7438, 7815, 7482, 7440, 7783, 7815, 7440,
            7782, 7812, 7786, 7817, 7800, 7812, 7813, 7817, 7812, 7817, 7813, 7816, 7818, 7819, 7820, 7815, 7783, 7789, 7819, 7815, 7789, 7821, 7789, 7791,
            7819, 7814, 7815, 7819, 7822, 7814, 7821, 7819, 7789, 7820, 7819, 7821, 7742, 7805, 7743, 7808, 7814, 7822, 7810, 7808, 7822, 7816, 7805, 7742,
            7823, 7816, 7742, 7810, 7822, 7823, 7811, 7810, 7824, 7825, 7824, 7810, 7816, 7823, 7817, 7823, 7742, 7825, 7825, 7810, 7823, 7823, 7822, 7819,
            7818, 7823, 7819, 7825, 7742, 7824, 7824, 7742, 7744, 7800, 7820, 7821, 7800, 7821, 7791, 7746, 7811, 7824, 7746, 7824, 7745, 7745, 7824, 7744,
            6698, 7691, 6735, 6734, 6698, 6735, 6735, 7695, 6700, 7695, 6735, 7691, 7700, 7826, 7691, 7826, 7700, 7701, 7703, 7693, 7695, 7695, 7826, 7703,
            7704, 7826, 7701, 7703, 7826, 7704, 7691, 7826, 7695, 7704, 7701, 7708, 7690, 7704, 7767, 7708, 7711, 7767, 7708, 7767, 7704, 7827, 6035, 6036,
            6034, 6033, 7827, 7827, 6033, 6035, 7828, 6034, 7827, 7829, 6036, 7669, 7827, 6036, 7829, 7830, 7828, 7827, 7830, 7827, 7829, 7831, 7675, 7832,
            7669, 7668, 7675, 7830, 7829, 7669, 7830, 7669, 7675, 7675, 7831, 7830, 7833, 7831, 7832, 7834, 7676, 7677, 7833, 7834, 7677, 7834, 7072, 7676,
            7834, 7082, 7072, 7673, 7677, 7080, 7486, 7080, 7082, 7077, 7486, 7082, 7834, 7077, 7082, 7486, 7835, 7080, 7328, 7075, 7488, 7488, 7678, 7489,
            7489, 7078, 7077, 7486, 7836, 7835, 7836, 7486, 7079, 7836, 7079, 7083, 7837, 7489, 7077, 7837, 7077, 7834, 7838, 7489, 7837, 7838, 7487, 7489,
            7839, 7840, 7838, 7673, 7674, 7677, 7833, 7677, 7674, 7835, 7673, 7080, 7832, 7675, 7673, 7835, 7839, 7841, 7841, 7673, 7835, 7841, 7832, 7673,
            7839, 7835, 7836, 7841, 7833, 7832, 7836, 7840, 7839, 7328, 7488, 7487, 7842, 7328, 7487, 7714, 7328, 7842, 7383, 7843, 7087, 7843, 7836, 7083,
            7843, 7083, 7087, 7844, 7487, 7838, 7844, 7842, 7487, 7716, 7714, 7842, 7845, 7843, 7383, 7846, 7844, 7838, 7725, 7842, 7844, 7846, 7725, 7844,
            7725, 7716, 7842, 7847, 7843, 7845, 7840, 7836, 7843, 7840, 7843, 7847, 7845, 7383, 7718, 7848, 7845, 7720, 7845, 7848, 7847, 7720, 7845, 7718,
            7848, 7846, 7847, 7846, 7838, 7847, 7840, 7847, 7838, 7727, 7725, 7848, 7727, 7848, 7720, 7624, 7634, 7630, 7625, 7623, 7009, 7625, 7009, 7626,
            7627, 7628, 7581, 7650, 6952, 7575, 6034, 7671, 7667, 7785, 7799, 7794, 7798, 7793, 7794, 7809, 7735, 7396, 7817, 7823, 7818, 7812, 7800, 7786,
            7820, 7800, 7817, 7820, 7817, 7818, 6034, 7849, 7671, 6034, 7828, 7849, 7831, 7671, 7849, 7828, 7830, 7849, 7849, 7830, 7831, 7831, 7670, 7671,
            7672, 7670, 7674, 7831, 7833, 7670, 7833, 7674, 7670, 7837, 7834, 7833, 7833, 7841, 7837, 7837, 7841, 7839, 7838, 7837, 7839, 7846, 7848, 7725
        ]
        color3f[] primvars:displayColor = [(0.8, 0.8, 0.8)] (
            interpolation = "constant"
        )
    }
}
