#usda 1.0
(
    defaultPrim = "Object"
    metersPerUnit = 1
    upAxis = "Z"
)

def Xform "Object" (
    prepend apiSchemas = ["PhysicsRigidBodyAPI", "PhysicsMassAPI"]
)
{
    custom string crossEmbodiment:objectName = "YcbFoamBrick"
    float physics:mass = 0.028

    def Material "physicsMaterial" (
        prepend apiSchemas = ["PhysicsMaterialAPI", "PhysxMaterialAPI"]
    )
    {
        float physics:dynamicFriction = 0.5
        float physics:restitution = 0
        float physics:staticFriction = 0.5
        token physxMaterial:frictionCombineMode = "max"
        token physxMaterial:restitutionCombineMode = "average"
    }

    def Mesh "geometry" (
        prepend apiSchemas = ["PhysicsCollisionAPI", "PhysicsMeshCollisionAPI", "MaterialBindingAPI"]
    )
    {
        rel material:binding:physics = </Object/physicsMaterial>
        uniform token subdivisionScheme = "none"
        uniform token physics:approximation = "convexDecomposition"
        point3f[] points = [
            (-0.036616, -0.029773, -0.017084), (-0.037392, -0.030749, -0.01713), (-0.038066, -0.030306, -0.017104),
            (-0.039872, -0.011684, -0.016176), (-0.038601, -0.013518, -0.01642), (-0.040136, -0.013056, -0.016272),
            (-0.027669, -0.013447, -0.016599), (-0.027895, -0.014723, -0.016673), (-0.028843, -0.013643, -0.01657),
            (-0.036609, -0.031059, -0.017143), (-0.027402, -0.017492, -0.016762), (-0.025472, -0.017627, -0.016808),
            (-0.026293, -0.018669, -0.016826), (-0.028678, -0.012064, -0.016563), (-0.026616, -0.016267, -0.016743),
            (-0.035998, -0.03083, -0.017126), (-0.034997, -0.030007, -0.017144), (-0.03544, -0.031325, -0.017106),
            (-0.040252, -0.014477, -0.016382), (-0.039088, -0.01484, -0.016386), (-0.034136, -0.030789, -0.017183),
            (-0.034663, -0.031654, -0.017108), (-0.034033, -0.031431, -0.017189), (-0.031648, -0.012823, -0.016498),
            (-0.029934, -0.014089, -0.016588), (-0.031189, -0.014385, -0.016631), (-0.032945, -0.031442, -0.017229),
            (-0.033698, -0.032236, -0.017175), (-0.038496, -0.015543, -0.016442), (-0.037826, -0.014963, -0.01647),
            (-0.026917, -0.015432, -0.016703), (-0.025791, -0.015075, -0.016681), (-0.024798, -0.016521, -0.016759),
            (-0.030027, -0.012465, -0.016506), (-0.031157, -0.011526, -0.016464), (-0.037193, -0.01346, -0.016443),
            (-0.036979, -0.014573, -0.016499), (-0.033387, -0.029918, -0.017207), (-0.035204, -0.02876, -0.017097),
            (-0.026778, -0.014367, -0.016626), (-0.033228, -0.028667, -0.017188), (-0.02656, -0.012833, -0.016569),
            (-0.038772, -0.011739, -0.016315), (-0.032641, -0.03239, -0.017222), (-0.03187, -0.032156, -0.01731),
            (-0.031475, -0.031351, -0.017319), (-0.032142, -0.030082, -0.017247), (-0.025769, -0.013615, -0.016649),
            (-0.029935, -0.011034, -0.016463), (-0.037747, -0.010929, -0.016358), (-0.038944, -0.010563, -0.016247),
            (-0.037624, -0.012451, -0.016344), (-0.031655, -0.032833, -0.017305), (-0.028859, -0.010319, -0.016447),
            (-0.030466, -0.03219, -0.017361), (-0.027711, -0.010853, -0.016473), (-0.030959, -0.033079, -0.017348),
            (-0.024604, -0.015073, -0.016694), (-0.030155, -0.009575, -0.016409), (-0.036378, -0.010934, -0.016379),
            (-0.023464, -0.01445, -0.016695), (-0.023004, -0.015591, -0.016778), (-0.032003, -0.028216, -0.017243),
            (-0.02442, -0.013551, -0.016656), (-0.030788, -0.030167, -0.01732), (-0.03046, -0.028802, -0.017321),
            (-0.027338, -0.012063, -0.016563), (-0.029511, -0.031469, -0.017414), (-0.028777, -0.030576, -0.017399),
            (-0.036126, -0.01253, -0.016377), (-0.028526, -0.009319, -0.016457), (-0.029996, -0.008235, -0.01635),
            (-0.02913, -0.028936, -0.017354), (-0.030686, -0.027821, -0.017273), (-0.028328, -0.008221, -0.016391),
            (-0.023001, -0.017659, -0.016834), (-0.021841, -0.016596, -0.016808), (-0.025572, -0.011985, -0.016546),
            (-0.024204, -0.012424, -0.016589), (-0.027203, -0.009495, -0.016451), (-0.034498, -0.018945, -0.016698),
            (-0.03355, -0.020231, -0.016771), (-0.034872, -0.020019, -0.016762), (-0.028311, -0.028147, -0.017332),
            (-0.029653, -0.027172, -0.017236), (-0.027789, -0.029791, -0.017433), (-0.02695, -0.027578, -0.017284),
            (-0.027783, -0.026835, -0.017215), (-0.026763, -0.028753, -0.017389), (-0.034593, -0.021451, -0.016831),
            (-0.033252, -0.021602, -0.016869), (-0.029257, -0.033143, -0.017476), (-0.030218, -0.033616, -0.017298),
            (-0.028011, -0.033787, -0.017556), (-0.028163, -0.031804, -0.017463), (-0.027212, -0.032304, -0.017501),
            (-0.026453, -0.010748, -0.016506), (-0.02875, -0.033817, -0.017467), (-0.02253, -0.013416, -0.016687),
            (-0.027069, -0.033438, -0.017548), (-0.02678, -0.03445, -0.017562), (-0.032358, -0.020271, -0.016817),
            (-0.022389, -0.011548, -0.016608), (-0.023245, -0.010771, -0.01656), (-0.033484, -0.018197, -0.016656),
            (-0.025709, -0.032108, -0.017587), (-0.021515, -0.012963, -0.016677), (-0.031728, -0.018965, -0.016757),
            (-0.025346, -0.033099, -0.017635), (-0.03061, -0.033258, -0.017323), (-0.030825, -0.020845, -0.016878),
            (-0.027084, -0.007957, -0.016368), (-0.026113, -0.009201, -0.016446), (-0.02755, -0.031028, -0.017454),
            (-0.025442, -0.010662, -0.016507), (-0.039, -0.018091, -0.016558), (-0.040017, -0.017407, -0.016471),
            (-0.038587, -0.016787, -0.016534), (-0.037335, -0.01743, -0.01653), (-0.024293, -0.010773, -0.016563),
            (-0.025665, -0.034527, -0.017635), (-0.026054, -0.034372, -0.017591), (-0.025811, -0.007181, -0.016437),
            (-0.025891, -0.00824, -0.016403), (-0.024615, -0.034164, -0.01767), (-0.025051, -0.034843, -0.01768),
            (-0.037264, -0.01887, -0.016601), (-0.024575, -0.009338, -0.016463), (-0.024349, -0.035183, -0.017725),
            (-0.02534, -0.035607, -0.01738), (-0.023634, -0.034695, -0.017734), (-0.023912, -0.035539, -0.017711),
            (-0.023364, -0.035616, -0.017729), (-0.022891, -0.035595, -0.017794), (-0.037314, -0.016245, -0.016497),
            (-0.02622, -0.031213, -0.017519), (-0.036122, -0.016686, -0.016561), (-0.023168, -0.008587, -0.016483),
            (-0.024931, -0.008288, -0.0164), (-0.036047, -0.018439, -0.016634), (-0.037108, -0.020537, -0.0167),
            (-0.026328, -0.030197, -0.017492), (-0.024011, -0.007203, -0.016438), (-0.024755, -0.031046, -0.017559),
            (-0.021818, -0.014319, -0.016718), (-0.024971, -0.029517, -0.017487), (-0.021091, -0.015384, -0.0168),
            (-0.036419, -0.015466, -0.016539), (-0.037603, -0.006545, -0.016045), (-0.037568, -0.004856, -0.015796),
            (-0.036673, -0.006077, -0.016137), (-0.025586, -0.028221, -0.017338), (-0.036092, -0.004935, -0.016058),
            (-0.019631, -0.014196, -0.016779), (-0.036177, -0.004, -0.01604), (-0.034495, -0.017124, -0.016615),
            (-0.035007, -0.017959, -0.016633), (-0.037203, -0.007905, -0.016227), (-0.037529, -0.009244, -0.016198),
            (-0.038417, -0.007379, -0.015973), (-0.023763, -0.030622, -0.017554), (-0.036091, -0.008323, -0.016247),
            (-0.023024, -0.029356, -0.017498), (-0.03479, -0.015714, -0.016511), (-0.036331, -0.007142, -0.016212),
            (-0.019732, -0.012942, -0.016697), (-0.023969, -0.032024, -0.017611), (-0.033212, -0.016008, -0.016618),
            (-0.023261, -0.032997, -0.017717), (-0.036059, -0.009674, -0.016314), (-0.022701, -0.034113, -0.017751),
            (-0.021167, -0.011046, -0.016636), (-0.020632, -0.012441, -0.016675), (-0.022107, -0.035107, -0.017805),
            (-0.034809, -0.008452, -0.016295), (-0.035913, -0.020681, -0.016735), (-0.019559, -0.015599, -0.016801),
            (-0.02159, -0.032862, -0.017741), (-0.035114, -0.010387, -0.016346), (-0.034227, -0.009404, -0.016326),
            (-0.022487, -0.031807, -0.017695), (-0.022591, -0.030574, -0.017596), (-0.020831, -0.034659, -0.017878),
            (-0.018289, -0.013223, -0.016741), (-0.034568, -0.007339, -0.016194), (-0.018117, -0.014379, -0.016776),
            (-0.034836, -0.00644, -0.016196), (-0.021413, -0.031259, -0.017663), (-0.020449, -0.021223, -0.017049),
            (-0.02168, -0.022167, -0.017079), (-0.021601, -0.020713, -0.01701), (-0.035302, -0.005524, -0.016132),
            (-0.020132, -0.031601, -0.017702), (-0.020374, -0.033043, -0.017805), (-0.032152, -0.018011, -0.016715),
            (-0.032385, -0.016914, -0.01669), (-0.02532, -0.026279, -0.01726), (-0.020314, -0.023528, -0.017143),
            (-0.020386, -0.022342, -0.017128), (-0.019289, -0.022115, -0.01711), (-0.024791, -0.027641, -0.017314),
            (-0.033265, -0.008228, -0.016317), (-0.024006, -0.026334, -0.017291), (-0.018872, -0.020774, -0.017032),
            (-0.020027, -0.02004, -0.01697), (-0.023815, -0.028388, -0.017412), (-0.018112, -0.022078, -0.017087),
            (-0.035517, -0.01464, -0.016468), (-0.022264, -0.02854, -0.017438), (-0.03328, -0.00682, -0.016253),
            (-0.023502, -0.027162, -0.017345), (-0.017975, -0.02027, -0.01704), (-0.022162, -0.027479, -0.01736),
            (-0.034221, -0.014326, -0.01652), (-0.033165, -0.01454, -0.016558), (-0.022723, -0.020473, -0.016938),
            (-0.021421, -0.019282, -0.016953), (-0.022137, -0.026171, -0.017275), (-0.035927, -0.013727, -0.01643),
            (-0.036924, -0.003349, -0.015769), (-0.035921, -0.00257, -0.015984), (-0.020942, -0.030364, -0.017581),
            (-0.03488, -0.003896, -0.016084), (-0.034217, -0.00281, -0.016093), (-0.018987, -0.031379, -0.017713),
            (-0.020005, -0.018968, -0.016931), (-0.019957, -0.029612, -0.017559), (-0.018949, -0.030045, -0.017631),
            (-0.021111, -0.017985, -0.016885), (-0.03479, -0.013233, -0.016466), (-0.035407, -0.001399, -0.016011),
            (-0.018679, -0.019285, -0.016984), (-0.021595, -0.029489, -0.017514), (-0.019245, -0.01814, -0.016899),
            (-0.034694, -2.7e-05, -0.016002), (-0.034166, -0.001579, -0.015997), (-0.020306, -0.016828, -0.016838),
            (-0.034086, -0.005486, -0.016234), (-0.020591, -0.028336, -0.017459), (-0.033211, -0.004887, -0.016145),
            (-0.034843, -0.011958, -0.016433), (-0.033576, -0.012886, -0.01645), (-0.020875, -0.026425, -0.017317),
            (-0.019344, -0.027262, -0.017374), (-0.034056, -0.011545, -0.016402), (-0.033991, -0.010616, -0.016332),
            (-0.016985, -0.019255, -0.016971), (-0.019157, -0.028318, -0.017452), (-0.018502, -0.023732, -0.017176),
            (-0.018263, -0.029472, -0.01757), (-0.032512, -0.0061, -0.016195), (-0.017718, -0.028049, -0.017477),
            (-0.017441, -0.022589, -0.017166), (-0.017566, -0.024584, -0.017213), (-0.019817, -0.026197, -0.017278),
            (-0.031349, -0.005112, -0.016208), (-0.031598, -0.006559, -0.016226), (-0.032336, -0.013973, -0.016565),
            (-0.019854, -0.024518, -0.017242), (-0.031974, -0.004197, -0.016179), (-0.017933, -0.026953, -0.017419),
            (-0.031162, -0.003458, -0.016176), (-0.030253, -0.00464, -0.016204), (-0.017148, -0.025464, -0.017322),
            (-0.015563, -0.025527, -0.01734), (-0.01577, -0.023803, -0.017227), (-0.016358, -0.022897, -0.017199),
            (-0.018832, -0.02551, -0.017294), (-0.01595, -0.021892, -0.01711), (-0.016518, -0.026753, -0.017387),
            (-0.031497, -0.015654, -0.016603), (-0.01694, -0.020962, -0.01706), (-0.032628, -0.003442, -0.01615),
            (-0.030688, -0.017253, -0.016709), (-0.030442, -0.019267, -0.016788), (-0.032526, -0.002209, -0.016108),
            (-0.04541, -0.024805, -0.016417), (-0.045254, -0.023679, -0.01621), (-0.044098, -0.024436, -0.016637),
            (-0.015904, -0.020563, -0.017069), (-0.044117, -0.022723, -0.016631), (-0.042825, -0.02755, -0.016738),
            (-0.043951, -0.028904, -0.016476), (-0.044409, -0.028003, -0.016692), (-0.044303, -0.026824, -0.016639),
            (-0.04326, -0.029217, -0.016552), (-0.041878, -0.028325, -0.01686), (-0.042773, -0.029513, -0.016448),
            (-0.01441, -0.023119, -0.017209), (-0.042561, -0.026005, -0.016753), (-0.04093, -0.026638, -0.01682),
            (-0.041284, -0.025401, -0.016775), (-0.014686, -0.021357, -0.017124), (-0.03305, -0.009388, -0.016348),
            (-0.045328, -0.027598, -0.016659), (-0.0459, -0.025995, -0.016445), (-0.04374, -0.025995, -0.016665),
            (-0.031651, -0.00798, -0.016289), (-0.031406, -0.009776, -0.016362), (-0.029362, -0.016443, -0.016725),
            (-0.029071, -0.017872, -0.016779), (-0.018337, -0.016989, -0.016889), (-0.030209, -0.015572, -0.016649),
            (-0.029059, -0.015258, -0.016671), (-0.043046, -0.024441, -0.016665), (-0.017636, -0.018082, -0.016901),
            (-0.041297, -0.024274, -0.016774), (-0.018139, -0.015894, -0.016828), (-0.030075, -0.006666, -0.016329),
            (-0.041961, -0.029679, -0.016637), (-0.040818, -0.029057, -0.016967), (-0.040268, -0.028107, -0.016852),
            (-0.039154, -0.009721, -0.016108), (-0.040554, -0.029694, -0.016944), (-0.039668, -0.029777, -0.016973),
            (-0.038719, -0.029606, -0.01699), (-0.038946, -0.03045, -0.016941), (-0.016188, -0.018204, -0.016942),
            (-0.039033, -0.00874, -0.015868), (-0.03919, -0.027319, -0.016941), (-0.039464, -0.026211, -0.016911),
            (-0.038538, -0.028226, -0.016998), (-0.037643, -0.028626, -0.017008), (-0.01698, -0.015048, -0.016811),
            (-0.016789, -0.016643, -0.016865), (-0.015559, -0.016735, -0.016886), (-0.015027, -0.017781, -0.016976),
            (-0.029162, -0.005302, -0.016269), (-0.036585, -0.02863, -0.01705), (-0.036267, -0.027391, -0.017074),
            (-0.028809, -0.006749, -0.016319), (-0.015593, -0.015592, -0.016841), (-0.044164, -0.021051, -0.016138),
            (-0.043242, -0.021953, -0.016605), (-0.044883, -0.02231, -0.015586), (-0.04275, -0.020494, -0.016575),
            (-0.041795, -0.021058, -0.016609), (-0.034729, -0.027818, -0.017121), (-0.035413, -0.026391, -0.01708),
            (-0.027532, -0.006503, -0.016327), (-0.027898, -0.005451, -0.016312), (-0.014752, -0.018927, -0.016982),
            (-0.014745, -0.020409, -0.017078), (-0.034015, -0.027132, -0.017127), (-0.013606, -0.021936, -0.017176),
            (-0.041478, -0.019375, -0.016529), (-0.041173, -0.018188, -0.016483), (-0.040129, -0.019065, -0.01657),
            (-0.042581, -0.018654, -0.01618), (-0.03615, -0.000502, -0.015469), (-0.033977, -0.025416, -0.017036),
            (-0.041897, -0.017348, -0.016276), (-0.013095, -0.020332, -0.017084), (-0.013901, -0.01932, -0.017008),
            (-0.033372, -0.000406, -0.016036), (-0.040893, -0.016733, -0.016417), (-0.032895, -0.026659, -0.017154),
            (-0.033639, 0.000657, -0.015993), (-0.041339, -0.015671, -0.016237), (-0.032208, 0.000946, -0.016042),
            (-0.035156, -0.024442, -0.016985), (-0.042234, -0.023324, -0.016679), (-0.012036, -0.018561, -0.017052),
            (-0.013108, -0.01817, -0.017013), (-0.032728, -0.025431, -0.017096), (-0.033518, -0.024203, -0.017001),
            (-0.032309, -0.001246, -0.016099), (-0.03162, -0.000484, -0.01608), (-0.039181, -0.023799, -0.016848),
            (-0.039308, -0.025229, -0.016861), (-0.040971, -0.02216, -0.016689), (-0.031369, -0.026674, -0.017167),
            (-0.030886, -0.002136, -0.016104), (-0.040202, -0.023165, -0.016797), (-0.013524, -0.016894, -0.016914),
            (-0.031771, -0.025241, -0.017099), (-0.029883, -0.003028, -0.016167), (-0.039691, -0.021142, -0.016699),
            (-0.0388, -0.022641, -0.016777), (-0.031955, -0.023288, -0.016964), (-0.038313, -0.026587, -0.01697),
            (-0.030942, 0.000234, -0.016032), (-0.037775, -0.024779, -0.016919), (-0.030522, 0.001385, -0.016046),
            (-0.037359, -0.026796, -0.01696), (-0.030826, -0.024344, -0.017046), (-0.030134, -0.025521, -0.017132),
            (-0.022327, -0.010012, -0.016563), (-0.021739, -0.008839, -0.016531), (-0.03006, -0.000941, -0.016138),
            (-0.029102, -0.002398, -0.016169), (-0.034321, -0.022831, -0.016961), (-0.036532, -0.025303, -0.016993),
            (-0.032874, -0.022903, -0.01695), (-0.028557, -0.001485, -0.016139), (-0.028919, -6.9e-05, -0.0161),
            (-0.038613, -0.024551, -0.016852), (-0.029448, 0.001042, -0.016078), (-0.029494, 0.002384, -0.016058),
            (-0.037498, -0.023116, -0.016841), (-0.020611, -0.009396, -0.016543), (-0.036234, -0.023539, -0.0169),
            (-0.038288, -0.021669, -0.016759), (-0.022218, -0.007561, -0.016471), (-0.022612, -0.006537, -0.016391),
            (-0.028781, -0.026066, -0.017187), (-0.038507, -0.020802, -0.016694), (-0.027819, 0.000553, -0.016077),
            (-0.020844, -0.006886, -0.016462), (-0.028167, 0.001899, -0.016081), (-0.029416, -0.024404, -0.017066),
            (-0.027085, 0.001548, -0.016062), (-0.034337, 0.001418, -0.015942), (-0.036281, -0.022111, -0.016856),
            (-0.019945, -0.008043, -0.016522), (-0.019608, -0.009891, -0.016593), (-0.026398, -0.026043, -0.017213),
            (-0.035649, 0.001938, -0.014562), (-0.03411, 0.002773, -0.01592), (-0.030108, -0.022902, -0.016981),
            (-0.019857, -0.011416, -0.01666), (-0.033023, 0.001918, -0.015969), (-0.031708, -0.021867, -0.016902),
            (-0.033127, 0.003508, -0.01594), (-0.031826, 0.002517, -0.015981), (-0.01848, -0.010602, -0.016635),
            (-0.030323, -0.021749, -0.016911), (-0.034239, 0.003894, -0.015634), (-0.033389, 0.005137, -0.015794),
            (-0.032063, 0.004015, -0.015919), (-0.01807, -0.012168, -0.016688), (-0.040365, -0.020284, -0.016645),
            (-0.038913, -0.01936, -0.016616), (-0.016981, -0.010793, -0.016645), (-0.030575, 0.00404, -0.015959),
            (-0.030509, 0.00268, -0.01604), (-0.016523, -0.011709, -0.016687), (-0.029143, -0.02031, -0.016846),
            (-0.017635, -0.009664, -0.016575), (-0.031928, 0.005771, -0.015889), (-0.032642, 0.006311, -0.015829),
            (-0.028902, -0.021668, -0.016926), (-0.037742, -0.019772, -0.016665), (-0.028808, -0.023061, -0.017023),
            (-0.039873, -0.016073, -0.016487), (-0.031244, 0.005179, -0.015972), (-0.027777, -0.020932, -0.016894),
            (-0.018059, -0.008521, -0.016551), (-0.019012, -0.00749, -0.01648), (-0.030735, 0.006441, -0.015852),
            (-0.029979, 0.005601, -0.015952), (-0.027951, -0.025377, -0.017161), (-0.029126, 0.004833, -0.016001),
            (-0.02794, -0.024017, -0.017044), (-0.041427, -0.013886, -0.01516), (-0.032568, 0.008261, -0.015566),
            (-0.031905, 0.007086, -0.015845), (-0.019568, -0.006038, -0.016432), (-0.026849, -0.024747, -0.017101),
            (-0.018069, -0.006818, -0.016499), (-0.029353, 0.003608, -0.015943), (-0.01926, -0.004555, -0.016382),
            (-0.018151, -0.005525, -0.016474), (-0.02703, -0.023102, -0.017011), (-0.028119, 0.002992, -0.016032),
            (-0.026731, -0.022169, -0.016989), (-0.027859, 0.004085, -0.016003), (-0.016532, -0.008794, -0.016588),
            (-0.025301, -0.024714, -0.017175), (-0.016467, -0.007444, -0.016544), (-0.025586, -0.023406, -0.017127),
            (-0.026887, 0.003253, -0.016058), (-0.026277, 0.00186, -0.016077), (-0.024527, -0.023936, -0.017118),
            (-0.028733, -0.003901, -0.016225), (-0.02795, -0.004436, -0.016264), (-0.015594, -0.009781, -0.016643),
            (-0.015291, -0.008202, -0.016578), (-0.027915, -0.018944, -0.016843), (-0.029803, -0.018629, -0.016773),
            (-0.02675, -0.006084, -0.016354), (-0.01696, -0.006337, -0.016511), (-0.016712, -0.005166, -0.016442),
            (-0.015587, -0.005673, -0.016499), (-0.026132, -0.005015, -0.016275), (-0.027806, -0.002866, -0.01622),
            (-0.014798, -0.006701, -0.01655), (-0.026607, -0.003752, -0.016249), (-0.026777, -0.020206, -0.016906),
            (-0.014296, -0.00829, -0.016584), (-0.026551, -0.002529, -0.016201), (-0.013375, -0.006588, -0.016581),
            (-0.02553, -0.002975, -0.016245), (-0.015252, -0.014668, -0.016823), (-0.014062, -0.015751, -0.016883),
            (-0.025615, -0.022171, -0.016992), (-0.014363, -0.013811, -0.016779), (-0.01302, -0.015275, -0.016883),
            (-0.026786, -0.001342, -0.01618), (-0.024677, -0.022083, -0.016969), (-0.023568, -0.02379, -0.017114),
            (-0.02346, -0.021923, -0.017041), (-0.02528, -0.020722, -0.016947), (-0.025355, -0.006321, -0.01636),
            (-0.01194, -0.017227, -0.01696), (-0.011579, -0.015761, -0.016943), (-0.024059, -0.005716, -0.016349),
            (-0.024588, -0.00444, -0.016336), (-0.011064, -0.018349, -0.017041), (-0.010406, -0.017024, -0.016993),
            (-0.024074, -0.019044, -0.016866), (-0.011801, -0.014222, -0.016848), (-0.012891, -0.013834, -0.016818),
            (-0.023991, -0.020428, -0.016978), (-0.009992, -0.01595, -0.016966), (-0.023014, -0.004602, -0.016361),
            (-0.021461, -0.005408, -0.016429), (-0.01034, -0.014682, -0.016865), (-0.027616, -0.000856, -0.016168),
            (-0.028103, -0.016434, -0.016696), (-0.010385, -0.012703, -0.016869), (-0.009838, -0.013564, -0.016888),
            (-0.026215, 8.6e-05, -0.016142), (-0.025458, -0.001088, -0.016192), (-0.008713, -0.014689, -0.016955),
            (-0.008322, -0.01279, -0.016873), (-0.024467, -0.002046, -0.016222), (-0.01695, -0.013987, -0.016768),
            (-0.023498, -0.025338, -0.017192), (-0.025589, 0.000948, -0.016132), (-0.016135, -0.012727, -0.016735),
            (-0.015929, -0.013525, -0.016765), (-0.025176, 0.001879, -0.016092), (-0.021675, -0.024792, -0.017238),
            (-0.024317, 0.001031, -0.016144), (-0.024254, -0.000573, -0.016175), (-0.022309, -0.023089, -0.017105),
            (-0.014666, -0.011699, -0.016727), (-0.014092, -0.012793, -0.016772), (-0.023298, 0.00061, -0.016141),
            (-0.015374, -0.010894, -0.016665), (-0.023991, -0.003316, -0.016245), (-0.023038, -0.002359, -0.016257),
            (-0.022369, -0.003387, -0.016303), (-0.021575, -0.004306, -0.016373), (-0.014166, -0.010058, -0.016651),
            (-0.013279, -0.011556, -0.016735), (-0.023135, -0.000738, -0.016191), (-0.02193, -0.001658, -0.016287),
            (-0.012408, -0.012799, -0.016787), (-0.012129, -0.011527, -0.016719), (-0.020785, -0.002789, -0.016312),
            (-0.012529, -0.009976, -0.016696), (-0.013441, -0.008961, -0.016658), (-0.011235, -0.010645, -0.016753),
            (-0.012216, -0.008747, -0.016654), (-0.010844, -0.009513, -0.016706), (-0.032647, -0.011601, -0.016461),
            (-0.032254, -0.010405, -0.016404), (-0.012613, -0.007569, -0.016632), (-0.022706, -0.01891, -0.016914),
            (-0.010807, -0.011927, -0.016802), (-0.009022, -0.011872, -0.01682), (-0.009556, -0.010595, -0.016774),
            (-0.020323, -0.004292, -0.016357), (-0.01966, -0.002989, -0.01639), (-0.018376, -0.002434, -0.016345),
            (-0.018319, -0.004218, -0.016384), (-0.01703, -0.003973, -0.01642), (-0.043075, -0.017809, -0.008578),
            (-0.043043, -0.01795, -0.006752), (-0.042389, -0.01622, -0.006369), (-0.04305, -0.017749, -0.010933),
            (-0.042384, -0.016218, -0.009189), (-0.042526, -0.016472, -0.011597), (-0.037883, -0.031346, -0.016717),
            (-0.044681, -0.030422, 0.003073), (-0.046234, -0.029544, 0.002281), (-0.044754, -0.030321, 0.001666),
            (-0.041932, -0.014893, -0.00957), (-0.036357, -0.032078, -0.016338), (-0.042065, -0.015416, -0.007466),
            (-0.034809, -0.032677, -0.01628), (-0.046121, -0.026749, -0.000262), (-0.046545, -0.028292, 0.000416),
            (-0.046284, -0.027503, 0.001748), (-0.033535, -0.033213, -0.015962), (-0.041387, -0.013503, -0.009593),
            (-0.041722, -0.014393, -0.011492), (-0.032283, -0.033637, -0.015733), (-0.031253, -0.03379, -0.016562),
            (-0.045101, -0.030298, 0.004382), (-0.046458, -0.028542, 0.003679), (-0.046357, -0.029327, 0.005505),
            (-0.02948, -0.034551, -0.016156), (-0.031045, -0.034133, -0.014399), (-0.04121, -0.013304, -0.007649),
            (-0.045788, -0.026176, 0.00278), (-0.044795, -0.022096, -0.00913), (-0.044252, -0.020745, -0.008577),
            (-0.043862, -0.019866, -0.010123), (-0.045324, -0.030225, 0.005884), (-0.046212, -0.028002, 0.004626),
            (-0.043749, -0.019533, -0.008347), (-0.044279, -0.021023, -0.007292), (-0.043854, -0.01998, -0.006478),
            (-0.045972, -0.027612, 0.006519), (-0.045768, -0.026609, 0.005253), (-0.044224, -0.021078, -0.004282),
            (-0.04328, -0.018783, -0.005077), (-0.045629, -0.024846, -0.002996), (-0.046168, -0.026574, -0.003737),
            (-0.04629, -0.027115, -0.001989), (-0.045659, -0.025119, -0.001092), (-0.027907, -0.034829, -0.016984),
            (-0.044757, -0.022454, -0.00323), (-0.045329, -0.023731, -0.005038), (-0.041942, -0.015094, -0.014521),
            (-0.041597, -0.013973, -0.013072), (-0.040952, -0.012288, -0.013799), (-0.02667, -0.035498, -0.016191),
            (-0.028183, -0.035102, -0.014058), (-0.04082, -0.012584, -0.015242), (-0.045377, -0.024571, 0.000805),
            (-0.044987, -0.023181, -0.001732), (-0.040396, -0.010912, -0.014644), (-0.044906, -0.023104, -0.000106),
            (-0.026053, -0.035824, -0.01508), (-0.023851, -0.036533, -0.016001), (-0.040975, -0.012422, -0.012158),
            (-0.041027, -0.012475, -0.010752), (-0.023342, -0.036371, -0.017319), (-0.04039, -0.010779, -0.012935),
            (-0.024598, -0.03633, -0.014013), (-0.03955, -0.008524, -0.014657), (-0.039014, -0.007189, -0.013838),
            (-0.043804, -0.020194, -0.002925), (-0.0396, -0.008671, -0.013091), (-0.044191, -0.021433, -0.00114),
            (-0.043702, -0.020194, -0.001647), (-0.043748, -0.020284, -0.000288), (-0.044514, -0.022291, 0.001443),
            (-0.040613, -0.011481, -0.009441), (-0.045093, -0.02402, 0.002878), (-0.04042, -0.010876, -0.010776),
            (-0.045052, -0.024241, 0.00543), (-0.044466, -0.022543, 0.004473), (-0.046651, -0.027334, -0.015953),
            (-0.040589, -0.011475, -0.007719), (-0.044206, -0.021767, 0.002884), (-0.045952, -0.025427, -0.014975),
            (-0.039905, -0.009561, -0.008443), (-0.039747, -0.009194, -0.011), (-0.046403, -0.026662, -0.014131),
            (-0.045706, -0.024693, -0.013688), (-0.043741, -0.020584, 0.00172), (-0.03904, -0.007215, -0.012067),
            (-0.03851, -0.005842, -0.013241), (-0.042991, -0.018401, -0.000641), (-0.044884, -0.022293, -0.013773),
            (-0.043134, -0.018981, 0.00061), (-0.045703, -0.024697, -0.012176), (-0.045255, -0.023304, -0.011552),
            (-0.043593, -0.020502, 0.004254), (-0.045034, -0.028777, -0.015973), (-0.04425, -0.029478, -0.015388),
            (-0.042851, -0.030062, -0.015319), (-0.043167, -0.019125, 0.002143), (-0.046377, -0.028495, -0.015574),
            (-0.045686, -0.029066, -0.014481), (-0.03924, -0.007803, -0.010195), (-0.038823, -0.006738, -0.009092),
            (-0.046678, -0.028201, -0.014325), (-0.038501, -0.005805, -0.011514), (-0.044654, -0.029455, -0.013601),
            (-0.04626, -0.029256, 0.00735), (-0.041817, -0.03022, -0.016004), (-0.040955, -0.030818, -0.014606),
            (-0.045417, -0.025844, 0.00762), (-0.042281, -0.030346, -0.013973), (-0.041891, -0.015145, -0.005023),
            (-0.04185, -0.030592, -0.012668), (-0.040984, -0.012728, -0.00605), (-0.04589, -0.028385, 0.00922),
            (-0.041364, -0.013844, -0.004026), (-0.045494, -0.026901, 0.009949), (-0.040592, -0.01182, -0.003868),
            (-0.041188, -0.013533, -0.0026), (-0.041181, -0.029995, -0.016737), (-0.040472, -0.030623, -0.016446),
            (-0.044886, -0.024421, 0.009636), (-0.04299, -0.018084, -0.004161), (-0.039241, -0.031234, -0.0159),
            (-0.04519, -0.025961, 0.011459), (-0.044752, -0.024374, 0.011836), (-0.039632, -0.031296, -0.014354),
            (-0.04256, -0.016908, -0.005044), (-0.042187, -0.016017, -0.00373), (-0.046583, -0.028601, -0.013028),
            (-0.043076, -0.018478, -0.002233), (-0.02626, -0.035786, -0.012589), (-0.045414, -0.029332, -0.01199),
            (-0.046448, -0.028879, -0.011383), (-0.046617, -0.027287, -0.013231), (-0.025063, -0.036226, -0.011274),
            (-0.044625, -0.023284, 0.007121), (-0.042329, -0.01661, -0.002058), (-0.043793, -0.029941, -0.011348),
            (-0.046763, -0.027814, -0.011167), (-0.046618, -0.028843, -0.009621), (-0.045391, -0.029521, -0.010083),
            (-0.04618, -0.026052, -0.011966), (-0.043833, -0.021385, 0.007551), (-0.043522, -0.020502, 0.006166),
            (-0.043153, -0.019281, 0.003547), (-0.042612, -0.017984, 0.003227), (-0.042742, -0.018541, 0.00481),
            (-0.039588, -0.03139, -0.012415), (-0.040852, -0.030991, -0.011204), (-0.042075, -0.030597, -0.010544),
            (-0.042592, -0.017626, 0.001099), (-0.043297, -0.03025, -0.009376), (-0.042109, -0.016252, 0.000143),
            (-0.041547, -0.014675, -0.000207), (-0.042876, -0.019158, 0.0068), (-0.046712, -0.028757, -0.007337),
            (-0.045341, -0.029763, -0.006436), (-0.046592, -0.029055, -0.005898), (-0.045539, -0.029616, -0.008287),
            (-0.042327, -0.017699, 0.007163), (-0.041976, -0.016187, 0.002043), (-0.044239, -0.022533, 0.009037),
            (-0.044187, -0.022366, 0.010197), (-0.045822, -0.0297, -0.004244), (-0.04361, -0.030436, -0.003997),
            (-0.046742, -0.028656, -0.00479), (-0.043741, -0.030243, -0.006095), (-0.040537, -0.011981, -0.001682),
            (-0.040866, -0.012972, 0.000486), (-0.043292, -0.020455, 0.009529), (-0.046667, -0.028088, -0.00372),
            (-0.046672, -0.028664, -0.002015), (-0.045516, -0.029927, -0.002181), (-0.044514, -0.030212, -0.002731),
            (-0.044153, -0.022602, 0.01188), (-0.044916, -0.030147, -0.000706), (-0.043566, -0.021216, 0.011584),
            (-0.044737, -0.022023, -0.011285), (-0.040126, -0.011051, 0.000338), (-0.046754, -0.027951, -0.008726),
            (-0.046317, -0.026459, -0.009905), (-0.042828, -0.019234, 0.008479), (-0.040192, -0.010499, -0.006801),
            (-0.045772, -0.024795, -0.010509), (-0.040451, -0.01129, -0.005402), (-0.039793, -0.009383, -0.006325),
            (-0.046392, -0.026761, -0.007386), (-0.041882, -0.016918, 0.008572), (-0.042539, -0.018608, 0.009558),
            (-0.046291, -0.026629, -0.005607), (-0.045975, -0.025505, -0.008034), (-0.045298, -0.023464, -0.008107),
            (-0.04273, -0.01928, 0.012217), (-0.042276, -0.01821, 0.010757), (-0.039573, -0.009103, -0.004261),
            (-0.043668, -0.030254, -0.007676), (-0.041868, -0.017041, 0.010438), (-0.042322, -0.030776, -0.007506),
            (-0.040874, -0.031085, -0.009474), (-0.040892, -0.031158, -0.007951), (-0.043312, -0.03073, 7.5e-05),
            (-0.042304, -0.031052, -0.001837), (-0.042013, -0.031168, -0.000579), (-0.039161, -0.00765, -0.007158),
            (-0.042215, -0.030861, -0.00531), (-0.040236, -0.031618, -0.001333), (-0.040364, -0.03172, 0.000218),
            (-0.045347, -0.023566, -0.009956), (-0.041657, -0.031365, 0.002074), (-0.038425, -0.005621, -0.007146),
            (-0.039978, -0.031881, 0.001836), (-0.045531, -0.024181, -0.007081), (-0.043247, -0.030824, 0.001812),
            (-0.039105, -0.007724, -0.005663), (-0.042837, -0.031046, 0.003648), (-0.038274, -0.005451, -0.005111),
            (-0.038646, -0.032228, -0.000423), (-0.038885, -0.032231, 0.001031), (-0.040019, -0.010394, -0.002582),
            (-0.038261, -0.032438, 0.002095), (-0.039406, -0.008792, -0.002059), (-0.040875, -0.031633, 0.003795),
            (-0.038923, -0.032289, 0.003919), (-0.04484, -0.022322, -0.006524), (-0.039231, -0.008403, -0.000908),
            (-0.03902, -0.007685, -0.003839), (-0.037545, -0.032786, 0.003332), (-0.037592, -0.03278, 0.004806),
            (-0.038521, -0.006251, -0.004124), (-0.038511, -0.006007, -0.014805), (-0.03799, -0.004539, -0.014459),
            (-0.042178, -0.031304, 0.00516), (-0.037948, -0.031804, -0.015064), (-0.038721, -0.007088, -0.001455),
            (-0.038307, -0.005744, -0.002534), (-0.036152, -0.032454, -0.015022), (-0.043675, -0.03089, 0.006252),
            (-0.036298, -0.032383, -0.013659), (-0.044549, -0.030636, 0.0075), (-0.037741, -0.004186, -0.003755),
            (-0.037793, -0.031907, -0.013146), (-0.042394, -0.03131, 0.007942), (-0.034473, -0.032988, -0.014067),
            (-0.037046, -0.002028, -0.014599), (-0.040195, -0.031961, 0.005206), (-0.03301, -0.03347, -0.013971),
            (-0.038829, -0.03232, 0.005808), (-0.04209, -0.016968, 0.005097), (-0.041788, -0.015932, 0.004032),
            (-0.035625, -0.032697, -0.011564), (-0.033356, -0.033396, -0.011552), (-0.031735, -0.033914, -0.012403),
            (-0.040951, -0.031793, 0.006622), (-0.041141, -0.014138, 0.002415), (-0.038742, -0.031719, -0.010707),
            (-0.037264, -0.032169, -0.011196), (-0.040526, -0.031916, 0.007754), (-0.038763, -0.032499, 0.007012),
            (-0.037968, -0.004353, -0.012295), (-0.039505, -0.032287, 0.008316), (-0.038164, -0.032003, -0.009332),
            (-0.04167, -0.016118, 0.00651), (-0.039429, -0.031569, -0.009585), (-0.041128, -0.014408, 0.00493),
            (-0.037404, -0.002881, -0.01315), (-0.036293, -0.033097, 0.002423), (-0.035949, -0.033325, 0.003878),
            (-0.038602, -0.031931, -0.0078), (-0.036821, -0.032445, -0.009221), (-0.03728, -0.032913, 0.006067),
            (-0.03602, -0.033394, 0.006181), (-0.038252, -0.005128, -0.009789), (-0.035048, -0.032986, -0.00943),
            (-0.035735, -0.032835, -0.007491), (-0.03489, -0.033744, 0.005904), (-0.040125, -0.011336, 0.002401),
            (-0.037246, -0.002443, -0.010431), (-0.037239, -0.033021, 0.007888), (-0.032751, -0.033753, -0.00901),
            (-0.033794, -0.033436, -0.008762), (-0.040149, -0.011705, 0.004421), (-0.04052, -0.012945, 0.005746),
            (-0.035697, -0.033529, 0.007424), (-0.034204, -0.034015, 0.007769), (-0.036148, -0.033435, 0.008753),
            (-0.036511, -0.000331, -0.0131), (-0.035918, 0.000731, -0.01497), (-0.034878, -0.033855, 0.009015),
            (-0.030072, -0.034467, -0.012255), (-0.033685, -0.034098, 0.006714), (-0.041024, -0.014525, 0.007343),
            (-0.028354, -0.035056, -0.011507), (-0.036773, -0.001195, -0.011379), (-0.033093, -0.034461, 0.009625),
            (-0.035975, 0.001125, -0.01303), (-0.035864, 0.0013, -0.011886), (-0.03133, -0.034155, -0.010265),
            (-0.037079, -0.032779, 0.000796), (-0.037153, -0.0327, -0.000559), (-0.029327, -0.034829, -0.009935),
            (-0.041203, -0.015228, 0.009884), (-0.026777, -0.035693, -0.010123), (-0.035651, -0.033267, 0.000789),
            (-0.034151, -0.033643, -0.001076), (-0.034361, -0.033678, 0.001978), (-0.040611, -0.01372, 0.008725),
            (-0.033163, -0.034014, -6.9e-05), (-0.033248, -0.034035, 0.002306), (-0.03109, -0.03429, -0.008521),
            (-0.032571, -0.033887, -0.007124), (-0.034052, -0.03342, -0.006957), (-0.034004, -0.033917, 0.004547),
            (-0.040228, -0.012356, 0.007197), (-0.029933, -0.03474, -0.007392), (-0.039655, -0.010744, 0.00728),
            (-0.039269, -0.009484, 0.005426), (-0.027823, -0.035373, -0.008294), (-0.031393, -0.034571, 0.001546),
            (-0.025867, -0.036034, -0.008022), (-0.032382, -0.034373, 0.003238), (-0.029275, -0.03526, 0.001418),
            (-0.029048, -0.035397, 0.00269), (-0.027839, -0.035453, -0.006742), (-0.028475, -0.035278, -0.005093),
            (-0.031392, -0.034691, 0.003861), (-0.029967, -0.035154, 0.003977), (-0.039477, -0.00944, 0.00131),
            (-0.038561, -0.0069, 0.00017), (-0.026934, -0.035801, -0.004802), (-0.025569, -0.036241, -0.005698),
            (-0.038045, -0.005182, -0.000938), (-0.041509, -0.031179, -0.00342), (-0.032747, -0.034368, 0.005622),
            (-0.037351, -0.003423, -0.001879), (-0.031187, -0.034853, 0.006016), (-0.029819, -0.03532, 0.006064),
            (-0.035001, 0.003225, -0.014854), (-0.040042, -0.031538, -0.006713), (-0.038063, -0.005718, 0.001358),
            (-0.037382, -0.003634, 0.000423), (-0.03824, -0.032116, -0.006133), (-0.037365, -0.003875, 0.002228),
            (-0.035085, 0.003485, -0.013273), (-0.040311, -0.031499, -0.004867), (-0.032329, -0.034553, 0.007776),
            (-0.038538, -0.032131, -0.003526), (-0.034414, 0.005239, -0.014468), (-0.031263, -0.034943, 0.00769),
            (-0.031596, -0.034905, 0.009597), (-0.034783, -0.033274, -0.005542), (-0.036071, -0.03289, -0.005307),
            (-0.037496, -0.03245, -0.004784), (-0.045814, -0.029889, 0.008922), (-0.044129, -0.030769, 0.009031),
            (-0.039471, -0.00973, 0.003508), (-0.038916, -0.008083, 0.00235), (-0.036738, -0.032739, -0.003345),
            (-0.035408, -0.03318, -0.002864), (-0.045948, -0.02931, 0.010746), (-0.04523, -0.030381, 0.010324),
            (-0.033853, 0.006855, -0.013009), (-0.033755, 0.006912, -0.014751), (-0.039795, -0.03172, -0.003039),
            (-0.043298, -0.031131, 0.011522), (-0.042737, -0.031265, 0.010303), (-0.045008, -0.030632, 0.011668),
            (-0.038577, -0.007329, 0.003329), (-0.041003, -0.03188, 0.011316), (-0.038876, -0.032066, -0.001817),
            (-0.036386, -0.03294, -0.001378), (-0.038551, -0.007737, 0.005701), (-0.03816, -0.006434, 0.004919),
            (-0.038973, -0.008948, 0.007352), (-0.041312, -0.031678, 0.009266), (-0.039263, -0.00992, 0.008573),
            (-0.03312, -0.033794, -0.005128), (-0.033743, -0.033652, -0.003498), (-0.03801, -0.005777, 0.003032),
            (-0.03208, -0.034242, -0.002488), (-0.039519, -0.032358, 0.0101), (-0.031377, -0.034357, -0.004966),
            (-0.030103, -0.03481, -0.00362), (-0.037685, -0.004953, 0.004037), (-0.037117, -0.003483, 0.00366),
            (-0.030022, -0.034779, -0.005485), (-0.037611, -0.005148, 0.006043), (-0.037911, -0.005959, 0.007242),
            (-0.045921, -0.029847, 0.012711), (-0.04577, -0.027992, 0.012363), (-0.037104, -0.003663, 0.00582),
            (-0.036655, -0.00213, 0.004356), (-0.03652, -0.002118, 0.006012), (-0.044214, -0.030899, 0.013094),
            (-0.029063, -0.035137, -0.003049), (-0.037772, -0.003944, -0.00897), (-0.027406, -0.035717, -0.002697),
            (-0.037169, -0.002226, -0.008654), (-0.04571, -0.027977, 0.014464), (-0.045709, -0.030071, 0.014102),
            (-0.036942, -0.001772, -0.006798), (-0.036626, -0.000763, -0.008312), (-0.04379, -0.031079, 0.014256),
            (-0.031531, -0.034498, -0.000404), (-0.045478, -0.030303, 0.015478), (-0.037581, -0.003442, -0.007229),
            (-0.041518, -0.031762, 0.012561), (-0.037792, -0.004099, -0.005412), (-0.041532, -0.031796, 0.01415),
            (-0.030374, -0.034809, -0.001503), (-0.039341, -0.032494, 0.012971), (-0.02913, -0.035256, 0.000145),
            (-0.028748, -0.035308, -0.001307), (-0.043758, -0.031111, 0.015511), (-0.036128, 0.000487, -0.010385),
            (-0.042149, -0.031623, 0.015947), (-0.035554, 0.002101, -0.01055), (-0.046445, -0.029337, -0.001005),
            (-0.046113, -0.029697, 0.000387), (-0.035897, 0.001087, -0.008322), (-0.045369, -0.026605, 0.013332),
            (-0.037129, -0.002385, -0.005801), (-0.03789, -0.032879, 0.009233), (-0.038396, -0.032773, 0.011121),
            (-0.037081, -0.002554, -0.003646), (-0.035814, -0.033608, 0.010689), (-0.036734, -0.001475, -0.003899),
            (-0.036251, -0.000111, -0.006254), (-0.037036, -0.033205, 0.011939), (-0.035655, 0.001674, -0.006871),
            (-0.035725, -0.033655, 0.012387), (-0.036107, 0.000202, -0.004056), (-0.03538, 0.002172, -0.005052),
            (-0.035204, 0.002945, -0.007086), (-0.033967, -0.034213, 0.010881), (-0.032165, -0.034748, 0.011455),
            (-0.034651, 0.004721, -0.011983), (-0.034657, -0.033973, 0.012021), (-0.034954, 0.003801, -0.01006),
            (-0.033703, -0.034293, 0.013176), (-0.035291, 0.002749, -0.008958), (-0.034259, 0.005675, -0.009762),
            (-0.032346, -0.034752, 0.014187), (-0.034659, 0.004607, -0.008314), (-0.039255, -0.032604, 0.015251),
            (-0.033854, 0.006899, -0.011451), (-0.040603, -0.032116, 0.01648), (-0.033636, 0.007361, -0.009066),
            (-0.033185, 0.00877, -0.011891), (-0.033186, 0.00873, -0.01025), (-0.037859, -0.032989, 0.013654),
            (-0.034646, 0.004374, -0.005969), (-0.03409, 0.005925, -0.006847), (-0.034872, 0.003547, -0.004816),
            (-0.036366, -0.033499, 0.014593), (-0.037065, -0.033283, 0.016289), (-0.038656, -0.032791, 0.016955),
            (-0.035073, -0.033876, 0.014203), (-0.033367, -0.034431, 0.015886), (-0.03303, 0.008961, -0.008125),
            (-0.033634, 0.007268, -0.006137), (-0.035536, -0.033778, 0.016692), (-0.036662, -0.001666, 7.2e-05),
            (-0.036511, -0.001123, -0.001674), (-0.033569, -0.03446, 0.017482), (-0.036537, -0.001682, 0.001568),
            (-0.033309, 0.008344, -0.014374), (-0.035831, 0.000502, 5.3e-05), (-0.035933, 0.000365, -0.001859),
            (-0.0354, 0.001958, -0.002351), (-0.035111, 0.002902, -0.003652), (-0.034806, 0.00359, -0.001864),
            (-0.035434, 0.001541, -0.000614), (-0.03479, 0.003346, -0.000647), (-0.036663, -0.002119, 0.002977),
            (-0.04359, -0.019558, -0.015534), (-0.044039, -0.020283, -0.013916), (-0.035989, -6.7e-05, 0.001277),
            (-0.036021, -0.000426, 0.003118), (-0.044203, -0.020631, -0.012304), (-0.035914, -0.000322, 0.004826),
            (-0.035499, 0.000972, 0.003064), (-0.035348, 0.001648, 0.001304), (-0.043135, -0.017983, -0.013497),
            (-0.034586, 0.003718, 0.001043), (-0.035084, 0.002106, 0.003769), (-0.034851, 0.002908, 0.002195),
            (-0.03431, 0.004357, 0.003244), (-0.042663, -0.0172, -0.015128), (-0.034655, 0.003169, 0.00343),
            (-0.034159, 0.00551, -0.004807), (-0.034512, 0.004382, -0.00327), (-0.034212, 0.005144, -0.002219),
            (-0.033696, 0.006613, -0.003875), (-0.033619, 0.006703, -0.001795), (-0.03315, 0.008366, -0.004812),
            (-0.0327, 0.009681, -0.006041), (-0.032994, 0.008559, -0.003197), (-0.032299, 0.010664, -0.004559),
            (-0.032407, 0.01006, -0.002433), (-0.034018, 0.005444, -3e-05), (-0.034154, 0.004859, 0.001595),
            (-0.033463, 0.006982, 6.6e-05), (-0.033635, 0.006297, 0.001554), (-0.032955, 0.007983, 0.001697),
            (-0.032873, 0.008531, 0.000553), (-0.033408, 0.006763, 0.002725), (-0.032905, 0.008616, -0.001191),
            (-0.032374, 0.010045, -0.00084), (-0.032085, 0.010664, 0.000566), (-0.031781, 0.011687, -0.001198),
            (-0.043549, -0.019121, -0.011737), (-0.042444, -0.016151, -0.013483), (-0.022225, -0.03588, -0.017832),
            (-0.021802, -0.036251, -0.017829), (-0.00922, -0.032707, -0.017954), (-0.009358, -0.034232, -0.018066),
            (-0.010706, -0.033323, -0.017994), (-0.007845, -0.029769, -0.017755), (-0.008694, -0.031191, -0.017881),
            (-0.00941, -0.029595, -0.017729), (-0.00022, -0.031603, -0.018072), (-0.00069, -0.030369, -0.017979),
            (0.000655, -0.030913, -0.018085), (-0.021067, -0.036346, -0.017876), (-0.019529, -0.035457, -0.017916),
            (-0.007721, -0.03176, -0.017911), (-0.020186, -0.036582, -0.017964), (-0.020696, -0.037299, -0.017536),
            (-0.008731, -0.028727, -0.017656), (-0.000518, -0.033109, -0.018146), (0.00112, -0.032306, -0.018183),
            (0.000721, -0.034014, -0.018268), (-0.019273, -0.037151, -0.017991), (-0.018551, -0.036416, -0.018021),
            (-0.006513, -0.031405, -0.017921), (0.002382, -0.03338, -0.018353), (-0.007578, -0.034015, -0.018092),
            (-0.00832, -0.034972, -0.018114), (-0.006812, -0.030185, -0.017794), (-0.019382, -0.034028, -0.017879),
            (-0.007296, -0.033167, -0.018009), (0.0024, -0.031992, -0.018227), (-0.017895, -0.034542, -0.017931),
            (-0.006116, -0.029451, -0.017756), (-0.007271, -0.02832, -0.017719), (-0.008127, -0.027787, -0.017634),
            (-0.018561, -0.037832, -0.017881), (-0.000142, -0.029256, -0.017937), (-0.017815, -0.037606, -0.018016),
            (-0.016994, -0.037011, -0.018055), (-0.017203, -0.038229, -0.01804), (-0.016198, -0.038014, -0.018145),
            (0.002055, -0.03068, -0.018117), (-0.016088, -0.038906, -0.017956), (-0.017202, -0.035793, -0.018027),
            (0.001376, -0.029647, -0.018062), (-0.008151, -0.036113, -0.018209), (-0.006923, -0.036826, -0.018301),
            (-0.007873, -0.037525, -0.018347), (0.000662, -0.028563, -0.017947), (-0.015812, -0.035555, -0.018045),
            (-0.015528, -0.037296, -0.018162), (-0.005742, -0.028397, -0.017732), (-0.006273, -0.038313, -0.018402),
            (-0.005043, -0.030324, -0.017871), (-0.005178, -0.031684, -0.017973), (-0.015207, -0.038617, -0.018186),
            (-0.004915, -0.038007, -0.018419), (-0.005308, -0.036457, -0.018315), (0.003211, -0.031012, -0.018254),
            (-0.006405, -0.036055, -0.018281), (-0.014715, -0.036305, -0.018093), (0.003983, -0.031717, -0.018455),
            (-0.004329, -0.029134, -0.017838), (0.003627, -0.035482, -0.018172), (0.001798, -0.035267, -0.018424),
            (0.002695, -0.034213, -0.018457), (-0.003249, -0.029521, -0.017867), (-0.003302, -0.031126, -0.017949),
            (-0.005616, -0.034734, -0.018169), (-0.003501, -0.03534, -0.018251), (-0.006684, -0.026523, -0.017616),
            (-0.007572, -0.02619, -0.017563), (-0.003816, -0.03661, -0.018323), (0.003881, -0.033691, -0.018491),
            (-0.01902, -0.032888, -0.017823), (-0.005986, -0.027532, -0.017671), (-0.014475, -0.038368, -0.018191),
            (-0.013976, -0.038762, -0.018225), (-0.006921, -0.034902, -0.018207), (-0.005675, -0.026446, -0.017596),
            (-0.013622, -0.037913, -0.018219), (-0.013357, -0.038917, -0.018253), (-0.01241, -0.039133, -0.018303),
            (-0.012788, -0.040261, -0.017965), (0.003225, -0.029572, -0.018151), (-0.01161, -0.040113, -0.01829),
            (-0.011243, -0.038604, -0.018343), (0.002872, -0.02847, -0.018059), (-0.003362, -0.027896, -0.017756),
            (-0.004393, -0.027341, -0.017735), (-0.017681, -0.033491, -0.017926), (-0.016524, -0.034051, -0.017964),
            (0.004319, -0.03008, -0.018358), (-0.005978, -0.032935, -0.018), (-0.015184, -0.03418, -0.017995),
            (-0.015917, -0.032926, -0.017844), (-0.004677, -0.026316, -0.01762), (0.004928, -0.028454, -0.018285),
            (-0.014506, -0.034844, -0.018074), (-0.013653, -0.035263, -0.018098), (-0.004399, -0.034351, -0.018171),
            (-0.00483, -0.033324, -0.01809), (-0.003324, -0.02642, -0.017649), (-0.009787, -0.031034, -0.017794),
            (-0.010763, -0.031645, -0.017885), (0.005637, -0.029634, -0.018348), (-0.013957, -0.033236, -0.017925),
            (-0.013369, -0.034271, -0.018028), (-0.012063, -0.034785, -0.018063), (-0.003342, -0.025143, -0.017656),
            (-0.00215, -0.026459, -0.017687), (-0.007229, -0.041246, -0.018514), (-0.006526, -0.041003, -0.018531),
            (-0.006431, -0.042388, -0.018157), (-0.007181, -0.04033, -0.018492), (-0.005868, -0.041234, -0.018571),
            (-0.007034, -0.02469, -0.017424), (-0.012108, -0.033414, -0.017959), (-0.013005, -0.032388, -0.017872),
            (0.002025, -0.027454, -0.017946), (-0.005489, -0.024475, -0.017508), (-0.011616, -0.032237, -0.01791),
            (-0.004401, -0.041068, -0.018549), (-0.005048, -0.041839, -0.01856), (-0.004308, -0.039911, -0.018542),
            (-0.017756, -0.032274, -0.017793), (-0.00422, -0.042791, -0.018372), (-0.004184, -0.042117, -0.018546),
            (-0.004348, -0.025412, -0.017581), (-0.002988, -0.041602, -0.018593), (-0.003083, -0.042436, -0.018656),
            (0.001629, -0.026206, -0.017887), (0.002825, -0.026259, -0.017948), (-0.004499, -0.023737, -0.017458),
            (0.003996, -0.02747, -0.018019), (-0.00314, -0.040494, -0.018544), (0.004225, -0.026262, -0.017976),
            (-0.002255, -0.030119, -0.017917), (-0.002154, -0.042573, -0.018581), (-0.017403, -0.030522, -0.017656),
            (-0.001168, -0.042118, -0.018628), (-0.001199, -0.0288, -0.017887), (-0.002167, -0.028175, -0.017825),
            (-0.016289, -0.031401, -0.017752), (0.003159, -0.024981, -0.017879), (-0.015401, -0.029192, -0.017592),
            (0.004943, -0.024506, -0.017924), (0.00412, -0.024265, -0.017896), (-0.00215, -0.040444, -0.018535),
            (-0.001099, -0.027008, -0.017808), (0.005784, -0.02557, -0.01811), (-0.001015, -0.040567, -0.018556),
            (-0.014882, -0.031971, -0.017813), (0.006382, -0.026896, -0.01842), (-0.001632, -0.039357, -0.018505),
            (-0.013716, -0.031473, -0.017794), (5e-06, -0.041617, -0.018664), (-0.016862, -0.028966, -0.017572),
            (-0.014798, -0.030021, -0.017656), (3e-06, -0.043152, -0.018684), (0.004636, -0.023244, -0.017875),
            (-0.013657, -0.028306, -0.017559), (-0.013047, -0.029394, -0.017655), (0.006122, -0.023677, -0.018013),
            (-0.000604, -0.039397, -0.018521), (0.000993, -0.040312, -0.018724), (0.006371, -0.02235, -0.017892),
            (-0.016086, -0.028128, -0.017512), (-0.007011, -0.021661, -0.017304), (-0.006511, -0.023257, -0.017433),
            (-0.007932, -0.022324, -0.017334), (0.000355, -0.038792, -0.018537), (-0.005715, -0.021473, -0.017314),
            (-0.004702, -0.022032, -0.01738), (0.007236, -0.024925, -0.018323), (-0.015471, -0.027005, -0.017426),
            (-0.0146, -0.027306, -0.017481), (0.002059, -0.039144, -0.018552), (-0.00621, -0.039608, -0.018468),
            (-0.007506, -0.039191, -0.018482), (-0.004811, -0.039171, -0.018465), (-0.013206, -0.040614, -0.00642),
            (-0.012409, -0.040827, -0.007945), (-0.011593, -0.041144, -0.005831), (-0.001589, -0.025334, -0.017658),
            (-0.013316, -0.026807, -0.01747), (-0.014682, -0.024759, -0.017332), (-0.013508, -0.030571, -0.017741),
            (-0.003343, -0.02334, -0.017504), (-0.012815, -0.023485, -0.017281), (-0.013547, -0.024329, -0.017319),
            (-0.01227, -0.030569, -0.017756), (-0.003502, -0.037733, -0.018409), (-0.002716, -0.038547, -0.018467),
            (-0.012555, -0.021878, -0.017183), (-0.002353, -0.024218, -0.017625), (-0.002192, -0.036844, -0.018359),
            (-0.01186, -0.028047, -0.017542), (-0.011723, -0.02338, -0.017283), (-0.011039, -0.030232, -0.017721),
            (-0.011363, -0.029175, -0.017639), (-0.001254, -0.023912, -0.017607), (-0.003043, -0.021758, -0.017449),
            (-0.011431, -0.021931, -0.017226), (-0.010559, -0.023333, -0.017285), (-0.011596, -0.020163, -0.017106),
            (-0.001835, -0.022606, -0.017513), (-0.010732, -0.021112, -0.017188), (-0.003583, -0.020249, -0.01732),
            (-0.013268, -0.036933, -0.018192), (-0.012228, -0.037972, -0.018282), (-0.001129, -0.021543, -0.017484),
            (-0.001218, -0.037909, -0.018459), (-0.011062, -0.039422, -0.018358), (-0.011251, -0.036838, -0.018204),
            (-0.010319, -0.019666, -0.017129), (-0.010012, -0.03729, -0.01826), (-0.010464, -0.039082, -0.018382),
            (-0.009821, -0.021539, -0.01723), (-0.00041, -0.02306, -0.017603), (-0.009504, -0.022522, -0.017309),
            (-0.009545, -0.035763, -0.018224), (-0.000133, -0.037771, -0.018474), (-0.01417, -0.025772, -0.017363),
            (-0.012024, -0.036016, -0.01817), (-0.008779, -0.021754, -0.017265), (-0.010938, -0.035662, -0.018158),
            (-8.2e-05, -0.026263, -0.017785), (-0.010445, -0.034579, -0.01806), (0.000597, -0.027251, -0.017865),
            (-0.012412, -0.027138, -0.017509), (-0.010272, -0.039707, -0.018403), (-0.009667, -0.01816, -0.017067),
            (-0.009379, -0.039448, -0.018405), (-0.008838, -0.040169, -0.018455), (-0.009757, -0.040297, -0.018471),
            (-0.008421, -0.020802, -0.017229), (-0.012635, -0.025417, -0.017364), (-0.008817, -0.038396, -0.01835),
            (-0.008586, -0.041292, -0.018339), (-0.008194, -0.040729, -0.018454), (-0.009134, -0.019475, -0.017157),
            (-0.000282, -0.024626, -0.017705), (0.000999, -0.025269, -0.01777), (0.001042, -0.024307, -0.017687),
            (-0.008045, -0.019486, -0.017179), (-0.00836, -0.017687, -0.017083), (-0.011517, -0.024658, -0.01738),
            (-0.011503, -0.02628, -0.017473), (-0.00681, -0.018429, -0.017147), (0.00202, -0.024949, -0.017808),
            (-0.00675, -0.017398, -0.017131), (-0.007438, -0.016632, -0.017063), (-0.010658, -0.027273, -0.017546),
            (-0.01013, -0.028455, -0.017706), (0.000643, -0.02341, -0.01766), (-0.008919, -0.016663, -0.017035),
            (-0.002004, -0.02043, -0.017405), (-0.009119, -0.027585, -0.017555), (0.000411, -0.022343, -0.017604),
            (-0.008499, -0.026263, -0.01754), (-0.000305, -0.020669, -0.017428), (0.001133, -0.021438, -0.017567),
            (-0.007139, -0.020405, -0.017279), (-0.000623, -0.019574, -0.017413), (0.001012, -0.020084, -0.017528),
            (-0.005386, -0.020278, -0.017306), (-0.010223, -0.025256, -0.017435), (-0.00624, -0.019493, -0.017219),
            (-0.009816, -0.026583, -0.017505), (0.00291, -0.02339, -0.017805), (-0.00481, -0.018817, -0.017238),
            (-0.009085, -0.025402, -0.017521), (0.001989, -0.022965, -0.017715), (0.002426, -0.021594, -0.017627),
            (-0.007432, -0.015462, -0.016973), (-0.009145, -0.023938, -0.017396), (-0.0079, -0.025011, -0.017464),
            (0.002373, -0.019994, -0.017567), (0.004004, -0.022107, -0.017768), (-0.005723, -0.016143, -0.017094),
            (0.003214, -0.021236, -0.017667), (0.005326, -0.021967, -0.017817), (-0.007362, -0.014093, -0.016985),
            (-0.008018, -0.023376, -0.017364), (-0.006842, -0.013195, -0.016935), (-0.005644, -0.014579, -0.017042),
            (-0.0068, -0.011919, -0.016885), (-0.00173, -0.035153, -0.018267), (-0.002907, -0.034057, -0.018162),
            (-0.000829, -0.036159, -0.01835), (0.000173, -0.036185, -0.018378), (-0.004051, -0.014456, -0.017051),
            (-0.004251, -0.015499, -0.017106), (-0.005593, -0.012989, -0.016963), (-0.005327, -0.017553, -0.017168),
            (-0.000998, -0.034229, -0.018211), (8.7e-05, -0.034945, -0.018322), (-0.00387, -0.017887, -0.017234),
            (-0.003981, -0.016776, -0.017147), (-0.00386, -0.03232, -0.018008), (-0.003118, -0.018827, -0.017292),
            (-0.002286, -0.033176, -0.018129), (-0.002296, -0.032213, -0.018074), (-0.001319, -0.031665, -0.018065),
            (-0.002326, -0.017258, -0.01721), (-0.001801, -0.018759, -0.017359), (0.00176, -0.03798, -0.018569),
            (0.000882, -0.037262, -0.018486), (-0.003007, -0.015284, -0.017175), (-0.00179, -0.015858, -0.017224),
            (0.002438, -0.036405, -0.018596), (0.00293, -0.0373, -0.018081), (-0.000555, -0.018435, -0.017375),
            (-0.000636, -0.016919, -0.0173), (0.000505, -0.018819, -0.017409), (0.007363, -0.024871, -0.013032),
            (0.006956, -0.026367, -0.011775), (0.007048, -0.025373, -0.01438), (-0.005457, -0.044082, 0.020369),
            (-0.003712, -0.044636, 0.018785), (-0.002908, -0.044973, 0.020316), (0.007212, -0.024611, -0.015714),
            (0.007778, -0.023497, -0.014812), (-0.004244, -0.044605, 0.02183), (-0.022232, -0.037197, -0.016402),
            (0.008169, -0.022994, -0.01312), (-0.008529, -0.043113, 0.021796), (-0.007286, -0.043427, 0.020135),
            (-0.006179, -0.043952, 0.022699), (0.008046, -0.023872, -0.010848), (-0.019492, -0.038128, -0.016885),
            (-0.007408, -0.043561, 0.023757), (-0.005375, -0.04429, 0.024118), (-0.00364, -0.044882, 0.023138),
            (-0.018069, -0.038732, -0.016191), (-0.016795, -0.039144, -0.016805), (-0.002594, -0.044951, 0.01712),
            (-0.00115, -0.045469, 0.017815), (0.00658, -0.028616, -0.007802), (0.006152, -0.029702, -0.008582),
            (0.006749, -0.027583, -0.009615), (-0.000929, -0.045673, 0.020097), (0.002392, -0.037984, -0.016452),
            (0.001709, -0.040136, -0.017243), (-0.023428, -0.036773, -0.014252), (0.007598, -0.02545, -0.009404),
            (0.007179, -0.026999, -0.007782), (-0.02051, -0.037821, -0.015896), (-0.021449, -0.037475, -0.014548),
            (-0.001425, -0.045591, 0.021562), (0.00309, -0.036164, -0.016308), (-6.6e-05, -0.046104, 0.021027),
            (-4.8e-05, -0.046212, 0.022114), (0.001905, -0.039269, -0.015174), (0.007404, -0.027068, -0.005135),
            (0.007968, -0.025374, -0.006376), (-0.001411, -0.04566, 0.023021), (0.003, -0.036591, -0.014739),
            (-0.019138, -0.038327, -0.015059), (0.003846, -0.034298, -0.017267), (-0.017445, -0.038951, -0.014341),
            (0.008373, -0.023447, -0.008924), (-0.020898, -0.037678, -0.013155), (0.00866, -0.022126, -0.011198),
            (-0.018666, -0.038497, -0.012696), (-0.002458, -0.045409, 0.024523), (-0.000856, -0.046019, 0.024109),
            (0.008152, -0.024558, -0.007537), (-0.017091, -0.039102, -0.012127), (0.001583, -0.046518, 0.021407),
            (0.001509, -0.046659, 0.022993), (4.6e-05, -0.046246, 0.022842), (0.000243, -0.046452, 0.023786),
            (-0.015924, -0.039494, -0.014848), (0.008743, -0.023017, -0.007263), (0.009128, -0.021662, -0.00836),
            (0.000422, -0.046545, 0.024577), (0.000203, -0.046559, 0.025372), (-0.014014, -0.039897, -0.017649),
            (0.005938, -0.030632, -0.007277), (0.001435, -0.046796, 0.024575), (0.006694, -0.028712, -0.006251),
            (0.006285, -0.030081, -0.004636), (-0.015175, -0.039789, -0.016611), (-0.023883, -0.036647, -0.011794),
            (-0.022185, -0.037269, -0.011042), (0.004548, -0.032088, -0.016733), (0.003706, -0.034406, -0.016116),
            (-0.013105, -0.0405, -0.01598), (-0.011504, -0.041066, -0.015631), (-0.013659, -0.040308, -0.014315),
            (0.004673, -0.032387, -0.018111), (-0.011092, -0.04106, -0.017293), (-0.009376, -0.041665, -0.017498),
            (0.005335, -0.033522, -0.001621), (0.004501, -0.035529, -0.00254), (0.004924, -0.034028, -0.003592),
            (0.004867, -0.035085, 0.000141), (-0.009749, -0.041606, -0.015988), (0.005744, -0.031982, -0.00276),
            (0.005299, -0.030815, -0.017974), (0.002725, -0.03758, -0.013285), (0.005567, -0.03315, 0.000318),
            (0.0039, -0.034257, -0.014402), (-0.024572, -0.036466, -0.009136), (-0.01091, -0.041252, -0.014464),
            (-0.008972, -0.041871, -0.013504), (0.00346, -0.035835, -0.012516), (-0.022993, -0.037062, -0.007803),
            (0.004372, -0.036402, 0.000101), (0.003781, -0.037685, -0.001474), (-0.019983, -0.038064, -0.010994),
            (-0.015084, -0.039774, -0.013371), (-0.014553, -0.039991, -0.011895), (-0.018326, -0.03869, -0.010535),
            (0.004551, -0.032538, -0.014592), (-0.021322, -0.037657, -0.008416), (0.006515, -0.029899, -0.002566),
            (0.005831, -0.031469, -0.004274), (-0.012601, -0.040648, -0.012736), (-0.019835, -0.038217, -0.008357),
            (0.0073, -0.027663, -0.003273), (0.005022, -0.030986, -0.01553), (-0.010691, -0.041346, -0.012867),
            (-0.016839, -0.039266, -0.009451), (0.006383, -0.030704, -0.000599), (0.004455, -0.033479, -0.011497),
            (0.004832, -0.032189, -0.012776), (-0.011772, -0.040995, -0.010647), (-0.013437, -0.040455, -0.010074),
            (-0.009966, -0.041586, -0.011326), (0.00539, -0.030274, -0.014198), (0.006091, -0.031881, 0.001291),
            (0.005562, -0.030208, -0.012557), (-0.022333, -0.037347, -0.005846), (-0.021121, -0.037751, -0.006084),
            (0.002885, -0.037725, -0.01157), (0.002347, -0.038799, -0.012492), (0.005626, -0.033386, 0.002727),
            (0.004812, -0.035466, 0.002581), (-0.018897, -0.038571, -0.005504), (0.003469, -0.036599, -0.010475),
            (0.004002, -0.035126, -0.010182), (0.005787, -0.033479, 0.00545), (0.004505, -0.036787, 0.00418),
            (-0.020056, -0.038178, -0.00459), (0.006123, -0.031969, 0.003117), (0.006144, -0.028529, -0.018177),
            (0.006413, -0.031542, 0.004407), (-0.014879, -0.03993, -0.00979), (0.005267, -0.03005, -0.016954),
            (-0.015352, -0.039794, -0.008722), (0.006777, -0.030145, 0.00141), (0.006497, -0.030927, 0.002543),
            (-0.018001, -0.038869, -0.007765), (0.005936, -0.028156, -0.016834), (0.007119, -0.02898, -0.000123),
            (0.007357, -0.027953, -0.001597), (0.007374, -0.028609, 0.001337), (-0.016232, -0.039516, -0.007105),
            (0.007216, -0.029206, 0.003166), (0.007893, -0.027399, 0.002955), (-0.01391, -0.040306, -0.007866),
            (0.005745, -0.028858, -0.015803), (0.00836, -0.024505, -0.005359), (-0.010322, -0.041594, -0.007194),
            (0.009409, -0.021388, -0.006541), (0.009036, -0.022797, -0.004694), (-0.010561, -0.041447, -0.009185),
            (0.006222, -0.028318, -0.013252), (0.008746, -0.024018, -0.002624), (0.006344, -0.027414, -0.014729),
            (-0.004842, -0.043181, -0.016799), (0.00923, -0.022564, -0.002998), (0.009614, -0.021376, -0.003977),
            (-0.003012, -0.043365, -0.018059), (-0.001594, -0.044121, -0.016455), (-0.003699, -0.043483, -0.015975),
            (0.009577, -0.021826, -0.001841), (0.010099, -0.020309, -0.002042), (-0.017165, -0.03922, -0.005192),
            (0.006516, -0.026554, -0.016169), (0.006967, -0.025669, -0.017161), (-0.001553, -0.043281, -0.018406),
            (0.006965, -0.028304, -0.004424), (-0.015406, -0.039842, -0.005349), (-0.00026, -0.044631, -0.017931),
            (-0.000707, -0.044529, -0.01728), (-0.000868, -0.043593, -0.018295), (-4.2e-05, -0.044109, -0.018567),
            (0.000548, -0.044179, -0.01758), (0.008024, -0.025623, -0.003396), (0.007868, -0.023874, -0.01789),
            (-0.018534, -0.038778, -0.00326), (0.00079, -0.043104, -0.017717), (0.001018, -0.041978, -0.018497),
            (0.000932, -0.041715, -0.01661), (-0.015697, -0.039773, -0.003493), (0.007649, -0.02343, -0.01668),
            (0.007786, -0.026651, -0.002213), (-0.017239, -0.039267, -0.002356), (-0.000438, -0.044812, -0.016748),
            (-0.000451, -0.044825, -0.016086), (0.000477, -0.043126, -0.016123), (-0.007585, -0.042313, -0.016849),
            (-0.013838, -0.040406, -0.004666), (-0.006225, -0.042715, -0.016702), (-0.007841, -0.042238, -0.015419),
            (0.008442, -0.025155, -0.001237), (-0.006699, -0.042602, -0.014712), (-0.012531, -0.040844, -0.004193),
            (0.007562, -0.027834, -0.000145), (0.008146, -0.026244, 0.000359), (-0.005163, -0.043074, -0.014696),
            (-0.006124, -0.042833, -0.012854), (-0.004716, -0.043269, -0.013031), (-0.013484, -0.040641, -0.00192),
            (-0.00338, -0.043665, -0.013633), (-0.024822, -0.036425, -0.007362), (-0.007799, -0.042276, -0.012491),
            (-0.02359, -0.036865, -0.006141), (0.007857, -0.027405, 0.001422), (-0.006722, -0.042657, -0.011377),
            (-0.01963, -0.038428, -0.002748), (-0.008221, -0.042233, -0.008999), (-0.007962, -0.042317, -0.010506),
            (0.008662, -0.025357, 0.001742), (0.009017, -0.024033, 0.000599), (-0.024221, -0.036713, -0.00472),
            (-0.00584, -0.042955, -0.009527), (-0.004713, -0.043337, -0.011179), (-0.003015, -0.043871, -0.01132),
            (-0.018899, -0.0387, -0.001271), (-0.021477, -0.037706, -0.004106), (-0.017948, -0.039118, 0.000538),
            (-0.015902, -0.039838, 1.1e-05), (-0.004587, -0.043444, -0.009053), (0.009139, -0.023356, -0.000907),
            (-0.01523, -0.040022, -0.001261), (-0.003257, -0.043872, -0.009156), (-0.025628, -0.036218, -0.004174),
            (-0.001229, -0.04457, -0.011618), (-0.001196, -0.044573, -0.009673), (-0.001312, -0.044594, -0.008912),
            (-0.001644, -0.04444, -0.007548), (0.009697, -0.022105, 0.00048), (-0.001061, -0.044694, -0.008123),
            (-0.000271, -0.045157, -0.008966), (-0.023106, -0.037135, -0.003706), (-0.024796, -0.036554, -0.002836),
            (0.010042, -0.021079, -0.000389), (-0.026268, -0.036127, -0.001682), (-0.014014, -0.040539, 0.000433),
            (-0.010016, -0.042044, 0.005948), (-0.011375, -0.041596, 0.006954), (-0.011158, -0.04162, 0.004664),
            (-0.025149, -0.03653, -0.000162), (-0.023767, -0.036963, -0.001602), (-0.002576, -0.043856, -0.015288),
            (-0.009364, -0.042351, 0.007955), (-0.002029, -0.044109, -0.014419), (-0.000929, -0.044578, -0.015417),
            (-0.008432, -0.042564, 0.006118), (-0.016156, -0.039816, 0.002684), (-0.013093, -0.040895, 0.001565),
            (-0.013939, -0.040666, 0.00328), (-0.007251, -0.043036, 0.007315), (-0.022426, -0.037431, -0.002029),
            (-0.002022, -0.044179, -0.01277), (-0.011141, -0.041802, 0.009789), (-0.009079, -0.042505, 0.009524),
            (-0.007473, -0.043022, 0.008947), (-0.021012, -0.037939, -0.001617), (-0.005727, -0.043513, 0.007242),
            (-0.004614, -0.043933, 0.008254), (0.001209, -0.040997, -0.01545), (-0.004866, -0.04392, 0.009836),
            (0.001521, -0.040598, -0.013437), (-0.008491, -0.042158, -0.007444), (-0.0219, -0.037697, 3.3e-05),
            (-0.000706, -0.044848, -0.014835), (-0.006544, -0.04339, 0.011056), (-0.008307, -0.042784, 0.01101),
            (-0.026947, -0.035947, -4.5e-05), (-0.000843, -0.044738, -0.013821), (0.000197, -0.044547, -0.013863),
            (0.000205, -0.043916, -0.015298), (-0.009793, -0.041805, -0.004759), (-0.026679, -0.036099, 0.001656),
            (0.000783, -0.042409, -0.013788), (-0.005628, -0.043109, -0.007726), (-0.000552, -0.044937, -0.012619),
            (0.000472, -0.044397, -0.012262), (-0.003301, -0.044451, 0.010429), (-0.003307, -0.043858, -0.007645),
            (-0.003098, -0.044337, 0.006686), (-0.002381, -0.044682, 0.008048), (-0.004867, -0.043428, -0.006617),
            (-0.00764, -0.042521, -0.006081), (-0.001746, -0.044902, 0.009352), (-0.000926, -0.045166, 0.008349),
            (-0.024624, -0.036806, 0.001732), (-0.005844, -0.043148, -0.004694), (-0.000342, -0.045472, 0.009837),
            (-0.001046, -0.044663, -0.010855), (0.00032, -0.045119, -0.010532), (-0.025924, -0.036439, 0.002867),
            (-0.004383, -0.043682, -0.004307), (-0.023611, -0.037138, 0.000218), (0.00096, -0.042631, -0.011671),
            (-0.002583, -0.044178, -0.006071), (-0.022831, -0.03742, 0.00169), (-0.021215, -0.037964, 0.001925),
            (-0.00099, -0.045264, 0.011289), (0.000706, -0.044629, -0.009046), (-0.002648, -0.044748, 0.012702),
            (0.001019, -0.043088, -0.009938), (-0.02037, -0.038217, 0.000536), (0.000716, -0.04514, -0.007058),
            (-0.001042, -0.045327, 0.012958), (0.001003, -0.043699, -0.008052), (-0.008666, -0.042248, -0.003281),
            (-0.007687, -0.042562, -0.004481), (0.001415, -0.041906, -0.009969), (-0.011315, -0.04136, -0.002908),
            (-0.004614, -0.044093, 0.012645), (-0.02423, -0.037012, 0.003846), (-0.007303, -0.043209, 0.013324),
            (-0.009777, -0.04193, -0.001772), (0.002093, -0.039778, -0.011261), (-0.022843, -0.037478, 0.003596),
            (-0.021772, -0.037838, 0.004014), (-0.006542, -0.042992, -0.002795), (-0.003765, -0.044446, 0.015087),
            (0.002169, -0.040021, -0.009665), (0.001928, -0.040941, -0.007939), (-0.007998, -0.042505, -0.001442),
            (-0.006396, -0.043074, -0.000745), (0.00278, -0.038391, -0.010242), (-0.005498, -0.043859, 0.014842),
            (-0.004573, -0.044297, 0.017157), (-0.001912, -0.045067, 0.015289), (-0.000834, -0.045339, 0.013963),
            (0.004235, -0.038077, 0.007409), (0.003285, -0.040437, 0.00737), (0.003846, -0.038836, 0.005836),
            (-0.018752, -0.038877, 0.002662), (-0.017132, -0.039417, 0.001725), (0.004988, -0.035955, 0.006168),
            (-0.020467, -0.038351, 0.003913), (0.004631, -0.037229, 0.008655), (-0.00046, -0.045052, -0.007328),
            (-0.01815, -0.039166, 0.004024), (-0.000815, -0.044864, -0.006777), (-0.001177, -0.044683, -0.006425),
            (-0.000913, -0.044771, -0.005848), (0.00513, -0.036219, 0.010244), (0.005446, -0.035007, 0.008421),
            (0.005832, -0.033847, 0.007332), (-0.002798, -0.044178, -0.004699), (-0.015629, -0.040113, 0.004815),
            (-0.001372, -0.044556, -0.005134), (-0.016615, -0.039734, 0.004516), (0.005791, -0.034739, 0.01157),
            (-0.001229, -0.044762, -0.004222), (-5.9e-05, -0.045328, -0.004742), (0.006386, -0.03286, 0.009886),
            (0.000924, -0.045048, -0.004787), (-0.013622, -0.040843, 0.005823), (-0.01192, -0.041298, 0.003282),
            (-0.002328, -0.04436, -0.003379), (-0.003505, -0.044031, -0.002239), (-0.002218, -0.044487, -0.001177),
            (-0.00122, -0.04477, -0.002307), (-0.028431, -0.035649, 0.004564), (-0.026793, -0.036183, 0.003601),
            (-0.001233, -0.044761, -0.003267), (-0.000218, -0.045284, -0.002417), (0.006779, -0.031277, 0.006556),
            (-0.004613, -0.043701, -0.000794), (-0.003486, -0.044035, -0.000306), (0.00677, -0.031637, 0.008841),
            (-0.028378, -0.035788, 0.006586), (-0.001156, -0.044823, -0.001356), (-0.026916, -0.036201, 0.006051),
            (-0.025459, -0.036695, 0.005868), (0.001113, -0.045025, -0.003034), (0.007673, -0.028411, 0.004664),
            (0.007058, -0.030022, 0.004915), (0.001071, -0.045206, -0.001334), (0.001497, -0.043385, -0.001577),
            (-0.000223, -0.045234, -0.00063), (-0.001121, -0.044849, -0.000631), (-0.002239, -0.044487, 0.000313),
            (-0.001085, -0.04486, 0.000464), (-0.024142, -0.037139, 0.006167), (-0.02296, -0.037546, 0.005806),
            (-0.022868, -0.037638, 0.007687), (0.00789, -0.028666, 0.006662), (0.007397, -0.030022, 0.008275),
            (0.00064, -0.04563, 0.000185), (0.008273, -0.027115, 0.005347), (0.001389, -0.044031, -0.000365),
            (0.001393, -0.04247, -0.007171), (0.001123, -0.043747, -0.005629), (0.006258, -0.033359, 0.011542),
            (-0.02949, -0.035473, 0.007512), (-0.030154, -0.035329, 0.008512), (-0.027447, -0.036144, 0.008146),
            (0.001528, -0.042533, -0.005151), (0.002261, -0.040604, -0.005678), (0.006714, -0.032312, 0.012006),
            (0.002129, -0.041366, -0.004111), (0.007106, -0.030908, 0.01058), (0.007199, -0.03103, 0.011885),
            (0.001534, -0.043006, -0.003264), (0.008131, -0.028422, 0.010665), (-0.029106, -0.035658, 0.009863),
            (-0.027108, -0.036297, 0.010506), (0.002814, -0.038899, -0.007191), (0.008152, -0.028453, 0.008613),
            (-0.026057, -0.036585, 0.008133), (0.008658, -0.026357, 0.007064), (-0.024379, -0.037123, 0.008096),
            (0.003192, -0.037624, -0.009044), (0.008667, -0.026793, 0.008787), (-0.02556, -0.036754, 0.009603),
            (0.008768, -0.026619, 0.010195), (0.008777, -0.025092, 0.003466), (-0.024204, -0.037321, 0.010557),
            (-0.022613, -0.037805, 0.009263), (-0.025121, -0.037032, 0.011941), (0.009474, -0.023153, 0.002204),
            (-0.021127, -0.038153, 0.005698), (-0.019594, -0.038705, 0.005195), (0.001983, -0.042111, -0.001121),
            (-0.019607, -0.038783, 0.007043), (-0.01862, -0.03907, 0.006294), (-0.018157, -0.039219, 0.005031),
            (0.008779, -0.02567, 0.00568), (0.009108, -0.024408, 0.00517), (0.009295, -0.02455, 0.006732),
            (0.009567, -0.023081, 0.003898), (0.002347, -0.041176, -0.001963), (-0.021429, -0.038103, 0.006939),
            (0.003228, -0.038181, -0.005245), (0.003149, -0.038948, -0.003191), (-0.021445, -0.038116, 0.008282),
            (0.010573, -0.019922, 0.001275), (-0.01662, -0.039816, 0.006881), (0.01001, -0.0219, 0.003157),
            (0.010413, -0.020685, 0.003002), (0.003898, -0.03687, -0.003392), (0.003754, -0.036825, -0.005392),
            (0.009693, -0.023205, 0.00577), (-0.015353, -0.040248, 0.006641), (0.01028, -0.021371, 0.005129),
            (0.003009, -0.039561, -0.001826), (-0.019829, -0.038764, 0.008939), (-0.017796, -0.039435, 0.008999),
            (-0.015715, -0.040192, 0.00902), (0.009809, -0.023463, 0.008265), (-0.011773, -0.041258, -0.001075),
            (-0.010531, -0.041729, 3e-06), (0.009109, -0.025424, 0.008512), (-0.008836, -0.042288, -1.4e-05),
            (-0.011693, -0.04135, 0.001158), (-0.022501, -0.037925, 0.011097), (0.00974, -0.024058, 0.009872),
            (-0.010066, -0.041944, 0.001416), (-0.021239, -0.038265, 0.010345), (-0.020705, -0.038547, 0.011714),
            (-0.019179, -0.039051, 0.010637), (-0.019631, -0.03895, 0.012566), (-0.01799, -0.039492, 0.011877),
            (0.010194, -0.02205, 0.007226), (0.01055, -0.020995, 0.006544), (0.011029, -0.019439, 0.004671),
            (-0.006872, -0.042953, 0.000536), (-0.00863, -0.042427, 0.002442), (0.010421, -0.022006, 0.009406),
            (0.010921, -0.020352, 0.008206), (-0.007244, -0.042915, 0.002187), (0.011159, -0.019326, 0.006602),
            (-0.016703, -0.039928, 0.010508), (-0.00526, -0.043532, 0.001319), (-0.007253, -0.042942, 0.003605),
            (0.007162, -0.031538, 0.013735), (0.007719, -0.029857, 0.012514), (0.007901, -0.029714, 0.015069),
            (-0.009341, -0.042231, 0.003849), (-0.030985, -0.035148, 0.012204), (0.008426, -0.027992, 0.013197),
            (-0.030696, -0.035252, 0.013864), (-0.028858, -0.035828, 0.011953), (0.008921, -0.026349, 0.012169),
            (-0.028112, -0.036107, 0.014393), (-0.029598, -0.035674, 0.015172), (-0.03134, -0.035098, 0.015472),
            (-0.007025, -0.043013, 0.004813), (0.00934, -0.025531, 0.013727), (-0.029567, -0.035629, 0.016608),
            (0.009189, -0.026312, 0.015282), (0.008675, -0.027788, 0.015931), (-0.031525, -0.035005, 0.016855),
            (-0.031548, -0.035052, 0.018555), (-0.030295, -0.035499, 0.018325), (0.009385, -0.026049, 0.017256),
            (0.009884, -0.024471, 0.015562), (0.00926, -0.02533, 0.010945), (-0.027962, -0.036214, 0.016178),
            (-0.005433, -0.043507, 0.003537), (0.009781, -0.024084, 0.011485), (-0.004228, -0.043891, 0.00216),
            (-0.028173, -0.036163, 0.018113), (-0.027007, -0.036531, 0.017006), (-0.004102, -0.043993, 0.003864),
            (-0.001801, -0.044673, 0.003079), (-0.002034, -0.04467, 0.00439), (-0.025698, -0.037011, 0.018391),
            (0.009757, -0.02451, 0.013603), (0.0102, -0.022964, 0.012715), (-0.026788, -0.036708, 0.020393),
            (-0.03016, -0.035308, 0.010954), (0.010622, -0.021766, 0.011154), (-0.001159, -0.044853, 0.001539),
            (0.011609, -0.01839, 0.007676), (0.011319, -0.019584, 0.009452), (3.7e-05, -0.045451, 0.001882),
            (-0.000823, -0.045017, 0.002234), (0.001064, -0.045513, 0.001408), (0.00169, -0.043453, 0.001458),
            (-0.026812, -0.036499, 0.012813), (0.00189, -0.042636, 0.00052), (0.001526, -0.044504, 0.00213),
            (0.010921, -0.021095, 0.012471), (0.011506, -0.01948, 0.010809), (-0.000572, -0.045182, 0.003536),
            (0.011544, -0.019462, 0.012248), (0.012245, -0.017518, 0.011701), (0.000971, -0.045723, 0.003277),
            (-0.025017, -0.037097, 0.013629), (-0.000916, -0.045042, 0.005015), (-0.026328, -0.036715, 0.01472),
            (-0.000178, -0.04542, 0.004835), (0.001398, -0.045368, 0.004862), (0.001749, -0.043777, 0.003624),
            (0.010629, -0.022181, 0.014439), (-0.025708, -0.036993, 0.016178), (0.010186, -0.023977, 0.017644),
            (0.010488, -0.022861, 0.016048), (-0.023546, -0.037609, 0.012621), (-0.02215, -0.038054, 0.012922),
            (-0.003265, -0.044261, 0.005256), (-0.005473, -0.043536, 0.005611), (0.011326, -0.020514, 0.016151),
            (-0.022451, -0.038015, 0.014703), (0.010949, -0.021902, 0.017663), (-0.021302, -0.038358, 0.013696),
            (0.011244, -0.020431, 0.01404), (-0.02382, -0.037544, 0.014967), (0.011714, -0.019026, 0.013456),
            (-0.020867, -0.038569, 0.01544), (-0.001441, -0.044898, 0.006621), (0.011994, -0.018403, 0.014652),
            (-0.019535, -0.038996, 0.014978), (0.012091, -0.018442, 0.015945), (-0.018028, -0.039558, 0.014007),
            (-0.000109, -0.04547, 0.007866), (-9.7e-05, -0.045424, 0.006866), (0.001332, -0.045905, 0.00783),
            (-0.022274, -0.038155, 0.016859), (-0.020053, -0.038934, 0.01709), (0.000886, -0.045845, 0.006104),
            (0.001819, -0.044105, 0.00605), (-0.018428, -0.039436, 0.01613), (-0.0168, -0.040008, 0.015447),
            (-4.5e-05, -0.045526, 0.005985), (0.002477, -0.041927, 0.003671), (-0.016359, -0.040091, 0.01259),
            (-0.024446, -0.037406, 0.016896), (0.001947, -0.044109, 0.007945), (-0.023925, -0.037594, 0.017801),
            (0.002713, -0.040396, -0.000707), (0.002532, -0.041173, 0.000976), (0.002496, -0.042658, 0.008271),
            (0.002605, -0.041913, 0.005668), (0.00317, -0.040485, 0.005391), (0.003245, -0.039365, 0.001084),
            (-3.7e-05, -0.045548, 0.00883), (0.001388, -0.045869, 0.009155), (0.000114, -0.04576, 0.010406),
            (0.000998, -0.046039, 0.010997), (0.00184, -0.045296, 0.010079), (-0.022816, -0.038004, 0.018528),
            (-0.024254, -0.037568, 0.020196), (4.2e-05, -0.045758, 0.011048), (-6.1e-05, -0.045672, 0.011643),
            (-0.022244, -0.038285, 0.019779), (0.003135, -0.040165, 0.002951), (-2.6e-05, -0.045674, 0.01223),
            (0.001241, -0.046132, 0.012569), (0.001912, -0.045352, 0.011628), (0.003379, -0.038737, -0.000266),
            (-0.021079, -0.0386, 0.018211), (-0.019119, -0.039314, 0.018699), (-0.017028, -0.039992, 0.017393),
            (0.00222, -0.043714, 0.010178), (0.003987, -0.037496, 0.001464), (0.002987, -0.041716, 0.009541),
            (-0.020263, -0.038991, 0.02089), (-0.018747, -0.039492, 0.02057), (0.002283, -0.043797, 0.012683),
            (0.002822, -0.04239, 0.011231), (-0.014493, -0.040604, 0.007536), (-0.012705, -0.04124, 0.00882),
            (0.003865, -0.038291, 0.003472), (0.000393, -0.045971, 0.013127), (-0.014183, -0.04075, 0.009145),
            (0.000949, -0.046193, 0.014227), (0.002026, -0.04511, 0.014317), (0.000122, -0.045796, 0.014742),
            (0.000176, -0.045898, 0.015792), (0.000687, -0.046101, 0.015254), (-0.009654, -0.042348, 0.011477),
            (0.001763, -0.046118, 0.016387), (0.001001, -0.046455, 0.017965), (0.000179, -0.045947, 0.016613),
            (-0.015002, -0.04047, 0.010488), (-0.015261, -0.040439, 0.011871), (0.002313, -0.044242, 0.01617),
            (-0.013167, -0.041144, 0.011429), (0.002729, -0.042935, 0.01442), (-0.014625, -0.04069, 0.0133),
            (0.003244, -0.041561, 0.013187), (-0.012697, -0.041348, 0.013057), (0.003069, -0.042347, 0.01621),
            (-0.011252, -0.04181, 0.011793), (0.003622, -0.040679, 0.014421), (0.003796, -0.039846, 0.009832),
            (-0.010968, -0.041961, 0.013408), (0.003373, -0.041044, 0.011246), (-0.008727, -0.042761, 0.014704),
            (-0.010777, -0.042082, 0.015107), (0.003946, -0.039695, 0.011854), (0.004781, -0.037587, 0.012052),
            (-0.016127, -0.040208, 0.014216), (0.004484, -0.038532, 0.014492), (-0.014663, -0.040774, 0.016709),
            (0.005191, -0.036695, 0.014816), (-0.014, -0.040964, 0.014904), (0.005591, -0.035582, 0.013676),
            (0.006149, -0.034171, 0.013281), (0.005004, -0.032214, -0.01101), (0.005528, -0.030598, -0.011301),
            (-0.012707, -0.041495, 0.016945), (-1.4e-05, -0.045902, 0.017779), (-0.011107, -0.042034, 0.017025),
            (0.005325, -0.031796, -0.009274), (0.004922, -0.032966, -0.009229), (0.005688, -0.03065, -0.00975),
            (-6.4e-05, -0.045911, 0.018586), (0.000709, -0.046403, 0.019373), (-9.8e-05, -0.046027, 0.019529),
            (0.003666, -0.036591, -0.007645), (-0.009468, -0.042613, 0.016813), (0.001831, -0.04623, 0.01968),
            (0.002178, -0.045163, 0.018273), (0.002773, -0.043388, 0.017887), (-0.017485, -0.039902, 0.019275),
            (-0.015573, -0.040552, 0.018456), (0.004244, -0.035045, -0.007765), (0.004468, -0.034274, -0.009153),
            (0.004719, -0.033766, -0.00753), (0.002235, -0.045338, 0.020125), (0.002716, -0.043718, 0.01982),
            (-0.015765, -0.040574, 0.019798), (0.005336, -0.032111, -0.007514), (-0.017487, -0.040019, 0.022022),
            (-0.016043, -0.040509, 0.021603), (0.004598, -0.034504, -0.005861), (-0.013638, -0.04126, 0.019549),
            (0.003594, -0.041723, 0.019258), (0.004008, -0.04007, 0.016583), (0.004326, -0.035309, -0.004689),
            (-0.014522, -0.041044, 0.022086), (0.005357, -0.032334, -0.006298), (-0.012389, -0.041833, 0.022464),
            (-0.011721, -0.041911, 0.019837), (-0.010714, -0.042394, 0.022541), (0.005267, -0.03282, -0.004655),
            (0.002416, -0.044742, 0.02196), (0.002215, -0.045904, 0.02307), (0.003185, -0.043025, 0.02275),
            (-0.007048, -0.043416, 0.016224), (0.002681, -0.044597, 0.023932), (0.002288, -0.046318, 0.02508),
            (-0.009591, -0.042625, 0.018271), (0.00249, -0.045699, 0.02643), (-0.007257, -0.043381, 0.017879),
            (0.003255, -0.043528, 0.025311), (0.003195, -0.04265, 0.02092), (-0.006044, -0.043825, 0.018824),
            (0.004011, -0.040731, 0.020722), (0.006315, -0.028337, -0.011568), (0.00414, -0.040624, 0.022326),
            (0.004666, -0.039074, 0.019962), (0.004482, -0.039219, 0.018487), (0.006279, -0.028688, -0.010382),
            (0.003952, -0.041639, 0.024581), (-0.009857, -0.04259, 0.020158), (0.004911, -0.037788, 0.017121),
            (0.005359, -0.036508, 0.016314), (0.005732, -0.036177, 0.019326), (0.006434, -0.033597, 0.015067),
            (0.006027, -0.034832, 0.016894), (0.006859, -0.032727, 0.016641), (0.005374, -0.037301, 0.020306),
            (0.004832, -0.03892, 0.022296), (0.005391, -0.037556, 0.022907), (0.006318, -0.035027, 0.021509),
            (0.006215, -0.034761, 0.019209), (0.006908, -0.032887, 0.018726), (0.006859, -0.033485, 0.020469),
            (0.007211, -0.031604, 0.015421), (0.007457, -0.031283, 0.017719), (0.007918, -0.030086, 0.018038),
            (0.008382, -0.028703, 0.017084), (0.007693, -0.030913, 0.019579), (0.007424, -0.032036, 0.021576),
            (0.008603, -0.028405, 0.019142), (0.008224, -0.029622, 0.020088), (0.009251, -0.026627, 0.01852),
            (-0.019861, 0.0376, -0.015446), (-0.01875, 0.038619, -0.015447), (-0.018159, 0.037963, -0.015538),
            (-0.007214, -0.00555, -0.016669), (-0.007424, -0.006868, -0.016715), (-0.008499, -0.005447, -0.01664),
            (-0.030109, 0.011853, -0.015778), (-0.031205, 0.012363, -0.01539), (-0.030108, 0.013557, -0.015682),
            (-0.001799, 0.019181, -0.016146), (-0.000834, 0.018748, -0.016167), (-0.000961, 0.017145, -0.016125),
            (3.7e-05, 0.017605, -0.016222), (-0.019967, 0.038786, -0.015348), (-0.018682, 0.039722, -0.015339),
            (-0.00214, 0.017511, -0.016102), (-0.020173, 0.040331, -0.01514), (-0.029103, 0.012654, -0.015712),
            (-0.018596, 0.040779, -0.015253), (0.000357, 0.019333, -0.016113), (-0.005807, -0.006026, -0.016711),
            (-0.028579, 0.013924, -0.015803), (-0.02967, 0.014821, -0.015676), (-0.028444, 0.015392, -0.015711),
            (-0.027528, 0.014692, -0.015753), (-0.005977, -0.008208, -0.016812), (-0.004718, -0.007271, -0.016783),
            (0.000873, 0.017972, -0.016194), (-0.017449, 0.039404, -0.015446), (-0.016641, 0.037919, -0.015611),
            (-0.007284, -0.004049, -0.016601), (-0.005983, -0.004775, -0.01668), (0.000697, 0.016506, -0.016169),
            (-0.029158, 0.016432, -0.01559), (-0.02812, 0.016943, -0.015668), (0.001843, 0.01523, -0.016262),
            (0.001992, 0.016797, -0.016194), (-0.026853, 0.016413, -0.015746), (-0.017179, 0.040788, -0.015346),
            (-0.016326, 0.039907, -0.015489), (-0.02088, 0.039081, -0.015219), (-0.021766, 0.039641, -0.015032),
            (-0.026914, 0.017771, -0.01569), (-0.005147, -0.003922, -0.016619), (-0.029093, 0.017865, -0.015465),
            (-0.000795, 0.020008, -0.01611), (-0.028956, 0.019064, -0.015325), (-0.027848, 0.018581, -0.01565),
            (-0.019529, 0.041765, -0.015084), (0.001775, 0.019228, -0.016184), (-0.003888, -0.005907, -0.016808),
            (-0.004213, -0.004908, -0.016726), (-0.02806, 0.020563, -0.015443), (-0.026842, 0.019113, -0.015643),
            (-0.026847, 0.020965, -0.015596), (-0.017926, 0.037185, -0.015572), (-0.016878, 0.036153, -0.01565),
            (-0.017685, 0.035498, -0.015723), (0.000233, 0.020484, -0.016149), (0.001133, 0.020908, -0.016262),
            (0.00279, 0.018253, -0.016232), (-0.025866, 0.018869, -0.015732), (-0.025625, 0.017477, -0.015729),
            (-0.026104, 0.020112, -0.015632), (-0.015659, 0.036732, -0.015695), (-0.00659, -0.002405, -0.016601),
            (-0.004813, -0.003043, -0.016645), (-0.00558, -0.001931, -0.016586), (-0.015373, 0.038202, -0.015593),
            (-0.026687, 0.022212, -0.015462), (-0.025483, 0.021476, -0.015604), (0.003176, 0.019548, -0.016243),
            (-0.02494, 0.018388, -0.015752), (-0.02464, 0.019975, -0.015718), (0.003249, 0.009595, -0.016371),
            (0.001654, 0.009363, -0.016406), (0.001645, 0.010617, -0.016388), (-0.004228, -0.002201, -0.016625),
            (0.002451, 0.011408, -0.01635), (-0.013746, 0.037483, -0.015689), (-0.014962, 0.035964, -0.015757),
            (0.004769, 0.009826, -0.016461), (0.004828, 0.008408, -0.01645), (-0.002972, -0.003528, -0.016728),
            (-0.02585, 0.02358, -0.015511), (-0.024452, 0.021846, -0.015635), (-0.002615, -0.004763, -0.016724),
            (-0.002519, -0.006074, -0.016787), (0.004338, 0.011025, -0.016449), (-0.023148, 0.020586, -0.015728),
            (0.006166, 0.007404, -0.016537), (0.004897, 0.006809, -0.016509), (-0.024369, 0.022985, -0.015624),
            (0.005978, 0.008508, -0.016474), (-0.022839, 0.022941, -0.015636), (-0.022441, 0.021408, -0.01567),
            (-0.014847, 0.040183, -0.015479), (-0.01435, 0.038789, -0.015593), (-0.023089, 0.024236, -0.015567),
            (-0.0214, 0.023946, -0.015599), (-0.00265, -0.002297, -0.016662), (-0.00405, -0.000965, -0.016548),
            (0.005975, 0.009806, -0.016466), (-0.002851, -0.000676, -0.016625), (0.006899, 0.008663, -0.016506),
            (-0.025701, 0.025072, -0.01539), (-0.025505, 0.026574, -0.015369), (-0.024595, 0.025424, -0.015487),
            (-0.02698, 0.023275, -0.015377), (0.00574, 0.011551, -0.016358), (-0.024454, 0.024405, -0.01553),
            (-0.001416, -0.003256, -0.01671), (-0.012704, 0.038576, -0.015662), (0.00737, 0.009769, -0.016551),
            (-0.001632, -0.002011, -0.016613), (0.007004, 0.01115, -0.01644), (0.002464, 0.02058, -0.016184),
            (-0.00139, -0.000731, -0.016654), (0.008318, 0.010742, -0.016535), (-0.000382, -0.002602, -0.016729),
            (0.008363, 0.011694, -0.016507), (-0.024081, 0.028322, -0.015426), (-0.023884, 0.026647, -0.015492),
            (-0.024896, 0.027547, -0.015343), (0.007151, 0.012927, -0.016463), (-0.025, 0.029456, -0.015214),
            (-0.023764, 0.029752, -0.015407), (-0.023068, 0.028747, -0.015543), (0.003752, 0.020796, -0.016268),
            (0.001112, 0.012107, -0.016312), (0.000249, 0.010586, -0.01631), (-0.000483, 0.012006, -0.016274),
            (-0.023728, 0.030987, -0.015363), (0.0043, 0.019752, -0.016302), (-0.022368, 0.029904, -0.015483),
            (-0.019215, -0.001868, -0.016316), (-0.023024, 0.025673, -0.015561), (-0.001175, 0.013283, -0.016246),
            (0.000408, 0.013396, -0.016271), (0.005152, 0.020417, -0.01635), (0.003535, 0.021889, -0.016247),
            (0.005327, 0.02274, -0.016329), (0.005811, 0.021213, -0.016321), (0.007938, 0.016863, -0.016413),
            (0.005813, 0.016073, -0.016374), (0.005412, 0.017113, -0.016307), (-0.022562, 0.027244, -0.015495),
            (0.004125, 0.018278, -0.016208), (0.00583, 0.017948, -0.016327), (-0.021694, 0.025215, -0.015638),
            (0.00588, 0.019161, -0.016365), (-0.017294, -0.002707, -0.016372), (-0.02148, 0.028118, -0.015617),
            (0.001196, 0.01449, -0.016279), (0.002029, 0.013715, -0.016285), (-0.000483, 0.014675, -0.016221),
            (-0.021163, 0.026534, -0.015626), (-0.019452, -0.000244, -0.016264), (-0.018016, -0.000263, -0.016255),
            (-0.020433, 0.025793, -0.015614), (0.002753, 0.013046, -0.016333), (-0.017124, -0.00138, -0.016329),
            (0.007413, 0.018292, -0.016373), (-0.020104, 0.027138, -0.015588), (-0.016448, -0.000252, -0.016322),
            (0.003487, 0.01477, -0.016297), (-0.015764, -0.002275, -0.016369), (-0.015074, -0.003731, -0.016446),
            (-0.023637, 0.032233, -0.015324), (-0.021953, 0.031266, -0.015511), (0.007182, 0.020184, -0.016371),
            (0.003641, 0.012414, -0.016363), (-0.01561, -0.001078, -0.016348), (-0.02382, 0.034002, -0.015028),
            (-0.022705, 0.032828, -0.015408), (0.007319, 0.021453, -0.016466), (-0.022502, 0.0344, -0.015325),
            (-0.021085, 0.032303, -0.01553), (-0.021464, 0.03384, -0.015448), (0.008403, 0.019469, -0.016447),
            (-0.021219, 0.029762, -0.015531), (0.004893, 0.012223, -0.01638), (-0.02014, 0.028334, -0.015565),
            (-0.01913, 0.027092, -0.015665), (-0.020215, 0.029571, -0.015632), (0.007482, 0.015486, -0.016415),
            (-0.019022, 0.02904, -0.015598), (0.008769, 0.015561, -0.016477), (-0.019644, 0.031045, -0.015624),
            (-0.013779, -0.001707, -0.016386), (-0.018654, 0.030512, -0.015651), (0.003115, 0.016714, -0.016277),
            (-0.017928, 0.029587, -0.015605), (-0.013865, -0.003693, -0.016459), (-0.012992, -0.003098, -0.016465),
            (0.009431, 0.016774, -0.016481), (-0.014372, -0.000866, -0.01635), (0.004631, 0.013808, -0.016333),
            (-0.0125, -0.00431, -0.016503), (-0.020565, 0.031038, -0.015644), (0.00927, 0.014246, -0.016511),
            (0.010188, 0.015861, -0.016526), (0.010336, 0.014733, -0.016576), (0.004853, 0.014997, -0.016339),
            (-0.019623, 0.032339, -0.015586), (0.004225, 0.016383, -0.016312), (-0.015229, 0.000758, -0.016268),
            (-0.021726, 0.035546, -0.015391), (0.008773, 0.018095, -0.016489), (-0.014157, 0.000707, -0.016305),
            (0.009717, 0.017945, -0.016499), (-0.020081, 0.033237, -0.015614), (0.006178, 0.014791, -0.016331),
            (-0.020248, 0.034812, -0.015578), (0.010759, 0.017198, -0.016552), (-0.019322, 0.034285, -0.015583),
            (-0.017726, 0.00171, -0.016229), (-0.01651, 0.000837, -0.016243), (-0.018744, 0.035359, -0.01559),
            (-0.02029, 0.036102, -0.01549), (0.011817, 0.016991, -0.016641), (-0.018302, 0.031609, -0.015683),
            (-0.016892, 0.030975, -0.015719), (-0.017052, 0.002262, -0.016231), (0.010763, 0.018508, -0.016564),
            (-0.015941, 0.002657, -0.016235), (-0.018425, 0.03334, -0.015662), (-0.017485, 0.032663, -0.015693),
            (-0.014897, 0.002199, -0.016255), (0.009546, 0.019218, -0.016499), (-0.016336, 0.032213, -0.015692),
            (-0.017965, 0.034346, -0.015666), (0.006765, 0.022375, -0.016467), (-0.013847, 0.003399, -0.016259),
            (-0.016138, 0.033228, -0.015746), (0.005916, 0.013611, -0.016416), (0.00637, 0.012395, -0.016436),
            (-0.016648, 0.034278, -0.015745), (-0.013746, 0.002083, -0.016256), (0.008497, 0.023109, -0.016517),
            (0.009054, 0.021997, -0.016531), (0.009981, 0.020749, -0.016566), (0.00884, 0.021058, -0.016493),
            (-0.013228, 0.000333, -0.016366), (-0.023627, 0.035318, -0.014961), (-0.012393, 0.001735, -0.016298),
            (-0.022837, 0.036739, -0.015081), (-0.012505, -0.001961, -0.016413), (-0.021153, 0.037424, -0.015324),
            (-0.022216, 0.038008, -0.015148), (0.008327, 0.013224, -0.016478), (0.007465, 0.014162, -0.016402),
            (0.010043, 0.022821, -0.016634), (-0.012182, -0.000611, -0.01637), (0.010704, 0.022113, -0.016614),
            (0.009695, 0.023938, -0.01661), (-0.019054, 0.036564, -0.015525), (-0.01149, -0.003238, -0.0165),
            (-0.02918, 0.006206, -0.015935), (-0.011255, -0.001367, -0.016447), (-0.028412, 0.007563, -0.015915),
            (-0.028051, 0.00585, -0.015981), (0.011931, 0.018642, -0.016633), (-0.031566, 0.008319, -0.015805),
            (-0.030698, 0.007878, -0.015904), (-0.011825, 0.000645, -0.016339), (0.009252, 0.012257, -0.016538),
            (-0.029635, 0.007507, -0.015897), (0.010676, 0.019562, -0.016571), (-0.029846, 0.008911, -0.015908),
            (-0.009816, -0.002305, -0.016469), (-0.010143, -0.001119, -0.016461), (-0.031861, 0.009764, -0.015706),
            (-0.027382, 0.013261, -0.015829), (-0.028526, 0.011742, -0.015795), (-0.030923, 0.010678, -0.015752),
            (0.011391, 0.020481, -0.016631), (-0.029012, 0.009999, -0.015838), (-0.029618, 0.010646, -0.01587),
            (-0.026876, 0.01209, -0.015836), (-0.010351, 5.7e-05, -0.01641), (0.012191, 0.019771, -0.016701),
            (-0.028175, 0.009043, -0.015865), (0.012984, 0.018934, -0.016683), (-0.026936, 0.008308, -0.0159),
            (-0.026164, 0.014185, -0.01581), (0.011543, 0.021356, -0.016612), (-0.010319, -0.003701, -0.016526),
            (-0.026108, 0.015496, -0.015834), (-0.025504, 0.01239, -0.015838), (-0.026424, 0.005684, -0.015968),
            (0.01252, 0.021899, -0.016768), (-0.008934, -0.001042, -0.016486), (-0.02608, 0.004488, -0.01601),
            (-0.025288, 0.003266, -0.016029), (-0.024272, 0.012603, -0.015894), (-0.008234, -0.003138, -0.016544),
            (-0.007902, -0.002028, -0.016547), (-0.024882, 0.014642, -0.015805), (0.013137, 0.020407, -0.016735),
            (-0.014369, 0.004334, -0.016194), (-0.016541, 0.003714, -0.016127), (-0.025032, 0.015937, -0.015803),
            (-0.026868, 0.006825, -0.01596), (-0.015468, 0.005124, -0.016191), (0.014417, 0.018896, -0.016828),
            (-0.013939, 0.005308, -0.016158), (-0.024999, 0.005477, -0.016004), (0.011222, 0.023862, -0.016638),
            (-0.024975, 0.007079, -0.015998), (-0.02337, 0.013928, -0.015863), (-0.012327, 0.00323, -0.016262),
            (-0.025859, 0.007766, -0.015978), (0.012449, 0.023308, -0.016747), (-0.022891, 0.014813, -0.015813),
            (-0.027449, 0.011031, -0.015872), (-0.023637, 0.01576, -0.015805), (0.013033, 0.024591, -0.016796),
            (-0.012865, 0.004788, -0.016209), (0.01366, 0.02258, -0.016744), (-0.027236, 0.009917, -0.015909),
            (0.014099, 0.020718, -0.0168), (-0.02447, 0.016953, -0.015748), (-0.012519, 0.006328, -0.016202),
            (0.014896, 0.021095, -0.016908), (-0.025911, 0.010738, -0.015881), (-0.025811, 0.009415, -0.015886),
            (-0.011912, 0.004586, -0.016265), (0.014493, 0.022672, -0.016805), (-0.023538, 0.018371, -0.015697),
            (-0.023258, 0.017197, -0.015813), (0.01581, 0.021643, -0.016942), (-0.010895, 0.004091, -0.016256),
            (-0.011397, 0.005674, -0.016215), (-0.022239, 0.016371, -0.015839), (-0.02401, 0.006543, -0.015988),
            (-0.010368, 0.00498, -0.016263), (-0.023801, 0.008275, -0.015986), (0.014411, 0.024974, -0.016817),
            (0.014322, 0.023803, -0.016833), (-0.022828, 0.007278, -0.016014), (-0.010512, 0.00111, -0.016361),
            (-0.022895, 0.009281, -0.01596), (-0.022017, 0.008269, -0.015965), (0.015333, 0.023595, -0.0169),
            (-0.008829, 0.000663, -0.01642), (-0.008985, 0.001511, -0.016388), (-0.02154, 0.017877, -0.015769),
            (-0.009856, 0.002472, -0.016364), (-0.024962, 0.009845, -0.015914), (-0.021964, 0.019165, -0.015764),
            (-0.023091, 0.019561, -0.015753), (-0.024759, 0.010936, -0.015898), (-0.023756, 0.01063, -0.015923),
            (-0.008395, 0.002514, -0.016352), (-0.007443, 0.001269, -0.016445), (0.016476, 0.024744, -0.016929),
            (0.015644, 0.025743, -0.016833), (-0.007795, 0.003383, -0.016381), (0.016808, 0.023666, -0.016883),
            (-0.011176, 0.002639, -0.016317), (-0.024054, 0.002868, -0.016068), (-0.021659, 0.01403, -0.015902),
            (0.01714, 0.026357, -0.016824), (-0.021327, 0.015764, -0.015806), (0.018303, 0.025167, -0.016917),
            (-0.023077, 0.002491, -0.016112), (0.018045, 0.026715, -0.016803), (-0.022235, 0.00168, -0.016137),
            (-0.01458, 0.032059, -0.015807), (-0.012332, 0.031392, -0.015776), (-0.013595, 0.031042, -0.01578),
            (-0.012844, 0.032897, -0.015846), (-0.022575, 0.004282, -0.016062), (-0.021451, 0.003293, -0.016126),
            (-0.020666, 0.014884, -0.015833), (-0.009471, 0.003873, -0.016263), (-0.011636, 0.03266, -0.015851),
            (-0.020204, 0.013347, -0.015885), (-0.020695, -0.001035, -0.016207), (-0.019085, 0.015242, -0.015921),
            (-0.020403, 0.016543, -0.01579), (-0.021825, 0.000497, -0.016201), (-0.014507, 0.033505, -0.015805),
            (-0.013357, 0.034265, -0.015822), (-0.014445, 0.035106, -0.015802), (-0.011095, 0.006875, -0.016162),
            (-0.019253, 0.017487, -0.01575), (-0.018655, 0.016533, -0.015813), (-0.020529, 0.000117, -0.016244),
            (-0.009861, 0.006327, -0.016192), (-0.020144, 0.001162, -0.016188), (-0.020889, 0.00223, -0.016127),
            (-0.019561, 0.002947, -0.016136), (-0.019418, 0.002037, -0.016144), (-0.01303, 0.035816, -0.015817),
            (-0.012084, 0.034367, -0.015879), (-0.009036, 0.00445, -0.01628), (-0.008874, 0.005752, -0.016277),
            (-0.007809, 0.004493, -0.016338), (-0.018675, 0.001275, -0.016214), (-0.020589, 0.019197, -0.015758),
            (-0.008001, 0.005605, -0.016262), (-0.020557, 0.004615, -0.016072), (-0.019038, 0.003944, -0.016124),
            (-0.010768, 0.033018, -0.015876), (-0.017952, 0.0033, -0.016186), (-0.011325, 0.035307, -0.015842),
            (-0.010298, 0.034767, -0.015919), (-0.006518, 0.002953, -0.016375), (-0.021204, 0.020605, -0.015692),
            (-0.006637, 0.004838, -0.016322), (-0.017939, 0.004598, -0.016184), (-0.008505, 0.007278, -0.016236),
            (-0.010809, 0.03034, -0.015884), (-0.010546, 0.03148, -0.015897), (-0.007208, 0.006622, -0.0163),
            (-0.016693, 0.005459, -0.016151), (-0.007635, 0.008448, -0.016179), (-0.021603, 0.022109, -0.015708),
            (-0.024081, 0.004418, -0.016091), (-0.009258, 0.030384, -0.015867), (-0.009216, 0.029289, -0.015889),
            (-0.010645, 0.029196, -0.015816), (-0.023497, 0.005345, -0.01603), (-0.004509, 0.005719, -0.016376),
            (-0.005897, 0.005359, -0.016319), (-0.005598, 0.006418, -0.016331), (-0.021014, 0.022977, -0.015668),
            (-0.020435, 0.021898, -0.015746), (-0.021733, 0.006091, -0.016052), (-0.0078, 0.029998, -0.015974),
            (-0.008269, 0.031316, -0.015961), (-0.015286, 0.006473, -0.016146), (-0.009334, 0.031893, -0.015886),
            (-0.019808, 0.020951, -0.015733), (-0.019513, 0.019725, -0.015753), (-0.013949, 0.006794, -0.016152),
            (-0.009919, 0.03285, -0.015874), (-0.018467, 0.020518, -0.015693), (-0.021607, 0.00465, -0.016072),
            (-0.012474, 0.007633, -0.016145), (-0.013594, 0.008079, -0.016112), (-0.020178, 0.005939, -0.016052),
            (-0.008843, 0.032964, -0.015973), (-0.019853, 0.018287, -0.015807), (-0.021315, 0.007047, -0.016009),
            (-0.012752, 0.009664, -0.016086), (-0.006638, 0.030623, -0.015967), (-0.007546, 0.032373, -0.015997),
            (-0.012001, 0.008733, -0.016137), (-0.021071, 0.008075, -0.015973), (-0.010508, 0.007786, -0.016198),
            (-0.01851, 0.01889, -0.015822), (-0.019645, 0.007679, -0.016047), (-0.019057, 0.006422, -0.016089),
            (-0.016974, 0.015453, -0.015867), (-0.018082, 0.014678, -0.015883), (-0.018655, 0.005391, -0.016116),
            (-0.010734, 0.00972, -0.01611), (-0.017413, 0.017034, -0.015839), (-0.012107, 0.036745, -0.0158),
            (-0.017539, 0.018134, -0.015839), (-0.011488, 0.010965, -0.016089), (-0.010954, 0.036528, -0.015845),
            (-0.016946, 0.020037, -0.015762), (-0.009615, 0.008708, -0.016172), (-0.022838, 0.01267, -0.015855),
            (-0.0162, 0.016763, -0.015891), (-0.022097, 0.011455, -0.015924), (-0.016239, 0.018636, -0.015793),
            (-0.02167, 0.01013, -0.01597), (-0.009432, 0.035951, -0.015913), (-0.008739, 0.008829, -0.016153),
            (-0.010112, 0.036843, -0.015842), (-0.010776, 0.038131, -0.015707), (-0.007499, -0.001074, -0.016505),
            (-0.007549, -0.000142, -0.016426), (-0.021204, 0.012608, -0.015903), (-0.020604, 0.011178, -0.015918),
            (-0.009762, 0.03789, -0.015811), (-0.008791, 0.037568, -0.015792), (-0.008325, 0.035963, -0.015933),
            (-0.019581, 0.011844, -0.015946), (-0.007667, 0.037078, -0.01584), (-0.020479, 0.024262, -0.015621),
            (-0.019709, 0.022997, -0.015665), (-0.006114, -0.000491, -0.016482), (-0.008807, 0.03424, -0.015973),
            (-0.00768, 0.034336, -0.015942), (-0.018943, 0.013493, -0.015898), (-0.019651, 0.025062, -0.015668),
            (-0.019079, 0.023605, -0.015662), (-0.006392, 0.032054, -0.016072), (-0.006832, 0.033278, -0.01602),
            (-0.018331, 0.022289, -0.01572), (-0.005993, 0.033717, -0.016033), (-0.020227, 0.008981, -0.015991),
            (-0.006155, 0.001636, -0.016435), (-0.01777, 0.007542, -0.016058), (-0.019214, 0.008918, -0.016011),
            (-0.005192, 0.000478, -0.016525), (-0.018329, 0.023879, -0.015693), (-0.017757, 0.008677, -0.016047),
            (-0.018162, 0.009933, -0.016002), (-0.01794, 0.025344, -0.015637), (-0.016715, 0.009642, -0.016062),
            (-0.016618, 0.023337, -0.015705), (-0.017502, 0.024465, -0.015667), (-0.020062, 0.010239, -0.01598),
            (-0.006891, 0.035486, -0.01599), (-0.0185, 0.01094, -0.01596), (-0.015325, 0.019231, -0.015807),
            (-0.00571, 0.03687, -0.015835), (-0.017411, 0.006575, -0.016095), (-0.016282, 0.021257, -0.015746),
            (-0.014627, 0.020314, -0.015828), (-0.01488, 0.021604, -0.015774), (-0.013734, 0.021337, -0.015823),
            (-0.00477, 0.002645, -0.016438), (-0.017679, 0.021388, -0.015766), (-0.005485, 0.003908, -0.01639),
            (-0.005253, 0.034842, -0.016056), (-0.016291, 0.0073, -0.016094), (-0.016813, 0.022232, -0.015718),
            (-0.003955, 0.001328, -0.016467), (-0.00707, 0.0292, -0.015987), (-0.006722, 0.027644, -0.015929),
            (-0.008065, 0.027965, -0.015927), (-0.015976, 0.00877, -0.016077), (-0.015001, 0.008343, -0.016108),
            (-0.00678, 0.025864, -0.015972), (-0.00563, 0.026781, -0.015992), (-0.003436, 0.003251, -0.01645),
            (-0.002835, 0.002045, -0.01652), (-0.005921, 0.028954, -0.016049), (-0.015483, 0.023035, -0.015737),
            (-0.005125, 0.028355, -0.016029), (-0.004389, 0.027696, -0.016025), (-0.01777, 0.012028, -0.015983),
            (-0.016292, 0.024738, -0.015717), (-0.002329, 0.003637, -0.016422), (-0.004374, 0.029166, -0.016095),
            (-0.017667, 0.013191, -0.015964), (-0.005338, 0.02999, -0.016103), (-0.016812, 0.011026, -0.016029),
            (-0.004103, 0.030369, -0.01607), (-0.004024, 0.023125, -0.016098), (-0.004246, 0.024672, -0.016024),
            (-0.002881, 0.023132, -0.016068), (-0.002603, 0.024566, -0.016094), (-0.016353, 0.012679, -0.01594),
            (-0.014336, 0.023113, -0.015777), (-0.005567, 0.025572, -0.016026), (-0.015209, 0.012129, -0.015982),
            (-0.016778, 0.014111, -0.015898), (-0.00446, 0.004528, -0.016389), (-0.004585, 0.026099, -0.016034),
            (-0.003431, 0.026564, -0.016111), (-0.003596, 0.004925, -0.016358), (-0.018581, 0.026003, -0.015625),
            (-0.014817, 0.014109, -0.015973), (-0.015429, 0.010181, -0.01605), (-0.002146, 0.025841, -0.016112),
            (-0.002043, 0.000675, -0.01655), (-0.014048, 0.011382, -0.016053), (-0.014017, 0.009807, -0.016077),
            (-0.015197, 0.015766, -0.015874), (-0.000803, 0.00025, -0.016587), (-0.001517, 0.001536, -0.01656),
            (-0.015116, 0.017273, -0.015896), (-0.012993, 0.01094, -0.016077), (-0.002933, 0.028898, -0.016121),
            (-0.002706, 0.027671, -0.016165), (-0.014204, 0.018634, -0.015827), (-0.001482, 0.002669, -0.016495),
            (-0.013781, 0.015485, -0.015924), (-0.013819, 0.01686, -0.015893), (6e-05, 0.001568, -0.016598),
            (-0.001319, 0.026904, -0.01611), (-0.00154, 0.028202, -0.016208), (-0.01358, 0.013031, -0.015978),
            (0.000129, -0.000262, -0.016657), (-0.012367, 0.01615, -0.015942), (-0.012227, 0.012429, -0.01599),
            (-0.01378, -0.005175, -0.016518), (-0.002658, 0.02988, -0.016135), (0.001322, 0.001476, -0.016634),
            (-0.012968, 0.020317, -0.01583), (-0.002302, 0.031465, -0.016257), (-0.00148, 0.029925, -0.016217),
            (-0.013214, 0.018927, -0.015852), (-0.012742, 0.017848, -0.015895), (-0.011534, -0.005069, -0.016561),
            (-0.000543, 0.027721, -0.016278), (-0.000218, 0.029485, -0.016253), (0.001175, 0.02817, -0.016287),
            (-0.012091, 0.019561, -0.015889), (-0.013194, 0.014335, -0.015979), (-0.01139, -0.007537, -0.016609),
            (-0.011505, -0.006198, -0.016599), (-0.010277, -0.008526, -0.01668), (-0.012165, 0.021867, -0.015811),
            (-0.013054, 0.022115, -0.015769), (-0.011011, 0.018723, -0.015878), (-0.011459, 0.017739, -0.015895),
            (-0.009788, -0.005621, -0.016597), (-0.000834, 0.031333, -0.016252), (-0.012203, 0.013908, -0.015988),
            (-0.009324, -0.007165, -0.016689), (0.000413, 0.031163, -0.016351), (-0.009489, -0.008892, -0.016737),
            (0.00138, 0.029646, -0.016347), (-0.01132, 0.02088, -0.015843), (0.001722, 0.031397, -0.016372),
            (-0.010583, 0.019574, -0.015911), (-0.008751, 0.028546, -0.015886), (-0.010689, 0.016271, -0.01597),
            (-0.010542, 0.017454, -0.015958), (-0.008412, -0.010677, -0.016837), (-0.007816, -0.009632, -0.016767),
            (-0.011013, 0.013267, -0.016048), (-0.010236, 0.011828, -0.016063), (-0.007166, -0.010859, -0.016859),
            (-0.009152, 0.017282, -0.015968), (-0.009747, 0.018391, -0.015914), (-0.008487, -0.00797, -0.016713),
            (-0.009089, 0.019668, -0.015931), (-0.007239, -0.008388, -0.01679), (-0.005479, 0.031298, -0.016031),
            (-0.008211, 0.019164, -0.01596), (-0.005758, -0.00952, -0.016846), (-0.011319, 0.015137, -0.015975),
            (-0.005701, -0.010744, -0.016905), (-0.016779, 0.026938, -0.015671), (-0.009405, 0.013254, -0.016063),
            (-0.004724, 0.031917, -0.01612), (-0.015153, 0.024426, -0.01572), (-0.010211, 0.014379, -0.015988),
            (-0.009198, -0.004247, -0.016595), (-0.015525, 0.026559, -0.015674), (-0.014719, 0.025626, -0.015703),
            (-0.004788, 0.033217, -0.016102), (-0.010004, 0.015416, -0.01597), (-0.014213, 0.024694, -0.01572),
            (-0.013205, 0.023202, -0.015757), (-0.003275, 0.031311, -0.016195), (-0.008607, 0.014816, -0.016034),
            (-0.003478, 0.032345, -0.016164), (-0.012838, 0.024374, -0.015756), (-0.013953, 0.026715, -0.015749),
            (-0.013369, 0.025824, -0.015761), (-0.009025, 0.015939, -0.016005), (-0.003722, 0.033739, -0.016133),
            (-0.004694, -0.008657, -0.016858), (-0.012427, 0.025388, -0.015742), (-0.00801, 0.016741, -0.016023),
            (-0.007444, 0.014965, -0.016034), (-0.011028, 0.024576, -0.015779), (-0.011908, 0.026561, -0.015794),
            (-0.008037, 0.018076, -0.015954), (-0.002398, 0.033023, -0.016177), (-0.011197, 0.025794, -0.015763),
            (-0.006625, 0.017536, -0.016029), (-0.006975, 0.016176, -0.016046), (-0.006508, 0.007653, -0.016293),
            (-0.00109, 0.032599, -0.016218), (-0.004749, 0.007712, -0.01626), (-0.010241, 0.027312, -0.015841),
            (-0.011166, 0.028052, -0.015792), (-0.00627, 0.00897, -0.016233), (-0.004674, 0.036015, -0.015975),
            (-0.017875, 0.027069, -0.015684), (-0.00319, 0.03508, -0.016099), (-0.003646, 0.008894, -0.016334),
            (-0.003249, 0.007927, -0.016328), (-0.017474, 0.028407, -0.015626), (0.002824, 0.031026, -0.016428),
            (-0.009095, 0.010175, -0.016182), (0.001484, 0.032381, -0.016304), (-0.008879, 0.011115, -0.016132),
            (-0.002173, 0.034169, -0.016178), (-0.01575, 0.028405, -0.015715), (-0.001073, 0.033678, -0.016207),
            (-0.007589, 0.009952, -0.016209), (-0.016389, 0.029748, -0.015704), (-0.008506, 0.012138, -0.016084),
            (-0.000916, 0.03481, -0.016141), (-0.00748, 0.011765, -0.016112), (-0.006893, 0.01105, -0.016158),
            (-0.014712, 0.028085, -0.015701), (0.00026, 0.033089, -0.016283), (-0.013726, 0.02812, -0.015716),
            (-0.012321, 0.027617, -0.015756), (-0.015238, 0.03066, -0.015681), (0.001786, 0.03358, -0.016309),
            (-0.008034, 0.013442, -0.016136), (0.002653, 0.032695, -0.016407), (-0.014112, 0.029658, -0.015744),
            (-0.001579, 0.023195, -0.016115), (-0.001425, 0.024643, -0.016209), (-0.001657, 0.022217, -0.016122),
            (-0.005482, 0.010272, -0.016227), (-0.004766, 0.009287, -0.01628), (-0.000571, 0.024346, -0.016211),
            (-0.000338, 0.022841, -0.016135), (-0.00105, 0.020902, -0.016136), (-0.005588, 0.01133, -0.016208),
            (-0.012335, 0.029965, -0.015792), (0.001244, 0.023306, -0.016183), (0.000439, 0.021765, -0.016219),
            (-0.003242, 0.009868, -0.01626), (-0.000617, 0.025758, -0.01618), (-0.006452, 0.012696, -0.016142),
            (-0.01557, 0.034279, -0.015767), (0.000619, 0.024904, -0.016207), (0.000384, 0.026672, -0.016231),
            (-0.012828, 0.02875, -0.015746), (0.00163, 0.025305, -0.016296), (0.002448, 0.024628, -0.016291),
            (-0.00633, 0.014133, -0.016106), (-0.005104, 0.013023, -0.016159), (0.001933, 0.021658, -0.016227),
            (0.002631, 0.022682, -0.016248), (-0.005552, 0.016545, -0.01605), (-0.005398, 0.015468, -0.01612),
            (-0.004626, 0.014562, -0.016159), (0.003071, 0.023706, -0.016331), (0.004161, 0.023105, -0.01637),
            (-0.009826, 0.020363, -0.015921), (-0.011132, 0.022419, -0.015853), (-0.009898, 0.021884, -0.015847),
            (-0.004285, 0.011068, -0.016204), (-0.003612, 0.012003, -0.016248), (-0.008858, 0.023136, -0.015883),
            (-0.008195, 0.022288, -0.015908), (0.001442, 0.026794, -0.016319), (-0.002971, 0.01075, -0.016238),
            (0.002762, 0.026263, -0.016343), (-0.011959, 0.023228, -0.015847), (0.003052, 0.027513, -0.016361),
            (-0.002173, 0.011953, -0.016234), (0.003523, 0.025653, -0.016309), (-0.010181, 0.023391, -0.015817),
            (-0.003487, 0.013216, -0.016184), (-0.008814, 0.024384, -0.015896), (-0.001371, 0.011028, -0.016272),
            (0.00277, 0.028624, -0.016396), (-0.003139, 0.01446, -0.016153), (-0.007606, 0.020448, -0.015941),
            (-0.008597, 0.021174, -0.015925), (0.004276, 0.026998, -0.01646), (-0.003411, 0.006671, -0.016349),
            (-0.002421, 0.005125, -0.016423), (-0.006824, 0.018842, -0.01601), (0.004274, 0.028266, -0.016459),
            (0.005198, 0.027431, -0.01649), (0.004088, 0.024467, -0.016301), (-0.005546, 0.01822, -0.016025),
            (0.004705, 0.025968, -0.016444), (-0.006747, 0.021825, -0.015972), (-0.00124, 0.004307, -0.016477),
            (0.005362, 0.025384, -0.016453), (0.005522, 0.024435, -0.01644), (-0.005913, 0.020943, -0.015997),
            (-0.001947, 0.007244, -0.016345), (-0.006003, 0.01983, -0.015993), (-0.001841, 0.008896, -0.016295),
            (0.006644, 0.02385, -0.016479), (-0.004328, 0.020738, -0.016044), (-0.000931, 0.006306, -0.016389),
            (-0.010047, 0.025917, -0.015798), (2.3e-05, 0.005432, -0.016448), (0.006291, 0.026958, -0.01648),
            (-0.008269, 0.026008, -0.015873), (-0.009093, 0.026718, -0.015844), (0.006911, 0.025488, -0.016458),
            (0.007849, 0.024104, -0.016485), (-8.4e-05, 0.003211, -0.016521), (-0.007274, 0.023155, -0.015925),
            (0.000559, 0.004373, -0.016485), (-0.007578, 0.025224, -0.015891), (-0.007125, 0.02419, -0.015915),
            (0.00171, 0.003567, -0.016556), (0.002751, 0.00207, -0.016648), (0.008708, 0.024711, -0.016583),
            (0.002738, 0.029786, -0.016436), (0.002711, 0.003049, -0.01662), (0.002352, 0.005216, -0.016515),
            (0.001511, 0.005615, -0.016506), (0.003891, 0.02977, -0.016438), (0.00357, 0.003862, -0.016602),
            (0.003398, 0.004903, -0.016556), (-0.005903, 0.023413, -0.015984), (0.000541, 0.006367, -0.016445),
            (0.00509, 0.02959, -0.016501), (0.004731, 0.030848, -0.016496), (-0.004821, 0.022075, -0.016003),
            (0.00619, 0.028677, -0.016541), (0.003889, 0.031815, -0.016472), (-0.000647, 0.010194, -0.016325),
            (-0.00043, 0.008822, -0.016352), (-0.0004, 0.007329, -0.016406), (0.00498, 0.032402, -0.016426),
            (-0.003728, 0.021723, -0.016066), (0.000659, 0.007768, -0.016422), (0.005892, 0.030381, -0.01655),
            (0.00595, 0.031451, -0.016534), (0.007194, 0.031238, -0.016556), (0.000842, 0.008756, -0.016334),
            (-0.00612, 0.024615, -0.015952), (0.007459, 0.02831, -0.016599), (0.008015, 0.025662, -0.01657),
            (0.00494, 0.004826, -0.016602), (0.004417, 0.005949, -0.016539), (0.008141, 0.026706, -0.016594),
            (-0.004669, 0.019044, -0.016082), (0.001836, 0.00682, -0.016441), (0.008486, 0.028008, -0.016589),
            (-0.003426, 0.019183, -0.016075), (0.00229, 0.00817, -0.016443), (0.003215, 0.007152, -0.016496),
            (0.010007, 0.027223, -0.016665), (0.007299, 0.029584, -0.016558), (-0.002988, 0.020134, -0.016044),
            (0.008971, 0.029339, -0.016641), (0.010315, 0.028706, -0.016664), (-0.002479, 0.021336, -0.016108),
            (0.010067, 0.02996, -0.016618), (0.008432, 0.030968, -0.016589), (-0.001799, 0.009956, -0.016299),
            (0.009746, 0.02572, -0.016678), (0.010751, 0.024958, -0.016644), (0.01109, 0.026167, -0.016707),
            (-0.003823, 0.017389, -0.016085), (0.011239, 0.027671, -0.016684), (-0.004076, 0.016113, -0.016088),
            (-0.021794, 0.040847, -0.014791), (0.01198, 0.025565, -0.016727), (-0.002495, 0.016081, -0.016194),
            (-0.020726, 0.041891, -0.015077), (0.012348, 0.027034, -0.016731), (0.012889, 0.025827, -0.016802),
            (-0.002921, 0.018239, -0.01609), (0.011532, 0.028788, -0.016704), (-0.001933, 0.014653, -0.016176),
            (0.01281, 0.028155, -0.016784), (0.013063, 0.0293, -0.016625), (0.01352, 0.027065, -0.016764),
            (0.014333, 0.026338, -0.016809), (0.014647, 0.027526, -0.016767), (-0.000605, 0.015751, -0.016178),
            (0.016297, 0.027193, -0.016832), (0.01565, 0.028161, -0.016685), (-0.032818, 0.009791, -0.014022),
            (-0.032252, 0.011292, -0.014385), (-0.032557, 0.0105, -0.010471), (-0.032443, 0.010709, -0.008541),
            (-0.032738, 0.009971, -0.012145), (-0.032191, 0.011154, -0.006931), (-0.032195, 0.011493, -0.012536),
            (-0.007704, 0.038002, -0.01509), (-0.031987, 0.011968, -0.008865), (-0.031681, 0.01314, -0.01258),
            (-0.03158, 0.013124, -0.014366), (-0.031752, 0.012673, -0.011013), (-0.031682, 0.012643, -0.007013),
            (-0.031473, 0.013457, -0.008999), (-0.030774, 0.01477, -0.014926), (-0.030078, 0.016619, -0.014888),
            (-0.03105, 0.014793, -0.013515), (-0.030991, 0.014924, -0.011894), (-0.031035, 0.014642, -0.009874),
            (-0.030565, 0.016152, -0.01173), (-0.030211, 0.017379, -0.012989), (-0.030446, 0.016298, -0.009549),
            (-0.030097, 0.017476, -0.011288), (-0.030758, 0.015325, -0.00772), (-0.006792, 0.037728, -0.014974),
            (-0.00589, 0.037361, -0.014979), (-0.00424, 0.036716, -0.015164), (-0.003334, 0.036343, -0.015357),
            (-0.005222, 0.037089, -0.015032), (-0.00466, 0.036887, -0.013174), (-0.029753, 0.01822, -0.014448),
            (-0.029656, 0.018797, -0.013037), (-0.02891, 0.020636, -0.014366), (-0.031816, 0.012038, -0.004013),
            (-0.002433, 0.035977, -0.015394), (-0.002462, 0.036025, -0.013037), (-0.001346, 0.035625, -0.015004),
            (-0.028038, 0.022616, -0.014699), (-0.000181, 0.035178, -0.015288), (-0.031083, 0.014099, -0.005101),
            (-0.031234, 0.013885, -0.006819), (-0.00079, 0.035387, -0.013251), (0.000717, 0.0345, -0.016),
            (0.001441, 0.034534, -0.015544), (-0.029054, 0.020405, -0.012089), (-0.030612, 0.015419, -0.005652),
            (0.00209, 0.034383, -0.014739), (0.003822, 0.033613, -0.015717), (-0.029871, 0.017906, -0.009917),
            (-0.029566, 0.019009, -0.011193), (0.00331, 0.033831, -0.014694), (-0.030556, 0.015466, -0.004015),
            (-0.030201, 0.016475, -0.004131), (0.000654, 0.034824, -0.013337), (0.000829, 0.034805, -0.015035),
            (-0.030143, 0.016904, -0.005484), (-0.029284, 0.019547, -0.010316), (-0.028877, 0.020747, -0.009801),
            (0.003184, 0.033841, -0.013769), (-0.028423, 0.02228, -0.013288), (0.002903, 0.033858, -0.011826),
            (-0.027827, 0.024146, -0.013896), (-0.031443, 0.012835, -0.002155), (-0.031131, 0.013806, -0.003376),
            (-0.011257, 0.039312, -0.015192), (-0.009784, 0.038825, -0.014756), (-0.030777, 0.014623, -0.002295),
            (-0.011635, 0.039599, -0.014305), (-0.010281, 0.039083, -0.014019), (-0.008748, 0.038405, -0.015003),
            (-0.028513, 0.02202, -0.011261), (-0.008181, 0.038263, -0.014072), (-0.027999, 0.023454, -0.01176),
            (-0.031205, 0.013279, -0.000295), (-0.010278, 0.039081, -0.012754), (-0.012015, 0.039765, -0.01352),
            (-0.01141, 0.03947, -0.010787), (-0.008811, 0.038481, -0.012265), (-0.03048, 0.015281, -0.00077),
            (-0.009076, 0.038504, -0.01037), (-0.006953, 0.037762, -0.012136), (-0.030068, 0.017342, -0.008227),
            (-0.012694, 0.039959, -0.009677), (-0.013162, 0.040192, -0.011379), (-0.02961, 0.018486, -0.006573),
            (-0.029696, 0.017897, -0.0042), (-0.029528, 0.018945, -0.008932), (-0.030068, 0.016652, -0.002563),
            (-0.010807, 0.039106, -0.007994), (-0.013619, 0.040323, -0.008392), (-0.011851, 0.039516, -0.007363),
            (-0.028877, 0.020614, -0.007627), (-0.009258, 0.038482, -0.008193), (-0.028859, 0.020597, -0.00629),
            (-0.0299, 0.016809, -0.000622), (-0.007706, 0.037951, -0.009703), (-0.005895, 0.037266, -0.010598),
            (-0.029521, 0.018171, -0.002248), (-0.029113, 0.019563, -0.003478), (-0.027555, 0.024705, -0.010619),
            (-0.027249, 0.025694, -0.012266), (-0.006493, 0.037365, -0.008113), (-0.028231, 0.022686, -0.00995),
            (-0.008248, 0.037964, -0.006296), (-0.029076, 0.019384, -0.001357), (-0.027767, 0.02406, -0.009527),
            (-0.028389, 0.02201, -0.008044), (-0.027986, 0.023154, -0.007908), (-0.004015, 0.036536, -0.01066),
            (-0.004121, 0.036449, -0.007894), (-0.027471, 0.024629, -0.007829), (-0.005854, 0.036989, -0.005979),
            (-0.004123, 0.03625, -0.005405), (-0.027145, 0.025795, -0.008372), (-0.029373, 0.018909, -0.005142),
            (-0.002127, 0.035576, -0.006889), (-0.002309, 0.035785, -0.008639), (-0.002029, 0.035426, -0.005174),
            (-0.02849, 0.021391, -0.004904), (-0.028397, 0.021459, -0.003152), (-0.028087, 0.022815, -0.006177),
            (-0.027779, 0.023462, -0.005094), (-0.027541, 0.024361, -0.006211), (-0.027071, 0.025809, -0.006515),
            (-0.027908, 0.02287, -0.003612), (-0.027338, 0.024668, -0.003817), (-0.02748, 0.024089, -0.002747),
            (-0.026966, 0.025978, -0.004913), (-0.001574, 0.035577, -0.010309), (0.000411, 0.034795, -0.010961),
            (-0.027005, 0.02558, -0.014604), (-0.026843, 0.026931, -0.013877), (0.000464, 0.034706, -0.009184),
            (0.002022, 0.03397, -0.007539), (0.00332, 0.033591, -0.009663), (-0.025954, 0.02808, -0.014828),
            (-0.000227, 0.034859, -0.007324), (-0.026263, 0.02874, -0.013116), (-0.025849, 0.029816, -0.013976),
            (-0.025109, 0.0314, -0.014583), (0.000237, 0.034508, -0.004822), (-0.026995, 0.026261, -0.010944),
            (-0.026562, 0.027912, -0.011958), (-0.026153, 0.028914, -0.01095), (-0.026989, 0.026328, -0.009712),
            (-0.026579, 0.027469, -0.008198), (0.006244, 0.032714, -0.015485), (0.006838, 0.032478, -0.015595),
            (-0.025659, 0.030745, -0.012458), (0.007443, 0.032251, -0.015432), (-0.025215, 0.032128, -0.01322),
            (-0.025042, 0.032735, -0.011931), (-0.025677, 0.030452, -0.01072), (0.00816, 0.031963, -0.01509),
            (0.009579, 0.031338, -0.016022), (-0.025779, 0.030039, -0.008892), (0.011174, 0.030656, -0.016183),
            (0.00431, 0.03345, -0.01488), (-0.026057, 0.028936, -0.007722), (0.005263, 0.033, -0.013437),
            (0.005066, 0.033171, -0.015341), (-0.026326, 0.027892, -0.006308), (0.005955, 0.032817, -0.014875),
            (0.007247, 0.03229, -0.014554), (0.008068, 0.031871, -0.013059), (0.005347, 0.032838, -0.011236),
            (0.007411, 0.031958, -0.00984), (-0.026148, 0.028317, -0.003948), (-0.025901, 0.029079, -0.005396),
            (-0.025566, 0.03026, -0.005679), (0.008861, 0.031672, -0.014698), (0.009392, 0.031394, -0.013575),
            (0.009584, 0.031388, -0.014645), (0.010716, 0.030958, -0.01498), (-0.025012, 0.032737, -0.00988),
            (0.010932, 0.030763, -0.013317), (-0.025446, 0.031198, -0.007747), (-0.024709, 0.033747, -0.0089),
            (-0.025183, 0.031716, -0.006576), (0.009564, 0.031138, -0.010929), (-0.024917, 0.032938, -0.007495),
            (-0.02403, 0.036246, -0.013801), (-0.023431, 0.037556, -0.014243), (-0.023697, 0.037472, -0.012572),
            (-0.022786, 0.039723, -0.014008), (-0.023063, 0.039263, -0.012411), (0.014898, 0.029213, -0.016232),
            (-0.023214, 0.038947, -0.010833), (-0.023915, 0.036862, -0.01038), (0.012378, 0.030369, -0.015154),
            (0.013204, 0.029977, -0.01492), (0.011673, 0.030579, -0.014866), (0.014071, 0.029678, -0.01563),
            (-0.022569, 0.040944, -0.010809), (0.01457, 0.029464, -0.015078), (0.013821, 0.029727, -0.014789),
            (-0.022994, 0.03953, -0.008796), (-0.022595, 0.040509, -0.009366), (-0.02472, 0.033039, -0.014395),
            (-0.024495, 0.034669, -0.013268), (0.016088, 0.028877, -0.015674), (0.015333, 0.029168, -0.015114),
            (-0.024705, 0.03405, -0.011397), (0.016081, 0.028742, -0.013506), (0.016923, 0.028525, -0.015172),
            (0.011676, 0.030348, -0.011519), (0.013369, 0.029765, -0.012967), (-0.024139, 0.036017, -0.011654),
            (0.01048, 0.030736, -0.009808), (0.01396, 0.029437, -0.012066), (0.013007, 0.029755, -0.009904),
            (-0.024372, 0.035232, -0.010273), (0.016112, 0.028584, -0.011287), (-0.022309, 0.041449, -0.013038),
            (0.01725, 0.028193, -0.012883), (0.018056, 0.027796, -0.011582), (0.014744, 0.029055, -0.009718),
            (-0.024348, 0.035306, -0.007403), (-0.024168, 0.035963, -0.008638), (-0.021699, 0.042474, -0.014041),
            (-0.023535, 0.03797, -0.009344), (-0.023837, 0.037134, -0.007349), (-0.020741, 0.042895, -0.014145),
            (0.016653, 0.028276, -0.009043), (-0.020135, 0.042706, -0.014451), (-0.019181, 0.0424, -0.014275),
            (-0.020108, 0.042845, -0.012773), (-0.021528, 0.042845, -0.01176), (0.005596, 0.032631, -0.009151),
            (0.005323, 0.032643, -0.007516), (-0.022132, 0.041977, -0.009075), (-0.02095, 0.04308, -0.010386),
            (0.008072, 0.03155, -0.007216), (0.008917, 0.031318, -0.008981), (0.00384, 0.033103, -0.005429),
            (0.006699, 0.031966, -0.004928), (-0.018437, 0.042179, -0.014122), (-0.017876, 0.041903, -0.014628),
            (-0.016888, 0.041583, -0.014536), (0.006399, 0.031978, -0.002654), (0.008058, 0.031372, -0.003232),
            (-0.018788, 0.042333, -0.012706), (0.00996, 0.030815, -0.007405), (-0.015957, 0.041305, -0.014377),
            (0.010737, 0.030454, -0.006211), (0.011613, 0.030205, -0.008101), (-0.015381, 0.041055, -0.014469),
            (-0.016826, 0.041715, -0.012239), (-0.014899, 0.040929, -0.013901), (0.01306, 0.029603, -0.007438),
            (-0.012958, 0.040005, -0.014976), (0.014954, 0.028909, -0.00799), (0.01482, 0.028872, -0.006229),
            (-0.013721, 0.040453, -0.014182), (-0.013689, 0.040422, -0.013179), (0.016455, 0.02826, -0.006868),
            (-0.013012, 0.040167, -0.014052), (0.009091, 0.031031, -0.00478), (-0.018916, 0.042357, -0.010468),
            (0.011028, 0.03027, -0.00421), (0.012659, 0.029706, -0.005569), (0.009758, 0.030692, -0.001918),
            (0.011813, 0.029945, -0.002976), (0.013013, 0.02949, -0.004405), (0.013412, 0.029283, -0.001969),
            (0.014012, 0.029104, -0.003407), (0.01479, 0.028755, -0.001527), (0.015226, 0.028649, -0.003933),
            (-0.017843, 0.042035, -0.009088), (-0.015369, 0.041123, -0.009823), (-0.014768, 0.040898, -0.011832),
            (0.017532, 0.02831, -0.015713), (0.018594, 0.027847, -0.015956), (0.018362, 0.027962, -0.015352),
            (0.018535, 0.02776, -0.013708), (0.00222, -0.007496, -0.017017), (0.002011, -0.009225, -0.017052),
            (0.001203, -0.007551, -0.016982), (0.001658, -0.018797, -0.017473), (0.010726, -0.004932, -0.017257),
            (0.012066, -0.004289, -0.017307), (0.012121, -0.005526, -0.017353), (0.00052, -0.009173, -0.01702),
            (0.012219, 0.013109, -0.016678), (0.013394, 0.012006, -0.016794), (0.011679, 0.011905, -0.016695),
            (0.00283, -0.01866, -0.017503), (0.003628, -0.01978, -0.017613), (0.0136, -0.0048, -0.017475),
            (0.01364, 0.013298, -0.016816), (0.013113, -0.006077, -0.017512), (0.004879, -0.019, -0.017641),
            (0.004979, -0.020313, -0.01775), (0.003497, -0.008714, -0.017132), (0.012129, -0.002986, -0.017225),
            (0.015196, 0.009124, -0.01694), (0.015858, 0.010168, -0.016999), (0.016935, 0.009572, -0.017056),
            (0.006294, -0.021177, -0.0178), (0.000713, -0.005349, -0.016842), (0.001998, -0.00612, -0.01696),
            (0.014513, 0.011141, -0.01686), (0.012708, 0.010491, -0.016804), (0.002869, -0.004298, -0.016879),
            (0.001629, -0.004834, -0.016919), (0.003184, -0.00688, -0.016985), (0.006545, -0.019154, -0.017723),
            (0.003834, -0.00531, -0.016993), (0.011328, -0.001733, -0.017125), (0.012774, -0.002216, -0.017226),
            (0.014994, 0.01212, -0.016866), (0.006651, -0.02001, -0.017775), (0.014423, 0.010194, -0.016878),
            (0.005393, -0.008, -0.01713), (0.004557, -0.009139, -0.017158), (0.00595, -0.018224, -0.017664),
            (0.004406, -0.006969, -0.017044), (0.012832, -0.00054, -0.017215), (0.016209, 0.01138, -0.017052),
            (0.01362, -0.001672, -0.017293), (0.017436, 0.011043, -0.017053), (0.016131, 0.012758, -0.016945),
            (0.007126, -0.017719, -0.017706), (0.007989, -0.018252, -0.017785), (0.015657, 0.013854, -0.016899),
            (0.00103, -0.00364, -0.016828), (0.001419, -0.002607, -0.016773), (0.000661, -0.001856, -0.016739),
            (0.014738, -0.002037, -0.017471), (0.014953, -0.000678, -0.017336), (0.007063, -0.023149, -0.018167),
            (0.009901, -0.001683, -0.017092), (0.009717, 7.6e-05, -0.017013), (0.011209, -0.000464, -0.017105),
            (0.013889, 0.014161, -0.01681), (0.014891, 0.01495, -0.016845), (0.008933, -0.000551, -0.01698),
            (0.008151, -0.022163, -0.018314), (0.017211, 0.013629, -0.017036), (0.010566, 0.000792, -0.016983),
            (0.017335, 0.01233, -0.016971), (0.002757, -0.002519, -0.016847), (0.00783, -0.020716, -0.017972),
            (0.015993, 0.015768, -0.01692), (0.016796, 0.014659, -0.017011), (0.001383, -0.00035, -0.016673),
            (0.007935, -0.019469, -0.017851), (0.012168, 0.000741, -0.01713), (0.002132, -0.001078, -0.016745),
            (0.008759, -0.020336, -0.018207), (0.018194, 0.012981, -0.017061), (0.018704, 0.011369, -0.017123),
            (0.013157, 0.001572, -0.017116), (0.013938, 0.000713, -0.017207), (0.009614, -0.019179, -0.018232),
            (0.011454, 0.001567, -0.017081), (0.018374, 0.014497, -0.017027), (0.01947, 0.01284, -0.017135),
            (0.003495, -0.000948, -0.016788), (0.012197, 0.002734, -0.017049), (0.011153, 0.002609, -0.017035),
            (0.017706, 0.016157, -0.017003), (0.009523, -0.017945, -0.018083), (0.004062, -0.0022, -0.016864),
            (0.008448, -0.016871, -0.017649), (0.009811, -0.016336, -0.017962), (0.019286, 0.015355, -0.017061),
            (0.019931, 0.014178, -0.017107), (0.018995, 0.016831, -0.017081), (0.004093, -0.003602, -0.016922),
            (0.005216, -0.004541, -0.017009), (0.020809, 0.0149, -0.0172), (0.005457, -0.00619, -0.017093),
            (0.010889, 0.013911, -0.016617), (0.010197, 0.012545, -0.016612), (-0.003793, -0.013266, -0.017025),
            (0.014002, -0.003451, -0.017397), (0.011877, 0.014916, -0.016636), (0.011299, 0.013033, -0.016646),
            (0.015662, -0.003734, -0.017905), (-0.004325, -0.012062, -0.016975), (0.006528, -0.005757, -0.017091),
            (0.007378, -0.004626, -0.017089), (0.013116, 0.015498, -0.016736), (-0.002504, -0.011815, -0.01703),
            (0.006299, -0.00375, -0.017009), (-0.003233, -0.010637, -0.016912), (-0.000327, -0.01519, -0.017216),
            (0.005378, -0.002197, -0.016907), (0.014619, 0.01628, -0.016791), (0.013102, 0.01702, -0.016677),
            (0.013777, 0.017859, -0.016765), (0.015111, 0.017442, -0.016877), (-0.002767, -0.01391, -0.017094),
            (0.005651, -0.010947, -0.017273), (0.005275, -0.01203, -0.017344), (0.003581, -0.011442, -0.01725),
            (0.002464, -0.01037, -0.017109), (0.003863, -0.010244, -0.017181), (-0.001602, -0.014352, -0.017125),
            (0.01603, -0.001747, -0.017913), (0.005629, -0.009484, -0.017199), (-0.002018, -0.01309, -0.017077),
            (0.011493, 0.003916, -0.016926), (0.006156, -0.013543, -0.01746), (0.005235, -0.013493, -0.017372),
            (0.006663, -0.012618, -0.01744), (-0.001135, -0.012581, -0.017111), (0.013549, 0.002498, -0.017134),
            (0.007292, -0.011134, -0.017272), (-0.000137, -0.013983, -0.017198), (0.01297, 0.003976, -0.017067),
            (0.014171, 0.003768, -0.017115), (0.016646, 0.016802, -0.016951), (0.007083, -0.008142, -0.017219),
            (0.006987, -0.009488, -0.017284), (0.016205, 0.018607, -0.01689), (-0.002309, -0.010098, -0.016979),
            (0.017582, 0.017921, -0.016989), (-0.001418, -0.010855, -0.017023), (-0.000584, -0.01188, -0.017073),
            (0.008194, -0.009965, -0.017312), (0.015406, 0.000919, -0.017307), (-0.000386, -0.010107, -0.017035),
            (0.000798, -0.012109, -0.017109), (0.007606, -0.013886, -0.01747), (0.000827, -0.013442, -0.017231),
            (0.007859, -0.012461, -0.017483), (0.001834, -0.013057, -0.017218), (0.015069, 0.002269, -0.017226),
            (0.009067, -0.012604, -0.017512), (0.008125, -0.015629, -0.017628), (0.00844, -0.014523, -0.017581),
            (0.009975, -0.015023, -0.017844), (0.016482, 0.008308, -0.017076), (0.017411, 0.007852, -0.01713),
            (0.001121, -0.010905, -0.017117), (0.00961, -0.013793, -0.017635), (0.018367, 0.008705, -0.017184),
            (0.017982, 0.010014, -0.01711), (0.002344, -0.011553, -0.017173), (0.015332, 0.003598, -0.017162),
            (0.018634, 0.007119, -0.017461), (0.017506, 0.006677, -0.017167), (0.010642, -0.012553, -0.017588),
            (0.01107, -0.013815, -0.01808), (0.014546, 0.004888, -0.017081), (0.019685, 0.008221, -0.017622),
            (0.016218, 0.002502, -0.017321), (0.017216, 0.003905, -0.017446), (0.017566, 0.002652, -0.017807),
            (0.019416, 0.009942, -0.017319), (0.019705, 0.011284, -0.017243), (-0.00444, -0.010628, -0.016916),
            (0.008644, -0.011336, -0.017357), (0.009736, -0.010304, -0.017393), (0.010256, -0.011387, -0.017412),
            (0.016503, -0.00015, -0.017859), (-0.003237, -0.008687, -0.016898), (0.020837, 0.011477, -0.017443),
            (0.008357, -0.007908, -0.017256), (0.0096, -0.008916, -0.017372), (0.017381, 0.000934, -0.017806),
            (0.01028, -0.007819, -0.01741), (0.02097, 0.013477, -0.017343), (0.008825, -0.00659, -0.017232),
            (0.009962, -0.00641, -0.01729), (0.011541, -0.011801, -0.017834), (0.011717, -0.01049, -0.01778),
            (0.012695, -0.011685, -0.017789), (-0.001567, -0.00907, -0.016961), (-0.002993, -0.007189, -0.016805),
            (0.021961, 0.014793, -0.017284), (0.016045, 0.00478, -0.017198), (-0.001626, -0.007961, -0.01688),
            (0.011556, -0.008717, -0.017477), (0.020369, 0.01591, -0.017188), (0.020736, 0.016893, -0.017154),
            (-0.001454, -0.006688, -0.016888), (0.017479, 0.005524, -0.017257), (0.02141, 0.017778, -0.017163),
            (0.0217, 0.016302, -0.017231), (0.015045, 0.019758, -0.016775), (0.016546, 0.020293, -0.016925),
            (-0.000259, -0.007697, -0.016948), (0.018786, 0.005006, -0.017713), (0.017319, 0.01921, -0.016979),
            (0.019487, 0.006573, -0.017435), (0.017951, 0.020315, -0.017053), (0.01108, -0.006621, -0.017341),
            (0.002723, 0.000755, -0.016705), (0.017828, 0.021486, -0.016992), (0.016729, 0.022159, -0.016928),
            (0.013143, -0.009344, -0.018088), (0.019042, 0.019412, -0.017084), (0.019741, 0.020424, -0.017107),
            (0.018812, 0.021709, -0.016991), (0.000645, -0.017186, -0.017333), (0.01275, -0.008204, -0.017776),
            (0.003709, 0.001018, -0.016723), (0.000549, -0.015836, -0.017303), (0.006754, -0.007049, -0.017179),
            (0.00409, 0.002234, -0.016678), (0.007463, -0.005888, -0.017156), (0.001956, -0.0175, -0.017433),
            (0.017752, 0.023042, -0.017022), (0.00485, 0.003464, -0.016647), (0.005582, 0.002183, -0.016725),
            (0.001178, -0.014977, -0.017242), (0.002076, -0.015712, -0.017364), (0.009227, -0.005316, -0.017209),
            (0.018556, 0.018317, -0.016996), (0.004788, 0.000448, -0.016765), (0.002273, -0.014165, -0.017287),
            (0.019667, 0.017839, -0.017107), (0.003484, -0.017865, -0.017493), (0.002746, -0.016424, -0.017362),
            (0.003783, -0.016591, -0.017423), (0.003636, -0.015221, -0.017423), (0.02034, 0.018718, -0.017126),
            (0.021157, 0.019374, -0.017203), (0.011452, -0.015174, -0.017855), (0.004767, -0.017509, -0.017639),
            (0.012043, -0.013211, -0.017442), (0.006051, 0.003564, -0.016731), (0.003676, -0.013645, -0.017341),
            (0.022429, 0.018508, -0.017294), (0.004842, -0.015693, -0.017439), (0.005315, -0.000838, -0.016855),
            (0.004539, -0.014198, -0.01739), (0.018158, 0.024038, -0.016966), (0.01916, 0.023005, -0.017026),
            (0.005782, -0.015168, -0.017558), (0.007051, 0.003185, -0.016829), (0.00623, 0.001009, -0.01679),
            (0.00714, -0.002874, -0.017029), (0.008425, -0.003793, -0.017103), (0.002969, -0.012714, -0.017275),
            (0.007055, -0.001633, -0.016935), (0.006404, 0.006204, -0.016626), (0.006811, 0.004922, -0.016659),
            (0.006625, -0.00025, -0.016887), (0.020239, 0.021745, -0.017111), (0.020392, 0.023149, -0.017036),
            (0.020066, 0.024405, -0.016955), (0.01919, 0.026952, -0.016721), (0.00838, -0.00206, -0.017021),
            (0.007761, 0.004621, -0.016717), (0.007982, 0.00319, -0.016855), (0.020156, 0.026025, -0.016815),
            (0.007847, -7.5e-05, -0.016905), (0.021761, 0.023805, -0.016965), (0.007121, 0.001466, -0.016806),
            (0.007976, 0.005791, -0.016665), (0.021089, 0.025007, -0.016887), (0.005748, -0.01657, -0.017554),
            (0.006401, -0.017291, -0.017598), (0.02134, 0.020688, -0.017127), (0.021426, 0.022168, -0.017055),
            (0.022572, 0.021269, -0.017132), (0.008283, 0.001807, -0.016879), (0.007158, -0.016317, -0.017638),
            (0.022152, 0.019855, -0.01719), (0.023454, 0.019354, -0.016966), (0.023328, 0.020521, -0.017172),
            (0.006874, -0.015011, -0.017546), (0.009107, 0.002832, -0.016851), (0.009901, 0.002072, -0.016936),
            (0.022714, 0.023099, -0.017046), (0.009004, 0.004543, -0.016814), (0.02374, 0.022042, -0.017056),
            (0.010299, 0.004017, -0.016899), (0.012149, -0.007028, -0.017441), (0.007917, 0.007372, -0.016611),
            (0.024296, 0.023617, -0.01692), (0.008842, 0.00649, -0.016687), (0.013474, -0.006952, -0.017876),
            (0.013596, -0.008983, -0.017357), (0.022859, 0.017256, -0.017093), (-8.3e-05, -0.006248, -0.016884),
            (0.022607, 0.01592, -0.016797), (-0.001001, -0.005342, -0.016809), (0.014844, -0.005664, -0.017807),
            (0.009448, 0.008078, -0.016669), (0.01032, 0.006939, -0.01673), (0.021999, 0.026086, -0.016602),
            (0.023058, 0.024869, -0.016841), (0.011069, 0.008115, -0.016775), (0.009067, -0.002635, -0.017068),
            (0.010124, -0.003816, -0.017178), (-0.000672, -0.004249, -0.016806), (0.008277, 0.008744, -0.016567),
            (0.010562, -0.002839, -0.017171), (0.009132, 0.009579, -0.016582), (0.010253, 0.008824, -0.016712),
            (0.009953, 0.005459, -0.016828), (0.011313, 0.005927, -0.016879), (0.012127, 0.004986, -0.016982),
            (0.01204, 0.007552, -0.016822), (0.012431, 0.006296, -0.016956), (0.01373, 0.005712, -0.016967),
            (0.010133, 0.010251, -0.016607), (0.01, 0.011335, -0.01664), (0.011185, 0.009654, -0.01669),
            (0.011084, 0.011082, -0.01668), (0.012525, 0.008951, -0.016813), (0.01325, 0.007056, -0.016939),
            (0.014274, 0.006973, -0.017014), (0.014289, 0.008138, -0.01698), (0.013703, 0.009307, -0.016875),
            (0.015786, 0.007125, -0.017091), (0.015587, 0.005952, -0.017118), (0.013392, -0.011766, -0.000892),
            (0.012733, -0.013413, -0.001651), (0.013121, -0.012153, -0.003179), (0.01364, -0.010978, -0.002452),
            (0.013231, -0.009809, -0.011242), (0.012525, -0.011545, -0.011878), (0.012854, -0.010437, -0.012476),
            (0.02032, 0.009807, -0.012461), (0.02008, 0.009649, -0.014843), (0.020747, 0.01134, -0.013648),
            (0.012748, -0.011603, -0.009853), (0.01336, -0.009757, -0.009885), (0.013134, -0.009466, -0.013203),
            (0.019573, 0.007934, -0.013333), (0.013821, -0.008175, -0.011177), (0.019437, 0.007276, -0.011188),
            (0.019113, 0.006555, -0.012314), (0.013918, -0.007358, -0.012972), (0.014262, -0.009247, -0.002119),
            (0.014159, -0.00926, -0.003431), (0.019988, 0.008638, -0.01123), (0.012995, -0.011125, -0.008172),
            (0.013668, -0.009246, -0.008647), (0.02017, 0.008713, -0.009539), (0.013805, -0.009228, -0.007073),
            (0.02056, 0.010122, -0.010199), (0.013314, -0.012236, 0.00058), (0.014299, -0.007608, -0.008235),
            (0.014534, -0.006662, -0.009909), (0.021142, 0.011945, -0.011943), (0.021034, 0.011396, -0.010665),
            (0.020804, 0.011477, -0.01545), (0.021595, 0.013594, -0.015523), (0.008518, -0.022028, -0.017288),
            (0.021361, 0.013132, -0.014265), (0.008162, -0.022242, -0.015852), (0.012374, -0.01368, -0.005009),
            (0.011673, -0.015202, -0.006133), (0.012307, -0.013142, -0.007367), (0.014151, -0.009977, -0.000494),
            (0.012784, -0.012003, -0.006695), (0.021906, 0.014715, -0.014375), (0.009427, -0.020507, -0.017764),
            (0.013098, -0.011743, -0.00478), (0.021594, 0.013403, -0.012912), (0.008714, -0.020779, -0.016339),
            (0.013197, -0.010891, -0.006556), (0.014057, -0.010183, 0.000938), (0.013756, -0.009795, -0.005084),
            (0.021902, 0.013848, -0.010913), (0.01233, -0.014275, -0.003087), (0.00959, -0.019176, -0.017095),
            (0.009399, -0.018997, -0.015524), (0.022499, 0.015903, -0.012535), (0.014653, -0.007703, -0.003557),
            (0.014924, -0.006754, -0.005106), (0.015513, -0.005347, -0.003646), (0.015356, -0.006249, -0.002334),
            (0.010846, -0.017685, -0.017989), (0.00988, -0.017662, -0.016346), (0.014276, -0.008312, -0.004967),
            (0.010884, -0.016675, -0.017435), (0.014358, -0.007849, -0.006646), (0.014786, -0.007751, -0.001954),
            (0.014901, -0.006054, -0.00805), (0.014861, -0.008039, -5.4e-05), (0.015205, -0.005653, -0.00609),
            (0.014622, -0.00896, 0.001357), (0.01548, -0.006297, -0.000399), (0.013035, -0.013364, 0.001848),
            (0.013889, -0.01107, 0.002323), (0.024318, 0.02117, -0.016298), (0.013569, -0.01205, 0.003255),
            (0.021922, 0.0136, -0.0169), (0.014141, -0.010971, 0.00494), (0.013268, -0.013266, 0.00401),
            (0.022511, 0.016284, -0.014119), (0.022331, 0.015954, -0.015487), (0.022728, 0.017178, -0.015207),
            (0.014243, -0.007088, -0.017038), (0.013426, -0.008204, -0.015969), (0.014629, -0.009266, 0.00354),
            (0.023328, 0.018062, -0.01618), (0.023567, 0.01913, -0.015279), (0.015167, -0.007328, 0.001842),
            (0.014913, -0.008887, 0.005125), (0.023162, 0.017948, -0.013346), (0.01357, -0.007995, -0.01424),
            (0.014385, -0.005671, -0.015887), (0.023833, 0.019837, -0.013881), (0.024516, 0.021893, -0.014977),
            (0.015787, -0.005666, 0.001145), (0.015075, -0.004294, -0.016603), (0.024972, 0.022827, -0.016133),
            (0.014418, -0.005748, -0.014559), (0.014864, -0.004706, -0.013454), (0.015447, -0.002873, -0.014543),
            (0.015211, -0.007527, 0.003116), (0.023173, 0.025813, -0.016253), (0.025505, 0.024527, -0.015952),
            (0.025556, 0.024386, -0.01517), (0.015898, -0.005765, 0.003149), (0.024183, 0.025407, -0.016214),
            (0.024964, 0.024894, -0.016348), (0.025099, 0.025257, -0.015057), (0.015677, -0.00254, -0.016507),
            (0.025574, 0.024041, -0.014307), (0.020766, 0.009968, -0.008232), (0.011981, -0.017757, 0.009701),
            (0.020386, 0.008908, -0.007677), (0.019775, 0.007444, -0.008961), (0.016768, -0.001076, -0.017178),
            (0.012102, -0.017013, 0.007924), (0.012119, -0.016579, 0.005763), (0.012636, -0.015193, 0.006184),
            (0.012634, -0.015568, 0.007769), (0.021281, 0.011462, -0.008678), (0.02151, 0.012574, -0.009738),
            (0.016209, -0.000964, -0.015148), (0.012464, -0.016447, 0.009559), (0.020621, 0.009047, -0.006052),
            (0.021474, 0.011478, -0.006707), (0.021167, 0.010249, -0.004997), (0.02207, 0.013458, -0.00754),
            (0.022724, 0.016099, -0.010991), (0.01304, -0.014885, 0.009713), (0.016847, 0.0006, -0.016487),
            (0.013014, -0.015329, 0.01088), (0.013119, -0.014112, 0.00753), (0.02268, 0.015315, -0.008076),
            (0.01758, 0.002109, -0.016671), (0.023006, 0.016523, -0.009245), (0.012902, -0.014334, 0.005219),
            (0.013461, -0.012908, 0.005971), (0.020466, 0.008259, -0.004136), (0.021085, 0.009647, -0.003076),
            (0.014003, -0.011653, 0.006686), (0.02169, 0.011833, -0.005121), (0.013605, -0.012857, 0.00829),
            (0.018556, 0.004084, -0.017005), (0.017651, 0.00322, -0.015741), (0.013842, -0.012739, 0.009833),
            (0.012971, -0.00942, -0.015067), (0.021986, 0.012202, -0.003086), (0.018863, 0.005651, -0.016526),
            (0.022434, 0.013679, -0.00448), (0.008603, -0.021393, -0.014252), (0.014165, -0.011483, 0.008698),
            (0.023014, 0.015681, -0.0063), (0.009139, -0.019922, -0.014384), (0.009132, -0.020737, -0.012014),
            (0.009545, -0.019516, -0.012336), (0.012891, -0.015781, 0.012342), (0.023224, 0.015902, -0.004317),
            (0.013457, -0.014291, 0.011414), (0.013155, -0.015101, 0.013672), (0.015633, -0.00292, -0.01243),
            (0.010094, -0.017314, -0.014803), (0.015389, -0.003998, -0.0108), (0.019869, 0.027072, -0.011754),
            (0.010688, -0.015672, -0.016566), (0.01058, -0.015861, -0.014871), (0.016373, -0.000462, -0.013997),
            (0.012357, -0.017322, 0.013486), (0.016085, -0.001637, -0.012219), (0.016522, -0.000469, -0.012537),
            (0.009933, -0.018063, -0.013249), (0.018163, 0.027659, -0.00892), (0.016206, -0.002072, -0.009928),
            (0.020108, 0.026942, -0.009711), (0.02167, 0.026336, -0.011025), (0.016851, -0.000269, -0.009936),
            (0.01688, 0.000205, -0.011228), (0.012776, -0.016333, 0.015235), (0.019588, 0.027076, -0.008022),
            (0.010494, -0.016533, -0.013226), (0.0223, 0.02602, -0.008828), (0.021335, 0.026358, -0.007314),
            (0.009531, -0.020075, -0.010599), (0.009135, -0.021023, -0.010023), (0.023273, 0.017699, -0.011208),
            (0.010043, -0.018496, -0.01123), (0.013924, -0.012927, 0.011447), (0.024027, 0.019743, -0.011097),
            (0.00973, -0.020054, -0.008043), (0.014436, -0.011226, 0.010757), (0.009713, -0.019786, -0.009113),
            (0.023614, 0.018299, -0.009619), (0.010446, -0.017945, -0.008456), (0.01365, -0.013633, 0.012907),
            (0.024012, 0.019163, -0.008354), (0.010776, -0.016376, -0.011383), (0.014298, -0.011984, 0.012588),
            (0.024205, 0.020551, -0.012356), (0.024501, 0.021517, -0.012882), (0.013763, -0.013452, 0.014274),
            (0.011172, -0.014651, -0.013777), (0.011394, -0.0145, -0.012082), (0.024758, 0.022313, -0.013795),
            (0.010554, -0.017314, -0.010238), (0.025301, 0.023036, -0.012795), (0.011135, -0.015929, -0.009251),
            (0.01476, -0.010646, 0.012935), (0.024645, 0.021376, -0.010836), (0.011544, -0.014467, -0.010554),
            (0.025326, 0.022888, -0.011336), (0.017029, 0.001268, -0.014609), (0.025193, 0.022525, -0.009769),
            (0.023419, 0.017401, -0.007669), (0.017056, 0.001061, -0.012933), (0.014657, -0.010006, 0.006624),
            (0.015101, -0.008649, 0.006809), (0.017459, 0.002443, -0.013656), (0.011205, -0.014127, -0.015663),
            (0.015638, -0.007169, 0.006051), (0.023884, 0.018208, -0.005959), (0.02484, 0.021239, -0.007116),
            (0.015495, -0.007222, 0.004768), (0.01756, 0.001864, -0.010542), (0.018253, 0.004651, -0.014943),
            (0.01175, -0.012749, -0.015188), (0.016143, -0.005739, 0.005633), (0.017873, 0.003127, -0.012174),
            (0.012323, -0.011212, -0.016111), (0.016443, -0.004451, 0.003993), (0.024691, 0.020398, -0.00553),
            (0.025058, 0.021918, -0.008379), (0.012485, -0.01077, -0.014638), (0.025769, 0.023673, -0.01076),
            (0.015609, -0.007384, 0.007463), (0.025775, 0.023537, -0.009592), (0.025628, 0.022926, -0.008556),
            (0.025851, 0.023552, -0.008864), (0.018756, 0.006018, -0.014303), (0.019123, 0.007142, -0.015711),
            (0.011868, -0.012993, -0.01271), (0.018456, 0.004938, -0.013348), (0.012156, -0.011993, -0.013914),
            (0.025657, 0.022795, -0.007299), (0.016685, -0.004552, 0.007016), (0.025743, 0.022831, -0.006044),
            (0.021826, 0.011234, -0.001035), (0.012098, -0.012919, -0.010945), (0.022877, 0.014548, -0.002432),
            (0.01615, -0.006104, 0.009053), (0.022668, 0.013679, -0.001045), (0.016602, -0.004855, 0.009018),
            (0.018403, 0.004043, -0.010276), (0.017164, -0.003365, 0.008346), (0.018444, 0.004617, -0.011654),
            (0.017847, 0.002112, -0.008847), (0.023684, 0.016922, -0.002904), (0.017369, -0.002956, 0.009731),
            (0.023512, 0.016043, -0.001545), (0.016515, -0.005418, 0.010753), (0.018491, 0.004, -0.009075),
            (0.017941, 0.002032, -0.007585), (0.018508, 0.00357, -0.007841), (0.022905, 0.013854, 0.001423),
            (0.023402, 0.015405, 0.000719), (0.023955, 0.017445, -0.001805), (0.019123, 0.006177, -0.010554),
            (0.023922, 0.017027, 6e-05), (0.014482, -0.010377, 0.007711), (0.01916, 0.005926, -0.009329),
            (0.014707, -0.010126, 0.00923), (0.024149, 0.016957, 0.003031), (0.02328, 0.014589, 0.003047),
            (0.019086, 0.004931, -0.007396), (0.010178, -0.019283, -0.006779), (0.024546, 0.018465, 0.001835),
            (0.024785, 0.018887, 0.003206), (0.015097, -0.009026, 0.008705), (0.009896, -0.020253, -0.005698),
            (0.017882, 0.027702, -0.006512), (0.015507, -0.007726, 0.008549), (0.010205, -0.019783, -0.004168),
            (0.01099, -0.016987, -0.006469), (0.010908, -0.017792, -0.004656), (0.010455, -0.018809, -0.00546),
            (0.015006, -0.009574, 0.010715), (0.018908, 0.027274, -0.005704), (0.014704, -0.005686, -0.01143),
            (0.017171, 0.027921, -0.004657), (0.020736, 0.026536, -0.005515), (0.01558, -0.007847, 0.010052),
            (0.011634, -0.014831, -0.007948), (0.014951, -0.005492, -0.009439), (0.015274, -0.009315, 0.012408),
            (0.015652, -0.008006, 0.012002), (0.023627, 0.025445, -0.007763), (0.023201, 0.025535, -0.005049),
            (0.024802, 0.025059, -0.006135), (0.01579, -0.003258, -0.009451), (0.015437, -0.004641, -0.007741),
            (0.019286, 0.027051, -0.003972), (0.021505, 0.026116, -0.003173), (0.010972, -0.018066, -0.002479),
            (0.016089, -0.006553, 0.011359), (0.023157, 0.025493, -0.003602), (0.010672, -0.019027, -0.001771),
            (0.010493, -0.019729, -0.000153), (0.017019, 0.027924, -0.002507), (0.01108, -0.018315, 0.000155),
            (0.015888, -0.00372, -0.006185), (0.016343, -0.002165, -0.007988), (0.011628, -0.015926, -0.004396),
            (0.019406, 0.026963, -0.002498), (0.011269, -0.016981, -0.003324), (0.017, 0.027838, -0.000591),
            (0.016874, -0.000576, -0.008264), (0.011607, -0.016307, -0.002135), (0.016375, -0.002435, -0.006266),
            (0.018452, 0.003103, -0.006081), (0.016779, -0.001334, -0.006447), (0.017473, 0.000547, -0.007526),
            (0.011998, -0.015424, -0.000999), (0.019698, 0.006829, -0.007717), (0.018852, 0.027026, 0.001411),
            (0.011956, -0.013685, -0.009382), (0.02074, 0.02635, -0.000599), (0.011498, -0.017168, 0.000367),
            (0.022797, 0.025521, -0.000649), (0.024325, 0.018868, -0.00366), (0.012066, -0.015733, 0.000566),
            (0.019098, 0.00474, -0.00573), (0.019717, 0.006447, -0.00558), (0.012607, -0.014128, 0.000201),
            (0.024943, 0.020762, -0.003888), (0.012382, -0.014961, 0.001545), (0.020163, 0.007589, -0.005625),
            (0.024874, 0.020123, -0.002006), (0.024481, 0.018547, -0.000302), (0.012506, -0.014959, 0.002797),
            (0.019734, 0.006313, -0.004191), (0.025539, 0.022522, -0.004935), (0.025924, 0.023327, -0.006499),
            (0.025969, 0.023141, -0.00555), (0.026063, 0.024116, -0.005925), (0.02609, 0.024398, -0.004702),
            (0.01118, -0.018551, 0.001938), (0.024829, 0.024893, -0.002953), (0.011205, -0.018647, 0.00328),
            (0.015927, -0.004132, -0.004479), (0.025722, 0.022681, -0.004201), (0.011967, -0.016341, 0.002081),
            (0.025915, 0.024497, -0.003377), (0.012098, -0.016306, 0.003645), (0.026132, 0.023208, -0.003318),
            (0.016532, -0.002421, -0.004258), (0.011566, -0.0179, 0.005053), (0.025664, 0.022451, -0.003174),
            (0.025372, 0.021605, -0.002144), (0.025794, 0.022424, -0.00213), (0.016088, -0.004524, -0.001106),
            (0.016332, -0.003488, -0.002652), (0.025244, 0.020502, 0.001499), (0.025176, 0.020638, -0.000285),
            (0.017058, -0.001632, -0.001831), (0.025391, 0.020739, 0.003282), (0.025532, 0.021364, 0.000892),
            (0.012772, -0.014548, 0.003935), (0.017306, -0.000283, -0.004428), (0.01729, -0.00019, -0.005792),
            (0.02364, 0.025246, -0.002095), (0.026172, 0.024369, -0.001302), (0.024495, 0.024875, -0.000387),
            (0.017842, 0.001321, -0.00576), (0.025272, 0.024701, 0.000763), (0.02562, 0.022031, -0.001288),
            (0.026193, 0.023188, -0.001918), (0.025747, 0.022102, -0.000299), (0.026452, 0.023549, -0.000379),
            (0.017708, 0.000256, -0.00252), (0.018077, 0.001715, -0.003937), (0.025935, 0.022163, 0.000569),
            (0.01648, -0.003681, -0.000286), (0.026058, 0.022337, 0.00133), (0.016964, -0.002236, -0.000369),
            (0.025831, 0.022013, 0.002088), (0.026514, 0.02413, 0.001069), (0.021141, 0.009399, -0.001131),
            (0.021714, 0.010469, 0.00106), (0.022348, 0.01227, 0.000745), (0.016522, -0.00365, 0.001291),
            (0.022184, 0.011179, 0.004007), (0.0227, 0.012823, 0.002557), (0.021674, 0.009997, 0.00316),
            (0.022791, 0.012829, 0.004273), (0.016969, -0.002686, 0.002571), (0.017389, -0.001327, 0.000794),
            (0.017813, -0.000414, 0.002317), (0.022403, 0.011507, 0.005983), (0.021585, 0.009282, 0.005963),
            (0.02355, 0.01514, 0.004221), (0.017795, -8.7e-05, 0.000142), (0.018137, 0.00117, -0.001175),
            (0.020397, 0.027181, -0.015959), (0.019686, 0.027444, -0.015659), (0.020087, 0.027189, -0.014531),
            (0.021219, 0.026824, -0.015696), (0.021846, 0.02653, -0.015363), (0.022516, 0.026257, -0.015838),
            (0.022339, 0.026228, -0.014367), (0.018253, 0.00094, 0.001116), (0.021158, 0.026617, -0.013393),
            (0.018761, 0.002609, 0.00023), (0.023952, 0.025647, -0.01455), (0.02332, 0.02576, -0.013309),
            (0.025286, 0.02507, -0.013531), (0.023211, 0.02576, -0.011973), (0.025145, 0.025145, -0.012105),
            (0.018557, 0.003114, -0.004465), (0.018559, 0.002804, -0.003065), (0.023995, 0.025426, -0.010425),
            (0.019324, 0.004853, -0.003193), (0.024027, 0.025363, -0.00914), (0.025647, 0.024188, -0.012904),
            (0.025798, 0.024389, -0.011685), (0.018936, 0.0035, -0.001601), (0.025698, 0.024709, -0.01042),
            (0.025562, 0.024762, -0.009255), (0.025178, 0.025004, -0.007696), (0.025964, 0.024206, -0.007618),
            (0.019359, 0.004468, -0.000584), (0.019945, 0.006184, -0.001338), (0.02054, 0.008009, -0.002059),
            (0.017121, -0.002845, 0.005457), (0.017745, -0.00092, 0.004425), (0.018566, 0.001695, 0.002051),
            (0.018586, 0.001465, 0.003793), (0.018008, -0.000592, 0.006357), (0.018524, 0.000687, 0.006438),
            (0.017561, -0.002091, 0.007213), (0.017858, -0.00139, 0.0084), (0.01818, -0.000653, 0.009883),
            (0.018931, 0.002166, 0.005388), (0.019324, 0.003472, 0.004185), (0.019156, 0.002391, 0.007071),
            (0.019479, 0.003467, 0.005657), (0.018926, 0.001346, 0.009289), (0.019538, 0.003122, 0.008368),
            (0.019784, 0.00419, 0.006827), (0.019209, 0.003442, 0.001899), (0.020094, 0.006074, 0.000833),
            (0.019692, 0.004628, 0.00292), (0.020263, 0.00608, 0.00313), (0.020593, 0.007701, -0.00017),
            (0.020715, 0.00756, 0.002365), (0.021249, 0.009098, 0.001729), (0.019918, 0.004887, 0.004751),
            (0.020451, 0.006259, 0.005387), (0.020821, 0.007436, 0.00461), (0.020369, 0.005693, 0.007438),
            (0.020244, 0.005102, 0.008688), (0.020822, 0.007037, 0.006666), (0.021157, 0.008527, 0.004065),
            (0.02054, 0.009501, -0.016977), (0.019763, 0.008172, -0.016316), (0.020655, 0.010508, -0.016284),
            (0.021384, 0.012016, -0.016582), (-0.022936, 0.001514, 0.034123), (-0.023958, 0.000424, 0.034127),
            (-0.022307, -0.000348, 0.033981), (-0.04248, -0.027419, 0.033264), (-0.04358, -0.028822, 0.033673),
            (-0.041647, -0.029425, 0.033191), (-0.029007, -0.002504, 0.034232), (-0.028347, -0.003839, 0.034164),
            (-0.027141, -0.002475, 0.034176), (-0.022244, 0.003194, 0.034139), (-0.024305, 0.001821, 0.034212),
            (-0.037536, -0.029535, 0.033203), (-0.038966, -0.028572, 0.033239), (-0.039503, -0.030833, 0.033187),
            (-0.021601, 0.000971, 0.034024), (-0.020435, 5.9e-05, 0.033872), (-0.019908, 0.001685, 0.033929),
            (-0.025423, 0.007611, 0.034434), (-0.023978, 0.008762, 0.034417), (-0.025714, 0.00918, 0.034485),
            (-0.035022, -0.029885, 0.033131), (-0.036117, -0.028386, 0.03324), (-0.039844, -0.027765, 0.033256),
            (-0.039959, -0.029149, 0.033212), (-0.024529, -0.003927, 0.033939), (-0.025358, -0.005368, 0.033939),
            (-0.024059, -0.005227, 0.03387), (-0.027985, -0.011905, 0.033729), (-0.025939, -0.01269, 0.033565),
            (-0.026511, -0.010893, 0.033684), (-0.025062, -0.01065, 0.033638), (-0.037887, -0.027673, 0.033278),
            (-0.03833, -0.024585, 0.033405), (-0.039909, -0.026592, 0.033291), (-0.037269, -0.025804, 0.033381),
            (-0.021474, 0.0081, 0.03429), (-0.022354, 0.009359, 0.034384), (-0.022946, 0.007083, 0.034314),
            (-0.025905, -0.003793, 0.034058), (-0.024303, -0.002843, 0.034015), (-0.035614, -0.013427, 0.033825),
            (-0.037445, -0.012341, 0.033978), (-0.03722, -0.014291, 0.033804), (-0.022129, -0.007956, 0.033621),
            (-0.02232, -0.006964, 0.033665), (-0.023281, -0.008732, 0.033657), (-0.014647, 0.001405, 0.033546),
            (-0.016503, 0.001668, 0.033677), (-0.01591, 0.000484, 0.033606), (-0.015813, 0.002641, 0.033696),
            (-0.014179, 0.002453, 0.033504), (-0.013892, 0.003779, 0.033582), (-0.034366, -0.011238, 0.0339),
            (-0.035119, -0.009434, 0.033968), (-0.035826, -0.011319, 0.03389), (-0.033492, -0.026171, 0.033287),
            (-0.034713, -0.026143, 0.033321), (-0.033955, -0.026728, 0.033278), (-0.033165, -0.010322, 0.033931),
            (-0.033165, -0.011612, 0.033884), (-0.033338, -0.024712, 0.033379), (-0.035893, -0.024346, 0.033425),
            (-0.022736, -0.004039, 0.03384), (-0.022942, -0.005509, 0.033794), (-0.035214, -0.023268, 0.033471),
            (-0.03546, -0.006457, 0.03431), (-0.03563, -0.007991, 0.034096), (-0.034014, -0.006165, 0.034114),
            (-0.030153, 0.006504, 0.034549), (-0.030581, 0.004131, 0.034484), (-0.029299, 0.005658, 0.03449),
            (-0.020226, 0.005871, 0.034117), (-0.018945, 0.006999, 0.034068), (-0.021078, 0.006723, 0.034197),
            (-0.029315, 0.004158, 0.034448), (-0.028028, 0.00509, 0.034428), (-0.01905, 0.005558, 0.034044),
            (-0.033089, -0.013035, 0.033816), (-0.028088, 0.003873, 0.034417), (-0.035646, -0.021098, 0.033552),
            (-0.037539, -0.022656, 0.033501), (-0.016915, 0.005036, 0.033869), (-0.018939, 0.003582, 0.033912),
            (-0.017666, 0.002907, 0.033827), (-0.016518, 0.003783, 0.03379), (-0.015214, 0.00394, 0.033692),
            (-0.037086, -0.020396, 0.033597), (-0.035591, -0.019284, 0.033619), (-0.036231, -0.018352, 0.033667),
            (-0.018749, 0.009941, 0.034178), (-0.02039, 0.009802, 0.034262), (-0.019721, 0.008575, 0.034169),
            (-0.030658, -0.009406, 0.033945), (-0.029464, -0.010851, 0.033841), (-0.028979, -0.009056, 0.033913),
            (-0.02807, -0.010213, 0.033841), (-0.034268, -0.019787, 0.033564), (-0.034382, -0.018641, 0.033643),
            (-0.037289, -0.017232, 0.033704), (-0.038348, -0.018802, 0.03364), (-0.015196, 0.00542, 0.033753),
            (-0.0257, 0.001906, 0.034278), (-0.026697, 0.001089, 0.034306), (-0.02557, 0.000221, 0.034234),
            (-0.013574, 0.004949, 0.033627), (-0.030703, -0.00807, 0.034017), (-0.031513, -0.006693, 0.034052),
            (-0.03252, -0.008369, 0.03401), (-0.014027, 0.008003, 0.033801), (-0.015632, 0.00666, 0.033847),
            (-0.014097, 0.006229, 0.033712), (-0.034438, -0.014399, 0.033761), (-0.036345, -0.015394, 0.033762),
            (-0.034395, -0.016426, 0.033701), (-0.01285, 0.006218, 0.033615), (-0.033069, -0.020695, 0.033507),
            (-0.034539, -0.021932, 0.033536), (-0.033278, -0.022362, 0.033466), (-0.029165, 0.002438, 0.034391),
            (-0.027801, 0.002699, 0.034398), (-0.031391, -0.003079, 0.034236), (-0.031325, -0.005032, 0.034145),
            (-0.02992, -0.004047, 0.03417), (-0.029943, -0.00575, 0.034112), (-0.028124, -0.000729, 0.034291),
            (-0.027246, 0.0109, 0.03459), (-0.028205, 0.009972, 0.034573), (-0.027796, 0.008335, 0.034522),
            (-0.026262, 0.009843, 0.034538), (-0.031792, -0.020767, 0.0335), (-0.030401, -0.021091, 0.033424),
            (-0.030645, -0.01966, 0.033493), (-0.033714, -0.001196, 0.034532), (-0.032911, -0.002211, 0.034288),
            (-0.03142, -0.00019, 0.034309), (-0.032425, -0.019043, 0.033567), (-0.028103, 0.006718, 0.034471),
            (-0.026585, 0.006552, 0.034452), (-0.02781, 0.013443, 0.034773), (-0.028444, 0.011756, 0.034712),
            (-0.027317, -0.007791, 0.033888), (-0.028975, -0.007598, 0.034021), (-0.024118, 0.012714, 0.034528),
            (-0.023401, 0.014518, 0.034565), (-0.02583, 0.013718, 0.034614), (-0.022198, 0.012745, 0.034444),
            (-0.022111, 0.014315, 0.034495), (-0.029512, -0.019496, 0.033443), (-0.030186, -0.017405, 0.033576),
            (-0.025804, 0.003552, 0.034342), (-0.024342, 0.004605, 0.034304), (-0.025986, 0.004972, 0.034405),
            (-0.026859, -0.009546, 0.033793), (-0.025458, -0.008731, 0.03377), (-0.024984, 0.016112, 0.034655),
            (-0.027066, 0.014772, 0.034728), (-0.031913, -0.015769, 0.033692), (-0.032728, -0.01694, 0.033655),
            (-0.024324, -0.008842, 0.033675), (-0.02457, -0.007309, 0.033787), (-0.023833, 0.01046, 0.034463),
            (-0.022759, 0.011422, 0.034445), (-0.02136, 0.010875, 0.034358), (-0.029118, -0.0151, 0.033621),
            (-0.029274, -0.016276, 0.033569), (-0.027854, -0.016141, 0.033504), (-0.023745, -0.000959, 0.034058),
            (-0.022092, -0.002186, 0.033899), (-0.020667, -0.005083, 0.033707), (-0.020255, -0.003223, 0.033706),
            (-0.021504, -0.004254, 0.033796), (-0.0191, -0.004253, 0.033619), (-0.018239, -0.002382, 0.033642),
            (-0.021055, -0.001199, 0.033879), (-0.019923, -0.001826, 0.033774), (-0.019103, -0.000519, 0.033799),
            (-0.017741, 0.000134, 0.033711), (-0.041547, -0.018299, 0.028121), (-0.041976, -0.019145, 0.026681),
            (-0.042346, -0.020288, 0.027371), (-0.033954, 0.003559, 0.017553), (-0.034356, 0.002628, 0.015557),
            (-0.034482, 0.001881, 0.017574), (-0.045415, -0.030442, 0.023931), (-0.044923, -0.030845, 0.022427),
            (-0.043683, -0.031324, 0.023729), (-0.033038, 0.005513, 0.024331), (-0.033755, 0.003527, 0.024249),
            (-0.03347, 0.004199, 0.026506), (-0.034033, 0.002679, 0.027936), (-0.034275, 0.002033, 0.025701),
            (-0.034491, 0.001319, 0.027189), (-0.045443, -0.03038, 0.025369), (-0.03458, 0.001448, 0.020145),
            (-0.035185, -0.000165, 0.017991), (-0.040819, -0.016567, 0.02953), (-0.04162, -0.018729, 0.029688),
            (-0.043523, -0.031336, 0.026091), (-0.044734, -0.030925, 0.026569), (-0.034047, 0.002931, 0.020052),
            (-0.045384, -0.029928, 0.027156), (-0.044981, -0.028135, 0.026828), (-0.042622, -0.02112, 0.028736),
            (-0.045119, -0.030618, 0.028257), (-0.042177, -0.020683, 0.030865), (-0.03228, 0.007597, 0.024385),
            (-0.033137, 0.005457, 0.022057), (-0.033517, 0.004499, 0.019219), (-0.04474, -0.027914, 0.028653),
            (-0.045137, -0.02939, 0.029346), (-0.03226, 0.007792, 0.022917), (-0.044305, -0.031085, 0.02946),
            (-0.041627, -0.019954, 0.03211), (-0.045095, -0.030186, 0.030497), (-0.041119, -0.018069, 0.031305),
            (-0.035426, -0.000897, 0.019803), (-0.031748, 0.009325, 0.02321), (-0.035291, -0.0007, 0.021103),
            (-0.031642, 0.009297, 0.025464), (-0.033712, 0.004299, 0.016631), (-0.033339, 0.005432, 0.015904),
            (-0.033899, 0.003958, 0.014744), (-0.040569, -0.015568, 0.027565), (-0.040654, -0.015461, 0.025656),
            (-0.041293, -0.017301, 0.026743), (-0.041882, -0.031825, 0.027378), (-0.041325, -0.031967, 0.025671),
            (-0.043488, -0.031328, 0.027918), (-0.032486, 0.006851, 0.026609), (-0.040008, -0.014037, 0.026995),
            (-0.032105, 0.007937, 0.026184), (-0.042032, -0.03177, 0.029469), (-0.032791, 0.00716, 0.015145),
            (-0.033232, 0.005899, 0.014008), (-0.030679, 0.012766, 0.017553), (-0.030132, 0.014372, 0.016248),
            (-0.031111, 0.011685, 0.016129), (-0.040022, -0.014453, 0.02916), (-0.040239, -0.015589, 0.031069),
            (-0.030145, 0.014189, 0.018733), (-0.02963, 0.015601, 0.018588), (-0.029586, 0.015898, 0.016629),
            (-0.032015, 0.008837, 0.019531), (-0.032058, 0.009037, 0.016637), (-0.032578, 0.00741, 0.018135),
            (-0.044234, -0.031042, 0.03139), (-0.03157, 0.01028, 0.018389), (-0.032489, 0.007355, 0.019809),
            (-0.03303, 0.006048, 0.018263), (-0.043105, -0.03144, 0.030919), (-0.041199, -0.01854, 0.033388),
            (-0.041426, -0.03202, 0.031023), (-0.041467, -0.019599, 0.034194), (-0.041998, -0.032037, 0.032084),
            (-0.030934, 0.011933, 0.018985), (-0.040894, -0.020615, 0.034302), (-0.039865, -0.020753, 0.033593),
            (-0.040376, -0.018793, 0.034333), (-0.03261, 0.007536, 0.016774), (-0.031799, 0.009319, 0.020966),
            (-0.032275, 0.007903, 0.021495), (-0.040559, -0.016846, 0.03251), (-0.039685, -0.032637, 0.029767),
            (-0.03946, -0.032764, 0.030978), (-0.04035, -0.032666, 0.032154), (-0.031209, 0.011149, 0.021047),
            (-0.040934, -0.017426, 0.03384), (-0.039743, -0.033206, 0.033023), (-0.038104, -0.033319, 0.031461),
            (-0.038216, -0.033487, 0.033496), (-0.04409, -0.022702, 0.01362), (-0.04027, -0.015765, 0.033158),
            (-0.030687, 0.012582, 0.021078), (-0.039992, -0.016603, 0.034375), (-0.030324, 0.013633, 0.019906),
            (-0.043152, -0.020425, 0.012645), (-0.031601, 0.010566, 0.011435), (-0.032707, 0.007634, 0.010422),
            (-0.032413, 0.008403, 0.012218), (-0.031922, 0.009971, 0.009417), (-0.039175, -0.017664, 0.033741),
            (-0.044181, -0.023093, 0.015106), (-0.0432, -0.020596, 0.014295), (-0.029744, 0.015253, 0.020689),
            (-0.031571, 0.010648, 0.012715), (-0.039374, -0.012873, 0.030242), (-0.031173, 0.010849, 0.023703),
            (-0.032048, 0.00927, 0.013761), (-0.039782, -0.014556, 0.031746), (-0.039029, -0.01309, 0.032492),
            (-0.030415, 0.012998, 0.023298), (-0.042069, -0.017858, 0.012744), (-0.041395, -0.015955, 0.011528),
            (-0.030891, 0.011361, 0.025139), (-0.042539, -0.019123, 0.014649), (-0.031608, 0.010979, 0.008017),
            (-0.030955, 0.012588, 0.00996), (-0.030977, 0.012748, 0.007944), (-0.039626, -0.013959, 0.033719),
            (-0.039771, -0.015001, 0.034507), (-0.030344, 0.01431, 0.008815), (-0.041555, -0.016588, 0.01417),
            (-0.04195, -0.017646, 0.01458), (-0.038506, -0.015598, 0.033786), (-0.030147, 0.013963, 0.021717),
            (-0.042898, -0.020047, 0.01641), (-0.042283, -0.018624, 0.016367), (-0.038578, -0.013683, 0.034332),
            (-0.041662, -0.0171, 0.016362), (-0.030765, 0.012832, 0.012574), (-0.030021, 0.014078, 0.023685),
            (-0.040942, -0.015241, 0.015165), (-0.041836, -0.017609, 0.01795), (-0.041139, -0.015888, 0.01769),
            (-0.029174, 0.016356, 0.023705), (-0.029242, 0.016543, 0.021063), (-0.029539, 0.01516, 0.02474),
            (-0.030017, 0.015065, 0.011356), (-0.032267, -0.023661, 0.033378), (-0.044507, -0.030926, 0.016849),
            (-0.045763, -0.029529, 0.017115), (-0.039902, -0.022395, 0.033418), (-0.038568, -0.021442, 0.033532),
            (-0.045847, -0.028781, 0.015517), (-0.032877, 0.005719, 0.028811), (-0.0337, 0.003324, 0.029864),
            (-0.031573, 0.010474, 0.014662), (-0.0307, 0.012931, 0.014461), (-0.045307, -0.026863, 0.01671),
            (-0.045354, -0.028013, 0.018671), (-0.03317, 0.004486, 0.030664), (-0.033913, 0.002175, 0.031535),
            (-0.033082, 0.003824, 0.032294), (-0.043066, -0.031391, 0.018038), (-0.029645, 0.015967, 0.012846),
            (-0.032666, 0.005526, 0.031674), (-0.03239, 0.006988, 0.028034), (-0.041576, -0.031845, 0.018313),
            (-0.045384, -0.029945, 0.018191), (-0.044451, -0.030992, 0.018779), (-0.031794, 0.00862, 0.027591),
            (-0.031223, 0.010258, 0.027245), (-0.031684, 0.008889, 0.028877), (-0.029715, 0.015698, 0.014988),
            (-0.031992, 0.007571, 0.030976), (-0.032948, 0.006876, 0.012845), (-0.042963, -0.031555, 0.020203),
            (-0.041537, -0.031928, 0.019537), (-0.031399, 0.009214, 0.030716), (-0.04506, -0.025939, 0.015619),
            (-0.033671, 0.00209, 0.032992), (-0.044813, -0.024803, 0.014426), (-0.033036, 0.003901, 0.033665),
            (-0.032587, 0.005012, 0.033309), (-0.032202, 0.008619, 0.015136), (-0.044471, -0.024186, 0.01726),
            (-0.032209, 0.00612, 0.033457), (-0.032636, 0.005188, 0.034759), (-0.031161, -0.022899, 0.033356),
            (-0.045525, -0.02999, 0.020172), (-0.045419, -0.028208, 0.020485), (-0.03184, 0.006407, 0.034971),
            (-0.031799, 0.007327, 0.032937), (-0.045042, -0.026559, 0.019233), (-0.031801, -0.01802, 0.033588),
            (-0.045037, -0.027084, 0.021763), (-0.045577, -0.029049, 0.022156), (-0.031336, 0.00881, 0.032697),
            (-0.044468, -0.03102, 0.020413), (-0.031566, 0.008095, 0.03389), (-0.03063, 0.010498, 0.032928),
            (-0.030474, 0.011494, 0.031316), (-0.043778, -0.031351, 0.02153), (-0.039041, -0.012073, 0.034392),
            (-0.04218, -0.031724, 0.021255), (-0.031139, 0.009588, 0.034792), (-0.013125, 0.001279, 0.021413),
            (-0.012103, -0.000405, 0.021252), (-0.010833, -0.000283, 0.021122), (-0.030629, 0.011813, 0.026931),
            (-0.038119, -0.00847, 0.024908), (-0.037983, -0.008029, 0.022643), (-0.038602, -0.009624, 0.02329),
            (-0.030137, 0.013139, 0.02682), (-0.042262, -0.031687, 0.022551), (-0.037372, -0.006388, 0.022958),
            (-0.03734, -0.006358, 0.025084), (-0.044757, -0.025275, 0.018573), (-0.040459, -0.013399, 0.01041),
            (-0.04085, -0.014646, 0.011983), (-0.030298, 0.012466, 0.029133), (-0.040994, -0.015223, 0.013517),
            (-0.044101, -0.023491, 0.019177), (-0.030968, 0.010736, 0.029096), (-0.036479, -0.003958, 0.02185),
            (-0.036643, -0.004532, 0.024574), (-0.043623, -0.022024, 0.016986), (-0.040022, -0.012518, 0.012589),
            (-0.029708, 0.014495, 0.026133), (-0.044543, -0.024987, 0.020462), (-0.040437, -0.013725, 0.01445),
            (-0.040032, -0.012087, 0.009634), (-0.039468, -0.010707, 0.010278), (-0.028861, 0.01695, 0.025666),
            (-0.043925, -0.023177, 0.020642), (-0.036242, -0.003429, 0.024377), (-0.035735, -0.001933, 0.022851),
            (-0.039945, -0.032372, 0.018334), (-0.029021, 0.016033, 0.027983), (-0.036749, -0.004937, 0.026897),
            (-0.038136, -0.032984, 0.019146), (-0.037323, -0.006659, 0.027648), (-0.03613, -0.003203, 0.026732),
            (-0.039239, -0.010391, 0.012555), (-0.038992, -0.009394, 0.010908), (-0.035587, -0.001513, 0.024246),
            (-0.039708, -0.032436, 0.020212), (-0.038637, -0.0087, 0.012227), (-0.035663, -0.001832, 0.025462),
            (-0.029768, 0.013519, 0.031077), (-0.036236, -0.003183, 0.020234), (-0.02946, 0.014619, 0.029785),
            (-0.039616, -0.011522, 0.014248), (-0.03611, -0.033651, 0.020156), (-0.035263, -0.033903, 0.018738),
            (-0.037704, -0.033143, 0.020746), (-0.029909, 0.012477, 0.032905), (-0.040484, -0.014259, 0.016544),
            (-0.0403, -0.013786, 0.018128), (-0.036174, -0.033626, 0.021613), (-0.034782, -0.034078, 0.02084),
            (-0.029486, 0.013698, 0.032793), (-0.03503, 8.8e-05, 0.022323), (-0.04, -0.012832, 0.016362),
            (-0.028799, 0.016272, 0.029622), (-0.028292, 0.01797, 0.028218), (-0.040934, -0.03209, 0.021144),
            (-0.028665, 0.01637, 0.031201), (-0.029027, 0.01516, 0.032007), (-0.038724, -0.009187, 0.014192),
            (-0.0282, 0.017798, 0.030888), (-0.034809, 0.000695, 0.023815), (-0.039061, -0.010186, 0.015194),
            (-0.039629, -0.01181, 0.015912), (-0.039415, -0.03258, 0.022075), (-0.034804, 0.000554, 0.025793),
            (-0.038551, -0.009034, 0.016595), (-0.039119, -0.010523, 0.01667), (-0.042235, -0.031695, 0.024203),
            (-0.04075, -0.032122, 0.022897), (-0.040601, -0.032177, 0.02459), (-0.029531, 0.000712, 0.034365),
            (-0.032082, 0.001978, 0.034464), (-0.039523, -0.032576, 0.023702), (-0.03645, -0.004185, 0.028514),
            (-0.032266, 0.003968, 0.034809), (-0.033649, 0.002463, 0.034663), (-0.038668, -0.008603, 0.010085),
            (-0.038355, -0.007394, 0.008291), (-0.037733, -0.033121, 0.022626), (-0.035708, -0.033876, 0.023246),
            (-0.036036, -0.003114, 0.02919), (-0.035484, -0.001389, 0.02821), (-0.037771, -0.00589, 0.009389),
            (-0.03813, -0.007051, 0.010559), (-0.035487, -0.001909, 0.030034), (-0.037521, -0.033246, 0.025214),
            (-0.037387, -0.005146, 0.011658), (-0.03717, -0.004185, 0.007937), (-0.035185, -0.000635, 0.02686),
            (-0.035215, -0.034013, 0.025091), (-0.027754, 0.000983, 0.03432), (-0.026952, -0.000542, 0.034268),
            (-0.034326, 0.002066, 0.023907), (-0.036451, -0.002354, 0.007658), (-0.037053, -0.004253, 0.010137),
            (-0.036729, -0.003132, 0.009708), (-0.03504, -0.000178, 0.028645), (-0.042981, -0.020646, 0.018446),
            (-0.036137, -0.001661, 0.009726), (-0.02966, 0.007587, 0.034554), (-0.043375, -0.021635, 0.019533),
            (-0.037926, -0.006847, 0.013553), (-0.038354, -0.00805, 0.013318), (-0.037822, -0.006453, 0.011948),
            (-0.042533, -0.019365, 0.018546), (-0.034547, 0.001265, 0.029077), (-0.037315, -0.005324, 0.01401),
            (-0.042039, -0.018443, 0.019546), (-0.035143, -0.00085, 0.030537), (-0.044767, -0.026566, 0.024102),
            (-0.044579, -0.025373, 0.021974), (-0.037785, -0.006809, 0.015217), (-0.034624, 0.0005, 0.030347),
            (-0.045286, -0.028352, 0.023727), (-0.024611, 0.006696, 0.034392), (-0.03604, -0.001591, 0.011713),
            (-0.044927, -0.027392, 0.025379), (-0.034344, 0.000461, 0.032301), (-0.036433, -0.002749, 0.012626),
            (-0.025425, -0.00177, 0.034143), (-0.03691, -0.004079, 0.012766), (-0.036371, -0.002945, 0.014564),
            (-0.035672, -0.000781, 0.012672), (-0.044289, -0.025009, 0.024601), (-0.04396, -0.023708, 0.023829),
            (-0.041068, -0.015875, 0.019353), (-0.043807, -0.023166, 0.022465), (-0.039473, -0.01244, 0.027231),
            (-0.039867, -0.013231, 0.024672), (-0.020392, -0.006423, 0.033601), (-0.040328, -0.013988, 0.0199),
            (-0.04335, -0.0219, 0.021867), (-0.039397, -0.011431, 0.018068), (-0.03904, -0.011114, 0.026085),
            (-0.039523, -0.011755, 0.019815), (-0.043212, -0.021907, 0.024087), (-0.044183, -0.025311, 0.026577),
            (-0.04437, -0.026302, 0.027873), (-0.038919, -0.011051, 0.028261), (-0.038915, -0.010176, 0.019173),
            (-0.038344, -0.00871, 0.018557), (-0.03908, -0.010829, 0.02047), (-0.038411, -0.009685, 0.028181),
            (-0.044426, -0.027357, 0.030164), (-0.038103, -0.0087, 0.026388), (-0.038062, -0.007789, 0.016954),
            (-0.018067, 0.001702, 0.033828), (-0.043823, -0.024357, 0.027467), (-0.03852, -0.009226, 0.020297),
            (-0.016893, -0.000679, 0.033645), (-0.043943, -0.025559, 0.029679), (-0.039895, -0.013115, 0.022279),
            (-0.039348, -0.011511, 0.022122), (-0.04353, -0.023003, 0.025994), (-0.038982, -0.010696, 0.024384),
            (-0.04274, -0.020723, 0.025101), (-0.03883, -0.010227, 0.021945), (-0.043193, -0.022428, 0.027787),
            (-0.037787, -0.007335, 0.020708), (-0.043503, -0.024144, 0.029747), (-0.037568, -0.00745, 0.028922),
            (-0.022436, 0.005019, 0.034217), (-0.020283, 0.004156, 0.03404), (-0.038769, -0.011002, 0.029814),
            (-0.037354, -0.005842, 0.016648), (-0.036857, -0.004307, 0.015309), (-0.038591, -0.01153, 0.032175),
            (-0.036615, -0.003859, 0.016707), (-0.037544, -0.006658, 0.018554), (-0.040371, -0.032277, 0.027479),
            (-0.038339, -0.009899, 0.030145), (-0.037925, -0.008412, 0.029461), (-0.039184, -0.032694, 0.026226),
            (-0.036856, -0.004773, 0.018302), (-0.037197, -0.005802, 0.019605), (-0.038151, -0.009832, 0.031539),
            (-0.035376, 6.6e-05, 0.013965), (-0.038583, -0.032962, 0.028484), (-0.036822, -0.033532, 0.026612),
            (-0.035617, -0.001067, 0.015628), (-0.037027, -0.033496, 0.028312), (-0.03594, -0.002138, 0.016757),
            (-0.038065, -0.010153, 0.032597), (-0.037592, -0.008154, 0.031009), (-0.037749, -0.033335, 0.029967),
            (-0.036304, -0.003164, 0.018161), (-0.042895, -0.020495, 0.02043), (-0.04293, -0.020869, 0.022006),
            (-0.036907, -0.005024, 0.020607), (-0.042302, -0.019298, 0.022111), (-0.017357, 0.006295, 0.033956),
            (-0.042753, -0.02066, 0.023755), (-0.036917, -0.005572, 0.029366), (-0.042099, -0.019112, 0.023903),
            (-0.041773, -0.017825, 0.021407), (-0.035827, -0.001949, 0.018559), (-0.036857, -0.006038, 0.030845),
            (-0.037166, -0.007277, 0.031983), (-0.041226, -0.016419, 0.021163), (-0.040656, -0.014953, 0.021114),
            (-0.017944, 0.008874, 0.034069), (-0.016736, 0.00796, 0.033945), (-0.040621, -0.015129, 0.023293),
            (-0.041836, -0.018481, 0.025218), (-0.041395, -0.017215, 0.02342), (-0.017695, 0.011872, 0.034177),
            (-0.016145, 0.009883, 0.033993), (-0.039595, -0.012361, 0.023554), (-0.015015, 0.008841, 0.033882),
            (-0.031645, -0.014148, 0.033754), (-0.031036, -0.012299, 0.033804), (-0.035165, 0.001436, 0.0064),
            (-0.035794, -0.000238, 0.006309), (-0.041057, -0.01651, 0.024982), (-0.028309, -0.017634, 0.033482),
            (-0.034435, 0.00352, 0.005209), (-0.031307, 0.007905, 0.035031), (-0.030065, 0.00879, 0.034778),
            (-0.03431, 0.003594, 0.006706), (-0.044396, -0.027811, 0.031978), (-0.044891, -0.029789, 0.031887),
            (-0.044753, -0.028632, 0.03287), (-0.030757, 0.010759, 0.034769), (-0.034788, 0.002065, 0.008354),
            (-0.043221, -0.032081, 0.033156), (-0.045055, -0.030965, 0.033065), (-0.029464, 0.010298, 0.034828),
            (-0.030029, -0.014319, 0.033692), (-0.033612, 0.005604, 0.00627), (-0.044497, -0.031476, 0.033795),
            (-0.030274, 0.012066, 0.034773), (-0.033933, 0.004596, 0.007864), (-0.029696, 0.013419, 0.034863),
            (-0.033248, 0.006418, 0.00912), (-0.033852, 0.00456, 0.009161), (-0.041127, -0.030455, 0.033283),
            (-0.042119, -0.029868, 0.033238), (-0.04219, -0.031567, 0.033671), (-0.033641, 0.005006, 0.011152),
            (-0.044651, -0.029966, 0.034033), (-0.043722, -0.03083, 0.033858), (-0.029289, 0.014427, 0.033903),
            (-0.043568, -0.030121, 0.033615), (-0.043982, -0.027624, 0.033827), (-0.028521, 0.015106, 0.035178),
            (-0.028798, 0.015858, 0.034195), (-0.03568, -0.000187, 0.007467), (-0.042766, -0.030255, 0.033397),
            (-0.029358, -0.013052, 0.033736), (-0.028382, 0.016771, 0.032966), (-0.035421, 0.000287, 0.008809),
            (-0.040961, -0.032342, 0.033716), (-0.027663, 0.01876, 0.032461), (-0.028071, 0.017692, 0.033948),
            (-0.026938, -0.014913, 0.033515), (-0.035454, 0.000125, 0.010579), (-0.039351, -0.032348, 0.033619),
            (-0.034667, 0.002336, 0.009634), (-0.043973, -0.026474, 0.032068), (-0.027794, 0.016853, 0.035115),
            (-0.025574, -0.01532, 0.033468), (-0.034875, 0.001601, 0.011606), (-0.043612, -0.025359, 0.031531),
            (-0.027624, 0.018559, 0.035024), (-0.043199, -0.025938, 0.034066), (-0.043276, -0.024706, 0.03318),
            (-0.034286, 0.003287, 0.011277), (-0.026573, 0.016853, 0.034776), (-0.043133, -0.023655, 0.03128),
            (-0.036081, -0.003556, 0.030359), (-0.033663, 0.005745, 0.004481), (-0.042872, -0.022339, 0.029927),
            (-0.033193, 0.007126, 0.004826), (-0.032619, 0.008919, 0.003423), (-0.023788, -0.013078, 0.033481),
            (-0.042532, -0.022134, 0.031493), (-0.023878, -0.010915, 0.03355), (-0.042645, -0.022726, 0.032959),
            (-0.032547, 0.008593, 0.0056), (-0.038646, -0.010518, 0.034194), (-0.025321, 0.011161, 0.034517),
            (-0.032168, 0.010177, 0.002019), (-0.042423, -0.024563, 0.034079), (-0.042346, -0.023513, 0.03426),
            (-0.031263, 0.0126, 0.002249), (-0.031659, 0.01147, 0.003763), (-0.037428, -0.008452, 0.033088),
            (-0.041775, -0.022104, 0.034438), (-0.037945, -0.009243, 0.034335), (-0.041035, -0.023273, 0.033471),
            (-0.042006, -0.021065, 0.033607), (-0.037017, -0.010213, 0.034205), (-0.032113, 0.010088, 0.005051),
            (-0.037393, -0.008297, 0.034374), (-0.033029, 0.007051, 0.007325), (-0.032588, 0.008304, 0.008064),
            (-0.040907, -0.02923, 0.033205), (-0.042265, -0.025687, 0.033569), (-0.019558, 0.011909, 0.034279),
            (-0.020773, 0.013642, 0.034421), (-0.040481, -0.025051, 0.033319), (-0.032173, 0.009517, 0.006943),
            (-0.031457, 0.011696, 0.005938), (-0.03761, -0.031756, 0.033204), (-0.030904, 0.01339, 0.004597),
            (-0.036281, -0.031297, 0.033074), (-0.036989, -0.006934, 0.033173), (-0.036403, -0.005128, 0.032077),
            (-0.036104, -0.004154, 0.031418), (-0.036559, -0.005797, 0.03356), (-0.036839, -0.007057, 0.034472),
            (-0.034631, 0.002147, 0.013313), (-0.034812, 0.001335, 0.015218), (-0.0364, -0.026929, 0.033321),
            (-0.035131, 0.000357, 0.015637), (-0.034071, 0.00361, 0.01317), (-0.036175, -0.004586, 0.033489),
            (-0.033943, -0.027657, 0.03323), (-0.035881, -0.005117, 0.034574), (-0.033633, 0.004895, 0.013474),
            (-0.034246, -0.00806, 0.034028), (-0.035149, -0.001691, 0.031932), (-0.035695, -0.003321, 0.032836),
            (-0.035796, -0.00379, 0.034515), (-0.035242, -0.00189, 0.034033), (-0.033694, -0.004203, 0.034214),
            (-0.03473, -0.000371, 0.034336), (-0.028646, -0.005636, 0.034089), (-0.034987, -0.002819, 0.03469),
            (-0.03431, 0.000925, 0.034422), (-0.032634, 0.00048, 0.03442), (-0.029981, -0.000927, 0.034288),
            (-0.026429, -0.006921, 0.033911), (-0.027253, -0.004956, 0.034079), (-0.03435, 0.001942, 0.02196),
            (-0.033002, 0.006006, 0.020357), (-0.015411, -0.002846, 0.023639), (-0.014134, -0.003518, 0.021416),
            (-0.015269, -0.002061, 0.022159), (-0.013867, -0.001951, 0.021319), (-0.014263, -0.000734, 0.021428),
            (-0.014934, -0.000543, 0.021927), (-0.013566, -0.001151, 0.021213), (-0.015521, -0.000612, 0.023831),
            (-0.015073, 0.000132, 0.022269), (-0.015209, -0.002139, 0.025934), (-0.015226, 0.000422, 0.023078),
            (-0.014868, 0.000625, 0.024047), (-0.014123, 0.001566, 0.022457), (-0.014714, 0.000141, 0.025697),
            (-0.01471, 0.000417, 0.025016), (-0.014824, -0.001082, 0.027268), (-0.014367, 3.9e-05, 0.026964),
            (-0.014154, 0.000645, 0.026216), (-0.013096, 0.002497, 0.022907), (-0.011287, 0.002411, 0.021255),
            (-0.012795, 0.00235, 0.025496), (-0.011629, 0.003378, 0.02322), (-0.013584, 0.001293, 0.027241),
            (-0.029891, -0.023629, 0.033285), (-0.029851, -0.025191, 0.033203), (-0.029399, -0.024334, 0.03323),
            (-0.026857, -0.01827, 0.033371), (-0.02757, -0.018702, 0.03339), (-0.026812, -0.023997, 0.033118),
            (-0.027829, -0.02328, 0.033208), (-0.028282, -0.023814, 0.033192), (0.000469, -0.018349, 0.03207),
            (-0.000984, -0.019545, 0.032078), (0.000768, -0.019787, 0.032008), (-0.02642, -0.017143, 0.033412),
            (-0.027553, -0.02207, 0.033233), (-0.029443, -0.022197, 0.033313), (0.001174, -0.02139, 0.031958),
            (0.002276, -0.020027, 0.031936), (-0.028614, -0.033455, 0.032665), (-0.028318, -0.032281, 0.03273),
            (-0.029739, -0.032291, 0.032782), (-0.027091, -0.022984, 0.033198), (-0.028333, -0.020929, 0.03332),
            (-0.029566, -0.030893, 0.032861), (0.003574, -0.019578, 0.031861), (0.002995, -0.021577, 0.031842),
            (-0.025128, -0.018244, 0.033326), (-0.024789, -0.019461, 0.03323), (-0.025314, -0.026132, 0.032967),
            (-0.026264, -0.02544, 0.03304), (-0.02731, -0.026078, 0.033033), (-0.027162, -0.031403, 0.032753),
            (-0.028063, -0.030492, 0.032839), (0.002439, -0.015297, 0.032036), (0.002216, -0.017311, 0.031996),
            (0.003543, -0.016798, 0.031982), (-0.024272, -0.016698, 0.033329), (-0.025787, -0.034095, 0.032519),
            (-0.025477, -0.035774, 0.03241), (-0.024751, -0.034279, 0.032447), (-0.02636, -0.022668, 0.033171),
            (-0.02469, -0.03307, 0.032527), (-0.026383, -0.032799, 0.03262), (0.000826, -0.016225, 0.032086),
            (-0.025279, -0.023424, 0.0331), (-0.024279, -0.024309, 0.033031), (-0.023073, -0.034746, 0.03236),
            (-0.023639, -0.036549, 0.032277), (-0.02224, -0.035853, 0.032264), (-0.000398, -0.011309, 0.032247),
            (-0.00144, -0.012768, 0.032241), (0.000341, -0.012811, 0.032176), (-0.023388, -0.033401, 0.032482),
            (-0.024941, -0.028458, 0.03282), (-0.026531, -0.028069, 0.032932), (-0.026493, -0.029335, 0.03282),
            (-0.02221, -0.017261, 0.033224), (-0.023151, -0.014706, 0.033368), (-0.025346, -0.030767, 0.032715),
            (0.001651, -0.013417, 0.032119), (0.001148, -0.014614, 0.03212), (0.002995, -0.013297, 0.032077),
            (-0.023565, -0.032146, 0.032554), (-0.025073, -0.032037, 0.032618), (-0.023666, -0.030996, 0.03262),
            (-0.023543, -0.019716, 0.033187), (-0.023162, -0.027867, 0.032802), (-0.023561, -0.025839, 0.03296),
            (-0.024675, -0.027361, 0.032862), (-0.023274, -0.01837, 0.033249), (-0.024139, -0.029695, 0.032744),
            (-0.022267, -0.019613, 0.033117), (-0.002201, -0.042949, 0.031239), (-0.001662, -0.041345, 0.031348),
            (-0.002335, -0.042397, 0.031292), (-0.000929, -0.042446, 0.031178), (-0.021117, -0.018028, 0.033199),
            (-0.021427, -0.015909, 0.033217), (-0.021127, -0.03468, 0.032318), (-0.020175, -0.017054, 0.033119),
            (-0.024561, -0.014462, 0.033464), (-0.020124, -0.035411, 0.032229), (-0.022027, -0.033444, 0.03242),
            (-0.000788, -0.009415, 0.032289), (-0.001744, -0.010103, 0.032297), (-0.022512, -0.012207, 0.033446),
            (-0.002714, -0.041717, 0.031367), (-0.003647, -0.042227, 0.031374), (-0.002596, -0.041158, 0.031403),
            (-0.000695, -0.006877, 0.032356), (0.00019, -0.008601, 0.032291), (0.001313, -0.007324, 0.032292),
            (-0.012871, -0.031672, 0.032153), (-0.01177, -0.031788, 0.032097), (-0.011375, -0.030763, 0.032119),
            (-0.02178, -0.031976, 0.0325), (-0.010914, -0.033703, 0.031983), (-0.011758, -0.032874, 0.032055),
            (-0.012151, -0.034739, 0.031991), (-0.021967, -0.01423, 0.033303), (-0.021043, -0.01283, 0.033348),
            (-0.020986, -0.030878, 0.032573), (-0.020076, -0.031853, 0.032478), (-0.010559, -0.032161, 0.032013),
            (0.001341, -0.010199, 0.032216), (0.00268, -0.008665, 0.032196), (-0.018691, -0.033563, 0.032276),
            (-0.019901, -0.033626, 0.032335), (-0.020512, -0.01145, 0.033379), (-0.019902, -0.012648, 0.033248),
            (-0.009969, -0.030579, 0.032053), (-0.020686, -0.014971, 0.033198), (-0.020054, -0.029905, 0.032572),
            (-0.018886, -0.030826, 0.032517), (-0.018398, -0.032724, 0.032341), (0.005687, -0.008281, 0.032081),
            (0.005078, -0.007044, 0.032163), (0.00401, -0.0081, 0.032174), (-0.007439, -0.029266, 0.031997),
            (-0.008309, -0.029939, 0.032007), (-0.007065, -0.030163, 0.031956), (-0.019409, -0.01411, 0.033156),
            (-0.019178, -0.015755, 0.033094), (0.005208, -0.015825, 0.031884), (0.003995, -0.014936, 0.03199),
            (-0.007571, -0.028461, 0.032038), (-0.018736, -0.036643, 0.032104), (-0.01829, -0.038601, 0.032074),
            (-0.017136, -0.037732, 0.03204), (-0.00648, -0.028731, 0.031967), (-0.016849, -0.039232, 0.03199),
            (0.004752, -0.018045, 0.031865), (-0.009524, -0.036139, 0.031825), (-0.008915, -0.034779, 0.03189),
            (-0.010283, -0.034832, 0.031917), (-0.017781, -0.01611, 0.033054), (-0.018628, -0.0171, 0.033015),
            (-0.007906, -0.035074, 0.03184), (-0.015623, -0.036866, 0.032043), (-0.017465, -0.036443, 0.032111),
            (-0.01507, -0.038304, 0.031948), (-0.007018, -0.03646, 0.031759), (-0.006271, -0.035035, 0.031766),
            (0.005105, -0.013191, 0.031982), (-0.007257, -0.033352, 0.031837), (-0.005735, -0.03377, 0.031784),
            (-0.005348, -0.034508, 0.03175), (0.005479, -0.014413, 0.031933), (-0.013195, -0.039167, 0.031862),
            (-0.014932, -0.039685, 0.031929), (-0.013936, -0.037277, 0.031955), (0.007754, -0.018829, 0.031671),
            (0.007761, -0.017172, 0.031733), (0.006453, -0.017322, 0.031819), (-0.012919, -0.036235, 0.031996),
            (-0.012153, -0.037408, 0.031886), (0.008929, -0.017474, 0.031617), (-0.004946, -0.035185, 0.031732),
            (-0.004454, -0.034735, 0.031709), (-0.005, -0.033426, 0.031756), (-0.005216, -0.03639, 0.031697),
            (-0.005037, -0.037621, 0.031648), (-0.004654, -0.035958, 0.031683), (-0.004027, -0.03708, 0.031624),
            (-0.003713, -0.036105, 0.031629), (-0.004036, -0.03779, 0.031606), (-0.00283, -0.038157, 0.031538),
            (0.007246, -0.015094, 0.031848), (0.008844, -0.015576, 0.031713), (-0.002454, -0.036525, 0.031563),
            (-0.021281, -0.009061, 0.033534), (-0.021946, -0.010258, 0.033495), (-0.020031, -0.0097, 0.033424),
            (-0.018194, -0.035411, 0.032205), (-0.002749, -0.034908, 0.031647), (-0.003541, -0.033481, 0.031725),
            (-0.019835, -0.00771, 0.0335), (-0.018723, -0.009283, 0.033334), (-0.017294, -0.010957, 0.033165),
            (-0.017213, -0.008325, 0.033282), (0.010491, -0.016237, 0.031583), (-0.018446, -0.01249, 0.033142),
            (-0.017927, -0.013876, 0.033063), (0.006667, -0.01328, 0.031928), (0.005667, -0.011814, 0.03202),
            (-0.001292, -0.035861, 0.031552), (0.007121, -0.011997, 0.031926), (-0.016138, -0.035487, 0.032109),
            (-0.017678, -0.034295, 0.032253), (0.008542, -0.012764, 0.031872), (0.008572, -0.0142, 0.031798),
            (0.008164, -0.011194, 0.031909), (-0.000729, -0.03205, 0.031688), (-0.002307, -0.032982, 0.031659),
            (-0.001169, -0.033904, 0.031608), (-0.016808, -0.012954, 0.03301), (-0.016936, -0.01468, 0.032944),
            (-0.015046, -0.014034, 0.032883), (-0.014592, -0.035954, 0.032046), (9.1e-05, -0.033158, 0.031558),
            (-0.018583, -0.011185, 0.033235), (-0.016772, -0.03363, 0.032243), (0.009688, -0.010753, 0.031862),
            (-0.0062, -0.033055, 0.03185), (0.009692, -0.013756, 0.03174), (-0.006903, -0.030925, 0.031916),
            (-0.008337, -0.032519, 0.031917), (-0.006477, -0.03205, 0.031873), (-0.013758, -0.016427, 0.032745),
            (-0.012599, -0.016739, 0.032648), (-0.012971, -0.015861, 0.032652), (-0.016233, -0.030158, 0.032267),
            (-0.017414, -0.031377, 0.032416), (-0.015589, -0.032139, 0.032239), (-0.014931, -0.030354, 0.032309),
            (-0.011406, -0.015993, 0.032601), (-0.005669, -0.030474, 0.031894), (-0.004879, -0.032027, 0.031816),
            (-0.013418, -0.034547, 0.032064), (-0.011396, -0.017971, 0.032506), (0.011618, -0.014624, 0.031515),
            (0.011433, -0.013716, 0.031605), (-0.004271, -0.031041, 0.031846), (-0.011306, -0.035788, 0.03194),
            (0.013116, -0.013373, 0.031495), (-0.010995, -0.039082, 0.031805), (-0.011775, -0.040618, 0.031797),
            (-0.010111, -0.040155, 0.031706), (-0.003403, -0.031722, 0.031794), (0.01043, -0.011631, 0.031756),
            (-0.002317, -0.030592, 0.031779), (-0.009012, -0.017199, 0.032411), (-0.010005, -0.018039, 0.032446),
            (-0.008154, -0.018208, 0.032334), (0.007889, -0.008311, 0.032008), (0.006423, -0.010151, 0.032015),
            (-0.00868, -0.026365, 0.032104), (-0.007486, -0.026609, 0.032075), (-0.008705, -0.025561, 0.032138),
            (-0.010476, -0.037328, 0.031862), (-0.009702, -0.016262, 0.032482), (0.001337, -0.043063, 0.03106),
            (-0.00021, -0.043468, 0.031094), (0.000558, -0.044544, 0.031064), (-0.008773, -0.03781, 0.031781),
            (-0.015759, -0.015665, 0.032923), (-0.008792, -0.039084, 0.031721), (0.001688, -0.042048, 0.031082),
            (0.002751, -0.043297, 0.031), (0.000703, -0.040622, 0.03123), (0.003105, -0.041071, 0.031072),
            (-0.003369, -0.03928, 0.031512), (-0.00369, -0.040537, 0.031472), (-0.003182, -0.04012, 0.031474),
            (-0.002065, -0.039187, 0.031418), (-0.00261, -0.040418, 0.031425), (-0.014267, -0.015323, 0.032774),
            (0.000971, -0.031837, 0.031581), (-0.012643, -0.015224, 0.032639), (-0.000623, -0.03961, 0.031366),
            (-0.003297, -0.027996, 0.031903), (-0.004719, -0.029061, 0.031924), (-0.00019, -0.041764, 0.03123),
            (-0.008537, -0.040964, 0.031628), (-0.014265, -0.011365, 0.032908), (-0.014823, -0.012671, 0.032906),
            (-0.01315, -0.012493, 0.03278), (-0.001272, -0.038268, 0.031444), (-0.005755, -0.025285, 0.032079),
            (-0.005414, -0.026396, 0.032025), (-0.003845, -0.026151, 0.032), (-0.007187, -0.040303, 0.031591),
            (-0.011737, -0.014938, 0.032605), (-0.007652, -0.042276, 0.031636), (0.000644, -0.038351, 0.031336),
            (-0.001674, -0.029217, 0.031813), (-0.000381, -0.030191, 0.031695), (-0.005775, -0.041707, 0.0315),
            (-0.001049, -0.037298, 0.031471), (-0.005584, -0.039895, 0.03156), (0.00025, -0.028378, 0.03175),
            (-0.007132, -0.038285, 0.031692), (0.002067, -0.030125, 0.0316), (-0.018468, -0.008049, 0.033406),
            (0.001935, -0.039502, 0.031193), (-0.002262, -0.026682, 0.031909), (-0.001756, -0.02551, 0.031927),
            (-0.00294, -0.024603, 0.032013), (-0.006659, -0.023293, 0.03218), (-0.008532, -0.023357, 0.032212),
            (-0.007648, -0.024457, 0.03215), (0.002035, -0.036881, 0.031306), (0.000155, -0.036153, 0.031441),
            (-0.001193, -0.024372, 0.03196), (-0.034647, -0.031, 0.033048), (-0.000243, -0.023002, 0.031957),
            (-0.001965, -0.022733, 0.032048), (-0.008423, -0.021482, 0.032298), (-0.006744, -0.021253, 0.032219),
            (-0.007553, -0.020158, 0.032289), (-0.005927, -0.020033, 0.032251), (-0.005995, -0.01853, 0.032286),
            (-0.004678, -0.01929, 0.032205), (0.002428, -0.034796, 0.031378), (0.001693, -0.033774, 0.031467),
            (0.000461, -0.034787, 0.031496), (0.00113, -0.024241, 0.031873), (0.000157, -0.026941, 0.03179),
            (-0.00134, -0.02747, 0.031855), (-0.032483, -0.030721, 0.033015), (-0.033165, -0.032233, 0.032934),
            (0.002492, -0.028385, 0.031637), (0.002959, -0.03821, 0.031175), (-0.009113, -0.019388, 0.032433),
            (-0.007188, -0.018313, 0.03233), (-0.033228, -0.028826, 0.033151), (-0.007082, -0.016379, 0.032356),
            (-0.031819, -0.02928, 0.033066), (0.004276, -0.035052, 0.031194), (0.003319, -0.036313, 0.031231),
            (0.004578, -0.036434, 0.031134), (0.003213, -0.025641, 0.031704), (0.002085, -0.026052, 0.031752),
            (0.003475, -0.027525, 0.031616), (-0.030664, -0.028211, 0.033077), (-0.030726, -0.029938, 0.032985),
            (0.003492, -0.033567, 0.031327), (-0.031996, -0.026908, 0.033212), (-0.030909, -0.032905, 0.032778),
            (-0.005597, -0.022304, 0.032159), (-0.030881, -0.031206, 0.032917), (-0.004346, -0.022077, 0.03214),
            (-0.004272, -0.023854, 0.032079), (0.003605, -0.031331, 0.031443), (0.00226, -0.032039, 0.031491),
            (0.003095, -0.023856, 0.031766), (-0.028726, -0.029373, 0.032932), (0.001222, -0.022942, 0.031923),
            (0.004504, -0.032368, 0.031308), (0.005398, -0.03384, 0.03118), (-0.004763, -0.020264, 0.03217),
            (0.004495, -0.021891, 0.031781), (-0.02958, -0.026466, 0.033132), (-0.028815, -0.027963, 0.033017),
            (-0.002196, -0.020456, 0.032084), (-0.003308, -0.022368, 0.032071), (-0.031904, -0.025312, 0.033282),
            (-0.032592, -0.025769, 0.033286), (0.00697, -0.023728, 0.031561), (0.004801, -0.02479, 0.031646),
            (0.006502, -0.025105, 0.031491), (0.004764, -0.030714, 0.031364), (0.006017, -0.030411, 0.031288),
            (0.006225, -0.029307, 0.031306), (0.005491, -0.022474, 0.031664), (0.006016, -0.021137, 0.031717),
            (0.005722, -0.019624, 0.031774), (-0.030468, -0.024778, 0.033265), (0.006969, -0.02231, 0.031611),
            (-0.028524, -0.025197, 0.033134), (0.007398, -0.020035, 0.031647), (-0.015825, -0.007601, 0.033212),
            (-0.015945, -0.009218, 0.033138), (-0.01455, -0.008681, 0.03306), (0.004477, -0.026714, 0.031579),
            (0.005532, -0.027832, 0.031443), (0.006087, -0.026465, 0.031469), (-0.014735, -0.009907, 0.033009),
            (0.00894, -0.020387, 0.031508), (0.007851, -0.021175, 0.031555), (0.009524, -0.018997, 0.031513),
            (0.007143, -0.027781, 0.031319), (-0.024901, -0.021837, 0.033163), (-0.025976, -0.02185, 0.033186),
            (-0.006452, -0.014308, 0.03242), (-0.008085, -0.015638, 0.032471), (-0.023373, -0.022824, 0.033089),
            (-0.025596, -0.020477, 0.033243), (-0.023258, -0.021732, 0.033206), (-0.024141, -0.021231, 0.033202),
            (-0.023317, -0.021017, 0.033174), (-0.022485, -0.020743, 0.033007), (-0.011382, -0.011542, 0.032727),
            (-0.011059, -0.012669, 0.03268), (-0.00903, -0.011955, 0.032576), (-0.009895, -0.014683, 0.032528),
            (-0.009535, -0.013316, 0.032601), (-0.010249, -0.013405, 0.032641), (-0.019145, -0.00679, 0.033513),
            (-0.018758, -0.00593, 0.033506), (-0.017226, -0.006442, 0.033375), (-0.017555, -0.003949, 0.033544),
            (-0.017712, -0.005271, 0.033484), (-0.016166, -0.005588, 0.033349), (-0.015414, -0.002409, 0.033162),
            (-0.01666, -0.002357, 0.033508), (-0.012158, 0.004592, 0.033489), (-0.004604, -0.01803, 0.032261),
            (-0.004556, -0.016813, 0.032279), (-0.002175, -0.015844, 0.032211), (-0.004149, -0.01513, 0.032306),
            (-0.003213, -0.019766, 0.032156), (-0.002673, -0.018274, 0.032165), (-0.000868, -0.01708, 0.032124),
            (-0.002048, -0.017265, 0.03218), (-0.003824, -0.014136, 0.032322), (-0.005117, -0.013567, 0.032387),
            (-0.003973, -0.01259, 0.032311), (-0.002512, -0.012003, 0.032282), (-0.002085, -0.014212, 0.032236),
            (-0.000562, -0.014928, 0.032175), (-0.006187, -0.011508, 0.032446), (-0.004622, -0.010549, 0.032417),
            (-0.036944, -0.034166, 0.03292), (-0.036378, -0.033213, 0.03339), (-0.035258, -0.034704, 0.032528),
            (-0.033343, -0.034542, 0.019397), (-0.003547, -0.010728, 0.032352), (-0.032501, -0.034817, 0.020792),
            (-0.031035, -0.035307, 0.021005), (-0.000587, -0.020909, 0.032036), (-0.034717, -0.032765, 0.033002),
            (-0.034842, -0.03398, 0.033343), (-0.031725, -0.035152, 0.02315), (-0.028625, -0.03601, 0.019173),
            (-0.029117, -0.035932, 0.020529), (-0.029745, -0.035763, 0.02258), (-0.027969, -0.036393, 0.022866),
            (-0.033754, -0.034463, 0.023467), (0.001656, -0.011307, 0.032177), (-0.033862, -0.034515, 0.026081),
            (-0.031994, -0.035063, 0.024642), (-0.031145, -0.035419, 0.025535), (0.003248, -0.010029, 0.03213),
            (0.003514, -0.011728, 0.032089), (-0.031054, -0.025276, 0.033248), (0.004661, -0.00992, 0.032094),
            (0.012885, -0.017092, 0.023013), (0.013359, -0.016338, 0.025767), (0.012427, -0.018636, 0.023877),
            (-0.003377, -0.009065, 0.032368), (-0.029126, -0.036051, 0.024402), (-0.027178, -0.036712, 0.024286),
            (-0.002936, -0.007486, 0.031988), (-0.001953, -0.007989, 0.03232), (-0.022531, -0.024089, 0.032567),
            (-0.022111, -0.024463, 0.030315), (-0.022142, -0.022492, 0.031305), (-0.002056, -0.006175, 0.031974),
            (-0.029142, -0.036127, 0.025878), (-0.030925, -0.03557, 0.027357), (-0.029306, -0.03614, 0.027321),
            (-0.022121, -0.021915, 0.028942), (-0.02167, -0.020767, 0.030145), (-0.025529, -0.037155, 0.020613),
            (-0.024204, -0.037684, 0.022714), (0.000489, -0.005087, 0.032331), (-0.022568, -0.038209, 0.021061),
            (-0.026086, -0.03704, 0.022722), (-0.02252, -0.038266, 0.022158), (-0.025738, -0.037251, 0.024421),
            (0.003483, -0.0064, 0.032234), (0.001891, -0.00493, 0.032326), (-0.000989, -0.005255, 0.032407),
            (-0.022914, -0.038259, 0.024557), (-0.021549, -0.038638, 0.02375), (0.000234, -0.003568, 0.032418),
            (0.003043, -0.004943, 0.032296), (-0.027309, -0.036755, 0.025996), (-0.021973, -0.021209, 0.031809),
            (-0.021832, -0.020271, 0.032628), (-0.024563, -0.03761, 0.024285), (-0.024098, -0.037881, 0.025958),
            (-0.021542, -0.02033, 0.028502), (-0.021, -0.019839, 0.029234), (-0.021004, -0.019738, 0.030494),
            (-0.02777, -0.036671, 0.027076), (-0.021119, -0.019773, 0.031505), (-0.020525, -0.019069, 0.031409),
            (-0.024979, -0.037684, 0.027541), (-0.028131, -0.01967, 0.033377), (-0.020295, -0.018794, 0.029472),
            (-0.019424, -0.018123, 0.030693), (-0.021777, -0.038716, 0.025672), (-0.019688, -0.03944, 0.025432),
            (-0.021088, -0.019493, 0.032548), (-0.022509, -0.029792, 0.032682), (-0.021406, -0.029165, 0.032719),
            (-0.021817, -0.027028, 0.03268), (-0.022366, -0.025748, 0.032698), (-0.0215, -0.026287, 0.031481),
            (-0.022086, -0.038627, 0.02709), (-0.019662, -0.018233, 0.032493), (-0.022697, -0.038509, 0.02843),
            (-0.020617, -0.027807, 0.032327), (-0.020316, -0.018755, 0.032509), (-0.004196, -0.044809, 0.025147),
            (0.011046, -0.01737, 0.031473), (-0.006194, -0.044152, 0.025955), (-0.001784, -0.045769, 0.025897),
            (-0.004324, -0.044862, 0.026567), (-0.020592, -0.038947, 0.022504), (-0.020217, -0.039186, 0.023941),
            (-0.005111, -0.044677, 0.028512), (-0.006991, -0.043971, 0.027617), (-0.003848, -0.045133, 0.028304),
            (-0.002426, -0.045599, 0.027644), (-0.035346, -0.034092, 0.027766), (0.009223, -0.00913, 0.031939),
            (-0.032519, -0.035022, 0.027008), (-0.033568, -0.034737, 0.028624), (0.000348, -0.04675, 0.026466),
            (-2.9e-05, -0.046567, 0.027006), (-0.00108, -0.046124, 0.027322), (0.01223, -0.016468, 0.031387),
            (-0.035968, -0.033999, 0.029815), (0.001784, -0.046845, 0.026906), (-0.034853, -0.034379, 0.030089),
            (0.011538, -0.012302, 0.031705), (0.00054, -0.046988, 0.027861), (-0.001977, -0.045898, 0.029157),
            (1e-05, -0.046757, 0.028625), (-0.031448, -0.035492, 0.029186), (-0.000129, -0.046799, 0.029336),
            (0.001275, -0.047374, 0.029719), (-0.030174, -0.035908, 0.028445), (-0.006201, -0.044322, 0.029112),
            (-0.03275, -0.035178, 0.030266), (-0.005039, -0.044904, 0.030017), (-0.003772, -0.045706, 0.030988),
            (-0.003289, -0.045552, 0.029872), (-0.005495, -0.044919, 0.031316), (-0.007661, -0.044341, 0.031024),
            (-0.029469, -0.036287, 0.030194), (-0.006758, -0.044258, 0.031724), (0.003379, -0.043295, 0.02699),
            (0.002936, -0.044608, 0.028266), (-0.0042, -0.044363, 0.031454), (0.003764, -0.042709, 0.028761),
            (-0.036196, -0.034043, 0.03145), (0.004271, -0.041091, 0.026953), (-0.00243, -0.046274, 0.030955),
            (0.004841, -0.039532, 0.025417), (-0.005603, -0.04308, 0.031462), (-0.002592, -0.044574, 0.031152),
            (-0.033738, -0.035279, 0.032436), (-0.000742, -0.046592, 0.029741), (-0.032488, -0.035488, 0.031476),
            (0.005223, -0.038824, 0.02765), (-0.00135, -0.046803, 0.031097), (0.005712, -0.037353, 0.02635),
            (-0.030835, -0.035998, 0.031366), (-0.031757, -0.035816, 0.033148), (-0.030157, -0.036186, 0.033074),
            (-0.000163, -0.046988, 0.030161), (0.00101, -0.047101, 0.030764), (0.004253, -0.041227, 0.028794),
            (-0.000406, -0.047126, 0.030843), (0.003828, -0.042222, 0.030496), (-0.022018, -0.024991, 0.03155),
            (-0.000321, -0.046729, 0.031298), (-0.001292, -0.045014, 0.031014), (0.002377, -0.044746, 0.030985),
            (-0.033427, -0.034634, 0.033342), (-0.001209, -0.044475, 0.031019), (-0.000619, -0.045651, 0.031078),
            (0.000691, -0.04602, 0.031033), (-0.019846, -0.018306, 0.028189), (-0.018332, -0.017523, 0.029425),
            (-0.018231, -0.017408, 0.028279), (-0.031867, -0.034145, 0.032927), (-0.001717, -0.043426, 0.031143),
            (-0.018201, -0.017646, 0.030774), (-0.030282, -0.03431, 0.03276), (0.004797, -0.039676, 0.028454),
            (-0.016662, -0.017259, 0.030161), (0.002337, -0.046877, 0.028698), (-0.018899, -0.01791, 0.032005),
            (0.005391, -0.03819, 0.029206), (0.004576, -0.040102, 0.030607), (-0.018177, -0.017607, 0.032285),
            (0.003235, -0.039673, 0.031089), (-0.028284, -0.03663, 0.028936), (0.002602, -0.04583, 0.030125),
            (-0.02813, -0.037081, 0.031337), (-0.00867, -0.044024, 0.03202), (0.003313, -0.043779, 0.029934),
            (-0.026829, -0.037129, 0.028691), (-0.026893, -0.037489, 0.031321), (-0.025362, -0.037848, 0.030851),
            (0.005295, -0.038222, 0.025055), (-0.017465, -0.022385, 0.020959), (-0.018779, -0.023516, 0.020987),
            (-0.017114, -0.024484, 0.020646), (-0.024659, -0.0379, 0.029107), (0.006071, -0.035768, 0.022917),
            (-0.01568, -0.023102, 0.020674), (-0.015622, -0.025585, 0.02061), (0.005931, -0.036413, 0.024522),
            (-0.023525, -0.038399, 0.030364), (-0.019682, -0.01953, 0.021257), (-0.020073, -0.020907, 0.020981),
            (-0.018504, -0.020231, 0.021114), (-0.021687, -0.03907, 0.030033), (-0.019249, -0.022069, 0.021076),
            (-0.017023, -0.019738, 0.02096), (-0.015943, -0.021449, 0.020667), (-0.021115, -0.03909, 0.028562),
            (-0.018074, -0.018691, 0.021061), (0.006594, -0.034601, 0.025167), (0.006226, -0.035905, 0.026145),
            (-0.022152, -0.03933, 0.031386), (-0.023816, -0.038931, 0.031809), (-0.014651, -0.023954, 0.020599),
            (-0.013436, -0.022807, 0.020376), (0.007236, -0.032801, 0.024038), (-0.01375, -0.021615, 0.020583),
            (-0.029396, -0.036962, 0.032651), (-0.028213, -0.037303, 0.032851), (-0.026854, -0.037631, 0.03273),
            (0.007749, -0.031322, 0.022487), (-0.014373, -0.0202, 0.020575), (-0.027297, -0.036384, 0.032753),
            (-0.011562, -0.022933, 0.020122), (-0.012147, -0.022366, 0.020231), (-0.012587, -0.021309, 0.020507),
            (-0.012282, -0.020652, 0.020497), (-0.012858, -0.019925, 0.020656), (-0.028986, -0.03506, 0.032653),
            (-0.011769, -0.021562, 0.02025), (-0.02554, -0.038377, 0.032439), (0.006001, -0.036726, 0.027825),
            (-0.022029, -0.023957, 0.028967), (-0.025755, -0.03707, 0.032648), (-0.021487, -0.020109, 0.027325),
            (-0.024509, -0.038018, 0.032762), (0.006601, -0.035108, 0.027829), (-0.02741, -0.034843, 0.032513),
            (0.006997, -0.033775, 0.026879), (-0.020984, -0.019667, 0.02799), (0.006321, -0.035735, 0.029371),
            (-0.020808, -0.019081, 0.026722), (0.005649, -0.037232, 0.030596), (-0.017278, -0.029132, 0.028126),
            (-0.016671, -0.029274, 0.026425), (-0.018939, -0.028417, 0.026783), (0.007042, -0.033844, 0.02883),
            (-0.015386, -0.029233, 0.028033), (0.007405, -0.032522, 0.025958), (0.008093, -0.030542, 0.024907),
            (-0.017934, -0.029125, 0.029841), (-0.01626, -0.029432, 0.029865), (0.008061, -0.030796, 0.026416),
            (-0.020627, -0.02723, 0.030318), (-0.020439, -0.027281, 0.027843), (-0.021478, -0.02609, 0.029495),
            (-0.015925, -0.011331, 0.033012), (-0.021839, -0.025226, 0.028316), (0.007531, -0.032739, 0.028551),
            (-0.023316, -0.038843, 0.032775), (-0.02227, -0.037601, 0.032249), (0.007998, -0.031433, 0.028152),
            (-0.018588, -0.02893, 0.031151), (-0.019405, -0.028377, 0.028992), (0.008473, -0.029952, 0.028557),
            (-0.017434, -0.02955, 0.031898), (-0.003968, -0.038815, 0.031564), (-0.018871, -0.018826, 0.021225),
            (-0.019123, -0.017489, 0.021797), (-0.017278, -0.018455, 0.020993), (-0.019271, -0.017941, 0.026871),
            (-0.017823, -0.017267, 0.02659), (-0.015611, -0.016964, 0.026665), (-0.016493, -0.01716, 0.028485),
            (-0.014114, -0.017441, 0.029625), (-0.014936, -0.01724, 0.027991), (-0.010624, -0.020385, 0.02746),
            (-0.01025, -0.021976, 0.026225), (-0.009927, -0.022066, 0.028423), (-0.016553, -0.0172, 0.031948),
            (-0.014958, -0.017348, 0.031055), (-0.014123, -0.01745, 0.026856), (-0.012793, -0.018048, 0.027214),
            (-0.017452, -0.017363, 0.032198), (-0.012362, -0.018568, 0.029223), (-0.011432, -0.019279, 0.028009),
            (-0.011648, -0.019042, 0.026275), (-0.010536, -0.020531, 0.026314), (-0.010731, -0.020046, 0.029256),
            (-0.01555, -0.016972, 0.032432), (-0.019782, -0.028157, 0.031286), (-0.013511, -0.017456, 0.03227),
            (-0.013355, -0.017795, 0.030913), (-0.014917, -0.017057, 0.032224), (-0.01427, -0.017108, 0.032325),
            (-0.014202, -0.016745, 0.032622), (-0.013629, -0.029065, 0.028195), (-0.0147, -0.029146, 0.026665),
            (-0.014492, -0.029333, 0.029636), (0.004673, -0.037978, 0.031101), (-0.012744, -0.028724, 0.02929),
            (-0.019867, -0.02863, 0.032393), (-0.0119, -0.027997, 0.028637), (-0.018951, -0.029371, 0.032356),
            (-0.013395, -0.017734, 0.031672), (-0.010434, -0.026786, 0.029775), (-0.011154, -0.027147, 0.027853),
            (-0.010061, -0.025923, 0.028629), (-0.015461, -0.029567, 0.030926), (-0.013762, -0.029355, 0.03082),
            (-0.013221, -0.029819, 0.032113), (-0.0119, -0.018795, 0.0313), (-0.012412, -0.018385, 0.031292),
            (-0.012402, -0.018217, 0.03193), (-0.018845, -0.039819, 0.027107), (-0.011318, -0.019287, 0.031434),
            (-0.010307, -0.020516, 0.031096), (-0.010606, -0.019962, 0.031813), (-0.019958, -0.039578, 0.029251),
            (-0.011338, -0.027976, 0.030404), (0.00608, -0.031775, 0.031239), (-0.012031, -0.028968, 0.03161),
            (-0.017603, -0.040381, 0.02863), (-0.016081, -0.040944, 0.028365), (-0.016379, -0.040893, 0.030188),
            (0.006139, -0.035399, 0.030806), (-0.018898, -0.039547, 0.022688), (-0.014034, -0.031806, 0.032197),
            (-0.01117, -0.029115, 0.032066), (0.00669, -0.033891, 0.030902), (-0.016277, -0.040539, 0.023733),
            (-0.009443, -0.033401, 0.031944), (-0.01835, -0.039829, 0.02458), (0.004192, -0.029395, 0.031478),
            (-0.017543, -0.040216, 0.025961), (-0.013971, -0.041327, 0.023835), (0.007297, -0.032636, 0.030642),
            (0.007802, -0.031638, 0.03018), (-0.012471, -0.041838, 0.024036), (0.007884, -0.030609, 0.030989),
            (-0.016059, -0.040714, 0.026154), (-0.010053, -0.027819, 0.032053), (-0.014765, -0.041234, 0.026853),
            (-0.013304, -0.041659, 0.025466), (-0.009678, -0.026015, 0.031343), (0.008515, -0.02905, 0.030878),
            (-0.012843, -0.013844, 0.032737), (-0.008549, -0.027202, 0.032134), (-0.008178, -0.028157, 0.032048),
            (-0.0129, -0.041906, 0.027263), (-0.011042, -0.014194, 0.032632), (-0.014017, -0.04162, 0.028638),
            (0.00799, -0.03055, 0.021516), (-0.014562, -0.04147, 0.030247), (0.008478, -0.029219, 0.021764),
            (0.00878, -0.028111, 0.020858), (-0.009539, -0.042834, 0.023777), (-0.011176, -0.042328, 0.025461),
            (0.008281, -0.030144, 0.02339), (0.009166, -0.027378, 0.022034), (0.008845, -0.028493, 0.024297),
            (-0.008288, -0.043357, 0.025575), (-0.009436, -0.04302, 0.026228), (-0.009798, -0.021072, 0.031616),
            (-0.009753, -0.021956, 0.030332), (-0.009467, -0.02211, 0.031569), (0.009559, -0.025891, 0.020034),
            (-0.009339, -0.023226, 0.031199), (0.010174, -0.024178, 0.019515), (-0.009046, -0.02454, 0.031816),
            (0.010049, -0.025013, 0.021605), (0.00958, -0.026474, 0.02324), (0.00881, -0.028853, 0.025842),
            (0.008553, -0.029526, 0.026904), (-0.011916, -0.042298, 0.028398), (-0.010074, -0.042992, 0.028793),
            (0.009295, -0.027353, 0.026581), (0.00962, -0.02644, 0.024993), (-0.012305, -0.042361, 0.030519),
            (-0.01111, -0.043313, 0.031492), (0.010295, -0.024475, 0.023371), (-0.008414, -0.043503, 0.028389),
            (-0.009087, -0.043413, 0.030005), (0.009718, -0.026376, 0.027247), (0.010274, -0.024833, 0.025479),
            (-0.009569, -0.024977, 0.030411), (-0.00755, -0.043972, 0.029584), (0.010778, -0.023205, 0.024098),
            (0.010813, -0.023331, 0.025662), (-0.00977, -0.024022, 0.027919), (-0.010017, -0.043723, 0.031648),
            (-0.009567, -0.02361, 0.029343), (0.010646, -0.02333, 0.021701), (0.010903, -0.022427, 0.020609),
            (0.010595, -0.023045, 0.019188), (-0.009328, -0.023914, 0.031233), (-0.009228, -0.025222, 0.031676),
            (0.011221, -0.021934, 0.023364), (0.011522, -0.020822, 0.021741), (-0.020872, -0.039467, 0.030952),
            (-0.019616, -0.040155, 0.03123), (-0.018252, -0.04023, 0.030188), (-0.005163, -0.02757, 0.031984),
            (0.011758, -0.020345, 0.02338), (0.011913, -0.020146, 0.024661), (-0.021815, -0.039576, 0.032618),
            (0.011672, -0.020956, 0.025649), (-0.020323, -0.040088, 0.03266), (-0.018742, -0.040499, 0.032586),
            (-0.020972, -0.038413, 0.032255), (0.00921, -0.028041, 0.028607), (0.009804, -0.02612, 0.029044),
            (-0.020109, -0.037239, 0.032093), (-0.013282, -0.010065, 0.032896), (-0.017285, -0.041353, 0.03199),
            (-0.014543, -0.006061, 0.032916), (-0.014074, -0.007265, 0.032993), (-0.01558, -0.041748, 0.032293),
            (0.00899, -0.027605, 0.030993), (-0.012919, -0.007976, 0.032736), (-0.012321, -0.009567, 0.032931),
            (0.009063, -0.026436, 0.031327), (0.010484, -0.02441, 0.028705), (0.010479, -0.024255, 0.027035),
            (-0.016667, -0.040442, 0.032392), (-0.01459, -0.0052, 0.03085), (-0.0136, -0.006617, 0.029803),
            (-0.014529, -0.005446, 0.029061), (0.011023, -0.022783, 0.027236), (-0.015038, -0.003304, 0.028815),
            (-0.014984, -0.003579, 0.030527), (0.01019, -0.024842, 0.030408), (0.011137, -0.022583, 0.029017),
            (-0.014915, -0.001795, 0.031336), (-0.014864, -0.001344, 0.030168), (-0.015064, -0.003165, 0.031626),
            (-0.014994, -0.004268, 0.032529), (-0.014495, -0.042272, 0.032008), (-0.013872, -0.006334, 0.031109),
            (-0.011525, -0.008616, 0.031851), (-0.011751, -0.008251, 0.030537), (-0.013104, -0.007144, 0.031671),
            (0.008697, -0.02505, 0.031334), (0.000249, -0.025813, 0.03183), (-0.013299, -0.040654, 0.031916),
            (0.00886, -0.023007, 0.031383), (0.010584, -0.023477, 0.030965), (0.011183, -0.021951, 0.030489),
            (-0.007925, -0.013749, 0.032483), (0.010356, -0.021752, 0.031361), (-0.011352, -0.002212, 0.021123),
            (-0.011114, -0.003983, 0.020994), (-0.009253, -0.003809, 0.020723), (-0.009604, -0.002025, 0.020919),
            (-0.009764, -0.008945, 0.030375), (-0.007859, -0.008995, 0.029679), (-0.009061, -0.008805, 0.028292),
            (-0.009049, 0.000386, 0.020933), (-0.007751, -0.008853, 0.028048), (-0.008178, -0.002275, 0.020755),
            (-0.007345, -0.000655, 0.020696), (-0.006393, -0.008759, 0.029464), (-0.014714, -0.033692, 0.032157),
            (-0.007992, -0.009217, 0.030966), (0.011738, -0.020868, 0.02779), (0.012605, -0.0185, 0.026059),
            (0.012314, -0.019385, 0.027633), (-0.007956, -0.003901, 0.020707), (-0.006167, -0.008982, 0.030847),
            (-0.006826, -0.00254, 0.0206), (0.011684, -0.02088, 0.02964), (-0.005885, -0.001451, 0.020581),
            (-0.005736, -0.003646, 0.020523), (-0.00489, -0.00317, 0.020392), (0.012811, -0.018027, 0.028433),
            (0.01336, -0.016553, 0.028066), (0.011592, -0.020459, 0.019341), (-0.009161, -0.009971, 0.032564),
            (-0.010713, -0.009679, 0.0327), (0.011903, -0.019345, 0.017661), (-0.013569, -0.042435, 0.03223),
            (0.011256, -0.02058, 0.031282), (0.012278, -0.019491, 0.029624), (-0.012349, -0.042564, 0.032384),
            (0.012503, -0.017508, 0.017267), (-0.010786, -0.042129, 0.032113), (0.012207, -0.018738, 0.018779),
            (0.011667, -0.019103, 0.03138), (0.012123, -0.019051, 0.021118), (0.012828, -0.016999, 0.019175),
            (0.012619, -0.017703, 0.020536), (0.01249, -0.017879, 0.031055), (-0.007803, -0.012582, 0.03253),
            (-0.008247, -0.011645, 0.032554), (0.013298, -0.01649, 0.030423), (0.013752, -0.015371, 0.027802),
            (-0.009598, -0.042692, 0.032072), (0.013837, -0.015225, 0.029937), (0.013326, -0.015852, 0.021426),
            (0.013226, -0.015161, 0.031319), (-0.007339, -0.00967, 0.032133), (0.014249, -0.013899, 0.030676),
            (-0.007664, -0.010829, 0.032534), (-0.006774, -0.010353, 0.032441), (-0.005842, -0.009306, 0.031819),
            (-0.006135, -0.00987, 0.032315), (-0.00447, -0.008657, 0.031892), (-0.014003, 0.000668, 0.028758),
            (-0.014846, -0.001137, 0.028988), (-0.014249, 0.000161, 0.027894), (-0.013239, 0.001552, 0.028281),
            (-0.014184, -2.1e-05, 0.031574), (-0.014046, 0.000215, 0.030232), (-0.013676, 0.000913, 0.029796),
            (-0.013832, 0.000476, 0.030661), (-0.012065, 0.002459, 0.027305), (-0.012808, 0.001778, 0.029904),
            (-0.011408, 0.002771, 0.028723), (-0.011804, 0.002536, 0.030452), (-0.010682, 0.002978, 0.029618),
            (-0.010191, 0.003252, 0.026503), (-0.009309, 0.003149, 0.028393), (-0.008822, 0.003273, 0.03011),
            (-0.005456, -0.007957, 0.027196), (-0.00546, -0.007805, 0.02605), (-0.006774, -0.008499, 0.026011),
            (-0.004411, -0.007079, 0.026847), (-0.005029, -0.007435, 0.025707), (-0.00658, -0.008522, 0.027465),
            (-0.00568, -0.008298, 0.028186), (-0.004472, -0.007338, 0.028093), (-0.003258, -0.00595, 0.027933),
            (-0.004057, -0.007295, 0.029155), (-0.005262, -0.008218, 0.028921), (-0.005219, -0.008544, 0.030271),
            (-0.00553, -0.008867, 0.031051), (-0.003715, -0.007255, 0.030375), (-0.002645, -0.00518, 0.028768),
            (-0.00251, -0.005179, 0.029924), (-0.002413, -0.002922, 0.029681), (-0.002661, -0.002618, 0.028112),
            (-0.002768, -0.006253, 0.030843), (-0.002045, -0.005015, 0.031654), (-0.002115, -0.003382, 0.030853),
            (-0.002593, -0.001335, 0.030238), (-0.001278, -0.004, 0.032317), (-0.001672, -0.002535, 0.032144),
            (-5.2e-05, -0.002558, 0.032441), (-0.015592, -0.004566, 0.033334), (-0.014864, -0.00089, 0.03307),
            (-0.014086, 0.000312, 0.032657), (-0.013395, 0.001038, 0.032393), (-0.013149, 0.001625, 0.033042),
            (-0.012562, 0.002279, 0.033218), (-0.012416, 0.002013, 0.031631), (-0.011258, 0.002708, 0.031771),
            (-0.00972, 0.003099, 0.031295), (-0.008626, 0.00327, 0.032243), (-0.010265, 0.00324, 0.032628),
            (-0.011632, 0.00343, 0.033397), (-0.011896, 0.002473, 0.032742), (-0.011089, 0.002922, 0.032746),
            (-0.010423, 0.003568, 0.033159), (-0.010162, 0.00466, 0.033355), (-0.0096, 0.003688, 0.033057),
            (-0.008833, 0.004232, 0.033207), (-0.011415, 0.005609, 0.033462), (-0.012893, -0.001864, 0.021187),
            (-0.007321, -0.007666, 0.020915), (-0.007434, -0.00694, 0.020653), (-0.007989, -0.007498, 0.020778),
            (-0.006216, -0.007129, 0.020956), (-0.00867, -0.007864, 0.021549), (-0.007129, -0.008047, 0.021558),
            (-0.00682, -0.008111, 0.022532), (-0.00526, -0.007144, 0.022158), (-0.007414, -0.006309, 0.020652),
            (-0.007119, -0.005358, 0.020626), (-0.005098, -0.005694, 0.020594), (-0.005882, -0.004777, 0.020611),
            (-0.003565, -0.0048, 0.02064), (-0.006082, -0.007822, 0.023645), (-0.007438, -0.008707, 0.025051),
            (-0.005858, -0.007859, 0.024648), (-0.004472, -0.006611, 0.02369), (-0.009262, -0.00885, 0.025896),
            (-0.003931, -0.006186, 0.02494), (-0.003363, -0.005427, 0.02297), (-0.002808, -0.003993, 0.023131),
            (-0.003443, -0.005905, 0.026503), (-0.002851, -0.004374, 0.026011), (-0.020797, -0.026083, 0.022167),
            (-0.019688, -0.025657, 0.020934), (-0.021918, -0.024984, 0.022357), (-0.002924, -0.002343, 0.025366),
            (-0.022376, -0.023295, 0.02287), (-0.021131, -0.023056, 0.021293), (-0.022093, -0.021586, 0.021854),
            (-0.021568, -0.020437, 0.021603), (-0.02157, -0.019677, 0.02198), (-0.017701, -0.026557, 0.020925),
            (-0.015976, -0.027819, 0.021175), (-0.013985, -0.027477, 0.020652), (-0.014414, -0.028543, 0.022153),
            (-0.013626, -0.025046, 0.020411), (-0.012049, -0.025844, 0.02048), (-0.012595, -0.027742, 0.022362),
            (-0.011287, -0.026545, 0.021585), (-0.012821, -0.028068, 0.024288), (-0.013456, -0.028764, 0.026099),
            (-0.015863, -0.028814, 0.024544), (-0.020671, -0.0194, 0.021401), (-0.016575, -0.018146, 0.020996),
            (-0.015036, -0.018725, 0.020548), (-0.014886, -0.017465, 0.021095), (-0.011345, -0.024385, 0.020095),
            (-0.010298, -0.024947, 0.020876), (-0.010896, -0.023782, 0.020248), (-0.010087, -0.022816, 0.021711),
            (-0.009899, -0.024697, 0.022085), (-0.010043, -0.02304, 0.023283), (-0.013348, -0.019011, 0.020659),
            (-0.013864, -0.017843, 0.020985), (-0.011758, -0.019461, 0.02098), (-0.012415, -0.018313, 0.021307),
            (-0.011473, -0.01903, 0.022546), (-0.010498, -0.020817, 0.021495), (-0.021999, -0.024097, 0.025039),
            (-0.021267, -0.025766, 0.023977), (-0.020617, -0.026691, 0.025585), (-0.022036, -0.02399, 0.026747),
            (-0.022193, -0.021596, 0.026438), (-0.021359, -0.025929, 0.026911), (-0.022311, -0.020725, 0.022799),
            (-0.022069, -0.020321, 0.023443), (-0.021145, -0.019001, 0.023589), (-0.022222, -0.021484, 0.024819),
            (-0.021751, -0.020243, 0.02482), (-0.021525, -0.019932, 0.025819), (-0.021469, -0.019971, 0.02654),
            (-0.020405, -0.018562, 0.02532), (-0.018334, -0.028281, 0.025195), (-0.020432, -0.018441, 0.022215),
            (-0.017348, -0.016948, 0.021688), (-0.019268, -0.017615, 0.023888), (-0.017645, -0.016999, 0.023996),
            (-0.016082, -0.01734, 0.021212), (-0.014503, -0.016715, 0.022202), (-0.01551, -0.01662, 0.023359),
            (-0.014929, -0.01681, 0.025233), (-0.012849, -0.017668, 0.022524), (-0.013406, -0.017185, 0.024309),
            (-0.010525, -0.02053, 0.023608), (-0.011721, -0.018872, 0.024576), (-0.011115, -0.026464, 0.023834),
            (-0.010279, -0.025377, 0.02343), (-0.012119, -0.027823, 0.026475), (-0.010432, -0.026102, 0.026266),
            (-0.014557, -0.005138, 0.024641), (-0.014976, -0.003971, 0.026169), (-0.014727, -0.005123, 0.027401),
            (-0.013441, -0.006838, 0.02599), (-0.013214, -0.00717, 0.027355), (-0.011461, -0.008158, 0.025325),
            (-0.010166, -0.008549, 0.027013), (-0.012096, -0.007747, 0.028543), (-0.010631, -0.008476, 0.028471),
            (-0.009991, -0.023914, 0.02578), (-0.010424, -0.005028, 0.020349), (-0.010997, -0.005588, 0.020414),
            (-0.009728, -0.005924, 0.020148), (-0.008915, -0.006001, 0.020346), (-0.008829, -0.007134, 0.02058),
            (-0.012888, -0.005784, 0.021152), (-0.014751, -0.004979, 0.022226), (-0.01196, -0.003654, 0.021137),
            (-0.012644, -0.00256, 0.021226), (-0.010102, 0.003457, 0.024537), (-0.013656, -0.006213, 0.023915),
            (-0.012229, -0.006895, 0.022781), (-0.010717, -0.007652, 0.022674), (-0.008816, -0.008509, 0.023715),
            (-0.019504, -0.026993, 0.023543), (-0.017286, -0.027936, 0.023339), (-0.00892, 0.033007, 0.03423),
            (-0.010759, 0.033609, 0.034408), (-0.01067, 0.032525, 0.034357), (-0.016802, 0.013474, 0.034161),
            (-0.015837, 0.011258, 0.034022), (-0.015485, 0.012602, 0.034045), (-0.01947, 0.013378, 0.034341),
            (-0.012012, 0.020145, 0.034041), (-0.013617, 0.019631, 0.034146), (-0.012568, 0.017626, 0.034008),
            (-0.011321, 0.019555, 0.033985), (-0.013655, 0.011696, 0.033871), (-0.014148, 0.010113, 0.033848),
            (-0.008452, 0.030279, 0.034151), (-0.009754, 0.030075, 0.034199), (-0.00793, 0.028987, 0.034041),
            (-0.019698, 0.019875, 0.034538), (-0.022207, 0.021029, 0.034694), (-0.021161, 0.018827, 0.034586),
            (-0.019658, 0.021382, 0.034582), (-0.012339, 0.00781, 0.033632), (-0.011773, 0.015491, 0.033884),
            (-0.009903, 0.015432, 0.033709), (-0.010555, 0.016754, 0.033842), (-0.00957, 0.031793, 0.034246),
            (-0.00736, 0.031822, 0.034074), (-0.006887, 0.033006, 0.034187), (-0.008819, 0.016312, 0.033701),
            (-0.01214, 0.011048, 0.03377), (-0.012073, 0.009647, 0.033697), (-0.009494, 0.017337, 0.033779),
            (-0.007095, 0.024049, 0.033827), (-0.007371, 0.025622, 0.033916), (-0.008683, 0.025558, 0.033977),
            (-0.010646, 0.010662, 0.033585), (-0.014286, 0.013269, 0.033993), (-0.012786, 0.01279, 0.033868),
            (-0.008962, 0.024286, 0.033967), (-0.009058, 0.023078, 0.033928), (-0.007765, 0.022572, 0.033845),
            (-0.006607, 0.022816, 0.033736), (-0.011501, 0.021783, 0.034082), (-0.010698, 0.020615, 0.033985),
            (-0.010332, 0.022297, 0.034001), (-0.021759, 0.022663, 0.034708), (-0.006158, 0.02679, 0.033847),
            (-0.006039, 0.024755, 0.033756), (-0.009913, 0.020467, 0.033909), (-0.009969, 0.013093, 0.033667),
            (-0.010197, 0.014344, 0.033732), (-0.012498, 0.014235, 0.033864), (-0.008721, 0.02036, 0.033826),
            (-0.015692, 0.013905, 0.034079), (-0.007919, 0.014828, 0.03351), (-0.000955, 0.02561, 0.0335),
            (-0.002905, 0.02691, 0.033659), (-0.002393, 0.025053, 0.033624), (-0.013699, 0.01599, 0.034015),
            (-0.016221, 0.015524, 0.034186), (-0.014302, 0.014563, 0.034017), (0.000323, 0.02681, 0.03347),
            (-0.0012, 0.027039, 0.033604), (-0.016878, 0.031556, 0.034755), (-0.018309, 0.031288, 0.034828),
            (-0.017425, 0.030206, 0.034741), (-0.015721, 0.021943, 0.034376), (-0.017111, 0.020515, 0.03442),
            (-0.015105, 0.020377, 0.034262), (-0.015798, 0.03077, 0.034667), (-0.014678, 0.031502, 0.03463),
            (-0.016219, 0.032392, 0.03476), (-0.015848, 0.031373, 0.034692), (-0.021963, 0.024338, 0.034767),
            (-0.023334, 0.023413, 0.034727), (-0.020535, 0.023261, 0.034687), (-0.013179, 0.022796, 0.034219),
            (-0.014143, 0.021928, 0.034261), (-0.01265, 0.021298, 0.034107), (-0.014357, 0.023925, 0.034347),
            (-0.018618, 0.033884, 0.034929), (-0.01856, 0.035203, 0.034993), (-0.020047, 0.03442, 0.035066),
            (-0.00822, 0.034016, 0.03448), (-0.00478, 0.031615, 0.033927), (-0.005668, 0.03066, 0.033942),
            (-0.018894, 0.022705, 0.034585), (-0.017415, 0.022301, 0.034498), (-0.017171, 0.034827, 0.03488),
            (-0.022371, 0.028728, 0.034981), (-0.022304, 0.027076, 0.03487), (-0.021097, 0.027647, 0.034842),
            (-0.019018, 0.024896, 0.034679), (-0.017997, 0.024095, 0.034587), (-0.01708, 0.025392, 0.03456),
            (0.00062, 0.028101, 0.033484), (0.002505, 0.027534, 0.033358), (-0.015788, 0.024517, 0.034447),
            (-0.019823, 0.028279, 0.034818), (-0.019282, 0.029876, 0.03485), (-0.020806, 0.029552, 0.034903),
            (-0.004006, 0.03227, 0.034015), (-0.0038, 0.030762, 0.033817), (-0.014399, 0.034282, 0.034681),
            (-0.01616, 0.033522, 0.034786), (-0.014447, 0.02567, 0.034399), (-0.0156, 0.027228, 0.034524),
            (-0.018187, 0.036689, 0.035071), (-0.017659, 0.036258, 0.035003), (-0.018331, 0.028065, 0.03474),
            (-0.018622, 0.026762, 0.034695), (-0.016999, 0.027371, 0.03464), (-0.020411, 0.030657, 0.034912),
            (-0.016725, 0.035696, 0.034911), (-0.015462, 0.028759, 0.034572), (-0.016493, 0.028647, 0.034628),
            (-0.014412, 0.02779, 0.034495), (-0.014378, 0.028646, 0.034497), (0.000725, 0.029362, 0.033517),
            (-0.001938, 0.028518, 0.033662), (-0.023121, 0.016811, 0.0346), (-0.01645, 0.034273, 0.034831),
            (0.00159, 0.029867, 0.033475), (-0.000112, 0.030382, 0.033585), (-0.014875, 0.035178, 0.034784),
            (-0.020571, 0.015527, 0.034461), (-0.015912, 0.036582, 0.035077), (-0.012478, 0.034703, 0.034653),
            (-0.013208, 0.033437, 0.034575), (-0.011364, 0.036225, 0.034808), (-0.015126, 0.029961, 0.034594),
            (-0.014181, 0.029529, 0.034521), (-0.010616, 0.025827, 0.034126), (-0.01, 0.026997, 0.03414),
            (-0.018629, 0.015323, 0.034327), (-0.019411, 0.017022, 0.034451), (-0.028207, 0.021878, -0.001079),
            (-0.02562, 0.026066, 0.023654), (-0.025264, 0.027387, 0.021779), (-0.025789, 0.025788, 0.021725),
            (-0.017695, 0.016577, 0.034306), (-0.026077, 0.025139, 0.02259), (-0.006876, 0.037001, 0.001256),
            (-0.006604, 0.03709, -0.001742), (-0.008443, 0.037748, -0.001158), (-0.024948, 0.028111, 0.023343),
            (-0.027846, 0.022605, 0.00055), (-0.027429, 0.023842, 3.2e-05), (-0.009098, 0.037957, 0.00046),
            (-0.02746, 0.023969, -0.001408), (-0.018366, 0.014047, 0.034276), (-0.024943, 0.028602, 0.020781),
            (-0.024645, 0.029721, 0.019702), (-0.025278, 0.027814, 0.019253), (-0.00411, 0.036036, -0.00071),
            (-0.005003, 0.036268, 0.001301), (-0.023687, 0.01895, 0.034686), (-0.024584, 0.03007, 0.018107),
            (-0.024148, 0.031256, 0.018599), (-0.026615, 0.026795, -0.003458), (-0.026974, 0.025435, -0.002382),
            (-0.024158, 0.03122, 0.020243), (-0.02649, 0.026934, -0.001875), (-0.02481, 0.028774, 0.022236),
            (-0.02436, 0.030115, 0.02129), (-0.018029, 0.018872, 0.034404), (-0.02417, 0.030579, 0.022446),
            (-0.026807, 0.025749, -0.000308), (-0.002159, 0.035177, 0.000148), (-0.002897, 0.035605, -0.002891),
            (-0.026906, 0.025201, 0.001526), (-0.027433, 0.023462, 0.001726), (-0.000113, 0.034452, -0.001784),
            (-0.025488, 0.026326, 0.02511), (-0.026254, 0.024203, 0.024747), (-0.026306, 0.02725, -9.7e-05),
            (-0.016386, 0.017374, 0.03423), (-0.025519, 0.025934, 0.026572), (-0.00063, 0.034561, 0.00063),
            (-0.026453, 0.026561, 0.001331), (-0.014489, 0.016995, 0.0341), (-0.015184, 0.018159, 0.034176),
            (-0.024986, 0.027827, 0.025172), (-0.003569, 0.035681, 0.001097), (-0.017015, 0.018433, 0.034322),
            (-0.003254, 0.035449, 0.003037), (-0.024725, 0.028088, 0.026679), (-0.015685, 0.01925, 0.034274),
            (-0.024523, 0.029187, 0.024759), (-0.001631, 0.034853, 0.002262), (-0.025247, 0.02661, 0.0281),
            (-0.024441, 0.02892, 0.028025), (-0.025475, 0.030336, -0.00349), (-0.023947, 0.030888, 0.02413),
            (-0.0234, 0.033141, 0.02267), (-0.015133, 0.040455, 0.001088), (-0.014643, 0.040343, -0.000666),
            (-0.016502, 0.041021, 0.000456), (-0.025792, 0.028937, -0.000601), (-0.025694, 0.029426, -0.001948),
            (-0.024197, 0.030086, 0.025978), (-0.02523, 0.031016, -0.002451), (-0.025103, 0.031821, -0.005089),
            (-0.023499, 0.032442, 0.024688), (-0.023826, 0.031308, 0.025527), (-0.012129, 0.039284, -0.00039),
            (-0.013834, 0.039882, 0.002021), (-0.024535, 0.033976, -0.006172), (-0.023284, 0.032506, 0.027231),
            (-0.023925, 0.030614, 0.027199), (-0.024504, 0.033978, -0.005108), (-0.024824, 0.032806, -0.003849),
            (-0.025974, 0.024504, 0.028138), (-0.024304, 0.034661, -0.003833), (-0.024306, 0.034347, -0.002849),
            (-0.024671, 0.0328, -0.002206), (-0.016085, 0.040695, 0.003063), (-0.017598, 0.041361, 0.002214),
            (-0.014988, 0.040185, 0.004888), (-0.026, 0.027959, 0.001012), (-0.011271, 0.038817, 0.001448),
            (-0.025211, 0.030454, 0.000463), (-0.025617, 0.02896, 0.001883), (-0.01134, 0.008586, 0.033598),
            (-0.009585, 0.038073, 0.002437), (-0.025569, 0.028858, 0.003299), (-0.026039, 0.027455, 0.003683),
            (-0.011645, 0.038881, 0.003555), (-0.012339, 0.039099, 0.004787), (-0.009126, 0.009492, 0.03344),
            (-0.025092, 0.030495, 0.002334), (-0.024738, 0.031889, 0.002234), (-0.01211, 0.022546, 0.034154),
            (-0.025001, 0.031632, -0.001216), (-0.012673, 0.024032, 0.034208), (-0.012375, 0.023293, 0.034174),
            (-0.01086, 0.023696, 0.034069), (-0.024859, 0.031996, 0.000107), (-0.011704, 0.024747, 0.034153),
            (-0.024221, 0.034274, -0.001488), (-0.008373, 0.012092, 0.033476), (-0.024345, 0.033813, -0.000195),
            (-0.008273, 0.010855, 0.033431), (-0.010163, 0.038142, 0.005115), (-0.008359, 0.037483, 0.003926),
            (-0.024461, 0.033007, 0.000973), (-0.008086, 0.013559, 0.033518), (-0.023926, 0.035269, -0.000606),
            (-0.016834, 0.040849, 0.005062), (-0.007443, 0.016833, 0.029678), (-0.006917, 0.014725, 0.029842),
            (-0.007009, 0.014993, 0.028147), (-0.023991, 0.034868, 0.0012), (-0.006702, 0.014336, 0.031746),
            (-0.005819, 0.013299, 0.03062), (-0.007304, 0.015805, 0.031473), (-0.024018, 0.035983, -0.004731),
            (-0.008333, 0.015668, 0.033581), (-0.007606, 0.01587, 0.033138), (-0.007219, 0.014436, 0.033172),
            (-0.006966, 0.013681, 0.033216), (-0.007555, 0.017842, 0.032355), (-0.007546, 0.017505, 0.031095),
            (-0.016266, 0.040499, 0.007241), (-0.008106, 0.017826, 0.033535), (-0.0149, 0.039972, 0.007685),
            (-0.012968, 0.039282, 0.005898), (-0.023418, 0.038039, -0.005021), (-0.00729, 0.01925, 0.029312),
            (-0.007519, 0.018983, 0.027476), (-0.006695, 0.020421, 0.027964), (-0.014288, 0.027057, 0.034441),
            (-0.013007, 0.027225, 0.034353), (-0.013794, 0.026176, 0.034366), (-0.006804, 0.02013, 0.030945),
            (-0.006147, 0.021275, 0.029997), (-0.023152, 0.03896, -0.00698), (-0.007264, 0.019141, 0.030747),
            (-0.011133, 0.038528, 0.006231), (-0.02256, 0.040676, -0.006532), (-0.022459, 0.040917, -0.007772),
            (-0.013278, 0.025184, 0.034325), (-0.007338, 0.01911, 0.032425), (-0.009186, 0.037737, 0.006362),
            (-0.012309, 0.026323, 0.034273), (-0.022712, 0.039889, -0.00466), (-0.006628, 0.020606, 0.032442),
            (-0.013451, 0.039377, 0.007696), (-0.011318, 0.038521, 0.00763), (-0.024987, 0.029619, 0.011467),
            (-0.024543, 0.031286, 0.010409), (-0.02498, 0.029878, 0.009442), (-0.024463, 0.031165, 0.012529),
            (-0.024129, 0.032455, 0.01155), (-0.023703, 0.036778, -0.002607), (-0.011379, 0.018347, 0.033924),
            (-0.024108, 0.03278, 0.010254), (-0.024805, 0.029888, 0.014084), (-0.009461, 0.018278, 0.033785),
            (-0.010087, 0.019193, 0.033888), (-0.024392, 0.031185, 0.013945), (-0.02347, 0.037167, -0.001325),
            (-0.023693, 0.036179, 0.000253), (-0.022969, 0.038732, -0.001815), (-0.022869, 0.039164, -0.003266),
            (-0.023837, 0.033103, 0.012933), (-0.023116, 0.038112, 8.5e-05), (-0.022631, 0.03948, -0.000329),
            (-0.00579, 0.036499, 0.002734), (-0.023545, 0.034645, 0.011528), (-0.023716, 0.034232, 0.009986),
            (-0.00882, 0.016856, 0.033719), (-0.023293, 0.035218, 0.012962), (-0.023255, 0.035988, 0.0115),
            (-0.022193, 0.04144, -0.005303), (-0.024268, 0.031351, 0.01572), (-0.024804, 0.029533, 0.016335),
            (-0.023967, 0.03252, 0.015235), (-0.022236, 0.041174, -0.002883), (-0.021679, 0.042283, -0.003594),
            (-0.006426, 0.036713, 0.004224), (-0.007022, 0.036802, 0.006266), (-0.023548, 0.034159, 0.015597),
            (-0.023494, 0.034347, 0.014369), (-0.022275, 0.040715, -0.000696), (-0.024328, 0.030918, 0.017187),
            (-0.0057, 0.036282, 0.005823), (-0.023776, 0.032837, 0.016795), (-0.021466, 0.042264, -0.001357),
            (-0.004347, 0.035797, 0.004462), (-0.007166, 0.021253, 0.03369), (-0.007488, 0.020007, 0.033494),
            (-0.025173, 0.029894, 0.00501), (-0.004161, 0.035594, 0.0063), (-0.023159, 0.035156, 0.016644),
            (-0.023544, 0.033444, 0.017999), (-0.024832, 0.031129, 0.003946), (-0.00253, 0.034947, 0.006112),
            (-0.022974, 0.036339, 0.014707), (-0.022733, 0.037301, 0.0128), (-0.024647, 0.031498, 0.005771),
            (-0.025113, 0.029706, 0.006664), (-0.005942, 0.021763, 0.033345), (-0.022302, 0.038225, 0.014036),
            (-0.024261, 0.033313, 0.002601), (-0.022731, 0.034838, 0.026041), (-0.023004, 0.034017, 0.024175),
            (-0.023127, 0.033285, 0.025902), (-0.024386, 0.032723, 0.00397), (-0.022811, 0.03405, 0.027623),
            (-0.022606, 0.037129, 0.016532), (-0.023977, 0.03458, 0.002662), (-0.022156, 0.038564, 0.015579),
            (-0.022178, 0.036049, 0.026917), (-0.022182, 0.03665, 0.025365), (-0.022596, 0.035369, 0.02463),
            (-0.002329, 0.034926, 0.004689), (-0.023895, 0.034362, 0.004137), (-0.02338, 0.031995, 0.028699),
            (-0.024371, 0.032349, 0.006641), (-0.024, 0.03384, 0.006368), (-0.022942, 0.033062, 0.03014),
            (-0.022445, 0.034479, 0.02997), (-0.022479, 0.035156, 0.028052), (-0.022101, 0.035793, 0.028769),
            (-0.015679, 0.040119, 0.009445), (-0.017641, 0.041005, 0.008409), (-0.023621, 0.035966, 0.002754),
            (-0.023322, 0.036794, 0.005426), (-0.021774, 0.03697, 0.028534), (-0.018372, 0.041127, 0.009643),
            (-0.016897, 0.040533, 0.010327), (-0.024547, 0.031475, 0.008649), (-0.024118, 0.033002, 0.0083),
            (-0.018752, 0.041137, 0.011338), (-0.021058, 0.039727, 0.023776), (-0.021719, 0.038364, 0.02333),
            (-0.021506, 0.038372, 0.025781), (-0.015119, 0.03981, 0.011199), (-0.0209, 0.039788, 0.024917),
            (-0.007446, 0.036931, 0.007717), (-0.020535, 0.039871, 0.026306), (-0.023678, 0.035301, 0.006116),
            (-0.013434, 0.039224, 0.010696), (-0.012252, 0.03878, 0.009741), (-0.021671, 0.037488, 0.026859),
            (-0.009379, 0.03774, 0.008209), (-0.023673, 0.034728, 0.008049), (-0.021365, 0.03766, 0.029428),
            (-0.010726, 0.038277, 0.008972), (-0.013822, 0.039228, 0.012999), (-0.021068, 0.039082, 0.027497),
            (-0.012461, 0.038707, 0.01235), (-0.023115, 0.037007, 0.007448), (-0.008181, 0.037211, 0.008844),
            (-0.019387, 0.039773, 0.027607), (-0.006855, 0.036574, 0.009706), (-0.023208, 0.037627, 0.001692),
            (-0.022589, 0.033246, 0.032719), (-0.022675, 0.039062, 0.001658), (-0.017692, 0.040713, 0.012208),
            (-0.00527, 0.036043, 0.007697), (-0.023127, 0.037744, 0.003082), (-0.022172, 0.040269, 0.003119),
            (-0.018367, 0.040858, 0.013798), (-0.01982, 0.041463, 0.013051), (-0.021771, 0.036163, 0.030603),
            (-0.016187, 0.040141, 0.012626), (-0.015614, 0.039792, 0.014), (-0.022029, 0.035076, 0.032152),
            (-0.022552, 0.033418, 0.034752), (-0.019828, 0.04126, 0.014971), (-0.003279, 0.035115, 0.008092),
            (-0.021344, 0.037504, 0.031736), (-0.018068, 0.040618, 0.015446), (-0.021366, 0.036753, 0.033033),
            (-0.022585, 0.038993, 0.004054), (-0.021881, 0.035361, 0.033563), (-0.016431, 0.03994, 0.015674),
            (-0.020919, 0.038971, 0.028929), (-0.020889, 0.038817, 0.030378), (-0.004738, 0.035638, 0.009491),
            (-0.0216, 0.041927, 0.000624), (-0.019711, 0.039726, 0.028908), (-0.02029, 0.042481, -0.000799),
            (-0.022076, 0.040991, 0.001717), (-0.00327, 0.035003, 0.009533), (-0.019304, 0.039361, 0.030079),
            (-0.012255, 0.038445, 0.014194), (-0.017824, 0.038952, 0.028487), (-0.003641, 0.035075, 0.010839),
            (-0.017155, 0.038525, 0.030019), (-0.020058, 0.04226, 0.001144), (-0.01393, 0.039032, 0.015373),
            (-0.020347, 0.039173, 0.031732), (-0.021236, 0.042121, 0.002622), (-0.011004, 0.038108, 0.01233),
            (-0.009686, 0.037675, 0.010731), (-0.018943, 0.038888, 0.031695), (0.001079, 0.03391, -0.000133),
            (0.001637, 0.033854, -0.002913), (-0.022748, 0.038358, 0.0056), (-0.010706, 0.03784, 0.014757),
            (-0.022179, 0.039975, 0.005483), (0.002673, 0.033317, -0.000814), (-0.012131, 0.03832, 0.016026),
            (-0.022366, 0.039214, 0.007147), (-0.008822, 0.037161, 0.012676), (-0.009156, 0.037129, 0.014276),
            (-0.022524, 0.038522, 0.008584), (-0.013723, 0.032082, 0.034561), (-0.017682, 0.038504, 0.031342),
            (-0.021815, 0.040652, 0.007545), (-0.015901, 0.037947, 0.031502), (0.000935, 0.033885, 0.001718),
            (-0.016933, 0.038138, 0.032459), (-0.011088, 0.037668, 0.016769), (-0.021506, 0.041559, 0.00472),
            (-0.008613, 0.036743, 0.016053), (-0.009961, 0.037323, 0.016274), (-0.020423, 0.042189, 0.003742),
            (-0.010067, 0.037202, 0.017835), (-0.015432, 0.037553, 0.033372), (-0.007391, 0.036304, 0.015152),
            (-0.014462, 0.037238, 0.033748), (-0.013947, 0.037289, 0.031264), (0.002535, 0.033244, 0.001988),
            (-0.018233, 0.041476, 0.004332), (-0.006881, 0.035993, 0.016669), (-0.005291, 0.035438, 0.015262),
            (-0.019619, 0.040365, 0.023773), (-0.020676, 0.040367, 0.022339), (-0.019432, 0.040033, 0.025837),
            (-0.020357, 0.042088, 0.005277), (-0.008853, 0.036681, 0.017403), (-0.000595, 0.034361, 0.003756),
            (0.001103, 0.03369, 0.004176), (-0.018286, 0.039715, 0.024423), (-0.021605, 0.041381, 0.00622),
            (-0.008179, 0.036341, 0.018838), (-0.006978, 0.03585, 0.018734), (-0.005973, 0.035532, 0.017533),
            (-0.017982, 0.039327, 0.026352), (-0.016712, 0.039137, 0.024309), (-0.023776, 0.032362, 0.019255),
            (-0.016852, 0.038739, 0.027191), (-0.020741, 0.041994, 0.006944), (-0.01853, 0.04141, 0.006147),
            (-0.019259, 0.041546, 0.007634), (0.003954, 0.032766, 0.001194), (0.004825, 0.032521, -0.000768),
            (-0.023237, 0.03422, 0.019177), (-0.02342, 0.035596, 0.009515), (-0.023222, 0.034113, 0.020861),
            (-0.023593, 0.032841, 0.020854), (-0.022902, 0.037181, 0.010192), (0.005622, 0.032068, 0.002656),
            (0.007163, 0.031555, 0.001362), (-0.022762, 0.035559, 0.021701), (-0.022852, 0.035748, 0.019441),
            (-0.015591, 0.03862, 0.024906), (-0.015308, 0.03825, 0.027041), (-0.022532, 0.038211, 0.011794),
            (0.002647, 0.033125, 0.003692), (-0.022811, 0.03608, 0.017992), (0.003893, 0.032644, 0.003777),
            (-0.013866, 0.03794, 0.026096), (-0.013875, 0.03806, 0.024028), (-0.022251, 0.039034, 0.010604),
            (-0.022101, 0.039751, 0.009316), (-0.012278, 0.037283, 0.026309), (-0.012074, 0.037357, 0.024515),
            (-0.022343, 0.037504, 0.018741), (-0.021913, 0.038913, 0.017643), (-0.021475, 0.04112, 0.009662),
            (0.006161, 0.03174, 0.004881), (0.007751, 0.031227, 0.003444), (-0.022395, 0.037278, 0.020197),
            (-0.016506, 0.03844, 0.028967), (-0.015242, 0.038109, 0.028448), (-0.021684, 0.039003, 0.019746),
            (-0.021944, 0.039746, 0.011861), (-0.01372, 0.037675, 0.027594), (0.008208, 0.030916, 0.005482),
            (-0.0229, 0.03488, 0.022868), (-0.014131, 0.037562, 0.029158), (-0.013036, 0.037135, 0.029668),
            (-0.012449, 0.03711, 0.027737), (-0.022266, 0.036801, 0.023378), (-0.020438, 0.041836, 0.00896),
            (-0.010523, 0.036632, 0.024877), (-0.01095, 0.036544, 0.027464), (-0.009318, 0.036029, 0.02677),
            (0.003867, 0.032951, -0.002698), (-0.011869, 0.0367, 0.029569), (-0.020566, 0.04169, 0.011248),
            (-0.022159, 0.037468, 0.021622), (-0.01068, 0.036243, 0.030118), (-0.021328, 0.040968, 0.012629),
            (-0.021225, 0.039937, 0.021237), (-0.015324, 0.037955, 0.030312), (-0.021637, 0.040203, 0.014024),
            (-0.021513, 0.040152, 0.015814), (-0.020706, 0.041155, 0.015678), (0.00704, 0.031678, -0.001024),
            (-0.012358, 0.036659, 0.031623), (-0.021279, 0.040255, 0.018112), (-0.010769, 0.036094, 0.031784),
            (-0.013292, 0.036766, 0.03319), (-0.020384, 0.041067, 0.0176), (-0.019128, 0.040825, 0.016654),
            (-0.030842, 0.013872, 0.002183), (-0.012015, 0.036329, 0.03341), (-0.03008, 0.016111, 0.00156),
            (0.011916, 0.02983, -0.000432), (0.008506, 0.031079, 0.000157), (-0.030292, 0.015226, 0.0032),
            (-0.020822, 0.036991, 0.035304), (-0.021169, 0.040315, 0.019414), (-0.021634, 0.03543, 0.035044),
            (-0.020831, 0.038231, 0.033946), (-0.019894, 0.038469, 0.035441), (0.010306, 0.030407, 0.000642),
            (-0.018682, 0.03871, 0.033227), (-0.019341, 0.040778, 0.019158), (-0.029545, 0.017955, -0.000384),
            (-0.019968, 0.039058, 0.034312), (-0.017678, 0.040327, 0.017346), (-0.029529, 0.01768, 0.001391),
            (-0.028848, 0.019813, 0.000229), (-0.01776, 0.040179, 0.018789), (-0.02961, 0.017102, 0.003439),
            (-0.021674, 0.033926, 0.035325), (-0.017518, 0.040017, 0.0204), (-0.016223, 0.039508, 0.01955),
            (-0.028804, 0.019612, 0.001922), (-0.020327, 0.032564, 0.034971), (-0.018916, 0.032473, 0.034908),
            (0.013501, 0.029148, 0.000701), (-0.030061, 0.015624, 0.005023), (-0.020167, 0.035845, 0.035202),
            (0.012092, 0.029644, 0.001583), (-0.014559, 0.039127, 0.017504), (-0.029658, 0.016378, 0.0077),
            (-0.029586, 0.016952, 0.005703), (-0.015745, 0.039446, 0.018216), (-0.030652, 0.013852, 0.006326),
            (-0.012569, 0.038223, 0.017736), (-0.018723, 0.037467, 0.035205), (-0.01729, 0.033222, 0.034856),
            (0.012884, 0.029296, 0.002854), (-0.014614, 0.038888, 0.01967), (-0.012943, 0.038262, 0.019056),
            (-0.015051, 0.038867, 0.020983), (-0.020377, 0.040861, 0.020236), (-0.029126, 0.018436, 0.004273),
            (-0.028337, 0.020675, 0.003849), (0.00955, 0.030597, 0.002667), (-0.019261, 0.040556, 0.021446),
            (-0.016761, 0.037991, 0.03422), (-0.018073, 0.038697, 0.034622), (-0.028823, 0.018925, 0.006097),
            (-0.029263, 0.017576, 0.006639), (-0.02844, 0.020135, 0.005037), (-0.018163, 0.039994, 0.022476),
            (-0.015536, 0.037844, 0.035044), (-0.028376, 0.020067, 0.006622), (-0.01886, 0.03815, 0.035341),
            (0.009916, 0.030308, 0.005001), (-0.019049, 0.038976, 0.035082), (-0.018005, 0.03757, 0.03522),
            (-0.016746, 0.039469, 0.021325), (-0.017108, 0.037606, 0.035271), (-0.016064, 0.039087, 0.022489),
            (0.010936, 0.029969, 0.003592), (-0.028079, 0.02162, 0.001417), (-0.014929, 0.038633, 0.023205),
            (-0.014047, 0.037108, 0.034901), (0.011465, 0.029673, 0.005642), (-0.02734, 0.023541, 0.003428),
            (-0.01351, 0.035942, 0.034914), (0.012793, 0.029222, 0.004814), (-0.011134, 0.037471, 0.019479),
            (-0.012293, 0.036285, 0.034955), (-0.009612, 0.036807, 0.019384), (-0.027837, 0.021936, 0.004943),
            (-0.013079, 0.038079, 0.020434), (-0.026775, 0.025282, 0.003165), (-0.013105, 0.028841, 0.034402),
            (-0.011273, 0.037395, 0.020964), (-0.01102, 0.028704, 0.034248), (-0.026739, 0.025169, 0.004907),
            (-0.027208, 0.023544, 0.005663), (-0.000359, 0.034194, 0.005222), (-0.007296, 0.035789, 0.021053),
            (-0.009906, 0.036807, 0.020836), (-0.008688, 0.036353, 0.020771), (-0.009733, 0.036559, 0.022284),
            (-0.02991, 0.015564, 0.009261), (-0.01135, 0.030973, 0.034381), (-0.000989, 0.034325, 0.006821),
            (-0.00844, 0.036052, 0.022415), (-0.029393, 0.016853, 0.009963), (0.000564, 0.03375, 0.006816),
            (-0.013077, 0.037902, 0.021887), (0.002328, 0.033109, 0.00608), (0.000286, 0.033763, 0.008403),
            (-0.009283, 0.028371, 0.034122), (-0.028949, 0.018354, 0.007823), (-0.007705, 0.027175, 0.033963),
            (-0.012649, 0.037616, 0.023162), (-0.02838, 0.019899, 0.008479), (-0.027991, 0.021245, 0.007264),
            (-0.011311, 0.037161, 0.02249), (-0.010501, 0.036786, 0.023355), (-0.01195, 0.032447, 0.034449),
            (-0.028014, 0.020795, 0.009362), (0.004391, 0.032331, 0.00603), (-0.02887, 0.018379, 0.009497),
            (-0.008459, 0.035826, 0.025557), (-0.02896, 0.018069, 0.010965), (-0.009723, 0.035349, 0.034708),
            (0.002457, 0.032977, 0.007734), (-0.006958, 0.030296, 0.034016), (0.00411, 0.032341, 0.007509),
            (-0.008671, 0.035989, 0.023957), (-0.00744, 0.035598, 0.023688), (-0.029041, 0.01751, 0.013842),
            (-0.001894, 0.016873, 0.021117), (-0.002405, 0.017908, 0.02129), (-0.002589, 0.017006, 0.021103),
            (-0.00236, 0.016042, 0.02079), (-0.001019, 0.017517, 0.021165), (-0.001133, 0.016469, 0.021223),
            (-0.001497, 0.034464, 0.007933), (-0.003601, 0.017679, 0.021478), (-0.003141, 0.01865, 0.02153),
            (-0.001872, 0.019494, 0.02136), (-0.029139, 0.017171, 0.015722), (-0.003808, 0.020366, 0.021533),
            (-0.00186, 0.03444, 0.009569), (-0.028513, 0.019447, 0.010938), (0.000281, 0.018279, 0.021083),
            (-0.005124, 0.021494, 0.021808), (-0.002878, 0.022181, 0.021608), (-0.00039, 0.033926, 0.009768),
            (-0.002552, 0.02105, 0.021545), (-0.005127, 0.022565, 0.03329), (-0.005009, 0.023606, 0.033693),
            (-0.028433, 0.019376, 0.012927), (-0.027889, 0.021015, 0.01274), (-0.004178, 0.02305, 0.021973),
            (-0.027774, 0.021453, 0.010958), (-0.002186, 0.023628, 0.022092), (-0.001036, 0.021527, 0.021301),
            (-0.004939, 0.02644, 0.033757), (-0.003913, 0.024767, 0.033704), (-0.005322, 0.022085, 0.032164),
            (-0.028709, 0.018557, 0.014577), (-5e-06, 0.020022, 0.021178), (-0.003927, 0.022914, 0.030928),
            (-0.005009, 0.022242, 0.030791), (-0.00384, 0.023056, 0.032537), (-0.027977, 0.020575, 0.014784),
            (-0.002863, 0.023251, 0.031586), (-0.003251, 0.023548, 0.033269), (-0.001598, 0.023525, 0.03257),
            (-0.001068, 0.034102, 0.011836), (-0.027515, 0.022542, 0.007146), (-0.005629, 0.021996, 0.027775),
            (-0.005181, 0.022141, 0.02936), (-0.004403, 0.022905, 0.027664), (0.000877, 0.033364, 0.011264),
            (-0.02746, 0.022506, 0.009207), (-0.026965, 0.02407, 0.007709), (-0.02654, 0.025383, 0.006576),
            (-0.003666, 0.023151, 0.029426), (-0.001183, 0.023441, 0.030948), (0.000365, 0.023327, 0.03247),
            (0.00208, 0.033027, 0.009135), (-0.000888, 0.024289, 0.033463), (-0.025901, 0.027633, 0.005334),
            (-0.002373, 0.023464, 0.027476), (-0.001637, 0.023452, 0.029718), (-0.001062, 0.023525, 0.028382),
            (0.000143, 0.023314, 0.029096), (-0.025987, 0.026958, 0.007473), (-0.026493, 0.025327, 0.009183),
            (0.004293, 0.032163, 0.009635), (0.000254, 0.023307, 0.02745), (0.000954, 0.024048, 0.033169),
            (0.001289, 0.025412, 0.033362), (-0.025254, 0.029134, 0.007701), (0.001971, 0.032871, 0.012306),
            (0.004161, 0.032126, 0.011348), (-0.026933, 0.023986, 0.009884), (-0.027342, 0.02273, 0.010733),
            (0.000148, 0.023229, 0.030717), (0.004101, 0.032043, 0.012843), (-0.005673, 0.0287, 0.033893),
            (-0.004558, 0.034807, 0.019855), (-0.004249, 0.034843, 0.017722), (-0.005996, 0.035349, 0.020351),
            (-0.027038, 0.023397, 0.012534), (-0.026824, 0.024094, 0.011551), (0.006931, 0.031316, 0.00682),
            (-0.026147, 0.026004, 0.010959), (-0.003673, 0.028422, 0.033727), (-0.003081, 0.034262, 0.019558),
            (-0.026365, 0.025247, 0.013317), (-0.003852, 0.03442, 0.021578), (-0.0023, 0.033896, 0.020805),
            (-0.00647, 0.035345, 0.022168), (0.009117, 0.030543, 0.006559), (-0.025654, 0.027736, 0.008891),
            (0.005846, 0.031626, 0.00923), (-0.007664, 0.03543, 0.027299), (-0.004315, 0.034529, 0.022834),
            (-0.00734, 0.035143, 0.028718), (-0.009006, 0.035662, 0.029857), (0.007803, 0.030935, 0.008374),
            (-0.0022, 0.03378, 0.022805), (-0.025472, 0.028053, 0.010626), (-0.000951, 0.033457, 0.02057),
            (-0.007793, 0.035147, 0.030669), (0.000284, 0.032933, 0.021682), (-0.006341, 0.034735, 0.029813),
            (-0.000795, 0.033173, 0.023377), (-0.004864, 0.034142, 0.030932), (-0.004973, 0.03433, 0.029132),
            (-0.006236, 0.034925, 0.02611), (-0.005915, 0.034818, 0.027302), (-0.006879, 0.035344, 0.024856),
            (0.009997, 0.030144, 0.007272), (-0.003649, 0.033981, 0.027286), (-0.00389, 0.034235, 0.024768),
            (0.010287, 0.029929, 0.00969), (0.011446, 0.029571, 0.008023), (-0.001292, 0.033118, 0.028718),
            (-0.002032, 0.033477, 0.026856), (-0.003299, 0.033699, 0.029958), (0.011766, 0.029363, 0.0105),
            (-0.004114, 0.033768, 0.032142), (-0.002303, 0.033232, 0.031396), (-0.001822, 0.03353, 0.024992),
            (-0.009049, 0.035456, 0.032237), (-0.029189, 0.016896, 0.018013), (-0.006068, 0.034417, 0.032131),
            (-0.0078, 0.034974, 0.032631), (-0.009898, 0.035564, 0.033245), (-0.028702, 0.01833, 0.016668),
            (0.006846, 0.031155, 0.010308), (-0.010667, 0.036063, 0.034115), (-0.000763, 0.033074, 0.026576),
            (0.000738, 0.032638, 0.024106), (-0.008322, 0.03535, 0.034417), (-0.007194, 0.035041, 0.034295),
            (6.4e-05, 0.032785, 0.025431), (-0.028595, 0.018462, 0.018454), (0.006209, 0.031283, 0.012409),
            (0.002828, 0.031825, 0.025598), (0.002055, 0.032192, 0.023467), (0.001492, 0.032266, 0.026296),
            (-0.006351, 0.034394, 0.033328), (-0.027255, 0.022719, 0.014078), (0.001145, 0.032285, 0.027953),
            (-0.027257, 0.022485, 0.015868), (-5.4e-05, 0.032723, 0.028401), (-0.004877, 0.034143, 0.03422),
            (-0.027933, 0.020436, 0.017494), (0.008486, 0.030544, 0.010736), (-0.003646, 0.033547, 0.033366),
            (-0.006223, 0.034381, 0.034435), (0.003555, 0.03146, 0.028029), (0.004251, 0.031319, 0.02606),
            (-0.027311, 0.02221, 0.01802), (-0.028892, 0.017631, 0.019978), (0.010202, 0.029803, 0.013006),
            (0.004884, 0.030952, 0.028956), (0.005214, 0.03096, 0.027587), (-0.028113, 0.019743, 0.020228),
            (-0.028461, 0.018574, 0.021491), (-0.003559, 0.033502, 0.034371), (-0.028926, 0.017306, 0.022018),
            (0.008647, 0.030357, 0.013237), (-0.021888, 0.042273, -0.006805), (-0.021, 0.042967, -0.007353),
            (-0.021122, 0.042971, -0.009016), (-0.027576, 0.021293, 0.018928), (-0.019621, 0.042659, -0.008931),
            (-0.026836, 0.023692, 0.017501), (-0.019022, 0.042399, -0.007406), (0.002705, 0.029603, 0.033381),
            (-0.026939, 0.023052, 0.019091), (-0.028097, 0.01965, 0.022121), (-0.027315, 0.021945, 0.020446),
            (-0.017027, 0.041603, -0.007326), (-0.000225, 0.032645, 0.030453), (-0.027433, 0.021273, 0.022801),
            (-0.001521, 0.033107, 0.030204), (-0.021233, 0.042747, -0.00551), (0.001073, 0.032253, 0.030414),
            (0.012954, 0.029051, 0.006645), (-0.026538, 0.024004, 0.021009), (-0.027003, 0.022604, 0.022155),
            (0.002162, 0.031848, 0.029486), (-0.019854, 0.042574, -0.005826), (-0.000574, 0.032518, 0.031955),
            (-0.018285, 0.041996, -0.005406), (0.001461, 0.031852, 0.032024), (-0.016001, 0.041153, -0.005577),
            (-0.015173, 0.040916, -0.007203), (-0.02663, 0.024388, 0.014381), (-0.025954, 0.026493, 0.012782),
            (0.003235, 0.031419, 0.03093), (0.004482, 0.031121, 0.030295), (-0.014154, 0.040301, -0.00362),
            (-0.012919, 0.039872, -0.005437), (0.006168, 0.030558, 0.029309), (-0.026737, 0.02397, 0.015697),
            (-0.007836, 0.036817, 0.011421), (0.001447, 0.032067, 0.033316), (0.003802, 0.03108, 0.032449),
            (0.003386, 0.031666, 0.033783), (-0.025724, 0.026864, 0.015253), (-0.026008, 0.025853, 0.015995),
            (0.005823, 0.030544, 0.031322), (-0.02004, 0.042596, -0.004073), (-0.003019, 0.029694, 0.033763),
            (-0.025273, 0.028326, 0.013332), (-0.001497, 0.03073, 0.033684), (-0.002583, 0.032123, 0.033977),
            (-0.017628, 0.041701, -0.00413), (-0.025468, 0.027881, 0.014606), (-0.002059, 0.03341, 0.033888),
            (-0.020016, 0.042489, -0.002683), (-0.006587, 0.03627, 0.011169), (-0.001024, 0.03287, 0.034252),
            (-0.018155, 0.041829, -0.002574), (7.1e-05, 0.032116, 0.0342), (-0.005152, 0.035672, 0.011882),
            (-0.026338, 0.024821, 0.018064), (-0.016332, 0.041184, -0.003538), (-0.006628, 0.036074, 0.013509),
            (-0.025814, 0.026574, 0.017078), (-0.015611, 0.040846, -0.00227), (-0.026484, 0.024406, 0.019633),
            (-0.017729, 0.041591, -0.001185), (-0.005594, 0.035658, 0.013159), (-0.025806, 0.026357, 0.018448),
            (-0.00414, 0.035189, 0.012361), (-0.025844, 0.025975, 0.020372), (-0.025197, 0.02824, 0.016856),
            (-0.000142, 0.032591, 0.033411), (-0.018465, 0.04176, 0.000445), (0.002341, 0.031077, 0.033943),
            (0.00143, 0.032148, 0.034112), (-0.002665, 0.034689, 0.011897), (0.004866, 0.030959, 0.033718),
            (-0.002412, 0.034421, 0.013465), (-0.026496, 0.023877, 0.022643), (-0.000298, 0.033658, 0.013366),
            (-0.026773, 0.022973, 0.023901), (-0.0038, 0.034929, 0.013753), (-0.02711, 0.021757, 0.025188),
            (-0.028227, 0.018895, 0.023605), (-0.028378, 0.01836, 0.025062), (-0.011411, 0.039251, -0.005889),
            (-0.00335, 0.034663, 0.015547), (-0.0017, 0.034064, 0.015432), (-0.009823, 0.038555, -0.005594),
            (-0.011035, 0.039009, -0.004204), (-0.027738, 0.019721, 0.027503), (-0.027741, 0.020066, 0.025055),
            (-0.009382, 0.038274, -0.004076), (-0.006638, 0.037198, -0.004268), (0.002233, 0.032619, 0.014518),
            (-0.027735, 0.01922, 0.029119), (-0.008113, 0.037708, -0.003202), (-0.027256, 0.021165, 0.027257),
            (0.000261, 0.0333, 0.015806), (-0.012494, 0.039549, -0.002459), (-0.027474, 0.019812, 0.030637),
            (-0.026906, 0.021852, 0.028347), (-0.026535, 0.023003, 0.026652), (-0.010702, 0.038754, -0.001824),
            (-0.002618, 0.034242, 0.017453), (-0.026865, 0.021568, 0.030368), (-0.026265, 0.023304, 0.029494),
            (-0.009496, 0.038279, -0.002325), (-0.000777, 0.033551, 0.017823), (0.000876, 0.032982, 0.017424),
            (-0.004543, 0.036322, -0.002684), (-0.001463, 0.033659, 0.019187), (0.000752, 0.032887, 0.01929),
            (-0.001404, 0.035051, -0.003031), (0.004031, 0.031924, 0.015554), (0.005613, 0.031394, 0.014564),
            (0.002618, 0.032321, 0.017581), (0.006247, 0.031051, 0.016432), (0.007244, 0.030789, 0.014972),
            (0.009562, 0.029928, 0.015554), (0.008461, 0.030284, 0.016543), (0.007931, 0.030383, 0.018001),
            (0.004774, 0.031532, 0.017746), (0.004085, 0.031721, 0.018955), (0.001578, 0.032528, 0.0206),
            (0.003264, 0.031931, 0.020428), (0.006643, 0.030829, 0.019143), (0.008932, 0.029994, 0.01937),
            (0.005191, 0.03119, 0.021886), (0.006914, 0.030639, 0.020744), (0.002837, 0.032012, 0.022019),
            (0.004334, 0.03139, 0.023882), (0.006043, 0.030835, 0.023436), (0.007398, 0.030358, 0.022444),
            (0.007363, 0.030348, 0.023914), (0.005305, 0.03098, 0.024824), (0.005885, 0.030739, 0.026239),
            (-0.026818, 0.021088, 0.032883), (-0.027229, 0.020108, 0.033876), (-0.026203, 0.023049, 0.032658),
            (-0.026267, 0.023007, 0.033983), (-0.025739, 0.018478, 0.034767), (-0.026105, 0.023437, 0.031261),
            (-0.025625, 0.025113, 0.030217), (-0.025606, 0.024722, 0.032976), (-0.024998, 0.026507, 0.032336),
            (-0.026535, 0.022149, 0.034967), (-0.026488, 0.020783, 0.035167), (-0.026793, 0.019324, 0.035101),
            (-0.02532, 0.020212, 0.034821), (-0.024818, 0.022282, 0.034912), (-0.023618, 0.021394, 0.034744),
            (-0.025342, 0.02433, 0.035119), (-0.025141, 0.026054, 0.034526), (-0.023631, 0.025937, 0.035038),
            (-0.024354, 0.02694, 0.03519), (-0.023812, 0.024526, 0.034896), (-0.021722, 0.025544, 0.034791),
            (-0.024321, 0.028985, 0.029776), (-0.023877, 0.030422, 0.029254), (-0.024215, 0.029206, 0.031028),
            (-0.02345, 0.031157, 0.031712), (-0.023343, 0.031731, 0.030349), (-0.025065, 0.026817, 0.030114),
            (-0.024703, 0.027543, 0.031226), (-0.02431, 0.028323, 0.032458), (-0.024707, 0.027463, 0.033659),
            (-0.023823, 0.029866, 0.032682), (-0.023953, 0.028315, 0.035091), (-0.023942, 0.029537, 0.034366),
            (-0.023386, 0.030936, 0.033934), (-0.022901, 0.030422, 0.035204), (-0.020422, 0.024769, 0.034716),
            (-0.023083, 0.032071, 0.034067), (-0.021701, 0.031864, 0.035181), (-0.021744, 0.017076, 0.034553),
            (-0.006259, 0.014988, 0.022376), (-0.004344, 0.015077, 0.021076), (-0.005726, 0.016578, 0.021644),
            (-0.003794, 0.016609, 0.021256), (-0.006183, 0.013774, 0.026953), (-0.005042, 0.013102, 0.025804),
            (-0.005856, 0.01418, 0.024644), (-0.007945, 0.018797, 0.023986), (-0.007429, 0.01756, 0.022103),
            (-0.007523, 0.01938, 0.022254), (-0.007442, 0.015962, 0.023245), (-0.007643, 0.017424, 0.025618),
            (-0.007094, 0.015544, 0.025337), (-0.005611, 0.013285, 0.028852), (-0.007446, 0.019925, 0.025938),
            (-0.007577, 0.01702, 0.027993), (-0.00928, 0.002901, 0.021177), (-0.001594, 0.014881, 0.020748),
            (-0.006705, 0.019521, 0.021797), (-0.005618, 0.019484, 0.021628), (-0.0048, 0.018409, 0.021647),
            (-0.004798, 0.019326, 0.021642), (-0.007027, 0.020401, 0.022218), (-0.007521, 0.020632, 0.023028),
            (-0.005991, 0.022185, 0.022727), (0.000446, 0.02284, 0.021466), (0.002066, 0.020268, 0.021161),
            (0.002009, 0.022309, 0.021775), (-3.6e-05, 0.023851, 0.023276), (0.002082, 0.022394, 0.023425),
            (-0.006913, 0.021091, 0.024598), (-0.00541, 0.0224, 0.024491), (-0.00586, 0.021882, 0.026293),
            (-0.003938, 0.023175, 0.024902), (-0.001629, 0.023558, 0.025036), (0.000507, 0.023428, 0.025266),
            (0.001963, 0.022384, 0.025188), (0.001885, 0.022499, 0.027425), (-0.003097, 0.013873, 0.021741),
            (-0.003418, 0.013123, 0.023483), (0.011183, 0.005905, 0.032286), (0.009669, 0.005152, 0.032331),
            (0.010178, 0.004048, 0.032255), (0.004347, -0.001175, 0.032369), (0.002993, -0.002222, 0.032371),
            (0.00406, -0.003918, 0.032273), (0.018655, 0.016365, 0.032116), (0.019142, 0.017684, 0.032098),
            (0.017517, 0.017312, 0.032169), (0.002036, -0.000631, 0.032455), (0.000762, -0.001469, 0.032469),
            (0.001662, -0.002835, 0.032396), (-0.00953, 0.006096, 0.033331), (0.010735, 0.007689, 0.032364),
            (0.012073, 0.008143, 0.032288), (0.006732, -0.006796, 0.032118), (0.020616, 0.020418, 0.032151),
            (0.019485, 0.021167, 0.03219), (0.01961, 0.02028, 0.03213), (-0.006633, 0.004192, 0.033022),
            (-0.005948, 0.00357, 0.032934), (-0.00631, 0.005302, 0.033065), (0.007917, 0.008629, 0.032481),
            (0.006937, 0.00813, 0.032523), (0.008367, 0.006575, 0.03242), (-0.004635, 0.004193, 0.032904),
            (-0.004872, 0.005593, 0.032975), (0.020871, 0.01699, 0.032079), (0.022036, 0.01528, 0.03199),
            (0.023094, 0.016813, 0.031941), (0.006863, -0.004825, 0.032128), (0.005288, -0.005612, 0.032194),
            (-0.003648, 0.005293, 0.032897), (-0.003939, 0.006281, 0.032966), (-0.005182, 0.007329, 0.0331),
            (0.013662, 0.004229, 0.032111), (0.012167, 0.004076, 0.032162), (0.013572, 0.003143, 0.032111),
            (0.021437, 0.018046, 0.032069), (-0.003672, 0.007071, 0.03297), (0.024397, 0.018268, 0.031979),
            (0.023057, 0.018005, 0.031988), (0.013025, 0.005321, 0.032216), (-0.009822, 0.007921, 0.033439),
            (-0.010584, 0.006638, 0.033469), (0.023995, 0.015632, 0.031958), (0.024046, 0.014148, 0.03183),
            (-0.008103, 0.007562, 0.033307), (0.016745, 0.02482, 0.032535), (0.015643, 0.023521, 0.032481),
            (0.01747, 0.024088, 0.032438), (0.007529, -0.002733, 0.032173), (0.00819, -0.003944, 0.032114),
            (0.009594, -0.00288, 0.032068), (-0.007827, 0.005843, 0.033215), (-0.006733, 0.00669, 0.033174),
            (0.00703, 1.8e-05, 0.032278), (0.006316, -0.001542, 0.032249), (0.00811, -0.000831, 0.032215),
            (-0.006781, 0.008516, 0.033251), (0.009742, -2e-06, 0.032146), (0.00961, -0.0013, 0.0321),
            (0.008889, 0.011569, 0.032497), (0.008642, 0.010282, 0.032498), (0.010406, 0.010564, 0.032414),
            (0.011, -0.002043, 0.032036), (0.007869, 0.013624, 0.032565), (0.007193, 0.015223, 0.032648),
            (0.006599, 0.013037, 0.03264), (0.019427, 0.022716, 0.032274), (0.017524, 0.022471, 0.032306),
            (-0.00745, 0.009774, 0.033349), (0.02052, 0.022861, 0.032273), (0.020616, 0.024095, 0.032558),
            (0.02034, 0.021407, 0.032192), (0.020929, 0.021695, 0.032199), (-0.00546, 0.009477, 0.033208),
            (-0.006152, 0.011558, 0.033318), (0.012247, -0.010652, 0.031693), (0.013209, -0.011723, 0.031544),
            (0.013234, -0.009921, 0.031618), (0.011369, -0.009829, 0.031771), (0.022405, 0.023074, 0.032327),
            (0.021777, 0.021622, 0.032175), (-0.002637, 0.003712, 0.032804), (-0.00399, 0.003463, 0.032843),
            (-0.003292, 0.002297, 0.032825), (0.011891, -0.008506, 0.031778), (-0.001572, -0.000279, 0.032581),
            (-0.002372, -0.000767, 0.032056), (-0.000698, -0.001387, 0.032518), (-0.001268, 0.00195, 0.032639),
            (-0.0006, 0.000125, 0.032525), (0.000155, 0.001538, 0.032577), (0.001336, 0.000461, 0.032524),
            (0.015449, -0.006691, 0.031616), (0.01354, -0.007539, 0.031702), (0.014179, -0.008423, 0.031625),
            (0.008577, 0.02061, 0.032737), (0.006997, 0.02152, 0.032853), (0.00699, 0.020007, 0.032824),
            (0.023645, 0.021683, 0.032109), (0.022746, 0.021458, 0.032137), (0.02385, 0.020204, 0.032068),
            (0.021751, 0.020692, 0.032133), (-0.00161, 0.00414, 0.032742), (0.01029, -0.005798, 0.031952),
            (0.008398, -0.005721, 0.032067), (0.009787, -0.00699, 0.031946), (0.024398, 0.022802, 0.032232),
            (0.011265, -0.007306, 0.031837), (0.010594, -0.008359, 0.031867), (0.008011, 0.018713, 0.032742),
            (0.008403, 0.018158, 0.032699), (0.00823, 0.019259, 0.032739), (0.00889, 0.019158, 0.032688),
            (0.009328, -0.004755, 0.032027), (-0.001501, 0.005781, 0.032815), (-0.001717, 0.007053, 0.032908),
            (0.01138, -0.004052, 0.031951), (-5.3e-05, 0.003555, 0.032671), (0.000135, 0.005267, 0.032713),
            (0.001019, 0.004469, 0.032648), (0.000494, 0.006239, 0.032739), (0.010141, 0.019383, 0.032616),
            (0.01006, 0.01843, 0.032587), (0.001974, 0.005757, 0.032679), (0.001399, 0.003072, 0.032591),
            (0.006295, 0.027075, 0.033118), (0.004338, 0.026839, 0.033217), (0.005667, 0.025343, 0.033109),
            (0.001769, 0.001872, 0.032527), (0.003017, 0.000787, 0.032449), (0.006267, 0.02404, 0.033044),
            (0.00441, 0.024989, 0.03318), (0.003786, 0.022646, 0.033094), (0.004881, 0.021678, 0.032977),
            (0.01559, -0.005072, 0.031661), (0.014218, -0.005559, 0.031736), (0.003091, 0.0031, 0.032559),
            (0.002862, 0.004244, 0.032602), (0.007953, 0.00148, 0.032291), (0.009015, 0.000955, 0.032215),
            (0.011445, 0.019495, 0.03255), (0.012041, 0.018621, 0.032495), (-0.002034, 0.010529, 0.032865),
            (-0.00187, 0.008846, 0.032911), (-0.000124, 0.009537, 0.032831), (0.012746, -0.002667, 0.031946),
            (0.013501, -0.004175, 0.03181), (0.014228, -0.002117, 0.031896), (0.004285, 0.00437, 0.032535),
            (0.006954, 0.025648, 0.033077), (0.006452, 0.003243, 0.032386), (0.005418, 0.00486, 0.032515),
            (0.004487, 0.002753, 0.032476), (0.008533, 0.023942, 0.032978), (0.013898, 0.001484, 0.032),
            (0.013436, -0.000572, 0.031996), (0.015017, 0.000257, 0.031885), (0.015029, -0.000707, 0.031834),
            (0.005729, 0.028668, 0.033235), (0.003729, 0.010402, 0.032671), (0.004115, 0.009332, 0.032626),
            (0.005038, 0.009378, 0.032607), (0.004313, 0.007504, 0.032628), (0.005744, 0.007089, 0.032538),
            (0.008112, 0.028607, 0.033222), (0.007799, 0.027031, 0.033048), (0.009157, 0.026401, 0.032936),
            (0.005555, 0.001599, 0.03239), (0.004518, 0.001297, 0.032422), (0.010071, 0.024566, 0.032868),
            (0.010633, 0.023732, 0.032795), (0.011504, 0.02487, 0.032793), (0.006804, 0.001771, 0.032346),
            (0.00926, 0.022256, 0.032816), (0.011536, 0.021664, 0.032641), (-0.000329, 0.008324, 0.032813),
            (0.008318, 0.003393, 0.032353), (0.006857, 0.004507, 0.032423), (0.013133, 0.010237, 0.032308),
            (0.011839, 0.009473, 0.032323), (0.012197, 0.025833, 0.032778), (0.010724, 0.025906, 0.032866),
            (0.013002, 0.006814, 0.032228), (0.014267, 0.006547, 0.032184), (0.012519, 0.023903, 0.032697),
            (0.009991, 0.002385, 0.032227), (0.011094, 0.002988, 0.032202), (0.013046, 0.022716, 0.032606),
            (0.014291, 0.022821, 0.032523), (0.014566, 0.02461, 0.032605), (0.013348, 0.025207, 0.032689),
            (0.016049, 0.004746, 0.032031), (0.016949, 0.005944, 0.032008), (0.016011, 0.00746, 0.032118),
            (0.01812, 0.008112, 0.032001), (0.013652, 0.012941, 0.032276), (0.012312, 0.013635, 0.032409),
            (0.012246, 0.011761, 0.032348), (0.014439, 0.011341, 0.03226), (0.018935, 0.010457, 0.032052),
            (0.016868, 0.009369, 0.032133), (0.017573, 0.010636, 0.032103), (0.013569, 0.015231, 0.03233),
            (0.019791, 0.012402, 0.032033), (0.020606, 0.011077, 0.031937), (0.021015, 0.013882, 0.031993),
            (0.019217, 0.014303, 0.03209), (0.020537, 0.015513, 0.032054), (0.014403, 0.019014, 0.032338),
            (0.014719, 0.01737, 0.032324), (0.01619, 0.018235, 0.032205), (0.016441, 0.016207, 0.032193),
            (0.019752, 0.000677, 0.030889), (0.020035, 0.00138, 0.029399), (0.019852, 0.002234, 0.031486),
            (0.026179, 0.020809, 0.017563), (0.025741, 0.019252, 0.018778), (0.025824, 0.019865, 0.01616),
            (0.020577, 0.002952, 0.030342), (0.020568, 0.003187, 0.028749), (-0.003134, 0.011628, 0.030792),
            (-0.001823, 0.011579, 0.029369), (-0.003183, 0.011998, 0.028818), (-0.001049, 0.011228, 0.031471),
            (-0.000502, 0.011442, 0.030476), (0.025351, 0.018406, 0.01558), (0.025242, 0.017743, 0.018514),
            (0.024709, 0.01658, 0.016674), (-0.002216, 0.01131, 0.031684), (0.021301, 0.004503, 0.029751),
            (-0.006838, 0.001258, 0.020707), (-0.004997, -7.4e-05, 0.020605), (-0.001095, 0.011008, 0.032379),
            (0.018463, 0.001234, 0.031734), (-0.004242, -0.002699, 0.020365), (-0.000179, 0.011212, 0.03166),
            (-0.004536, -0.001802, 0.020385), (-0.000332, 0.011692, 0.028102), (-0.002382, 0.011928, 0.027142),
            (0.020642, 0.004178, 0.03144), (0.019363, 0.004106, 0.031813), (0.026239, 0.020707, 0.019316),
            (0.013225, -0.015753, 0.018261), (0.00077, 0.01175, 0.029821), (0.026152, 0.021778, 0.010077),
            (0.026041, 0.021358, 0.010899), (0.025604, 0.020412, 0.009234), (0.025687, 0.020375, 0.011056),
            (0.001365, 0.012245, 0.028053), (0.013357, -0.015014, 0.015928), (0.025581, 0.019642, 0.012598),
            (0.0261, 0.021341, 0.012295), (0.026581, 0.022362, 0.011637), (0.02141, 0.005467, 0.028105),
            (0.026877, 0.023042, 0.010614), (0.00269, 0.012809, 0.029454), (0.002547, 0.013082, 0.027525),
            (0.021738, 0.005747, 0.030347), (0.026279, 0.021576, 0.013123), (0.025949, 0.020441, 0.014057),
            (0.001665, 0.011888, 0.03113), (0.00111, 0.011578, 0.031494), (0.013774, -0.014013, 0.017423),
            (0.026406, 0.021719, 0.013785), (0.026907, 0.02267, 0.013259), (0.000383, 0.011378, 0.031303),
            (0.026583, 0.021969, 0.014718), (0.014108, -0.012711, 0.015794), (0.021978, 0.007052, 0.029192),
            (0.021808, 0.006949, 0.027425), (0.022268, 0.007988, 0.028115), (0.026978, 0.023929, 0.011903),
            (0.026041, 0.02438, 0.010813), (0.025308, 0.024336, 0.012581), (0.022657, 0.008434, 0.030038),
            (0.02647, 0.02422, 0.013391), (0.020877, 0.006886, 0.031828), (0.020419, 0.005755, 0.031818),
            (0.021919, 0.00716, 0.031263), (-0.00636, 0.013474, 0.032817), (-0.005473, 0.012876, 0.031792),
            (-0.005883, 0.012902, 0.032932), (0.014513, -0.011517, 0.014714), (-0.005184, 0.01236, 0.032644),
            (0.026948, 0.023712, 0.009405), (-0.004675, 0.011095, 0.033049), (-0.004513, 0.01206, 0.032256),
            (0.021647, 0.009111, 0.031851), (-0.003808, 0.01127, 0.032812), (0.026349, 0.021496, 0.015282),
            (0.015158, -0.009846, 0.014267), (-0.00441, 0.01244, 0.029733), (0.026756, 0.022142, 0.01591),
            (0.014603, -0.01142, 0.016446), (0.026485, 0.021727, 0.016563), (0.015235, -0.009848, 0.016505),
            (0.015057, -0.010589, 0.017524), (0.026904, 0.023967, 0.014568), (0.025681, 0.024124, 0.01587),
            (0.024377, 0.024522, 0.014674), (0.014532, -0.012223, 0.018434), (0.027229, 0.02353, 0.015647),
            (-0.003315, 0.010518, 0.033036), (-0.00383, 0.009663, 0.033086), (-0.003303, 0.011393, 0.032343),
            (0.023625, 0.012352, 0.023524), (0.02331, 0.011714, 0.021406), (0.024046, 0.013779, 0.021213),
            (0.026347, 0.024038, 0.017513), (0.023683, 0.024719, 0.016511), (0.026499, 0.021718, 0.017402),
            (0.027273, 0.023149, 0.017761), (0.023969, 0.013639, 0.023736), (0.02672, 0.021988, 0.018436),
            (0.01365, -0.014987, 0.020509), (0.02454, 0.015111, 0.023092), (-0.002824, 0.011352, 0.032004),
            (0.024492, 0.014887, 0.024711), (0.013961, -0.013879, 0.019153), (0.02406, 0.013378, 0.025532),
            (0.014101, -0.013831, 0.021294), (0.000331, 0.01074, 0.032638), (0.013534, -0.015447, 0.023651),
            (0.011411, 0.029315, 0.014834), (0.021857, 0.007334, 0.023878), (0.022196, 0.008348, 0.022648),
            (0.022466, 0.009066, 0.023856), (0.000876, 0.008019, 0.032744), (0.014743, -0.011981, 0.02045),
            (0.022122, 0.00799, 0.025381), (0.014735, -0.012057, 0.022574), (0.013792, 0.028438, 0.014677),
            (0.012555, 0.02897, 0.012819), (0.002204, 0.007976, 0.032661), (0.011745, 0.029094, 0.01731),
            (0.022748, 0.010012, 0.021921), (0.023009, 0.010501, 0.023281), (0.013814, 0.028367, 0.017215),
            (0.010189, 0.029615, 0.017748), (0.015689, -0.008918, 0.018442), (0.001537, 0.010085, 0.032718),
            (0.022881, 0.01012, 0.02504), (0.015337, -0.010242, 0.019687), (0.006945, 0.006404, 0.032489),
            (0.015609, 0.027764, 0.015831), (0.022537, 0.008946, 0.026508), (0.00348, 0.006341, 0.032617),
            (0.015743, 0.027661, 0.017498), (0.022987, 0.010218, 0.026915), (0.015603, -0.009795, 0.02133),
            (0.02344, 0.011736, 0.025073), (0.023351, 0.0112, 0.026085), (0.017712, 0.026954, 0.016826),
            (0.015732, -0.0082, 0.01335), (0.014156, 0.028131, 0.01955), (0.015552, -0.008832, 0.015128),
            (0.001956, 0.011297, 0.032561), (0.00249, 0.012286, 0.031312), (0.016299, -0.006515, 0.013255),
            (0.003536, 0.013419, 0.030309), (0.016641, 0.027292, 0.01854), (0.003415, 0.013041, 0.031316),
            (0.003327, 0.012067, 0.032541), (0.003855, 0.013534, 0.031269), (0.008775, 0.029918, 0.022307),
            (0.010198, 0.029424, 0.02202), (0.010799, 0.029303, 0.019995), (0.015817, -0.008259, 0.016826),
            (0.016025, -0.007604, 0.01477), (0.006669, 0.01054, 0.032575), (0.016583, -0.005961, 0.014798),
            (0.01618, -0.006987, 0.016154), (0.022941, 0.009593, 0.028751), (0.016705, -0.005831, 0.016858),
            (0.016702, -0.005183, 0.012734), (0.012671, 0.028654, 0.019764), (0.017238, -0.003532, 0.011845),
            (0.023435, 0.011305, 0.028132), (0.017178, -0.004244, 0.014021), (0.015835, 0.027521, 0.020306),
            (0.013913, 0.028146, 0.021848), (0.017695, -0.002664, 0.013178), (0.012167, 0.02873, 0.022514),
            (0.017982, -0.002255, 0.014443), (0.023489, 0.010685, 0.030239), (0.004006, 0.01308, 0.032327),
            (0.023699, 0.011636, 0.029558), (0.023969, 0.012746, 0.028416), (0.016292, -0.007309, 0.017993),
            (0.00517, 0.012199, 0.032668), (0.015144, 0.027703, 0.022586), (0.014395, 0.027888, 0.024337),
            (0.024024, 0.013138, 0.027149), (0.017177, 0.027194, 0.015354), (0.019246, 0.026426, 0.015728),
            (0.016224, -0.007963, 0.020043), (0.0167, -0.006381, 0.019473), (0.01995, 0.026137, 0.017224),
            (0.01712, -0.005175, 0.0187), (0.019743, 0.026131, 0.018699), (0.024609, 0.014901, 0.026515),
            (0.018216, 0.026695, 0.018694), (0.017594, 0.026854, 0.020441), (0.018817, 0.026403, 0.020226),
            (0.017334, -0.004071, 0.015581), (0.0173, -0.004418, 0.017696), (0.021373, 0.025526, 0.018311),
            (0.024382, 0.013415, 0.029737), (0.024541, 0.014112, 0.028595), (0.020738, 0.025699, 0.02009),
            (0.017969, -0.002463, 0.016023), (0.024891, 0.015256, 0.027669), (0.005559, -0.00386, 0.032239),
            (0.017613, -0.003482, 0.016795), (0.017807, -0.003384, 0.019396), (0.025257, 0.016048, 0.0291),
            (0.018112, -0.002295, 0.018513), (0.019123, 0.026254, 0.022072), (0.016787, 0.027098, 0.022605),
            (0.014212, -0.013545, 0.02335), (0.010094, 0.008837, 0.032417), (0.007879, -0.006902, 0.032069),
            (0.018443, 0.026424, 0.024088), (0.02065, 0.025669, 0.022258), (0.014482, -0.013088, 0.02524),
            (0.005565, -0.00029, 0.032315), (0.014326, -0.013724, 0.02683), (0.022208, 0.025085, 0.021954),
            (0.022354, 0.025103, 0.020099), (0.015009, -0.011469, 0.024191), (0.010304, 0.01264, 0.032451),
            (0.019809, 0.025915, 0.024546), (0.014525, 0.008818, 0.032215), (0.015526, -0.009913, 0.023371),
            (0.014828, 0.010238, 0.032215), (0.022058, 0.025105, 0.023591), (0.023438, 0.024623, 0.023122),
            (0.021, 0.025488, 0.02477), (0.016046, -0.008512, 0.022177), (0.020867, 0.025832, 0.015304),
            (0.021711, 0.025466, 0.01605), (0.01509, -0.011325, 0.026118), (0.0225, 0.02514, 0.016989),
            (0.016285, -0.007897, 0.024217), (0.023821, 0.024608, 0.018632), (0.022909, 0.024929, 0.019196),
            (0.014802, -0.012519, 0.02764), (0.015253, -0.011001, 0.027596), (0.015039, -0.012074, 0.029095),
            (0.015576, -0.010212, 0.028426), (0.015579, -0.010329, 0.029775), (0.015751, -0.00966, 0.026019),
            (0.016321, -0.007617, 0.025422), (0.010061, 0.029429, 0.02379), (0.015958, -0.008707, 0.027076),
            (0.008313, 0.029969, 0.025178), (0.016179, -0.008884, 0.029315), (0.016664, -0.006883, 0.026896),
            (0.015021, -0.011129, 0.031286), (0.014437, -0.009718, 0.031561), (0.016451, -0.00782, 0.028529),
            (0.012823, -0.006784, 0.03177), (0.01042, 0.029223, 0.025657), (0.016901, -0.006246, 0.020887),
            (0.015881, 0.013047, 0.032225), (0.015742, -0.00962, 0.030941), (0.012353, 0.028546, 0.025277),
            (0.015031, 0.014871, 0.032255), (0.016591, -0.006991, 0.022329), (0.016473, -0.007926, 0.030665),
            (0.011656, 0.028756, 0.026971), (0.013616, 0.028067, 0.026596), (0.015611, -0.008567, 0.031497),
            (0.017028, -0.006007, 0.023311), (0.017389, -0.004877, 0.022347), (0.017426, -0.004538, 0.020368),
            (0.016528, 0.011406, 0.032164), (0.007393, 0.030183, 0.026666), (0.017, -0.006564, 0.030702),
            (0.017901, -0.003463, 0.021595), (0.006647, 0.030469, 0.027565), (0.008739, 0.029739, 0.026991),
            (0.018003, 0.012848, 0.032128), (0.018391, -0.001972, 0.021143), (0.007835, 0.029979, 0.028823),
            (0.018922, -0.000414, 0.020261), (0.009842, 0.029305, 0.028363), (0.01829, -0.002443, 0.022936),
            (0.008876, 0.029624, 0.029998), (0.012824, -0.005825, 0.031817), (0.017074, -0.005688, 0.025103),
            (0.011733, 0.015405, 0.032445), (0.017702, -0.004083, 0.024039), (0.011842, 0.028656, 0.028649),
            (0.01762, -0.004313, 0.025219), (0.01194, -0.001504, 0.031974), (0.014371, 0.027737, 0.02937),
            (0.010504, 0.029066, 0.030384), (0.01764, -0.004519, 0.026532), (0.01725, -0.005619, 0.027789),
            (0.011366, 0.028828, 0.031121), (0.012631, 0.028315, 0.029682), (0.012658, 0.028431, 0.031968),
            (0.017934, 0.004024, 0.031851), (0.019177, -8.5e-05, 0.022121), (0.015997, 0.027274, 0.026237),
            (0.018748, 0.005713, 0.0319), (0.014524, 0.027691, 0.027929), (0.016567, 0.027108, 0.024615),
            (0.011451, 0.000743, 0.032111), (0.01884, 0.007196, 0.031949), (0.018171, -0.002762, 0.024626),
            (0.018762, -0.001153, 0.024046), (0.018248, -0.002854, 0.026729), (0.018699, 0.026304, 0.025958),
            (0.017845, 0.026571, 0.026848), (0.018608, -0.001693, 0.025426), (0.019081, -0.000673, 0.026896),
            (0.016121, 0.027179, 0.028217), (0.019292, 0.000215, 0.024766), (0.02007, 0.00895, 0.031915),
            (0.018101, -0.001234, 0.01168), (0.021032, 0.025372, 0.026454), (0.018789, 0.000503, 0.012086),
            (0.017522, -0.005192, 0.030125), (0.017897, -0.004133, 0.028589), (0.018522, -0.000531, 0.013636),
            (0.022445, 0.024943, 0.025342), (0.02013, 0.025747, 0.027722), (0.016902, -0.005233, 0.031445),
            (0.017353, -0.003761, 0.031605), (0.018026, -0.003795, 0.030355), (0.018341, -0.002918, 0.029414),
            (0.019857, 0.00377, 0.010016), (0.022809, 0.009429, 0.031258), (0.019407, 0.002399, 0.010552),
            (0.01971, 0.00317, 0.011802), (0.018655, -0.002174, 0.02832), (0.019671, 0.002589, 0.013564),
            (0.0168, 0.026861, 0.030553), (0.018261, 0.026339, 0.028723), (0.017174, 0.014074, 0.032172),
            (0.013819, 0.027971, 0.03083), (0.018896, -0.001876, 0.030036), (0.015447, 0.027519, 0.032062),
            (0.01925, 0.001202, 0.014352), (0.019385, -0.000489, 0.029031), (0.018275, -0.002287, 0.031394),
            (0.019793, 0.00277, 0.015169), (0.019644, 0.0008, 0.027698), (0.020095, 0.004017, 0.013446),
            (0.020352, 0.004353, 0.015159), (0.018799, 0.026117, 0.031134), (0.018728, 0.026197, 0.029953),
            (0.020677, 0.005483, 0.013145), (0.015817, -0.003633, 0.03168), (0.015787, -0.001827, 0.031757),
            (0.020115, 0.003453, 0.016908), (0.01744, 0.026863, 0.032609), (0.019333, 0.024624, 0.032584),
            (0.020405, 0.025607, 0.029642), (0.018618, -0.000556, 0.015173), (0.02077, 0.025371, 0.030794),
            (0.019353, 0.001432, 0.015865), (0.020342, 0.02568, 0.032399), (0.018883, 0.026088, 0.032665),
            (0.018561, -0.00078, 0.016663), (0.024641, 0.015799, 0.020294), (0.024857, 0.016082, 0.021985),
            (0.018606, -0.000876, 0.01824), (0.025232, 0.017433, 0.020685), (0.017345, -0.001051, 0.031726),
            (0.019077, 0.000376, 0.01766), (0.025551, 0.018244, 0.022083), (0.025843, 0.019308, 0.020855),
            (0.015372, 0.001932, 0.031942), (0.025199, 0.017104, 0.023139), (0.015932, 0.01986, 0.03226),
            (0.016978, 0.000513, 0.031793), (0.020492, 0.005628, 0.009939), (0.015659, 0.003438, 0.03201),
            (0.020873, 0.006815, 0.008408), (0.025559, 0.017941, 0.024086), (0.017234, 0.002093, 0.031854),
            (0.020611, 0.005675, 0.011453), (0.021197, 0.007522, 0.010019), (0.026443, 0.021058, 0.020691),
            (0.026609, 0.021478, 0.019638), (0.018912, -0.000645, 0.031311), (0.018049, 0.019394, 0.032168),
            (0.021533, 0.00862, 0.00863), (0.026829, 0.021692, 0.020519), (0.016871, 0.020176, 0.032222),
            (0.021218, 0.007227, 0.01164), (0.026441, 0.020797, 0.021964), (0.026191, 0.019778, 0.023184),
            (0.019789, 0.018858, 0.032128), (0.026931, 0.021602, 0.021739), (0.022228, 0.010831, 0.007493),
            (0.022199, 0.010369, 0.009233), (0.02708, 0.021805, 0.022977), (0.027413, 0.022533, 0.022101),
            (0.02511, 0.016442, 0.025534), (0.017769, 0.020355, 0.032204), (0.018272, 0.021087, 0.032227),
            (0.02278, 0.012043, 0.009699), (0.025613, 0.017837, 0.025433), (0.026019, 0.018919, 0.026088),
            (0.016782, 0.021379, 0.032283), (0.025615, 0.017379, 0.027509), (0.022, 0.009637, 0.010379),
            (0.026062, 0.018398, 0.02847), (0.023932, 0.024474, 0.021313), (0.024993, 0.024, 0.024297),
            (0.021721, 0.008509, 0.012667), (0.024739, 0.024022, 0.026252), (0.020752, 0.005316, 0.015745),
            (0.021248, 0.006911, 0.014774), (0.026449, 0.023603, 0.025657), (0.0264, 0.020261, 0.024854),
            (0.026649, 0.020964, 0.02364), (0.022295, 0.019554, 0.032075), (0.021877, 0.008798, 0.014664),
            (0.027074, 0.0216, 0.023837), (0.027111, 0.021563, 0.024706), (0.027426, 0.022962, 0.024207),
            (0.009618, 0.006187, 0.032359), (0.026638, 0.020386, 0.027198), (0.026855, 0.021063, 0.025889),
            (0.022403, 0.010652, 0.011277), (0.027118, 0.021496, 0.025479), (0.022907, 0.010718, 0.031818),
            (0.02265, 0.011078, 0.012765), (0.023147, 0.012686, 0.01196), (0.027623, 0.022304, 0.02627),
            (0.027251, 0.021247, 0.026873), (0.022386, 0.010024, 0.014031), (0.023192, 0.012399, 0.014268),
            (0.02507, 0.024137, 0.019376), (0.020549, 0.004428, 0.017909), (0.023399, 0.011659, 0.031765),
            (0.024193, 0.012794, 0.03117), (0.021083, 0.005909, 0.016797), (0.027173, 0.023627, 0.019346),
            (0.023248, 0.013222, 0.031905), (0.021929, 0.012177, 0.031903), (0.019625, 0.00199, 0.017634),
            (0.019682, 0.001936, 0.018967), (0.025852, 0.023941, 0.020888), (0.027373, 0.023297, 0.02095),
            (0.019621, 0.001346, 0.0218), (0.019744, 0.001874, 0.02052), (0.00164, 0.018585, 0.020947),
            (0.02637, 0.02384, 0.022434), (0.00305, 0.019074, 0.020826), (0.025377, 0.015932, 0.030439),
            (0.003773, 0.014077, 0.028257), (0.02644, 0.023728, 0.023993), (0.020155, 0.003077, 0.019543),
            (0.021033, 0.005623, 0.018964), (0.004585, 0.015797, 0.028024), (0.004751, 0.015199, 0.029997),
            (0.02067, 0.004455, 0.020305), (0.004366, 0.019134, 0.027713), (0.003742, 0.020363, 0.025977),
            (0.004412, 0.01855, 0.025682), (0.004304, 0.019795, 0.029152), (0.004817, 0.01757, 0.028758),
            (0.024853, 0.014785, 0.031056), (0.004799, 0.017005, 0.027897), (0.019611, 0.001134, 0.023357),
            (0.004667, 0.01873, 0.029921), (0.004943, 0.017152, 0.029535), (0.00498, 0.017503, 0.030147),
            (0.003218, 0.021295, 0.027426), (0.003649, 0.020995, 0.028971), (0.022667, 0.024804, 0.027448),
            (0.020296, 0.0032, 0.021656), (0.005061, 0.017444, 0.030574), (0.005103, 0.016039, 0.031361),
            (0.020129, 0.002659, 0.022922), (0.001427, 0.022678, 0.029335), (0.025413, 0.016782, 0.031679),
            (0.019987, 0.002107, 0.024415), (0.025027, 0.023932, 0.027905), (0.002638, 0.021806, 0.029767),
            (0.020093, 0.002384, 0.025918), (0.019578, 0.000864, 0.025963), (0.022104, 0.024909, 0.029767),
            (0.023774, 0.024338, 0.02882), (0.003767, 0.020994, 0.031287), (0.020574, 0.003784, 0.023217),
            (0.001666, 0.022779, 0.031864), (0.021129, 0.005441, 0.021491), (0.002605, 0.022139, 0.031705),
            (0.014308, -0.013988, 0.028386), (0.021494, 0.006672, 0.019887), (0.027752, 0.021946, 0.027708),
            (0.026566, 0.01976, 0.029325), (0.02725, 0.021315, 0.028831), (0.021729, 0.007125, 0.021162),
            (0.005116, 0.017717, 0.03103), (0.005164, 0.016642, 0.031665), (0.026546, 0.023461, 0.027308),
            (0.004495, 0.019788, 0.030407), (0.005208, 0.018148, 0.03164), (0.005279, 0.018916, 0.032244),
            (0.005698, 0.017342, 0.032535), (0.004656, 0.019881, 0.031715), (0.021037, 0.004985, 0.02396),
            (0.021527, 0.006478, 0.022551), (0.0261, 0.023276, 0.029376), (0.024963, 0.023833, 0.029901),
            (0.005215, 0.019889, 0.032678), (0.004599, 0.020303, 0.032315), (0.027248, 0.02264, 0.029031),
            (0.005915, 0.019548, 0.03281), (0.006601, 0.019317, 0.032811), (0.021802, 0.008163, 0.016152),
            (0.021764, 0.007858, 0.018001), (0.014673, -0.012373, 0.031118), (0.004589, 0.014495, 0.031366),
            (0.004333, 0.014052, 0.031623), (0.022453, 0.009954, 0.017633), (0.021806, 0.024913, 0.032827),
            (0.022248, 0.009039, 0.019246), (0.02438, 0.017408, 0.005068), (0.022444, 0.010041, 0.015916),
            (0.022898, 0.01133, 0.016106), (0.015294, 0.028445, 0.000757), (0.005118, 0.014283, 0.032525),
            (0.004915, 0.01518, 0.031549), (0.016914, 0.027717, 0.002361), (0.024636, 0.021853, 0.032067),
            (0.025768, 0.019098, 0.031929), (0.022971, 0.011323, 0.01754), (0.023453, 0.012901, 0.016564),
            (0.025402, 0.02074, 0.032027), (0.00574, 0.015685, 0.032529), (0.014655, 0.028594, 0.003185),
            (0.022777, 0.010406, 0.020069), (0.022187, 0.008636, 0.020599), (0.00701, 0.016819, 0.032687),
            (0.021809, 0.024955, 0.031441), (0.023188, 0.024353, 0.031373), (0.023172, 0.011562, 0.019318),
            (0.023664, 0.013138, 0.018181), (0.024008, 0.013929, 0.01976), (0.017869, 0.027276, 0.004155),
            (0.019734, 0.026576, 0.003898), (0.009746, 0.014577, 0.032493), (0.024106, 0.024493, 0.032592),
            (0.024403, 0.024019, 0.031311), (0.023594, 0.012848, 0.020469), (0.008701, 0.016727, 0.032628),
            (0.006116, 0.018309, 0.032687), (0.025938, 0.022084, 0.032101), (0.026918, 0.021177, 0.031912),
            (0.006726, 0.018255, 0.032732), (0.026841, 0.022174, 0.032083), (0.026101, 0.023371, 0.031696),
            (0.007262, 0.018438, 0.032746), (0.02741, 0.022313, 0.031109), (0.007637, 0.019635, 0.032781),
            (0.021138, 0.026081, 0.002145), (-0.008291, 0.00319, 0.027371), (0.010829, 0.016657, 0.032549),
            (-0.007277, 0.002978, 0.028839), (0.026003, 0.01766, 0.03074), (-0.007173, 0.003114, 0.0265),
            (-0.006486, 0.002703, 0.027464), (-0.005211, 0.001923, 0.026977), (-0.004911, 0.001547, 0.029437),
            (-0.006015, 0.002481, 0.028966), (-0.004112, 0.000855, 0.028845), (-0.003998, 0.000634, 0.027871),
            (0.012909, 0.017673, 0.032415), (0.015859, 0.028028, 0.004869), (-0.004098, 0.000707, 0.026872),
            (0.026357, 0.018734, 0.030628), (-0.006776, 0.002836, 0.030305), (0.014629, 0.028466, 0.005803),
            (-0.005471, 0.002045, 0.03042), (0.026687, 0.019994, 0.03146), (-0.004182, 0.000828, 0.026112),
            (-0.003347, -0.000511, 0.026355), (-0.00382, 0.000335, 0.0272), (-0.002931, -0.001077, 0.027214),
            (0.010418, 0.020581, 0.032661), (-0.003181, -0.00026, 0.028687), (-0.003477, 0.00026, 0.030534),
            (0.002007, 0.024294, 0.03325), (0.003068, 0.02398, 0.033198), (-0.004228, 0.001013, 0.029947),
            (-0.004139, 0.001197, 0.031243), (-0.003799, 0.000975, 0.031605), (0.017574, 0.027356, 0.005573),
            (0.019582, 0.026553, 0.006034), (0.012344, 0.019819, 0.032508), (0.013214, 0.019898, 0.032455),
            (0.01388, 0.021024, 0.03244), (0.016302, 0.027764, 0.007419), (0.006477, 0.022419, 0.032932),
            (0.014537, 0.020124, 0.032356), (0.017981, 0.027138, 0.007351), (0.002902, 0.026327, 0.033303),
            (0.000804, 0.012255, 0.025719), (0.015556, 0.021098, 0.032353), (0.015371, 0.020102, 0.032298),
            (0.004176, 0.028248, 0.033241), (0.019117, 0.026693, 0.008088), (-0.007156, 0.003056, 0.032288),
            (-0.005397, 0.002315, 0.032036), (0.024899, 0.019048, 0.004868), (0.025542, 0.020592, 0.005788),
            (0.025851, 0.021857, 0.002988), (0.020732, 0.004189, 0.02555), (-0.008087, 0.00398, 0.033054),
            (-0.007453, 0.004471, 0.03314), (0.025792, 0.021652, 0.00411), (0.026226, 0.022526, 0.002824),
            (0.021035, 0.004799, 0.026636), (-0.005188, 0.003128, 0.032859), (0.026604, 0.023293, 0.0048),
            (0.025861, 0.02177, 0.005015), (0.006946, 0.03024, 0.030987), (0.025861, 0.021619, 0.005744),
            (0.026538, 0.022929, 0.005912), (0.004058, 0.02946, 0.033373), (-0.004407, 0.003012, 0.032862),
            (0.022667, 0.025548, 0.000865), (0.006783, 0.029494, 0.033426), (0.023149, 0.025274, 0.00184),
            (0.021546, 0.006357, 0.02509), (0.005714, 0.030724, 0.033328), (0.0072, 0.030209, 0.032792),
            (0.025155, 0.024627, 0.003141), (0.008228, 0.029699, 0.031359), (0.023702, 0.02501, 0.004201),
            (0.021911, 0.02571, 0.004487), (0.010277, 0.028827, 0.03311), (0.009059, 0.029379, 0.032903),
            (0.026361, 0.024321, 0.002113), (0.011274, 0.028181, 0.033221), (0.0266, 0.023931, 0.003482),
            (0.026203, 0.024429, 0.00544), (-0.003899, 0.008545, 0.033051), (0.021603, 0.025795, 0.005906),
            (-0.004017, 0.001477, 0.032154), (-0.002782, 0.000787, 0.032645), (-0.004367, 0.00202, 0.032529),
            (0.012838, 0.027366, 0.03311), (0.020409, 0.026212, 0.008645), (0.021342, 0.025866, 0.007244),
            (0.023196, 0.025141, 0.007509), (0.024349, 0.024758, 0.006104), (0.009858, 0.029311, 0.03196),
            (0.022159, 0.025501, 0.009641), (0.025914, 0.021497, 0.007258), (0.026179, 0.022091, 0.006619),
            (0.02473, 0.024602, 0.0082), (0.014785, 0.026965, 0.032873), (0.01598, 0.026137, 0.03284),
            (0.013863, 0.0278, 0.032943), (0.026432, 0.024352, 0.007387), (0.026831, 0.023181, 0.007542),
            (0.026049, 0.024381, 0.009149), (0.013721, 0.02871, 0.007973), (0.01324, 0.02881, 0.010874),
            (0.015997, 0.027764, 0.01089), (0.014293, 0.028441, 0.009421), (0.014911, 0.028155, 0.012241),
            (0.016126, 0.027671, 0.012968), (0.016306, 0.027707, 0.009508), (0.018074, 0.02703, 0.009906),
            (0.018115, 0.027002, 0.011488), (0.017999, 0.026957, 0.013124), (0.021155, 0.025859, 0.011156),
            (0.019745, 0.026343, 0.012159), (0.024383, 0.02467, 0.01001), (0.023655, 0.024852, 0.012432),
            (0.022437, 0.025292, 0.013987), (0.019204, 0.026489, 0.014013), (0.021018, 0.025831, 0.013528),
            (0.023052, 0.013384, 0.006088), (0.02283, 0.012343, 0.007735), (0.023681, 0.015237, 0.005621),
            (0.023444, 0.014256, 0.007499), (0.024064, 0.01616, 0.006609), (0.024676, 0.017939, 0.007471),
            (0.024205, 0.016349, 0.007761), (0.025145, 0.019264, 0.007012), (0.023647, 0.014542, 0.00924),
            (0.023591, 0.014236, 0.010489), (0.024159, 0.015957, 0.009933), (0.023986, 0.015008, 0.012333),
            (0.024602, 0.016752, 0.012374), (0.02361, 0.013649, 0.013776), (0.024595, 0.017309, 0.009018),
            (0.024622, 0.017149, 0.010443), (0.025159, 0.018869, 0.009475), (0.025051, 0.018466, 0.011131),
            (0.026019, 0.021601, 0.008595), (0.026244, 0.022118, 0.00904), (0.026119, 0.021934, 0.00809),
            (0.024538, 0.01641, 0.014335), (0.024096, 0.014831, 0.015787), (0.02404, 0.014508, 0.017712),
            (0.025269, 0.018362, 0.013937), (0.024599, 0.015747, 0.018777), (-0.004587, 0.012665, 0.027503),
            (-0.003213, 0.012094, 0.025667), (-0.006869, 0.002994, 0.021482), (-0.009025, 0.003634, 0.022477),
            (-0.003393, -0.001874, 0.020725), (-0.003886, -0.000904, 0.020499), (-0.003327, -0.000842, 0.021393),
            (-0.003916, 0.000384, 0.0214), (-0.004908, 0.00168, 0.021937), (-0.003539, -0.000262, 0.02271),
            (-0.002885, -0.003417, 0.021267), (-0.003069, -0.002301, 0.022982), (-0.003446, -0.000448, 0.023714),
            (-0.00068, 0.013277, 0.020857), (6.5e-05, 0.015615, 0.021204), (0.001972, 0.014823, 0.021044),
            (0.001151, 0.013209, 0.021406), (-4.4e-05, 0.016532, 0.021161), (0.000926, 0.015906, 0.021079),
            (0.001697, 0.016322, 0.020938), (0.002478, 0.01595, 0.020927), (0.002992, 0.015648, 0.02096),
            (0.003558, 0.014613, 0.021872), (0.002062, 0.013056, 0.022971), (0.027384, 0.021392, 0.029926),
            (0.003788, 0.017276, 0.020893), (0.004127, 0.019344, 0.021911), (0.003772, 0.015736, 0.021168),
            (0.004356, 0.01609, 0.021796), (0.004478, 0.016406, 0.022356), (0.004397, 0.015901, 0.023206),
            (0.002184, 0.012955, 0.025267), (0.003331, 0.014143, 0.024064), (0.003298, 0.013868, 0.025839),
            (0.004132, 0.015192, 0.025363), (0.003454, 0.020947, 0.022135), (0.004375, 0.017878, 0.023297),
            (0.004045, 0.01968, 0.024158), (0.003079, 0.021262, 0.024853), (0.004396, 0.016813, 0.024429),
            (0.004469, 0.016577, 0.025521), (0.004561, 0.016445, 0.026615), (-0.007701, 0.003497, 0.023636),
            (-0.00608, 0.002803, 0.023164), (0.004702, 0.017143, 0.027044), (-0.007813, 0.003379, 0.025201),
            (-0.004381, 0.00103, 0.024272), (-0.005504, 0.002227, 0.025076), (-0.003582, -0.000254, 0.02499),
            (-0.003747, 7.2e-05, 0.025676), (-0.000735, 0.011688, 0.025919), (-0.000683, 0.012296, 0.023652)
        ]
        int[] faceVertexCounts = [
            3, 3, 3, 3, 3, 3, 3, 3, 3, 3, 3, 3, 3, 3, 3, 3, 3, 3, 3, 3, 3, 3, 3, 3,
            3, 3, 3, 3, 3, 3, 3, 3, 3, 3, 3, 3, 3, 3, 3, 3, 3, 3, 3, 3, 3, 3, 3, 3,
            3, 3, 3, 3, 3, 3, 3, 3, 3, 3, 3, 3, 3, 3, 3, 3, 3, 3, 3, 3, 3, 3, 3, 3,
            3, 3, 3, 3, 3, 3, 3, 3, 3, 3, 3, 3, 3, 3, 3, 3, 3, 3, 3, 3, 3, 3, 3, 3,
            3, 3, 3, 3, 3, 3, 3, 3, 3, 3, 3, 3, 3, 3, 3, 3, 3, 3, 3, 3, 3, 3, 3, 3,
            3, 3, 3, 3, 3, 3, 3, 3, 3, 3, 3, 3, 3, 3, 3, 3, 3, 3, 3, 3, 3, 3, 3, 3,
            3, 3, 3, 3, 3, 3, 3, 3, 3, 3, 3, 3, 3, 3, 3, 3, 3, 3, 3, 3, 3, 3, 3, 3,
            3, 3, 3, 3, 3, 3, 3, 3, 3, 3, 3, 3, 3, 3, 3, 3, 3, 3, 3, 3, 3, 3, 3, 3,
            3, 3, 3, 3, 3, 3, 3, 3, 3, 3, 3, 3, 3, 3, 3, 3, 3, 3, 3, 3, 3, 3, 3, 3,
            3, 3, 3, 3, 3, 3, 3, 3, 3, 3, 3, 3, 3, 3, 3, 3, 3, 3, 3, 3, 3, 3, 3, 3,
            3, 3, 3, 3, 3, 3, 3, 3, 3, 3, 3, 3, 3, 3, 3, 3, 3, 3, 3, 3, 3, 3, 3, 3,
            3, 3, 3, 3, 3, 3, 3, 3, 3, 3, 3, 3, 3, 3, 3, 3, 3, 3, 3, 3, 3, 3, 3, 3,
            3, 3, 3, 3, 3, 3, 3, 3, 3, 3, 3, 3, 3, 3, 3, 3, 3, 3, 3, 3, 3, 3, 3, 3,
            3, 3, 3, 3, 3, 3, 3, 3, 3, 3, 3, 3, 3, 3, 3, 3, 3, 3, 3, 3, 3, 3, 3, 3,
            3, 3, 3, 3, 3, 3, 3, 3, 3, 3, 3, 3, 3, 3, 3, 3, 3, 3, 3, 3, 3, 3, 3, 3,
            3, 3, 3, 3, 3, 3, 3, 3, 3, 3, 3, 3, 3, 3, 3, 3, 3, 3, 3, 3, 3, 3, 3, 3,
            3, 3, 3, 3, 3, 3, 3, 3, 3, 3, 3, 3, 3, 3, 3, 3, 3, 3, 3, 3, 3, 3, 3, 3,
            3, 3, 3, 3, 3, 3, 3, 3, 3, 3, 3, 3, 3, 3, 3, 3, 3, 3, 3, 3, 3, 3, 3, 3,
            3, 3, 3, 3, 3, 3, 3, 3, 3, 3, 3, 3, 3, 3, 3, 3, 3, 3, 3, 3, 3, 3, 3, 3,
            3, 3, 3, 3, 3, 3, 3, 3, 3, 3, 3, 3, 3, 3, 3, 3, 3, 3, 3, 3, 3, 3, 3, 3,
            3, 3, 3, 3, 3, 3, 3, 3, 3, 3, 3, 3, 3, 3, 3, 3, 3, 3, 3, 3, 3, 3, 3, 3,
            3, 3, 3, 3, 3, 3, 3, 3, 3, 3, 3, 3, 3, 3, 3, 3, 3, 3, 3, 3, 3, 3, 3, 3,
            3, 3, 3, 3, 3, 3, 3, 3, 3, 3, 3, 3, 3, 3, 3, 3, 3, 3, 3, 3, 3, 3, 3, 3,
            3, 3, 3, 3, 3, 3, 3, 3, 3, 3, 3, 3, 3, 3, 3, 3, 3, 3, 3, 3, 3, 3, 3, 3,
            3, 3, 3, 3, 3, 3, 3, 3, 3, 3, 3, 3, 3, 3, 3, 3, 3, 3, 3, 3, 3, 3, 3, 3,
            3, 3, 3, 3, 3, 3, 3, 3, 3, 3, 3, 3, 3, 3, 3, 3, 3, 3, 3, 3, 3, 3, 3, 3,
            3, 3, 3, 3, 3, 3, 3, 3, 3, 3, 3, 3, 3, 3, 3, 3, 3, 3, 3, 3, 3, 3, 3, 3,
            3, 3, 3, 3, 3, 3, 3, 3, 3, 3, 3, 3, 3, 3, 3, 3, 3, 3, 3, 3, 3, 3, 3, 3,
            3, 3, 3, 3, 3, 3, 3, 3, 3, 3, 3, 3, 3, 3, 3, 3, 3, 3, 3, 3, 3, 3, 3, 3,
            3, 3, 3, 3, 3, 3, 3, 3, 3, 3, 3, 3, 3, 3, 3, 3, 3, 3, 3, 3, 3, 3, 3, 3,
            3, 3, 3, 3, 3, 3, 3, 3, 3, 3, 3, 3, 3, 3, 3, 3, 3, 3, 3, 3, 3, 3, 3, 3,
            3, 3, 3, 3, 3, 3, 3, 3, 3, 3, 3, 3, 3, 3, 3, 3, 3, 3, 3, 3, 3, 3, 3, 3,
            3, 3, 3, 3, 3, 3, 3, 3, 3, 3, 3, 3, 3, 3, 3, 3, 3, 3, 3, 3, 3, 3, 3, 3,
            3, 3, 3, 3, 3, 3, 3, 3, 3, 3, 3, 3, 3, 3, 3, 3, 3, 3, 3, 3, 3, 3, 3, 3,
            3, 3, 3, 3, 3, 3, 3, 3, 3, 3, 3, 3, 3, 3, 3, 3, 3, 3, 3, 3, 3, 3, 3, 3,
            3, 3, 3, 3, 3, 3, 3, 3, 3, 3, 3, 3, 3, 3, 3, 3, 3, 3, 3, 3, 3, 3, 3, 3,
            3, 3, 3, 3, 3, 3, 3, 3, 3, 3, 3, 3, 3, 3, 3, 3, 3, 3, 3, 3, 3, 3, 3, 3,
            3, 3, 3, 3, 3, 3, 3, 3, 3, 3, 3, 3, 3, 3, 3, 3, 3, 3, 3, 3, 3, 3, 3, 3,
            3, 3, 3, 3, 3, 3, 3, 3, 3, 3, 3, 3, 3, 3, 3, 3, 3, 3, 3, 3, 3, 3, 3, 3,
            3, 3, 3, 3, 3, 3, 3, 3, 3, 3, 3, 3, 3, 3, 3, 3, 3, 3, 3, 3, 3, 3, 3, 3,
            3, 3, 3, 3, 3, 3, 3, 3, 3, 3, 3, 3, 3, 3, 3, 3, 3, 3, 3, 3, 3, 3, 3, 3,
            3, 3, 3, 3, 3, 3, 3, 3, 3, 3, 3, 3, 3, 3, 3, 3, 3, 3, 3, 3, 3, 3, 3, 3,
            3, 3, 3, 3, 3, 3, 3, 3, 3, 3, 3, 3, 3, 3, 3, 3, 3, 3, 3, 3, 3, 3, 3, 3,
            3, 3, 3, 3, 3, 3, 3, 3, 3, 3, 3, 3, 3, 3, 3, 3, 3, 3, 3, 3, 3, 3, 3, 3,
            3, 3, 3, 3, 3, 3, 3, 3, 3, 3, 3, 3, 3, 3, 3, 3, 3, 3, 3, 3, 3, 3, 3, 3,
            3, 3, 3, 3, 3, 3, 3, 3, 3, 3, 3, 3, 3, 3, 3, 3, 3, 3, 3, 3, 3, 3, 3, 3,
            3, 3, 3, 3, 3, 3, 3, 3, 3, 3, 3, 3, 3, 3, 3, 3, 3, 3, 3, 3, 3, 3, 3, 3,
            3, 3, 3, 3, 3, 3, 3, 3, 3, 3, 3, 3, 3, 3, 3, 3, 3, 3, 3, 3, 3, 3, 3, 3,
            3, 3, 3, 3, 3, 3, 3, 3, 3, 3, 3, 3, 3, 3, 3, 3, 3, 3, 3, 3, 3, 3, 3, 3,
            3, 3, 3, 3, 3, 3, 3, 3, 3, 3, 3, 3, 3, 3, 3, 3, 3, 3, 3, 3, 3, 3, 3, 3,
            3, 3, 3, 3, 3, 3, 3, 3, 3, 3, 3, 3, 3, 3, 3, 3, 3, 3, 3, 3, 3, 3, 3, 3,
            3, 3, 3, 3, 3, 3, 3, 3, 3, 3, 3, 3, 3, 3, 3, 3, 3, 3, 3, 3, 3, 3, 3, 3,
            3, 3, 3, 3, 3, 3, 3, 3, 3, 3, 3, 3, 3, 3, 3, 3, 3, 3, 3, 3, 3, 3, 3, 3,
            3, 3, 3, 3, 3, 3, 3, 3, 3, 3, 3, 3, 3, 3, 3, 3, 3, 3, 3, 3, 3, 3, 3, 3,
            3, 3, 3, 3, 3, 3, 3, 3, 3, 3, 3, 3, 3, 3, 3, 3, 3, 3, 3, 3, 3, 3, 3, 3,
            3, 3, 3, 3, 3, 3, 3, 3, 3, 3, 3, 3, 3, 3, 3, 3, 3, 3, 3, 3, 3, 3, 3, 3,
            3, 3, 3, 3, 3, 3, 3, 3, 3, 3, 3, 3, 3, 3, 3, 3, 3, 3, 3, 3, 3, 3, 3, 3,
            3, 3, 3, 3, 3, 3, 3, 3, 3, 3, 3, 3, 3, 3, 3, 3, 3, 3, 3, 3, 3, 3, 3, 3,
            3, 3, 3, 3, 3, 3, 3, 3, 3, 3, 3, 3, 3, 3, 3, 3, 3, 3, 3, 3, 3, 3, 3, 3,
            3, 3, 3, 3, 3, 3, 3, 3, 3, 3, 3, 3, 3, 3, 3, 3, 3, 3, 3, 3, 3, 3, 3, 3,
            3, 3, 3, 3, 3, 3, 3, 3, 3, 3, 3, 3, 3, 3, 3, 3, 3, 3, 3, 3, 3, 3, 3, 3,
            3, 3, 3, 3, 3, 3, 3, 3, 3, 3, 3, 3, 3, 3, 3, 3, 3, 3, 3, 3, 3, 3, 3, 3,
            3, 3, 3, 3, 3, 3, 3, 3, 3, 3, 3, 3, 3, 3, 3, 3, 3, 3, 3, 3, 3, 3, 3, 3,
            3, 3, 3, 3, 3, 3, 3, 3, 3, 3, 3, 3, 3, 3, 3, 3, 3, 3, 3, 3, 3, 3, 3, 3,
            3, 3, 3, 3, 3, 3, 3, 3, 3, 3, 3, 3, 3, 3, 3, 3, 3, 3, 3, 3, 3, 3, 3, 3,
            3, 3, 3, 3, 3, 3, 3, 3, 3, 3, 3, 3, 3, 3, 3, 3, 3, 3, 3, 3, 3, 3, 3, 3,
            3, 3, 3, 3, 3, 3, 3, 3, 3, 3, 3, 3, 3, 3, 3, 3, 3, 3, 3, 3, 3, 3, 3, 3,
            3, 3, 3, 3, 3, 3, 3, 3, 3, 3, 3, 3, 3, 3, 3, 3, 3, 3, 3, 3, 3, 3, 3, 3,
            3, 3, 3, 3, 3, 3, 3, 3, 3, 3, 3, 3, 3, 3, 3, 3, 3, 3, 3, 3, 3, 3, 3, 3,
            3, 3, 3, 3, 3, 3, 3, 3, 3, 3, 3, 3, 3, 3, 3, 3, 3, 3, 3, 3, 3, 3, 3, 3,
            3, 3, 3, 3, 3, 3, 3, 3, 3, 3, 3, 3, 3, 3, 3, 3, 3, 3, 3, 3, 3, 3, 3, 3,
            3, 3, 3, 3, 3, 3, 3, 3, 3, 3, 3, 3, 3, 3, 3, 3, 3, 3, 3, 3, 3, 3, 3, 3,
            3, 3, 3, 3, 3, 3, 3, 3, 3, 3, 3, 3, 3, 3, 3, 3, 3, 3, 3, 3, 3, 3, 3, 3,
            3, 3, 3, 3, 3, 3, 3, 3, 3, 3, 3, 3, 3, 3, 3, 3, 3, 3, 3, 3, 3, 3, 3, 3,
            3, 3, 3, 3, 3, 3, 3, 3, 3, 3, 3, 3, 3, 3, 3, 3, 3, 3, 3, 3, 3, 3, 3, 3,
            3, 3, 3, 3, 3, 3, 3, 3, 3, 3, 3, 3, 3, 3, 3, 3, 3, 3, 3, 3, 3, 3, 3, 3,
            3, 3, 3, 3, 3, 3, 3, 3, 3, 3, 3, 3, 3, 3, 3, 3, 3, 3, 3, 3, 3, 3, 3, 3,
            3, 3, 3, 3, 3, 3, 3, 3, 3, 3, 3, 3, 3, 3, 3, 3, 3, 3, 3, 3, 3, 3, 3, 3,
            3, 3, 3, 3, 3, 3, 3, 3, 3, 3, 3, 3, 3, 3, 3, 3, 3, 3, 3, 3, 3, 3, 3, 3,
            3, 3, 3, 3, 3, 3, 3, 3, 3, 3, 3, 3, 3, 3, 3, 3, 3, 3, 3, 3, 3, 3, 3, 3,
            3, 3, 3, 3, 3, 3, 3, 3, 3, 3, 3, 3, 3, 3, 3, 3, 3, 3, 3, 3, 3, 3, 3, 3,
            3, 3, 3, 3, 3, 3, 3, 3, 3, 3, 3, 3, 3, 3, 3, 3, 3, 3, 3, 3, 3, 3, 3, 3,
            3, 3, 3, 3, 3, 3, 3, 3, 3, 3, 3, 3, 3, 3, 3, 3, 3, 3, 3, 3, 3, 3, 3, 3,
            3, 3, 3, 3, 3, 3, 3, 3, 3, 3, 3, 3, 3, 3, 3, 3, 3, 3, 3, 3, 3, 3, 3, 3,
            3, 3, 3, 3, 3, 3, 3, 3, 3, 3, 3, 3, 3, 3, 3, 3, 3, 3, 3, 3, 3, 3, 3, 3,
            3, 3, 3, 3, 3, 3, 3, 3, 3, 3, 3, 3, 3, 3, 3, 3, 3, 3, 3, 3, 3, 3, 3, 3,
            3, 3, 3, 3, 3, 3, 3, 3, 3, 3, 3, 3, 3, 3, 3, 3, 3, 3, 3, 3, 3, 3, 3, 3,
            3, 3, 3, 3, 3, 3, 3, 3, 3, 3, 3, 3, 3, 3, 3, 3, 3, 3, 3, 3, 3, 3, 3, 3,
            3, 3, 3, 3, 3, 3, 3, 3, 3, 3, 3, 3, 3, 3, 3, 3, 3, 3, 3, 3, 3, 3, 3, 3,
            3, 3, 3, 3, 3, 3, 3, 3, 3, 3, 3, 3, 3, 3, 3, 3, 3, 3, 3, 3, 3, 3, 3, 3,
            3, 3, 3, 3, 3, 3, 3, 3, 3, 3, 3, 3, 3, 3, 3, 3, 3, 3, 3, 3, 3, 3, 3, 3,
            3, 3, 3, 3, 3, 3, 3, 3, 3, 3, 3, 3, 3, 3, 3, 3, 3, 3, 3, 3, 3, 3, 3, 3,
            3, 3, 3, 3, 3, 3, 3, 3, 3, 3, 3, 3, 3, 3, 3, 3, 3, 3, 3, 3, 3, 3, 3, 3,
            3, 3, 3, 3, 3, 3, 3, 3, 3, 3, 3, 3, 3, 3, 3, 3, 3, 3, 3, 3, 3, 3, 3, 3,
            3, 3, 3, 3, 3, 3, 3, 3, 3, 3, 3, 3, 3, 3, 3, 3, 3, 3, 3, 3, 3, 3, 3, 3,
            3, 3, 3, 3, 3, 3, 3, 3, 3, 3, 3, 3, 3, 3, 3, 3, 3, 3, 3, 3, 3, 3, 3, 3,
            3, 3, 3, 3, 3, 3, 3, 3, 3, 3, 3, 3, 3, 3, 3, 3, 3, 3, 3, 3, 3, 3, 3, 3,
            3, 3, 3, 3, 3, 3, 3, 3, 3, 3, 3, 3, 3, 3, 3, 3, 3, 3, 3, 3, 3, 3, 3, 3,
            3, 3, 3, 3, 3, 3, 3, 3, 3, 3, 3, 3, 3, 3, 3, 3, 3, 3, 3, 3, 3, 3, 3, 3,
            3, 3, 3, 3, 3, 3, 3, 3, 3, 3, 3, 3, 3, 3, 3, 3, 3, 3, 3, 3, 3, 3, 3, 3,
            3, 3, 3, 3, 3, 3, 3, 3, 3, 3, 3, 3, 3, 3, 3, 3, 3, 3, 3, 3, 3, 3, 3, 3,
            3, 3, 3, 3, 3, 3, 3, 3, 3, 3, 3, 3, 3, 3, 3, 3, 3, 3, 3, 3, 3, 3, 3, 3,
            3, 3, 3, 3, 3, 3, 3, 3, 3, 3, 3, 3, 3, 3, 3, 3, 3, 3, 3, 3, 3, 3, 3, 3,
            3, 3, 3, 3, 3, 3, 3, 3, 3, 3, 3, 3, 3, 3, 3, 3, 3, 3, 3, 3, 3, 3, 3, 3,
            3, 3, 3, 3, 3, 3, 3, 3, 3, 3, 3, 3, 3, 3, 3, 3, 3, 3, 3, 3, 3, 3, 3, 3,
            3, 3, 3, 3, 3, 3, 3, 3, 3, 3, 3, 3, 3, 3, 3, 3, 3, 3, 3, 3, 3, 3, 3, 3,
            3, 3, 3, 3, 3, 3, 3, 3, 3, 3, 3, 3, 3, 3, 3, 3, 3, 3, 3, 3, 3, 3, 3, 3,
            3, 3, 3, 3, 3, 3, 3, 3, 3, 3, 3, 3, 3, 3, 3, 3, 3, 3, 3, 3, 3, 3, 3, 3,
            3, 3, 3, 3, 3, 3, 3, 3, 3, 3, 3, 3, 3, 3, 3, 3, 3, 3, 3, 3, 3, 3, 3, 3,
            3, 3, 3, 3, 3, 3, 3, 3, 3, 3, 3, 3, 3, 3, 3, 3, 3, 3, 3, 3, 3, 3, 3, 3,
            3, 3, 3, 3, 3, 3, 3, 3, 3, 3, 3, 3, 3, 3, 3, 3, 3, 3, 3, 3, 3, 3, 3, 3,
            3, 3, 3, 3, 3, 3, 3, 3, 3, 3, 3, 3, 3, 3, 3, 3, 3, 3, 3, 3, 3, 3, 3, 3,
            3, 3, 3, 3, 3, 3, 3, 3, 3, 3, 3, 3, 3, 3, 3, 3, 3, 3, 3, 3, 3, 3, 3, 3,
            3, 3, 3, 3, 3, 3, 3, 3, 3, 3, 3, 3, 3, 3, 3, 3, 3, 3, 3, 3, 3, 3, 3, 3,
            3, 3, 3, 3, 3, 3, 3, 3, 3, 3, 3, 3, 3, 3, 3, 3, 3, 3, 3, 3, 3, 3, 3, 3,
            3, 3, 3, 3, 3, 3, 3, 3, 3, 3, 3, 3, 3, 3, 3, 3, 3, 3, 3, 3, 3, 3, 3, 3,
            3, 3, 3, 3, 3, 3, 3, 3, 3, 3, 3, 3, 3, 3, 3, 3, 3, 3, 3, 3, 3, 3, 3, 3,
            3, 3, 3, 3, 3, 3, 3, 3, 3, 3, 3, 3, 3, 3, 3, 3, 3, 3, 3, 3, 3, 3, 3, 3,
            3, 3, 3, 3, 3, 3, 3, 3, 3, 3, 3, 3, 3, 3, 3, 3, 3, 3, 3, 3, 3, 3, 3, 3,
            3, 3, 3, 3, 3, 3, 3, 3, 3, 3, 3, 3, 3, 3, 3, 3, 3, 3, 3, 3, 3, 3, 3, 3,
            3, 3, 3, 3, 3, 3, 3, 3, 3, 3, 3, 3, 3, 3, 3, 3, 3, 3, 3, 3, 3, 3, 3, 3,
            3, 3, 3, 3, 3, 3, 3, 3, 3, 3, 3, 3, 3, 3, 3, 3, 3, 3, 3, 3, 3, 3, 3, 3,
            3, 3, 3, 3, 3, 3, 3, 3, 3, 3, 3, 3, 3, 3, 3, 3, 3, 3, 3, 3, 3, 3, 3, 3,
            3, 3, 3, 3, 3, 3, 3, 3, 3, 3, 3, 3, 3, 3, 3, 3, 3, 3, 3, 3, 3, 3, 3, 3,
            3, 3, 3, 3, 3, 3, 3, 3, 3, 3, 3, 3, 3, 3, 3, 3, 3, 3, 3, 3, 3, 3, 3, 3,
            3, 3, 3, 3, 3, 3, 3, 3, 3, 3, 3, 3, 3, 3, 3, 3, 3, 3, 3, 3, 3, 3, 3, 3,
            3, 3, 3, 3, 3, 3, 3, 3, 3, 3, 3, 3, 3, 3, 3, 3, 3, 3, 3, 3, 3, 3, 3, 3,
            3, 3, 3, 3, 3, 3, 3, 3, 3, 3, 3, 3, 3, 3, 3, 3, 3, 3, 3, 3, 3, 3, 3, 3,
            3, 3, 3, 3, 3, 3, 3, 3, 3, 3, 3, 3, 3, 3, 3, 3, 3, 3, 3, 3, 3, 3, 3, 3,
            3, 3, 3, 3, 3, 3, 3, 3, 3, 3, 3, 3, 3, 3, 3, 3, 3, 3, 3, 3, 3, 3, 3, 3,
            3, 3, 3, 3, 3, 3, 3, 3, 3, 3, 3, 3, 3, 3, 3, 3, 3, 3, 3, 3, 3, 3, 3, 3,
            3, 3, 3, 3, 3, 3, 3, 3, 3, 3, 3, 3, 3, 3, 3, 3, 3, 3, 3, 3, 3, 3, 3, 3,
            3, 3, 3, 3, 3, 3, 3, 3, 3, 3, 3, 3, 3, 3, 3, 3, 3, 3, 3, 3, 3, 3, 3, 3,
            3, 3, 3, 3, 3, 3, 3, 3, 3, 3, 3, 3, 3, 3, 3, 3, 3, 3, 3, 3, 3, 3, 3, 3,
            3, 3, 3, 3, 3, 3, 3, 3, 3, 3, 3, 3, 3, 3, 3, 3, 3, 3, 3, 3, 3, 3, 3, 3,
            3, 3, 3, 3, 3, 3, 3, 3, 3, 3, 3, 3, 3, 3, 3, 3, 3, 3, 3, 3, 3, 3, 3, 3,
            3, 3, 3, 3, 3, 3, 3, 3, 3, 3, 3, 3, 3, 3, 3, 3, 3, 3, 3, 3, 3, 3, 3, 3,
            3, 3, 3, 3, 3, 3, 3, 3, 3, 3, 3, 3, 3, 3, 3, 3, 3, 3, 3, 3, 3, 3, 3, 3,
            3, 3, 3, 3, 3, 3, 3, 3, 3, 3, 3, 3, 3, 3, 3, 3, 3, 3, 3, 3, 3, 3, 3, 3,
            3, 3, 3, 3, 3, 3, 3, 3, 3, 3, 3, 3, 3, 3, 3, 3, 3, 3, 3, 3, 3, 3, 3, 3,
            3, 3, 3, 3, 3, 3, 3, 3, 3, 3, 3, 3, 3, 3, 3, 3, 3, 3, 3, 3, 3, 3, 3, 3,
            3, 3, 3, 3, 3, 3, 3, 3, 3, 3, 3, 3, 3, 3, 3, 3, 3, 3, 3, 3, 3, 3, 3, 3,
            3, 3, 3, 3, 3, 3, 3, 3, 3, 3, 3, 3, 3, 3, 3, 3, 3, 3, 3, 3, 3, 3, 3, 3,
            3, 3, 3, 3, 3, 3, 3, 3, 3, 3, 3, 3, 3, 3, 3, 3, 3, 3, 3, 3, 3, 3, 3, 3,
            3, 3, 3, 3, 3, 3, 3, 3, 3, 3, 3, 3, 3, 3, 3, 3, 3, 3, 3, 3, 3, 3, 3, 3,
            3, 3, 3, 3, 3, 3, 3, 3, 3, 3, 3, 3, 3, 3, 3, 3, 3, 3, 3, 3, 3, 3, 3, 3,
            3, 3, 3, 3, 3, 3, 3, 3, 3, 3, 3, 3, 3, 3, 3, 3, 3, 3, 3, 3, 3, 3, 3, 3,
            3, 3, 3, 3, 3, 3, 3, 3, 3, 3, 3, 3, 3, 3, 3, 3, 3, 3, 3, 3, 3, 3, 3, 3,
            3, 3, 3, 3, 3, 3, 3, 3, 3, 3, 3, 3, 3, 3, 3, 3, 3, 3, 3, 3, 3, 3, 3, 3,
            3, 3, 3, 3, 3, 3, 3, 3, 3, 3, 3, 3, 3, 3, 3, 3, 3, 3, 3, 3, 3, 3, 3, 3,
            3, 3, 3, 3, 3, 3, 3, 3, 3, 3, 3, 3, 3, 3, 3, 3, 3, 3, 3, 3, 3, 3, 3, 3,
            3, 3, 3, 3, 3, 3, 3, 3, 3, 3, 3, 3, 3, 3, 3, 3, 3, 3, 3, 3, 3, 3, 3, 3,
            3, 3, 3, 3, 3, 3, 3, 3, 3, 3, 3, 3, 3, 3, 3, 3, 3, 3, 3, 3, 3, 3, 3, 3,
            3, 3, 3, 3, 3, 3, 3, 3, 3, 3, 3, 3, 3, 3, 3, 3, 3, 3, 3, 3, 3, 3, 3, 3,
            3, 3, 3, 3, 3, 3, 3, 3, 3, 3, 3, 3, 3, 3, 3, 3, 3, 3, 3, 3, 3, 3, 3, 3,
            3, 3, 3, 3, 3, 3, 3, 3, 3, 3, 3, 3, 3, 3, 3, 3, 3, 3, 3, 3, 3, 3, 3, 3,
            3, 3, 3, 3, 3, 3, 3, 3, 3, 3, 3, 3, 3, 3, 3, 3, 3, 3, 3, 3, 3, 3, 3, 3,
            3, 3, 3, 3, 3, 3, 3, 3, 3, 3, 3, 3, 3, 3, 3, 3, 3, 3, 3, 3, 3, 3, 3, 3,
            3, 3, 3, 3, 3, 3, 3, 3, 3, 3, 3, 3, 3, 3, 3, 3, 3, 3, 3, 3, 3, 3, 3, 3,
            3, 3, 3, 3, 3, 3, 3, 3, 3, 3, 3, 3, 3, 3, 3, 3, 3, 3, 3, 3, 3, 3, 3, 3,
            3, 3, 3, 3, 3, 3, 3, 3, 3, 3, 3, 3, 3, 3, 3, 3, 3, 3, 3, 3, 3, 3, 3, 3,
            3, 3, 3, 3, 3, 3, 3, 3, 3, 3, 3, 3, 3, 3, 3, 3, 3, 3, 3, 3, 3, 3, 3, 3,
            3, 3, 3, 3, 3, 3, 3, 3, 3, 3, 3, 3, 3, 3, 3, 3, 3, 3, 3, 3, 3, 3, 3, 3,
            3, 3, 3, 3, 3, 3, 3, 3, 3, 3, 3, 3, 3, 3, 3, 3, 3, 3, 3, 3, 3, 3, 3, 3,
            3, 3, 3, 3, 3, 3, 3, 3, 3, 3, 3, 3, 3, 3, 3, 3, 3, 3, 3, 3, 3, 3, 3, 3,
            3, 3, 3, 3, 3, 3, 3, 3, 3, 3, 3, 3, 3, 3, 3, 3, 3, 3, 3, 3, 3, 3, 3, 3,
            3, 3, 3, 3, 3, 3, 3, 3, 3, 3, 3, 3, 3, 3, 3, 3, 3, 3, 3, 3, 3, 3, 3, 3,
            3, 3, 3, 3, 3, 3, 3, 3, 3, 3, 3, 3, 3, 3, 3, 3, 3, 3, 3, 3, 3, 3, 3, 3,
            3, 3, 3, 3, 3, 3, 3, 3, 3, 3, 3, 3, 3, 3, 3, 3, 3, 3, 3, 3, 3, 3, 3, 3,
            3, 3, 3, 3, 3, 3, 3, 3, 3, 3, 3, 3, 3, 3, 3, 3, 3, 3, 3, 3, 3, 3, 3, 3,
            3, 3, 3, 3, 3, 3, 3, 3, 3, 3, 3, 3, 3, 3, 3, 3, 3, 3, 3, 3, 3, 3, 3, 3,
            3, 3, 3, 3, 3, 3, 3, 3, 3, 3, 3, 3, 3, 3, 3, 3, 3, 3, 3, 3, 3, 3, 3, 3,
            3, 3, 3, 3, 3, 3, 3, 3, 3, 3, 3, 3, 3, 3, 3, 3, 3, 3, 3, 3, 3, 3, 3, 3,
            3, 3, 3, 3, 3, 3, 3, 3, 3, 3, 3, 3, 3, 3, 3, 3, 3, 3, 3, 3, 3, 3, 3, 3,
            3, 3, 3, 3, 3, 3, 3, 3, 3, 3, 3, 3, 3, 3, 3, 3, 3, 3, 3, 3, 3, 3, 3, 3,
            3, 3, 3, 3, 3, 3, 3, 3, 3, 3, 3, 3, 3, 3, 3, 3, 3, 3, 3, 3, 3, 3, 3, 3,
            3, 3, 3, 3, 3, 3, 3, 3, 3, 3, 3, 3, 3, 3, 3, 3, 3, 3, 3, 3, 3, 3, 3, 3,
            3, 3, 3, 3, 3, 3, 3, 3, 3, 3, 3, 3, 3, 3, 3, 3, 3, 3, 3, 3, 3, 3, 3, 3,
            3, 3, 3, 3, 3, 3, 3, 3, 3, 3, 3, 3, 3, 3, 3, 3, 3, 3, 3, 3, 3, 3, 3, 3,
            3, 3, 3, 3, 3, 3, 3, 3, 3, 3, 3, 3, 3, 3, 3, 3, 3, 3, 3, 3, 3, 3, 3, 3,
            3, 3, 3, 3, 3, 3, 3, 3, 3, 3, 3, 3, 3, 3, 3, 3, 3, 3, 3, 3, 3, 3, 3, 3,
            3, 3, 3, 3, 3, 3, 3, 3, 3, 3, 3, 3, 3, 3, 3, 3, 3, 3, 3, 3, 3, 3, 3, 3,
            3, 3, 3, 3, 3, 3, 3, 3, 3, 3, 3, 3, 3, 3, 3, 3, 3, 3, 3, 3, 3, 3, 3, 3,
            3, 3, 3, 3, 3, 3, 3, 3, 3, 3, 3, 3, 3, 3, 3, 3, 3, 3, 3, 3, 3, 3, 3, 3,
            3, 3, 3, 3, 3, 3, 3, 3, 3, 3, 3, 3, 3, 3, 3, 3, 3, 3, 3, 3, 3, 3, 3, 3,
            3, 3, 3, 3, 3, 3, 3, 3, 3, 3, 3, 3, 3, 3, 3, 3, 3, 3, 3, 3, 3, 3, 3, 3,
            3, 3, 3, 3, 3, 3, 3, 3, 3, 3, 3, 3, 3, 3, 3, 3, 3, 3, 3, 3, 3, 3, 3, 3,
            3, 3, 3, 3, 3, 3, 3, 3, 3, 3, 3, 3, 3, 3, 3, 3, 3, 3, 3, 3, 3, 3, 3, 3,
            3, 3, 3, 3, 3, 3, 3, 3, 3, 3, 3, 3, 3, 3, 3, 3, 3, 3, 3, 3, 3, 3, 3, 3,
            3, 3, 3, 3, 3, 3, 3, 3, 3, 3, 3, 3, 3, 3, 3, 3, 3, 3, 3, 3, 3, 3, 3, 3,
            3, 3, 3, 3, 3, 3, 3, 3, 3, 3, 3, 3, 3, 3, 3, 3, 3, 3, 3, 3, 3, 3, 3, 3,
            3, 3, 3, 3, 3, 3, 3, 3, 3, 3, 3, 3, 3, 3, 3, 3, 3, 3, 3, 3, 3, 3, 3, 3,
            3, 3, 3, 3, 3, 3, 3, 3, 3, 3, 3, 3, 3, 3, 3, 3, 3, 3, 3, 3, 3, 3, 3, 3,
            3, 3, 3, 3, 3, 3, 3, 3, 3, 3, 3, 3, 3, 3, 3, 3, 3, 3, 3, 3, 3, 3, 3, 3,
            3, 3, 3, 3, 3, 3, 3, 3, 3, 3, 3, 3, 3, 3, 3, 3, 3, 3, 3, 3, 3, 3, 3, 3,
            3, 3, 3, 3, 3, 3, 3, 3, 3, 3, 3, 3, 3, 3, 3, 3, 3, 3, 3, 3, 3, 3, 3, 3,
            3, 3, 3, 3, 3, 3, 3, 3, 3, 3, 3, 3, 3, 3, 3, 3, 3, 3, 3, 3, 3, 3, 3, 3,
            3, 3, 3, 3, 3, 3, 3, 3, 3, 3, 3, 3, 3, 3, 3, 3, 3, 3, 3, 3, 3, 3, 3, 3,
            3, 3, 3, 3, 3, 3, 3, 3, 3, 3, 3, 3, 3, 3, 3, 3, 3, 3, 3, 3, 3, 3, 3, 3,
            3, 3, 3, 3, 3, 3, 3, 3, 3, 3, 3, 3, 3, 3, 3, 3, 3, 3, 3, 3, 3, 3, 3, 3,
            3, 3, 3, 3, 3, 3, 3, 3, 3, 3, 3, 3, 3, 3, 3, 3, 3, 3, 3, 3, 3, 3, 3, 3,
            3, 3, 3, 3, 3, 3, 3, 3, 3, 3, 3, 3, 3, 3, 3, 3, 3, 3, 3, 3, 3, 3, 3, 3,
            3, 3, 3, 3, 3, 3, 3, 3, 3, 3, 3, 3, 3, 3, 3, 3, 3, 3, 3, 3, 3, 3, 3, 3,
            3, 3, 3, 3, 3, 3, 3, 3, 3, 3, 3, 3, 3, 3, 3, 3, 3, 3, 3, 3, 3, 3, 3, 3,
            3, 3, 3, 3, 3, 3, 3, 3, 3, 3, 3, 3, 3, 3, 3, 3, 3, 3, 3, 3, 3, 3, 3, 3,
            3, 3, 3, 3, 3, 3, 3, 3, 3, 3, 3, 3, 3, 3, 3, 3, 3, 3, 3, 3, 3, 3, 3, 3,
            3, 3, 3, 3, 3, 3, 3, 3, 3, 3, 3, 3, 3, 3, 3, 3, 3, 3, 3, 3, 3, 3, 3, 3,
            3, 3, 3, 3, 3, 3, 3, 3, 3, 3, 3, 3, 3, 3, 3, 3, 3, 3, 3, 3, 3, 3, 3, 3,
            3, 3, 3, 3, 3, 3, 3, 3, 3, 3, 3, 3, 3, 3, 3, 3, 3, 3, 3, 3, 3, 3, 3, 3,
            3, 3, 3, 3, 3, 3, 3, 3, 3, 3, 3, 3, 3, 3, 3, 3, 3, 3, 3, 3, 3, 3, 3, 3,
            3, 3, 3, 3, 3, 3, 3, 3, 3, 3, 3, 3, 3, 3, 3, 3, 3, 3, 3, 3, 3, 3, 3, 3,
            3, 3, 3, 3, 3, 3, 3, 3, 3, 3, 3, 3, 3, 3, 3, 3, 3, 3, 3, 3, 3, 3, 3, 3,
            3, 3, 3, 3, 3, 3, 3, 3, 3, 3, 3, 3, 3, 3, 3, 3, 3, 3, 3, 3, 3, 3, 3, 3,
            3, 3, 3, 3, 3, 3, 3, 3, 3, 3, 3, 3, 3, 3, 3, 3, 3, 3, 3, 3, 3, 3, 3, 3,
            3, 3, 3, 3, 3, 3, 3, 3, 3, 3, 3, 3, 3, 3, 3, 3, 3, 3, 3, 3, 3, 3, 3, 3,
            3, 3, 3, 3, 3, 3, 3, 3, 3, 3, 3, 3, 3, 3, 3, 3, 3, 3, 3, 3, 3, 3, 3, 3,
            3, 3, 3, 3, 3, 3, 3, 3, 3, 3, 3, 3, 3, 3, 3, 3, 3, 3, 3, 3, 3, 3, 3, 3,
            3, 3, 3, 3, 3, 3, 3, 3, 3, 3, 3, 3, 3, 3, 3, 3, 3, 3, 3, 3, 3, 3, 3, 3,
            3, 3, 3, 3, 3, 3, 3, 3, 3, 3, 3, 3, 3, 3, 3, 3, 3, 3, 3, 3, 3, 3, 3, 3,
            3, 3, 3, 3, 3, 3, 3, 3, 3, 3, 3, 3, 3, 3, 3, 3, 3, 3, 3, 3, 3, 3, 3, 3,
            3, 3, 3, 3, 3, 3, 3, 3, 3, 3, 3, 3, 3, 3, 3, 3, 3, 3, 3, 3, 3, 3, 3, 3,
            3, 3, 3, 3, 3, 3, 3, 3, 3, 3, 3, 3, 3, 3, 3, 3, 3, 3, 3, 3, 3, 3, 3, 3,
            3, 3, 3, 3, 3, 3, 3, 3, 3, 3, 3, 3, 3, 3, 3, 3, 3, 3, 3, 3, 3, 3, 3, 3,
            3, 3, 3, 3, 3, 3, 3, 3, 3, 3, 3, 3, 3, 3, 3, 3, 3, 3, 3, 3, 3, 3, 3, 3,
            3, 3, 3, 3, 3, 3, 3, 3, 3, 3, 3, 3, 3, 3, 3, 3, 3, 3, 3, 3, 3, 3, 3, 3,
            3, 3, 3, 3, 3, 3, 3, 3, 3, 3, 3, 3, 3, 3, 3, 3, 3, 3, 3, 3, 3, 3, 3, 3,
            3, 3, 3, 3, 3, 3, 3, 3, 3, 3, 3, 3, 3, 3, 3, 3, 3, 3, 3, 3, 3, 3, 3, 3,
            3, 3, 3, 3, 3, 3, 3, 3, 3, 3, 3, 3, 3, 3, 3, 3, 3, 3, 3, 3, 3, 3, 3, 3,
            3, 3, 3, 3, 3, 3, 3, 3, 3, 3, 3, 3, 3, 3, 3, 3, 3, 3, 3, 3, 3, 3, 3, 3,
            3, 3, 3, 3, 3, 3, 3, 3, 3, 3, 3, 3, 3, 3, 3, 3, 3, 3, 3, 3, 3, 3, 3, 3,
            3, 3, 3, 3, 3, 3, 3, 3, 3, 3, 3, 3, 3, 3, 3, 3, 3, 3, 3, 3, 3, 3, 3, 3,
            3, 3, 3, 3, 3, 3, 3, 3, 3, 3, 3, 3, 3, 3, 3, 3, 3, 3, 3, 3, 3, 3, 3, 3,
            3, 3, 3, 3, 3, 3, 3, 3, 3, 3, 3, 3, 3, 3, 3, 3, 3, 3, 3, 3, 3, 3, 3, 3,
            3, 3, 3, 3, 3, 3, 3, 3, 3, 3, 3, 3, 3, 3, 3, 3, 3, 3, 3, 3, 3, 3, 3, 3,
            3, 3, 3, 3, 3, 3, 3, 3, 3, 3, 3, 3, 3, 3, 3, 3, 3, 3, 3, 3, 3, 3, 3, 3,
            3, 3, 3, 3, 3, 3, 3, 3, 3, 3, 3, 3, 3, 3, 3, 3, 3, 3, 3, 3, 3, 3, 3, 3,
            3, 3, 3, 3, 3, 3, 3, 3, 3, 3, 3, 3, 3, 3, 3, 3, 3, 3, 3, 3, 3, 3, 3, 3,
            3, 3, 3, 3, 3, 3, 3, 3, 3, 3, 3, 3, 3, 3, 3, 3, 3, 3, 3, 3, 3, 3, 3, 3,
            3, 3, 3, 3, 3, 3, 3, 3, 3, 3, 3, 3, 3, 3, 3, 3, 3, 3, 3, 3, 3, 3, 3, 3,
            3, 3, 3, 3, 3, 3, 3, 3, 3, 3, 3, 3, 3, 3, 3, 3, 3, 3, 3, 3, 3, 3, 3, 3,
            3, 3, 3, 3, 3, 3, 3, 3, 3, 3, 3, 3, 3, 3, 3, 3, 3, 3, 3, 3, 3, 3, 3, 3,
            3, 3, 3, 3, 3, 3, 3, 3, 3, 3, 3, 3, 3, 3, 3, 3, 3, 3, 3, 3, 3, 3, 3, 3,
            3, 3, 3, 3, 3, 3, 3, 3, 3, 3, 3, 3, 3, 3, 3, 3, 3, 3, 3, 3, 3, 3, 3, 3,
            3, 3, 3, 3, 3, 3, 3, 3, 3, 3, 3, 3, 3, 3, 3, 3, 3, 3, 3, 3, 3, 3, 3, 3,
            3, 3, 3, 3, 3, 3, 3, 3, 3, 3, 3, 3, 3, 3, 3, 3, 3, 3, 3, 3, 3, 3, 3, 3,
            3, 3, 3, 3, 3, 3, 3, 3, 3, 3, 3, 3, 3, 3, 3, 3, 3, 3, 3, 3, 3, 3, 3, 3,
            3, 3, 3, 3, 3, 3, 3, 3, 3, 3, 3, 3, 3, 3, 3, 3, 3, 3, 3, 3, 3, 3, 3, 3,
            3, 3, 3, 3, 3, 3, 3, 3, 3, 3, 3, 3, 3, 3, 3, 3, 3, 3, 3, 3, 3, 3, 3, 3,
            3, 3, 3, 3, 3, 3, 3, 3, 3, 3, 3, 3, 3, 3, 3, 3, 3, 3, 3, 3, 3, 3, 3, 3,
            3, 3, 3, 3, 3, 3, 3, 3, 3, 3, 3, 3, 3, 3, 3, 3, 3, 3, 3, 3, 3, 3, 3, 3,
            3, 3, 3, 3, 3, 3, 3, 3, 3, 3, 3, 3, 3, 3, 3, 3, 3, 3, 3, 3, 3, 3, 3, 3,
            3, 3, 3, 3, 3, 3, 3, 3, 3, 3, 3, 3, 3, 3, 3, 3, 3, 3, 3, 3, 3, 3, 3, 3,
            3, 3, 3, 3, 3, 3, 3, 3, 3, 3, 3, 3, 3, 3, 3, 3, 3, 3, 3, 3, 3, 3, 3, 3,
            3, 3, 3, 3, 3, 3, 3, 3, 3, 3, 3, 3, 3, 3, 3, 3, 3, 3, 3, 3, 3, 3, 3, 3,
            3, 3, 3, 3, 3, 3, 3, 3, 3, 3, 3, 3, 3, 3, 3, 3, 3, 3, 3, 3, 3, 3, 3, 3,
            3, 3, 3, 3, 3, 3, 3, 3, 3, 3, 3, 3, 3, 3, 3, 3, 3, 3, 3, 3, 3, 3, 3, 3,
            3, 3, 3, 3, 3, 3, 3, 3, 3, 3, 3, 3, 3, 3, 3, 3, 3, 3, 3, 3, 3, 3, 3, 3,
            3, 3, 3, 3, 3, 3, 3, 3, 3, 3, 3, 3, 3, 3, 3, 3, 3, 3, 3, 3, 3, 3, 3, 3,
            3, 3, 3, 3, 3, 3, 3, 3, 3, 3, 3, 3, 3, 3, 3, 3, 3, 3, 3, 3, 3, 3, 3, 3,
            3, 3, 3, 3, 3, 3, 3, 3, 3, 3, 3, 3, 3, 3, 3, 3, 3, 3, 3, 3, 3, 3, 3, 3,
            3, 3, 3, 3, 3, 3, 3, 3, 3, 3, 3, 3, 3, 3, 3, 3, 3, 3, 3, 3, 3, 3, 3, 3,
            3, 3, 3, 3, 3, 3, 3, 3, 3, 3, 3, 3, 3, 3, 3, 3, 3, 3, 3, 3, 3, 3, 3, 3,
            3, 3, 3, 3, 3, 3, 3, 3, 3, 3, 3, 3, 3, 3, 3, 3, 3, 3, 3, 3, 3, 3, 3, 3,
            3, 3, 3, 3, 3, 3, 3, 3, 3, 3, 3, 3, 3, 3, 3, 3, 3, 3, 3, 3, 3, 3, 3, 3,
            3, 3, 3, 3, 3, 3, 3, 3, 3, 3, 3, 3, 3, 3, 3, 3, 3, 3, 3, 3, 3, 3, 3, 3,
            3, 3, 3, 3, 3, 3, 3, 3, 3, 3, 3, 3, 3, 3, 3, 3, 3, 3, 3, 3, 3, 3, 3, 3,
            3, 3, 3, 3, 3, 3, 3, 3, 3, 3, 3, 3, 3, 3, 3, 3, 3, 3, 3, 3, 3, 3, 3, 3,
            3, 3, 3, 3, 3, 3, 3, 3, 3, 3, 3, 3, 3, 3, 3, 3, 3, 3, 3, 3, 3, 3, 3, 3,
            3, 3, 3, 3, 3, 3, 3, 3, 3, 3, 3, 3, 3, 3, 3, 3, 3, 3, 3, 3, 3, 3, 3, 3,
            3, 3, 3, 3, 3, 3, 3, 3, 3, 3, 3, 3, 3, 3, 3, 3, 3, 3, 3, 3, 3, 3, 3, 3,
            3, 3, 3, 3, 3, 3, 3, 3, 3, 3, 3, 3, 3, 3, 3, 3, 3, 3, 3, 3, 3, 3, 3, 3,
            3, 3, 3, 3, 3, 3, 3, 3, 3, 3, 3, 3, 3, 3, 3, 3, 3, 3, 3, 3, 3, 3, 3, 3,
            3, 3, 3, 3, 3, 3, 3, 3, 3, 3, 3, 3, 3, 3, 3, 3, 3, 3, 3, 3, 3, 3, 3, 3,
            3, 3, 3, 3, 3, 3, 3, 3, 3, 3, 3, 3, 3, 3, 3, 3, 3, 3, 3, 3, 3, 3, 3, 3,
            3, 3, 3, 3, 3, 3, 3, 3, 3, 3, 3, 3, 3, 3, 3, 3, 3, 3, 3, 3, 3, 3, 3, 3,
            3, 3, 3, 3, 3, 3, 3, 3, 3, 3, 3, 3, 3, 3, 3, 3, 3, 3, 3, 3, 3, 3, 3, 3,
            3, 3, 3, 3, 3, 3, 3, 3, 3, 3, 3, 3, 3, 3, 3, 3, 3, 3, 3, 3, 3, 3, 3, 3,
            3, 3, 3, 3, 3, 3, 3, 3, 3, 3, 3, 3, 3, 3, 3, 3, 3, 3, 3, 3, 3, 3, 3, 3,
            3, 3, 3, 3, 3, 3, 3, 3, 3, 3, 3, 3, 3, 3, 3, 3, 3, 3, 3, 3, 3, 3, 3, 3,
            3, 3, 3, 3, 3, 3, 3, 3, 3, 3, 3, 3, 3, 3, 3, 3, 3, 3, 3, 3, 3, 3, 3, 3,
            3, 3, 3, 3, 3, 3, 3, 3, 3, 3, 3, 3, 3, 3, 3, 3, 3, 3, 3, 3, 3, 3, 3, 3,
            3, 3, 3, 3, 3, 3, 3, 3, 3, 3, 3, 3, 3, 3, 3, 3, 3, 3, 3, 3, 3, 3, 3, 3,
            3, 3, 3, 3, 3, 3, 3, 3, 3, 3, 3, 3, 3, 3, 3, 3, 3, 3, 3, 3, 3, 3, 3, 3,
            3, 3, 3, 3, 3, 3, 3, 3, 3, 3, 3, 3, 3, 3, 3, 3, 3, 3, 3, 3, 3, 3, 3, 3,
            3, 3, 3, 3, 3, 3, 3, 3, 3, 3, 3, 3, 3, 3, 3, 3, 3, 3, 3, 3, 3, 3, 3, 3,
            3, 3, 3, 3, 3, 3, 3, 3, 3, 3, 3, 3, 3, 3, 3, 3, 3, 3, 3, 3, 3, 3, 3, 3,
            3, 3, 3, 3, 3, 3, 3, 3, 3, 3, 3, 3, 3, 3, 3, 3, 3, 3, 3, 3, 3, 3, 3, 3,
            3, 3, 3, 3, 3, 3, 3, 3, 3, 3, 3, 3, 3, 3, 3, 3, 3, 3, 3, 3, 3, 3, 3, 3,
            3, 3, 3, 3, 3, 3, 3, 3, 3, 3, 3, 3, 3, 3, 3, 3, 3, 3, 3, 3, 3, 3, 3, 3,
            3, 3, 3, 3, 3, 3, 3, 3, 3, 3, 3, 3, 3, 3, 3, 3, 3, 3, 3, 3, 3, 3, 3, 3,
            3, 3, 3, 3, 3, 3, 3, 3, 3, 3, 3, 3, 3, 3, 3, 3, 3, 3, 3, 3, 3, 3, 3, 3,
            3, 3, 3, 3, 3, 3, 3, 3, 3, 3, 3, 3, 3, 3, 3, 3, 3, 3, 3, 3, 3, 3, 3, 3,
            3, 3, 3, 3, 3, 3, 3, 3, 3, 3, 3, 3, 3, 3, 3, 3, 3, 3, 3, 3, 3, 3, 3, 3,
            3, 3, 3, 3, 3, 3, 3, 3, 3, 3, 3, 3, 3, 3, 3, 3, 3, 3, 3, 3, 3, 3, 3, 3,
            3, 3, 3, 3, 3, 3, 3, 3, 3, 3, 3, 3, 3, 3, 3, 3, 3, 3, 3, 3, 3, 3, 3, 3,
            3, 3, 3, 3, 3, 3, 3, 3, 3, 3, 3, 3, 3, 3, 3, 3, 3, 3, 3, 3, 3, 3, 3, 3,
            3, 3, 3, 3, 3, 3, 3, 3, 3, 3, 3, 3, 3, 3, 3, 3, 3, 3, 3, 3, 3, 3, 3, 3,
            3, 3, 3, 3, 3, 3, 3, 3, 3, 3, 3, 3, 3, 3, 3, 3, 3, 3, 3, 3, 3, 3, 3, 3,
            3, 3, 3, 3, 3, 3, 3, 3, 3, 3, 3, 3, 3, 3, 3, 3, 3, 3, 3, 3, 3, 3, 3, 3,
            3, 3, 3, 3, 3, 3, 3, 3, 3, 3, 3, 3, 3, 3, 3, 3, 3, 3, 3, 3, 3, 3, 3, 3,
            3, 3, 3, 3, 3, 3, 3, 3, 3, 3, 3, 3, 3, 3, 3, 3, 3, 3, 3, 3, 3, 3, 3, 3,
            3, 3, 3, 3, 3, 3, 3, 3, 3, 3, 3, 3, 3, 3, 3, 3, 3, 3, 3, 3, 3, 3, 3, 3,
            3, 3, 3, 3, 3, 3, 3, 3, 3, 3, 3, 3, 3, 3, 3, 3, 3, 3, 3, 3, 3, 3, 3, 3,
            3, 3, 3, 3, 3, 3, 3, 3, 3, 3, 3, 3, 3, 3, 3, 3, 3, 3, 3, 3, 3, 3, 3, 3,
            3, 3, 3, 3, 3, 3, 3, 3, 3, 3, 3, 3, 3, 3, 3, 3, 3, 3, 3, 3, 3, 3, 3, 3,
            3, 3, 3, 3, 3, 3, 3, 3, 3, 3, 3, 3, 3, 3, 3, 3, 3, 3, 3, 3, 3, 3, 3, 3,
            3, 3, 3, 3, 3, 3, 3, 3, 3, 3, 3, 3, 3, 3, 3, 3, 3, 3, 3, 3, 3, 3, 3, 3,
            3, 3, 3, 3, 3, 3, 3, 3, 3, 3, 3, 3, 3, 3, 3, 3, 3, 3, 3, 3, 3, 3, 3, 3,
            3, 3, 3, 3, 3, 3, 3, 3, 3, 3, 3, 3, 3, 3, 3, 3, 3, 3, 3, 3, 3, 3, 3, 3,
            3, 3, 3, 3, 3, 3, 3, 3, 3, 3, 3, 3, 3, 3, 3, 3, 3, 3, 3, 3, 3, 3, 3, 3,
            3, 3, 3, 3, 3, 3, 3, 3, 3, 3, 3, 3, 3, 3, 3, 3, 3, 3, 3, 3, 3, 3, 3, 3,
            3, 3, 3, 3, 3, 3, 3, 3, 3, 3, 3, 3, 3, 3, 3, 3, 3, 3, 3, 3, 3, 3, 3, 3,
            3, 3, 3, 3, 3, 3, 3, 3, 3, 3, 3, 3, 3, 3, 3, 3, 3, 3, 3, 3, 3, 3, 3, 3,
            3, 3, 3, 3, 3, 3, 3, 3, 3, 3, 3, 3, 3, 3, 3, 3, 3, 3, 3, 3, 3, 3, 3, 3,
            3, 3, 3, 3, 3, 3, 3, 3, 3, 3, 3, 3, 3, 3, 3, 3, 3, 3, 3, 3, 3, 3, 3, 3,
            3, 3, 3, 3, 3, 3, 3, 3, 3, 3, 3, 3, 3, 3, 3, 3, 3, 3, 3, 3, 3, 3, 3, 3,
            3, 3, 3, 3, 3, 3, 3, 3, 3, 3, 3, 3, 3, 3, 3, 3, 3, 3, 3, 3, 3, 3, 3, 3,
            3, 3, 3, 3, 3, 3, 3, 3, 3, 3, 3, 3, 3, 3, 3, 3, 3, 3, 3, 3, 3, 3, 3, 3,
            3, 3, 3, 3, 3, 3, 3, 3, 3, 3, 3, 3, 3, 3, 3, 3, 3, 3, 3, 3, 3, 3, 3, 3,
            3, 3, 3, 3, 3, 3, 3, 3, 3, 3, 3, 3, 3, 3, 3, 3, 3, 3, 3, 3, 3, 3, 3, 3,
            3, 3, 3, 3, 3, 3, 3, 3, 3, 3, 3, 3, 3, 3, 3, 3, 3, 3, 3, 3, 3, 3, 3, 3,
            3, 3, 3, 3, 3, 3, 3, 3, 3, 3, 3, 3, 3, 3, 3, 3, 3, 3, 3, 3, 3, 3, 3, 3,
            3, 3, 3, 3, 3, 3, 3, 3, 3, 3, 3, 3, 3, 3, 3, 3, 3, 3, 3, 3, 3, 3, 3, 3,
            3, 3, 3, 3, 3, 3, 3, 3, 3, 3, 3, 3, 3, 3, 3, 3, 3, 3, 3, 3, 3, 3, 3, 3,
            3, 3, 3, 3, 3, 3, 3, 3, 3, 3, 3, 3, 3, 3, 3, 3, 3, 3, 3, 3, 3, 3, 3, 3,
            3, 3, 3, 3, 3, 3, 3, 3, 3, 3, 3, 3, 3, 3, 3, 3, 3, 3, 3, 3, 3, 3, 3, 3,
            3, 3, 3, 3, 3, 3, 3, 3, 3, 3, 3, 3, 3, 3, 3, 3, 3, 3, 3, 3, 3, 3, 3, 3,
            3, 3, 3, 3, 3, 3, 3, 3, 3, 3, 3, 3, 3, 3, 3, 3, 3, 3, 3, 3, 3, 3, 3, 3,
            3, 3, 3, 3, 3, 3, 3, 3, 3, 3, 3, 3, 3, 3, 3, 3, 3, 3, 3, 3, 3, 3, 3, 3,
            3, 3, 3, 3, 3, 3, 3, 3, 3, 3, 3, 3, 3, 3, 3, 3, 3, 3, 3, 3, 3, 3, 3, 3,
            3, 3, 3, 3, 3, 3, 3, 3, 3, 3, 3, 3, 3, 3, 3, 3, 3, 3, 3, 3, 3, 3, 3, 3,
            3, 3, 3, 3, 3, 3, 3, 3, 3, 3, 3, 3, 3, 3, 3, 3, 3, 3, 3, 3, 3, 3, 3, 3,
            3, 3, 3, 3, 3, 3, 3, 3, 3, 3, 3, 3, 3, 3, 3, 3, 3, 3, 3, 3, 3, 3, 3, 3,
            3, 3, 3, 3, 3, 3, 3, 3, 3, 3, 3, 3, 3, 3, 3, 3, 3, 3, 3, 3, 3, 3, 3, 3,
            3, 3, 3, 3, 3, 3, 3, 3, 3, 3, 3, 3, 3, 3, 3, 3, 3, 3, 3, 3, 3, 3, 3, 3,
            3, 3, 3, 3, 3, 3, 3, 3, 3, 3, 3, 3, 3, 3, 3, 3, 3, 3, 3, 3, 3, 3, 3, 3,
            3, 3, 3, 3, 3, 3, 3, 3, 3, 3, 3, 3, 3, 3, 3, 3, 3, 3, 3, 3, 3, 3, 3, 3,
            3, 3, 3, 3, 3, 3, 3, 3, 3, 3, 3, 3, 3, 3, 3, 3, 3, 3, 3, 3, 3, 3, 3, 3,
            3, 3, 3, 3, 3, 3, 3, 3, 3, 3, 3, 3, 3, 3, 3, 3, 3, 3, 3, 3, 3, 3, 3, 3,
            3, 3, 3, 3, 3, 3, 3, 3, 3, 3, 3, 3, 3, 3, 3, 3, 3, 3, 3, 3, 3, 3, 3, 3,
            3, 3, 3, 3, 3, 3, 3, 3, 3, 3, 3, 3, 3, 3, 3, 3, 3, 3, 3, 3, 3, 3, 3, 3,
            3, 3, 3, 3, 3, 3, 3, 3, 3, 3, 3, 3, 3, 3, 3, 3, 3, 3, 3, 3, 3, 3, 3, 3,
            3, 3, 3, 3, 3, 3, 3, 3, 3, 3, 3, 3, 3, 3, 3, 3, 3, 3, 3, 3, 3, 3, 3, 3,
            3, 3, 3, 3, 3, 3, 3, 3, 3, 3, 3, 3, 3, 3, 3, 3, 3, 3, 3, 3, 3, 3, 3, 3,
            3, 3, 3, 3, 3, 3, 3, 3, 3, 3, 3, 3, 3, 3, 3, 3, 3, 3, 3, 3, 3, 3, 3, 3,
            3, 3, 3, 3, 3, 3, 3, 3, 3, 3, 3, 3, 3, 3, 3, 3, 3, 3, 3, 3, 3, 3, 3, 3,
            3, 3, 3, 3, 3, 3, 3, 3, 3, 3, 3, 3, 3, 3, 3, 3, 3, 3, 3, 3, 3, 3, 3, 3,
            3, 3, 3, 3, 3, 3, 3, 3, 3, 3, 3, 3, 3, 3, 3, 3, 3, 3, 3, 3, 3, 3, 3, 3,
            3, 3, 3, 3, 3, 3, 3, 3, 3, 3, 3, 3, 3, 3, 3, 3, 3, 3, 3, 3, 3, 3, 3, 3,
            3, 3, 3, 3, 3, 3, 3, 3, 3, 3, 3, 3, 3, 3, 3, 3, 3, 3, 3, 3, 3, 3, 3, 3,
            3, 3, 3, 3, 3, 3, 3, 3, 3, 3, 3, 3, 3, 3, 3, 3, 3, 3, 3, 3, 3, 3, 3, 3,
            3, 3, 3, 3, 3, 3, 3, 3, 3, 3, 3, 3, 3, 3, 3, 3, 3, 3, 3, 3, 3, 3, 3, 3,
            3, 3, 3, 3, 3, 3, 3, 3, 3, 3, 3, 3, 3, 3, 3, 3, 3, 3, 3, 3, 3, 3, 3, 3,
            3, 3, 3, 3, 3, 3, 3, 3, 3, 3, 3, 3, 3, 3, 3, 3, 3, 3, 3, 3, 3, 3, 3, 3,
            3, 3, 3, 3, 3, 3, 3, 3, 3, 3, 3, 3, 3, 3, 3, 3, 3, 3, 3, 3, 3, 3, 3, 3,
            3, 3, 3, 3, 3, 3, 3, 3, 3, 3, 3, 3, 3, 3, 3, 3, 3, 3, 3, 3, 3, 3, 3, 3,
            3, 3, 3, 3, 3, 3, 3, 3, 3, 3, 3, 3, 3, 3, 3, 3, 3, 3, 3, 3, 3, 3, 3, 3,
            3, 3, 3, 3, 3, 3, 3, 3, 3, 3, 3, 3, 3, 3, 3, 3, 3, 3, 3, 3, 3, 3, 3, 3,
            3, 3, 3, 3, 3, 3, 3, 3, 3, 3, 3, 3, 3, 3, 3, 3, 3, 3, 3, 3, 3, 3, 3, 3,
            3, 3, 3, 3, 3, 3, 3, 3, 3, 3, 3, 3, 3, 3, 3, 3, 3, 3, 3, 3, 3, 3, 3, 3,
            3, 3, 3, 3, 3, 3, 3, 3, 3, 3, 3, 3, 3, 3, 3, 3, 3, 3, 3, 3, 3, 3, 3, 3,
            3, 3, 3, 3, 3, 3, 3, 3, 3, 3, 3, 3, 3, 3, 3, 3, 3, 3, 3, 3, 3, 3, 3, 3,
            3, 3, 3, 3, 3, 3, 3, 3, 3, 3, 3, 3, 3, 3, 3, 3, 3, 3, 3, 3, 3, 3, 3, 3,
            3, 3, 3, 3, 3, 3, 3, 3, 3, 3, 3, 3, 3, 3, 3, 3, 3, 3, 3, 3, 3, 3, 3, 3,
            3, 3, 3, 3, 3, 3, 3, 3, 3, 3, 3, 3, 3, 3, 3, 3, 3, 3, 3, 3, 3, 3, 3, 3,
            3, 3, 3, 3, 3, 3, 3, 3, 3, 3, 3, 3, 3, 3, 3, 3, 3, 3, 3, 3, 3, 3, 3, 3,
            3, 3, 3, 3, 3, 3, 3, 3, 3, 3, 3, 3, 3, 3, 3, 3, 3, 3, 3, 3, 3, 3, 3, 3,
            3, 3, 3, 3, 3, 3, 3, 3, 3, 3, 3, 3, 3, 3, 3, 3, 3, 3, 3, 3, 3, 3, 3, 3,
            3, 3, 3, 3, 3, 3, 3, 3, 3, 3, 3, 3, 3, 3, 3, 3, 3, 3, 3, 3, 3, 3, 3, 3,
            3, 3, 3, 3, 3, 3, 3, 3, 3, 3, 3, 3, 3, 3, 3, 3, 3, 3, 3, 3, 3, 3, 3, 3,
            3, 3, 3, 3, 3, 3, 3, 3, 3, 3, 3, 3, 3, 3, 3, 3, 3, 3, 3, 3, 3, 3, 3, 3,
            3, 3, 3, 3, 3, 3, 3, 3, 3, 3, 3, 3, 3, 3, 3, 3, 3, 3, 3, 3, 3, 3, 3, 3,
            3, 3, 3, 3, 3, 3, 3, 3, 3, 3, 3, 3, 3, 3, 3, 3, 3, 3, 3, 3, 3, 3, 3, 3,
            3, 3, 3, 3, 3, 3, 3, 3, 3, 3, 3, 3, 3, 3, 3, 3, 3, 3, 3, 3, 3, 3, 3, 3,
            3, 3, 3, 3, 3, 3, 3, 3, 3, 3, 3, 3, 3, 3, 3, 3, 3, 3, 3, 3, 3, 3, 3, 3,
            3, 3, 3, 3, 3, 3, 3, 3, 3, 3, 3, 3, 3, 3, 3, 3, 3, 3, 3, 3, 3, 3, 3, 3,
            3, 3, 3, 3, 3, 3, 3, 3, 3, 3, 3, 3, 3, 3, 3, 3, 3, 3, 3, 3, 3, 3, 3, 3,
            3, 3, 3, 3, 3, 3, 3, 3, 3, 3, 3, 3, 3, 3, 3, 3, 3, 3, 3, 3, 3, 3, 3, 3,
            3, 3, 3, 3, 3, 3, 3, 3, 3, 3, 3, 3, 3, 3, 3, 3, 3, 3, 3, 3, 3, 3, 3, 3,
            3, 3, 3, 3, 3, 3, 3, 3, 3, 3, 3, 3, 3, 3, 3, 3, 3, 3, 3, 3, 3, 3, 3, 3,
            3, 3, 3, 3, 3, 3, 3, 3, 3, 3, 3, 3, 3, 3, 3, 3, 3, 3, 3, 3, 3, 3, 3, 3,
            3, 3, 3, 3, 3, 3, 3, 3, 3, 3, 3, 3, 3, 3, 3, 3, 3, 3, 3, 3, 3, 3, 3, 3,
            3, 3, 3, 3, 3, 3, 3, 3, 3, 3, 3, 3, 3, 3, 3, 3, 3, 3, 3, 3, 3, 3, 3, 3,
            3, 3, 3, 3, 3, 3, 3, 3, 3, 3, 3, 3, 3, 3, 3, 3, 3, 3, 3, 3, 3, 3, 3, 3,
            3, 3, 3, 3, 3, 3, 3, 3, 3, 3, 3, 3, 3, 3, 3, 3, 3, 3, 3, 3, 3, 3, 3, 3,
            3, 3, 3, 3, 3, 3, 3, 3, 3, 3, 3, 3, 3, 3, 3, 3, 3, 3, 3, 3, 3, 3, 3, 3,
            3, 3, 3, 3, 3, 3, 3, 3, 3, 3, 3, 3, 3, 3, 3, 3, 3, 3, 3, 3, 3, 3, 3, 3,
            3, 3, 3, 3, 3, 3, 3, 3, 3, 3, 3, 3, 3, 3, 3, 3, 3, 3, 3, 3, 3, 3, 3, 3,
            3, 3, 3, 3, 3, 3, 3, 3, 3, 3, 3, 3, 3, 3, 3, 3, 3, 3, 3, 3, 3, 3, 3, 3,
            3, 3, 3, 3, 3, 3, 3, 3, 3, 3, 3, 3, 3, 3, 3, 3, 3, 3, 3, 3, 3, 3, 3, 3,
            3, 3, 3, 3, 3, 3, 3, 3, 3, 3, 3, 3, 3, 3, 3, 3, 3, 3, 3, 3, 3, 3, 3, 3,
            3, 3, 3, 3, 3, 3, 3, 3, 3, 3, 3, 3, 3, 3, 3, 3, 3, 3, 3, 3, 3, 3, 3, 3,
            3, 3, 3, 3, 3, 3, 3, 3, 3, 3, 3, 3, 3, 3, 3, 3, 3, 3, 3, 3, 3, 3, 3, 3,
            3, 3, 3, 3, 3, 3, 3, 3, 3, 3, 3, 3, 3, 3, 3, 3, 3, 3, 3, 3, 3, 3, 3, 3,
            3, 3, 3, 3, 3, 3, 3, 3, 3, 3, 3, 3, 3, 3, 3, 3, 3, 3, 3, 3, 3, 3, 3, 3,
            3, 3, 3, 3, 3, 3, 3, 3, 3, 3, 3, 3, 3, 3, 3, 3, 3, 3, 3, 3, 3, 3, 3, 3,
            3, 3, 3, 3, 3, 3, 3, 3, 3, 3, 3, 3, 3, 3, 3, 3, 3, 3, 3, 3, 3, 3, 3, 3,
            3, 3, 3, 3, 3, 3, 3, 3, 3, 3, 3, 3, 3, 3, 3, 3, 3, 3, 3, 3, 3, 3, 3, 3,
            3, 3, 3, 3, 3, 3, 3, 3, 3, 3, 3, 3, 3, 3, 3, 3, 3, 3, 3, 3, 3, 3, 3, 3,
            3, 3, 3, 3, 3, 3, 3, 3, 3, 3, 3, 3, 3, 3, 3, 3, 3, 3, 3, 3, 3, 3, 3, 3,
            3, 3, 3, 3, 3, 3, 3, 3, 3, 3, 3, 3, 3, 3, 3, 3, 3, 3, 3, 3, 3, 3, 3, 3,
            3, 3, 3, 3, 3, 3, 3, 3, 3, 3, 3, 3, 3, 3, 3, 3, 3, 3, 3, 3, 3, 3, 3, 3,
            3, 3, 3, 3, 3, 3, 3, 3, 3, 3, 3, 3, 3, 3, 3, 3, 3, 3, 3, 3, 3, 3, 3, 3,
            3, 3, 3, 3, 3, 3, 3, 3, 3, 3, 3, 3, 3, 3, 3, 3, 3, 3, 3, 3, 3, 3, 3, 3,
            3, 3, 3, 3, 3, 3, 3, 3, 3, 3, 3, 3, 3, 3, 3, 3, 3, 3, 3, 3, 3, 3, 3, 3,
            3, 3, 3, 3, 3, 3, 3, 3, 3, 3, 3, 3, 3, 3, 3, 3, 3, 3, 3, 3, 3, 3, 3, 3,
            3, 3, 3, 3, 3, 3, 3, 3, 3, 3, 3, 3, 3, 3, 3, 3, 3, 3, 3, 3, 3, 3, 3, 3,
            3, 3, 3, 3, 3, 3, 3, 3, 3, 3, 3, 3, 3, 3, 3, 3, 3, 3, 3, 3, 3, 3, 3, 3,
            3, 3, 3, 3, 3, 3, 3, 3, 3, 3, 3, 3, 3, 3, 3, 3, 3, 3, 3, 3, 3, 3, 3, 3,
            3, 3, 3, 3, 3, 3, 3, 3, 3, 3, 3, 3, 3, 3, 3, 3, 3, 3, 3, 3, 3, 3, 3, 3,
            3, 3, 3, 3, 3, 3, 3, 3, 3, 3, 3, 3, 3, 3, 3, 3, 3, 3, 3, 3, 3, 3, 3, 3,
            3, 3, 3, 3, 3, 3, 3, 3, 3, 3, 3, 3, 3, 3, 3, 3, 3, 3, 3, 3, 3, 3, 3, 3,
            3, 3, 3, 3, 3, 3, 3, 3, 3, 3, 3, 3, 3, 3, 3, 3, 3, 3, 3, 3, 3, 3, 3, 3,
            3, 3, 3, 3, 3, 3, 3, 3, 3, 3, 3, 3, 3, 3, 3, 3, 3, 3, 3, 3, 3, 3, 3, 3,
            3, 3, 3, 3, 3, 3, 3, 3, 3, 3, 3, 3, 3, 3, 3, 3, 3, 3, 3, 3, 3, 3, 3, 3,
            3, 3, 3, 3, 3, 3, 3, 3, 3, 3, 3, 3, 3, 3, 3, 3, 3, 3, 3, 3, 3, 3, 3, 3,
            3, 3, 3, 3, 3, 3, 3, 3, 3, 3, 3, 3, 3, 3, 3, 3, 3, 3, 3, 3, 3, 3, 3, 3,
            3, 3, 3, 3, 3, 3, 3, 3, 3, 3, 3, 3, 3, 3, 3, 3, 3, 3, 3, 3, 3, 3, 3, 3,
            3, 3, 3, 3, 3, 3, 3, 3, 3, 3, 3, 3, 3, 3, 3, 3, 3, 3, 3, 3, 3, 3, 3, 3,
            3, 3, 3, 3, 3, 3, 3, 3, 3, 3, 3, 3, 3, 3, 3, 3, 3, 3, 3, 3, 3, 3, 3, 3,
            3, 3, 3, 3, 3, 3, 3, 3, 3, 3, 3, 3, 3, 3, 3, 3, 3, 3, 3, 3, 3, 3, 3, 3,
            3, 3, 3, 3, 3, 3, 3, 3, 3, 3, 3, 3, 3, 3, 3, 3, 3, 3, 3, 3, 3, 3, 3, 3,
            3, 3, 3, 3, 3, 3, 3, 3, 3, 3, 3, 3, 3, 3, 3, 3, 3, 3, 3, 3, 3, 3, 3, 3,
            3, 3, 3, 3, 3, 3, 3, 3, 3, 3, 3, 3, 3, 3, 3, 3, 3, 3, 3, 3, 3, 3, 3, 3,
            3, 3, 3, 3, 3, 3, 3, 3, 3, 3, 3, 3, 3, 3, 3, 3, 3, 3, 3, 3, 3, 3, 3, 3,
            3, 3, 3, 3, 3, 3, 3, 3, 3, 3, 3, 3, 3, 3, 3, 3, 3, 3, 3, 3, 3, 3, 3, 3,
            3, 3, 3, 3, 3, 3, 3, 3, 3, 3, 3, 3, 3, 3, 3, 3, 3, 3, 3, 3, 3, 3, 3, 3,
            3, 3, 3, 3, 3, 3, 3, 3, 3, 3, 3, 3, 3, 3, 3, 3, 3, 3, 3, 3, 3, 3, 3, 3,
            3, 3, 3, 3, 3, 3, 3, 3, 3, 3, 3, 3, 3, 3, 3, 3, 3, 3, 3, 3, 3, 3, 3, 3,
            3, 3, 3, 3, 3, 3, 3, 3, 3, 3, 3, 3, 3, 3, 3, 3, 3, 3, 3, 3, 3, 3, 3, 3,
            3, 3, 3, 3, 3, 3, 3, 3, 3, 3, 3, 3, 3, 3, 3, 3, 3, 3, 3, 3, 3, 3, 3, 3,
            3, 3, 3, 3, 3, 3, 3, 3, 3, 3, 3, 3, 3, 3, 3, 3, 3, 3, 3, 3, 3, 3, 3, 3,
            3, 3, 3, 3, 3, 3, 3, 3, 3, 3, 3, 3, 3, 3, 3, 3, 3, 3, 3, 3, 3, 3, 3, 3,
            3, 3, 3, 3, 3, 3, 3, 3, 3, 3, 3, 3, 3, 3, 3, 3, 3, 3, 3, 3, 3, 3, 3, 3,
            3, 3, 3, 3, 3, 3, 3, 3, 3, 3, 3, 3, 3, 3, 3, 3, 3, 3, 3, 3, 3, 3, 3, 3,
            3, 3, 3, 3, 3, 3, 3, 3, 3, 3, 3, 3, 3, 3, 3, 3, 3, 3, 3, 3, 3, 3, 3, 3,
            3, 3, 3, 3, 3, 3, 3, 3, 3, 3, 3, 3, 3, 3, 3, 3, 3, 3, 3, 3, 3, 3, 3, 3,
            3, 3, 3, 3, 3, 3, 3, 3, 3, 3, 3, 3, 3, 3, 3, 3, 3, 3, 3, 3, 3, 3, 3, 3,
            3, 3, 3, 3, 3, 3, 3, 3, 3, 3, 3, 3, 3, 3, 3, 3, 3, 3, 3, 3, 3, 3, 3, 3,
            3, 3, 3, 3, 3, 3, 3, 3, 3, 3, 3, 3, 3, 3, 3, 3, 3, 3, 3, 3, 3, 3, 3, 3,
            3, 3, 3, 3, 3, 3, 3, 3, 3, 3, 3, 3, 3, 3, 3, 3, 3, 3, 3, 3, 3, 3, 3, 3,
            3, 3, 3, 3, 3, 3, 3, 3, 3, 3, 3, 3, 3, 3, 3, 3, 3, 3, 3, 3, 3, 3, 3, 3,
            3, 3, 3, 3, 3, 3, 3, 3, 3, 3, 3, 3, 3, 3, 3, 3, 3, 3, 3, 3, 3, 3, 3, 3,
            3, 3, 3, 3, 3, 3, 3, 3, 3, 3, 3, 3, 3, 3, 3, 3, 3, 3, 3, 3, 3, 3, 3, 3,
            3, 3, 3, 3, 3, 3, 3, 3, 3, 3, 3, 3, 3, 3, 3, 3, 3, 3, 3, 3, 3, 3, 3, 3,
            3, 3, 3, 3, 3, 3, 3, 3, 3, 3, 3, 3, 3, 3, 3, 3, 3, 3, 3, 3, 3, 3, 3, 3,
            3, 3, 3, 3, 3, 3, 3, 3, 3, 3, 3, 3, 3, 3, 3, 3, 3, 3, 3, 3, 3, 3, 3, 3,
            3, 3, 3, 3, 3, 3, 3, 3, 3, 3, 3, 3, 3, 3, 3, 3, 3, 3, 3, 3, 3, 3, 3, 3,
            3, 3, 3, 3, 3, 3, 3, 3, 3, 3, 3, 3, 3, 3, 3, 3, 3, 3, 3, 3, 3, 3, 3, 3,
            3, 3, 3, 3, 3, 3, 3, 3, 3, 3, 3, 3, 3, 3, 3, 3, 3, 3, 3, 3, 3, 3, 3, 3,
            3, 3, 3, 3, 3, 3, 3, 3, 3, 3, 3, 3, 3, 3, 3, 3, 3, 3, 3, 3, 3, 3, 3, 3,
            3, 3, 3, 3, 3, 3, 3, 3, 3, 3, 3, 3, 3, 3, 3, 3, 3, 3, 3, 3, 3, 3, 3, 3,
            3, 3, 3, 3, 3, 3, 3, 3, 3, 3, 3, 3, 3, 3, 3, 3, 3, 3, 3, 3, 3, 3, 3, 3,
            3, 3, 3, 3, 3, 3, 3, 3, 3, 3, 3, 3, 3, 3, 3, 3, 3, 3, 3, 3, 3, 3, 3, 3,
            3, 3, 3, 3, 3, 3, 3, 3, 3, 3, 3, 3, 3, 3, 3, 3, 3, 3, 3, 3, 3, 3, 3, 3,
            3, 3, 3, 3, 3, 3, 3, 3, 3, 3, 3, 3, 3, 3, 3, 3, 3, 3, 3, 3, 3, 3, 3, 3,
            3, 3, 3, 3, 3, 3, 3, 3, 3, 3, 3, 3, 3, 3, 3, 3, 3, 3, 3, 3, 3, 3, 3, 3,
            3, 3, 3, 3, 3, 3, 3, 3, 3, 3, 3, 3, 3, 3, 3, 3, 3, 3, 3, 3, 3, 3, 3, 3,
            3, 3, 3, 3, 3, 3, 3, 3, 3, 3, 3, 3, 3, 3, 3, 3, 3, 3, 3, 3, 3, 3, 3, 3,
            3, 3, 3, 3, 3, 3, 3, 3, 3, 3, 3, 3, 3, 3, 3, 3, 3, 3, 3, 3, 3, 3, 3, 3,
            3, 3, 3, 3, 3, 3, 3, 3, 3, 3, 3, 3, 3, 3, 3, 3, 3, 3, 3, 3, 3, 3, 3, 3,
            3, 3, 3, 3, 3, 3, 3, 3, 3, 3, 3, 3, 3, 3, 3, 3, 3, 3, 3, 3, 3, 3, 3, 3,
            3, 3, 3, 3, 3, 3, 3, 3, 3, 3, 3, 3, 3, 3, 3, 3, 3, 3, 3, 3, 3, 3, 3, 3,
            3, 3, 3, 3, 3, 3, 3, 3, 3, 3, 3, 3, 3, 3, 3, 3, 3, 3, 3, 3, 3, 3, 3, 3,
            3, 3, 3, 3, 3, 3, 3, 3, 3, 3, 3, 3, 3, 3, 3, 3, 3, 3, 3, 3, 3, 3, 3, 3,
            3, 3, 3, 3, 3, 3, 3, 3, 3, 3, 3, 3, 3, 3, 3, 3, 3, 3, 3, 3, 3, 3, 3, 3,
            3, 3, 3, 3, 3, 3, 3, 3, 3, 3, 3, 3, 3, 3, 3, 3, 3, 3, 3, 3, 3, 3, 3, 3,
            3, 3, 3, 3, 3, 3, 3, 3, 3, 3, 3, 3, 3, 3, 3, 3, 3, 3, 3, 3, 3, 3, 3, 3,
            3, 3, 3, 3, 3, 3, 3, 3, 3, 3, 3, 3, 3, 3, 3, 3, 3, 3, 3, 3, 3, 3, 3, 3,
            3, 3, 3, 3, 3, 3, 3, 3, 3, 3, 3, 3, 3, 3, 3, 3, 3, 3, 3, 3, 3, 3, 3, 3,
            3, 3, 3, 3, 3, 3, 3, 3, 3, 3, 3, 3, 3, 3, 3, 3, 3, 3, 3, 3, 3, 3, 3, 3,
            3, 3, 3, 3, 3, 3, 3, 3, 3, 3, 3, 3, 3, 3, 3, 3, 3, 3, 3, 3, 3, 3, 3, 3,
            3, 3, 3, 3, 3, 3, 3, 3, 3, 3, 3, 3, 3, 3, 3, 3, 3, 3, 3, 3, 3, 3, 3, 3,
            3, 3, 3, 3, 3, 3, 3, 3, 3, 3, 3, 3, 3, 3, 3, 3, 3, 3, 3, 3, 3, 3, 3, 3,
            3, 3, 3, 3, 3, 3, 3, 3, 3, 3, 3, 3, 3, 3, 3, 3, 3, 3, 3, 3, 3, 3, 3, 3,
            3, 3, 3, 3, 3, 3, 3, 3, 3, 3, 3, 3, 3, 3, 3, 3, 3, 3, 3, 3, 3, 3, 3, 3,
            3, 3, 3, 3, 3, 3, 3, 3, 3, 3, 3, 3, 3, 3, 3, 3, 3, 3, 3, 3, 3, 3, 3, 3,
            3, 3, 3, 3, 3, 3, 3, 3, 3, 3, 3, 3, 3, 3, 3, 3, 3, 3, 3, 3, 3, 3, 3, 3,
            3, 3, 3, 3, 3, 3, 3, 3, 3, 3, 3, 3, 3, 3, 3, 3, 3, 3, 3, 3, 3, 3, 3, 3,
            3, 3, 3, 3, 3, 3, 3, 3, 3, 3, 3, 3, 3, 3, 3, 3, 3, 3, 3, 3, 3, 3, 3, 3,
            3, 3, 3, 3, 3, 3, 3, 3, 3, 3, 3, 3, 3, 3, 3, 3, 3, 3, 3, 3, 3, 3, 3, 3,
            3, 3, 3, 3, 3, 3, 3, 3, 3, 3, 3, 3, 3, 3, 3, 3, 3, 3, 3, 3, 3, 3, 3, 3,
            3, 3, 3, 3, 3, 3, 3, 3, 3, 3, 3, 3, 3, 3, 3, 3, 3, 3, 3, 3, 3, 3, 3, 3,
            3, 3, 3, 3, 3, 3, 3, 3, 3, 3, 3, 3, 3, 3, 3, 3, 3, 3, 3, 3, 3, 3, 3, 3,
            3, 3, 3, 3, 3, 3, 3, 3, 3, 3, 3, 3, 3, 3, 3, 3, 3, 3, 3, 3, 3, 3, 3, 3,
            3, 3, 3, 3, 3, 3, 3, 3, 3, 3, 3, 3, 3, 3, 3, 3, 3, 3, 3, 3, 3, 3, 3, 3,
            3, 3, 3, 3, 3, 3, 3, 3, 3, 3, 3, 3, 3, 3, 3, 3, 3, 3, 3, 3, 3, 3, 3, 3,
            3, 3, 3, 3, 3, 3, 3, 3, 3, 3, 3, 3, 3, 3, 3, 3, 3, 3, 3, 3, 3, 3, 3, 3,
            3, 3, 3, 3, 3, 3, 3, 3, 3, 3, 3, 3, 3, 3, 3, 3, 3, 3, 3, 3, 3, 3, 3, 3,
            3, 3, 3, 3, 3, 3, 3, 3, 3, 3, 3, 3, 3, 3, 3, 3, 3, 3, 3, 3, 3, 3, 3, 3,
            3, 3, 3, 3, 3, 3, 3, 3, 3, 3, 3, 3, 3, 3, 3, 3, 3, 3, 3, 3, 3, 3, 3, 3,
            3, 3, 3, 3, 3, 3, 3, 3, 3, 3, 3, 3, 3, 3, 3, 3, 3, 3, 3, 3, 3, 3, 3, 3,
            3, 3, 3, 3, 3, 3, 3, 3, 3, 3, 3, 3, 3, 3, 3, 3, 3, 3, 3, 3, 3, 3, 3, 3,
            3, 3, 3, 3, 3, 3, 3, 3, 3, 3, 3, 3, 3, 3, 3, 3, 3, 3, 3, 3, 3, 3, 3, 3,
            3, 3, 3, 3, 3, 3, 3, 3, 3, 3, 3, 3, 3, 3, 3, 3, 3, 3, 3, 3, 3, 3, 3, 3,
            3, 3, 3, 3, 3, 3, 3, 3, 3, 3, 3, 3, 3, 3, 3, 3, 3, 3, 3, 3, 3, 3, 3, 3,
            3, 3, 3, 3, 3, 3, 3, 3, 3, 3, 3, 3, 3, 3, 3, 3, 3, 3, 3, 3, 3, 3, 3, 3,
            3, 3, 3, 3, 3, 3, 3, 3, 3, 3, 3, 3, 3, 3, 3, 3, 3, 3, 3, 3, 3, 3, 3, 3,
            3, 3, 3, 3, 3, 3, 3, 3, 3, 3, 3, 3, 3, 3, 3, 3, 3, 3, 3, 3, 3, 3, 3, 3,
            3, 3, 3, 3, 3, 3, 3, 3, 3, 3, 3, 3, 3, 3, 3, 3, 3, 3, 3, 3, 3, 3, 3, 3,
            3, 3, 3, 3, 3, 3, 3, 3, 3, 3, 3, 3, 3, 3, 3, 3, 3, 3, 3, 3, 3, 3, 3, 3,
            3, 3, 3, 3, 3, 3, 3, 3, 3, 3, 3, 3, 3, 3, 3, 3, 3, 3, 3, 3, 3, 3, 3, 3,
            3, 3, 3, 3, 3, 3, 3, 3, 3, 3, 3, 3, 3, 3, 3, 3, 3, 3, 3, 3, 3, 3, 3, 3,
            3, 3, 3, 3, 3, 3, 3, 3, 3, 3, 3, 3, 3, 3, 3, 3, 3, 3, 3, 3, 3, 3, 3, 3,
            3, 3, 3, 3, 3, 3, 3, 3, 3, 3, 3, 3, 3, 3, 3, 3, 3, 3, 3, 3, 3, 3, 3, 3,
            3, 3, 3, 3, 3, 3, 3, 3, 3, 3, 3, 3, 3, 3, 3, 3, 3, 3, 3, 3, 3, 3, 3, 3,
            3, 3, 3, 3, 3, 3, 3, 3, 3, 3, 3, 3, 3, 3, 3, 3, 3, 3, 3, 3, 3, 3, 3, 3,
            3, 3, 3, 3, 3, 3, 3, 3, 3, 3, 3, 3, 3, 3, 3, 3, 3, 3, 3, 3, 3, 3, 3, 3,
            3, 3, 3, 3, 3, 3, 3, 3, 3, 3, 3, 3, 3, 3, 3, 3, 3, 3, 3, 3, 3, 3, 3, 3,
            3, 3, 3, 3, 3, 3, 3, 3, 3, 3, 3, 3, 3, 3, 3, 3, 3, 3, 3, 3, 3, 3, 3, 3,
            3, 3, 3, 3, 3, 3, 3, 3, 3, 3, 3, 3, 3, 3, 3, 3, 3, 3, 3, 3, 3, 3, 3, 3,
            3, 3, 3, 3, 3, 3, 3, 3, 3, 3, 3, 3, 3, 3, 3, 3, 3, 3, 3, 3, 3, 3, 3, 3,
            3, 3, 3, 3, 3, 3, 3, 3, 3, 3, 3, 3, 3, 3, 3, 3, 3, 3, 3, 3, 3, 3, 3, 3,
            3, 3, 3, 3, 3, 3, 3, 3, 3, 3, 3, 3, 3, 3, 3, 3, 3, 3, 3, 3, 3, 3, 3, 3,
            3, 3, 3, 3, 3, 3, 3, 3, 3, 3, 3, 3, 3, 3, 3, 3, 3, 3, 3, 3, 3, 3, 3, 3,
            3, 3, 3, 3, 3, 3, 3, 3, 3, 3, 3, 3, 3, 3, 3, 3, 3, 3, 3, 3, 3, 3, 3, 3,
            3, 3, 3, 3, 3, 3, 3, 3, 3, 3, 3, 3, 3, 3, 3, 3, 3, 3, 3, 3, 3, 3, 3, 3,
            3, 3, 3, 3, 3, 3, 3, 3, 3, 3, 3, 3, 3, 3, 3, 3, 3, 3, 3, 3, 3, 3, 3, 3,
            3, 3, 3, 3, 3, 3, 3, 3, 3, 3, 3, 3, 3, 3, 3, 3, 3, 3, 3, 3, 3, 3, 3, 3,
            3, 3, 3, 3, 3, 3, 3, 3, 3, 3, 3, 3, 3, 3, 3, 3, 3, 3, 3, 3, 3, 3, 3, 3,
            3, 3, 3, 3, 3, 3, 3, 3, 3, 3, 3, 3, 3, 3, 3, 3, 3, 3, 3, 3, 3, 3, 3, 3,
            3, 3, 3, 3, 3, 3, 3, 3, 3, 3, 3, 3, 3, 3, 3, 3, 3, 3, 3, 3, 3, 3, 3, 3,
            3, 3, 3, 3, 3, 3, 3, 3, 3, 3, 3, 3, 3, 3, 3, 3, 3, 3, 3, 3, 3, 3, 3, 3,
            3, 3, 3, 3, 3, 3, 3, 3, 3, 3, 3, 3, 3, 3, 3, 3, 3, 3, 3, 3, 3, 3, 3, 3,
            3, 3, 3, 3, 3, 3, 3, 3, 3, 3, 3, 3, 3, 3, 3, 3, 3, 3, 3, 3, 3, 3, 3, 3,
            3, 3, 3, 3, 3, 3, 3, 3, 3, 3, 3, 3, 3, 3, 3, 3, 3, 3, 3, 3, 3, 3, 3, 3,
            3, 3, 3, 3, 3, 3, 3, 3, 3, 3, 3, 3, 3, 3, 3, 3, 3, 3, 3, 3, 3, 3, 3, 3,
            3, 3, 3, 3, 3, 3, 3, 3, 3, 3, 3, 3, 3, 3, 3, 3, 3, 3, 3, 3, 3, 3, 3, 3,
            3, 3, 3, 3, 3, 3, 3, 3, 3, 3, 3, 3, 3, 3, 3, 3, 3, 3, 3, 3, 3, 3, 3, 3,
            3, 3, 3, 3, 3, 3, 3, 3, 3, 3, 3, 3, 3, 3, 3, 3, 3, 3, 3, 3, 3, 3, 3, 3,
            3, 3, 3, 3, 3, 3, 3, 3, 3, 3, 3, 3, 3, 3, 3, 3, 3, 3, 3, 3, 3, 3, 3, 3,
            3, 3, 3, 3, 3, 3, 3, 3, 3, 3, 3, 3, 3, 3, 3, 3, 3, 3, 3, 3, 3, 3, 3, 3,
            3, 3, 3, 3, 3, 3, 3, 3, 3, 3, 3, 3, 3, 3, 3, 3, 3, 3, 3, 3, 3, 3, 3, 3,
            3, 3, 3, 3, 3, 3, 3, 3, 3, 3, 3, 3, 3, 3, 3, 3, 3, 3, 3, 3, 3, 3, 3, 3,
            3, 3, 3, 3, 3, 3, 3, 3, 3, 3, 3, 3, 3, 3, 3, 3, 3, 3, 3, 3, 3, 3, 3, 3,
            3, 3, 3, 3, 3, 3, 3, 3, 3, 3, 3, 3, 3, 3, 3, 3, 3, 3, 3, 3, 3, 3, 3, 3,
            3, 3, 3, 3, 3, 3, 3, 3, 3, 3, 3, 3, 3, 3, 3, 3, 3, 3, 3, 3, 3, 3, 3, 3,
            3, 3, 3, 3, 3, 3, 3, 3, 3, 3, 3, 3, 3, 3, 3, 3, 3, 3, 3, 3, 3, 3, 3, 3,
            3, 3, 3, 3, 3, 3, 3, 3, 3, 3, 3, 3, 3, 3, 3, 3, 3, 3, 3, 3, 3, 3, 3, 3,
            3, 3, 3, 3, 3, 3, 3, 3, 3, 3, 3, 3, 3, 3, 3, 3, 3, 3, 3, 3, 3, 3, 3, 3,
            3, 3, 3, 3, 3, 3, 3, 3, 3, 3, 3, 3, 3, 3, 3, 3, 3, 3, 3, 3, 3, 3, 3, 3,
            3, 3, 3, 3, 3, 3, 3, 3, 3, 3, 3, 3, 3, 3, 3, 3, 3, 3, 3, 3, 3, 3, 3, 3,
            3, 3, 3, 3, 3, 3, 3, 3, 3, 3, 3, 3, 3, 3, 3, 3, 3, 3, 3, 3, 3, 3, 3, 3,
            3, 3, 3, 3, 3, 3, 3, 3, 3, 3, 3, 3, 3, 3, 3, 3, 3, 3, 3, 3, 3, 3, 3, 3,
            3, 3, 3, 3, 3, 3, 3, 3, 3, 3, 3, 3, 3, 3, 3, 3, 3, 3, 3, 3, 3, 3, 3, 3,
            3, 3, 3, 3, 3, 3, 3, 3, 3, 3, 3, 3, 3, 3, 3, 3, 3, 3, 3, 3, 3, 3, 3, 3,
            3, 3, 3, 3, 3, 3, 3, 3, 3, 3, 3, 3, 3, 3, 3, 3, 3, 3, 3, 3, 3, 3, 3, 3,
            3, 3, 3, 3, 3, 3, 3, 3, 3, 3, 3, 3, 3, 3, 3, 3, 3, 3, 3, 3, 3, 3, 3, 3,
            3, 3, 3, 3, 3, 3, 3, 3, 3, 3, 3, 3, 3, 3, 3, 3, 3, 3, 3, 3, 3, 3, 3, 3,
            3, 3, 3, 3, 3, 3, 3, 3, 3, 3, 3, 3, 3, 3, 3, 3, 3, 3, 3, 3, 3, 3, 3, 3,
            3, 3, 3, 3, 3, 3, 3, 3, 3, 3, 3, 3, 3, 3, 3, 3, 3, 3, 3, 3, 3, 3, 3, 3,
            3, 3, 3, 3, 3, 3, 3, 3, 3, 3, 3, 3, 3, 3, 3, 3, 3, 3, 3, 3, 3, 3, 3, 3,
            3, 3, 3, 3, 3, 3, 3, 3, 3, 3, 3, 3, 3, 3, 3, 3, 3, 3, 3, 3, 3, 3, 3, 3,
            3, 3, 3, 3, 3, 3, 3, 3, 3, 3, 3, 3, 3, 3, 3, 3, 3, 3, 3, 3, 3, 3, 3, 3,
            3, 3, 3, 3, 3, 3, 3, 3, 3, 3, 3, 3, 3, 3, 3, 3, 3, 3, 3, 3, 3, 3, 3, 3,
            3, 3, 3, 3, 3, 3, 3, 3, 3, 3, 3, 3, 3, 3, 3, 3, 3, 3, 3, 3, 3, 3, 3, 3,
            3, 3, 3, 3, 3, 3, 3, 3, 3, 3, 3, 3, 3, 3, 3, 3, 3, 3, 3, 3, 3, 3, 3, 3,
            3, 3, 3, 3, 3, 3, 3, 3, 3, 3, 3, 3, 3, 3, 3, 3, 3, 3, 3, 3, 3, 3, 3, 3,
            3, 3, 3, 3, 3, 3, 3, 3, 3, 3, 3, 3, 3, 3, 3, 3, 3, 3, 3, 3, 3, 3, 3, 3,
            3, 3, 3, 3, 3, 3, 3, 3, 3, 3, 3, 3, 3, 3, 3, 3, 3, 3, 3, 3, 3, 3, 3, 3,
            3, 3, 3, 3, 3, 3, 3, 3, 3, 3, 3, 3, 3, 3, 3, 3, 3, 3, 3, 3, 3, 3, 3, 3,
            3, 3, 3, 3, 3, 3, 3, 3, 3, 3, 3, 3, 3, 3, 3, 3, 3, 3, 3, 3, 3, 3, 3, 3,
            3, 3, 3, 3, 3, 3, 3, 3, 3, 3, 3, 3, 3, 3, 3, 3, 3, 3, 3, 3, 3, 3, 3, 3,
            3, 3, 3, 3, 3, 3, 3, 3, 3, 3, 3, 3, 3, 3, 3, 3, 3, 3, 3, 3, 3, 3, 3, 3,
            3, 3, 3, 3, 3, 3, 3, 3, 3, 3, 3, 3, 3, 3, 3, 3, 3, 3, 3, 3, 3, 3, 3, 3,
            3, 3, 3, 3, 3, 3, 3, 3, 3, 3, 3, 3, 3, 3, 3, 3, 3, 3, 3, 3, 3, 3, 3, 3,
            3, 3, 3, 3, 3, 3, 3, 3, 3, 3, 3, 3, 3, 3, 3, 3, 3, 3, 3, 3, 3, 3, 3, 3,
            3, 3, 3, 3, 3, 3, 3, 3, 3, 3, 3, 3, 3, 3, 3, 3, 3, 3, 3, 3, 3, 3, 3, 3,
            3, 3, 3, 3, 3, 3, 3, 3, 3, 3, 3, 3, 3, 3, 3, 3, 3, 3, 3, 3, 3, 3, 3, 3,
            3, 3, 3, 3, 3, 3, 3, 3, 3, 3, 3, 3, 3, 3, 3, 3, 3, 3, 3, 3, 3, 3, 3, 3,
            3, 3, 3, 3, 3, 3, 3, 3, 3, 3, 3, 3, 3, 3, 3, 3, 3, 3, 3, 3, 3, 3, 3, 3,
            3, 3, 3, 3, 3, 3, 3, 3, 3, 3, 3, 3, 3, 3, 3, 3, 3, 3, 3, 3, 3, 3, 3, 3,
            3, 3, 3, 3, 3, 3, 3, 3, 3, 3, 3, 3, 3, 3, 3, 3, 3, 3, 3, 3, 3, 3, 3, 3,
            3, 3, 3, 3, 3, 3, 3, 3, 3, 3, 3, 3, 3, 3, 3, 3, 3, 3, 3, 3, 3, 3, 3, 3,
            3, 3, 3, 3, 3, 3, 3, 3, 3, 3, 3, 3, 3, 3, 3, 3, 3, 3, 3, 3, 3, 3, 3, 3,
            3, 3, 3, 3, 3, 3, 3, 3, 3, 3, 3, 3, 3, 3, 3, 3, 3, 3, 3, 3, 3, 3, 3, 3,
            3, 3, 3, 3, 3, 3, 3, 3, 3, 3, 3, 3, 3, 3, 3, 3, 3, 3, 3, 3, 3, 3, 3, 3,
            3, 3, 3, 3, 3, 3, 3, 3, 3, 3, 3, 3, 3, 3, 3, 3, 3, 3, 3, 3, 3, 3, 3, 3,
            3, 3, 3, 3, 3, 3, 3, 3, 3, 3, 3, 3, 3, 3, 3, 3, 3, 3, 3, 3, 3, 3, 3, 3,
            3, 3, 3, 3, 3, 3, 3, 3, 3, 3, 3, 3, 3, 3, 3, 3, 3, 3, 3, 3, 3, 3, 3, 3,
            3, 3, 3, 3, 3, 3, 3, 3, 3, 3, 3, 3, 3, 3, 3, 3, 3, 3, 3, 3, 3, 3, 3, 3,
            3, 3, 3, 3, 3, 3, 3, 3, 3, 3, 3, 3, 3, 3, 3, 3, 3, 3, 3, 3, 3, 3, 3, 3,
            3, 3, 3, 3, 3, 3, 3, 3, 3, 3, 3, 3, 3, 3, 3, 3, 3, 3, 3, 3, 3, 3, 3, 3,
            3, 3, 3, 3, 3, 3, 3, 3, 3, 3, 3, 3, 3, 3, 3, 3, 3, 3, 3, 3, 3, 3, 3, 3,
            3, 3, 3, 3, 3, 3, 3, 3, 3, 3, 3, 3, 3, 3, 3, 3, 3, 3, 3, 3, 3, 3, 3, 3,
            3, 3, 3, 3, 3, 3, 3, 3, 3, 3, 3, 3, 3, 3, 3, 3, 3, 3, 3, 3, 3, 3, 3, 3,
            3, 3, 3, 3, 3, 3, 3, 3, 3, 3, 3, 3, 3, 3, 3, 3, 3, 3, 3, 3, 3, 3, 3, 3,
            3, 3, 3, 3, 3, 3, 3, 3, 3, 3, 3, 3, 3, 3, 3, 3, 3, 3, 3, 3, 3, 3, 3, 3,
            3, 3, 3, 3, 3, 3, 3, 3, 3, 3, 3, 3, 3, 3, 3, 3, 3, 3, 3, 3, 3, 3, 3, 3,
            3, 3, 3, 3, 3, 3, 3, 3, 3, 3, 3, 3, 3, 3, 3, 3, 3, 3, 3, 3, 3, 3, 3, 3,
            3, 3, 3, 3, 3, 3, 3, 3, 3, 3, 3, 3, 3, 3, 3, 3, 3, 3, 3, 3, 3, 3, 3, 3,
            3, 3, 3, 3, 3, 3, 3, 3, 3, 3, 3, 3, 3, 3, 3, 3, 3, 3, 3, 3, 3, 3, 3, 3,
            3, 3, 3, 3, 3, 3, 3, 3, 3, 3, 3, 3, 3, 3, 3, 3, 3, 3, 3, 3, 3, 3, 3, 3,
            3, 3, 3, 3, 3, 3, 3, 3, 3, 3, 3, 3, 3, 3, 3, 3, 3, 3, 3, 3, 3, 3, 3, 3,
            3, 3, 3, 3, 3, 3, 3, 3, 3, 3, 3, 3, 3, 3, 3, 3, 3, 3, 3, 3, 3, 3, 3, 3,
            3, 3, 3, 3, 3, 3, 3, 3, 3, 3, 3, 3, 3, 3, 3, 3, 3, 3, 3, 3, 3, 3, 3, 3,
            3, 3, 3, 3, 3, 3, 3, 3, 3, 3, 3, 3, 3, 3, 3, 3, 3, 3, 3, 3, 3, 3, 3, 3,
            3, 3, 3, 3, 3, 3, 3, 3, 3, 3, 3, 3, 3, 3, 3, 3, 3, 3, 3, 3, 3, 3, 3, 3,
            3, 3, 3, 3, 3, 3, 3, 3, 3, 3, 3, 3, 3, 3, 3, 3, 3, 3, 3, 3, 3, 3, 3, 3,
            3, 3, 3, 3, 3, 3, 3, 3, 3, 3, 3, 3, 3, 3, 3, 3, 3, 3, 3, 3, 3, 3, 3, 3,
            3, 3, 3, 3, 3, 3, 3, 3, 3, 3, 3, 3, 3, 3, 3, 3, 3, 3, 3, 3, 3, 3, 3, 3,
            3, 3, 3, 3, 3, 3, 3, 3, 3, 3, 3, 3, 3, 3, 3, 3, 3, 3, 3, 3, 3, 3, 3, 3,
            3, 3, 3, 3, 3, 3, 3, 3, 3, 3, 3, 3, 3, 3, 3, 3, 3, 3, 3, 3, 3, 3, 3, 3,
            3, 3, 3, 3, 3, 3, 3, 3, 3, 3, 3, 3, 3, 3, 3, 3, 3, 3, 3, 3, 3, 3, 3, 3,
            3, 3, 3, 3, 3, 3, 3, 3, 3, 3, 3, 3, 3, 3, 3, 3, 3, 3, 3, 3, 3, 3, 3, 3,
            3, 3, 3, 3, 3, 3, 3, 3, 3, 3, 3, 3, 3, 3, 3, 3, 3, 3, 3, 3, 3, 3, 3, 3,
            3, 3, 3, 3, 3, 3, 3, 3, 3, 3, 3, 3, 3, 3, 3, 3, 3, 3, 3, 3, 3, 3, 3, 3,
            3, 3, 3, 3, 3, 3, 3, 3, 3, 3, 3, 3, 3, 3, 3, 3, 3, 3, 3, 3, 3, 3, 3, 3,
            3, 3, 3, 3, 3, 3, 3, 3, 3, 3, 3, 3, 3, 3, 3, 3, 3, 3, 3, 3, 3, 3, 3, 3,
            3, 3, 3, 3, 3, 3, 3, 3, 3, 3, 3, 3, 3, 3, 3, 3, 3, 3, 3, 3, 3, 3, 3, 3,
            3, 3, 3, 3, 3, 3, 3, 3, 3, 3, 3, 3, 3, 3, 3, 3, 3, 3, 3, 3, 3, 3, 3, 3,
            3, 3, 3, 3, 3, 3, 3, 3, 3, 3, 3, 3, 3, 3, 3, 3, 3, 3, 3, 3, 3, 3, 3, 3,
            3, 3, 3, 3, 3, 3, 3, 3, 3, 3, 3, 3, 3, 3, 3, 3, 3, 3, 3, 3, 3, 3, 3, 3,
            3, 3, 3, 3, 3, 3, 3, 3, 3, 3, 3, 3, 3, 3, 3, 3, 3, 3, 3, 3, 3, 3, 3, 3,
            3, 3, 3, 3, 3, 3, 3, 3, 3, 3, 3, 3, 3, 3, 3, 3, 3, 3, 3, 3, 3, 3, 3, 3,
            3, 3, 3, 3, 3, 3, 3, 3, 3, 3, 3, 3, 3, 3, 3, 3, 3, 3, 3, 3, 3, 3, 3, 3,
            3, 3, 3, 3, 3, 3, 3, 3, 3, 3, 3, 3, 3, 3, 3, 3, 3, 3, 3, 3, 3, 3, 3, 3,
            3, 3, 3, 3, 3, 3, 3, 3, 3, 3, 3, 3, 3, 3, 3, 3, 3, 3, 3, 3, 3, 3, 3, 3,
            3, 3, 3, 3, 3, 3, 3, 3, 3, 3, 3, 3, 3, 3, 3, 3, 3, 3, 3, 3, 3, 3, 3, 3,
            3, 3, 3, 3, 3, 3, 3, 3, 3, 3, 3, 3, 3, 3, 3, 3, 3, 3, 3, 3, 3, 3, 3, 3,
            3, 3, 3, 3, 3, 3, 3, 3, 3, 3, 3, 3, 3, 3, 3, 3, 3, 3, 3, 3, 3, 3, 3, 3,
            3, 3, 3, 3, 3, 3, 3, 3, 3, 3, 3, 3, 3, 3, 3, 3, 3, 3, 3, 3, 3, 3, 3, 3,
            3, 3, 3, 3, 3, 3, 3, 3, 3, 3, 3, 3, 3, 3, 3, 3, 3, 3, 3, 3, 3, 3, 3, 3,
            3, 3, 3, 3, 3, 3, 3, 3, 3, 3, 3, 3, 3, 3, 3, 3, 3, 3, 3, 3, 3, 3, 3, 3,
            3, 3, 3, 3, 3, 3, 3, 3, 3, 3, 3, 3, 3, 3, 3, 3, 3, 3, 3, 3, 3, 3, 3, 3,
            3, 3, 3, 3, 3, 3, 3, 3, 3, 3, 3, 3, 3, 3, 3, 3, 3, 3, 3, 3, 3, 3, 3, 3,
            3, 3, 3, 3, 3, 3, 3, 3, 3, 3, 3, 3, 3, 3, 3, 3, 3, 3, 3, 3, 3, 3, 3, 3,
            3, 3, 3, 3, 3, 3, 3, 3, 3, 3, 3, 3, 3, 3, 3, 3, 3, 3, 3, 3, 3, 3, 3, 3,
            3, 3, 3, 3, 3, 3, 3, 3, 3, 3, 3, 3, 3, 3, 3, 3, 3, 3, 3, 3, 3, 3, 3, 3,
            3, 3, 3, 3, 3, 3, 3, 3, 3, 3, 3, 3, 3, 3, 3, 3, 3, 3, 3, 3, 3, 3, 3, 3,
            3, 3, 3, 3, 3, 3, 3, 3, 3, 3, 3, 3, 3, 3, 3, 3, 3, 3, 3, 3, 3, 3, 3, 3,
            3, 3, 3, 3, 3, 3, 3, 3, 3, 3, 3, 3, 3, 3, 3, 3, 3, 3, 3, 3, 3, 3, 3, 3,
            3, 3, 3, 3, 3, 3, 3, 3, 3, 3, 3, 3, 3, 3, 3, 3, 3, 3, 3, 3, 3, 3, 3, 3,
            3, 3, 3, 3, 3, 3, 3, 3, 3, 3, 3, 3, 3, 3, 3, 3, 3, 3, 3, 3, 3, 3, 3, 3,
            3, 3, 3, 3, 3, 3, 3, 3, 3, 3, 3, 3, 3, 3, 3, 3, 3, 3, 3, 3, 3, 3, 3, 3,
            3, 3, 3, 3, 3, 3, 3, 3, 3, 3, 3, 3, 3, 3, 3, 3, 3, 3, 3, 3, 3, 3, 3, 3,
            3, 3, 3, 3, 3, 3, 3, 3, 3, 3, 3, 3, 3, 3, 3, 3, 3, 3, 3, 3, 3, 3, 3, 3,
            3, 3, 3, 3, 3, 3, 3, 3, 3, 3, 3, 3, 3, 3, 3, 3, 3, 3, 3, 3, 3, 3, 3, 3,
            3, 3, 3, 3, 3, 3, 3, 3, 3, 3, 3, 3, 3, 3, 3, 3, 3, 3, 3, 3, 3, 3, 3, 3,
            3, 3, 3, 3, 3, 3, 3, 3, 3, 3, 3, 3, 3, 3, 3, 3, 3, 3, 3, 3, 3, 3, 3, 3,
            3, 3, 3, 3, 3, 3, 3, 3, 3, 3, 3, 3, 3, 3, 3, 3, 3, 3, 3, 3, 3, 3, 3, 3,
            3, 3, 3, 3, 3, 3, 3, 3, 3, 3, 3, 3, 3, 3, 3, 3, 3, 3, 3, 3, 3, 3, 3, 3,
            3, 3, 3, 3, 3, 3, 3, 3, 3, 3, 3, 3, 3, 3, 3, 3, 3, 3, 3, 3, 3, 3, 3, 3,
            3, 3, 3, 3, 3, 3, 3, 3, 3, 3, 3, 3, 3, 3, 3, 3, 3, 3, 3, 3, 3, 3, 3, 3,
            3, 3, 3, 3, 3, 3, 3, 3, 3, 3, 3, 3, 3, 3, 3, 3, 3, 3, 3, 3, 3, 3, 3, 3,
            3, 3, 3, 3, 3, 3, 3, 3, 3, 3, 3, 3, 3, 3, 3, 3, 3, 3, 3, 3, 3, 3, 3, 3,
            3, 3, 3, 3, 3, 3, 3, 3, 3, 3, 3, 3, 3, 3, 3, 3, 3, 3, 3, 3, 3, 3, 3, 3,
            3, 3, 3, 3, 3, 3, 3, 3, 3, 3, 3, 3, 3, 3, 3, 3, 3, 3, 3, 3, 3, 3, 3, 3,
            3, 3, 3, 3, 3, 3, 3, 3, 3, 3, 3, 3, 3, 3, 3, 3, 3, 3, 3, 3, 3, 3, 3, 3,
            3, 3, 3, 3, 3, 3, 3, 3, 3, 3, 3, 3, 3, 3, 3, 3, 3, 3, 3, 3, 3, 3, 3, 3,
            3, 3, 3, 3, 3, 3, 3, 3, 3, 3, 3, 3, 3, 3, 3, 3, 3, 3, 3, 3, 3, 3, 3, 3,
            3, 3, 3, 3, 3, 3, 3, 3, 3, 3, 3, 3, 3, 3, 3, 3, 3, 3, 3, 3, 3, 3, 3, 3,
            3, 3, 3, 3, 3, 3, 3, 3, 3, 3, 3, 3, 3, 3, 3, 3, 3, 3, 3, 3, 3, 3, 3, 3,
            3, 3, 3, 3, 3, 3, 3, 3, 3, 3, 3, 3, 3, 3, 3, 3, 3, 3, 3, 3, 3, 3, 3, 3,
            3, 3, 3, 3, 3, 3, 3, 3, 3, 3, 3, 3, 3, 3, 3, 3, 3, 3, 3, 3, 3, 3, 3, 3,
            3, 3, 3, 3, 3, 3, 3, 3
        ]
        int[] faceVertexIndices = [
            0, 1, 2, 3, 4, 5, 6, 7, 8, 1, 0, 9, 10, 11, 12, 13, 6, 8, 11, 10, 14, 15, 9, 0,
            16, 15, 0, 17, 9, 15, 18, 4, 19, 17, 20, 21, 22, 21, 20, 23, 24, 25, 26, 27, 22, 28, 19, 29,
            14, 30, 31, 22, 27, 21, 11, 14, 32, 24, 23, 33, 17, 15, 16, 23, 34, 33, 16, 20, 17, 29, 35, 36,
            16, 37, 20, 4, 29, 19, 38, 37, 16, 6, 39, 7, 29, 4, 35, 37, 38, 40, 6, 41, 39, 30, 39, 31,
            42, 4, 3, 27, 26, 43, 24, 33, 8, 13, 8, 33, 26, 44, 43, 45, 44, 26, 26, 46, 45, 47, 31, 39,
            48, 33, 34, 20, 26, 22, 26, 20, 37, 49, 42, 50, 49, 51, 42, 33, 48, 13, 26, 37, 46, 39, 41, 47,
            43, 44, 52, 35, 4, 51, 14, 31, 32, 53, 13, 48, 44, 45, 54, 4, 42, 51, 13, 53, 55, 54, 52, 44,
            56, 52, 54, 57, 32, 31, 53, 48, 58, 46, 37, 40, 59, 51, 49, 57, 60, 61, 46, 40, 62, 31, 47, 57,
            63, 57, 47, 46, 62, 64, 65, 64, 62, 66, 6, 13, 63, 60, 57, 41, 6, 66, 45, 64, 54, 54, 64, 67,
            67, 64, 68, 59, 69, 51, 57, 61, 32, 64, 45, 46, 70, 58, 71, 65, 72, 64, 65, 62, 73, 74, 70, 71,
            75, 61, 76, 47, 41, 77, 70, 53, 58, 72, 68, 64, 78, 63, 47, 47, 77, 78, 65, 73, 72, 70, 55, 53,
            55, 70, 79, 80, 81, 82, 83, 72, 84, 85, 72, 83, 86, 83, 87, 83, 86, 88, 89, 82, 81, 90, 89, 81,
            54, 91, 92, 66, 13, 55, 93, 91, 94, 93, 94, 95, 66, 77, 41, 66, 96, 77, 97, 91, 93, 78, 98, 63,
            60, 63, 98, 66, 55, 96, 95, 99, 93, 99, 100, 93, 55, 79, 96, 101, 90, 81, 102, 78, 103, 81, 104, 101,
            78, 102, 98, 105, 99, 95, 106, 98, 102, 104, 107, 101, 105, 108, 99, 54, 109, 56, 92, 109, 54, 67, 91, 54,
            101, 107, 110, 67, 94, 91, 79, 70, 74, 94, 67, 68, 74, 111, 79, 79, 111, 112, 68, 113, 94, 77, 96, 114,
            115, 116, 117, 118, 115, 117, 77, 114, 119, 120, 121, 108, 111, 122, 123, 120, 124, 125, 114, 96, 112, 119, 78, 77,
            118, 126, 115, 100, 99, 121, 127, 114, 112, 99, 108, 121, 124, 120, 108, 112, 96, 79, 125, 128, 129, 128, 125, 124,
            127, 119, 114, 130, 131, 128, 124, 130, 128, 131, 130, 132, 133, 132, 130, 119, 103, 78, 117, 28, 134, 135, 105, 95,
            123, 112, 111, 118, 134, 136, 118, 117, 134, 119, 127, 137, 138, 112, 123, 112, 138, 127, 113, 68, 85, 103, 119, 137,
            139, 126, 118, 139, 140, 126, 123, 122, 138, 141, 113, 85, 68, 72, 85, 113, 95, 94, 113, 135, 95, 113, 141, 135,
            142, 138, 122, 143, 105, 135, 137, 138, 142, 144, 61, 60, 141, 88, 145, 88, 85, 83, 76, 61, 146, 141, 85, 88,
            134, 28, 29, 146, 61, 144, 147, 134, 29, 36, 147, 29, 144, 60, 98, 134, 147, 136, 148, 149, 150, 151, 145, 88,
            86, 151, 88, 150, 149, 152, 146, 144, 153, 154, 152, 149, 155, 156, 139, 141, 143, 135, 143, 141, 145, 157, 158, 159,
            143, 145, 160, 139, 118, 136, 158, 157, 161, 162, 160, 145, 155, 139, 136, 136, 163, 155, 164, 161, 157, 163, 136, 147,
            106, 153, 144, 153, 106, 165, 148, 157, 159, 106, 144, 98, 148, 164, 157, 166, 108, 105, 105, 143, 166, 163, 167, 155,
            150, 164, 148, 124, 108, 168, 166, 168, 108, 124, 168, 130, 169, 158, 161, 168, 170, 130, 171, 106, 102, 106, 171, 172,
            130, 170, 133, 170, 173, 133, 169, 161, 174, 106, 172, 165, 139, 175, 140, 175, 139, 82, 176, 146, 153, 170, 168, 177,
            139, 80, 82, 169, 174, 178, 178, 174, 179, 156, 80, 139, 143, 160, 166, 166, 180, 168, 160, 180, 166, 181, 180, 160,
            80, 156, 104, 177, 182, 170, 165, 183, 153, 156, 155, 104, 180, 177, 168, 161, 164, 184, 153, 183, 185, 186, 184, 164,
            187, 180, 181, 188, 189, 190, 152, 191, 150, 187, 177, 180, 192, 177, 187, 191, 186, 164, 191, 164, 150, 193, 177, 192,
            194, 104, 195, 196, 151, 86, 81, 80, 104, 197, 198, 199, 184, 174, 161, 194, 107, 104, 198, 188, 199, 200, 151, 196,
            179, 174, 201, 200, 196, 202, 188, 203, 199, 204, 203, 188, 184, 201, 174, 145, 205, 162, 199, 203, 206, 207, 163, 147,
            162, 205, 208, 200, 145, 151, 145, 200, 205, 209, 201, 184, 210, 205, 200, 203, 211, 206, 210, 200, 202, 184, 186, 209,
            205, 210, 208, 212, 208, 210, 163, 213, 214, 214, 167, 163, 190, 215, 216, 217, 210, 202, 210, 217, 212, 36, 35, 218,
            69, 218, 35, 219, 220, 154, 221, 187, 181, 190, 204, 188, 207, 147, 36, 220, 222, 154, 218, 207, 36, 190, 216, 204,
            187, 221, 192, 222, 220, 223, 51, 69, 35, 192, 221, 224, 216, 225, 204, 226, 224, 221, 224, 226, 227, 228, 225, 216,
            229, 207, 218, 160, 162, 181, 220, 230, 223, 231, 204, 225, 181, 162, 232, 232, 221, 181, 228, 233, 225, 234, 235, 230,
            223, 230, 235, 213, 163, 207, 213, 207, 229, 208, 232, 162, 226, 221, 232, 229, 218, 69, 233, 228, 236, 186, 191, 237,
            232, 208, 238, 222, 237, 191, 237, 222, 239, 240, 241, 229, 204, 231, 203, 203, 231, 211, 212, 238, 208, 240, 69, 59,
            242, 238, 212, 69, 240, 229, 217, 242, 212, 59, 178, 240, 231, 225, 233, 186, 237, 209, 238, 242, 243, 238, 226, 232,
            178, 244, 240, 244, 178, 245, 231, 246, 211, 247, 226, 238, 206, 248, 197, 239, 209, 237, 243, 247, 238, 213, 229, 241,
            249, 226, 247, 249, 227, 226, 239, 250, 209, 251, 249, 247, 206, 252, 248, 253, 248, 252, 213, 241, 214, 197, 199, 206,
            242, 254, 243, 244, 241, 240, 255, 256, 250, 241, 257, 214, 255, 250, 239, 258, 254, 242, 239, 259, 255, 155, 167, 195,
            155, 195, 104, 247, 243, 260, 247, 260, 251, 259, 261, 262, 263, 253, 264, 265, 264, 253, 253, 266, 265, 191, 152, 222,
            243, 254, 267, 252, 266, 253, 152, 154, 222, 243, 267, 260, 268, 266, 252, 260, 267, 263, 267, 253, 263, 260, 269, 251,
            167, 270, 195, 269, 260, 263, 271, 206, 211, 239, 222, 223, 272, 239, 223, 252, 206, 271, 252, 271, 268, 195, 273, 194,
            107, 194, 273, 246, 271, 211, 273, 274, 107, 275, 223, 235, 276, 277, 278, 271, 279, 268, 195, 270, 273, 278, 277, 280,
            272, 223, 275, 281, 282, 283, 284, 281, 283, 285, 281, 286, 287, 285, 286, 259, 239, 272, 257, 167, 214, 259, 272, 261,
            288, 265, 266, 257, 25, 270, 167, 257, 270, 281, 289, 290, 286, 281, 290, 268, 288, 266, 291, 290, 289, 292, 288, 268,
            179, 201, 293, 284, 294, 295, 284, 283, 294, 295, 296, 284, 268, 279, 292, 293, 201, 297, 298, 293, 297, 281, 284, 296,
            295, 276, 296, 278, 296, 276, 299, 300, 273, 236, 301, 233, 302, 273, 270, 297, 201, 209, 301, 236, 176, 299, 273, 302,
            297, 209, 256, 250, 256, 209, 302, 303, 299, 296, 278, 304, 233, 301, 305, 304, 289, 296, 291, 304, 306, 307, 301, 176,
            302, 270, 25, 281, 296, 289, 24, 303, 302, 302, 25, 24, 291, 289, 304, 305, 231, 233, 256, 308, 297, 309, 286, 310,
            25, 257, 23, 305, 246, 231, 310, 286, 311, 71, 58, 297, 312, 49, 50, 313, 310, 314, 314, 315, 316, 308, 71, 297,
            158, 49, 312, 290, 311, 286, 49, 158, 59, 317, 246, 305, 318, 158, 312, 159, 158, 318, 311, 290, 319, 319, 290, 320,
            311, 314, 310, 256, 255, 308, 311, 321, 314, 314, 321, 315, 169, 59, 158, 315, 2, 316, 2, 315, 322, 321, 311, 319,
            307, 323, 324, 322, 315, 321, 255, 259, 262, 317, 305, 324, 262, 308, 255, 325, 326, 317, 262, 327, 308, 305, 301, 324,
            324, 301, 307, 2, 322, 0, 328, 0, 322, 328, 329, 38, 38, 0, 328, 324, 325, 317, 330, 74, 71, 324, 331, 325,
            71, 308, 330, 323, 331, 324, 16, 0, 38, 280, 332, 333, 332, 280, 334, 308, 327, 330, 335, 333, 332, 271, 246, 279,
            333, 335, 336, 38, 329, 337, 337, 329, 338, 339, 330, 340, 279, 341, 342, 337, 338, 343, 288, 292, 344, 339, 74, 330,
            74, 339, 111, 335, 345, 336, 342, 292, 279, 111, 339, 122, 346, 347, 345, 348, 345, 335, 230, 349, 234, 346, 345, 348,
            350, 343, 338, 348, 351, 346, 352, 344, 292, 337, 40, 38, 341, 353, 342, 337, 343, 40, 354, 235, 234, 116, 351, 355,
            116, 346, 351, 352, 292, 342, 343, 356, 40, 357, 354, 234, 342, 353, 352, 358, 355, 351, 357, 359, 354, 356, 62, 40,
            280, 304, 278, 350, 338, 360, 361, 304, 280, 353, 362, 352, 363, 362, 353, 304, 361, 306, 280, 333, 361, 317, 279, 246,
            350, 356, 343, 350, 364, 356, 360, 365, 350, 354, 366, 235, 275, 235, 366, 326, 341, 317, 279, 317, 341, 366, 354, 367,
            291, 368, 369, 306, 368, 291, 336, 361, 333, 361, 336, 370, 371, 62, 356, 372, 261, 272, 370, 306, 361, 370, 373, 306,
            275, 372, 272, 374, 326, 325, 356, 375, 371, 341, 326, 363, 366, 372, 275, 373, 368, 306, 363, 326, 374, 376, 261, 372,
            364, 375, 356, 363, 353, 341, 377, 373, 370, 373, 377, 378, 365, 364, 350, 368, 373, 378, 354, 359, 367, 379, 364, 365,
            375, 364, 379, 185, 307, 176, 176, 153, 185, 323, 307, 185, 320, 380, 319, 369, 380, 320, 381, 367, 359, 380, 369, 382,
            381, 359, 383, 384, 328, 322, 385, 386, 375, 329, 328, 384, 386, 371, 375, 380, 321, 319, 103, 137, 387, 379, 385, 375,
            384, 321, 380, 384, 322, 321, 137, 388, 387, 372, 389, 376, 137, 127, 138, 384, 380, 382, 376, 389, 390, 360, 391, 365,
            392, 384, 382, 391, 393, 365, 394, 390, 389, 329, 384, 338, 384, 392, 338, 365, 393, 379, 395, 394, 389, 367, 372, 366,
            372, 367, 389, 381, 389, 367, 391, 90, 393, 360, 338, 392, 381, 395, 389, 320, 290, 291, 291, 369, 320, 103, 387, 102,
            369, 368, 396, 387, 171, 102, 381, 383, 397, 369, 396, 382, 371, 73, 62, 371, 84, 73, 368, 382, 396, 398, 397, 383,
            368, 378, 399, 399, 382, 368, 397, 395, 381, 171, 387, 400, 72, 73, 84, 382, 401, 392, 400, 387, 388, 84, 371, 386,
            402, 378, 377, 142, 403, 137, 403, 142, 404, 378, 402, 399, 84, 386, 405, 137, 403, 388, 406, 402, 377, 395, 397, 407,
            388, 403, 408, 402, 406, 140, 397, 409, 407, 409, 397, 398, 403, 404, 408, 410, 386, 385, 411, 407, 409, 386, 410, 405,
            83, 84, 87, 84, 405, 87, 382, 399, 401, 412, 357, 234, 399, 413, 401, 414, 415, 400, 87, 416, 86, 402, 413, 399,
            412, 417, 418, 392, 401, 360, 414, 400, 388, 419, 410, 385, 388, 408, 414, 391, 360, 401, 172, 171, 420, 140, 413, 402,
            421, 359, 357, 393, 90, 422, 357, 412, 421, 175, 413, 140, 393, 422, 379, 172, 420, 165, 412, 418, 421, 423, 421, 418,
            413, 175, 89, 424, 359, 421, 82, 89, 175, 401, 413, 391, 425, 420, 415, 413, 89, 391, 422, 110, 426, 427, 423, 418,
            90, 101, 422, 101, 110, 422, 419, 385, 379, 89, 90, 391, 422, 419, 379, 428, 429, 423, 183, 165, 430, 426, 419, 422,
            430, 165, 420, 421, 423, 424, 336, 431, 370, 420, 425, 430, 336, 345, 431, 377, 370, 431, 345, 347, 431, 423, 429, 424,
            431, 347, 432, 377, 431, 432, 433, 430, 425, 406, 377, 432, 424, 429, 434, 274, 110, 107, 434, 435, 424, 430, 433, 436,
            115, 432, 347, 437, 110, 274, 432, 115, 126, 438, 433, 425, 347, 346, 116, 439, 428, 440, 426, 441, 419, 116, 115, 347,
            441, 426, 110, 439, 429, 428, 406, 432, 442, 441, 443, 419, 140, 406, 442, 400, 415, 171, 171, 415, 420, 432, 126, 442,
            441, 110, 437, 140, 442, 126, 355, 444, 116, 429, 445, 434, 441, 437, 446, 445, 429, 439, 117, 116, 444, 444, 28, 117,
            444, 19, 28, 414, 447, 415, 448, 447, 414, 444, 355, 358, 449, 445, 439, 438, 425, 415, 415, 447, 438, 444, 358, 18,
            450, 434, 445, 444, 18, 19, 451, 405, 410, 434, 450, 452, 443, 410, 419, 18, 5, 4, 410, 443, 453, 454, 5, 18,
            451, 410, 453, 440, 455, 456, 440, 456, 439, 414, 408, 448, 424, 383, 359, 405, 451, 87, 408, 457, 448, 458, 87, 451,
            383, 424, 435, 458, 416, 87, 435, 398, 383, 448, 457, 459, 460, 398, 435, 457, 461, 462, 435, 434, 460, 451, 453, 458,
            462, 459, 457, 463, 453, 443, 398, 460, 464, 398, 464, 409, 463, 443, 465, 460, 452, 466, 464, 460, 466, 467, 438, 447,
            452, 460, 434, 416, 458, 468, 459, 447, 448, 459, 469, 447, 469, 467, 447, 453, 463, 458, 468, 458, 470, 409, 464, 411,
            463, 470, 458, 464, 471, 411, 411, 471, 472, 470, 463, 465, 473, 468, 470, 262, 474, 327, 438, 467, 433, 475, 327, 474,
            433, 467, 476, 376, 474, 262, 465, 443, 441, 465, 441, 446, 376, 390, 474, 467, 477, 476, 340, 330, 327, 478, 437, 479,
            274, 479, 437, 340, 480, 339, 459, 462, 481, 459, 481, 469, 300, 478, 479, 340, 327, 475, 462, 482, 481, 478, 446, 437,
            483, 469, 481, 484, 480, 340, 484, 340, 475, 485, 474, 390, 481, 482, 483, 467, 469, 477, 485, 475, 474, 469, 486, 477,
            485, 487, 475, 446, 478, 488, 475, 487, 484, 477, 486, 489, 485, 490, 487, 489, 486, 491, 10, 478, 300, 469, 483, 486,
            488, 478, 12, 492, 487, 490, 376, 262, 261, 10, 12, 478, 331, 323, 493, 325, 331, 494, 465, 495, 470, 390, 394, 485,
            331, 493, 494, 493, 496, 497, 498, 485, 394, 470, 495, 499, 499, 473, 470, 473, 499, 500, 490, 485, 498, 500, 499, 501,
            374, 325, 494, 122, 339, 480, 488, 465, 446, 497, 494, 493, 502, 465, 488, 497, 374, 494, 503, 480, 484, 465, 502, 495,
            503, 122, 480, 374, 504, 363, 503, 142, 122, 504, 362, 363, 502, 499, 495, 505, 504, 374, 506, 503, 484, 484, 507, 506,
            504, 508, 362, 504, 509, 508, 374, 497, 505, 502, 12, 510, 487, 507, 484, 487, 492, 507, 12, 502, 488, 497, 511, 505,
            497, 512, 511, 11, 510, 12, 503, 506, 142, 513, 499, 502, 142, 506, 404, 513, 501, 499, 504, 505, 509, 514, 509, 505,
            513, 502, 510, 515, 506, 507, 501, 513, 215, 516, 404, 506, 479, 274, 273, 300, 479, 273, 505, 511, 517, 395, 518, 394,
            514, 505, 517, 300, 299, 519, 498, 394, 518, 511, 520, 521, 300, 519, 10, 511, 521, 517, 522, 498, 518, 299, 303, 519,
            407, 518, 395, 519, 14, 10, 407, 522, 518, 416, 196, 86, 523, 490, 498, 524, 517, 521, 523, 492, 490, 524, 521, 525,
            498, 522, 523, 526, 492, 523, 527, 323, 185, 196, 416, 468, 183, 527, 185, 528, 202, 196, 411, 522, 407, 529, 522, 411,
            529, 411, 472, 527, 493, 323, 183, 530, 527, 473, 528, 468, 183, 430, 530, 530, 531, 527, 493, 527, 531, 528, 196, 468,
            202, 528, 217, 529, 472, 532, 493, 531, 496, 500, 528, 473, 528, 500, 533, 522, 534, 523, 523, 535, 526, 533, 500, 536,
            530, 537, 538, 523, 534, 535, 530, 430, 436, 500, 501, 536, 539, 535, 534, 436, 537, 530, 540, 537, 436, 522, 529, 534,
            436, 433, 540, 217, 528, 533, 541, 507, 492, 538, 496, 531, 526, 541, 492, 538, 531, 530, 242, 217, 533, 515, 507, 541,
            533, 536, 197, 526, 542, 541, 496, 538, 512, 543, 541, 542, 496, 512, 497, 433, 476, 540, 515, 516, 506, 189, 536, 501,
            516, 515, 544, 215, 189, 501, 215, 190, 189, 537, 540, 545, 515, 541, 543, 476, 545, 540, 533, 197, 258, 545, 546, 537,
            515, 543, 544, 546, 538, 537, 542, 547, 548, 538, 549, 512, 546, 549, 538, 536, 189, 197, 197, 189, 198, 198, 189, 188,
            550, 549, 546, 543, 548, 551, 542, 548, 543, 551, 544, 543, 258, 242, 533, 552, 546, 545, 254, 258, 267, 553, 545, 489,
            545, 553, 552, 197, 248, 258, 550, 546, 552, 542, 526, 547, 535, 547, 526, 248, 267, 258, 248, 253, 267, 554, 550, 552,
            539, 547, 535, 555, 552, 553, 169, 178, 59, 556, 552, 555, 556, 554, 552, 489, 545, 476, 476, 477, 489, 244, 245, 557,
            179, 245, 178, 245, 179, 293, 557, 245, 558, 11, 32, 75, 245, 293, 558, 553, 559, 555, 75, 510, 11, 241, 244, 557,
            241, 557, 23, 549, 511, 512, 513, 510, 215, 23, 257, 241, 511, 549, 520, 23, 557, 34, 510, 560, 215, 561, 549, 550,
            560, 216, 215, 549, 561, 520, 228, 216, 560, 558, 34, 557, 75, 560, 510, 554, 561, 550, 298, 558, 293, 32, 61, 75,
            520, 561, 562, 561, 554, 563, 75, 228, 560, 34, 558, 298, 48, 34, 298, 76, 228, 75, 298, 297, 58, 556, 563, 554,
            58, 48, 298, 520, 525, 521, 562, 525, 520, 563, 562, 561, 236, 228, 76, 146, 236, 76, 176, 236, 146, 24, 8, 303,
            408, 404, 516, 303, 8, 7, 30, 14, 519, 30, 519, 7, 516, 544, 564, 408, 516, 457, 303, 7, 519, 516, 564, 457,
            39, 30, 7, 544, 551, 564, 564, 461, 457, 564, 565, 461, 461, 566, 567, 564, 551, 565, 462, 461, 567, 568, 462, 567,
            568, 482, 462, 569, 570, 571, 572, 573, 574, 1, 575, 2, 576, 577, 578, 573, 579, 574, 9, 580, 575, 1, 9, 575,
            581, 573, 569, 17, 580, 9, 582, 17, 21, 580, 17, 582, 583, 584, 585, 586, 27, 43, 587, 588, 579, 582, 27, 586,
            27, 582, 21, 43, 589, 586, 589, 43, 52, 590, 52, 56, 590, 589, 52, 569, 571, 581, 577, 591, 592, 591, 577, 576,
            592, 591, 593, 92, 594, 590, 590, 595, 589, 595, 590, 594, 579, 573, 581, 596, 587, 579, 592, 585, 577, 579, 581, 596,
            585, 592, 597, 598, 599, 600, 591, 601, 593, 602, 592, 593, 603, 599, 604, 605, 603, 604, 606, 602, 593, 569, 603, 570,
            597, 592, 602, 603, 605, 570, 607, 597, 602, 605, 608, 609, 606, 607, 602, 605, 609, 570, 91, 594, 92, 594, 91, 97,
            610, 611, 612, 612, 583, 613, 93, 614, 97, 613, 610, 612, 594, 97, 614, 100, 614, 93, 615, 616, 610, 109, 590, 56,
            590, 109, 92, 454, 617, 618, 454, 618, 619, 620, 594, 614, 621, 594, 620, 619, 622, 454, 613, 583, 623, 3, 5, 622,
            613, 624, 610, 625, 3, 622, 614, 100, 620, 620, 100, 129, 622, 619, 625, 613, 623, 626, 627, 620, 129, 624, 613, 626,
            627, 129, 628, 121, 129, 100, 120, 129, 121, 629, 619, 618, 129, 120, 125, 618, 588, 629, 588, 630, 629, 128, 131, 129,
            129, 131, 631, 585, 623, 583, 631, 131, 132, 133, 631, 132, 631, 628, 129, 632, 625, 619, 619, 629, 632, 615, 608, 616,
            627, 621, 620, 610, 624, 615, 627, 628, 633, 634, 318, 312, 634, 159, 318, 635, 159, 634, 636, 608, 615, 637, 635, 634,
            615, 624, 638, 42, 3, 50, 638, 624, 626, 312, 50, 3, 625, 312, 3, 634, 312, 625, 638, 636, 615, 639, 636, 638,
            638, 640, 639, 634, 625, 632, 637, 634, 632, 623, 641, 626, 597, 623, 585, 587, 630, 588, 642, 630, 587, 643, 623, 597,
            629, 630, 644, 644, 632, 629, 641, 623, 643, 630, 642, 644, 645, 643, 597, 607, 645, 597, 643, 645, 646, 295, 294, 647,
            648, 587, 596, 641, 643, 649, 650, 295, 647, 587, 648, 642, 646, 649, 643, 650, 276, 295, 651, 644, 642, 641, 638, 626,
            644, 651, 652, 642, 648, 651, 650, 647, 653, 638, 641, 640, 654, 650, 653, 655, 640, 641, 656, 635, 637, 657, 635, 656,
            276, 650, 277, 334, 280, 277, 639, 640, 658, 654, 277, 650, 652, 637, 632, 654, 659, 277, 659, 334, 277, 660, 658, 640,
            660, 640, 655, 652, 632, 644, 656, 637, 652, 649, 655, 641, 661, 659, 654, 661, 662, 659, 655, 649, 663, 282, 664, 283,
            665, 285, 666, 285, 665, 282, 667, 660, 655, 647, 294, 668, 668, 294, 664, 664, 669, 668, 283, 664, 294, 652, 651, 670,
            671, 670, 651, 672, 647, 668, 672, 668, 669, 670, 656, 652, 669, 664, 665, 670, 673, 656, 282, 665, 664, 665, 674, 669,
            675, 606, 593, 670, 671, 673, 287, 309, 676, 666, 285, 287, 666, 287, 676, 676, 677, 666, 678, 606, 675, 679, 666, 677,
            678, 607, 606, 666, 674, 665, 679, 674, 666, 680, 581, 571, 681, 679, 677, 682, 596, 581, 678, 675, 683, 680, 682, 581,
            282, 281, 285, 684, 682, 680, 683, 685, 678, 682, 684, 686, 686, 684, 687, 676, 309, 688, 688, 309, 310, 688, 310, 313,
            689, 688, 313, 286, 309, 287, 690, 678, 685, 609, 608, 636, 609, 636, 691, 316, 692, 689, 689, 313, 314, 689, 314, 316,
            693, 690, 685, 693, 694, 690, 676, 688, 689, 676, 689, 677, 689, 695, 677, 692, 695, 689, 696, 609, 691, 696, 571, 570,
            570, 609, 696, 697, 696, 691, 669, 698, 672, 636, 699, 691, 698, 669, 674, 700, 621, 627, 678, 645, 607, 701, 698, 674,
            702, 698, 701, 627, 633, 700, 639, 699, 636, 703, 653, 672, 658, 699, 639, 647, 672, 653, 704, 700, 633, 703, 672, 698,
            691, 699, 697, 705, 646, 645, 706, 697, 699, 707, 701, 674, 698, 702, 708, 705, 645, 678, 696, 680, 571, 697, 680, 696,
            705, 678, 690, 702, 709, 708, 709, 702, 710, 701, 710, 702, 698, 708, 703, 697, 684, 680, 703, 708, 711, 712, 713, 705,
            653, 703, 711, 697, 706, 687, 714, 655, 663, 707, 674, 679, 667, 655, 714, 707, 679, 681, 715, 667, 714, 658, 706, 699,
            716, 715, 714, 677, 717, 681, 718, 681, 717, 663, 649, 646, 681, 718, 719, 719, 707, 681, 720, 658, 660, 713, 646, 705,
            707, 719, 721, 710, 701, 707, 663, 646, 713, 706, 658, 722, 716, 714, 663, 722, 723, 706, 720, 660, 667, 711, 654, 653,
            661, 654, 711, 715, 720, 667, 716, 663, 713, 713, 724, 716, 725, 726, 727, 720, 722, 658, 725, 728, 726, 729, 716, 724,
            720, 730, 722, 723, 722, 730, 690, 731, 705, 723, 687, 706, 687, 684, 697, 732, 690, 694, 727, 726, 733, 732, 731, 690,
            733, 726, 734, 705, 731, 712, 735, 727, 733, 726, 736, 734, 687, 737, 686, 687, 723, 738, 739, 731, 732, 740, 733, 741,
            741, 733, 742, 743, 742, 733, 733, 740, 735, 744, 732, 694, 734, 743, 733, 742, 743, 745, 746, 732, 744, 747, 659, 662,
            737, 687, 738, 746, 739, 732, 748, 737, 738, 749, 708, 709, 708, 749, 750, 724, 713, 712, 739, 724, 712, 724, 739, 751,
            682, 648, 596, 712, 731, 739, 728, 709, 710, 709, 725, 749, 725, 709, 728, 750, 711, 708, 752, 648, 682, 750, 753, 711,
            682, 754, 752, 751, 729, 724, 755, 651, 752, 756, 750, 749, 757, 729, 751, 757, 751, 758, 752, 651, 648, 756, 749, 725,
            759, 725, 727, 759, 756, 725, 739, 758, 751, 750, 756, 760, 682, 686, 754, 760, 753, 750, 753, 760, 761, 739, 762, 758,
            763, 758, 762, 728, 710, 721, 686, 764, 754, 728, 721, 765, 710, 707, 721, 754, 755, 752, 757, 758, 766, 763, 766, 758,
            719, 767, 721, 755, 754, 764, 768, 767, 719, 767, 768, 769, 770, 745, 771, 765, 721, 767, 726, 728, 765, 770, 771, 772,
            726, 765, 736, 651, 773, 671, 736, 765, 767, 773, 651, 755, 736, 767, 774, 734, 736, 774, 753, 661, 711, 753, 662, 661,
            772, 775, 776, 770, 772, 776, 753, 777, 662, 778, 770, 776, 747, 662, 777, 671, 773, 779, 753, 761, 777, 778, 776, 780,
            578, 745, 770, 781, 761, 760, 761, 598, 777, 598, 747, 777, 576, 578, 782, 783, 773, 755, 576, 782, 784, 755, 764, 783,
            578, 770, 782, 759, 727, 735, 782, 770, 778, 740, 759, 735, 783, 779, 773, 785, 779, 783, 760, 759, 781, 778, 784, 782,
            759, 760, 756, 781, 759, 616, 611, 759, 740, 776, 786, 787, 788, 686, 737, 780, 776, 787, 612, 611, 740, 612, 740, 741,
            610, 759, 611, 788, 764, 686, 780, 787, 789, 616, 759, 610, 790, 764, 788, 778, 780, 791, 748, 790, 788, 791, 780, 792,
            793, 761, 781, 792, 780, 789, 604, 598, 761, 790, 748, 794, 604, 599, 598, 761, 793, 604, 795, 783, 764, 781, 616, 793,
            796, 792, 789, 792, 796, 797, 795, 798, 783, 799, 159, 635, 799, 148, 159, 799, 149, 148, 591, 576, 784, 605, 604, 793,
            608, 605, 793, 616, 608, 793, 783, 798, 785, 799, 657, 800, 591, 784, 801, 677, 695, 717, 800, 149, 799, 692, 575, 802,
            219, 149, 800, 692, 316, 2, 575, 692, 2, 790, 795, 764, 803, 795, 790, 580, 802, 575, 798, 795, 804, 795, 803, 804,
            791, 784, 778, 803, 790, 794, 580, 805, 802, 601, 591, 806, 801, 806, 591, 807, 802, 805, 601, 806, 808, 798, 804, 809,
            802, 695, 692, 802, 810, 695, 717, 695, 810, 810, 802, 807, 154, 149, 219, 806, 811, 808, 580, 582, 805, 748, 788, 737,
            805, 582, 812, 219, 813, 220, 807, 805, 812, 784, 791, 801, 586, 812, 582, 813, 230, 220, 349, 230, 813, 791, 792, 814,
            812, 586, 815, 801, 791, 814, 720, 715, 730, 815, 586, 589, 815, 589, 595, 792, 797, 816, 715, 817, 818, 819, 807, 812,
            819, 810, 807, 816, 814, 792, 815, 820, 812, 820, 815, 821, 822, 806, 801, 819, 812, 820, 818, 730, 715, 801, 814, 822,
            818, 823, 730, 716, 817, 715, 811, 806, 822, 657, 799, 635, 718, 717, 824, 717, 810, 825, 826, 822, 827, 828, 800, 657,
            824, 717, 825, 826, 827, 829, 673, 657, 656, 822, 814, 816, 830, 824, 825, 822, 816, 827, 673, 828, 657, 768, 719, 718,
            818, 817, 831, 768, 718, 824, 768, 824, 832, 833, 818, 831, 834, 800, 828, 796, 835, 836, 769, 768, 832, 817, 716, 729,
            830, 832, 824, 797, 796, 836, 823, 738, 723, 837, 832, 830, 823, 723, 730, 825, 838, 830, 839, 797, 840, 797, 836, 840,
            841, 828, 673, 797, 839, 816, 837, 830, 838, 842, 843, 838, 844, 840, 836, 845, 748, 738, 825, 810, 819, 845, 738, 823,
            834, 828, 846, 839, 827, 816, 838, 825, 819, 841, 673, 671, 842, 838, 819, 827, 839, 847, 833, 823, 818, 842, 819, 820,
            219, 800, 834, 834, 813, 219, 847, 829, 827, 842, 820, 848, 849, 842, 848, 850, 823, 833, 851, 850, 833, 847, 839, 840,
            847, 840, 852, 852, 840, 844, 843, 842, 849, 852, 844, 853, 854, 847, 852, 855, 349, 813, 850, 845, 823, 815, 595, 821,
            349, 855, 856, 854, 852, 857, 821, 595, 858, 853, 844, 859, 621, 595, 594, 853, 857, 852, 595, 621, 858, 860, 833, 831,
            861, 858, 621, 813, 862, 855, 846, 862, 834, 857, 853, 863, 862, 813, 834, 817, 729, 831, 856, 855, 864, 855, 865, 864,
            866, 821, 858, 867, 786, 868, 757, 831, 729, 869, 858, 861, 866, 858, 869, 787, 786, 867, 862, 865, 855, 860, 831, 757,
            789, 787, 867, 861, 621, 700, 789, 867, 835, 835, 796, 789, 870, 860, 757, 871, 869, 861, 861, 700, 871, 871, 700, 704,
            870, 757, 766, 867, 872, 835, 848, 820, 866, 820, 821, 866, 872, 873, 874, 860, 870, 875, 874, 876, 877, 848, 866, 878,
            851, 833, 860, 835, 872, 874, 878, 866, 869, 879, 849, 848, 880, 849, 879, 843, 849, 880, 874, 836, 835, 881, 836, 874,
            850, 851, 882, 874, 877, 881, 879, 848, 878, 879, 878, 883, 884, 885, 850, 883, 878, 869, 882, 851, 860, 875, 882, 860,
            883, 869, 886, 886, 869, 871, 884, 850, 882, 877, 876, 887, 886, 871, 888, 889, 877, 887, 887, 890, 891, 892, 883, 886,
            893, 883, 892, 889, 887, 894, 894, 887, 895, 895, 887, 891, 896, 897, 794, 892, 886, 888, 881, 877, 889, 898, 892, 899,
            897, 803, 794, 803, 900, 804, 771, 743, 734, 349, 856, 234, 901, 771, 734, 417, 412, 856, 856, 412, 234, 897, 900, 803,
            745, 743, 771, 881, 889, 902, 894, 902, 889, 900, 903, 804, 775, 772, 771, 902, 894, 904, 895, 904, 894, 905, 904, 895,
            906, 418, 417, 427, 418, 906, 767, 769, 907, 907, 769, 837, 844, 836, 881, 908, 900, 897, 769, 832, 837, 856, 864, 417,
            859, 844, 881, 908, 909, 900, 859, 881, 902, 907, 837, 910, 774, 767, 907, 911, 909, 908, 912, 417, 864, 865, 912, 864,
            907, 913, 774, 417, 912, 906, 913, 907, 910, 859, 902, 914, 914, 902, 904, 915, 913, 910, 912, 916, 906, 914, 904, 917,
            896, 794, 748, 843, 837, 838, 853, 859, 914, 843, 910, 837, 748, 845, 896, 427, 428, 423, 914, 917, 918, 863, 853, 914,
            843, 919, 920, 919, 843, 880, 863, 914, 918, 915, 910, 921, 922, 675, 808, 921, 910, 843, 921, 843, 920, 922, 808, 923,
            916, 427, 906, 924, 896, 845, 916, 428, 427, 850, 924, 845, 896, 924, 925, 921, 920, 926, 926, 920, 927, 928, 683, 922,
            928, 922, 929, 734, 774, 901, 896, 925, 897, 930, 931, 916, 774, 913, 901, 931, 440, 428, 929, 922, 923, 913, 932, 901,
            931, 455, 440, 916, 931, 428, 932, 913, 915, 775, 901, 932, 908, 897, 925, 933, 923, 934, 901, 775, 771, 933, 929, 923,
            935, 929, 933, 936, 908, 925, 915, 921, 926, 850, 885, 924, 933, 934, 937, 675, 593, 601, 601, 808, 675, 938, 915, 926,
            939, 938, 926, 939, 926, 927, 923, 808, 811, 924, 936, 925, 915, 938, 932, 775, 932, 938, 683, 675, 922, 924, 885, 940,
            924, 940, 936, 775, 938, 786, 776, 775, 786, 941, 936, 940, 938, 939, 868, 786, 938, 868, 942, 885, 884, 885, 942, 940,
            811, 822, 826, 811, 826, 943, 884, 944, 942, 945, 919, 880, 811, 934, 923, 934, 811, 943, 945, 880, 879, 920, 919, 927,
            946, 919, 945, 943, 826, 829, 946, 927, 919, 947, 908, 936, 948, 946, 945, 949, 943, 829, 948, 945, 950, 948, 950, 951,
            908, 947, 911, 941, 947, 936, 937, 934, 943, 950, 879, 883, 952, 947, 941, 952, 911, 947, 937, 943, 949, 950, 945, 879,
            953, 911, 952, 950, 883, 954, 954, 883, 893, 955, 952, 941, 956, 941, 940, 951, 954, 893, 955, 941, 956, 929, 935, 928,
            893, 892, 898, 957, 928, 935, 958, 928, 957, 959, 953, 952, 960, 953, 959, 959, 952, 955, 951, 950, 954, 960, 959, 961,
            957, 935, 962, 951, 893, 963, 964, 828, 841, 965, 893, 898, 893, 965, 963, 964, 846, 828, 964, 966, 846, 967, 958, 957,
            927, 946, 873, 968, 957, 962, 939, 927, 873, 966, 969, 970, 873, 946, 948, 967, 957, 968, 873, 948, 876, 968, 962, 971,
            876, 948, 972, 779, 841, 671, 973, 968, 971, 872, 868, 939, 867, 868, 872, 873, 872, 939, 841, 779, 964, 962, 935, 933,
            874, 873, 876, 964, 779, 974, 962, 933, 975, 933, 937, 975, 976, 779, 785, 976, 974, 779, 962, 975, 977, 974, 966, 964,
            978, 948, 951, 979, 977, 975, 974, 969, 966, 972, 948, 978, 980, 978, 981, 977, 971, 962, 973, 971, 982, 876, 972, 887,
            966, 862, 846, 862, 970, 983, 972, 978, 980, 887, 972, 890, 890, 972, 980, 862, 983, 865, 984, 971, 977, 982, 971, 984,
            978, 951, 963, 978, 963, 981, 965, 981, 963, 985, 865, 983, 685, 683, 928, 970, 862, 966, 958, 685, 928, 986, 745, 987,
            986, 741, 742, 742, 745, 986, 584, 741, 986, 584, 986, 987, 988, 983, 970, 584, 612, 741, 583, 612, 584, 693, 685, 958,
            988, 985, 983, 989, 958, 967, 989, 693, 958, 987, 577, 584, 585, 584, 577, 578, 987, 745, 578, 577, 987, 693, 989, 694,
            974, 976, 990, 809, 785, 798, 809, 976, 785, 975, 937, 979, 990, 969, 974, 949, 829, 991, 992, 949, 991, 993, 990, 976,
            992, 991, 994, 829, 847, 991, 991, 847, 854, 993, 976, 809, 809, 903, 993, 854, 857, 994, 903, 809, 804, 994, 991, 854,
            990, 993, 995, 995, 996, 990, 937, 949, 992, 996, 970, 969, 988, 970, 996, 997, 992, 994, 998, 988, 996, 999, 997, 994,
            998, 996, 1000, 1001, 998, 1000, 1001, 1002, 998, 857, 863, 1003, 994, 857, 1003, 996, 969, 990, 1000, 996, 995, 863, 918, 1004,
            1003, 863, 1004, 865, 985, 1005, 1006, 999, 994, 1006, 994, 1003, 1005, 912, 865, 1007, 1005, 985, 1008, 1006, 1003, 985, 988, 1009,
            1008, 1003, 1004, 1009, 1007, 985, 1005, 1007, 1010, 1008, 1004, 1011, 1007, 1012, 1010, 977, 979, 1013, 1005, 916, 912, 916, 1005, 930,
            1014, 930, 1005, 984, 977, 1015, 1015, 977, 1013, 1010, 1014, 1005, 979, 937, 992, 1016, 1014, 1010, 930, 1014, 1017, 1018, 1014, 1016,
            1018, 1017, 1014, 1013, 979, 1019, 998, 1009, 988, 1002, 1009, 998, 1007, 1009, 1002, 1012, 1007, 1002, 1019, 979, 992, 1019, 992, 997,
            1019, 997, 999, 1020, 1012, 1002, 1021, 1010, 1012, 1022, 1002, 1001, 1002, 1022, 1020, 1023, 1024, 1019, 1021, 1012, 1020, 1024, 1013, 1019,
            1025, 1013, 1024, 1019, 999, 1023, 1026, 999, 1006, 1026, 1006, 1008, 1023, 999, 1026, 1021, 1016, 1010, 1026, 1008, 1027, 1028, 1018, 1016,
            1016, 1029, 1028, 1029, 1016, 1021, 1027, 1008, 1011, 1023, 1030, 1024, 1030, 1023, 1026, 909, 903, 900, 1031, 1032, 903, 1030, 1026, 1027,
            1032, 995, 993, 1032, 993, 903, 1032, 1000, 995, 1030, 1027, 1033, 903, 909, 1031, 1034, 909, 911, 1035, 455, 931, 1032, 1031, 1036,
            1000, 1032, 1037, 931, 930, 1035, 1017, 1035, 930, 1038, 1000, 1037, 1000, 1038, 1001, 1001, 1038, 1039, 1040, 1039, 1038, 1041, 1038, 1037,
            1036, 1037, 1032, 1036, 1041, 1037, 1040, 1038, 1042, 659, 332, 334, 1042, 1038, 1041, 1043, 1034, 911, 335, 332, 1044, 1034, 1031, 909,
            1043, 911, 953, 332, 1045, 1044, 348, 335, 1044, 1046, 1036, 1031, 1034, 1046, 1031, 1047, 1034, 1043, 1047, 1046, 1034, 1045, 332, 659,
            960, 1043, 953, 1043, 960, 1047, 659, 1048, 1045, 1049, 1047, 960, 1049, 1050, 1047, 1051, 1041, 1036, 1045, 1052, 1044, 1051, 1036, 1046,
            1050, 1051, 1046, 1051, 1042, 1041, 1053, 1042, 1051, 1050, 1046, 1047, 1054, 1051, 1050, 1054, 1055, 1051, 1055, 1053, 1051, 1056, 1053, 1055,
            1057, 348, 1044, 1056, 1055, 1058, 348, 1057, 351, 1058, 1055, 1054, 1052, 1057, 1044, 351, 1057, 358, 1039, 1022, 1001, 1059, 1020, 1022,
            1039, 1060, 1022, 1060, 1059, 1022, 358, 1057, 617, 1059, 1021, 1020, 1061, 1059, 1060, 1062, 1059, 1061, 1063, 1062, 1061, 1040, 1060, 1039,
            1061, 1060, 1040, 1059, 1029, 1021, 1059, 1062, 1029, 1064, 1029, 1062, 1064, 1028, 1029, 1064, 1065, 1028, 1066, 1064, 1062, 1066, 1062, 1063,
            1067, 1065, 1064, 1067, 1064, 1066, 1068, 1067, 1066, 1061, 1040, 1042, 1069, 1061, 1042, 1069, 1042, 1053, 1070, 1069, 1053, 1061, 1069, 1063,
            1063, 1069, 1071, 1056, 1070, 1053, 1071, 1069, 1070, 1072, 1071, 1070, 1073, 1071, 1072, 1073, 1074, 1071, 1072, 1075, 1073, 1066, 1063, 1076,
            1071, 1076, 1063, 1076, 1071, 1074, 1066, 1076, 1068, 1077, 1068, 1076, 1076, 1074, 1077, 1078, 1077, 1074, 1078, 1079, 1077, 454, 18, 358,
            617, 454, 358, 622, 5, 454, 747, 1048, 659, 747, 600, 1048, 1045, 1048, 1080, 1080, 1052, 1045, 600, 747, 598, 600, 1080, 1048,
            572, 1080, 600, 1081, 1057, 1052, 1080, 572, 1052, 1052, 572, 574, 574, 1081, 1052, 1081, 617, 1057, 618, 617, 1081, 588, 618, 1081,
            588, 1081, 574, 579, 588, 574, 603, 600, 599, 569, 600, 603, 569, 572, 600, 573, 572, 569, 133, 1082, 1083, 133, 173, 1082,
            1084, 1085, 1086, 1083, 1082, 173, 1087, 1088, 1089, 1090, 1091, 1092, 173, 182, 1083, 1083, 182, 1093, 1093, 182, 1094, 1095, 1084, 1088,
            1093, 1096, 1097, 1089, 1098, 1087, 1093, 1094, 1096, 1099, 1100, 1101, 1096, 1102, 1097, 1103, 1096, 1094, 1103, 1102, 1096, 1104, 1095, 1087,
            1101, 1100, 1105, 1106, 1107, 1085, 1085, 1084, 1106, 1108, 1104, 1087, 1094, 182, 1109, 1084, 1110, 1106, 1095, 1110, 1084, 1100, 1111, 1105,
            1094, 1109, 1112, 1113, 1087, 1114, 1112, 1103, 1094, 1098, 1115, 1087, 1116, 1102, 1103, 1092, 1091, 1117, 1114, 1087, 1115, 1118, 1119, 1120,
            1103, 1119, 1118, 1121, 1120, 1119, 1122, 1100, 1092, 1120, 1121, 1123, 1124, 1119, 1103, 1125, 1092, 1117, 1126, 1127, 1128, 1125, 1117, 1129,
            1119, 1130, 1131, 1122, 1092, 1125, 1132, 1113, 1114, 1112, 1124, 1103, 1133, 1128, 1127, 1130, 1119, 1124, 1100, 1122, 1111, 1108, 1087, 1113,
            1131, 1121, 1119, 1134, 1135, 1104, 1104, 1108, 1134, 1131, 1136, 1121, 1127, 1137, 1133, 1137, 1127, 1138, 1113, 1134, 1108, 1139, 1111, 1122,
            1138, 1127, 1140, 1141, 1131, 1130, 1139, 1142, 1111, 170, 182, 173, 1134, 1113, 1143, 1132, 1143, 1113, 182, 177, 193, 1144, 1145, 1146,
            1145, 1105, 1146, 1109, 182, 193, 1147, 1148, 1134, 1138, 1149, 1150, 1151, 1114, 1115, 1151, 1115, 1152, 1138, 1150, 1153, 1105, 1154, 1146,
            1155, 1109, 193, 1156, 1132, 1114, 1156, 1114, 1151, 1111, 1142, 1105, 1154, 1105, 1142, 1157, 1136, 1131, 1136, 1157, 1158, 1159, 1126, 1107,
            1160, 1156, 1151, 1159, 1107, 1106, 1161, 1158, 1157, 1127, 1126, 1140, 1159, 1140, 1126, 1161, 1162, 1158, 1163, 1162, 1161, 1164, 1162, 1163,
            1122, 1125, 1165, 1164, 1163, 1166, 1167, 1166, 1163, 1168, 1165, 1125, 1161, 1157, 1131, 1131, 1141, 1161, 1169, 1143, 1170, 1171, 1172, 1112,
            1159, 1106, 1149, 1172, 1124, 1112, 1139, 1173, 1142, 1124, 1172, 1130, 1110, 1174, 1106, 1174, 1149, 1106, 1170, 1132, 1156, 1175, 1130, 1172,
            1139, 1122, 1165, 1156, 1160, 1170, 1132, 1170, 1143, 1139, 1165, 1173, 1172, 1176, 1175, 1159, 1149, 1140, 1140, 1149, 1138, 1177, 1170, 1160,
            1168, 1178, 1165, 1141, 1179, 1180, 1181, 1149, 1182, 1181, 1150, 1149, 1183, 1170, 1177, 1173, 1165, 1178, 1179, 1141, 1130, 1179, 1130, 1175,
            1183, 1169, 1170, 1184, 1084, 1185, 1173, 1178, 1186, 1187, 1175, 1176, 1180, 1188, 1189, 1179, 1175, 1188, 1188, 1175, 1187, 1084, 1184, 1088,
            1183, 1190, 1191, 1180, 1179, 1188, 1192, 1193, 1194, 1192, 1195, 1193, 1193, 1196, 1194, 1197, 1151, 1152, 1198, 1189, 1188, 1188, 1187, 1198,
            1187, 1199, 1198, 1200, 1168, 1129, 1201, 1160, 1151, 1199, 1202, 1198, 1125, 1129, 1168, 1201, 1151, 1197, 192, 1155, 193, 1203, 1204, 1196,
            1203, 1196, 1205, 1177, 1160, 1201, 1155, 192, 224, 1155, 224, 1206, 1207, 1204, 1208, 1203, 1208, 1204, 1177, 1201, 1209, 1208, 1203, 1210,
            1208, 1211, 1207, 1200, 1212, 1213, 1211, 1208, 1210, 1214, 1209, 1201, 1109, 1155, 1171, 1112, 1109, 1171, 1168, 1200, 1215, 1171, 1155, 1206,
            1177, 1209, 1183, 1203, 1205, 1216, 1200, 1213, 1215, 1190, 1183, 1209, 1210, 1203, 1216, 1134, 1143, 1147, 1171, 1176, 1172, 1176, 1171, 1206,
            1215, 1213, 1217, 1218, 1148, 1147, 1219, 1211, 1210, 1220, 1206, 224, 227, 1220, 224, 1143, 1169, 1147, 227, 249, 1220, 1178, 1168, 1215,
            1219, 1210, 1221, 1147, 1222, 1218, 1147, 1223, 1222, 1224, 1176, 1206, 1147, 1169, 1223, 1225, 1217, 1213, 1218, 1222, 1091, 1224, 1206, 1220,
            1226, 1224, 1220, 1217, 1225, 1227, 1228, 1227, 1225, 1216, 1229, 1210, 1229, 1221, 1210, 1223, 1230, 1222, 1217, 1227, 1231, 1229, 1232, 1221,
            1176, 1224, 1233, 1178, 1215, 1234, 1169, 1183, 1191, 1234, 1215, 1217, 1235, 1232, 1229, 1233, 1187, 1176, 1191, 1223, 1169, 1230, 1223, 1191,
            1187, 1233, 1199, 1233, 1236, 1199, 1234, 1217, 1231, 1232, 1237, 1221, 1238, 1226, 1220, 1239, 1233, 1224, 1237, 1240, 1221, 1239, 1224, 1226,
            1091, 1222, 1117, 1241, 1227, 1228, 1239, 1226, 1242, 1242, 1243, 1239, 1244, 1231, 1227, 1232, 1235, 1245, 1129, 1117, 1222, 251, 1238, 249,
            1232, 1245, 1246, 1247, 1244, 1241, 1238, 1220, 249, 1238, 251, 1248, 1244, 1227, 1241, 1249, 1250, 1251, 269, 1248, 251, 1252, 1246, 1245,
            1249, 1253, 1250, 1238, 1248, 1226, 1246, 1237, 1232, 1201, 1250, 1214, 1250, 1254, 1214, 1244, 1255, 1231, 1256, 1248, 269, 1257, 1248, 1256,
            1252, 1258, 1246, 1254, 1250, 1253, 1259, 1193, 1195, 1259, 1195, 1260, 1193, 1259, 1196, 1259, 1205, 1196, 1205, 1259, 1261, 263, 264, 269,
            264, 1256, 269, 1259, 1133, 1261, 1262, 1263, 1264, 1257, 1226, 1248, 1265, 1191, 1190, 1266, 1242, 1257, 265, 288, 1267, 1137, 1261, 1133,
            1257, 1242, 1226, 1209, 1214, 1190, 1233, 1239, 1236, 1239, 1268, 1236, 1190, 1214, 1269, 288, 344, 1270, 288, 1270, 1271, 1236, 1268, 1272,
            1269, 1214, 1254, 1273, 1261, 1137, 1274, 1261, 1273, 1239, 1243, 1268, 344, 1275, 1270, 1205, 1261, 1274, 1272, 1199, 1236, 1216, 1205, 1274,
            1199, 1272, 1202, 1276, 1265, 1190, 1216, 1274, 1229, 1229, 1274, 1235, 1190, 1269, 1276, 1268, 1243, 1272, 1277, 1274, 1273, 344, 352, 1275,
            1137, 1138, 1153, 1242, 1278, 1243, 1273, 1137, 1153, 1270, 1275, 1279, 1272, 1243, 1280, 1281, 1280, 1243, 1276, 1282, 1265, 1243, 1278, 1281,
            1254, 1283, 1269, 1284, 1279, 1275, 1284, 1285, 1279, 1185, 1272, 1280, 1202, 1272, 1185, 1277, 1273, 1153, 1286, 1284, 1275, 1185, 1280, 1184,
            1287, 1269, 1283, 1153, 1150, 1277, 1286, 1288, 1284, 1289, 1283, 1254, 1275, 352, 1286, 1161, 1290, 1291, 1291, 1163, 1161, 1292, 1287, 1283,
            1274, 1293, 1235, 1293, 1245, 1235, 352, 362, 1286, 1163, 1291, 1167, 1282, 1276, 1269, 1166, 1167, 1294, 1274, 1277, 1293, 1291, 1295, 1167,
            1296, 1288, 1286, 1297, 1167, 1295, 1297, 1298, 1167, 1299, 1285, 1284, 1282, 1287, 1300, 1288, 1299, 1284, 1285, 1299, 1301, 1302, 1126, 1297,
            1269, 1287, 1282, 1245, 1293, 1252, 1161, 1141, 1290, 1303, 1252, 1293, 1256, 264, 1257, 1304, 1257, 264, 1141, 1180, 1290, 1290, 1180, 1305,
            1299, 1288, 1296, 1291, 1290, 1295, 1290, 1305, 1295, 1180, 1189, 1305, 1230, 1191, 1265, 264, 1267, 1304, 1267, 264, 265, 1306, 1301, 1299,
            1301, 1306, 1251, 1305, 1189, 1307, 508, 1286, 362, 1230, 1265, 1308, 1271, 1304, 1267, 1307, 1189, 1309, 1305, 1307, 1295, 1307, 1302, 1295,
            1257, 1304, 1266, 1230, 1129, 1222, 1310, 1129, 1230, 1286, 508, 1296, 1309, 1302, 1307, 1242, 1266, 1311, 1295, 1302, 1297, 1312, 1294, 1298,
            1296, 508, 1313, 1314, 1312, 1298, 1200, 1129, 1310, 1314, 1315, 1316, 1314, 1316, 1312, 1317, 1299, 1296, 1306, 1299, 1317, 1318, 1311, 1266,
            1319, 1315, 1314, 1167, 1298, 1294, 1310, 1230, 1308, 1298, 1297, 1319, 1319, 1314, 1298, 1318, 1266, 1304, 1320, 1315, 1321, 1267, 288, 1271,
            1322, 1317, 1296, 1321, 1315, 1260, 1321, 1260, 1195, 1315, 1319, 1260, 1308, 1265, 1323, 1308, 1323, 1324, 1321, 1195, 1192, 1323, 1325, 1324,
            1322, 1296, 1313, 1326, 1322, 1313, 1322, 1326, 1317, 1271, 1318, 1304, 1200, 1310, 1212, 1324, 1212, 1308, 1308, 1212, 1310, 1128, 1319, 1297,
            1126, 1128, 1297, 1313, 1327, 1326, 1128, 1260, 1319, 1318, 1328, 1329, 1326, 1327, 1330, 1318, 1270, 1328, 1271, 1270, 1318, 1328, 1270, 1279,
            1324, 1325, 1331, 1331, 1212, 1324, 1332, 1330, 1327, 1332, 1327, 1333, 1259, 1260, 1133, 1212, 1331, 1213, 1331, 1225, 1213, 1128, 1133, 1260,
            1282, 1323, 1265, 1086, 1189, 1198, 1086, 1309, 1189, 1334, 1335, 1278, 1198, 1202, 1086, 509, 1313, 508, 1300, 1323, 1282, 1335, 1089, 1281,
            1323, 1300, 1336, 1086, 1202, 1185, 1084, 1086, 1185, 1281, 1278, 1335, 1089, 1280, 1281, 1309, 1086, 1085, 1325, 1323, 1336, 1337, 1313, 509,
            1085, 1302, 1309, 1283, 1338, 1292, 509, 514, 1337, 1107, 1126, 1302, 1107, 1302, 1085, 1098, 1089, 1335, 1335, 1339, 1098, 1313, 1337, 1327,
            1337, 1333, 1327, 1334, 1339, 1335, 1251, 1306, 1317, 1115, 1098, 1339, 1287, 1292, 1300, 1340, 1300, 1292, 1339, 1341, 1115, 1317, 1249, 1251,
            1242, 1311, 1278, 1338, 1342, 1292, 1292, 1343, 1340, 1317, 1326, 1344, 1278, 1311, 1334, 1329, 1334, 1311, 1317, 1344, 1249, 1318, 1329, 1311,
            1292, 1342, 1343, 1253, 1249, 1344, 1342, 1345, 1346, 1344, 1347, 1253, 1343, 1342, 1346, 1348, 1334, 1329, 1347, 1344, 1349, 1350, 1334, 1348,
            1351, 1225, 1331, 1349, 1352, 1347, 1326, 1349, 1344, 1330, 1349, 1326, 1353, 1350, 1348, 1328, 1348, 1329, 1228, 1225, 1351, 1241, 1228, 1351,
            1300, 1340, 1336, 1334, 1350, 1339, 1350, 1341, 1339, 1350, 1353, 1341, 1325, 1336, 1354, 1253, 1347, 1254, 1354, 1336, 1340, 1289, 1254, 1347,
            1340, 1343, 1354, 1285, 1328, 1279, 1331, 1325, 1351, 1325, 1354, 1351, 524, 1337, 514, 1328, 1285, 1348, 1355, 1354, 1343, 1337, 524, 1356,
            1337, 1356, 1333, 1285, 1357, 1348, 524, 514, 517, 1357, 1353, 1348, 1343, 1346, 1355, 1353, 1357, 1358, 1359, 1355, 1346, 1152, 1115, 1341,
            1351, 1354, 1355, 1353, 1358, 1341, 1351, 1355, 1360, 1351, 1360, 1241, 1332, 1333, 1361, 1356, 1361, 1333, 1152, 1341, 1358, 1362, 1360, 1355,
            1152, 1358, 1197, 1357, 1285, 1301, 1360, 1363, 1241, 1364, 524, 525, 1301, 1365, 1357, 1365, 1301, 1251, 1366, 1364, 525, 1356, 524, 1364,
            1367, 1356, 1364, 525, 1368, 1366, 1367, 1364, 1366, 1277, 1150, 1369, 1150, 1370, 1369, 1201, 1197, 1250, 1365, 1358, 1357, 1361, 1356, 1367,
            1358, 1365, 1197, 1197, 1365, 1250, 1371, 1303, 1293, 1371, 1372, 1303, 1365, 1251, 1250, 1277, 1371, 1293, 1373, 1374, 1367, 1375, 1367, 1366,
            1369, 1371, 1277, 1104, 1174, 1095, 1095, 1174, 1110, 1376, 1330, 1332, 1330, 1352, 1349, 1330, 1376, 1352, 1377, 1371, 1369, 1371, 1377, 1378,
            1174, 1182, 1149, 1378, 1372, 1371, 1352, 1376, 1379, 1145, 1372, 1378, 1380, 1379, 1376, 1135, 1182, 1174, 1378, 1101, 1145, 1352, 1289, 1347,
            1174, 1104, 1135, 1381, 1182, 1135, 1382, 1289, 1352, 1370, 1377, 1369, 1377, 1370, 1383, 1352, 1379, 1382, 1181, 1370, 1150, 1376, 1361, 1380,
            1182, 1370, 1181, 1099, 1377, 1383, 1381, 1370, 1182, 1383, 1384, 1099, 1385, 1099, 1384, 1377, 1099, 1101, 1377, 1101, 1378, 1386, 1379, 1380,
            1386, 1382, 1379, 1386, 1387, 1382, 1148, 1381, 1135, 1134, 1148, 1135, 1388, 1252, 1389, 1252, 1303, 1389, 1380, 1390, 1386, 1386, 1390, 1391,
            1258, 1252, 1388, 1303, 1372, 1389, 1370, 1381, 1383, 1361, 1376, 1332, 1392, 1388, 1389, 1361, 1374, 1380, 1361, 1367, 1374, 1381, 1384, 1383,
            1392, 1389, 1145, 1148, 1384, 1381, 1393, 1388, 1392, 1385, 1384, 1148, 1380, 1374, 1390, 1145, 1389, 1372, 1283, 1289, 1338, 1382, 1387, 1338,
            1145, 1101, 1105, 1289, 1382, 1338, 1148, 1218, 1385, 1091, 1385, 1218, 1090, 1099, 1385, 1385, 1091, 1090, 1338, 1387, 1345, 1345, 1342, 1338,
            1099, 1090, 1100, 1100, 1090, 1092, 1184, 1089, 1088, 1394, 1345, 1387, 1387, 1395, 1394, 1394, 1396, 1345, 1088, 1087, 1095, 1395, 1387, 1386,
            1396, 1346, 1345, 1397, 1398, 1399, 1400, 1401, 1402, 1399, 1403, 1404, 1405, 1400, 1402, 1399, 1404, 1397, 1083, 631, 133, 1083, 1406, 631,
            1093, 1406, 1083, 1407, 1397, 1404, 1406, 1093, 1097, 1408, 1409, 1410, 1411, 1398, 1397, 1097, 1102, 1412, 1410, 1413, 1408, 1410, 1400, 1405,
            1411, 1397, 1407, 1102, 1116, 1412, 1414, 1410, 1405, 1414, 1405, 1415, 1116, 1103, 1118, 1120, 1116, 1118, 1116, 1416, 1412, 1120, 1416, 1116,
            1120, 1417, 1416, 1123, 1417, 1120, 1123, 1121, 1136, 1401, 1418, 1419, 1420, 1421, 1422, 1402, 1401, 1419, 1388, 1393, 1258, 1402, 1419, 1423,
            1424, 1425, 1258, 1426, 628, 1406, 1424, 1258, 1393, 1422, 1398, 1427, 628, 631, 1406, 1428, 1420, 1422, 1428, 1422, 1427, 1406, 1097, 1429,
            1412, 1429, 1097, 1429, 1430, 1406, 1405, 1402, 1431, 1431, 1402, 1423, 1393, 1432, 1424, 633, 628, 1426, 1393, 1392, 1144, 1431, 1423, 1433,
            1432, 1393, 1144, 1433, 1434, 1431, 1435, 1425, 1424, 1436, 1428, 1437, 1427, 1398, 1411, 1430, 1426, 1406, 1438, 1431, 1434, 1435, 1424, 1439,
            1429, 1412, 1440, 1440, 1412, 1416, 1440, 1430, 1429, 1424, 1432, 1439, 1441, 1432, 1144, 1440, 1416, 1442, 1415, 1405, 1431, 1415, 1431, 1438,
            1443, 1427, 1411, 1440, 1444, 1430, 1443, 1411, 1445, 1446, 1444, 1440, 1447, 1415, 1438, 1447, 1438, 1448, 1449, 1428, 1427, 1446, 1440, 1442,
            1449, 1427, 1443, 1446, 1442, 1450, 1433, 1451, 1434, 1449, 1437, 1428, 1452, 1434, 1451, 1453, 1434, 1452, 1453, 1452, 1454, 1453, 1438, 1434,
            1453, 1448, 1438, 1448, 1453, 1454, 1442, 1416, 1417, 1417, 1455, 1442, 1449, 1443, 1456, 1144, 1392, 1145, 1456, 1443, 1457, 1458, 1459, 1448,
            1144, 1146, 1154, 1162, 1164, 1460, 1460, 1136, 1158, 1454, 1458, 1448, 1162, 1460, 1158, 1461, 1421, 1420, 1441, 1144, 1154, 1458, 1454, 1462,
            1461, 1420, 1463, 1462, 1454, 1452, 1461, 1463, 1464, 1417, 1123, 1465, 1123, 1136, 1465, 1466, 704, 633, 1465, 1136, 1460, 1463, 1420, 1428,
            1463, 1428, 1436, 1417, 1465, 1455, 1426, 1466, 633, 1467, 1466, 1426, 1468, 1469, 1441, 1470, 1465, 1460, 1164, 1470, 1460, 1469, 1432, 1441,
            1470, 1164, 1471, 1472, 1465, 1470, 1467, 1426, 1430, 1430, 1444, 1467, 1154, 1473, 1441, 1473, 1468, 1441, 1142, 1473, 1154, 1166, 1294, 1312,
            1316, 1166, 1312, 1474, 1166, 1316, 1474, 1316, 1475, 1474, 1164, 1166, 1476, 1477, 1478, 1479, 1477, 1476, 1480, 1474, 1475, 1481, 1476, 1478,
            1468, 1473, 1482, 1475, 1316, 1320, 1483, 1435, 1439, 1164, 1474, 1471, 1479, 1476, 1484, 1471, 1474, 1480, 1485, 1439, 1432, 1486, 704, 1466,
            1486, 1466, 1467, 1487, 1480, 1488, 1483, 1439, 1489, 1467, 1490, 1486, 1491, 1492, 1477, 1471, 1480, 1487, 1491, 1477, 1479, 1489, 1439, 1485,
            1467, 1444, 1493, 1450, 1442, 1494, 1444, 1446, 1493, 1450, 1494, 1495, 1455, 1465, 1472, 1472, 1494, 1455, 1485, 1432, 1469, 1493, 1446, 1496,
            1494, 1442, 1455, 1496, 1446, 1450, 1497, 1485, 1469, 1498, 1467, 1493, 1495, 1494, 1472, 1499, 1500, 1464, 1495, 1472, 1501, 1498, 1493, 1502,
            1497, 1469, 1468, 1472, 1470, 1471, 1472, 1471, 1487, 1499, 1464, 1503, 1497, 1468, 1504, 1487, 1501, 1472, 1500, 1499, 1481, 1501, 1487, 1505,
            1502, 1496, 1506, 1484, 1476, 1507, 1507, 1476, 1481, 1508, 1489, 1485, 1505, 1487, 1488, 1509, 1485, 1497, 1496, 1502, 1493, 1501, 1505, 1510,
            1511, 1495, 1501, 1508, 1485, 1509, 1511, 1501, 1510, 1481, 1499, 1507, 1510, 1505, 1512, 1497, 1504, 1513, 1490, 1467, 1498, 1509, 1497, 1513,
            1514, 1484, 1507, 1515, 1509, 1513, 1516, 1490, 1498, 1517, 1516, 1498, 1502, 1517, 1498, 1518, 1519, 1483, 1520, 1521, 1479, 1489, 1518, 1483,
            1517, 1502, 1522, 1520, 1479, 1484, 1518, 1489, 1523, 1520, 1484, 1514, 1523, 1489, 1524, 1525, 1526, 1521, 1527, 1517, 1522, 1525, 1521, 1520,
            1520, 1514, 1528, 1178, 1529, 1186, 1450, 1495, 1506, 1496, 1450, 1506, 1525, 1520, 1530, 1482, 1473, 1142, 1530, 1520, 1528, 1142, 1173, 1482,
            1506, 1495, 1531, 1173, 1186, 1482, 1531, 1495, 1511, 1482, 1532, 1468, 1506, 1531, 1533, 1534, 1514, 1507, 1535, 1514, 1534, 1502, 1506, 1536,
            1532, 1482, 1186, 1186, 1537, 1532, 1537, 1186, 1529, 1538, 1507, 1499, 1538, 1499, 1539, 1538, 1534, 1507, 1234, 1529, 1178, 1538, 1540, 1534,
            1541, 1536, 1506, 1535, 1534, 1542, 1541, 1506, 1533, 1316, 1315, 1320, 1320, 1321, 1192, 1542, 1534, 1540, 1532, 1504, 1468, 1542, 1540, 1543,
            1528, 1514, 1535, 1530, 1528, 1535, 1544, 1531, 1511, 1533, 1531, 1544, 1544, 1511, 1263, 1504, 1532, 1545, 1546, 1436, 1437, 1545, 1513, 1504,
            1541, 1533, 1544, 1537, 1545, 1532, 1546, 1437, 1449, 1546, 1449, 1456, 1264, 1263, 1547, 1548, 1456, 1457, 1546, 1456, 1549, 1456, 1548, 1549,
            1204, 1194, 1196, 1550, 1510, 1512, 1551, 1513, 1545, 1549, 1552, 1546, 1263, 1511, 1510, 1553, 1545, 1537, 1554, 1194, 1207, 1204, 1207, 1194,
            1263, 1510, 1550, 1551, 1545, 1553, 1547, 1263, 1550, 1555, 1549, 1556, 1554, 1207, 1557, 1522, 1502, 1536, 1558, 1559, 1557, 1560, 1555, 1556,
            1560, 1556, 1561, 1211, 1557, 1207, 1562, 1536, 1541, 1522, 1536, 1562, 1557, 1211, 1219, 1563, 1234, 1564, 1557, 1219, 1565, 1565, 1219, 1221,
            1566, 1464, 1463, 1565, 1558, 1557, 1436, 1566, 1463, 1562, 1541, 1567, 1568, 1569, 1570, 1570, 1221, 1240, 1565, 1221, 1570, 1570, 1240, 1571,
            1464, 1566, 1503, 1570, 1571, 1568, 1572, 1571, 1240, 1565, 1570, 1558, 1558, 1570, 1569, 1255, 1234, 1231, 1503, 1566, 1436, 1564, 1234, 1255,
            1503, 1436, 1573, 1255, 1574, 1564, 1573, 1436, 1546, 1522, 1575, 1527, 1576, 1572, 1240, 1240, 1237, 1577, 1539, 1499, 1503, 1577, 1576, 1240,
            1403, 1563, 1564, 1575, 1522, 1562, 1577, 1578, 1576, 1246, 1577, 1237, 1567, 1579, 1562, 1403, 1564, 1574, 1574, 1580, 1403, 1581, 1539, 1503,
            1575, 1562, 1582, 1425, 1577, 1246, 1578, 1577, 1425, 1582, 1562, 1579, 1537, 1529, 1234, 1234, 1563, 1537, 1572, 1568, 1571, 1262, 1541, 1544,
            1573, 1581, 1503, 1583, 1569, 1568, 1567, 1541, 1262, 1583, 1568, 1572, 1558, 1569, 1583, 1572, 1584, 1583, 1576, 1585, 1572, 1263, 1262, 1544,
            1553, 1537, 1563, 1475, 1320, 1586, 1262, 1587, 1567, 1586, 1194, 1588, 1573, 1546, 1552, 1480, 1475, 1586, 1480, 1586, 1589, 1590, 1573, 1552,
            1399, 1563, 1403, 1586, 1588, 1591, 1399, 1553, 1563, 1555, 1552, 1549, 1587, 1262, 1264, 1589, 1586, 1591, 1587, 1264, 1592, 1480, 1589, 1488,
            871, 704, 1486, 1593, 1539, 1594, 1593, 1538, 1539, 871, 1486, 888, 1591, 1588, 1595, 1587, 1579, 1567, 1538, 1593, 1540, 1596, 1591, 1595,
            1596, 1595, 1597, 1587, 1598, 1579, 1595, 1599, 1597, 1486, 1600, 888, 1581, 1594, 1539, 1512, 1505, 1488, 1581, 1573, 1590, 1601, 1488, 1591,
            1591, 1488, 1589, 1590, 1594, 1581, 1600, 1486, 1490, 1600, 1490, 1602, 1512, 1488, 1601, 1601, 1591, 1596, 899, 888, 1600, 899, 892, 888,
            1592, 1598, 1587, 1603, 1540, 1593, 1596, 1604, 1601, 1603, 1593, 1594, 1543, 1540, 1603, 1605, 1527, 1575, 1606, 1512, 1607, 1603, 1594, 1608,
            1601, 1607, 1512, 1602, 1490, 1516, 1594, 1590, 1609, 1607, 1601, 1604, 899, 1600, 1610, 1610, 1600, 1602, 1607, 1604, 1611, 1612, 1597, 1613,
            1604, 1596, 1612, 1612, 1596, 1597, 1608, 1594, 1609, 1614, 1575, 1582, 1516, 1517, 1615, 1611, 1604, 1612, 1614, 1582, 1616, 1582, 1617, 1616,
            1615, 1517, 1527, 1611, 1612, 1618, 1590, 1552, 1619, 1619, 1552, 1555, 1582, 1579, 1620, 1612, 1613, 1621, 1617, 1582, 1620, 1619, 1555, 1560,
            898, 899, 1622, 1621, 1618, 1612, 1609, 1590, 1619, 1613, 1623, 1624, 1621, 1613, 1624, 1621, 1625, 1626, 1624, 1625, 1621, 1609, 1619, 1627,
            1626, 1625, 1628, 1598, 1620, 1579, 1625, 1624, 1629, 1610, 1602, 1630, 1628, 1625, 1629, 899, 1610, 1622, 1320, 1192, 1586, 1586, 1192, 1194,
            1631, 1622, 1610, 1610, 1630, 1631, 1588, 1194, 1554, 1622, 965, 898, 1627, 1619, 1560, 1627, 1560, 1632, 1632, 1560, 1561, 1633, 965, 1622,
            1554, 1595, 1588, 1598, 1634, 1620, 1620, 1634, 1617, 1554, 1557, 1559, 1633, 1622, 1631, 1595, 1554, 1559, 1635, 1636, 1637, 1633, 1631, 1638,
            1638, 1631, 1639, 1640, 1559, 1558, 1636, 1635, 1641, 1631, 1630, 1639, 1642, 1640, 1643, 1640, 1558, 1643, 1641, 1635, 1644, 1634, 1645, 1617,
            1630, 1602, 1516, 1634, 1646, 1647, 1630, 1516, 1615, 1599, 1640, 1642, 1599, 1595, 1559, 1640, 1599, 1559, 1647, 1645, 1634, 1641, 1644, 1648,
            1649, 1630, 1615, 1599, 1642, 1650, 1651, 1641, 1652, 1550, 1512, 1606, 1653, 1652, 1641, 1527, 1605, 1615, 1649, 1615, 1654, 1615, 1605, 1654,
            1550, 1606, 1547, 1639, 1630, 1649, 1653, 1641, 1648, 1611, 1606, 1607, 1648, 1655, 1653, 1653, 1655, 1656, 1425, 1246, 1258, 1657, 1578, 1425,
            1435, 1657, 1425, 1656, 1658, 1653, 1435, 1659, 1657, 1547, 1606, 1660, 1613, 1597, 1599, 1613, 1599, 1650, 1613, 1650, 1623, 1649, 1654, 1661,
            1584, 1558, 1583, 1643, 1558, 1584, 1584, 1662, 1643, 1663, 1664, 1653, 1642, 1643, 1662, 1665, 890, 980, 1666, 1662, 1667, 1667, 1662, 1668,
            1652, 1653, 1664, 1668, 1584, 1572, 1662, 1584, 1668, 1669, 1547, 1660, 890, 1665, 1670, 1585, 1668, 1572, 1653, 1658, 1663, 981, 965, 1633,
            1668, 1585, 1671, 1606, 1611, 1672, 1650, 1642, 1666, 1633, 1665, 981, 1662, 1666, 1642, 1623, 1650, 1673, 1650, 1666, 1673, 1673, 1666, 1667,
            1673, 1667, 1674, 980, 981, 1665, 1672, 1611, 1618, 1658, 1656, 1675, 1667, 1668, 1671, 1671, 1674, 1667, 1676, 1618, 1621, 1656, 1677, 1678,
            1585, 1576, 1578, 1672, 1618, 1676, 1585, 1578, 1671, 1665, 1633, 1638, 1578, 1657, 1671, 1675, 1656, 1678, 1679, 1672, 1676, 1680, 1660, 1606,
            1680, 1606, 1672, 1681, 1678, 1682, 1671, 1657, 1659, 1670, 1665, 1638, 1675, 1678, 1681, 1670, 1638, 1683, 1680, 1672, 1679, 1674, 1623, 1673,
            1684, 1680, 1679, 1685, 1681, 1682, 1686, 1624, 1623, 1674, 1687, 1623, 1688, 1670, 1683, 1684, 1679, 1689, 1686, 1623, 1687, 1638, 1639, 1690,
            1691, 1687, 1674, 1679, 1676, 1692, 1691, 1674, 1671, 1683, 1638, 1690, 1683, 1690, 1693, 1693, 1690, 1661, 1264, 1547, 1669, 1693, 1661, 1694,
            1624, 1686, 1687, 1675, 1681, 1695, 1690, 1639, 1649, 1690, 1649, 1661, 1624, 1687, 1629, 1592, 1264, 1669, 1695, 1681, 1685, 1629, 1687, 1696,
            1675, 1695, 1697, 1696, 1687, 1698, 1661, 1699, 1694, 1700, 1629, 1696, 1697, 1695, 1701, 1702, 1696, 1698, 1703, 1669, 1704, 1698, 1687, 1691,
            1698, 1691, 1705, 1706, 1592, 1669, 1702, 1698, 1705, 1598, 1592, 1706, 1658, 1707, 1663, 1688, 1683, 1708, 1691, 1671, 1659, 1709, 1663, 1707,
            1435, 1519, 1659, 1483, 1519, 1435, 1707, 1658, 1675, 1706, 1669, 1710, 1711, 1659, 1519, 1669, 1703, 1710, 1707, 1675, 1697, 1693, 1712, 1683,
            1712, 1693, 1713, 1705, 1691, 1711, 1711, 1691, 1659, 1694, 1713, 1693, 1703, 1704, 1714, 1715, 1707, 1697, 1716, 1705, 1711, 1717, 1705, 1716,
            1718, 1710, 1703, 1614, 1605, 1575, 1718, 1703, 1714, 1718, 1714, 1719, 1711, 1519, 1518, 1654, 1605, 1614, 1720, 1716, 1711, 1720, 1711, 1518,
            1680, 1669, 1660, 1661, 1654, 1699, 1699, 1654, 1614, 1704, 1669, 1680, 1709, 1707, 1721, 1721, 1707, 1715, 1704, 1680, 1684, 1699, 1614, 1616,
            1722, 1721, 1715, 1184, 1280, 1089, 1714, 1704, 1684, 1715, 1697, 1723, 1723, 1697, 1724, 1714, 1684, 1689, 1725, 1726, 1727, 1728, 1699, 1616,
            1728, 1616, 1729, 1725, 1526, 1730, 1713, 1694, 1731, 1676, 1621, 1626, 1732, 1725, 1730, 1694, 1699, 1728, 1731, 1694, 1728, 1692, 1676, 1626,
            1733, 1628, 1629, 1628, 1733, 1626, 1733, 1629, 1700, 1728, 1734, 1731, 1626, 1733, 1735, 1736, 1626, 1735, 1616, 1617, 1729, 1735, 1733, 1700,
            1735, 1700, 1737, 1738, 1732, 1739, 1689, 1679, 1692, 1645, 1729, 1617, 1739, 1732, 1730, 1740, 1739, 1730, 1741, 1689, 1692, 1742, 1645, 1647,
            1734, 1728, 1645, 1692, 1626, 1736, 1728, 1729, 1645, 1737, 1692, 1736, 1737, 1736, 1735, 1743, 1741, 1692, 1692, 1737, 1743, 1645, 1744, 1734,
            1739, 1745, 1738, 1741, 1743, 1746, 1746, 1743, 1747, 1743, 1737, 1747, 1748, 1745, 1739, 1744, 1645, 1742, 1747, 1737, 1700, 1749, 1747, 1700,
            1750, 1742, 1647, 1418, 1715, 1723, 1418, 1722, 1715, 1750, 1751, 1637, 1689, 1741, 1752, 1740, 1730, 1525, 1752, 1753, 1689, 891, 890, 1670,
            1754, 1752, 1755, 895, 891, 1756, 1746, 1752, 1741, 1756, 891, 1757, 891, 1670, 1757, 1688, 1757, 1670, 1752, 1746, 1758, 1758, 1746, 1759,
            1525, 1530, 1760, 1752, 1758, 1755, 1755, 1758, 1759, 1714, 1689, 1753, 1714, 1753, 1761, 1719, 1714, 1761, 1761, 1753, 1762, 1748, 1740, 1763,
            1740, 1525, 1760, 1756, 905, 895, 1754, 1762, 1753, 1754, 1753, 1752, 905, 1756, 1764, 1754, 1755, 1765, 1764, 1756, 1766, 1756, 1757, 1766,
            1766, 1757, 1767, 1763, 1740, 1760, 1759, 1746, 1747, 1768, 1759, 1747, 1769, 1542, 1543, 1768, 1747, 1749, 1767, 1757, 1708, 1770, 1530, 1535,
            1770, 1535, 1542, 1771, 1759, 1768, 1760, 1530, 1770, 1768, 1772, 1771, 1770, 1542, 1769, 1765, 1759, 1773, 1754, 1765, 1774, 1775, 1754, 1774,
            1774, 1765, 1773, 1776, 1774, 1773, 1777, 1778, 1779, 1759, 1765, 1755, 1770, 1780, 1760, 1773, 1759, 1771, 1781, 1760, 1780, 1708, 1757, 1688,
            1767, 1708, 1777, 1769, 1780, 1770, 1712, 1708, 1683, 1773, 1771, 1782, 1780, 1769, 1783, 1782, 1771, 1784, 1777, 1708, 1778, 1708, 1712, 1778,
            1778, 1712, 1713, 1702, 1700, 1696, 1740, 1748, 1739, 1702, 1785, 1786, 1787, 1745, 1748, 917, 904, 905, 917, 905, 1788, 1785, 1702, 1705,
            1785, 1705, 1717, 1789, 917, 1788, 1763, 1760, 1781, 1788, 905, 1764, 1788, 1764, 1790, 1786, 1785, 1791, 1792, 1785, 1717, 1793, 1787, 1748,
            1791, 1785, 1792, 1766, 1790, 1764, 1794, 1791, 1792, 1795, 1748, 1763, 918, 917, 1789, 1786, 1700, 1702, 1749, 1700, 1786, 1748, 1796, 1793,
            1796, 1748, 1795, 1795, 1763, 1781, 1749, 1786, 1768, 1797, 1786, 1791, 1795, 1798, 1796, 1788, 1799, 1789, 1799, 1788, 1790, 1800, 1799, 1790,
            1717, 1716, 1801, 1802, 1781, 1780, 1790, 1766, 1803, 1803, 1766, 1767, 1780, 1804, 1802, 1803, 1767, 1805, 1720, 1801, 1716, 1806, 1801, 1720,
            1802, 1804, 1807, 1803, 1805, 1808, 1805, 1767, 1777, 1781, 1798, 1795, 1777, 1779, 1805, 1798, 1781, 1802, 1792, 1717, 1801, 1807, 1798, 1802,
            1807, 1809, 1798, 1790, 1803, 1808, 1808, 1800, 1790, 1543, 1603, 1608, 1786, 1797, 1768, 1543, 1608, 1810, 1808, 1805, 1811, 1783, 1769, 1543,
            1811, 1805, 1812, 1791, 1794, 1797, 1813, 1808, 1811, 1772, 1768, 1797, 1810, 1608, 1814, 1778, 1713, 1815, 1731, 1815, 1713, 1783, 1543, 1810,
            1816, 1731, 1734, 1772, 1797, 1817, 1815, 1731, 1816, 1784, 1771, 1772, 1818, 1815, 1816, 1819, 1816, 1820, 1821, 1783, 1810, 1821, 1810, 1822,
            1816, 1734, 1820, 1823, 1821, 1822, 1810, 1824, 1822, 1817, 1797, 1825, 1815, 1826, 1778, 1797, 1794, 1825, 1804, 1780, 1783, 1779, 1778, 1826,
            1814, 1609, 1627, 1826, 1815, 1818, 1814, 1608, 1609, 1819, 1818, 1816, 1792, 1801, 1827, 1794, 1792, 1828, 1827, 1828, 1792, 1829, 1826, 1818,
            1830, 1627, 1632, 1831, 1819, 1820, 1814, 1627, 1832, 1832, 1627, 1833, 1830, 1833, 1627, 1820, 1734, 1744, 1824, 1810, 1814, 1831, 1820, 1744,
            1828, 1827, 1834, 1834, 1827, 1835, 1831, 1744, 1742, 1824, 1814, 1832, 1822, 1824, 1836, 1837, 1831, 1742, 1838, 1824, 1832, 1492, 1828, 1834,
            1836, 1824, 1838, 1828, 1825, 1794, 1839, 1825, 1828, 1838, 1832, 1833, 1840, 1818, 1841, 1819, 1831, 1841, 1492, 1839, 1828, 1841, 1818, 1819,
            1842, 1841, 1831, 1823, 1822, 1836, 1823, 1836, 1843, 1706, 1844, 1598, 1844, 1706, 1710, 1804, 1783, 1821, 1844, 1710, 1845, 1807, 1804, 1846,
            1805, 1779, 1812, 1847, 1710, 1718, 1829, 1812, 1779, 1821, 1823, 1804, 1845, 1710, 1847, 1846, 1804, 1823, 1598, 1844, 1634, 1634, 1844, 1848,
            1812, 1849, 1811, 1646, 1634, 1848, 1809, 1807, 1846, 1809, 1846, 1850, 1848, 1844, 1845, 1846, 1823, 1843, 1848, 1845, 1851, 1812, 1852, 1849,
            1852, 1829, 1840, 1853, 1852, 1854, 1850, 1846, 1843, 1853, 1849, 1852, 1854, 1855, 1853, 1855, 1854, 1856, 1829, 1779, 1826, 1857, 1836, 1858,
            1858, 1836, 1838, 1718, 1719, 1847, 1840, 1829, 1818, 1852, 1812, 1829, 1838, 1833, 1859, 1860, 1847, 1719, 1858, 1838, 1859, 1843, 1836, 1857,
            1847, 1851, 1845, 1854, 1840, 1841, 1851, 1847, 1861, 1861, 1847, 1860, 1862, 1843, 1857, 1862, 1857, 1863, 1858, 1863, 1857, 1861, 1860, 1864,
            1865, 1858, 1859, 1842, 1866, 1841, 1860, 1867, 1864, 1868, 1861, 1864, 1863, 1858, 1865, 1852, 1840, 1854, 1854, 1841, 1856, 1866, 1856, 1841,
            1869, 1793, 1796, 1796, 1798, 1870, 1751, 1646, 1848, 1647, 1646, 1751, 1869, 1796, 1870, 1871, 1869, 1870, 1751, 1848, 1851, 1637, 1751, 1872,
            1011, 1004, 1873, 1874, 1870, 1798, 1750, 1647, 1751, 1011, 1873, 1875, 1875, 1873, 1876, 1874, 1798, 1877, 1875, 1876, 1878, 1877, 1798, 1809,
            1879, 1875, 1878, 1874, 1871, 1870, 1851, 1861, 1872, 1872, 1751, 1851, 1880, 1011, 1875, 1027, 1011, 1880, 1872, 1861, 1868, 1868, 1881, 1872,
            1882, 1874, 1877, 1880, 1875, 1879, 1883, 1880, 1879, 1884, 1874, 1882, 1637, 1872, 1635, 1874, 1885, 1871, 1033, 1027, 1886, 1635, 1872, 1644,
            1887, 1033, 1886, 1885, 1874, 1884, 1027, 1880, 1886, 1872, 1881, 1644, 1883, 1886, 1880, 1888, 1886, 1883, 1889, 1885, 1884, 1644, 1881, 1648,
            1889, 1884, 1890, 1867, 1860, 1719, 1877, 1809, 1891, 1879, 1878, 1892, 1891, 1809, 1850, 1883, 1879, 1892, 1864, 1867, 1893, 1894, 1891, 1850,
            1877, 1891, 1894, 1893, 1867, 1895, 1883, 1892, 1896, 1896, 1892, 1897, 1898, 1895, 1899, 1893, 1895, 1898, 1862, 1850, 1843, 1888, 1883, 1896,
            1898, 1899, 1900, 1867, 1719, 1761, 1896, 1897, 1901, 1867, 1761, 1762, 1902, 1894, 1903, 1882, 1877, 1894, 1904, 1896, 1901, 1775, 1762, 1754,
            1902, 1882, 1894, 1867, 1762, 1895, 1762, 1775, 1895, 1905, 918, 1799, 1799, 918, 1789, 1906, 1903, 1894, 1905, 1004, 918, 1873, 1004, 1905,
            1899, 1895, 1775, 1899, 1775, 1907, 1905, 1799, 1876, 1776, 1775, 1774, 1800, 1876, 1799, 1782, 1776, 1773, 1876, 1873, 1905, 1776, 1782, 1907,
            1863, 1865, 1908, 1907, 1775, 1776, 1863, 1909, 1862, 1907, 1782, 1910, 1911, 1907, 1910, 1910, 1782, 1912, 1894, 1850, 1862, 1906, 1894, 1862,
            1913, 1912, 1782, 1800, 1914, 1876, 1913, 1782, 1784, 1915, 1913, 1784, 1813, 1800, 1808, 1914, 1800, 1813, 1916, 1912, 1913, 1917, 1906, 1918,
            1917, 1903, 1906, 1911, 1899, 1907, 1919, 1899, 1911, 1906, 1862, 1909, 1918, 1906, 1909, 1876, 1914, 1878, 1920, 1917, 1918, 1920, 1918, 1921,
            1919, 1911, 1910, 1910, 1922, 1919, 1884, 1882, 1890, 1912, 1922, 1910, 1914, 1813, 1923, 1902, 1890, 1882, 1924, 1899, 1919, 1925, 1914, 1923,
            1926, 1922, 1927, 1878, 1914, 1925, 1922, 1912, 1916, 1928, 1916, 1913, 1929, 1903, 1917, 1916, 1928, 1922, 1922, 1928, 1927, 1929, 1902, 1903,
            1892, 1878, 1925, 1890, 1902, 1929, 1930, 1892, 1925, 1868, 1864, 1893, 1892, 1930, 1897, 1881, 1868, 1893, 1931, 1889, 1890, 1931, 1890, 1932,
            1933, 1813, 1811, 1933, 1811, 1849, 1932, 1890, 1929, 1934, 1933, 1849, 1933, 1923, 1813, 1898, 1900, 1935, 1936, 1893, 1898, 1937, 1932, 1929,
            1936, 1898, 1935, 1934, 1938, 1933, 1937, 1939, 1932, 1934, 1849, 1853, 1936, 1648, 1881, 1940, 1934, 1853, 1648, 1936, 1655, 1881, 1893, 1936,
            1917, 1920, 1941, 1929, 1917, 1941, 1942, 1923, 1933, 1930, 1925, 1923, 1930, 1923, 1942, 1936, 1935, 1677, 1941, 1920, 1943, 1655, 1936, 1677,
            1656, 1655, 1677, 1933, 1938, 1942, 1940, 1938, 1934, 1937, 1929, 1941, 1938, 1940, 1944, 1935, 1900, 1945, 1945, 1900, 1924, 1940, 1853, 1855,
            1677, 1935, 1945, 1946, 1941, 1943, 1940, 1855, 1947, 1937, 1941, 1946, 1937, 1946, 1948, 1678, 1677, 1945, 1856, 1949, 1855, 1947, 1855, 1949,
            1678, 1945, 1682, 1944, 1940, 1947, 1682, 1945, 1950, 1951, 1950, 1945, 1950, 1951, 1952, 1900, 1899, 1924, 1953, 1938, 1944, 1924, 1919, 1926,
            1926, 1919, 1922, 1954, 1944, 1947, 1955, 1926, 1927, 1955, 1927, 1956, 1947, 1949, 1957, 1957, 1949, 1958, 1945, 1924, 1959, 1959, 1924, 1926,
            1959, 1926, 1955, 1928, 1956, 1927, 1951, 1959, 1955, 1951, 1955, 1952, 1956, 1928, 1960, 1951, 1945, 1959, 1961, 1949, 1856, 1952, 1955, 1956,
            1772, 1915, 1784, 1915, 1772, 1817, 1930, 1942, 1962, 1963, 1952, 1956, 1962, 1942, 1964, 1817, 1825, 1965, 1964, 1942, 1953, 1966, 1817, 1965,
            1942, 1938, 1953, 1967, 1963, 1956, 1967, 1956, 1968, 1965, 1825, 1839, 1966, 1915, 1817, 1967, 1968, 1726, 1726, 1968, 1969, 1966, 1965, 1970,
            1950, 1971, 1682, 1971, 1950, 1952, 1897, 1930, 1901, 1972, 1971, 1952, 1901, 1930, 1962, 1913, 1915, 1966, 1901, 1962, 1964, 1913, 1966, 1960,
            1971, 1685, 1682, 1685, 1971, 1972, 1685, 1972, 1973, 1928, 1913, 1960, 1973, 1972, 1974, 1974, 1972, 1975, 1976, 1964, 1953, 1901, 1964, 1977,
            1685, 1978, 1695, 1964, 1976, 1977, 1978, 1685, 1973, 1978, 1973, 1974, 1695, 1978, 1979, 1979, 1978, 1974, 1977, 1976, 1980, 1981, 1960, 1966,
            1701, 1695, 1982, 1981, 1966, 1970, 1982, 1695, 1979, 1983, 1979, 1974, 1982, 1979, 1983, 1492, 1834, 1477, 1975, 1984, 1974, 1965, 1839, 1985,
            1953, 1944, 1954, 1985, 1839, 1492, 1954, 1986, 1953, 1983, 1974, 1984, 1970, 1965, 1985, 1954, 1947, 1957, 1954, 1957, 1987, 1988, 1987, 1957,
            1972, 1952, 1963, 1975, 1972, 1963, 1989, 1975, 1963, 1976, 1953, 1986, 1980, 1976, 1986, 1970, 1985, 1990, 1989, 1963, 1967, 1986, 1954, 1987,
            1985, 1492, 1491, 1991, 1989, 1967, 1985, 1491, 1990, 1980, 1986, 1987, 1980, 1987, 1992, 1992, 1987, 1993, 1984, 1975, 1989, 1984, 1989, 1994,
            1989, 1995, 1994, 1837, 1742, 1750, 1989, 1991, 1995, 1956, 1960, 1968, 1837, 1750, 1996, 1969, 1968, 1960, 1636, 1750, 1637, 1724, 1697, 1701,
            1750, 1636, 1997, 1960, 1981, 1969, 1831, 1837, 1996, 1969, 1981, 1998, 1701, 1982, 1999, 1999, 1982, 1983, 1724, 1701, 1999, 1996, 1842, 1831,
            2000, 1996, 1997, 2000, 1842, 1996, 2001, 1999, 1983, 1997, 1996, 1750, 2002, 1983, 1984, 1724, 1999, 2001, 2001, 2003, 1724, 1726, 1969, 1727,
            2001, 1983, 2002, 1998, 1970, 1990, 1641, 1997, 1636, 1723, 1724, 2003, 1981, 1970, 1998, 1651, 1997, 1641, 1969, 1998, 1727, 1723, 2004, 1419,
            1723, 2003, 2004, 2004, 2003, 2005, 2005, 2003, 2001, 1521, 1491, 1479, 1990, 1491, 1521, 2006, 1651, 1652, 1990, 1521, 1526, 1526, 1998, 1990,
            2007, 2004, 2005, 2008, 2009, 2007, 2009, 2004, 2007, 1842, 2000, 2010, 2007, 2005, 2001, 2010, 1866, 1842, 2007, 2001, 2002, 1526, 1727, 1998,
            1866, 2010, 2011, 2007, 2002, 2012, 2011, 2010, 2013, 1725, 1727, 1526, 2000, 1997, 2013, 2013, 2010, 2000, 2013, 1997, 1651, 1984, 1994, 2002,
            1525, 1730, 1526, 1856, 1866, 1961, 1961, 1866, 2011, 2002, 1994, 2014, 2015, 1961, 2011, 1994, 1995, 2016, 2014, 1994, 2016, 2015, 2011, 2013,
            2015, 2013, 2017, 2012, 2002, 2014, 2018, 2012, 2014, 2019, 1651, 2006, 2019, 2013, 1651, 2016, 2020, 2014, 2018, 2014, 2020, 2006, 1652, 1664,
            1991, 1967, 1726, 1991, 1726, 2021, 2021, 1726, 1725, 2017, 2013, 2019, 2017, 2019, 2022, 1995, 1991, 2023, 2023, 1991, 2021, 2019, 2006, 2022,
            2021, 1725, 1732, 2024, 2025, 2022, 2006, 1664, 1709, 1709, 1664, 1663, 2016, 1995, 2023, 2023, 2021, 2026, 2024, 2006, 1709, 2022, 2006, 2024,
            2026, 2016, 2023, 2026, 2021, 2027, 2027, 2021, 1732, 2024, 1709, 1721, 2020, 2016, 2026, 1949, 2028, 1958, 2029, 2020, 2026, 1957, 1958, 1988,
            2029, 2026, 2027, 1988, 1958, 2030, 2031, 2029, 2027, 2027, 1732, 1738, 2028, 1949, 1961, 2028, 1961, 2015, 2028, 2015, 2032, 2032, 2015, 2017,
            2027, 1738, 1745, 2028, 2032, 2030, 2033, 2027, 1745, 1958, 2028, 2030, 1508, 1524, 1489, 2033, 1745, 2034, 1419, 1418, 1723, 2025, 2017, 2022,
            2025, 2032, 2017, 2035, 1508, 1509, 2036, 2035, 1509, 2036, 1509, 1515, 2037, 2032, 2025, 2009, 2038, 1419, 2009, 1419, 2004, 2037, 2025, 2039,
            2040, 2041, 2035, 2038, 2009, 2008, 2042, 2035, 2036, 2040, 2035, 2042, 2043, 1419, 2038, 2043, 2038, 2008, 2008, 2044, 2043, 2030, 2032, 2037,
            1720, 1523, 1806, 1523, 1720, 1518, 1423, 1419, 2045, 2045, 1419, 2043, 2045, 2043, 2044, 2045, 1433, 1423, 2046, 1806, 1523, 2039, 2025, 2047,
            2048, 2008, 2049, 2008, 2007, 2049, 2046, 1801, 1806, 2049, 2007, 2012, 2050, 2049, 2012, 2051, 1987, 1988, 1827, 1801, 2046, 2052, 1988, 2030,
            2044, 2008, 2048, 2046, 1523, 2053, 1524, 2053, 1523, 1433, 2045, 2044, 2051, 1988, 2052, 1451, 1433, 2044, 2053, 1524, 2054, 1451, 2044, 2048,
            2053, 2054, 2055, 1451, 2048, 2056, 2048, 2049, 2056, 1993, 1987, 2051, 1508, 2054, 1524, 2041, 1508, 2035, 2057, 2049, 2050, 2056, 2049, 2057,
            2041, 2054, 1508, 2058, 2051, 2052, 2041, 2055, 2054, 2055, 2041, 2059, 2050, 2012, 2018, 2059, 2041, 2040, 2060, 2051, 2058, 2060, 2058, 2061,
            2053, 2062, 2046, 1835, 1827, 2046, 1835, 2046, 2062, 2063, 2058, 2052, 2064, 2050, 2018, 2064, 2018, 2065, 2066, 1835, 2062, 2065, 2018, 2020,
            2058, 2063, 2067, 2062, 2053, 2055, 2061, 2058, 2067, 2062, 2055, 2068, 1834, 1835, 2066, 2067, 2063, 2069, 2069, 2063, 2070, 2070, 2071, 2069,
            2057, 2050, 2064, 2052, 2030, 2063, 2063, 2030, 2037, 1477, 1834, 2066, 2063, 2037, 2070, 2070, 2037, 2039, 1477, 2066, 1478, 1478, 2066, 2062,
            1478, 2062, 2072, 2073, 1451, 2056, 1478, 2072, 1481, 2068, 2055, 2059, 1452, 1451, 2074, 2074, 1451, 2073, 2056, 2057, 2073, 2025, 2024, 2047,
            1461, 2059, 2040, 1421, 2040, 2042, 1461, 2040, 1421, 2057, 2075, 2073, 2076, 2024, 1721, 2047, 2024, 2076, 2072, 2062, 2068, 1452, 2074, 1462,
            2068, 1500, 2072, 2074, 2073, 2077, 1462, 2074, 2078, 2078, 2074, 2077, 1481, 2072, 1500, 2039, 2047, 2079, 2077, 2080, 2078, 2068, 2059, 1461,
            2079, 2047, 2081, 2075, 2077, 2073, 1464, 2068, 1461, 1500, 2068, 1464, 2082, 2077, 2075, 2047, 2076, 2081, 1515, 1513, 1551, 2083, 2057, 2064,
            1409, 2081, 2084, 2075, 2057, 2083, 2076, 1721, 1722, 2064, 2085, 2083, 1551, 2086, 1515, 2036, 1515, 2086, 2085, 2087, 2083, 2088, 2064, 2089,
            2064, 2088, 2085, 1551, 1553, 1398, 2086, 1551, 1398, 1722, 1418, 1401, 2081, 1722, 2084, 2075, 2083, 2087, 1722, 2081, 2076, 2042, 2036, 2090,
            2084, 1722, 1401, 2090, 2036, 2086, 2087, 2091, 2075, 2042, 2090, 1421, 1421, 2090, 1422, 2087, 2085, 2088, 2084, 1401, 1400, 1422, 2086, 1398,
            1422, 2090, 2086, 2065, 2020, 2029, 2070, 2039, 2079, 2092, 2070, 2079, 2065, 2029, 2093, 1398, 1553, 1399, 2092, 2079, 1409, 1409, 2079, 2081,
            2093, 2029, 2031, 2092, 1409, 1408, 2071, 2070, 2092, 2089, 2064, 2065, 2089, 2065, 2093, 2093, 2031, 2094, 1408, 2071, 2092, 2095, 2093, 2094,
            2031, 2027, 2033, 1409, 1400, 1410, 1409, 2084, 1400, 2031, 2033, 2096, 2033, 2034, 2096, 2031, 2097, 2094, 2095, 2094, 2097, 2097, 2031, 2096,
            2097, 2096, 2098, 2088, 2089, 2099, 2099, 2089, 2093, 2099, 2093, 2095, 2087, 2088, 2100, 2100, 2088, 2099, 2101, 2100, 2099, 2101, 2099, 2102,
            2103, 2095, 2097, 2097, 2098, 2104, 2104, 2103, 2097, 2102, 2099, 2095, 2102, 2095, 2103, 2102, 2103, 2105, 2105, 2103, 2104, 2034, 1745, 1787,
            2034, 1787, 1793, 1869, 2034, 1793, 2096, 2034, 1869, 2096, 1869, 2106, 2098, 2096, 2106, 1869, 1871, 2106, 1871, 2107, 2106, 2098, 2106, 2107,
            2104, 2098, 2107, 2108, 2107, 1871, 1871, 2109, 2108, 2104, 2107, 2110, 2107, 2108, 2110, 2111, 2104, 2110, 2112, 2108, 2109, 2110, 2108, 2113,
            2113, 2108, 2112, 2109, 1871, 1885, 1885, 1889, 2109, 2112, 2109, 2114, 2114, 2109, 1889, 2115, 2116, 2117, 2118, 2119, 2120, 2121, 2122, 2123,
            2124, 2125, 2126, 2127, 2126, 2125, 2128, 2129, 2116, 2130, 2124, 2126, 2128, 2131, 2129, 2121, 2123, 2132, 2131, 2133, 2129, 2127, 2125, 2134,
            2119, 2118, 2135, 2136, 2123, 2137, 2136, 2132, 2123, 2136, 2138, 2139, 2140, 2135, 2141, 2127, 2134, 2142, 2143, 2144, 2117, 2118, 2145, 2146,
            2136, 2137, 2138, 2126, 2127, 2147, 2138, 2137, 2148, 2118, 2146, 2135, 2117, 2116, 2143, 2138, 2148, 2149, 2116, 2129, 2143, 2150, 2147, 2151,
            2138, 2152, 2139, 2129, 2133, 2143, 2153, 2143, 2133, 2127, 2142, 2147, 2138, 2149, 2152, 2144, 2143, 2154, 2151, 2147, 2142, 2131, 2155, 2156,
            2157, 2152, 2149, 2158, 2146, 2145, 2149, 2148, 2159, 2125, 2160, 2134, 2161, 2162, 2159, 2149, 2159, 2162, 2162, 2157, 2149, 2131, 2163, 2133,
            2164, 2142, 2134, 2165, 2141, 2135, 2165, 2135, 2166, 2162, 2161, 2167, 2146, 2166, 2135, 2162, 2167, 2168, 2158, 2166, 2146, 2169, 2168, 2167,
            2170, 2171, 2172, 2173, 2174, 2134, 2134, 2174, 2164, 2168, 2157, 2162, 2175, 2151, 2142, 2157, 2168, 2176, 2171, 2170, 2144, 2176, 2177, 2157,
            2178, 2176, 2168, 2170, 2117, 2144, 2175, 2142, 2164, 2169, 2178, 2168, 2171, 2144, 2179, 2180, 2158, 2145, 2181, 2158, 2180, 2180, 2182, 2181,
            2183, 2144, 2154, 2169, 2184, 2185, 2175, 2164, 2186, 2144, 2183, 2179, 2187, 2176, 2188, 2178, 2188, 2176, 2189, 2190, 2191, 2192, 2181, 2182,
            2191, 2193, 2189, 2188, 2178, 2185, 2194, 2179, 2183, 2169, 2185, 2178, 2195, 2179, 2194, 2196, 2197, 2189, 2166, 2158, 2198, 2184, 2199, 2185,
            2200, 2185, 2199, 2201, 2202, 2165, 2196, 2189, 2203, 2201, 2165, 2166, 2201, 2166, 2198, 2188, 2200, 2204, 2154, 2143, 2153, 2200, 2188, 2185,
            2197, 2205, 2206, 2200, 2199, 2207, 2205, 2197, 2208, 2158, 2181, 2198, 2192, 2198, 2181, 2209, 2210, 2200, 2200, 2207, 2209, 2183, 2211, 2212,
            2207, 2213, 2209, 2208, 2197, 2196, 2211, 2183, 2154, 2213, 2214, 2209, 2215, 2192, 2216, 2217, 2208, 2196, 2215, 2216, 2218, 2219, 2208, 2217,
            2220, 2221, 2222, 2194, 2183, 2212, 2215, 2198, 2192, 2184, 2223, 2199, 2224, 2217, 2196, 2196, 2203, 2224, 2220, 2225, 2199, 2215, 2226, 2198,
            2212, 2227, 2194, 2207, 2199, 2225, 2217, 2228, 2219, 2225, 2220, 2222, 2215, 2218, 2229, 2224, 2230, 2217, 2226, 2215, 2229, 2217, 2230, 2228,
            2225, 2213, 2207, 2225, 2222, 2213, 2174, 2231, 2164, 2218, 2232, 2229, 2164, 2231, 2186, 2233, 2228, 2230, 2232, 2234, 2229, 2230, 2235, 2233,
            2236, 2237, 2238, 2230, 2239, 2235, 2240, 2236, 2238, 2241, 2242, 2236, 2241, 2236, 2240, 2186, 2231, 2243, 2244, 2245, 2246, 2241, 2240, 2247,
            566, 461, 565, 2186, 2243, 2248, 2241, 2249, 2242, 565, 551, 2250, 2251, 2213, 2222, 566, 565, 2250, 2251, 2222, 2237, 2252, 2253, 2246,
            2254, 2243, 2255, 2221, 2237, 2222, 2256, 2257, 2254, 2237, 2221, 2238, 2244, 2246, 2253, 2258, 2259, 2260, 2251, 2237, 2261, 2262, 2263, 2260,
            2191, 2245, 2244, 2251, 2264, 2213, 2263, 2262, 2265, 2264, 2214, 2213, 2175, 2186, 2262, 566, 2266, 567, 2261, 2264, 2251, 2262, 2186, 2248,
            568, 567, 2266, 2191, 2244, 2193, 2236, 2261, 2237, 2265, 2248, 2254, 2242, 2261, 2236, 2265, 2262, 2248, 2242, 2249, 2267, 2268, 2269, 2253,
            2261, 2242, 2267, 2253, 2270, 2268, 2264, 2261, 2271, 2250, 2272, 2273, 2253, 2269, 2244, 2260, 2263, 2258, 566, 2250, 2273, 2264, 2271, 2274,
            2244, 2269, 2275, 566, 2276, 2266, 2265, 2277, 2263, 2274, 2271, 2278, 2273, 2276, 566, 2277, 2258, 2263, 2267, 2271, 2261, 2279, 2276, 2273,
            2271, 2267, 2278, 2280, 2269, 2150, 2268, 2150, 2269, 2275, 2193, 2244, 2281, 568, 2266, 2248, 2243, 2254, 2241, 2247, 2249, 2281, 2282, 568,
            2283, 2284, 2247, 2284, 2249, 2247, 2281, 2266, 2276, 2254, 2257, 2285, 2193, 2275, 2286, 2254, 2285, 2265, 2287, 2281, 2276, 2288, 2289, 2283,
            2257, 2290, 2285, 2276, 2279, 2287, 2288, 2291, 2289, 2280, 2275, 2269, 2289, 2284, 2283, 2280, 2286, 2275, 2265, 2285, 2277, 2284, 2289, 2292,
            2289, 2293, 2292, 2193, 2203, 2189, 2293, 2289, 2291, 2286, 2203, 2193, 2294, 2277, 2285, 2295, 2267, 2249, 2296, 2203, 2286, 2282, 482, 568,
            2282, 483, 482, 2297, 2267, 2295, 2278, 2267, 2297, 2298, 2278, 2297, 2203, 2296, 2224, 2297, 2295, 2299, 2259, 2258, 2300, 2301, 2297, 2299,
            2297, 2301, 2298, 2302, 2300, 2258, 2299, 2303, 2301, 2282, 2281, 2304, 2301, 2303, 2305, 2150, 2306, 2280, 2305, 2307, 2301, 2308, 2282, 2304,
            2308, 2304, 2309, 2310, 2302, 2258, 2311, 2304, 2281, 2295, 2249, 2284, 2312, 2286, 2280, 2313, 2308, 2309, 2314, 2295, 2284, 2292, 2314, 2284,
            2315, 2316, 2317, 2314, 2299, 2295, 2299, 2314, 2303, 2302, 2315, 2300, 2280, 2318, 2312, 2314, 2292, 2303, 2319, 2303, 2292, 2280, 2320, 2318,
            2287, 2311, 2281, 2302, 2310, 2316, 2315, 2302, 2316, 2321, 2287, 2279, 2318, 2320, 2259, 2311, 2287, 2321, 2291, 2322, 2293, 2258, 2323, 2310,
            2311, 2321, 2324, 2310, 2323, 2325, 2326, 2292, 2293, 2318, 2259, 2327, 2328, 2293, 2322, 2326, 2293, 2328, 2329, 2316, 2310, 2326, 2328, 2330,
            2331, 2332, 2273, 2310, 2325, 2329, 2333, 2330, 2328, 2328, 2334, 2333, 2279, 2273, 2332, 2151, 2306, 2150, 2335, 2316, 2329, 2307, 2305, 2336,
            2307, 2336, 2337, 2326, 2319, 2292, 2331, 2338, 2332, 2303, 2319, 2336, 2339, 2329, 2325, 2332, 2338, 2340, 2319, 2326, 2341, 2336, 2319, 2341,
            2280, 2306, 2320, 2321, 2332, 2340, 2151, 2175, 2306, 2279, 2332, 2321, 2330, 2341, 2326, 2336, 2305, 2303, 2323, 2258, 2277, 2277, 2294, 2323,
            2336, 2341, 2342, 2321, 2340, 2343, 2175, 2262, 2306, 2337, 2336, 2342, 2344, 2323, 2294, 2345, 2337, 2342, 2320, 2262, 2260, 2320, 2306, 2262,
            2346, 2341, 2330, 2325, 2323, 2344, 2325, 2344, 2339, 2257, 2256, 2347, 2346, 2342, 2341, 2290, 2257, 2347, 2330, 2333, 2346, 2346, 2333, 2172,
            2260, 2259, 2320, 2343, 2340, 2348, 2312, 2296, 2286, 2321, 2343, 2324, 2342, 2349, 2345, 2350, 2296, 2312, 2351, 2224, 2296, 2342, 2352, 2349,
            2343, 2353, 2324, 2354, 2355, 2290, 2290, 2347, 2354, 2350, 2351, 2296, 2346, 2352, 2342, 2356, 2294, 2357, 2172, 2352, 2346, 2353, 2358, 2324,
            2288, 2359, 2291, 2239, 2351, 2350, 2360, 2358, 2353, 2290, 2357, 2285, 2357, 2294, 2285, 2361, 2322, 2359, 2312, 2318, 2350, 2357, 2290, 2355,
            2327, 2350, 2318, 2304, 2362, 2309, 2359, 2322, 2291, 2351, 2230, 2224, 2239, 2230, 2351, 2322, 2361, 2363, 2322, 2363, 2334, 2311, 2358, 2304,
            2361, 2364, 2363, 2311, 2324, 2358, 2239, 2365, 2235, 2350, 2327, 2239, 2366, 2239, 2327, 2355, 2354, 2367, 2368, 2362, 2304, 2355, 2356, 2357,
            2322, 2334, 2328, 2367, 2369, 2355, 2370, 2367, 2354, 2334, 2363, 2371, 2300, 2366, 2327, 2309, 2362, 2372, 2371, 2333, 2334, 2300, 2327, 2259,
            450, 445, 449, 452, 450, 2373, 449, 2373, 450, 2372, 2362, 2374, 2329, 2339, 2335, 2373, 2375, 2376, 2335, 2339, 2377, 2366, 2365, 2239,
            455, 2378, 456, 449, 439, 456, 2304, 2358, 2368, 456, 2379, 449, 2380, 2368, 2358, 2315, 2365, 2366, 2315, 2366, 2300, 2378, 2379, 456,
            2360, 2380, 2358, 2365, 2315, 2381, 2294, 2356, 2344, 449, 2379, 2382, 449, 2382, 2373, 2383, 2339, 2344, 2379, 2378, 2384, 2344, 2356, 2383,
            2385, 2372, 2374, 2386, 2385, 2374, 2378, 2387, 2384, 2132, 2136, 2388, 2132, 2388, 2389, 2387, 2390, 2384, 2383, 2356, 2391, 2392, 2384, 2390,
            2392, 2390, 2393, 2389, 2388, 2394, 2362, 2368, 2374, 2379, 2384, 2382, 2383, 2377, 2339, 2373, 2382, 2375, 2395, 2374, 2368, 2368, 2380, 2395,
            2136, 2139, 2388, 2382, 2384, 2375, 2383, 2396, 2377, 2395, 2386, 2374, 2384, 2397, 2375, 2377, 2396, 2398, 2375, 2397, 2399, 2383, 2391, 2396,
            2388, 2139, 2400, 2391, 2356, 2401, 2402, 2372, 2385, 2373, 2376, 452, 2403, 2400, 2139, 2404, 2388, 2400, 2376, 466, 452, 2356, 2355, 2369,
            2401, 2356, 2369, 466, 2376, 2405, 464, 466, 471, 2401, 2369, 2406, 2407, 2385, 2386, 466, 2408, 471, 2409, 472, 471, 2404, 2400, 2410,
            2411, 2385, 2412, 2412, 2385, 2407, 2409, 471, 2408, 2403, 2413, 2400, 466, 2405, 2408, 2396, 2414, 2398, 2415, 2340, 2416, 2413, 2403, 2417,
            2376, 2375, 2418, 2414, 2396, 2391, 2401, 2414, 2391, 2403, 2139, 2152, 2419, 2415, 2416, 2401, 2406, 2414, 2405, 2376, 2418, 2340, 2415, 2348,
            2414, 2420, 2398, 2417, 2403, 2152, 2415, 2419, 2421, 2157, 2177, 2152, 2408, 2405, 2422, 2367, 2370, 2423, 2413, 2410, 2400, 2424, 2422, 2405,
            2405, 2418, 2424, 2343, 2348, 2353, 2413, 2425, 2410, 2399, 2418, 2375, 2353, 2348, 2426, 2427, 2418, 2399, 2423, 2369, 2367, 2406, 2369, 2428,
            2393, 2390, 2121, 2423, 2428, 2369, 2353, 2426, 2360, 2425, 2413, 2429, 2389, 2393, 2121, 2132, 2389, 2121, 2393, 2389, 2392, 2392, 2389, 2430,
            2431, 2429, 2413, 2432, 2428, 2423, 2397, 2384, 2392, 2348, 2415, 2433, 2426, 2348, 2433, 2406, 2428, 2434, 2397, 2435, 2399, 2177, 2417, 2152,
            2414, 2406, 2436, 2397, 2392, 2435, 2433, 2415, 2421, 2430, 2435, 2392, 2434, 2436, 2406, 2437, 2417, 2177, 2421, 2438, 2433, 2394, 2430, 2389,
            2176, 2187, 2177, 2436, 2434, 2439, 2440, 2441, 2435, 2442, 2426, 2433, 2177, 2187, 2437, 2439, 2434, 2443, 2435, 2430, 2440, 2444, 2437, 2187,
            2445, 2437, 2444, 2413, 2417, 2431, 2443, 2446, 2439, 2426, 2442, 2447, 2440, 2430, 2394, 2394, 2404, 2440, 2438, 2448, 2433, 2431, 2449, 2429,
            2433, 2448, 2442, 2431, 2445, 2449, 2427, 2424, 2418, 2424, 2450, 2422, 2437, 2431, 2417, 2451, 2447, 2442, 2442, 2448, 2451, 2445, 2431, 2437,
            2432, 2434, 2428, 2452, 2424, 2427, 2452, 2450, 2424, 2432, 2453, 2454, 2450, 2452, 2455, 2395, 2380, 2456, 2457, 2458, 2452, 2443, 2459, 2446,
            2407, 2386, 2395, 2441, 2399, 2435, 2395, 2460, 2407, 2454, 2443, 2434, 2434, 2432, 2454, 2399, 2441, 2427, 2443, 2454, 2459, 2395, 2456, 2460,
            2456, 2461, 2460, 2462, 2445, 2444, 2456, 2463, 2461, 2445, 2462, 2449, 2464, 2441, 2440, 2464, 2427, 2441, 2453, 2459, 2454, 2462, 2444, 2465,
            2466, 2465, 2444, 2440, 2467, 2464, 2464, 2467, 2468, 2427, 2464, 2452, 2469, 2470, 2461, 2457, 2452, 2464, 2468, 2457, 2464, 2453, 2471, 2459,
            2472, 2471, 2453, 2473, 2470, 2469, 2188, 2444, 2187, 2471, 2474, 2459, 2380, 2360, 2475, 2409, 532, 472, 2475, 2360, 2426, 2466, 2444, 2188,
            2409, 2476, 532, 2476, 534, 532, 2466, 2188, 2204, 2380, 2475, 2456, 534, 529, 532, 2456, 2475, 2463, 2425, 2429, 2477, 2447, 2475, 2426,
            2478, 2471, 2472, 2429, 2479, 2477, 2478, 2480, 2471, 2481, 534, 2476, 2482, 2480, 2478, 534, 2481, 2483, 539, 534, 2483, 2484, 2485, 2486,
            2484, 2487, 2485, 2463, 2475, 2447, 2488, 2481, 2476, 2429, 2449, 2479, 2489, 2483, 2481, 2479, 2490, 2477, 2491, 2463, 2447, 2489, 2481, 2488,
            2492, 2485, 2487, 2490, 2493, 2477, 2494, 551, 548, 2451, 2491, 2447, 551, 2494, 2250, 2495, 2493, 2490, 2494, 2272, 2250, 2463, 2469, 2461,
            2496, 2479, 2449, 547, 539, 2497, 2490, 2479, 2496, 2463, 2491, 2469, 547, 2497, 548, 2498, 2487, 2484, 2494, 548, 2497, 2497, 539, 2483,
            2499, 2498, 2500, 2501, 2448, 2438, 2499, 2487, 2498, 2496, 2502, 2503, 2462, 2496, 2449, 2494, 2497, 2504, 2504, 2272, 2494, 2448, 2501, 2505,
            2448, 2505, 2451, 2497, 2506, 2504, 2496, 2495, 2490, 2497, 2483, 2507, 2506, 2497, 2507, 2507, 2489, 2508, 2483, 2489, 2507, 2496, 2503, 2495,
            2509, 2506, 2507, 2499, 2510, 2511, 2507, 2508, 2509, 2512, 2513, 2514, 2272, 2504, 2506, 2505, 2513, 2451, 2491, 2451, 2512, 2512, 2451, 2513,
            2499, 2500, 2510, 2515, 2272, 2506, 2509, 2515, 2506, 2515, 2273, 2272, 2462, 2465, 2516, 2514, 2513, 2517, 2511, 2487, 2499, 2473, 2469, 2491,
            2487, 2511, 2492, 2489, 2518, 2508, 2473, 2491, 2512, 2514, 2473, 2512, 2508, 2518, 2519, 2492, 2511, 2520, 2515, 2331, 2273, 2515, 2521, 2331,
            2466, 2204, 2465, 2522, 2511, 2510, 2522, 2523, 2511, 2515, 2509, 2521, 2509, 2508, 2521, 2511, 2523, 2520, 2521, 2508, 2519, 2473, 2514, 2524,
            2204, 2210, 2525, 2524, 2514, 2526, 2521, 2338, 2331, 2200, 2210, 2204, 2519, 2527, 2521, 2513, 2505, 2528, 2529, 2485, 2530, 2416, 2338, 2521,
            2338, 2416, 2340, 2465, 2204, 2525, 2465, 2525, 2516, 2521, 2527, 2416, 2528, 2517, 2513, 2517, 2528, 2531, 2492, 2530, 2485, 2532, 2416, 2527,
            2520, 2530, 2492, 2533, 2531, 2528, 2210, 2534, 2525, 2535, 2409, 2408, 2408, 2422, 2535, 2409, 2535, 2476, 2210, 2209, 2534, 2536, 2537, 2538,
            2536, 2538, 2529, 2539, 2535, 2422, 2540, 2541, 2542, 2526, 2514, 2517, 2535, 2488, 2476, 2534, 2209, 2543, 2526, 2517, 2531, 2539, 2488, 2535,
            2526, 2531, 2541, 2214, 2543, 2209, 2542, 2541, 2531, 2544, 2534, 2543, 2488, 2539, 2545, 2546, 2537, 2536, 2547, 2546, 2536, 2536, 2529, 2530,
            2544, 2525, 2534, 2450, 2539, 2422, 2419, 2548, 2421, 2536, 2530, 2549, 2544, 2550, 2525, 2550, 2551, 2516, 2516, 2525, 2550, 2421, 2548, 2552,
            2539, 2450, 2545, 2530, 2520, 2553, 2450, 2455, 2545, 2554, 2551, 2550, 2438, 2421, 2552, 2488, 2555, 2489, 2549, 2530, 2553, 2555, 2518, 2489,
            2555, 2488, 2545, 2556, 2552, 2557, 2545, 2518, 2555, 2518, 2545, 2558, 2553, 2559, 2549, 2556, 2438, 2552, 2560, 2496, 2462, 2458, 2455, 2452,
            2458, 2561, 2455, 2501, 2438, 2556, 2455, 2561, 2545, 2560, 2462, 2516, 2562, 2556, 2557, 2496, 2560, 2502, 2563, 2547, 2564, 2562, 2565, 2556,
            2536, 2549, 2547, 2561, 2458, 2566, 2567, 2501, 2556, 2556, 2565, 2567, 2559, 2547, 2549, 2551, 2560, 2516, 2560, 2568, 2502, 2564, 2547, 2559,
            2568, 2560, 2551, 2561, 2558, 2545, 2566, 2569, 2561, 2569, 2558, 2561, 2558, 2569, 2570, 2523, 2553, 2520, 2571, 2572, 2495, 2503, 2571, 2495,
            2573, 2518, 2558, 2573, 2519, 2518, 2558, 2570, 2573, 2565, 2574, 2567, 2519, 2573, 2527, 2571, 2503, 2575, 2576, 2510, 2194, 2575, 2503, 2577,
            2562, 2574, 2565, 2576, 2522, 2510, 2532, 2527, 2573, 2562, 2578, 2574, 2388, 2404, 2394, 2577, 2503, 2502, 2467, 2440, 2404, 2194, 2227, 2576,
            2577, 2502, 2568, 2554, 2568, 2551, 2410, 2467, 2404, 2467, 2410, 2468, 2567, 2505, 2501, 2567, 2528, 2505, 2579, 2523, 2522, 2580, 2568, 2554,
            2567, 2574, 2581, 2468, 2410, 2582, 2575, 2577, 2583, 2468, 2582, 2584, 2585, 2583, 2577, 2581, 2528, 2567, 2457, 2584, 2586, 2587, 2523, 2579,
            2457, 2468, 2584, 2528, 2581, 2588, 2586, 2458, 2457, 2579, 2522, 2576, 2580, 2577, 2568, 2585, 2577, 2580, 2410, 2425, 2582, 2579, 2589, 2587,
            2590, 2579, 2576, 2590, 2589, 2579, 2407, 2591, 2412, 2592, 2591, 2407, 2425, 2477, 2582, 2477, 2593, 2582, 2586, 2584, 2594, 2589, 2590, 2595,
            2593, 2584, 2582, 2460, 2592, 2407, 2596, 2589, 2595, 2587, 2589, 2596, 2596, 2597, 2587, 2593, 2594, 2584, 2598, 2594, 2593, 2598, 2593, 2493,
            2599, 2597, 2596, 2593, 2477, 2493, 2180, 2412, 2591, 2543, 2600, 2601, 2543, 2214, 2600, 2591, 2602, 2180, 2559, 2603, 2564, 2591, 2592, 2602,
            2564, 2603, 2604, 2493, 2495, 2605, 2182, 2180, 2602, 2600, 2606, 2607, 2600, 2607, 2601, 2495, 2572, 2605, 2608, 2564, 2609, 2544, 2601, 2610,
            2532, 2419, 2416, 2610, 2550, 2544, 2470, 2592, 2460, 2564, 2604, 2609, 2548, 2419, 2532, 2470, 2460, 2461, 2608, 2609, 2611, 2543, 2601, 2544,
            2569, 2566, 2612, 2592, 2470, 2602, 2609, 2604, 2611, 2602, 2470, 2613, 2570, 2569, 2614, 2601, 2607, 2610, 2612, 2615, 2569, 2616, 2602, 2613,
            2607, 2617, 2610, 2603, 2553, 2523, 2553, 2603, 2559, 2569, 2615, 2614, 2618, 2614, 2615, 2607, 2606, 2617, 2615, 2619, 2618, 2216, 2182, 2602,
            2603, 2597, 2604, 2523, 2587, 2603, 2620, 2617, 2606, 2618, 2619, 2621, 2603, 2587, 2597, 2458, 2586, 2566, 2610, 2617, 2622, 2623, 2622, 2617,
            2602, 2616, 2216, 2612, 2566, 2586, 2586, 2624, 2612, 2620, 2623, 2617, 2594, 2624, 2586, 2594, 2598, 2624, 2624, 2615, 2612, 2597, 2625, 2604,
            2216, 2192, 2182, 2598, 2626, 2624, 2619, 2615, 2624, 2626, 2619, 2624, 2625, 2597, 2599, 2627, 2585, 2580, 2625, 2599, 2628, 2473, 2524, 2470,
            2629, 2573, 2570, 2470, 2524, 2613, 2570, 2614, 2629, 2627, 2580, 2630, 2629, 2532, 2573, 2631, 2627, 2630, 2611, 2604, 2625, 2631, 2632, 2633,
            2613, 2524, 2634, 2610, 2554, 2550, 2554, 2610, 2635, 2636, 2634, 2524, 2611, 2625, 2637, 2580, 2554, 2635, 2638, 2548, 2532, 2532, 2629, 2638,
            2580, 2635, 2630, 2635, 2610, 2639, 2614, 2638, 2629, 2634, 2640, 2613, 2640, 2616, 2613, 2641, 2642, 2643, 2618, 2644, 2614, 2638, 2614, 2644,
            2618, 2621, 2644, 2635, 2639, 2630, 2645, 2638, 2644, 2646, 2642, 2647, 2640, 2648, 2649, 2631, 2630, 2632, 2610, 2622, 2639, 2645, 2548, 2638,
            2640, 2634, 2648, 2650, 2642, 2641, 2651, 2630, 2639, 2652, 2642, 2650, 2548, 2645, 2552, 2639, 2622, 2651, 2647, 2642, 2653, 2652, 2653, 2642,
            2654, 2626, 2598, 2622, 2623, 2655, 2598, 2493, 2605, 2655, 2651, 2622, 2656, 2649, 2648, 2654, 2598, 2605, 2657, 2652, 2650, 2651, 2632, 2630,
            2654, 2605, 2658, 2650, 2659, 2657, 2636, 2524, 2526, 2626, 2660, 2619, 2654, 2660, 2626, 2661, 2657, 2659, 2660, 2621, 2619, 2662, 2663, 2664,
            2665, 2664, 2663, 2654, 2666, 2660, 2632, 2651, 2667, 2668, 2646, 2647, 2669, 2660, 2666, 2605, 2572, 2658, 2658, 2572, 2670, 2671, 2634, 2636,
            2632, 2667, 2633, 2636, 2526, 2541, 2672, 2668, 2647, 2672, 2663, 2668, 2636, 2541, 2671, 2541, 2540, 2671, 2666, 2654, 2658, 2214, 2264, 2600,
            2666, 2658, 2670, 2670, 2572, 2571, 2274, 2600, 2264, 2274, 2606, 2600, 2634, 2671, 2648, 2653, 2673, 2672, 2674, 2648, 2671, 2675, 2606, 2274,
            2274, 2298, 2675, 2653, 2672, 2647, 2669, 2666, 2676, 2298, 2274, 2278, 2640, 2216, 2616, 2640, 2218, 2216, 2606, 2675, 2620, 2670, 2676, 2666,
            2673, 2663, 2672, 2621, 2660, 2677, 2663, 2673, 2678, 2621, 2677, 2644, 2640, 2679, 2218, 2644, 2677, 2645, 2640, 2649, 2679, 2678, 2665, 2663,
            2571, 2575, 2583, 2218, 2679, 2232, 2677, 2680, 2681, 2645, 2557, 2552, 2682, 2571, 2583, 2645, 2681, 2557, 2681, 2645, 2677, 2232, 2679, 2683,
            2562, 2557, 2681, 2679, 2649, 2684, 2685, 2682, 2583, 2657, 2653, 2652, 2686, 2681, 2680, 2653, 2657, 2687, 2681, 2686, 2562, 2688, 2673, 2653,
            2688, 2653, 2687, 2685, 2583, 2585, 2578, 2562, 2686, 2689, 2685, 2627, 2649, 2690, 2684, 2585, 2627, 2685, 2673, 2688, 2678, 2669, 2677, 2660,
            2690, 2649, 2656, 2677, 2669, 2680, 2691, 2682, 2692, 2693, 2684, 2690, 2685, 2692, 2682, 2694, 2678, 2688, 2688, 2695, 2694, 2696, 2680, 2669,
            2689, 2692, 2685, 2679, 2684, 2683, 2697, 2232, 2683, 2691, 2692, 2698, 2680, 2699, 2686, 2687, 2657, 2661, 2693, 2683, 2684, 2282, 2700, 483,
            2683, 2693, 2697, 2687, 2661, 2701, 2697, 2693, 2702, 2688, 2687, 2695, 2631, 2689, 2627, 2631, 2703, 2689, 2700, 486, 483, 486, 2700, 491,
            2701, 2704, 2705, 2682, 2670, 2571, 2689, 2703, 2706, 2308, 2700, 2282, 2701, 2705, 2687, 2707, 2692, 2689, 2706, 2707, 2689, 2700, 2308, 2313,
            2708, 2700, 2313, 2676, 2670, 2682, 2709, 2694, 2695, 2313, 2309, 2372, 2707, 2698, 2692, 2709, 2710, 2711, 2707, 2706, 2712, 2691, 2676, 2682,
            553, 489, 559, 559, 489, 491, 2705, 2695, 2687, 2691, 2713, 2676, 555, 559, 2714, 491, 2715, 559, 2705, 2710, 2695, 2715, 2714, 559,
            2633, 2703, 2631, 2710, 2709, 2695, 556, 555, 2714, 2716, 556, 2714, 2717, 2633, 2718, 2717, 2703, 2633, 2715, 491, 2708, 2700, 2708, 491,
            2669, 2676, 2696, 2712, 2719, 2707, 2719, 2720, 2707, 2680, 2696, 2699, 2372, 2708, 2313, 2721, 2715, 2708, 2722, 2710, 2705, 2699, 2696, 2723,
            2712, 2706, 2703, 2714, 2715, 2724, 2724, 2716, 2714, 2722, 2725, 2710, 2716, 2724, 2726, 2696, 2713, 2723, 2710, 2725, 2727, 2721, 2724, 2715,
            2712, 2703, 2728, 2713, 2696, 2676, 2729, 2727, 2725, 2712, 2728, 2730, 2730, 2719, 2712, 2686, 2699, 2578, 2641, 2643, 2731, 2726, 563, 556,
            2546, 2731, 2537, 556, 2716, 2726, 2731, 2546, 2641, 2698, 2707, 2720, 2698, 2720, 2732, 2720, 2733, 2732, 2734, 563, 2726, 2734, 2726, 2735,
            2736, 2578, 2699, 563, 2734, 562, 2563, 2641, 2546, 2734, 525, 562, 2563, 2546, 2547, 2578, 2736, 2737, 2733, 2720, 2719, 525, 2734, 2738,
            1368, 525, 2738, 2735, 2738, 2734, 2739, 2733, 2740, 2713, 2698, 2723, 2691, 2698, 2713, 2733, 2719, 2740, 2719, 2730, 2740, 2741, 2726, 2724,
            2730, 2742, 2740, 2741, 2735, 2726, 2743, 2735, 2741, 2744, 2659, 2563, 2740, 2745, 2739, 2741, 2119, 2743, 2608, 2563, 2564, 2735, 2746, 2738,
            2747, 2723, 2698, 2748, 2738, 2746, 2650, 2641, 2659, 2659, 2641, 2563, 2723, 2747, 2736, 2620, 2655, 2623, 2749, 2655, 2620, 2736, 2699, 2723,
            2743, 2746, 2735, 2140, 2746, 2743, 2563, 2608, 2744, 2750, 2737, 2736, 2741, 2724, 2119, 2751, 2744, 2608, 2708, 2372, 2402, 2752, 2651, 2655,
            2753, 2750, 2736, 2402, 2721, 2708, 2402, 2754, 2721, 2655, 2755, 2752, 2608, 2611, 2751, 2756, 2752, 2755, 2736, 2747, 2753, 2751, 2611, 2757,
            2721, 2120, 2724, 2753, 2747, 2758, 2659, 2744, 2661, 2752, 2756, 2759, 2732, 2747, 2698, 2145, 2118, 2120, 2651, 2752, 2667, 2721, 2754, 2120,
            2758, 2747, 2732, 2760, 2633, 2667, 2633, 2760, 2718, 2661, 2751, 2761, 2661, 2744, 2751, 2402, 2411, 2754, 2385, 2411, 2402, 2145, 2120, 2754,
            2411, 2145, 2754, 2761, 2701, 2661, 2753, 2762, 2750, 2752, 2759, 2667, 2763, 2751, 2757, 2411, 2412, 2180, 2764, 2760, 2667, 2764, 2667, 2759,
            2180, 2145, 2411, 2762, 2753, 2758, 2743, 2119, 2140, 2611, 2637, 2757, 2756, 2755, 2765, 2119, 2135, 2140, 2766, 2759, 2756, 2732, 2767, 2758,
            2765, 2766, 2756, 2763, 2757, 2768, 2769, 2140, 2141, 2757, 2637, 2768, 2758, 2767, 2762, 2732, 2733, 2739, 2739, 2767, 2732, 2724, 2120, 2119,
            2759, 2766, 2764, 2770, 2764, 2766, 2771, 2767, 2739, 2763, 2761, 2751, 2771, 2772, 2767, 2764, 2770, 2773, 2770, 2766, 2774, 2775, 2771, 2739,
            2761, 2763, 2704, 2776, 2763, 2768, 2770, 2777, 2773, 2778, 2771, 2775, 2779, 2771, 2778, 2776, 2704, 2763, 2533, 2780, 2531, 2704, 2776, 2781,
            2777, 2770, 2774, 2542, 2531, 2780, 2701, 2761, 2704, 2782, 2542, 2780, 2783, 2777, 2774, 2784, 2783, 2774, 2722, 2705, 2704, 2704, 2781, 2722,
            2785, 2782, 2780, 2625, 2628, 2637, 2786, 2637, 2628, 2675, 2298, 2787, 2301, 2787, 2298, 2637, 2786, 2788, 2789, 2790, 2782, 2787, 2791, 2749,
            2729, 2792, 2727, 2301, 2791, 2787, 2737, 2574, 2578, 2574, 2793, 2581, 2794, 2729, 2725, 2787, 2620, 2675, 2787, 2749, 2620, 2788, 2768, 2637,
            2574, 2795, 2793, 2795, 2574, 2737, 2768, 2788, 2796, 2755, 2655, 2749, 2749, 2791, 2797, 2307, 2791, 2301, 2588, 2581, 2793, 2781, 2776, 2798,
            2799, 2588, 2793, 2588, 2799, 2533, 2796, 2776, 2768, 2800, 2791, 2307, 2776, 2796, 2798, 2800, 2797, 2791, 2737, 2801, 2795, 2797, 2755, 2749,
            2802, 2798, 2796, 2793, 2795, 2799, 2801, 2803, 2795, 2781, 2725, 2722, 2795, 2804, 2799, 2755, 2797, 2805, 2804, 2795, 2803, 2725, 2781, 2806,
            2806, 2781, 2798, 2765, 2755, 2805, 2765, 2805, 2807, 2808, 2766, 2765, 2337, 2800, 2307, 2794, 2725, 2806, 2737, 2750, 2801, 2337, 2809, 2800,
            2802, 2806, 2798, 2810, 2794, 2806, 2801, 2750, 2811, 2812, 2794, 2810, 2533, 2528, 2588, 2794, 2812, 2729, 2807, 2805, 2813, 2576, 2227, 2590,
            2799, 2785, 2533, 2785, 2780, 2533, 2797, 2800, 2813, 2797, 2813, 2805, 2809, 2813, 2800, 2664, 2665, 2814, 2815, 2814, 2665, 2816, 2664, 2814,
            2799, 2804, 2817, 2785, 2799, 2817, 2484, 2809, 2337, 2678, 2815, 2665, 2785, 2817, 2818, 2814, 2815, 2819, 2819, 2820, 2814, 2486, 2813, 2809,
            2814, 2820, 2816, 2809, 2484, 2486, 2821, 2816, 2820, 2817, 2804, 2822, 2823, 2813, 2486, 2818, 2782, 2785, 2824, 2825, 2820, 2782, 2818, 2789,
            2823, 2486, 2485, 2818, 2826, 2789, 2337, 2345, 2484, 2820, 2819, 2824, 2811, 2803, 2801, 2819, 2815, 2827, 2803, 2811, 2828, 2345, 2349, 2484,
            2804, 2803, 2828, 2484, 2349, 2498, 2829, 2498, 2349, 2830, 2819, 2827, 2831, 2830, 2827, 2811, 2750, 2762, 2765, 2807, 2808, 2830, 2824, 2819,
            2766, 2808, 2774, 2813, 2832, 2807, 2811, 2762, 2772, 2807, 2832, 2808, 2830, 2833, 2824, 2834, 2824, 2833, 2808, 2784, 2774, 2827, 2815, 2678,
            2694, 2827, 2678, 2811, 2835, 2828, 2772, 2835, 2811, 2832, 2784, 2808, 2828, 2835, 2836, 2832, 2823, 2784, 2538, 2784, 2823, 2823, 2529, 2538,
            2835, 2772, 2779, 2813, 2823, 2832, 2772, 2762, 2767, 2174, 2837, 2231, 2837, 2174, 2825, 2779, 2772, 2771, 2823, 2485, 2529, 2825, 2824, 2837,
            2837, 2838, 2255, 2778, 2839, 2779, 2839, 2840, 2779, 2231, 2837, 2255, 2255, 2243, 2231, 2835, 2841, 2836, 2824, 2838, 2837, 2779, 2840, 2835,
            2784, 2538, 2783, 2783, 2538, 2537, 2783, 2537, 2731, 2717, 2728, 2703, 2835, 2840, 2841, 2824, 2834, 2842, 2838, 2824, 2842, 2838, 2843, 2255,
            2838, 2842, 2843, 2844, 2730, 2728, 2804, 2828, 2822, 2717, 2845, 2728, 2728, 2845, 2846, 2847, 2817, 2822, 2836, 2822, 2828, 2844, 2728, 2846,
            2836, 2847, 2822, 2255, 2843, 2256, 2256, 2254, 2255, 2848, 2847, 2836, 2831, 2833, 2830, 2846, 2849, 2850, 2851, 2833, 2831, 2817, 2826, 2818,
            2847, 2826, 2817, 2847, 2852, 2826, 2853, 2834, 2833, 2718, 2760, 2854, 2854, 2717, 2718, 2851, 2853, 2833, 2847, 2848, 2852, 2855, 2853, 2851,
            2764, 2854, 2760, 2856, 2852, 2848, 2834, 2853, 2857, 2717, 2854, 2845, 2773, 2854, 2764, 2831, 2827, 2694, 2694, 2709, 2831, 2773, 2858, 2854,
            2858, 2845, 2854, 2848, 2836, 2859, 2711, 2831, 2709, 2860, 2858, 2773, 2852, 2856, 2861, 2851, 2831, 2711, 2846, 2845, 2858, 2859, 2856, 2848,
            2860, 2849, 2858, 2710, 2727, 2711, 2849, 2846, 2858, 2252, 2856, 2859, 2851, 2711, 2855, 2862, 2855, 2711, 2742, 2745, 2740, 2856, 2252, 2246,
            2836, 2841, 2859, 2711, 2727, 2862, 2841, 2863, 2859, 2864, 2745, 2742, 2742, 2730, 2844, 2846, 2865, 2844, 2844, 2865, 2742, 2864, 2742, 2865,
            2775, 2739, 2745, 2540, 2674, 2671, 2866, 2853, 2855, 2867, 2674, 2540, 2867, 2868, 2674, 2778, 2775, 2869, 2745, 2869, 2775, 2870, 2866, 2855,
            2782, 2540, 2542, 2871, 2866, 2870, 2867, 2540, 2782, 2872, 2843, 2842, 2778, 2869, 2873, 2648, 2868, 2656, 2648, 2674, 2868, 2872, 2842, 2834,
            2865, 2846, 2850, 2857, 2872, 2834, 2874, 2872, 2857, 2875, 2864, 2865, 2875, 2865, 2850, 2876, 2656, 2868, 2872, 2874, 2877, 2877, 2878, 2872,
            2875, 2879, 2864, 2843, 2878, 2256, 2867, 2790, 2880, 2881, 2869, 2745, 2745, 2864, 2881, 2790, 2867, 2782, 2881, 2864, 2879, 2843, 2872, 2878,
            2882, 2790, 2789, 2878, 2883, 2256, 2884, 2881, 2879, 2790, 2882, 2880, 2866, 2857, 2853, 2857, 2866, 2874, 2868, 2867, 2880, 2885, 2868, 2880,
            2885, 2876, 2868, 2773, 2886, 2860, 2876, 2885, 2887, 2886, 2773, 2777, 2866, 2871, 2874, 2888, 2877, 2874, 2871, 2888, 2874, 2777, 2783, 2886,
            2886, 2889, 2860, 2890, 2889, 2886, 2690, 2656, 2876, 2891, 2878, 2877, 2878, 2891, 2883, 2891, 2892, 2883, 2893, 2693, 2690, 2849, 2860, 2894,
            2876, 2893, 2690, 2891, 2877, 2888, 2893, 2876, 2895, 2860, 2889, 2896, 2860, 2897, 2894, 2860, 2896, 2897, 2347, 2256, 2883, 2893, 2702, 2693,
            2886, 2783, 2890, 2883, 2892, 2354, 2354, 2347, 2883, 2702, 2898, 2899, 2643, 2890, 2783, 2731, 2643, 2783, 2900, 2892, 2891, 2893, 2898, 2702,
            2890, 2643, 2889, 2900, 2354, 2892, 2370, 2354, 2900, 2646, 2896, 2889, 2901, 2862, 2727, 2898, 2902, 2899, 2898, 2893, 2895, 2727, 2792, 2901,
            2642, 2889, 2643, 2642, 2646, 2889, 2903, 2898, 2895, 2895, 2904, 2903, 2792, 2905, 2901, 2898, 2906, 2902, 2894, 2875, 2850, 2898, 2907, 2906,
            2870, 2855, 2862, 2870, 2862, 2905, 2901, 2905, 2862, 2908, 2875, 2894, 2876, 2887, 2895, 2909, 2904, 2887, 2909, 2887, 2885, 2910, 2905, 2911,
            2905, 2910, 2870, 2912, 2879, 2875, 2870, 2910, 2913, 2904, 2895, 2887, 2912, 2884, 2879, 2912, 2875, 2908, 2792, 2729, 2812, 2812, 2914, 2792,
            2792, 2914, 2911, 2911, 2905, 2792, 2882, 2915, 2916, 2917, 2909, 2885, 2912, 2908, 2662, 2908, 2663, 2662, 2885, 2880, 2917, 2911, 2914, 2918,
            2912, 2662, 2919, 2917, 2916, 2920, 2880, 2882, 2917, 2916, 2917, 2882, 2921, 2913, 2910, 2911, 2921, 2910, 2921, 2922, 2923, 2894, 2850, 2849,
            2894, 2897, 2908, 2924, 2920, 2916, 2925, 2908, 2897, 2918, 2922, 2911, 2245, 2924, 2916, 2190, 2924, 2245, 2922, 2921, 2911, 2925, 2897, 2896,
            2925, 2896, 2646, 2913, 2888, 2871, 2925, 2646, 2668, 2668, 2663, 2925, 2663, 2908, 2925, 2926, 2888, 2913, 2903, 2907, 2898, 2900, 2891, 2927,
            2928, 2907, 2929, 2888, 2927, 2891, 2888, 2930, 2927, 2909, 2917, 2920, 2881, 2873, 2869, 2873, 2881, 2931, 2909, 2920, 2932, 2926, 2930, 2888,
            2904, 2909, 2932, 2926, 2933, 2930, 2931, 2884, 2934, 2884, 2931, 2881, 2935, 2932, 2920, 2935, 2936, 2932, 2930, 2933, 2937, 2933, 2926, 2938,
            2904, 2932, 2903, 2939, 2934, 2884, 2903, 2932, 2936, 2929, 2903, 2936, 2919, 2884, 2912, 2884, 2919, 2939, 2907, 2903, 2929, 2933, 2940, 2941,
            2937, 2933, 2941, 2913, 2871, 2870, 2939, 2919, 2942, 2935, 2920, 2924, 2935, 2924, 2190, 2934, 2939, 2124, 2938, 2913, 2921, 2942, 2124, 2939,
            2189, 2935, 2190, 2938, 2926, 2913, 2936, 2935, 2189, 2938, 2921, 2923, 2919, 2662, 2664, 2942, 2919, 2664, 2206, 2929, 2936, 2938, 2940, 2933,
            2664, 2816, 2942, 2189, 2197, 2936, 2942, 2821, 2124, 2936, 2197, 2206, 2943, 2941, 2940, 2942, 2816, 2821, 2160, 2124, 2821, 2789, 2826, 2882,
            2940, 2938, 2944, 2945, 2882, 2826, 2938, 2923, 2944, 2826, 2852, 2945, 2945, 2852, 2861, 2173, 2160, 2821, 2825, 2173, 2821, 2882, 2945, 2915,
            2940, 2944, 2943, 2821, 2820, 2825, 2861, 2915, 2945, 2160, 2173, 2134, 2825, 2174, 2173, 2333, 2371, 2172, 2927, 2946, 2900, 2246, 2915, 2861,
            2946, 2927, 2930, 2915, 2246, 2245, 2195, 2171, 2179, 2861, 2856, 2246, 2245, 2916, 2915, 2370, 2900, 2946, 2191, 2190, 2245, 2500, 2498, 2829,
            2172, 2171, 2352, 2829, 2349, 2352, 2352, 2171, 2829, 2195, 2829, 2171, 2370, 2947, 2423, 2946, 2947, 2370, 2829, 2195, 2500, 2778, 2873, 2839,
            2948, 2946, 2937, 2873, 2949, 2839, 2948, 2937, 2950, 2500, 2195, 2510, 2937, 2946, 2930, 2951, 2841, 2840, 2195, 2194, 2510, 2950, 2937, 2941,
            2951, 2840, 2839, 2949, 2951, 2839, 2364, 2156, 2155, 2946, 2948, 2947, 2131, 2156, 2952, 2423, 2947, 2953, 2949, 2954, 2951, 2432, 2423, 2953,
            2947, 2948, 2953, 2952, 2955, 2131, 2873, 2931, 2949, 2131, 2955, 2163, 2950, 2956, 2948, 2953, 2948, 2956, 2957, 2432, 2953, 2363, 2155, 2128,
            2931, 2958, 2949, 2364, 2155, 2363, 2956, 2957, 2953, 2115, 2363, 2128, 2453, 2432, 2957, 2934, 2958, 2931, 2155, 2131, 2128, 2958, 2130, 2949,
            2116, 2115, 2128, 2959, 2950, 2941, 2859, 2863, 2960, 2363, 2115, 2371, 2959, 2961, 2950, 2859, 2960, 2252, 2371, 2115, 2117, 2962, 2961, 2959,
            2371, 2170, 2172, 2963, 2964, 2957, 2960, 2270, 2252, 2371, 2117, 2170, 2957, 2956, 2963, 2956, 2961, 2963, 2252, 2270, 2253, 2965, 2963, 2961,
            2961, 2956, 2950, 2841, 2951, 2863, 2954, 2863, 2951, 2962, 2965, 2961, 2957, 2964, 2453, 2960, 2863, 2954, 2472, 2453, 2964, 2964, 2963, 2965,
            2960, 2954, 2966, 2967, 2964, 2965, 2967, 2472, 2964, 2126, 2954, 2130, 2126, 2966, 2954, 2954, 2949, 2130, 2968, 2967, 2965, 2270, 2960, 2966,
            2472, 2967, 2478, 2966, 2126, 2147, 2478, 2967, 2482, 2270, 2966, 2268, 2966, 2147, 2150, 2150, 2268, 2966, 2124, 2130, 2958, 2934, 2124, 2958,
            2124, 2160, 2125, 2387, 2378, 455, 1035, 2387, 455, 2969, 2387, 1035, 1017, 2969, 1035, 2969, 2970, 2387, 2122, 2390, 2970, 1018, 2971, 1017,
            2387, 2970, 2390, 1018, 1028, 2971, 2972, 2971, 1028, 2973, 2969, 1017, 2971, 2973, 1017, 1065, 2974, 2972, 1065, 2972, 1028, 2973, 2970, 2969,
            2975, 2970, 2973, 2596, 2976, 2599, 2972, 2974, 2977, 2970, 2978, 2979, 2970, 2975, 2978, 2972, 2977, 2971, 2971, 2975, 2973, 2980, 2978, 2975,
            2122, 2121, 2390, 2981, 2982, 2977, 2979, 2122, 2970, 2979, 2123, 2122, 2983, 2984, 2137, 2123, 2983, 2137, 2983, 2123, 2979, 2979, 2978, 2985,
            2985, 2983, 2979, 2975, 2971, 2980, 2977, 2980, 2971, 2977, 2982, 2980, 2986, 2985, 2978, 2987, 2978, 2980, 2987, 2986, 2978, 2988, 2989, 2985,
            2988, 2985, 2986, 2987, 2980, 2982, 2987, 2988, 2986, 2990, 2988, 2987, 2990, 2991, 2988, 2992, 2990, 2987, 2984, 2148, 2137, 2993, 2599, 2976,
            2993, 2628, 2599, 2994, 2628, 2993, 2995, 2786, 2628, 2996, 2786, 2995, 2983, 2985, 2984, 2994, 2997, 2628, 1067, 2974, 1065, 2997, 2995, 2628,
            2989, 2984, 2985, 2998, 2995, 2997, 2989, 2999, 2984, 2974, 1067, 2981, 2148, 2984, 2159, 2974, 2981, 2977, 3000, 2161, 2999, 2999, 2159, 2984,
            2999, 2161, 2159, 2796, 2788, 2802, 3001, 2167, 2161, 2786, 2996, 2788, 3002, 2981, 1067, 3003, 2788, 2996, 3003, 2996, 3004, 3004, 3005, 3003,
            3006, 2184, 2167, 2184, 2169, 2167, 3003, 2802, 2788, 3005, 2802, 3003, 2802, 3005, 3007, 3008, 3009, 2981, 3002, 3008, 2981, 3007, 3005, 3010,
            3000, 2999, 2989, 2991, 2989, 2988, 2810, 2806, 3011, 2161, 3000, 3001, 3011, 2806, 2802, 3007, 3011, 2802, 2989, 2991, 3000, 3012, 2810, 3011,
            3001, 3000, 3013, 3008, 3014, 3009, 3014, 2992, 3009, 3015, 3016, 2812, 3017, 3018, 2991, 3015, 2810, 3012, 3015, 2812, 2810, 3017, 2991, 2990,
            3019, 3016, 3015, 3020, 3014, 3008, 3000, 2991, 3018, 3014, 3020, 3021, 3022, 3023, 3007, 3000, 3018, 3013, 3007, 3023, 3011, 3023, 3012, 3011,
            3015, 3012, 3023, 3022, 3015, 3023, 3021, 3024, 3014, 3010, 3022, 3007, 3025, 3013, 3018, 3026, 3013, 3025, 3027, 3019, 3015, 1068, 3002, 1067,
            3028, 3006, 3001, 1079, 3002, 1068, 3027, 3015, 3029, 1077, 1079, 1068, 3030, 3006, 3028, 3031, 3002, 1079, 3032, 3008, 3002, 2227, 3033, 2590,
            3028, 3001, 3013, 3032, 3002, 3031, 2590, 3033, 2595, 3006, 2167, 3001, 3034, 2595, 3033, 3006, 2223, 2184, 3031, 3035, 3032, 3036, 3037, 3033,
            3037, 3034, 3033, 3038, 2596, 2595, 3034, 3038, 2595, 3039, 3028, 3013, 3040, 3034, 3037, 3038, 3034, 3040, 3028, 3039, 3041, 3042, 3031, 1079,
            3037, 3036, 3043, 3036, 3044, 3043, 3030, 3028, 3041, 3042, 1079, 1078, 3009, 2982, 2981, 3044, 3045, 3043, 3009, 2992, 2982, 2987, 2982, 2992,
            3043, 3040, 3037, 3040, 3043, 3046, 3042, 3035, 3031, 3047, 3035, 3042, 3048, 3049, 3046, 2990, 2992, 3050, 3014, 3024, 2992, 3051, 3045, 3052,
            3020, 3008, 3032, 3050, 2992, 3024, 3052, 3045, 3044, 3053, 3050, 3024, 3054, 3053, 3024, 3043, 3045, 3046, 3035, 3020, 3032, 2990, 3050, 3017,
            3055, 3017, 3050, 3048, 3046, 3045, 3020, 3056, 3021, 3024, 3021, 3054, 3018, 3017, 3025, 3057, 3045, 3051, 3051, 3058, 3059, 3025, 3055, 3026,
            3059, 3057, 3051, 3055, 3025, 3017, 3056, 3020, 3035, 3060, 3026, 3055, 3048, 3045, 3057, 3050, 3053, 3055, 3053, 3060, 3055, 3061, 3048, 3057,
            3047, 3056, 3035, 3053, 3062, 3060, 3063, 3056, 3047, 3064, 3049, 3048, 3061, 3064, 3048, 3054, 3021, 3056, 3049, 3064, 3065, 3066, 3054, 3056,
            3066, 3067, 3054, 3041, 3068, 3069, 3026, 3039, 3013, 3070, 3065, 3064, 3056, 3063, 3066, 3071, 3039, 3026, 3061, 3070, 3064, 3071, 3041, 3039,
            3061, 3072, 3070, 3073, 3067, 3066, 3074, 3041, 3071, 3074, 3068, 3041, 3026, 3060, 3075, 3026, 3075, 3071, 3076, 3071, 3075, 3070, 3077, 3065,
            3078, 3077, 3070, 3071, 3076, 3074, 3074, 3076, 3079, 3080, 3081, 3078, 3080, 3078, 3070, 3082, 3074, 3079, 3053, 3054, 3083, 3084, 3085, 3078,
            3083, 3062, 3053, 3078, 3081, 3084, 3067, 3083, 3054, 3081, 3086, 3084, 3083, 3087, 3062, 3038, 2976, 2596, 3038, 3040, 2976, 3040, 2993, 2976,
            3067, 3087, 3083, 3049, 2993, 3040, 3040, 3046, 3049, 3088, 3087, 3067, 2998, 2997, 2994, 2994, 2993, 2998, 2998, 2993, 3049, 3075, 3089, 3076,
            3089, 3060, 3062, 3089, 3075, 3060, 3062, 3087, 3089, 3065, 2998, 3049, 3090, 3089, 3087, 3079, 3076, 3091, 2996, 2995, 2998, 3004, 2996, 2998,
            3076, 3089, 3091, 3089, 3090, 3091, 3092, 3079, 3091, 3087, 3088, 3093, 3087, 3093, 3090, 3093, 3094, 3090, 3095, 3094, 3093, 3004, 3010, 3005,
            3096, 3091, 3090, 3092, 3091, 3096, 2998, 3077, 3004, 3065, 3077, 2998, 3094, 3096, 3090, 3004, 3077, 3097, 3030, 2199, 2223, 3010, 3098, 3022,
            3030, 2223, 3006, 3015, 3022, 3029, 2199, 3030, 3099, 3099, 2220, 2199, 3098, 3029, 3022, 3099, 2221, 2220, 3100, 2221, 3099, 3097, 3098, 3010,
            3004, 3097, 3010, 3030, 3069, 3099, 3041, 3069, 3030, 3101, 3098, 3097, 3102, 3103, 3101, 3069, 3100, 3099, 3029, 3098, 3101, 3101, 3103, 3029,
            3085, 3097, 3077, 3078, 3085, 3077, 3104, 2238, 2221, 3097, 3085, 3101, 3105, 3101, 3085, 3100, 3104, 2221, 3105, 3085, 3084, 3104, 2240, 2238,
            3106, 3104, 3100, 3107, 2240, 3104, 3107, 3104, 3106, 3105, 3102, 3101, 3108, 2240, 3107, 2247, 2240, 3108, 3086, 3105, 3084, 3086, 3109, 3105,
            2283, 2247, 3108, 3110, 3069, 3068, 3100, 3069, 3111, 3106, 3100, 3111, 3110, 3111, 3069, 3112, 3110, 3113, 3112, 3111, 3110, 3113, 3114, 3112,
            3113, 3110, 3068, 3113, 3068, 3074, 3082, 3113, 3074, 3112, 3106, 3111, 3115, 2922, 2918, 3116, 2922, 3115, 3112, 3117, 3106, 3116, 2923, 2922,
            3118, 2923, 3116, 3117, 3107, 3106, 3117, 3108, 3107, 3117, 3119, 3108, 3120, 3119, 3117, 3118, 2944, 2923, 3121, 3117, 3112, 3122, 3123, 2944,
            2943, 2944, 3123, 3124, 3121, 3112, 3125, 2943, 3123, 3120, 3117, 3121, 3016, 2914, 2812, 2914, 3016, 2918, 3126, 3016, 3019, 3127, 3124, 3112,
            3127, 3112, 3114, 3027, 3126, 3019, 3128, 3126, 3027, 3079, 3092, 3082, 3027, 3029, 3128, 3114, 3113, 3082, 3092, 3114, 3082, 3129, 2918, 3016,
            3115, 2918, 3129, 3130, 3114, 3092, 3126, 3129, 3016, 3131, 3115, 3129, 3132, 3116, 3115, 3132, 3118, 3116, 3096, 3130, 3092, 3131, 3132, 3115,
            3128, 3129, 3126, 3128, 3131, 3129, 3130, 3127, 3114, 3132, 3131, 3128, 3133, 3132, 3128, 3133, 3128, 3134, 3133, 3134, 3135, 3130, 3136, 3137,
            3118, 3122, 2944, 3130, 3138, 3127, 3137, 3138, 3130, 3132, 3122, 3118, 3139, 3123, 3122, 3132, 3133, 3122, 3122, 3133, 3139, 3139, 3133, 3140,
            3123, 3139, 3141, 3141, 3142, 3123, 3141, 3140, 3142, 3141, 3139, 3140, 3143, 3121, 3124, 3140, 3144, 3142, 3143, 3120, 3121, 3142, 3125, 3123,
            3145, 3146, 3143, 3145, 3143, 3124, 3124, 3127, 3145, 3127, 3138, 3145, 3138, 3147, 3145, 3148, 3144, 3140, 3148, 3133, 3135, 3149, 3146, 3145,
            3133, 3148, 3140, 3145, 3147, 3149, 3150, 2361, 2359, 3151, 2361, 3150, 2361, 3151, 2364, 3152, 3151, 3150, 3153, 2364, 3151, 3153, 2156, 2364,
            3151, 3152, 3154, 3154, 3153, 3151, 3155, 2965, 2962, 2943, 3125, 2941, 2941, 3125, 2959, 3156, 3152, 3157, 2959, 3125, 2962, 3154, 3152, 3156,
            2962, 3125, 3158, 2962, 3158, 3159, 3142, 3160, 3125, 3160, 3158, 3125, 3159, 3161, 2962, 3161, 3155, 2962, 3162, 3154, 3156, 3161, 3163, 3155,
            3164, 3161, 3159, 3165, 3166, 3156, 3166, 3162, 3156, 3163, 3161, 3164, 3167, 2283, 3108, 3119, 3167, 3108, 3167, 3119, 3168, 2968, 2965, 3155,
            2283, 3167, 2288, 3155, 3169, 2968, 3168, 2288, 3167, 2359, 2288, 3168, 3155, 3170, 3169, 3155, 3163, 3170, 3119, 3120, 3168, 3171, 3168, 3120,
            3170, 3172, 3169, 3172, 3173, 3169, 3174, 3175, 3144, 3150, 2359, 3168, 3144, 3160, 3142, 3158, 3160, 3144, 3168, 3171, 3176, 3176, 3150, 3168,
            3158, 3144, 3175, 3175, 3159, 3158, 3175, 3164, 3159, 3163, 3164, 3175, 3174, 3144, 3148, 3148, 3177, 3174, 3152, 3150, 3176, 3174, 3178, 3175,
            3143, 3171, 3120, 3179, 3178, 3174, 3180, 3171, 3143, 3146, 3180, 3143, 3163, 3172, 3170, 3175, 3172, 3163, 3180, 3176, 3171, 3172, 3175, 3178,
            3153, 2952, 2156, 3181, 3172, 3178, 3157, 3176, 3180, 3182, 2952, 3153, 3181, 3183, 3172, 3184, 3183, 3181, 3179, 3185, 3178, 3186, 3146, 3149,
            3180, 3146, 3187, 3180, 3187, 3157, 3187, 3146, 3186, 3188, 2955, 2952, 3178, 3185, 3181, 3182, 3188, 2952, 3189, 3157, 3187, 3190, 3189, 3187,
            3191, 2955, 3188, 3185, 3192, 3181, 3176, 3157, 3152, 2955, 3191, 3193, 3157, 3189, 3156, 2955, 3193, 2163, 3194, 2163, 3193, 3195, 3194, 3193,
            3029, 3103, 3134, 3165, 3156, 3189, 3134, 3128, 3029, 3153, 3154, 3182, 3162, 3182, 3154, 3191, 3188, 3195, 3195, 3188, 3196, 3196, 3188, 3182,
            3103, 3197, 3134, 3198, 3197, 3103, 3182, 3162, 3196, 3197, 3135, 3134, 3162, 3166, 3199, 3200, 3196, 3162, 3135, 3197, 3198, 3201, 3202, 3135,
            3198, 3201, 3135, 3195, 3193, 3191, 3202, 3148, 3135, 3203, 3198, 3102, 3103, 3102, 3198, 3109, 3102, 3105, 3102, 3109, 3203, 3204, 3198, 3203,
            3201, 3198, 3204, 3205, 3206, 2163, 2153, 2133, 3206, 3206, 2133, 2163, 3207, 2153, 3206, 3204, 3208, 3209, 3194, 3205, 2163, 3194, 3195, 3210,
            3210, 3205, 3194, 3202, 3201, 3211, 2153, 3207, 3212, 3213, 3214, 3211, 3212, 2154, 2153, 3215, 2154, 3212, 3215, 2211, 2154, 3177, 3148, 3202,
            3216, 3212, 3207, 3212, 3216, 3217, 3214, 3174, 3177, 3174, 3214, 3179, 3177, 3202, 3211, 3211, 3214, 3177, 3179, 3214, 3218, 3214, 3213, 3218,
            3219, 2212, 2211, 3219, 2227, 2212, 3185, 3179, 3218, 3219, 3033, 2227, 3218, 3220, 3185, 3220, 3192, 3185, 3036, 3033, 3219, 3217, 3215, 3212,
            3221, 3220, 3218, 3215, 3217, 2211, 3217, 3222, 2211, 3217, 3223, 3222, 3221, 3224, 3220, 2211, 3222, 3219, 3219, 3222, 3225, 3223, 3225, 3222,
            3044, 3219, 3225, 3219, 3044, 3036, 3226, 3201, 3204, 3223, 3044, 3225, 3226, 3211, 3201, 3052, 3044, 3223, 3226, 3213, 3211, 3200, 3195, 3196,
            3200, 3227, 3195, 3228, 3229, 3213, 3209, 3226, 3204, 3226, 3209, 3230, 3226, 3230, 3228, 3228, 3213, 3226, 3228, 3230, 3231, 3232, 3229, 3228,
            3216, 3206, 3205, 3205, 3210, 3216, 3216, 3207, 3206, 3231, 3232, 3228, 3233, 3232, 3231, 3232, 3233, 3234, 3233, 3235, 3234, 3227, 3210, 3195,
            3229, 3218, 3213, 3210, 3227, 3216, 3221, 3218, 3229, 3232, 3221, 3229, 3236, 3221, 3232, 3237, 3216, 3227, 3232, 3234, 3236, 3216, 3237, 3238,
            3235, 3236, 3234, 3239, 3217, 3216, 3169, 2967, 2968, 3240, 2967, 3169, 3239, 3223, 3217, 3241, 2482, 2967, 3241, 2967, 3240, 3241, 3240, 3242,
            3239, 3052, 3223, 3173, 3240, 3169, 3243, 3240, 3173, 3243, 3242, 3240, 3243, 3173, 3172, 3243, 3172, 3183, 3239, 3238, 3052, 3239, 3216, 3238,
            3058, 3052, 3238, 3058, 3051, 3052, 3244, 3245, 3246, 1346, 3247, 1359, 3248, 3249, 3250, 3251, 3246, 3245, 3252, 3253, 3254, 1359, 3247, 3255,
            3255, 3256, 1359, 1362, 1355, 1359, 1362, 1359, 3256, 3250, 3249, 3257, 3253, 3252, 3258, 3259, 3250, 3257, 3260, 3261, 3256, 3245, 3244, 3262,
            3256, 3261, 1360, 3261, 1363, 1360, 3263, 3257, 3249, 3264, 3265, 3266, 1363, 3261, 3267, 1362, 3256, 1360, 3246, 3268, 3269, 3246, 3269, 3244,
            3253, 3270, 3271, 3272, 3269, 3273, 3244, 3269, 3274, 3275, 3261, 3260, 3272, 3276, 3269, 3263, 3277, 3278, 3270, 3253, 3279, 3262, 3244, 3274,
            3280, 3267, 3261, 3275, 3280, 3261, 3265, 3264, 3281, 3265, 3281, 3270, 3282, 3283, 3262, 3284, 3275, 3260, 3285, 3262, 3274, 3286, 3278, 3277,
            3270, 3287, 3265, 3285, 3282, 3262, 3279, 3287, 3270, 3287, 3266, 3265, 3288, 3278, 3286, 3266, 3287, 3289, 3285, 3274, 3276, 3279, 3290, 3287,
            3275, 3284, 3291, 3275, 3291, 3292, 3253, 3258, 3279, 3293, 3279, 3258, 3294, 2234, 3295, 2234, 3296, 3295, 3297, 3288, 3298, 3279, 3293, 3290,
            1247, 3299, 1244, 3300, 3301, 3302, 3303, 3304, 3293, 3258, 3303, 3293, 3301, 3300, 3305, 3306, 3299, 1247, 3299, 1255, 1244, 3296, 2234, 2232,
            3290, 3293, 3307, 2232, 2697, 3296, 3302, 3277, 3300, 1241, 1363, 1247, 3302, 3301, 3308, 1247, 1363, 3267, 3309, 3289, 3287, 3287, 3290, 3309,
            3273, 3294, 3272, 3286, 3277, 3302, 1247, 3267, 3306, 3294, 3295, 3310, 3310, 3272, 3294, 3267, 3280, 3311, 3267, 3311, 3306, 3304, 3312, 3293,
            3313, 3293, 3312, 3313, 3307, 3293, 2697, 3314, 3296, 3311, 3280, 3315, 3308, 3316, 3302, 3296, 3314, 3317, 3315, 3318, 3311, 3307, 3319, 3309,
            3302, 3316, 3286, 3280, 3275, 3315, 3319, 3320, 3309, 3318, 3306, 3311, 3290, 3307, 3309, 3321, 3322, 3316, 3315, 3275, 3292, 3292, 3323, 3315,
            3308, 3324, 3316, 3325, 3319, 3307, 3295, 3296, 3317, 3318, 3315, 3323, 3310, 3295, 3317, 3325, 3307, 3313, 3326, 3319, 3325, 3327, 3310, 3317,
            3328, 3324, 3329, 3312, 3330, 3313, 3323, 3292, 3331, 3313, 3330, 3325, 3310, 3327, 3332, 3324, 3321, 3316, 3292, 3333, 3331, 3331, 3333, 3334,
            3330, 3335, 3325, 3276, 3274, 3269, 3325, 3336, 3326, 3335, 3336, 3325, 3337, 3335, 3330, 3276, 3338, 3339, 3336, 3335, 3340, 3286, 3316, 3322,
            3285, 3341, 3282, 3342, 2315, 2317, 3342, 3343, 2315, 3286, 3298, 3288, 3286, 3322, 3298, 3285, 3276, 3341, 1367, 3344, 1373, 3341, 3276, 3339,
            3257, 3263, 3345, 2317, 3346, 3342, 3344, 1367, 1375, 3342, 3252, 3347, 3257, 3345, 3348, 3344, 1375, 3349, 3252, 3342, 3346, 2316, 3346, 2317,
            3341, 3339, 3350, 3339, 3351, 3350, 3297, 3348, 3345, 2335, 3352, 3346, 3263, 3278, 3345, 3344, 3349, 3353, 3354, 3351, 3339, 3355, 3353, 3349,
            2316, 2335, 3346, 3345, 3278, 3288, 3252, 3346, 3258, 3303, 3258, 3346, 3345, 3288, 3297, 3352, 3303, 3346, 3338, 3276, 3272, 3338, 3272, 3310,
            1395, 1386, 1391, 3338, 3310, 3332, 3304, 3303, 3352, 1391, 3356, 1395, 3332, 3357, 3338, 3358, 3352, 3359, 3359, 3360, 3358, 3358, 3360, 3361,
            3339, 3338, 3357, 2335, 3359, 3352, 1374, 1373, 1390, 3354, 3339, 3357, 2335, 2398, 3359, 3362, 1390, 1373, 3363, 3364, 3365, 2398, 2335, 2377,
            3344, 3362, 1373, 3365, 3366, 3367, 2398, 3360, 3359, 1390, 3368, 1391, 1390, 3362, 3368, 3363, 3365, 3367, 3304, 3352, 3358, 3369, 3297, 3298,
            3367, 3262, 3283, 3367, 3283, 3370, 3356, 1391, 3368, 3370, 3363, 3367, 3371, 3368, 3362, 3329, 3372, 3328, 3304, 3358, 3312, 3364, 3373, 3374,
            3362, 3344, 3371, 3358, 3361, 3312, 3373, 3364, 3375, 3353, 3371, 3344, 3324, 3328, 3321, 3371, 3353, 3376, 2398, 2420, 3360, 3377, 3321, 3328,
            3363, 3375, 3364, 3361, 3360, 2420, 3378, 3375, 3363, 3368, 3379, 3356, 3328, 3380, 3377, 3371, 3379, 3368, 3371, 3376, 3379, 3282, 3370, 3283,
            3380, 3381, 3377, 3312, 3361, 3382, 3370, 3282, 3383, 3370, 3383, 3384, 3385, 3382, 3361, 3353, 3355, 3386, 3387, 3382, 3385, 3370, 3384, 3363,
            3388, 3376, 3353, 3386, 3388, 3353, 3388, 3389, 3376, 3384, 3378, 3363, 2420, 3385, 3361, 3390, 3378, 3384, 3322, 3391, 3298, 2414, 2436, 2420,
            3388, 3392, 3389, 3392, 3393, 3389, 3375, 3394, 3373, 3395, 3376, 3393, 3379, 3376, 3395, 3382, 3330, 3312, 3394, 3375, 3396, 3397, 3395, 3393,
            3322, 3377, 3398, 3382, 3387, 3330, 3394, 3396, 3399, 3389, 3393, 3376, 3400, 3401, 3402, 3322, 3398, 3391, 3266, 3403, 3264, 3322, 3321, 3377,
            3266, 3404, 3403, 3392, 3251, 3405, 3401, 3406, 3402, 3399, 3401, 3394, 3399, 3406, 3401, 3407, 3404, 3266, 3393, 3392, 3405, 3289, 3408, 3266,
            3397, 3393, 3409, 3405, 3409, 3393, 3377, 3381, 3410, 3408, 3407, 3266, 3405, 3245, 3366, 3404, 3411, 3412, 3404, 3407, 3411, 3406, 3399, 3413,
            3366, 3365, 3409, 3409, 3405, 3366, 3406, 3413, 3414, 3381, 3415, 3410, 3411, 3407, 3416, 1366, 1368, 1375, 3417, 3391, 3398, 2748, 1368, 2738,
            2748, 1375, 1368, 3320, 3408, 3289, 3417, 3418, 3419, 3420, 3407, 3408, 3410, 3398, 3377, 3408, 3320, 3420, 3378, 3396, 3375, 1375, 2748, 3349,
            3320, 3421, 3420, 3422, 3349, 2748, 3410, 3417, 3398, 3423, 3396, 3378, 3416, 3407, 3420, 2748, 2746, 3422, 2746, 2769, 3422, 3423, 3399, 3396,
            3390, 3423, 3378, 3424, 3423, 3390, 3399, 3423, 3425, 3418, 3417, 3410, 3355, 3349, 3422, 3309, 3320, 3289, 3425, 3423, 3424, 3391, 3426, 3298,
            3298, 3426, 3369, 3413, 3399, 3425, 3422, 2769, 3427, 3427, 3355, 3422, 3421, 3428, 3420, 2769, 2746, 2140, 3383, 3429, 3384, 3326, 3320, 3319,
            3429, 3390, 3384, 3430, 3390, 3429, 2769, 2141, 3427, 3320, 3326, 3421, 3428, 3421, 3326, 3391, 3431, 3426, 3391, 3417, 3431, 3355, 3427, 3386,
            3429, 3432, 3430, 3326, 3433, 3428, 3417, 3419, 3431, 3429, 3434, 3432, 3432, 3434, 3435, 3433, 3326, 3336, 3436, 3413, 3425, 3436, 3437, 3438,
            3340, 3433, 3336, 3439, 3388, 3386, 2141, 3440, 3427, 3441, 3433, 3340, 3410, 3415, 3442, 2141, 2165, 3440, 3427, 3440, 3443, 3430, 3444, 3424,
            3335, 3337, 3445, 3424, 3444, 3437, 3335, 3445, 3340, 2202, 3440, 2165, 3430, 3424, 3390, 3446, 3445, 3337, 3418, 3410, 3442, 3443, 3440, 3447,
            2202, 3447, 3440, 3418, 3442, 3448, 3449, 3450, 3446, 3386, 3427, 3439, 3443, 3439, 3427, 2420, 3451, 3385, 3425, 3437, 3436, 3452, 3451, 2439,
            3451, 3452, 3385, 3437, 3425, 3424, 3443, 3392, 3439, 3392, 3443, 3453, 3418, 3448, 3454, 3455, 3385, 3452, 3443, 3447, 3453, 3456, 3448, 3411,
            3455, 3387, 3385, 3432, 3444, 3430, 3388, 3439, 3392, 3457, 3455, 3452, 3458, 3432, 3435, 3459, 3314, 2702, 3458, 3444, 3432, 3452, 3460, 3457,
            3392, 3453, 3251, 3452, 3461, 3460, 3444, 3462, 3437, 3457, 3463, 3455, 3405, 3251, 3245, 3463, 3457, 3464, 3465, 3457, 3460, 3466, 1396, 1394,
            2702, 2899, 3459, 3457, 3465, 3464, 3444, 3467, 3462, 3451, 2420, 2436, 2439, 3451, 2436, 3466, 1394, 1395, 2899, 3468, 3459, 1395, 3469, 3466,
            1395, 3356, 3469, 2446, 3452, 2439, 3282, 3341, 3470, 3282, 3470, 3383, 3461, 2446, 2459, 1396, 3466, 3247, 2446, 3461, 3452, 3468, 2899, 3471,
            1396, 3247, 1346, 3470, 3341, 3350, 3350, 3472, 3470, 3461, 2459, 2474, 3247, 3466, 3473, 3461, 3474, 3460, 3470, 3429, 3383, 2902, 3471, 2899,
            3473, 3255, 3247, 3429, 3470, 3472, 3471, 3475, 3476, 3434, 3429, 3472, 3469, 3356, 3477, 3478, 3473, 3466, 3387, 3337, 3330, 3479, 3434, 3472,
            3478, 3466, 3469, 2902, 2906, 3471, 3350, 3351, 3472, 3480, 3337, 3387, 3387, 3455, 3480, 3468, 3471, 3481, 3469, 3477, 3478, 3482, 3478, 3477,
            3472, 3351, 3479, 3476, 3481, 3471, 3480, 3483, 3337, 3480, 3463, 3483, 3255, 3473, 3484, 3463, 3480, 3455, 3485, 3484, 3473, 3486, 3484, 3485,
            3479, 3435, 3434, 3337, 3483, 3446, 3485, 3473, 3478, 3449, 3446, 3483, 3485, 3478, 3487, 3314, 2697, 2702, 3463, 3488, 3483, 3488, 3464, 3489,
            3356, 3379, 3477, 3477, 3379, 3395, 3471, 2906, 3475, 3475, 2906, 2928, 3402, 3490, 3334, 3488, 3463, 3464, 3414, 3402, 3406, 3484, 3256, 3255,
            3256, 3484, 3260, 2906, 2907, 2928, 3484, 3491, 3260, 3483, 3488, 3449, 3491, 3484, 3486, 3492, 3413, 3436, 2928, 3493, 3475, 3317, 3314, 3459,
            3488, 3489, 3449, 3260, 3491, 3284, 3317, 3459, 3327, 3487, 3478, 3482, 3327, 3459, 3481, 3494, 3487, 3482, 3495, 3449, 3489, 3493, 3476, 3475,
            3468, 3481, 3459, 3487, 3486, 3485, 3487, 3496, 3486, 3474, 3461, 2474, 3497, 3327, 3481, 3498, 3487, 3494, 2474, 3499, 3474, 3499, 3500, 3474,
            3487, 3498, 3496, 3501, 3496, 3498, 3493, 3502, 3476, 3503, 3481, 3476, 2474, 2471, 3499, 3354, 3504, 3505, 3501, 3498, 3374, 2480, 3499, 2471,
            3332, 3497, 3357, 3465, 3460, 3474, 3395, 3482, 3477, 3397, 3482, 3395, 3500, 3465, 3474, 3482, 3397, 3506, 3357, 3497, 3507, 2928, 3508, 3509,
            3510, 3507, 3497, 3332, 3327, 3497, 3511, 3465, 3500, 2928, 2929, 3508, 3506, 3494, 3482, 3500, 3512, 3511, 3357, 3504, 3354, 3409, 3506, 3397,
            3357, 3507, 3504, 3499, 2480, 3513, 3509, 3502, 3493, 3506, 3409, 3365, 3365, 3494, 3506, 3514, 2480, 2482, 3507, 3515, 3504, 3516, 3517, 3502,
            3516, 3502, 3509, 2480, 3518, 3513, 3519, 3507, 3510, 3510, 3497, 3481, 2480, 3514, 3518, 3503, 3510, 3481, 3493, 2928, 3509, 3500, 3499, 3513,
            3500, 3513, 3512, 3494, 3374, 3498, 3374, 3494, 3364, 3364, 3494, 3365, 3520, 3512, 3513, 3521, 3510, 3503, 3510, 3521, 3519, 3522, 3516, 3509,
            3523, 3520, 3513, 3522, 3509, 3508, 3491, 3486, 3496, 3491, 3496, 3524, 3523, 3513, 3518, 3491, 3525, 3284, 3524, 3525, 3491, 3507, 3519, 3305,
            3305, 3515, 3507, 3465, 3511, 3464, 3526, 3489, 3464, 2929, 2206, 3508, 3464, 3511, 3526, 3501, 3524, 3496, 3503, 3476, 3521, 3526, 3511, 3527,
            3525, 3291, 3284, 3476, 3502, 3521, 3526, 3527, 3528, 3517, 3521, 3502, 3519, 3521, 3529, 3517, 3529, 3521, 3530, 3525, 3524, 3531, 3495, 3489,
            3532, 3495, 3531, 3333, 3291, 3530, 3525, 3530, 3291, 3291, 3333, 3292, 3530, 3524, 3501, 3531, 3533, 3532, 3501, 3534, 3530, 3526, 3531, 3489,
            3528, 3531, 3526, 3501, 3373, 3534, 3529, 3301, 3519, 3519, 3301, 3305, 3529, 3517, 3535, 3533, 3531, 3528, 3301, 3529, 3536, 3373, 3501, 3374,
            3537, 3528, 3527, 3516, 3538, 3517, 3301, 3536, 3308, 3394, 3534, 3373, 3394, 3401, 3534, 3535, 3536, 3529, 3517, 3538, 3535, 3528, 3537, 3539,
            3400, 3530, 3534, 3540, 3535, 3538, 3511, 3512, 3527, 3536, 3324, 3308, 3530, 3400, 3333, 3520, 3527, 3512, 3536, 3540, 3329, 3540, 3536, 3535,
            3324, 3536, 3329, 3333, 3400, 3334, 3400, 3402, 3334, 3401, 3400, 3534, 3527, 3520, 3537, 3541, 3444, 3458, 3522, 3508, 3542, 3539, 3537, 3543,
            3245, 3262, 3366, 3262, 3367, 3366, 3522, 3542, 3544, 3541, 3259, 3545, 3340, 3445, 3450, 3441, 3340, 3450, 3522, 3538, 3516, 3545, 3546, 3467,
            3467, 3444, 3541, 3445, 3446, 3450, 3541, 3545, 3467, 3547, 3450, 3449, 3548, 3453, 3447, 3547, 3549, 3450, 3495, 3547, 3449, 3447, 3550, 3548,
            3257, 3551, 3259, 3552, 3553, 3544, 3453, 3548, 3246, 3523, 3554, 3555, 3505, 3351, 3354, 3556, 3553, 3552, 3268, 3548, 3550, 3505, 3479, 3351,
            3548, 3268, 3246, 3508, 2206, 2205, 3504, 3515, 3505, 3537, 3520, 3555, 3505, 3515, 3557, 3269, 3268, 3273, 3537, 3555, 3543, 3558, 3479, 3505,
            3555, 3520, 3523, 3558, 3505, 3557, 2205, 2208, 2219, 3479, 3248, 3435, 3550, 2201, 3559, 2198, 3559, 2201, 3550, 3447, 2202, 2202, 2201, 3550,
            3458, 3435, 3248, 2205, 3542, 3508, 2205, 2219, 3542, 2198, 2226, 3559, 3248, 3479, 3558, 2228, 3560, 2219, 2226, 2234, 3559, 3558, 3557, 3561,
            3557, 3300, 3561, 3559, 2234, 3294, 2234, 2226, 2229, 3300, 3277, 3561, 2219, 3560, 3542, 3550, 3559, 3268, 3248, 3558, 3249, 3294, 3268, 3559,
            3268, 3294, 3273, 3560, 2228, 3562, 3251, 3453, 3246, 3561, 3263, 3558, 3263, 3561, 3277, 3558, 3263, 3249, 3515, 3300, 3557, 3562, 2228, 2233,
            3515, 3305, 3300, 3542, 3552, 3544, 3542, 3560, 3552, 3541, 3458, 3250, 3541, 3250, 3259, 3458, 3248, 3250, 3562, 3552, 3560, 3552, 3563, 3556,
            3564, 3540, 3538, 3540, 3565, 3372, 3540, 3564, 3565, 3544, 3538, 3522, 3544, 3564, 3538, 3329, 3540, 3372, 3566, 3372, 3565, 3566, 3380, 3372,
            3380, 3328, 3372, 3564, 3544, 3553, 3565, 3564, 3553, 3553, 3556, 3567, 3567, 3565, 3553, 3566, 3565, 3568, 3566, 3569, 3380, 3566, 3568, 3569,
            3568, 3565, 3567, 2235, 2381, 2233, 2233, 3570, 3562, 3571, 3570, 2233, 3571, 2233, 2381, 3563, 3552, 3562, 3570, 3563, 3562, 3563, 3570, 3572,
            3556, 3563, 3572, 3573, 3572, 3570, 3570, 3571, 3573, 2365, 2381, 2235, 2381, 3343, 3571, 3573, 3571, 3343, 3254, 3573, 3343, 3347, 3343, 3342,
            3343, 3347, 3254, 3572, 3573, 3271, 3271, 3573, 3254, 3254, 3253, 3271, 3574, 3575, 3567, 3576, 3569, 3575, 3568, 3567, 3575, 3569, 3568, 3575,
            3577, 3576, 3575, 3574, 3577, 3575, 3574, 3578, 3577, 3577, 3578, 3264, 3577, 3579, 3576, 3264, 3579, 3577, 3567, 3556, 3574, 3572, 3574, 3556,
            3574, 3572, 3271, 3578, 3574, 3271, 3281, 3578, 3271, 3281, 3271, 3270, 3264, 3578, 3281, 2315, 3343, 2381, 3415, 3380, 3569, 3380, 3415, 3381,
            3415, 3569, 3580, 3415, 3580, 3442, 3580, 3569, 3576, 3579, 3580, 3576, 3448, 3442, 3580, 3580, 3412, 3448, 3412, 3580, 3579, 3579, 3403, 3404,
            3579, 3404, 3412, 3403, 3579, 3264, 3411, 3448, 3412, 3252, 3254, 3347, 3581, 3582, 3583, 3581, 3583, 3584, 3585, 3586, 3587, 3588, 3589, 3590,
            3585, 3591, 3586, 3592, 3591, 3585, 3585, 3587, 3593, 3588, 3594, 3589, 3595, 3585, 3593, 3596, 3597, 3594, 3595, 3593, 3598, 3592, 3585, 3595,
            3599, 3584, 3600, 3601, 3596, 3594, 3602, 3591, 3592, 3602, 3592, 3603, 3601, 3594, 3588, 3299, 1574, 1255, 3604, 3596, 3601, 3605, 3602, 3603,
            3601, 3588, 3606, 3306, 1574, 3299, 3604, 3601, 3606, 3607, 3582, 3581, 3608, 3595, 3609, 3610, 3588, 3590, 3606, 3588, 3611, 3595, 3603, 3592,
            3611, 3588, 3610, 3603, 3595, 3608, 3590, 3589, 3612, 3590, 3612, 3613, 1574, 3614, 1580, 3614, 1574, 3306, 3590, 3613, 3615, 1404, 1403, 1580,
            1404, 1580, 3616, 3616, 1580, 3614, 3617, 3618, 3619, 3620, 3581, 3584, 3621, 3617, 3619, 3620, 3584, 3599, 3613, 3622, 3615, 3614, 3306, 3318,
            3623, 3614, 3318, 3624, 3617, 3621, 3625, 3615, 3622, 3616, 3614, 3626, 3610, 3590, 3625, 3623, 3626, 3614, 3624, 3621, 3627, 3615, 3625, 3590,
            3581, 3620, 3628, 3624, 3627, 3629, 3607, 3581, 3628, 3630, 3610, 3625, 3624, 3583, 3617, 3583, 3631, 3617, 3323, 3623, 3318, 3582, 3631, 3583,
            3632, 3623, 3323, 3623, 3632, 3626, 3633, 3626, 3632, 3622, 3634, 3625, 3634, 3630, 3625, 3635, 3636, 3637, 3638, 3635, 3637, 3600, 3584, 3629,
            3639, 3331, 3334, 3624, 3584, 3583, 3584, 3624, 3629, 3632, 3323, 3639, 3639, 3323, 3331, 3640, 3632, 3639, 3605, 3627, 3602, 3635, 3600, 3641,
            3627, 3605, 3629, 3642, 3639, 3334, 3642, 3334, 3490, 3629, 3605, 3643, 3605, 3603, 3608, 3635, 3599, 3600, 3605, 3608, 3643, 3644, 3599, 3635,
            3644, 3635, 3638, 3643, 3608, 3645, 3641, 3629, 3643, 3620, 3599, 3646, 3641, 3643, 3636, 3636, 3643, 3647, 3628, 3620, 3648, 3648, 3620, 3646,
            3635, 3641, 3636, 3644, 3646, 3599, 3629, 3641, 3600, 3649, 3644, 3638, 3649, 3646, 3644, 3650, 3607, 3651, 3628, 3651, 3607, 3539, 3533, 3528,
            3652, 3533, 3539, 3653, 3650, 3651, 3441, 3654, 3433, 3441, 3450, 3549, 3613, 3654, 3441, 3628, 3648, 3651, 3546, 3462, 3467, 3655, 3656, 3653,
            3657, 3658, 3659, 3545, 3660, 3546, 3622, 3613, 3658, 3622, 3658, 3657, 3661, 3546, 3660, 3655, 3653, 3651, 3662, 3655, 3651, 3658, 3549, 3547,
            3663, 3547, 3495, 3551, 3545, 3259, 3551, 3660, 3545, 3547, 3659, 3658, 3659, 3547, 3663, 3659, 3663, 3664, 3662, 3651, 3648, 3662, 3648, 3665,
            3348, 3551, 3257, 3634, 3622, 3657, 3655, 3662, 3666, 3667, 3634, 3657, 3667, 3657, 3659, 3667, 3659, 3664, 3663, 3495, 3532, 3664, 3663, 3532,
            3665, 3648, 3646, 3664, 3532, 3652, 3652, 3532, 3533, 3668, 3661, 3660, 3669, 3668, 3660, 3667, 3664, 3670, 3646, 3649, 3665, 3660, 3551, 3669,
            3671, 3664, 3652, 3665, 3649, 3672, 3673, 3669, 3551, 3671, 3652, 3674, 3670, 3664, 3671, 3675, 3668, 3669, 3676, 3598, 3675, 3675, 3669, 3673,
            3677, 3675, 3673, 3678, 3662, 3665, 3523, 3518, 3554, 3679, 3555, 3554, 3674, 3652, 3539, 3543, 3674, 3539, 3680, 3674, 3543, 3681, 3674, 3680,
            3665, 3672, 3682, 3679, 3683, 3555, 3678, 3665, 3682, 3555, 3683, 3543, 3673, 3551, 3348, 3684, 3543, 3683, 3685, 3684, 3683, 3543, 3684, 3680,
            3684, 3685, 3680, 3673, 3348, 3686, 3671, 3674, 3687, 3687, 3674, 3681, 1909, 1863, 1908, 3297, 3369, 3348, 3688, 3604, 3606, 3689, 1909, 1908,
            3690, 3691, 3604, 3686, 3348, 3369, 3690, 3604, 3688, 3686, 3369, 3692, 3689, 1908, 3693, 3693, 3694, 3695, 3677, 3673, 3686, 3693, 3695, 3696,
            3611, 3697, 3606, 3688, 3606, 3697, 3693, 1908, 3694, 3676, 3675, 3677, 3697, 3611, 3698, 3677, 3686, 3699, 3693, 3700, 3689, 3700, 3693, 3696,
            3699, 3686, 3692, 3701, 3690, 3688, 3701, 3688, 3702, 3703, 3701, 3702, 3702, 3688, 3697, 1918, 1909, 3689, 3698, 3704, 3697, 3702, 3697, 3704,
            1921, 1918, 3689, 1921, 3689, 3700, 3630, 3634, 3705, 3611, 3610, 3630, 3706, 3700, 3696, 3698, 3611, 3630, 3369, 3426, 3692, 3707, 3692, 3426,
            3707, 3426, 3431, 1921, 3700, 3708, 3706, 3708, 3700, 3707, 3699, 3692, 3709, 3696, 3695, 3704, 3698, 3710, 3710, 3698, 3630, 3431, 3711, 3707,
            3712, 3710, 3630, 3419, 3711, 3431, 3713, 3714, 3695, 3709, 3695, 3714, 3715, 3701, 3703, 3716, 3715, 3703, 3655, 3717, 3714, 3714, 3717, 3709,
            3703, 3702, 3718, 3719, 3709, 3717, 3456, 3454, 3448, 3711, 3419, 3720, 3419, 3418, 3720, 3706, 3709, 3719, 3721, 3711, 3720, 3722, 3706, 3719,
            3418, 3454, 3720, 3723, 3546, 3661, 3709, 3706, 3696, 3716, 3703, 3724, 3724, 3703, 3718, 3725, 3720, 3454, 3726, 3724, 3718, 3725, 3454, 3456,
            1407, 1404, 3616, 1407, 3616, 3727, 3719, 3717, 3728, 3616, 3626, 3727, 3726, 3702, 3704, 3729, 3726, 3704, 3718, 3702, 3726, 3722, 3719, 3728,
            3727, 3626, 3730, 3727, 3731, 1407, 3729, 3704, 3710, 3731, 3727, 3730, 3731, 3730, 3732, 1921, 3708, 3733, 1445, 1411, 1407, 3731, 1445, 1407,
            3734, 3726, 3729, 3735, 3733, 3708, 3736, 3733, 3735, 3633, 3632, 3640, 3626, 3633, 3730, 3737, 3676, 3677, 3738, 3633, 3640, 3243, 3183, 3184,
            3737, 3739, 3676, 3184, 3740, 3243, 3741, 3640, 3642, 1943, 1920, 1921, 3742, 3640, 3741, 3677, 3699, 3743, 3640, 3639, 3642, 3744, 1943, 1921,
            3743, 3745, 3677, 3746, 3745, 3743, 3745, 3737, 3677, 3181, 3192, 3184, 3744, 1921, 3733, 3730, 3633, 3747, 3748, 3740, 3184, 3744, 1946, 1943,
            3747, 3633, 3738, 3184, 3192, 3748, 3737, 3745, 3749, 3747, 3732, 3730, 3748, 3750, 3740, 3736, 3744, 3733, 3750, 3751, 3740, 3749, 3745, 3752,
            3738, 3640, 3742, 3752, 3745, 3753, 1948, 1946, 3754, 3750, 3748, 3755, 1946, 3744, 3754, 3753, 3745, 3746, 3747, 3738, 3756, 3754, 3744, 3736,
            3742, 3756, 3738, 3751, 3750, 3757, 3757, 3750, 3758, 3759, 1445, 3731, 3735, 3708, 3706, 3760, 1445, 3759, 3705, 3634, 3761, 3761, 3634, 3667,
            3735, 3706, 3722, 3759, 3731, 3732, 3759, 3732, 3762, 1457, 1445, 3760, 1443, 1445, 1457, 3763, 3735, 3722, 3764, 3761, 3667, 1457, 3760, 3765,
            3630, 3705, 3712, 3766, 3722, 3728, 3712, 3705, 3761, 3760, 3759, 3767, 3768, 3712, 3761, 3767, 3765, 3760, 3722, 3766, 3763, 3767, 3759, 3769,
            3768, 3761, 3764, 3762, 3732, 3747, 3735, 3763, 3770, 3770, 3736, 3735, 3768, 3764, 3771, 3762, 3747, 3772, 3770, 3763, 3773, 3764, 3667, 3670,
            3764, 3670, 3774, 3774, 3670, 3775, 3776, 3736, 3770, 3777, 3756, 3742, 3772, 3747, 3756, 3778, 3756, 3777, 3772, 3756, 3778, 3776, 3770, 3773,
            3775, 3671, 3779, 3775, 3670, 3671, 3780, 3762, 3772, 3773, 3763, 3766, 3775, 3779, 3781, 3782, 3780, 3772, 3783, 3773, 3766, 3784, 3764, 3774,
            3782, 3772, 3785, 3769, 3759, 3762, 3769, 3762, 3780, 3775, 3784, 3774, 3784, 3775, 3781, 3784, 3781, 3786, 3787, 3699, 3707, 3784, 3786, 3788,
            3741, 3642, 3490, 3743, 3699, 3787, 3768, 3789, 3712, 3790, 3743, 3787, 3666, 3791, 3655, 3789, 3768, 3771, 3787, 3707, 3711, 3791, 3666, 3792,
            3414, 3490, 3402, 3490, 3414, 3492, 3787, 3711, 3721, 3793, 3787, 3721, 3794, 3741, 3490, 3795, 3792, 3666, 3794, 3490, 3492, 3492, 3414, 3413,
            3796, 3771, 3797, 3746, 3743, 3790, 3666, 3662, 3678, 3710, 3712, 3789, 3798, 3666, 3678, 3729, 3710, 3789, 3794, 3742, 3741, 3753, 3746, 3790,
            3777, 3742, 3794, 3753, 3790, 3799, 3734, 3729, 3796, 3666, 3798, 3795, 3796, 3729, 3789, 3771, 3796, 3789, 3793, 3721, 3800, 3801, 3794, 3492,
            3790, 3787, 3793, 3795, 3798, 3802, 3803, 3790, 3793, 3790, 3803, 3799, 3804, 3801, 3492, 3438, 3492, 3436, 3798, 3678, 3682, 3805, 3798, 3682,
            3806, 3796, 3797, 3771, 3764, 3784, 3438, 3437, 3462, 3804, 3492, 3438, 3798, 3805, 3802, 3807, 3771, 3784, 3807, 3784, 3788, 3801, 3804, 3808,
            3797, 3771, 3807, 3800, 3721, 3720, 3788, 3786, 3809, 3795, 3810, 3792, 3462, 3546, 3438, 3804, 3438, 3546, 3811, 3788, 3809, 3723, 3804, 3546,
            3807, 3788, 3812, 3811, 3813, 3788, 3812, 3788, 3813, 3800, 3720, 3725, 3814, 3800, 3725, 3814, 3725, 3815, 3778, 3777, 3816, 3793, 3800, 3817,
            3818, 3794, 3801, 3777, 3794, 3818, 3803, 3793, 3817, 3818, 3816, 3777, 3797, 3807, 3819, 3820, 3802, 3805, 3819, 3807, 3812, 3810, 3795, 3802,
            3821, 3797, 3819, 3817, 3800, 3814, 3785, 3772, 3778, 3594, 3814, 3815, 3822, 3716, 3724, 3823, 3778, 3816, 3824, 3724, 3726, 3825, 3810, 3820,
            3785, 3778, 3823, 3752, 3753, 3799, 3822, 3724, 3826, 3826, 3724, 3824, 3818, 3586, 3816, 3820, 3810, 3802, 3823, 3816, 3586, 3824, 3726, 3734,
            3808, 3818, 3801, 3827, 3825, 3820, 3803, 3828, 3799, 3820, 3829, 3827, 3828, 3803, 3830, 3831, 3752, 3799, 3808, 3804, 3723, 3824, 3734, 3832,
            3833, 3827, 3829, 3834, 3824, 3832, 3593, 3808, 3723, 3828, 3831, 3799, 3835, 3827, 3833, 3587, 3586, 3818, 3831, 3828, 3836, 3826, 3824, 3834,
            3587, 3818, 3808, 3593, 3587, 3808, 3837, 3831, 3838, 3838, 3831, 3836, 3839, 3826, 3840, 3834, 3840, 3826, 3803, 3817, 3830, 3597, 3830, 3817,
            3841, 3834, 3832, 3842, 3830, 3597, 3593, 3723, 3668, 3717, 3655, 3791, 3840, 3834, 3843, 3841, 3843, 3834, 3817, 3814, 3597, 3593, 3668, 3598,
            3597, 3814, 3594, 3844, 3717, 3791, 3728, 3717, 3844, 3842, 3597, 3596, 1548, 1457, 3765, 3828, 3830, 3842, 3828, 3842, 3845, 3845, 3836, 3828,
            3765, 3767, 3769, 3846, 3728, 3844, 3840, 3847, 3848, 3847, 3840, 3843, 3849, 3836, 3845, 3850, 1548, 3765, 3847, 3843, 3851, 3850, 3765, 3769,
            3851, 3852, 3847, 3853, 3844, 3791, 3853, 3791, 3792, 1556, 1548, 3854, 1549, 1548, 1556, 3192, 3220, 3224, 3846, 3844, 3853, 3855, 3748, 3192,
            3691, 3842, 3596, 3691, 3596, 3604, 3856, 3853, 3792, 3856, 3792, 3810, 3857, 1556, 3854, 3723, 3661, 3668, 3766, 3728, 3846, 3598, 3668, 3675,
            3858, 3859, 3860, 3854, 1548, 3850, 3854, 3850, 3860, 3748, 3855, 3755, 3857, 3854, 3860, 3766, 3846, 3861, 3862, 3755, 3855, 3595, 3598, 3863,
            3224, 3855, 3192, 3609, 3595, 3863, 3864, 3224, 3221, 3782, 3769, 3780, 3855, 3224, 3864, 3863, 3598, 3676, 3855, 3864, 3862, 3858, 3769, 3782,
            3676, 3739, 3863, 3861, 3846, 3853, 3865, 3755, 3862, 3866, 3861, 3853, 3858, 3782, 3867, 3866, 3853, 3856, 3755, 3758, 3750, 3769, 3858, 3850,
            3868, 3609, 3863, 3850, 3858, 3860, 3865, 3758, 3755, 3869, 3861, 3870, 3758, 3871, 3757, 3868, 3863, 3739, 3867, 3618, 3858, 3861, 3783, 3766,
            3783, 3861, 3869, 3872, 3873, 3871, 3872, 3871, 3758, 3739, 3737, 3749, 3874, 3739, 3749, 3645, 3609, 3868, 3645, 3868, 3875, 3870, 3861, 3866,
            3876, 3865, 3862, 3608, 3609, 3645, 3865, 3876, 3877, 3857, 1561, 1556, 3758, 3865, 3872, 3643, 3645, 3647, 3875, 3868, 3739, 3859, 3857, 3860,
            3878, 3857, 3859, 3877, 3872, 3865, 3879, 3870, 3866, 3872, 3877, 3880, 3875, 3739, 3874, 3878, 3881, 3857, 1561, 3857, 3881, 3825, 3856, 3810,
            3236, 3864, 3221, 3825, 3866, 3856, 3647, 3645, 3875, 3882, 1561, 3881, 3864, 3236, 3883, 3879, 3866, 3825, 3864, 3876, 3862, 3835, 3879, 3825,
            3881, 3878, 3884, 3883, 3876, 3864, 3885, 3875, 3886, 3859, 3858, 3887, 3876, 3883, 3888, 3885, 3647, 3875, 3878, 3859, 3889, 3859, 3887, 3889,
            3883, 3236, 3235, 3835, 3825, 3827, 3887, 3858, 3618, 3886, 3874, 3749, 3874, 3886, 3875, 3887, 3618, 3617, 3888, 3883, 3890, 3631, 3887, 3617,
            3891, 3749, 3752, 3749, 3891, 3886, 3889, 3892, 3878, 3849, 3838, 3836, 3892, 3889, 3887, 3888, 3877, 3876, 3893, 3885, 3886, 3849, 3894, 3838,
            3893, 3886, 3895, 3895, 3886, 3891, 3891, 3752, 3896, 3892, 3887, 3631, 3631, 3897, 3892, 3896, 3895, 3891, 3849, 3845, 3898, 3896, 3752, 3831,
            3899, 3888, 3890, 3837, 3896, 3831, 3882, 1632, 1561, 3884, 3882, 3881, 3782, 3785, 3900, 3888, 3901, 3877, 3842, 3691, 3845, 3884, 3878, 3892,
            3902, 3884, 3892, 3898, 3845, 3691, 3877, 3901, 3903, 3900, 3785, 3823, 3900, 3867, 3782, 3902, 3892, 3897, 3900, 3823, 3591, 3904, 3734, 3796,
            3832, 3734, 3904, 3905, 3902, 3897, 3591, 3823, 3586, 3691, 3690, 3898, 3867, 3900, 3619, 3904, 3796, 3806, 3906, 3849, 3907, 3897, 3631, 3582,
            3897, 3582, 3908, 3905, 3897, 3908, 3907, 3849, 3898, 3602, 3900, 3591, 3619, 3900, 3602, 3909, 3904, 3806, 3621, 3619, 3602, 3910, 3905, 3908,
            3904, 3841, 3832, 3627, 3621, 3602, 3911, 3907, 3898, 3904, 3912, 3841, 3618, 3867, 3619, 3898, 3701, 3911, 3607, 3908, 3582, 3701, 3898, 3690,
            3913, 3843, 3841, 3650, 3910, 3908, 3913, 3841, 3912, 3650, 3908, 3607, 3904, 3909, 3912, 3914, 3910, 3650, 3656, 3914, 3650, 3653, 3656, 3650,
            3915, 3907, 3911, 3916, 3806, 3821, 3821, 3806, 3797, 1830, 1632, 3882, 3715, 3911, 3701, 3715, 3915, 3911, 3821, 3819, 3917, 1830, 3882, 3884,
            3918, 3821, 3917, 3918, 3917, 3919, 3916, 3821, 3918, 3920, 3916, 3918, 3637, 3636, 3647, 3884, 3921, 1830, 3922, 3873, 3872, 3923, 1830, 3921,
            3922, 3920, 3873, 3647, 3924, 3637, 3923, 1833, 1830, 1859, 1833, 3923, 3880, 3922, 3872, 3920, 3925, 3916, 3921, 3884, 3902, 3926, 3921, 3902,
            3926, 3902, 3905, 3920, 3922, 3927, 3923, 3921, 3926, 3923, 3926, 3928, 3927, 3929, 3920, 3924, 3647, 3885, 3924, 3885, 3930, 3926, 3905, 3910,
            3926, 3910, 3914, 3893, 3930, 3885, 3909, 3806, 3916, 1859, 3923, 3931, 3925, 3909, 3916, 3932, 3909, 3925, 3932, 3925, 3929, 3912, 3909, 3933,
            3933, 3909, 3932, 3933, 3932, 3934, 3934, 3932, 3929, 3929, 3925, 3920, 3928, 3931, 3923, 3638, 3637, 3935, 3935, 3637, 3936, 3843, 3913, 3851,
            1865, 1859, 3931, 3937, 3913, 3938, 3637, 3924, 3936, 1865, 3931, 1908, 3933, 3938, 3912, 3930, 3936, 3924, 3913, 3912, 3938, 3931, 3694, 1908,
            3931, 3928, 3694, 3851, 3913, 3937, 3939, 3936, 3930, 3928, 3926, 3914, 3851, 3937, 3940, 3937, 3938, 3941, 3694, 3928, 3942, 3942, 3928, 3914,
            3930, 3893, 3895, 3942, 3914, 3656, 3713, 3694, 3942, 3695, 3694, 3713, 3943, 3895, 3944, 3943, 3930, 3895, 3945, 3922, 3880, 3942, 3656, 3713,
            3946, 3927, 3922, 3944, 3895, 3896, 3922, 3945, 3947, 3714, 3713, 3656, 3714, 3656, 3655, 3947, 3946, 3922, 3944, 3896, 3948, 3943, 3944, 3948,
            3903, 3945, 3877, 3877, 3945, 3880, 3945, 3903, 3947, 3943, 3939, 3930, 3947, 3949, 3946, 3950, 3938, 3933, 3951, 3934, 3929, 3950, 3933, 3934,
            3950, 3934, 3951, 3950, 3952, 3938, 3953, 3950, 3951, 3952, 3950, 3953, 3954, 3943, 3955, 3951, 3929, 3927, 3946, 3951, 3927, 3951, 3946, 3953,
            3941, 3938, 3952, 3956, 3941, 3952, 3956, 3952, 3953, 3957, 3935, 3936, 3941, 3956, 3958, 3959, 3957, 3936, 3960, 3941, 3958, 3958, 3956, 3961,
            3936, 3939, 3959, 3946, 3949, 3953, 3961, 3953, 3949, 3822, 3962, 3716, 3935, 3649, 3638, 3962, 3822, 3963, 3672, 3649, 3935, 3964, 3963, 3822,
            3672, 3935, 3957, 3964, 3822, 3826, 3839, 3964, 3826, 3965, 3672, 3957, 3966, 3963, 3964, 3966, 3964, 3967, 3966, 3968, 3963, 3682, 3672, 3965,
            3682, 3965, 3805, 3969, 3966, 3967, 3967, 3964, 3839, 3805, 3965, 3970, 3965, 3957, 3959, 3970, 3965, 3971, 3971, 3965, 3959, 3971, 3972, 3970,
            3973, 3974, 3966, 3973, 3966, 3969, 3839, 3848, 3967, 3969, 3967, 3848, 3939, 3943, 3954, 3969, 3848, 3975, 3848, 3839, 3840, 3976, 3939, 3954,
            3977, 3954, 3955, 3847, 3975, 3848, 3241, 3514, 2482, 3978, 3518, 3514, 3979, 3514, 3241, 3976, 3959, 3939, 3980, 3979, 3241, 3971, 3959, 3976,
            3979, 3978, 3514, 3979, 3980, 3978, 3981, 3554, 3518, 3978, 3981, 3518, 3982, 3554, 3981, 3982, 3983, 3554, 3972, 3971, 3976, 3980, 3981, 3978,
            3980, 3982, 3981, 3982, 3980, 3984, 3980, 3241, 3242, 3243, 3980, 3242, 3976, 3954, 3977, 3740, 3980, 3243, 3977, 3985, 3976, 3986, 3984, 3980,
            3740, 3986, 3980, 3985, 3977, 3987, 3983, 3982, 3984, 3984, 3679, 3983, 3988, 3679, 3984, 3989, 3988, 3984, 3948, 3896, 3837, 3990, 3988, 3989,
            3983, 3679, 3554, 3988, 3683, 3679, 3683, 3988, 3685, 3680, 3685, 3681, 3687, 3681, 3685, 3894, 3948, 3837, 3988, 3990, 3685, 3990, 3687, 3685,
            3894, 3837, 3838, 3991, 3989, 3751, 3984, 3986, 3989, 3989, 3986, 3751, 3990, 3989, 3992, 3955, 3943, 3948, 3955, 3948, 3993, 3992, 3989, 3991,
            3993, 3948, 3894, 3994, 3955, 3993, 3740, 3751, 3986, 3995, 3991, 3751, 3906, 3894, 3849, 3993, 3894, 3906, 3995, 3992, 3991, 3993, 3906, 3996,
            3996, 3906, 3915, 3915, 3906, 3907, 3757, 3995, 3751, 3757, 3997, 3995, 3977, 3955, 3994, 3997, 3757, 3871, 3779, 3671, 3687, 3779, 3687, 3781,
            3998, 3781, 3687, 3998, 3687, 3990, 3992, 3998, 3990, 3994, 3993, 3996, 3999, 3998, 3992, 4000, 3994, 3996, 4001, 3999, 3992, 4001, 3809, 3999,
            4001, 4002, 3811, 3995, 4001, 3992, 4002, 4001, 3995, 3811, 4002, 3813, 3997, 4002, 3995, 3977, 3994, 4000, 4003, 4002, 3997, 3987, 3977, 4000,
            3997, 3871, 4003, 4003, 4004, 4002, 4004, 3813, 4002, 3871, 3873, 4003, 4005, 4000, 3996, 3873, 4004, 4003, 3919, 4004, 3873, 3920, 3919, 3873,
            4005, 3996, 4006, 4006, 3996, 3915, 4007, 4006, 3915, 4007, 3915, 3715, 3716, 4007, 3715, 3962, 4007, 3716, 4008, 3805, 3970, 4009, 3970, 3972,
            3820, 3805, 4008, 4008, 3970, 4009, 3972, 3976, 3985, 3972, 3985, 4010, 4010, 3985, 3987, 4011, 4009, 3972, 4012, 4009, 4013, 4013, 4009, 4011,
            4011, 3972, 4010, 4014, 3820, 4008, 3829, 3820, 4014, 4015, 3829, 4014, 4012, 4008, 4009, 4012, 4014, 4008, 4014, 4012, 4015, 3833, 3829, 4015,
            4016, 3833, 4015, 4013, 4011, 4017, 4017, 4011, 4018, 4019, 4013, 4017, 4020, 4017, 4018, 4019, 4017, 4020, 4021, 4013, 4019, 4015, 4012, 4013,
            4015, 4013, 4021, 4021, 4016, 4015, 4021, 4019, 4022, 4022, 4019, 4023, 3987, 4000, 4005, 4024, 3987, 4005, 4010, 3987, 4024, 4025, 4005, 4006,
            4025, 4024, 4005, 4026, 4024, 4025, 4011, 4010, 4024, 4011, 4024, 4018, 4026, 4018, 4024, 4026, 4025, 4027, 4006, 4028, 4025, 4028, 4006, 4007,
            4028, 4007, 3962, 4029, 4025, 4028, 4029, 4028, 4030, 4029, 4027, 4025, 3963, 4028, 3962, 4030, 4028, 3963, 4031, 4018, 4026, 4031, 4026, 4027,
            4031, 4027, 4032, 4032, 4027, 4033, 4020, 4018, 4031, 4031, 4023, 4020, 4019, 4020, 4023, 4023, 4031, 4032, 4034, 4023, 4032, 4035, 4023, 4034,
            4034, 4032, 4036, 4027, 4029, 4033, 4037, 4033, 4029, 3968, 4030, 3963, 4037, 4029, 4030, 4037, 4030, 3968, 4036, 4032, 4033, 4033, 3974, 4036,
            3974, 4033, 4037, 3974, 4037, 3968, 3974, 3968, 3966, 3416, 3456, 3411, 3420, 4038, 3416, 4039, 3416, 4038, 3815, 4039, 3589, 3589, 4039, 4038,
            3589, 4038, 4040, 3612, 3589, 4040, 3815, 3725, 3456, 3456, 3416, 4039, 3456, 4039, 3815, 3594, 3815, 3589, 3428, 4038, 3420, 4040, 4038, 3428,
            3428, 4041, 4040, 3613, 3612, 4041, 3428, 3433, 4041, 3654, 4041, 3433, 3613, 4041, 3654, 3441, 3549, 3613, 3549, 3658, 3613, 3819, 3812, 3813,
            4004, 3819, 3813, 3819, 4004, 3917, 4004, 3919, 3917, 3919, 3920, 3918, 3956, 3953, 3961, 3786, 3781, 3999, 3999, 3809, 3786, 3781, 3998, 3999,
            3809, 4001, 3811, 3612, 4040, 4041, 4042, 4043, 4044, 4045, 4046, 4047, 4048, 4049, 4050, 4042, 4051, 4052, 4053, 4054, 4055, 4056, 4057, 4058,
            4059, 4060, 4061, 4062, 4063, 4053, 4054, 4064, 4065, 4066, 4067, 4068, 4069, 4070, 4071, 4070, 4072, 4071, 4073, 4054, 4053, 4074, 4075, 4076,
            4077, 4078, 4079, 4080, 4066, 4081, 4060, 4079, 4078, 4082, 4083, 4084, 4085, 4086, 4087, 4073, 4076, 4075, 4088, 4089, 4090, 4088, 4091, 4089,
            4088, 4092, 4091, 4093, 4091, 4092, 4094, 4095, 4096, 4097, 4098, 4099, 4100, 4094, 4101, 4098, 4102, 4103, 4104, 4066, 4068, 4105, 4104, 4068,
            4102, 4106, 4103, 4107, 4108, 4109, 4110, 4111, 4112, 4113, 4114, 4115, 4116, 4117, 4112, 4114, 4113, 4118, 4101, 4094, 4119, 4117, 4116, 4120,
            4121, 4122, 4106, 4123, 4124, 4125, 4126, 4123, 4125, 4127, 4126, 4091, 4127, 4091, 4093, 4128, 4129, 4130, 4131, 4132, 4133, 4134, 4135, 4136,
            4069, 4137, 4135, 4138, 4129, 4121, 4137, 4136, 4135, 4139, 4129, 4138, 4140, 4141, 4130, 4123, 4127, 4142, 4093, 4142, 4127, 4143, 4144, 4145,
            4146, 4142, 4093, 4130, 4129, 4139, 4147, 4148, 4149, 4150, 4151, 4152, 4153, 4154, 4155, 4155, 4130, 4139, 4156, 4150, 4152, 4157, 4138, 4158,
            4157, 4158, 4159, 4120, 4160, 4161, 4162, 4163, 4164, 4165, 4164, 4163, 4050, 4166, 4048, 4167, 4168, 4169, 4170, 4167, 4169, 4171, 4172, 4173,
            4174, 4175, 4176, 4173, 4177, 4171, 4061, 4170, 4169, 4178, 4117, 4179, 4169, 4178, 4179, 4167, 4180, 4181, 4136, 4182, 4183, 4184, 4185, 4186,
            4071, 4137, 4069, 4187, 4188, 4185, 4189, 4190, 4173, 4191, 4192, 4193, 4194, 4137, 4071, 4195, 4194, 4072, 4196, 4197, 4186, 4198, 4199, 4190,
            4195, 4200, 4201, 4195, 4072, 4200, 4184, 4202, 4203, 4204, 4203, 4078, 4205, 4206, 4207, 4044, 4208, 4209, 4210, 4104, 4105, 4211, 4212, 4210,
            4211, 4213, 4214, 4044, 4057, 4056, 4044, 4215, 4057, 4215, 4216, 4057, 4216, 4217, 4057, 4216, 4211, 4214, 4217, 4214, 4218, 4208, 4044, 4043,
            4042, 4052, 4043, 4219, 4220, 4221, 4222, 4223, 4224, 4225, 4226, 4227, 4228, 4229, 4230, 4231, 4232, 4233, 4234, 4225, 4227, 4231, 4230, 4232,
            4235, 4224, 4236, 4237, 4219, 4238, 4234, 4239, 4240, 4241, 4224, 4235, 4240, 4242, 4234, 4242, 4243, 4234, 4238, 4221, 4244, 4221, 4238, 4219,
            4245, 4242, 4240, 4222, 4224, 4241, 4238, 4244, 4246, 4247, 4248, 4228, 4241, 4249, 4222, 4250, 4242, 4251, 4242, 4245, 4251, 4248, 4247, 4252,
            4251, 4245, 4253, 4246, 4254, 4238, 4251, 4253, 4255, 4254, 4256, 4238, 4257, 4235, 4236, 4247, 4258, 4252, 4259, 4235, 4257, 4256, 4237, 4238,
            4239, 4234, 4227, 4247, 4260, 4258, 4261, 4262, 4263, 4264, 4265, 4266, 4267, 4239, 4268, 4228, 4248, 4229, 4266, 4219, 4237, 4263, 4223, 4261,
            4266, 4237, 4264, 4240, 4239, 4269, 4269, 4239, 4267, 4222, 4261, 4223, 4270, 4247, 4228, 4264, 4271, 4265, 4272, 4247, 4270, 4270, 4228, 4230,
            4245, 4240, 4269, 4253, 4245, 4269, 4247, 4272, 4260, 4253, 4269, 4273, 4274, 4275, 4262, 4276, 4277, 4278, 4273, 4269, 4267, 4279, 4264, 4237,
            4279, 4237, 4280, 4281, 4277, 4276, 4264, 4279, 4271, 4277, 4281, 4282, 4282, 4283, 4277, 4284, 4285, 4286, 4255, 4253, 4287, 4285, 4284, 4288,
            4249, 4261, 4222, 4284, 4286, 4289, 4290, 4261, 4249, 4287, 4253, 4291, 4290, 4262, 4261, 4291, 4253, 4273, 4292, 4256, 4254, 4291, 4273, 4293,
            4292, 4254, 4294, 4276, 4278, 4288, 4295, 4291, 4293, 4296, 4276, 4288, 4297, 4298, 4299, 4262, 4290, 4300, 4274, 4262, 4300, 4299, 4298, 4141,
            4301, 4284, 4302, 4286, 4300, 4290, 4280, 4237, 4256, 4303, 4256, 4292, 4273, 4304, 4305, 4293, 4273, 4305, 4303, 4280, 4256, 4293, 4305, 4306,
            4284, 4301, 4288, 4307, 4288, 4301, 4307, 4296, 4288, 4306, 4295, 4293, 4292, 4299, 4308, 4294, 4297, 4299, 4309, 4306, 4305, 4299, 4292, 4294,
            4309, 4305, 4310, 4309, 4310, 4311, 4308, 4303, 4292, 694, 4312, 744, 4303, 4308, 4313, 4296, 4307, 4314, 4315, 4308, 4299, 4316, 4276, 4296,
            4316, 4281, 4276, 4296, 4314, 4316, 744, 4312, 746, 4317, 746, 4312, 4315, 4313, 4308, 4318, 4319, 4320, 4321, 4319, 4318, 4299, 4141, 4322,
            4323, 4324, 4312, 4324, 4317, 4312, 4325, 4281, 4316, 4322, 4315, 4299, 4325, 4282, 4281, 4258, 4302, 4252, 4258, 4301, 4302, 4318, 4320, 4326,
            4258, 4307, 4301, 746, 762, 739, 746, 4317, 762, 4327, 4279, 4280, 4328, 4307, 4258, 4329, 4326, 4320, 4330, 4327, 4280, 4331, 4327, 4330,
            4332, 4307, 4328, 4332, 4314, 4307, 4333, 763, 762, 4328, 4258, 4260, 4333, 766, 763, 4333, 4334, 766, 4324, 762, 4317, 4335, 4328, 4260,
            4336, 762, 4324, 4313, 4280, 4303, 4336, 4333, 762, 4337, 4338, 4339, 4313, 4330, 4280, 4340, 4330, 4313, 4341, 4313, 4315, 4338, 4342, 4339,
            4340, 4313, 4341, 4335, 4332, 4328, 4343, 4334, 4333, 4333, 4336, 4344, 4338, 4337, 4321, 4322, 4141, 4140, 4333, 4344, 4343, 4345, 4315, 4322,
            4316, 4314, 4346, 4347, 4336, 4324, 4140, 4345, 4322, 4348, 4336, 4347, 4140, 4154, 4345, 4336, 4348, 4344, 4330, 4340, 4331, 4318, 4338, 4321,
            4316, 4346, 4325, 4084, 4349, 4345, 4350, 4344, 4348, 4314, 4332, 4346, 4344, 4350, 4343, 4345, 4154, 4084, 4318, 4326, 4351, 4352, 4346, 4332,
            4084, 4154, 4082, 4082, 4154, 4153, 4343, 4350, 4353, 4350, 4348, 4354, 4318, 4351, 4338, 4355, 4353, 4350, 4354, 4355, 4350, 4352, 4325, 4346,
            4356, 4357, 4325, 4352, 4356, 4325, 4358, 4356, 4352, 4338, 4351, 4359, 4106, 4102, 4159, 4159, 4102, 4360, 973, 4361, 4362, 4363, 4122, 4364,
            4298, 4363, 4364, 4365, 967, 968, 4366, 4231, 4367, 4368, 4326, 4329, 968, 973, 4365, 4231, 4366, 4230, 4141, 4298, 4364, 4368, 4351, 4326,
            4362, 4365, 973, 4122, 4128, 4364, 4368, 4369, 4351, 4128, 4122, 4121, 4368, 4278, 4369, 4365, 4370, 967, 4370, 4365, 4362, 4141, 4364, 4128,
            4371, 4370, 4362, 4372, 4367, 4373, 4374, 4372, 4373, 4141, 4128, 4130, 973, 982, 4361, 4372, 4366, 4367, 4121, 4129, 4128, 4361, 982, 4375,
            4369, 4376, 4351, 4377, 4366, 4372, 4122, 4103, 4106, 4378, 4270, 4230, 4230, 4366, 4378, 4375, 982, 984, 4158, 4121, 4106, 4379, 4375, 984,
            4158, 4106, 4159, 4379, 984, 1015, 4361, 4380, 4362, 4381, 4361, 4375, 4382, 4272, 4270, 4378, 4382, 4270, 4381, 4380, 4361, 4277, 4369, 4278,
            4272, 4382, 4260, 4383, 4260, 4382, 4383, 4382, 4384, 4277, 4385, 4369, 4386, 4378, 4366, 4386, 4384, 4378, 4320, 4319, 4387, 4386, 4366, 4377,
            4388, 4375, 4389, 4390, 4384, 4386, 4384, 4382, 4378, 4274, 4387, 4275, 4155, 4140, 4130, 4391, 989, 967, 4392, 4374, 4373, 4391, 4393, 989,
            4155, 4154, 4140, 4374, 4377, 4372, 4393, 694, 989, 4394, 4374, 4392, 4395, 4374, 4394, 4312, 694, 4393, 4329, 4387, 4274, 4329, 4320, 4387,
            967, 4370, 4391, 4396, 4329, 4274, 4139, 4177, 4155, 4395, 4377, 4374, 4397, 4391, 4370, 4396, 4274, 4300, 4285, 4396, 4300, 4121, 4158, 4138,
            4398, 4377, 4395, 4399, 4395, 4394, 4139, 4138, 4177, 4177, 4138, 4157, 4397, 4393, 4391, 4395, 4399, 4398, 4157, 4159, 4171, 4397, 4323, 4393,
            4396, 4368, 4329, 4400, 4159, 4360, 4396, 4285, 4368, 4171, 4159, 4400, 4401, 4371, 4380, 4402, 4371, 4401, 4362, 4380, 4371, 4403, 4404, 4398,
            4398, 4399, 4403, 4171, 4177, 4157, 4405, 4371, 4402, 4404, 4386, 4377, 4177, 4173, 4406, 4285, 4300, 4286, 4173, 4172, 4189, 4407, 4405, 4402,
            4408, 4407, 4402, 4386, 4409, 4390, 4155, 4177, 4199, 4381, 4410, 4401, 4406, 4199, 4177, 4401, 4380, 4381, 4398, 4404, 4377, 4409, 4386, 4404,
            4278, 4368, 4285, 4411, 4409, 4404, 4341, 4315, 4345, 4404, 4403, 4411, 4278, 4285, 4288, 4375, 4388, 4381, 4410, 4381, 4388, 4412, 4390, 4409,
            4412, 4413, 4390, 4345, 4349, 4341, 4340, 4341, 4349, 4388, 4414, 4410, 4415, 4331, 4340, 4349, 4415, 4340, 4388, 4416, 4414, 4417, 4409, 4411,
            4409, 4417, 4412, 4083, 4349, 4084, 4083, 4415, 4349, 4408, 4402, 4401, 4410, 4226, 4401, 4408, 4401, 4226, 4418, 4419, 4420, 4260, 4383, 4335,
            4421, 4335, 4383, 4226, 4410, 4414, 4334, 870, 766, 4352, 4332, 4335, 4422, 4423, 4424, 4335, 4425, 4352, 4426, 4414, 4416, 4414, 4426, 4226,
            4227, 4226, 4426, 4425, 4335, 4421, 4427, 4423, 4428, 4429, 4397, 4370, 875, 870, 4430, 4423, 4422, 4428, 4405, 4370, 4371, 4429, 4370, 4405,
            4431, 4430, 870, 4431, 870, 4334, 4421, 4432, 4425, 4433, 4431, 4334, 4434, 4397, 4429, 4435, 4383, 4384, 4334, 4343, 4433, 4435, 4421, 4383,
            4432, 4421, 4435, 4436, 4427, 4437, 4434, 4438, 4397, 4439, 4430, 4431, 4425, 4440, 4352, 4441, 4429, 4405, 4441, 4434, 4429, 4358, 4352, 4440,
            4439, 4431, 4442, 4407, 4441, 4405, 4437, 4427, 4428, 4443, 882, 875, 4443, 884, 882, 4443, 944, 884, 4443, 4444, 944, 4445, 4356, 4358,
            4434, 4441, 4446, 4447, 4436, 4437, 1025, 1015, 1013, 4448, 4436, 4447, 4443, 875, 4430, 4379, 1015, 4449, 4450, 4440, 4425, 4449, 1015, 1025,
            4358, 4440, 4445, 4444, 4443, 4430, 4451, 4437, 4428, 1025, 4452, 4449, 4450, 4445, 4440, 4439, 4444, 4430, 4428, 4453, 4451, 4389, 4375, 4379,
            4437, 4451, 4454, 4384, 4390, 4435, 4449, 4389, 4379, 4439, 4455, 4444, 4455, 4456, 4444, 4457, 4448, 4447, 4458, 4389, 4449, 4459, 4456, 4455,
            4460, 4457, 4447, 4413, 4435, 4390, 4413, 4432, 4435, 4454, 4447, 4437, 4353, 4433, 4343, 4458, 4449, 4452, 4460, 4447, 4454, 4353, 4442, 4433,
            4413, 4461, 4432, 4448, 4462, 4436, 4432, 4461, 4463, 4448, 4259, 4462, 4442, 4464, 4439, 4433, 4442, 4431, 4465, 4452, 4466, 4467, 4452, 4465,
            4412, 4468, 4413, 4353, 4355, 4469, 4442, 4353, 4469, 4355, 4470, 4469, 4471, 4465, 4472, 4468, 4461, 4413, 4473, 4461, 4468, 4452, 1025, 1024,
            4474, 4259, 4448, 4475, 4442, 4469, 4425, 4463, 4450, 4475, 4464, 4442, 4432, 4463, 4425, 4466, 4452, 1024, 4466, 1024, 1030, 4466, 1030, 1033,
            4476, 4450, 4463, 4439, 4464, 4455, 4472, 4465, 4466, 4477, 4450, 4476, 4388, 4389, 4416, 4478, 4416, 4389, 4479, 4476, 4463, 4480, 4479, 4463,
            4481, 4455, 4464, 4481, 4459, 4455, 4482, 4477, 4476, 4476, 4479, 4482, 4483, 4474, 4448, 4457, 4483, 4448, 4484, 4464, 4485, 4478, 4389, 4458,
            4484, 4481, 4464, 4478, 4458, 4486, 4467, 4458, 4452, 4480, 4463, 4461, 4485, 4464, 4475, 4473, 4480, 4461, 4483, 4457, 4487, 4478, 4426, 4416,
            4488, 4484, 4489, 4490, 4227, 4426, 4490, 4426, 4491, 4490, 4491, 4492, 4484, 4488, 4481, 4493, 4494, 4176, 4491, 4426, 4478, 4494, 4493, 4160,
            4486, 4491, 4478, 4491, 4486, 4495, 4454, 4451, 4496, 4497, 4394, 4498, 4492, 4491, 4495, 944, 4499, 942, 4500, 942, 4499, 4497, 4494, 4111,
            940, 4500, 956, 4467, 4486, 4458, 4486, 4467, 4501, 4500, 940, 942, 4399, 4394, 4497, 4111, 4494, 4160, 4467, 4465, 4471, 4444, 4499, 944,
            4501, 4467, 4471, 4456, 4499, 4444, 4502, 4471, 4472, 4503, 4454, 4496, 4399, 4497, 4403, 4501, 4471, 4502, 4497, 4111, 4403, 4495, 4486, 4501,
            4503, 4504, 4454, 4505, 4500, 4506, 4111, 4110, 4403, 4500, 4499, 4506, 4505, 956, 4500, 4507, 4504, 4503, 4116, 4111, 4160, 4120, 4116, 4160,
            4112, 4111, 4116, 4495, 4501, 4508, 4509, 4505, 4506, 4487, 4457, 4460, 956, 4510, 955, 4501, 4502, 4508, 959, 955, 4510, 4511, 4460, 4454,
            4508, 4502, 4512, 4511, 4454, 4504, 4513, 4160, 4493, 4511, 4487, 4460, 4161, 4160, 4513, 4323, 4312, 4393, 4514, 4513, 4166, 4144, 4513, 4514,
            4487, 4515, 4483, 4438, 4323, 4397, 4232, 4515, 4487, 4516, 959, 4510, 4166, 4513, 4493, 4516, 961, 959, 4438, 4324, 4323, 4487, 4233, 4232,
            4510, 956, 4505, 4161, 4513, 4144, 4517, 4518, 4510, 4505, 4517, 4510, 4509, 4517, 4505, 4144, 4143, 4161, 4191, 4161, 4143, 4145, 4052, 4143,
            4347, 4324, 4438, 4510, 4518, 4516, 4519, 4511, 4504, 4520, 4347, 4438, 4521, 4516, 4518, 4522, 4110, 4112, 4459, 4499, 4456, 4178, 4522, 4112,
            4523, 4438, 4434, 4459, 4506, 4499, 4523, 4520, 4438, 4524, 4459, 4525, 4523, 4434, 4446, 4526, 4506, 4459, 4233, 4487, 4511, 4178, 4112, 4117,
            4511, 4519, 4233, 4526, 4509, 4506, 4526, 4459, 4524, 4522, 4178, 4169, 4527, 4347, 4520, 4347, 4527, 4348, 4528, 4233, 4519, 4529, 4526, 4524,
            4529, 4509, 4526, 4059, 4169, 4179, 4233, 4528, 4231, 4527, 4354, 4348, 4191, 4143, 4052, 4530, 4354, 4527, 4481, 4525, 4459, 4519, 4504, 4507,
            4052, 4192, 4191, 4531, 4519, 4507, 4532, 4533, 4407, 4525, 4481, 4534, 4120, 4161, 4191, 4534, 4524, 4525, 4225, 4408, 4226, 4519, 4531, 4535,
            4193, 4117, 4120, 4536, 4408, 4225, 4193, 4120, 4191, 4534, 4529, 4524, 4528, 4519, 4535, 4179, 4117, 4193, 4537, 4179, 4193, 4192, 4537, 4193,
            4408, 4536, 4407, 4532, 4407, 4536, 4537, 4059, 4179, 4234, 4536, 4225, 4367, 4231, 4528, 4538, 4521, 4518, 4539, 4536, 4234, 4540, 4535, 4531,
            4243, 4539, 4234, 4518, 4517, 4541, 4518, 4541, 4538, 4514, 4050, 4542, 4543, 4509, 4529, 4543, 4517, 4509, 4373, 4535, 4540, 4541, 4517, 4543,
            4373, 4528, 4535, 4539, 4532, 4536, 4373, 4367, 4528, 4529, 4544, 4543, 4544, 4541, 4543, 4208, 4542, 4081, 4533, 4441, 4407, 4208, 4081, 4209,
            4373, 4540, 4392, 4545, 4538, 4541, 4546, 4533, 4532, 4547, 4533, 4546, 4548, 4470, 4355, 4549, 4533, 4547, 4441, 4533, 4446, 4550, 4551, 4271,
            4549, 4446, 4533, 4104, 4210, 4212, 4552, 4210, 4086, 4553, 4470, 4548, 4549, 4554, 4446, 4469, 4470, 4475, 4555, 4485, 4475, 4550, 4556, 4551,
            4555, 4475, 4470, 4210, 4213, 4211, 4081, 4066, 4104, 4081, 4104, 4209, 4212, 4209, 4104, 4557, 4470, 4553, 4557, 4555, 4470, 4558, 4554, 4549,
            4209, 4212, 4211, 4558, 4549, 4547, 4216, 4215, 4209, 4209, 4211, 4216, 4489, 4484, 4485, 4555, 4489, 4485, 4250, 4243, 4242, 4555, 4488, 4489,
            4559, 4539, 4243, 4532, 4539, 4559, 4532, 4559, 4546, 4271, 4279, 4550, 4327, 4550, 4279, 4560, 4559, 4243, 4250, 4560, 4243, 4215, 4044, 4209,
            4561, 4550, 4327, 4562, 4555, 4557, 4563, 4488, 4555, 4563, 4555, 4562, 4561, 4556, 4550, 4214, 4217, 4216, 4557, 4564, 4562, 4565, 4556, 4561,
            4566, 4250, 4251, 4566, 4251, 4255, 4565, 4567, 4556, 4488, 4563, 4568, 4058, 4057, 4217, 4058, 4217, 4569, 4570, 4559, 4560, 4571, 4563, 4562,
            4214, 4572, 4218, 4560, 4573, 4570, 4569, 4217, 4218, 4573, 4560, 4250, 4574, 4557, 4553, 4575, 4557, 4574, 4250, 4566, 4573, 4564, 4557, 4575,
            4218, 4572, 4090, 4050, 4514, 4166, 4547, 4546, 4576, 4422, 4424, 4577, 4576, 4558, 4547, 4514, 4542, 4145, 4145, 4144, 4514, 4567, 4577, 4556,
            4208, 4145, 4542, 4578, 4558, 4576, 4567, 4422, 4577, 4575, 4579, 4564, 4571, 4564, 4579, 4571, 4562, 4564, 4043, 4145, 4208, 4576, 4580, 4578,
            4145, 4043, 4052, 4581, 4563, 4571, 4423, 4581, 4571, 4546, 4559, 4576, 4571, 4579, 4423, 4576, 4559, 4570, 4192, 4052, 4051, 4056, 4042, 4044,
            4582, 4570, 4573, 4424, 4423, 4579, 4580, 4570, 4582, 4567, 4428, 4422, 4580, 4576, 4570, 4427, 4581, 4423, 4453, 4428, 4567, 4567, 4583, 4453,
            4051, 4584, 4192, 4585, 4584, 4051, 4056, 4051, 4042, 4488, 4534, 4481, 4058, 4051, 4056, 4568, 4534, 4488, 4227, 4490, 4239, 4586, 4561, 4327,
            4490, 4268, 4239, 4534, 4568, 4587, 4492, 4268, 4490, 4587, 4529, 4534, 4588, 4529, 4587, 4589, 4586, 4327, 4561, 4586, 4565, 4590, 4588, 4587,
            4591, 4568, 4563, 4059, 4061, 4169, 4267, 4268, 4592, 4587, 4568, 4591, 4565, 4586, 4593, 4593, 4594, 4565, 4492, 4495, 4595, 4595, 4495, 4508,
            4268, 4492, 4595, 4592, 4268, 4595, 4596, 4590, 4587, 4537, 4060, 4059, 4596, 4587, 4591, 4537, 4192, 4079, 4591, 4597, 4596, 4079, 4192, 4584,
            4331, 4589, 4327, 4588, 4544, 4529, 4079, 4584, 4115, 4598, 4586, 4589, 4060, 4537, 4079, 4544, 4588, 4590, 4544, 4545, 4541, 4115, 4077, 4079,
            4545, 4544, 4599, 4600, 4592, 4595, 4593, 4586, 4598, 4595, 4508, 4601, 4600, 4595, 4601, 4602, 4599, 4544, 4600, 4601, 4603, 4604, 4544, 4590,
            4604, 4602, 4544, 4204, 4078, 4132, 4078, 4077, 4132, 4605, 4598, 4589, 4273, 4267, 4592, 4304, 4273, 4592, 4236, 4602, 4604, 4598, 4606, 4593,
            4304, 4592, 4600, 4304, 4600, 4607, 4607, 4600, 4603, 4569, 4218, 4089, 4089, 4218, 4090, 4569, 4089, 4091, 4305, 4304, 4607, 4608, 4604, 4590,
            4305, 4607, 4310, 4523, 4554, 4609, 4563, 4581, 4591, 4520, 4523, 4609, 4554, 4610, 4609, 4591, 4581, 4597, 4554, 4523, 4446, 4565, 4583, 4567,
            4611, 4597, 4581, 4584, 4585, 4113, 4596, 4597, 4611, 4585, 4058, 4124, 4051, 4058, 4585, 4594, 4583, 4565, 4609, 4527, 4520, 4527, 4609, 4530,
            4118, 4113, 4585, 4462, 4596, 4611, 4610, 4612, 4609, 4585, 4124, 4118, 4612, 4530, 4609, 4118, 4124, 4123, 4427, 4611, 4581, 4613, 4114, 4118,
            4558, 4614, 4554, 4614, 4610, 4554, 4584, 4113, 4115, 4427, 4436, 4611, 4614, 4612, 4610, 4615, 4453, 4583, 4436, 4462, 4611, 4606, 4594, 4593,
            4616, 4617, 4612, 4236, 4604, 4618, 4612, 4614, 4616, 4608, 4590, 4596, 4569, 4124, 4058, 4619, 4583, 4606, 4606, 4583, 4594, 4548, 4354, 4530,
            4618, 4604, 4608, 4620, 4619, 4606, 4569, 4125, 4124, 4462, 4608, 4596, 4462, 4618, 4608, 4617, 4548, 4530, 4125, 4569, 4091, 4548, 4355, 4354,
            4620, 4606, 4598, 4612, 4617, 4530, 4257, 4236, 4618, 4619, 4615, 4583, 4123, 4613, 4118, 4621, 4548, 4617, 4126, 4125, 4091, 4462, 4257, 4618,
            4259, 4257, 4462, 4548, 4621, 4622, 4133, 4077, 4115, 4114, 4133, 4115, 4623, 4133, 4114, 4133, 4623, 4131, 4578, 4614, 4558, 4132, 4077, 4133,
            4622, 4553, 4548, 4114, 4613, 4624, 4574, 4553, 4622, 4624, 4623, 4114, 4155, 4199, 4198, 4614, 4578, 4616, 4574, 4622, 4625, 4551, 4574, 4625,
            4626, 4616, 4578, 4626, 4627, 4616, 4131, 4623, 4628, 4628, 4623, 4629, 4580, 4221, 4578, 4153, 4155, 4198, 4630, 4574, 4551, 4578, 4221, 4220,
            4580, 4244, 4221, 4623, 4624, 4629, 4631, 4629, 4624, 4220, 4626, 4578, 4119, 4082, 4153, 4630, 4575, 4574, 4126, 4127, 4123, 4577, 4575, 4630,
            4613, 4123, 4151, 4575, 4577, 4424, 4153, 4198, 4632, 4551, 4577, 4630, 4626, 4220, 4266, 4632, 4119, 4153, 4151, 4624, 4613, 4556, 4577, 4551,
            4220, 4219, 4266, 4151, 4123, 4142, 4627, 4617, 4616, 4424, 4579, 4575, 4119, 4632, 4633, 4627, 4621, 4617, 4152, 4142, 4146, 4625, 4622, 4621,
            4150, 4631, 4151, 4621, 4627, 4625, 4152, 4146, 4156, 4634, 1049, 4635, 4142, 4152, 4151, 4173, 4190, 4406, 4625, 4627, 4636, 1054, 1050, 1049,
            4626, 4636, 4627, 4634, 1054, 1049, 4266, 4636, 4626, 4151, 4631, 4624, 4190, 4189, 4637, 4634, 4638, 1054, 4266, 4265, 4636, 4636, 4265, 4625,
            4639, 4411, 4403, 4206, 4190, 4637, 4638, 1058, 1054, 4551, 4625, 4265, 4206, 4637, 4207, 4639, 4417, 4411, 4638, 1056, 1058, 4271, 4551, 4265,
            4640, 4417, 4639, 4190, 4199, 4406, 4641, 4638, 4634, 4642, 4255, 4643, 4644, 4642, 4643, 4412, 4417, 4645, 4634, 4646, 4641, 4198, 4190, 4206,
            4287, 4647, 4648, 4643, 4287, 4648, 4417, 4640, 4649, 4198, 4650, 4632, 4649, 4645, 4417, 4651, 4638, 4641, 4205, 4198, 4206, 4652, 4648, 4647,
            4653, 4468, 4412, 4650, 4198, 4205, 4641, 4646, 4654, 4655, 4468, 4653, 4643, 4255, 4287, 4653, 4412, 4645, 4654, 4651, 4641, 4653, 4645, 4649,
            4644, 4643, 4648, 4649, 4168, 4181, 4287, 4291, 4647, 4647, 4291, 4295, 4181, 4653, 4649, 4656, 4654, 4657, 4658, 4659, 4660, 4661, 4656, 4657,
            4662, 4648, 4652, 4468, 4655, 4473, 4632, 4650, 4633, 961, 1049, 960, 4652, 4647, 4663, 4664, 4473, 4655, 4662, 4652, 4663, 961, 4635, 1049,
            4046, 4644, 4662, 4665, 4046, 4662, 4655, 4653, 4181, 4516, 4635, 961, 4666, 4644, 4046, 4667, 4664, 4655, 4667, 4668, 4664, 4669, 4516, 4521,
            4669, 4635, 4516, 4670, 4663, 4660, 4663, 4670, 4665, 4662, 4663, 4665, 4671, 4633, 4650, 4655, 4181, 4180, 4660, 4663, 4647, 4046, 4665, 4670,
            4671, 4650, 4205, 4659, 4046, 4670, 4180, 4667, 4655, 4634, 4635, 4669, 4670, 4660, 4659, 4479, 4672, 4482, 4673, 4634, 4669, 4647, 4295, 4674,
            4634, 4673, 4646, 4675, 4482, 4672, 4674, 4295, 4306, 4676, 4675, 4672, 4660, 4647, 4674, 4669, 4521, 4673, 4664, 4480, 4473, 4205, 4207, 4677,
            4672, 4479, 4480, 4678, 4521, 4538, 4674, 4658, 4660, 4674, 4055, 4658, 4673, 4521, 4678, 4679, 4055, 4674, 4668, 4480, 4664, 4672, 4480, 4668,
            4674, 4306, 4309, 4677, 4671, 4205, 4069, 4671, 4677, 4680, 4673, 4678, 4674, 4309, 4679, 4680, 4646, 4673, 4311, 4679, 4309, 4545, 4678, 4538,
            4566, 4255, 4642, 4566, 4642, 4681, 4668, 4667, 4682, 4683, 4070, 4677, 4667, 4180, 4197, 4684, 4680, 4678, 4069, 4677, 4070, 4684, 4678, 4545,
            4566, 4681, 4573, 4685, 4573, 4681, 4676, 4672, 4668, 4685, 4582, 4573, 4682, 4676, 4668, 4654, 4646, 4680, 4686, 4676, 4682, 4654, 4680, 4657,
            4451, 4453, 4496, 4681, 4642, 4666, 4615, 4496, 4453, 4687, 4681, 4666, 4688, 4681, 4687, 4680, 4689, 4657, 4686, 4682, 4690, 4689, 4680, 4684,
            4690, 4197, 4196, 4667, 4197, 4690, 4667, 4690, 4682, 4688, 4685, 4681, 4661, 4657, 4689, 4691, 4685, 4688, 4496, 4615, 4692, 1070, 1056, 1075,
            1075, 1072, 1070, 4503, 4496, 4692, 1056, 4693, 1075, 4694, 4580, 4582, 4110, 4639, 4403, 4691, 4694, 4582, 1075, 4693, 4695, 4522, 4639, 4110,
            4638, 4693, 1056, 4640, 4639, 4522, 4691, 4582, 4685, 4503, 4692, 4507, 4244, 4580, 4694, 4169, 4640, 4522, 4649, 4640, 4169, 4649, 4169, 4168,
            4696, 1073, 1075, 4696, 1075, 4695, 4072, 4070, 4697, 4691, 4698, 4694, 4651, 4693, 4638, 4699, 4072, 4697, 4167, 4181, 4168, 4695, 4693, 4651,
            4700, 4691, 4688, 4700, 4698, 4691, 4246, 4694, 4698, 4246, 4244, 4694, 4589, 4331, 4415, 4701, 4696, 4695, 4415, 4702, 4589, 4180, 4167, 4186,
            4703, 4186, 4167, 4589, 4702, 4605, 4704, 1078, 1074, 4167, 4170, 4703, 4703, 4170, 4061, 4703, 4061, 4202, 4705, 4688, 4687, 4705, 4706, 4688,
            4688, 4706, 4700, 4707, 4704, 4708, 4202, 4061, 4060, 4704, 1074, 1073, 4709, 4598, 4605, 4078, 4202, 4060, 1073, 4696, 4704, 4700, 4706, 4710,
            4711, 4605, 4702, 4710, 4706, 4712, 4713, 4246, 4698, 4246, 4713, 4254, 4711, 4709, 4605, 4713, 4698, 4700, 4703, 4202, 4184, 4711, 4702, 4714,
            4186, 4703, 4184, 4710, 4713, 4700, 4715, 4696, 4701, 4710, 4712, 4363, 4184, 4203, 4187, 4716, 4709, 4711, 4254, 4713, 4294, 4708, 4704, 4696,
            4710, 4363, 4297, 4297, 4363, 4298, 4715, 4708, 4696, 4185, 4184, 4187, 4297, 4713, 4710, 4294, 4713, 4297, 4186, 4197, 4180, 4659, 4658, 4047,
            4695, 4651, 4717, 4666, 4642, 4644, 4651, 4654, 4717, 4083, 4702, 4415, 4185, 4196, 4186, 4701, 4695, 4717, 4702, 4083, 4714, 4045, 4666, 4046,
            4202, 4078, 4203, 4687, 4666, 4045, 4718, 4701, 4717, 4047, 4046, 4659, 4204, 4187, 4203, 4096, 4083, 4082, 4047, 4658, 4719, 4045, 4047, 4064,
            4717, 4656, 4718, 4719, 4064, 4047, 4064, 4719, 4065, 4656, 4717, 4654, 4045, 4720, 4687, 4204, 4721, 4187, 4319, 4656, 4661, 4187, 4721, 4722,
            4096, 4714, 4083, 4656, 4319, 4718, 4720, 4045, 4723, 4188, 4187, 4722, 4723, 4045, 4075, 4204, 4132, 4721, 4075, 4045, 4064, 4321, 4724, 4718,
            4131, 4721, 4132, 4095, 4714, 4096, 4131, 4628, 4721, 4718, 4319, 4321, 4724, 4715, 4701, 4082, 4094, 4096, 4719, 4658, 4065, 4055, 4065, 4658,
            4724, 4701, 4718, 4715, 4724, 4725, 4337, 4725, 4724, 4055, 4054, 4065, 4311, 4726, 4679, 4725, 4708, 4715, 4726, 4055, 4679, 4727, 4708, 4725,
            4053, 4055, 4726, 4714, 4716, 4711, 4716, 4714, 4108, 4709, 4620, 4598, 4053, 4726, 4728, 4728, 4062, 4053, 4321, 4337, 4724, 4073, 4064, 4054,
            4729, 4620, 4709, 4339, 4725, 4337, 4620, 4730, 4619, 4731, 4619, 4730, 4074, 4723, 4075, 4545, 4599, 4684, 4732, 4620, 4729, 4732, 4730, 4620,
            4709, 4716, 4729, 4075, 4064, 4073, 4108, 4733, 4716, 4734, 4684, 4599, 4735, 4734, 4599, 4736, 4073, 4063, 4736, 4076, 4073, 4599, 4602, 4737,
            4733, 4729, 4716, 4735, 4599, 4737, 4063, 4073, 4053, 4236, 4737, 4602, 4223, 4738, 4734, 4103, 4074, 4076, 4733, 4732, 4729, 4734, 4735, 4223,
            4223, 4735, 4224, 4732, 4739, 4730, 4063, 4740, 4098, 4098, 4736, 4063, 4734, 4689, 4684, 4733, 4107, 4732, 4738, 4689, 4734, 4741, 4732, 4107,
            4740, 4099, 4098, 4098, 4076, 4736, 4103, 4076, 4098, 4741, 4739, 4732, 4738, 4661, 4689, 4723, 4705, 4720, 4687, 4720, 4705, 4319, 4661, 4387,
            4705, 4723, 4706, 4706, 4723, 4712, 4661, 4738, 4742, 4742, 4387, 4661, 4108, 4714, 4095, 4263, 4738, 4223, 4742, 4738, 4263, 4363, 4712, 4723,
            4262, 4742, 4263, 4100, 4095, 4094, 4275, 4387, 4742, 4742, 4262, 4275, 4363, 4723, 4074, 4363, 4074, 4122, 4149, 4743, 4095, 4149, 4095, 4100,
            4103, 4122, 4074, 4224, 4735, 4737, 4737, 4236, 4224, 4107, 4733, 4108, 4095, 4743, 4108, 4108, 4743, 4109, 4109, 4741, 4107, 4109, 4743, 4149,
            4109, 4149, 4148, 4094, 4082, 4119, 4101, 4119, 4633, 4100, 4101, 4633, 4671, 4135, 4633, 4135, 4671, 4069, 4134, 4100, 4633, 4135, 4134, 4633,
            4149, 4100, 4134, 4134, 4147, 4149, 4731, 4692, 4615, 4619, 4731, 4615, 4744, 4507, 4692, 4744, 4692, 4731, 4744, 4531, 4507, 4745, 4730, 4739,
            4745, 4731, 4730, 4746, 4745, 4739, 4747, 4745, 4746, 4746, 4739, 4741, 4109, 4748, 4741, 4731, 4745, 4744, 4747, 4744, 4745, 4749, 4744, 4747,
            4148, 4748, 4109, 4163, 4748, 4148, 4748, 4163, 4162, 4162, 4175, 4748, 4163, 4148, 4165, 4164, 4165, 4750, 4744, 4540, 4531, 4749, 4540, 4744,
            4162, 4164, 4048, 4049, 4164, 4750, 4049, 4048, 4164, 4751, 4747, 4746, 4746, 4741, 4748, 4748, 4751, 4746, 4747, 4174, 4749, 4747, 4751, 4174,
            4175, 4751, 4748, 4175, 4174, 4751, 4540, 4749, 4752, 4749, 4174, 4753, 4753, 4752, 4749, 4176, 4753, 4174, 4752, 4392, 4540, 4498, 4392, 4752,
            4392, 4498, 4394, 4494, 4753, 4176, 4753, 4498, 4752, 4494, 4498, 4753, 4498, 4494, 4497, 4162, 4048, 4754, 4176, 4175, 4162, 4162, 4754, 4176,
            4176, 4754, 4493, 4493, 4754, 4166, 4166, 4754, 4048, 4147, 4134, 4136, 4147, 4136, 4183, 4136, 4137, 4194, 4182, 4136, 4194, 4147, 4183, 4148,
            4165, 4148, 4183, 4750, 4165, 4183, 4182, 4750, 4183, 4182, 4755, 4750, 4182, 4194, 4195, 4072, 4194, 4071, 4755, 4182, 4195, 4755, 4195, 4201,
            4200, 4072, 4699, 4200, 4699, 4087, 4756, 4049, 4750, 4756, 4750, 4755, 4755, 4067, 4756, 4050, 4049, 4756, 4050, 4756, 4080, 4050, 4080, 4542,
            4080, 4081, 4542, 4080, 4756, 4067, 4066, 4080, 4067, 4201, 4067, 4755, 4201, 4068, 4067, 4200, 4087, 4201, 4087, 4086, 4201, 4201, 4086, 4105,
            4068, 4201, 4105, 4210, 4105, 4086, 4248, 4249, 4241, 4757, 4259, 4474, 4757, 4235, 4259, 4235, 4757, 4241, 4483, 4757, 4474, 4757, 4483, 4515,
            4248, 4241, 4757, 4757, 4515, 4229, 4229, 4248, 4757, 4758, 4290, 4249, 4758, 4249, 4248, 4289, 4286, 4290, 4289, 4290, 4758, 4302, 4289, 4758,
            4302, 4284, 4289, 4248, 4302, 4758, 4302, 4248, 4252, 4229, 4515, 4232, 4232, 4230, 4229, 4759, 4760, 4761, 4760, 4762, 4761, 4763, 4764, 4761,
            4761, 4762, 4765, 4765, 4763, 4761, 4759, 4761, 4766, 4766, 4761, 4764, 4763, 4767, 4764, 4766, 4764, 4767, 4768, 4759, 4766, 4766, 4767, 4769,
            4765, 4418, 4763, 4770, 4766, 4769, 4419, 4418, 4765, 4767, 4763, 4418, 4418, 4771, 4767, 4768, 4766, 4772, 4773, 4766, 4770, 4772, 4766, 4773,
            4774, 4768, 4772, 4775, 4774, 4772, 4776, 4772, 4773, 4775, 4772, 4776, 4769, 4767, 4771, 4770, 4769, 4771, 4771, 4777, 4770, 4771, 4418, 4777,
            4777, 4418, 4778, 4779, 4777, 4780, 4775, 4776, 4781, 4781, 4776, 4779, 4644, 4648, 4662, 4770, 4779, 4773, 4779, 4776, 4773, 4779, 4770, 4777,
            4782, 4783, 4784, 4785, 4637, 4786, 4787, 4788, 4789, 4790, 4791, 4792, 4207, 4637, 4793, 4794, 4795, 4788, 4796, 4797, 4792, 4798, 4799, 4800,
            4788, 4801, 4794, 4794, 4802, 4795, 4799, 4803, 4800, 4804, 4797, 4805, 4806, 4785, 4807, 4808, 4809, 4810, 4811, 4812, 4799, 4683, 4677, 4793,
            4813, 4814, 4815, 4806, 4816, 4793, 4817, 4818, 4819, 4787, 4801, 4788, 4801, 4787, 4820, 4817, 4821, 4822, 4813, 4823, 4814, 4824, 4809, 4825,
            4817, 4819, 4821, 4826, 4818, 4827, 4827, 4828, 4826, 4829, 4830, 4831, 4832, 4821, 4819, 4833, 4834, 4835, 4836, 4837, 4816, 4811, 4838, 4835,
            4839, 4840, 4813, 4841, 4839, 4813, 4832, 4842, 4821, 4843, 4842, 4844, 4807, 4845, 4806, 4846, 4847, 4848, 4849, 4806, 4845, 4850, 4838, 4844,
            4849, 4845, 4851, 4852, 4853, 4854, 4853, 4852, 4855, 4836, 4856, 4857, 4828, 4858, 4826, 4857, 4856, 4859, 4860, 4837, 4697, 4861, 4858, 4828,
            4862, 4826, 4858, 4829, 4863, 4864, 4697, 4865, 4699, 4854, 4866, 4867, 4854, 4853, 4866, 4866, 4853, 4868, 4869, 4870, 4871, 4832, 4826, 4862,
            4842, 4832, 4862, 4872, 4873, 4874, 4862, 4875, 4842, 4876, 4877, 4878, 4865, 4879, 4880, 4881, 4875, 4882, 4883, 4877, 4876, 4870, 4884, 4885,
            4883, 4873, 4877, 4886, 4882, 4887, 4888, 4880, 4889, 4890, 4874, 4883, 4879, 4857, 4891, 4892, 4882, 4893, 4882, 4894, 4893, 4895, 4896, 4897,
            4898, 4899, 4900, 4901, 4891, 4902, 4903, 4904, 4815, 4905, 4899, 4898, 4906, 4907, 4908, 4905, 4898, 4909, 4908, 4907, 4910, 4903, 4815, 4911,
            4912, 4913, 4914, 4915, 4902, 4916, 4912, 4917, 4913, 4918, 4919, 4908, 4908, 4920, 4918, 4921, 4922, 4917, 4841, 4904, 4923, 4924, 4922, 4925,
            4922, 4926, 4925, 4923, 4904, 4927, 4928, 4920, 4929, 4928, 4930, 4920, 4931, 4932, 4933, 4934, 4930, 4935, 4936, 4932, 4931, 4937, 4938, 4926,
            4939, 4925, 4926, 4939, 4926, 4938, 4940, 4941, 4942, 4942, 4941, 4943, 4942, 4943, 4944, 4945, 4946, 4943, 4947, 4932, 4948, 4949, 4943, 4946,
            4950, 4951, 4952, 4919, 4953, 4906, 4944, 4949, 4954, 4919, 4906, 4908, 4861, 4906, 4953, 4939, 4938, 4955, 4936, 4948, 4932, 4956, 4952, 4957,
            4957, 4958, 4959, 4948, 4936, 4960, 4961, 4901, 4962, 4963, 4964, 4923, 4965, 4954, 4949, 4966, 4964, 4963, 4967, 4968, 4953, 4969, 4947, 4970,
            4967, 4919, 4918, 4971, 4966, 4969, 4972, 4973, 4974, 4975, 4976, 4977, 4975, 4962, 4976, 4967, 4918, 4978, 4979, 4972, 4974, 4886, 4968, 4894,
            4888, 4889, 4980, 4980, 4889, 4961, 4981, 4894, 4968, 4982, 4971, 4969, 4983, 4924, 4925, 4969, 4970, 4984, 4985, 4986, 4987, 4988, 4989, 4990,
            4991, 4992, 4993, 4993, 4994, 4991, 4939, 4983, 4925, 4995, 4990, 4989, 4996, 4987, 4997, 4934, 4998, 4978, 4999, 4995, 4989, 5000, 5001, 4984,
            4878, 4998, 4934, 4996, 4997, 5002, 5003, 4876, 4878, 5001, 5000, 5004, 4876, 5003, 4914, 5005, 5006, 5007, 5008, 5002, 4997, 5009, 4982, 4969,
            5010, 4973, 4972, 5011, 5012, 5013, 5014, 4895, 5015, 5016, 5017, 5018, 4999, 5012, 4995, 4935, 5019, 5003, 4934, 4935, 5003, 5012, 5020, 4995,
            5012, 5011, 5020, 5021, 5022, 5023, 5024, 5019, 5005, 4977, 4976, 5025, 5024, 5005, 5026, 5027, 5021, 5028, 5029, 5027, 5030, 4914, 5003, 4912,
            5031, 5032, 5033, 5031, 5033, 5034, 5033, 5035, 5034, 4988, 4990, 5036, 4972, 4979, 5037, 5036, 4990, 5038, 4946, 5031, 5034, 5039, 5034, 5035,
            5040, 5041, 5010, 5024, 4912, 5019, 5042, 4853, 4855, 5007, 5043, 5026, 5044, 5045, 5046, 5034, 5047, 4946, 5048, 5049, 5050, 5026, 5043, 5051,
            4990, 4995, 5038, 5038, 4995, 5052, 5053, 5051, 5043, 5054, 5047, 5039, 5055, 5010, 5056, 5051, 5053, 5057, 5058, 5047, 5054, 5057, 5059, 5051,
            5056, 5060, 5055, 4552, 4086, 4085, 4552, 4085, 4950, 4956, 4552, 4950, 5061, 5024, 5026, 5062, 5056, 5037, 4957, 5063, 4956, 5029, 5030, 5064,
            5050, 5065, 5066, 5067, 5050, 5066, 5068, 5069, 5070, 4921, 5024, 5061, 4941, 5061, 5059, 5071, 5072, 5054, 5066, 5073, 5067, 4062, 4728, 5074,
            5058, 4965, 4949, 5075, 5076, 5073, 5077, 5078, 5079, 5080, 5079, 5078, 5081, 5080, 5082, 5083, 5084, 5085, 5086, 5075, 5073, 5085, 4979, 4974,
            5087, 5088, 5060, 5089, 5074, 5090, 5062, 5091, 5060, 5074, 5089, 4062, 5071, 5054, 5092, 5093, 5094, 5013, 5095, 4062, 5089, 5096, 5011, 5013,
            5089, 5097, 5095, 5098, 5099, 5100, 5101, 5102, 5103, 5104, 5097, 5105, 5096, 5013, 5094, 4099, 4740, 4097, 5106, 5084, 5083, 5098, 5083, 5099,
            4740, 5095, 5107, 5083, 5098, 5106, 5108, 5089, 5090, 5080, 5078, 5109, 5097, 5089, 5110, 5105, 5097, 5110, 5111, 5109, 5112, 5105, 5110, 4803,
            5110, 4800, 4803, 5113, 5062, 5114, 5115, 5102, 5101, 5116, 5105, 4803, 5117, 5086, 5115, 5104, 5105, 5116, 5118, 5106, 5119, 5082, 5080, 5120,
            5116, 4803, 4812, 5115, 5121, 4805, 5122, 5104, 5123, 5107, 4097, 4740, 5124, 5125, 5076, 5126, 4102, 5127, 5128, 5129, 5130, 5131, 5132, 5133,
            5128, 5134, 5129, 4102, 5126, 4360, 5135, 5136, 5121, 5135, 5121, 5134, 4782, 5137, 4783, 5135, 5134, 5138, 4784, 4783, 5139, 5135, 5140, 5136,
            5123, 5104, 5116, 5141, 5142, 5143, 5144, 5145, 5146, 5143, 5142, 5147, 5148, 5140, 5149, 4931, 5148, 5150, 5146, 5145, 5151, 5152, 5153, 4824,
            5154, 5155, 5096, 5156, 5152, 4824, 5157, 5153, 5152, 5152, 5156, 5158, 4810, 5139, 5122, 5159, 5152, 5158, 4171, 4400, 4172, 4825, 5156, 4824,
            4782, 4795, 4400, 4795, 4172, 4400, 4845, 5160, 5161, 4851, 4845, 5161, 5162, 5163, 5164, 5165, 5166, 5167, 5168, 4552, 4956, 5168, 5169, 4552,
            4959, 5170, 5063, 5171, 4214, 4213, 5170, 5172, 5169, 5173, 5172, 5170, 5173, 5171, 5172, 5174, 4572, 5175, 4093, 5176, 4146, 4156, 4146, 5176,
            5177, 5081, 5082, 5178, 5179, 5180, 5120, 5181, 5082, 5182, 5082, 5181, 5183, 5184, 5182, 5183, 4791, 4790, 5185, 5186, 5180, 5187, 5186, 5185,
            5188, 5187, 5189, 5189, 4830, 5188, 5179, 5190, 5189, 4840, 4823, 4813, 5187, 5191, 5186, 5192, 5191, 5187, 4823, 4840, 5190, 4311, 4310, 5193,
            4805, 4796, 5117, 5194, 5193, 5195, 5196, 1033, 1887, 4797, 4796, 4805, 1033, 5196, 4466, 4311, 5193, 5194, 5192, 5187, 5197, 5188, 5197, 5187,
            5129, 5101, 5144, 4726, 4311, 5194, 5198, 5196, 1887, 5198, 1887, 5199, 5199, 1887, 1888, 4726, 5194, 4728, 4830, 4829, 5188, 1888, 1887, 1886,
            5115, 5086, 5102, 4472, 4466, 5196, 5200, 5075, 4796, 5201, 5194, 5202, 4792, 4791, 5200, 4728, 5194, 5201, 4472, 5196, 5198, 4792, 5200, 4796,
            5074, 4728, 5201, 5115, 4805, 5117, 4790, 4792, 4797, 5090, 5074, 5201, 5203, 5198, 5199, 5101, 5129, 5115, 4814, 4790, 4797, 5204, 1888, 1896,
            5205, 1888, 5204, 4063, 4062, 4740, 5095, 4740, 4062, 4814, 4797, 4804, 5134, 5121, 5115, 5204, 1896, 1904, 5115, 5129, 5134, 5205, 5204, 1904,
            5205, 5199, 1888, 4804, 4911, 4814, 4814, 4911, 4815, 5199, 5205, 5206, 5107, 5095, 5097, 5207, 5206, 5205, 5104, 5107, 5097, 5207, 5205, 1904,
            4804, 4805, 5121, 4804, 5121, 5136, 4911, 4804, 5136, 5089, 5108, 5110, 4502, 4472, 5208, 4911, 5136, 4933, 4933, 5136, 4931, 4931, 5136, 5140,
            5138, 5134, 5128, 5149, 5135, 5138, 4512, 4502, 5208, 4839, 5209, 4831, 4512, 5208, 5210, 5211, 5208, 5203, 4839, 4831, 4840, 5210, 5208, 5211,
            5135, 5149, 5140, 4841, 5209, 4839, 5210, 5211, 5212, 4097, 4102, 4098, 5127, 4097, 5107, 5127, 4102, 4097, 5213, 5209, 5214, 5148, 4931, 5140,
            4472, 5198, 5208, 5127, 5107, 5126, 5126, 5107, 5215, 5209, 4841, 5214, 5208, 5198, 5203, 4923, 5214, 4841, 5122, 5107, 5104, 5122, 5215, 5107,
            5216, 5213, 5214, 5217, 5218, 5219, 4964, 5216, 5214, 4360, 5126, 5215, 4400, 4360, 4782, 5203, 5199, 5206, 5137, 4360, 5215, 4782, 4360, 5137,
            4864, 5220, 5197, 4783, 5215, 5122, 5188, 4864, 5197, 5220, 5192, 5197, 5215, 4783, 5137, 5212, 5203, 5221, 5206, 5221, 5203, 5139, 4783, 5122,
            4864, 5188, 4829, 5207, 5221, 5206, 4802, 4794, 5153, 5221, 5207, 5222, 5223, 5220, 5224, 5220, 4864, 5224, 5224, 4864, 4863, 5212, 5211, 5203,
            5123, 5116, 4835, 5225, 5226, 5227, 4812, 4811, 4835, 5228, 5224, 4869, 4812, 4835, 5116, 4863, 4870, 5224, 4869, 5224, 4870, 5212, 5221, 5229,
            5225, 5227, 5156, 4829, 4884, 4863, 4863, 4884, 4870, 5122, 5123, 4810, 5230, 5212, 5229, 5230, 5229, 5231, 5232, 5233, 5227, 4848, 4834, 4833,
            4835, 4834, 5123, 4831, 5209, 4829, 5234, 1904, 1901, 5234, 1901, 1977, 4884, 4829, 5209, 4810, 5123, 4834, 4884, 5209, 5213, 5235, 5234, 1977,
            4871, 5236, 4869, 5235, 1977, 5237, 5153, 4820, 4824, 4784, 5139, 4789, 4885, 4871, 4870, 4789, 5139, 4787, 4789, 4782, 4784, 5207, 1904, 5238,
            5157, 5152, 5159, 4782, 4788, 4795, 5234, 5238, 1904, 4788, 4782, 4789, 5156, 4825, 5225, 5238, 5234, 5235, 5235, 5237, 5239, 5240, 5238, 5235,
            4871, 5241, 5242, 5236, 5243, 4869, 4834, 4848, 4810, 4848, 4808, 4810, 5159, 4807, 5157, 5244, 5235, 5245, 5239, 5245, 5235, 5160, 5159, 5158,
            4807, 5159, 4845, 4809, 4808, 4825, 5159, 5160, 4845, 5242, 5246, 5236, 4847, 4825, 4808, 5242, 5236, 4871, 5247, 5242, 5241, 5227, 5158, 5156,
            5248, 5222, 5240, 4884, 5213, 4885, 4810, 4787, 5139, 4787, 4810, 4809, 5158, 5249, 5161, 5161, 5249, 5250, 5238, 5222, 5207, 5216, 4885, 5213,
            5222, 5238, 5240, 5158, 5227, 5249, 4885, 5216, 4897, 4824, 4787, 4809, 5235, 5251, 5240, 4820, 4787, 4824, 5158, 5161, 5160, 5250, 4851, 5161,
            4820, 4794, 4801, 5153, 4794, 4820, 4885, 5241, 4871, 5252, 5240, 5251, 4897, 5241, 4885, 5221, 5222, 5248, 5229, 5221, 5248, 5241, 4897, 4896,
            5233, 5253, 5254, 5255, 5233, 5254, 5256, 5229, 5248, 5249, 5227, 5233, 4897, 5216, 4895, 4895, 5216, 5015, 5249, 5233, 5257, 4172, 4795, 4802,
            5257, 5233, 5255, 4172, 4802, 4189, 5248, 5240, 5252, 5257, 5255, 5258, 5259, 5248, 5252, 5260, 4189, 4802, 5255, 5254, 5261, 4933, 4903, 4911,
            5251, 5244, 5252, 4850, 4833, 4835, 5251, 5235, 5244, 4850, 4835, 4838, 5258, 5255, 5261, 5258, 5261, 5262, 4927, 4903, 4947, 4933, 4947, 4903,
            4904, 4813, 4815, 4846, 4833, 4850, 4846, 4848, 4833, 4841, 4813, 4904, 5257, 5250, 5249, 4904, 4903, 4927, 5263, 5244, 5245, 5263, 5245, 5264,
            5263, 5252, 5244, 4847, 4808, 4848, 5250, 5257, 5265, 4850, 5266, 4846, 5267, 4846, 5266, 5265, 4851, 5250, 4847, 4846, 5268, 5214, 4923, 4964,
            5269, 5268, 5270, 4851, 5265, 4856, 4963, 4923, 4927, 5271, 5259, 5252, 5269, 4847, 5268, 5271, 5252, 5263, 4947, 4963, 4927, 5257, 5258, 5265,
            5225, 4825, 4847, 5272, 5258, 5262, 5267, 5268, 4846, 5273, 5259, 5271, 5268, 5267, 5274, 5258, 5275, 5265, 4856, 5265, 5275, 5275, 5258, 5272,
            5268, 5274, 5270, 4936, 4931, 5150, 1977, 1980, 5237, 4189, 5260, 4786, 4947, 4933, 4932, 5276, 1414, 1415, 1992, 5237, 1980, 1415, 1447, 5276,
            5150, 4960, 4936, 4960, 5150, 5277, 1992, 5239, 5237, 5276, 5278, 1414, 4786, 4637, 4189, 5276, 1447, 5279, 5280, 5276, 5279, 5281, 5239, 1992,
            5153, 5157, 4802, 5157, 5260, 4802, 5015, 5216, 4964, 5245, 5239, 5281, 4786, 5260, 5157, 5278, 5276, 5280, 4966, 5015, 4964, 4947, 4969, 4963,
            4969, 4966, 4963, 5245, 5281, 5282, 5280, 5283, 5278, 5284, 5278, 5283, 5283, 5280, 5285, 4508, 4512, 4601, 5279, 5286, 5280, 4637, 4785, 4793,
            5015, 4966, 4971, 5287, 4601, 4512, 4785, 4786, 5157, 5014, 5015, 5288, 5288, 5015, 4971, 5287, 4512, 5210, 4785, 5157, 4807, 5286, 5285, 5280,
            4971, 4982, 5288, 5212, 5289, 5210, 1447, 1448, 5279, 5279, 1448, 1459, 5287, 5210, 5289, 4947, 4948, 4970, 4806, 4793, 4785, 5290, 5287, 5289,
            4984, 4970, 4948, 1459, 5291, 5279, 5291, 5292, 5279, 4601, 5287, 4603, 5293, 5279, 5292, 5294, 5000, 4960, 1459, 1458, 1462, 5291, 1459, 1462,
            4948, 4960, 4984, 5295, 4603, 5287, 4960, 5000, 4984, 5296, 1462, 2078, 5295, 5287, 5297, 2078, 2080, 5296, 4984, 5001, 5298, 5297, 5287, 5290,
            5296, 5291, 1462, 5296, 5299, 5291, 5279, 5293, 5286, 4207, 4793, 4677, 5004, 5298, 5001, 5293, 5292, 5299, 4969, 4984, 5009, 5286, 5293, 5300,
            4793, 4816, 4683, 5230, 5289, 5212, 5301, 5293, 5299, 5009, 4984, 5298, 5289, 5230, 5302, 5303, 5301, 5304, 5299, 5292, 5291, 5305, 5230, 5231,
            4849, 4816, 4806, 5290, 5289, 5302, 5306, 5284, 5283, 5302, 5230, 5305, 5307, 5290, 5302, 5283, 5308, 5306, 4683, 4816, 4860, 4816, 4837, 4860,
            5309, 5308, 5310, 2080, 2077, 2082, 2082, 2075, 2091, 5308, 5311, 5306, 5311, 5312, 5306, 5302, 5305, 5313, 4837, 4857, 4879, 5311, 5314, 5312,
            5315, 2082, 2091, 5316, 2080, 5315, 5308, 5309, 5311, 5315, 2080, 2082, 4607, 4603, 5295, 4070, 4683, 4860, 5311, 5309, 5317, 4860, 4697, 4070,
            5316, 5315, 5318, 5295, 5319, 4607, 5318, 5315, 5320, 5309, 5310, 5321, 5297, 5290, 5307, 5319, 5295, 5297, 5285, 5286, 5300, 5300, 5310, 5285,
            4836, 4816, 4849, 5308, 5283, 5285, 4310, 4607, 5319, 5308, 5285, 5310, 5193, 4310, 5319, 4856, 4836, 4851, 4851, 4836, 4849, 5322, 2087, 2100,
            5317, 5323, 5311, 5322, 2091, 2087, 5195, 5319, 5297, 5319, 5195, 5193, 5317, 5309, 5324, 5320, 5315, 2091, 4852, 4867, 5317, 5317, 5324, 4852,
            5322, 5320, 2091, 5195, 5202, 5194, 4867, 4852, 4854, 5090, 5201, 5202, 4837, 4836, 4857, 5307, 5195, 5297, 5195, 5307, 5325, 5300, 5293, 5326,
            5325, 5307, 5327, 5301, 5326, 5293, 5310, 5300, 5321, 5320, 5322, 5328, 5300, 5329, 5321, 4856, 5275, 5272, 5328, 5322, 5330, 4856, 5272, 4859,
            5331, 5332, 5327, 5332, 5331, 5333, 5326, 5301, 5303, 5334, 5303, 5304, 5334, 5326, 5303, 5304, 5335, 5334, 5318, 5320, 5336, 5329, 5300, 5326,
            5307, 5302, 5331, 5326, 5337, 5329, 5327, 5307, 5331, 5331, 5302, 5313, 5337, 5326, 5334, 5337, 5334, 5335, 5338, 5318, 5336, 5269, 5270, 5339,
            5340, 5337, 5335, 5225, 5339, 5226, 5021, 5042, 5022, 5022, 5042, 4855, 5309, 5321, 5324, 5269, 5339, 5225, 5042, 5021, 5027, 5029, 5042, 5027,
            5332, 5325, 5327, 5324, 5321, 5341, 5225, 4847, 5269, 5342, 5021, 5023, 5343, 5325, 5332, 5324, 5341, 5344, 5195, 5325, 5343, 5342, 5028, 5021,
            5341, 5321, 5329, 5341, 5329, 5345, 5202, 5195, 5343, 5344, 5341, 5345, 5340, 5329, 5337, 5345, 5329, 5340, 5346, 5345, 5340, 5261, 5347, 5348,
            5335, 5346, 5340, 5027, 5028, 5030, 5348, 5347, 5349, 5332, 5350, 5343, 5344, 5345, 5023, 5338, 5030, 5028, 5022, 5344, 5023, 5090, 5202, 5343,
            5351, 4852, 5324, 5351, 5324, 5344, 5022, 5351, 5344, 5261, 5348, 5262, 5351, 5022, 4855, 4852, 5351, 4855, 5350, 5090, 5343, 5090, 5350, 5108,
            5023, 5345, 5346, 5262, 5348, 5352, 5333, 5353, 5332, 5336, 5320, 5354, 5355, 5352, 5348, 5353, 5350, 5332, 5108, 5350, 5353, 5328, 5354, 5320,
            5301, 5299, 5356, 5304, 5301, 5356, 5296, 5356, 5299, 5110, 5108, 4800, 5357, 5262, 5352, 5356, 5296, 2080, 5357, 5272, 5262, 5354, 5328, 5358,
            5336, 5359, 5338, 4800, 5108, 5353, 4798, 4800, 5353, 5359, 5336, 5354, 5359, 5354, 5358, 5338, 5359, 5030, 5360, 4916, 5357, 5030, 5359, 5361,
            4812, 4803, 4799, 5313, 5305, 5362, 5356, 5335, 5304, 5363, 5335, 5356, 5363, 5356, 5316, 5346, 5335, 5363, 5313, 5362, 5364, 5023, 5346, 5342,
            5363, 5342, 5346, 5356, 2080, 5316, 5312, 5314, 5365, 5231, 5229, 5256, 5366, 5363, 5316, 5323, 5314, 5311, 5362, 5231, 5256, 5366, 5342, 5363,
            5342, 5366, 5028, 5305, 5231, 5362, 5318, 5366, 5316, 5256, 5367, 5362, 4837, 4879, 4865, 5323, 5317, 4867, 4867, 5057, 5323, 5338, 5366, 5318,
            4697, 4837, 4865, 5256, 5248, 5259, 5259, 5367, 5256, 5059, 5057, 5032, 4867, 5032, 5057, 5028, 5366, 5338, 4866, 5032, 4867, 5032, 4868, 5035,
            4699, 4865, 4951, 5364, 5362, 5368, 5322, 2100, 2101, 5368, 5362, 5367, 5368, 5367, 5369, 4868, 5032, 4866, 5322, 2101, 5370, 5371, 5372, 5373,
            5273, 5374, 5259, 5367, 5259, 5374, 2101, 2102, 5375, 4879, 4891, 4880, 5376, 5373, 5377, 5378, 2101, 5375, 4888, 4865, 4880, 5374, 5273, 5379,
            5380, 5381, 5382, 5379, 5273, 5383, 4888, 4951, 4865, 5382, 5384, 5371, 5370, 2101, 5378, 5385, 5371, 5386, 5370, 5378, 5330, 5381, 5384, 5382,
            5330, 5322, 5370, 5387, 5273, 5271, 5273, 5387, 5383, 5369, 5367, 5374, 5371, 5385, 5382, 4891, 4857, 4859, 5388, 5382, 5385, 4902, 4891, 4859,
            5374, 5379, 5369, 5378, 5375, 5389, 5390, 5330, 5378, 4916, 5272, 5357, 5390, 5378, 5389, 5272, 4916, 4859, 5373, 5376, 5371, 5391, 5379, 5383,
            4916, 4902, 4859, 5392, 5379, 5391, 5392, 5369, 5379, 5377, 5393, 5376, 5394, 5376, 5393, 5395, 5375, 2102, 5396, 5386, 5376, 5396, 5376, 5394,
            5331, 5313, 5397, 2111, 2105, 2104, 5397, 5313, 5364, 4901, 4880, 4891, 2105, 2111, 2102, 5395, 2102, 2111, 5333, 5331, 5397, 5371, 5376, 5386,
            5368, 5398, 5364, 4901, 4902, 4962, 5368, 5399, 5398, 4962, 4902, 4915, 5395, 2111, 5400, 5397, 5364, 5398, 4976, 4962, 4915, 5396, 5401, 5386,
            5399, 5402, 5398, 5394, 5403, 5404, 5389, 5375, 5395, 5394, 5405, 5396, 4901, 4889, 4880, 5401, 5396, 5406, 5406, 5407, 5401, 5406, 5396, 5405,
            5353, 5333, 5408, 5408, 5333, 5397, 5397, 5398, 5408, 5394, 5404, 5409, 5394, 5409, 5405, 5406, 5405, 5409, 5398, 5402, 5408, 5368, 5369, 5410,
            5399, 5368, 5410, 5358, 5328, 5411, 5412, 5227, 5226, 5227, 5412, 5232, 5330, 5411, 5328, 5410, 5413, 5399, 5402, 5399, 5413, 5410, 5369, 5392,
            5414, 5253, 5232, 5415, 5410, 5392, 4888, 4980, 4952, 5411, 5330, 5390, 5416, 5411, 5390, 5253, 5233, 5232, 4952, 4951, 4888, 5417, 5402, 4818,
            5402, 5413, 4818, 5416, 5390, 5418, 5417, 4818, 4817, 5414, 5419, 5253, 5420, 5358, 5411, 5416, 5420, 5411, 4798, 5353, 5408, 5347, 5419, 5421,
            5422, 5358, 5420, 5417, 4798, 5408, 5254, 5253, 5419, 5261, 5419, 5347, 5261, 5254, 5419, 5417, 5408, 5402, 5423, 5424, 5425, 5426, 5420, 5416,
            4957, 4952, 4980, 5427, 5424, 5423, 4822, 4799, 4798, 4822, 4798, 5417, 4822, 5417, 4817, 5428, 5395, 5429, 5430, 5431, 5423, 5429, 5432, 5428,
            4799, 4822, 4811, 5428, 5389, 5395, 5427, 5423, 5431, 4843, 4822, 4821, 5418, 5389, 5428, 5390, 5389, 5418, 5410, 5415, 5413, 5433, 5434, 5435,
            4977, 5045, 4975, 5415, 4818, 5413, 5270, 5433, 5435, 4818, 5415, 4827, 5436, 4975, 5045, 5437, 5226, 5435, 5226, 5437, 5412, 5426, 5416, 5418,
            5426, 5418, 5438, 5415, 5392, 5439, 5438, 5418, 5428, 5339, 5435, 5226, 5435, 5339, 5270, 4827, 5415, 5439, 4901, 4961, 4889, 5439, 5440, 4827,
            5438, 5428, 5441, 5441, 5428, 5432, 4819, 4818, 4826, 4980, 4961, 4958, 4961, 4975, 4958, 5442, 5430, 5443, 4819, 4826, 4832, 5441, 5432, 5444,
            4962, 4975, 4961, 5440, 4828, 4827, 5035, 5033, 5032, 5445, 5430, 5442, 5031, 5446, 5032, 5431, 5430, 5445, 5031, 4946, 5446, 5035, 4868, 4853,
            4958, 5436, 5142, 4957, 4980, 4958, 4853, 5039, 5035, 5382, 5447, 5380, 5042, 5029, 5039, 5039, 4853, 5042, 5382, 5388, 5447, 5447, 5388, 5448,
            5448, 5388, 5449, 4811, 4822, 4838, 4838, 4822, 4843, 4975, 5436, 4958, 4949, 4946, 5047, 5347, 5450, 5349, 5436, 5045, 5044, 5349, 5450, 5451,
            4843, 4821, 4842, 5054, 5039, 5029, 5451, 5452, 5453, 5034, 5039, 5047, 5348, 5453, 5355, 4843, 4844, 4838, 5348, 5349, 5453, 5349, 5451, 5453,
            5454, 5453, 5455, 4949, 5047, 5058, 4844, 4842, 4875, 5454, 5355, 5453, 4844, 4875, 5266, 4850, 4844, 5266, 5456, 5457, 5458, 5064, 5054, 5029,
            5459, 5355, 5460, 5064, 5030, 5361, 5460, 5355, 5454, 5455, 5453, 5452, 4858, 4887, 4862, 5072, 4965, 5058, 5455, 5461, 5462, 5054, 5072, 5058,
            5459, 5352, 5355, 5360, 5357, 5352, 5454, 5455, 5462, 5360, 5352, 5463, 5463, 5352, 5459, 5454, 5462, 5464, 4875, 4881, 5266, 5465, 5462, 5466,
            5465, 5466, 5456, 4887, 4875, 4862, 5456, 5467, 5457, 4882, 4875, 4887, 5456, 5468, 5465, 5468, 5456, 5458, 4974, 4965, 5072, 5460, 5469, 5459,
            5470, 5443, 5433, 4979, 5085, 5084, 5085, 4974, 5072, 5464, 5462, 5465, 5270, 5274, 5433, 5274, 5470, 5433, 5465, 5468, 5464, 5085, 5072, 5071,
            5470, 5442, 5443, 5085, 5071, 5083, 5471, 5460, 5472, 5083, 5071, 5099, 5460, 5473, 5469, 5266, 4881, 5267, 5474, 5473, 5460, 5473, 5474, 5475,
            5054, 5064, 5092, 5469, 5473, 5475, 5474, 5460, 5471, 4892, 5267, 4881, 4881, 4882, 4892, 5092, 5064, 5361, 4894, 4882, 4886, 5476, 5477, 5427,
            4893, 4894, 4992, 5478, 5476, 5427, 5478, 5427, 5431, 5359, 5479, 5361, 5479, 5092, 5361, 5480, 5476, 5478, 5267, 4892, 5481, 5099, 5071, 5092,
            5267, 5481, 5274, 5099, 5092, 5479, 5476, 5480, 5482, 4892, 5483, 5481, 5479, 5100, 5099, 5481, 5470, 5274, 5472, 5460, 5454, 5481, 5442, 5470,
            5442, 5481, 5483, 5479, 5359, 5358, 5471, 5472, 5484, 5445, 4893, 4992, 5485, 5486, 5482, 5479, 5358, 5422, 5442, 5483, 5445, 5475, 5474, 5471,
            5486, 5485, 5487, 4988, 5475, 5471, 4989, 4988, 5471, 4892, 4893, 5483, 5488, 5478, 5431, 5445, 5488, 5431, 5445, 5483, 4893, 5464, 5472, 5454,
            5037, 4979, 5084, 4994, 5489, 5488, 5271, 5263, 5264, 5490, 5489, 4994, 5491, 5464, 5468, 5472, 5464, 5491, 5114, 5037, 5084, 5492, 5493, 5472,
            5492, 5472, 5491, 5489, 5478, 5488, 5271, 5264, 5494, 5493, 5492, 5491, 5114, 5084, 5106, 5489, 5480, 5478, 5491, 5468, 5495, 5495, 5468, 5496,
            5387, 5271, 5494, 5496, 5497, 5495, 5387, 5494, 5498, 5499, 5480, 5489, 5493, 5491, 4999, 4999, 5491, 5495, 4999, 5495, 5497, 5500, 5118, 5119,
            5499, 5489, 5501, 5494, 5502, 5498, 5489, 5490, 5501, 5114, 5106, 5113, 5106, 5118, 5113, 5484, 5472, 5493, 4991, 5488, 5445, 5471, 5484, 5493,
            5502, 5503, 5504, 5488, 4991, 4994, 5098, 5100, 5505, 1993, 2051, 2060, 5493, 4999, 5471, 5506, 1993, 2060, 5505, 5119, 5098, 4999, 4989, 5471,
            5490, 4994, 5507, 5281, 1992, 5506, 5506, 1992, 1993, 5490, 5507, 4872, 5420, 5505, 5422, 5100, 5479, 5422, 5505, 5100, 5422, 5501, 5490, 5508,
            5509, 5420, 5426, 2061, 5510, 2060, 5119, 5505, 5509, 4999, 5497, 5012, 4872, 4877, 4873, 5505, 5420, 5509, 5282, 5281, 5506, 5511, 4883, 4876,
            5264, 5282, 5506, 5106, 5098, 5119, 5264, 5506, 5512, 4883, 4874, 4873, 5512, 5506, 2060, 5510, 5512, 2060, 5165, 4995, 5020, 5113, 5118, 5131,
            4986, 4883, 5511, 5513, 5113, 5131, 5131, 5118, 5500, 4883, 4986, 4890, 5512, 5510, 5514, 4890, 4986, 4899, 5131, 5500, 5132, 4874, 5490, 4872,
            5490, 4874, 5508, 5020, 5011, 5155, 2061, 2067, 5510, 5508, 4874, 4890, 5510, 2067, 5515, 4916, 5360, 4915, 4915, 5360, 5463, 5516, 5426, 5438,
            5516, 5509, 5426, 4915, 5463, 5459, 5515, 2067, 2069, 4915, 5459, 5025, 5480, 5499, 5482, 5517, 5516, 5438, 5438, 5441, 5517, 4976, 4915, 5025,
            5508, 5499, 5501, 5518, 5515, 2069, 5025, 5459, 5469, 5519, 5517, 5441, 5482, 5499, 5485, 5520, 5510, 5515, 5519, 5441, 5444, 5500, 5119, 5509,
            5475, 5025, 5469, 5516, 5500, 5509, 5499, 5521, 5485, 5515, 5522, 5520, 5522, 5515, 5523, 5524, 5487, 5485, 5517, 5519, 5500, 5500, 5516, 5517,
            5521, 5499, 5508, 5132, 5500, 5519, 5485, 5521, 5524, 5518, 5523, 5515, 4977, 5025, 5036, 5264, 5245, 5282, 5036, 5025, 5475, 5133, 5132, 5519,
            5133, 5519, 5525, 5036, 5475, 4988, 5114, 5062, 5037, 5514, 5510, 5520, 5521, 5508, 4890, 5264, 5512, 5494, 4899, 5521, 4890, 5494, 5512, 5514,
            5062, 5513, 5091, 5062, 5113, 5513, 5514, 5502, 5494, 5103, 5091, 5513, 5526, 5045, 4977, 5045, 5526, 5046, 5524, 5521, 5527, 5145, 5103, 5513,
            4977, 5036, 5526, 5503, 5520, 5522, 5524, 5527, 5016, 5526, 5036, 5038, 5524, 5016, 5018, 5016, 5527, 5017, 5521, 4899, 5528, 5521, 5528, 5527,
            5522, 5523, 5529, 5528, 4899, 4905, 5145, 5144, 5103, 5052, 5526, 5038, 5527, 5528, 4905, 5526, 5052, 5530, 5527, 4905, 5017, 5131, 5133, 5513,
            5513, 5133, 5145, 5017, 4905, 4909, 5502, 5514, 5520, 5502, 5520, 5503, 5151, 5145, 5133, 4917, 4912, 4921, 5503, 5522, 5531, 4921, 4912, 5024,
            5165, 5530, 5052, 4995, 5165, 5052, 2111, 2110, 5532, 5532, 2110, 2113, 5400, 2111, 5532, 5503, 5531, 5533, 4951, 4087, 4699, 5504, 5503, 5533,
            4950, 4087, 4951, 4917, 4922, 4924, 4950, 4085, 4087, 5446, 4941, 5059, 5534, 2113, 5535, 5518, 2069, 2071, 5535, 2113, 2112, 4945, 5446, 4946,
            5532, 2113, 5534, 2071, 5536, 5537, 4940, 4921, 4941, 4941, 4921, 5061, 4950, 4952, 4956, 5538, 5400, 5532, 5538, 5532, 5534, 4922, 4921, 4940,
            5523, 5518, 5537, 5429, 5400, 5538, 2071, 5537, 5518, 4941, 4945, 4943, 5446, 4945, 4941, 5539, 5534, 5535, 5529, 5523, 5537, 4944, 4938, 4942,
            4937, 4922, 4940, 4942, 4937, 4940, 5538, 5534, 5540, 5537, 5536, 5541, 5537, 5541, 5542, 4926, 4922, 4937, 5540, 5534, 5539, 4942, 4938, 4937,
            5543, 5496, 5544, 5543, 5544, 5545, 2112, 2114, 5546, 4944, 4943, 4949, 5543, 5545, 5077, 5497, 5496, 5543, 4944, 4954, 4938, 5535, 2112, 5546,
            5545, 5547, 5069, 2114, 1889, 1931, 5548, 2114, 1931, 4955, 4938, 4954, 5546, 2114, 5548, 1408, 5536, 2071, 5069, 5077, 5545, 4954, 4973, 4955,
            5536, 1408, 1413, 5539, 5535, 5546, 5078, 5077, 5068, 4974, 4954, 4965, 4974, 4973, 4954, 5541, 5536, 1413, 5070, 5069, 5549, 1413, 1410, 1414,
            5550, 5546, 5548, 5068, 5077, 5069, 5511, 4876, 4914, 5511, 4914, 4913, 5550, 5539, 5546, 5550, 5551, 5539, 1413, 1414, 5278, 5395, 5400, 5429,
            5543, 5093, 5497, 5093, 5543, 5077, 5278, 5541, 1413, 4986, 5511, 4913, 4913, 4924, 4986, 4924, 4913, 4917, 5077, 5079, 5093, 4986, 4924, 4987,
            5552, 5429, 5540, 5278, 5284, 5541, 5429, 5538, 5540, 4987, 4924, 4983, 5522, 5529, 5531, 4986, 4985, 4899, 5553, 5432, 5429, 5529, 5537, 5554,
            5552, 5553, 5429, 4899, 4985, 4900, 4996, 4985, 4987, 4900, 4985, 4996, 4987, 4983, 4997, 5555, 5554, 5537, 5555, 5537, 5542, 4997, 4983, 4939,
            5556, 5540, 5557, 5556, 5552, 5540, 5556, 5553, 5552, 5081, 5094, 5079, 5081, 5079, 5080, 4909, 4898, 4900, 4909, 4900, 4996, 5012, 5497, 5093,
            5529, 5554, 5531, 5444, 5432, 5553, 4909, 4996, 5041, 5533, 5531, 5558, 5558, 5531, 5554, 5539, 5551, 5540, 5557, 5540, 5551, 4996, 5002, 5041,
            5012, 5093, 5013, 5093, 5079, 5094, 5558, 5554, 5555, 5155, 5011, 5096, 5555, 5559, 5558, 4955, 4997, 4939, 4997, 4955, 5008, 5560, 5551, 5550,
            5555, 5542, 5561, 4973, 5008, 4955, 5561, 5542, 5541, 5561, 5541, 5284, 5010, 5002, 5008, 5010, 5008, 4973, 5078, 5068, 5109, 5562, 5555, 5561,
            5557, 5551, 5560, 5556, 5557, 5563, 5563, 5557, 5564, 5524, 5565, 5487, 5561, 5284, 5566, 5566, 5284, 5306, 5564, 5560, 5567, 5568, 5564, 5567,
            5458, 5457, 5569, 5564, 5557, 5560, 5559, 5555, 5562, 5570, 5559, 5562, 5571, 5458, 5569, 5562, 5365, 5570, 5458, 5571, 5544, 5125, 5111, 5112,
            5365, 5562, 5312, 5080, 5109, 5120, 5111, 5120, 5109, 5550, 5548, 5572, 5572, 5548, 5573, 5573, 5548, 5574, 5547, 5565, 5575, 5562, 5561, 5566,
            5549, 5565, 5576, 5576, 5565, 5524, 5306, 5312, 5566, 5549, 5575, 5565, 5312, 5562, 5566, 5560, 5550, 5572, 5069, 5575, 5549, 5571, 5547, 5544,
            5567, 5560, 5572, 5577, 5572, 5573, 5120, 5111, 5181, 5125, 5181, 5111, 5545, 5544, 5547, 5567, 5572, 5577, 5496, 5458, 5544, 5496, 5468, 5458,
            5181, 5125, 5124, 5578, 5577, 5573, 5383, 5387, 5498, 5565, 5547, 5571, 5383, 5498, 5579, 5069, 5547, 5575, 5580, 5498, 5581, 5524, 5018, 5576,
            5502, 5581, 5498, 5549, 5576, 5018, 5498, 5580, 5579, 5018, 5070, 5549, 5018, 5017, 5070, 5568, 5567, 5577, 5063, 4957, 4959, 5391, 5383, 5579,
            4909, 5049, 5017, 4909, 5582, 5049, 5583, 5577, 5578, 5017, 5048, 5070, 5049, 5048, 5017, 5584, 5577, 5583, 5439, 5392, 5391, 5439, 5391, 5585,
            5586, 5577, 5584, 5070, 5048, 5068, 5391, 5579, 5580, 5584, 5583, 5219, 5587, 5580, 5588, 5585, 5391, 5587, 5580, 5587, 5391, 5142, 4959, 4958,
            5589, 5585, 5587, 5590, 5553, 5556, 5048, 5050, 5112, 5142, 5141, 4959, 5590, 5556, 5563, 5068, 5048, 5112, 5068, 5112, 5109, 5142, 5436, 5147,
            5147, 5436, 5044, 5591, 5590, 5563, 5592, 5589, 5587, 5067, 5125, 5112, 4907, 5592, 5587, 4907, 5587, 5588, 5147, 5044, 5593, 5444, 5553, 5590,
            5593, 5143, 5147, 5581, 5502, 5504, 5581, 5594, 5580, 5525, 5519, 5444, 5041, 5002, 5010, 5525, 5444, 5590, 5594, 5581, 5504, 5595, 5141, 5596,
            5596, 5141, 5143, 5055, 5040, 5010, 5088, 5040, 5055, 5533, 5597, 5504, 5590, 5598, 5525, 4909, 5041, 5582, 5594, 5504, 5597, 5599, 5593, 5600,
            5601, 5598, 5590, 5601, 5590, 5591, 5040, 5582, 5041, 5588, 5580, 5594, 5596, 5143, 5599, 5050, 5049, 5582, 5593, 5599, 5143, 5050, 5582, 5040,
            5602, 5563, 5603, 4910, 5588, 5604, 5594, 5604, 5588, 5591, 5563, 5602, 4907, 5588, 4910, 5605, 5606, 5607, 5603, 5563, 5564, 5603, 5564, 5568,
            5608, 5603, 5568, 5065, 5050, 5040, 5604, 5594, 5597, 5065, 5040, 5088, 5607, 5609, 5605, 5610, 5605, 5609, 5010, 4972, 5056, 5440, 5439, 5585,
            5611, 5591, 5602, 5585, 5589, 5440, 5602, 5603, 5608, 5037, 5056, 4972, 5602, 5608, 5612, 5613, 5610, 5614, 5592, 5440, 5589, 5055, 5060, 5088,
            4828, 5440, 5592, 5615, 5605, 5610, 5610, 5609, 5614, 5129, 5144, 5146, 5130, 5129, 5146, 5616, 5605, 5615, 5533, 5617, 5597, 5062, 5060, 5056,
            5615, 5610, 5613, 5525, 5151, 5133, 5146, 5151, 5601, 5598, 5151, 5525, 5618, 5606, 5605, 5601, 5151, 5598, 5592, 4907, 4906, 5112, 5050, 5067,
            5619, 5620, 5621, 5599, 5619, 5621, 5076, 5067, 5073, 5595, 5621, 5618, 5128, 5130, 5622, 5066, 5065, 5088, 5595, 5618, 5605, 5623, 5073, 5066,
            5066, 5088, 5623, 5087, 5623, 5088, 5601, 5130, 5146, 5130, 5601, 5622, 4908, 4910, 4920, 5596, 5621, 5595, 4910, 5604, 4929, 5076, 5125, 5067,
            5604, 5597, 4929, 5597, 5624, 4929, 5595, 5605, 5616, 5086, 5073, 5623, 4929, 4920, 4910, 4930, 4918, 4920, 4978, 4918, 4930, 5591, 5611, 5601,
            5621, 5596, 5599, 5128, 5622, 5625, 5623, 5087, 5102, 4928, 4935, 4930, 5622, 5601, 5611, 5626, 5625, 5622, 5060, 5091, 5087, 4978, 4930, 4934,
            5102, 5087, 5091, 5611, 5626, 5622, 5165, 5020, 5155, 5626, 5611, 5602, 5003, 4878, 4934, 5626, 5602, 5612, 5612, 5627, 5626, 4861, 4828, 5592,
            5165, 5155, 5628, 5091, 5103, 5102, 5144, 5101, 5103, 5629, 5626, 5627, 4861, 5592, 4906, 4858, 4861, 4887, 5155, 5154, 5628, 5625, 5138, 5128,
            5138, 5625, 5149, 5086, 5623, 5102, 4887, 4861, 4953, 5149, 5625, 5148, 4953, 4886, 4887, 5630, 4420, 4419, 5148, 5625, 5629, 4968, 4886, 4953,
            5631, 5632, 5633, 5633, 4420, 5630, 4968, 4967, 4981, 5629, 5625, 5626, 4953, 4919, 4967, 5634, 5635, 5636, 5586, 5568, 5577, 5637, 4420, 5633,
            5608, 5568, 5586, 5635, 5638, 5636, 5633, 5639, 5640, 5640, 5637, 5633, 5635, 5641, 5638, 4418, 4420, 4778, 4981, 4967, 5642, 5634, 5643, 5635,
            5637, 4778, 4420, 5608, 5586, 5644, 5642, 4993, 4981, 5586, 5645, 5646, 4992, 4981, 4993, 5632, 5639, 5633, 5639, 5632, 5647, 5643, 5641, 5635,
            5648, 5641, 5643, 5612, 5608, 5644, 4993, 5642, 5507, 4994, 4993, 5507, 5639, 5647, 5649, 5644, 5650, 5612, 5593, 5044, 5046, 4894, 4981, 4992,
            5644, 5586, 5646, 5046, 5162, 5593, 5649, 5640, 5639, 5162, 5600, 5593, 5651, 5649, 5652, 4992, 4991, 5445, 5651, 5652, 5653, 5046, 5526, 5163,
            5163, 5526, 5530, 5645, 5584, 5219, 5586, 5584, 5645, 4978, 5642, 4967, 5548, 1931, 5574, 5645, 5219, 5218, 5642, 4978, 4998, 5046, 5163, 5162,
            1931, 1932, 1939, 5574, 1931, 1939, 5646, 5645, 5654, 5655, 5654, 5645, 5573, 5574, 1939, 4998, 5507, 5642, 4998, 4872, 5507, 4877, 4872, 4998,
            5573, 1939, 5656, 5162, 5164, 5657, 5658, 5162, 5657, 5655, 5645, 5218, 5578, 5573, 5656, 4877, 4998, 4878, 5612, 5650, 5627, 1939, 1937, 5659,
            1939, 5659, 5656, 5617, 5533, 5660, 5660, 5533, 5558, 5661, 5627, 5650, 5162, 5658, 5600, 5662, 5644, 5646, 5660, 5558, 5663, 5654, 5662, 5646,
            5663, 5558, 5559, 1948, 5664, 5659, 5644, 5662, 5650, 5659, 1937, 1948, 5665, 5663, 5559, 5148, 5629, 5661, 5530, 5165, 5167, 5148, 5661, 5150,
            5006, 5663, 5665, 5163, 5530, 5167, 5656, 5659, 5666, 5150, 5661, 5667, 5006, 5665, 5007, 5629, 5627, 5661, 5668, 5656, 5666, 5578, 5656, 5668,
            5624, 5597, 5617, 5660, 5624, 5617, 5167, 5164, 5163, 5666, 5659, 5664, 5669, 5666, 5664, 4929, 5624, 4928, 5166, 5165, 5628, 5667, 5277, 5150,
            5670, 5666, 5669, 5164, 5167, 5166, 5624, 5660, 5663, 5277, 5667, 5671, 5006, 5624, 5663, 5667, 5661, 5650, 5164, 5166, 5672, 5667, 5650, 5662,
            5672, 5166, 5628, 4928, 5624, 5006, 5006, 5005, 4928, 5667, 5662, 5671, 5673, 5164, 5672, 4928, 5005, 4935, 5657, 5164, 5673, 5670, 5668, 5666,
            5655, 5674, 5654, 5675, 5655, 5218, 5676, 5665, 5559, 5672, 5628, 5154, 5676, 5559, 5570, 5583, 5578, 5668, 5365, 5676, 5570, 5583, 5668, 5219,
            5219, 5668, 5217, 5655, 5675, 5677, 5654, 5671, 5662, 5217, 5668, 5670, 5671, 5654, 5674, 5217, 5670, 5678, 5294, 5671, 5674, 5657, 5643, 5634,
            5043, 5665, 5676, 5665, 5043, 5007, 5200, 5076, 5075, 5674, 5655, 5677, 5043, 5676, 5053, 5676, 5365, 5053, 5117, 4796, 5075, 5314, 5053, 5365,
            5075, 5086, 5117, 5679, 5674, 5677, 5657, 5634, 5658, 5053, 5314, 5323, 5680, 5643, 5657, 5294, 4960, 5277, 5671, 5294, 5277, 4935, 5005, 5019,
            5679, 5000, 5294, 5600, 5619, 5599, 5674, 5679, 5294, 5658, 5619, 5600, 5005, 5007, 5026, 5679, 5681, 5004, 5681, 5679, 5677, 5679, 5004, 5000,
            5191, 5673, 5672, 5673, 5682, 5657, 4912, 5003, 5019, 5673, 5191, 5682, 5680, 5657, 5682, 5680, 5682, 5683, 5682, 5191, 5683, 5191, 5672, 5154,
            5186, 5191, 5154, 5053, 5323, 5057, 5026, 5051, 5061, 5061, 5051, 5059, 5643, 5680, 5648, 5446, 5059, 5032, 5648, 5680, 5684, 5680, 5685, 5684,
            5680, 5683, 5685, 5683, 5191, 5685, 5191, 5192, 5685, 5685, 5192, 5684, 5686, 5684, 5192, 5687, 5688, 5689, 5687, 5689, 4781, 5687, 4781, 5690,
            5614, 5609, 5688, 5613, 5614, 5691, 5692, 5691, 5614, 5688, 5687, 5693, 5688, 5692, 5614, 5692, 5688, 5693, 5693, 5694, 5692, 5690, 4781, 5695,
            5693, 5687, 5690, 5690, 5696, 5693, 5695, 5697, 5690, 5696, 5690, 5697, 5698, 5696, 5697, 5698, 5697, 5699, 5697, 5700, 5701, 5701, 5699, 5697,
            5702, 5699, 5701, 5703, 5704, 5705, 5706, 5704, 5703, 5706, 5707, 5704, 5708, 5638, 5641, 5709, 5703, 5708, 5710, 5706, 5703, 5711, 5710, 5712,
            5641, 5709, 5708, 5713, 5709, 5641, 5714, 5713, 5641, 5714, 5641, 5648, 5715, 5714, 5648, 5712, 5713, 5714, 5712, 5714, 5716, 5713, 5710, 5709,
            5712, 5710, 5713, 5706, 5710, 5711, 5711, 5712, 5717, 5716, 5717, 5712, 5717, 5716, 5718, 5719, 5720, 5717, 5648, 5684, 5715, 5684, 5686, 5715,
            5686, 5714, 5715, 5686, 5716, 5714, 5220, 5686, 5192, 5220, 5223, 5686, 5223, 5721, 5716, 5716, 5686, 5223, 5721, 5223, 5228, 5228, 5223, 5224,
            5718, 5716, 5721, 5228, 5722, 5721, 5718, 5721, 5722, 5718, 5719, 5717, 5723, 5719, 5718, 5723, 5718, 5722, 5724, 5719, 5723, 5722, 5228, 5243,
            5243, 5228, 4869, 5723, 5725, 5726, 5726, 5724, 5723, 5725, 5723, 5722, 5725, 5722, 5243, 5725, 5243, 5236, 5246, 5725, 5236, 5725, 5246, 5726,
            5726, 5246, 5727, 4552, 5169, 4210, 5063, 5168, 4956, 5170, 5168, 5063, 5169, 5168, 5170, 5170, 4959, 5141, 4213, 4210, 5169, 5172, 4213, 5169,
            5172, 5171, 4213, 5170, 5141, 5173, 5595, 5173, 5141, 4214, 5171, 5175, 5728, 5595, 5616, 5173, 5728, 5171, 5171, 5728, 5175, 5174, 5175, 5728,
            5729, 5174, 5613, 5174, 5616, 5615, 5174, 5615, 5613, 5728, 5616, 5174, 5175, 4572, 4214, 5729, 4572, 5174, 5173, 5595, 5728, 5691, 5729, 5613,
            5730, 5729, 5691, 5694, 5691, 5692, 5693, 5731, 5694, 5694, 5731, 5691, 5731, 5693, 5696, 5691, 5731, 5730, 5729, 4090, 4572, 4090, 5729, 5730,
            4090, 5730, 4088, 4088, 5730, 5731, 4088, 5731, 5732, 5732, 4092, 4088, 4092, 5732, 5733, 5734, 5696, 5698, 5734, 5731, 5696, 5735, 5734, 5698,
            5735, 5698, 5699, 5699, 5702, 5736, 5735, 5699, 5736, 5702, 5737, 5736, 5738, 5735, 5736, 5732, 5731, 5734, 4093, 5733, 5739, 5733, 4093, 4092,
            5176, 4093, 5739, 5732, 5734, 5740, 5734, 5735, 5740, 5740, 5733, 5732, 5733, 5740, 5739, 5740, 5735, 5741, 5739, 5740, 5741, 5735, 5738, 5741,
            5737, 5738, 5736, 5738, 5742, 5741, 5742, 5739, 5741, 5742, 5743, 5739, 5744, 5742, 5738, 5744, 5738, 5737, 5744, 5737, 5745, 5742, 5744, 5743,
            5176, 5746, 4156, 5743, 5176, 5739, 5743, 5746, 5176, 5154, 5096, 5178, 5094, 5081, 5096, 5177, 5178, 5081, 5178, 5096, 5081, 5180, 5154, 5178,
            5154, 5180, 5186, 5177, 5082, 5182, 5124, 5076, 5200, 4791, 5124, 5200, 5181, 5124, 5182, 5182, 5124, 4791, 5182, 4791, 5183, 5178, 5177, 5182,
            5184, 5178, 5182, 5179, 5178, 5184, 5185, 5189, 5187, 5180, 5189, 5185, 5189, 5180, 5179, 4790, 4823, 5183, 4823, 4790, 4814, 5183, 5179, 5184,
            5190, 5179, 5183, 4823, 5190, 5183, 4840, 4831, 5190, 5190, 4830, 5189, 4831, 4830, 5190, 4419, 4765, 5747, 5652, 5649, 5647, 5748, 5749, 5750,
            5748, 5751, 5749, 5750, 5752, 5748, 5748, 5752, 5753, 5748, 5753, 5751, 5753, 5754, 5751, 5755, 5751, 5754, 5756, 5749, 5751, 5757, 5756, 5751,
            5758, 5757, 5751, 5758, 5751, 5755, 5759, 5757, 5758, 5760, 5758, 5755, 5758, 5760, 5652, 5758, 5652, 5759, 5653, 5652, 5760, 5761, 5755, 5754,
            5762, 5761, 5754, 5763, 5761, 5762, 5764, 5755, 5761, 5764, 5761, 5763, 5765, 5705, 5762, 5763, 5707, 5764, 5704, 5763, 5705, 5705, 5763, 5762,
            5704, 5707, 5763, 5706, 5766, 5707, 5767, 5760, 5755, 5764, 5767, 5755, 5760, 5767, 5768, 5764, 5707, 5766, 5706, 5769, 5766, 5764, 5766, 5767,
            5770, 5767, 5766, 5771, 5772, 5773, 5770, 5768, 5767, 5774, 5768, 5770, 5775, 5776, 5777, 5776, 5773, 5772, 5773, 5776, 5775, 5772, 5372, 5776,
            5776, 5384, 5381, 5777, 5776, 5381, 5381, 5778, 5777, 5381, 5779, 5778, 5372, 5384, 5776, 5372, 5371, 5384, 5373, 5372, 5772, 5373, 5772, 5780,
            5377, 5780, 5781, 5373, 5780, 5377, 5377, 5781, 5782, 5782, 5781, 5783, 5782, 5784, 5377, 5785, 5784, 5782, 5786, 5782, 5783, 5782, 5787, 5785,
            5786, 5787, 5782, 5788, 5786, 5783, 5789, 5788, 5790, 5779, 5381, 5791, 5791, 5381, 5380, 5388, 5385, 5449, 5385, 5792, 5449, 5792, 5385, 5793,
            5793, 5385, 5401, 5792, 5793, 5794, 5393, 5377, 5784, 5401, 5385, 5386, 5785, 5795, 5784, 5784, 5394, 5393, 5787, 5796, 5785, 5403, 5784, 5795,
            5403, 5795, 5797, 5784, 5403, 5394, 5785, 5796, 5795, 5795, 5796, 5797, 5798, 5797, 5796, 5798, 5796, 5799, 5800, 5798, 5799, 5801, 5793, 5401,
            5802, 5793, 5801, 5794, 5793, 5802, 5801, 5401, 5407, 5407, 5803, 5801, 5406, 5803, 5407, 5801, 5804, 5802, 5804, 5801, 5803, 5804, 5803, 5805,
            5403, 5409, 5404, 5403, 5806, 5409, 5806, 5406, 5409, 5798, 5403, 5797, 5806, 5403, 5798, 5406, 5806, 5803, 5800, 5806, 5798, 5805, 5803, 5806,
            5807, 5808, 5773, 5808, 5807, 5809, 5773, 5775, 5807, 5810, 5807, 5811, 5812, 5809, 5807, 5810, 5812, 5807, 5813, 5777, 5778, 5778, 5779, 5813,
            5814, 5813, 5779, 5779, 5815, 5814, 5777, 5813, 5775, 5816, 5813, 5814, 5807, 5775, 5816, 5811, 5807, 5816, 5811, 5816, 5817, 5437, 5812, 5810,
            5810, 5232, 5412, 5412, 5437, 5810, 5232, 5810, 5811, 5232, 5811, 5414, 5818, 5811, 5817, 5819, 5811, 5818, 5818, 5817, 5820, 5820, 5421, 5818,
            5818, 5421, 5819, 5414, 5811, 5819, 5419, 5414, 5421, 5414, 5819, 5421, 5425, 5821, 5809, 5809, 5434, 5425, 5434, 5809, 5812, 5443, 5425, 5434,
            5424, 5821, 5425, 5821, 5424, 5790, 5424, 5477, 5790, 5477, 5789, 5790, 5424, 5427, 5477, 5443, 5423, 5425, 5423, 5443, 5430, 5434, 5812, 5435,
            5435, 5812, 5437, 5443, 5434, 5433, 5791, 5822, 5779, 5815, 5779, 5822, 5380, 5822, 5791, 5822, 5380, 5447, 5447, 5448, 5822, 5823, 5448, 5449,
            5815, 5822, 5448, 5824, 5815, 5448, 5825, 5824, 5448, 5792, 5823, 5449, 5823, 5792, 5826, 5794, 5826, 5792, 5827, 5826, 5794, 5826, 5827, 5823,
            5827, 5828, 5823, 5448, 5823, 5825, 5823, 5828, 5825, 5825, 5828, 5829, 5450, 5820, 5824, 5421, 5820, 5450, 5451, 5824, 5825, 5450, 5824, 5451,
            5421, 5450, 5347, 5451, 5825, 5829, 5451, 5829, 5452, 5827, 5794, 5802, 5827, 5802, 5830, 5830, 5802, 5804, 5831, 5827, 5830, 5804, 5805, 5830,
            5831, 5828, 5827, 5805, 5806, 5832, 5467, 5833, 5832, 5466, 5833, 5467, 5467, 5832, 5457, 5831, 5461, 5829, 5452, 5829, 5461, 5461, 5831, 5462,
            5462, 5831, 5833, 5455, 5452, 5461, 5462, 5833, 5466, 5456, 5466, 5467, 5834, 5786, 5788, 5799, 5796, 5787, 5834, 5787, 5786, 5835, 5787, 5834,
            5835, 5799, 5787, 5799, 5835, 5800, 5476, 5789, 5477, 5836, 5788, 5789, 5476, 5836, 5789, 5837, 5834, 5788, 5836, 5837, 5788, 5486, 5837, 5836,
            5476, 5482, 5836, 5486, 5836, 5482, 5487, 5837, 5486, 5838, 5839, 5840, 5840, 5841, 5838, 5842, 5841, 5840, 5839, 5609, 5840, 5607, 5842, 5840,
            5842, 5843, 5841, 5843, 5842, 5844, 5844, 5765, 5843, 5845, 5844, 5842, 5844, 5845, 5846, 5606, 5842, 5607, 5606, 5845, 5842, 5620, 5846, 5845,
            5847, 5837, 5569, 5487, 5569, 5837, 5607, 5840, 5609, 5847, 5569, 5457, 5487, 5571, 5569, 5487, 5565, 5571, 5606, 5618, 5621, 5620, 5845, 5606,
            5621, 5620, 5606, 5765, 5844, 5636, 5844, 5846, 5636, 5765, 5636, 5638, 5634, 5846, 5620, 5634, 5636, 5846, 5848, 5849, 5850, 5848, 5850, 5851,
            5632, 5848, 5851, 5851, 5850, 5852, 5852, 5749, 5851, 5749, 5852, 5750, 5752, 5750, 5852, 5756, 5851, 5749, 5851, 5756, 5757, 5851, 5647, 5632,
            5647, 5851, 5757, 5647, 5757, 5652, 5652, 5757, 5759, 5620, 5619, 5634, 5853, 4760, 5854, 5855, 5853, 5849, 5634, 5619, 5658, 5855, 4760, 5853,
            4762, 4760, 5747, 5747, 4760, 5856, 4762, 5747, 4765, 5856, 4760, 5855, 5856, 5855, 5630, 5747, 5856, 5630, 5855, 5849, 5631, 5631, 5849, 5848,
            5631, 5630, 5855, 4760, 4759, 5854, 5632, 5631, 5848, 4419, 5747, 5630, 5839, 5838, 4759, 4768, 5839, 4759, 5633, 5630, 5631, 5609, 5839, 4768,
            5857, 4779, 4780, 4779, 5857, 5700, 5609, 4774, 5688, 4774, 5609, 4768, 5689, 4774, 4775, 4775, 4781, 5689, 5688, 4774, 5689, 4779, 5695, 4781,
            5695, 4779, 5700, 5695, 5700, 5697, 5765, 5638, 5705, 5708, 5705, 5638, 5703, 5705, 5708, 5703, 5709, 5710, 5720, 5774, 5770, 5770, 5766, 5769,
            5711, 5769, 5706, 5770, 5769, 5711, 5770, 5717, 5720, 5717, 5770, 5711, 5854, 5858, 5853, 5858, 5859, 5853, 5858, 5854, 5838, 5854, 4759, 5838,
            5843, 5859, 5858, 5843, 5860, 5859, 5858, 5841, 5843, 5765, 5861, 5843, 5861, 5860, 5843, 5861, 5765, 5762, 5773, 5808, 5771, 5853, 5860, 5849,
            5860, 5850, 5849, 5850, 5860, 5852, 5860, 5752, 5852, 5772, 5771, 5780, 5780, 5771, 5862, 5808, 5862, 5771, 5780, 5862, 5863, 5821, 5863, 5862,
            5859, 5860, 5853, 5860, 5861, 5752, 5790, 5863, 5821, 5781, 5780, 5863, 5781, 5863, 5783, 5752, 5754, 5753, 5783, 5863, 5790, 5783, 5790, 5788,
            5861, 5754, 5752, 5762, 5754, 5861, 5775, 5813, 5816, 5817, 5816, 5814, 5815, 5817, 5814, 5815, 5820, 5817, 5809, 5862, 5808, 5862, 5809, 5821,
            5820, 5815, 5824, 5457, 5800, 5847, 5833, 5830, 5805, 5831, 5829, 5828, 5833, 5831, 5830, 5806, 5800, 5832, 5457, 5832, 5800, 5832, 5833, 5805,
            5847, 5835, 5834, 5834, 5837, 5847, 5847, 5800, 5835, 5858, 5838, 5841, 5864, 5865, 5866, 5867, 5868, 5869, 4721, 4628, 5870, 5871, 5872, 5873,
            5874, 5871, 5873, 5875, 5868, 5876, 5877, 5878, 5879, 5880, 5881, 5882, 5881, 5880, 5883, 5884, 4150, 4156, 5885, 5886, 5887, 5864, 5888, 5889,
            5890, 5864, 5889, 5887, 5886, 5891, 5892, 5876, 5893, 5891, 5894, 5887, 5895, 5896, 5897, 5893, 5898, 5892, 5899, 5875, 5900, 5901, 5902, 5903,
            5903, 5895, 5901, 5904, 5895, 5903, 5905, 5906, 5907, 5881, 5883, 5908, 5909, 5896, 5910, 5906, 5911, 5907, 5896, 5895, 5910, 5912, 5913, 5914,
            5907, 5911, 5915, 5916, 5867, 5869, 5886, 5913, 5917, 5918, 5919, 5920, 5921, 5922, 5923, 5924, 5925, 5918, 5926, 5927, 5928, 5929, 5930, 5931,
            5926, 5928, 5932, 5933, 5934, 5935, 5936, 5937, 5908, 5938, 5936, 5908, 5939, 5940, 5941, 5939, 5942, 5940, 5943, 5944, 5945, 5946, 5864, 5890,
            5890, 5889, 5947, 5947, 5889, 5948, 5949, 5883, 5950, 5944, 5943, 5951, 5952, 5953, 5954, 5955, 5956, 5957, 5958, 5924, 5959, 5960, 5950, 5929,
            5961, 5962, 5963, 5964, 5947, 5965, 5966, 5967, 5934, 5960, 5968, 5969, 5970, 5944, 5971, 5972, 5973, 5974, 5962, 5975, 5963, 5976, 5971, 5944,
            5969, 5977, 5978, 5979, 5977, 5969, 5980, 5977, 5979, 5981, 5982, 5958, 4196, 4185, 5983, 5951, 5984, 5976, 5981, 5985, 5986, 5987, 5976, 5984,
            5988, 4188, 4722, 5987, 5989, 5976, 4722, 5870, 5988, 5990, 5991, 5865, 5990, 5865, 5992, 5966, 5991, 5990, 5993, 5994, 5933, 5897, 5995, 5901,
            5897, 5996, 5995, 3088, 3067, 3073, 5988, 5997, 5998, 5997, 5988, 5870, 3093, 3088, 5999, 6000, 6001, 6002, 5997, 6003, 5998, 6000, 6002, 6004,
            6005, 6006, 6007, 6000, 6008, 6001, 6009, 6010, 5999, 6007, 6011, 6005, 3095, 3093, 6012, 5997, 6013, 5922, 5922, 6013, 5867, 3093, 5999, 6012,
            6014, 6015, 6016, 6005, 6017, 6006, 6001, 6014, 6016, 6018, 6017, 6005, 5882, 5881, 6019, 6020, 6015, 6021, 6022, 3096, 3094, 6023, 3094, 3095,
            6022, 3094, 6023, 6024, 6021, 6015, 6025, 6022, 6023, 6010, 6012, 5999, 5880, 5882, 5998, 6026, 6014, 6001, 6027, 6014, 6026, 6026, 6001, 6008,
            6028, 5880, 5998, 6008, 6029, 6026, 6023, 3095, 6012, 6023, 6012, 6030, 6027, 6015, 6014, 5883, 5880, 6028, 6030, 6025, 6023, 6027, 6024, 6015,
            6029, 6024, 6027, 5950, 5883, 5930, 6029, 6027, 6026, 5883, 6028, 5930, 6017, 6031, 6032, 6033, 6010, 6034, 6033, 6030, 6010, 5997, 5922, 6003,
            6032, 6031, 6035, 6010, 6030, 6012, 6036, 6000, 6037, 6038, 6025, 6030, 5922, 6039, 6003, 6040, 6036, 6037, 6031, 6041, 6035, 6042, 6038, 6030,
            6033, 6042, 6030, 6039, 5922, 6043, 6008, 6000, 6036, 6044, 6039, 6043, 6045, 6008, 6036, 6003, 6028, 5998, 6017, 6018, 6046, 6046, 6031, 6017,
            6047, 6003, 6039, 6003, 6047, 6028, 3096, 3136, 3130, 3136, 3096, 6022, 6048, 6046, 6018, 6040, 6045, 6036, 6049, 6045, 6040, 6044, 6050, 6047,
            6049, 6051, 6045, 6052, 6031, 6046, 6049, 6040, 6053, 6047, 5930, 6028, 6049, 6053, 6054, 6050, 5930, 6047, 6039, 6044, 6047, 6052, 6041, 6031,
            6008, 6051, 6029, 6048, 6052, 6046, 6051, 6008, 6045, 3138, 3137, 3136, 6055, 3138, 3136, 6025, 3136, 6022, 5908, 5883, 5938, 5883, 5949, 5938,
            6056, 6057, 6029, 6029, 6051, 6056, 6058, 6059, 6060, 6061, 6025, 6038, 6062, 3136, 6025, 5868, 5867, 4628, 6062, 6055, 3136, 6051, 6063, 6056,
            6025, 6061, 6062, 6063, 6051, 6049, 6064, 6055, 6062, 5899, 5916, 5869, 3147, 3138, 6065, 6066, 6056, 6067, 6068, 6059, 6069, 5922, 5916, 5923,
            6070, 3149, 3147, 3147, 6065, 6070, 5923, 5916, 5899, 6071, 6066, 6067, 6056, 6063, 6067, 6069, 6059, 6058, 5916, 5922, 5867, 6063, 6072, 6067,
            6073, 6070, 6065, 6074, 6073, 6065, 6075, 6053, 6040, 5923, 5899, 5914, 6073, 6074, 6076, 5900, 5914, 5899, 6077, 6074, 6078, 6076, 6074, 6077,
            5922, 5921, 6043, 6069, 6058, 6079, 4629, 5868, 4628, 6079, 6058, 6080, 6055, 6065, 3138, 6043, 5921, 5873, 5876, 4629, 4631, 5921, 5923, 5914,
            6081, 6069, 6079, 6074, 6065, 6055, 5921, 5914, 5885, 5921, 5885, 5873, 4629, 5876, 5868, 6074, 6055, 6064, 6074, 6064, 6078, 5869, 5868, 5875,
            5885, 5914, 5913, 5899, 5869, 5875, 5913, 5886, 5885, 6082, 6038, 6042, 6068, 6069, 6083, 6082, 6061, 6038, 6062, 6061, 6084, 6062, 6084, 6064,
            6050, 5931, 5930, 5930, 5929, 5950, 5876, 4631, 4150, 5929, 5931, 5940, 4150, 5884, 5893, 5893, 5876, 4150, 6050, 6044, 5872, 6085, 6061, 6082,
            6086, 5893, 5884, 5931, 6050, 5872, 6083, 6087, 6011, 5876, 5892, 5875, 6042, 6088, 6082, 6042, 6089, 6088, 6082, 6088, 6085, 6084, 6061, 6085,
            5931, 5872, 5941, 5871, 5941, 5872, 6090, 6069, 6091, 6086, 5898, 5893, 6092, 5898, 6086, 6093, 6084, 6085, 5941, 5940, 5931, 6094, 6084, 6093,
            6090, 6083, 6069, 5900, 5875, 5892, 5941, 6095, 5939, 6096, 6078, 6064, 6095, 5941, 5905, 6084, 6096, 6064, 6097, 5939, 6098, 6095, 6098, 5939,
            6098, 6095, 6099, 6100, 6096, 6084, 6097, 6098, 6099, 5914, 5900, 5912, 6100, 6078, 6096, 5907, 6095, 5905, 5912, 5900, 5892, 5907, 6099, 6095,
            6101, 6097, 6099, 6083, 6090, 6087, 6102, 6077, 6078, 5892, 5898, 5912, 5898, 6103, 5912, 6104, 6078, 6100, 6103, 5898, 6105, 6102, 6078, 6104,
            5949, 5956, 5955, 5949, 5955, 5938, 6094, 6100, 6084, 6106, 6107, 6087, 6094, 6108, 6100, 6106, 6087, 6090, 5950, 5956, 5949, 6108, 6104, 6100,
            6109, 5912, 6103, 6110, 6102, 6104, 6079, 6111, 6081, 6112, 6113, 6114, 6115, 6104, 6108, 6104, 6115, 6110, 6116, 6117, 6113, 5950, 5960, 5956,
            5957, 5956, 5960, 6113, 6112, 6118, 6116, 6113, 6118, 6070, 3186, 3149, 5929, 5942, 5960, 5929, 5940, 5942, 6081, 6091, 6069, 6119, 3186, 6070,
            5913, 5912, 6109, 6109, 5917, 5913, 3187, 3186, 3190, 5957, 5973, 5955, 5974, 5973, 5957, 5969, 5974, 5957, 6120, 5917, 6121, 6122, 5917, 6109,
            6122, 6109, 6123, 6122, 6121, 5917, 6124, 6118, 6125, 6121, 6118, 6124, 6126, 6081, 6111, 6127, 6121, 6124, 5942, 5968, 5960, 6119, 6070, 6073,
            6118, 6121, 6116, 6128, 6081, 6126, 6119, 6073, 6076, 5969, 5957, 5960, 6122, 6116, 6121, 6128, 6129, 6081, 3186, 6119, 3190, 6130, 3190, 6119,
            6131, 6132, 6133, 5969, 5968, 6134, 6134, 5979, 5969, 6135, 5979, 6134, 5968, 6136, 6134, 6134, 6136, 6135, 6137, 6131, 6138, 3189, 3190, 6139,
            5978, 5972, 5974, 5978, 5974, 5969, 6129, 6091, 6081, 6139, 3165, 3189, 6125, 6118, 6112, 6125, 6112, 6131, 6106, 6090, 6091, 6140, 6125, 6131,
            6091, 6141, 6106, 6142, 6143, 3165, 6142, 3165, 6139, 6143, 3166, 3165, 5942, 5939, 6097, 6124, 6125, 6140, 6097, 6144, 5942, 6141, 6091, 6129,
            6145, 6124, 6140, 6146, 6106, 6141, 6130, 6139, 3190, 6136, 5968, 6144, 5968, 5942, 6144, 6097, 6101, 6144, 6101, 6147, 6144, 6140, 6131, 6137,
            6139, 6130, 6148, 5995, 6147, 6101, 6145, 6140, 6137, 6147, 6136, 6144, 6135, 6136, 6147, 6137, 6149, 6145, 6150, 6129, 6128, 6149, 6137, 6138,
            6129, 6150, 6151, 6099, 5995, 6101, 6152, 6153, 6154, 6142, 6139, 6148, 6153, 6152, 6155, 6155, 6156, 6153, 6157, 6119, 6076, 5874, 5873, 6158,
            6157, 6076, 6077, 6102, 6157, 6077, 6129, 6151, 6141, 5887, 5873, 5885, 6158, 5873, 5887, 6151, 6146, 6141, 6153, 6156, 6159, 6157, 6130, 6119,
            6155, 6152, 6160, 6158, 5887, 5894, 6161, 6158, 5894, 6102, 6110, 6157, 5874, 6158, 6162, 6163, 6155, 6160, 6164, 6157, 6110, 6162, 6158, 6161,
            6165, 6164, 6110, 6011, 6087, 6005, 5915, 6162, 6161, 5872, 6044, 6043, 6043, 5873, 5872, 6166, 6167, 6157, 6157, 6164, 6166, 6168, 6155, 6163,
            6168, 6156, 6155, 6165, 6169, 6164, 5906, 5871, 5874, 6005, 6087, 6107, 6166, 6164, 6169, 6170, 6166, 6169, 6162, 5911, 5874, 6120, 5886, 5917,
            6005, 6107, 6171, 6165, 6110, 6115, 6120, 5891, 5886, 6172, 6159, 6156, 6159, 6172, 6173, 6156, 6168, 6172, 6167, 6148, 6130, 5894, 5891, 6174,
            6127, 5891, 6121, 6174, 5891, 6127, 6174, 6127, 5894, 6172, 6168, 6175, 6130, 6157, 6167, 6176, 6172, 6175, 6127, 6161, 5894, 6148, 6177, 6142,
            5891, 6120, 6121, 6178, 6160, 6179, 6178, 6163, 6160, 6127, 5915, 6161, 6180, 6163, 6178, 6177, 6148, 6181, 6181, 6182, 6177, 5905, 5941, 5871,
            6183, 6171, 6107, 5906, 5905, 5871, 5911, 5906, 5874, 6181, 6167, 6166, 6184, 6183, 6107, 6185, 6168, 6180, 6186, 6168, 6185, 6166, 6187, 6181,
            6187, 6166, 6170, 6180, 6168, 6163, 6162, 5915, 5911, 6181, 6148, 6167, 6188, 6178, 6179, 6183, 6184, 6189, 6178, 6188, 6190, 6190, 6180, 6178,
            6191, 6182, 6181, 6099, 5907, 5902, 6099, 5902, 5901, 6189, 6192, 6183, 6021, 6188, 6020, 6190, 6188, 6021, 6093, 6085, 6088, 5915, 5902, 5907,
            5915, 5903, 5902, 6193, 5903, 5915, 6194, 6193, 5915, 6190, 6185, 6180, 6195, 6088, 6089, 6192, 6189, 6196, 6193, 5904, 5903, 6185, 6190, 6197,
            6197, 6190, 6198, 6127, 6124, 6145, 6186, 6175, 6168, 6093, 6088, 6199, 6094, 6093, 6199, 6192, 6196, 6200, 5915, 6127, 6194, 6145, 6194, 6127,
            6201, 6175, 6186, 6195, 6199, 6088, 6194, 6145, 6149, 6202, 6176, 6175, 6171, 6018, 6005, 6202, 6175, 6201, 6149, 6193, 6194, 6203, 6195, 6204,
            6203, 6199, 6195, 6193, 6149, 6205, 6171, 6048, 6018, 6201, 6206, 6202, 6207, 6108, 6094, 6186, 6185, 6201, 6185, 6197, 6201, 6208, 6209, 6210,
            6192, 6171, 6183, 6192, 6048, 6171, 6199, 6211, 6094, 6210, 6071, 6212, 6211, 6207, 6094, 6197, 6213, 6201, 6208, 6210, 6212, 6115, 6108, 6207,
            6214, 6115, 6207, 6201, 6215, 6206, 6213, 6215, 6201, 6208, 6212, 6216, 6216, 6217, 6208, 6218, 6208, 6217, 6048, 6192, 6219, 6220, 6207, 6211,
            6203, 6211, 6199, 6212, 6071, 6221, 6222, 6211, 6203, 6192, 6200, 6219, 6223, 6220, 6211, 6224, 6212, 6221, 6214, 6207, 6220, 6225, 6212, 6224,
            6225, 6226, 6212, 6226, 6225, 6227, 6228, 6126, 6229, 6226, 6216, 6212, 6228, 6128, 6126, 6220, 6230, 6214, 6231, 6230, 6220, 6227, 6216, 6226,
            6227, 6232, 6216, 6229, 6233, 6234, 6146, 6107, 6106, 6222, 6235, 6236, 6223, 6211, 6222, 6237, 6234, 6233, 6234, 6228, 6229, 6238, 6239, 6240,
            6146, 6184, 6107, 6228, 6234, 6241, 6242, 6238, 6240, 6243, 6184, 6146, 6244, 6242, 6240, 6245, 6231, 6220, 6228, 6246, 6128, 6245, 6220, 6223,
            6239, 6217, 6240, 6128, 6246, 6150, 6246, 6247, 6150, 6248, 6240, 6217, 6249, 6146, 6151, 6241, 6246, 6228, 6217, 6216, 6248, 6222, 6236, 6223,
            6232, 6248, 6216, 6250, 6223, 6236, 6251, 6248, 6232, 6252, 6249, 6151, 6173, 6250, 6236, 6241, 6253, 6246, 6254, 6240, 6248, 6254, 6248, 6251,
            6250, 6245, 6223, 6249, 6243, 6146, 6255, 6247, 6246, 6256, 6245, 6250, 6254, 6244, 6240, 6256, 6231, 6245, 6257, 6243, 6249, 6246, 6253, 6255,
            6254, 6258, 6244, 6259, 6243, 6257, 6165, 6260, 6169, 6225, 6224, 6261, 6262, 6169, 6260, 6263, 6234, 6237, 6189, 6184, 6264, 6265, 6262, 6260,
            6266, 6262, 6265, 6267, 6237, 6268, 6251, 6232, 6269, 6267, 6263, 6237, 6264, 6196, 6189, 6269, 6232, 6227, 6269, 6227, 6225, 6270, 6263, 6267,
            6230, 6115, 6214, 6260, 6165, 6115, 6230, 6260, 6115, 6271, 6270, 6267, 6225, 6261, 6272, 6270, 6234, 6263, 6270, 6241, 6234, 6269, 6225, 6272,
            6265, 6260, 6230, 6273, 6272, 6261, 6274, 6267, 6268, 6265, 6230, 6231, 6200, 6196, 6275, 6269, 6272, 6276, 6276, 6251, 6269, 6275, 6196, 6264,
            6267, 6274, 6277, 6278, 6276, 6272, 6279, 6266, 6265, 6278, 6272, 6280, 6281, 6271, 6267, 6267, 6277, 6281, 6262, 6170, 6169, 6282, 6254, 6251,
            6184, 6243, 6264, 6191, 6181, 6187, 6283, 6282, 6251, 6241, 6270, 6253, 6243, 6259, 6264, 6271, 6253, 6270, 6282, 6258, 6254, 6259, 6284, 6264,
            6187, 6285, 6191, 6282, 6286, 6258, 6284, 6275, 6264, 6191, 6285, 6287, 6288, 6170, 6262, 6289, 6275, 6284, 6290, 6286, 6282, 6187, 6170, 6288,
            6288, 6285, 6187, 6255, 6253, 6291, 6266, 6288, 6262, 6290, 6292, 6286, 6293, 6289, 6284, 6290, 6294, 6292, 6251, 6276, 6283, 6295, 6287, 6285,
            6271, 6281, 6296, 6276, 6297, 6283, 6298, 6285, 6288, 6285, 6298, 6295, 6296, 6253, 6271, 6253, 6296, 6291, 6283, 6290, 6282, 6299, 6300, 6247,
            6299, 6247, 6255, 6301, 6290, 6297, 6301, 6294, 6290, 6297, 6290, 6283, 6302, 6303, 6035, 6279, 6265, 6231, 6299, 6255, 6291, 6231, 6304, 6279,
            6299, 6291, 6305, 6306, 6279, 6304, 6302, 6307, 6303, 6308, 6305, 6291, 5932, 5928, 5993, 6309, 6304, 6256, 6256, 6304, 6231, 6305, 6310, 6299,
            5935, 5934, 5926, 6310, 6305, 6311, 5935, 5932, 5933, 5935, 5926, 5932, 6312, 6309, 6256, 6313, 5934, 5933, 6309, 6306, 6304, 6035, 6041, 6302,
            6308, 6291, 6296, 6301, 6314, 6294, 6315, 6306, 6309, 6314, 6316, 6294, 6317, 6302, 6041, 6316, 6314, 6318, 6298, 6288, 6266, 6305, 6308, 6319,
            6320, 6298, 6266, 6321, 6311, 6305, 6322, 6321, 6305, 6322, 6305, 6319, 6323, 6298, 6320, 6324, 6322, 6319, 6318, 6325, 6316, 6326, 6310, 6311,
            6306, 6266, 6279, 6306, 6320, 6266, 6327, 6328, 6325, 6321, 6326, 6311, 6298, 6323, 6295, 6302, 6317, 6307, 6307, 6317, 6329, 6295, 6323, 6330,
            6331, 6332, 6326, 6333, 6334, 6238, 6242, 6333, 6238, 6335, 6333, 6242, 6331, 6326, 6321, 6330, 6323, 6336, 6242, 6244, 6335, 6337, 6321, 6322,
            6324, 6337, 6322, 6052, 6317, 6041, 6338, 6317, 6052, 6339, 6317, 6338, 6335, 6340, 6333, 6306, 6315, 6341, 6342, 6331, 6337, 6306, 6341, 6320,
            6343, 6331, 6342, 6321, 6337, 6331, 6344, 6331, 6343, 6320, 6336, 6323, 6345, 6346, 6340, 6198, 6190, 6021, 6198, 6021, 6347, 6345, 6348, 6346,
            6341, 6336, 6320, 6021, 6024, 6347, 6349, 6336, 6341, 6329, 6317, 6339, 6350, 6330, 6336, 6335, 6345, 6340, 6258, 6335, 6244, 6349, 6350, 6336,
            6350, 6349, 6351, 6258, 6345, 6335, 6307, 6352, 6353, 6354, 6198, 6347, 6329, 6352, 6307, 6258, 6348, 6345, 6355, 6250, 6173, 6292, 6348, 6258,
            6356, 6354, 6357, 6357, 6354, 6347, 6358, 6256, 6355, 6355, 6256, 6250, 6355, 6173, 6176, 6292, 6258, 6286, 6359, 6360, 6352, 6176, 6173, 6172,
            6361, 6362, 6356, 6356, 6362, 6354, 6358, 6355, 6176, 6348, 6363, 6346, 6363, 6348, 6364, 6357, 6347, 6024, 6024, 6029, 6357, 6057, 6357, 6029,
            6202, 6358, 6176, 6202, 6365, 6358, 6329, 6339, 6366, 6213, 6197, 6367, 6366, 6368, 6329, 6368, 6352, 6329, 6369, 6370, 6363, 6197, 6198, 6354,
            6354, 6367, 6197, 6363, 6364, 6369, 6362, 6367, 6354, 6256, 6358, 6312, 6368, 6359, 6352, 6312, 6371, 6372, 6373, 6374, 6369, 6375, 6213, 6367,
            6312, 6372, 6309, 6309, 6372, 6315, 6376, 6213, 6375, 6315, 6372, 6377, 6359, 6368, 6378, 6358, 6371, 6312, 6375, 6367, 6362, 6360, 6359, 6379,
            6380, 6362, 6361, 6365, 6371, 6358, 6380, 6375, 6362, 6348, 6381, 6382, 6378, 6379, 6359, 6376, 6375, 6383, 6377, 6372, 6371, 6364, 6348, 6382,
            6375, 6380, 6383, 6384, 6377, 6371, 6369, 6364, 6385, 6386, 6379, 6378, 6356, 6057, 6361, 6341, 6315, 6349, 6382, 6385, 6364, 6387, 6361, 6057,
            6385, 6382, 6388, 6385, 6388, 6389, 6385, 6390, 6369, 6387, 6391, 6361, 6377, 6392, 6315, 6387, 6218, 6391, 6035, 6303, 3109, 6315, 6392, 6349,
            6373, 6393, 6374, 6057, 6356, 6357, 6394, 6393, 6373, 6390, 6373, 6369, 6303, 3203, 3109, 6066, 6057, 6056, 6394, 6373, 6390, 6229, 6350, 6351,
            6394, 6395, 6393, 3203, 6303, 6396, 6209, 6387, 6057, 6349, 6392, 6351, 6209, 6057, 6066, 6210, 6066, 6071, 6389, 6390, 6385, 6396, 6303, 6307,
            6210, 6209, 6066, 6397, 6390, 6389, 6392, 6233, 6351, 6398, 6392, 6377, 6218, 6387, 6209, 6209, 6208, 6218, 3208, 3204, 6396, 6396, 3204, 3203,
            6392, 6237, 6233, 6397, 6394, 6390, 6392, 6398, 6237, 6351, 6233, 6229, 6361, 6399, 6380, 6397, 6400, 6394, 6365, 6384, 6371, 3208, 6396, 6353,
            6381, 6348, 6292, 6206, 6365, 6202, 6384, 6365, 6206, 6391, 6399, 6361, 6294, 6381, 6292, 6399, 6383, 6380, 6377, 6384, 6398, 6401, 6398, 6384,
            6402, 6383, 6399, 6294, 6403, 6381, 6404, 6206, 6215, 6382, 6381, 6403, 6404, 6384, 6206, 6239, 6399, 6391, 6388, 6382, 6403, 6405, 6404, 6215,
            6404, 6401, 6384, 6217, 6239, 6391, 6307, 6353, 6396, 6404, 6268, 6401, 6402, 6399, 6239, 6402, 6239, 6334, 6406, 6404, 6405, 6388, 6403, 6328,
            6353, 6407, 3208, 6274, 6268, 6404, 6403, 6294, 6316, 6328, 6403, 6316, 6217, 6391, 6218, 6328, 6389, 6388, 6360, 6407, 6353, 6376, 6405, 6215,
            6353, 6352, 6360, 6268, 6398, 6401, 6268, 6237, 6398, 6328, 6408, 6389, 6376, 6215, 6213, 6406, 6274, 6404, 6409, 6405, 6376, 6397, 6389, 6408,
            6408, 6400, 6397, 3042, 1078, 4707, 6410, 6400, 6408, 4707, 1078, 4704, 3208, 6407, 3209, 6407, 3230, 3209, 6408, 6328, 6411, 6325, 6328, 6316,
            6405, 6412, 6406, 6328, 6327, 6411, 6406, 6412, 6413, 6414, 3042, 4707, 3047, 3042, 6414, 6406, 6413, 6274, 6415, 6410, 6408, 6416, 3047, 6414,
            6415, 6408, 6411, 6417, 3231, 3230, 6280, 6272, 6273, 4707, 4727, 6414, 6376, 6383, 6409, 6418, 3230, 6407, 4727, 6419, 6414, 6419, 6416, 6414,
            6420, 6278, 6280, 6421, 6409, 6383, 6280, 6422, 6420, 6405, 6409, 6412, 6407, 6360, 6418, 4707, 4708, 4727, 6420, 6423, 6278, 6423, 6420, 6424,
            3047, 6416, 3063, 6423, 6297, 6276, 3230, 6418, 6425, 6409, 6421, 6412, 6426, 6297, 6423, 6421, 6427, 6412, 6423, 6276, 6278, 6428, 3066, 3063,
            6429, 6426, 6423, 3073, 3066, 6428, 6413, 6412, 6430, 6430, 6412, 6427, 6431, 6428, 3063, 6426, 6301, 6297, 6432, 3073, 6428, 3231, 6417, 3233,
            3063, 6416, 6431, 6433, 6430, 6427, 6429, 6423, 6424, 3230, 6425, 6417, 6434, 6416, 6419, 6422, 6280, 6273, 6422, 6273, 6435, 6431, 6416, 6434,
            6422, 6435, 5945, 6432, 6428, 6431, 6436, 6437, 6433, 6434, 6438, 6431, 6438, 6432, 6431, 6439, 6440, 5945, 6277, 6274, 6413, 5943, 5945, 6440,
            6441, 3233, 6417, 6439, 5945, 6435, 6430, 6281, 6277, 4727, 6442, 6419, 6430, 6277, 6413, 3235, 3233, 6441, 6419, 6442, 6434, 5945, 5944, 6443,
            6425, 6444, 6417, 5970, 6443, 5944, 6445, 6296, 6281, 6446, 6447, 6442, 6448, 6281, 6430, 5945, 6443, 6422, 6449, 4727, 4725, 6420, 6422, 6443,
            6296, 6445, 6308, 4727, 6449, 6442, 6450, 6308, 6445, 6448, 6445, 6281, 4339, 6449, 4725, 6451, 6443, 5970, 6420, 6443, 6451, 6444, 6441, 6417,
            4342, 6449, 4339, 6433, 6448, 6430, 6448, 6433, 6437, 6446, 6449, 4342, 6452, 5927, 5926, 5943, 6440, 6452, 5927, 6452, 6440, 6444, 6453, 6441,
            6446, 6442, 6449, 6454, 6445, 6448, 6454, 6455, 6445, 6454, 6448, 6437, 6456, 6454, 6437, 5943, 6452, 5951, 6452, 5934, 5967, 5951, 6452, 5984,
            6452, 5967, 5984, 5984, 5967, 5966, 6434, 6442, 6447, 6402, 6421, 6383, 6402, 6457, 6421, 6447, 6458, 6434, 5934, 6452, 5926, 5966, 5934, 6313,
            6457, 6427, 6421, 6438, 6434, 6458, 5976, 5944, 5951, 6459, 6438, 6458, 5989, 5971, 5976, 6460, 6418, 6360, 6426, 6314, 6301, 6460, 6425, 6418,
            6426, 6318, 6314, 6461, 6427, 6457, 6436, 6427, 6461, 6318, 6426, 6462, 6379, 6460, 6360, 6463, 6426, 6429, 6463, 6462, 6426, 6464, 6458, 6447,
            6447, 6465, 6464, 6402, 6461, 6457, 6325, 6318, 6462, 6402, 6334, 6461, 6334, 6239, 6238, 6466, 6459, 6458, 6466, 6458, 6464, 6333, 6461, 6334,
            6461, 6333, 6467, 6468, 6325, 6462, 6464, 6469, 6466, 6424, 6420, 6470, 6451, 6470, 6420, 6386, 6460, 6379, 6436, 6433, 6427, 6471, 6460, 6386,
            6463, 6472, 6470, 6470, 6451, 6473, 6474, 6437, 6436, 6470, 6473, 6463, 6461, 6467, 6436, 5999, 3088, 3073, 6467, 6474, 6436, 6472, 6424, 6470,
            3073, 6432, 5999, 6473, 6451, 5970, 6425, 6460, 6444, 5971, 6475, 5970, 6473, 5970, 6475, 6474, 6456, 6437, 6463, 6473, 6475, 5989, 6475, 5971,
            6429, 6472, 6463, 6476, 6456, 6474, 6477, 6444, 6460, 6475, 6462, 6463, 6438, 6478, 6432, 6462, 6475, 6468, 6467, 6333, 6340, 6468, 6475, 5989,
            6478, 5999, 6432, 6477, 6453, 6444, 5987, 5984, 5966, 6009, 5999, 6478, 6467, 6476, 6474, 5991, 5966, 6313, 6476, 6467, 6346, 6340, 6346, 6467,
            6438, 6459, 6478, 6479, 6476, 6346, 6477, 6460, 6471, 6411, 6327, 6480, 6319, 6308, 6450, 6480, 5989, 5987, 6034, 6009, 6478, 6481, 6477, 6471,
            6468, 6327, 6325, 6327, 6468, 6480, 6482, 6034, 6478, 6478, 6459, 6482, 6450, 6324, 6319, 5987, 5966, 6483, 6484, 6453, 6477, 5990, 6483, 5966,
            6450, 6455, 6485, 5990, 6486, 6483, 6485, 6324, 6450, 5987, 6483, 6480, 6487, 6324, 6485, 6481, 6484, 6477, 6488, 6459, 6466, 6480, 6483, 6486,
            6455, 6450, 6445, 6459, 6488, 6482, 5989, 6480, 6468, 6489, 6455, 6454, 6480, 6415, 6411, 6486, 6415, 6480, 6489, 6485, 6455, 6486, 5992, 6415,
            6338, 6052, 6048, 6034, 6010, 6009, 6338, 6048, 6219, 6033, 6034, 6490, 6491, 5979, 6135, 6492, 6485, 6489, 6034, 6482, 6490, 6491, 6135, 6493,
            5928, 5978, 5993, 5993, 5978, 5977, 5994, 5977, 5980, 6490, 6482, 6494, 5994, 5993, 5977, 6482, 6495, 6494, 6324, 6342, 6337, 5994, 5980, 6491,
            6487, 6342, 6324, 6490, 6042, 6033, 5932, 5993, 5933, 6042, 6490, 6089, 6491, 5980, 5979, 6339, 6338, 6496, 5933, 5994, 6313, 6497, 6343, 6342,
            6491, 6313, 5994, 6485, 6498, 6487, 6342, 6487, 6499, 6487, 6498, 6499, 6219, 6496, 6338, 6492, 6498, 6485, 6200, 6496, 6219, 6500, 6499, 6498,
            6501, 6446, 4342, 6313, 6491, 6502, 6491, 6493, 6502, 6497, 6342, 6499, 6503, 6496, 6200, 6500, 6504, 6499, 6501, 6505, 6446, 4359, 4342, 4338,
            6499, 6504, 6497, 6147, 5995, 5996, 6506, 6339, 6496, 4342, 4359, 6501, 6493, 6135, 6147, 6147, 5996, 6493, 6507, 6489, 6456, 6339, 6506, 6508,
            6456, 6476, 6479, 6496, 6503, 6506, 6456, 6479, 6507, 5901, 5995, 6099, 6501, 4359, 6505, 6509, 6506, 6503, 5996, 6510, 6493, 6508, 6366, 6339,
            6465, 6447, 6446, 6370, 6507, 6479, 6511, 6465, 6446, 6511, 6464, 6465, 6363, 6479, 6346, 6512, 5996, 5897, 6363, 6370, 6479, 5996, 6512, 6510,
            6464, 6511, 6469, 6507, 6370, 6513, 6514, 6469, 6511, 5878, 6502, 6493, 6370, 6374, 6513, 6469, 6514, 6515, 6369, 6374, 6370, 6374, 6516, 6513,
            6374, 6517, 6516, 6508, 6368, 6366, 6518, 5991, 6313, 6393, 6517, 6374, 6519, 6515, 6514, 6520, 6368, 6508, 5865, 5991, 6518, 6521, 6519, 6514,
            6378, 6368, 6520, 6518, 6502, 5866, 5866, 6502, 5888, 6395, 6522, 6393, 6518, 6313, 6502, 6456, 6489, 6454, 6446, 6505, 6511, 6521, 6511, 6505,
            6507, 6492, 6489, 6514, 6511, 6521, 6523, 6521, 6505, 6492, 6507, 6516, 5865, 6518, 5866, 6516, 6507, 6513, 5888, 5864, 5866, 6492, 6516, 6500,
            5864, 6524, 5865, 6493, 6510, 5878, 6500, 6498, 6492, 6525, 6508, 6506, 4376, 4359, 4351, 5878, 6510, 5879, 6500, 6516, 6517, 5879, 6510, 6512,
            5877, 5879, 6526, 4376, 6505, 4359, 6527, 6520, 6508, 6528, 6504, 6500, 6500, 6517, 6528, 6528, 6529, 6504, 6527, 6508, 6525, 6523, 6505, 4376,
            5889, 6526, 5948, 4376, 6530, 6523, 6393, 6528, 6517, 5888, 6502, 5878, 4369, 4385, 4376, 6528, 6393, 6522, 5877, 5888, 5878, 6530, 4376, 4385,
            6531, 6532, 6533, 6534, 6531, 6533, 5888, 5877, 5889, 6535, 6531, 6536, 6526, 5889, 5877, 6537, 6503, 6200, 6532, 6531, 6535, 6200, 6275, 6537,
            6538, 6533, 6532, 6538, 6532, 6539, 6539, 6532, 6540, 6541, 6530, 4385, 6540, 6542, 6539, 6537, 6275, 6543, 6540, 6532, 6535, 5897, 5901, 5895,
            6544, 6521, 6523, 6535, 6545, 6540, 6546, 6542, 6547, 6548, 6509, 6537, 6548, 6537, 6543, 6547, 6542, 6549, 5904, 6550, 6551, 6552, 6544, 6523,
            6553, 6544, 6552, 6547, 6554, 6546, 6544, 6519, 6521, 6551, 5895, 5904, 6555, 6519, 6544, 6556, 6554, 6547, 6553, 6555, 6544, 6549, 6542, 6540,
            5895, 6551, 5910, 6552, 6523, 6530, 6275, 6289, 6543, 6549, 6540, 6557, 6558, 5909, 5910, 6558, 5910, 6559, 6547, 6549, 6557, 6149, 6138, 6560,
            6561, 6552, 6530, 6562, 6557, 6540, 6205, 6149, 6560, 6293, 6543, 6289, 6545, 6562, 6540, 6205, 6560, 6550, 6563, 6560, 6564, 6560, 6563, 6565,
            6552, 6566, 6553, 6565, 6563, 6567, 6557, 6556, 6547, 6550, 6560, 6565, 6488, 6466, 6469, 6551, 6550, 6565, 6469, 6515, 6488, 6568, 6565, 6567,
            6568, 6567, 6569, 5904, 6193, 6205, 6570, 6548, 6543, 6488, 6515, 6571, 6550, 5904, 6205, 6488, 6495, 6482, 6551, 6565, 6568, 6138, 6131, 6133,
            6568, 6559, 6551, 6572, 6138, 6133, 6488, 6571, 6495, 6138, 6572, 6573, 6559, 5910, 6551, 6573, 6572, 6574, 6575, 6548, 6570, 6515, 6519, 6571,
            6576, 6571, 6519, 6577, 6578, 6495, 6577, 6495, 6571, 6573, 6574, 6579, 6569, 6567, 6580, 6509, 6503, 6537, 6564, 6138, 6573, 6576, 6577, 6571,
            6560, 6138, 6564, 6569, 6580, 6581, 6573, 6579, 6564, 6582, 6525, 6506, 6583, 6569, 6581, 6506, 6509, 6582, 6563, 6564, 6579, 5920, 6559, 6568,
            6495, 6578, 6494, 6578, 6584, 6494, 6559, 5919, 6558, 6089, 6490, 6494, 6579, 6574, 6585, 5920, 5919, 6559, 6548, 6582, 6509, 6584, 6089, 6494,
            5920, 6568, 6569, 5920, 6569, 6583, 6579, 6585, 6586, 6583, 5918, 5920, 6586, 6585, 6587, 6586, 6587, 6588, 6589, 6578, 6590, 6525, 6591, 6527,
            6587, 6585, 6592, 6587, 6592, 6588, 5919, 5918, 5925, 6590, 6578, 6577, 6582, 6591, 6525, 6589, 6584, 6578, 6593, 5918, 6583, 6582, 6548, 6575,
            6594, 5918, 6593, 5918, 6594, 5924, 6584, 6589, 6595, 6596, 6582, 6575, 6555, 6576, 6519, 6563, 6579, 6567, 6567, 6579, 6580, 6597, 6591, 6582,
            6598, 6576, 6599, 6576, 6555, 6599, 6582, 6596, 6597, 6512, 5897, 5896, 6580, 6586, 6600, 6580, 6579, 6586, 6601, 6597, 6596, 6598, 6577, 6576,
            6512, 5896, 5909, 6590, 6577, 6598, 6588, 6600, 6586, 6602, 6512, 5909, 6603, 6344, 6343, 6604, 6344, 6603, 6605, 6603, 6343, 6606, 6599, 6555,
            6602, 5879, 6512, 6606, 6607, 6599, 6526, 5879, 6602, 6497, 6605, 6343, 6608, 6378, 6520, 6607, 6598, 6599, 6558, 6602, 5909, 6598, 6609, 6590,
            5919, 6610, 6558, 6607, 6609, 6598, 6386, 6378, 6608, 6604, 6603, 6611, 6602, 6610, 5965, 6607, 6606, 6612, 6602, 5948, 6526, 6612, 6609, 6607,
            5965, 5948, 6602, 6603, 6613, 6614, 6555, 6553, 6606, 6497, 6504, 6615, 6558, 6610, 6602, 6608, 6616, 6386, 6615, 6605, 6497, 6617, 6589, 6590,
            6618, 6520, 6527, 5919, 5982, 6610, 5925, 5982, 5919, 6605, 6613, 6603, 6615, 6613, 6605, 6522, 6395, 6619, 6620, 6613, 6615, 6619, 6395, 6621,
            6617, 6595, 6589, 6608, 6520, 6618, 6614, 6611, 6603, 6622, 6621, 6395, 6394, 6622, 6395, 6609, 6617, 6590, 6623, 6616, 6608, 6400, 6622, 6394,
            6624, 6614, 6613, 6618, 6623, 6608, 6624, 6613, 6620, 6625, 6617, 6609, 6624, 6626, 6614, 6627, 6621, 6622, 6628, 6626, 6624, 6616, 6471, 6386,
            6629, 6621, 6627, 6630, 6628, 6624, 6195, 6089, 6584, 6629, 6631, 6632, 6529, 6615, 6504, 6204, 6195, 6584, 6595, 6204, 6584, 6619, 6633, 6522,
            6633, 6619, 6634, 6529, 6635, 6615, 6634, 6619, 6621, 6635, 6620, 6615, 6623, 6636, 6616, 6629, 6634, 6621, 6633, 6634, 6637, 6154, 6595, 6617,
            6638, 6620, 6635, 6632, 6637, 6634, 6235, 6203, 6204, 6235, 6204, 6595, 6629, 6632, 6634, 6639, 6636, 6623, 6222, 6203, 6235, 6635, 6529, 6528,
            6522, 6635, 6528, 6625, 6154, 6617, 6154, 6235, 6595, 6639, 6640, 6636, 6641, 6642, 6637, 6632, 6643, 6637, 6522, 6633, 6635, 6152, 6154, 6625,
            6153, 6235, 6154, 6643, 6641, 6637, 6635, 6633, 6638, 6631, 6643, 6632, 6639, 6644, 6640, 6153, 6159, 6235, 6159, 6236, 6235, 6173, 6236, 6159,
            6350, 6111, 6330, 6126, 6111, 6350, 6638, 6624, 6620, 6645, 6646, 6643, 6591, 6618, 6527, 6229, 6126, 6350, 6647, 6624, 6638, 6624, 6647, 6630,
            6410, 6622, 6400, 4283, 4385, 4277, 6648, 6622, 6410, 6622, 6648, 6627, 4283, 6541, 4385, 6649, 6541, 4283, 6650, 6629, 6627, 6627, 6648, 6651,
            6618, 6591, 6597, 6637, 6638, 6633, 6651, 6650, 6627, 6541, 6561, 6530, 6642, 6647, 6638, 6410, 6652, 6648, 6637, 6642, 6638, 6410, 6415, 6652,
            6649, 6653, 6541, 6654, 6623, 6618, 6653, 6561, 6541, 6655, 6652, 6415, 4283, 4282, 6649, 6642, 6656, 6647, 6657, 6628, 6630, 6658, 6651, 6648,
            6658, 6659, 6651, 6630, 6660, 6657, 5946, 6524, 5864, 6648, 6652, 6658, 6630, 6647, 6660, 6658, 6652, 6524, 6661, 6653, 6649, 6654, 6618, 6597,
            6662, 6654, 6597, 6552, 6561, 6566, 6663, 6664, 6657, 6650, 6631, 6629, 6665, 6657, 6660, 6665, 6663, 6657, 6597, 6601, 6662, 6666, 6650, 6651,
            6566, 6561, 6653, 6660, 6647, 6656, 6553, 6566, 6667, 6645, 6631, 6650, 6668, 6660, 6656, 6667, 6566, 6669, 6668, 6656, 6670, 6642, 6670, 6656,
            6671, 6645, 6650, 6566, 6653, 6672, 6668, 6665, 6660, 6673, 6623, 6654, 6671, 6674, 6645, 6639, 6623, 6673, 6661, 6672, 6653, 6658, 5946, 6659,
            6659, 5946, 5890, 6566, 6672, 6669, 6675, 6659, 5890, 6668, 6663, 6665, 6676, 6663, 6668, 5890, 5947, 6671, 6676, 6677, 6663, 6678, 6669, 6672,
            5964, 6671, 5947, 6671, 6675, 5890, 6649, 6679, 6661, 4357, 6649, 4282, 6649, 4357, 6679, 6659, 6666, 6651, 6680, 6639, 6673, 6681, 6682, 6676,
            6680, 6644, 6639, 6675, 6666, 6659, 6683, 6672, 6661, 6662, 6673, 6654, 6671, 6650, 6666, 6679, 6684, 6683, 6679, 6683, 6661, 3200, 3162, 3199,
            5964, 6685, 6671, 6143, 3199, 3166, 6684, 6679, 6686, 6687, 6673, 6662, 6685, 6674, 6671, 3199, 6688, 6689, 6689, 6690, 3199, 6666, 6675, 6671,
            6690, 3200, 3199, 6631, 6645, 6643, 6688, 3199, 6143, 6687, 6680, 6673, 5982, 5925, 5958, 6683, 6691, 6672, 6692, 3200, 6690, 5925, 5924, 5958,
            3200, 6692, 3227, 3237, 3227, 6692, 6693, 6669, 6678, 6672, 6691, 6678, 6694, 6692, 6690, 5959, 5981, 5958, 6695, 5985, 5981, 6695, 5981, 5959,
            6696, 6678, 6691, 6697, 6683, 6684, 6694, 3237, 6692, 6698, 6691, 6683, 6481, 6471, 6616, 6699, 3237, 6694, 6700, 6670, 6641, 6701, 6683, 6697,
            6641, 6702, 6700, 6142, 6688, 6143, 6636, 6481, 6616, 6701, 6698, 6683, 6691, 6698, 6696, 6177, 6688, 6142, 6641, 6670, 6642, 6703, 6689, 6688,
            6640, 6481, 6636, 6668, 6670, 6704, 6705, 6481, 6640, 6694, 6690, 6689, 6706, 6696, 6698, 6704, 6670, 6700, 6706, 6698, 6707, 6708, 6668, 6704,
            6709, 6694, 6689, 4325, 4357, 4282, 6643, 6702, 6641, 6703, 6709, 6689, 6646, 6702, 6643, 6247, 6151, 6150, 6710, 6702, 6646, 6686, 6679, 4357,
            6252, 6151, 6247, 6710, 6700, 6702, 6711, 6694, 6709, 6686, 4357, 4356, 6704, 6700, 6710, 6710, 6712, 6704, 6713, 6714, 6699, 6606, 6715, 6612,
            6711, 6699, 6694, 6716, 6609, 6612, 6676, 6668, 6708, 6711, 6713, 6699, 6252, 6300, 6249, 6717, 6718, 6708, 6704, 6717, 6708, 6606, 6553, 6667,
            6718, 6676, 6708, 6676, 6718, 6681, 6252, 6247, 6300, 6719, 6720, 6713, 6606, 6667, 6715, 6718, 6721, 6681, 6667, 6669, 6722, 6699, 3238, 3237,
            6715, 6667, 6722, 6300, 6257, 6249, 6714, 3238, 6699, 6723, 6257, 6300, 3058, 3238, 6714, 6257, 6723, 6259, 6724, 6725, 6712, 6722, 6669, 6693,
            6726, 6725, 6724, 6715, 6727, 6612, 6704, 6712, 6717, 6714, 6713, 6720, 6728, 6715, 6722, 6703, 6688, 6177, 6727, 6715, 6728, 6725, 6729, 6718,
            6717, 6725, 6718, 6717, 6712, 6725, 6716, 6625, 6609, 6182, 6703, 6177, 6182, 6730, 6703, 5948, 5965, 5947, 6730, 6709, 6703, 6310, 6723, 6300,
            6731, 5965, 6610, 6299, 6310, 6300, 6625, 6716, 6732, 5982, 6731, 6610, 6733, 6731, 5982, 6732, 6152, 6625, 6730, 6711, 6709, 6734, 5965, 6733,
            5965, 6731, 6733, 6735, 6711, 6730, 6727, 6716, 6612, 6716, 6727, 6736, 6736, 6732, 6716, 6734, 5964, 5965, 6674, 6737, 6645, 6737, 6646, 6645,
            6738, 6730, 6182, 6723, 6739, 6259, 6191, 6738, 6182, 6740, 6734, 6733, 6739, 6284, 6259, 6741, 6735, 6730, 6152, 6732, 6160, 6730, 6738, 6741,
            6160, 6732, 6736, 6284, 6739, 6293, 6742, 6740, 6733, 6743, 6293, 6739, 6738, 6287, 6741, 6735, 6713, 6711, 6734, 6685, 5964, 6722, 6693, 6744,
            6696, 6693, 6678, 6735, 6745, 6713, 6693, 6696, 6744, 6685, 6737, 6674, 6685, 6734, 6737, 6719, 6713, 6745, 6744, 6728, 6722, 6737, 6734, 6740,
            6746, 6739, 6723, 6747, 6728, 6744, 5986, 6733, 5982, 6746, 6723, 6310, 6748, 6719, 6745, 6749, 6744, 6696, 5981, 5986, 5982, 6326, 6746, 6310,
            6750, 6748, 6741, 6739, 6746, 6751, 6749, 6696, 6706, 6741, 6745, 6735, 5986, 6742, 6733, 6751, 6743, 6739, 6747, 6744, 6752, 6752, 6744, 6749,
            6741, 6748, 6745, 6753, 6743, 6751, 6749, 6754, 6752, 6737, 6710, 6646, 6754, 6016, 6752, 6748, 6750, 6059, 6332, 6751, 6746, 6755, 6736, 6727,
            6737, 6756, 6710, 6287, 6738, 6191, 6755, 6179, 6736, 6736, 6179, 6160, 6740, 6756, 6737, 6326, 6332, 6746, 6750, 6741, 6287, 6742, 6756, 6740,
            6757, 6750, 6287, 6188, 6179, 6020, 6758, 6759, 5986, 6724, 6712, 6710, 6756, 6724, 6710, 6287, 6295, 6757, 6747, 6727, 6728, 6753, 6293, 6743,
            6759, 6742, 5986, 6747, 6752, 6755, 6755, 6727, 6747, 6060, 6059, 6750, 6750, 6757, 6060, 6756, 6742, 6759, 6759, 6724, 6756, 6016, 6755, 6752,
            6759, 6726, 6724, 6758, 5986, 5985, 6760, 6543, 6293, 6758, 5985, 6695, 6293, 6753, 6760, 6020, 6179, 6755, 6755, 6016, 6020, 6015, 6020, 6016,
            6726, 6758, 6695, 6543, 6760, 6570, 6080, 6757, 6295, 6726, 6759, 6758, 6080, 6060, 6757, 6080, 6058, 6060, 6726, 6761, 6725, 6707, 6698, 6701,
            6762, 6570, 6760, 6763, 6706, 6707, 6764, 6570, 6762, 6080, 6295, 6330, 6707, 6765, 6763, 6080, 6330, 6079, 6753, 6751, 6766, 6111, 6079, 6330,
            6701, 6767, 6765, 6765, 6707, 6701, 6760, 6753, 6766, 5992, 6486, 5990, 6524, 5992, 5865, 6332, 6766, 6751, 6765, 6037, 6763, 5992, 6655, 6415,
            6720, 3058, 6714, 6766, 6762, 6760, 6720, 3059, 3058, 6655, 5992, 6524, 4356, 6768, 6686, 6652, 6655, 6524, 6769, 4356, 4445, 6658, 6524, 5946,
            6770, 3059, 6720, 6769, 6768, 4356, 6771, 6762, 6766, 6768, 6684, 6686, 6697, 6684, 6768, 3057, 3059, 6770, 6762, 6771, 6772, 6773, 3057, 6770,
            6772, 6764, 6762, 6774, 6773, 6770, 6764, 6575, 6570, 6775, 6769, 4445, 6775, 4445, 4477, 6720, 6774, 6770, 4477, 4445, 4450, 6769, 6776, 6768,
            6773, 3061, 3057, 3061, 6773, 3072, 6769, 6775, 6776, 3072, 6773, 6777, 6697, 6768, 6701, 6701, 6768, 6776, 6767, 6701, 6776, 6575, 6764, 6596,
            3080, 3070, 3072, 6778, 3080, 3072, 6779, 6601, 6596, 6767, 6037, 6765, 6777, 6773, 6774, 6777, 6778, 3072, 4477, 6780, 6775, 6781, 6778, 6777,
            6775, 6767, 6776, 6782, 6767, 6775, 6764, 6772, 6783, 6779, 6764, 6783, 4477, 4482, 6780, 6596, 6764, 6779, 6784, 6720, 6719, 6785, 6780, 4482,
            6786, 6782, 6775, 6748, 6059, 6719, 6786, 6775, 6780, 6786, 6780, 6785, 6332, 6771, 6766, 6767, 6782, 6787, 6784, 6719, 6059, 6784, 6068, 6788,
            6068, 6784, 6059, 6786, 6787, 6782, 6787, 6037, 6767, 6040, 6037, 6787, 6604, 6771, 6332, 6771, 6604, 6789, 6068, 6011, 6788, 6083, 6011, 6068,
            6789, 6772, 6771, 6788, 6011, 6007, 6331, 6344, 6332, 6786, 6790, 6791, 6332, 6344, 6604, 6075, 6787, 6786, 6784, 6774, 6720, 6075, 6040, 6787,
            6791, 6075, 6786, 6788, 6777, 6774, 6792, 6777, 6788, 6788, 6774, 6784, 6611, 6789, 6604, 6749, 6706, 6754, 6792, 6781, 6777, 6706, 6002, 6754,
            6004, 6706, 6763, 6004, 6002, 6706, 6007, 6781, 6792, 6007, 6792, 6788, 6001, 6754, 6002, 6772, 6789, 6793, 6793, 6783, 6772, 6001, 6016, 6754,
            6037, 6004, 6763, 6793, 6794, 6783, 6000, 6004, 6037, 6778, 3081, 3080, 6781, 6006, 6778, 6778, 6006, 6795, 6793, 6789, 6796, 6789, 6611, 6796,
            3081, 6778, 6795, 6795, 6032, 3081, 6794, 6793, 6797, 6032, 3086, 3081, 6793, 6796, 6797, 6798, 3086, 6032, 6798, 3109, 3086, 6035, 3109, 6798,
            6799, 6601, 6779, 6601, 6799, 6800, 6017, 6032, 6795, 6035, 6798, 6032, 6779, 6801, 6799, 6801, 6779, 6783, 6781, 6007, 6006, 6017, 6795, 6006,
            6800, 6799, 6802, 6800, 6662, 6601, 6800, 6803, 6662, 6687, 6662, 6803, 6687, 6803, 6804, 6804, 6680, 6687, 6802, 6803, 6800, 6802, 6805, 6803,
            6805, 6804, 6803, 6806, 6805, 6802, 6794, 6801, 6783, 6807, 6799, 6801, 6807, 6802, 6799, 6808, 6807, 6801, 6794, 6797, 6801, 6809, 6801, 6797,
            6801, 6809, 6810, 6810, 6808, 6801, 6802, 6807, 6811, 6806, 6802, 6811, 6807, 6808, 6811, 6811, 6812, 6806, 6813, 6811, 6808, 6813, 6808, 6810,
            6814, 6811, 6813, 6814, 6812, 6811, 6614, 6796, 6611, 6626, 6796, 6614, 6626, 6797, 6796, 6626, 6628, 6797, 6809, 6797, 6628, 6815, 6809, 6628,
            6813, 6810, 6815, 6815, 6810, 6809, 6664, 6815, 6628, 6628, 6657, 6664, 6816, 6815, 6664, 6816, 6664, 6663, 6817, 6818, 6813, 6818, 6814, 6813,
            6817, 6819, 6818, 6813, 6815, 6816, 6813, 6816, 6817, 6820, 6817, 6816, 6820, 6819, 6817, 6820, 6821, 6819, 6663, 6677, 6816, 6816, 6677, 6820,
            6820, 6677, 6821, 6682, 6821, 6677, 6677, 6676, 6682, 6681, 6721, 6682, 4675, 6785, 4482, 6822, 6790, 6785, 6790, 6786, 6785, 6785, 4675, 6823,
            6823, 6822, 6785, 6790, 6822, 6824, 6824, 6822, 6825, 4686, 4675, 4676, 6823, 4675, 4686, 4686, 4690, 6826, 6826, 4690, 4196, 6826, 4196, 6019,
            5983, 6019, 4196, 6790, 6827, 6791, 6828, 6075, 6791, 6828, 6791, 6827, 6827, 6790, 6824, 6829, 6828, 6827, 6830, 6828, 6829, 6829, 6827, 6824,
            6831, 6822, 6823, 6832, 6831, 6823, 6822, 6831, 6825, 6833, 6823, 4686, 6826, 6833, 4686, 6832, 6823, 6833, 6833, 6826, 6834, 6834, 6832, 6833,
            6832, 6834, 6835, 6835, 6834, 6836, 6835, 6831, 6832, 6834, 6826, 6019, 6834, 6019, 6836, 6825, 6829, 6824, 6837, 6825, 6831, 6837, 6831, 6835,
            6837, 6829, 6825, 6838, 6829, 6837, 6838, 6830, 6829, 6838, 6837, 6839, 6838, 6839, 6840, 6837, 6841, 6839, 5937, 6837, 6835, 5937, 6835, 6836,
            6836, 6019, 5881, 5908, 6836, 5881, 6837, 5937, 6841, 5936, 6841, 5937, 5936, 6842, 6841, 5908, 5937, 6836, 6842, 6839, 6841, 6054, 6063, 6049,
            6072, 6063, 6054, 6054, 6843, 6844, 6844, 6072, 6054, 6071, 6067, 6072, 6072, 6844, 6221, 6072, 6221, 6071, 6845, 6846, 6844, 6847, 6221, 6844,
            6846, 6847, 6844, 6224, 6221, 6847, 6261, 6847, 6846, 6224, 6847, 6261, 6053, 6075, 6828, 6848, 6053, 6828, 6054, 6053, 6848, 6843, 6054, 6848,
            6828, 6830, 6848, 6848, 6830, 6849, 6849, 6843, 6848, 6849, 6845, 6843, 6844, 6843, 6845, 6830, 6850, 6849, 6851, 6850, 6830, 6830, 6838, 6851,
            6845, 6849, 6850, 6852, 6845, 6850, 6851, 6838, 6840, 6840, 6853, 6851, 6839, 6853, 6840, 5953, 6853, 6839, 6854, 6850, 6851, 6854, 6852, 6850,
            6851, 6853, 6854, 6854, 6855, 6852, 6853, 5953, 5952, 6856, 6853, 5952, 5954, 5963, 5952, 5936, 5938, 6857, 6857, 6842, 5936, 5955, 6857, 5938,
            5955, 5973, 6857, 6842, 5953, 6839, 5954, 5953, 6842, 6842, 5973, 5954, 5973, 5961, 5954, 5973, 6842, 6857, 6852, 6846, 6845, 6855, 6846, 6852,
            6846, 6855, 6858, 6856, 6855, 6854, 6858, 6261, 6846, 6273, 6261, 6858, 5963, 5954, 5961, 5972, 5961, 5973, 5961, 5972, 5962, 5962, 5927, 5975,
            5927, 5962, 5928, 5978, 5928, 5972, 5962, 5972, 5928, 6854, 6853, 6856, 6858, 6855, 6856, 6858, 6856, 6859, 5963, 6856, 5952, 6856, 5963, 5975,
            5975, 6859, 6856, 6273, 6858, 6859, 6273, 6859, 6435, 6439, 6859, 6440, 6440, 6859, 5975, 6439, 6435, 6859, 5975, 5927, 6440, 4188, 5983, 4185,
            4188, 5988, 5983, 5983, 5988, 6860, 5983, 6860, 5882, 5882, 6019, 5983, 6860, 5988, 5998, 5998, 5882, 6860, 4722, 4721, 5870, 5870, 6013, 5997,
            6013, 5870, 4628, 6013, 4628, 5867, 4780, 4777, 4778, 6861, 6862, 6863, 6864, 6863, 6862, 6865, 6866, 6867, 6868, 6869, 6870, 6868, 6871, 6869,
            6871, 6868, 6872, 6871, 6861, 6869, 6869, 6861, 6863, 6873, 6861, 6871, 6871, 6872, 6873, 6874, 6865, 6114, 6113, 6874, 6114, 6117, 6874, 6113,
            6875, 6872, 6868, 6132, 6872, 6875, 6872, 6132, 6876, 6131, 6876, 6132, 6132, 6875, 6133, 6114, 6865, 6873, 6876, 6873, 6872, 6876, 6114, 6873,
            6114, 6876, 6112, 6876, 6131, 6112, 6424, 6472, 6429, 4780, 4778, 6877, 6862, 6878, 6534, 6864, 6862, 6534, 6534, 6533, 6864, 6536, 6531, 6534,
            6879, 6869, 6880, 6869, 6879, 6870, 6881, 6869, 6863, 6880, 6869, 6881, 6546, 6879, 6880, 6882, 6880, 6881, 6546, 6880, 6542, 6882, 6542, 6880,
            6879, 6883, 6870, 6883, 6884, 6870, 6546, 6883, 6879, 6870, 6884, 6868, 6884, 6883, 6885, 6885, 6883, 6546, 6538, 6881, 6863, 6538, 6863, 6864,
            6881, 6538, 6539, 6881, 6539, 6882, 6864, 6533, 6538, 6882, 6539, 6542, 6885, 6546, 6554, 6886, 6557, 6562, 6562, 6887, 6886, 6887, 6888, 6886,
            6886, 6556, 6557, 6889, 6556, 6886, 6889, 6886, 6888, 6888, 6890, 6889, 6891, 6884, 6885, 6892, 6891, 6885, 6875, 6893, 6133, 6875, 6891, 6893,
            6893, 6572, 6133, 6894, 6893, 6892, 6893, 6574, 6572, 6574, 6893, 6894, 6892, 6885, 6554, 6894, 6892, 6554, 6556, 6894, 6554, 6895, 6894, 6556,
            6889, 6895, 6556, 6895, 6889, 6896, 6585, 6894, 6895, 6574, 6894, 6585, 6592, 6895, 6896, 6897, 6898, 6896, 6585, 6895, 6592, 6592, 6896, 6898,
            6896, 6889, 6890, 6896, 6890, 6897, 6878, 6862, 6899, 6900, 6899, 6862, 6862, 6861, 6900, 6866, 6900, 6867, 6861, 6867, 6900, 6867, 6861, 6873,
            6865, 6867, 6873, 6875, 6868, 6891, 6868, 6884, 6891, 6893, 6891, 6892, 6901, 6902, 6903, 6904, 6905, 6906, 6907, 6908, 6909, 6910, 6911, 6912,
            5744, 5745, 5743, 5743, 5745, 6913, 6914, 6901, 6915, 6916, 4896, 4895, 6917, 6918, 6919, 6920, 6921, 6922, 6923, 6924, 6925, 6922, 6921, 6926,
            6922, 6926, 6927, 6928, 6929, 6930, 6916, 6931, 6932, 6927, 6926, 6933, 6927, 6934, 6935, 6934, 6927, 6933, 6936, 6937, 6938, 6939, 6928, 6930,
            6935, 6934, 6940, 6941, 6942, 6930, 6943, 6937, 6936, 6944, 6945, 6913, 6946, 6929, 6947, 6944, 6913, 6948, 6949, 6950, 6951, 6952, 6953, 6954,
            6955, 6956, 6948, 6957, 6958, 6959, 6960, 6948, 6956, 6955, 6922, 6956, 6961, 6959, 6962, 6963, 6964, 6965, 6954, 6966, 6962, 6967, 6968, 6969,
            6970, 6951, 6971, 6092, 6972, 6105, 6970, 6973, 6974, 6917, 6975, 6918, 6975, 6917, 6976, 6973, 6970, 6976, 6977, 6978, 6972, 6977, 6972, 6960,
            6979, 5298, 6980, 6981, 6982, 6979, 6976, 6983, 6973, 6960, 6935, 6977, 6983, 6976, 6984, 6985, 6986, 6987, 6981, 6988, 6982, 6979, 6980, 6981,
            6989, 6990, 6991, 6992, 6993, 6994, 6995, 6911, 6910, 6996, 6997, 6998, 6999, 7000, 7001, 7002, 7003, 7004, 6984, 7005, 7003, 7003, 6983, 6984,
            6933, 6985, 7006, 7002, 6983, 7003, 7007, 7008, 7009, 7010, 6983, 7002, 7011, 7009, 7012, 7013, 7014, 7015, 7015, 7014, 7016, 7008, 7007, 7017,
            7018, 7019, 6940, 7020, 7017, 7007, 7021, 7022, 7006, 7016, 6999, 7015, 7022, 7023, 7024, 7025, 7016, 7026, 7027, 7024, 7023, 7023, 7021, 7028,
            7029, 7030, 7031, 7032, 6995, 7033, 7033, 6995, 6910, 7034, 7035, 7036, 7034, 7036, 7037, 7038, 7039, 6996, 7028, 7040, 7041, 7042, 6959, 7043,
            7031, 7035, 7034, 6961, 7043, 6959, 7044, 7026, 7045, 7046, 7047, 7048, 7049, 7050, 7051, 7040, 7052, 7041, 7031, 7034, 7053, 7054, 7055, 7056,
            7057, 7053, 7034, 7029, 7031, 7053, 7058, 7059, 7060, 7061, 7060, 7059, 7059, 7051, 7061, 7030, 7029, 7062, 7063, 7064, 7065, 7065, 7066, 7067,
            7068, 7069, 7070, 7071, 7056, 7072, 7073, 7074, 7075, 7076, 7054, 7071, 7074, 7077, 7078, 7079, 7048, 7047, 7080, 7081, 7054, 7082, 7083, 6915,
            7075, 7084, 7085, 7086, 6943, 7087, 7088, 7084, 7075, 7089, 7090, 6903, 7088, 7091, 7092, 7093, 7094, 7088, 7093, 7088, 7092, 7095, 7096, 7097,
            7098, 7097, 7096, 7099, 7100, 7101, 6949, 7093, 6950, 7102, 7101, 7082, 7103, 7104, 7098, 7105, 7104, 7103, 7106, 7100, 7099, 7107, 7103, 7108,
            7109, 7110, 7107, 7110, 7109, 7111, 7112, 7113, 7114, 7115, 6907, 6909, 7116, 7117, 7118, 4778, 5637, 6877, 7119, 7120, 7121, 7019, 7079, 7047,
            7122, 7117, 7123, 7124, 7125, 7126, 5649, 5651, 5640, 7127, 7128, 7125, 7129, 7130, 7131, 7130, 7129, 7121, 7124, 7132, 7125, 7127, 7125, 7132,
            7122, 7123, 7133, 7134, 5640, 5651, 7134, 5651, 7135, 7136, 7127, 7132, 7137, 7116, 7118, 7120, 7130, 7121, 7138, 5651, 5653, 7139, 7128, 7127,
            7138, 7140, 5651, 7136, 7139, 7127, 5651, 7140, 7135, 7125, 7141, 7142, 7143, 7144, 7118, 7143, 7118, 7122, 7119, 7145, 7120, 5664, 1948, 3754,
            7143, 7122, 7133, 3754, 7146, 5664, 7147, 7141, 7128, 7148, 7149, 7150, 7149, 7151, 7150, 7152, 7141, 7147, 7146, 3754, 7153, 7153, 3754, 3736,
            7154, 7151, 7155, 7155, 7151, 7149, 7156, 7155, 7149, 7153, 3736, 3776, 7133, 7123, 7157, 7156, 7149, 7148, 7158, 7156, 7148, 7159, 7160, 7152,
            7152, 7147, 7159, 7133, 7157, 7161, 7128, 7141, 7125, 7162, 7155, 7156, 7146, 5669, 5664, 7163, 7154, 7155, 7162, 7163, 7155, 7164, 7147, 7165,
            7146, 7153, 7166, 7167, 7162, 7168, 7169, 7147, 7128, 7169, 7128, 7139, 7162, 7167, 7163, 7170, 7163, 7167, 7166, 7153, 7171, 7161, 7157, 7172,
            7147, 7169, 7165, 7172, 7157, 7173, 7162, 7156, 7168, 7174, 7172, 7173, 7175, 7176, 7177, 7156, 7158, 7175, 7168, 7156, 7175, 7178, 7172, 7174,
            7147, 7164, 7159, 7179, 7175, 7177, 7180, 7181, 7182, 7179, 7168, 7175, 7183, 7184, 6116, 7185, 7184, 7183, 7171, 3776, 7186, 7184, 7185, 7187,
            7178, 7182, 7172, 7186, 3773, 3783, 7186, 3776, 3773, 7176, 7158, 7188, 7189, 7187, 6978, 7175, 7158, 7176, 7187, 7190, 7184, 7191, 7182, 7178,
            7190, 7187, 7189, 7192, 7190, 7189, 7193, 7163, 7170, 3783, 7194, 7186, 7170, 7167, 7168, 7184, 7195, 6117, 7196, 7193, 7170, 7186, 7197, 7171,
            7184, 6117, 6116, 7119, 7121, 7198, 7198, 7121, 7193, 7198, 7193, 7196, 6123, 6109, 6103, 6123, 6103, 6978, 7161, 7143, 7133, 7186, 7194, 7199,
            7199, 7197, 7186, 7181, 7143, 7161, 6978, 7185, 6123, 7200, 7197, 7199, 7181, 7161, 7182, 7201, 7168, 7179, 6123, 6116, 6122, 7183, 6116, 6123,
            7185, 7183, 6123, 7185, 6978, 7187, 7153, 3776, 7171, 7202, 7179, 7203, 7201, 7179, 7202, 7166, 7171, 7204, 7168, 7201, 7205, 7206, 7207, 7047,
            7204, 7171, 7197, 7192, 7046, 7208, 7209, 7210, 7211, 7206, 7189, 7207, 7206, 7192, 7189, 7212, 7202, 7213, 7214, 7119, 7198, 7190, 7192, 7208,
            7046, 7192, 7206, 7215, 7198, 7196, 7215, 7214, 7198, 7209, 7211, 7216, 7119, 7214, 7217, 7217, 7214, 7215, 7047, 7046, 7206, 5669, 7146, 7218,
            5669, 5678, 5670, 7211, 7219, 7216, 7218, 5678, 5669, 7205, 7201, 7202, 7046, 7220, 7208, 7221, 7216, 7219, 7222, 7146, 7166, 7046, 7132, 7220,
            7046, 7136, 7132, 7218, 7146, 7222, 7221, 7223, 7216, 7212, 7205, 7202, 7224, 7218, 7222, 7136, 7046, 7048, 7225, 7136, 7048, 7139, 7136, 7225,
            7139, 7225, 7169, 7169, 7225, 7165, 5678, 7218, 7224, 7226, 5217, 5678, 7227, 6680, 6804, 7228, 7229, 7230, 7231, 7079, 7024, 7224, 7222, 7232,
            7233, 7228, 7230, 7232, 7234, 7224, 7235, 7236, 7227, 7237, 7024, 7027, 7237, 7231, 7024, 7238, 7235, 7227, 7230, 7229, 7239, 7239, 7240, 7230,
            7235, 7238, 7241, 6805, 7242, 6804, 7048, 7079, 7231, 7200, 7199, 7243, 6804, 7238, 7227, 7242, 7238, 6804, 7222, 7166, 7204, 6806, 7242, 6805,
            7244, 7231, 7237, 7204, 7232, 7222, 7245, 7230, 7240, 7237, 7066, 7064, 7204, 7197, 7200, 7233, 7230, 7245, 7052, 7040, 7056, 7204, 7200, 7246,
            7056, 7055, 7052, 7246, 7200, 7243, 7247, 7055, 7081, 7246, 7232, 7204, 7235, 7241, 7248, 7233, 7249, 7173, 7027, 7052, 7250, 7027, 7041, 7052,
            7249, 7233, 7245, 7250, 7237, 7027, 7237, 7250, 7066, 7241, 7251, 7248, 7252, 7249, 7245, 7253, 7232, 7246, 7254, 7255, 7245, 7251, 7256, 7248,
            7252, 7245, 7255, 7055, 7250, 7052, 7055, 7066, 7250, 7066, 7055, 7067, 7210, 7240, 7239, 7194, 3783, 3869, 7194, 3869, 7257, 7258, 7251, 7241,
            7247, 7067, 7055, 7209, 7240, 7210, 7240, 7209, 7254, 7240, 7254, 7245, 7194, 7257, 7259, 7260, 7164, 7165, 7261, 7164, 7260, 3870, 7257, 3869,
            7244, 7237, 7063, 7063, 7237, 7064, 3870, 3879, 7262, 7262, 7257, 3870, 7263, 7159, 7261, 7251, 7258, 7264, 7261, 7159, 7164, 7261, 7265, 7263,
            7199, 7194, 7259, 7266, 7265, 7261, 7263, 7265, 7267, 6812, 6814, 7268, 7269, 6812, 7268, 7254, 7209, 7223, 7223, 7209, 7216, 6812, 7269, 7270,
            7066, 7065, 7064, 7199, 7259, 7271, 6924, 7065, 7067, 7174, 7173, 7249, 7259, 7257, 7272, 7273, 7065, 6924, 7272, 7257, 7262, 7274, 7272, 7262,
            7247, 6924, 7067, 7271, 7259, 7272, 7271, 7272, 7275, 7275, 7272, 7274, 6812, 7242, 6806, 7174, 7249, 7276, 7275, 7274, 7277, 7178, 7174, 7276,
            7276, 7249, 7252, 3879, 3835, 7278, 7270, 7242, 6812, 7270, 7238, 7242, 7262, 3879, 7278, 7273, 6924, 6923, 7279, 7238, 7270, 7278, 3835, 7280,
            7273, 6923, 6964, 7280, 3835, 3833, 7281, 7252, 7255, 7279, 7241, 7238, 7278, 7274, 7262, 7241, 7279, 7258, 7244, 7048, 7231, 7225, 7048, 7244,
            7274, 7278, 7282, 7260, 7225, 7244, 7260, 7165, 7225, 7282, 7278, 7280, 7283, 7264, 7258, 7260, 7266, 7261, 7284, 7283, 7258, 7285, 7282, 7280,
            7266, 7260, 7063, 7063, 7260, 7244, 7286, 7279, 7270, 7281, 7276, 7252, 7287, 7282, 7285, 7276, 7281, 7288, 7284, 7279, 7286, 7284, 7258, 7279,
            7243, 7199, 7271, 7270, 7269, 7286, 7266, 7289, 7265, 7288, 7281, 7290, 7290, 7281, 7291, 7243, 7271, 7292, 7266, 7063, 7293, 7063, 7065, 7293,
            7294, 7283, 7284, 7254, 7223, 7255, 7293, 7289, 7266, 7295, 7294, 7284, 7292, 7271, 7275, 7296, 7255, 7223, 7273, 7293, 7065, 7297, 7248, 7256,
            7277, 7292, 7275, 7256, 7298, 7297, 7255, 7296, 7281, 6969, 7293, 7273, 7243, 7292, 7299, 7299, 7292, 7300, 5247, 6932, 6906, 7301, 7298, 7256,
            7300, 7292, 7277, 7300, 7277, 7302, 7303, 7301, 7256, 5242, 6912, 5246, 6912, 5242, 5247, 7256, 7251, 7264, 5247, 6905, 6912, 7223, 7221, 7304,
            7264, 7305, 7256, 7305, 7303, 7256, 7296, 7223, 7304, 7306, 7305, 7264, 7299, 7246, 7243, 7299, 7253, 7246, 6906, 6905, 5247, 7291, 7281, 7296,
            6910, 6912, 6905, 7307, 7303, 7305, 7277, 7274, 7282, 7277, 7282, 7308, 7308, 7309, 7277, 6910, 6905, 6904, 7310, 7301, 7303, 7311, 7291, 7312,
            7303, 7307, 7313, 7308, 7282, 7287, 7313, 7310, 7303, 7308, 7287, 7314, 7315, 7296, 7304, 7316, 6904, 6906, 7316, 6958, 6904, 7317, 7308, 7314,
            7312, 7291, 7296, 7312, 7296, 7315, 7309, 7308, 7317, 7302, 7277, 7309, 7283, 7306, 7264, 6932, 5247, 5241, 5241, 4896, 6932, 7307, 7305, 7306,
            7318, 7302, 7309, 7319, 7312, 7315, 7314, 7320, 7317, 6932, 4896, 6916, 7307, 7306, 7321, 7320, 7318, 7309, 7320, 7309, 7317, 7294, 7322, 7283,
            7283, 7322, 7306, 7226, 5678, 7323, 7083, 6965, 7324, 7325, 7008, 6916, 6916, 7008, 6931, 7324, 6965, 6964, 6953, 6931, 7008, 7306, 7322, 7321,
            5218, 5217, 7226, 7326, 7321, 7322, 7323, 5678, 7224, 7316, 6906, 6932, 6932, 6931, 7316, 7323, 7224, 7234, 7324, 6914, 6915, 7083, 7324, 6915,
            7313, 7307, 7321, 7321, 7327, 7313, 7226, 7328, 5218, 7328, 7226, 7323, 7329, 6904, 6958, 5218, 7328, 7330, 7327, 7331, 7313, 7331, 7332, 7313,
            7082, 6965, 7083, 7082, 7101, 6965, 7323, 7333, 7328, 7329, 6957, 7071, 7334, 6965, 7101, 7329, 6958, 6957, 7327, 7321, 7335, 7234, 7232, 7253,
            6915, 7336, 7082, 6953, 7008, 7017, 7335, 7321, 7326, 7333, 7234, 7337, 7017, 6954, 6953, 7336, 7338, 7082, 7020, 6954, 7017, 7327, 7339, 7331,
            7340, 7331, 7339, 6958, 7316, 6952, 7316, 6931, 6952, 6931, 6953, 6952, 7335, 7341, 7327, 7327, 7341, 7339, 7337, 7234, 7253, 6959, 6958, 6952,
            7337, 7253, 7342, 7323, 7234, 7333, 7301, 7343, 7298, 6962, 6959, 6952, 7301, 7344, 7343, 7345, 7328, 7333, 7310, 7344, 7301, 7336, 7086, 7087,
            7345, 7333, 7337, 6943, 6936, 7095, 7042, 6957, 6959, 7310, 7346, 7344, 6952, 6954, 6962, 7347, 7337, 7342, 7095, 7087, 6943, 7348, 7213, 7346,
            7349, 7346, 7310, 7349, 7348, 7346, 7097, 7087, 7095, 7350, 7330, 7328, 7350, 7328, 7345, 7310, 7313, 7332, 4982, 6982, 5288, 7332, 7349, 7310,
            7351, 7350, 7345, 6982, 7012, 5288, 7352, 7350, 7351, 7097, 7336, 7087, 7352, 7351, 7353, 7012, 6982, 6988, 6988, 7011, 7012, 7354, 7352, 7353,
            6818, 7268, 6814, 7345, 7337, 7355, 5298, 5004, 6980, 7345, 7355, 7351, 7086, 7336, 6915, 7347, 7355, 7337, 6982, 4982, 5009, 7356, 7355, 7347,
            6819, 7268, 6818, 5298, 6979, 5009, 6979, 6982, 5009, 7357, 7286, 7269, 7358, 7355, 7356, 7104, 7336, 7097, 7268, 7357, 7269, 7358, 7351, 7355,
            7358, 7353, 7351, 7100, 7334, 7101, 7359, 6819, 6821, 7354, 7353, 7360, 6988, 6981, 6997, 6998, 6997, 6981, 6819, 7359, 7268, 7361, 7358, 7356,
            7082, 7338, 7102, 7362, 6981, 6980, 7357, 7268, 7359, 7102, 7099, 7101, 7363, 6981, 7362, 7353, 7358, 7364, 7360, 7353, 7364, 7364, 7358, 7361,
            6981, 7363, 6998, 7011, 6988, 7365, 7366, 7357, 7359, 7367, 7299, 7300, 7099, 7102, 7368, 7360, 7369, 7354, 7370, 7286, 7357, 7342, 7253, 7299,
            7295, 7286, 7370, 7099, 7368, 7371, 7366, 7370, 7357, 7372, 7299, 7367, 7372, 7342, 7299, 7369, 7360, 7373, 7373, 7360, 7364, 7366, 7374, 7370,
            6988, 6997, 7365, 7104, 7097, 7098, 7347, 7342, 7372, 7375, 7295, 7370, 7369, 7363, 7362, 7369, 7376, 7363, 7377, 7347, 7372, 7374, 7375, 7370,
            7373, 7376, 7369, 7377, 7372, 7367, 7363, 7376, 6998, 7377, 7367, 7378, 7378, 7367, 7379, 7295, 7284, 7286, 7338, 7336, 7104, 6996, 6998, 7376,
            7039, 6997, 6996, 7380, 7102, 7338, 7379, 7300, 7302, 7367, 7300, 7379, 7338, 7104, 7380, 7104, 7105, 7380, 7379, 7302, 7318, 7381, 7359, 6821,
            7373, 7382, 6996, 6996, 7376, 7373, 7383, 7379, 7318, 7384, 7381, 6821, 4895, 5014, 6916, 6916, 5014, 7325, 7385, 7359, 7381, 7386, 7380, 7105,
            7387, 7383, 7318, 7102, 7380, 7368, 7388, 7385, 7381, 7387, 7318, 7320, 7389, 7387, 7320, 7390, 7366, 7385, 7390, 7374, 7366, 7378, 7379, 7383,
            7385, 7366, 7359, 7386, 7368, 7380, 7325, 5014, 7009, 5014, 5288, 7009, 7012, 7009, 5288, 6821, 6682, 7384, 7008, 7325, 7009, 7391, 7378, 7383,
            6721, 7384, 6682, 6721, 7388, 7384, 7381, 7384, 7388, 7107, 7386, 7105, 7103, 7107, 7105, 7391, 7383, 7387, 7388, 7390, 7385, 7392, 7390, 7388,
            7356, 7347, 7377, 7011, 7007, 7009, 7007, 7011, 7365, 7007, 7365, 7393, 7393, 7020, 7007, 7356, 7394, 7361, 7395, 7100, 7106, 7394, 7356, 7377,
            7396, 7377, 7378, 7394, 7377, 7396, 7374, 7397, 7375, 7099, 7371, 7106, 7394, 7396, 7398, 7399, 7020, 7049, 7020, 7393, 7050, 7375, 7397, 7400,
            7393, 7039, 7050, 7050, 7049, 7020, 7401, 7390, 7392, 6954, 7020, 6966, 7402, 7394, 7398, 7402, 7361, 7394, 7401, 7397, 7390, 7399, 6966, 7020,
            7403, 7361, 7402, 7404, 7405, 7397, 7397, 7401, 7404, 7365, 7039, 7393, 7039, 7365, 6997, 7406, 7405, 7404, 7397, 7374, 7390, 7407, 7096, 7095,
            7405, 7400, 7397, 7387, 7408, 7391, 7375, 7409, 7295, 7410, 7096, 7407, 7411, 7409, 7375, 7295, 7412, 7294, 7043, 6961, 7413, 7396, 7378, 7391,
            7294, 7412, 7322, 7089, 7043, 7413, 7410, 7414, 7096, 7399, 6962, 6966, 7096, 7414, 7098, 7415, 7396, 7391, 6962, 7399, 6961, 7412, 7326, 7322,
            7416, 7415, 7391, 7413, 6961, 7399, 7415, 7417, 7398, 7398, 7396, 7415, 7410, 7144, 7181, 7418, 7326, 7412, 7402, 7398, 7417, 7419, 7418, 7412,
            7417, 7415, 7420, 7412, 7295, 7409, 7417, 7420, 7421, 7420, 7415, 7416, 7411, 7422, 7409, 7058, 7090, 7413, 7419, 7412, 7409, 7420, 7416, 7423,
            7421, 7420, 7423, 7058, 6938, 7090, 7422, 7419, 7409, 7098, 7414, 7424, 7425, 7280, 3833, 7425, 3833, 4016, 7181, 7414, 7410, 7414, 7181, 7180,
            7418, 7335, 7326, 7403, 7364, 7361, 7424, 7414, 7180, 7382, 7364, 7403, 7426, 7341, 7335, 7382, 7373, 7364, 7425, 4016, 7427, 7382, 7403, 7428,
            7429, 7403, 7402, 7430, 7425, 7427, 7339, 7341, 7431, 7424, 7103, 7098, 7426, 7431, 7341, 7428, 7403, 7429, 7418, 7426, 7335, 7103, 7424, 7108,
            7418, 7419, 7432, 7432, 7426, 7418, 7424, 7191, 7108, 7427, 4016, 4021, 7424, 7180, 7182, 7424, 7182, 7191, 7382, 7433, 6996, 7433, 7382, 7428,
            7428, 7434, 7433, 7435, 7429, 7436, 4021, 4022, 7437, 7429, 7435, 7428, 7178, 7438, 7191, 7437, 4022, 4035, 7434, 7428, 7435, 7437, 7439, 4021,
            7429, 7402, 7417, 7427, 4021, 7439, 7427, 7439, 7440, 7400, 7411, 7375, 7441, 7429, 7417, 7436, 7429, 7441, 7427, 7440, 7442, 7400, 7422, 7411,
            7441, 7417, 7421, 7422, 7443, 7444, 7440, 7439, 7437, 7445, 7368, 7386, 7446, 7400, 7405, 7406, 7446, 7405, 7447, 7436, 7441, 7448, 7400, 7446,
            7449, 7430, 7427, 7449, 7427, 7442, 7447, 7441, 7450, 7447, 7435, 7436, 7451, 7435, 7447, 7110, 7445, 7386, 7400, 7443, 7422, 7450, 7441, 7421,
            7452, 7449, 7442, 7421, 7453, 7450, 7448, 7443, 7400, 7454, 7442, 7440, 7452, 7442, 7454, 7110, 7386, 7107, 7455, 7452, 7454, 7456, 7457, 7443,
            7455, 7454, 7458, 7051, 7050, 7459, 7051, 7459, 7460, 7461, 7452, 7455, 7462, 7456, 7443, 7051, 7460, 7061, 6970, 7463, 6951, 7285, 7280, 7425,
            7419, 7422, 7444, 7109, 6929, 7111, 7059, 7399, 7049, 7285, 7425, 7430, 7059, 7049, 7051, 7419, 7444, 7432, 7059, 7413, 7399, 7287, 7285, 7430,
            7443, 7457, 7444, 7058, 7413, 7059, 7464, 7432, 7444, 7314, 7287, 7465, 7444, 7457, 7464, 7038, 7050, 7039, 7466, 7464, 7457, 7050, 7038, 7459,
            7465, 7287, 7430, 7465, 7430, 7449, 7456, 7466, 7457, 7459, 7038, 7433, 7459, 7433, 7434, 7467, 7465, 7449, 7468, 7466, 7456, 7469, 7468, 7456,
            7433, 7038, 6996, 7314, 7470, 7320, 7113, 7371, 7115, 7470, 7314, 7465, 7371, 7113, 7106, 7211, 7471, 7472, 7320, 7470, 7473, 7472, 7219, 7211,
            7371, 7368, 7115, 7470, 7465, 7467, 7434, 7460, 7459, 7115, 7368, 7445, 7130, 7474, 7471, 7434, 7475, 7460, 7467, 7476, 7470, 7473, 7470, 7476,
            7477, 7474, 7478, 7434, 7435, 7451, 7472, 7471, 7474, 7477, 7472, 7474, 7449, 7452, 7467, 7058, 7060, 7479, 7480, 7219, 7472, 6938, 7058, 7479,
            7481, 7112, 7114, 7461, 7467, 7452, 7113, 7115, 7114, 7114, 7115, 6909, 7060, 7061, 7482, 4035, 4022, 4023, 7475, 7061, 7460, 6907, 7115, 7445,
            7061, 7475, 7482, 7480, 7472, 7477, 7482, 7479, 7060, 7437, 4035, 7483, 7479, 7484, 6938, 7485, 4035, 4034, 7486, 7480, 7477, 7485, 4034, 4036,
            7478, 7130, 7120, 7478, 7474, 7130, 7487, 7479, 7482, 7487, 7482, 7137, 7110, 6907, 7445, 7487, 7484, 7479, 7437, 7483, 7488, 7487, 7407, 7484,
            7111, 6907, 7110, 7437, 7488, 7440, 7451, 7475, 7434, 7478, 7120, 7145, 7483, 7485, 7489, 7145, 7490, 7478, 7483, 4035, 7485, 7490, 7145, 7491,
            7475, 7492, 7482, 7493, 7481, 7114, 7489, 7485, 7494, 7495, 7490, 7491, 7451, 7492, 7475, 7496, 7481, 7493, 7497, 7483, 7489, 7488, 7483, 7497,
            7451, 7447, 7492, 7492, 7447, 7450, 7492, 7450, 7116, 7498, 7477, 7478, 7494, 4036, 3974, 7499, 7477, 7498, 7486, 7477, 7499, 7493, 7114, 6909,
            6908, 7493, 6909, 7498, 7478, 7490, 7498, 7490, 7495, 7493, 6908, 7500, 7495, 7501, 7498, 7502, 3974, 3973, 7492, 7137, 7482, 7494, 3974, 7502,
            7503, 7494, 7502, 7504, 7501, 7505, 7116, 7137, 7492, 7506, 7221, 7219, 7496, 7493, 7507, 7507, 7493, 7508, 7506, 7219, 7480, 7304, 7221, 7506,
            6904, 7033, 6910, 6919, 7493, 7500, 7072, 7033, 6904, 7329, 7072, 6904, 7509, 7503, 7502, 7506, 7480, 7486, 7494, 7485, 4036, 7071, 7072, 7329,
            6919, 7500, 6917, 7510, 7506, 7486, 7510, 7486, 7511, 6957, 7076, 7071, 7512, 7496, 7507, 7042, 7076, 6957, 7513, 7506, 7510, 7514, 7494, 7503,
            6971, 7512, 7508, 7511, 7513, 7510, 7056, 7071, 7054, 7508, 7512, 7507, 7454, 7440, 7458, 7458, 7440, 7488, 7515, 7513, 7511, 7493, 6919, 7508,
            6918, 7508, 6919, 7055, 7054, 7081, 7331, 7516, 7332, 6918, 6970, 7508, 7340, 7516, 7331, 7076, 7042, 7054, 7080, 7054, 7042, 6908, 6907, 6928,
            7497, 7458, 7488, 7111, 6928, 6907, 7431, 7340, 7339, 7431, 7517, 7340, 7518, 7458, 7497, 7500, 6908, 6928, 7519, 7517, 7431, 6939, 7500, 6928,
            6925, 7247, 7081, 7081, 7080, 6902, 6902, 6925, 7081, 7520, 7455, 7458, 7520, 7458, 7521, 7080, 7042, 7089, 7522, 7517, 7519, 6929, 6928, 7111,
            6903, 7080, 7089, 7080, 6903, 6902, 7499, 7511, 7486, 7521, 7458, 7518, 7523, 7511, 7499, 7523, 7499, 7524, 6939, 6942, 7525, 7518, 7526, 7521,
            7498, 7524, 7499, 7501, 7524, 7498, 7043, 7089, 7042, 7524, 7501, 7504, 6939, 6917, 7500, 6939, 7525, 6917, 7413, 7090, 7089, 7527, 7524, 7504,
            7494, 7514, 7489, 7518, 7489, 7514, 7518, 7497, 7489, 7528, 7524, 7527, 7528, 7527, 7529, 6930, 6942, 6939, 6902, 7530, 6925, 7531, 7511, 7523,
            7531, 7523, 7532, 7518, 7514, 7533, 7503, 7533, 7514, 7503, 7509, 7533, 7524, 7528, 7523, 7534, 7523, 7528, 7532, 7523, 7534, 7108, 7191, 7535,
            7536, 7533, 7509, 7530, 6902, 6901, 7536, 7509, 7537, 7534, 7538, 7532, 7531, 7532, 7539, 7539, 7532, 7538, 7540, 7518, 7533, 7315, 7304, 7506,
            6924, 7247, 6925, 7540, 7533, 7536, 7540, 7526, 7518, 7513, 7315, 7506, 7288, 7535, 7438, 7315, 7513, 7319, 7535, 7191, 7438, 6914, 6925, 7530,
            6964, 6923, 7324, 6923, 6925, 7324, 6914, 7324, 6925, 7348, 7212, 7213, 7536, 7537, 7541, 6901, 6914, 7530, 7542, 7212, 7348, 7461, 7455, 7520,
            7520, 7543, 7461, 7544, 7288, 7290, 7290, 7545, 7544, 7546, 7543, 7520, 6937, 6903, 7090, 6937, 6901, 6903, 7547, 7217, 7215, 7212, 7542, 7547,
            7535, 7288, 7544, 7389, 7473, 7476, 7548, 7544, 7545, 7389, 7320, 7473, 6938, 6937, 7090, 7549, 7107, 7108, 7215, 7212, 7547, 7549, 7108, 7535,
            6901, 6937, 6943, 7550, 7476, 7467, 6943, 7086, 6901, 7551, 7389, 7476, 7349, 7516, 7348, 7349, 7332, 7516, 7551, 7476, 7550, 7348, 7516, 7542,
            6915, 6901, 7086, 7549, 7109, 7107, 7542, 7516, 7552, 7544, 7549, 7535, 6936, 6938, 7484, 7548, 7109, 7549, 7552, 7547, 7542, 7408, 7387, 7389,
            7549, 7544, 7548, 7095, 6936, 7484, 7553, 7547, 7552, 7408, 7389, 7554, 7109, 7548, 6929, 7145, 7119, 7217, 7491, 7145, 7217, 7389, 7551, 7555,
            7555, 7554, 7389, 7553, 7495, 7547, 7550, 7467, 7461, 7311, 7290, 7291, 7556, 6562, 6545, 7557, 7516, 7340, 7551, 7550, 7461, 7556, 6887, 6562,
            7557, 7552, 7516, 7558, 6887, 7556, 7552, 7557, 7553, 7559, 7311, 7319, 7557, 7340, 7517, 7159, 7560, 7160, 7561, 7557, 7517, 7543, 7551, 7461,
            7562, 7551, 7543, 7563, 7562, 7543, 7555, 7551, 7562, 7564, 7560, 7565, 7566, 7562, 7563, 7557, 7505, 7553, 7529, 7505, 7557, 7548, 6947, 6929,
            7557, 7561, 7529, 7546, 7563, 7543, 7567, 7568, 7569, 7548, 7545, 6947, 7522, 7561, 7517, 7570, 7567, 7571, 7545, 7572, 6947, 7561, 7522, 7529,
            7571, 7567, 7573, 7538, 7529, 7522, 7416, 7391, 7408, 7574, 7416, 7408, 7575, 7571, 7576, 7575, 7576, 7577, 7568, 7567, 7578, 6946, 6930, 6929,
            7567, 7579, 7578, 7431, 7426, 7580, 7570, 7579, 7567, 6947, 7572, 6946, 7554, 7555, 7581, 7574, 7408, 7554, 7582, 7565, 7583, 7580, 7519, 7431,
            7584, 7554, 7581, 7554, 7584, 7574, 7585, 6592, 6898, 7423, 7416, 7574, 7585, 6588, 6592, 6930, 6946, 7586, 7572, 7586, 6946, 7423, 7574, 7587,
            7580, 7588, 7519, 7586, 7572, 7559, 7585, 6898, 7589, 7590, 7591, 7423, 7590, 7423, 7587, 7426, 7432, 7580, 6898, 7578, 7589, 7578, 7579, 7589,
            7580, 7432, 7592, 7587, 7574, 7584, 7593, 7580, 7592, 7579, 7594, 7589, 7595, 7587, 7584, 5675, 5218, 7330, 7581, 7555, 7562, 6600, 6588, 7585,
            7581, 7562, 7566, 7593, 7588, 7580, 7596, 6600, 7585, 7581, 7566, 7597, 7597, 7595, 7581, 7585, 7589, 7598, 5675, 7330, 7599, 7598, 7589, 7594,
            7511, 7531, 7515, 7598, 7596, 7585, 7600, 7566, 7563, 7601, 7531, 7539, 7602, 7515, 7531, 7571, 7575, 7570, 7602, 7531, 7603, 7599, 7330, 7350,
            5677, 5675, 7599, 5681, 5677, 7599, 7604, 7597, 7600, 7582, 7576, 7565, 7582, 7577, 7576, 7566, 7600, 7597, 7605, 7582, 7606, 7606, 7582, 7583,
            7577, 7582, 7605, 7607, 7522, 7519, 7607, 7538, 7522, 7605, 7575, 7577, 7608, 7570, 7575, 7609, 7605, 7606, 7584, 7581, 7595, 7588, 7607, 7519,
            7610, 7609, 7611, 7609, 7575, 7605, 7608, 7575, 7609, 7609, 7612, 7608, 7538, 7601, 7539, 5681, 7599, 7352, 7579, 7570, 7608, 7613, 7595, 7597,
            7613, 7597, 7614, 7594, 7579, 7608, 7614, 7597, 7604, 7350, 7352, 7599, 7607, 7588, 7615, 7615, 7588, 7616, 7616, 7588, 7593, 7609, 7610, 7612,
            7617, 7612, 7610, 7618, 7612, 7617, 7546, 7520, 7521, 7619, 7601, 7607, 7607, 7615, 7619, 7610, 7620, 7617, 7610, 7621, 7620, 7622, 7546, 7521,
            7608, 7612, 7594, 7546, 7622, 7623, 7036, 7598, 7594, 6970, 6971, 7508, 7618, 7594, 7612, 5004, 5681, 7624, 7037, 7594, 7618, 7622, 7521, 7526,
            7624, 6980, 5004, 7617, 7037, 7618, 7624, 5681, 7352, 6918, 6975, 6970, 7620, 7000, 7617, 7624, 7352, 7362, 6976, 6970, 6975, 7000, 7037, 7617,
            7352, 7354, 7362, 6917, 7005, 6976, 7005, 6984, 6976, 7263, 7560, 7159, 7565, 7560, 7263, 7563, 7546, 7623, 6974, 7463, 6970, 6980, 7624, 7362,
            7263, 7267, 7625, 7267, 7626, 7625, 7625, 7565, 7263, 7623, 7622, 7627, 7354, 7369, 7362, 6974, 6973, 6983, 7628, 6974, 6983, 7629, 7623, 7627,
            3852, 7630, 3847, 6963, 7273, 6964, 7631, 7540, 7632, 7525, 7005, 6917, 3890, 3883, 3235, 7631, 7526, 7540, 7631, 7622, 7526, 7627, 7622, 7631,
            7633, 3890, 3235, 7005, 7525, 7004, 7005, 7004, 7003, 6965, 7334, 6963, 7540, 7536, 7541, 7525, 6942, 7004, 7004, 6942, 6941, 7289, 7267, 7265,
            7267, 7289, 7626, 6441, 7633, 3235, 7540, 7541, 7632, 7625, 7626, 7634, 7625, 7634, 7635, 7634, 7626, 7289, 7293, 7634, 7289, 7627, 7631, 7632,
            7634, 7293, 6969, 7633, 7636, 3890, 7004, 7637, 7002, 7637, 7010, 7002, 6941, 7638, 7004, 7632, 7639, 7627, 7541, 7640, 7632, 7641, 7004, 7638,
            7635, 7565, 7625, 7635, 7583, 7565, 7637, 7004, 7641, 7639, 7632, 7640, 7642, 7583, 7635, 7643, 7633, 6441, 6453, 7643, 6441, 7642, 7635, 7634,
            7606, 7583, 7642, 7432, 7464, 7592, 7642, 7634, 6968, 7627, 7644, 7629, 6969, 6968, 7634, 7629, 7644, 7645, 7239, 7645, 7644, 7466, 7592, 7464,
            6968, 7646, 7642, 7643, 7636, 7633, 7647, 7648, 7592, 7592, 7466, 7647, 7649, 7627, 7639, 7648, 7593, 7592, 7611, 7606, 7642, 7649, 7644, 7627,
            7611, 7642, 7646, 6969, 7273, 6967, 7650, 7639, 7640, 6967, 7273, 6963, 7648, 7616, 7593, 7649, 7639, 7650, 7651, 7649, 7650, 6967, 6963, 7334,
            7468, 7647, 7466, 7628, 7647, 7468, 7644, 7649, 7210, 7652, 3899, 7636, 3899, 7652, 7653, 6968, 6967, 7654, 7210, 7239, 7644, 7655, 7656, 7648,
            7647, 7628, 7648, 7651, 7657, 7649, 7654, 6967, 7334, 7611, 7609, 7606, 7628, 6983, 7655, 7657, 7210, 7649, 7648, 7628, 7655, 7646, 6968, 7658,
            7210, 7657, 7211, 7211, 7657, 7651, 7656, 7616, 7648, 7611, 7659, 7610, 7641, 7660, 7637, 7661, 7660, 7641, 7010, 7637, 7660, 7662, 7611, 7646,
            7623, 7600, 7563, 7621, 7610, 7659, 3899, 3901, 3888, 7659, 7611, 7662, 7663, 7660, 7661, 7621, 7659, 7662, 7645, 7600, 7623, 7604, 7600, 7645,
            7660, 7663, 7664, 7665, 7662, 7646, 7645, 7623, 7629, 7646, 7014, 7665, 7666, 7664, 7663, 7636, 3899, 3890, 7014, 7646, 7658, 7616, 7656, 7664,
            7621, 7662, 7665, 7621, 7665, 7013, 7655, 6983, 7010, 7014, 7013, 7665, 7229, 7604, 7645, 7620, 7621, 7001, 7000, 7620, 7001, 7614, 7604, 7229,
            7667, 7621, 7013, 7015, 7667, 7013, 7228, 7614, 7229, 7001, 7621, 7667, 7001, 7667, 6999, 7668, 3901, 3899, 7667, 7015, 6999, 7655, 7664, 7656,
            7664, 7655, 7010, 7229, 7645, 7239, 7014, 7026, 7016, 7014, 7658, 7026, 7664, 7010, 7660, 7653, 7668, 3899, 5701, 5700, 7669, 6968, 7654, 7658,
            7515, 7319, 7513, 7395, 7670, 7654, 7670, 7658, 7654, 6453, 6484, 7643, 7395, 7654, 7100, 7654, 7334, 7100, 5701, 7669, 7671, 7672, 7319, 7515,
            5702, 5701, 7671, 7669, 7673, 7674, 7658, 7670, 7026, 7675, 7676, 7677, 7678, 7675, 7679, 7676, 7675, 7678, 7586, 7559, 7672, 7045, 7670, 7680,
            7681, 7636, 7643, 7682, 7679, 7675, 7677, 7674, 7675, 7672, 7515, 7683, 7671, 7669, 7674, 7638, 7672, 7683, 7680, 7670, 7395, 7671, 7674, 7677,
            7681, 7652, 7636, 7684, 7671, 7677, 7586, 6941, 6930, 5702, 7671, 7684, 7638, 6941, 7586, 7045, 7026, 7670, 7638, 7586, 7672, 7643, 6484, 7685,
            7686, 7677, 7676, 7638, 7683, 7687, 7684, 7677, 7686, 6999, 7077, 7000, 7687, 7641, 7638, 7641, 7687, 7661, 7682, 7688, 7689, 6705, 7685, 6484,
            7690, 7682, 7689, 7666, 7663, 7661, 7691, 7690, 7689, 7026, 7044, 7025, 7681, 7643, 7685, 7025, 7044, 7692, 7025, 6999, 7016, 6600, 6581, 6580,
            7025, 7692, 6999, 7691, 5720, 7693, 6999, 7692, 7077, 6581, 6600, 7596, 7692, 7044, 7078, 7679, 7682, 7690, 7678, 7679, 7693, 6593, 6581, 7596,
            7679, 7690, 7691, 7693, 7679, 7691, 7077, 7692, 7078, 7678, 7693, 7694, 7598, 7036, 7596, 5724, 7693, 5720, 7596, 7695, 6593, 5720, 5719, 5724,
            7695, 7596, 7696, 7696, 7596, 7036, 7106, 7680, 7395, 7113, 7680, 7106, 6581, 6593, 6583, 7694, 7693, 5724, 7678, 7697, 7676, 7112, 7680, 7113,
            7697, 7678, 7694, 6594, 6593, 7695, 7676, 7698, 7686, 7698, 7676, 7697, 7036, 7594, 7037, 7698, 7697, 7694, 7694, 7699, 7698, 7652, 7700, 7701,
            7652, 7701, 7653, 6990, 7694, 5724, 7078, 7044, 7702, 7044, 7045, 7702, 7702, 7045, 7112, 7112, 7703, 7702, 7702, 7703, 7704, 7685, 7705, 7681,
            7000, 7706, 7037, 7704, 7703, 7707, 7707, 7703, 7112, 5724, 5726, 6990, 7681, 7700, 7652, 7704, 7078, 7702, 7112, 7045, 7680, 6990, 5726, 6991,
            6991, 5726, 5727, 7705, 7700, 7681, 6912, 5727, 5246, 7700, 7705, 7708, 6594, 5959, 5924, 5959, 6594, 7709, 6991, 5727, 6911, 6912, 6911, 5727,
            7708, 7701, 7700, 7695, 7709, 6594, 7704, 7091, 7078, 7695, 7696, 7709, 7035, 7709, 7696, 7091, 7704, 7092, 7152, 7710, 7141, 7707, 7711, 7704,
            7707, 7112, 7712, 7713, 5959, 7030, 7481, 7712, 7112, 7711, 7707, 7712, 7711, 7712, 7481, 7714, 7701, 7708, 7030, 5959, 7709, 7481, 7496, 7711,
            6913, 5745, 6955, 7711, 7496, 7512, 5959, 7713, 6695, 7711, 7092, 7704, 7709, 7035, 7030, 7031, 7030, 7035, 7093, 7092, 6950, 5737, 5702, 7715,
            3852, 3851, 3940, 7715, 5702, 7684, 7092, 7711, 6950, 7034, 7037, 7706, 7512, 6950, 7711, 7696, 7036, 7035, 6950, 7512, 6971, 6950, 6971, 6951,
            7686, 7716, 7684, 7717, 3852, 3940, 7717, 3940, 7718, 7716, 7715, 7684, 7706, 7000, 7057, 7453, 7591, 7590, 7719, 3940, 3937, 7590, 7587, 7595,
            7595, 7720, 7590, 5745, 5737, 7721, 7057, 7000, 7077, 7721, 5737, 7715, 7721, 7722, 5745, 7057, 7034, 7706, 7722, 6955, 5745, 7723, 3940, 7719,
            7723, 7719, 7724, 7721, 7715, 7722, 7715, 6920, 7722, 7123, 7590, 7725, 7715, 7716, 6921, 7718, 3940, 7723, 7715, 6921, 6920, 7421, 7423, 7591,
            6921, 7716, 7726, 7453, 7421, 7591, 6729, 6721, 6718, 7727, 7723, 7724, 7718, 7723, 7728, 7727, 7728, 7723, 6922, 6955, 7722, 7722, 6920, 6922,
            7729, 6721, 6729, 7730, 7718, 7728, 6927, 6956, 6922, 7453, 7117, 7450, 7731, 7728, 7727, 7726, 6926, 6921, 7731, 7730, 7728, 7732, 6695, 7713,
            6926, 7726, 7733, 7734, 3901, 7668, 7117, 7453, 7123, 7734, 3903, 3901, 7453, 7590, 7123, 7713, 7062, 7732, 6761, 7732, 7062, 7030, 7062, 7713,
            7029, 7069, 7062, 7720, 7595, 7613, 7725, 7590, 7720, 7735, 7062, 7069, 7736, 7734, 7668, 6940, 6933, 7018, 6933, 6940, 6934, 7737, 7613, 7614,
            7737, 7614, 7228, 3903, 7734, 3947, 7736, 3947, 7734, 7233, 7737, 7228, 7738, 6729, 6725, 3949, 3947, 7736, 6761, 7738, 6725, 7720, 7613, 7737,
            6945, 4156, 5746, 7725, 7720, 7737, 6913, 5746, 5743, 6913, 6945, 5746, 7739, 6729, 7738, 6945, 5884, 4156, 7735, 7069, 7068, 7740, 3949, 7736,
            5884, 6945, 6086, 6729, 7739, 7729, 7739, 7741, 7729, 6086, 6945, 6944, 7157, 7123, 7725, 7737, 7157, 7725, 7742, 7736, 7668, 7735, 7739, 7738,
            7739, 7735, 7068, 7157, 7737, 7173, 7668, 7653, 7743, 7173, 7737, 7233, 7069, 7053, 7070, 7668, 7743, 7742, 6086, 6944, 6092, 7053, 7057, 7070,
            6948, 6092, 6944, 7484, 7407, 7095, 7070, 7057, 7073, 7736, 7742, 7740, 6948, 6913, 6955, 7070, 7073, 7085, 7407, 7487, 7137, 7144, 7407, 7137,
            7118, 7144, 7137, 7069, 7029, 7053, 7410, 7407, 7144, 7181, 7144, 7143, 7116, 7450, 7117, 3937, 3941, 3960, 7724, 3960, 3958, 7719, 3937, 3960,
            7719, 3960, 7724, 6092, 6948, 6972, 6972, 6948, 6960, 7744, 7068, 7070, 7068, 7744, 7745, 7068, 7745, 7739, 7746, 3961, 3949, 7744, 7070, 7747,
            7085, 7747, 7070, 7740, 7746, 3949, 7189, 6978, 6977, 6105, 5898, 6092, 7746, 7740, 7748, 7732, 6761, 6726, 7732, 6726, 6695, 6105, 6972, 6103,
            7738, 6761, 7062, 6978, 6103, 6972, 7735, 7738, 7062, 7749, 7740, 7742, 6960, 6956, 6935, 6927, 6935, 6956, 7749, 7748, 7740, 6977, 6935, 6940,
            7077, 7074, 7057, 6977, 6940, 7750, 7727, 7748, 7749, 7074, 7073, 7057, 7750, 7207, 6977, 7750, 7047, 7207, 7074, 7088, 7075, 6977, 7207, 7189,
            7073, 7075, 7085, 7751, 7743, 7653, 7074, 7078, 7088, 7088, 7078, 7091, 7750, 6940, 7047, 7653, 7701, 7751, 7019, 7047, 6940, 7716, 7686, 7698,
            7752, 7698, 7699, 7085, 7084, 7747, 7752, 7699, 7753, 7754, 7716, 7698, 7754, 7698, 7752, 7753, 6987, 7752, 6987, 7754, 7752, 7094, 7084, 7088,
            7699, 7694, 7753, 7753, 7694, 6990, 6990, 6989, 7753, 7755, 7747, 7084, 7756, 7701, 7714, 7756, 7757, 7701, 7701, 7757, 7751, 6987, 7753, 6992,
            7729, 7388, 6721, 7741, 7388, 7729, 7741, 7392, 7388, 7751, 7757, 7758, 6987, 6992, 6985, 6985, 6992, 7006, 7758, 7759, 7751, 7733, 7716, 7754,
            7716, 7733, 7726, 7754, 6987, 7733, 6987, 6986, 7733, 6986, 6926, 7733, 7739, 7745, 7741, 7741, 7401, 7392, 7741, 7760, 7401, 7757, 7761, 7758,
            6926, 6985, 6933, 6985, 6926, 6986, 7760, 7404, 7401, 7762, 7730, 7763, 7763, 7730, 7731, 6989, 6991, 6993, 7761, 7764, 7758, 7753, 6989, 6993,
            7406, 7404, 7747, 6994, 6993, 6995, 7745, 7760, 7741, 7753, 6993, 6992, 7760, 7745, 7744, 6911, 6993, 6991, 6995, 6993, 6911, 7759, 7742, 7743,
            7751, 7759, 7743, 7755, 7084, 7094, 7021, 7006, 6992, 7765, 7093, 7766, 7759, 7749, 7742, 7006, 7018, 6933, 7765, 7094, 7093, 7765, 7755, 7094,
            7767, 7755, 7765, 7448, 7765, 7766, 7759, 7768, 7749, 7767, 7446, 7406, 7019, 7018, 7024, 7443, 7448, 7462, 7079, 7019, 7024, 7448, 7767, 7765,
            7749, 7731, 7727, 7006, 7022, 7018, 7021, 7023, 7022, 7769, 7763, 7731, 7018, 7022, 7024, 7755, 7406, 7747, 7755, 7767, 7406, 7749, 7769, 7731,
            7768, 7769, 7749, 7093, 6949, 7766, 6994, 6995, 7032, 7764, 7759, 7758, 6994, 7021, 6992, 7021, 6994, 7028, 7768, 7759, 7764, 7028, 6994, 7032,
            7462, 7766, 6949, 7032, 7033, 7040, 7770, 7768, 7764, 7456, 7462, 7469, 7028, 7041, 7023, 7032, 7040, 7028, 7462, 7448, 7766, 7770, 7769, 7768,
            7462, 6949, 7469, 6951, 7469, 6949, 7072, 7056, 7033, 7040, 7033, 7056, 6951, 7463, 7469, 7771, 6640, 6644, 7469, 7463, 7468, 6974, 7468, 7463,
            7771, 6644, 7772, 7027, 7023, 7041, 7468, 6974, 7628, 6680, 7236, 6644, 7236, 7772, 6644, 7772, 7773, 7774, 7773, 7772, 7775, 7775, 7772, 7236,
            7227, 7236, 6680, 7235, 7775, 7236, 7776, 7775, 7235, 7776, 7235, 7248, 7248, 7297, 7776, 6705, 6484, 6481, 7685, 6705, 7771, 7771, 6705, 6640,
            7685, 7771, 7705, 7772, 7774, 7771, 7705, 7771, 7774, 7777, 7705, 7774, 7777, 7708, 7705, 7708, 7777, 7778, 7778, 7714, 7708, 7773, 7777, 7774,
            7777, 7773, 7778, 7779, 7778, 7773, 7776, 7773, 7775, 7773, 7776, 7779, 7780, 7779, 7776, 7297, 7780, 7776, 7778, 7756, 7714, 7756, 7761, 7757,
            7756, 7778, 7781, 7782, 7781, 7778, 7778, 7779, 7782, 7781, 7761, 7756, 7764, 7761, 7783, 7783, 7770, 7764, 7176, 7770, 7783, 7781, 7784, 7761,
            7784, 7783, 7761, 7785, 7784, 7781, 7783, 7784, 7176, 7176, 7784, 7177, 7176, 7188, 7770, 7782, 7779, 7780, 7786, 7782, 7780, 7782, 7787, 7781,
            7785, 7781, 7787, 7786, 7787, 7782, 7786, 7780, 7297, 7786, 7297, 7298, 7343, 7787, 7786, 7343, 7786, 7298, 7785, 7787, 7343, 7785, 7203, 7784,
            7203, 7177, 7784, 7203, 7179, 7177, 7785, 7343, 7344, 7344, 7213, 7785, 7346, 7213, 7344, 7203, 7785, 7213, 7202, 7203, 7213, 3973, 3969, 7788,
            7502, 3973, 7789, 7789, 3973, 7788, 3975, 7788, 3969, 7788, 3975, 7790, 7791, 7788, 7790, 7509, 7502, 7789, 7791, 7790, 7792, 7789, 7788, 7791,
            3975, 3847, 7630, 7790, 3975, 7630, 7790, 7630, 7792, 7717, 7630, 3852, 7793, 7794, 7792, 7791, 7792, 7794, 7793, 7630, 7795, 7630, 7717, 7795,
            7792, 7630, 7793, 7796, 7509, 7789, 7537, 7509, 7797, 7797, 7509, 7796, 7796, 7789, 7791, 7796, 7791, 7794, 7796, 7798, 7797, 7537, 7797, 7799,
            7799, 7797, 7798, 7799, 7798, 7800, 7801, 7541, 7537, 7801, 7537, 7799, 7802, 7794, 7793, 7798, 7794, 7802, 7798, 7796, 7794, 7803, 7798, 7802,
            7793, 7795, 7804, 7793, 7804, 7802, 7800, 7798, 7803, 7805, 7804, 7151, 7804, 7803, 7802, 7805, 7803, 7804, 7795, 7717, 7718, 7762, 7795, 7718,
            7762, 7150, 7795, 7150, 7804, 7795, 7150, 7762, 7806, 7762, 7718, 7730, 7762, 7763, 7769, 7804, 7150, 7151, 7150, 7806, 7807, 7148, 7150, 7807,
            7806, 7762, 7808, 7806, 7808, 7807, 7808, 7762, 7769, 7769, 7807, 7808, 7158, 7148, 7807, 7188, 7807, 7769, 7188, 7158, 7807, 7188, 7769, 7770,
            7809, 7799, 7800, 7799, 7810, 7801, 7810, 7799, 7809, 7640, 7541, 7801, 7810, 7640, 7801, 7811, 7640, 7810, 7809, 7131, 7810, 7800, 7803, 7805,
            7812, 7800, 7154, 7154, 7805, 7151, 7154, 7800, 7805, 7812, 7809, 7800, 7129, 7809, 7812, 7163, 7812, 7154, 7129, 7812, 7163, 7131, 7809, 7129,
            7650, 7640, 7811, 7651, 7650, 7811, 7811, 7810, 7131, 7813, 7811, 7131, 7131, 7130, 7813, 7651, 7811, 7813, 7211, 7651, 7471, 7651, 7813, 7471,
            7471, 7813, 7130, 7121, 7129, 7163, 7163, 7193, 7121, 7122, 7118, 7117, 7134, 5637, 5640, 5637, 7134, 6877, 7814, 6866, 6865, 7815, 6866, 7814,
            6874, 7814, 6865, 7814, 6874, 7195, 7126, 7142, 7814, 7816, 7817, 6877, 7816, 6877, 7134, 7125, 7142, 7126, 7814, 7195, 7126, 7161, 7172, 7182,
            7138, 7818, 7140, 7819, 7140, 7818, 7819, 7135, 7140, 6874, 6117, 7195, 7205, 7170, 7168, 7170, 7205, 7196, 7126, 7195, 7124, 7818, 7820, 7819,
            7190, 7124, 7195, 7819, 7821, 7135, 7821, 7819, 7820, 7205, 7215, 7196, 7205, 7212, 7215, 7134, 7822, 7816, 7822, 7134, 7135, 7124, 7220, 7132,
            7823, 7821, 7820, 7822, 7135, 7821, 7823, 7822, 7821, 7138, 5653, 5760, 5760, 7824, 7138, 7818, 7138, 7824, 7824, 7825, 7818, 5768, 7824, 5760,
            7190, 7195, 7184, 7208, 7124, 7190, 7825, 5774, 7826, 7825, 7824, 5768, 5774, 7825, 5768, 7124, 7208, 7220, 7818, 7825, 7820, 7823, 7820, 7825,
            7825, 7826, 7823, 7178, 7276, 7438, 7276, 7288, 7438, 7529, 7527, 7504, 7538, 7534, 7528, 7538, 7528, 7529, 7217, 7547, 7491, 7491, 7547, 7495,
            7501, 7495, 7505, 7553, 7505, 7495, 7504, 7505, 7529, 6878, 7827, 7828, 6878, 6536, 6534, 7828, 7827, 7829, 7829, 7827, 7830, 7545, 7290, 7311,
            6536, 6878, 7831, 6536, 7831, 6535, 7831, 6878, 7828, 7831, 7828, 7832, 6545, 6535, 7831, 7833, 7831, 7832, 6545, 7831, 7833, 7572, 7545, 7311,
            7828, 7829, 7832, 7832, 7829, 7833, 7834, 7833, 7829, 7319, 7311, 7312, 7835, 7834, 7829, 7559, 7572, 7311, 7601, 7603, 7531, 7836, 7830, 7837,
            7829, 7830, 7836, 7835, 7829, 7836, 7601, 7538, 7607, 7602, 7603, 7838, 6545, 7833, 7556, 7601, 7619, 7603, 7838, 7603, 7619, 7833, 7834, 7839,
            7839, 7834, 7835, 7833, 7839, 7556, 7558, 7556, 7839, 7666, 7619, 7615, 7666, 7838, 7619, 7839, 7840, 7558, 7841, 7835, 7836, 7839, 7835, 7841,
            7842, 7841, 7836, 7843, 7842, 7836, 7843, 7836, 7844, 7842, 7839, 7841, 7843, 7839, 7842, 7710, 7845, 7837, 7837, 7845, 7846, 7847, 7846, 7845,
            7846, 7836, 7837, 7844, 7836, 7846, 7848, 7844, 7846, 7666, 7615, 7664, 7615, 7616, 7664, 7160, 7847, 7845, 7560, 7848, 7847, 7846, 7847, 7848,
            7564, 7848, 7560, 7559, 7319, 7672, 7849, 6888, 6887, 7558, 7849, 6887, 7683, 7515, 7602, 7840, 7849, 7558, 7683, 7602, 7687, 7850, 7851, 7840,
            7851, 7849, 7840, 7838, 7687, 7602, 7852, 7849, 7851, 7851, 7568, 7852, 7850, 7843, 7844, 7853, 7850, 7844, 7687, 7838, 7661, 7850, 7839, 7843,
            7839, 7850, 7840, 7661, 7838, 7666, 7854, 7853, 7848, 7569, 7850, 7853, 7569, 7853, 7854, 7855, 7854, 7848, 7569, 7851, 7850, 7817, 4780, 6877,
            5857, 4780, 7817, 6890, 6888, 7849, 5857, 7817, 7856, 7849, 7852, 6890, 7856, 7817, 7816, 7816, 7857, 7856, 7560, 7847, 7160, 7858, 7855, 7564,
            7564, 7855, 7848, 5700, 5857, 7859, 7576, 7564, 7565, 7669, 7859, 7673, 7856, 7859, 5857, 7857, 7816, 7822, 7822, 7860, 7857, 7578, 7852, 7568,
            6897, 7852, 7578, 7856, 7857, 7861, 7860, 7861, 7857, 7860, 7822, 7823, 6898, 6897, 7578, 7859, 7856, 7861, 7859, 7861, 7673, 7861, 7675, 7673,
            7858, 7569, 7854, 7567, 7569, 7858, 7861, 7860, 7688, 7675, 7861, 7688, 7858, 7854, 7855, 7573, 7858, 7564, 7675, 7688, 7682, 7567, 7858, 7573,
            7568, 7851, 7569, 7859, 7669, 5700, 7571, 7573, 7564, 7571, 7564, 7576, 7674, 7673, 7675, 7862, 7826, 5774, 7689, 7862, 5774, 5774, 7691, 7689,
            7826, 7860, 7823, 7826, 7862, 7860, 7862, 7863, 7860, 7863, 7862, 7689, 7863, 7689, 7688, 5720, 7691, 5774, 7688, 7860, 7863, 7744, 7404, 7760,
            7744, 7747, 7404, 7767, 7448, 7446, 7724, 3958, 3961, 7724, 3961, 7746, 7142, 7815, 7814, 7746, 7748, 7724, 7852, 6897, 6890, 7748, 7727, 7724,
            7815, 7142, 7864, 7141, 7864, 7142, 7864, 7141, 7710, 7160, 7845, 7710, 7160, 7710, 7152, 7848, 7853, 7844, 6878, 6899, 7827, 6900, 7827, 6899,
            7865, 7827, 6900, 7830, 7827, 7865, 7830, 7865, 7837, 7815, 6900, 6866, 7815, 7865, 6900, 7864, 7865, 7815, 7710, 7837, 7865, 7710, 7865, 7864
        ]
        color3f[] primvars:displayColor = [(0.8, 0.8, 0.8)] (
            interpolation = "constant"
        )
    }
}
