# https://github.com/mikedh/trimesh

o right_index_2_visuals.obj
v 0.00005148 -0.01060041 0.00179926
v 0.00094422 -0.01060041 0.00153247
v 0.00044884 -0.01060042 0.00382006
v 0.00271219 -0.01060041 0.00467245
v 0.00335192 -0.01060042 0.00399503
v 0.00158395 -0.01060041 0.00085504
v 0.00424466 -0.01060041 0.00372823
v 0.00179927 -0.01060042 -0.00005149
v 0.00451436 -0.01060041 -0.00335554
v 0.00153247 -0.01060041 -0.00094422
v 0.00242653 -0.01060041 -0.00471567
v 0.00085504 -0.01060042 -0.00158395
v 0.00692753 -0.01060041 -0.00180675
v 0.00747348 -0.01060041 0.00577478
v 0.00609540 -0.01060042 0.00547600
v 0.00736870 -0.01060041 0.00657243
v 0.00588009 -0.01060041 0.00638253
v 0.00695809 -0.01060041 0.00726425
v 0.00524036 -0.01060041 0.00705996
v 0.00582861 -0.01060041 0.00458327
v 0.00515119 -0.01060042 0.00394354
v 0.00626762 -0.01060042 -0.00222084
v 0.00517726 -0.01060065 -0.00292116
v 0.00107875 -0.01060041 0.00454699
v 0.00129646 -0.01060042 0.00548391
v 0.00249688 -0.01060041 0.00557898
v 0.00149146 -0.01060041 0.00659226
v 0.00276367 -0.01060041 0.00647171
v 0.00208113 -0.01060042 0.00755078
v -0.00179926 -0.01060042 0.00005149
v -0.00342028 -0.01060041 -0.00074275
v -0.00158395 -0.01060041 -0.00085504
v -0.00283233 -0.01060041 -0.00205619
v -0.00094422 -0.01060041 -0.00153247
v -0.00176559 -0.01060041 -0.00302203
v -0.00005149 -0.01060041 -0.00179926
v -0.00040039 -0.01060041 -0.00347703
v 0.00102329 -0.01060041 -0.00364096
v 0.00001833 -0.01060041 0.00179991
v -0.00044757 -0.01060042 0.00347127
v -0.00085505 -0.01060042 0.00158395
v -0.00180647 -0.01060041 0.00299778
v -0.00153246 -0.01060041 0.00094422
v -0.00285999 -0.01060041 0.00201754
v -0.00343005 -0.01060041 0.00069624
v 0.00298250 -0.01060042 0.00822458
v 0.00344110 -0.01060041 0.00711145
v 0.00406872 -0.01060041 0.00851886
v 0.00149318 -0.01060041 -0.00382285
v 0.00181473 -0.01060042 -0.00421076
v 0.00190631 -0.01060041 -0.00470623
v 0.00202868 -0.01060042 -0.00495933
v 0.00188258 -0.01060042 -0.00503588
v 0.00431448 -0.01060041 0.00732740
v 0.00434763 -0.01060041 0.00732676
v 0.00518695 -0.01060041 0.00839218
v 0.00614785 -0.01060041 0.00794651
v 0.00005148 -0.00160041 0.00179926
v -0.00085505 -0.00160041 0.00158395
v -0.00180647 -0.00160041 0.00299777
v -0.00285999 -0.00160041 0.00201754
v -0.00153246 -0.00160041 0.00094422
v -0.00343005 -0.00160041 0.00069624
v -0.00179926 -0.00160042 0.00005149
v -0.00342028 -0.00160042 -0.00074275
v 0.00249688 -0.00160042 0.00557898
v 0.00149146 -0.00160041 0.00659226
v 0.00276367 -0.00160041 0.00647171
v 0.00208113 -0.00160041 0.00755078
v 0.00344110 -0.00160042 0.00711144
v 0.00298250 -0.00160042 0.00822459
v 0.00434763 -0.00160041 0.00732676
v 0.00406872 -0.00160041 0.00851886
v 0.00518695 -0.00160041 0.00839219
v 0.00524036 -0.00160041 0.00705995
v 0.00614785 -0.00160042 0.00794651
v 0.00588009 -0.00160041 0.00638253
v 0.00335192 -0.00160041 0.00399502
v 0.00044884 -0.00160041 0.00382006
v 0.00271219 -0.00160041 0.00467245
v 0.00107875 -0.00160041 0.00454699
v 0.00129646 -0.00160042 0.00548390
v 0.00517740 -0.00160041 -0.00290620
v 0.00153247 -0.00160041 -0.00094422
v 0.00692865 -0.00160042 -0.00179118
v 0.00179927 -0.00160041 -0.00005148
v 0.00158395 -0.00160041 0.00085504
v -0.00044757 -0.00160041 0.00347126
v 0.00094422 -0.00160042 0.00153246
v 0.00424466 -0.00160041 0.00372822
v 0.00695809 -0.00160042 0.00726425
v 0.00736870 -0.00160041 0.00657243
v 0.00609540 -0.00160041 0.00547601
v 0.00747348 -0.00160042 0.00577478
v 0.00582861 -0.00160041 0.00458327
v 0.00515119 -0.00160042 0.00394354
v 0.00427781 -0.00160041 0.00372758
v -0.00283233 -0.00160042 -0.00205618
v -0.00158395 -0.00160041 -0.00085505
v -0.00176559 -0.00160042 -0.00302203
v -0.00094422 -0.00160041 -0.00153247
v -0.00040039 -0.00160042 -0.00347702
v 0.00085504 -0.00160041 -0.00158395
v 0.00181473 -0.00160042 -0.00421076
v 0.00190631 -0.00160041 -0.00470623
v 0.00202882 -0.00160042 -0.00494439
v 0.00188373 -0.00160041 -0.00501983
v -0.00005149 -0.00160041 -0.00179927
v -0.00001833 -0.00160041 -0.00179991
v 0.00102329 -0.00160042 -0.00364097
v 0.00149318 -0.00160042 -0.00382285
v 0.00175188 0.00119084 -0.00510210
v 0.00202818 0.00120322 -0.00494000
v 0.00202825 0.00203185 -0.00493832
v 0.00153118 0.00120163 -0.00522027
v 0.00133247 0.00237466 -0.00534161
v 0.00202872 0.00215353 -0.00493803
v -0.00231171 0.00079627 -0.00705385
v -0.00213597 0.00090624 -0.00698478
v -0.00250447 0.00199616 -0.00712471
v -0.00341687 -0.00206970 -0.00745804
v -0.00321841 -0.00099308 -0.00738834
v -0.00363073 0.00094374 -0.00752588
v -0.00297815 -0.00024338 -0.00730266
v -0.00261999 0.00043822 -0.00717111
v -0.00336254 0.00134267 -0.00743403
v -0.00298122 0.00173211 -0.00729686
v -0.00032085 0.00114822 -0.00619281
v -0.00024238 0.00231625 -0.00615799
v -0.00062091 0.00112128 -0.00633462
v -0.00061905 0.00228798 -0.00633540
v -0.00157042 0.00218017 -0.00675396
v -0.00453066 -0.01021119 -0.00782255
v -0.00431795 -0.01135286 -0.00775941
v -0.00350631 -0.00928380 -0.00749767
v -0.00403694 -0.01224165 -0.00767639
v -0.00392098 -0.01250938 -0.00764063
v -0.00354342 -0.00336547 -0.00750263
v -0.00373767 0.00075801 -0.00756124
v -0.00393039 0.00038101 -0.00762220
v -0.00405916 0.00007680 -0.00766280
v -0.00433354 -0.00082009 -0.00774666
v -0.00449612 -0.00166322 -0.00779801
v -0.00454582 -0.00200958 -0.00781344
v -0.00469619 -0.00366636 -0.00785750
v -0.00363252 -0.00606156 -0.00753487
v -0.00475653 -0.00605430 -0.00787883
v -0.00468388 -0.00864886 -0.00786249
v -0.00213640 -0.01301995 -0.00700804
v -0.00240697 -0.01413036 -0.00711439
v -0.00077225 -0.01320978 -0.00642918
v -0.00155385 -0.01428962 -0.00677340
v -0.00061939 -0.01438609 -0.00636285
v -0.00337383 -0.01343523 -0.00746238
v -0.00327327 -0.01356039 -0.00742806
v -0.00249935 -0.01271509 -0.00714790
v -0.00294117 -0.01386825 -0.00730813
v -0.00250472 -0.01410211 -0.00715144
v -0.00362793 -0.01305616 -0.00754816
v -0.00306283 -0.01164243 -0.00735095
v -0.00319595 -0.01120535 -0.00739820
v -0.00367722 -0.01297245 -0.00756439
v -0.00345884 -0.00973306 -0.00748382
v 0.00202839 -0.01416327 -0.00496507
v 0.00202839 -0.01331087 -0.00496358
v 0.00130221 -0.01331629 -0.00537656
v 0.00202846 -0.01425171 -0.00496528
v 0.00133221 -0.01447427 -0.00536959
v -0.00001482 -0.01443084 -0.00607464
v 0.00056934 -0.01330404 -0.00577627
v -0.00061943 -0.01322468 -0.00635928
v 0.00204250 0.00201222 -0.00671069
v 0.00205323 0.00206150 -0.01257689
v 0.00205693 0.00195781 -0.01118701
v 0.00203421 0.00190779 -0.01500396
v 0.00203387 0.00202902 -0.01500375
v 0.00197738 0.00186355 -0.01830680
v 0.00194688 0.00196687 -0.01957239
v 0.00181918 0.00179049 -0.02356425
v 0.00178276 0.00190065 -0.02461623
v 0.00177108 0.00176674 -0.02504191
v 0.00177105 0.00189460 -0.02504173
v 0.00176398 0.00176038 -0.02548281
v 0.00176792 0.00187992 -0.02609988
v 0.00181134 0.00174284 -0.02688162
v 0.00185127 0.00186165 -0.02731048
v 0.00185106 0.00173671 -0.02731070
v 0.00187553 0.00185811 -0.02749875
v 0.00190987 0.00172799 -0.02772856
v 0.00211280 0.00182417 -0.02866869
v 0.00215764 0.00169168 -0.02882751
v 0.00227571 0.00179973 -0.02920223
v 0.00227618 0.00167434 -0.02920221
v 0.00245658 0.00177010 -0.02968987
v 0.00255057 0.00163082 -0.02991776
v 0.00261874 0.00162621 -0.03007515
v 0.00266149 0.00162614 -0.03017132
v 0.00294037 0.00166439 -0.03075580
v 0.00319360 0.00148092 -0.03124518
v 0.00319458 0.00158768 -0.03124619
v 0.00321792 0.00157975 -0.03128984
v 0.00324423 0.00146312 -0.03133916
v 0.00338351 0.00151868 -0.03159387
v 0.00336885 0.00141442 -0.03156770
v 0.00346576 0.00137370 -0.03174207
v 0.00391281 0.00125180 -0.03251966
v 0.00388968 0.00115231 -0.03248049
v 0.00413181 0.00098215 -0.03288919
v 0.00434610 0.00091812 -0.03324448
v 0.00432595 0.00081552 -0.03321195
v 0.00470567 0.00052221 -0.03383327
v 0.00472332 0.00036522 -0.03386265
v 0.00500776 0.00006802 -0.03432247
v 0.00505503 -0.00017474 -0.03439846
v 0.00513311 -0.00033358 -0.03452393
v 0.00528510 -0.00049958 -0.03476759
v 0.00533027 -0.00080736 -0.03483976
v 0.00552188 -0.00116543 -0.03514535
v 0.00551061 -0.00136818 -0.03512762
v 0.00555599 -0.00153746 -0.03519992
v 0.00572510 -0.00197711 -0.03546855
v 0.00573809 -0.00239927 -0.03548978
v 0.00588563 -0.00294611 -0.03572363
v 0.00576889 -0.00258704 -0.03553876
v 0.00587380 -0.00339833 -0.03570579
v 0.00600217 -0.00416857 -0.03590931
v 0.00592605 -0.00399117 -0.03578919
v 0.00596179 -0.00458932 -0.03584650
v 0.00605564 -0.00559257 -0.03599580
v 0.00599571 -0.00610704 -0.03590245
v 0.00605928 -0.00610317 -0.03600236
v 0.00602648 -0.00760084 -0.03595330
v 0.00595483 -0.00774173 -0.03584060
v 0.00593973 -0.00800501 -0.03581724
v 0.00593753 -0.00881178 -0.03581525
v 0.00585970 -0.00894061 -0.03569257
v 0.00579893 -0.00983595 -0.03559830
v 0.00576102 -0.00966705 -0.03553795
v 0.00572421 -0.00988277 -0.03548011
v 0.00575635 -0.01007003 -0.03553144
v 0.00561451 -0.01070528 -0.03530809
v 0.00553359 -0.01074554 -0.03517963
v 0.00549038 -0.01091055 -0.03511249
v 0.00544864 -0.01126740 -0.03504585
v 0.00545631 -0.01103388 -0.03505737
v 0.00538733 -0.01144161 -0.03494866
v 0.00521078 -0.01171188 -0.03466668
v 0.00508412 -0.01212961 -0.03446556
v 0.00502809 -0.01209360 -0.03437526
v 0.00491898 -0.01228657 -0.03420032
v 0.00476155 -0.01264683 -0.03394644
v 0.00458195 -0.01276098 -0.03365500
v 0.00442337 -0.01304074 -0.03339551
v 0.00416039 -0.01317154 -0.03296077
v 0.00401934 -0.01337606 -0.03272466
v 0.00383394 -0.01349358 -0.03241002
v 0.00370187 -0.01347028 -0.03218253
v 0.00358417 -0.01362404 -0.03197719
v 0.00321774 -0.01376977 -0.03131555
v 0.00319381 -0.01368697 -0.03127043
v 0.00319501 -0.01377735 -0.03127310
v 0.00315787 -0.01369894 -0.03120278
v 0.00298871 -0.01383956 -0.03087798
v 0.00282505 -0.01379289 -0.03054636
v 0.00261607 -0.01383813 -0.03009567
v 0.00246313 -0.01395345 -0.02973295
v 0.00227591 -0.01389046 -0.02922798
v 0.00227540 -0.01398254 -0.02922845
v 0.00219676 -0.01399364 -0.02898602
v 0.00221668 -0.01389853 -0.02904789
v 0.00212028 -0.01400407 -0.02872339
v 0.00195453 -0.01393299 -0.02800788
v 0.00188576 -0.01403372 -0.02759870
v 0.00191006 -0.01393883 -0.02775724
v 0.00185102 -0.01403786 -0.02733687
v 0.00185082 -0.01394616 -0.02733674
v 0.00183946 -0.01403926 -0.02723658
v 0.00181022 -0.01395077 -0.02690776
v 0.00177981 -0.01404826 -0.02647322
v 0.00176353 -0.01396318 -0.02553378
v 0.00176332 -0.01405491 -0.02583600
v 0.00177081 -0.01406289 -0.02506821
v 0.00177083 -0.01396828 -0.02506805
v 0.00180619 -0.01407437 -0.02397377
v 0.00182018 -0.01398682 -0.02359050
v 0.00185225 -0.01408563 -0.02273836
v 0.00199215 -0.01404628 -0.01763184
v 0.00199333 -0.01413618 -0.01758401
v 0.00203390 -0.01416221 -0.01503067
v 0.00203396 -0.01407329 -0.01503051
v 0.00204851 -0.01417814 -0.01344112
v 0.00205663 -0.01411141 -0.01121368
v 0.00203508 -0.01424511 -0.00579195
v 0.00204225 -0.01414985 -0.00673752
v -0.00074989 -0.00790941 -0.00632497
v -0.00068104 -0.00976343 -0.00630714
v 0.00120543 -0.00865042 -0.00537890
v -0.00019046 -0.01290502 -0.00613869
v 0.00202875 -0.01239946 -0.00496238
v -0.00118913 -0.00605287 -0.00651987
v -0.00031467 -0.01248268 -0.00618451
v -0.00050115 -0.01159950 -0.00624913
v 0.00188292 -0.00865042 -0.00503108
v 0.00120613 -0.00605167 -0.00537206
v -0.00019258 0.00080233 -0.00611284
v -0.00075037 -0.00419523 -0.00631845
v 0.00120648 -0.00355041 -0.00536866
v 0.00188357 -0.00355041 -0.00502207
v 0.00188367 -0.00241514 -0.00502064
v -0.00068181 -0.00234042 -0.00629327
v -0.00050255 -0.00050401 -0.00622855
v -0.00031616 0.00037941 -0.00616052
v 0.00202894 0.00030084 -0.00494128
v -0.01099568 -0.00479469 -0.04867063
v -0.01096413 -0.00480037 -0.04882117
v -0.01091517 -0.00480087 -0.04881017
v -0.01102588 -0.00474919 -0.04850383
v -0.01097376 -0.00475591 -0.04851225
v -0.01101333 -0.00458222 -0.04824378
v -0.01106401 -0.00457536 -0.04824274
v -0.01103366 -0.00432267 -0.04806297
v -0.01108379 -0.00431867 -0.04806571
v -0.01104080 -0.00403610 -0.04799702
v -0.01109051 -0.00401888 -0.04800054
v -0.01109026 -0.00386355 -0.04801800
v -0.01103728 -0.00373810 -0.04805280
v -0.01108670 -0.00371664 -0.04806703
v -0.01108656 -0.00371319 -0.04806858
v -0.01101579 -0.00346382 -0.04823784
v -0.01106390 -0.00345605 -0.04825285
v -0.01097059 -0.00329178 -0.04849007
v -0.01101282 -0.00327821 -0.04853060
v -0.01097259 -0.00322577 -0.04870025
v -0.01088380 -0.00321014 -0.04883074
v -0.01093175 -0.00320885 -0.04884449
v -0.01115976 -0.00401920 -0.04801768
v -0.01115942 -0.00386592 -0.04803530
v -0.01125079 -0.00354776 -0.04862451
v -0.01129429 -0.00374716 -0.04840253
v -0.01127861 -0.00362336 -0.04848724
v -0.01125007 -0.00451862 -0.04866157
v -0.01128367 -0.00440153 -0.04847182
v -0.01124855 -0.00450401 -0.04867085
v -0.01128371 -0.00437921 -0.04847372
v -0.01130241 -0.00380554 -0.04834913
v -0.01130680 -0.00396470 -0.04831960
v -0.01130939 -0.00401651 -0.04829774
v -0.01118049 -0.00346895 -0.04890583
v -0.01120749 -0.00348115 -0.04880606
v -0.01120755 -0.00346513 -0.04880336
v -0.01123533 -0.00349930 -0.04869014
v -0.01118770 -0.00337165 -0.04878210
v -0.01115467 -0.00335735 -0.04890278
v -0.01117591 -0.00342452 -0.04890621
v -0.01114328 -0.00330052 -0.04875810
v -0.01110594 -0.00328415 -0.04889174
v -0.01112572 -0.00330796 -0.04889646
v -0.01103498 -0.00323149 -0.04887336
v -0.01106428 -0.00478372 -0.04868649
v -0.01105723 -0.00477930 -0.04884240
v -0.01113124 -0.00472734 -0.04854428
v -0.01107181 -0.00477188 -0.04884579
v -0.01107520 -0.00476997 -0.04884660
v -0.01119216 -0.00468039 -0.04857612
v -0.01113521 -0.00472145 -0.04886100
v -0.01119415 -0.00467817 -0.04857748
v -0.01113733 -0.00471907 -0.04886153
v -0.01120421 -0.00453253 -0.04888067
v -0.01120046 -0.00458454 -0.04887864
v -0.01118328 -0.00464449 -0.04887343
v -0.01130393 -0.00416774 -0.04834029
v -0.01130315 -0.00422477 -0.04834352
v -0.01127232 -0.00447085 -0.04839401
v -0.01123547 -0.00460892 -0.04861676
v -0.01114974 -0.00470376 -0.04886462
v -0.01129292 -0.00426286 -0.04824315
v -0.01123279 -0.00452378 -0.04833080
v -0.01123086 -0.00452548 -0.04832872
v -0.01125368 -0.00429171 -0.04816349
v -0.01129969 -0.00401815 -0.04818869
v -0.01129346 -0.00377061 -0.04824796
v -0.01126860 -0.00355706 -0.04840973
v -0.01122006 -0.00341172 -0.04864886
v -0.01117066 -0.00456117 -0.04828237
v -0.01125174 -0.00429263 -0.04816090
v -0.01126065 -0.00401901 -0.04810254
v -0.01125532 -0.00374349 -0.04816720
v -0.01123045 -0.00350612 -0.04834561
v -0.01117883 -0.00334487 -0.04861043
v -0.01119385 -0.00372393 -0.04810709
v -0.01113153 -0.00345813 -0.04827682
v -0.01116949 -0.00346985 -0.04829551
v -0.01107842 -0.00328274 -0.04856080
v -0.01111650 -0.00329776 -0.04857589
v -0.01104049 -0.00323491 -0.04871963
v -0.01107902 -0.00325066 -0.04873252
v -0.01103901 -0.00323351 -0.04887445
v -0.01110374 -0.00328184 -0.04889120
v -0.01115556 -0.00371750 -0.04808611
v -0.01115283 -0.00431827 -0.04808408
v -0.01119837 -0.00401926 -0.04803932
v -0.01109277 -0.00474322 -0.04853059
v -0.01113226 -0.00457317 -0.04826468
v -0.01119139 -0.00431189 -0.04810453
v -0.01125871 -0.00401903 -0.04809975
v -0.01125342 -0.00374262 -0.04816455
v -0.01122855 -0.00350448 -0.04834346
v -0.01117687 -0.00334274 -0.04860906
v -0.01114121 -0.00329826 -0.04875718
v -0.01119415 -0.00399578 -0.04889174
v -0.01103704 -0.00405642 -0.04943104
v -0.01108061 -0.00431246 -0.04932044
v -0.01114668 -0.00448628 -0.04910887
v -0.01114869 -0.00347078 -0.04901507
v -0.01103490 -0.00383145 -0.04941539
v -0.01106560 -0.00362743 -0.04930093
v -0.01108342 -0.00356867 -0.04923888
v -0.01082892 -0.00326626 -0.04917193
v -0.01090766 -0.00325786 -0.04915472
v -0.01095407 -0.00321950 -0.04900712
v -0.01071571 -0.00415325 -0.04959558
v -0.01073792 -0.00429814 -0.04955051
v -0.01080638 -0.00429179 -0.04956513
v -0.01106594 -0.00467047 -0.04914137
v -0.01112449 -0.00346099 -0.04909116
v -0.01114998 -0.00451090 -0.04909683
v -0.01112012 -0.00459908 -0.04912615
v -0.01109389 -0.00438380 -0.04928206
v -0.01104904 -0.00419848 -0.04940716
v -0.01102610 -0.00398521 -0.04945493
v -0.01103289 -0.00377415 -0.04941388
v -0.01106566 -0.00359518 -0.04929544
v -0.01100104 -0.00471716 -0.04914280
v -0.01099733 -0.00478059 -0.04898541
v -0.01087413 -0.00455571 -0.04939384
v -0.01080599 -0.00456483 -0.04937932
v -0.01088869 -0.00474672 -0.04912245
v -0.01078893 -0.00451122 -0.04942567
v -0.01070224 -0.00398995 -0.04961359
v -0.01077086 -0.00398705 -0.04962866
v -0.01070181 -0.00382719 -0.04959698
v -0.01078062 -0.00368459 -0.04956925
v -0.01070384 -0.00378436 -0.04958687
v -0.01071216 -0.00368381 -0.04955335
v -0.01082976 -0.00342726 -0.04940321
v -0.01074202 -0.00349961 -0.04945038
v -0.01086578 -0.00332890 -0.04928776
v -0.01079792 -0.00332318 -0.04927024
v -0.01088672 -0.00321153 -0.04898854
v -0.01095327 -0.00327416 -0.04916152
v -0.01102131 -0.00331833 -0.04916219
v -0.01108097 -0.00338878 -0.04914754
v -0.01105328 -0.00445053 -0.04934175
v -0.01099913 -0.00423357 -0.04948698
v -0.01097111 -0.00398364 -0.04954202
v -0.01097906 -0.00373616 -0.04949374
v -0.01101841 -0.00352620 -0.04935556
v -0.01099061 -0.00450504 -0.04937987
v -0.01092900 -0.00426296 -0.04954007
v -0.01089687 -0.00398384 -0.04960028
v -0.01090576 -0.00370722 -0.04954616
v -0.01095041 -0.00347233 -0.04939268
v -0.01087719 -0.00343913 -0.04940544
v -0.01082923 -0.00369016 -0.04956821
v -0.01081971 -0.00398547 -0.04962613
v -0.01085437 -0.00428318 -0.04956324
v -0.01092057 -0.00454114 -0.04939454
v -0.01095635 -0.00473563 -0.04913791
v -0.01071766 -0.00341626 -0.04936000
v -0.01079850 -0.00324808 -0.04910938
v -0.01066547 -0.00367886 -0.04953189
v -0.01065506 -0.00397720 -0.04959512
v -0.01069006 -0.00429327 -0.04953614
v -0.01076214 -0.00457751 -0.04935275
v -0.01083126 -0.00473504 -0.04913672
v -0.01084288 -0.00475290 -0.04909625
v -0.01104889 -0.00115737 -0.04698418
v -0.01098188 -0.00119596 -0.04685856
v -0.01106720 -0.00115017 -0.04712546
v -0.01101756 -0.00115224 -0.04713104
v -0.01102872 -0.00119837 -0.04683995
v -0.01099233 -0.00136492 -0.04659926
v -0.01094530 -0.00135545 -0.04661976
v -0.01096750 -0.00161080 -0.04643963
v -0.01091860 -0.00161272 -0.04644992
v -0.01096178 -0.00189592 -0.04638187
v -0.01091332 -0.00190542 -0.04639297
v -0.01097992 -0.00218049 -0.04644029
v -0.01093117 -0.00218555 -0.04645219
v -0.01101474 -0.00242595 -0.04660128
v -0.01096745 -0.00243636 -0.04661986
v -0.01105581 -0.00259410 -0.04684376
v -0.01100952 -0.00260187 -0.04686904
v -0.01104291 -0.00264689 -0.04715117
v -0.01107710 -0.00263953 -0.04700259
v -0.01109272 -0.00264672 -0.04714661
v -0.01112061 -0.00217023 -0.04645400
v -0.01110285 -0.00189950 -0.04639408
v -0.01118072 -0.00189784 -0.04644749
v -0.01123690 -0.00129350 -0.04684992
v -0.01128584 -0.00137690 -0.04688021
v -0.01125994 -0.00150072 -0.04669423
v -0.01105794 -0.00137053 -0.04658939
v -0.01103330 -0.00161657 -0.04643060
v -0.01126095 -0.00179717 -0.04661033
v -0.01124270 -0.00168414 -0.04657216
v -0.01130616 -0.00241363 -0.04689696
v -0.01127677 -0.00229059 -0.04670646
v -0.01131807 -0.00234931 -0.04692547
v -0.01128693 -0.00220467 -0.04672183
v -0.01127454 -0.00158328 -0.04671536
v -0.01129963 -0.00144579 -0.04690140
v -0.01129020 -0.00128391 -0.04710346
v -0.01132458 -0.00141287 -0.04710242
v -0.01127041 -0.00125247 -0.04710496
v -0.01118535 -0.00119372 -0.04697337
v -0.01120688 -0.00119069 -0.04711072
v -0.01116214 -0.00116669 -0.04711521
v -0.01111466 -0.00116256 -0.04697577
v -0.01111588 -0.00115323 -0.04712010
v -0.01107516 -0.00127466 -0.04670104
v -0.01102806 -0.00190124 -0.04637520
v -0.01104679 -0.00218436 -0.04643706
v -0.01108202 -0.00242713 -0.04660198
v -0.01112323 -0.00259107 -0.04684876
v -0.01114281 -0.00263147 -0.04699619
v -0.01112644 -0.00264536 -0.04714353
v -0.01115846 -0.00263874 -0.04714051
v -0.01118760 -0.00262795 -0.04713767
v -0.01134019 -0.00237979 -0.04711937
v -0.01131286 -0.00250254 -0.04712405
v -0.01129183 -0.00253874 -0.04712661
v -0.01109439 -0.00120365 -0.04683071
v -0.01116596 -0.00123282 -0.04683320
v -0.01120590 -0.00143769 -0.04663625
v -0.01118511 -0.00165089 -0.04649601
v -0.01126485 -0.00198979 -0.04661199
v -0.01125209 -0.00210869 -0.04657859
v -0.01122617 -0.00235446 -0.04664930
v -0.01126127 -0.00249702 -0.04686812
v -0.01122877 -0.00260393 -0.04713351
v -0.01119335 -0.00255930 -0.04685176
v -0.01115407 -0.00240241 -0.04661336
v -0.01119645 -0.00214360 -0.04650280
v -0.01123908 -0.00189683 -0.04653007
v -0.01110782 -0.00162731 -0.04644725
v -0.01113123 -0.00139215 -0.04660029
v -0.01135884 -0.00174257 -0.04762060
v -0.01136070 -0.00192927 -0.04765281
v -0.01134120 -0.00190461 -0.04717685
v -0.01136261 -0.00214245 -0.04757789
v -0.01135943 -0.00230633 -0.04740731
v -0.01133805 -0.00142371 -0.04723646
v -0.01135366 -0.00154389 -0.04747438
v -0.01134657 -0.00237827 -0.04719028
v -0.01133823 -0.00167413 -0.04771319
v -0.01133910 -0.00189869 -0.04776990
v -0.01134269 -0.00212280 -0.04771771
v -0.01134496 -0.00231510 -0.04757352
v -0.01124990 -0.00255825 -0.04741761
v -0.01115931 -0.00259589 -0.04743756
v -0.01111241 -0.00259737 -0.04744844
v -0.01115964 -0.00243054 -0.04769918
v -0.01111239 -0.00243390 -0.04770161
v -0.01115040 -0.00218490 -0.04787928
v -0.01110422 -0.00221801 -0.04786529
v -0.01111031 -0.00237308 -0.04775966
v -0.01109541 -0.00176796 -0.04793128
v -0.01109550 -0.00189969 -0.04794630
v -0.01114294 -0.00189916 -0.04794541
v -0.01109794 -0.00203144 -0.04793280
v -0.01110303 -0.00218693 -0.04788065
v -0.01109736 -0.00161250 -0.04787714
v -0.01114477 -0.00161342 -0.04787578
v -0.01109955 -0.00148405 -0.04779973
v -0.01114805 -0.00136749 -0.04769133
v -0.01110073 -0.00136538 -0.04769385
v -0.01114109 -0.00120110 -0.04742367
v -0.01109391 -0.00119831 -0.04742763
v -0.01109666 -0.00122353 -0.04748628
v -0.01110024 -0.00130270 -0.04761809
v -0.01132579 -0.00134953 -0.04734809
v -0.01133587 -0.00148059 -0.04756424
v -0.01127125 -0.00126725 -0.04738742
v -0.01128002 -0.00141786 -0.04763483
v -0.01127964 -0.00164029 -0.04780546
v -0.01133988 -0.00244426 -0.04736258
v -0.01128752 -0.00252677 -0.04740212
v -0.01129040 -0.00237790 -0.04764356
v -0.01127916 -0.00189850 -0.04787014
v -0.01128468 -0.00215642 -0.04780951
v -0.01120658 -0.00258159 -0.04742956
v -0.01120749 -0.00241963 -0.04768834
v -0.01119616 -0.00137735 -0.04768025
v -0.01119350 -0.00161858 -0.04786294
v -0.01123913 -0.00162767 -0.04783922
v -0.01119194 -0.00189878 -0.04793197
v -0.01123805 -0.00189857 -0.04790658
v -0.01119899 -0.00217890 -0.04786656
v -0.01124442 -0.00216928 -0.04784302
v -0.01123275 -0.00123641 -0.04740310
v -0.01118876 -0.00121406 -0.04741532
v -0.01104303 -0.00120021 -0.04743014
v -0.01105113 -0.00137505 -0.04770137
v -0.01104563 -0.00176597 -0.04792647
v -0.01104746 -0.00162271 -0.04787794
v -0.01104578 -0.00188877 -0.04794127
v -0.01106246 -0.00243476 -0.04769948
v -0.01105274 -0.00216948 -0.04788506
v -0.01104588 -0.00264823 -0.04718497
v -0.01106083 -0.00260404 -0.04743357
v -0.00963737 -0.00107761 -0.05092262
v -0.00958163 -0.00108470 -0.05099050
v -0.00967955 -0.00109514 -0.05095481
v -0.00964412 -0.00111066 -0.05103227
v -0.00971062 -0.00111744 -0.05097756
v -0.00969881 -0.00116183 -0.05106181
v -0.00973956 -0.00114752 -0.05099779
v -0.00975840 -0.00126820 -0.05108151
v -0.00978163 -0.00121671 -0.05102466
v -0.00980536 -0.00129184 -0.05103635
v -0.00976847 -0.00129431 -0.05108266
v -0.00974985 -0.00126347 -0.05108892
v -0.00965963 -0.00115938 -0.05109717
v -0.00961953 -0.00113121 -0.05109021
v -0.00956835 -0.00110822 -0.05107304
v -0.00945075 -0.00110052 -0.05099959
v -0.00956121 -0.00107909 -0.05086140
v -0.00962032 -0.00249992 -0.05120868
v -0.00969287 -0.00254171 -0.05112563
v -0.00978221 -0.00249361 -0.05118397
v -0.00957466 -0.00244827 -0.05128139
v -0.00956002 -0.00245363 -0.05127131
v -0.00965187 -0.00241021 -0.05132418
v -0.00968078 -0.00238986 -0.05133388
v -0.00983259 -0.00243819 -0.05120833
v -0.00971530 -0.00235967 -0.05133932
v -0.00987065 -0.00236022 -0.05121582
v -0.00974995 -0.00232093 -0.05133600
v -0.00983401 -0.00220603 -0.05126827
v -0.00982071 -0.00219528 -0.05128266
v -0.00998069 -0.00226479 -0.05108985
v -0.00998260 -0.00233239 -0.05108673
v -0.00996873 -0.00242411 -0.05107091
v -0.00995131 -0.00246785 -0.05105574
v -0.00992768 -0.00250408 -0.05103671
v -0.00982081 -0.00257387 -0.05095683
v -0.00984723 -0.00256400 -0.05097609
v -0.00987488 -0.00254975 -0.05099652
v -0.00990819 -0.00252482 -0.05102162
v -0.00967241 -0.00231969 -0.05138385
v -0.00972519 -0.00225654 -0.05137401
v -0.00960520 -0.00209401 -0.05147575
v -0.00943103 -0.00230981 -0.05139190
v -0.00960845 -0.00237017 -0.05136897
v -0.00946619 -0.00217751 -0.05148812
v -0.00924666 -0.00191800 -0.05149202
v -0.00932397 -0.00212564 -0.05146565
v -0.00936995 -0.00221423 -0.05143761
v -0.00931628 -0.00144813 -0.05143859
v -0.00920681 -0.00170378 -0.05147065
v -0.00930510 -0.00165533 -0.05151619
v -0.00935118 -0.00190729 -0.05154173
v -0.00933641 -0.00118309 -0.05115810
v -0.00928226 -0.00126177 -0.05124529
v -0.00938043 -0.00125786 -0.05130504
v -0.00925472 -0.00132101 -0.05129557
v -0.00921019 -0.00149963 -0.05140271
v -0.00938142 -0.00114050 -0.05109264
v -0.00947577 -0.00114058 -0.05115730
v -0.00954722 -0.00117003 -0.05118869
v -0.00961234 -0.00122395 -0.05120106
v -0.00964962 -0.00136808 -0.05124944
v -0.00977823 -0.00215747 -0.05132665
v -0.00965243 -0.00196789 -0.05142842
v -0.00958188 -0.00174048 -0.05144481
v -0.00953890 -0.00213905 -0.05149628
v -0.00950834 -0.00186634 -0.05152287
v -0.00943102 -0.00188597 -0.05154759
v -0.00946951 -0.00165443 -0.05150283
v -0.00938776 -0.00165022 -0.05152449
v -0.00947876 -0.00148059 -0.05143814
v -0.00939812 -0.00145662 -0.05145218
v -0.00953244 -0.00132147 -0.05132581
v -0.00945806 -0.00127912 -0.05132721
v -0.00958174 -0.00153032 -0.05138034
v -0.01000497 -0.00177974 -0.05092526
v -0.01008767 -0.00223455 -0.05093266
v -0.01016311 -0.00212518 -0.05079795
v -0.00992961 -0.00132840 -0.05089230
v -0.01007720 -0.00148942 -0.05074231
v -0.01017662 -0.00172777 -0.05067119
v -0.01019959 -0.00192761 -0.05069353
v -0.00989952 -0.00119267 -0.05081530
v -0.00976440 -0.00110351 -0.05085723
v -0.00970561 -0.00108203 -0.05080439
v -0.00965094 -0.00108694 -0.05075870
v -0.00980107 -0.00112418 -0.05069798
v -0.00974704 -0.00112903 -0.05065157
v -0.00997426 -0.00129258 -0.05051589
v -0.00992109 -0.00129847 -0.05046856
v -0.01011581 -0.00235852 -0.05053528
v -0.01014447 -0.00212086 -0.05036965
v -0.01019753 -0.00210626 -0.05041548
v -0.01008818 -0.00236514 -0.05051535
v -0.01000219 -0.00252157 -0.05074255
v -0.00997463 -0.00252880 -0.05072273
v -0.01002896 -0.00250840 -0.05076496
v -0.01007591 -0.00246178 -0.05081639
v -0.01010222 -0.00230122 -0.05091517
v -0.01018823 -0.00218183 -0.05076214
v -0.01010294 -0.00239005 -0.05086939
v -0.01013518 -0.00183515 -0.05030831
v -0.01018795 -0.00182400 -0.05035537
v -0.01022750 -0.00181165 -0.05042690
v -0.01015129 -0.00154058 -0.05046423
v -0.01017046 -0.00155374 -0.05054996
v -0.01005127 -0.00133954 -0.05065626
v -0.01005562 -0.00139336 -0.05073068
v -0.00992391 -0.00126626 -0.05086829
v -0.01014178 -0.00234726 -0.05055950
v -0.01018397 -0.00230903 -0.05062071
v -0.01023715 -0.00208012 -0.05048376
v -0.01025021 -0.00204399 -0.05056754
v -0.01024087 -0.00180016 -0.05051599
v -0.01022151 -0.00179162 -0.05061032
v -0.01015967 -0.00157859 -0.05063920
v -0.01023009 -0.00200238 -0.05065500
v -0.01020182 -0.00225170 -0.05069177
v -0.01005632 -0.00154748 -0.05034645
v -0.01010909 -0.00153937 -0.05039399
v -0.01002159 -0.00130518 -0.05058104
v -0.00985560 -0.00114411 -0.05075536
v -0.00952383 -0.00109038 -0.05083003
v -0.00969486 -0.00113334 -0.05063187
v -0.00987045 -0.00129376 -0.05045017
v -0.01001972 -0.00156320 -0.05031733
v -0.01009639 -0.00186223 -0.05028280
v -0.01010046 -0.00214228 -0.05034814
v -0.01004123 -0.00238520 -0.05049998
v -0.00992837 -0.00254099 -0.05070733
v -0.00978078 -0.00258135 -0.05092777
v -0.00941421 -0.00111263 -0.05096760
v -0.00952152 -0.00246198 -0.05124038
v -0.00934246 -0.00224179 -0.05139823
v -0.00920905 -0.00192426 -0.05145911
v -0.00916730 -0.00160201 -0.05140604
v -0.00922435 -0.00131917 -0.05125201
v -0.00936138 -0.00114006 -0.05103791
v -0.00972748 -0.00257536 -0.05099939
v -0.00946668 -0.00427815 -0.05211430
v -0.00950400 -0.00414662 -0.05205571
v -0.00948718 -0.00405060 -0.05206284
v -0.00950266 -0.00388574 -0.05202237
v -0.00890375 -0.00356514 -0.05259203
v -0.00906798 -0.00340596 -0.05240645
v -0.00896384 -0.00342577 -0.05250987
v -0.00934597 -0.00444147 -0.05226642
v -0.00897868 -0.00443349 -0.05264073
v -0.00917810 -0.00450104 -0.05244943
v -0.00882168 -0.00424914 -0.05276664
v -0.00873343 -0.00399239 -0.05281321
v -0.00873952 -0.00374399 -0.05277101
v -0.00949796 -0.00385979 -0.05202404
v -0.00939817 -0.00361029 -0.05209779
v -0.00924860 -0.00345875 -0.05223283
v -0.00882205 -0.00354579 -0.05266344
v -0.00888170 -0.00317121 -0.05223747
v -0.00866946 -0.00322706 -0.05244751
v -0.00869707 -0.00322918 -0.05247246
v -0.00844108 -0.00348273 -0.05265209
v -0.00837726 -0.00368268 -0.05274162
v -0.00843083 -0.00367693 -0.05278917
v -0.00835905 -0.00382733 -0.05278031
v -0.00836321 -0.00399182 -0.05280120
v -0.00841703 -0.00398325 -0.05284805
v -0.00867359 -0.00396050 -0.05285127
v -0.00873442 -0.00419530 -0.05282844
v -0.00885287 -0.00439664 -0.05274444
v -0.00900982 -0.00453197 -0.05261015
v -0.00896586 -0.00461797 -0.05260855
v -0.00915732 -0.00466131 -0.05242136
v -0.00917302 -0.00460809 -0.05243906
v -0.00906600 -0.00477491 -0.05232807
v -0.00896392 -0.00476738 -0.05243594
v -0.00905282 -0.00478105 -0.05231509
v -0.00891314 -0.00478261 -0.05238739
v -0.00901770 -0.00478894 -0.05228085
v -0.00855740 -0.00451064 -0.05269660
v -0.00859670 -0.00456302 -0.05266680
v -0.00864927 -0.00454951 -0.05271393
v -0.00880069 -0.00474005 -0.05249401
v -0.00885192 -0.00472501 -0.05254216
v -0.00848941 -0.00439918 -0.05274446
v -0.00849597 -0.00428819 -0.05282033
v -0.00844252 -0.00429946 -0.05277362
v -0.00839393 -0.00415609 -0.05279744
v -0.00885763 -0.00317176 -0.05221311
v -0.00885491 -0.00317165 -0.05221567
v -0.00883545 -0.00317141 -0.05223411
v -0.00880854 -0.00317285 -0.05225982
v -0.00847636 -0.00341466 -0.05260890
v -0.00852914 -0.00341148 -0.05265754
v -0.00859538 -0.00326804 -0.05247527
v -0.00862979 -0.00324098 -0.05243885
v -0.00878083 -0.00317655 -0.05228662
v -0.00880350 -0.00317336 -0.05226467
v -0.00872917 -0.00323805 -0.05249741
v -0.00893668 -0.00318352 -0.05229201
v -0.00890790 -0.00317441 -0.05226369
v -0.00876202 -0.00325347 -0.05251895
v -0.00896061 -0.00319678 -0.05231511
v -0.00893900 -0.00318456 -0.05229427
v -0.00889024 -0.00338164 -0.05256007
v -0.00905150 -0.00334000 -0.05239519
v -0.00901939 -0.00326367 -0.05236900
v -0.00901838 -0.00472424 -0.05248209
v -0.00912630 -0.00471939 -0.05238872
v -0.00876039 -0.00352099 -0.05270431
v -0.00882897 -0.00330493 -0.05255015
v -0.00899043 -0.00322303 -0.05234307
v -0.00868437 -0.00372484 -0.05280636
v -0.00868091 -0.00346429 -0.05271393
v -0.00849376 -0.00397396 -0.05287874
v -0.00856947 -0.00426564 -0.05285170
v -0.00871648 -0.00451567 -0.05274918
v -0.00891088 -0.00468365 -0.05258407
v -0.00850691 -0.00368107 -0.05282262
v -0.00858217 -0.00396600 -0.05288137
v -0.00865174 -0.00423390 -0.05285595
v -0.00878694 -0.00446360 -0.05276098
v -0.00859430 -0.00369706 -0.05282998
v -0.00860106 -0.00342741 -0.05269654
v -0.00934658 -0.00460206 -0.05221494
v -0.00945599 -0.00437462 -0.05212707
v -0.00934415 -0.00451317 -0.05226780
v -0.00931981 -0.00467052 -0.05215033
v -0.00934909 -0.00465104 -0.05210382
v -0.00938996 -0.00459529 -0.05212569
v -0.00941197 -0.00454905 -0.05213364
v -0.00941283 -0.00454692 -0.05213384
v -0.00902689 -0.00478869 -0.05227133
v -0.00925038 -0.00470742 -0.05202359
v -0.00927927 -0.00470727 -0.05209366
v -0.00927788 -0.00469963 -0.05205033
v -0.00933437 -0.00466506 -0.05209450
v -0.00944902 -0.00453124 -0.05194940
v -0.00926415 -0.00469684 -0.05200715
v -0.00947215 -0.00443701 -0.05208226
v -0.00953939 -0.00378480 -0.05192068
v -0.00957235 -0.00402405 -0.05191573
v -0.00954771 -0.00425086 -0.05197355
v -0.00952716 -0.00376544 -0.05175971
v -0.00943382 -0.00353147 -0.05182409
v -0.00948372 -0.00359369 -0.05189136
v -0.00935925 -0.00351529 -0.05174457
v -0.00945926 -0.00376946 -0.05166635
v -0.00947186 -0.00382358 -0.05165931
v -0.00956539 -0.00404636 -0.05175380
v -0.00949834 -0.00405957 -0.05166046
v -0.00937917 -0.00456053 -0.05186188
v -0.00942140 -0.00447796 -0.05180350
v -0.00953677 -0.00431267 -0.05182170
v -0.00946934 -0.00433339 -0.05172992
v -0.00949495 -0.00417080 -0.05167905
v -0.00947402 -0.00449157 -0.05201659
v -0.00955705 -0.00428597 -0.05189636
v -0.00958413 -0.00403544 -0.05183244
v -0.00954793 -0.00377114 -0.05183801
v -0.00951121 -0.00377406 -0.05198095
v -0.00898793 -0.00318517 -0.05210486
v -0.00933587 -0.00338477 -0.05191974
v -0.00919340 -0.00330311 -0.05189804
v -0.00930862 -0.00335476 -0.05194458
v -0.00904208 -0.00320557 -0.05204431
v -0.00911492 -0.00321829 -0.05212536
v -0.00935849 -0.00351298 -0.05174618
v -0.00935424 -0.00350187 -0.05175366
v -0.00933811 -0.00346896 -0.05177500
v -0.00929623 -0.00340531 -0.05181737
v -0.00926938 -0.00337359 -0.05183978
v -0.00936580 -0.00341228 -0.05198893
v -0.00949473 -0.00365586 -0.05195278
v -0.00937256 -0.00345962 -0.05205823
v -0.00934906 -0.00343403 -0.05207949
v -0.00918254 -0.00331731 -0.05223443
v -0.00915665 -0.00325519 -0.05218332
v -0.00933998 -0.00338399 -0.05201241
v -0.00929318 -0.00347610 -0.05173674
v -0.00931347 -0.00350828 -0.05171914
v -0.00931996 -0.00351911 -0.05171355
v -0.00932129 -0.00352135 -0.05171242
v -0.00918721 -0.00334231 -0.05183161
v -0.00913773 -0.00329666 -0.05187712
v -0.00888739 -0.00318405 -0.05211465
v -0.00882278 -0.00317971 -0.05217740
v -0.00880083 -0.00317939 -0.05219812
v -0.00881998 -0.00317966 -0.05217957
v -0.00861762 -0.00323528 -0.05238185
v -0.00874700 -0.00318443 -0.05225084
v -0.00876936 -0.00318128 -0.05222882
v -0.00844556 -0.00342069 -0.05257116
v -0.00834443 -0.00369580 -0.05270639
v -0.00832632 -0.00386199 -0.05274824
v -0.00833215 -0.00400030 -0.05276382
v -0.00841575 -0.00431683 -0.05273354
v -0.00858254 -0.00459030 -0.05261441
v -0.00877850 -0.00475065 -0.05244456
v -0.00898126 -0.00479181 -0.05224589
v -0.00898660 -0.00479171 -0.05223970
v -0.00921287 -0.00471059 -0.05199065
v -0.00945953 -0.00405970 -0.05162861
v -0.00943077 -0.00433725 -0.05169829
v -0.00934205 -0.00456229 -0.05182833
v -0.00941882 -0.00376724 -0.05163600
v -0.00522859 -0.00385095 -0.03026513
v -0.00517815 -0.00395619 -0.03027185
v -0.00520269 -0.00364289 -0.03034439
v -0.00528243 -0.00447589 -0.03040315
v -0.00530301 -0.00454934 -0.03045810
v -0.00525651 -0.00455163 -0.03047738
v -0.00534396 -0.00473377 -0.03071073
v -0.00548821 -0.00478182 -0.03094942
v -0.00544151 -0.00478171 -0.03096767
v -0.00541937 -0.00476175 -0.03076779
v -0.00537214 -0.00476190 -0.03078537
v -0.00539731 -0.00474074 -0.03070929
v -0.00535189 -0.00467194 -0.03058849
v -0.00523938 -0.00423008 -0.03028890
v -0.00519718 -0.00427116 -0.03031907
v -0.00518952 -0.00420543 -0.03029902
v -0.00523693 -0.00420706 -0.03028249
v -0.00534337 -0.00324315 -0.03072523
v -0.00530218 -0.00341395 -0.03047219
v -0.00526412 -0.00338886 -0.03051383
v -0.00527943 -0.00349336 -0.03040964
v -0.00525231 -0.00362698 -0.03033383
v -0.00548195 -0.00320396 -0.03094651
v -0.00545715 -0.00320303 -0.03088294
v -0.00543541 -0.00320429 -0.03096496
v -0.00538447 -0.00324895 -0.03069328
v -0.00558058 -0.00476167 -0.03091411
v -0.00555479 -0.00477238 -0.03092399
v -0.00548685 -0.00475251 -0.03074475
v -0.00566675 -0.00455514 -0.03072902
v -0.00561724 -0.00448924 -0.03059836
v -0.00567271 -0.00450062 -0.03073233
v -0.00560376 -0.00438139 -0.03055047
v -0.00556610 -0.00434548 -0.03046327
v -0.00553254 -0.00414844 -0.03037525
v -0.00555421 -0.00414957 -0.03042035
v -0.00552463 -0.00393154 -0.03035668
v -0.00554887 -0.00387039 -0.03040948
v -0.00554434 -0.00372231 -0.03041267
v -0.00558831 -0.00363461 -0.03051803
v -0.00559003 -0.00354186 -0.03053707
v -0.00564113 -0.00344703 -0.03067308
v -0.00564835 -0.00350305 -0.03067837
v -0.00569434 -0.00341321 -0.03081209
v -0.00571691 -0.00346559 -0.03085699
v -0.00554789 -0.00321249 -0.03092104
v -0.00557393 -0.00322294 -0.03091101
v -0.00552403 -0.00321174 -0.03085802
v -0.00561643 -0.00325005 -0.03089471
v -0.00538318 -0.00338549 -0.03048566
v -0.00545194 -0.00325745 -0.03066989
v -0.00530676 -0.00420407 -0.03026589
v -0.00529604 -0.00391142 -0.03024092
v -0.00532213 -0.00362907 -0.03031701
v -0.00535170 -0.00446985 -0.03038497
v -0.00542026 -0.00466371 -0.03056784
v -0.00555790 -0.00471546 -0.03072772
v -0.00562250 -0.00473440 -0.03089804
v -0.00562384 -0.00464673 -0.03072099
v -0.00566866 -0.00468488 -0.03088026
v -0.00572121 -0.00451838 -0.03085966
v -0.00571740 -0.00456806 -0.03086128
v -0.00556643 -0.00457015 -0.03056900
v -0.00550721 -0.00440305 -0.03041188
v -0.00546836 -0.00417399 -0.03030953
v -0.00545914 -0.00392184 -0.03028795
v -0.00548181 -0.00367860 -0.03035312
v -0.00553461 -0.00346881 -0.03049783
v -0.00559388 -0.00335856 -0.03065607
v -0.00565580 -0.00331926 -0.03081777
v -0.00571238 -0.00341419 -0.03085848
v -0.00549454 -0.00463091 -0.03055962
v -0.00542927 -0.00444637 -0.03038585
v -0.00538648 -0.00419338 -0.03027268
v -0.00537628 -0.00391486 -0.03024888
v -0.00540114 -0.00364615 -0.03032104
v -0.00545928 -0.00341438 -0.03048119
v -0.00552469 -0.00329257 -0.03065621
v -0.00559318 -0.00324912 -0.03083503
v -0.00566238 -0.00329842 -0.03087720
v -0.00589382 -0.00411339 -0.03130783
v -0.00585181 -0.00434807 -0.03119907
v -0.00571946 -0.00396993 -0.03085832
v -0.00579284 -0.00447618 -0.03104642
v -0.00573653 -0.00451779 -0.03089976
v -0.00577594 -0.00349313 -0.03100938
v -0.00589125 -0.00385389 -0.03130269
v -0.00584350 -0.00361963 -0.03118202
v -0.00553290 -0.00321192 -0.03107760
v -0.00555363 -0.00322496 -0.03113072
v -0.00561868 -0.00323332 -0.03110302
v -0.00564283 -0.00473647 -0.03095559
v -0.00576444 -0.00342919 -0.03099303
v -0.00573396 -0.00457093 -0.03090568
v -0.00570192 -0.00466483 -0.03092647
v -0.00578752 -0.00453739 -0.03104509
v -0.00551127 -0.00478275 -0.03100967
v -0.00568531 -0.00452760 -0.03145971
v -0.00565829 -0.00460582 -0.03139029
v -0.00572206 -0.00459863 -0.03135953
v -0.00558551 -0.00473624 -0.03120254
v -0.00564970 -0.00472815 -0.03117277
v -0.00557711 -0.00477348 -0.03098411
v -0.00572531 -0.00435722 -0.03156237
v -0.00578822 -0.00435286 -0.03152949
v -0.00574646 -0.00420210 -0.03161673
v -0.00581741 -0.00407548 -0.03160475
v -0.00575486 -0.00407672 -0.03163856
v -0.00580798 -0.00378824 -0.03158231
v -0.00574890 -0.00382453 -0.03162472
v -0.00576108 -0.00352053 -0.03146486
v -0.00569783 -0.00351537 -0.03149698
v -0.00568886 -0.00332438 -0.03128209
v -0.00563463 -0.00333652 -0.03133718
v -0.00568658 -0.00347480 -0.03146864
v -0.00573747 -0.00333800 -0.03102825
v -0.00568231 -0.00326876 -0.03106855
v -0.00576425 -0.00462583 -0.03108861
v -0.00584081 -0.00444144 -0.03118316
v -0.00582633 -0.00451430 -0.03124914
v -0.00588946 -0.00425930 -0.03130882
v -0.00588305 -0.00430261 -0.03139528
v -0.00591087 -0.00405369 -0.03136444
v -0.00590805 -0.00406368 -0.03145998
v -0.00590386 -0.00384075 -0.03134774
v -0.00589992 -0.00381622 -0.03144062
v -0.00586932 -0.00364225 -0.03126074
v -0.00585966 -0.00358557 -0.03133951
v -0.00581614 -0.00349677 -0.03112547
v -0.00579770 -0.00341652 -0.03118225
v -0.00571191 -0.00469329 -0.03113515
v -0.00578073 -0.00456989 -0.03131292
v -0.00584366 -0.00433571 -0.03147472
v -0.00587141 -0.00407139 -0.03154637
v -0.00586242 -0.00379766 -0.03152498
v -0.00581779 -0.00354254 -0.03141311
v -0.00574908 -0.00335557 -0.03123905
v -0.00553597 -0.00325364 -0.03122335
v -0.00562825 -0.00343788 -0.03145753
v -0.00569100 -0.00372171 -0.03161521
v -0.00570931 -0.00403179 -0.03166013
v -0.00568168 -0.00433916 -0.03158877
v -0.00561552 -0.00459528 -0.03141907
v -0.00553246 -0.00474349 -0.03120478
v -0.00995308 -0.00235277 -0.04291447
v -0.00996280 -0.00239335 -0.04294355
v -0.00990047 -0.00233137 -0.04291501
v -0.01007647 -0.00264826 -0.04346498
v -0.01005714 -0.00264872 -0.04340266
v -0.01012421 -0.00264753 -0.04345021
v -0.01008628 -0.00264125 -0.04332858
v -0.00997484 -0.00256361 -0.04314195
v -0.01001157 -0.00253992 -0.04309306
v -0.01003880 -0.00259150 -0.04317818
v -0.01006786 -0.00262764 -0.04326997
v -0.01000596 -0.00252694 -0.04307565
v -0.00985864 -0.00201706 -0.04279920
v -0.00991007 -0.00206476 -0.04279287
v -0.00992996 -0.00223046 -0.04284687
v -0.00996357 -0.00132530 -0.04302389
v -0.00994437 -0.00140083 -0.04295489
v -0.00990051 -0.00138503 -0.04298428
v -0.00993753 -0.00143406 -0.04292981
v -0.00985863 -0.00168858 -0.04282241
v -0.00991792 -0.00156057 -0.04285556
v -0.00990497 -0.00170828 -0.04280176
v -0.00985348 -0.00182564 -0.04279557
v -0.00990108 -0.00182471 -0.04278035
v -0.00990340 -0.00196195 -0.04277812
v -0.00998840 -0.00125492 -0.04311097
v -0.00997097 -0.00119989 -0.04323183
v -0.01001558 -0.00120308 -0.04320432
v -0.01008926 -0.00115915 -0.04344917
v -0.01007177 -0.00115844 -0.04339201
v -0.01004152 -0.00116160 -0.04346391
v -0.01004316 -0.00117172 -0.04329721
v -0.01007527 -0.00244001 -0.04297902
v -0.01033790 -0.00141850 -0.04337438
v -0.01032008 -0.00136900 -0.04333507
v -0.01032984 -0.00135732 -0.04337638
v -0.01030360 -0.00131794 -0.04333550
v -0.01024618 -0.00123043 -0.04334518
v -0.01031652 -0.00241370 -0.04324879
v -0.01032672 -0.00236793 -0.04327072
v -0.01035941 -0.00237953 -0.04337535
v -0.01028054 -0.00139978 -0.04320403
v -0.01028539 -0.00145629 -0.04320095
v -0.01028385 -0.00145893 -0.04319570
v -0.01016469 -0.00117308 -0.04336493
v -0.01018085 -0.00117337 -0.04342098
v -0.01027346 -0.00124431 -0.04339291
v -0.01013676 -0.00118611 -0.04327247
v -0.01008329 -0.00126751 -0.04309079
v -0.01005906 -0.00133634 -0.04300583
v -0.01003364 -0.00144267 -0.04291406
v -0.01000296 -0.00169219 -0.04279419
v -0.00999805 -0.00182440 -0.04276825
v -0.01000031 -0.00195844 -0.04276608
v -0.01004880 -0.00233997 -0.04289909
v -0.01013942 -0.00230280 -0.04291753
v -0.01013243 -0.00257293 -0.04315634
v -0.01010586 -0.00252260 -0.04307330
v -0.01019186 -0.00247061 -0.04307749
v -0.01018976 -0.00262624 -0.04333826
v -0.01021780 -0.00262657 -0.04342105
v -0.01029274 -0.00256707 -0.04339740
v -0.01035587 -0.00243133 -0.04337684
v -0.01030699 -0.00254887 -0.04339285
v -0.01029988 -0.00246310 -0.04324083
v -0.01024229 -0.00254924 -0.04323595
v -0.01016078 -0.00260818 -0.04324587
v -0.01024271 -0.00148758 -0.04307402
v -0.01026033 -0.00135173 -0.04319185
v -0.01021894 -0.00144805 -0.04304932
v -0.01019648 -0.00126945 -0.04317969
v -0.01014896 -0.00138046 -0.04301546
v -0.01021001 -0.00165489 -0.04295473
v -0.01019790 -0.00184275 -0.04290147
v -0.01018318 -0.00163152 -0.04291854
v -0.01016995 -0.00183747 -0.04286013
v -0.01010793 -0.00159183 -0.04286471
v -0.01009277 -0.00182902 -0.04279738
v -0.01011068 -0.00121555 -0.04318470
v -0.01001449 -0.00156632 -0.04284162
v -0.01002623 -0.00222059 -0.04283314
v -0.01000975 -0.00209059 -0.04278787
v -0.01010351 -0.00207365 -0.04281541
v -0.01017927 -0.00204993 -0.04287580
v -0.01020641 -0.00203661 -0.04291579
v -0.01021050 -0.00224899 -0.04296445
v -0.01023492 -0.00221828 -0.04299666
v -0.01022977 -0.00208303 -0.04297452
v -0.01021531 -0.00184649 -0.04294369
v -0.01023323 -0.00162755 -0.04301811
v -0.01027045 -0.00148620 -0.04315002
v -0.01025608 -0.00239479 -0.04310329
v -0.01027655 -0.00235135 -0.04312332
v -0.01027730 -0.00228550 -0.04311588
v -0.01031609 -0.00190538 -0.04326225
v -0.01041747 -0.00233355 -0.04356550
v -0.01037900 -0.00184612 -0.04346946
v -0.01034896 -0.00141905 -0.04340998
v -0.01039560 -0.00146143 -0.04355659
v -0.01046232 -0.00219338 -0.04371832
v -0.01048352 -0.00200014 -0.04379893
v -0.01047861 -0.00179729 -0.04379736
v -0.01044135 -0.00157713 -0.04369435
v -0.01049493 -0.00196321 -0.04390011
v -0.01049432 -0.00195747 -0.04385019
v -0.01048518 -0.00176237 -0.04383479
v -0.01031690 -0.00206697 -0.04410557
v -0.01031383 -0.00212138 -0.04409220
v -0.01040072 -0.00211406 -0.04404790
v -0.01030881 -0.00256768 -0.04344914
v -0.01023320 -0.00262832 -0.04347808
v -0.01036915 -0.00242818 -0.04341760
v -0.01035760 -0.00247903 -0.04342588
v -0.01040986 -0.00239700 -0.04355079
v -0.01014189 -0.00264833 -0.04350744
v -0.01034270 -0.00246465 -0.04384036
v -0.01022852 -0.00255111 -0.04379241
v -0.01031753 -0.00253348 -0.04375548
v -0.01020053 -0.00260290 -0.04369935
v -0.01030135 -0.00224980 -0.04404407
v -0.01028105 -0.00237381 -0.04397148
v -0.01036876 -0.00236046 -0.04393014
v -0.01027651 -0.00239528 -0.04395563
v -0.01026498 -0.00244312 -0.04391583
v -0.01037542 -0.00158251 -0.04400562
v -0.01030959 -0.00174790 -0.04410490
v -0.01039313 -0.00171400 -0.04405197
v -0.01031653 -0.00184818 -0.04411963
v -0.01040335 -0.00184727 -0.04407465
v -0.01031912 -0.00198743 -0.04411802
v -0.01028788 -0.00157719 -0.04404884
v -0.01035137 -0.00146164 -0.04393852
v -0.01025528 -0.00142160 -0.04395739
v -0.01032339 -0.00136046 -0.04385749
v -0.01023450 -0.00135002 -0.04389696
v -0.01029136 -0.00127714 -0.04376214
v -0.01020528 -0.00127282 -0.04381015
v -0.01020726 -0.00117521 -0.04350201
v -0.01012403 -0.00116413 -0.04355993
v -0.01014487 -0.00117879 -0.04362523
v -0.01023601 -0.00119301 -0.04359244
v -0.01031166 -0.00124877 -0.04355412
v -0.01036040 -0.00133388 -0.04351694
v -0.01037186 -0.00138356 -0.04350063
v -0.01048178 -0.00214492 -0.04379763
v -0.01048116 -0.00216865 -0.04384249
v -0.01045133 -0.00221037 -0.04392919
v -0.01048487 -0.00174934 -0.04388322
v -0.01045512 -0.00157877 -0.04375234
v -0.01045184 -0.00154802 -0.04379283
v -0.01041184 -0.00144463 -0.04362409
v -0.01040430 -0.00140090 -0.04365225
v -0.01044477 -0.00234842 -0.04371452
v -0.01040932 -0.00241732 -0.04378175
v -0.01036025 -0.00252833 -0.04361741
v -0.01046723 -0.00197384 -0.04399556
v -0.01045557 -0.00172753 -0.04397607
v -0.01041734 -0.00149561 -0.04387192
v -0.01036238 -0.00132607 -0.04370997
v -0.01028922 -0.00258548 -0.04366136
v -0.01026210 -0.00261526 -0.04357222
v -0.01017170 -0.00263492 -0.04360454
v -0.01044863 -0.00230899 -0.04368088
v -0.01040224 -0.00244486 -0.04357190
v -0.01038854 -0.00223942 -0.04400094
v -0.01040588 -0.00198202 -0.04407322
v -0.01017403 -0.00121423 -0.04371536
v -0.01026445 -0.00122769 -0.04368036
v -0.01011819 -0.00120520 -0.04370618
v -0.01015408 -0.00126739 -0.04381480
v -0.01025072 -0.00164628 -0.04409032
v -0.01021627 -0.00145691 -0.04399583
v -0.01019485 -0.00137730 -0.04393454
v -0.01027159 -0.00193650 -0.04413613
v -0.01025724 -0.00222133 -0.04407174
v -0.01021144 -0.00246526 -0.04391013
v -0.01014768 -0.00261107 -0.04369668
v -0.01057542 -0.00480655 -0.04490295
v -0.01052732 -0.00480649 -0.04491712
v -0.01054314 -0.00480314 -0.04479447
v -0.01044520 -0.00475478 -0.04464196
v -0.01051762 -0.00478514 -0.04470899
v -0.01046174 -0.00469405 -0.04452278
v -0.01041261 -0.00469156 -0.04453354
v -0.01037397 -0.00457495 -0.04440562
v -0.01041042 -0.00452808 -0.04435309
v -0.01040229 -0.00449066 -0.04432638
v -0.01032648 -0.00431654 -0.04425000
v -0.01036222 -0.00418530 -0.04419617
v -0.01030817 -0.00401737 -0.04419226
v -0.01035715 -0.00393207 -0.04418204
v -0.01032395 -0.00371818 -0.04424800
v -0.01036079 -0.00384901 -0.04419504
v -0.01043716 -0.00328306 -0.04463116
v -0.01042042 -0.00344731 -0.04439829
v -0.01036926 -0.00345979 -0.04440196
v -0.01040810 -0.00349717 -0.04435658
v -0.01037970 -0.00365531 -0.04426010
v -0.01056872 -0.00322845 -0.04489846
v -0.01055071 -0.00322757 -0.04483777
v -0.01052071 -0.00322893 -0.04491263
v -0.01048934 -0.00327620 -0.04463097
v -0.01058520 -0.00477637 -0.04469115
v -0.01080900 -0.00454350 -0.04481256
v -0.01081452 -0.00454313 -0.04483112
v -0.01081060 -0.00459288 -0.04483244
v -0.01074942 -0.00448852 -0.04461310
v -0.01079148 -0.00343416 -0.04478466
v -0.01080556 -0.00343870 -0.04482924
v -0.01075979 -0.00352068 -0.04465836
v -0.01081021 -0.00349015 -0.04482812
v -0.01075417 -0.00332289 -0.04484390
v -0.01075193 -0.00334124 -0.04478815
v -0.01074715 -0.00346857 -0.04463526
v -0.01071209 -0.00363348 -0.04449702
v -0.01066324 -0.00324741 -0.04487050
v -0.01061795 -0.00323588 -0.04481855
v -0.01063577 -0.00323675 -0.04487859
v -0.01050044 -0.00341373 -0.04442229
v -0.01055852 -0.00328210 -0.04461829
v -0.01044876 -0.00365898 -0.04424705
v -0.01042646 -0.00393263 -0.04416982
v -0.01043389 -0.00421576 -0.04419149
v -0.01047110 -0.00448515 -0.04431262
v -0.01052862 -0.00468323 -0.04450262
v -0.01076693 -0.00458259 -0.04468957
v -0.01076056 -0.00470965 -0.04484766
v -0.01072353 -0.00467298 -0.04467793
v -0.01070994 -0.00476170 -0.04486286
v -0.01065535 -0.00474150 -0.04467966
v -0.01067019 -0.00478641 -0.04487474
v -0.01064238 -0.00479754 -0.04488302
v -0.01070367 -0.00327200 -0.04485862
v -0.01068665 -0.00327117 -0.04480130
v -0.01070053 -0.00338118 -0.04461494
v -0.01070386 -0.00356667 -0.04448901
v -0.01067624 -0.00383942 -0.04437480
v -0.01060565 -0.00370698 -0.04429379
v -0.01064875 -0.00395349 -0.04430058
v -0.01058637 -0.00394355 -0.04422697
v -0.01065426 -0.00416459 -0.04431674
v -0.01059278 -0.00418832 -0.04424570
v -0.01068195 -0.00436545 -0.04440711
v -0.01062492 -0.00442122 -0.04435048
v -0.01072477 -0.00451315 -0.04454888
v -0.01067461 -0.00459246 -0.04451484
v -0.01062990 -0.00331528 -0.04461011
v -0.01065031 -0.00349496 -0.04444538
v -0.01066536 -0.00374949 -0.04435823
v -0.01066941 -0.00407311 -0.04434953
v -0.01057446 -0.00344091 -0.04442298
v -0.01052513 -0.00367500 -0.04425567
v -0.01050385 -0.00393619 -0.04418192
v -0.01051093 -0.00420642 -0.04420261
v -0.01054644 -0.00446355 -0.04431825
v -0.01060134 -0.00465260 -0.04449965
v -0.01069572 -0.00431628 -0.04443489
v -0.01095296 -0.00392722 -0.04530587
v -0.01094945 -0.00417463 -0.04529122
v -0.01078754 -0.00401071 -0.04474461
v -0.01091259 -0.00439895 -0.04516389
v -0.01092167 -0.00368412 -0.04520239
v -0.01087551 -0.00354559 -0.04504789
v -0.01084730 -0.00350501 -0.04495309
v -0.01086469 -0.00451281 -0.04500080
v -0.01069274 -0.00325756 -0.04507042
v -0.01084728 -0.00345034 -0.04497252
v -0.01088914 -0.00351947 -0.04511318
v -0.01093158 -0.00366692 -0.04525526
v -0.01095898 -0.00386754 -0.04534607
v -0.01096457 -0.00407874 -0.04536273
v -0.01083078 -0.00459720 -0.04490423
v -0.01087492 -0.00455234 -0.04505374
v -0.01091749 -0.00444112 -0.04519899
v -0.01094835 -0.00428271 -0.04530538
v -0.01073704 -0.00476021 -0.04495429
v -0.01060413 -0.00480494 -0.04499974
v -0.01073502 -0.00453811 -0.04544587
v -0.01072259 -0.00458902 -0.04540309
v -0.01078684 -0.00458666 -0.04537394
v -0.01065437 -0.00475942 -0.04516996
v -0.01072988 -0.00473582 -0.04517918
v -0.01067078 -0.00479596 -0.04497879
v -0.01076317 -0.00437842 -0.04554342
v -0.01082812 -0.00437420 -0.04551665
v -0.01078150 -0.00418606 -0.04560804
v -0.01084979 -0.00410060 -0.04559362
v -0.01078508 -0.00410156 -0.04562122
v -0.01084231 -0.00381726 -0.04557131
v -0.01078018 -0.00385219 -0.04560734
v -0.01080562 -0.00354811 -0.04544955
v -0.01073316 -0.00350916 -0.04545126
v -0.01074881 -0.00335029 -0.04525902
v -0.01068035 -0.00333700 -0.04527410
v -0.01062631 -0.00324949 -0.04509234
v -0.01059962 -0.00323111 -0.04500249
v -0.01075803 -0.00329185 -0.04504177
v -0.01079754 -0.00468993 -0.04492677
v -0.01084869 -0.00463792 -0.04510011
v -0.01089800 -0.00450897 -0.04526854
v -0.01093375 -0.00432529 -0.04539194
v -0.01095254 -0.00408877 -0.04545847
v -0.01094606 -0.00384383 -0.04543916
v -0.01091431 -0.00361117 -0.04533388
v -0.01086513 -0.00344016 -0.04516910
v -0.01081662 -0.00335999 -0.04500599
v -0.01081157 -0.00338036 -0.04522183
v -0.01086583 -0.00356918 -0.04540373
v -0.01090086 -0.00382608 -0.04551996
v -0.01090801 -0.00409651 -0.04554125
v -0.01088729 -0.00435765 -0.04546778
v -0.01084787 -0.00456043 -0.04533155
v -0.01079347 -0.00470280 -0.04514562
v -0.01060058 -0.00476773 -0.04516527
v -0.01059872 -0.00327477 -0.04517581
v -0.01063459 -0.00334296 -0.04529650
v -0.01067192 -0.00345632 -0.04542181
v -0.01072190 -0.00373773 -0.04558856
v -0.01073768 -0.00404359 -0.04563897
v -0.01066724 -0.00461447 -0.04539291
v -0.01071821 -0.00435276 -0.04556914
v -0.00877168 -0.00234588 -0.03938465
v -0.00878274 -0.00238775 -0.03941425
v -0.00871915 -0.00232387 -0.03938675
v -0.00891377 -0.00264081 -0.03992849
v -0.00889233 -0.00264125 -0.03986703
v -0.00896093 -0.00264020 -0.03991199
v -0.00891655 -0.00263266 -0.03978560
v -0.00880107 -0.00255605 -0.03960990
v -0.00883604 -0.00253248 -0.03955999
v -0.00886616 -0.00258404 -0.03964379
v -0.00889836 -0.00262019 -0.03973420
v -0.00882759 -0.00251455 -0.03953662
v -0.00867385 -0.00200981 -0.03927350
v -0.00872496 -0.00205989 -0.03926571
v -0.00874640 -0.00222401 -0.03931838
v -0.00878814 -0.00131899 -0.03949547
v -0.00876619 -0.00139497 -0.03942677
v -0.00872400 -0.00137795 -0.03945858
v -0.00875839 -0.00142815 -0.03940198
v -0.00867543 -0.00168149 -0.03929750
v -0.00873579 -0.00155507 -0.03932817
v -0.00872056 -0.00170390 -0.03927450
v -0.00866896 -0.00182013 -0.03927036
v -0.00871579 -0.00181906 -0.03925349
v -0.00871782 -0.00195616 -0.03925110
v -0.00881639 -0.00124826 -0.03958212
v -0.00880397 -0.00119277 -0.03970429
v -0.00884716 -0.00119623 -0.03967484
v -0.00892994 -0.00115220 -0.03991774
v -0.00891045 -0.00115147 -0.03986130
v -0.00888282 -0.00115443 -0.03993420
v -0.00887829 -0.00116474 -0.03976721
v -0.00900301 -0.00162584 -0.03938140
v -0.00903109 -0.00164908 -0.03941658
v -0.00901675 -0.00183681 -0.03936366
v -0.00913952 -0.00131117 -0.03979587
v -0.00915580 -0.00136219 -0.03979464
v -0.00911138 -0.00139299 -0.03966454
v -0.00889588 -0.00243286 -0.03944427
v -0.00888288 -0.00133016 -0.03947394
v -0.00909959 -0.00122359 -0.03985877
v -0.00908279 -0.00122371 -0.03980796
v -0.00900228 -0.00116629 -0.03983086
v -0.00916294 -0.00133533 -0.03983696
v -0.00914648 -0.00240641 -0.03970473
v -0.00915139 -0.00235549 -0.03970902
v -0.00919385 -0.00237231 -0.03982964
v -0.00917483 -0.00141165 -0.03983301
v -0.00911034 -0.00145836 -0.03964435
v -0.00906542 -0.00158028 -0.03950705
v -0.00902061 -0.00116669 -0.03988617
v -0.00897089 -0.00117931 -0.03973906
v -0.00894149 -0.00120881 -0.03965190
v -0.00891046 -0.00126100 -0.03955847
v -0.00881423 -0.00195271 -0.03923552
v -0.00881224 -0.00181881 -0.03923786
v -0.00881831 -0.00168672 -0.03926366
v -0.00882425 -0.00208470 -0.03925682
v -0.00884212 -0.00221420 -0.03930116
v -0.00886679 -0.00233314 -0.03936582
v -0.00895898 -0.00256553 -0.03961864
v -0.00892959 -0.00251522 -0.03953688
v -0.00901576 -0.00246329 -0.03953809
v -0.00902256 -0.00261891 -0.03979797
v -0.00905345 -0.00261931 -0.03987960
v -0.00912763 -0.00255984 -0.03985348
v -0.00919025 -0.00242413 -0.03983109
v -0.00914174 -0.00254166 -0.03984848
v -0.00912948 -0.00245580 -0.03969723
v -0.00907160 -0.00254191 -0.03969418
v -0.00899039 -0.00260079 -0.03970686
v -0.00906851 -0.00148120 -0.03953519
v -0.00904396 -0.00144176 -0.03951144
v -0.00897297 -0.00137428 -0.03948024
v -0.00898732 -0.00183164 -0.03932337
v -0.00902547 -0.00203043 -0.03937748
v -0.00899688 -0.00204384 -0.03933851
v -0.00905649 -0.00221142 -0.03945673
v -0.00903086 -0.00224216 -0.03942538
v -0.00909088 -0.00134501 -0.03965324
v -0.00902689 -0.00126276 -0.03964364
v -0.00892593 -0.00158635 -0.03933037
v -0.00890795 -0.00182337 -0.03926349
v -0.00891896 -0.00206770 -0.03928091
v -0.00895806 -0.00229599 -0.03938100
v -0.00885384 -0.00143686 -0.03938273
v -0.00883178 -0.00156091 -0.03931071
v -0.00908100 -0.00238751 -0.03956174
v -0.00910224 -0.00234408 -0.03958112
v -0.00909030 -0.00224548 -0.03953951
v -0.00904536 -0.00203532 -0.03942181
v -0.00903725 -0.00179161 -0.03941273
v -0.00930904 -0.00218619 -0.04016936
v -0.00925829 -0.00232698 -0.04001679
v -0.00932886 -0.00178910 -0.04024881
v -0.00933339 -0.00199328 -0.04024965
v -0.00918565 -0.00185950 -0.03983080
v -0.00923478 -0.00144896 -0.04000195
v -0.00928866 -0.00156953 -0.04014785
v -0.00934835 -0.00195409 -0.04035070
v -0.00934607 -0.00194851 -0.04030088
v -0.00933664 -0.00175292 -0.04028574
v -0.00917723 -0.00205666 -0.04056200
v -0.00917360 -0.00211206 -0.04054854
v -0.00925895 -0.00210487 -0.04050135
v -0.00921287 -0.00241932 -0.03989413
v -0.00920228 -0.00247001 -0.03990485
v -0.00925812 -0.00237903 -0.04002589
v -0.00908173 -0.00261878 -0.03996734
v -0.00915550 -0.00255837 -0.03993337
v -0.00911393 -0.00259951 -0.04006069
v -0.00898082 -0.00264104 -0.03996914
v -0.00899194 -0.00263865 -0.04000120
v -0.00920305 -0.00242678 -0.04032451
v -0.00908799 -0.00252059 -0.04028236
v -0.00917543 -0.00250359 -0.04024164
v -0.00904580 -0.00259597 -0.04015781
v -0.00915930 -0.00224103 -0.04050067
v -0.00914039 -0.00234737 -0.04044102
v -0.00922655 -0.00233456 -0.04039645
v -0.00913135 -0.00238673 -0.04041316
v -0.00911783 -0.00243672 -0.04037197
v -0.00923317 -0.00157316 -0.04046057
v -0.00916650 -0.00170113 -0.04055306
v -0.00925204 -0.00170357 -0.04050577
v -0.00917093 -0.00174448 -0.04056293
v -0.00926283 -0.00183715 -0.04052811
v -0.00917993 -0.00197733 -0.04057429
v -0.00914714 -0.00156766 -0.04050671
v -0.00920736 -0.00145333 -0.04039514
v -0.00911317 -0.00141699 -0.04042022
v -0.00917715 -0.00135297 -0.04031608
v -0.00908970 -0.00134235 -0.04035862
v -0.00914239 -0.00127027 -0.04022293
v -0.00905557 -0.00126075 -0.04026723
v -0.00904968 -0.00116842 -0.03996641
v -0.00896658 -0.00115628 -0.04002163
v -0.00899166 -0.00117180 -0.04009184
v -0.00921336 -0.00137678 -0.03995827
v -0.00920266 -0.00132714 -0.03997521
v -0.00915558 -0.00124205 -0.04001453
v -0.00908155 -0.00118622 -0.04005579
v -0.00933145 -0.00213670 -0.04024852
v -0.00933232 -0.00216033 -0.04029332
v -0.00930538 -0.00220187 -0.04038088
v -0.00933799 -0.00173967 -0.04033412
v -0.00930437 -0.00157089 -0.04020523
v -0.00930256 -0.00154007 -0.04024588
v -0.00925740 -0.00143781 -0.04007991
v -0.00925099 -0.00139411 -0.04010852
v -0.00929893 -0.00231677 -0.04018955
v -0.00926688 -0.00238197 -0.04026135
v -0.00921266 -0.00250754 -0.04009979
v -0.00932387 -0.00196440 -0.04044696
v -0.00931187 -0.00171744 -0.04042785
v -0.00927092 -0.00148749 -0.04032623
v -0.00921137 -0.00131928 -0.04016806
v -0.00930102 -0.00227947 -0.04015383
v -0.00925190 -0.00242586 -0.04004930
v -0.00914397 -0.00256345 -0.04014858
v -0.00902495 -0.00261890 -0.04009688
v -0.00924500 -0.00223076 -0.04045464
v -0.00926515 -0.00197232 -0.04052658
v -0.00902380 -0.00120722 -0.04018067
v -0.00911289 -0.00122086 -0.04014245
v -0.00896742 -0.00119774 -0.04017272
v -0.00900694 -0.00126011 -0.04028021
v -0.00911109 -0.00163670 -0.04054937
v -0.00907405 -0.00144797 -0.04045685
v -0.00905076 -0.00136837 -0.04039648
v -0.00913297 -0.00192791 -0.04059395
v -0.00911589 -0.00221407 -0.04052919
v -0.00906414 -0.00245840 -0.04036845
v -0.00899295 -0.00260398 -0.04015726
v -0.00945924 -0.00480108 -0.04134706
v -0.00941166 -0.00480096 -0.04136288
v -0.00942593 -0.00479864 -0.04124705
v -0.00932341 -0.00475351 -0.04109902
v -0.00939493 -0.00477960 -0.04115430
v -0.00933557 -0.00469394 -0.04097765
v -0.00928399 -0.00468589 -0.04098191
v -0.00924219 -0.00457248 -0.04085846
v -0.00927540 -0.00451991 -0.04079995
v -0.00926692 -0.00448454 -0.04077508
v -0.00918685 -0.00429742 -0.04069652
v -0.00922253 -0.00417723 -0.04064607
v -0.00916866 -0.00398727 -0.04064517
v -0.00921728 -0.00392641 -0.04063268
v -0.00940524 -0.00322382 -0.04135794
v -0.00936484 -0.00327067 -0.04107776
v -0.00932272 -0.00326398 -0.04110999
v -0.00928824 -0.00344108 -0.04084754
v -0.00924867 -0.00341610 -0.04088742
v -0.00927388 -0.00349331 -0.04080432
v -0.00919140 -0.00367478 -0.04071499
v -0.00924259 -0.00364975 -0.04071002
v -0.00922125 -0.00384555 -0.04064512
v -0.00945273 -0.00322349 -0.04134216
v -0.00943255 -0.00322254 -0.04128139
v -0.00946186 -0.00477085 -0.04113427
v -0.00951907 -0.00323181 -0.04132016
v -0.00954631 -0.00324251 -0.04131116
v -0.00949914 -0.00323087 -0.04126016
v -0.00964349 -0.00457742 -0.04112681
v -0.00963471 -0.00450055 -0.04108417
v -0.00969588 -0.00453782 -0.04126735
v -0.00967139 -0.00342896 -0.04122076
v -0.00968710 -0.00343385 -0.04126531
v -0.00963491 -0.00351669 -0.04109330
v -0.00969169 -0.00348524 -0.04126403
v -0.00963628 -0.00331803 -0.04128163
v -0.00963196 -0.00333614 -0.04122550
v -0.00962222 -0.00346333 -0.04107281
v -0.00957974 -0.00363807 -0.04092705
v -0.00936870 -0.00340851 -0.04086803
v -0.00943326 -0.00327696 -0.04106204
v -0.00931109 -0.00365361 -0.04069459
v -0.00928609 -0.00392682 -0.04061816
v -0.00929407 -0.00420957 -0.04063936
v -0.00933519 -0.00447906 -0.04075903
v -0.00939894 -0.00467736 -0.04094709
v -0.00969203 -0.00458742 -0.04126883
v -0.00964255 -0.00470418 -0.04128575
v -0.00959965 -0.00466767 -0.04111658
v -0.00959230 -0.00475634 -0.04130265
v -0.00953155 -0.00473606 -0.04112051
v -0.00955310 -0.00478094 -0.04131579
v -0.00952549 -0.00479210 -0.04132500
v -0.00958620 -0.00326702 -0.04129803
v -0.00956717 -0.00326612 -0.04124073
v -0.00957496 -0.00337599 -0.04105404
v -0.00957408 -0.00356143 -0.04092792
v -0.00954124 -0.00384848 -0.04081035
v -0.00951912 -0.00348973 -0.04088611
v -0.00953118 -0.00374420 -0.04079838
v -0.00946934 -0.00370166 -0.04073599
v -0.00951257 -0.00394794 -0.04074129
v -0.00944774 -0.00393789 -0.04066983
v -0.00951851 -0.00415880 -0.04075716
v -0.00945463 -0.00418236 -0.04068820
v -0.00954911 -0.00435979 -0.04084657
v -0.00949015 -0.00441538 -0.04079180
v -0.00959659 -0.00450769 -0.04098702
v -0.00954525 -0.00458683 -0.04095458
v -0.00950427 -0.00331012 -0.04105153
v -0.00944262 -0.00343569 -0.04086625
v -0.00938764 -0.00366965 -0.04070062
v -0.00936378 -0.00393044 -0.04062762
v -0.00937139 -0.00420032 -0.04064788
v -0.00941063 -0.00445755 -0.04076217
v -0.00947148 -0.00464682 -0.04094176
v -0.00953676 -0.00410404 -0.04079485
v -0.00957270 -0.00434825 -0.04089993
v -0.00972674 -0.00401299 -0.04136363
v -0.00966360 -0.00397162 -0.04117401
v -0.00984624 -0.00416267 -0.04172538
v -0.00980647 -0.00438794 -0.04160271
v -0.00975035 -0.00450896 -0.04143199
v -0.00984917 -0.00391577 -0.04173647
v -0.00981381 -0.00367443 -0.04163124
v -0.00975685 -0.00352925 -0.04146026
v -0.00973814 -0.00350520 -0.04140397
v -0.00958219 -0.00325305 -0.04151020
v -0.00973343 -0.00344552 -0.04140746
v -0.00977983 -0.00351504 -0.04154708
v -0.00982685 -0.00366330 -0.04168829
v -0.00985705 -0.00386485 -0.04177830
v -0.00986294 -0.00407568 -0.04179434
v -0.00970582 -0.00459394 -0.04131396
v -0.00975498 -0.00455947 -0.04146262
v -0.00980269 -0.00446125 -0.04160791
v -0.00984478 -0.00427910 -0.04173727
v -0.00961130 -0.00475725 -0.04135990
v -0.00947935 -0.00480204 -0.04140765
v -0.00963512 -0.00453723 -0.04188193
v -0.00962286 -0.00458229 -0.04184423
v -0.00967496 -0.00461512 -0.04177882
v -0.00954713 -0.00475356 -0.04161289
v -0.00961117 -0.00474682 -0.04158413
v -0.00954539 -0.00479305 -0.04138496
v -0.00966709 -0.00437536 -0.04198081
v -0.00973118 -0.00437087 -0.04195218
v -0.00968725 -0.00418799 -0.04204410
v -0.00975541 -0.00409812 -0.04202866
v -0.00969161 -0.00409928 -0.04205822
v -0.00974753 -0.00381541 -0.04200714
v -0.00968583 -0.00384057 -0.04204290
v -0.00970715 -0.00354512 -0.04188648
v -0.00963281 -0.00349803 -0.04188438
v -0.00964428 -0.00334629 -0.04169725
v -0.00958267 -0.00334674 -0.04173345
v -0.00951653 -0.00324496 -0.04153422
v -0.00949305 -0.00322896 -0.04146353
v -0.00964648 -0.00328729 -0.04147951
v -0.00967192 -0.00468685 -0.04133351
v -0.00972887 -0.00464689 -0.04150585
v -0.00978414 -0.00453301 -0.04167430
v -0.00983285 -0.00432183 -0.04182427
v -0.00985387 -0.00408600 -0.04189043
v -0.00984704 -0.00384155 -0.04187183
v -0.00981206 -0.00360785 -0.04176746
v -0.00975761 -0.00343593 -0.04160374
v -0.00970385 -0.00335531 -0.04144190
v -0.00970578 -0.00337630 -0.04165812
v -0.00976583 -0.00356609 -0.04183880
v -0.00980440 -0.00382409 -0.04195401
v -0.00981193 -0.00409395 -0.04197455
v -0.00978877 -0.00435429 -0.04190153
v -0.00973507 -0.00458742 -0.04173600
v -0.00967412 -0.00471313 -0.04155009
v -0.00949181 -0.00327056 -0.04161892
v -0.00941005 -0.00322304 -0.04137253
v -0.00953144 -0.00333896 -0.04173831
v -0.00957277 -0.00345295 -0.04186277
v -0.00962776 -0.00373463 -0.04202781
v -0.00964490 -0.00403986 -0.04207758
v -0.00949306 -0.00476215 -0.04160925
v -0.00956687 -0.00460904 -0.04183458
v -0.00962322 -0.00434808 -0.04200865
v -0.00941497 -0.00480160 -0.04137318
v -0.00745952 -0.00234061 -0.03590488
v -0.00747160 -0.00238247 -0.03593411
v -0.00740686 -0.00231711 -0.03590794
v -0.00762050 -0.00263401 -0.03644113
v -0.00759671 -0.00263445 -0.03638030
v -0.00766698 -0.00263340 -0.03642287
v -0.00761651 -0.00262520 -0.03629476
v -0.00749619 -0.00254903 -0.03612699
v -0.00752976 -0.00252635 -0.03607713
v -0.00756275 -0.00257764 -0.03615943
v -0.00759809 -0.00261358 -0.03624823
v -0.00751892 -0.00250527 -0.03605024
v -0.00735831 -0.00200599 -0.03579727
v -0.00741228 -0.00208705 -0.03579492
v -0.00743206 -0.00221924 -0.03583971
v -0.00748096 -0.00131329 -0.03601426
v -0.00745651 -0.00138909 -0.03594664
v -0.00741533 -0.00137316 -0.03597889
v -0.00744773 -0.00142252 -0.03592201
v -0.00736085 -0.00167727 -0.03582034
v -0.00742235 -0.00154952 -0.03584919
v -0.00740512 -0.00169781 -0.03579641
v -0.00735340 -0.00181499 -0.03579395
v -0.00739943 -0.00181418 -0.03577545
v -0.00740880 -0.00205436 -0.03578751
v -0.00751239 -0.00124258 -0.03609961
v -0.00750435 -0.00118728 -0.03622115
v -0.00754664 -0.00119048 -0.03619113
v -0.00763841 -0.00114640 -0.03643049
v -0.00761673 -0.00114570 -0.03637464
v -0.00759198 -0.00114858 -0.03644870
v -0.00758110 -0.00115903 -0.03628196
v -0.00769110 -0.00162039 -0.03589253
v -0.00772035 -0.00164359 -0.03592658
v -0.00770392 -0.00183175 -0.03587435
v -0.00784292 -0.00130562 -0.03630076
v -0.00785905 -0.00135659 -0.03629894
v -0.00780986 -0.00138746 -0.03617087
v -0.00758557 -0.00242719 -0.03595967
v -0.00757484 -0.00132460 -0.03598929
v -0.00781791 -0.00123260 -0.03636041
v -0.00778683 -0.00121818 -0.03631493
v -0.00770732 -0.00116070 -0.03634080
v -0.00787212 -0.00134590 -0.03633943
v -0.00784511 -0.00240001 -0.03620952
v -0.00784009 -0.00233966 -0.03618815
v -0.00789696 -0.00236580 -0.03633209
v -0.00787946 -0.00140597 -0.03633669
v -0.00780811 -0.00145259 -0.03615110
v -0.00775807 -0.00157437 -0.03601577
v -0.00772795 -0.00116113 -0.03639547
v -0.00767256 -0.00117376 -0.03625040
v -0.00763997 -0.00120329 -0.03616456
v -0.00760551 -0.00125548 -0.03607254
v -0.00749709 -0.00194821 -0.03575419
v -0.00749527 -0.00181401 -0.03575640
v -0.00750236 -0.00168160 -0.03578183
v -0.00750780 -0.00208045 -0.03577537
v -0.00752710 -0.00220947 -0.03581905
v -0.00755388 -0.00232792 -0.03588261
v -0.00765458 -0.00255919 -0.03613088
v -0.00762241 -0.00250915 -0.03605061
v -0.00770857 -0.00245725 -0.03604857
v -0.00772444 -0.00261224 -0.03630698
v -0.00775828 -0.00261256 -0.03638704
v -0.00783145 -0.00255318 -0.03635821
v -0.00789337 -0.00241745 -0.03633361
v -0.00784544 -0.00253495 -0.03635269
v -0.00782780 -0.00244938 -0.03620267
v -0.00776978 -0.00253543 -0.03620179
v -0.00768906 -0.00259425 -0.03621749
v -0.00776223 -0.00147563 -0.03604352
v -0.00773692 -0.00143623 -0.03602074
v -0.00766499 -0.00136878 -0.03599225
v -0.00767312 -0.00182668 -0.03583526
v -0.00771302 -0.00202576 -0.03588815
v -0.00768311 -0.00203930 -0.03585039
v -0.00774665 -0.00220601 -0.03596609
v -0.00771993 -0.00223682 -0.03593582
v -0.00778905 -0.00133952 -0.03616036
v -0.00772489 -0.00125731 -0.03615314
v -0.00761236 -0.00158095 -0.03584448
v -0.00759175 -0.00181853 -0.03577847
v -0.00760326 -0.00206336 -0.03579589
v -0.00764561 -0.00229074 -0.03589433
v -0.00754240 -0.00143137 -0.03589933
v -0.00751764 -0.00155547 -0.03582831
v -0.00777464 -0.00238147 -0.03606968
v -0.00779661 -0.00233803 -0.03608819
v -0.00778312 -0.00223919 -0.03604678
v -0.00773431 -0.00202933 -0.03593128
v -0.00772621 -0.00178560 -0.03592262
v -0.00802498 -0.00217957 -0.03666688
v -0.00796796 -0.00232095 -0.03651537
v -0.00804838 -0.00178288 -0.03674578
v -0.00805259 -0.00198711 -0.03674620
v -0.00788946 -0.00185374 -0.03633382
v -0.00794569 -0.00144325 -0.03650323
v -0.00800480 -0.00156373 -0.03664677
v -0.00807148 -0.00194678 -0.03684673
v -0.00806731 -0.00194132 -0.03679705
v -0.00805755 -0.00174620 -0.03678226
v -0.00790852 -0.00204747 -0.03706467
v -0.00790427 -0.00210400 -0.03705114
v -0.00798776 -0.00209694 -0.03700073
v -0.00791817 -0.00241277 -0.03639534
v -0.00790793 -0.00246342 -0.03640637
v -0.00796833 -0.00237258 -0.03652506
v -0.00778959 -0.00261205 -0.03647310
v -0.00786211 -0.00255171 -0.03643648
v -0.00782526 -0.00259282 -0.03656499
v -0.00768901 -0.00263420 -0.03647921
v -0.00770112 -0.00263184 -0.03651029
v -0.00792460 -0.00241997 -0.03682550
v -0.00780785 -0.00251384 -0.03678754
v -0.00789370 -0.00249691 -0.03674355
v -0.00776091 -0.00258917 -0.03666473
v -0.00788806 -0.00223285 -0.03700399
v -0.00786667 -0.00233989 -0.03694478
v -0.00795108 -0.00232717 -0.03689695
v -0.00785667 -0.00237878 -0.03691763
v -0.00784116 -0.00243007 -0.03687595
v -0.00796111 -0.00156643 -0.03696093
v -0.00789781 -0.00169388 -0.03705582
v -0.00798147 -0.00169646 -0.03700530
v -0.00790285 -0.00174015 -0.03706609
v -0.00799293 -0.00182972 -0.03702719
v -0.00791170 -0.00196956 -0.03707654
v -0.00787692 -0.00156078 -0.03701034
v -0.00793306 -0.00144696 -0.03689667
v -0.00784080 -0.00141326 -0.03692730
v -0.00790009 -0.00134690 -0.03681897
v -0.00781435 -0.00133612 -0.03686484
v -0.00786203 -0.00126444 -0.03672741
v -0.00777391 -0.00124928 -0.03676758
v -0.00775987 -0.00116276 -0.03647463
v -0.00767609 -0.00114943 -0.03652578
v -0.00770663 -0.00116592 -0.03660217
v -0.00792272 -0.00137109 -0.03646031
v -0.00791276 -0.00132150 -0.03647765
v -0.00786735 -0.00123642 -0.03651871
v -0.00779505 -0.00118050 -0.03656273
v -0.00805057 -0.00212924 -0.03674548
v -0.00805312 -0.00215274 -0.03679020
v -0.00802950 -0.00219402 -0.03687871
v -0.00806075 -0.00173287 -0.03683052
v -0.00802257 -0.00156472 -0.03670322
v -0.00802235 -0.00153389 -0.03674389
v -0.00797119 -0.00143204 -0.03658009
v -0.00796596 -0.00138837 -0.03660893
v -0.00801544 -0.00231015 -0.03668720
v -0.00798604 -0.00237525 -0.03676004
v -0.00792548 -0.00250100 -0.03660034
v -0.00805067 -0.00195687 -0.03694382
v -0.00803826 -0.00171049 -0.03692515
v -0.00799389 -0.00148124 -0.03682538
v -0.00792877 -0.00131353 -0.03666994
v -0.00801622 -0.00227290 -0.03665151
v -0.00796291 -0.00241938 -0.03654858
v -0.00785861 -0.00255684 -0.03665157
v -0.00773768 -0.00261214 -0.03660450
v -0.00797195 -0.00222271 -0.03695472
v -0.00799503 -0.00196460 -0.03702562
v -0.00774204 -0.00120128 -0.03668971
v -0.00782958 -0.00121508 -0.03664814
v -0.00768578 -0.00119208 -0.03668481
v -0.00772888 -0.00125408 -0.03678994
v -0.00784231 -0.00162958 -0.03705434
v -0.00780216 -0.00144147 -0.03696353
v -0.00777680 -0.00136213 -0.03690425
v -0.00786548 -0.00192001 -0.03709800
v -0.00784569 -0.00220613 -0.03703405
v -0.00778760 -0.00245096 -0.03687524
v -0.00770862 -0.00259650 -0.03666766
v -0.00821711 -0.00479405 -0.03783339
v -0.00817010 -0.00479393 -0.03785095
v -0.00818114 -0.00479195 -0.03773777
v -0.00807117 -0.00474555 -0.03758908
v -0.00814567 -0.00477266 -0.03764380
v -0.00808092 -0.00468930 -0.03747304
v -0.00802839 -0.00467928 -0.03747644
v -0.00798160 -0.00456476 -0.03735384
v -0.00801254 -0.00451166 -0.03729391
v -0.00800373 -0.00447846 -0.03727097
v -0.00792048 -0.00428951 -0.03719496
v -0.00795434 -0.00416853 -0.03714331
v -0.00790074 -0.00397952 -0.03714509
v -0.00794887 -0.00392054 -0.03713062
v -0.00816486 -0.00321629 -0.03784836
v -0.00811393 -0.00326319 -0.03757033
v -0.00807256 -0.00325694 -0.03760306
v -0.00802848 -0.00343355 -0.03734327
v -0.00799037 -0.00340865 -0.03738455
v -0.00801218 -0.00348666 -0.03729993
v -0.00792638 -0.00366728 -0.03721433
v -0.00797723 -0.00364330 -0.03720694
v -0.00795331 -0.00383988 -0.03714281
v -0.00821180 -0.00321598 -0.03783084
v -0.00818926 -0.00321505 -0.03777081
v -0.00830968 -0.00477393 -0.03779857
v -0.00828254 -0.00478506 -0.03780879
v -0.00821184 -0.00476390 -0.03762121
v -0.00841668 -0.00452415 -0.03765456
v -0.00839313 -0.00457018 -0.03760688
v -0.00834111 -0.00450070 -0.03746950
v -0.00835351 -0.00444682 -0.03748757
v -0.00828851 -0.00435328 -0.03733145
v -0.00829461 -0.00425936 -0.03733298
v -0.00825464 -0.00415287 -0.03724350
v -0.00827095 -0.00401082 -0.03727229
v -0.00824812 -0.00394175 -0.03722776
v -0.00827520 -0.00388590 -0.03728427
v -0.00826899 -0.00373767 -0.03728407
v -0.00831697 -0.00355446 -0.03741201
v -0.00831965 -0.00363950 -0.03740333
v -0.00837069 -0.00345623 -0.03755499
v -0.00838252 -0.00351103 -0.03757086
v -0.00842545 -0.00342181 -0.03770076
v -0.00843227 -0.00347783 -0.03770322
v -0.00827725 -0.00322434 -0.03780629
v -0.00825504 -0.00322343 -0.03774700
v -0.00830410 -0.00323504 -0.03779625
v -0.00834357 -0.00325969 -0.03778150
v -0.00810959 -0.00340141 -0.03736023
v -0.00818166 -0.00326961 -0.03755175
v -0.00804516 -0.00364718 -0.03718887
v -0.00801713 -0.00392096 -0.03711345
v -0.00802590 -0.00420415 -0.03713454
v -0.00807141 -0.00447297 -0.03725230
v -0.00814205 -0.00467070 -0.03743718
v -0.00828106 -0.00472900 -0.03760479
v -0.00834855 -0.00474919 -0.03778391
v -0.00845070 -0.00453070 -0.03774493
v -0.00844686 -0.00458036 -0.03774651
v -0.00839798 -0.00469716 -0.03776520
v -0.00844728 -0.00347785 -0.03774320
v -0.00844281 -0.00342645 -0.03774473
v -0.00838639 -0.00332892 -0.03770712
v -0.00832290 -0.00336884 -0.03753816
v -0.00826059 -0.00348277 -0.03737244
v -0.00820491 -0.00369522 -0.03722415
v -0.00818069 -0.00393187 -0.03715888
v -0.00818826 -0.00417666 -0.03717714
v -0.00822757 -0.00440903 -0.03727906
v -0.00828862 -0.00457995 -0.03743905
v -0.00834896 -0.00466051 -0.03759829
v -0.00821443 -0.00464006 -0.03742906
v -0.00814701 -0.00445136 -0.03725253
v -0.00810358 -0.00419481 -0.03714007
v -0.00809521 -0.00392454 -0.03711994
v -0.00812196 -0.00366325 -0.03719195
v -0.00818346 -0.00342868 -0.03735559
v -0.00825226 -0.00330289 -0.03753845
v -0.00832232 -0.00325881 -0.03772490
v -0.00839279 -0.00331060 -0.03776317
v -0.00843232 -0.00397885 -0.03769871
v -0.00851258 -0.00450048 -0.03791048
v -0.00862238 -0.00391319 -0.03820903
v -0.00861803 -0.00416019 -0.03819556
v -0.00857261 -0.00438476 -0.03807199
v -0.00858396 -0.00367045 -0.03810739
v -0.00852737 -0.00353274 -0.03795675
v -0.00848920 -0.00348998 -0.03785497
v -0.00834740 -0.00324542 -0.03799330
v -0.00849441 -0.00343805 -0.03788464
v -0.00854590 -0.00350731 -0.03802194
v -0.00859798 -0.00365499 -0.03816073
v -0.00863141 -0.00385585 -0.03824933
v -0.00863790 -0.00406711 -0.03826535
v -0.00846248 -0.00458680 -0.03779133
v -0.00851719 -0.00455224 -0.03793772
v -0.00857043 -0.00445383 -0.03808112
v -0.00861753 -0.00427106 -0.03820901
v -0.00836975 -0.00475015 -0.03784076
v -0.00830481 -0.00478599 -0.03786830
v -0.00823966 -0.00479499 -0.03789351
v -0.00837801 -0.00473966 -0.03806444
v -0.00831487 -0.00474666 -0.03809502
v -0.00844919 -0.00460769 -0.03825658
v -0.00839928 -0.00457573 -0.03832308
v -0.00848590 -0.00353639 -0.03836321
v -0.00847067 -0.00383634 -0.03852120
v -0.00853056 -0.00380578 -0.03848195
v -0.00847658 -0.00409006 -0.03853539
v -0.00853925 -0.00408910 -0.03850344
v -0.00847181 -0.00417744 -0.03852183
v -0.00851208 -0.00436261 -0.03842795
v -0.00844910 -0.00436705 -0.03845900
v -0.00841370 -0.00452816 -0.03836226
v -0.00835341 -0.00333338 -0.03820866
v -0.00841261 -0.00349312 -0.03836681
v -0.00842267 -0.00353147 -0.03839365
v -0.00841628 -0.00333832 -0.03817725
v -0.00828269 -0.00323729 -0.03801982
v -0.00825410 -0.00322034 -0.03794356
v -0.00841046 -0.00327973 -0.03796012
v -0.00842933 -0.00467973 -0.03781210
v -0.00849271 -0.00463966 -0.03798181
v -0.00855437 -0.00452557 -0.03814806
v -0.00860888 -0.00431368 -0.03829632
v -0.00863245 -0.00407722 -0.03836165
v -0.00862493 -0.00383227 -0.03834306
v -0.00858623 -0.00359937 -0.03824033
v -0.00852592 -0.00342813 -0.03807944
v -0.00846627 -0.00334782 -0.03792027
v -0.00847625 -0.00336840 -0.03813577
v -0.00854276 -0.00355746 -0.03831334
v -0.00858542 -0.00381459 -0.03842671
v -0.00859372 -0.00408501 -0.03844723
v -0.00856776 -0.00434606 -0.03837515
v -0.00850767 -0.00457997 -0.03821151
v -0.00843967 -0.00470593 -0.03802804
v -0.00826127 -0.00475449 -0.03809529
v -0.00826145 -0.00326324 -0.03810636
v -0.00830494 -0.00333081 -0.03822247
v -0.00835089 -0.00344486 -0.03834522
v -0.00841180 -0.00372646 -0.03850761
v -0.00843057 -0.00403206 -0.03855639
v -0.00834311 -0.00460183 -0.03831623
v -0.00840614 -0.00434049 -0.03848818
v -0.00603974 -0.00154490 -0.03241595
v -0.00600854 -0.00146291 -0.03247883
v -0.00605223 -0.00131046 -0.03259845
v -0.00621622 -0.00260864 -0.03281266
v -0.00623258 -0.00261894 -0.03285298
v -0.00614258 -0.00258397 -0.03276483
v -0.00628577 -0.00262801 -0.03298429
v -0.00623913 -0.00262855 -0.03300288
v -0.00613431 -0.00249717 -0.03261178
v -0.00610077 -0.00252304 -0.03266241
v -0.00608859 -0.00237858 -0.03250103
v -0.00605253 -0.00241149 -0.03254519
v -0.00602996 -0.00233798 -0.03249102
v -0.00607698 -0.00233873 -0.03247324
v -0.00602551 -0.00204853 -0.03235458
v -0.00598593 -0.00211237 -0.03238863
v -0.00597062 -0.00178106 -0.03236515
v -0.00601647 -0.00181065 -0.03234268
v -0.00602259 -0.00168958 -0.03236449
v -0.00616588 -0.00118565 -0.03275592
v -0.00609919 -0.00130820 -0.03258024
v -0.00607477 -0.00138269 -0.03251405
v -0.00609073 -0.00122812 -0.03270068
v -0.00611973 -0.00118686 -0.03277632
v -0.00623635 -0.00114141 -0.03293563
v -0.00618552 -0.00114404 -0.03294429
v -0.00625890 -0.00114205 -0.03299204
v -0.00621203 -0.00114408 -0.03301065
v -0.00628244 -0.00259903 -0.03278840
v -0.00650561 -0.00236081 -0.03286796
v -0.00651500 -0.00236072 -0.03289118
v -0.00651142 -0.00241221 -0.03289274
v -0.00644221 -0.00231651 -0.03271211
v -0.00637806 -0.00146726 -0.03260458
v -0.00642655 -0.00137884 -0.03273105
v -0.00642983 -0.00144298 -0.03272218
v -0.00649145 -0.00134211 -0.03289865
v -0.00649858 -0.00140171 -0.03289589
v -0.00647662 -0.00134772 -0.03285792
v -0.00643283 -0.00143895 -0.03272989
v -0.00643148 -0.00144074 -0.03272643
v -0.00643619 -0.00125324 -0.03286572
v -0.00643771 -0.00122869 -0.03292011
v -0.00637096 -0.00118263 -0.03288554
v -0.00639211 -0.00118321 -0.03293841
v -0.00632438 -0.00114830 -0.03296565
v -0.00634821 -0.00115701 -0.03295606
v -0.00630235 -0.00114775 -0.03290986
v -0.00616687 -0.00131293 -0.03255894
v -0.00623341 -0.00119082 -0.03273413
v -0.00610819 -0.00154695 -0.03239685
v -0.00608515 -0.00181103 -0.03232432
v -0.00609812 -0.00208313 -0.03234473
v -0.00614494 -0.00233226 -0.03245328
v -0.00621467 -0.00251423 -0.03262205
v -0.00646158 -0.00239978 -0.03277037
v -0.00646361 -0.00252967 -0.03291228
v -0.00641883 -0.00249185 -0.03276246
v -0.00641708 -0.00258049 -0.03293118
v -0.00635190 -0.00256231 -0.03277028
v -0.00637675 -0.00260722 -0.03294751
v -0.00635110 -0.00261817 -0.03295789
v -0.00637735 -0.00128997 -0.03271621
v -0.00632045 -0.00139418 -0.03256717
v -0.00633515 -0.00163684 -0.03248754
v -0.00627018 -0.00159393 -0.03242926
v -0.00631821 -0.00182828 -0.03243517
v -0.00625039 -0.00181935 -0.03236754
v -0.00632762 -0.00202560 -0.03244991
v -0.00626145 -0.00205159 -0.03238490
v -0.00636176 -0.00220629 -0.03252830
v -0.00630149 -0.00226420 -0.03247726
v -0.00641246 -0.00233828 -0.03265020
v -0.00636104 -0.00241949 -0.03262088
v -0.00630545 -0.00122359 -0.03271876
v -0.00624219 -0.00133972 -0.03255248
v -0.00618636 -0.00156224 -0.03239864
v -0.00616443 -0.00181333 -0.03232979
v -0.00617675 -0.00207200 -0.03234917
v -0.00622127 -0.00230878 -0.03245219
v -0.00628753 -0.00248173 -0.03261237
v -0.00639749 -0.00150369 -0.03263783
v -0.00635454 -0.00167114 -0.03252112
v -0.00634092 -0.00187739 -0.03247669
v -0.00634558 -0.00197351 -0.03248404
v -0.00638612 -0.00219438 -0.03257661
v -0.00647426 -0.00187195 -0.03280828
v -0.00654348 -0.00183042 -0.03298182
v -0.00658621 -0.00231755 -0.03306886
v -0.00653761 -0.00235804 -0.03294732
v -0.00651254 -0.00140227 -0.03293040
v -0.00657017 -0.00144415 -0.03307013
v -0.00664558 -0.00217640 -0.03322014
v -0.00667470 -0.00198311 -0.03329952
v -0.00667082 -0.00177872 -0.03329945
v -0.00662627 -0.00155904 -0.03320161
v -0.00631339 -0.00115188 -0.03312524
v -0.00632810 -0.00116110 -0.03316073
v -0.00639271 -0.00116720 -0.03313225
v -0.00644975 -0.00257932 -0.03301374
v -0.00653635 -0.00241325 -0.03295564
v -0.00650665 -0.00250741 -0.03298077
v -0.00658785 -0.00237263 -0.03308424
v -0.00632116 -0.00262629 -0.03307209
v -0.00647686 -0.00238733 -0.03346305
v -0.00646307 -0.00242975 -0.03342784
v -0.00652598 -0.00242225 -0.03339605
v -0.00638149 -0.00258429 -0.03322233
v -0.00645711 -0.00256063 -0.03322233
v -0.00638584 -0.00261654 -0.03304469
v -0.00651371 -0.00222730 -0.03355898
v -0.00657598 -0.00222212 -0.03352557
v -0.00653232 -0.00208080 -0.03361018
v -0.00660069 -0.00195872 -0.03359667
v -0.00653871 -0.00196226 -0.03363081
v -0.00658634 -0.00168532 -0.03357515
v -0.00652887 -0.00172495 -0.03361836
v -0.00653571 -0.00143414 -0.03346574
v -0.00647293 -0.00143075 -0.03349838
v -0.00646179 -0.00125084 -0.03329618
v -0.00641416 -0.00127558 -0.03336421
v -0.00646175 -0.00139442 -0.03347326
v -0.00645640 -0.00120076 -0.03309689
v -0.00651285 -0.00126917 -0.03305531
v -0.00654185 -0.00136094 -0.03301887
v -0.00656734 -0.00245965 -0.03313217
v -0.00663749 -0.00227210 -0.03321005
v -0.00662591 -0.00234144 -0.03328026
v -0.00667346 -0.00212671 -0.03330389
v -0.00666838 -0.00217046 -0.03339070
v -0.00669120 -0.00193538 -0.03335541
v -0.00668935 -0.00194541 -0.03345134
v -0.00668095 -0.00173686 -0.03333981
v -0.00667720 -0.00171181 -0.03343298
v -0.00664465 -0.00155454 -0.03326050
v -0.00663427 -0.00149720 -0.03333966
v -0.00659155 -0.00142156 -0.03313763
v -0.00657153 -0.00134060 -0.03319507
v -0.00651742 -0.00252615 -0.03318249
v -0.00658280 -0.00239457 -0.03334752
v -0.00663024 -0.00220425 -0.03347057
v -0.00665368 -0.00195374 -0.03353813
v -0.00664008 -0.00169368 -0.03351768
v -0.00659207 -0.00145472 -0.03341372
v -0.00652194 -0.00128034 -0.03325263
v -0.00645022 -0.00231248 -0.03353342
v -0.00640494 -0.00246131 -0.03341732
v -0.00631180 -0.00119124 -0.03325240
v -0.00642683 -0.00143432 -0.03351858
v -0.00640395 -0.00136361 -0.03346696
v -0.00647480 -0.00166496 -0.03362245
v -0.00649104 -0.00199656 -0.03364569
v -0.00636365 -0.00254548 -0.03331313
v -0.00633444 -0.00258542 -0.03323993
v -0.00626588 -0.00262877 -0.03306919
v -0.00685701 -0.00478785 -0.03437555
v -0.00681050 -0.00478771 -0.03439427
v -0.00670373 -0.00473678 -0.03413073
v -0.00674358 -0.00472863 -0.03409557
v -0.00678188 -0.00476688 -0.03419011
v -0.00680330 -0.00477988 -0.03424295
v -0.00663315 -0.00447562 -0.03382352
v -0.00664548 -0.00451897 -0.03385382
v -0.00661099 -0.00455625 -0.03390212
v -0.00669776 -0.00465436 -0.03398261
v -0.00670801 -0.00467401 -0.03400787
v -0.00660467 -0.00434615 -0.03375359
v -0.00655020 -0.00429771 -0.03375280
v -0.00658489 -0.00420526 -0.03370529
v -0.00658166 -0.00417148 -0.03369747
v -0.00652739 -0.00399842 -0.03369784
v -0.00657527 -0.00391640 -0.03368304
v -0.00654860 -0.00369917 -0.03375218
v -0.00658333 -0.00379578 -0.03370375
v -0.00660799 -0.00344082 -0.03390097
v -0.00664561 -0.00346792 -0.03386015
v -0.00663521 -0.00350365 -0.03383415
v -0.00660508 -0.00363747 -0.03375863
v -0.00670991 -0.00331283 -0.03402044
v -0.00669674 -0.00326424 -0.03412189
v -0.00674929 -0.00325674 -0.03411831
v -0.00685249 -0.00320995 -0.03437395
v -0.00682821 -0.00320908 -0.03431392
v -0.00680604 -0.00321023 -0.03439264
v -0.00678811 -0.00322331 -0.03421460
v -0.00676055 -0.00457040 -0.03388314
v -0.00701752 -0.00328683 -0.03430733
v -0.00703166 -0.00330467 -0.03430165
v -0.00699484 -0.00328516 -0.03425346
v -0.00702218 -0.00349696 -0.03412350
v -0.00701253 -0.00350756 -0.03409957
v -0.00700667 -0.00345554 -0.03409680
v -0.00702975 -0.00455889 -0.03414763
v -0.00706649 -0.00452535 -0.03422721
v -0.00708835 -0.00452454 -0.03428135
v -0.00696000 -0.00360506 -0.03396899
v -0.00691044 -0.00381832 -0.03384509
v -0.00695077 -0.00355242 -0.03395790
v -0.00690064 -0.00373425 -0.03383273
v -0.00692594 -0.00351386 -0.03393525
v -0.00708546 -0.00347185 -0.03428025
v -0.00704858 -0.00337157 -0.03423956
v -0.00708111 -0.00342053 -0.03428189
v -0.00706367 -0.00342147 -0.03423797
v -0.00694390 -0.00322907 -0.03433700
v -0.00691751 -0.00322693 -0.03427945
v -0.00687833 -0.00324084 -0.03418244
v -0.00680194 -0.00332831 -0.03399280
v -0.00684127 -0.00327254 -0.03409053
v -0.00692438 -0.00332731 -0.03407889
v -0.00676654 -0.00340217 -0.03390465
v -0.00672898 -0.00351475 -0.03381087
v -0.00685531 -0.00344712 -0.03390712
v -0.00679338 -0.00367199 -0.03375232
v -0.00668051 -0.00377847 -0.03368912
v -0.00669955 -0.00364547 -0.03373712
v -0.00667018 -0.00406011 -0.03366186
v -0.00667982 -0.00420016 -0.03368503
v -0.00669914 -0.00433779 -0.03373219
v -0.00672696 -0.00446426 -0.03380049
v -0.00683482 -0.00471139 -0.03406619
v -0.00680008 -0.00465804 -0.03398053
v -0.00688629 -0.00460779 -0.03397725
v -0.00691081 -0.00476786 -0.03425371
v -0.00694868 -0.00476773 -0.03433840
v -0.00702078 -0.00471055 -0.03430909
v -0.00708458 -0.00457416 -0.03428298
v -0.00703613 -0.00469096 -0.03430283
v -0.00701175 -0.00460740 -0.03414138
v -0.00695297 -0.00469163 -0.03414172
v -0.00687224 -0.00474875 -0.03415851
v -0.00698666 -0.00340859 -0.03408618
v -0.00685544 -0.00416189 -0.03375696
v -0.00677514 -0.00418463 -0.03370419
v -0.00676645 -0.00392403 -0.03368409
v -0.00681871 -0.00442870 -0.03381087
v -0.00689375 -0.00437636 -0.03385070
v -0.00692114 -0.00434623 -0.03388008
v -0.00687149 -0.00371143 -0.03379924
v -0.00687884 -0.00393807 -0.03377755
v -0.00690108 -0.00406372 -0.03382057
v -0.00684781 -0.00393290 -0.03373930
v -0.00688587 -0.00414883 -0.03379381
v -0.00693806 -0.00431676 -0.03391072
v -0.00667042 -0.00391818 -0.03366328
v -0.00695315 -0.00453374 -0.03399688
v -0.00697581 -0.00449108 -0.03401463
v -0.00699617 -0.00446551 -0.03405367
v -0.00727140 -0.00390163 -0.03473681
v -0.00717848 -0.00368681 -0.03450851
v -0.00712222 -0.00347956 -0.03437098
v -0.00722952 -0.00365981 -0.03463478
v -0.00716242 -0.00351558 -0.03447005
v -0.00726730 -0.00415038 -0.03472529
v -0.00699478 -0.00429420 -0.03405094
v -0.00721888 -0.00437660 -0.03460449
v -0.00715421 -0.00449426 -0.03444422
v -0.00715936 -0.00448159 -0.03486784
v -0.00712173 -0.00459400 -0.03477426
v -0.00718368 -0.00454809 -0.03471023
v -0.00713627 -0.00343942 -0.03441617
v -0.00710270 -0.00457270 -0.03432676
v -0.00709128 -0.00462301 -0.03433597
v -0.00715976 -0.00453858 -0.03446788
v -0.00704358 -0.00471046 -0.03436324
v -0.00696999 -0.00476985 -0.03439842
v -0.00688147 -0.00478872 -0.03443595
v -0.00700934 -0.00475587 -0.03449574
v -0.00692177 -0.00477441 -0.03453560
v -0.00704659 -0.00472405 -0.03458792
v -0.00696068 -0.00474096 -0.03463191
v -0.00710557 -0.00435991 -0.03499195
v -0.00707538 -0.00449352 -0.03491664
v -0.00706931 -0.00451480 -0.03490153
v -0.00705094 -0.00457155 -0.03485584
v -0.00700040 -0.00468452 -0.03473035
v -0.00712507 -0.00422414 -0.03504088
v -0.00720788 -0.00421853 -0.03498918
v -0.00718884 -0.00435111 -0.03494139
v -0.00724564 -0.00432382 -0.03486454
v -0.00713537 -0.00408170 -0.03506716
v -0.00721815 -0.00393763 -0.03501617
v -0.00712998 -0.00384021 -0.03505525
v -0.00720842 -0.00379781 -0.03499295
v -0.00712562 -0.00379334 -0.03504474
v -0.00718891 -0.00365988 -0.03494559
v -0.00710564 -0.00365211 -0.03499625
v -0.00716084 -0.00353310 -0.03487702
v -0.00706953 -0.00349586 -0.03490799
v -0.00696583 -0.00326898 -0.03465334
v -0.00699296 -0.00330863 -0.03472006
v -0.00705238 -0.00328568 -0.03461071
v -0.00708719 -0.00333891 -0.03469630
v -0.00715181 -0.00338921 -0.03463826
v -0.00697642 -0.00322938 -0.03442354
v -0.00688764 -0.00321124 -0.03446069
v -0.00692749 -0.00323083 -0.03455893
v -0.00712777 -0.00339049 -0.03443322
v -0.00708512 -0.00330566 -0.03447410
v -0.00701495 -0.00324841 -0.03451851
v -0.00715333 -0.00458591 -0.03448945
v -0.00721572 -0.00444170 -0.03460664
v -0.00728444 -0.00383553 -0.03481750
v -0.00726374 -0.00381294 -0.03491214
v -0.00727253 -0.00407280 -0.03493237
v -0.00721981 -0.00356853 -0.03480510
v -0.00724591 -0.00362110 -0.03472360
v -0.00724489 -0.00365145 -0.03468316
v -0.00708613 -0.00466809 -0.03468591
v -0.00711431 -0.00466817 -0.03453819
v -0.00726571 -0.00426075 -0.03473109
v -0.00721419 -0.00448054 -0.03464038
v -0.00726856 -0.00428376 -0.03477574
v -0.00728740 -0.00405823 -0.03478580
v -0.00729215 -0.00406352 -0.03483524
v -0.00728031 -0.00384861 -0.03476948
v -0.00721795 -0.00407924 -0.03501486
v -0.00704223 -0.00341338 -0.03484106
v -0.00712698 -0.00342671 -0.03479403
v -0.00713088 -0.00416078 -0.03505561
v -0.00718626 -0.00346379 -0.03457724
v -0.00719005 -0.00350681 -0.03454859
v -0.00706728 -0.00370124 -0.03503472
v -0.00709029 -0.00400073 -0.03508982
v -0.00691281 -0.00326133 -0.03465590
v -0.00700610 -0.00344235 -0.03488515
v -0.00695492 -0.00332361 -0.03475948
v -0.00706894 -0.00429990 -0.03503541
v -0.00700920 -0.00455798 -0.03488639
v -0.00692006 -0.00473424 -0.03466520
v -0.00495361 -0.00261226 -0.02955821
v -0.00490654 -0.00261384 -0.02957497
v -0.00487881 -0.00261233 -0.02949640
v -0.00487658 -0.00257325 -0.02933891
v -0.00479111 -0.00251653 -0.02925129
v -0.00483670 -0.00251015 -0.02922935
v -0.00478994 -0.00239265 -0.02910609
v -0.00470958 -0.00227212 -0.02903817
v -0.00478805 -0.00238670 -0.02910124
v -0.00467269 -0.00207001 -0.02895791
v -0.00471735 -0.00205321 -0.02893926
v -0.00466065 -0.00197090 -0.02893874
v -0.00469516 -0.00179091 -0.02891934
v -0.00464792 -0.00178021 -0.02893668
v -0.00469699 -0.00157025 -0.02896964
v -0.00464770 -0.00163085 -0.02896661
v -0.00470830 -0.00144243 -0.02902968
v -0.00468212 -0.00132868 -0.02912939
v -0.00473530 -0.00129678 -0.02913747
v -0.00488358 -0.00111889 -0.02956285
v -0.00485771 -0.00111737 -0.02949887
v -0.00483725 -0.00112291 -0.02958120
v -0.00479777 -0.00115483 -0.02933696
v -0.00475515 -0.00115540 -0.02936287
v -0.00469589 -0.00127681 -0.02917856
v -0.00493059 -0.00119219 -0.02928576
v -0.00497263 -0.00122191 -0.02928310
v -0.00491544 -0.00136827 -0.02909786
v -0.00517784 -0.00239151 -0.02947549
v -0.00516641 -0.00243960 -0.02948031
v -0.00509940 -0.00239952 -0.02929309
v -0.00518045 -0.00233809 -0.02947369
v -0.00503785 -0.00226631 -0.02913206
v -0.00509626 -0.00225486 -0.02924465
v -0.00515200 -0.00233166 -0.02939388
v -0.00502019 -0.00158729 -0.02912830
v -0.00501117 -0.00181365 -0.02906403
v -0.00496530 -0.00184522 -0.02898346
v -0.00501268 -0.00184645 -0.02906305
v -0.00499116 -0.00207096 -0.02902342
v -0.00502118 -0.00194453 -0.02907229
v -0.00506451 -0.00216700 -0.02916525
v -0.00499053 -0.00142924 -0.02913119
v -0.00504067 -0.00130214 -0.02929163
v -0.00508080 -0.00139325 -0.02932796
v -0.00496505 -0.00162078 -0.02902302
v -0.00504043 -0.00148230 -0.02920308
v -0.00513442 -0.00137131 -0.02947140
v -0.00512183 -0.00130056 -0.02947446
v -0.00508561 -0.00122443 -0.02948656
v -0.00505201 -0.00118310 -0.02949856
v -0.00505764 -0.00118896 -0.02949652
v -0.00501963 -0.00115542 -0.02951046
v -0.00501576 -0.00115272 -0.02951190
v -0.00488175 -0.00112265 -0.02942731
v -0.00491609 -0.00111744 -0.02955003
v -0.00495001 -0.00112256 -0.02953684
v -0.00477441 -0.00132351 -0.02909768
v -0.00474339 -0.00156781 -0.02895675
v -0.00474487 -0.00185357 -0.02890415
v -0.00477777 -0.00214063 -0.02895444
v -0.00483639 -0.00238866 -0.02909369
v -0.00491383 -0.00255734 -0.02930089
v -0.00504505 -0.00258972 -0.02952558
v -0.00499881 -0.00260730 -0.02954218
v -0.00495745 -0.00259932 -0.02942339
v -0.00495992 -0.00254150 -0.02929038
v -0.00508315 -0.00256406 -0.02951171
v -0.00500278 -0.00251630 -0.02928444
v -0.00488401 -0.00237584 -0.02908776
v -0.00488708 -0.00158862 -0.02897270
v -0.00488810 -0.00184667 -0.02892662
v -0.00491785 -0.00210608 -0.02897233
v -0.00497102 -0.00233042 -0.02909737
v -0.00504114 -0.00248323 -0.02928297
v -0.00513163 -0.00251027 -0.02949373
v -0.00492807 -0.00113406 -0.02941242
v -0.00483787 -0.00116083 -0.02930528
v -0.00488518 -0.00117135 -0.02929313
v -0.00482310 -0.00133073 -0.02909042
v -0.00479273 -0.00157032 -0.02895305
v -0.00479420 -0.00185068 -0.02890204
v -0.00482651 -0.00213237 -0.02895148
v -0.00497260 -0.00112978 -0.02952818
v -0.00525413 -0.00151749 -0.02975972
v -0.00529917 -0.00169471 -0.02985581
v -0.00531690 -0.00186499 -0.02988413
v -0.00527756 -0.00222040 -0.02974902
v -0.00523289 -0.00231381 -0.02962094
v -0.00529658 -0.00214457 -0.02980579
v -0.00509687 -0.00208719 -0.02926679
v -0.00507127 -0.00159914 -0.02926588
v -0.00517209 -0.00138247 -0.02956585
v -0.00523652 -0.00147389 -0.02971961
v -0.00531782 -0.00192379 -0.02988092
v -0.00521790 -0.00245009 -0.02969088
v -0.00523902 -0.00235928 -0.02964688
v -0.00529054 -0.00224357 -0.02979455
v -0.00526029 -0.00148106 -0.02979239
v -0.00519646 -0.00135785 -0.02964425
v -0.00532990 -0.00186598 -0.02993023
v -0.00516695 -0.00252000 -0.02973703
v -0.00512612 -0.00255626 -0.02962188
v -0.00496139 -0.00261357 -0.02958037
v -0.00506164 -0.00259570 -0.02965239
v -0.00499577 -0.00260689 -0.02967788
v -0.00510478 -0.00255736 -0.02977409
v -0.00503581 -0.00257273 -0.02979083
v -0.00517769 -0.00239676 -0.02998040
v -0.00511365 -0.00240524 -0.03001097
v -0.00511932 -0.00238552 -0.03002723
v -0.00522465 -0.00215641 -0.03011967
v -0.00516144 -0.00216199 -0.03015246
v -0.00520521 -0.00159105 -0.03011957
v -0.00516251 -0.00172990 -0.03019095
v -0.00523595 -0.00187491 -0.03017075
v -0.00517309 -0.00187733 -0.03020455
v -0.00516839 -0.00208983 -0.03017561
v -0.00513951 -0.00134455 -0.02998048
v -0.00509280 -0.00139125 -0.03004984
v -0.00514213 -0.00159058 -0.03015302
v -0.00492448 -0.00112461 -0.02966229
v -0.00498427 -0.00117146 -0.02980417
v -0.00501653 -0.00117037 -0.02979075
v -0.00502643 -0.00123338 -0.02990165
v -0.00504927 -0.00117534 -0.02977490
v -0.00507568 -0.00134185 -0.03001235
v -0.00508291 -0.00118757 -0.02975598
v -0.00511329 -0.00120613 -0.02973612
v -0.00527916 -0.00231361 -0.02986540
v -0.00531813 -0.00210887 -0.02998307
v -0.00532296 -0.00206983 -0.02989409
v -0.00532692 -0.00186872 -0.03002591
v -0.00516874 -0.00127025 -0.02968866
v -0.00523578 -0.00236769 -0.02993225
v -0.00527992 -0.00213948 -0.03006396
v -0.00529028 -0.00187199 -0.03011208
v -0.00526094 -0.00160206 -0.03006327
v -0.00530728 -0.00166011 -0.02989288
v -0.00524474 -0.00141537 -0.02986345
v -0.00530043 -0.00162624 -0.02998196
v -0.00519864 -0.00136744 -0.02993117
v -0.00492410 -0.00116128 -0.02979379
v -0.00486680 -0.00112500 -0.02965580
v -0.00497261 -0.00122491 -0.02990529
v -0.00506977 -0.00147181 -0.03011685
v -0.00512006 -0.00176710 -0.03021489
v -0.00512605 -0.00201915 -0.03021006
v -0.00512103 -0.00210027 -0.03019121
v -0.00506953 -0.00239789 -0.03003590
v -0.00498518 -0.00257921 -0.02979615
v -0.00545717 -0.00898583 -0.03089235
v -0.00548204 -0.00898514 -0.03095611
v -0.00543550 -0.00898487 -0.03097456
v -0.00538450 -0.00893920 -0.03070259
v -0.00533520 -0.00893569 -0.03071372
v -0.00531399 -0.00880716 -0.03051318
v -0.00524944 -0.00875418 -0.03048231
v -0.00528945 -0.00873130 -0.03044582
v -0.00525203 -0.00855772 -0.03034100
v -0.00519618 -0.00849554 -0.03033289
v -0.00523370 -0.00840739 -0.03028784
v -0.00517828 -0.00819594 -0.03027781
v -0.00522606 -0.00827162 -0.03026415
v -0.00519998 -0.00789635 -0.03033205
v -0.00523288 -0.00802461 -0.03027827
v -0.00528290 -0.00770963 -0.03040964
v -0.00523548 -0.00771108 -0.03042587
v -0.00529309 -0.00767144 -0.03043671
v -0.00525612 -0.00763773 -0.03048073
v -0.00533628 -0.00754865 -0.03055159
v -0.00533916 -0.00746104 -0.03070151
v -0.00541943 -0.00742670 -0.03077227
v -0.00543291 -0.00741761 -0.03080793
v -0.00544156 -0.00740745 -0.03097204
v -0.00548825 -0.00740727 -0.03095378
v -0.00558777 -0.00855074 -0.03052429
v -0.00554395 -0.00846212 -0.03041928
v -0.00552460 -0.00825244 -0.03036357
v -0.00554866 -0.00831279 -0.03041608
v -0.00553289 -0.00803576 -0.03038248
v -0.00555310 -0.00804915 -0.03042364
v -0.00556646 -0.00784070 -0.03046988
v -0.00560078 -0.00781535 -0.03054789
v -0.00561735 -0.00769852 -0.03060385
v -0.00566681 -0.00763318 -0.03073417
v -0.00567078 -0.00768964 -0.03073230
v -0.00555797 -0.00747285 -0.03073234
v -0.00562254 -0.00745453 -0.03090255
v -0.00566852 -0.00750373 -0.03088501
v -0.00548692 -0.00743586 -0.03074926
v -0.00555484 -0.00741664 -0.03092838
v -0.00558056 -0.00742728 -0.03091857
v -0.00542038 -0.00752390 -0.03057281
v -0.00529600 -0.00827107 -0.03024778
v -0.00530722 -0.00797873 -0.03027320
v -0.00535216 -0.00771562 -0.03039146
v -0.00552404 -0.00897704 -0.03086739
v -0.00557407 -0.00896600 -0.03092053
v -0.00554798 -0.00897652 -0.03093061
v -0.00532160 -0.00855405 -0.03032346
v -0.00538274 -0.00880057 -0.03049321
v -0.00545183 -0.00893044 -0.03067879
v -0.00559320 -0.00893958 -0.03084429
v -0.00561652 -0.00893887 -0.03090416
v -0.00558971 -0.00864476 -0.03054448
v -0.00565429 -0.00869202 -0.03070180
v -0.00564106 -0.00874094 -0.03068149
v -0.00571699 -0.00872320 -0.03086572
v -0.00569436 -0.00877541 -0.03082084
v -0.00571258 -0.00877397 -0.03086734
v -0.00566266 -0.00889018 -0.03088642
v -0.00572126 -0.00767041 -0.03086489
v -0.00571735 -0.00762011 -0.03086639
v -0.00562389 -0.00754156 -0.03072584
v -0.00556654 -0.00761748 -0.03057425
v -0.00550761 -0.00778275 -0.03041844
v -0.00546876 -0.00800950 -0.03031679
v -0.00545911 -0.00826140 -0.03029483
v -0.00548135 -0.00850518 -0.03035965
v -0.00553423 -0.00871751 -0.03050531
v -0.00559378 -0.00882933 -0.03066470
v -0.00565581 -0.00886939 -0.03082681
v -0.00552459 -0.00889529 -0.03066502
v -0.00545886 -0.00877174 -0.03048872
v -0.00540065 -0.00853716 -0.03032753
v -0.00537625 -0.00826787 -0.03025575
v -0.00538692 -0.00798962 -0.03027998
v -0.00542972 -0.00773919 -0.03039236
v -0.00549467 -0.00755668 -0.03056468
v -0.00571953 -0.00821885 -0.03086538
v -0.00589084 -0.00834112 -0.03130898
v -0.00584220 -0.00857411 -0.03118693
v -0.00577077 -0.00870152 -0.03100470
v -0.00589429 -0.00808250 -0.03131554
v -0.00585289 -0.00784538 -0.03120768
v -0.00578299 -0.00770069 -0.03102612
v -0.00568237 -0.00892079 -0.03107788
v -0.00573406 -0.00761803 -0.03091086
v -0.00576451 -0.00876010 -0.03100184
v -0.00581615 -0.00869310 -0.03113393
v -0.00573753 -0.00885141 -0.03103735
v -0.00553723 -0.00897548 -0.03109804
v -0.00561874 -0.00895635 -0.03111246
v -0.00574696 -0.00799395 -0.03162417
v -0.00575508 -0.00811893 -0.03164568
v -0.00581763 -0.00812003 -0.03161188
v -0.00574858 -0.00837156 -0.03163131
v -0.00580763 -0.00840704 -0.03158898
v -0.00569746 -0.00867737 -0.03150443
v -0.00576071 -0.00867207 -0.03147231
v -0.00568558 -0.00871980 -0.03147461
v -0.00568885 -0.00886607 -0.03129105
v -0.00563875 -0.00884549 -0.03135657
v -0.00555369 -0.00896480 -0.03114019
v -0.00572604 -0.00783782 -0.03156988
v -0.00578894 -0.00784203 -0.03153700
v -0.00568589 -0.00766506 -0.03146629
v -0.00572266 -0.00759332 -0.03136594
v -0.00565890 -0.00758625 -0.03139669
v -0.00564994 -0.00746196 -0.03117782
v -0.00558562 -0.00745382 -0.03120723
v -0.00551138 -0.00740657 -0.03101419
v -0.00557721 -0.00741575 -0.03098866
v -0.00570202 -0.00752420 -0.03093136
v -0.00564293 -0.00745267 -0.03096026
v -0.00589963 -0.00837801 -0.03144733
v -0.00591104 -0.00813992 -0.03137153
v -0.00590824 -0.00813076 -0.03146708
v -0.00589000 -0.00793385 -0.03131619
v -0.00588368 -0.00789128 -0.03140271
v -0.00584128 -0.00774954 -0.03118971
v -0.00582686 -0.00767707 -0.03125563
v -0.00578771 -0.00765222 -0.03105064
v -0.00576446 -0.00756396 -0.03109392
v -0.00579770 -0.00877357 -0.03119095
v -0.00586906 -0.00854921 -0.03126807
v -0.00581745 -0.00864981 -0.03142054
v -0.00586210 -0.00839723 -0.03153166
v -0.00587162 -0.00812373 -0.03155348
v -0.00584434 -0.00785881 -0.03148220
v -0.00578131 -0.00762184 -0.03131935
v -0.00571213 -0.00749668 -0.03114029
v -0.00574908 -0.00883472 -0.03124792
v -0.00585937 -0.00860637 -0.03134690
v -0.00590364 -0.00835269 -0.03135449
v -0.00554188 -0.00745740 -0.03123315
v -0.00563097 -0.00763878 -0.03146340
v -0.00568882 -0.00789723 -0.03161269
v -0.00570970 -0.00819638 -0.03166790
v -0.00568743 -0.00849545 -0.03161406
v -0.00562814 -0.00875371 -0.03146583
v -0.00554108 -0.00893041 -0.03124530
v -0.01003896 -0.00964032 -0.04319005
v -0.01001179 -0.00969144 -0.04310528
v -0.00997438 -0.00966930 -0.04315218
v -0.01008941 -0.01107372 -0.04346564
v -0.01004168 -0.01107132 -0.04348039
v -0.01007187 -0.01107422 -0.04340829
v -0.00990193 -0.01085085 -0.04300407
v -0.00994414 -0.01082858 -0.04296918
v -0.00996331 -0.01090467 -0.04303833
v -0.00996591 -0.01102352 -0.04322829
v -0.00998824 -0.01097604 -0.04312606
v -0.01001569 -0.01102884 -0.04322046
v -0.00996868 -0.01102775 -0.04323770
v -0.01004320 -0.01106052 -0.04331326
v -0.00985852 -0.01021878 -0.04281210
v -0.00991058 -0.01016135 -0.04280727
v -0.00990371 -0.01026456 -0.04279222
v -0.00985353 -0.01040093 -0.04280928
v -0.00990117 -0.01040178 -0.04279417
v -0.00990485 -0.01051785 -0.04281523
v -0.00985925 -0.01054982 -0.04283964
v -0.00991761 -0.01066651 -0.04286893
v -0.00993719 -0.01079449 -0.04294359
v -0.00993051 -0.00999756 -0.04286099
v -0.00989996 -0.00990312 -0.04292554
v -0.00995358 -0.00987656 -0.04292808
v -0.01000279 -0.00971257 -0.04307744
v -0.00996380 -0.00983423 -0.04295861
v -0.01006799 -0.00960457 -0.04328162
v -0.01005515 -0.00958448 -0.04340767
v -0.01008301 -0.00959312 -0.04332935
v -0.01007657 -0.00958465 -0.04347651
v -0.01012432 -0.00958533 -0.04346174
v -0.01007560 -0.00979039 -0.04299199
v -0.01010601 -0.00970876 -0.04308548
v -0.01019198 -0.00976074 -0.04308980
v -0.01003328 -0.01078590 -0.04292785
v -0.01026343 -0.00998721 -0.04308597
v -0.01031661 -0.00981830 -0.04326110
v -0.01031994 -0.00987073 -0.04326117
v -0.01035589 -0.00980076 -0.04338911
v -0.01035953 -0.00985308 -0.04338777
v -0.01027667 -0.00988012 -0.04313593
v -0.01029995 -0.00976890 -0.04325300
v -0.01030695 -0.00968358 -0.04340475
v -0.01018984 -0.00960620 -0.04334990
v -0.01029279 -0.00966555 -0.04340921
v -0.01016087 -0.00962393 -0.04325759
v -0.01024236 -0.00968279 -0.04324785
v -0.01013255 -0.00965881 -0.04316827
v -0.01021787 -0.00960617 -0.04343266
v -0.01004924 -0.00988934 -0.04291272
v -0.01002673 -0.01000744 -0.04284727
v -0.01013979 -0.00992668 -0.04293117
v -0.01000058 -0.01026812 -0.04278018
v -0.00999810 -0.01040214 -0.04278208
v -0.01000281 -0.01053454 -0.04280777
v -0.01001416 -0.01066081 -0.04285502
v -0.01008311 -0.01096340 -0.04310586
v -0.01005876 -0.01089361 -0.04302027
v -0.01014867 -0.01084968 -0.04302986
v -0.01013676 -0.01104607 -0.04328849
v -0.01011065 -0.01101618 -0.04320047
v -0.01019642 -0.01096233 -0.04319531
v -0.01018104 -0.01105938 -0.04343738
v -0.01020976 -0.01057369 -0.04296819
v -0.01018289 -0.01059666 -0.04293199
v -0.01016997 -0.01039021 -0.04287390
v -0.01025620 -0.00983662 -0.04311580
v -0.01023526 -0.01001173 -0.04301029
v -0.01022400 -0.01019706 -0.04297229
v -0.01010390 -0.01015352 -0.04282968
v -0.01009279 -0.01039795 -0.04281119
v -0.01010759 -0.01063570 -0.04287814
v -0.01016475 -0.01105949 -0.04338118
v -0.01024621 -0.01100213 -0.04336125
v -0.01030365 -0.01091465 -0.04335130
v -0.01026029 -0.01088017 -0.04320724
v -0.01032015 -0.01086362 -0.04335071
v -0.01028053 -0.01083222 -0.04321928
v -0.01021869 -0.01078243 -0.04306364
v -0.01024250 -0.01074310 -0.04308828
v -0.01001020 -0.01013618 -0.04280220
v -0.01017962 -0.01017789 -0.04288998
v -0.01019793 -0.01038535 -0.04291523
v -0.01024279 -0.01065314 -0.04306754
v -0.01029149 -0.01078510 -0.04323679
v -0.01033805 -0.01081411 -0.04338999
v -0.01033011 -0.01087479 -0.04339215
v -0.01027377 -0.01098816 -0.04340905
v -0.01021083 -0.00998080 -0.04297809
v -0.01020674 -0.01019161 -0.04292991
v -0.01021675 -0.01043493 -0.04296586
v -0.01035016 -0.01036637 -0.04338849
v -0.01047621 -0.01046340 -0.04380554
v -0.01043530 -0.01067794 -0.04369126
v -0.01037827 -0.01079532 -0.04351801
v -0.01048328 -0.01022600 -0.04381095
v -0.01045694 -0.01001413 -0.04371196
v -0.01040678 -0.00988190 -0.04354202
v -0.01027622 -0.00983752 -0.04396660
v -0.01028516 -0.00988128 -0.04399801
v -0.01037274 -0.00989399 -0.04395638
v -0.01041193 -0.01078909 -0.04363950
v -0.01037197 -0.01084963 -0.04351635
v -0.01036049 -0.01089934 -0.04353280
v -0.01012453 -0.01106895 -0.04357745
v -0.01020736 -0.01105785 -0.04351839
v -0.01023611 -0.01104039 -0.04360873
v -0.01014499 -0.01105471 -0.04364156
v -0.01031174 -0.01098453 -0.04357025
v -0.01026452 -0.01100608 -0.04369645
v -0.01017413 -0.01101965 -0.04373148
v -0.01029139 -0.01095700 -0.04377798
v -0.01020554 -0.01096105 -0.04382659
v -0.01023437 -0.01088524 -0.04391199
v -0.01032325 -0.01087465 -0.04387254
v -0.01036241 -0.01090792 -0.04372570
v -0.01035110 -0.01077458 -0.04395289
v -0.01025540 -0.01081316 -0.04397290
v -0.01028755 -0.01066053 -0.04406267
v -0.01037509 -0.01065502 -0.04401949
v -0.01041709 -0.01074027 -0.04388631
v -0.01039284 -0.01052480 -0.04406563
v -0.01030577 -0.01052728 -0.04410998
v -0.01038908 -0.00999892 -0.04401552
v -0.01030190 -0.00998858 -0.04405854
v -0.01031422 -0.01011763 -0.04410659
v -0.01040107 -0.01012470 -0.04406229
v -0.01031702 -0.01016806 -0.04411900
v -0.01040602 -0.01025697 -0.04408738
v -0.01031647 -0.01039107 -0.04413348
v -0.01023823 -0.00970636 -0.04383652
v -0.01026525 -0.00979192 -0.04392854
v -0.01032698 -0.00972329 -0.04379887
v -0.01035172 -0.00980071 -0.04388308
v -0.01041757 -0.00984529 -0.04382215
v -0.01018155 -0.00960720 -0.04364805
v -0.01020070 -0.00963091 -0.04371121
v -0.01027169 -0.00962652 -0.04361503
v -0.01029870 -0.00966290 -0.04370425
v -0.01036894 -0.00971866 -0.04365796
v -0.01014205 -0.00958474 -0.04351912
v -0.01037610 -0.00980615 -0.04345210
v -0.01036519 -0.00975553 -0.04346235
v -0.01031753 -0.00966729 -0.04348904
v -0.01024270 -0.00960698 -0.04352027
v -0.01040435 -0.01083291 -0.04366778
v -0.01045499 -0.01065643 -0.04376671
v -0.01048163 -0.01006839 -0.04385704
v -0.01045183 -0.01002742 -0.04394376
v -0.01046736 -0.01026457 -0.04400976
v -0.01040980 -0.00980014 -0.04360896
v -0.01041678 -0.00984687 -0.04358584
v -0.01045195 -0.00991016 -0.04375148
v -0.01045521 -0.00994728 -0.04371585
v -0.01048224 -0.01009169 -0.04381214
v -0.01040326 -0.01039173 -0.04408854
v -0.01030971 -0.01048738 -0.04411938
v -0.01049507 -0.01027437 -0.04391434
v -0.01045531 -0.01051070 -0.04398980
v -0.01048468 -0.01048812 -0.04389704
v -0.01049449 -0.01027966 -0.04386443
v -0.01045166 -0.01068742 -0.04380721
v -0.01048504 -0.01047466 -0.04384866
v -0.01015410 -0.01096680 -0.04383057
v -0.01017251 -0.01092300 -0.04388541
v -0.01015303 -0.00963009 -0.04372538
v -0.01020739 -0.00975432 -0.04390730
v -0.01021794 -0.00979166 -0.04394343
v -0.01026450 -0.01008562 -0.04411163
v -0.01027039 -0.01035451 -0.04415005
v -0.01025835 -0.01052356 -0.04412508
v -0.01023862 -0.01066599 -0.04407397
v -0.01009251 -0.01105642 -0.04364195
v -0.01056882 -0.00900947 -0.04490806
v -0.01052080 -0.00900904 -0.04492221
v -0.01055076 -0.00901013 -0.04484724
v -0.01043922 -0.00895702 -0.04464721
v -0.01048938 -0.00896070 -0.04464023
v -0.01042171 -0.00879334 -0.04441126
v -0.01036935 -0.00877638 -0.04441078
v -0.01040962 -0.00874511 -0.04437017
v -0.01037924 -0.00857649 -0.04426645
v -0.01032403 -0.00851745 -0.04425596
v -0.01036254 -0.00841246 -0.04420851
v -0.01030823 -0.00821805 -0.04419924
v -0.01035710 -0.00829910 -0.04418886
v -0.01032654 -0.00791909 -0.04425599
v -0.01036302 -0.00803967 -0.04420489
v -0.01040270 -0.00774349 -0.04433297
v -0.01037401 -0.00766122 -0.04441075
v -0.01041326 -0.00769601 -0.04436754
v -0.01045121 -0.00756887 -0.04449253
v -0.01044339 -0.00748509 -0.04464032
v -0.01051767 -0.00745209 -0.04471349
v -0.01053264 -0.00744005 -0.04476354
v -0.01052737 -0.00743148 -0.04492149
v -0.01057546 -0.00743138 -0.04490731
v -0.01078390 -0.00880142 -0.04476773
v -0.01073945 -0.00875600 -0.04461775
v -0.01075879 -0.00871486 -0.04466322
v -0.01069633 -0.00864358 -0.04447167
v -0.01070330 -0.00856872 -0.04447508
v -0.01076700 -0.00765459 -0.04469471
v -0.01076176 -0.00772824 -0.04465933
v -0.01072488 -0.00772342 -0.04455440
v -0.01071334 -0.00784433 -0.04449861
v -0.01068227 -0.00786945 -0.04441381
v -0.01067477 -0.00807454 -0.04437278
v -0.01065456 -0.00806828 -0.04432400
v -0.01067131 -0.00833128 -0.04436481
v -0.01064873 -0.00827921 -0.04430744
v -0.01066504 -0.00848369 -0.04436475
v -0.01065540 -0.00749564 -0.04468429
v -0.01070998 -0.00747609 -0.04486737
v -0.01076045 -0.00752789 -0.04485239
v -0.01058526 -0.00746080 -0.04469567
v -0.01064243 -0.00744032 -0.04488741
v -0.01067019 -0.00745140 -0.04487918
v -0.01052873 -0.00755313 -0.04450763
v -0.01042641 -0.00829854 -0.04417664
v -0.01043428 -0.00801564 -0.04419885
v -0.01047151 -0.00774897 -0.04431921
v -0.01060776 -0.00899914 -0.04479349
v -0.01066337 -0.00899039 -0.04488002
v -0.01063586 -0.00900111 -0.04488818
v -0.01044830 -0.00857282 -0.04425341
v -0.01049032 -0.00878731 -0.04439667
v -0.01054817 -0.00893816 -0.04459244
v -0.01067692 -0.00896391 -0.04477768
v -0.01070375 -0.00896579 -0.04486808
v -0.01081029 -0.00874753 -0.04483685
v -0.01080574 -0.00879848 -0.04483812
v -0.01075440 -0.00891464 -0.04485314
v -0.01081457 -0.00769455 -0.04483635
v -0.01081056 -0.00764431 -0.04483753
v -0.01072359 -0.00756416 -0.04468278
v -0.01067473 -0.00764397 -0.04452012
v -0.01062529 -0.00781328 -0.04435713
v -0.01059312 -0.00804382 -0.04425301
v -0.01058634 -0.00828839 -0.04423381
v -0.01060527 -0.00852551 -0.04430023
v -0.01064158 -0.00871094 -0.04442417
v -0.01069159 -0.00884134 -0.04459352
v -0.01074312 -0.00889403 -0.04476742
v -0.01062002 -0.00890571 -0.04458575
v -0.01056481 -0.00876174 -0.04439883
v -0.01052471 -0.00855701 -0.04426205
v -0.01050380 -0.00829521 -0.04418875
v -0.01051131 -0.00802519 -0.04420995
v -0.01054684 -0.00777068 -0.04432487
v -0.01060146 -0.00758376 -0.04450476
v -0.01091147 -0.00859640 -0.04517634
v -0.01085320 -0.00872672 -0.04498126
v -0.01081279 -0.00824366 -0.04483652
v -0.01094942 -0.00836546 -0.04530166
v -0.01092121 -0.00787376 -0.04519905
v -0.01095261 -0.00810905 -0.04530883
v -0.01086549 -0.00772643 -0.04500852
v -0.01067036 -0.00744207 -0.04498163
v -0.01083049 -0.00764061 -0.04490813
v -0.01087472 -0.00768568 -0.04505810
v -0.01091754 -0.00779784 -0.04520458
v -0.01094879 -0.00795947 -0.04531283
v -0.01096472 -0.00816392 -0.04536984
v -0.01095881 -0.00837496 -0.04535278
v -0.01093139 -0.00857355 -0.04526255
v -0.01088916 -0.00871934 -0.04512164
v -0.01084735 -0.00878786 -0.04498135
v -0.01075810 -0.00894658 -0.04505111
v -0.01069281 -0.00898098 -0.04507988
v -0.01061100 -0.00900139 -0.04505008
v -0.01062638 -0.00898913 -0.04510182
v -0.01074882 -0.00888906 -0.04526799
v -0.01077985 -0.00802724 -0.04560825
v -0.01078525 -0.00814311 -0.04562836
v -0.01084997 -0.00814393 -0.04560075
v -0.01077947 -0.00839956 -0.04561241
v -0.01084205 -0.00842705 -0.04557792
v -0.01074015 -0.00869845 -0.04548294
v -0.01080536 -0.00869347 -0.04545693
v -0.01073028 -0.00874353 -0.04545010
v -0.01069172 -0.00887424 -0.04532116
v -0.01076374 -0.00786556 -0.04555100
v -0.01082869 -0.00786970 -0.04552424
v -0.01073346 -0.00769458 -0.04544555
v -0.01078689 -0.00765292 -0.04537904
v -0.01072149 -0.00764636 -0.04540422
v -0.01072959 -0.00750250 -0.04518264
v -0.01065447 -0.00747951 -0.04517465
v -0.01060371 -0.00743316 -0.04500254
v -0.01073664 -0.00747775 -0.04495733
v -0.01081669 -0.00887833 -0.04501511
v -0.01086515 -0.00879886 -0.04517781
v -0.01091408 -0.00862978 -0.04534120
v -0.01094585 -0.00839947 -0.04544583
v -0.01095269 -0.00815473 -0.04546559
v -0.01093425 -0.00791765 -0.04539945
v -0.01089805 -0.00773025 -0.04527390
v -0.01084845 -0.00760020 -0.04510405
v -0.01079719 -0.00754795 -0.04493017
v -0.01079320 -0.00753543 -0.04514924
v -0.01084792 -0.00767900 -0.04533673
v -0.01088784 -0.00788591 -0.04547536
v -0.01090817 -0.00814765 -0.04554839
v -0.01090062 -0.00841787 -0.04552658
v -0.01086557 -0.00867216 -0.04541108
v -0.01081159 -0.00885885 -0.04523071
v -0.01054599 -0.00743064 -0.04498425
v -0.01060850 -0.00748271 -0.04519609
v -0.01067773 -0.00766292 -0.04543331
v -0.01072240 -0.00792159 -0.04558897
v -0.01073796 -0.00822109 -0.04564634
v -0.01072005 -0.00852058 -0.04558967
v -0.01067331 -0.00877907 -0.04543450
v -0.01060460 -0.00895558 -0.04520423
v -0.00886634 -0.00963542 -0.03965566
v -0.00883632 -0.00968644 -0.03957232
v -0.00880049 -0.00966454 -0.03962015
v -0.00893009 -0.01106831 -0.03993421
v -0.00888298 -0.01106613 -0.03995066
v -0.00891054 -0.01106884 -0.03987761
v -0.00872547 -0.01084591 -0.03947869
v -0.00876591 -0.01082211 -0.03944109
v -0.00878783 -0.01089866 -0.03950996
v -0.00879785 -0.01101814 -0.03970059
v -0.00881621 -0.01097037 -0.03959724
v -0.00884726 -0.01102335 -0.03969099
v -0.00880102 -0.01102244 -0.03971008
v -0.00887833 -0.01105515 -0.03978330
v -0.00867357 -0.01021399 -0.03928643
v -0.00872550 -0.01015393 -0.03928009
v -0.00871813 -0.01025806 -0.03926518
v -0.00866884 -0.01039432 -0.03928414
v -0.00871586 -0.01039515 -0.03926731
v -0.00872041 -0.01050993 -0.03928799
v -0.00867604 -0.01054495 -0.03931490
v -0.00873543 -0.01065972 -0.03934158
v -0.00875800 -0.01078810 -0.03941580
v -0.00874698 -0.00999169 -0.03933248
v -0.00871846 -0.00989839 -0.03939729
v -0.00877221 -0.00987112 -0.03939823
v -0.00882413 -0.00971265 -0.03953874
v -0.00878384 -0.00982752 -0.03942926
v -0.00889850 -0.00959965 -0.03974586
v -0.00889007 -0.00957954 -0.03987207
v -0.00891294 -0.00958943 -0.03978666
v -0.00891388 -0.00957972 -0.03994001
v -0.00896103 -0.00958028 -0.03992351
v -0.00889622 -0.00978518 -0.03945723
v -0.00892975 -0.00970376 -0.03954906
v -0.00901589 -0.00975567 -0.03955040
v -0.00885342 -0.01077939 -0.03939656
v -0.00908770 -0.00998171 -0.03954497
v -0.00914657 -0.00981318 -0.03971704
v -0.00915001 -0.00986565 -0.03971717
v -0.00919027 -0.00979549 -0.03984337
v -0.00919396 -0.00984789 -0.03984206
v -0.00910236 -0.00987499 -0.03959372
v -0.00912955 -0.00976378 -0.03970941
v -0.00914168 -0.00967836 -0.03986039
v -0.00902264 -0.00960115 -0.03980962
v -0.00912768 -0.00966037 -0.03986529
v -0.00899048 -0.00961893 -0.03971859
v -0.00907167 -0.00967773 -0.03970610
v -0.00895911 -0.00965383 -0.03963058
v -0.00905351 -0.00960103 -0.03989121
v -0.00886726 -0.00988382 -0.03937942
v -0.00884265 -0.01000150 -0.03931525
v -0.00895847 -0.00992112 -0.03939461
v -0.00881449 -0.01026155 -0.03924960
v -0.00881228 -0.01039543 -0.03925169
v -0.00881812 -0.01052772 -0.03927727
v -0.00883138 -0.01065392 -0.03932415
v -0.00891024 -0.01095758 -0.03957358
v -0.00888255 -0.01088746 -0.03948843
v -0.00897262 -0.01084352 -0.03949467
v -0.00897089 -0.01104052 -0.03975511
v -0.00894144 -0.01101057 -0.03966770
v -0.00902682 -0.01095666 -0.03965928
v -0.00902080 -0.01105370 -0.03990258
v -0.00903078 -0.01056717 -0.03943006
v -0.00900266 -0.01059001 -0.03939487
v -0.00898732 -0.01038371 -0.03933714
v -0.00908111 -0.00983150 -0.03957424
v -0.00905683 -0.01000621 -0.03947034
v -0.00904460 -0.01019082 -0.03943335
v -0.00891937 -0.01014714 -0.03929516
v -0.00890794 -0.01039129 -0.03927731
v -0.00892554 -0.01062886 -0.03934383
v -0.00900233 -0.01105392 -0.03984713
v -0.00908283 -0.01099648 -0.03982406
v -0.00913957 -0.01090904 -0.03981168
v -0.00909083 -0.01087454 -0.03966866
v -0.00915587 -0.01085806 -0.03981028
v -0.00911135 -0.01082664 -0.03967981
v -0.00904367 -0.01077636 -0.03952578
v -0.00906826 -0.01073712 -0.03954947
v -0.00882473 -0.01012977 -0.03927112
v -0.00899724 -0.01017163 -0.03935265
v -0.00901675 -0.01037896 -0.03937741
v -0.00906759 -0.01064713 -0.03952848
v -0.00912282 -0.01077958 -0.03969677
v -0.00917498 -0.01080857 -0.03984862
v -0.00916746 -0.01086858 -0.03985128
v -0.00911226 -0.01098215 -0.03987062
v -0.00903122 -0.00997527 -0.03943900
v -0.00902580 -0.01018544 -0.03939157
v -0.00903746 -0.01042833 -0.03942733
v -0.00918578 -0.01036070 -0.03984492
v -0.00932626 -0.01045957 -0.04025706
v -0.00928205 -0.01067303 -0.04014513
v -0.00921971 -0.01078966 -0.03997534
v -0.00933314 -0.01022183 -0.04026195
v -0.00930296 -0.01000899 -0.04016322
v -0.00924656 -0.00987647 -0.03999436
v -0.00913102 -0.00983373 -0.04042418
v -0.00914085 -0.00987659 -0.04045461
v -0.00922700 -0.00988921 -0.04041006
v -0.00925748 -0.01078347 -0.04009530
v -0.00921348 -0.01084398 -0.03997397
v -0.00920277 -0.01089366 -0.03999107
v -0.00896707 -0.01106445 -0.04003905
v -0.00904980 -0.01105227 -0.03998280
v -0.00908166 -0.01103481 -0.04007208
v -0.00899179 -0.01104934 -0.04010817
v -0.00915569 -0.01097885 -0.04003066
v -0.00911296 -0.01100053 -0.04015854
v -0.00902389 -0.01101429 -0.04019679
v -0.00914244 -0.01095149 -0.04023878
v -0.00905582 -0.01096078 -0.04028361
v -0.00908956 -0.01088052 -0.04037369
v -0.00917700 -0.01086974 -0.04033114
v -0.00921142 -0.01090230 -0.04018378
v -0.00920707 -0.01077047 -0.04040955
v -0.00911329 -0.01080537 -0.04043574
v -0.00914679 -0.01065763 -0.04052060
v -0.00923282 -0.01065191 -0.04047448
v -0.00927067 -0.01073595 -0.04034064
v -0.00925173 -0.01052276 -0.04051947
v -0.00916620 -0.01052545 -0.04056673
v -0.00924561 -0.00999513 -0.04046919
v -0.00915990 -0.00998479 -0.04051506
v -0.00917403 -0.01011450 -0.04056291
v -0.00925935 -0.01012143 -0.04051572
v -0.00917735 -0.01016601 -0.04057544
v -0.00926531 -0.01025421 -0.04054075
v -0.00917750 -0.01038891 -0.04058984
v -0.00926276 -0.01038938 -0.04054202
v -0.00917107 -0.01047837 -0.04057742
v -0.00908794 -0.00970082 -0.04029382
v -0.00911811 -0.00978591 -0.04038466
v -0.00917538 -0.00971768 -0.04025318
v -0.00920314 -0.00979514 -0.04033676
v -0.00926698 -0.00983972 -0.04027377
v -0.00902463 -0.00960186 -0.04010727
v -0.00904597 -0.00962544 -0.04016965
v -0.00911361 -0.00962112 -0.04007117
v -0.00914373 -0.00965733 -0.04015937
v -0.00921243 -0.00971310 -0.04011086
v -0.00898098 -0.00957965 -0.03998082
v -0.00921263 -0.00980092 -0.03990541
v -0.00920200 -0.00975027 -0.03991587
v -0.00915514 -0.00966202 -0.03994393
v -0.00908134 -0.00960174 -0.03997758
v -0.00933195 -0.01008749 -0.04026299
v -0.00933284 -0.01006427 -0.04030782
v -0.00934852 -0.01027104 -0.04036490
v -0.00925106 -0.01082727 -0.04012404
v -0.00930422 -0.01065186 -0.04021959
v -0.00931160 -0.01050832 -0.04044161
v -0.00932403 -0.01026154 -0.04046114
v -0.00930595 -0.01002347 -0.04039541
v -0.00925173 -0.00979463 -0.04006077
v -0.00925799 -0.00984141 -0.04003759
v -0.00929905 -0.00990464 -0.04020220
v -0.00930114 -0.00994181 -0.04016662
v -0.00933778 -0.01048532 -0.04034794
v -0.00934625 -0.01027616 -0.04031507
v -0.00930236 -0.01068292 -0.04026026
v -0.00933648 -0.01047164 -0.04029960
v -0.00900693 -0.01096171 -0.04029602
v -0.00902860 -0.01091411 -0.04035411
v -0.00899879 -0.00962469 -0.04018552
v -0.00905972 -0.00974936 -0.04036633
v -0.00907157 -0.00978682 -0.04040219
v -0.00912423 -0.01008143 -0.04056932
v -0.00913167 -0.01035653 -0.04060785
v -0.00911910 -0.01052238 -0.04058331
v -0.00909750 -0.01066671 -0.04053199
v -0.00894180 -0.01104930 -0.04011732
v -0.00945282 -0.00900199 -0.04135176
v -0.00940533 -0.00900171 -0.04136753
v -0.00943258 -0.00900272 -0.04129083
v -0.00931502 -0.00895021 -0.04109573
v -0.00936488 -0.00895380 -0.04108703
v -0.00928950 -0.00878657 -0.04085996
v -0.00923716 -0.00876969 -0.04086124
v -0.00927618 -0.00873899 -0.04081973
v -0.00924205 -0.00856951 -0.04071633
v -0.00918654 -0.00851087 -0.04070782
v -0.00922345 -0.00840695 -0.04065930
v -0.00916870 -0.00821145 -0.04065149
v -0.00921722 -0.00829239 -0.04063949
v -0.00918881 -0.00791235 -0.04070756
v -0.00922347 -0.00803426 -0.04065497
v -0.00926737 -0.00773720 -0.04078164
v -0.00924144 -0.00765433 -0.04086079
v -0.00927887 -0.00769042 -0.04081525
v -0.00932254 -0.00755900 -0.04094372
v -0.00931843 -0.00747810 -0.04108831
v -0.00939499 -0.00744520 -0.04115878
v -0.00941297 -0.00743234 -0.04121251
v -0.00941170 -0.00742458 -0.04136722
v -0.00945928 -0.00742441 -0.04135142
v -0.00966307 -0.00879418 -0.04120436
v -0.00961375 -0.00874893 -0.04105582
v -0.00963455 -0.00870733 -0.04110054
v -0.00956579 -0.00863665 -0.04091107
v -0.00957285 -0.00856123 -0.04091416
v -0.00964355 -0.00764729 -0.04113195
v -0.00963726 -0.00772106 -0.04109682
v -0.00959671 -0.00771642 -0.04099254
v -0.00958335 -0.00783771 -0.04093697
v -0.00954946 -0.00786267 -0.04085324
v -0.00954077 -0.00806797 -0.04081272
v -0.00951885 -0.00806165 -0.04076440
v -0.00953719 -0.00832446 -0.04080505
v -0.00951255 -0.00827234 -0.04074816
v -0.00953082 -0.00847655 -0.04080492
v -0.00953161 -0.00748863 -0.04112514
v -0.00959234 -0.00746899 -0.04130716
v -0.00964243 -0.00752087 -0.04129048
v -0.00946192 -0.00745388 -0.04113879
v -0.00952553 -0.00743331 -0.04132939
v -0.00955309 -0.00744442 -0.04132022
v -0.00939907 -0.00754656 -0.04095210
v -0.00928603 -0.00829197 -0.04062497
v -0.00929449 -0.00800944 -0.04064669
v -0.00933564 -0.00774264 -0.04076561
v -0.00948796 -0.00899177 -0.04123582
v -0.00954644 -0.00898284 -0.04132068
v -0.00951916 -0.00899359 -0.04132973
v -0.00931059 -0.00856581 -0.04070098
v -0.00935754 -0.00878050 -0.04084310
v -0.00942187 -0.00893107 -0.04103692
v -0.00955650 -0.00895656 -0.04121780
v -0.00958629 -0.00895831 -0.04130748
v -0.00969177 -0.00873997 -0.04127277
v -0.00968729 -0.00879081 -0.04127418
v -0.00963654 -0.00890702 -0.04129086
v -0.00969594 -0.00768740 -0.04127258
v -0.00969199 -0.00763725 -0.04127393
v -0.00959971 -0.00755701 -0.04112143
v -0.00954537 -0.00763714 -0.04095986
v -0.00949055 -0.00780669 -0.04079844
v -0.00945500 -0.00803736 -0.04069548
v -0.00944770 -0.00828164 -0.04067668
v -0.00946892 -0.00851842 -0.04074246
v -0.00950950 -0.00870405 -0.04086548
v -0.00956512 -0.00883425 -0.04103323
v -0.00962230 -0.00888673 -0.04120538
v -0.00949339 -0.00889862 -0.04102786
v -0.00943197 -0.00875489 -0.04084276
v -0.00938716 -0.00854996 -0.04070704
v -0.00936372 -0.00828857 -0.04063445
v -0.00937179 -0.00801890 -0.04065520
v -0.00941107 -0.00776425 -0.04076876
v -0.00947161 -0.00757708 -0.04094686
v -0.00969419 -0.00823617 -0.04127259
v -0.00984591 -0.00835488 -0.04173422
v -0.00980431 -0.00858688 -0.04161078
v -0.00975091 -0.00870524 -0.04145068
v -0.00984892 -0.00809853 -0.04174025
v -0.00981385 -0.00786482 -0.04163093
v -0.00975172 -0.00771838 -0.04144111
v -0.00964655 -0.00893870 -0.04148884
v -0.00971412 -0.00763328 -0.04134390
v -0.00973350 -0.00878021 -0.04141628
v -0.00970392 -0.00887054 -0.04145101
v -0.00977985 -0.00871130 -0.04155553
v -0.00949345 -0.00899680 -0.04147404
v -0.00958226 -0.00897304 -0.04151965
v -0.00968731 -0.00803987 -0.04205048
v -0.00969179 -0.00813289 -0.04206535
v -0.00975560 -0.00813391 -0.04203579
v -0.00968589 -0.00838742 -0.04205044
v -0.00974725 -0.00841642 -0.04201375
v -0.00964252 -0.00868899 -0.04192189
v -0.00970685 -0.00868399 -0.04189385
v -0.00963287 -0.00872940 -0.04189303
v -0.00964428 -0.00888060 -0.04170620
v -0.00958281 -0.00887998 -0.04174281
v -0.00951660 -0.00898121 -0.04154370
v -0.00966775 -0.00785639 -0.04198848
v -0.00973180 -0.00786052 -0.04195974
v -0.00963469 -0.00768826 -0.04188570
v -0.00968581 -0.00764591 -0.04181705
v -0.00962308 -0.00764552 -0.04184984
v -0.00962235 -0.00749564 -0.04162263
v -0.00954723 -0.00747293 -0.04161758
v -0.00968153 -0.00754074 -0.04136711
v -0.00962189 -0.00747066 -0.04139625
v -0.00955648 -0.00743506 -0.04142269
v -0.00949056 -0.00742617 -0.04144571
v -0.00984681 -0.00838926 -0.04187850
v -0.00986310 -0.00815448 -0.04180144
v -0.00985403 -0.00814500 -0.04189755
v -0.00984526 -0.00795059 -0.04174469
v -0.00983340 -0.00790861 -0.04183176
v -0.00981083 -0.00779054 -0.04163822
v -0.00979354 -0.00772305 -0.04170831
v -0.00976336 -0.00767846 -0.04149313
v -0.00973857 -0.00759311 -0.04154010
v -0.00975762 -0.00879062 -0.04161243
v -0.00982664 -0.00856469 -0.04169557
v -0.00976554 -0.00866278 -0.04184616
v -0.00980414 -0.00840737 -0.04196064
v -0.00981211 -0.00813771 -0.04198168
v -0.00978937 -0.00787675 -0.04190906
v -0.00974543 -0.00767192 -0.04177282
v -0.00968482 -0.00752848 -0.04158717
v -0.00970579 -0.00885046 -0.04166699
v -0.00981181 -0.00862062 -0.04177478
v -0.00985686 -0.00836516 -0.04178501
v -0.00941517 -0.00742375 -0.04137764
v -0.00943188 -0.00742362 -0.04142800
v -0.00957841 -0.00765585 -0.04187461
v -0.00950194 -0.00747610 -0.04164035
v -0.00962789 -0.00791428 -0.04202852
v -0.00964516 -0.00821348 -0.04208495
v -0.00962547 -0.00851268 -0.04202845
v -0.00957390 -0.00877103 -0.04187454
v -0.00949801 -0.00894765 -0.04164647
v -0.00941020 -0.00900249 -0.04138217
v -0.00763856 -0.01106190 -0.03644696
v -0.00759214 -0.01105978 -0.03646516
v -0.00761682 -0.01106240 -0.03639095
v -0.00749707 -0.01101119 -0.03621749
v -0.00741434 -0.01082948 -0.03599141
v -0.00745619 -0.01081583 -0.03596100
v -0.00751217 -0.01096387 -0.03611477
v -0.00754673 -0.01101692 -0.03620729
v -0.00750102 -0.01101605 -0.03622801
v -0.00758113 -0.01104867 -0.03629805
v -0.00735340 -0.01038735 -0.03580766
v -0.00735664 -0.01022718 -0.03580765
v -0.00740936 -0.01014734 -0.03580185
v -0.00739949 -0.01038792 -0.03578929
v -0.00740493 -0.01050391 -0.03580993
v -0.00736283 -0.01054828 -0.03584108
v -0.00742193 -0.01065315 -0.03586265
v -0.00744728 -0.01078159 -0.03593588
v -0.00740207 -0.00990921 -0.03590916
v -0.00746007 -0.00986424 -0.03591843
v -0.00743268 -0.00998434 -0.03585375
v -0.00741284 -0.01011527 -0.03580919
v -0.00756292 -0.00962963 -0.03617131
v -0.00752997 -0.00968054 -0.03608925
v -0.00747485 -0.00969649 -0.03608625
v -0.00751518 -0.00970970 -0.03605269
v -0.00747278 -0.00982067 -0.03594904
v -0.00759822 -0.00959406 -0.03625989
v -0.00756841 -0.00958297 -0.03632030
v -0.00761127 -0.00958547 -0.03629280
v -0.00762061 -0.00957432 -0.03645266
v -0.00766708 -0.00957488 -0.03643440
v -0.00765472 -0.00964796 -0.03614281
v -0.00768914 -0.00961327 -0.03622922
v -0.00776985 -0.00967199 -0.03621371
v -0.00758594 -0.00977867 -0.03597260
v -0.00762257 -0.00969764 -0.03606277
v -0.00770870 -0.00974950 -0.03606088
v -0.00752766 -0.00999410 -0.03583310
v -0.00755438 -0.00987689 -0.03589617
v -0.00764605 -0.00991420 -0.03590791
v -0.00778053 -0.00997508 -0.03605298
v -0.00784520 -0.00980735 -0.03622184
v -0.00784869 -0.00985979 -0.03622183
v -0.00789338 -0.00978986 -0.03634591
v -0.00789707 -0.00984216 -0.03634450
v -0.00779673 -0.00986881 -0.03610080
v -0.00782788 -0.00975798 -0.03621485
v -0.00784536 -0.00967281 -0.03636462
v -0.00783151 -0.00965480 -0.03637003
v -0.00772452 -0.00959561 -0.03631862
v -0.00775833 -0.00959556 -0.03639866
v -0.00749735 -0.01025392 -0.03576827
v -0.00749528 -0.01038811 -0.03577023
v -0.00750213 -0.01052071 -0.03579547
v -0.00751719 -0.01064721 -0.03584179
v -0.00760526 -0.01095091 -0.03608768
v -0.00757445 -0.01088085 -0.03600382
v -0.00766461 -0.01083683 -0.03600672
v -0.00767255 -0.01103385 -0.03626646
v -0.00763990 -0.01100389 -0.03618038
v -0.00772481 -0.01094990 -0.03616880
v -0.00772814 -0.01104704 -0.03641188
v -0.00772001 -0.01056048 -0.03594010
v -0.00769070 -0.01058328 -0.03590604
v -0.00767310 -0.01037651 -0.03584905
v -0.00777476 -0.00982532 -0.03608218
v -0.00774702 -0.00999943 -0.03597966
v -0.00773358 -0.01018389 -0.03594304
v -0.00760369 -0.01013935 -0.03581011
v -0.00759173 -0.01038399 -0.03579229
v -0.00761191 -0.01062211 -0.03585798
v -0.00770738 -0.01104730 -0.03635707
v -0.00778686 -0.01098978 -0.03633104
v -0.00784297 -0.01090236 -0.03631659
v -0.00778899 -0.01086781 -0.03617579
v -0.00785912 -0.01085142 -0.03631460
v -0.00780982 -0.01081995 -0.03618616
v -0.00773659 -0.01076969 -0.03603512
v -0.00776195 -0.01073049 -0.03605784
v -0.00754192 -0.01077273 -0.03591321
v -0.00750830 -0.01012190 -0.03578964
v -0.00768348 -0.01016402 -0.03586451
v -0.00770391 -0.01037184 -0.03588811
v -0.00776045 -0.01064071 -0.03603703
v -0.00782193 -0.01077305 -0.03620285
v -0.00787961 -0.01080201 -0.03635228
v -0.00787241 -0.01086149 -0.03635518
v -0.00781824 -0.01097524 -0.03637652
v -0.00772031 -0.00996842 -0.03594941
v -0.00771338 -0.01017794 -0.03590222
v -0.00772641 -0.01042169 -0.03593713
v -0.00788959 -0.01035423 -0.03634794
v -0.00804550 -0.01045414 -0.03675400
v -0.00799742 -0.01066688 -0.03664407
v -0.00792902 -0.01078314 -0.03647717
v -0.00805236 -0.01021681 -0.03675875
v -0.00801820 -0.01000358 -0.03666116
v -0.00795521 -0.00987070 -0.03649426
v -0.00789992 -0.01086356 -0.03683406
v -0.00786206 -0.01094509 -0.03674326
v -0.00792881 -0.01089580 -0.03668566
v -0.00785385 -0.00982074 -0.03692207
v -0.00786717 -0.00987181 -0.03695834
v -0.00795156 -0.00988432 -0.03691053
v -0.00783570 -0.01081364 -0.03693064
v -0.00779349 -0.01092268 -0.03683053
v -0.00797127 -0.01077699 -0.03659548
v -0.00792284 -0.01083741 -0.03647601
v -0.00791287 -0.01088706 -0.03649350
v -0.00767069 -0.01106080 -0.03652829
v -0.00776000 -0.01104571 -0.03649102
v -0.00779517 -0.01102830 -0.03657903
v -0.00769614 -0.01105008 -0.03659208
v -0.00786746 -0.01097225 -0.03653483
v -0.00782965 -0.01099407 -0.03666423
v -0.00774212 -0.01100801 -0.03670584
v -0.00777568 -0.01095735 -0.03678761
v -0.00793274 -0.01076456 -0.03691112
v -0.00784785 -0.01077321 -0.03695891
v -0.00787654 -0.01065223 -0.03702426
v -0.00796072 -0.01064635 -0.03697488
v -0.00799360 -0.01072993 -0.03683982
v -0.00790143 -0.01048584 -0.03707752
v -0.00799285 -0.01038450 -0.03704112
v -0.00790949 -0.01038418 -0.03709216
v -0.00799522 -0.01024962 -0.03703978
v -0.00791193 -0.01024605 -0.03709080
v -0.00798820 -0.01011705 -0.03701508
v -0.00790650 -0.01013175 -0.03707108
v -0.00797262 -0.00999088 -0.03696922
v -0.00788876 -0.00998100 -0.03701848
v -0.00780779 -0.00969535 -0.03679901
v -0.00783963 -0.00977485 -0.03688374
v -0.00789364 -0.00971213 -0.03675510
v -0.00792470 -0.00978971 -0.03683775
v -0.00798614 -0.00983418 -0.03677246
v -0.00773733 -0.00959639 -0.03661491
v -0.00776108 -0.00962001 -0.03667657
v -0.00782490 -0.00961558 -0.03657550
v -0.00785833 -0.00965171 -0.03666239
v -0.00792523 -0.00970740 -0.03661143
v -0.00768917 -0.00957427 -0.03649088
v -0.00791791 -0.00979523 -0.03640665
v -0.00790761 -0.00974462 -0.03641742
v -0.00786172 -0.00965645 -0.03644707
v -0.00778917 -0.00959625 -0.03648338
v -0.00805111 -0.01008265 -0.03675991
v -0.00805368 -0.01005956 -0.03680466
v -0.00807167 -0.01026603 -0.03686092
v -0.00796602 -0.01082076 -0.03662445
v -0.00802239 -0.01064574 -0.03671760
v -0.00803797 -0.01050295 -0.03693894
v -0.00805085 -0.01025675 -0.03695799
v -0.00803012 -0.01001902 -0.03689319
v -0.00796272 -0.00978887 -0.03656007
v -0.00796817 -0.00983561 -0.03653678
v -0.00801555 -0.00989901 -0.03669985
v -0.00801635 -0.00993613 -0.03666429
v -0.00798114 -0.01051756 -0.03701903
v -0.00806053 -0.01047980 -0.03684437
v -0.00806751 -0.01027105 -0.03681124
v -0.00802213 -0.01067682 -0.03675830
v -0.00805737 -0.01046606 -0.03679613
v -0.00779875 -0.00979165 -0.03691701
v -0.00771454 -0.00961947 -0.03669466
v -0.00785634 -0.01009011 -0.03707785
v -0.00786532 -0.01024397 -0.03710859
v -0.00786055 -0.01042041 -0.03710621
v -0.00785113 -0.01051732 -0.03708790
v -0.00781032 -0.01073812 -0.03699766
v -0.00771814 -0.01097414 -0.03677889
v -0.00761850 -0.01105997 -0.03653199
v -0.00821189 -0.00899721 -0.03784044
v -0.00816495 -0.00899697 -0.03785798
v -0.00818930 -0.00899793 -0.03778027
v -0.00806437 -0.00894540 -0.03759013
v -0.00811395 -0.00894902 -0.03757961
v -0.00802982 -0.00878167 -0.03735549
v -0.00797749 -0.00876476 -0.03735874
v -0.00801490 -0.00873396 -0.03731570
v -0.00797663 -0.00856375 -0.03721331
v -0.00792088 -0.00850587 -0.03720725
v -0.00795585 -0.00840143 -0.03715713
v -0.00790070 -0.00820639 -0.03715136
v -0.00794879 -0.00828606 -0.03713745
v -0.00792273 -0.00790724 -0.03720618
v -0.00795558 -0.00802815 -0.03715269
v -0.00800422 -0.00773104 -0.03727750
v -0.00798096 -0.00764917 -0.03735677
v -0.00801706 -0.00768403 -0.03731081
v -0.00806386 -0.00755653 -0.03743291
v -0.00806642 -0.00747288 -0.03758064
v -0.00814573 -0.00743986 -0.03764829
v -0.00816419 -0.00742782 -0.03769713
v -0.00817014 -0.00741933 -0.03785532
v -0.00821716 -0.00741914 -0.03783775
v -0.00841624 -0.00878904 -0.03768494
v -0.00836131 -0.00874382 -0.03753857
v -0.00838370 -0.00870241 -0.03758231
v -0.00830777 -0.00863149 -0.03739570
v -0.00831470 -0.00855594 -0.03739805
v -0.00839320 -0.00764222 -0.03761203
v -0.00838555 -0.00771582 -0.03757720
v -0.00834123 -0.00771111 -0.03747501
v -0.00832592 -0.00783168 -0.03742047
v -0.00828889 -0.00785690 -0.03733812
v -0.00827863 -0.00806172 -0.03729791
v -0.00825500 -0.00805532 -0.03725073
v -0.00827475 -0.00831846 -0.03729024
v -0.00824808 -0.00826628 -0.03723463
v -0.00826858 -0.00847082 -0.03729064
v -0.00828112 -0.00748339 -0.03760941
v -0.00834859 -0.00746383 -0.03778842
v -0.00839783 -0.00751555 -0.03776995
v -0.00821191 -0.00744854 -0.03762572
v -0.00828258 -0.00742806 -0.03781318
v -0.00830967 -0.00743912 -0.03780302
v -0.00814218 -0.00754094 -0.03744218
v -0.00801705 -0.00828563 -0.03712029
v -0.00802634 -0.00800265 -0.03714184
v -0.00807188 -0.00773649 -0.03725884
v -0.00824270 -0.00898692 -0.03772344
v -0.00830424 -0.00897801 -0.03780577
v -0.00827734 -0.00898877 -0.03781587
v -0.00804460 -0.00856002 -0.03719531
v -0.00809722 -0.00877555 -0.03733600
v -0.00816906 -0.00892626 -0.03752738
v -0.00831053 -0.00895158 -0.03770272
v -0.00834366 -0.00895334 -0.03779096
v -0.00844737 -0.00873505 -0.03775193
v -0.00844301 -0.00878583 -0.03775359
v -0.00839306 -0.00890211 -0.03777239
v -0.00845075 -0.00768220 -0.03775017
v -0.00844680 -0.00763191 -0.03775162
v -0.00834903 -0.00755186 -0.03760314
v -0.00828875 -0.00763172 -0.03744432
v -0.00822800 -0.00780076 -0.03728566
v -0.00818866 -0.00803082 -0.03718440
v -0.00818064 -0.00827543 -0.03716574
v -0.00820443 -0.00851262 -0.03723066
v -0.00824991 -0.00869893 -0.03735242
v -0.00831201 -0.00882921 -0.03751802
v -0.00837571 -0.00888165 -0.03768767
v -0.00824024 -0.00889369 -0.03751550
v -0.00817166 -0.00874985 -0.03733277
v -0.00812143 -0.00854414 -0.03719842
v -0.00809514 -0.00828226 -0.03712678
v -0.00810401 -0.00801219 -0.03714736
v -0.00814747 -0.00775819 -0.03725909
v -0.00821457 -0.00757156 -0.03743416
v -0.00857170 -0.00858427 -0.03808283
v -0.00850030 -0.00871418 -0.03789296
v -0.00844937 -0.00823098 -0.03775096
v -0.00861817 -0.00835315 -0.03820534
v -0.00858283 -0.00786187 -0.03810530
v -0.00862176 -0.00809678 -0.03821239
v -0.00851382 -0.00771425 -0.03791882
v -0.00831699 -0.00742979 -0.03790515
v -0.00847160 -0.00762809 -0.03782061
v -0.00852642 -0.00767322 -0.03796759
v -0.00857942 -0.00778538 -0.03811086
v -0.00861805 -0.00794624 -0.03821641
v -0.00863807 -0.00815067 -0.03827245
v -0.00863120 -0.00836177 -0.03825607
v -0.00859774 -0.00856064 -0.03816804
v -0.00854591 -0.00870669 -0.03803041
v -0.00849447 -0.00877535 -0.03789346
v -0.00841053 -0.00893394 -0.03796946
v -0.00834746 -0.00896836 -0.03800276
v -0.00826485 -0.00898838 -0.03798158
v -0.00828276 -0.00897658 -0.03802931
v -0.00841628 -0.00887626 -0.03818622
v -0.00847005 -0.00801532 -0.03852308
v -0.00847678 -0.00812969 -0.03854252
v -0.00853945 -0.00813054 -0.03851057
v -0.00847004 -0.00838774 -0.03852693
v -0.00853024 -0.00841365 -0.03848860
v -0.00842232 -0.00868541 -0.03840107
v -0.00848556 -0.00868036 -0.03837063
v -0.00840991 -0.00873178 -0.03836810
v -0.00836404 -0.00885920 -0.03824596
v -0.00844981 -0.00785230 -0.03846661
v -0.00851276 -0.00785640 -0.03843547
v -0.00841259 -0.00768277 -0.03836435
v -0.00846117 -0.00764070 -0.03829404
v -0.00839769 -0.00763418 -0.03832368
v -0.00839033 -0.00749031 -0.03810208
v -0.00831497 -0.00746753 -0.03809971
v -0.00825198 -0.00742091 -0.03793067
v -0.00838140 -0.00746543 -0.03787625
v -0.00846634 -0.00886572 -0.03792939
v -0.00852593 -0.00878609 -0.03808814
v -0.00858594 -0.00861673 -0.03824770
v -0.00862467 -0.00838614 -0.03834976
v -0.00863264 -0.00814137 -0.03836875
v -0.00860948 -0.00790436 -0.03830378
v -0.00856476 -0.00771787 -0.03818142
v -0.00850339 -0.00758785 -0.03801532
v -0.00843989 -0.00753553 -0.03784493
v -0.00845145 -0.00752318 -0.03806430
v -0.00851912 -0.00766672 -0.03824760
v -0.00856841 -0.00787260 -0.03838264
v -0.00859391 -0.00813425 -0.03845435
v -0.00858513 -0.00840446 -0.03843338
v -0.00854243 -0.00865904 -0.03832074
v -0.00847625 -0.00884602 -0.03814465
v -0.00819281 -0.00741839 -0.03791576
v -0.00827053 -0.00747069 -0.03812419
v -0.00835596 -0.00765068 -0.03835565
v -0.00841130 -0.00790922 -0.03850772
v -0.00843086 -0.00820857 -0.03856381
v -0.00840933 -0.00850791 -0.03850860
v -0.00835230 -0.00876635 -0.03835733
v -0.00826806 -0.00894299 -0.03813284
v -0.00625905 -0.01105422 -0.03300849
v -0.00621218 -0.01105225 -0.03302711
v -0.00623671 -0.01105469 -0.03295260
v -0.00613471 -0.01102469 -0.03283263
v -0.00616598 -0.01100972 -0.03277208
v -0.00605316 -0.01088637 -0.03261637
v -0.00609863 -0.01088473 -0.03259424
v -0.00601653 -0.01037947 -0.03235652
v -0.00602238 -0.01050016 -0.03237802
v -0.00599056 -0.01062687 -0.03244006
v -0.00603932 -0.01064579 -0.03242943
v -0.00607445 -0.01081024 -0.03252842
v -0.00597006 -0.01032429 -0.03237135
v -0.00599317 -0.01003421 -0.03241671
v -0.00602606 -0.01014117 -0.03236891
v -0.00607754 -0.00985413 -0.03248675
v -0.00605494 -0.00977720 -0.03256239
v -0.00608977 -0.00981255 -0.03251594
v -0.00610107 -0.00967177 -0.03267433
v -0.00613057 -0.00970582 -0.03261438
v -0.00621635 -0.00958697 -0.03282431
v -0.00614330 -0.00961090 -0.03277777
v -0.00622722 -0.00957982 -0.03285106
v -0.00623924 -0.00956774 -0.03301440
v -0.00628587 -0.00956822 -0.03299582
v -0.00637819 -0.01063419 -0.03260102
v -0.00633489 -0.01055508 -0.03250119
v -0.00631830 -0.01036324 -0.03244908
v -0.00634329 -0.01041429 -0.03250128
v -0.00632807 -0.01016612 -0.03246411
v -0.00635040 -0.01017509 -0.03250746
v -0.00636220 -0.00998724 -0.03254197
v -0.00639801 -0.00996599 -0.03261754
v -0.00641265 -0.00985669 -0.03266285
v -0.00646172 -0.00979573 -0.03278270
v -0.00646650 -0.00985239 -0.03278368
v -0.00635203 -0.00963316 -0.03278207
v -0.00641718 -0.00961556 -0.03294285
v -0.00646353 -0.00966604 -0.03292421
v -0.00628257 -0.00959650 -0.03280007
v -0.00635121 -0.00957797 -0.03296945
v -0.00637681 -0.00958886 -0.03295913
v -0.00621486 -0.00968057 -0.03263417
v -0.00608521 -0.01037905 -0.03233815
v -0.00609867 -0.01010720 -0.03235899
v -0.00614549 -0.00986056 -0.03246680
v -0.00630244 -0.01104822 -0.03292614
v -0.00634841 -0.01103912 -0.03297245
v -0.00632454 -0.01104788 -0.03298209
v -0.00610777 -0.01064369 -0.03241033
v -0.00616652 -0.01088049 -0.03257349
v -0.00623338 -0.01100433 -0.03274996
v -0.00637105 -0.01101326 -0.03290172
v -0.00639227 -0.01101287 -0.03295474
v -0.00637785 -0.01072668 -0.03261900
v -0.00644050 -0.01076565 -0.03276485
v -0.00642657 -0.01081635 -0.03274639
v -0.00649872 -0.01079423 -0.03291149
v -0.00647673 -0.01084806 -0.03287359
v -0.00649174 -0.01085321 -0.03291440
v -0.00643805 -0.01096709 -0.03293621
v -0.00651512 -0.00983520 -0.03290360
v -0.00651141 -0.00978303 -0.03290502
v -0.00641897 -0.00970361 -0.03277448
v -0.00636124 -0.00977534 -0.03263329
v -0.00630199 -0.00992893 -0.03249087
v -0.00626195 -0.01013942 -0.03239913
v -0.00625046 -0.01037145 -0.03238141
v -0.00626985 -0.01059734 -0.03244283
v -0.00632018 -0.01079947 -0.03258164
v -0.00637734 -0.01090515 -0.03273178
v -0.00643629 -0.01094258 -0.03288167
v -0.00630543 -0.01097152 -0.03273450
v -0.00624186 -0.01085375 -0.03256701
v -0.00618597 -0.01062857 -0.03241216
v -0.00616449 -0.01037696 -0.03234365
v -0.00617728 -0.01011853 -0.03236341
v -0.00622179 -0.00988411 -0.03246574
v -0.00628773 -0.00971305 -0.03262459
v -0.00650813 -0.01034652 -0.03290710
v -0.00666766 -0.01044826 -0.03330728
v -0.00661808 -0.01066118 -0.03319766
v -0.00654860 -0.01077577 -0.03303369
v -0.00667451 -0.01020967 -0.03331224
v -0.00663874 -0.00999551 -0.03321511
v -0.00657404 -0.00986337 -0.03305045
v -0.00645652 -0.01099590 -0.03311311
v -0.00653607 -0.00978275 -0.03296693
v -0.00654197 -0.01083547 -0.03303457
v -0.00659162 -0.01077538 -0.03315301
v -0.00651296 -0.01092736 -0.03307130
v -0.00631897 -0.01104182 -0.03315479
v -0.00639283 -0.01102958 -0.03314856
v -0.00653281 -0.01012195 -0.03362461
v -0.00653894 -0.01024146 -0.03364507
v -0.00660090 -0.01024353 -0.03361081
v -0.00652854 -0.01047787 -0.03363201
v -0.00658601 -0.01051671 -0.03358887
v -0.00647260 -0.01076890 -0.03351283
v -0.00653539 -0.01076538 -0.03348020
v -0.00646076 -0.01080701 -0.03348632
v -0.00646184 -0.01094666 -0.03331205
v -0.00641838 -0.01091372 -0.03338964
v -0.00632822 -0.01103577 -0.03317706
v -0.00651443 -0.00997447 -0.03357345
v -0.00657669 -0.00997951 -0.03354005
v -0.00647747 -0.00981225 -0.03347667
v -0.00652610 -0.00977542 -0.03340826
v -0.00646319 -0.00976804 -0.03344002
v -0.00645683 -0.00963593 -0.03323311
v -0.00638166 -0.00961285 -0.03323416
v -0.00650630 -0.00968867 -0.03299158
v -0.00644935 -0.00961688 -0.03302418
v -0.00638541 -0.00957975 -0.03305493
v -0.00632073 -0.00957010 -0.03308228
v -0.00667693 -0.01048919 -0.03344677
v -0.00669140 -0.01026497 -0.03336954
v -0.00668955 -0.01025577 -0.03346547
v -0.00667401 -0.01007319 -0.03331827
v -0.00666900 -0.01003019 -0.03340513
v -0.00663761 -0.00992491 -0.03322279
v -0.00662602 -0.00985583 -0.03329276
v -0.00658769 -0.00982356 -0.03309592
v -0.00656712 -0.00973666 -0.03314344
v -0.00657158 -0.01085655 -0.03321069
v -0.00664446 -0.01064385 -0.03327486
v -0.00659177 -0.01074454 -0.03342817
v -0.00663977 -0.01050797 -0.03353142
v -0.00665388 -0.01024812 -0.03355226
v -0.00663092 -0.00999702 -0.03348503
v -0.00658291 -0.00980294 -0.03335983
v -0.00651716 -0.00967029 -0.03319343
v -0.00652199 -0.01091701 -0.03326842
v -0.00663401 -0.01070166 -0.03335408
v -0.00668075 -0.01046334 -0.03335364
v -0.00626514 -0.00956754 -0.03307896
v -0.00649087 -0.01019723 -0.03365873
v -0.00645088 -0.00988829 -0.03354781
v -0.00640544 -0.00973784 -0.03343072
v -0.00636517 -0.00965424 -0.03332881
v -0.00633462 -0.00961186 -0.03325212
v -0.00647601 -0.01052603 -0.03363939
v -0.00640548 -0.01082977 -0.03348666
v -0.00635127 -0.01094956 -0.03336298
v -0.00630305 -0.01101468 -0.03324977
v -0.00662932 -0.00867302 -0.03382776
v -0.00664515 -0.00872960 -0.03386752
v -0.00660959 -0.00876360 -0.03391416
v -0.00685258 -0.00899114 -0.03438355
v -0.00680614 -0.00899094 -0.03440225
v -0.00682831 -0.00899180 -0.03432356
v -0.00670410 -0.00894468 -0.03414987
v -0.00674931 -0.00894338 -0.03412759
v -0.00666033 -0.00877568 -0.03390558
v -0.00669616 -0.00886110 -0.03399519
v -0.00673658 -0.00892774 -0.03409592
v -0.00660448 -0.00855770 -0.03376510
v -0.00654590 -0.00848173 -0.03375369
v -0.00658296 -0.00839837 -0.03371027
v -0.00652749 -0.00817427 -0.03370538
v -0.00657519 -0.00827818 -0.03368989
v -0.00655595 -0.00786461 -0.03377327
v -0.00658537 -0.00798954 -0.03371258
v -0.00658213 -0.00802265 -0.03370484
v -0.00669370 -0.00755374 -0.03397731
v -0.00664663 -0.00767667 -0.03386179
v -0.00662529 -0.00760400 -0.03394274
v -0.00663366 -0.00772185 -0.03383002
v -0.00660523 -0.00784997 -0.03376064
v -0.00671390 -0.00745200 -0.03416054
v -0.00678194 -0.00743355 -0.03419458
v -0.00674368 -0.00747140 -0.03410028
v -0.00670815 -0.00752563 -0.03401284
v -0.00681055 -0.00741344 -0.03439864
v -0.00685705 -0.00741324 -0.03437990
v -0.00679898 -0.00742289 -0.03423659
v -0.00683492 -0.00748854 -0.03407095
v -0.00687230 -0.00745157 -0.03416306
v -0.00695303 -0.00750864 -0.03414644
v -0.00676091 -0.00762816 -0.03388897
v -0.00680021 -0.00754151 -0.03398554
v -0.00688642 -0.00759176 -0.03398241
v -0.00672322 -0.00866237 -0.03380479
v -0.00667034 -0.00827640 -0.03367012
v -0.00668017 -0.00841631 -0.03369576
v -0.00697736 -0.00777443 -0.03401288
v -0.00702981 -0.00764140 -0.03415279
v -0.00704662 -0.00768437 -0.03418333
v -0.00708451 -0.00762595 -0.03428810
v -0.00708839 -0.00767624 -0.03428658
v -0.00703598 -0.00750961 -0.03430760
v -0.00701181 -0.00759286 -0.03414638
v -0.00697593 -0.00770863 -0.03402014
v -0.00694864 -0.00785011 -0.03394246
v -0.00702082 -0.00749031 -0.03431371
v -0.00691086 -0.00743281 -0.03425816
v -0.00694866 -0.00743320 -0.03434284
v -0.00669969 -0.00785833 -0.03373924
v -0.00668029 -0.00799466 -0.03369231
v -0.00667038 -0.00813449 -0.03366895
v -0.00669897 -0.00854971 -0.03374360
v -0.00678852 -0.00884612 -0.03396831
v -0.00675351 -0.00876267 -0.03388079
v -0.00684326 -0.00872035 -0.03388561
v -0.00686504 -0.00895018 -0.03415874
v -0.00682800 -0.00891123 -0.03406669
v -0.00691211 -0.00885766 -0.03405739
v -0.00694404 -0.00897188 -0.03434651
v -0.00690446 -0.00897121 -0.03425646
v -0.00701684 -0.00891492 -0.03431698
v -0.00698278 -0.00891309 -0.03423275
v -0.00703195 -0.00889591 -0.03431085
v -0.00703799 -0.00882693 -0.03422220
v -0.00705392 -0.00877720 -0.03422256
v -0.00685584 -0.00803392 -0.03376419
v -0.00687880 -0.00825793 -0.03378444
v -0.00684776 -0.00826271 -0.03374618
v -0.00690022 -0.00846220 -0.03383933
v -0.00687102 -0.00848466 -0.03380582
v -0.00695327 -0.00766591 -0.03400226
v -0.00692152 -0.00785190 -0.03388672
v -0.00690520 -0.00808044 -0.03383689
v -0.00681917 -0.00776889 -0.03381742
v -0.00677557 -0.00801056 -0.03371145
v -0.00676638 -0.00827094 -0.03369095
v -0.00679284 -0.00852353 -0.03375884
v -0.00697588 -0.00877824 -0.03406812
v -0.00699676 -0.00873239 -0.03408074
v -0.00691536 -0.00865760 -0.03391720
v -0.00694104 -0.00862136 -0.03394184
v -0.00672746 -0.00773317 -0.03380700
v -0.00689416 -0.00782156 -0.03385730
v -0.00688623 -0.00804735 -0.03380102
v -0.00690530 -0.00833081 -0.03383935
v -0.00694656 -0.00855269 -0.03394349
v -0.00701604 -0.00869636 -0.03411672
v -0.00708554 -0.00872892 -0.03428898
v -0.00708131 -0.00877959 -0.03429075
v -0.00699549 -0.00840484 -0.03406288
v -0.00717897 -0.00800051 -0.03451275
v -0.00715823 -0.00770887 -0.03445927
v -0.00722800 -0.00785279 -0.03463282
v -0.00726935 -0.00807497 -0.03473691
v -0.00726930 -0.00832447 -0.03473901
v -0.00712705 -0.00872098 -0.03439129
v -0.00719649 -0.00863127 -0.03456194
v -0.00722576 -0.00855444 -0.03463354
v -0.00705195 -0.00891654 -0.03462020
v -0.00701454 -0.00895344 -0.03452819
v -0.00708451 -0.00889666 -0.03448385
v -0.00712632 -0.00877684 -0.03480250
v -0.00708673 -0.00886369 -0.03470556
v -0.00715122 -0.00881371 -0.03464777
v -0.00706550 -0.00767525 -0.03489713
v -0.00708123 -0.00773126 -0.03493650
v -0.00716464 -0.00774237 -0.03488777
v -0.00713558 -0.00812587 -0.03507427
v -0.00721775 -0.00812808 -0.03502238
v -0.00720794 -0.00798855 -0.03499690
v -0.00713618 -0.00876392 -0.03442562
v -0.00712737 -0.00881251 -0.03444284
v -0.00719011 -0.00869685 -0.03455818
v -0.00697601 -0.00897213 -0.03443328
v -0.00691016 -0.00898174 -0.03452557
v -0.00692756 -0.00897093 -0.03456840
v -0.00696586 -0.00893317 -0.03466260
v -0.00701571 -0.00885154 -0.03478489
v -0.00700147 -0.00887907 -0.03474998
v -0.00707652 -0.00868241 -0.03493349
v -0.00718808 -0.00854605 -0.03495289
v -0.00710521 -0.00855395 -0.03500315
v -0.00720767 -0.00840937 -0.03500003
v -0.00712527 -0.00841405 -0.03505141
v -0.00721767 -0.00826973 -0.03502345
v -0.00712851 -0.00838126 -0.03505910
v -0.00712791 -0.00800691 -0.03505423
v -0.00718914 -0.00785553 -0.03494926
v -0.00710630 -0.00784709 -0.03499945
v -0.00701386 -0.00754285 -0.03476841
v -0.00704993 -0.00762821 -0.03485824
v -0.00709883 -0.00755833 -0.03472356
v -0.00713405 -0.00764171 -0.03481131
v -0.00719493 -0.00768437 -0.03474550
v -0.00696079 -0.00746110 -0.03463660
v -0.00697322 -0.00747630 -0.03466743
v -0.00702188 -0.00745446 -0.03453255
v -0.00705913 -0.00749332 -0.03462492
v -0.00712568 -0.00754723 -0.03457325
v -0.00689453 -0.00741515 -0.03447251
v -0.00711198 -0.00762798 -0.03435564
v -0.00710109 -0.00757827 -0.03436679
v -0.00705465 -0.00749203 -0.03439730
v -0.00698227 -0.00743359 -0.03443451
v -0.00728414 -0.00837071 -0.03482595
v -0.00728797 -0.00814709 -0.03479490
v -0.00729232 -0.00814228 -0.03484410
v -0.00726658 -0.00794336 -0.03474026
v -0.00726907 -0.00792093 -0.03478472
v -0.00718596 -0.00873963 -0.03458687
v -0.00724488 -0.00855326 -0.03469212
v -0.00721896 -0.00863614 -0.03481344
v -0.00726297 -0.00839384 -0.03491990
v -0.00727228 -0.00813387 -0.03494055
v -0.00724583 -0.00788198 -0.03487298
v -0.00716350 -0.00762678 -0.03452139
v -0.00716941 -0.00767262 -0.03449792
v -0.00722434 -0.00774729 -0.03467272
v -0.00722541 -0.00778354 -0.03463719
v -0.00716005 -0.00867155 -0.03488483
v -0.00706374 -0.00872670 -0.03490233
v -0.00724548 -0.00858360 -0.03473242
v -0.00728046 -0.00835732 -0.03477820
v -0.00683502 -0.00741255 -0.03445909
v -0.00691715 -0.00746435 -0.03466244
v -0.00700925 -0.00764490 -0.03489152
v -0.00706735 -0.00850216 -0.03504270
v -0.00709036 -0.00820286 -0.03509681
v -0.00706900 -0.00790350 -0.03504139
v -0.00700618 -0.00876052 -0.03489398
v -0.00691604 -0.00893705 -0.03467304
v -0.00488374 -0.01106538 -0.02957937
v -0.00483740 -0.01106142 -0.02959771
v -0.00486189 -0.01106707 -0.02952556
v -0.00485772 -0.01106665 -0.02951504
v -0.00483676 -0.01106059 -0.02946074
v -0.00475577 -0.01102878 -0.02938126
v -0.00481365 -0.01104525 -0.02939801
v -0.00482729 -0.00969268 -0.02921567
v -0.00479216 -0.00978355 -0.02912374
v -0.00476892 -0.00971567 -0.02920263
v -0.00478747 -0.00979813 -0.02911178
v -0.00469857 -0.00996100 -0.02902534
v -0.00471718 -0.01013104 -0.02895217
v -0.00467322 -0.01010831 -0.02897246
v -0.00469532 -0.01039036 -0.02893355
v -0.00465455 -0.01027979 -0.02894661
v -0.00470203 -0.01067998 -0.02901356
v -0.00464835 -0.01056577 -0.02898612
v -0.00470859 -0.01074112 -0.02904579
v -0.00468493 -0.01086510 -0.02915501
v -0.00473537 -0.01088569 -0.02915311
v -0.00469564 -0.01090471 -0.02919316
v -0.00475649 -0.01095230 -0.02922583
v -0.00479790 -0.01102863 -0.02935330
v -0.00483689 -0.00967279 -0.02924145
v -0.00485315 -0.00958510 -0.02943499
v -0.00487825 -0.00960840 -0.02935491
v -0.00490665 -0.00957046 -0.02958652
v -0.00495372 -0.00957198 -0.02956977
v -0.00493491 -0.00957154 -0.02951542
v -0.00491209 -0.00957947 -0.02945017
v -0.00502496 -0.00959307 -0.02948514
v -0.00504510 -0.00959438 -0.02953724
v -0.00513156 -0.00967350 -0.02950569
v -0.00502123 -0.01023873 -0.02908593
v -0.00501281 -0.01033607 -0.02907715
v -0.00499389 -0.01033687 -0.02903579
v -0.00501131 -0.01036863 -0.02907822
v -0.00514856 -0.00980122 -0.02940355
v -0.00517786 -0.00979184 -0.02948782
v -0.00515271 -0.00985166 -0.02940799
v -0.00518056 -0.00984587 -0.02948616
v -0.00513401 -0.00975074 -0.02940032
v -0.00511692 -0.00983147 -0.02931689
v -0.00509722 -0.00992646 -0.02925956
v -0.00483650 -0.00979395 -0.02910599
v -0.00492020 -0.00971205 -0.02919408
v -0.00496003 -0.00964180 -0.02930216
v -0.00477790 -0.01004151 -0.02896756
v -0.00474500 -0.01032838 -0.02891823
v -0.00474353 -0.01061433 -0.02897177
v -0.00477456 -0.01085912 -0.02911351
v -0.00485034 -0.01094440 -0.02920104
v -0.00488534 -0.01101197 -0.02930948
v -0.00492822 -0.01104968 -0.02942889
v -0.00495262 -0.01105580 -0.02949190
v -0.00497385 -0.01105394 -0.02954424
v -0.00508092 -0.01079016 -0.02934348
v -0.00513456 -0.01081264 -0.02948708
v -0.00509490 -0.01086084 -0.02940496
v -0.00512411 -0.01087617 -0.02948971
v -0.00507482 -0.01091103 -0.02940235
v -0.00506507 -0.01098692 -0.02951016
v -0.00501202 -0.01099585 -0.02940861
v -0.00505358 -0.01099950 -0.02951434
v -0.00501592 -0.01103136 -0.02952830
v -0.00502045 -0.01059637 -0.02914376
v -0.00504051 -0.01070047 -0.02921817
v -0.00501781 -0.01071710 -0.02917168
v -0.00506390 -0.01083361 -0.02931844
v -0.00499068 -0.01075352 -0.02914668
v -0.00504083 -0.01088118 -0.02930754
v -0.00508064 -0.00966224 -0.02940449
v -0.00509952 -0.00978380 -0.02930535
v -0.00506036 -0.00995272 -0.02917030
v -0.00506439 -0.01001669 -0.02917771
v -0.00496519 -0.01056160 -0.02903787
v -0.00491558 -0.01081437 -0.02911355
v -0.00497278 -0.01096138 -0.02929928
v -0.00496543 -0.01033703 -0.02899756
v -0.00488722 -0.01059358 -0.02898766
v -0.00488823 -0.01033537 -0.02894072
v -0.00491798 -0.01007612 -0.02898557
v -0.00499129 -0.01011142 -0.02903677
v -0.00503797 -0.00991645 -0.02914476
v -0.00497114 -0.00985222 -0.02910987
v -0.00504126 -0.00970005 -0.02929496
v -0.00500276 -0.00960094 -0.02942180
v -0.00490579 -0.01103487 -0.02936798
v -0.00482325 -0.01085188 -0.02910623
v -0.00479287 -0.01061182 -0.02896807
v -0.00479433 -0.01033127 -0.02891613
v -0.00482663 -0.01004975 -0.02896463
v -0.00488413 -0.00980676 -0.02910011
v -0.00516160 -0.01080796 -0.02955518
v -0.00507140 -0.01058409 -0.02928080
v -0.00522463 -0.01073544 -0.02970711
v -0.00526474 -0.01063657 -0.02979814
v -0.00531007 -0.01041358 -0.02988982
v -0.00524343 -0.01014045 -0.02968690
v -0.00528479 -0.00998909 -0.02978292
v -0.00531461 -0.01017696 -0.02987811
v -0.00531704 -0.01032040 -0.02989817
v -0.00523305 -0.00987071 -0.02963362
v -0.00517323 -0.01030918 -0.03021855
v -0.00521681 -0.01031071 -0.03019800
v -0.00520533 -0.01002695 -0.03014547
v -0.00488511 -0.01106555 -0.02958274
v -0.00519674 -0.01082543 -0.02965944
v -0.00523917 -0.00982657 -0.02965876
v -0.00529055 -0.00994250 -0.02980643
v -0.00532982 -0.01031960 -0.02994300
v -0.00526040 -0.01070305 -0.02980679
v -0.00518708 -0.01087223 -0.02968111
v -0.00514271 -0.01095157 -0.02972973
v -0.00511003 -0.01098126 -0.02975476
v -0.00507169 -0.01100241 -0.02977900
v -0.00497722 -0.01105651 -0.02967967
v -0.00490295 -0.01106552 -0.02962633
v -0.00503095 -0.01094420 -0.02992772
v -0.00511971 -0.01084406 -0.03000817
v -0.00509177 -0.01079836 -0.03006291
v -0.00518590 -0.01059639 -0.03014747
v -0.00514227 -0.01059575 -0.03016798
v -0.00516215 -0.01046095 -0.03020464
v -0.00507940 -0.00968638 -0.02992532
v -0.00511377 -0.00978059 -0.03002322
v -0.00515791 -0.00978427 -0.03000416
v -0.00511988 -0.00980196 -0.03004081
v -0.00516884 -0.01010080 -0.03019007
v -0.00515551 -0.00965995 -0.02961717
v -0.00522403 -0.01079778 -0.02991556
v -0.00525715 -0.01073824 -0.02984253
v -0.00523308 -0.00977870 -0.02968004
v -0.00519448 -0.00969492 -0.02972718
v -0.00526003 -0.00984109 -0.02991395
v -0.00528350 -0.01057371 -0.03004111
v -0.00530861 -0.01054312 -0.02995167
v -0.00531162 -0.01031565 -0.03008700
v -0.00533324 -0.01031849 -0.02999169
v -0.00530194 -0.01005969 -0.03004033
v -0.00532536 -0.01009577 -0.02995139
v -0.00528959 -0.00990567 -0.02984192
v -0.00508424 -0.00959888 -0.02965413
v -0.00512679 -0.00963710 -0.02977428
v -0.00516533 -0.00970451 -0.02988321
v -0.00519866 -0.00979634 -0.02997830
v -0.00524490 -0.01003415 -0.03011643
v -0.00525596 -0.01031237 -0.03016764
v -0.00522557 -0.01059264 -0.03011796
v -0.00516071 -0.01083578 -0.02998141
v -0.00502873 -0.01101358 -0.02980153
v -0.00492893 -0.01105819 -0.02968911
v -0.00503597 -0.00961239 -0.02980267
v -0.00499588 -0.00957777 -0.02968946
v -0.00498791 -0.00960923 -0.02981547
v -0.00502970 -0.00967834 -0.02993378
v -0.00507106 -0.00979309 -0.03005227
v -0.00512118 -0.01008706 -0.03020460
v -0.00512435 -0.01013194 -0.03021616
v -0.00512267 -0.01038751 -0.03023288
v -0.00484306 -0.01106204 -0.02961222
v -0.00488346 -0.01105352 -0.02971284
v -0.00498241 -0.01094409 -0.02994274
v -0.00507987 -0.01067337 -0.03015281
v -0.00504143 -0.00521610 -0.02971508
v -0.00509202 -0.00526797 -0.02986280
v -0.00519984 -0.00529597 -0.02980956
v -0.00518182 -0.00546151 -0.03011865
v -0.00528686 -0.00548489 -0.03005791
v -0.00524288 -0.00575185 -0.03028885
v -0.00534612 -0.00576807 -0.03022335
v -0.00526510 -0.00609350 -0.03035017
v -0.00536176 -0.00593147 -0.03026665
v -0.00536908 -0.00609337 -0.03027720
v -0.00542058 -0.00609321 -0.03018577
v -0.00499010 -0.00519779 -0.02956157
v -0.00503962 -0.00521487 -0.02970972
v -0.00508629 -0.00522216 -0.02952995
v -0.00515090 -0.00524634 -0.02966623
v -0.00512673 -0.00524568 -0.02951670
v -0.00524975 -0.00533641 -0.02977629
v -0.00515950 -0.00527542 -0.02950600
v -0.00528037 -0.00548429 -0.02964013
v -0.00522850 -0.00546007 -0.02948390
v -0.00519441 -0.00532749 -0.02949467
v -0.00542411 -0.00595309 -0.03013117
v -0.00540414 -0.00586061 -0.02999722
v -0.00541075 -0.00581173 -0.03009386
v -0.00535230 -0.00561768 -0.02984989
v -0.00536014 -0.00556677 -0.02995131
v -0.00528574 -0.00540333 -0.02973741
v -0.00533193 -0.00551574 -0.03001147
v -0.00538788 -0.00578452 -0.03016817
v -0.00540265 -0.00593961 -0.03020919
v -0.00541761 -0.00609295 -0.03003518
v -0.00536163 -0.00625525 -0.03026733
v -0.00542412 -0.00623313 -0.03013157
v -0.00541077 -0.00637435 -0.03009472
v -0.00539401 -0.00639512 -0.02996961
v -0.00536017 -0.00661879 -0.02995300
v -0.00532935 -0.00662556 -0.02978546
v -0.00528578 -0.00678146 -0.02973966
v -0.00526184 -0.00671498 -0.02958680
v -0.00515955 -0.00690860 -0.02950870
v -0.00515075 -0.00693836 -0.02966912
v -0.00512687 -0.00693833 -0.02951947
v -0.00508632 -0.00696196 -0.02953283
v -0.00519970 -0.00688923 -0.02981230
v -0.00507683 -0.00693638 -0.02982151
v -0.00499013 -0.00698645 -0.02956454
v -0.00526097 -0.00624131 -0.03033918
v -0.00522471 -0.00654901 -0.03024002
v -0.00534598 -0.00641853 -0.03022457
v -0.00518183 -0.00672469 -0.03012073
v -0.00528672 -0.00670115 -0.03006005
v -0.00515974 -0.00678786 -0.03005863
v -0.00509073 -0.00691909 -0.02986175
v -0.00522851 -0.00672390 -0.02948600
v -0.00519458 -0.00685621 -0.02949716
v -0.00524978 -0.00684859 -0.02977880
v -0.00533195 -0.00667008 -0.03001339
v -0.00538789 -0.00640185 -0.03016919
v -0.00540266 -0.00624690 -0.03020970
v -0.00505967 -0.00609103 -0.02893837
v -0.00515127 -0.00665469 -0.02924400
v -0.00509513 -0.00648085 -0.02905947
v -0.00506178 -0.00619567 -0.02894561
v -0.00515598 -0.00552035 -0.02925718
v -0.00509727 -0.00569164 -0.02906528
v -0.00532055 -0.00577162 -0.02975759
v -0.00506281 -0.00596571 -0.02894905
v -0.00485810 -0.00609074 -0.02877235
v -0.00475472 -0.00608982 -0.02877714
v -0.00475472 -0.00608773 -0.02877712
v -0.00475474 -0.00607716 -0.02877710
v -0.00475501 -0.00604107 -0.02877794
v -0.00475997 -0.00588939 -0.02879644
v -0.00487319 -0.00576107 -0.02882797
v -0.00476047 -0.00588045 -0.02879830
v -0.00477024 -0.00575188 -0.02883485
v -0.00495944 -0.00578131 -0.02885036
v -0.00494517 -0.00609079 -0.02879849
v -0.00502627 -0.00581249 -0.02890252
v -0.00501320 -0.00609089 -0.02885604
v -0.00512965 -0.00541095 -0.02924941
v -0.00506619 -0.00557093 -0.02904067
v -0.00500322 -0.00551279 -0.02900443
v -0.00507335 -0.00533498 -0.02923717
v -0.00499423 -0.00528562 -0.02924231
v -0.00489330 -0.00526566 -0.02925864
v -0.00485777 -0.00533483 -0.02914157
v -0.00481798 -0.00545786 -0.02900600
v -0.00480574 -0.00551089 -0.02896315
v -0.00491958 -0.00547504 -0.02899307
v -0.00502632 -0.00636943 -0.02890349
v -0.00495948 -0.00640044 -0.02885140
v -0.00475476 -0.00611146 -0.02877723
v -0.00475472 -0.00609389 -0.02877713
v -0.00487322 -0.00642060 -0.02882908
v -0.00477212 -0.00644839 -0.02884293
v -0.00475972 -0.00628727 -0.02879612
v -0.00482163 -0.00673852 -0.02902077
v -0.00482113 -0.00673664 -0.02901905
v -0.00491961 -0.00670721 -0.02899512
v -0.00480538 -0.00666945 -0.02896374
v -0.00499427 -0.00689750 -0.02924498
v -0.00489334 -0.00691753 -0.02926142
v -0.00489026 -0.00691266 -0.02925141
v -0.00507340 -0.00684810 -0.02923968
v -0.00512971 -0.00677215 -0.02925168
v -0.00506624 -0.00661145 -0.02904242
v -0.00500327 -0.00666949 -0.02900636
v -0.00484604 -0.00691827 -0.02927833
v -0.00494241 -0.00698641 -0.02958032
v -0.00470649 -0.00609391 -0.02879015
v -0.00470649 -0.00608984 -0.02879016
v -0.00473051 -0.00609049 -0.02878354
v -0.00472241 -0.00643363 -0.02885073
v -0.00470672 -0.00613484 -0.02879090
v -0.00470650 -0.00609629 -0.02879016
v -0.00476989 -0.00672426 -0.02902213
v -0.00477304 -0.00673644 -0.02903309
v -0.00477353 -0.00673833 -0.02903483
v -0.00484233 -0.00691244 -0.02926627
v -0.00470667 -0.00604110 -0.02879095
v -0.00471200 -0.00588053 -0.02881139
v -0.00477213 -0.00544827 -0.02902889
v -0.00472285 -0.00574187 -0.02885207
v -0.00480943 -0.00533499 -0.02915609
v -0.00484854 -0.00526121 -0.02928466
v -0.00494238 -0.00519788 -0.02957735
v -0.00470648 -0.00607718 -0.02879013
v -0.00470649 -0.00608775 -0.02879014
v -0.00471828 -0.00609049 -0.02878686
v -0.00504313 -0.00526685 -0.02987583
v -0.00513429 -0.00546112 -0.03013502
v -0.00519268 -0.00572940 -0.03029728
v -0.00521807 -0.00609353 -0.03036717
v -0.00519320 -0.00645385 -0.03029989
v -0.00513460 -0.00672461 -0.03013753
v -0.00504460 -0.00691719 -0.02988190
v -0.00642779 -0.00525420 -0.03293204
v -0.00640382 -0.00523847 -0.03294170
v -0.00649960 -0.00528169 -0.03317855
v -0.00660642 -0.00591579 -0.03375725
v -0.00661345 -0.00609949 -0.03377501
v -0.00671115 -0.00609937 -0.03370158
v -0.00653933 -0.00552808 -0.03359129
v -0.00656656 -0.00563544 -0.03365862
v -0.00666613 -0.00565220 -0.03358990
v -0.00670674 -0.00595149 -0.03369046
v -0.00673226 -0.00609931 -0.03367374
v -0.00648923 -0.00539307 -0.03346747
v -0.00659150 -0.00541881 -0.03340553
v -0.00641694 -0.00527601 -0.03328887
v -0.00639377 -0.00525168 -0.03323163
v -0.00629428 -0.00520571 -0.03298591
v -0.00654938 -0.00532378 -0.03314425
v -0.00645877 -0.00528305 -0.03291957
v -0.00658435 -0.00539200 -0.03310718
v -0.00649348 -0.00533614 -0.03290563
v -0.00656543 -0.00547725 -0.03298981
v -0.00652618 -0.00546800 -0.03289266
v -0.00666378 -0.00551058 -0.03330343
v -0.00666111 -0.00559420 -0.03322637
v -0.00672829 -0.00571241 -0.03346284
v -0.00673021 -0.00583275 -0.03339721
v -0.00676339 -0.00597123 -0.03354978
v -0.00675123 -0.00609892 -0.03344937
v -0.00663651 -0.00545382 -0.03335949
v -0.00670727 -0.00567517 -0.03353433
v -0.00674578 -0.00595901 -0.03362969
v -0.00676621 -0.00609914 -0.03357465
v -0.00642795 -0.00694175 -0.03293478
v -0.00645824 -0.00691359 -0.03292250
v -0.00654931 -0.00687308 -0.03314660
v -0.00670631 -0.00625188 -0.03369038
v -0.00674778 -0.00621070 -0.03344106
v -0.00676313 -0.00623099 -0.03354949
v -0.00672787 -0.00648742 -0.03346298
v -0.00671791 -0.00642804 -0.03336775
v -0.00666360 -0.00668714 -0.03330481
v -0.00666347 -0.00659731 -0.03323371
v -0.00658432 -0.00680464 -0.03310928
v -0.00659629 -0.00669690 -0.03306799
v -0.00649368 -0.00685945 -0.03290809
v -0.00652620 -0.00672790 -0.03289475
v -0.00629430 -0.00699051 -0.03298888
v -0.00640367 -0.00695770 -0.03294462
v -0.00639365 -0.00694549 -0.03323422
v -0.00649938 -0.00691539 -0.03318112
v -0.00641693 -0.00692127 -0.03329163
v -0.00659113 -0.00677948 -0.03340733
v -0.00660601 -0.00628791 -0.03375697
v -0.00656602 -0.00656551 -0.03365891
v -0.00666550 -0.00654847 -0.03359030
v -0.00653877 -0.00667206 -0.03359189
v -0.00648896 -0.00680537 -0.03346922
v -0.00663630 -0.00674420 -0.03336108
v -0.00670681 -0.00652514 -0.03353457
v -0.00674550 -0.00624389 -0.03362947
v -0.00652646 -0.00609795 -0.03289409
v -0.00630697 -0.00622071 -0.03234954
v -0.00630276 -0.00609698 -0.03233885
v -0.00631990 -0.00633944 -0.03238197
v -0.00636873 -0.00654475 -0.03250389
v -0.00644192 -0.00668126 -0.03268588
v -0.00648423 -0.00671695 -0.03279081
v -0.00630705 -0.00597454 -0.03234927
v -0.00635477 -0.00569438 -0.03246755
v -0.00644060 -0.00551627 -0.03268055
v -0.00610447 -0.00593489 -0.03219859
v -0.00597811 -0.00609605 -0.03220063
v -0.00597810 -0.00609398 -0.03220061
v -0.00597810 -0.00609123 -0.03220059
v -0.00597810 -0.00608572 -0.03220059
v -0.00597814 -0.00607470 -0.03220067
v -0.00597838 -0.00605269 -0.03220122
v -0.00597946 -0.00600876 -0.03220388
v -0.00598355 -0.00592874 -0.03221397
v -0.00607979 -0.00609671 -0.03218491
v -0.00617508 -0.00594333 -0.03221522
v -0.00616932 -0.00609674 -0.03220272
v -0.00624295 -0.00595695 -0.03226031
v -0.00624406 -0.00609683 -0.03225485
v -0.00640414 -0.00529693 -0.03278431
v -0.00634606 -0.00525305 -0.03279904
v -0.00623441 -0.00522091 -0.03283771
v -0.00628805 -0.00530183 -0.03265519
v -0.00617417 -0.00527155 -0.03268831
v -0.00618798 -0.00548934 -0.03240651
v -0.00607026 -0.00546621 -0.03242997
v -0.00612171 -0.00577168 -0.03224148
v -0.00600145 -0.00575931 -0.03225853
v -0.00645187 -0.00536764 -0.03277905
v -0.00640174 -0.00540980 -0.03265477
v -0.00634915 -0.00534317 -0.03264797
v -0.00631520 -0.00557186 -0.03243991
v -0.00625427 -0.00552094 -0.03241226
v -0.00625788 -0.00581589 -0.03229735
v -0.00619143 -0.00578860 -0.03225586
v -0.00597811 -0.00609811 -0.03220062
v -0.00597810 -0.00610775 -0.03220062
v -0.00597810 -0.00610224 -0.03220061
v -0.00597947 -0.00618473 -0.03220417
v -0.00597838 -0.00614079 -0.03220137
v -0.00597814 -0.00611877 -0.03220074
v -0.00610332 -0.00643079 -0.03224436
v -0.00600231 -0.00644019 -0.03226180
v -0.00598404 -0.00627182 -0.03221577
v -0.00608557 -0.00626719 -0.03219965
v -0.00603183 -0.00659547 -0.03233587
v -0.00617045 -0.00671370 -0.03241245
v -0.00607132 -0.00673102 -0.03243469
v -0.00632943 -0.00695101 -0.03280798
v -0.00627116 -0.00690183 -0.03266334
v -0.00617489 -0.00692443 -0.03269276
v -0.00623481 -0.00697499 -0.03284153
v -0.00645563 -0.00682044 -0.03278232
v -0.00640628 -0.00677879 -0.03265985
v -0.00632093 -0.00661944 -0.03244745
v -0.00626403 -0.00637982 -0.03230517
v -0.00624896 -0.00624124 -0.03226732
v -0.00617476 -0.00625692 -0.03221656
v -0.00619144 -0.00641064 -0.03225855
v -0.00625453 -0.00667644 -0.03241640
v -0.00634916 -0.00685320 -0.03265205
v -0.00640389 -0.00689941 -0.03278792
v -0.00596661 -0.00609657 -0.03220522
v -0.00593160 -0.00609608 -0.03221921
v -0.00594304 -0.00609659 -0.03221464
v -0.00593167 -0.00609814 -0.03221919
v -0.00595483 -0.00609658 -0.03220993
v -0.00595590 -0.00643813 -0.03228053
v -0.00593794 -0.00627176 -0.03223526
v -0.00593325 -0.00618470 -0.03222333
v -0.00593206 -0.00614058 -0.03222025
v -0.00593167 -0.00610227 -0.03221921
v -0.00599419 -0.00663055 -0.03237665
v -0.00602378 -0.00672802 -0.03245067
v -0.00607321 -0.00684152 -0.03257402
v -0.00612637 -0.00692096 -0.03270635
v -0.00624773 -0.00699072 -0.03300747
v -0.00593171 -0.00607475 -0.03221942
v -0.00593163 -0.00608576 -0.03221926
v -0.00593161 -0.00609126 -0.03221922
v -0.00593161 -0.00609402 -0.03221921
v -0.00593187 -0.00606115 -0.03221981
v -0.00593200 -0.00605275 -0.03222014
v -0.00593319 -0.00600885 -0.03222306
v -0.00593788 -0.00592183 -0.03223470
v -0.00595583 -0.00575563 -0.03227942
v -0.00599413 -0.00556356 -0.03237487
v -0.00602373 -0.00546632 -0.03244859
v -0.00612632 -0.00527428 -0.03270362
v -0.00624770 -0.00520557 -0.03300450
v -0.00637038 -0.00527606 -0.03330772
v -0.00656693 -0.00609952 -0.03379348
v -0.00655986 -0.00591584 -0.03377611
v -0.00649277 -0.00552813 -0.03361014
v -0.00655948 -0.00628792 -0.03377581
v -0.00649225 -0.00667207 -0.03361074
v -0.00637041 -0.00692128 -0.03331047
v -0.00807980 -0.00594350 -0.03713964
v -0.00810625 -0.00610536 -0.03712637
v -0.00812505 -0.00610530 -0.03709221
v -0.00798621 -0.00610553 -0.03722480
v -0.00806289 -0.00578011 -0.03709535
v -0.00796299 -0.00576803 -0.03716372
v -0.00799794 -0.00549713 -0.03692643
v -0.00789602 -0.00547416 -0.03698947
v -0.00789984 -0.00530869 -0.03667320
v -0.00779426 -0.00527958 -0.03672677
v -0.00781076 -0.00526015 -0.03637310
v -0.00767668 -0.00521168 -0.03642556
v -0.00773524 -0.00522841 -0.03657526
v -0.00784294 -0.00525939 -0.03652717
v -0.00794931 -0.00534983 -0.03663671
v -0.00784182 -0.00528894 -0.03636098
v -0.00798304 -0.00541614 -0.03659581
v -0.00787675 -0.00534210 -0.03634742
v -0.00795773 -0.00548883 -0.03645778
v -0.00790963 -0.00547398 -0.03633485
v -0.00806806 -0.00557910 -0.03681495
v -0.00804381 -0.00560527 -0.03667886
v -0.00812438 -0.00582383 -0.03696113
v -0.00810806 -0.00583479 -0.03684490
v -0.00813906 -0.00596514 -0.03699946
v -0.00812919 -0.00610496 -0.03689997
v -0.00804242 -0.00552851 -0.03687693
v -0.00810408 -0.00579685 -0.03703717
v -0.00812015 -0.00595178 -0.03707920
v -0.00814221 -0.00610519 -0.03702763
v -0.00794214 -0.00672763 -0.03641987
v -0.00803517 -0.00662171 -0.03665823
v -0.00798309 -0.00679265 -0.03659806
v -0.00812538 -0.00622357 -0.03689032
v -0.00806809 -0.00663047 -0.03681664
v -0.00810509 -0.00639193 -0.03683810
v -0.00812440 -0.00638628 -0.03696199
v -0.00813907 -0.00624512 -0.03699985
v -0.00794933 -0.00685918 -0.03663922
v -0.00784185 -0.00691911 -0.03636369
v -0.00787695 -0.00686555 -0.03634988
v -0.00773527 -0.00698038 -0.03657818
v -0.00767671 -0.00699658 -0.03642852
v -0.00781091 -0.00694784 -0.03637585
v -0.00784281 -0.00694932 -0.03653006
v -0.00789971 -0.00690053 -0.03667593
v -0.00779428 -0.00692973 -0.03672952
v -0.00799782 -0.00671295 -0.03692857
v -0.00789604 -0.00673607 -0.03699157
v -0.00806276 -0.00643053 -0.03709656
v -0.00796301 -0.00644281 -0.03716484
v -0.00807968 -0.00626728 -0.03714032
v -0.00790965 -0.00673398 -0.03633694
v -0.00804244 -0.00668133 -0.03687885
v -0.00810409 -0.00641356 -0.03703820
v -0.00812015 -0.00625877 -0.03707970
v -0.00790987 -0.00610397 -0.03633615
v -0.00769198 -0.00622164 -0.03578430
v -0.00768815 -0.00610299 -0.03577446
v -0.00770464 -0.00634137 -0.03581642
v -0.00775318 -0.00654872 -0.03593933
v -0.00782604 -0.00668678 -0.03612415
v -0.00786807 -0.00672289 -0.03623099
v -0.00769739 -0.00592209 -0.03579748
v -0.00774499 -0.00568369 -0.03591704
v -0.00782536 -0.00552152 -0.03612046
v -0.00736431 -0.00601488 -0.03563676
v -0.00736840 -0.00593472 -0.03564691
v -0.00748896 -0.00594083 -0.03563182
v -0.00736297 -0.00610274 -0.03563355
v -0.00748814 -0.00610272 -0.03561934
v -0.00756007 -0.00594930 -0.03564890
v -0.00758694 -0.00610278 -0.03565394
v -0.00762797 -0.00596289 -0.03569459
v -0.00778806 -0.00530280 -0.03622405
v -0.00772946 -0.00525876 -0.03623831
v -0.00761788 -0.00522686 -0.03627582
v -0.00767211 -0.00530755 -0.03609284
v -0.00755841 -0.00527749 -0.03612499
v -0.00757260 -0.00549511 -0.03584158
v -0.00745518 -0.00547215 -0.03586444
v -0.00750626 -0.00577756 -0.03567504
v -0.00738636 -0.00576527 -0.03569173
v -0.00783584 -0.00537333 -0.03621935
v -0.00778626 -0.00541550 -0.03609350
v -0.00773368 -0.00534904 -0.03608611
v -0.00770023 -0.00557763 -0.03587609
v -0.00763935 -0.00552683 -0.03584783
v -0.00764292 -0.00582176 -0.03573198
v -0.00757648 -0.00579454 -0.03568989
v -0.00762809 -0.00624278 -0.03569517
v -0.00736297 -0.00610508 -0.03563353
v -0.00748933 -0.00626463 -0.03563238
v -0.00736840 -0.00627081 -0.03564747
v -0.00750664 -0.00642802 -0.03567614
v -0.00745839 -0.00674310 -0.03587461
v -0.00745520 -0.00673415 -0.03586654
v -0.00757296 -0.00671099 -0.03584359
v -0.00738924 -0.00645950 -0.03570008
v -0.00738637 -0.00644042 -0.03569286
v -0.00746315 -0.00675597 -0.03588663
v -0.00767246 -0.00689940 -0.03609543
v -0.00755453 -0.00692504 -0.03611785
v -0.00755843 -0.00692972 -0.03612773
v -0.00772980 -0.00694868 -0.03624102
v -0.00761790 -0.00698088 -0.03627874
v -0.00764305 -0.00638401 -0.03573303
v -0.00770036 -0.00662860 -0.03587792
v -0.00778636 -0.00679146 -0.03609581
v -0.00783594 -0.00683406 -0.03622178
v -0.00778808 -0.00690476 -0.03622672
v -0.00773371 -0.00685804 -0.03608862
v -0.00763937 -0.00667942 -0.03584975
v -0.00757649 -0.00641115 -0.03569092
v -0.00756008 -0.00625625 -0.03564942
v -0.00761142 -0.00699483 -0.03639921
v -0.00763010 -0.00699678 -0.03644684
v -0.00733971 -0.00610275 -0.03564282
v -0.00731718 -0.00615592 -0.03565358
v -0.00731661 -0.00610277 -0.03565217
v -0.00734090 -0.00644419 -0.03571367
v -0.00740873 -0.00673417 -0.03588501
v -0.00741191 -0.00674310 -0.03589306
v -0.00741668 -0.00675597 -0.03590509
v -0.00750817 -0.00692425 -0.03613676
v -0.00751057 -0.00692712 -0.03614283
v -0.00731657 -0.00609856 -0.03565208
v -0.00731717 -0.00604807 -0.03565351
v -0.00734129 -0.00601496 -0.03564665
v -0.00731813 -0.00601497 -0.03565588
v -0.00732284 -0.00592792 -0.03566755
v -0.00753674 -0.00525302 -0.03620651
v -0.00763007 -0.00521155 -0.03644389
v -0.00734112 -0.00575972 -0.03571323
v -0.00735242 -0.00569114 -0.03574151
v -0.00743373 -0.00540867 -0.03594602
v -0.00793946 -0.00610556 -0.03724266
v -0.00791571 -0.00576419 -0.03718022
v -0.00774895 -0.00528127 -0.03674843
v -0.00777811 -0.00532136 -0.03682351
v -0.00784932 -0.00547423 -0.03700751
v -0.00791341 -0.00646251 -0.03717534
v -0.00784934 -0.00673606 -0.03700961
v -0.00777812 -0.00688831 -0.03682609
v -0.00774897 -0.00692812 -0.03675117
v -0.00923731 -0.00548668 -0.03991778
v -0.00920873 -0.00548044 -0.03983587
v -0.00917538 -0.00534867 -0.03984709
v -0.00913487 -0.00526598 -0.04002579
v -0.00918632 -0.00531528 -0.04017423
v -0.00923716 -0.00535641 -0.04013964
v -0.00925205 -0.00611166 -0.04073007
v -0.00937567 -0.00611150 -0.04063640
v -0.00934879 -0.00594976 -0.04064845
v -0.00939586 -0.00611144 -0.04060280
v -0.00939141 -0.00595803 -0.04058952
v -0.00941543 -0.00611133 -0.04053902
v -0.00941333 -0.00597138 -0.04051048
v -0.00908000 -0.00528781 -0.04022728
v -0.00902738 -0.00523627 -0.04007534
v -0.00902547 -0.00523504 -0.04006983
v -0.00910845 -0.00526674 -0.03987021
v -0.00897244 -0.00521827 -0.03991756
v -0.00913973 -0.00529527 -0.03985937
v -0.00927243 -0.00542268 -0.04010005
v -0.00932194 -0.00559300 -0.04016190
v -0.00940008 -0.00583017 -0.04047148
v -0.00937691 -0.00580321 -0.04054676
v -0.00933352 -0.00578648 -0.04060337
v -0.00923059 -0.00577052 -0.04066642
v -0.00934923 -0.00558558 -0.04032284
v -0.00932126 -0.00553503 -0.04038383
v -0.00927490 -0.00550365 -0.04043163
v -0.00917066 -0.00548072 -0.04049074
v -0.00940728 -0.00611110 -0.04041062
v -0.00938551 -0.00582430 -0.04034674
v -0.00941334 -0.00625117 -0.04051088
v -0.00940484 -0.00621130 -0.04040371
v -0.00940010 -0.00639223 -0.04047234
v -0.00936686 -0.00649210 -0.04029358
v -0.00934926 -0.00663628 -0.04032454
v -0.00927247 -0.00679839 -0.04010230
v -0.00929346 -0.00668032 -0.04008135
v -0.00923719 -0.00686486 -0.04014215
v -0.00913976 -0.00692502 -0.03986208
v -0.00917556 -0.00687125 -0.03984956
v -0.00902547 -0.00698599 -0.04007265
v -0.00897247 -0.00700222 -0.03992052
v -0.00910859 -0.00695349 -0.03987296
v -0.00913473 -0.00695499 -0.04002867
v -0.00918617 -0.00690620 -0.04017697
v -0.00908002 -0.00693376 -0.04022999
v -0.00927477 -0.00671870 -0.04043377
v -0.00917067 -0.00674178 -0.04049283
v -0.00933338 -0.00643644 -0.04060460
v -0.00923060 -0.00645259 -0.04066755
v -0.00934865 -0.00627330 -0.04064913
v -0.00920876 -0.00673976 -0.03983796
v -0.00932128 -0.00668709 -0.04038575
v -0.00937692 -0.00641948 -0.04054778
v -0.00939142 -0.00626480 -0.04059003
v -0.00901095 -0.00622770 -0.03927603
v -0.00900749 -0.00610911 -0.03926609
v -0.00920902 -0.00611010 -0.03983731
v -0.00902248 -0.00634737 -0.03930864
v -0.00906667 -0.00655463 -0.03943358
v -0.00913292 -0.00669261 -0.03962155
v -0.00917106 -0.00672869 -0.03973020
v -0.00901094 -0.00599055 -0.03927564
v -0.00902248 -0.00587098 -0.03930784
v -0.00906667 -0.00566417 -0.03943210
v -0.00913290 -0.00552684 -0.03961961
v -0.00917105 -0.00549114 -0.03972815
v -0.00868713 -0.00610883 -0.03911287
v -0.00868713 -0.00610609 -0.03911285
v -0.00881249 -0.00610882 -0.03910310
v -0.00868712 -0.00610333 -0.03911282
v -0.00868712 -0.00609782 -0.03911281
v -0.00868715 -0.00608681 -0.03911288
v -0.00868736 -0.00606480 -0.03911344
v -0.00868833 -0.00602089 -0.03911610
v -0.00881292 -0.00594698 -0.03911556
v -0.00891004 -0.00610889 -0.03914120
v -0.00894972 -0.00596900 -0.03918338
v -0.00896337 -0.00582787 -0.03922138
v -0.00901565 -0.00558372 -0.03936794
v -0.00909394 -0.00542162 -0.03958915
v -0.00913899 -0.00537947 -0.03971721
v -0.00891916 -0.00523341 -0.03976536
v -0.00869206 -0.00594089 -0.03912636
v -0.00870846 -0.00577151 -0.03917183
v -0.00882873 -0.00578376 -0.03915943
v -0.00877124 -0.00547853 -0.03934726
v -0.00888925 -0.00550142 -0.03932870
v -0.00886516 -0.00528399 -0.03961205
v -0.00897982 -0.00531395 -0.03958419
v -0.00903189 -0.00526521 -0.03973210
v -0.00909098 -0.00530911 -0.03972008
v -0.00904159 -0.00535532 -0.03957976
v -0.00895573 -0.00553304 -0.03933740
v -0.00889836 -0.00580070 -0.03917682
v -0.00888338 -0.00595543 -0.03913520
v -0.00894984 -0.00624889 -0.03918396
v -0.00868712 -0.00611433 -0.03911284
v -0.00868713 -0.00611158 -0.03911285
v -0.00868736 -0.00615287 -0.03911358
v -0.00868715 -0.00613085 -0.03911296
v -0.00868712 -0.00611984 -0.03911285
v -0.00868833 -0.00619679 -0.03911639
v -0.00881328 -0.00627067 -0.03911613
v -0.00869206 -0.00627682 -0.03912691
v -0.00882909 -0.00643401 -0.03916055
v -0.00870847 -0.00644636 -0.03917295
v -0.00870930 -0.00645256 -0.03917528
v -0.00888961 -0.00671689 -0.03933072
v -0.00877126 -0.00673996 -0.03934935
v -0.00877222 -0.00674293 -0.03935205
v -0.00898017 -0.00690521 -0.03958678
v -0.00886519 -0.00693542 -0.03961479
v -0.00903223 -0.00695447 -0.03973483
v -0.00891918 -0.00698654 -0.03976827
v -0.00896349 -0.00639013 -0.03922242
v -0.00901577 -0.00663473 -0.03936977
v -0.00909405 -0.00679758 -0.03959147
v -0.00913908 -0.00684016 -0.03971964
v -0.00909100 -0.00691069 -0.03972275
v -0.00904162 -0.00686399 -0.03958227
v -0.00895575 -0.00668542 -0.03933932
v -0.00889837 -0.00641720 -0.03917784
v -0.00888339 -0.00626232 -0.03913571
v -0.00864008 -0.00610886 -0.03912979
v -0.00865163 -0.00610885 -0.03912564
v -0.00866356 -0.00610885 -0.03912135
v -0.00867549 -0.00610884 -0.03911706
v -0.00864007 -0.00611160 -0.03912979
v -0.00864008 -0.00611433 -0.03912980
v -0.00864009 -0.00611986 -0.03912986
v -0.00864015 -0.00613086 -0.03913005
v -0.00864041 -0.00615261 -0.03913083
v -0.00864150 -0.00619676 -0.03913392
v -0.00864579 -0.00628380 -0.03914602
v -0.00866224 -0.00645013 -0.03919219
v -0.00872411 -0.00673998 -0.03936617
v -0.00881674 -0.00693281 -0.03962813
v -0.00892517 -0.00700240 -0.03993709
v -0.00864007 -0.00610612 -0.03912978
v -0.00864008 -0.00610336 -0.03912979
v -0.00864009 -0.00609786 -0.03912981
v -0.00864016 -0.00608686 -0.03912998
v -0.00864042 -0.00606486 -0.03913069
v -0.00884716 -0.00525326 -0.03971175
v -0.00892515 -0.00521813 -0.03993413
v -0.00864150 -0.00602098 -0.03913362
v -0.00864579 -0.00593398 -0.03914545
v -0.00866249 -0.00576587 -0.03919178
v -0.00867097 -0.00570845 -0.03921541
v -0.00874382 -0.00542283 -0.03941955
v -0.00920471 -0.00611169 -0.04074620
v -0.00918322 -0.00577057 -0.04068254
v -0.00912330 -0.00548078 -0.04050697
v -0.00903267 -0.00528788 -0.04024365
v -0.00918119 -0.00646808 -0.04067769
v -0.00912332 -0.00674177 -0.04050906
v -0.00903270 -0.00693374 -0.04024638
v -0.01040242 -0.00549290 -0.04346913
v -0.01037666 -0.00548664 -0.04338599
v -0.01034292 -0.00535490 -0.04339606
v -0.01038881 -0.00611787 -0.04427961
v -0.01051566 -0.00611772 -0.04419006
v -0.01048831 -0.00595587 -0.04420152
v -0.01053686 -0.00611766 -0.04415737
v -0.01053291 -0.00596415 -0.04414412
v -0.01055864 -0.00611755 -0.04409417
v -0.01055753 -0.00597752 -0.04406595
v -0.01018522 -0.00524117 -0.04361325
v -0.01023426 -0.00529384 -0.04377244
v -0.01029614 -0.00527212 -0.04357314
v -0.01034237 -0.00532134 -0.04372314
v -0.01039438 -0.00536248 -0.04369033
v -0.01027521 -0.00527298 -0.04341681
v -0.01013760 -0.00522451 -0.04345936
v -0.01030686 -0.00530149 -0.04340709
v -0.01043101 -0.00542879 -0.04365197
v -0.01047830 -0.00559903 -0.04371530
v -0.01054564 -0.00583625 -0.04402672
v -0.01051991 -0.00580925 -0.04410112
v -0.01047461 -0.00579250 -0.04415618
v -0.01036960 -0.00577651 -0.04421571
v -0.01050000 -0.00559161 -0.04387689
v -0.01046994 -0.00554101 -0.04393687
v -0.01042198 -0.00550961 -0.04398305
v -0.01031575 -0.00548663 -0.04403855
v -0.01055487 -0.00611732 -0.04396603
v -0.01053532 -0.00582995 -0.04390161
v -0.01055754 -0.00625747 -0.04406637
v -0.01055263 -0.00621923 -0.04395890
v -0.01054566 -0.00639859 -0.04402760
v -0.01051848 -0.00649927 -0.04384767
v -0.01050003 -0.00664269 -0.04387859
v -0.01043105 -0.00680472 -0.04365424
v -0.01045265 -0.00668680 -0.04363371
v -0.01039440 -0.00687121 -0.04369284
v -0.01030688 -0.00693120 -0.04340979
v -0.01034308 -0.00687748 -0.04339854
v -0.01018525 -0.00699224 -0.04361616
v -0.01013763 -0.00700837 -0.04346231
v -0.01027535 -0.00695968 -0.04341959
v -0.01029599 -0.00696125 -0.04357601
v -0.01034222 -0.00691256 -0.04372588
v -0.01023429 -0.00694012 -0.04377518
v -0.01042183 -0.00672517 -0.04398519
v -0.01031577 -0.00674826 -0.04404065
v -0.01047447 -0.00644285 -0.04415741
v -0.01036961 -0.00645900 -0.04421685
v -0.01048815 -0.00627962 -0.04420220
v -0.01037667 -0.00674598 -0.04338808
v -0.01046996 -0.00669354 -0.04393879
v -0.01051992 -0.00642588 -0.04410214
v -0.01053291 -0.00627112 -0.04414463
v -0.01019913 -0.00623385 -0.04281963
v -0.01019601 -0.00611530 -0.04280952
v -0.01037684 -0.00611631 -0.04338706
v -0.01020949 -0.00635349 -0.04285267
v -0.01024915 -0.00656072 -0.04297912
v -0.01030860 -0.00669873 -0.04316927
v -0.01034283 -0.00673486 -0.04327914
v -0.01019912 -0.00599679 -0.04281924
v -0.01020948 -0.00587726 -0.04285188
v -0.01024913 -0.00567048 -0.04297764
v -0.01030858 -0.00553313 -0.04316733
v -0.01034281 -0.00549739 -0.04327708
v -0.01000715 -0.00595325 -0.04265214
v -0.01000708 -0.00611500 -0.04263961
v -0.00988147 -0.00611501 -0.04264478
v -0.01010321 -0.00611508 -0.04268125
v -0.01014134 -0.00597526 -0.04272489
v -0.01015359 -0.00583418 -0.04276339
v -0.01020049 -0.00559011 -0.04291175
v -0.01027075 -0.00542798 -0.04313555
v -0.01031118 -0.00538578 -0.04326505
v -0.01008973 -0.00523974 -0.04330540
v -0.00988590 -0.00594715 -0.04265849
v -0.00990063 -0.00577786 -0.04270457
v -0.01002133 -0.00579011 -0.04269660
v -0.00995695 -0.00548496 -0.04288223
v -0.01007563 -0.00550786 -0.04286797
v -0.01004126 -0.00529039 -0.04315026
v -0.01015690 -0.00532036 -0.04312652
v -0.01020365 -0.00527155 -0.04327615
v -0.01026307 -0.00531541 -0.04326624
v -0.01021874 -0.00536168 -0.04312431
v -0.01014169 -0.00553943 -0.04287906
v -0.01009023 -0.00580702 -0.04271650
v -0.01007679 -0.00596169 -0.04267432
v -0.01014145 -0.00625503 -0.04272547
v -0.01000750 -0.00627677 -0.04265273
v -0.01002169 -0.00644004 -0.04269772
v -0.00990095 -0.00645223 -0.04270661
v -0.01007598 -0.00672284 -0.04287000
v -0.00995698 -0.00674589 -0.04288432
v -0.01015725 -0.00691121 -0.04312912
v -0.01004130 -0.00694040 -0.04315315
v -0.01020399 -0.00696052 -0.04327889
v -0.01008980 -0.00699158 -0.04330852
v -0.01015370 -0.00639621 -0.04276443
v -0.01020060 -0.00664075 -0.04291357
v -0.01027084 -0.00680364 -0.04313787
v -0.01031127 -0.00684628 -0.04326749
v -0.01026310 -0.00691680 -0.04326890
v -0.01021877 -0.00687003 -0.04312682
v -0.01014171 -0.00669141 -0.04288098
v -0.01009024 -0.00642326 -0.04271752
v -0.01007679 -0.00626844 -0.04267484
v -0.00985374 -0.00645613 -0.04272322
v -0.00983380 -0.00611503 -0.04265981
v -0.00990925 -0.00674588 -0.04289939
v -0.00999238 -0.00693877 -0.04316454
v -0.01008976 -0.00700852 -0.04347715
v -0.00985567 -0.00575844 -0.04272817
v -0.00990923 -0.00548502 -0.04289730
v -0.00999236 -0.00529307 -0.04316181
v -0.01008973 -0.00522440 -0.04347418
v -0.01018638 -0.00529391 -0.04378715
v -0.01026787 -0.00548669 -0.04405315
v -0.01032171 -0.00577655 -0.04423023
v -0.01034098 -0.00611789 -0.04429420
v -0.01031987 -0.00647466 -0.04422527
v -0.01026789 -0.00674825 -0.04405525
v -0.01018640 -0.00694010 -0.04378990
v 0.00133437 0.00237203 -0.00556852
v -0.00097635 0.00223900 -0.00852396
v 0.00024546 0.00232507 -0.00854667
v 0.00135458 0.00234322 -0.00856764
v -0.00268829 0.00197034 -0.00977095
v -0.00191829 0.00212843 -0.00850635
v -0.00201461 0.00211570 -0.01099578
v -0.00280699 0.00194999 -0.01095766
v -0.00032329 0.00228125 -0.01107487
v 0.00135744 0.00231818 -0.01115386
v -0.00208005 -0.00358530 -0.05239884
v -0.00204018 -0.00442771 -0.05244993
v -0.00266817 -0.00438495 -0.05296721
v -0.00332697 -0.00613341 -0.05329017
v -0.00423398 -0.00613387 -0.05354494
v -0.00411074 -0.00425781 -0.05352157
v -0.00588118 -0.00514557 -0.05357563
v -0.00588069 -0.00374537 -0.05346395
v -0.00496026 -0.00418060 -0.05358193
v -0.00087512 -0.00612917 -0.05085706
v -0.00092828 -0.00533698 -0.05092976
v -0.00051866 -0.00612795 -0.05015009
v -0.00051951 -0.00515411 -0.05010796
v -0.00098044 -0.00453758 -0.05093274
v -0.00102439 -0.00377050 -0.05084999
v -0.00052346 -0.00401701 -0.04993746
v -0.00105080 -0.00306259 -0.05067228
v -0.00052715 -0.00311715 -0.04967545
v -0.00157318 -0.00209957 -0.05119391
v -0.00052700 -0.00277632 -0.04953569
v -0.00101547 -0.00185115 -0.04999775
v -0.00051426 -0.00202835 -0.04911436
v -0.00052148 -0.00227247 -0.04927288
v -0.00052225 -0.00231041 -0.04929545
v -0.00052342 -0.00237575 -0.04933315
v -0.00087998 -0.00089774 -0.04891008
v -0.00049636 -0.00171667 -0.04887134
v -0.00095029 -0.00135094 -0.04948079
v -0.00146913 -0.00067001 -0.04981700
v -0.00133430 -0.00021223 -0.04893513
v -0.00204762 0.00024267 -0.04946513
v -0.00189806 0.00039231 -0.04893134
v -0.00276182 0.00075785 -0.04951151
v -0.00251696 0.00085588 -0.04888874
v -0.00352006 0.00111125 -0.04947127
v -0.00318825 0.00120123 -0.04879750
v -0.00359188 0.00135062 -0.04871925
v -0.00428911 0.00144279 -0.04888716
v -0.00395194 0.00145425 -0.04863439
v -0.00511803 0.00156321 -0.04862996
v -0.00482925 0.00161340 -0.04836631
v -0.00518767 0.00146523 -0.04909804
v -0.00597456 0.00148300 -0.04894449
v -0.00593090 0.00154239 -0.04866984
v -0.00519095 0.00119533 -0.05011151
v -0.00600428 0.00124212 -0.04985516
v -0.00600755 0.00137433 -0.04939366
v -0.00591028 0.00069783 -0.05111133
v -0.00593530 0.00085750 -0.05081870
v -0.00509721 0.00080769 -0.05106197
v -0.00597878 0.00108867 -0.05029536
v -0.00493489 -0.00168025 -0.05317941
v -0.00586707 -0.00170854 -0.05300520
v -0.00585620 -0.00084652 -0.05261262
v -0.00588068 -0.00613404 -0.05359623
v -0.00505373 -0.00613404 -0.05362676
v -0.00492632 -0.00224853 -0.05334052
v -0.00407780 -0.00179350 -0.05320396
v -0.00406766 -0.00235754 -0.05334790
v -0.00332606 -0.00192889 -0.05301644
v -0.00332095 -0.00247145 -0.05315678
v -0.00267131 -0.00259436 -0.05277639
v -0.00268092 -0.00153157 -0.05240351
v -0.00333760 -0.00131240 -0.05277448
v -0.00409508 -0.00114279 -0.05294797
v -0.00494812 -0.00102073 -0.05290409
v -0.00585510 -0.00022586 -0.05219164
v -0.00573028 0.00167146 -0.04800712
v -0.00434250 0.00134259 -0.04933245
v -0.00209810 -0.00129318 -0.05155647
v -0.00268849 -0.00093731 -0.05204462
v -0.00335626 -0.00065308 -0.05237485
v -0.00412107 -0.00044430 -0.05251601
v -0.00496952 -0.00031128 -0.05244985
v -0.00587008 0.00027555 -0.05170085
v -0.00587630 -0.00263523 -0.05327294
v -0.00492986 -0.00324686 -0.05350814
v -0.00407471 -0.00334719 -0.05348077
v -0.00333185 -0.00343714 -0.05328780
v -0.00267187 -0.00351697 -0.05292676
v -0.00210025 -0.00272602 -0.05222864
v -0.00210444 -0.00179714 -0.05186858
v -0.00155753 -0.00169847 -0.05093826
v -0.00208252 -0.00004791 -0.05008507
v -0.00277195 0.00046446 -0.05026430
v -0.00351768 0.00082834 -0.05033486
v -0.00433533 0.00106841 -0.05028404
v -0.00150466 -0.00098090 -0.05025068
v -0.00208711 -0.00040845 -0.05066404
v -0.00273616 0.00007687 -0.05097240
v -0.00345100 0.00043533 -0.05115132
v -0.00424702 0.00067708 -0.05118313
v -0.00501560 0.00031891 -0.05182097
v -0.00416881 0.00018223 -0.05191253
v -0.00339163 -0.00005249 -0.05182062
v -0.00270447 -0.00038651 -0.05155753
v -0.00209007 -0.00082029 -0.05114800
v -0.00153305 -0.00132045 -0.05061962
v -0.00110281 -0.00612991 -0.05128446
v -0.00130101 -0.00613048 -0.05160914
v -0.00139817 -0.00530459 -0.05173011
v -0.00190622 -0.00613177 -0.05235216
v -0.00196870 -0.00528133 -0.05241108
v -0.00253796 -0.00613268 -0.05287473
v -0.00263180 -0.00525671 -0.05294247
v -0.00299716 -0.00613315 -0.05314256
v -0.00147861 -0.00447212 -0.05176722
v -0.00153875 -0.00366262 -0.05170468
v -0.00157279 -0.00287781 -0.05152466
v -0.00335586 -0.00432647 -0.05331989
v -0.00155829 -0.01054845 -0.05096160
v -0.00157367 -0.01014567 -0.05121513
v -0.00101621 -0.01039787 -0.05001737
v -0.00588102 -0.00690603 -0.05358586
v -0.00092605 -0.00688804 -0.05093052
v -0.00262921 -0.00697228 -0.05294317
v -0.00411237 -0.00797729 -0.05352838
v -0.00588111 -0.00809820 -0.05351643
v -0.00492619 -0.00999316 -0.05335926
v -0.00588071 -0.00850366 -0.05347405
v -0.00493050 -0.00899265 -0.05352078
v -0.00496179 -0.00805359 -0.05359004
v -0.00587563 -0.00971806 -0.05326517
v -0.00493457 -0.01056087 -0.05320266
v -0.00586561 -0.01067696 -0.05297548
v -0.00494774 -0.01121984 -0.05293370
v -0.00585561 -0.01145508 -0.05260940
v -0.00496878 -0.01193220 -0.05248556
v -0.00585513 -0.01207147 -0.05218098
v -0.00501432 -0.01256753 -0.05185871
v -0.00587536 -0.01261854 -0.05162388
v -0.00509561 -0.01305914 -0.05110038
v -0.00591941 -0.01302164 -0.05102234
v -0.00598701 -0.01338151 -0.05022031
v -0.00519041 -0.01344739 -0.05014794
v -0.00599859 -0.01345504 -0.05001060
v -0.00600025 -0.01365497 -0.04931219
v -0.00518842 -0.01371636 -0.04912912
v -0.00597406 -0.01373498 -0.04896947
v -0.00511885 -0.01381347 -0.04865814
v -0.00590427 -0.01382397 -0.04854096
v -0.00573052 -0.01392009 -0.04803301
v -0.00491315 -0.01386718 -0.04836129
v -0.00467565 -0.01383848 -0.04844379
v -0.00407142 -0.01372994 -0.04862674
v -0.00352059 -0.01336353 -0.04950037
v -0.00332916 -0.01350816 -0.04879612
v -0.00359247 -0.01359926 -0.04874287
v -0.00204817 -0.01249474 -0.04948999
v -0.00199735 -0.01272255 -0.04894369
v -0.00276232 -0.01301016 -0.04953882
v -0.00256713 -0.01313713 -0.04890516
v -0.00264993 -0.01318696 -0.04889669
v -0.00095094 -0.01089988 -0.04950011
v -0.00088053 -0.01135686 -0.04892299
v -0.00141540 -0.01184910 -0.04937084
v -0.00094486 -0.01146949 -0.04892799
v -0.00139926 -0.01212096 -0.04894953
v -0.00049650 -0.01053479 -0.04888599
v -0.00051370 -0.01022166 -0.04912897
v -0.00052084 -0.00998142 -0.04928448
v -0.00052235 -0.00990504 -0.04932930
v -0.00051927 -0.00697813 -0.05012274
v -0.00097870 -0.00769276 -0.05093922
v -0.00052273 -0.00815941 -0.04996241
v -0.00102336 -0.00846565 -0.05086160
v -0.00052628 -0.00907866 -0.04970630
v -0.00105054 -0.00917920 -0.05068774
v -0.00052644 -0.00946940 -0.04954999
v -0.00266766 -0.00784982 -0.05297298
v -0.00335665 -0.00790883 -0.05332597
v -0.00267202 -0.00872226 -0.05293785
v -0.00333257 -0.00880255 -0.05329863
v -0.00267133 -0.00964770 -0.05279350
v -0.00332101 -0.00977047 -0.05317391
v -0.00407553 -0.00889263 -0.05349202
v -0.00406751 -0.00988429 -0.05336548
v -0.00277190 -0.01271680 -0.05029511
v -0.00351734 -0.01308100 -0.05036825
v -0.00273563 -0.01232811 -0.05100466
v -0.00344991 -0.01268696 -0.05118652
v -0.00270410 -0.01186229 -0.05158928
v -0.00339071 -0.01219638 -0.05185525
v -0.00268835 -0.01130782 -0.05207460
v -0.00335569 -0.01159140 -0.05240744
v -0.00268084 -0.01071128 -0.05242901
v -0.00333725 -0.01092945 -0.05280159
v -0.00332584 -0.01031302 -0.05303781
v -0.00428981 -0.01369392 -0.04891484
v -0.00434310 -0.01359448 -0.04936279
v -0.00433479 -0.01332099 -0.05031931
v -0.00424554 -0.01292882 -0.05122041
v -0.00416753 -0.01243107 -0.05194922
v -0.00412021 -0.01179965 -0.05255055
v -0.00409452 -0.01109829 -0.05297643
v -0.00407735 -0.01044794 -0.05322608
v -0.00146982 -0.01158132 -0.04984058
v -0.00150536 -0.01126958 -0.05027498
v -0.00153384 -0.01092860 -0.05064373
v -0.00208290 -0.01220395 -0.05011256
v -0.00208729 -0.01184238 -0.05069261
v -0.00209038 -0.01142861 -0.05117617
v -0.00209850 -0.01095285 -0.05158336
v -0.00210470 -0.01044696 -0.05189216
v -0.00196487 -0.00694664 -0.05241047
v -0.00139443 -0.00692187 -0.05172925
v -0.00203829 -0.00780588 -0.05245551
v -0.00147610 -0.00775989 -0.05177292
v -0.00207927 -0.00865322 -0.05241029
v -0.00153737 -0.00857490 -0.05171628
v -0.00210005 -0.00951628 -0.05224567
v -0.00157244 -0.00936451 -0.05154121
v -0.00841070 -0.01262646 -0.05062960
v -0.00724051 -0.01276594 -0.05095738
v -0.00744342 -0.01303912 -0.05046112
v -0.00678070 -0.00890416 -0.05317807
v -0.00675327 -0.00843736 -0.05327778
v -0.00631768 -0.00805565 -0.05344481
v -0.00672901 -0.00770533 -0.05338759
v -0.00629631 -0.00613396 -0.05354485
v -0.00671884 -0.00648243 -0.05346778
v -0.00671899 -0.00613384 -0.05347068
v -0.00634611 -0.00896574 -0.05330393
v -0.00639455 -0.00981077 -0.05309359
v -0.00686450 -0.00970725 -0.05294100
v -0.00647521 -0.01060725 -0.05279869
v -0.00700579 -0.01041958 -0.05264183
v -0.00660727 -0.01133588 -0.05240756
v -0.00722767 -0.01107267 -0.05226619
v -0.00679782 -0.01193535 -0.05195079
v -0.00752991 -0.01163349 -0.05183147
v -0.00790359 -0.01212364 -0.05133001
v -0.00701932 -0.01240589 -0.05145899
v -0.00819186 -0.01242604 -0.05093864
v -0.00895944 -0.01304733 -0.04978533
v -0.00775765 -0.01341654 -0.04950275
v -0.00930932 -0.01326830 -0.04915214
v -0.00787212 -0.01355841 -0.04900087
v -0.00954135 -0.01341881 -0.04858958
v -0.00957181 -0.01345250 -0.04843582
v -0.00786902 -0.01368487 -0.04844303
v -0.00958243 -0.01350859 -0.04814567
v -0.00774272 -0.01379796 -0.04780722
v -0.00744252 -0.01389825 -0.04726956
v -0.00914509 -0.01372908 -0.04650303
v -0.00954541 -0.01355844 -0.04784081
v -0.00948122 -0.01360046 -0.04754003
v -0.00920633 -0.01372018 -0.04647531
v -0.00921451 0.00147403 -0.04647408
v -0.00920806 0.00147659 -0.04644977
v -0.00750389 0.00164875 -0.04721639
v -0.00775409 0.00116285 -0.04947954
v -0.00744033 0.00078202 -0.05043919
v -0.00631679 -0.00421183 -0.05343859
v -0.00634514 -0.00330117 -0.05329474
v -0.00639346 -0.00245534 -0.05308164
v -0.00647392 -0.00165776 -0.05278417
v -0.00660569 -0.00092774 -0.05239068
v -0.00679586 -0.00032674 -0.05193204
v -0.00701694 0.00014542 -0.05143883
v -0.00723775 0.00050714 -0.05093621
v -0.00773894 0.00155027 -0.04778297
v -0.00579296 0.00167332 -0.04797928
v -0.00786518 0.00143493 -0.04841894
v -0.00927271 0.00145501 -0.04668570
v -0.00952379 0.00132937 -0.04768704
v -0.00956650 0.00129340 -0.04792133
v -0.00786835 0.00130651 -0.04897715
v -0.00955337 0.00118319 -0.04849530
v -0.00958726 0.00124023 -0.04822434
v -0.00890540 0.00075607 -0.04984994
v -0.00920347 0.00095285 -0.04932905
v -0.00945261 0.00110353 -0.04881898
v -0.00949855 0.00113587 -0.04869319
v -0.00692106 -0.00219433 -0.05278734
v -0.00709766 -0.00151827 -0.05245323
v -0.00738416 -0.00086471 -0.05201237
v -0.00775175 -0.00031230 -0.05150737
v -0.00822647 0.00020166 -0.05086771
v -0.00874319 0.00063742 -0.05011161
v -0.00688464 -0.00239494 -0.05286846
v -0.00680312 -0.00303736 -0.05308267
v -0.00676182 -0.00360540 -0.05322409
v -0.00674007 -0.00409272 -0.05331586
v -0.00673511 -0.00424882 -0.05334007
v -0.00671936 -0.00533011 -0.05344798
v -0.00527511 0.00181270 -0.04691931
v -0.00731830 0.00170263 -0.04691717
v -0.00710277 0.00175352 -0.04630150
v -0.00668191 0.00178428 -0.04512088
v -0.00453862 0.00186835 -0.04516628
v -0.00582550 0.00181484 -0.04280025
v -0.00411339 0.00186841 -0.03828266
v -0.00194777 0.00193411 -0.03908810
v -0.00888863 0.00153314 -0.04535083
v -0.00847357 0.00154452 -0.04402662
v -0.00814034 0.00155587 -0.04296073
v -0.00756118 0.00157798 -0.04118443
v -0.00698681 0.00159722 -0.03955567
v -0.00621611 0.00162175 -0.03750136
v 0.00380987 -0.00611238 -0.04126544
v 0.00263621 -0.00611677 -0.04377343
v 0.00376421 -0.00464950 -0.04124610
v 0.00243300 -0.00410371 -0.04398400
v 0.00373184 -0.00423190 -0.04123325
v 0.00205572 -0.00240509 -0.04411484
v 0.00347804 -0.00254194 -0.04113469
v 0.00149889 -0.00100951 -0.04417159
v 0.00306951 -0.00120781 -0.04097808
v 0.00295974 -0.00095367 -0.04093616
v 0.00115226 -0.00042180 -0.04417212
v 0.00278777 -0.00060757 -0.04087057
v 0.00075971 0.00009444 -0.04415407
v 0.00218016 0.00028276 -0.04063938
v 0.00032132 0.00054076 -0.04411758
v 0.00207252 0.00040330 -0.04059850
v 0.00204154 0.00043643 -0.04058674
v -0.00016124 0.00091921 -0.04406346
v 0.00163781 0.00081346 -0.04043365
v 0.00159669 0.00084684 -0.04041807
v -0.00068598 0.00123195 -0.04399267
v 0.00115227 0.00115995 -0.04024998
v -0.00125091 0.00148113 -0.04390614
v 0.00109891 0.00119231 -0.04022983
v 0.00110279 0.00118999 -0.04023129
v -0.00018209 0.00172203 -0.03974766
v 0.00056199 0.00146662 -0.04002734
v 0.00061643 0.00144267 -0.04004784
v -0.00060411 0.00181641 -0.03958951
v -0.00410742 0.00174075 -0.04721353
v -0.00296132 0.00146768 -0.04745158
v -0.00104787 0.00018470 -0.04776301
v -0.00193350 0.00095935 -0.04763796
v 0.00010168 -0.00032989 -0.04628214
v 0.00046368 -0.00091158 -0.04625646
v 0.00105640 -0.00231105 -0.04614890
v 0.00147263 -0.00404097 -0.04596500
v 0.00171072 -0.00612015 -0.04570315
v -0.00232957 0.00150132 -0.04614949
v -0.00354843 0.00178834 -0.04599589
v -0.00249332 0.00179740 -0.04368966
v -0.00124097 0.00097242 -0.04625072
v -0.00075215 0.00060933 -0.04627850
v -0.00030383 0.00017624 -0.04628935
v -0.00410767 -0.01398656 -0.04723965
v -0.00296155 -0.01371428 -0.04747679
v 0.00105628 -0.00993086 -0.04616155
v 0.00147256 -0.00820027 -0.04597192
v -0.00193372 -0.01320656 -0.04766148
v -0.00104807 -0.01243232 -0.04778397
v 0.00010149 -0.01191252 -0.04630138
v 0.00046352 -0.01133073 -0.04627378
v -0.00524874 -0.01406197 -0.04688192
v -0.00354868 -0.01402988 -0.04602217
v -0.00249356 -0.01403087 -0.04371595
v -0.00294614 -0.01413387 -0.04144758
v -0.00490645 -0.01409668 -0.04606375
v -0.00194802 -0.01415151 -0.03911481
v -0.00060420 -0.01403716 -0.03961591
v -0.00020122 -0.01394769 -0.03976666
v 0.00107860 -0.01342447 -0.04024668
v 0.00061604 -0.01366297 -0.04007299
v -0.00125115 -0.01371531 -0.04393139
v 0.00054825 -0.01369269 -0.04004755
v -0.00016146 -0.01315391 -0.04408684
v 0.00163714 -0.01303488 -0.04045662
v 0.00157925 -0.01308151 -0.04043485
v 0.00202372 -0.01267713 -0.04060199
v 0.00032111 -0.01277562 -0.04413970
v 0.00207221 -0.01262574 -0.04062022
v 0.00075951 -0.01232941 -0.04417470
v 0.00218028 -0.01250504 -0.04066085
v 0.00115209 -0.01181322 -0.04419105
v 0.00278725 -0.01161565 -0.04088879
v 0.00295599 -0.01127613 -0.04095200
v 0.00149872 -0.01122549 -0.04418857
v 0.00305005 -0.01106073 -0.04098719
v 0.00306857 -0.01101572 -0.04099412
v 0.00205560 -0.00982969 -0.04412718
v 0.00347597 -0.00969071 -0.04114587
v 0.00373265 -0.00800189 -0.04123987
v 0.00243293 -0.00813059 -0.04399069
v 0.00373345 -0.00799303 -0.04124016
v 0.00376488 -0.00759117 -0.04125129
v -0.00232981 -0.01374336 -0.04617482
v -0.00030403 -0.01241870 -0.04631027
v -0.00075235 -0.01285176 -0.04630086
v -0.00124119 -0.01321477 -0.04627429
v -0.00068622 -0.01346641 -0.04401708
v 0.00115149 -0.01338059 -0.04027406
v -0.00847380 -0.01377935 -0.04405207
v -0.00668049 -0.01402302 -0.04514764
v -0.00814057 -0.01378698 -0.04298622
v -0.00582400 -0.01404545 -0.04282717
v -0.00740113 -0.01380729 -0.04074772
v -0.00702715 -0.01381536 -0.03969067
v -0.00411364 -0.01408308 -0.03830915
v -0.00621635 -0.01383376 -0.03752703
v -0.00710140 -0.01399637 -0.04632814
v -0.00731696 -0.01394763 -0.04694363
v -0.00856113 -0.01377912 -0.04432486
v -0.00876635 -0.01377548 -0.04496857
v 0.00163208 -0.01422926 -0.02950332
v 0.00153059 -0.01423564 -0.02918712
v 0.00076543 -0.01422114 -0.02895638
v -0.00293139 -0.01403598 -0.01495908
v -0.00283884 -0.01402408 -0.01651499
v -0.00235253 -0.01417001 -0.01366554
v -0.00235620 -0.01411145 -0.03409230
v -0.00483148 -0.01386256 -0.03407397
v -0.00159845 -0.01411814 -0.03225676
v -0.00380181 -0.01388343 -0.03155020
v -0.00315814 -0.01389348 -0.03023351
v -0.00084823 -0.01412440 -0.03043168
v -0.00298751 -0.01389666 -0.02990061
v -0.00179961 -0.01392015 -0.02688394
v -0.00203877 -0.01390953 -0.02779946
v -0.00028468 -0.01413238 -0.02865240
v -0.00215744 -0.01390778 -0.02812782
v -0.00242790 -0.01390438 -0.02876724
v -0.00005765 -0.01420428 -0.02326384
v -0.00113790 -0.01408209 -0.02294986
v -0.00175922 -0.01396481 -0.02523064
v -0.00139880 -0.01413955 -0.01950357
v -0.00250763 -0.01400251 -0.01950214
v -0.00212796 -0.01398424 -0.02230883
v -0.00166735 -0.01425794 -0.01364421
v -0.00280724 -0.01406932 -0.01098430
v -0.00292095 -0.01405420 -0.01282589
v -0.00294312 -0.01404665 -0.01368825
v -0.00260918 -0.01412150 -0.01099420
v -0.00172323 -0.01427183 -0.01103674
v -0.00028408 -0.01438235 -0.01362802
v -0.00030862 -0.01440189 -0.01110329
v 0.00108954 -0.01442068 -0.01365132
v 0.00135718 -0.01443806 -0.01118169
v 0.00132004 -0.01438852 -0.01610290
v 0.00135140 -0.01442251 -0.01305864
v 0.00135358 -0.01442651 -0.01261528
v 0.00130825 -0.01437918 -0.01682306
v 0.00130850 -0.01437936 -0.01680881
v 0.00109017 -0.01438385 -0.01651688
v 0.00132475 -0.01424392 -0.02839234
v 0.00113758 -0.01425011 -0.02722669
v 0.00096101 -0.01424231 -0.02719847
v 0.00106776 -0.01426056 -0.02599907
v 0.00102345 -0.01426485 -0.02543968
v 0.00110182 -0.01428384 -0.02399595
v -0.00038579 -0.01419109 -0.03248481
v 0.00115884 -0.01420755 -0.03171071
v 0.00030029 -0.01420569 -0.03070178
v 0.00141573 -0.01421339 -0.03093202
v 0.00171257 -0.01422257 -0.02973144
v -0.00006691 -0.01418465 -0.03474160
v 0.00037455 -0.01419253 -0.03370185
v 0.00094603 -0.01420322 -0.03228611
v -0.00113002 -0.01417707 -0.03426091
v -0.00025495 -0.01433077 -0.01644139
v -0.00160828 -0.01420284 -0.01644219
v -0.00279576 -0.01402060 -0.01699448
v 0.00105791 -0.01428700 -0.02362340
v -0.00001937 -0.01417953 -0.02506504
v -0.00000805 -0.01416880 -0.02594756
v -0.00002933 -0.01415388 -0.02685561
v -0.00012118 -0.01413772 -0.02777048
v -0.00171753 -0.01394737 -0.02612948
v 0.00133272 -0.01447346 -0.00543706
v 0.00135790 -0.01444009 -0.01085316
v 0.00135432 -0.01445408 -0.00859592
v 0.00024516 -0.01443589 -0.00857492
v 0.00133622 -0.01447083 -0.00584972
v -0.00268489 -0.01408599 -0.00973694
v -0.00191858 -0.01423918 -0.00853394
v -0.00097664 -0.01434978 -0.00855190
v 0.00595882 -0.00454447 -0.03584223
v 0.00586411 -0.00333115 -0.03569160
v 0.00594100 -0.00423353 -0.03581403
v 0.00550575 -0.00137337 -0.03512208
v 0.00570408 -0.00223182 -0.03543726
v 0.00576266 -0.00256940 -0.03553022
v 0.00576558 -0.00258769 -0.03553484
v 0.00496300 -0.00002187 -0.03425073
v 0.00468830 0.00039671 -0.03380562
v 0.00502863 -0.00014129 -0.03435663
v 0.00512705 -0.00033761 -0.03451490
v 0.00525554 -0.00063112 -0.03472101
v 0.00545865 -0.00121161 -0.03504680
v 0.00550501 -0.00137068 -0.03512087
v 0.00461366 0.00049169 -0.03368387
v 0.00418471 0.00092292 -0.03297816
v 0.00315526 0.00147690 -0.03117388
v 0.00345879 0.00136121 -0.03172995
v 0.00371919 0.00123475 -0.03218807
v 0.00270405 0.00160048 -0.03026579
v -0.00500848 -0.00605954 -0.01088254
v -0.00495899 -0.00822128 -0.01088807
v -0.00491508 -0.00894019 -0.01089098
v -0.00484107 -0.00972785 -0.01089511
v -0.00476544 -0.01030680 -0.01089893
v -0.00464408 -0.01099695 -0.01090467
v -0.00455851 -0.01136830 -0.01090861
v -0.00439834 -0.01191259 -0.01091587
v -0.00420044 -0.01241426 -0.01092449
v -0.00404617 -0.01272679 -0.01093097
v -0.00364643 -0.01339204 -0.01094769
v -0.00332226 -0.01375934 -0.01096191
v -0.00290667 -0.01402677 -0.01098015
v -0.00495044 -0.00366208 -0.01087598
v -0.00491785 -0.00317862 -0.01087583
v -0.00478260 -0.00191980 -0.01087825
v -0.00466144 -0.00121087 -0.01088205
v -0.00454339 -0.00069724 -0.01088641
v -0.00426400 0.00014717 -0.01089784
v -0.00386260 0.00093658 -0.01091438
v -0.00367236 0.00123559 -0.01092155
v -0.00348660 0.00147424 -0.01092862
v -0.00327193 0.00168199 -0.01093726
v -0.00310180 0.00180386 -0.01094448
v -0.00266218 0.00107193 -0.02514051
v -0.00295286 0.00059897 -0.02516908
v -0.00362552 0.00064627 -0.01997783
v -0.00321715 0.00178430 -0.01304583
v -0.00297944 0.00161095 -0.02942719
v -0.00297989 0.00154703 -0.02918962
v -0.00285734 0.00155280 -0.02894187
v -0.00504674 -0.00319073 -0.01297863
v -0.00509802 -0.00606171 -0.01212537
v -0.00485980 -0.00321480 -0.01763199
v -0.00511610 -0.00606781 -0.01561945
v -0.00504132 -0.00320318 -0.01527950
v -0.00513723 -0.00606320 -0.01297970
v -0.00390260 -0.00325147 -0.02526589
v -0.00466201 -0.00607555 -0.02006776
v -0.00456990 -0.00322637 -0.02006616
v -0.00471344 -0.00607486 -0.01966690
v -0.00495046 -0.00607133 -0.01764171
v -0.00391820 -0.00608635 -0.02626709
v -0.00396881 -0.00608508 -0.02553596
v -0.00399389 -0.00608463 -0.02527937
v -0.00382277 -0.00270923 -0.02727766
v -0.00386351 -0.00330440 -0.02726419
v -0.00386143 -0.00330372 -0.02724280
v -0.00387641 -0.00354221 -0.02726006
v -0.00388830 -0.00379542 -0.02725633
v -0.00389037 -0.00384423 -0.02725563
v -0.00390710 -0.00431089 -0.02724977
v -0.00340561 -0.00021756 -0.02735112
v -0.00312874 0.00050070 -0.02742586
v -0.00333962 0.00007967 -0.02751236
v -0.00320139 0.00054832 -0.02774186
v -0.00350825 -0.00054245 -0.02738592
v -0.00362457 -0.00109341 -0.02734801
v -0.00366860 -0.00139972 -0.02728612
v -0.00364275 -0.00119616 -0.02734269
v -0.00316052 0.00070983 -0.02786485
v -0.00287566 0.00098324 -0.02750240
v -0.00310539 0.00096103 -0.02811403
v -0.00307199 0.00112348 -0.02832011
v -0.00261674 0.00133142 -0.02758692
v -0.00303161 0.00130894 -0.02861721
v -0.00315789 0.00170701 -0.03020760
v -0.00308218 0.00169934 -0.03001559
v -0.00298928 0.00171040 -0.02987414
v -0.00301210 0.00167128 -0.02974609
v -0.00237287 0.00172351 -0.02860299
v -0.00232908 0.00157681 -0.02768273
v -0.00196040 0.00173196 -0.02751659
v -0.00214534 0.00159067 -0.02704545
v -0.00203835 0.00161551 -0.02640591
v -0.00175323 0.00175658 -0.02659930
v -0.00202041 0.00164163 -0.02575599
v -0.00171888 0.00178481 -0.02576046
v -0.00207843 0.00165131 -0.02508395
v -0.00186727 0.00180643 -0.02424683
v -0.00227037 0.00183620 -0.02122076
v -0.00274934 0.00170600 -0.01990032
v -0.00262159 0.00186131 -0.01857403
v -0.00303523 0.00173112 -0.01752531
v -0.00286605 0.00188529 -0.01616012
v -0.00321150 0.00175642 -0.01525756
v -0.00291778 0.00189512 -0.01525476
v -0.00294671 0.00191046 -0.01392874
v -0.00289041 0.00193375 -0.01205416
v -0.00444789 -0.00001538 -0.01299814
v -0.00478981 -0.00122877 -0.01298600
v -0.00290596 0.00056376 -0.02632582
v -0.00324380 -0.00015244 -0.02630097
v -0.00260591 0.00106297 -0.02578192
v -0.00261923 0.00103631 -0.02635000
v -0.00244202 0.00134892 -0.02697860
v -0.00410288 0.00071398 -0.01301115
v -0.00380997 0.00119529 -0.01302237
v -0.00409547 0.00068993 -0.01526597
v -0.00380282 0.00116946 -0.01526292
v -0.00391508 0.00066798 -0.01757454
v -0.00362352 0.00114594 -0.01755797
v -0.00333487 0.00112265 -0.01995183
v -0.00238343 0.00141125 -0.02511340
v -0.00232632 0.00140186 -0.02576942
v -0.00234214 0.00137559 -0.02637630
v -0.00352707 0.00154045 -0.01303347
v -0.00352060 0.00151337 -0.01526026
v -0.00334271 0.00148877 -0.01754227
v -0.00305534 0.00146437 -0.01992712
v -0.00300449 0.00142241 -0.02885004
v -0.00383006 -0.00326876 -0.02626611
v -0.00357864 -0.00134360 -0.02627919
v -0.00364312 -0.00131616 -0.02523798
v -0.00329863 -0.00011948 -0.02520323
v -0.00431226 -0.00128018 -0.02004057
v -0.00396989 -0.00007665 -0.02000890
v -0.00460226 -0.00126364 -0.01761485
v -0.00425985 -0.00005699 -0.01759438
v -0.00478365 -0.00124692 -0.01527433
v -0.00444090 -0.00003710 -0.01526978
v -0.00392852 -0.00608805 -0.02723917
v -0.00383015 -0.00890396 -0.02627548
v -0.00386152 -0.00887241 -0.02725205
v -0.00366875 -0.01077656 -0.02730170
v -0.00326645 -0.01250062 -0.02763256
v -0.00321684 -0.01267058 -0.02772725
v -0.00312894 -0.01267747 -0.02744775
v -0.00315361 -0.01291886 -0.02791407
v -0.00311648 -0.01308803 -0.02807943
v -0.00287588 -0.01316026 -0.02752590
v -0.00306697 -0.01332890 -0.02838047
v -0.00304235 -0.01344412 -0.02856122
v -0.00261698 -0.01350873 -0.02761157
v -0.00444808 -0.01211111 -0.01301826
v -0.00390269 -0.00891777 -0.02527531
v -0.00456998 -0.00892475 -0.02007564
v -0.00390723 -0.00786471 -0.02725562
v -0.00504683 -0.00893569 -0.01298820
v -0.00504141 -0.00893127 -0.01528903
v -0.00485988 -0.00892784 -0.01764150
v -0.00478997 -0.01089768 -0.01300209
v -0.00321739 -0.01391092 -0.01307193
v -0.00303547 -0.01387336 -0.01755125
v -0.00321175 -0.01389076 -0.01528356
v -0.00274958 -0.01385651 -0.01992619
v -0.00203858 -0.01378869 -0.02643150
v -0.00202065 -0.01381254 -0.02578167
v -0.00207867 -0.01381988 -0.02510965
v -0.00214558 -0.01376608 -0.02707096
v -0.00234238 -0.01354866 -0.02640109
v -0.00285758 -0.01373485 -0.02896726
v -0.00232931 -0.01375445 -0.02770820
v -0.00301049 -0.01385462 -0.02976162
v -0.00300309 -0.01361157 -0.02889206
v -0.00300053 -0.01362284 -0.02891869
v -0.00298110 -0.01372200 -0.02918959
v -0.00298186 -0.01380621 -0.02950263
v -0.00386361 -0.00887179 -0.02727362
v -0.00378525 -0.00989168 -0.02730374
v -0.00367648 -0.01077444 -0.02734720
v -0.00360119 -0.01120836 -0.02737209
v -0.00357878 -0.01082917 -0.02629495
v -0.00340579 -0.01195895 -0.02737062
v -0.00341370 -0.01199999 -0.02746253
v -0.00261945 -0.01320931 -0.02637366
v -0.00290617 -0.01273667 -0.02634792
v -0.00244224 -0.01352410 -0.02700331
v -0.00232656 -0.01357283 -0.02579430
v -0.00238366 -0.01357993 -0.02513831
v -0.00381020 -0.01332184 -0.01304651
v -0.00410309 -0.01284050 -0.01303370
v -0.00380305 -0.01330383 -0.01528698
v -0.00409567 -0.01282432 -0.01528844
v -0.00362375 -0.01328831 -0.01758196
v -0.00391529 -0.01281041 -0.01759696
v -0.00333510 -0.01327336 -0.01997576
v -0.00362573 -0.01279707 -0.02000018
v -0.00295307 -0.01276786 -0.02519129
v -0.00352731 -0.01366704 -0.01305875
v -0.00352083 -0.01364773 -0.01528546
v -0.00334294 -0.01363108 -0.01756741
v -0.00305557 -0.01361499 -0.01995218
v -0.00266240 -0.01324071 -0.02516429
v -0.00260614 -0.01323399 -0.02580568
v -0.00324399 -0.01202039 -0.02632069
v -0.00329882 -0.01204954 -0.02522306
v -0.00364327 -0.01085298 -0.02525383
v -0.00397007 -0.01207427 -0.02002884
v -0.00431241 -0.01087086 -0.02005652
v -0.00426004 -0.01208552 -0.01761438
v -0.00460241 -0.01087895 -0.01763084
v -0.00444109 -0.01209730 -0.01528983
v -0.00478380 -0.01088750 -0.01529037
v -0.01103699 -0.00853258 -0.04807012
v -0.01106399 -0.00879360 -0.04826173
v -0.01101453 -0.00879358 -0.04825454
v -0.01101290 -0.00897240 -0.04854008
v -0.01096864 -0.00896256 -0.04850814
v -0.01093184 -0.00904285 -0.04885419
v -0.01088389 -0.00904150 -0.04884042
v -0.01109058 -0.00822988 -0.04800755
v -0.01109033 -0.00838526 -0.04802552
v -0.01108678 -0.00853236 -0.04807504
v -0.01104070 -0.00823016 -0.04800350
v -0.01103397 -0.00793053 -0.04806719
v -0.01108385 -0.00793032 -0.04807171
v -0.01101430 -0.00767431 -0.04824183
v -0.01106405 -0.00767423 -0.04824789
v -0.01097646 -0.00750115 -0.04850008
v -0.01102592 -0.00750131 -0.04850840
v -0.01099572 -0.00745639 -0.04867505
v -0.01091520 -0.00745069 -0.04881459
v -0.01096418 -0.00745123 -0.04882558
v -0.01128373 -0.00784886 -0.04847753
v -0.01128311 -0.00787296 -0.04847788
v -0.01130290 -0.00806221 -0.04835105
v -0.01120057 -0.00766760 -0.04888379
v -0.01120426 -0.00771929 -0.04888597
v -0.01124533 -0.00774311 -0.04869095
v -0.01125013 -0.00773242 -0.04866691
v -0.01123551 -0.00764195 -0.04862179
v -0.01118307 -0.00760670 -0.04887828
v -0.01113131 -0.00752332 -0.04854892
v -0.01109281 -0.00750737 -0.04853517
v -0.01106432 -0.00746742 -0.04869094
v -0.01114989 -0.00754813 -0.04886938
v -0.01119418 -0.00757258 -0.04858227
v -0.01113735 -0.00753266 -0.04886618
v -0.01119222 -0.00757038 -0.04858092
v -0.01113527 -0.00753032 -0.04886566
v -0.01107187 -0.00747982 -0.04885031
v -0.01105727 -0.00747238 -0.04884687
v -0.01114335 -0.00895089 -0.04876749
v -0.01110385 -0.00897001 -0.04890065
v -0.01114131 -0.00895313 -0.04876657
v -0.01103912 -0.00901828 -0.04888407
v -0.01107913 -0.00900064 -0.04874207
v -0.01103500 -0.00902034 -0.04888297
v -0.01118057 -0.00878296 -0.04891464
v -0.01117589 -0.00882796 -0.04891517
v -0.01120763 -0.00878644 -0.04881218
v -0.01115449 -0.00889514 -0.04891192
v -0.01118778 -0.00887986 -0.04879124
v -0.01112562 -0.00894416 -0.04890579
v -0.01110601 -0.00896773 -0.04890117
v -0.01130321 -0.00802517 -0.04834982
v -0.01129298 -0.00798673 -0.04824932
v -0.01127237 -0.00777926 -0.04839949
v -0.01125373 -0.00795760 -0.04816956
v -0.01123283 -0.00772611 -0.04833611
v -0.01125181 -0.00795669 -0.04816699
v -0.01123092 -0.00772443 -0.04833404
v -0.01119147 -0.00793723 -0.04811057
v -0.01117073 -0.00768857 -0.04828758
v -0.01125071 -0.00870226 -0.04862478
v -0.01123542 -0.00875187 -0.04869886
v -0.01122014 -0.00883933 -0.04865785
v -0.01117891 -0.00890603 -0.04861966
v -0.01117697 -0.00890813 -0.04861831
v -0.01111661 -0.00895300 -0.04858528
v -0.01129392 -0.00849910 -0.04840547
v -0.01127869 -0.00862711 -0.04849554
v -0.01126867 -0.00869315 -0.04841823
v -0.01123051 -0.00874386 -0.04835430
v -0.01122865 -0.00874546 -0.04835219
v -0.01116959 -0.00877993 -0.04830435
v -0.01130694 -0.00828211 -0.04832566
v -0.01130248 -0.00844444 -0.04835682
v -0.01129352 -0.00847902 -0.04825575
v -0.01125538 -0.00850585 -0.04817509
v -0.01125350 -0.00850671 -0.04817248
v -0.01119395 -0.00852519 -0.04811508
v -0.01130946 -0.00823329 -0.04830471
v -0.01129976 -0.00823126 -0.04819566
v -0.01126071 -0.00823010 -0.04810951
v -0.01125879 -0.00823007 -0.04810674
v -0.01119845 -0.00822963 -0.04804633
v -0.01104058 -0.00901635 -0.04872924
v -0.01107850 -0.00896796 -0.04857025
v -0.01113162 -0.00879159 -0.04828567
v -0.01115563 -0.00853156 -0.04809410
v -0.01115949 -0.00838296 -0.04804280
v -0.01115982 -0.00822961 -0.04802467
v -0.01115288 -0.00793078 -0.04809008
v -0.01113231 -0.00767650 -0.04826984
v -0.01116503 -0.00828042 -0.04901192
v -0.01103517 -0.00842510 -0.04942215
v -0.01106622 -0.00862794 -0.04930736
v -0.01108161 -0.00867912 -0.04925388
v -0.01103680 -0.00820097 -0.04943850
v -0.01108027 -0.00794244 -0.04932764
v -0.01114665 -0.00776646 -0.04911460
v -0.01114580 -0.00878001 -0.04903408
v -0.01106602 -0.00758228 -0.04914619
v -0.01102144 -0.00893444 -0.04917152
v -0.01108107 -0.00886397 -0.04915662
v -0.01115003 -0.00774168 -0.04910219
v -0.01109394 -0.00786942 -0.04928784
v -0.01104910 -0.00805517 -0.04941356
v -0.01102617 -0.00826861 -0.04946203
v -0.01103296 -0.00847952 -0.04942169
v -0.01106575 -0.00865808 -0.04930384
v -0.01112439 -0.00879052 -0.04910095
v -0.01095415 -0.00903276 -0.04901678
v -0.01095345 -0.00897860 -0.04917100
v -0.01090774 -0.00899491 -0.04916425
v -0.01088681 -0.00904066 -0.04899823
v -0.01086587 -0.00892434 -0.04929705
v -0.01079801 -0.00892999 -0.04927955
v -0.01082847 -0.00898576 -0.04918314
v -0.01070172 -0.00842250 -0.04960555
v -0.01071223 -0.00857034 -0.04956147
v -0.01078069 -0.00856963 -0.04957736
v -0.01074107 -0.00874956 -0.04946247
v -0.01082984 -0.00882637 -0.04941218
v -0.01070231 -0.00826442 -0.04962068
v -0.01077092 -0.00826737 -0.04963576
v -0.01071522 -0.00810570 -0.04960315
v -0.01080643 -0.00796240 -0.04957121
v -0.01073797 -0.00795601 -0.04955660
v -0.01087418 -0.00769788 -0.04939907
v -0.01078846 -0.00774422 -0.04943240
v -0.01074206 -0.00793461 -0.04954742
v -0.01088199 -0.00751641 -0.04915027
v -0.01080899 -0.00768004 -0.04937625
v -0.01080763 -0.00768402 -0.04938006
v -0.01080603 -0.00768871 -0.04938450
v -0.01095639 -0.00751708 -0.04914253
v -0.01088874 -0.00750593 -0.04912701
v -0.01099736 -0.00747158 -0.04898988
v -0.01100118 -0.00753562 -0.04914749
v -0.01101850 -0.00872726 -0.04936419
v -0.01097914 -0.00851779 -0.04950167
v -0.01097118 -0.00827048 -0.04954913
v -0.01099920 -0.00802037 -0.04949325
v -0.01105335 -0.00780290 -0.04934732
v -0.01095054 -0.00878126 -0.04940149
v -0.01090588 -0.00854690 -0.04955417
v -0.01089698 -0.00827048 -0.04960738
v -0.01092910 -0.00799117 -0.04954623
v -0.01099071 -0.00774854 -0.04938524
v -0.01112017 -0.00765360 -0.04913122
v -0.01092071 -0.00771250 -0.04939982
v -0.01085454 -0.00797104 -0.04956935
v -0.01081988 -0.00826894 -0.04963323
v -0.01082941 -0.00856403 -0.04957630
v -0.01087737 -0.00881448 -0.04941436
v -0.01068458 -0.00799295 -0.04955433
v -0.01084562 -0.00749639 -0.04909231
v -0.01075989 -0.00768268 -0.04936443
v -0.01076123 -0.00767872 -0.04936064
v -0.01083298 -0.00751552 -0.04913642
v -0.01075742 -0.00769016 -0.04937144
v -0.01065367 -0.00833856 -0.04959912
v -0.01065703 -0.00847110 -0.04957525
v -0.01067566 -0.00864941 -0.04950518
v -0.01073170 -0.00887866 -0.04932551
v -0.01081706 -0.00902390 -0.04905858
v -0.01104302 -0.00959891 -0.04716272
v -0.01109283 -0.00959905 -0.04715815
v -0.01107721 -0.00960574 -0.04701417
v -0.01100668 -0.00964956 -0.04686432
v -0.01105592 -0.00965062 -0.04685548
v -0.01101486 -0.00981793 -0.04661357
v -0.01096615 -0.00981480 -0.04662509
v -0.01098004 -0.01006283 -0.04645338
v -0.01093160 -0.01005713 -0.04646564
v -0.01096190 -0.01034719 -0.04639591
v -0.01091322 -0.01033908 -0.04640663
v -0.01096764 -0.01063251 -0.04645462
v -0.01091829 -0.01062286 -0.04646182
v -0.01099248 -0.01087895 -0.04661506
v -0.01094231 -0.01086943 -0.04661746
v -0.01102887 -0.01104635 -0.04685631
v -0.01097791 -0.01103942 -0.04685291
v -0.01104904 -0.01108786 -0.04700068
v -0.01099955 -0.01108578 -0.04700746
v -0.01106736 -0.01109554 -0.04714198
v -0.01101771 -0.01109349 -0.04714754
v -0.01126143 -0.00974786 -0.04688019
v -0.01130631 -0.00983140 -0.04690932
v -0.01127693 -0.00995375 -0.04671927
v -0.01128602 -0.01086786 -0.04689602
v -0.01129689 -0.01078489 -0.04688685
v -0.01132472 -0.01083277 -0.04711806
v -0.01126013 -0.01074341 -0.04670967
v -0.01124289 -0.01055961 -0.04658700
v -0.01127182 -0.01063451 -0.04670840
v -0.01126063 -0.01043846 -0.04662175
v -0.01123927 -0.01034682 -0.04654422
v -0.01125227 -0.01013517 -0.04659202
v -0.01126799 -0.01020784 -0.04663657
v -0.01128815 -0.01003513 -0.04673792
v -0.01132067 -0.00989081 -0.04695334
v -0.01134031 -0.00986591 -0.04713180
v -0.01133276 -0.00979787 -0.04713348
v -0.01132248 -0.00976508 -0.04713489
v -0.01127013 -0.00967917 -0.04714090
v -0.01123092 -0.00964330 -0.04714499
v -0.01113995 -0.00960253 -0.04715384
v -0.01118692 -0.00961745 -0.04714935
v -0.01114291 -0.00961379 -0.04700780
v -0.01122733 -0.00964069 -0.04714535
v -0.01119353 -0.00968550 -0.04686360
v -0.01107531 -0.01096958 -0.04671714
v -0.01105809 -0.01087332 -0.04660518
v -0.01103344 -0.01062672 -0.04644556
v -0.01102819 -0.01034185 -0.04638921
v -0.01104691 -0.01005894 -0.04645014
v -0.01108213 -0.00981675 -0.04661425
v -0.01111430 -0.01109277 -0.04713678
v -0.01111481 -0.01108264 -0.04699226
v -0.01116317 -0.01107863 -0.04713158
v -0.01118557 -0.01105143 -0.04698975
v -0.01120275 -0.01105782 -0.04712753
v -0.01125996 -0.01100684 -0.04712208
v -0.01123711 -0.01095119 -0.04686598
v -0.01130316 -0.01093476 -0.04711859
v -0.01131831 -0.01088638 -0.04711780
v -0.01116617 -0.01101185 -0.04684945
v -0.01122634 -0.00988965 -0.04666186
v -0.01119664 -0.01009997 -0.04651607
v -0.01118092 -0.01034551 -0.04646159
v -0.01118532 -0.01059260 -0.04651092
v -0.01120611 -0.01080627 -0.04665185
v -0.01112335 -0.00965367 -0.04686049
v -0.01115425 -0.00984154 -0.04662573
v -0.01112080 -0.01007316 -0.04646716
v -0.01110305 -0.01034366 -0.04640813
v -0.01110802 -0.01061602 -0.04646222
v -0.01113144 -0.01085171 -0.04661601
v -0.01109454 -0.01104104 -0.04684704
v -0.01136260 -0.01008521 -0.04758081
v -0.01136138 -0.01026576 -0.04766103
v -0.01133507 -0.01034677 -0.04712417
v -0.01134507 -0.01078885 -0.04735247
v -0.01135654 -0.01061390 -0.04757523
v -0.01135936 -0.01045116 -0.04765502
v -0.01135746 -0.00991550 -0.04737621
v -0.01114113 -0.01104568 -0.04744003
v -0.01118869 -0.01103275 -0.04743167
v -0.01119608 -0.01087037 -0.04769609
v -0.01110423 -0.01003325 -0.04787982
v -0.01110315 -0.01006141 -0.04789371
v -0.01115040 -0.01006343 -0.04789239
v -0.01110039 -0.01094523 -0.04763344
v -0.01109510 -0.01104039 -0.04746437
v -0.01132567 -0.01089764 -0.04736426
v -0.01133807 -0.01057392 -0.04772874
v -0.01133573 -0.01076718 -0.04758024
v -0.01123259 -0.01101047 -0.04741942
v -0.01127106 -0.01097973 -0.04740372
v -0.01127982 -0.01082989 -0.04765076
v -0.01114808 -0.01088021 -0.04770714
v -0.01110089 -0.01088231 -0.04770965
v -0.01114480 -0.01063492 -0.04789078
v -0.01109751 -0.01063584 -0.04789213
v -0.01110028 -0.01080507 -0.04778297
v -0.01114296 -0.01034941 -0.04795946
v -0.01109795 -0.01022142 -0.04794730
v -0.01109564 -0.01034888 -0.04796033
v -0.01109592 -0.01052367 -0.04793486
v -0.01111037 -0.00987644 -0.04777349
v -0.01115964 -0.00981716 -0.04771146
v -0.01111250 -0.00981382 -0.04771386
v -0.01115930 -0.00965089 -0.04744929
v -0.01111252 -0.00964943 -0.04746006
v -0.01120647 -0.00966508 -0.04744137
v -0.01128730 -0.00971956 -0.04741423
v -0.01127942 -0.01060794 -0.04782073
v -0.01133973 -0.00980160 -0.04737512
v -0.01134482 -0.00993167 -0.04758674
v -0.01129017 -0.00986937 -0.04765629
v -0.01128445 -0.01009155 -0.04782306
v -0.01134252 -0.01012472 -0.04773175
v -0.01124971 -0.00968829 -0.04742956
v -0.01119341 -0.01062974 -0.04787799
v -0.01123786 -0.01034987 -0.04792084
v -0.01119184 -0.01034974 -0.04794610
v -0.01124424 -0.01007885 -0.04785637
v -0.01119888 -0.01006936 -0.04787974
v -0.01120737 -0.00982798 -0.04770071
v -0.01123895 -0.01062062 -0.04785437
v -0.01127893 -0.01034982 -0.04788458
v -0.01133893 -0.01034929 -0.04778477
v -0.01104465 -0.01104269 -0.04745659
v -0.01105090 -0.01087591 -0.04771386
v -0.01104758 -0.01063161 -0.04789004
v -0.01104576 -0.01048567 -0.04794009
v -0.01104583 -0.01034825 -0.04795576
v -0.01105315 -0.01006434 -0.04789163
v -0.01104534 -0.00959791 -0.04718559
v -0.01106152 -0.00963783 -0.04743142
v -0.01106268 -0.00965211 -0.04746835
v -0.01106234 -0.00981882 -0.04771794
v -0.01131904 -0.00584645 -0.04788994
v -0.01126517 -0.00581544 -0.04796925
v -0.01126159 -0.00597052 -0.04801876
v -0.01134405 -0.00612406 -0.04783734
v -0.01129129 -0.00612433 -0.04799520
v -0.01126072 -0.00612440 -0.04803336
v -0.01121612 -0.00612446 -0.04806780
v -0.01107673 -0.00612455 -0.04810213
v -0.01118012 -0.00612450 -0.04808468
v -0.01118115 -0.00596044 -0.04806934
v -0.01108235 -0.00578602 -0.04803418
v -0.01118534 -0.00579512 -0.04801728
v -0.01109483 -0.00549153 -0.04783020
v -0.01119111 -0.00564276 -0.04793164
v -0.01119677 -0.00550935 -0.04781573
v -0.01121991 -0.00527184 -0.04715724
v -0.01118729 -0.00525456 -0.04715947
v -0.01120135 -0.00531954 -0.04751069
v -0.01108651 -0.00522950 -0.04716643
v -0.01109744 -0.00525082 -0.04737115
v -0.01110039 -0.00529626 -0.04752169
v -0.01109696 -0.00544259 -0.04777448
v -0.01129348 -0.00534816 -0.04715224
v -0.01126277 -0.00530706 -0.04715432
v -0.01132665 -0.00544504 -0.04745335
v -0.01127770 -0.00536922 -0.04748787
v -0.01127471 -0.00554734 -0.04777768
v -0.01134498 -0.00596821 -0.04781536
v -0.01134901 -0.00572871 -0.04768284
v -0.01132582 -0.00560531 -0.04771611
v -0.01134793 -0.00554340 -0.04740927
v -0.01133525 -0.00549281 -0.04714957
v -0.01127004 -0.00567251 -0.04788784
v -0.01121996 -0.00697395 -0.04716007
v -0.01126279 -0.00693874 -0.04715703
v -0.01127777 -0.00687768 -0.04749037
v -0.01134687 -0.00640446 -0.04776584
v -0.01131909 -0.00640183 -0.04789078
v -0.01132588 -0.00664234 -0.04771777
v -0.01126164 -0.00627822 -0.04801922
v -0.01135006 -0.00659790 -0.04759836
v -0.01132671 -0.00680169 -0.04745556
v -0.01134349 -0.00674025 -0.04729166
v -0.01129354 -0.00689758 -0.04715483
v -0.01133527 -0.00675297 -0.04715167
v -0.01108654 -0.00701633 -0.04716940
v -0.01118735 -0.00699123 -0.04716236
v -0.01109764 -0.00699458 -0.04737938
v -0.01120141 -0.00692747 -0.04751337
v -0.01110005 -0.00696463 -0.04748661
v -0.01118118 -0.00628848 -0.04806989
v -0.01118539 -0.00645363 -0.04801838
v -0.01108236 -0.00646286 -0.04803530
v -0.01119115 -0.00660571 -0.04793326
v -0.01109485 -0.00675660 -0.04783232
v -0.01119683 -0.00673872 -0.04781779
v -0.01109692 -0.00680377 -0.04777872
v -0.01110042 -0.00695081 -0.04752444
v -0.01126523 -0.00643313 -0.04797025
v -0.01127010 -0.00657578 -0.04788932
v -0.01127477 -0.00670057 -0.04777957
v -0.01133509 -0.00612301 -0.04715886
v -0.01131200 -0.00671052 -0.04689504
v -0.01128202 -0.00656506 -0.04666118
v -0.01125955 -0.00635505 -0.04651694
v -0.01125152 -0.00612168 -0.04646940
v -0.01132270 -0.00550392 -0.04699747
v -0.01126380 -0.00583344 -0.04654190
v -0.01128893 -0.00563713 -0.04670830
v -0.01098533 -0.00561660 -0.04640327
v -0.01099021 -0.00558195 -0.04642875
v -0.01110498 -0.00559991 -0.04643251
v -0.01099342 -0.00556058 -0.04644582
v -0.01103159 -0.00536547 -0.04667207
v -0.01114478 -0.00539075 -0.04667203
v -0.01104047 -0.00533181 -0.04673250
v -0.01107165 -0.00524493 -0.04698830
v -0.01118350 -0.00527441 -0.04698336
v -0.01129541 -0.00538935 -0.04699694
v -0.01124904 -0.00532106 -0.04698683
v -0.01095231 -0.00612130 -0.04624417
v -0.01095399 -0.00599544 -0.04625265
v -0.01098146 -0.00612129 -0.04624178
v -0.01096296 -0.00582961 -0.04629364
v -0.01106861 -0.00612129 -0.04625078
v -0.01107765 -0.00585522 -0.04629393
v -0.01110219 -0.00612131 -0.04626296
v -0.01115060 -0.00586985 -0.04632809
v -0.01114223 -0.00612135 -0.04628684
v -0.01120825 -0.00589134 -0.04638911
v -0.01117718 -0.00612140 -0.04631948
v -0.01126316 -0.00548983 -0.04672267
v -0.01121286 -0.00543093 -0.04668942
v -0.01123052 -0.00567060 -0.04651143
v -0.01117591 -0.00562856 -0.04646055
v -0.01106342 -0.00698233 -0.04691411
v -0.01115061 -0.00637325 -0.04632899
v -0.01107798 -0.00638772 -0.04629496
v -0.01095386 -0.00624284 -0.04625243
v -0.01096528 -0.00644219 -0.04630554
v -0.01098495 -0.00662359 -0.04640289
v -0.01110539 -0.00664391 -0.04643480
v -0.01099032 -0.00666196 -0.04643106
v -0.01114545 -0.00685470 -0.04667694
v -0.01103198 -0.00688015 -0.04667707
v -0.01118432 -0.00697159 -0.04699134
v -0.01104036 -0.00691203 -0.04673420
v -0.01124954 -0.00692505 -0.04699443
v -0.01129590 -0.00685663 -0.04700393
v -0.01120832 -0.00635192 -0.04639001
v -0.01123066 -0.00657345 -0.04651343
v -0.01126352 -0.00675565 -0.04672697
v -0.01121322 -0.00681462 -0.04669406
v -0.01117601 -0.00661541 -0.04646266
v -0.01090346 -0.00612131 -0.04625489
v -0.01091806 -0.00646339 -0.04632448
v -0.01095568 -0.00675313 -0.04652113
v -0.01100124 -0.00694829 -0.04681980
v -0.01103627 -0.00701645 -0.04717301
v -0.01100021 -0.00529793 -0.04681236
v -0.01103624 -0.00522940 -0.04717005
v -0.01091659 -0.00579348 -0.04631829
v -0.01095396 -0.00549745 -0.04651207
v -0.01102691 -0.00612454 -0.04809779
v -0.01103162 -0.00579546 -0.04803368
v -0.01104343 -0.00550524 -0.04784213
v -0.01104602 -0.00544822 -0.04777941
v -0.01104970 -0.00530067 -0.04753440
v -0.01104972 -0.00694421 -0.04754177
v -0.01103887 -0.00701606 -0.04721242
v -0.01104326 -0.00673863 -0.04784844
v -0.01103789 -0.00660672 -0.04795478
v -0.01103233 -0.00645585 -0.04803446
v -0.01016164 -0.00525722 -0.05109954
v -0.01013534 -0.00523983 -0.05108299
v -0.00997220 -0.00528902 -0.05132987
v -0.00988601 -0.00613081 -0.05170603
v -0.00991236 -0.00589081 -0.05166919
v -0.00979388 -0.00601300 -0.05177939
v -0.00963130 -0.00599509 -0.05180632
v -0.00965656 -0.00613100 -0.05181802
v -0.00970880 -0.00613100 -0.05181552
v -0.00952015 -0.00613091 -0.05176705
v -0.00952552 -0.00599100 -0.05175957
v -0.00957904 -0.00571133 -0.05168814
v -0.00969486 -0.00568826 -0.05172094
v -0.00959058 -0.00567511 -0.05167262
v -0.00981408 -0.00544527 -0.05155662
v -0.00971253 -0.00542488 -0.05150525
v -0.00974617 -0.00538014 -0.05145805
v -0.00987412 -0.00526387 -0.05127426
v -0.00996832 -0.00522196 -0.05113395
v -0.01004058 -0.00521305 -0.05102273
v -0.01003728 -0.00533397 -0.05135401
v -0.01019178 -0.00528669 -0.05111834
v -0.01009008 -0.00540071 -0.05135999
v -0.01021728 -0.00532474 -0.05113401
v -0.01017262 -0.00549565 -0.05129141
v -0.01025911 -0.00547715 -0.05115816
v -0.01025868 -0.00547309 -0.05115796
v -0.00984895 -0.00574680 -0.05170413
v -0.01001902 -0.00563690 -0.05151842
v -0.00995246 -0.00553610 -0.05155940
v -0.00988712 -0.00548181 -0.05157024
v -0.00977402 -0.00571182 -0.05172701
v -0.00971378 -0.00600231 -0.05180851
v -0.00975856 -0.00613097 -0.05180101
v -0.00963135 -0.00627125 -0.05180619
v -0.00971415 -0.00626379 -0.05180844
v -0.00979399 -0.00625270 -0.05177947
v -0.00992625 -0.00642337 -0.05165079
v -0.00984941 -0.00651691 -0.05170461
v -0.00995266 -0.00672573 -0.05156092
v -0.01002153 -0.00662778 -0.05151641
v -0.01009012 -0.00686004 -0.05136218
v -0.01017986 -0.00676782 -0.05128264
v -0.01003747 -0.00692654 -0.05135641
v -0.01019183 -0.00697288 -0.05112115
v -0.01021762 -0.00693431 -0.05113687
v -0.00997212 -0.00697155 -0.05133226
v -0.01013509 -0.00701978 -0.05108577
v -0.01016150 -0.00700243 -0.05110233
v -0.00969530 -0.00657575 -0.05172129
v -0.00971828 -0.00684414 -0.05149962
v -0.00981421 -0.00681656 -0.05155819
v -0.00974482 -0.00687893 -0.05146246
v -0.00987758 -0.00699837 -0.05127210
v -0.00997758 -0.00703990 -0.05112294
v -0.01004061 -0.00704620 -0.05102578
v -0.00952593 -0.00627529 -0.05175951
v -0.00957885 -0.00654953 -0.05168981
v -0.00959138 -0.00658873 -0.05167307
v -0.00977476 -0.00655203 -0.05172742
v -0.00988754 -0.00677992 -0.05157183
v -0.01025877 -0.00678601 -0.05116016
v -0.01025914 -0.00678258 -0.05116033
v -0.01027047 -0.00612985 -0.05115393
v -0.01039049 -0.00673683 -0.05094864
v -0.01050833 -0.00658960 -0.05074727
v -0.01058227 -0.00636843 -0.05061426
v -0.01060564 -0.00612884 -0.05057075
v -0.01058902 -0.00592667 -0.05060112
v -0.01051471 -0.00568118 -0.05073448
v -0.01038825 -0.00552035 -0.05095030
v -0.01050373 -0.00612821 -0.05021128
v -0.01049968 -0.00600602 -0.05021903
v -0.01059215 -0.00612835 -0.05028724
v -0.01057028 -0.00585051 -0.05033030
v -0.01060797 -0.00612839 -0.05031096
v -0.01060763 -0.00586523 -0.05040095
v -0.01062873 -0.00612847 -0.05035996
v -0.01063714 -0.00612856 -0.05041085
v -0.01030021 -0.00536686 -0.05103568
v -0.01044579 -0.00546763 -0.05079341
v -0.01055506 -0.00565559 -0.05059979
v -0.01061707 -0.00588735 -0.05048385
v -0.01021337 -0.00525127 -0.05096104
v -0.01011960 -0.00522445 -0.05089811
v -0.01026184 -0.00531565 -0.05066067
v -0.01037832 -0.00536725 -0.05068454
v -0.01050114 -0.00558365 -0.05046311
v -0.01040765 -0.00555562 -0.05039848
v -0.01028736 -0.00534376 -0.05061628
v -0.01048066 -0.00583534 -0.05025720
v -0.01042746 -0.00561117 -0.05036097
v -0.01041185 -0.00556666 -0.05039057
v -0.01054110 -0.00561236 -0.05052736
v -0.01042332 -0.00540726 -0.05073824
v -0.01026567 -0.00529729 -0.05100174
v -0.01060760 -0.00639212 -0.05040191
v -0.01057034 -0.00640659 -0.05033144
v -0.01049992 -0.00624668 -0.05021894
v -0.01048164 -0.00641515 -0.05025622
v -0.01042827 -0.00664332 -0.05036115
v -0.01050100 -0.00667432 -0.05046554
v -0.01041160 -0.00669111 -0.05039295
v -0.01037729 -0.00689214 -0.05068921
v -0.01028620 -0.00691549 -0.05062097
v -0.01021106 -0.00700845 -0.05096799
v -0.01026218 -0.00694202 -0.05066283
v -0.01011713 -0.00703514 -0.05090513
v -0.01026338 -0.00696258 -0.05100827
v -0.01029806 -0.00689318 -0.05104164
v -0.01061705 -0.00637030 -0.05048463
v -0.01055484 -0.00660286 -0.05060173
v -0.01044477 -0.00679209 -0.05079733
v -0.01042224 -0.00685229 -0.05074259
v -0.01054087 -0.00664582 -0.05052957
v -0.01018359 -0.00697310 -0.05069845
v -0.01023751 -0.00692001 -0.05060544
v -0.01045842 -0.00612818 -0.05019014
v -0.01042556 -0.00647736 -0.05025665
v -0.01036279 -0.00670130 -0.05037830
v -0.01033134 -0.00677413 -0.05043703
v -0.00999858 -0.00704448 -0.05099877
v -0.01042562 -0.00577959 -0.05025535
v -0.01033118 -0.00548279 -0.05043514
v -0.00999855 -0.00521467 -0.05099574
v -0.01018313 -0.00528465 -0.05069639
v -0.00952114 -0.00578104 -0.05168216
v -0.00948133 -0.00613085 -0.05173553
v -0.00955439 -0.00566695 -0.05163753
v -0.00963595 -0.00548431 -0.05152611
v -0.00967789 -0.00541859 -0.05146780
v -0.00980598 -0.00528413 -0.05128530
v -0.00963636 -0.00677735 -0.05152773
v -0.00952115 -0.00648049 -0.05168333
v -0.00980552 -0.00697566 -0.05128881
v -0.00950272 -0.00837698 -0.05202983
v -0.00951419 -0.00822323 -0.05203719
v -0.00948823 -0.00822318 -0.05206724
v -0.00946674 -0.00798489 -0.05212045
v -0.00895731 -0.00810750 -0.05263589
v -0.00917815 -0.00776316 -0.05245484
v -0.00902622 -0.00780122 -0.05260315
v -0.00889912 -0.00867815 -0.05260852
v -0.00873073 -0.00847603 -0.05279353
v -0.00880424 -0.00869140 -0.05269331
v -0.00949167 -0.00843193 -0.05203467
v -0.00939078 -0.00866403 -0.05211258
v -0.00922201 -0.00881979 -0.05226694
v -0.00906807 -0.00885810 -0.05241552
v -0.00892648 -0.00882143 -0.05255827
v -0.00934602 -0.00782210 -0.05227203
v -0.00885239 -0.00796701 -0.05275082
v -0.00874505 -0.00821553 -0.05281785
v -0.00874812 -0.00803883 -0.05282638
v -0.00868203 -0.00824670 -0.05285901
v -0.00867259 -0.00846042 -0.05283706
v -0.00872234 -0.00866736 -0.05276018
v -0.00881745 -0.00882170 -0.05264757
v -0.00893011 -0.00890395 -0.05252806
v -0.00881156 -0.00903721 -0.05247797
v -0.00896454 -0.00906477 -0.05232861
v -0.00899094 -0.00904033 -0.05235313
v -0.00874870 -0.00906271 -0.05242946
v -0.00890820 -0.00909201 -0.05227406
v -0.00892655 -0.00908641 -0.05229212
v -0.00883992 -0.00909206 -0.05223979
v -0.00885354 -0.00909179 -0.05222689
v -0.00885772 -0.00909161 -0.05222295
v -0.00860303 -0.00895466 -0.05258254
v -0.00860354 -0.00900305 -0.05247620
v -0.00869735 -0.00906168 -0.05237918
v -0.00881700 -0.00909133 -0.05226162
v -0.00835826 -0.00841886 -0.05279160
v -0.00835894 -0.00843441 -0.05278869
v -0.00841575 -0.00848415 -0.05282678
v -0.00842687 -0.00874901 -0.05267915
v -0.00848002 -0.00875335 -0.05272732
v -0.00843949 -0.00877846 -0.05266302
v -0.00855075 -0.00895236 -0.05253326
v -0.00839306 -0.00811288 -0.05280437
v -0.00839147 -0.00811897 -0.05280495
v -0.00842811 -0.00820648 -0.05285618
v -0.00837431 -0.00819707 -0.05280939
v -0.00835783 -0.00840379 -0.05279421
v -0.00846046 -0.00792482 -0.05276896
v -0.00851382 -0.00793661 -0.05281575
v -0.00855653 -0.00775575 -0.05270269
v -0.00865715 -0.00770604 -0.05271308
v -0.00860462 -0.00769228 -0.05266589
v -0.00900777 -0.00748999 -0.05239678
v -0.00908507 -0.00750114 -0.05235152
v -0.00906598 -0.00748883 -0.05233252
v -0.00869345 -0.00760020 -0.05259325
v -0.00883609 -0.00754854 -0.05256132
v -0.00880069 -0.00752432 -0.05249868
v -0.00895719 -0.00747455 -0.05234791
v -0.00901774 -0.00747467 -0.05228530
v -0.00906050 -0.00753360 -0.05244485
v -0.00911821 -0.00753379 -0.05238504
v -0.00885890 -0.00786114 -0.05274543
v -0.00899750 -0.00773966 -0.05262674
v -0.00913083 -0.00769441 -0.05249883
v -0.00917967 -0.00770826 -0.05245326
v -0.00915035 -0.00758634 -0.05241863
v -0.00905031 -0.00893523 -0.05240393
v -0.00887446 -0.00898365 -0.05251284
v -0.00874599 -0.00888945 -0.05264846
v -0.00863758 -0.00871313 -0.05277641
v -0.00858097 -0.00847693 -0.05286393
v -0.00859188 -0.00823307 -0.05288922
v -0.00866743 -0.00799593 -0.05285265
v -0.00879384 -0.00779324 -0.05276108
v -0.00895184 -0.00765469 -0.05262638
v -0.00910364 -0.00760309 -0.05248079
v -0.00889573 -0.00758970 -0.05260282
v -0.00872408 -0.00774045 -0.05274868
v -0.00858663 -0.00796105 -0.05284756
v -0.00850445 -0.00821919 -0.05288675
v -0.00849254 -0.00848471 -0.05285892
v -0.00855407 -0.00874201 -0.05276375
v -0.00867191 -0.00893426 -0.05262493
v -0.00882286 -0.00908349 -0.05218722
v -0.00881905 -0.00908370 -0.05219121
v -0.00868836 -0.00906329 -0.05231955
v -0.00859580 -0.00901400 -0.05241428
v -0.00850613 -0.00893002 -0.05251089
v -0.00837737 -0.00869359 -0.05266572
v -0.00832609 -0.00837611 -0.05276010
v -0.00838215 -0.00803745 -0.05275801
v -0.00854466 -0.00772193 -0.05264943
v -0.00870358 -0.00756040 -0.05251736
v -0.00875510 -0.00752661 -0.05247115
v -0.00898131 -0.00747167 -0.05225034
v -0.00935937 -0.00874630 -0.05175316
v -0.00926246 -0.00883028 -0.05177284
v -0.00932136 -0.00874000 -0.05172115
v -0.00929635 -0.00885666 -0.05182640
v -0.00926929 -0.00888869 -0.05184909
v -0.00906276 -0.00901833 -0.05195680
v -0.00919350 -0.00895917 -0.05190743
v -0.00904415 -0.00905629 -0.05205179
v -0.00898756 -0.00907797 -0.05211515
v -0.00933524 -0.00887849 -0.05192971
v -0.00931130 -0.00890503 -0.05195162
v -0.00911723 -0.00904383 -0.05213314
v -0.00915874 -0.00900724 -0.05219097
v -0.00918441 -0.00894552 -0.05224196
v -0.00935132 -0.00882677 -0.05208635
v -0.00937197 -0.00880413 -0.05206759
v -0.00951182 -0.00848777 -0.05198798
v -0.00949465 -0.00860712 -0.05196100
v -0.00948335 -0.00866858 -0.05189961
v -0.00943343 -0.00873052 -0.05183248
v -0.00934244 -0.00887622 -0.05201936
v -0.00936512 -0.00885120 -0.05199865
v -0.00941475 -0.00772082 -0.05214250
v -0.00945863 -0.00788671 -0.05213616
v -0.00947204 -0.00782575 -0.05208816
v -0.00945900 -0.00788946 -0.05213579
v -0.00954744 -0.00801056 -0.05198038
v -0.00944890 -0.00773095 -0.05195495
v -0.00933845 -0.00760042 -0.05210350
v -0.00938839 -0.00766740 -0.05213329
v -0.00925042 -0.00755530 -0.05202833
v -0.00927133 -0.00755853 -0.05204773
v -0.00926260 -0.00756453 -0.05201384
v -0.00937905 -0.00770134 -0.05186734
v -0.00942034 -0.00778146 -0.05181057
v -0.00947111 -0.00793551 -0.05173301
v -0.00953648 -0.00794796 -0.05182831
v -0.00949473 -0.00808728 -0.05168634
v -0.00956549 -0.00821304 -0.05176099
v -0.00949844 -0.00819943 -0.05166762
v -0.00947265 -0.00843444 -0.05166661
v -0.00952804 -0.00849327 -0.05176707
v -0.00946016 -0.00848882 -0.05167369
v -0.00954876 -0.00848802 -0.05184538
v -0.00957241 -0.00823629 -0.05192304
v -0.00954012 -0.00847491 -0.05192815
v -0.00958422 -0.00822438 -0.05183965
v -0.00955679 -0.00797501 -0.05190301
v -0.00947392 -0.00777086 -0.05202225
v -0.00940639 -0.00770201 -0.05214022
v -0.00924245 -0.00754958 -0.05203775
v -0.00927916 -0.00755559 -0.05209845
v -0.00931970 -0.00759250 -0.05215522
v -0.00934656 -0.00766146 -0.05222027
v -0.00934400 -0.00775097 -0.05227354
v -0.00921291 -0.00755201 -0.05199538
v -0.00899014 -0.00747177 -0.05224121
v -0.00934552 -0.00770557 -0.05182896
v -0.00943252 -0.00793152 -0.05170137
v -0.00945944 -0.00820820 -0.05163481
v -0.00941740 -0.00849974 -0.05164481
v -0.00964372 -0.01114870 -0.05104925
v -0.00956688 -0.01115307 -0.05108948
v -0.00958141 -0.01117438 -0.05100770
v -0.00954567 -0.01115876 -0.05107969
v -0.00945091 -0.01115866 -0.05101629
v -0.00962028 -0.01112885 -0.05110729
v -0.00969828 -0.01109799 -0.05107854
v -0.00965808 -0.01110214 -0.05111377
v -0.00975768 -0.01099273 -0.05109788
v -0.00975314 -0.01099112 -0.05110415
v -0.00976862 -0.01096516 -0.05109872
v -0.00976732 -0.01096751 -0.05109924
v -0.00978666 -0.01096787 -0.05107558
v -0.00975590 -0.01108968 -0.05102507
v -0.00978814 -0.01096787 -0.05107376
v -0.00980551 -0.01096747 -0.05105243
v -0.00969671 -0.01115284 -0.05098406
v -0.00973969 -0.01111168 -0.05101433
v -0.00956136 -0.01117960 -0.05087817
v -0.00959908 -0.01118589 -0.05090900
v -0.00967571 -0.01116613 -0.05096854
v -0.00987088 -0.00990001 -0.05122834
v -0.00983271 -0.00982171 -0.05122057
v -0.00974984 -0.00993851 -0.05134924
v -0.00971579 -0.00990028 -0.05135249
v -0.00968130 -0.00986991 -0.05134710
v -0.00978261 -0.00976643 -0.05119620
v -0.00965204 -0.00984917 -0.05133728
v -0.00969297 -0.00971789 -0.05113753
v -0.00962006 -0.00976022 -0.05122110
v -0.00957529 -0.00981107 -0.05129474
v -0.00956013 -0.00980649 -0.05128353
v -0.00998272 -0.00992717 -0.05109936
v -0.00996808 -0.00983279 -0.05108251
v -0.00995142 -0.00979153 -0.05106791
v -0.00991724 -0.00974324 -0.05104049
v -0.00987503 -0.00970943 -0.05100842
v -0.00982964 -0.00968809 -0.05097499
v -0.00982092 -0.00968516 -0.05096865
v -0.00998081 -0.00999471 -0.05110268
v -0.00983346 -0.01005471 -0.05128197
v -0.00982083 -0.01006489 -0.05129572
v -0.00969798 -0.01093707 -0.05119345
v -0.00960924 -0.00988949 -0.05138072
v -0.00943116 -0.00995073 -0.05140459
v -0.00972585 -0.01000317 -0.05138631
v -0.00970875 -0.01019271 -0.05140204
v -0.00960519 -0.01016676 -0.05148923
v -0.00950813 -0.01039528 -0.05153714
v -0.00960272 -0.01042625 -0.05146297
v -0.00946950 -0.01060651 -0.05151777
v -0.00957331 -0.01063277 -0.05143553
v -0.00947889 -0.01078091 -0.05145326
v -0.00953246 -0.01093894 -0.05134179
v -0.00960653 -0.01081550 -0.05134026
v -0.00961248 -0.01103612 -0.05121721
v -0.00954748 -0.01108990 -0.05120500
v -0.00947597 -0.01111924 -0.05117366
v -0.00933657 -0.01107663 -0.05117454
v -0.00938051 -0.01100239 -0.05132120
v -0.00921034 -0.01076094 -0.05141811
v -0.00925488 -0.01093919 -0.05131155
v -0.00928241 -0.01099825 -0.05126147
v -0.00935101 -0.01035452 -0.05155576
v -0.00920696 -0.01055702 -0.05148535
v -0.00930516 -0.01060563 -0.05153104
v -0.00931651 -0.01081346 -0.05145366
v -0.00937006 -0.01004650 -0.05145064
v -0.00946623 -0.01008336 -0.05150124
v -0.00932410 -0.01013515 -0.05147896
v -0.00924679 -0.01034288 -0.05150602
v -0.00967322 -0.00994010 -0.05139582
v -0.00953900 -0.01012188 -0.05150954
v -0.00943092 -0.01037584 -0.05156172
v -0.00938789 -0.01061077 -0.05153937
v -0.00939840 -0.01080496 -0.05146727
v -0.00945820 -0.01098120 -0.05134333
v -0.01000511 -0.01047919 -0.05093970
v -0.01018317 -0.01050397 -0.05068418
v -0.01019765 -0.01027521 -0.05072425
v -0.01015824 -0.01012183 -0.05082137
v -0.01008287 -0.01002112 -0.05095474
v -0.00994477 -0.01091886 -0.05089055
v -0.01010335 -0.01072668 -0.05073468
v -0.00976459 -0.01115515 -0.05087396
v -0.01010305 -0.00986866 -0.05088178
v -0.00992406 -0.01099243 -0.05088446
v -0.01005576 -0.01086487 -0.05074646
v -0.01015979 -0.01067933 -0.05065436
v -0.01022163 -0.01046622 -0.05062477
v -0.01023020 -0.01025563 -0.05066875
v -0.01018833 -0.01007657 -0.05077529
v -0.01010233 -0.00995772 -0.05092790
v -0.00997473 -0.00972941 -0.05073468
v -0.01014459 -0.01013613 -0.05038296
v -0.01008830 -0.00989236 -0.05052785
v -0.01011593 -0.00989905 -0.05054779
v -0.01000230 -0.00973671 -0.05075453
v -0.00965111 -0.01117139 -0.05077545
v -0.00989967 -0.01106590 -0.05083167
v -0.01020193 -0.01000639 -0.05070462
v -0.01025034 -0.01021368 -0.05058108
v -0.01024101 -0.01045735 -0.05053033
v -0.01017061 -0.01070389 -0.05056512
v -0.01005142 -0.01091847 -0.05067214
v -0.01002176 -0.01095253 -0.05059711
v -0.01015146 -0.01071674 -0.05047953
v -0.01022766 -0.01044555 -0.05044129
v -0.01023729 -0.01017729 -0.05049725
v -0.01018411 -0.00994887 -0.05063342
v -0.01007605 -0.00979681 -0.05082861
v -0.00970576 -0.01117647 -0.05082115
v -0.00985579 -0.01111420 -0.05077195
v -0.00980123 -0.01113396 -0.05071462
v -0.00997441 -0.01096492 -0.05053196
v -0.01010924 -0.01071772 -0.05040924
v -0.01018809 -0.01043295 -0.05036966
v -0.01019766 -0.01015089 -0.05042885
v -0.01014190 -0.00991040 -0.05057206
v -0.01002908 -0.00974997 -0.05077698
v -0.00974720 -0.01112893 -0.05066819
v -0.00992124 -0.01095887 -0.05048461
v -0.01005646 -0.01070943 -0.05036166
v -0.01013532 -0.01042163 -0.05032258
v -0.00952398 -0.01116820 -0.05084676
v -0.00970416 -0.01111939 -0.05063950
v -0.00989607 -0.01092879 -0.05044151
v -0.01004889 -0.01061016 -0.05031191
v -0.01009399 -0.01041385 -0.05029586
v -0.01010541 -0.01029685 -0.05030833
v -0.01010209 -0.01012868 -0.05035593
v -0.01007986 -0.00999082 -0.05042434
v -0.01004675 -0.00988520 -0.05050099
v -0.00997367 -0.00975987 -0.05064161
v -0.00993499 -0.00972235 -0.05070781
v -0.00983725 -0.00967841 -0.05085994
v -0.00978089 -0.00967758 -0.05093955
v -0.00957752 -0.00975332 -0.05119249
v -0.00952164 -0.00979803 -0.05125256
v -0.00916723 -0.01063670 -0.05142819
v -0.00920710 -0.01089500 -0.05130218
v -0.00934385 -0.01001688 -0.05141019
v -0.00921103 -0.01032974 -0.05147298
v -0.00933749 -0.01110093 -0.05108802
v -0.00941437 -0.01114643 -0.05098427
v -0.00998404 -0.01352313 -0.04784603
v -0.00981762 -0.01364546 -0.04668353
v -0.01012991 -0.01353237 -0.04659852
v -0.00993859 -0.01233626 -0.04990532
v -0.00941828 -0.01197468 -0.05067866
v -0.00953322 -0.01207976 -0.05050513
v -0.00967962 -0.01367626 -0.04635837
v -0.00966385 -0.01367938 -0.04627153
v -0.01000085 -0.01357397 -0.04617778
v -0.01025215 -0.01337291 -0.04610078
v -0.01040544 -0.01328929 -0.04651289
v -0.00990776 -0.01346799 -0.04820856
v -0.00990952 -0.01352071 -0.04791375
v -0.00987651 -0.01357396 -0.04755167
v -0.00975095 -0.01365091 -0.04675241
v -0.00886269 -0.01198528 -0.05117011
v -0.00854892 -0.01221113 -0.05110201
v -0.00863401 -0.01230108 -0.05097512
v -0.00905198 -0.01260938 -0.05044859
v -0.00908635 -0.01273914 -0.05025318
v -0.00946479 -0.01299361 -0.04968892
v -0.00949845 -0.01311551 -0.04944054
v -0.00957417 -0.01309413 -0.04945122
v -0.00966382 -0.01325687 -0.04904380
v -0.00993372 -0.01339179 -0.04851463
v -0.00980678 -0.01336606 -0.04866606
v -0.00985980 -0.01340797 -0.04849368
v -0.01052046 -0.01326097 -0.04712234
v -0.01030875 -0.01341504 -0.04781889
v -0.01059857 -0.01317756 -0.04777449
v -0.01059030 -0.01309018 -0.04820871
v -0.01030688 -0.01333958 -0.04821269
v -0.01023401 -0.01324730 -0.04859913
v -0.01049716 -0.01297913 -0.04864525
v -0.00984469 -0.01290308 -0.04955079
v -0.01007353 -0.01260095 -0.04958864
v -0.00973116 -0.01279310 -0.04978256
v -0.00995440 -0.01248517 -0.04980971
v -0.00931508 -0.01239304 -0.05051623
v -0.00909462 -0.01169449 -0.05113906
v -0.01035008 -0.01255908 -0.04922547
v -0.01050114 -0.01263071 -0.04894553
v -0.01070791 -0.01275455 -0.04841315
v -0.01076970 -0.01287540 -0.04784973
v -0.01068831 -0.01299885 -0.04714172
v -0.01043071 -0.01309033 -0.04603627
v -0.00945856 -0.00954441 -0.05139257
v -0.00954389 -0.00949869 -0.05129599
v -0.01077889 -0.01254236 -0.04673522
v -0.01085268 -0.01190658 -0.04850966
v -0.01052771 -0.01186467 -0.04919395
v -0.00973350 -0.01170828 -0.05040405
v -0.00918643 -0.01154768 -0.05109663
v -0.01028820 -0.01107577 -0.04981260
v -0.01044496 -0.00955886 -0.04987853
v -0.00986213 -0.01102137 -0.05046031
v -0.01004540 -0.00955875 -0.05057795
v -0.00937627 -0.00912298 -0.05158453
v -0.00917109 -0.00644278 -0.05209464
v -0.00966698 -0.00791181 -0.05140439
v -0.00932744 -0.00613117 -0.05191955
v -0.00916814 -0.00613148 -0.05209960
v -0.01014718 -0.00792358 -0.05068461
v -0.01052829 -0.00790484 -0.04994759
v -0.01083277 -0.00612641 -0.04917652
v -0.01106342 -0.00946532 -0.04755685
v -0.01098243 -0.00948627 -0.04841996
v -0.01097126 -0.00946206 -0.04663434
v -0.01085325 -0.00612089 -0.04604286
v -0.01079636 -0.00761541 -0.04584115
v -0.01079544 -0.00612056 -0.04583022
v -0.01076968 -0.00894933 -0.04577000
v -0.01076730 -0.00927320 -0.04577196
v -0.01077026 -0.01032342 -0.04584013
v -0.01071891 -0.01120005 -0.04576933
v -0.01061647 -0.01242943 -0.04591134
v -0.01069184 -0.01177898 -0.04582307
v -0.01086874 -0.01204484 -0.04669294
v -0.01093085 -0.01108354 -0.04846880
v -0.01093914 -0.01114415 -0.04665668
v -0.01104513 -0.01110506 -0.04758263
v -0.01075394 -0.00952860 -0.04917724
v -0.01095822 -0.01193830 -0.04806408
v -0.01102228 -0.01108984 -0.04802812
v -0.01098296 -0.01197462 -0.04761554
v -0.01090048 -0.01245259 -0.04765125
v -0.01063621 -0.01108745 -0.04918077
v -0.00864981 -0.01122187 -0.05174481
v -0.00916281 -0.01072299 -0.05140575
v -0.00893244 -0.01020476 -0.05180267
v -0.00834638 -0.01076214 -0.05216478
v -0.00876458 -0.00960574 -0.05212663
v -0.00811202 -0.01016645 -0.05253908
v -0.00855628 -0.00756576 -0.05265342
v -0.00853594 -0.00613257 -0.05272994
v -0.00796367 -0.00946059 -0.05284001
v -0.00793014 -0.00920464 -0.05292339
v -0.00788374 -0.00867562 -0.05306184
v -0.00785382 -0.00789153 -0.05319931
v -0.00785148 -0.00773986 -0.05321820
v -0.00784519 -0.00636592 -0.05330314
v -0.00784229 -0.00613356 -0.05330507
v -0.00842074 -0.01182531 -0.05152535
v -0.00811311 -0.01170585 -0.05170979
v -0.00751750 -0.00792495 -0.05336121
v -0.00750672 -0.00613385 -0.05347157
v -0.00759654 -0.00930012 -0.05306733
v -0.00774195 -0.01014546 -0.05274467
v -0.00806308 -0.01101279 -0.05222507
v -0.00857186 -0.01171168 -0.05154508
v -0.00780433 -0.01123128 -0.05214020
v -0.00789671 -0.01110242 -0.05221992
v -0.00776496 -0.01115773 -0.05219719
v -0.00754219 -0.01062628 -0.05254606
v -0.00756288 -0.01020063 -0.05275869
v -0.00742918 -0.01023149 -0.05274918
v -0.00733322 -0.00793448 -0.05339204
v -0.00717708 -0.00792745 -0.05339417
v -0.00719304 -0.00840972 -0.05331802
v -0.00741365 -0.00933321 -0.05309063
v -0.00722918 -0.00894900 -0.05320055
v -0.00727148 -0.00935151 -0.05308734
v -0.00735600 -0.00989457 -0.05289502
v -0.00716733 -0.00666685 -0.05349462
v -0.00732255 -0.00613390 -0.05350433
v -0.00716003 -0.00613390 -0.05350522
v -0.00965551 -0.01367706 -0.04622980
v -0.00934597 -0.01369007 -0.04499623
v -0.00833231 -0.01369333 -0.04165941
v -0.00773519 -0.01369466 -0.03986410
v -0.00720234 -0.01369558 -0.03835596
v -0.00574454 -0.01369706 -0.03454397
v -0.00542784 -0.01369757 -0.03374241
v -0.00461870 -0.01370191 -0.03169729
v -0.00429814 -0.01370431 -0.03095961
v -0.00373561 -0.01331199 -0.02887235
v -0.00374523 -0.01356441 -0.02938589
v -0.00380924 -0.01366536 -0.02978894
v -0.00381684 -0.01366909 -0.02981546
v -0.00394633 -0.01369598 -0.03017581
v -0.00402963 -0.01370073 -0.03037640
v -0.00375179 -0.01305751 -0.02854118
v -0.00376557 -0.01292116 -0.02840246
v -0.00382010 -0.01243640 -0.02803206
v -0.00387584 -0.01187581 -0.02776329
v -0.00389187 -0.01171418 -0.02771447
v -0.00402172 -0.01070448 -0.02760326
v -0.00393655 -0.01130718 -0.02764133
v -0.00418248 -0.00867117 -0.02754148
v -0.00410655 -0.00987976 -0.02757049
v -0.00405360 -0.01043664 -0.02759134
v -0.00423515 -0.00608855 -0.02752202
v -0.01035417 -0.01308357 -0.04571780
v -0.00980073 -0.01307985 -0.04383212
v -0.00984722 -0.01336581 -0.04461291
v -0.00899655 -0.01336745 -0.04186113
v -0.00905355 -0.01307893 -0.04145834
v -0.00806603 -0.01336778 -0.03913035
v -0.00591203 -0.01336522 -0.03354585
v -0.00641997 -0.01307116 -0.03434417
v -0.00786241 -0.01307658 -0.03805190
v -0.00513852 -0.01307454 -0.03114819
v -0.00569178 -0.01307109 -0.03252510
v -0.00607113 -0.01307147 -0.03348004
v -0.00420113 -0.01276411 -0.02885392
v -0.00429623 -0.01299729 -0.02926443
v -0.00407361 -0.01323028 -0.02913468
v -0.00446692 -0.01308064 -0.02969821
v -0.00426020 -0.01336505 -0.02967082
v -0.00476650 -0.01337544 -0.03074248
v -0.00399779 -0.01236891 -0.02816295
v -0.00417485 -0.01246535 -0.02855328
v -0.00398466 -0.01289971 -0.02860839
v -0.00418536 -0.01266382 -0.02873493
v -0.00424919 -0.01162746 -0.02818547
v -0.00420166 -0.01201436 -0.02829512
v -0.00418538 -0.01219903 -0.02838159
v -0.00426467 -0.01151717 -0.02816974
v -0.00409046 -0.01168595 -0.02790449
v -0.00436765 -0.01072150 -0.02812987
v -0.00423252 -0.01071011 -0.02783118
v -0.00446752 -0.00939711 -0.02809621
v -0.00440088 -0.00806809 -0.02777250
v -0.00448774 -0.00897227 -0.02808931
v -0.00443147 -0.00608899 -0.02777188
v -0.00453951 -0.00608951 -0.02807076
v -0.00399189 -0.01359523 -0.02977278
v -0.00378079 -0.01345162 -0.02915631
v -0.00450974 -0.01361124 -0.03086216
v -0.00565032 -0.01360182 -0.03365246
v -0.00779653 -0.01359862 -0.03922869
v -0.00872231 -0.01359600 -0.04195062
v -0.00956933 -0.01359139 -0.04469791
v -0.00472192 -0.00936060 -0.02901746
v -0.01014387 -0.00928610 -0.04368388
v -0.00461402 -0.00609013 -0.02842397
v -0.00459069 -0.01136133 -0.02903675
v -0.00585671 -0.01240787 -0.03245667
v -0.00489535 -0.01245678 -0.03017168
v -0.00999559 -0.01234203 -0.04373599
v -0.00926256 -0.01235592 -0.04143773
v -0.01057085 -0.00611923 -0.04506261
v -0.00952398 -0.00611336 -0.04170201
v -0.00941582 -0.00611279 -0.04137469
v -0.00829443 -0.00610721 -0.03818391
v -0.00776883 -0.00930206 -0.03682612
v -0.00940801 -0.00929158 -0.04138275
v -0.00599273 -0.00931177 -0.03239523
v -0.00694210 -0.00610114 -0.03471993
v -0.00557393 -0.00609518 -0.03131175
v -0.00510797 -0.00933046 -0.03012442
v -0.00503520 -0.01130018 -0.03013219
v -0.00773144 -0.01124158 -0.03684439
v -0.00595711 -0.01126129 -0.03241339
v -0.00936830 -0.01122053 -0.04139965
v -0.01010297 -0.01120959 -0.04370011
v -0.00762909 -0.01238272 -0.03688713
v -0.00510720 -0.00281842 -0.03011356
v -0.00454079 0.00090101 -0.02983479
v -0.00491702 0.00089424 -0.03063291
v -0.00489425 0.00027499 -0.03015086
v -0.01001895 0.00084272 -0.04452964
v -0.00999461 0.00011272 -0.04371555
v -0.00926158 0.00013467 -0.04141726
v -0.01066196 -0.00010397 -0.04586015
v -0.01053501 0.00053288 -0.04594153
v -0.01043049 0.00084854 -0.04601313
v -0.00864690 0.00085706 -0.04022760
v -0.00762814 0.00017742 -0.03686657
v -0.00737075 0.00086511 -0.03672674
v -0.00585577 0.00021810 -0.03243602
v -0.00578626 0.00087604 -0.03274362
v -0.00541740 0.00087831 -0.03180046
v -0.00417818 0.00040209 -0.02863215
v -0.00418540 0.00048468 -0.02871541
v -0.00423096 0.00069051 -0.02899128
v -0.00427654 0.00078632 -0.02917488
v -0.00434188 0.00085844 -0.02937876
v -0.00448362 0.00089751 -0.02971182
v -0.00423919 -0.00047980 -0.02818040
v -0.00458885 -0.00080634 -0.02901952
v -0.00427494 -0.00073522 -0.02814432
v -0.00433629 -0.00118403 -0.02812282
v -0.00446875 -0.00280739 -0.02808483
v -0.00472049 -0.00278393 -0.02900661
v -0.00453699 -0.00544987 -0.02807105
v -0.00599239 -0.00284537 -0.03238459
v -0.00776847 -0.00287079 -0.03681555
v -0.00940762 -0.00289742 -0.04137223
v -0.01079522 -0.00468366 -0.04583224
v -0.01077426 -0.00348458 -0.04577221
v -0.01076687 -0.00293206 -0.04576150
v -0.01014347 -0.00291106 -0.04367339
v -0.01076916 -0.00262395 -0.04578090
v -0.01076234 -0.00164146 -0.04582362
v -0.01070822 -0.00088045 -0.04574617
v -0.01010216 -0.00101003 -0.04368338
v -0.00503402 -0.00087160 -0.03011503
v -0.00595636 -0.00091865 -0.03239645
v -0.00773067 -0.00095394 -0.03682755
v -0.00936750 -0.00099101 -0.04138289
v -0.00418620 0.00000528 -0.02835410
v -0.00374405 0.00133687 -0.02924954
v -0.00379241 0.00128794 -0.02918055
v -0.00373363 0.00113668 -0.02885726
v -0.00913770 0.00145322 -0.04427684
v -0.00945655 0.00144987 -0.04536729
v -0.00948385 0.00135550 -0.04439334
v -0.00525962 0.00117271 -0.03186454
v -0.00431928 0.00118773 -0.02977719
v -0.00420903 -0.00127842 -0.02782275
v -0.00429836 -0.00213890 -0.02779510
v -0.00436178 -0.00310494 -0.02777572
v -0.00399740 0.00019250 -0.02814392
v -0.00409130 -0.00049846 -0.02788484
v -0.00398480 0.00072125 -0.02858874
v -0.00408418 0.00106528 -0.02915281
v -0.00757693 0.00115396 -0.03776542
v -0.00903497 0.00113964 -0.04195625
v -0.01025532 0.00112653 -0.04607533
v -0.01004538 0.00112642 -0.04525253
v -0.00976156 0.00113015 -0.04430735
v -0.00966362 0.00143676 -0.04624643
v -0.01000121 0.00133100 -0.04615264
v -0.00976580 0.00135203 -0.04533157
v -0.00841097 0.00146554 -0.04188291
v -0.00876032 0.00136797 -0.04204477
v -0.00769766 0.00147488 -0.03973079
v -0.00730967 0.00138613 -0.03786656
v -0.00737449 0.00147864 -0.03881041
v -0.00477718 0.00150723 -0.03206035
v -0.00516416 0.00150178 -0.03304582
v -0.00499887 0.00141069 -0.03197038
v -0.00590639 0.00149386 -0.03492912
v -0.00706638 0.00148219 -0.03795835
v -0.00405607 0.00141883 -0.02989038
v -0.00387307 0.00150227 -0.02997053
v -0.00392561 0.00150734 -0.03009413
v -0.00393586 0.00150829 -0.03012022
v -0.00425730 0.00151535 -0.03084420
v -0.00450556 0.00151230 -0.03140285
v -0.00377315 0.00146060 -0.02964071
v -0.00378093 0.00060806 -0.02826244
v -0.00376374 0.00076728 -0.02840584
v -0.00381619 0.00028574 -0.02802798
v -0.00393521 -0.00082721 -0.02763193
v -0.00389457 -0.00047046 -0.02769562
v -0.00386886 -0.00022646 -0.02777157
v -0.00383605 0.00010110 -0.02792072
v -0.00396557 -0.00107515 -0.02760791
v -0.00400308 -0.00132901 -0.02759499
v -0.00414433 -0.00278909 -0.02754666
v -0.00423093 -0.00530633 -0.02752217
v -0.00375213 0.00087945 -0.02852144
v -0.00872342 0.00013407 -0.05081870
v -0.00854873 -0.00004831 -0.05108181
v -0.00863724 -0.00006054 -0.05107031
v -0.00996752 0.00009768 -0.04983820
v -0.00985272 0.00012946 -0.04996722
v -0.00941338 -0.00028670 -0.05066583
v -0.01067780 0.00075790 -0.04706198
v -0.01055184 0.00099461 -0.04730338
v -0.01071144 0.00073126 -0.04724994
v -0.01059074 0.00084051 -0.04818403
v -0.01076714 0.00063090 -0.04780712
v -0.01049611 0.00072638 -0.04862650
v -0.01070579 0.00050221 -0.04839689
v -0.01034087 0.00059520 -0.04901189
v -0.01048545 0.00037179 -0.04895201
v -0.01034907 0.00030662 -0.04920315
v -0.00907805 0.00047514 -0.05024526
v -0.00936704 0.00064919 -0.04986088
v -0.00930215 0.00068235 -0.04983232
v -0.00948933 0.00085383 -0.04943749
v -0.00981331 0.00104682 -0.04884155
v -0.00972449 0.00105280 -0.04886539
v -0.00982071 0.00112591 -0.04859977
v -0.00998567 0.00121298 -0.04816411
v -0.00989332 0.00119326 -0.04830895
v -0.00994211 0.00133091 -0.04743361
v -0.00989788 0.00129816 -0.04772840
v -0.00991161 0.00123299 -0.04810949
v -0.00972337 0.00141751 -0.04657586
v -0.00986871 0.00133467 -0.04746651
v -0.00884147 -0.00025455 -0.05114910
v -0.00890803 -0.00027400 -0.05111918
v -0.00963213 0.00044170 -0.04994902
v -0.01009611 0.00088072 -0.04895149
v -0.01023254 0.00099569 -0.04857904
v -0.01030657 0.00109058 -0.04818738
v -0.01026407 0.00122836 -0.04737302
v -0.00909444 -0.00056509 -0.05112056
v -0.01106331 -0.00278186 -0.04754473
v -0.00954389 -0.00276146 -0.05128467
v -0.01052842 -0.00435067 -0.04994126
v -0.00973352 -0.00054875 -0.05038527
v -0.00918693 -0.00071193 -0.05107898
v -0.01052778 -0.00038819 -0.04917444
v -0.01085279 -0.00034388 -0.04848965
v -0.01077843 0.00029813 -0.04671259
v -0.01086829 -0.00019925 -0.04667196
v -0.01093873 -0.00109985 -0.04663870
v -0.01097093 -0.00278190 -0.04662195
v -0.01014729 -0.00433448 -0.05067837
v -0.00966702 -0.00434873 -0.05139833
v -0.00919876 -0.00495520 -0.05202544
v -0.00945827 -0.00271600 -0.05138128
v -0.00936767 -0.00318951 -0.05159492
v -0.01004546 -0.00269893 -0.05056629
v -0.01028827 -0.00117925 -0.04979580
v -0.01044506 -0.00269641 -0.04986674
v -0.00986216 -0.00123587 -0.05044381
v -0.01098249 -0.00276395 -0.04840799
v -0.01093094 -0.00116682 -0.04845151
v -0.01075404 -0.00272425 -0.04916541
v -0.01095818 -0.00031059 -0.04804379
v -0.01102224 -0.00115897 -0.04801067
v -0.01063630 -0.00116539 -0.04916382
v -0.01090026 0.00020517 -0.04762919
v -0.01098277 -0.00027271 -0.04759506
v -0.01104497 -0.00114217 -0.04756505
v -0.00788238 -0.00361107 -0.05305798
v -0.00796742 -0.00277918 -0.05281983
v -0.00810306 -0.00212911 -0.05254168
v -0.00876448 -0.00265730 -0.05211509
v -0.00817070 -0.00191189 -0.05242347
v -0.00893232 -0.00205714 -0.05178913
v -0.00830627 -0.00158061 -0.05220873
v -0.00853699 -0.00118980 -0.05188091
v -0.00916267 -0.00153754 -0.05139050
v -0.00860825 -0.00109283 -0.05178391
v -0.00906124 -0.00059667 -0.05116757
v -0.00855624 -0.00469911 -0.05264865
v -0.00785036 -0.00462181 -0.05322388
v -0.00785824 -0.00417447 -0.05316425
v -0.00785645 -0.00172867 -0.05252678
v -0.00825959 -0.00093233 -0.05193779
v -0.00752188 -0.00413413 -0.05332430
v -0.00761680 -0.00280120 -0.05300367
v -0.00762627 -0.00273231 -0.05298013
v -0.00750847 -0.00602003 -0.05347077
v -0.00732434 -0.00602029 -0.05350359
v -0.00717227 -0.00477649 -0.05343885
v -0.00733762 -0.00412200 -0.05335435
v -0.00718233 -0.00411608 -0.05335518
v -0.00766725 -0.00131172 -0.05232861
v -0.00754965 -0.00161817 -0.05251972
v -0.00768175 -0.00165918 -0.05253308
v -0.00745510 -0.00193953 -0.05269042
v -0.00744404 -0.00269394 -0.05300128
v -0.00734495 -0.00244488 -0.05291192
v -0.00743437 -0.00276444 -0.05302543
v -0.00729557 -0.00274729 -0.05302206
v -0.00720377 -0.00363437 -0.05326551
v -0.00795012 -0.00078970 -0.05191791
v -0.00810002 -0.00083051 -0.05192480
v -0.00836468 -0.00024811 -0.05134330
v -0.00455488 0.00167178 -0.03337904
v -0.00364630 0.00169633 -0.03119680
v -0.00160983 0.00206433 -0.01641523
v -0.00140018 0.00199039 -0.01947668
v -0.00235445 0.00204099 -0.01363869
v -0.00166895 0.00212918 -0.01361704
v -0.00027375 0.00197721 -0.03519749
v -0.00113032 0.00197661 -0.03423401
v 0.00037469 0.00199407 -0.03367493
v -0.00038607 0.00199684 -0.03245783
v 0.00030004 0.00201769 -0.03067471
v 0.00136837 0.00202295 -0.03105798
v 0.00088517 0.00200797 -0.03241811
v 0.00153292 0.00205268 -0.02916474
v 0.00171282 0.00203801 -0.02970444
v 0.00076521 0.00203923 -0.02892924
v 0.00168051 0.00203593 -0.02987264
v 0.00140912 0.00202440 -0.03092603
v 0.00096082 0.00206653 -0.02717123
v 0.00114220 0.00207463 -0.02727738
v 0.00135511 0.00206306 -0.02850644
v 0.00108984 0.00224536 -0.01648921
v 0.00131246 0.00224503 -0.01649393
v 0.00116340 0.00214669 -0.02235987
v 0.00134613 0.00228721 -0.01372738
v 0.00108921 0.00229219 -0.01362354
v -0.00000869 0.00199727 -0.02592040
v -0.00002005 0.00201109 -0.02503783
v 0.00102324 0.00209521 -0.02541233
v -0.00002995 0.00197919 -0.02682851
v -0.00084902 0.00193722 -0.03040476
v -0.00028537 0.00195142 -0.02862542
v -0.00012182 0.00195983 -0.02774346
v -0.00235705 0.00191147 -0.03406553
v -0.00159928 0.00192458 -0.03222991
v -0.00025591 0.00219240 -0.01641391
v -0.00028507 0.00225381 -0.01360039
v -0.00113904 0.00192094 -0.02292290
v -0.00005840 0.00204212 -0.02323655
v 0.00105767 0.00212371 -0.02359597
v 0.00109997 0.00211974 -0.02397472
v 0.00106671 0.00208873 -0.02605161
v 0.00315211 0.00152614 -0.03403837
v 0.00583463 -0.00610483 -0.03695327
v 0.00492055 -0.00610824 -0.03889893
v 0.00583239 -0.00565740 -0.03694690
v 0.00578108 -0.00420838 -0.03686155
v 0.00566179 -0.00293144 -0.03667502
v 0.00560105 -0.00250444 -0.03658010
v 0.00549495 -0.00191378 -0.03641275
v 0.00528860 -0.00108168 -0.03608525
v 0.00501012 -0.00030969 -0.03564503
v 0.00473579 0.00023604 -0.03521042
v 0.00436194 0.00078253 -0.03460075
v 0.00357555 0.00148451 -0.03332196
v 0.00376661 0.00125952 -0.03410751
v 0.00393688 0.00121832 -0.03391318
v 0.00408282 0.00108608 -0.03414882
v 0.00179915 0.00187812 -0.03386864
v 0.00292235 0.00179834 -0.03220953
v 0.00349655 0.00153275 -0.03319030
v 0.00252052 0.00189122 -0.03194577
v 0.00232190 0.00195859 -0.03108026
v 0.00568717 -0.00907749 -0.03672080
v 0.00559244 -0.00975909 -0.03657792
v 0.00374880 -0.01346814 -0.03413010
v 0.00354500 -0.01370007 -0.03329866
v 0.00348007 -0.01373822 -0.03319291
v 0.00313677 -0.01373135 -0.03406194
v 0.00251209 -0.01408495 -0.03197077
v 0.00179042 -0.01407857 -0.03389402
v 0.00301187 -0.01395787 -0.03240797
v 0.00238378 -0.01413498 -0.03126097
v 0.00186337 -0.01420977 -0.03012826
v 0.00399513 -0.01336945 -0.03401989
v 0.00443453 -0.01289554 -0.03473225
v 0.00479261 -0.01233907 -0.03532193
v 0.00551818 -0.01017271 -0.03646625
v 0.00530850 -0.01104497 -0.03614619
v 0.00521100 -0.01135752 -0.03599519
v 0.00505637 -0.01177676 -0.03575088
v 0.00579958 -0.00768714 -0.03689300
v 0.00577744 -0.00807508 -0.03685806
v 0.00162391 -0.00865041 -0.00046142
v 0.00162391 -0.00745041 -0.00046142
v 0.00152806 -0.00745041 -0.00045809
v 0.00152806 -0.00865041 -0.00045809
v 0.00144167 -0.00745041 -0.00049978
v 0.00144167 -0.00865042 -0.00049978
v 0.00138463 -0.00745042 -0.00057689
v 0.00138463 -0.00865041 -0.00057688
v 0.00044888 -0.00865042 0.00143126
v 0.00044888 -0.00745041 0.00143126
v 0.00053095 -0.00745042 0.00142334
v 0.00053095 -0.00865041 0.00142333
v 0.00060925 -0.00745042 0.00144920
v 0.00060925 -0.00865041 0.00144920
v 0.00067047 -0.00745041 0.00150445
v 0.00067047 -0.00865041 0.00150445
v 0.00070418 -0.00745041 0.00157970
v 0.00070418 -0.00865041 0.00157970
v -0.00277515 -0.00475041 0.00003604
v -0.00277515 -0.00745042 0.00003604
v -0.00269977 -0.00475041 0.00003506
v -0.00269977 -0.00745042 0.00003506
v 0.00119785 -0.00475042 -0.00272969
v 0.00119785 -0.00745041 -0.00272969
v 0.00159639 -0.00745042 -0.00282311
v 0.00159639 -0.00475042 -0.00282311
v 0.00192410 -0.00745041 -0.00306838
v 0.00192410 -0.00475041 -0.00306838
v 0.00212608 -0.00745041 -0.00342440
v 0.00212608 -0.00475041 -0.00342440
v 0.00216850 -0.00745042 -0.00383153
v 0.00216850 -0.00475041 -0.00383153
v -0.00006513 -0.00475042 -0.00269922
v -0.00006513 -0.00745042 -0.00269921
v 0.00092266 -0.00865041 -0.00118266
v 0.00092266 -0.00745041 -0.00118266
v 0.00022271 -0.00865041 -0.00148337
v 0.00022271 -0.00745041 -0.00148337
v -0.00053469 -0.00865041 -0.00140146
v -0.00053469 -0.00745041 -0.00140146
v -0.00115418 -0.00865041 -0.00095806
v -0.00115418 -0.00745042 -0.00095806
v -0.00147595 -0.00865041 -0.00026752
v -0.00147595 -0.00745042 -0.00026752
v -0.00141701 -0.00865041 0.00049201
v -0.00141701 -0.00745042 0.00049201
v -0.00099257 -0.00865042 0.00112464
v -0.00099257 -0.00745041 0.00112464
v -0.00031209 -0.00865041 0.00146717
v -0.00031209 -0.00745041 0.00146717
v 0.00144289 -0.00475042 -0.00040998
v 0.00144289 -0.00355041 -0.00040998
v 0.00108152 -0.00475041 -0.00103939
v 0.00108152 -0.00355042 -0.00103939
v 0.00046696 -0.00475042 -0.00142546
v 0.00046696 -0.00355041 -0.00142546
v -0.00025692 -0.00475041 -0.00147783
v -0.00025692 -0.00355042 -0.00147783
v -0.00092065 -0.00475041 -0.00118424
v -0.00092065 -0.00355042 -0.00118424
v -0.00136884 -0.00475042 -0.00061340
v -0.00136884 -0.00355041 -0.00061340
v -0.00149659 -0.00475041 0.00010103
v -0.00149659 -0.00355042 0.00010103
v -0.00127398 -0.00475041 0.00079181
v -0.00127398 -0.00355041 0.00079181
v -0.00075313 -0.00475042 0.00129723
v -0.00075313 -0.00355041 0.00129723
v -0.00005596 -0.00475041 0.00149895
v -0.00005596 -0.00355042 0.00149895
v 0.00065431 -0.00475041 0.00134978
v 0.00065431 -0.00355041 0.00134977
v -0.00251046 -0.00475041 -0.00099378
v -0.00251046 -0.00745042 -0.00099378
v -0.00194428 -0.00475041 -0.00187344
v -0.00194428 -0.00745041 -0.00187343
v -0.00108624 -0.00475041 -0.00247186
v -0.00108624 -0.00745041 -0.00247186
v 0.00173146 -0.00355042 -0.00049198
v 0.00153247 -0.00355041 -0.00094422
v 0.00085504 -0.00355042 -0.00158395
v -0.00005149 -0.00355041 -0.00179927
v -0.00094422 -0.00355041 -0.00153247
v -0.00158395 -0.00355041 -0.00085504
v -0.00179926 -0.00355042 0.00005149
v -0.00153246 -0.00355041 0.00094422
v -0.00085505 -0.00355042 0.00158395
v 0.00005148 -0.00355041 0.00179926
v 0.00071943 -0.00355041 0.00164998
v 0.00173146 -0.00360041 -0.00049198
v 0.00310925 -0.00360041 -0.00088346
v 0.00310925 -0.00475041 -0.00088346
v 0.00071943 -0.00360041 0.00164998
v 0.00083176 -0.00360041 0.00216784
v 0.00083176 -0.00475042 0.00216783
v 0.00173146 -0.00865041 -0.00049198
v 0.00173146 -0.00860041 -0.00049198
v 0.00310925 -0.00860041 -0.00088346
v 0.00310925 -0.00745041 -0.00088346
v -0.00153246 -0.00865041 0.00094422
v -0.00085505 -0.00865042 0.00158395
v 0.00071943 -0.00865041 0.00164998
v 0.00005148 -0.00865041 0.00179926
v 0.00153247 -0.00865041 -0.00094422
v 0.00085504 -0.00865041 -0.00158395
v -0.00005149 -0.00865041 -0.00179927
v -0.00094422 -0.00865041 -0.00153247
v -0.00158395 -0.00865041 -0.00085504
v -0.00179926 -0.00865042 0.00005149
v 0.00071943 -0.00860042 0.00164998
v 0.00083176 -0.00860042 0.00216783
v 0.00083176 -0.00745042 0.00216784
v 0.00072099 -0.00360041 -0.00360615
v 0.00072099 -0.00355041 -0.00360616
v 0.00103992 -0.00355041 -0.00384727
v 0.00103992 -0.00865041 -0.00384727
v 0.00072099 -0.00865041 -0.00360616
v 0.00072099 -0.00860042 -0.00360616
v 0.00031368 -0.00860042 -0.00350859
v 0.00031368 -0.00360041 -0.00350859
v 0.00071221 -0.00860042 -0.00360200
v 0.00071221 -0.00360041 -0.00360201
v 0.00124191 -0.00865041 -0.00420330
v 0.00124191 -0.00355041 -0.00420330
v 0.00128433 -0.00865041 -0.00461043
v 0.00128433 -0.00355041 -0.00461043
v 0.00325354 -0.00860041 -0.00109627
v 0.00325354 -0.00745041 -0.00109627
v 0.00324154 -0.00745041 -0.00100481
v 0.00324154 -0.00860041 -0.00100481
v 0.00318977 -0.00745041 -0.00092846
v 0.00318977 -0.00860041 -0.00092846
v 0.00069164 -0.00745041 0.00240243
v 0.00069164 -0.00860042 0.00240242
v 0.00077720 -0.00860041 0.00235217
v 0.00077720 -0.00745042 0.00235218
v 0.00082808 -0.00860041 0.00226699
v 0.00082808 -0.00745041 0.00226699
v -0.00160052 -0.00860042 0.00192050
v -0.00160052 -0.00745042 0.00192050
v -0.00174486 -0.00860041 0.00180022
v -0.00174486 -0.00745041 0.00180021
v -0.00051437 -0.00860042 0.00244651
v -0.00051437 -0.00745041 0.00244651
v 0.00291422 -0.00745041 -0.00440120
v 0.00291401 -0.00860041 -0.00440323
v 0.00010340 -0.00360041 -0.00350352
v 0.00010340 -0.00860041 -0.00350351
v -0.00174486 -0.00360041 0.00180021
v -0.00249588 -0.00360041 0.00086027
v -0.00174486 -0.00475041 0.00180021
v -0.00249588 -0.00475041 0.00086026
v -0.00249588 -0.00745041 0.00086027
v -0.00281720 -0.00860041 -0.00029917
v -0.00281720 -0.00360041 -0.00029917
v -0.00249588 -0.00860041 0.00086026
v -0.00265714 -0.00360041 -0.00149161
v -0.00265714 -0.00860042 -0.00149161
v -0.00204144 -0.00360042 -0.00252527
v -0.00204144 -0.00860041 -0.00252527
v -0.00106914 -0.00360041 -0.00323390
v -0.00106914 -0.00860041 -0.00323389
v 0.00325354 -0.00475041 -0.00109627
v 0.00325354 -0.00360042 -0.00109627
v 0.00324154 -0.00360041 -0.00100481
v 0.00324154 -0.00475041 -0.00100481
v 0.00318977 -0.00360041 -0.00092846
v 0.00318977 -0.00475041 -0.00092846
v 0.00069164 -0.00360041 0.00240243
v 0.00069164 -0.00475042 0.00240242
v 0.00077720 -0.00475041 0.00235218
v 0.00077720 -0.00360042 0.00235218
v 0.00082808 -0.00475041 0.00226699
v 0.00082808 -0.00360041 0.00226699
v -0.00160052 -0.00360042 0.00192050
v -0.00160052 -0.00475042 0.00192050
v -0.00051437 -0.00475042 0.00244651
v -0.00051437 -0.00360041 0.00244651
v 0.00291492 -0.00360041 -0.00439439
v 0.00291471 -0.00475042 -0.00439642
v 0.00205485 -0.00745041 -0.00493849
v 0.00205534 -0.00475041 -0.00493373
v 0.00747348 -0.00860041 0.00577478
v 0.00736870 -0.00860042 0.00657243
v 0.00695809 -0.00860041 0.00726426
v 0.00747348 -0.00360042 0.00577478
v 0.00736870 -0.00360042 0.00657243
v 0.00695809 -0.00360042 0.00726425
v 0.00515119 -0.00360041 0.00394354
v 0.00424466 -0.00360041 0.00372823
v 0.00335192 -0.00360041 0.00399503
v 0.00271219 -0.00360041 0.00467245
v 0.00249688 -0.00360042 0.00557898
v 0.00276367 -0.00360041 0.00647171
v 0.00344110 -0.00360041 0.00711145
v 0.00434763 -0.00360041 0.00732676
v 0.00524036 -0.00360042 0.00705996
v 0.00588009 -0.00360041 0.00638253
v 0.00609540 -0.00360041 0.00547600
v 0.00582861 -0.00360041 0.00458327
v 0.00434763 -0.00860042 0.00732675
v 0.00344110 -0.00860041 0.00711144
v 0.00276367 -0.00860042 0.00647171
v 0.00249688 -0.00860041 0.00557898
v 0.00271219 -0.00860042 0.00467245
v 0.00335192 -0.00860042 0.00399502
v 0.00424466 -0.00860042 0.00372823
v 0.00515119 -0.00860041 0.00394354
v 0.00582861 -0.00860042 0.00458327
v 0.00609540 -0.00860041 0.00547601
v 0.00588009 -0.00860042 0.00638253
v 0.00524036 -0.00860041 0.00705995
v 0.00614785 -0.00860041 0.00794651
v 0.00518695 -0.00860041 0.00839218
v 0.00614785 -0.00360041 0.00794652
v 0.00518695 -0.00360042 0.00839218
v -0.00044757 -0.00360041 0.00347127
v -0.00180647 -0.00360041 0.00299778
v -0.00285999 -0.00360042 0.00201753
v -0.00343005 -0.00360042 0.00069624
v -0.00342028 -0.00360041 -0.00074275
v -0.00283233 -0.00360042 -0.00205619
v -0.00176559 -0.00360042 -0.00302203
v -0.00040039 -0.00360042 -0.00347703
v 0.00129646 -0.00360041 0.00548391
v 0.00107875 -0.00360042 0.00454699
v 0.00044884 -0.00360041 0.00382006
v 0.00406872 -0.00360042 0.00851886
v 0.00298250 -0.00360041 0.00822459
v 0.00208113 -0.00360041 0.00755078
v 0.00149146 -0.00360041 0.00659226
v -0.00044757 -0.00860042 0.00347126
v -0.00180647 -0.00860042 0.00299777
v -0.00285999 -0.00860041 0.00201753
v -0.00343005 -0.00860041 0.00069624
v -0.00342028 -0.00860041 -0.00074275
v -0.00283233 -0.00860041 -0.00205619
v -0.00176559 -0.00860041 -0.00302203
v -0.00040039 -0.00860041 -0.00347702
v 0.00129646 -0.00860041 0.00548390
v 0.00107875 -0.00860041 0.00454699
v 0.00044884 -0.00860042 0.00382007
v 0.00406872 -0.00860041 0.00851886
v 0.00298250 -0.00860041 0.00822459
v 0.00208113 -0.00860041 0.00755078
v 0.00149146 -0.00860042 0.00659226
v 0.00102329 -0.00865041 -0.00364096
v 0.00709356 -0.00660041 0.00049880
v 0.00393567 -0.00660042 -0.00158591
v 0.00394946 -0.00736578 -0.00139438
v 0.00710735 -0.00736578 0.00069033
v 0.00398874 -0.00801463 -0.00084895
v 0.00714663 -0.00801463 0.00123576
v 0.00404752 -0.00844818 -0.00003267
v 0.00720541 -0.00844817 0.00205204
v 0.00411685 -0.00860041 0.00093020
v 0.00727474 -0.00860042 0.00301491
v 0.00393567 -0.00560042 -0.00158591
v 0.00709356 -0.00560041 0.00049880
v 0.00394184 -0.00508278 -0.00150017
v 0.00709973 -0.00508278 0.00058453
v 0.00395994 -0.00460041 -0.00124881
v 0.00711783 -0.00460041 0.00083589
v 0.00398874 -0.00418620 -0.00084895
v 0.00714663 -0.00418620 0.00123576
v 0.00402626 -0.00386836 -0.00032785
v 0.00718415 -0.00386836 0.00175686
v 0.00406996 -0.00366856 0.00027899
v 0.00722785 -0.00366856 0.00236369
v 0.00411685 -0.00360042 0.00093021
v 0.00727474 -0.00360041 0.00301492
v 0.00149318 -0.00865041 -0.00382285
v 0.00181473 -0.00865042 -0.00421076
v 0.00190631 -0.00865041 -0.00470623
v 0.00377326 -0.00860042 -0.00384123
v 0.00377389 -0.00360041 -0.00383257
v 0.00238852 0.00193322 -0.01120295
v 0.00386489 0.00187662 -0.00376318
v 0.00489188 0.00170699 -0.00308721
v 0.00574936 0.00148942 -0.00357835
v 0.01102161 -0.00267687 0.00014678
v 0.01063514 -0.00241381 -0.00363513
v 0.01033355 -0.00169987 -0.00363086
v 0.01139739 -0.00478195 0.00017751
v 0.01144271 -0.00605661 0.00017700
v 0.01083632 -0.00606888 -0.00685428
v 0.01058919 -0.00324704 -0.00684840
v 0.01125806 -0.00365943 0.00017124
v 0.01073102 -0.00410437 -0.00685196
v 0.01131353 -0.00400597 0.00017458
v 0.00889799 0.00002989 -0.00361326
v 0.00976876 -0.00050579 -0.00020828
v 0.00947132 -0.00048203 -0.00362000
v 0.01025432 -0.00108960 -0.00003006
v 0.00994772 -0.00105729 -0.00362584
v 0.01026129 -0.00109946 -0.00002784
v 0.01067492 -0.00179946 0.00008436
v 0.00623706 0.00138373 -0.00222037
v 0.00743022 0.00097461 -0.00147608
v 0.00746634 0.00087527 -0.00359711
v 0.00841160 0.00051067 -0.00088810
v 0.00822556 0.00048190 -0.00360559
v 0.00865411 0.00037010 -0.00075191
v 0.00916077 0.00002832 -0.00048614
v 0.00331281 0.00182389 -0.01124673
v 0.00374803 0.00184403 -0.00673632
v 0.00547351 0.00133233 -0.01134925
v 0.00517212 0.00142330 -0.01133491
v 0.00560206 0.00144285 -0.00676518
v 0.00493512 0.00148933 -0.01132364
v 0.00391097 0.00172309 -0.01127505
v 0.00682998 0.00080974 -0.01141396
v 0.00729548 0.00081513 -0.00679191
v 0.00687874 0.00078686 -0.01141630
v 0.00804223 0.00041645 -0.00680388
v 0.00763165 0.00038505 -0.01145239
v 0.00870119 -0.00003869 -0.00681459
v 0.00829210 -0.00007401 -0.01148423
v 0.00767561 0.00035819 -0.01145451
v 0.00926357 -0.00109964 -0.01153167
v 0.00892123 -0.00066872 -0.01151483
v 0.00925977 -0.00055085 -0.00682388
v 0.00884736 -0.00058778 -0.01151122
v 0.00833368 -0.00010766 -0.01148624
v 0.00972071 -0.00112349 -0.00683179
v 0.01009117 -0.00176088 -0.00683844
v 0.00966394 -0.00179272 -0.01155167
v 0.01027292 -0.00418358 -0.01158427
v 0.01026647 -0.00412288 -0.01158386
v 0.01013678 -0.00327064 -0.01157637
v 0.00993786 -0.00249579 -0.01156573
v 0.01037828 -0.00246731 -0.00684393
v 0.00991415 -0.00242290 -0.01156449
v 0.00977944 -0.00205671 -0.01155754
v 0.01035772 -0.00607715 -0.01159157
v 0.00348594 0.00192401 -0.00401338
v 0.00574919 -0.01361595 -0.00360344
v 0.00503007 -0.01380395 -0.00302247
v 0.00386436 -0.01400062 -0.00378999
v 0.00354550 -0.01404083 -0.00400039
v 0.00374787 -0.01398165 -0.00676261
v 0.00822539 -0.01260844 -0.00362734
v 0.00749589 -0.01306934 -0.00145911
v 0.00746617 -0.01300181 -0.00362017
v 0.00635981 -0.01347153 -0.00216733
v 0.00517826 -0.01377284 -0.00292574
v 0.00994758 -0.01106926 -0.00364247
v 0.00971215 -0.01166562 -0.00025026
v 0.00947117 -0.01164451 -0.00363854
v 0.00906552 -0.01221264 -0.00055401
v 0.00889783 -0.01215644 -0.00363350
v 0.00865289 -0.01248683 -0.00077374
v 0.00835071 -0.01266123 -0.00094485
v 0.01117912 -0.00884330 0.00015569
v 0.01093321 -0.00970033 0.00012193
v 0.01063504 -0.00971274 -0.00364726
v 0.01060713 -0.01044542 0.00005426
v 0.01033343 -0.01042667 -0.00364535
v 0.01026341 -0.01100899 -0.00004356
v 0.01021964 -0.01107039 -0.00005784
v 0.01058910 -0.00889071 -0.00685778
v 0.01073096 -0.00803340 -0.00685849
v 0.01134972 -0.00782278 0.00017036
v 0.01143969 -0.00621972 0.00017664
v 0.01030047 -0.00766752 -0.01159135
v 0.01026639 -0.00803161 -0.01159036
v 0.01024263 -0.00823266 -0.01158958
v 0.00990893 -0.00974667 -0.01157642
v 0.00993775 -0.00965844 -0.01157763
v 0.01037817 -0.00967044 -0.00685590
v 0.00966383 -0.01036146 -0.01156591
v 0.01009104 -0.01037686 -0.00685275
v 0.00941007 -0.01083195 -0.01155473
v 0.00972058 -0.01101424 -0.00684822
v 0.00931056 -0.01098608 -0.01155031
v 0.00925962 -0.01158687 -0.00684221
v 0.00884720 -0.01156630 -0.01152945
v 0.00870103 -0.01209902 -0.00683463
v 0.00833377 -0.01204616 -0.01150609
v 0.00804207 -0.01255415 -0.00682542
v 0.00763148 -0.01253898 -0.01147386
v 0.00703021 -0.01286738 -0.01144611
v 0.00729531 -0.01295281 -0.00681478
v 0.00687858 -0.01294068 -0.01143910
v 0.00547328 -0.01348599 -0.01137386
v 0.00560189 -0.01358051 -0.00679014
v 0.00517196 -0.01357690 -0.01135983
v 0.00268586 -0.01405696 -0.01124361
v 0.00331261 -0.01397726 -0.01127298
v 0.00391073 -0.01387654 -0.01130097
v 0.00502814 -0.01361752 -0.01135313
v 0.00238826 -0.01408647 -0.01122956
v 0.00191458 -0.01393955 -0.02766835
v 0.00200348 -0.01395138 -0.02608841
v 0.00234675 -0.01404566 -0.01526734
v 0.00228598 -0.01401453 -0.01848578
v 0.00218743 -0.01398499 -0.02183679
v 0.00215682 -0.01397808 -0.02267289
v 0.00397221 0.00123698 -0.03131210
v 0.00419047 0.00124450 -0.02992781
v 0.00528349 0.00070676 -0.03026948
v 0.00228628 0.00183596 -0.01845945
v 0.00234289 0.00187454 -0.01552241
v 0.00378624 0.00164702 -0.01635918
v 0.00576182 -0.00119074 -0.03437053
v 0.00466121 0.00067367 -0.03290738
v 0.00298129 0.00157477 -0.02956062
v 0.00559075 -0.00010710 -0.03299504
v 0.00598210 -0.00058898 -0.03301808
v 0.00632586 -0.00113832 -0.03302725
v 0.00662332 -0.00176128 -0.03302249
v 0.00687453 -0.00246437 -0.03300343
v 0.00723572 -0.00413909 -0.03292067
v 0.00739655 -0.00611416 -0.03278394
v 0.00754210 -0.00611350 -0.03240867
v 0.00940032 -0.00609200 -0.02009963
v 0.00939369 -0.00426583 -0.01949458
v 0.00931533 -0.00340024 -0.01918224
v 0.00916731 -0.00259728 -0.01887397
v 0.00893700 -0.00185805 -0.01857028
v 0.00861792 -0.00119345 -0.01827242
v 0.00820849 -0.00061383 -0.01798196
v 0.00772100 -0.00011516 -0.01770105
v 0.00717033 0.00031101 -0.01743206
v 0.00656718 0.00067513 -0.01717764
v 0.00523743 0.00125095 -0.01672336
v 0.00217923 0.00179188 -0.02205084
v 0.00342820 0.00159717 -0.02312625
v 0.00215714 0.00178490 -0.02264668
v 0.00191492 0.00172895 -0.02764214
v 0.00307465 0.00157899 -0.02806967
v 0.00590571 0.00069243 -0.02430768
v 0.00643867 0.00034353 -0.02462437
v 0.00692259 -0.00006325 -0.02494450
v 0.00735082 -0.00053449 -0.02526590
v 0.00771752 -0.00107890 -0.02558755
v 0.00801805 -0.00170447 -0.02590870
v 0.00825153 -0.00241433 -0.02622870
v 0.00841860 -0.00321184 -0.02654686
v 0.00852207 -0.00410511 -0.02686227
v 0.00866193 -0.00610333 -0.02658691
v 0.00200377 0.00174629 -0.02606219
v 0.00318686 0.00158193 -0.02654150
v 0.00472087 0.00123674 -0.02369463
v 0.00441116 0.00123902 -0.02706405
v 0.00789330 -0.00611161 -0.03132645
v 0.00757695 -0.00410291 -0.03199428
v 0.00743609 -0.00321064 -0.03198393
v 0.00598968 -0.00007628 -0.03173572
v 0.00637578 -0.00055249 -0.03181082
v 0.00671329 -0.00109686 -0.03187323
v 0.00700287 -0.00171622 -0.03192302
v 0.00724410 -0.00241814 -0.03196002
v 0.00822458 -0.00610886 -0.02975459
v 0.00806012 -0.00611039 -0.03062785
v 0.00816174 -0.00407132 -0.02940481
v 0.00780329 -0.00407873 -0.03121459
v 0.00803782 -0.00317242 -0.02920671
v 0.00767073 -0.00318119 -0.03113697
v 0.00785258 -0.00237671 -0.02899957
v 0.00748268 -0.00238664 -0.03104715
v 0.00760705 -0.00167386 -0.02878406
v 0.00724148 -0.00168494 -0.03094572
v 0.00730257 -0.00105642 -0.02856031
v 0.00694868 -0.00106749 -0.03083291
v 0.00694079 -0.00051753 -0.02832834
v 0.00660547 -0.00052633 -0.03070883
v 0.00652444 -0.00004929 -0.02808815
v 0.00621248 -0.00005414 -0.03057341
v 0.00507156 0.00069324 -0.03154763
v 0.00179927 -0.00360041 -0.00005149
v 0.00094422 -0.00360042 0.00153247
v 0.00158395 -0.00360042 0.00085504
v 0.00094422 -0.00860041 0.00153246
v 0.00179927 -0.00860042 -0.00005148
v 0.00158395 -0.00860041 0.00085504
v 0.00190631 -0.00355041 -0.00470623
v 0.00181473 -0.00355042 -0.00421076
v 0.00149318 -0.00355041 -0.00382285
v 0.00102329 -0.00355041 -0.00364097
v 0.01077989 -0.00255266 0.00010577
v 0.00307441 -0.01379104 -0.02809520
v 0.00298105 -0.01379203 -0.02958614
v 0.00419024 -0.01346299 -0.02995224
v 0.00816168 -0.00814519 -0.02941158
v 0.00342795 -0.01379197 -0.02315181
v 0.00378599 -0.01381821 -0.01638487
v 0.00523721 -0.01342336 -0.01674774
v 0.00717014 -0.01248583 -0.01745331
v 0.00772081 -0.01206058 -0.01772089
v 0.00820832 -0.01156286 -0.01800014
v 0.00861777 -0.01098424 -0.01828868
v 0.00893687 -0.01032066 -0.01858434
v 0.00916719 -0.00958248 -0.01888558
v 0.00931525 -0.00878059 -0.01919117
v 0.00939363 -0.00791608 -0.01950064
v 0.00780322 -0.00814410 -0.03122135
v 0.00723566 -0.00808971 -0.03292723
v 0.00576167 -0.01104318 -0.03438690
v 0.00507136 -0.01291735 -0.03157023
v 0.00466100 -0.01290254 -0.03292992
v 0.00559056 -0.01212204 -0.03301499
v 0.00598193 -0.01164022 -0.03303643
v 0.00632571 -0.01109090 -0.03304379
v 0.00662318 -0.01046792 -0.03303695
v 0.00687442 -0.00976474 -0.03301556
v 0.00397198 -0.01346030 -0.03133651
v 0.00852200 -0.00810251 -0.02686891
v 0.00841851 -0.00899470 -0.02655646
v 0.00825142 -0.00979111 -0.02624095
v 0.00801791 -0.01049986 -0.02592331
v 0.00771737 -0.01112433 -0.02560424
v 0.00735065 -0.01166763 -0.02528440
v 0.00692240 -0.01213776 -0.02496455
v 0.00643847 -0.01254346 -0.02464577
v 0.00656696 -0.01284908 -0.01720011
v 0.00472064 -0.01343348 -0.02371900
v 0.00590551 -0.01289127 -0.02433024
v 0.00318662 -0.01378865 -0.02656702
v 0.00441093 -0.01344752 -0.02708844
v 0.00528327 -0.01292640 -0.03029212
v 0.00757688 -0.00812265 -0.03200096
v 0.00598949 -0.01214845 -0.03175578
v 0.00637560 -0.01167249 -0.03182929
v 0.00671314 -0.01112833 -0.03188989
v 0.00700274 -0.01050912 -0.03193763
v 0.00724399 -0.00980733 -0.03197229
v 0.00743600 -0.00901489 -0.03199357
v 0.00652425 -0.01216271 -0.02810827
v 0.00621229 -0.01216653 -0.03059353
v 0.00694062 -0.01169529 -0.02834691
v 0.00660530 -0.01169480 -0.03072738
v 0.00730241 -0.01115719 -0.02857709
v 0.00694852 -0.01115406 -0.03084967
v 0.00760692 -0.01054052 -0.02879879
v 0.00724134 -0.01053699 -0.03096042
v 0.00785247 -0.00983840 -0.02901196
v 0.00748257 -0.00983563 -0.03105953
v 0.00803773 -0.00904340 -0.02921645
v 0.00767063 -0.00904139 -0.03114670
f 1 2 3
f 4 2 5
f 5 2 6
f 5 6 7
f 7 6 8
f 7 8 9
f 9 8 10
f 9 10 11
f 11 10 12
f 13 14 15
f 15 14 16
f 15 16 17
f 17 16 18
f 17 18 19
f 15 20 13
f 13 20 21
f 13 21 22
f 22 21 7
f 22 7 23
f 23 7 9
f 3 2 24
f 24 2 4
f 24 4 25
f 25 4 26
f 25 26 27
f 27 26 28
f 27 28 29
f 30 31 32
f 32 31 33
f 32 33 34
f 34 33 35
f 34 35 36
f 36 35 37
f 36 37 12
f 12 37 38
f 1 3 39
f 39 3 40
f 39 40 41
f 41 40 42
f 41 42 43
f 43 42 44
f 43 44 30
f 30 44 45
f 30 45 31
f 29 28 46
f 46 28 47
f 46 47 48
f 38 49 12
f 12 49 50
f 12 50 11
f 11 50 51
f 11 51 52
f 52 51 53
f 47 54 48
f 48 54 55
f 48 55 56
f 56 55 19
f 56 19 57
f 57 19 18
f 58 59 60
f 60 59 61
f 61 59 62
f 61 62 63
f 63 62 64
f 63 64 65
f 66 67 68
f 68 67 69
f 68 69 70
f 70 69 71
f 70 71 72
f 71 73 72
f 72 73 74
f 72 74 75
f 75 74 76
f 75 76 77
f 78 79 80
f 80 79 81
f 80 81 66
f 66 81 82
f 66 82 67
f 83 84 85
f 85 84 86
f 85 86 87
f 60 88 58
f 58 88 79
f 58 79 89
f 89 79 78
f 89 78 87
f 87 78 90
f 76 91 77
f 77 91 92
f 77 92 93
f 93 92 94
f 93 94 95
f 95 94 85
f 95 85 96
f 96 85 87
f 96 87 97
f 97 87 90
f 65 64 98
f 98 64 99
f 98 99 100
f 100 99 101
f 100 101 102
f 103 84 104
f 104 84 83
f 104 83 105
f 105 83 106
f 105 106 107
f 101 108 102
f 102 108 109
f 102 109 110
f 110 109 103
f 110 103 111
f 111 103 104
f 112 113 114
f 115 112 116
f 116 112 114
f 116 114 117
f 118 119 120
f 121 122 123
f 122 124 123
f 123 124 125
f 123 125 126
f 126 125 118
f 126 118 127
f 127 118 120
f 115 116 128
f 128 116 129
f 128 129 130
f 130 129 131
f 130 131 119
f 119 131 132
f 119 132 120
f 133 134 135
f 135 134 136
f 135 136 137
f 121 123 138
f 138 123 139
f 138 139 140
f 140 141 138
f 138 141 142
f 138 142 143
f 143 144 138
f 138 144 145
f 138 145 146
f 146 145 147
f 146 147 135
f 135 147 148
f 135 148 133
f 149 150 151
f 151 150 152
f 151 152 153
f 154 155 156
f 156 155 157
f 156 157 149
f 149 157 158
f 149 158 150
f 154 156 159
f 159 156 160
f 159 160 161
f 137 162 135
f 135 162 159
f 135 159 163
f 163 159 161
f 164 165 166
f 167 164 168
f 168 164 166
f 168 166 169
f 169 166 170
f 169 170 153
f 153 170 171
f 153 171 151
f 117 114 172
f 117 172 173
f 172 174 173
f 173 174 175
f 173 175 176
f 176 175 177
f 176 177 178
f 178 177 179
f 178 179 180
f 180 179 181
f 180 181 182
f 182 181 183
f 182 183 184
f 184 183 185
f 184 185 186
f 186 185 187
f 186 187 188
f 188 187 189
f 188 189 190
f 190 189 191
f 190 191 192
f 192 191 193
f 192 193 194
f 194 193 195
f 195 196 194
f 194 196 197
f 194 197 198
f 198 197 199
f 198 199 200
f 200 199 201
f 201 199 202
f 201 202 203
f 202 204 203
f 203 204 205
f 203 205 206
f 205 207 206
f 206 207 208
f 206 208 209
f 209 208 210
f 209 210 211
f 211 210 212
f 211 212 213
f 212 214 213
f 213 214 215
f 213 215 216
f 216 215 217
f 216 217 218
f 217 219 218
f 218 219 220
f 218 220 221
f 221 220 222
f 221 222 223
f 222 224 223
f 223 224 225
f 223 225 226
f 225 227 226
f 226 227 228
f 226 228 229
f 229 228 230
f 229 230 231
f 231 230 232
f 230 233 232
f 232 233 234
f 232 234 235
f 235 234 236
f 235 236 237
f 236 238 237
f 237 238 239
f 237 239 240
f 240 239 241
f 239 242 241
f 241 242 243
f 241 243 244
f 244 243 245
f 244 245 246
f 246 245 247
f 246 247 248
f 247 249 248
f 248 249 250
f 248 250 251
f 251 250 252
f 251 252 253
f 253 252 254
f 253 254 255
f 255 254 256
f 256 254 257
f 256 257 258
f 258 257 259
f 259 257 260
f 259 260 261
f 261 260 262
f 261 262 263
f 262 264 263
f 263 264 265
f 263 265 266
f 266 265 267
f 266 267 268
f 268 267 269
f 269 267 270
f 269 270 271
f 271 270 272
f 271 272 273
f 273 272 274
f 273 274 275
f 275 274 276
f 275 276 277
f 277 276 278
f 277 278 279
f 279 278 280
f 279 280 281
f 281 280 282
f 282 280 283
f 282 283 284
f 284 283 285
f 284 285 286
f 286 285 287
f 286 287 288
f 288 287 289
f 289 287 290
f 289 290 291
f 291 290 292
f 291 292 293
f 292 294 293
f 293 294 164
f 293 164 167
f 295 296 297
f 151 171 298
f 166 165 299
f 166 299 170
f 151 298 149
f 300 146 135
f 171 170 298
f 298 170 299
f 298 299 301
f 301 299 52
f 301 52 302
f 302 52 53
f 302 53 296
f 296 53 303
f 296 303 297
f 297 304 300
f 297 300 295
f 295 300 135
f 295 135 296
f 296 135 163
f 296 163 302
f 302 163 161
f 302 161 301
f 301 161 160
f 301 160 298
f 298 160 156
f 298 156 149
f 118 125 305
f 146 300 306
f 307 308 309
f 300 304 306
f 306 304 307
f 306 307 310
f 310 307 309
f 310 309 311
f 311 309 107
f 146 306 138
f 138 306 310
f 138 310 121
f 121 310 311
f 121 311 122
f 122 311 312
f 122 312 124
f 118 305 119
f 115 128 305
f 305 128 130
f 305 130 119
f 313 113 305
f 305 113 112
f 305 112 115
f 107 106 311
f 311 106 313
f 311 313 312
f 312 313 305
f 312 305 124
f 124 305 125
f 314 315 316
f 314 316 317
f 316 318 317
f 317 318 319
f 317 319 320
f 320 319 321
f 320 321 322
f 322 321 323
f 322 323 324
f 324 323 325
f 325 323 326
f 325 326 327
f 327 326 328
f 328 326 329
f 328 329 330
f 330 329 331
f 330 331 332
f 332 331 333
f 333 331 334
f 333 334 335
f 322 324 336
f 336 324 337
f 338 339 340
f 341 342 343
f 343 342 344
f 340 339 345
f 345 339 346
f 345 346 347
f 348 349 350
f 350 349 338
f 350 338 351
f 351 338 340
f 352 353 354
f 355 356 357
f 333 335 358
f 315 359 360
f 360 359 361
f 360 361 362
f 362 361 363
f 364 365 363
f 366 367 365
f 343 368 341
f 341 368 369
f 341 369 370
f 371 344 372
f 372 344 342
f 372 342 373
f 373 342 341
f 373 341 374
f 374 341 370
f 374 370 375
f 346 371 347
f 347 371 372
f 347 372 376
f 376 372 373
f 376 373 377
f 377 373 374
f 377 374 366
f 366 374 375
f 366 375 367
f 365 364 366
f 366 364 378
f 366 378 377
f 377 378 379
f 377 379 376
f 376 379 380
f 376 380 347
f 347 380 381
f 347 381 345
f 345 381 382
f 345 382 340
f 340 382 383
f 340 383 351
f 351 383 352
f 351 352 350
f 350 352 354
f 350 354 348
f 363 361 364
f 364 361 384
f 364 384 378
f 378 384 385
f 378 385 379
f 379 385 386
f 379 386 380
f 380 386 387
f 380 387 381
f 381 387 388
f 381 388 382
f 382 388 389
f 382 389 383
f 383 389 355
f 383 355 352
f 352 355 357
f 352 357 353
f 390 391 392
f 392 391 393
f 392 393 394
f 394 393 395
f 394 395 396
f 396 395 397
f 396 397 398
f 391 332 393
f 393 332 333
f 393 333 395
f 395 333 358
f 395 358 397
f 324 325 337
f 337 325 327
f 337 327 399
f 399 327 328
f 399 328 330
f 320 322 400
f 400 322 336
f 400 336 401
f 401 336 337
f 401 337 390
f 390 337 399
f 390 399 391
f 391 399 330
f 391 330 332
f 314 317 402
f 402 317 320
f 402 320 403
f 403 320 400
f 403 400 404
f 404 400 401
f 404 401 405
f 405 401 390
f 405 390 406
f 406 390 392
f 406 392 407
f 407 392 394
f 407 394 408
f 408 394 396
f 408 396 409
f 409 396 398
f 315 314 359
f 359 314 402
f 359 402 361
f 361 402 403
f 361 403 384
f 384 403 404
f 384 404 385
f 385 404 405
f 385 405 386
f 386 405 406
f 386 406 387
f 387 406 407
f 387 407 388
f 388 407 408
f 388 408 389
f 389 408 409
f 389 409 355
f 355 409 398
f 355 398 356
f 346 339 410
f 410 339 338
f 371 346 344
f 344 346 410
f 344 410 343
f 343 410 368
f 411 412 410
f 410 412 413
f 410 413 368
f 338 349 410
f 410 349 348
f 410 348 414
f 415 411 416
f 416 411 410
f 416 410 417
f 417 410 414
f 418 419 420
f 421 422 423
f 367 375 424
f 417 414 425
f 412 426 413
f 413 426 369
f 413 369 368
f 370 369 427
f 427 369 426
f 427 426 428
f 428 426 412
f 428 412 429
f 429 412 411
f 429 411 430
f 430 411 415
f 430 415 431
f 431 415 416
f 431 416 432
f 367 424 365
f 363 433 362
f 362 433 434
f 362 434 360
f 435 436 437
f 423 422 435
f 435 422 438
f 435 438 436
f 421 423 439
f 439 423 440
f 439 440 441
f 441 440 442
f 441 442 443
f 443 442 444
f 444 442 445
f 444 445 446
f 446 445 447
f 446 447 448
f 358 335 449
f 358 450 397
f 397 450 451
f 397 451 398
f 452 357 451
f 451 357 356
f 451 356 398
f 414 348 425
f 425 348 354
f 425 354 452
f 452 354 353
f 452 353 357
f 375 370 424
f 424 370 427
f 424 427 453
f 453 427 428
f 453 428 454
f 454 428 429
f 454 429 455
f 455 429 430
f 455 430 456
f 456 430 431
f 456 431 457
f 457 431 432
f 363 365 433
f 433 365 424
f 433 424 458
f 458 424 453
f 458 453 459
f 459 453 454
f 459 454 460
f 460 454 455
f 460 455 461
f 461 455 456
f 461 456 462
f 462 456 457
f 462 463 461
f 461 463 464
f 461 464 460
f 460 464 465
f 460 465 459
f 459 465 466
f 459 466 458
f 458 466 467
f 458 467 433
f 433 467 468
f 433 468 434
f 434 468 315
f 434 315 360
f 416 417 432
f 432 417 425
f 432 425 457
f 457 425 452
f 457 452 462
f 462 452 451
f 462 451 463
f 463 451 450
f 463 450 419
f 419 450 358
f 419 358 420
f 420 358 449
f 420 449 418
f 418 448 419
f 419 448 447
f 419 447 463
f 463 447 445
f 463 445 464
f 464 445 442
f 464 442 465
f 465 442 440
f 465 440 466
f 466 440 423
f 466 423 467
f 467 423 435
f 467 435 468
f 468 435 437
f 468 437 315
f 437 316 315
f 449 335 334
f 449 334 418
f 446 448 469
f 469 448 418
f 469 418 470
f 470 418 334
f 446 469 444
f 444 469 471
f 444 471 443
f 443 471 441
f 441 471 472
f 441 472 439
f 439 472 421
f 421 472 473
f 421 473 422
f 422 473 438
f 438 473 474
f 438 474 436
f 436 474 475
f 436 475 437
f 437 475 476
f 437 476 316
f 477 478 479
f 479 478 480
f 477 481 478
f 478 481 482
f 478 482 483
f 483 482 484
f 483 484 485
f 485 484 486
f 485 486 487
f 487 486 488
f 487 488 489
f 489 488 490
f 489 490 491
f 491 490 492
f 491 492 493
f 493 492 494
f 494 492 495
f 494 495 496
f 497 498 499
f 500 501 502
f 482 503 504
f 505 506 502
f 507 508 509
f 509 508 510
f 505 502 511
f 511 502 501
f 511 501 512
f 513 514 512
f 512 501 513
f 513 501 500
f 513 500 515
f 515 500 516
f 515 516 517
f 517 516 518
f 518 516 519
f 518 519 520
f 521 482 481
f 482 504 484
f 484 504 522
f 484 522 486
f 486 522 523
f 486 523 488
f 488 523 524
f 488 524 490
f 490 524 525
f 490 525 492
f 526 495 492
f 496 495 527
f 527 495 526
f 527 526 528
f 492 525 526
f 526 525 529
f 526 529 528
f 509 530 507
f 507 530 531
f 507 531 532
f 479 520 477
f 477 520 519
f 477 519 533
f 533 519 516
f 533 516 534
f 534 516 500
f 534 500 535
f 535 500 502
f 535 502 536
f 536 502 506
f 536 506 499
f 537 510 538
f 538 510 508
f 538 508 539
f 539 508 507
f 539 507 540
f 540 507 532
f 540 532 541
f 541 542 540
f 540 542 543
f 540 543 539
f 539 543 544
f 539 544 538
f 538 544 545
f 538 545 537
f 499 498 536
f 536 498 546
f 536 546 535
f 535 546 547
f 535 547 534
f 534 547 521
f 534 521 533
f 533 521 481
f 533 481 477
f 482 521 503
f 503 521 547
f 503 547 504
f 504 547 546
f 504 546 522
f 522 546 498
f 522 498 523
f 523 498 497
f 523 497 524
f 505 537 506
f 506 537 545
f 506 545 499
f 499 545 544
f 499 544 497
f 497 544 543
f 497 543 524
f 524 543 542
f 524 542 525
f 525 542 541
f 525 541 529
f 548 549 550
f 550 549 551
f 550 551 552
f 514 553 550
f 550 553 554
f 550 554 548
f 505 511 550
f 550 511 512
f 550 512 514
f 552 555 550
f 550 555 530
f 550 530 509
f 509 510 550
f 550 510 537
f 550 537 505
f 548 556 557
f 548 557 549
f 549 557 558
f 549 558 551
f 551 558 559
f 551 559 552
f 560 541 532
f 561 527 528
f 562 496 527
f 527 561 562
f 562 561 563
f 562 563 564
f 565 566 563
f 563 566 567
f 563 567 564
f 568 569 570
f 570 569 571
f 570 571 565
f 565 571 572
f 565 572 566
f 568 570 573
f 573 570 574
f 573 574 575
f 575 574 576
f 575 576 577
f 578 579 580
f 578 580 576
f 576 580 581
f 576 581 577
f 553 514 582
f 582 514 513
f 582 513 515
f 554 553 583
f 583 553 582
f 583 582 584
f 584 582 515
f 584 515 517
f 585 586 556
f 530 555 531
f 531 555 587
f 531 587 588
f 588 587 589
f 556 586 557
f 557 586 590
f 557 590 558
f 558 590 591
f 558 591 559
f 529 541 592
f 592 541 560
f 592 560 593
f 594 595 596
f 596 595 597
f 596 597 598
f 598 597 599
f 598 599 600
f 600 599 593
f 600 593 589
f 589 593 560
f 589 560 588
f 588 560 532
f 588 532 531
f 548 554 556
f 556 554 583
f 556 583 585
f 585 583 584
f 585 584 601
f 601 584 517
f 601 517 518
f 479 579 520
f 520 579 578
f 520 578 602
f 602 578 576
f 602 576 594
f 594 576 574
f 594 574 595
f 595 574 570
f 595 570 597
f 597 570 565
f 597 565 599
f 599 565 563
f 599 563 593
f 593 563 561
f 593 561 592
f 592 561 528
f 592 528 529
f 555 552 587
f 587 552 559
f 587 559 589
f 589 559 591
f 589 591 600
f 600 591 590
f 600 590 598
f 598 590 586
f 598 586 596
f 596 586 585
f 596 585 594
f 594 585 601
f 594 601 602
f 602 601 518
f 602 518 520
f 479 480 579
f 579 480 603
f 579 603 580
f 580 603 604
f 580 604 581
f 605 573 606
f 606 573 575
f 606 575 604
f 604 575 577
f 604 577 581
f 607 569 605
f 605 569 568
f 605 568 573
f 608 566 609
f 609 566 572
f 609 572 607
f 607 572 571
f 607 571 569
f 562 564 608
f 608 564 567
f 608 567 566
f 494 496 610
f 610 496 562
f 610 562 611
f 611 562 608
f 612 613 614
f 614 613 615
f 614 615 616
f 616 615 617
f 616 617 618
f 618 617 619
f 618 619 620
f 621 620 622
f 622 620 619
f 622 619 623
f 623 619 617
f 623 617 624
f 624 617 625
f 625 617 615
f 625 615 626
f 626 615 613
f 626 613 627
f 627 613 612
f 627 612 628
f 629 630 631
f 632 633 629
f 632 629 634
f 634 629 631
f 634 631 635
f 635 636 637
f 637 636 638
f 637 638 639
f 639 638 640
f 639 640 641
f 642 640 643
f 643 640 638
f 643 638 644
f 644 638 636
f 644 636 645
f 635 631 636
f 636 631 646
f 636 646 645
f 647 648 630
f 630 648 649
f 630 649 631
f 631 649 650
f 631 650 646
f 651 652 653
f 654 655 656
f 635 637 651
f 651 637 639
f 651 639 652
f 652 639 641
f 634 655 632
f 632 655 654
f 632 654 633
f 657 658 656
f 656 658 659
f 656 659 654
f 660 661 662
f 662 661 657
f 662 657 663
f 663 657 656
f 664 665 666
f 666 665 667
f 666 667 660
f 660 667 668
f 660 668 661
f 626 627 669
f 669 670 626
f 626 670 671
f 626 671 625
f 625 671 672
f 625 672 624
f 624 672 623
f 623 672 673
f 623 673 622
f 641 674 652
f 652 674 675
f 652 675 653
f 653 675 676
f 677 678 679
f 679 678 680
f 679 680 681
f 681 680 682
f 681 682 683
f 683 682 684
f 683 684 685
f 655 677 656
f 656 677 679
f 656 679 663
f 663 679 681
f 663 681 662
f 662 681 683
f 662 683 660
f 660 683 685
f 660 685 666
f 634 635 655
f 655 635 651
f 655 651 677
f 677 651 653
f 677 653 678
f 678 653 676
f 678 676 680
f 680 676 686
f 680 686 682
f 682 686 673
f 682 673 684
f 684 673 672
f 684 672 685
f 685 672 671
f 685 671 666
f 666 671 670
f 666 670 664
f 664 670 669
f 676 675 687
f 687 675 674
f 687 674 641
f 622 673 687
f 687 673 686
f 687 686 676
f 621 622 687
f 687 641 640
f 640 642 687
f 687 642 688
f 687 688 689
f 690 621 691
f 691 621 687
f 691 687 692
f 692 687 689
f 692 689 693
f 694 618 620
f 695 696 614
f 614 696 612
f 697 698 699
f 699 698 700
f 699 700 701
f 702 703 704
f 703 702 705
f 705 702 706
f 705 706 707
f 708 649 648
f 709 646 650
f 688 642 710
f 710 642 643
f 710 643 644
f 628 612 697
f 697 612 696
f 697 696 698
f 698 696 695
f 689 688 711
f 711 688 710
f 711 710 712
f 712 710 644
f 712 644 645
f 703 713 704
f 704 713 714
f 704 714 715
f 715 714 716
f 715 716 717
f 717 716 718
f 717 718 719
f 719 718 694
f 719 694 720
f 720 694 620
f 708 721 722
f 722 721 723
f 722 723 724
f 724 723 725
f 724 725 726
f 726 725 727
f 726 727 692
f 692 727 691
f 693 689 728
f 728 689 711
f 728 711 729
f 729 711 712
f 729 712 709
f 709 712 645
f 709 645 646
f 730 701 731
f 731 701 700
f 731 700 732
f 732 700 698
f 732 698 733
f 733 698 695
f 733 695 616
f 616 695 614
f 713 730 714
f 714 730 731
f 714 731 716
f 716 731 732
f 716 732 718
f 718 732 733
f 718 733 694
f 694 733 616
f 694 616 618
f 692 693 726
f 726 693 728
f 726 728 724
f 724 728 729
f 724 729 722
f 722 729 709
f 722 709 708
f 708 709 650
f 708 650 649
f 647 707 648
f 648 707 706
f 648 706 708
f 708 706 702
f 708 702 721
f 721 702 704
f 721 704 723
f 723 704 715
f 723 715 725
f 725 715 717
f 725 717 727
f 727 717 719
f 727 719 691
f 691 719 720
f 691 720 690
f 690 720 620
f 690 620 621
f 734 628 735
f 735 628 697
f 697 699 735
f 735 699 701
f 735 701 736
f 736 701 730
f 736 730 737
f 737 730 713
f 737 713 738
f 738 713 703
f 738 703 739
f 739 703 705
f 739 705 740
f 740 705 707
f 740 707 741
f 741 707 647
f 741 647 742
f 627 628 743
f 743 628 734
f 744 633 745
f 745 633 654
f 745 654 659
f 659 658 745
f 745 658 657
f 745 657 746
f 746 657 661
f 746 661 747
f 661 668 747
f 747 668 667
f 747 667 748
f 748 667 665
f 748 665 749
f 627 743 669
f 669 743 749
f 669 749 664
f 664 749 665
f 750 742 647
f 633 744 629
f 629 744 750
f 629 750 630
f 630 750 647
f 751 752 753
f 753 752 754
f 755 756 757
f 758 751 753
f 759 760 761
f 761 760 758
f 761 758 762
f 762 758 763
f 763 758 753
f 763 753 754
f 764 765 755
f 755 765 766
f 755 766 756
f 754 764 763
f 763 764 755
f 763 755 767
f 767 755 757
f 768 769 770
f 771 772 773
f 774 775 776
f 777 778 762
f 762 778 761
f 778 779 761
f 761 779 780
f 761 780 759
f 781 782 783
f 784 785 786
f 786 785 787
f 786 787 788
f 789 790 791
f 791 790 792
f 791 792 793
f 789 791 794
f 794 791 795
f 794 795 796
f 776 775 795
f 795 775 797
f 795 797 796
f 798 799 768
f 768 799 800
f 768 800 801
f 802 803 804
f 804 803 770
f 804 770 805
f 805 770 769
f 805 769 806
f 806 769 768
f 806 768 807
f 807 768 801
f 808 809 810
f 811 812 813
f 757 756 814
f 814 756 815
f 814 815 816
f 792 787 793
f 793 787 785
f 793 785 817
f 817 785 784
f 817 784 818
f 767 757 819
f 819 757 814
f 819 814 820
f 820 814 816
f 820 816 821
f 763 767 822
f 822 767 819
f 822 819 823
f 823 819 820
f 823 820 811
f 811 820 821
f 811 821 812
f 772 774 773
f 773 774 776
f 773 776 824
f 824 776 795
f 824 795 825
f 825 795 791
f 825 791 826
f 826 791 793
f 826 793 827
f 827 793 817
f 802 771 803
f 803 771 773
f 803 773 828
f 828 773 824
f 828 824 829
f 829 824 825
f 829 825 830
f 830 825 826
f 830 826 831
f 831 826 827
f 831 827 781
f 781 827 817
f 781 817 782
f 782 817 818
f 762 763 777
f 777 763 822
f 777 822 832
f 832 822 823
f 832 823 833
f 833 823 811
f 833 811 808
f 808 811 813
f 808 813 809
f 760 759 783
f 783 759 780
f 783 780 781
f 781 780 779
f 781 779 831
f 831 779 778
f 831 778 830
f 830 778 777
f 830 777 829
f 829 777 832
f 829 832 828
f 828 832 833
f 828 833 803
f 803 833 808
f 803 808 770
f 770 808 810
f 770 810 768
f 834 835 836
f 836 835 758
f 758 835 751
f 837 838 834
f 834 838 839
f 839 840 834
f 834 840 841
f 834 841 835
f 842 843 844
f 844 843 845
f 844 845 837
f 837 845 846
f 837 846 838
f 788 842 786
f 786 842 784
f 842 844 784
f 784 844 837
f 784 837 818
f 818 837 834
f 818 834 782
f 782 834 836
f 782 836 783
f 783 836 758
f 783 758 760
f 839 838 847
f 847 838 846
f 847 846 848
f 848 846 845
f 848 845 843
f 835 841 849
f 849 841 840
f 849 840 839
f 850 754 851
f 851 754 752
f 851 752 852
f 852 752 751
f 852 751 849
f 849 751 835
f 853 854 855
f 856 854 857
f 857 854 853
f 857 853 858
f 858 853 859
f 858 859 860
f 848 861 847
f 847 861 862
f 847 862 863
f 863 862 864
f 863 864 859
f 859 864 865
f 859 865 860
f 839 866 849
f 849 866 867
f 849 867 852
f 852 867 868
f 852 868 851
f 851 868 869
f 851 869 850
f 850 869 870
f 850 870 754
f 839 847 866
f 866 847 863
f 866 863 867
f 867 863 859
f 867 859 868
f 868 859 853
f 868 853 869
f 869 853 855
f 869 855 870
f 815 756 766
f 871 798 768
f 872 873 874
f 874 873 875
f 874 875 876
f 876 875 871
f 876 871 810
f 810 871 768
f 854 856 877
f 854 877 878
f 879 880 872
f 872 880 881
f 872 881 873
f 882 855 854
f 883 765 870
f 870 765 764
f 870 764 754
f 870 855 883
f 883 855 884
f 883 884 765
f 765 884 885
f 765 885 766
f 766 885 886
f 766 886 815
f 887 821 816
f 810 809 876
f 876 809 813
f 876 813 812
f 855 882 884
f 884 882 888
f 884 888 885
f 885 888 887
f 885 887 886
f 886 887 816
f 886 816 815
f 878 879 854
f 854 879 872
f 854 872 882
f 882 872 874
f 882 874 888
f 888 874 876
f 888 876 887
f 887 876 812
f 887 812 821
f 880 879 889
f 889 879 878
f 889 878 890
f 890 878 877
f 890 877 891
f 891 877 856
f 891 856 892
f 880 889 881
f 881 889 893
f 881 893 873
f 873 893 894
f 873 894 875
f 875 894 895
f 875 895 871
f 871 895 896
f 871 896 798
f 897 799 898
f 898 799 798
f 898 798 896
f 804 805 899
f 899 805 806
f 899 806 900
f 900 806 807
f 900 807 901
f 901 807 801
f 901 801 897
f 897 801 800
f 897 800 799
f 804 899 802
f 802 899 902
f 802 902 771
f 771 902 903
f 771 903 772
f 772 903 774
f 774 903 904
f 774 904 775
f 775 904 905
f 775 905 797
f 797 905 906
f 797 906 796
f 796 906 794
f 794 906 907
f 794 907 789
f 908 909 788
f 788 787 908
f 908 787 792
f 908 792 907
f 907 792 790
f 907 790 789
f 788 909 842
f 842 909 910
f 842 910 843
f 843 910 911
f 860 865 912
f 912 865 864
f 912 864 913
f 913 864 862
f 913 862 914
f 914 862 861
f 914 861 911
f 911 861 848
f 911 848 843
f 860 912 858
f 858 912 915
f 858 915 857
f 857 915 892
f 857 892 856
f 916 917 918
f 919 920 921
f 921 920 922
f 923 924 925
f 925 924 926
f 925 926 927
f 927 926 922
f 927 922 928
f 928 922 920
f 919 921 929
f 929 921 930
f 929 930 931
f 917 916 931
f 931 916 932
f 931 932 929
f 933 934 935
f 935 934 936
f 935 936 918
f 918 936 937
f 918 937 916
f 938 939 940
f 940 939 933
f 933 939 941
f 933 941 934
f 942 943 944
f 945 946 947
f 947 946 948
f 946 949 948
f 948 949 950
f 948 950 951
f 951 950 952
f 951 952 953
f 953 952 954
f 953 954 955
f 954 956 955
f 955 956 957
f 955 957 958
f 958 957 959
f 958 959 960
f 961 962 963
f 963 962 964
f 965 941 966
f 966 941 939
f 966 939 963
f 963 939 961
f 961 939 938
f 937 936 965
f 965 936 934
f 965 934 941
f 967 916 968
f 968 916 937
f 968 937 969
f 969 937 965
f 920 919 970
f 970 919 929
f 970 929 967
f 967 929 932
f 967 932 916
f 920 970 928
f 928 970 971
f 928 971 927
f 927 971 944
f 927 944 925
f 925 944 943
f 925 943 923
f 972 973 942
f 974 975 973
f 947 976 945
f 945 976 977
f 945 977 975
f 975 974 945
f 945 974 978
f 945 978 946
f 946 978 979
f 946 979 949
f 949 979 980
f 949 980 950
f 950 980 981
f 950 981 952
f 952 981 982
f 952 982 954
f 954 982 983
f 954 983 956
f 956 983 984
f 956 984 957
f 957 984 985
f 957 985 959
f 959 985 986
f 959 986 960
f 973 972 974
f 974 972 987
f 974 987 978
f 978 987 988
f 978 988 979
f 979 988 989
f 979 989 980
f 980 989 990
f 980 990 981
f 981 990 991
f 981 991 982
f 982 991 992
f 982 992 983
f 983 992 993
f 983 993 984
f 984 993 994
f 984 994 985
f 985 994 995
f 985 995 986
f 942 944 972
f 972 944 971
f 972 971 987
f 987 971 970
f 987 970 988
f 988 970 967
f 988 967 989
f 989 967 968
f 989 968 990
f 990 968 969
f 990 969 991
f 991 969 965
f 991 965 992
f 992 965 966
f 992 966 993
f 993 966 963
f 993 963 994
f 994 963 964
f 994 964 995
f 996 997 998
f 998 997 999
f 998 999 1000
f 998 960 1001
f 996 998 1002
f 1002 998 1001
f 1002 1001 1003
f 1000 976 998
f 998 976 947
f 998 947 948
f 958 960 955
f 955 960 998
f 955 998 953
f 953 998 948
f 953 948 951
f 1004 1005 1006
f 942 973 1007
f 1008 1001 960
f 999 1009 1000
f 1000 1009 977
f 1000 977 976
f 975 977 1010
f 1010 977 1009
f 1010 1009 1011
f 1011 1009 999
f 1011 999 997
f 1012 923 943
f 1013 1014 1015
f 1015 1014 1016
f 1015 1016 1017
f 1017 1016 1012
f 1017 1012 1018
f 1018 1012 943
f 1018 943 942
f 1013 1015 1019
f 1019 1015 1020
f 1019 1020 1021
f 1021 1020 1022
f 1021 1022 1023
f 1023 1022 1024
f 1023 1024 1025
f 1025 1024 1026
f 1025 1026 1027
f 1028 1029 1026
f 1026 1029 1030
f 1026 1030 1027
f 1004 1006 938
f 960 986 1008
f 1008 986 995
f 1008 995 1031
f 1031 995 964
f 1031 964 1032
f 1032 964 962
f 1032 962 1006
f 1006 962 961
f 1006 961 938
f 1033 1034 1035
f 1035 1034 1036
f 1035 1036 1037
f 1037 1036 1038
f 1037 1038 1039
f 1039 1038 1040
f 1039 1040 1041
f 1041 1040 1042
f 1041 1042 1043
f 1043 1042 1044
f 1043 1044 1045
f 1007 1033 1046
f 1046 1033 1035
f 1046 1035 1047
f 1047 1035 1037
f 1047 1037 1048
f 1048 1037 1039
f 1048 1039 1049
f 1049 1039 1041
f 1049 1041 1050
f 1050 1041 1043
f 1050 1043 1051
f 1051 1043 1045
f 1051 1045 1052
f 942 1007 1018
f 1018 1007 1046
f 1018 1046 1017
f 1017 1046 1047
f 1017 1047 1015
f 1015 1047 1048
f 1015 1048 1020
f 1020 1048 1049
f 1020 1049 1022
f 1022 1049 1050
f 1022 1050 1024
f 1024 1050 1051
f 1024 1051 1026
f 1026 1051 1052
f 1026 1052 1028
f 973 975 1007
f 1007 975 1010
f 1007 1010 1033
f 1033 1010 1011
f 1033 1011 1034
f 1034 1011 997
f 1034 997 1036
f 1036 997 996
f 1036 996 1038
f 1038 996 1002
f 1038 1002 1040
f 1040 1002 1003
f 1040 1003 1042
f 1042 1003 1001
f 1042 1001 1044
f 1044 1001 1008
f 1044 1008 1045
f 1045 1008 1031
f 1045 1031 1052
f 1052 1031 1032
f 1052 1032 1028
f 1028 1032 1006
f 1028 1006 1029
f 1029 1006 1005
f 1029 1053 1054
f 938 940 1053
f 1029 1005 1053
f 1053 1005 1004
f 1053 1004 938
f 1025 1027 1054
f 1054 1027 1030
f 1054 1030 1029
f 1054 1055 1025
f 1025 1055 1056
f 1025 1056 1023
f 1023 1056 1057
f 1023 1057 1021
f 1016 1014 1058
f 1058 1014 1013
f 1058 1013 1057
f 1057 1013 1019
f 1057 1019 1021
f 923 1012 924
f 924 1012 1016
f 924 1016 1059
f 1059 1016 1058
f 1060 1061 1062
f 1063 1064 1065
f 1065 1064 1066
f 1067 1068 1069
f 1067 1069 1064
f 1064 1069 1070
f 1064 1070 1066
f 1062 1061 1067
f 1067 1061 1071
f 1067 1071 1068
f 1072 1073 1062
f 1062 1073 1074
f 1062 1074 1060
f 1075 1076 1077
f 1077 1076 1078
f 1077 1078 1079
f 1078 1080 1079
f 1079 1080 1081
f 1079 1081 1082
f 1082 1081 1083
f 1082 1083 1072
f 1072 1083 1084
f 1072 1084 1073
f 1075 1077 1085
f 1085 1077 1086
f 1085 1086 1087
f 1088 1089 1090
f 1090 1089 1086
f 1086 1089 1091
f 1086 1091 1087
f 1071 1061 1092
f 1093 1094 1095
f 1095 1094 1096
f 1095 1096 1097
f 1098 1099 1100
f 1101 1102 1103
f 1104 1105 1106
f 1088 1105 1089
f 1089 1105 1104
f 1091 1089 1107
f 1107 1089 1104
f 1107 1104 1097
f 1097 1104 1106
f 1097 1106 1095
f 1087 1108 1085
f 1085 1108 1109
f 1085 1109 1075
f 1075 1109 1076
f 1076 1109 1110
f 1076 1110 1078
f 1080 1111 1081
f 1081 1111 1112
f 1081 1112 1083
f 1083 1112 1113
f 1083 1113 1084
f 1061 1060 1092
f 1092 1060 1114
f 1092 1114 1115
f 1069 1068 1116
f 1116 1068 1117
f 1116 1117 1118
f 1119 1066 1070
f 1065 1066 1120
f 1120 1066 1119
f 1120 1119 1121
f 1100 1122 1098
f 1098 1122 1123
f 1098 1123 1124
f 1124 1123 1121
f 1124 1121 1125
f 1125 1121 1119
f 1125 1119 1126
f 1126 1119 1070
f 1101 1103 1127
f 1101 1127 1128
f 1128 1127 1129
f 1128 1129 1130
f 1130 1129 1131
f 1132 1133 1134
f 1134 1133 1135
f 1134 1135 1136
f 1136 1135 1137
f 1087 1091 1138
f 1138 1091 1107
f 1138 1107 1130
f 1130 1107 1097
f 1130 1097 1128
f 1128 1097 1096
f 1128 1096 1101
f 1101 1096 1094
f 1101 1094 1102
f 1102 1094 1093
f 1127 1132 1129
f 1129 1132 1134
f 1129 1134 1131
f 1131 1134 1136
f 1131 1136 1139
f 1087 1138 1108
f 1108 1138 1130
f 1108 1130 1109
f 1109 1130 1131
f 1109 1131 1110
f 1110 1131 1139
f 1110 1139 1078
f 1074 1073 1140
f 1140 1073 1141
f 1140 1141 1142
f 1142 1141 1137
f 1142 1137 1143
f 1143 1137 1135
f 1143 1135 1144
f 1144 1135 1133
f 1073 1084 1141
f 1141 1084 1113
f 1141 1113 1137
f 1137 1113 1112
f 1137 1112 1136
f 1136 1112 1111
f 1136 1111 1139
f 1139 1111 1080
f 1139 1080 1078
f 1060 1074 1114
f 1114 1074 1140
f 1114 1140 1115
f 1115 1140 1142
f 1115 1142 1145
f 1145 1142 1143
f 1145 1143 1146
f 1146 1143 1144
f 1146 1144 1147
f 1147 1144 1133
f 1147 1133 1148
f 1148 1133 1132
f 1148 1132 1149
f 1149 1132 1127
f 1149 1127 1150
f 1150 1127 1103
f 1068 1071 1117
f 1117 1071 1092
f 1117 1092 1118
f 1118 1092 1115
f 1118 1115 1151
f 1151 1115 1145
f 1151 1145 1152
f 1152 1145 1146
f 1152 1146 1153
f 1153 1146 1147
f 1070 1069 1126
f 1126 1069 1116
f 1126 1116 1125
f 1125 1116 1118
f 1125 1118 1124
f 1124 1118 1151
f 1124 1151 1098
f 1098 1151 1152
f 1098 1152 1099
f 1099 1152 1153
f 1154 1150 1155
f 1147 1148 1154
f 1154 1148 1149
f 1154 1149 1150
f 1153 1147 1099
f 1099 1147 1154
f 1099 1154 1100
f 1100 1154 1155
f 1150 1103 1155
f 1155 1103 1156
f 1156 1103 1102
f 1102 1093 1156
f 1156 1093 1157
f 1156 1157 1158
f 1159 1155 1160
f 1160 1155 1156
f 1160 1156 1161
f 1161 1156 1158
f 1161 1158 1162
f 1163 1164 1165
f 1166 1167 1168
f 1121 1169 1170
f 1157 1093 1095
f 1157 1095 1158
f 1122 1100 1171
f 1171 1100 1155
f 1123 1122 1172
f 1172 1122 1171
f 1172 1171 1173
f 1173 1171 1155
f 1173 1155 1159
f 1121 1170 1120
f 1120 1170 1174
f 1120 1174 1065
f 1175 1176 1177
f 1177 1176 1178
f 1179 1180 1181
f 1181 1180 1182
f 1181 1182 1175
f 1175 1182 1183
f 1175 1183 1176
f 1184 1185 1186
f 1186 1185 1187
f 1186 1187 1188
f 1188 1187 1189
f 1190 1191 1192
f 1192 1191 1193
f 1192 1193 1194
f 1194 1193 1195
f 1194 1195 1196
f 1197 1198 1199
f 1088 1198 1105
f 1105 1198 1197
f 1105 1197 1106
f 1199 1200 1197
f 1197 1200 1201
f 1197 1201 1106
f 1106 1201 1202
f 1106 1202 1095
f 1095 1202 1203
f 1095 1203 1158
f 1204 1164 1205
f 1205 1164 1163
f 1205 1163 1206
f 1207 1208 1209
f 1209 1208 1210
f 1209 1210 1211
f 1212 1213 1214
f 1215 1207 1216
f 1216 1207 1209
f 1216 1209 1217
f 1217 1209 1211
f 1217 1211 1218
f 1214 1219 1220
f 1220 1219 1221
f 1220 1221 1174
f 1222 1212 1223
f 1223 1212 1214
f 1223 1214 1169
f 1169 1214 1220
f 1169 1220 1170
f 1170 1220 1174
f 1167 1179 1168
f 1168 1179 1224
f 1168 1224 1206
f 1206 1224 1213
f 1206 1213 1205
f 1205 1213 1212
f 1205 1212 1204
f 1204 1212 1222
f 1224 1179 1181
f 1224 1181 1213
f 1213 1181 1175
f 1213 1175 1214
f 1214 1175 1177
f 1214 1177 1219
f 1219 1177 1178
f 1219 1178 1221
f 1166 1168 1225
f 1225 1168 1206
f 1225 1206 1215
f 1215 1206 1163
f 1215 1163 1207
f 1207 1163 1165
f 1207 1165 1208
f 1217 1184 1216
f 1216 1184 1186
f 1216 1186 1215
f 1215 1186 1188
f 1215 1188 1225
f 1225 1188 1189
f 1225 1189 1166
f 1226 1196 1227
f 1227 1196 1195
f 1227 1195 1218
f 1218 1195 1193
f 1218 1193 1217
f 1217 1193 1191
f 1217 1191 1184
f 1184 1191 1190
f 1184 1190 1185
f 1199 1226 1200
f 1200 1226 1227
f 1200 1227 1201
f 1201 1227 1218
f 1201 1218 1202
f 1202 1218 1211
f 1202 1211 1203
f 1203 1211 1210
f 1203 1210 1158
f 1158 1210 1208
f 1158 1208 1162
f 1162 1208 1165
f 1162 1165 1161
f 1161 1165 1164
f 1161 1164 1160
f 1160 1164 1204
f 1160 1204 1159
f 1159 1204 1222
f 1159 1222 1173
f 1173 1222 1223
f 1173 1223 1172
f 1172 1223 1169
f 1172 1169 1123
f 1123 1169 1121
f 1090 1228 1088
f 1088 1228 1198
f 1229 1226 1228
f 1228 1226 1199
f 1228 1199 1198
f 1230 1190 1231
f 1231 1190 1192
f 1231 1192 1232
f 1232 1192 1194
f 1232 1194 1229
f 1229 1194 1196
f 1229 1196 1226
f 1166 1189 1233
f 1233 1189 1187
f 1233 1187 1230
f 1230 1187 1185
f 1230 1185 1190
f 1166 1233 1167
f 1167 1233 1234
f 1167 1234 1179
f 1183 1182 1235
f 1235 1182 1180
f 1235 1180 1234
f 1234 1180 1179
f 1183 1235 1176
f 1176 1235 1236
f 1176 1236 1178
f 1065 1174 1063
f 1063 1174 1236
f 1236 1174 1221
f 1236 1221 1178
f 1237 1238 1239
f 1239 1238 1240
f 1239 1240 1241
f 1241 1240 1242
f 1240 1243 1242
f 1242 1243 1244
f 1242 1244 1245
f 1245 1244 1246
f 1246 1244 1247
f 1246 1247 1248
f 1248 1247 1249
f 1248 1249 1250
f 1250 1249 1251
f 1250 1251 1252
f 1253 1254 1255
f 1255 1254 1256
f 1255 1256 1251
f 1251 1256 1257
f 1251 1257 1252
f 1258 1259 1260
f 1260 1259 1253
f 1253 1259 1261
f 1253 1261 1254
f 1239 1241 1262
f 1263 1264 1265
f 1263 1265 1266
f 1267 1268 1269
f 1269 1268 1270
f 1271 1268 1272
f 1272 1268 1267
f 1272 1267 1273
f 1273 1267 1269
f 1273 1269 1274
f 1275 1276 1277
f 1277 1276 1259
f 1277 1259 1258
f 1256 1254 1278
f 1278 1254 1261
f 1278 1261 1279
f 1279 1261 1259
f 1256 1278 1257
f 1257 1278 1280
f 1257 1280 1252
f 1252 1280 1281
f 1252 1281 1250
f 1250 1281 1282
f 1250 1282 1248
f 1248 1282 1283
f 1248 1283 1246
f 1284 1242 1283
f 1283 1242 1245
f 1283 1245 1246
f 1239 1262 1237
f 1266 1265 1285
f 1285 1265 1286
f 1285 1286 1287
f 1287 1286 1288
f 1287 1288 1289
f 1289 1288 1290
f 1289 1290 1262
f 1262 1290 1291
f 1262 1291 1237
f 1292 1271 1293
f 1293 1271 1272
f 1293 1272 1294
f 1294 1272 1273
f 1294 1273 1295
f 1295 1273 1274
f 1295 1274 1296
f 1297 1298 1299
f 1299 1298 1300
f 1299 1300 1301
f 1301 1300 1302
f 1301 1302 1303
f 1303 1302 1304
f 1303 1304 1305
f 1275 1292 1276
f 1276 1292 1293
f 1276 1293 1306
f 1306 1293 1294
f 1306 1294 1307
f 1307 1294 1295
f 1307 1295 1308
f 1308 1295 1296
f 1308 1296 1309
f 1310 1297 1311
f 1311 1297 1299
f 1311 1299 1312
f 1312 1299 1301
f 1312 1301 1313
f 1313 1301 1303
f 1313 1303 1314
f 1314 1303 1305
f 1314 1305 1315
f 1279 1310 1278
f 1278 1310 1311
f 1278 1311 1280
f 1280 1311 1312
f 1280 1312 1281
f 1281 1312 1313
f 1281 1313 1282
f 1282 1313 1314
f 1282 1314 1283
f 1283 1314 1315
f 1283 1315 1284
f 1241 1242 1262
f 1262 1242 1284
f 1262 1284 1289
f 1289 1284 1315
f 1289 1315 1287
f 1287 1315 1305
f 1287 1305 1285
f 1285 1305 1304
f 1285 1304 1266
f 1266 1304 1302
f 1266 1302 1316
f 1316 1302 1300
f 1316 1300 1309
f 1309 1300 1298
f 1309 1298 1308
f 1308 1298 1297
f 1308 1297 1307
f 1307 1297 1310
f 1307 1310 1306
f 1306 1310 1279
f 1306 1279 1276
f 1276 1279 1259
f 1317 1318 1319
f 1319 1318 1320
f 1319 1269 1270
f 1321 1317 1322
f 1322 1317 1319
f 1322 1319 1323
f 1323 1319 1270
f 1309 1296 1319
f 1319 1296 1274
f 1319 1274 1269
f 1320 1324 1319
f 1319 1324 1264
f 1319 1264 1263
f 1263 1266 1319
f 1319 1266 1316
f 1319 1316 1309
f 1275 1277 1325
f 1323 1326 1327
f 1323 1327 1322
f 1322 1327 1328
f 1322 1328 1321
f 1321 1328 1329
f 1321 1329 1317
f 1317 1329 1330
f 1317 1330 1318
f 1331 1324 1332
f 1332 1324 1320
f 1332 1320 1333
f 1333 1320 1318
f 1333 1318 1334
f 1334 1318 1330
f 1335 1288 1286
f 1336 1237 1291
f 1337 1338 1339
f 1339 1338 1340
f 1339 1340 1341
f 1341 1340 1336
f 1341 1336 1342
f 1342 1336 1291
f 1342 1291 1290
f 1337 1339 1343
f 1343 1339 1344
f 1343 1344 1345
f 1345 1344 1346
f 1345 1346 1347
f 1347 1346 1348
f 1347 1348 1349
f 1349 1348 1350
f 1349 1350 1351
f 1351 1350 1352
f 1351 1352 1353
f 1353 1352 1325
f 1353 1325 1354
f 1277 1258 1325
f 1325 1258 1355
f 1325 1355 1354
f 1356 1292 1275
f 1323 1270 1326
f 1326 1270 1268
f 1326 1268 1271
f 1264 1324 1265
f 1265 1324 1331
f 1265 1331 1357
f 1357 1331 1332
f 1357 1332 1358
f 1358 1332 1333
f 1358 1333 1359
f 1359 1333 1334
f 1359 1334 1360
f 1360 1334 1330
f 1360 1330 1361
f 1361 1330 1329
f 1361 1329 1362
f 1362 1329 1328
f 1362 1328 1363
f 1363 1328 1327
f 1363 1327 1364
f 1364 1327 1326
f 1364 1326 1365
f 1365 1326 1271
f 1365 1271 1292
f 1292 1356 1365
f 1365 1356 1366
f 1365 1366 1364
f 1364 1366 1367
f 1364 1367 1363
f 1363 1367 1368
f 1363 1368 1362
f 1362 1368 1369
f 1362 1369 1361
f 1361 1369 1370
f 1361 1370 1360
f 1360 1370 1371
f 1360 1371 1359
f 1359 1371 1372
f 1359 1372 1358
f 1358 1372 1335
f 1358 1335 1357
f 1357 1335 1286
f 1357 1286 1265
f 1275 1325 1356
f 1356 1325 1352
f 1356 1352 1366
f 1366 1352 1350
f 1366 1350 1367
f 1367 1350 1348
f 1367 1348 1368
f 1368 1348 1346
f 1368 1346 1369
f 1369 1346 1344
f 1369 1344 1370
f 1370 1344 1339
f 1370 1339 1371
f 1371 1339 1341
f 1371 1341 1372
f 1372 1341 1342
f 1372 1342 1335
f 1335 1342 1290
f 1335 1290 1288
f 1237 1373 1238
f 1258 1260 1355
f 1355 1260 1374
f 1355 1374 1354
f 1354 1374 1353
f 1374 1375 1353
f 1353 1375 1376
f 1353 1376 1351
f 1351 1376 1377
f 1351 1377 1349
f 1349 1377 1378
f 1349 1378 1347
f 1373 1338 1379
f 1379 1338 1337
f 1379 1337 1380
f 1380 1337 1343
f 1380 1343 1378
f 1378 1343 1345
f 1378 1345 1347
f 1237 1336 1373
f 1373 1336 1340
f 1373 1340 1338
f 1381 1382 1383
f 1384 1385 1386
f 1386 1385 1387
f 1388 1389 1390
f 1388 1390 1385
f 1385 1390 1391
f 1385 1391 1387
f 1383 1382 1388
f 1388 1382 1392
f 1388 1392 1389
f 1393 1394 1383
f 1383 1394 1395
f 1383 1395 1381
f 1396 1397 1398
f 1398 1397 1399
f 1398 1399 1400
f 1399 1401 1400
f 1400 1401 1402
f 1400 1402 1403
f 1403 1402 1404
f 1403 1404 1393
f 1393 1404 1405
f 1393 1405 1394
f 1396 1398 1406
f 1406 1398 1407
f 1406 1407 1408
f 1409 1410 1411
f 1411 1410 1407
f 1407 1410 1412
f 1407 1412 1408
f 1413 1414 1415
f 1416 1417 1418
f 1392 1382 1419
f 1397 1396 1420
f 1421 1422 1423
f 1417 1416 1424
f 1425 1426 1427
f 1424 1428 1417
f 1417 1428 1429
f 1417 1429 1418
f 1418 1429 1430
f 1421 1423 1431
f 1431 1423 1410
f 1431 1410 1409
f 1410 1432 1412
f 1412 1432 1433
f 1412 1433 1408
f 1408 1433 1434
f 1408 1434 1406
f 1435 1404 1436
f 1436 1404 1402
f 1436 1402 1437
f 1437 1402 1401
f 1405 1438 1394
f 1394 1438 1439
f 1394 1439 1395
f 1395 1439 1440
f 1395 1440 1381
f 1390 1389 1441
f 1441 1389 1442
f 1441 1442 1443
f 1444 1387 1391
f 1386 1387 1445
f 1445 1387 1444
f 1445 1444 1446
f 1427 1447 1425
f 1425 1447 1448
f 1425 1448 1449
f 1449 1448 1446
f 1449 1446 1450
f 1450 1446 1444
f 1450 1444 1451
f 1451 1444 1391
f 1452 1414 1453
f 1453 1414 1413
f 1453 1413 1454
f 1455 1456 1457
f 1457 1456 1458
f 1457 1458 1459
f 1460 1461 1422
f 1462 1455 1463
f 1463 1455 1457
f 1463 1457 1464
f 1464 1457 1459
f 1464 1459 1465
f 1399 1397 1466
f 1466 1397 1420
f 1466 1420 1454
f 1454 1420 1461
f 1454 1461 1453
f 1453 1461 1460
f 1453 1460 1452
f 1396 1406 1420
f 1420 1406 1434
f 1420 1434 1461
f 1461 1434 1433
f 1461 1433 1422
f 1422 1433 1432
f 1422 1432 1423
f 1423 1432 1410
f 1399 1466 1467
f 1467 1466 1454
f 1467 1454 1462
f 1462 1454 1413
f 1462 1413 1455
f 1455 1413 1415
f 1455 1415 1456
f 1464 1435 1463
f 1463 1435 1436
f 1463 1436 1462
f 1462 1436 1437
f 1462 1437 1467
f 1467 1437 1401
f 1467 1401 1399
f 1382 1381 1419
f 1419 1381 1440
f 1419 1440 1465
f 1465 1440 1439
f 1465 1439 1464
f 1464 1439 1438
f 1464 1438 1435
f 1435 1438 1405
f 1435 1405 1404
f 1389 1392 1442
f 1442 1392 1419
f 1442 1419 1443
f 1443 1419 1465
f 1443 1465 1468
f 1468 1465 1459
f 1468 1459 1469
f 1469 1459 1458
f 1469 1458 1470
f 1470 1458 1456
f 1470 1456 1471
f 1471 1456 1415
f 1471 1415 1472
f 1472 1415 1414
f 1472 1414 1430
f 1430 1414 1452
f 1430 1452 1418
f 1418 1452 1460
f 1418 1460 1416
f 1416 1460 1422
f 1416 1422 1424
f 1424 1422 1421
f 1391 1390 1451
f 1451 1390 1441
f 1451 1441 1450
f 1450 1441 1443
f 1450 1443 1449
f 1449 1443 1468
f 1449 1468 1425
f 1425 1468 1469
f 1425 1469 1426
f 1426 1469 1470
f 1473 1474 1427
f 1475 1476 1477
f 1477 1476 1473
f 1428 1478 1477
f 1477 1478 1479
f 1477 1479 1475
f 1473 1427 1477
f 1477 1427 1426
f 1477 1426 1470
f 1429 1428 1430
f 1430 1428 1477
f 1430 1477 1472
f 1472 1477 1470
f 1472 1470 1471
f 1480 1481 1482
f 1483 1484 1485
f 1447 1427 1486
f 1486 1427 1474
f 1448 1447 1487
f 1487 1447 1486
f 1487 1486 1488
f 1488 1486 1474
f 1488 1474 1473
f 1445 1446 1489
f 1489 1446 1490
f 1489 1490 1491
f 1386 1445 1492
f 1492 1445 1489
f 1492 1489 1493
f 1493 1489 1491
f 1494 1495 1496
f 1496 1495 1497
f 1498 1499 1500
f 1500 1499 1501
f 1500 1501 1494
f 1494 1501 1502
f 1494 1502 1495
f 1503 1504 1505
f 1505 1504 1506
f 1505 1506 1507
f 1507 1506 1508
f 1509 1510 1511
f 1511 1510 1512
f 1511 1512 1513
f 1513 1512 1514
f 1513 1514 1515
f 1516 1517 1518
f 1409 1517 1431
f 1431 1517 1516
f 1431 1516 1421
f 1478 1428 1519
f 1519 1428 1424
f 1519 1424 1520
f 1520 1424 1421
f 1520 1421 1521
f 1521 1421 1516
f 1521 1516 1522
f 1522 1516 1518
f 1523 1481 1524
f 1524 1481 1480
f 1524 1480 1525
f 1526 1527 1528
f 1528 1527 1529
f 1528 1529 1530
f 1531 1532 1533
f 1534 1526 1535
f 1535 1526 1528
f 1535 1528 1536
f 1536 1528 1530
f 1536 1530 1537
f 1538 1531 1539
f 1539 1531 1533
f 1539 1533 1490
f 1490 1533 1540
f 1490 1540 1491
f 1491 1540 1541
f 1491 1541 1493
f 1484 1498 1485
f 1485 1498 1542
f 1485 1542 1525
f 1525 1542 1532
f 1525 1532 1524
f 1524 1532 1531
f 1524 1531 1523
f 1523 1531 1538
f 1542 1498 1500
f 1542 1500 1532
f 1532 1500 1494
f 1532 1494 1533
f 1533 1494 1496
f 1533 1496 1540
f 1540 1496 1497
f 1540 1497 1541
f 1483 1485 1543
f 1543 1485 1525
f 1543 1525 1534
f 1534 1525 1480
f 1534 1480 1526
f 1526 1480 1482
f 1526 1482 1527
f 1536 1503 1535
f 1535 1503 1505
f 1535 1505 1534
f 1534 1505 1507
f 1534 1507 1543
f 1543 1507 1508
f 1543 1508 1483
f 1544 1515 1545
f 1545 1515 1514
f 1545 1514 1537
f 1537 1514 1512
f 1537 1512 1536
f 1536 1512 1510
f 1536 1510 1503
f 1503 1510 1509
f 1503 1509 1504
f 1518 1544 1522
f 1522 1544 1545
f 1522 1545 1521
f 1521 1545 1537
f 1521 1537 1520
f 1520 1537 1530
f 1520 1530 1519
f 1519 1530 1529
f 1519 1529 1478
f 1478 1529 1527
f 1478 1527 1479
f 1479 1527 1482
f 1479 1482 1475
f 1475 1482 1481
f 1475 1481 1476
f 1476 1481 1523
f 1476 1523 1473
f 1473 1523 1538
f 1473 1538 1488
f 1488 1538 1539
f 1488 1539 1487
f 1487 1539 1490
f 1487 1490 1448
f 1448 1490 1446
f 1411 1546 1409
f 1409 1546 1517
f 1547 1544 1546
f 1546 1544 1518
f 1546 1518 1517
f 1548 1509 1549
f 1549 1509 1511
f 1549 1511 1550
f 1550 1511 1513
f 1550 1513 1547
f 1547 1513 1515
f 1547 1515 1544
f 1483 1508 1551
f 1551 1508 1506
f 1551 1506 1548
f 1548 1506 1504
f 1548 1504 1509
f 1483 1551 1484
f 1484 1551 1552
f 1484 1552 1498
f 1502 1501 1553
f 1553 1501 1499
f 1553 1499 1552
f 1552 1499 1498
f 1554 1497 1553
f 1553 1497 1495
f 1553 1495 1502
f 1386 1492 1384
f 1384 1492 1493
f 1384 1493 1554
f 1554 1493 1541
f 1554 1541 1497
f 1555 1556 1557
f 1557 1556 1558
f 1557 1558 1559
f 1559 1558 1560
f 1558 1561 1560
f 1560 1561 1562
f 1560 1562 1563
f 1563 1562 1564
f 1564 1562 1565
f 1564 1565 1566
f 1566 1565 1567
f 1566 1567 1568
f 1569 1570 1571
f 1571 1570 1572
f 1571 1572 1573
f 1573 1572 1574
f 1573 1574 1575
f 1575 1574 1576
f 1575 1576 1567
f 1567 1576 1577
f 1567 1577 1568
f 1578 1579 1569
f 1569 1579 1570
f 1557 1559 1580
f 1581 1582 1583
f 1584 1585 1586
f 1587 1588 1589
f 1589 1588 1590
f 1591 1588 1592
f 1592 1588 1587
f 1592 1587 1593
f 1593 1587 1589
f 1593 1589 1594
f 1581 1583 1578
f 1574 1572 1595
f 1595 1572 1570
f 1595 1570 1596
f 1596 1570 1579
f 1596 1579 1583
f 1583 1579 1578
f 1574 1595 1576
f 1576 1595 1597
f 1576 1597 1577
f 1577 1597 1598
f 1577 1598 1568
f 1568 1598 1599
f 1568 1599 1566
f 1566 1599 1600
f 1566 1600 1564
f 1601 1560 1600
f 1600 1560 1563
f 1600 1563 1564
f 1557 1580 1555
f 1586 1602 1584
f 1584 1602 1603
f 1584 1603 1604
f 1604 1603 1605
f 1604 1605 1606
f 1606 1605 1607
f 1606 1607 1580
f 1580 1607 1608
f 1580 1608 1555
f 1609 1591 1610
f 1610 1591 1592
f 1610 1592 1611
f 1611 1592 1593
f 1611 1593 1612
f 1612 1593 1594
f 1612 1594 1613
f 1614 1615 1616
f 1616 1615 1617
f 1616 1617 1618
f 1618 1617 1619
f 1618 1619 1620
f 1620 1619 1621
f 1620 1621 1622
f 1622 1621 1623
f 1622 1623 1624
f 1625 1614 1626
f 1626 1614 1616
f 1626 1616 1627
f 1627 1616 1618
f 1627 1618 1628
f 1628 1618 1620
f 1628 1620 1629
f 1629 1620 1622
f 1629 1622 1630
f 1630 1622 1624
f 1630 1624 1631
f 1583 1625 1596
f 1596 1625 1626
f 1596 1626 1595
f 1595 1626 1627
f 1595 1627 1597
f 1597 1627 1628
f 1597 1628 1598
f 1598 1628 1629
f 1598 1629 1599
f 1599 1629 1630
f 1599 1630 1600
f 1600 1630 1631
f 1600 1631 1601
f 1582 1609 1583
f 1583 1609 1610
f 1583 1610 1625
f 1625 1610 1611
f 1625 1611 1614
f 1614 1611 1612
f 1614 1612 1615
f 1615 1612 1613
f 1615 1613 1617
f 1617 1613 1632
f 1617 1632 1619
f 1619 1632 1633
f 1619 1633 1621
f 1621 1633 1585
f 1621 1585 1623
f 1623 1585 1584
f 1623 1584 1624
f 1624 1584 1604
f 1624 1604 1631
f 1631 1604 1606
f 1631 1606 1601
f 1601 1606 1580
f 1601 1580 1560
f 1560 1580 1559
f 1634 1586 1585
f 1594 1589 1635
f 1635 1585 1633
f 1594 1635 1613
f 1613 1635 1633
f 1613 1633 1632
f 1636 1637 1634
f 1634 1637 1638
f 1634 1638 1586
f 1639 1636 1640
f 1640 1636 1634
f 1640 1634 1641
f 1641 1634 1585
f 1641 1585 1642
f 1642 1585 1635
f 1642 1635 1590
f 1590 1635 1589
f 1582 1581 1643
f 1642 1644 1645
f 1642 1645 1641
f 1641 1645 1646
f 1641 1646 1640
f 1640 1646 1647
f 1640 1647 1639
f 1639 1647 1648
f 1639 1648 1636
f 1649 1638 1650
f 1650 1638 1637
f 1650 1637 1651
f 1651 1637 1636
f 1651 1636 1652
f 1652 1636 1648
f 1653 1605 1603
f 1654 1555 1608
f 1655 1656 1657
f 1657 1656 1658
f 1657 1658 1659
f 1659 1658 1654
f 1659 1654 1660
f 1660 1654 1608
f 1660 1608 1607
f 1655 1657 1661
f 1661 1657 1662
f 1661 1662 1663
f 1663 1662 1664
f 1663 1664 1665
f 1665 1664 1666
f 1665 1666 1667
f 1667 1666 1668
f 1667 1668 1669
f 1669 1668 1670
f 1669 1670 1671
f 1671 1670 1643
f 1671 1643 1672
f 1581 1578 1643
f 1643 1578 1673
f 1643 1673 1672
f 1674 1609 1582
f 1642 1590 1644
f 1644 1590 1588
f 1644 1588 1591
f 1586 1638 1602
f 1602 1638 1649
f 1602 1649 1675
f 1675 1649 1650
f 1675 1650 1676
f 1676 1650 1651
f 1676 1651 1677
f 1677 1651 1652
f 1677 1652 1678
f 1678 1652 1648
f 1678 1648 1679
f 1679 1648 1647
f 1679 1647 1680
f 1680 1647 1646
f 1680 1646 1681
f 1681 1646 1645
f 1681 1645 1682
f 1682 1645 1644
f 1682 1644 1683
f 1683 1644 1591
f 1683 1591 1609
f 1609 1674 1683
f 1683 1674 1684
f 1683 1684 1682
f 1682 1684 1685
f 1682 1685 1681
f 1681 1685 1686
f 1681 1686 1680
f 1680 1686 1687
f 1680 1687 1679
f 1679 1687 1688
f 1679 1688 1678
f 1678 1688 1689
f 1678 1689 1677
f 1677 1689 1690
f 1677 1690 1676
f 1676 1690 1653
f 1676 1653 1675
f 1675 1653 1603
f 1675 1603 1602
f 1582 1643 1674
f 1674 1643 1670
f 1674 1670 1684
f 1684 1670 1668
f 1684 1668 1685
f 1685 1668 1666
f 1685 1666 1686
f 1686 1666 1664
f 1686 1664 1687
f 1687 1664 1662
f 1687 1662 1688
f 1688 1662 1657
f 1688 1657 1689
f 1689 1657 1659
f 1689 1659 1690
f 1690 1659 1660
f 1690 1660 1653
f 1653 1660 1607
f 1653 1607 1605
f 1671 1672 1691
f 1691 1672 1673
f 1691 1673 1692
f 1692 1673 1578
f 1692 1578 1569
f 1691 1693 1671
f 1671 1693 1694
f 1671 1694 1669
f 1669 1694 1695
f 1669 1695 1667
f 1667 1695 1696
f 1667 1696 1665
f 1654 1658 1697
f 1697 1658 1656
f 1697 1656 1698
f 1698 1656 1655
f 1698 1655 1699
f 1699 1655 1661
f 1699 1661 1696
f 1696 1661 1663
f 1696 1663 1665
f 1654 1697 1555
f 1555 1697 1700
f 1555 1700 1556
f 1701 1702 1703
f 1704 1705 1706
f 1706 1705 1707
f 1708 1709 1710
f 1708 1710 1705
f 1705 1710 1711
f 1705 1711 1707
f 1703 1702 1708
f 1708 1702 1712
f 1708 1712 1709
f 1713 1714 1703
f 1703 1714 1715
f 1703 1715 1701
f 1716 1717 1718
f 1718 1717 1719
f 1718 1719 1720
f 1719 1721 1720
f 1720 1721 1722
f 1720 1722 1723
f 1723 1722 1724
f 1723 1724 1713
f 1713 1724 1725
f 1713 1725 1714
f 1716 1718 1726
f 1726 1718 1727
f 1726 1727 1728
f 1729 1730 1731
f 1731 1730 1727
f 1727 1730 1732
f 1727 1732 1728
f 1733 1734 1735
f 1736 1737 1738
f 1712 1702 1739
f 1717 1716 1740
f 1741 1742 1743
f 1737 1736 1744
f 1745 1746 1747
f 1744 1748 1737
f 1737 1748 1749
f 1737 1749 1738
f 1738 1749 1750
f 1741 1743 1751
f 1751 1743 1730
f 1751 1730 1729
f 1730 1752 1732
f 1732 1752 1753
f 1732 1753 1728
f 1728 1753 1754
f 1728 1754 1726
f 1755 1724 1756
f 1756 1724 1722
f 1756 1722 1757
f 1757 1722 1721
f 1725 1758 1714
f 1714 1758 1759
f 1714 1759 1715
f 1715 1759 1760
f 1715 1760 1701
f 1710 1709 1761
f 1761 1709 1762
f 1761 1762 1763
f 1764 1707 1711
f 1706 1707 1765
f 1765 1707 1764
f 1765 1764 1766
f 1747 1767 1745
f 1745 1767 1768
f 1745 1768 1769
f 1769 1768 1766
f 1769 1766 1770
f 1770 1766 1764
f 1770 1764 1771
f 1771 1764 1711
f 1772 1734 1773
f 1773 1734 1733
f 1773 1733 1774
f 1775 1776 1777
f 1777 1776 1778
f 1777 1778 1779
f 1780 1781 1742
f 1782 1775 1783
f 1783 1775 1777
f 1783 1777 1784
f 1784 1777 1779
f 1784 1779 1785
f 1719 1717 1786
f 1786 1717 1740
f 1786 1740 1774
f 1774 1740 1781
f 1774 1781 1773
f 1773 1781 1780
f 1773 1780 1772
f 1716 1726 1740
f 1740 1726 1754
f 1740 1754 1781
f 1781 1754 1753
f 1781 1753 1742
f 1742 1753 1752
f 1742 1752 1743
f 1743 1752 1730
f 1719 1786 1787
f 1787 1786 1774
f 1787 1774 1782
f 1782 1774 1733
f 1782 1733 1775
f 1775 1733 1735
f 1775 1735 1776
f 1784 1755 1783
f 1783 1755 1756
f 1783 1756 1782
f 1782 1756 1757
f 1782 1757 1787
f 1787 1757 1721
f 1787 1721 1719
f 1702 1701 1739
f 1739 1701 1760
f 1739 1760 1785
f 1785 1760 1759
f 1785 1759 1784
f 1784 1759 1758
f 1784 1758 1755
f 1755 1758 1725
f 1755 1725 1724
f 1709 1712 1762
f 1762 1712 1739
f 1762 1739 1763
f 1763 1739 1785
f 1763 1785 1788
f 1788 1785 1779
f 1788 1779 1789
f 1789 1779 1778
f 1789 1778 1790
f 1790 1778 1776
f 1790 1776 1791
f 1791 1776 1735
f 1791 1735 1792
f 1792 1735 1734
f 1792 1734 1750
f 1750 1734 1772
f 1750 1772 1738
f 1738 1772 1780
f 1738 1780 1736
f 1736 1780 1742
f 1736 1742 1744
f 1744 1742 1741
f 1711 1710 1771
f 1771 1710 1761
f 1771 1761 1770
f 1770 1761 1763
f 1770 1763 1769
f 1769 1763 1788
f 1769 1788 1745
f 1745 1788 1789
f 1745 1789 1746
f 1746 1789 1790
f 1793 1794 1747
f 1795 1796 1797
f 1797 1796 1793
f 1748 1798 1797
f 1797 1798 1799
f 1797 1799 1795
f 1793 1747 1797
f 1797 1747 1746
f 1797 1746 1790
f 1749 1748 1750
f 1750 1748 1797
f 1750 1797 1792
f 1792 1797 1790
f 1792 1790 1791
f 1800 1801 1802
f 1803 1804 1805
f 1767 1747 1806
f 1806 1747 1794
f 1768 1767 1807
f 1807 1767 1806
f 1807 1806 1808
f 1808 1806 1794
f 1808 1794 1793
f 1765 1766 1809
f 1809 1766 1810
f 1809 1810 1811
f 1706 1765 1812
f 1812 1765 1809
f 1812 1809 1813
f 1813 1809 1811
f 1814 1815 1816
f 1816 1815 1817
f 1818 1819 1820
f 1820 1819 1821
f 1820 1821 1814
f 1814 1821 1822
f 1814 1822 1815
f 1823 1824 1825
f 1825 1824 1826
f 1825 1826 1827
f 1827 1826 1828
f 1829 1830 1831
f 1831 1830 1832
f 1831 1832 1833
f 1833 1832 1834
f 1833 1834 1835
f 1836 1837 1838
f 1729 1837 1751
f 1751 1837 1836
f 1751 1836 1741
f 1798 1748 1839
f 1839 1748 1744
f 1839 1744 1840
f 1840 1744 1741
f 1840 1741 1841
f 1841 1741 1836
f 1841 1836 1842
f 1842 1836 1838
f 1843 1801 1844
f 1844 1801 1800
f 1844 1800 1845
f 1846 1847 1848
f 1848 1847 1849
f 1848 1849 1850
f 1851 1852 1853
f 1854 1846 1855
f 1855 1846 1848
f 1855 1848 1856
f 1856 1848 1850
f 1856 1850 1857
f 1858 1851 1859
f 1859 1851 1853
f 1859 1853 1810
f 1810 1853 1860
f 1810 1860 1811
f 1811 1860 1861
f 1811 1861 1813
f 1804 1818 1805
f 1805 1818 1862
f 1805 1862 1845
f 1845 1862 1852
f 1845 1852 1844
f 1844 1852 1851
f 1844 1851 1843
f 1843 1851 1858
f 1862 1818 1820
f 1862 1820 1852
f 1852 1820 1814
f 1852 1814 1853
f 1853 1814 1816
f 1853 1816 1860
f 1860 1816 1817
f 1860 1817 1861
f 1803 1805 1863
f 1863 1805 1845
f 1863 1845 1854
f 1854 1845 1800
f 1854 1800 1846
f 1846 1800 1802
f 1846 1802 1847
f 1856 1823 1855
f 1855 1823 1825
f 1855 1825 1854
f 1854 1825 1827
f 1854 1827 1863
f 1863 1827 1828
f 1863 1828 1803
f 1864 1835 1865
f 1865 1835 1834
f 1865 1834 1857
f 1857 1834 1832
f 1857 1832 1856
f 1856 1832 1830
f 1856 1830 1823
f 1823 1830 1829
f 1823 1829 1824
f 1838 1864 1842
f 1842 1864 1865
f 1842 1865 1841
f 1841 1865 1857
f 1841 1857 1840
f 1840 1857 1850
f 1840 1850 1839
f 1839 1850 1849
f 1839 1849 1798
f 1798 1849 1847
f 1798 1847 1799
f 1799 1847 1802
f 1799 1802 1795
f 1795 1802 1801
f 1795 1801 1796
f 1796 1801 1843
f 1796 1843 1793
f 1793 1843 1858
f 1793 1858 1808
f 1808 1858 1859
f 1808 1859 1807
f 1807 1859 1810
f 1807 1810 1768
f 1768 1810 1766
f 1731 1866 1729
f 1729 1866 1837
f 1867 1864 1866
f 1866 1864 1838
f 1866 1838 1837
f 1868 1829 1869
f 1869 1829 1831
f 1869 1831 1870
f 1870 1831 1833
f 1870 1833 1867
f 1867 1833 1835
f 1867 1835 1864
f 1803 1828 1871
f 1871 1828 1826
f 1871 1826 1868
f 1868 1826 1824
f 1868 1824 1829
f 1803 1871 1804
f 1804 1871 1872
f 1804 1872 1818
f 1822 1821 1873
f 1873 1821 1819
f 1873 1819 1872
f 1872 1819 1818
f 1874 1817 1873
f 1873 1817 1815
f 1873 1815 1822
f 1706 1812 1704
f 1704 1812 1813
f 1704 1813 1874
f 1874 1813 1861
f 1874 1861 1817
f 1875 1876 1877
f 1877 1876 1878
f 1877 1878 1879
f 1879 1878 1880
f 1878 1881 1880
f 1880 1881 1882
f 1880 1882 1883
f 1883 1882 1884
f 1884 1882 1885
f 1884 1885 1886
f 1886 1885 1887
f 1886 1887 1888
f 1889 1890 1891
f 1891 1890 1892
f 1891 1892 1893
f 1893 1892 1894
f 1893 1894 1895
f 1895 1894 1896
f 1895 1896 1887
f 1887 1896 1897
f 1887 1897 1888
f 1898 1899 1889
f 1889 1899 1890
f 1900 1901 1902
f 1903 1904 1905
f 1903 1905 1906
f 1906 1905 1907
f 1906 1907 1908
f 1908 1907 1909
f 1908 1909 1910
f 1910 1909 1911
f 1910 1911 1912
f 1911 1913 1912
f 1912 1913 1914
f 1912 1914 1915
f 1915 1914 1916
f 1915 1916 1917
f 1917 1916 1918
f 1917 1918 1919
f 1898 1920 1921
f 1921 1920 1922
f 1921 1922 1923
f 1894 1892 1924
f 1924 1892 1890
f 1924 1890 1925
f 1925 1890 1899
f 1925 1899 1921
f 1921 1899 1898
f 1894 1924 1896
f 1896 1924 1926
f 1896 1926 1897
f 1897 1926 1927
f 1897 1927 1888
f 1888 1927 1928
f 1888 1928 1886
f 1886 1928 1929
f 1886 1929 1884
f 1884 1929 1883
f 1883 1929 1930
f 1883 1930 1880
f 1880 1930 1902
f 1880 1902 1879
f 1901 1875 1902
f 1902 1875 1877
f 1902 1877 1879
f 1931 1932 1900
f 1903 1933 1904
f 1904 1933 1934
f 1904 1934 1935
f 1936 1919 1937
f 1937 1919 1918
f 1937 1918 1938
f 1938 1918 1916
f 1938 1916 1939
f 1939 1916 1914
f 1939 1914 1940
f 1940 1914 1913
f 1940 1913 1941
f 1941 1913 1911
f 1941 1911 1942
f 1942 1911 1909
f 1942 1909 1943
f 1943 1909 1907
f 1943 1907 1944
f 1944 1907 1905
f 1944 1905 1945
f 1945 1905 1904
f 1945 1904 1946
f 1946 1904 1935
f 1946 1935 1932
f 1932 1931 1946
f 1946 1931 1947
f 1946 1947 1945
f 1945 1947 1948
f 1945 1948 1944
f 1944 1948 1949
f 1944 1949 1943
f 1943 1949 1950
f 1943 1950 1942
f 1942 1950 1951
f 1942 1951 1941
f 1941 1951 1952
f 1941 1952 1940
f 1940 1952 1953
f 1940 1953 1939
f 1939 1953 1954
f 1939 1954 1938
f 1938 1954 1955
f 1938 1955 1937
f 1900 1902 1931
f 1931 1902 1930
f 1931 1930 1947
f 1947 1930 1929
f 1947 1929 1948
f 1948 1929 1928
f 1948 1928 1949
f 1949 1928 1927
f 1949 1927 1950
f 1950 1927 1926
f 1950 1926 1951
f 1951 1926 1924
f 1951 1924 1952
f 1952 1924 1925
f 1952 1925 1953
f 1953 1925 1921
f 1953 1921 1954
f 1954 1921 1923
f 1954 1923 1955
f 1919 1936 1956
f 1912 1915 1956
f 1956 1915 1917
f 1956 1917 1919
f 1912 1956 1910
f 1910 1956 1906
f 1910 1906 1908
f 1957 1933 1956
f 1956 1933 1903
f 1956 1903 1906
f 1958 1959 1956
f 1956 1959 1960
f 1956 1960 1957
f 1961 1958 1962
f 1962 1958 1956
f 1962 1956 1963
f 1963 1956 1936
f 1922 1920 1964
f 1963 1965 1966
f 1963 1966 1962
f 1962 1966 1967
f 1962 1967 1961
f 1961 1967 1968
f 1961 1968 1958
f 1958 1968 1969
f 1958 1969 1959
f 1970 1957 1971
f 1971 1957 1960
f 1971 1960 1972
f 1972 1960 1959
f 1972 1959 1973
f 1973 1959 1969
f 1974 1932 1935
f 1975 1901 1900
f 1976 1875 1901
f 1901 1975 1976
f 1976 1975 1977
f 1976 1977 1978
f 1978 1977 1979
f 1978 1979 1980
f 1981 1982 1983
f 1983 1982 1984
f 1983 1984 1985
f 1985 1984 1986
f 1985 1986 1987
f 1987 1986 1988
f 1987 1988 1979
f 1979 1988 1989
f 1979 1989 1980
f 1990 1991 1981
f 1981 1991 1992
f 1981 1992 1982
f 1981 1993 1990
f 1990 1993 1964
f 1990 1964 1994
f 1920 1898 1964
f 1964 1898 1995
f 1964 1995 1994
f 1996 1923 1922
f 1963 1936 1965
f 1965 1936 1937
f 1965 1937 1955
f 1933 1957 1934
f 1934 1957 1970
f 1934 1970 1997
f 1997 1970 1971
f 1997 1971 1998
f 1998 1971 1972
f 1998 1972 1999
f 1999 1972 1973
f 1999 1973 2000
f 2000 1973 1969
f 2000 1969 2001
f 2001 1969 1968
f 2001 1968 2002
f 2002 1968 1967
f 2002 1967 2003
f 2003 1967 1966
f 2003 1966 2004
f 2004 1966 1965
f 2004 1965 2005
f 2005 1965 1955
f 2005 1955 1923
f 1923 1996 2005
f 2005 1996 2006
f 2005 2006 2004
f 2004 2006 2007
f 2004 2007 2003
f 2003 2007 2008
f 2003 2008 2002
f 2002 2008 2009
f 2002 2009 2001
f 2001 2009 2010
f 2001 2010 2000
f 2000 2010 2011
f 2000 2011 1999
f 1999 2011 2012
f 1999 2012 1998
f 1998 2012 1974
f 1998 1974 1997
f 1997 1974 1935
f 1997 1935 1934
f 1922 1964 1996
f 1996 1964 1993
f 1996 1993 2006
f 2006 1993 1981
f 2006 1981 2007
f 2007 1981 1983
f 2007 1983 2008
f 2008 1983 1985
f 2008 1985 2009
f 2009 1985 1987
f 2009 1987 2010
f 2010 1987 1979
f 2010 1979 2011
f 2011 1979 1977
f 2011 1977 2012
f 2012 1977 1975
f 2012 1975 1974
f 1974 1975 1900
f 1974 1900 1932
f 1875 2013 1876
f 1898 1889 1995
f 1995 1889 2014
f 1995 2014 1994
f 1994 2014 1990
f 2014 2015 1990
f 1990 2015 2016
f 1990 2016 1991
f 1991 2016 1992
f 1992 2016 2017
f 1992 2017 1982
f 1982 2017 2018
f 1982 2018 1984
f 2013 1980 2019
f 2019 1980 1989
f 2019 1989 2020
f 2020 1989 1988
f 2020 1988 2018
f 2018 1988 1986
f 2018 1986 1984
f 1875 1976 2013
f 2013 1976 1978
f 2013 1978 1980
f 2021 2022 2023
f 2024 2025 2026
f 2026 2025 2027
f 2026 2027 2028
f 2024 2026 2029
f 2029 2026 2030
f 2029 2030 2031
f 2030 2032 2031
f 2031 2032 2033
f 2031 2033 2034
f 2034 2033 2035
f 2033 2036 2035
f 2035 2036 2037
f 2035 2037 2038
f 2022 2021 2037
f 2037 2021 2039
f 2037 2039 2038
f 2040 2041 2023
f 2023 2041 2042
f 2023 2042 2021
f 2023 2043 2040
f 2040 2043 2044
f 2040 2044 2045
f 2045 2044 2046
f 2045 2046 2047
f 2047 2046 2048
f 2025 2024 2049
f 2050 2051 2052
f 2050 2052 2053
f 2054 2055 2056
f 2057 2058 2059
f 2059 2058 2060
f 2059 2060 2055
f 2055 2060 2061
f 2055 2061 2056
f 2062 2063 2057
f 2064 2065 2063
f 2066 2067 2068
f 2068 2067 2065
f 2042 2041 2069
f 2069 2041 2040
f 2069 2040 2070
f 2070 2040 2045
f 2070 2045 2068
f 2068 2045 2047
f 2068 2047 2066
f 2042 2069 2021
f 2021 2069 2071
f 2021 2071 2039
f 2039 2071 2072
f 2039 2072 2038
f 2038 2072 2073
f 2038 2073 2035
f 2035 2073 2074
f 2035 2074 2034
f 2075 2029 2074
f 2074 2029 2031
f 2074 2031 2034
f 2025 2049 2027
f 2053 2052 2076
f 2076 2052 2077
f 2076 2077 2078
f 2078 2077 2079
f 2078 2079 2080
f 2080 2079 2081
f 2080 2081 2049
f 2049 2081 2082
f 2049 2082 2027
f 2057 2059 2062
f 2062 2059 2055
f 2062 2055 2083
f 2083 2055 2054
f 2083 2054 2084
f 2084 2054 2085
f 2084 2085 2086
f 2086 2085 2087
f 2086 2087 2088
f 2088 2087 2089
f 2088 2089 2090
f 2090 2089 2091
f 2090 2091 2092
f 2092 2091 2093
f 2092 2093 2094
f 2063 2062 2064
f 2064 2062 2083
f 2064 2083 2095
f 2095 2083 2084
f 2095 2084 2096
f 2096 2084 2086
f 2096 2086 2097
f 2097 2086 2088
f 2097 2088 2098
f 2098 2088 2090
f 2098 2090 2099
f 2099 2090 2092
f 2099 2092 2100
f 2100 2092 2094
f 2100 2094 2101
f 2065 2064 2068
f 2068 2064 2095
f 2068 2095 2070
f 2070 2095 2096
f 2070 2096 2069
f 2069 2096 2097
f 2069 2097 2071
f 2071 2097 2098
f 2071 2098 2072
f 2072 2098 2099
f 2072 2099 2073
f 2073 2099 2100
f 2073 2100 2074
f 2074 2100 2101
f 2074 2101 2075
f 2056 2102 2054
f 2054 2102 2103
f 2054 2103 2085
f 2085 2103 2104
f 2085 2104 2087
f 2087 2104 2105
f 2087 2105 2089
f 2089 2105 2106
f 2089 2106 2091
f 2091 2106 2053
f 2091 2053 2093
f 2093 2053 2076
f 2093 2076 2094
f 2094 2076 2078
f 2094 2078 2101
f 2101 2078 2080
f 2101 2080 2075
f 2075 2080 2049
f 2075 2049 2029
f 2029 2049 2024
f 2056 2061 2107
f 2107 2105 2104
f 2104 2103 2107
f 2107 2103 2102
f 2107 2102 2056
f 2106 2105 2053
f 2053 2105 2107
f 2053 2107 2050
f 2050 2107 2051
f 2060 2108 2061
f 2061 2108 2109
f 2061 2109 2107
f 2107 2109 2110
f 2107 2110 2051
f 2060 2058 2108
f 2108 2058 2111
f 2108 2111 2112
f 2113 2109 2114
f 2114 2109 2108
f 2114 2108 2115
f 2115 2108 2112
f 2115 2112 2116
f 2117 2118 2119
f 2081 2079 2120
f 2111 2058 2057
f 2109 2121 2110
f 2110 2121 2052
f 2110 2052 2051
f 2077 2052 2122
f 2122 2052 2121
f 2122 2121 2123
f 2123 2121 2109
f 2123 2109 2113
f 2124 2027 2082
f 2125 2126 2127
f 2127 2126 2128
f 2127 2128 2129
f 2129 2128 2124
f 2129 2124 2130
f 2130 2124 2082
f 2130 2082 2081
f 2125 2127 2131
f 2131 2127 2132
f 2131 2132 2133
f 2133 2132 2134
f 2133 2134 2135
f 2135 2134 2136
f 2135 2136 2137
f 2137 2136 2138
f 2137 2138 2139
f 2140 2141 2138
f 2138 2141 2142
f 2138 2142 2139
f 2047 2117 2066
f 2066 2117 2119
f 2066 2119 2067
f 2067 2119 2143
f 2067 2143 2065
f 2065 2143 2144
f 2065 2144 2063
f 2063 2144 2145
f 2063 2145 2057
f 2057 2145 2112
f 2057 2112 2111
f 2146 2147 2148
f 2148 2147 2149
f 2148 2149 2150
f 2150 2149 2151
f 2150 2151 2152
f 2152 2151 2153
f 2152 2153 2154
f 2154 2153 2155
f 2154 2155 2156
f 2156 2155 2157
f 2156 2157 2158
f 2120 2146 2159
f 2159 2146 2148
f 2159 2148 2160
f 2160 2148 2150
f 2160 2150 2161
f 2161 2150 2152
f 2161 2152 2162
f 2162 2152 2154
f 2162 2154 2163
f 2163 2154 2156
f 2163 2156 2164
f 2164 2156 2158
f 2164 2158 2165
f 2081 2120 2130
f 2130 2120 2159
f 2130 2159 2129
f 2129 2159 2160
f 2129 2160 2127
f 2127 2160 2161
f 2127 2161 2132
f 2132 2161 2162
f 2132 2162 2134
f 2134 2162 2163
f 2134 2163 2136
f 2136 2163 2164
f 2136 2164 2138
f 2138 2164 2165
f 2138 2165 2140
f 2079 2077 2120
f 2120 2077 2122
f 2120 2122 2146
f 2146 2122 2123
f 2146 2123 2147
f 2147 2123 2113
f 2147 2113 2149
f 2149 2113 2114
f 2149 2114 2151
f 2151 2114 2115
f 2151 2115 2153
f 2153 2115 2116
f 2153 2116 2155
f 2155 2116 2112
f 2155 2112 2157
f 2157 2112 2145
f 2157 2145 2158
f 2158 2145 2144
f 2158 2144 2165
f 2165 2144 2143
f 2165 2143 2140
f 2140 2143 2119
f 2140 2119 2141
f 2141 2119 2118
f 2131 2166 2167
f 2048 2168 2047
f 2047 2168 2117
f 2137 2139 2169
f 2169 2139 2142
f 2169 2142 2170
f 2170 2142 2141
f 2170 2141 2168
f 2168 2141 2118
f 2168 2118 2117
f 2169 2171 2137
f 2137 2171 2172
f 2137 2172 2135
f 2166 2131 2172
f 2172 2131 2133
f 2172 2133 2135
f 2128 2126 2167
f 2167 2126 2125
f 2167 2125 2131
f 2167 2173 2128
f 2128 2173 2174
f 2128 2174 2124
f 2124 2174 2175
f 2124 2175 2027
f 2027 2175 2028
f 2176 2177 2178
f 2179 2180 2178
f 2178 2180 2181
f 2178 2181 2176
f 2182 2183 2184
f 2184 2183 2185
f 2184 2185 2178
f 2178 2185 2186
f 2178 2186 2179
f 2182 2184 2187
f 2187 2184 2188
f 2187 2188 2189
f 2189 2188 2190
f 2190 2188 2191
f 2190 2191 2192
f 2192 2191 2193
f 2192 2193 2194
f 2195 2196 2197
f 2195 2197 2193
f 2193 2197 2198
f 2193 2198 2194
f 2196 2195 2199
f 2199 2195 2200
f 2199 2200 2201
f 2202 2203 2204
f 2204 2203 2200
f 2200 2203 2205
f 2200 2205 2201
f 2185 2183 2206
f 2207 2208 2209
f 2210 2211 2212
f 2213 2214 2215
f 2216 2217 2218
f 2218 2217 2219
f 2218 2219 2220
f 2210 2212 2221
f 2209 2208 2222
f 2222 2208 2223
f 2222 2223 2224
f 2202 2225 2203
f 2203 2225 2226
f 2205 2203 2227
f 2227 2203 2226
f 2227 2226 2209
f 2209 2226 2225
f 2209 2225 2207
f 2199 2201 2228
f 2228 2201 2229
f 2228 2229 2230
f 2231 2196 2199
f 2197 2196 2232
f 2232 2196 2231
f 2232 2231 2233
f 2234 2235 2236
f 2236 2235 2198
f 2236 2198 2197
f 2192 2237 2190
f 2190 2237 2238
f 2190 2238 2189
f 2189 2238 2239
f 2189 2239 2187
f 2187 2239 2240
f 2187 2240 2182
f 2179 2186 2241
f 2241 2186 2242
f 2241 2242 2243
f 2244 2181 2180
f 2176 2181 2245
f 2245 2181 2244
f 2245 2244 2246
f 2215 2247 2213
f 2213 2247 2248
f 2213 2248 2249
f 2249 2248 2246
f 2249 2246 2250
f 2250 2246 2244
f 2250 2244 2251
f 2251 2244 2180
f 2211 2216 2212
f 2212 2216 2218
f 2212 2218 2252
f 2252 2218 2220
f 2252 2220 2230
f 2253 2254 2255
f 2256 2254 2257
f 2257 2254 2253
f 2257 2253 2258
f 2201 2205 2229
f 2229 2205 2227
f 2229 2227 2230
f 2230 2227 2209
f 2230 2209 2252
f 2252 2209 2222
f 2252 2222 2212
f 2212 2222 2224
f 2212 2224 2221
f 2221 2224 2223
f 2199 2228 2231
f 2231 2228 2230
f 2231 2230 2233
f 2233 2230 2220
f 2233 2220 2259
f 2259 2220 2219
f 2259 2219 2260
f 2260 2219 2217
f 2260 2217 2261
f 2197 2232 2236
f 2236 2232 2233
f 2236 2233 2234
f 2234 2233 2259
f 2234 2259 2262
f 2262 2259 2260
f 2262 2260 2263
f 2263 2260 2261
f 2263 2261 2264
f 2264 2258 2263
f 2263 2258 2253
f 2263 2253 2262
f 2262 2253 2255
f 2262 2255 2234
f 2234 2255 2265
f 2234 2265 2235
f 2235 2265 2194
f 2235 2194 2198
f 2183 2182 2206
f 2206 2182 2240
f 2206 2240 2256
f 2256 2240 2239
f 2256 2239 2254
f 2254 2239 2238
f 2254 2238 2255
f 2255 2238 2237
f 2255 2237 2265
f 2265 2237 2192
f 2265 2192 2194
f 2186 2185 2242
f 2242 2185 2206
f 2242 2206 2243
f 2243 2206 2256
f 2243 2256 2266
f 2266 2256 2257
f 2266 2257 2267
f 2267 2257 2258
f 2267 2258 2268
f 2268 2258 2264
f 2180 2179 2251
f 2251 2179 2241
f 2251 2241 2250
f 2250 2241 2243
f 2250 2243 2249
f 2249 2243 2266
f 2249 2266 2213
f 2213 2266 2267
f 2213 2267 2214
f 2214 2267 2268
f 2217 2216 2269
f 2211 2210 2270
f 2270 2210 2221
f 2270 2221 2271
f 2216 2211 2269
f 2269 2211 2270
f 2269 2270 2272
f 2272 2270 2271
f 2272 2271 2273
f 2269 2274 2275
f 2275 2274 2276
f 2276 2277 2275
f 2275 2277 2215
f 2275 2215 2214
f 2217 2269 2261
f 2261 2269 2275
f 2261 2275 2264
f 2264 2275 2214
f 2264 2214 2268
f 2278 2279 2280
f 2281 2271 2221
f 2247 2215 2282
f 2282 2215 2277
f 2248 2247 2283
f 2283 2247 2282
f 2283 2282 2284
f 2284 2282 2277
f 2284 2277 2276
f 2285 2286 2246
f 2246 2286 2245
f 2287 2288 2289
f 2289 2288 2290
f 2289 2290 2291
f 2292 2293 2278
f 2278 2293 2294
f 2278 2294 2279
f 2279 2294 2295
f 2279 2295 2296
f 2297 2292 2298
f 2298 2292 2299
f 2298 2299 2300
f 2301 2302 2303
f 2303 2302 2304
f 2303 2304 2305
f 2305 2304 2306
f 2305 2306 2307
f 2307 2306 2308
f 2307 2308 2309
f 2310 2311 2312
f 2312 2311 2313
f 2312 2313 2314
f 2315 2316 2317
f 2202 2316 2225
f 2225 2316 2315
f 2225 2315 2207
f 2221 2223 2281
f 2281 2223 2208
f 2281 2208 2318
f 2318 2208 2207
f 2318 2207 2319
f 2319 2207 2315
f 2319 2315 2320
f 2320 2315 2317
f 2246 2248 2285
f 2285 2248 2283
f 2285 2283 2321
f 2321 2283 2284
f 2321 2284 2322
f 2322 2284 2276
f 2322 2276 2274
f 2323 2324 2325
f 2326 2324 2327
f 2327 2324 2323
f 2327 2323 2328
f 2296 2291 2329
f 2329 2291 2290
f 2329 2290 2330
f 2330 2290 2288
f 2274 2331 2322
f 2322 2331 2332
f 2322 2332 2321
f 2321 2332 2330
f 2321 2330 2285
f 2285 2330 2288
f 2285 2288 2286
f 2286 2288 2287
f 2286 2287 2245
f 2245 2287 2176
f 2296 2329 2279
f 2279 2329 2330
f 2279 2330 2280
f 2280 2330 2332
f 2280 2332 2333
f 2333 2332 2331
f 2333 2331 2334
f 2334 2331 2274
f 2334 2274 2269
f 2292 2278 2299
f 2299 2278 2280
f 2299 2280 2300
f 2300 2280 2333
f 2300 2333 2335
f 2335 2333 2334
f 2335 2334 2336
f 2336 2334 2269
f 2336 2269 2272
f 2272 2328 2336
f 2336 2328 2323
f 2336 2323 2335
f 2335 2323 2325
f 2335 2325 2300
f 2300 2325 2337
f 2300 2337 2298
f 2338 2309 2339
f 2339 2309 2308
f 2339 2308 2326
f 2326 2308 2306
f 2326 2306 2324
f 2324 2306 2304
f 2324 2304 2325
f 2325 2304 2302
f 2325 2302 2337
f 2337 2302 2301
f 2337 2301 2298
f 2298 2301 2340
f 2298 2340 2297
f 2311 2338 2313
f 2313 2338 2339
f 2313 2339 2314
f 2314 2339 2326
f 2314 2326 2341
f 2341 2326 2327
f 2341 2327 2342
f 2342 2327 2328
f 2342 2328 2273
f 2273 2328 2272
f 2317 2310 2320
f 2320 2310 2312
f 2320 2312 2319
f 2319 2312 2314
f 2319 2314 2318
f 2318 2314 2341
f 2318 2341 2281
f 2281 2341 2342
f 2281 2342 2271
f 2271 2342 2273
f 2303 2343 2344
f 2202 2204 2316
f 2316 2204 2345
f 2316 2345 2317
f 2346 2338 2347
f 2347 2338 2311
f 2347 2311 2345
f 2345 2311 2310
f 2345 2310 2317
f 2303 2305 2343
f 2343 2305 2307
f 2343 2307 2346
f 2346 2307 2309
f 2346 2309 2338
f 2292 2297 2348
f 2348 2297 2340
f 2348 2340 2344
f 2344 2340 2301
f 2344 2301 2303
f 2292 2348 2293
f 2293 2348 2349
f 2293 2349 2294
f 2350 2296 2349
f 2349 2296 2295
f 2349 2295 2294
f 2177 2176 2350
f 2350 2176 2287
f 2287 2289 2350
f 2350 2289 2291
f 2350 2291 2296
f 2351 2352 2353
f 2351 2353 2354
f 2354 2353 2355
f 2354 2355 2356
f 2356 2355 2357
f 2357 2355 2358
f 2357 2358 2359
f 2359 2358 2360
f 2359 2360 2361
f 2361 2360 2362
f 2361 2362 2363
f 2363 2362 2364
f 2363 2364 2365
f 2365 2364 2366
f 2365 2366 2367
f 2367 2366 2368
f 2367 2368 2369
f 2370 2371 2372
f 2372 2371 2373
f 2372 2373 2374
f 2374 2373 2369
f 2374 2369 2375
f 2375 2369 2368
f 2376 2377 2378
f 2379 2380 2381
f 2379 2381 2382
f 2383 2384 2381
f 2381 2384 2385
f 2381 2385 2382
f 2386 2387 2388
f 2388 2387 2389
f 2388 2389 2390
f 2390 2389 2391
f 2390 2391 2383
f 2383 2391 2392
f 2383 2392 2384
f 2393 2394 2395
f 2388 2396 2386
f 2386 2396 2393
f 2386 2393 2397
f 2397 2393 2395
f 2398 2395 2399
f 2399 2395 2394
f 2399 2394 2400
f 2377 2401 2402
f 2401 2377 2403
f 2403 2377 2376
f 2403 2376 2404
f 2405 2406 2407
f 2373 2371 2405
f 2405 2371 2370
f 2405 2370 2406
f 2408 2409 2367
f 2367 2409 2365
f 2365 2409 2410
f 2365 2410 2363
f 2363 2410 2411
f 2363 2411 2361
f 2361 2411 2359
f 2359 2411 2412
f 2359 2412 2357
f 2357 2412 2356
f 2356 2412 2413
f 2356 2413 2354
f 2414 2415 2416
f 2414 2416 2417
f 2418 2414 2419
f 2419 2414 2417
f 2419 2417 2420
f 2402 2400 2377
f 2377 2400 2394
f 2377 2394 2378
f 2378 2394 2393
f 2378 2393 2421
f 2421 2393 2396
f 2421 2396 2422
f 2422 2396 2388
f 2422 2388 2423
f 2423 2388 2390
f 2423 2390 2424
f 2424 2390 2383
f 2424 2383 2425
f 2425 2383 2381
f 2425 2381 2426
f 2426 2381 2380
f 2407 2427 2405
f 2405 2427 2428
f 2405 2428 2373
f 2373 2428 2408
f 2373 2408 2369
f 2369 2408 2367
f 2427 2429 2428
f 2428 2429 2430
f 2428 2430 2408
f 2408 2430 2431
f 2408 2431 2409
f 2409 2431 2432
f 2409 2432 2410
f 2410 2432 2433
f 2410 2433 2411
f 2411 2433 2420
f 2411 2420 2412
f 2412 2420 2417
f 2412 2417 2413
f 2413 2417 2416
f 2413 2416 2354
f 2354 2416 2415
f 2354 2415 2351
f 2407 2434 2427
f 2427 2434 2404
f 2427 2404 2429
f 2429 2404 2376
f 2429 2376 2430
f 2430 2376 2378
f 2430 2378 2431
f 2431 2378 2421
f 2431 2421 2432
f 2432 2421 2422
f 2432 2422 2433
f 2433 2422 2423
f 2433 2423 2420
f 2420 2423 2424
f 2420 2424 2419
f 2419 2424 2425
f 2419 2425 2418
f 2418 2425 2426
f 2435 2436 2437
f 2438 2439 2382
f 2440 2438 2441
f 2384 2392 2441
f 2441 2392 2391
f 2441 2391 2389
f 2438 2382 2441
f 2441 2382 2385
f 2441 2385 2384
f 2387 2386 2397
f 2397 2395 2398
f 2442 2389 2387
f 2387 2397 2442
f 2442 2397 2398
f 2442 2398 2443
f 2443 2444 2442
f 2442 2444 2435
f 2442 2435 2389
f 2389 2435 2437
f 2389 2437 2441
f 2441 2437 2445
f 2441 2445 2440
f 2446 2447 2448
f 2436 2435 2449
f 2444 2443 2450
f 2440 2445 2451
f 2379 2382 2439
f 2446 2452 2453
f 2379 2447 2380
f 2380 2447 2446
f 2380 2446 2426
f 2426 2446 2453
f 2426 2453 2418
f 2418 2453 2414
f 2351 2415 2454
f 2454 2415 2455
f 2454 2455 2456
f 2456 2455 2457
f 2456 2457 2458
f 2459 2460 2458
f 2460 2459 2461
f 2461 2459 2462
f 2461 2462 2463
f 2464 2465 2466
f 2466 2465 2467
f 2466 2467 2462
f 2462 2467 2468
f 2462 2468 2463
f 2469 2470 2464
f 2464 2470 2471
f 2464 2471 2465
f 2472 2473 2474
f 2474 2473 2475
f 2370 2472 2406
f 2406 2472 2474
f 2406 2474 2476
f 2476 2474 2475
f 2476 2475 2469
f 2469 2475 2477
f 2469 2477 2470
f 2478 2434 2407
f 2402 2401 2479
f 2479 2401 2403
f 2479 2403 2404
f 2443 2398 2450
f 2450 2398 2399
f 2450 2399 2400
f 2452 2446 2480
f 2480 2446 2448
f 2480 2448 2481
f 2481 2448 2482
f 2481 2482 2483
f 2400 2484 2450
f 2450 2484 2449
f 2450 2449 2444
f 2444 2449 2435
f 2415 2414 2455
f 2455 2414 2453
f 2455 2453 2457
f 2457 2453 2452
f 2457 2452 2485
f 2485 2452 2480
f 2485 2480 2486
f 2486 2480 2481
f 2486 2481 2487
f 2487 2481 2483
f 2487 2483 2488
f 2437 2436 2489
f 2489 2436 2449
f 2489 2449 2490
f 2490 2449 2484
f 2490 2484 2479
f 2479 2484 2400
f 2479 2400 2402
f 2458 2457 2459
f 2459 2457 2485
f 2459 2485 2462
f 2462 2485 2486
f 2462 2486 2466
f 2466 2486 2487
f 2466 2487 2464
f 2464 2487 2488
f 2464 2488 2469
f 2445 2437 2451
f 2451 2437 2489
f 2451 2489 2491
f 2491 2489 2490
f 2491 2490 2492
f 2492 2490 2479
f 2492 2479 2478
f 2478 2479 2404
f 2478 2404 2434
f 2379 2439 2447
f 2447 2439 2438
f 2447 2438 2448
f 2448 2438 2440
f 2448 2440 2482
f 2482 2440 2451
f 2482 2451 2483
f 2483 2451 2491
f 2483 2491 2488
f 2488 2491 2492
f 2488 2492 2469
f 2469 2492 2478
f 2469 2478 2476
f 2476 2478 2407
f 2476 2407 2406
f 2454 2352 2351
f 2473 2472 2493
f 2370 2372 2472
f 2472 2372 2494
f 2472 2494 2493
f 2473 2493 2475
f 2475 2493 2495
f 2475 2495 2477
f 2477 2495 2496
f 2477 2496 2470
f 2497 2498 2468
f 2468 2467 2497
f 2497 2467 2465
f 2497 2465 2496
f 2496 2465 2471
f 2496 2471 2470
f 2498 2499 2468
f 2468 2499 2500
f 2468 2500 2463
f 2463 2500 2461
f 2352 2454 2501
f 2454 2456 2501
f 2501 2456 2458
f 2501 2458 2500
f 2500 2458 2460
f 2500 2460 2461
f 2502 2503 2504
f 2502 2504 2505
f 2505 2504 2506
f 2505 2506 2507
f 2507 2506 2508
f 2507 2508 2509
f 2509 2508 2510
f 2510 2508 2511
f 2510 2511 2512
f 2512 2511 2513
f 2512 2513 2514
f 2514 2513 2515
f 2514 2515 2516
f 2516 2515 2517
f 2517 2515 2518
f 2517 2518 2519
f 2519 2518 2520
f 2519 2520 2521
f 2521 2520 2522
f 2521 2522 2523
f 2523 2522 2524
f 2524 2522 2525
f 2524 2525 2526
f 2527 2528 2529
f 2527 2529 2530
f 2530 2529 2531
f 2530 2531 2532
f 2532 2531 2533
f 2532 2533 2534
f 2533 2535 2534
f 2534 2535 2536
f 2534 2536 2537
f 2538 2539 2540
f 2541 2542 2543
f 2526 2542 2524
f 2524 2542 2541
f 2524 2541 2523
f 2523 2541 2544
f 2512 2514 2545
f 2545 2514 2516
f 2545 2516 2546
f 2546 2516 2517
f 2546 2517 2547
f 2547 2517 2519
f 2547 2519 2544
f 2544 2519 2521
f 2544 2521 2523
f 2548 2549 2550
f 2512 2545 2510
f 2510 2545 2551
f 2510 2551 2509
f 2509 2551 2552
f 2509 2552 2507
f 2507 2552 2553
f 2507 2553 2505
f 2505 2553 2548
f 2505 2548 2502
f 2502 2548 2550
f 2502 2550 2503
f 2554 2555 2549
f 2528 2527 2556
f 2556 2527 2557
f 2556 2557 2558
f 2558 2557 2559
f 2558 2559 2560
f 2560 2559 2561
f 2560 2561 2562
f 2563 2537 2564
f 2564 2537 2536
f 2564 2536 2565
f 2565 2536 2535
f 2565 2535 2566
f 2566 2535 2533
f 2566 2533 2567
f 2567 2533 2531
f 2567 2531 2568
f 2568 2531 2529
f 2568 2529 2569
f 2569 2529 2528
f 2569 2528 2570
f 2570 2528 2556
f 2570 2556 2571
f 2571 2556 2558
f 2571 2558 2572
f 2572 2558 2560
f 2572 2560 2573
f 2573 2560 2562
f 2573 2562 2555
f 2555 2554 2573
f 2573 2554 2574
f 2573 2574 2572
f 2572 2574 2575
f 2572 2575 2571
f 2571 2575 2576
f 2571 2576 2570
f 2570 2576 2577
f 2570 2577 2569
f 2569 2577 2578
f 2569 2578 2568
f 2568 2578 2579
f 2568 2579 2567
f 2567 2579 2580
f 2567 2580 2566
f 2566 2580 2538
f 2566 2538 2565
f 2565 2538 2540
f 2565 2540 2564
f 2549 2548 2554
f 2554 2548 2553
f 2554 2553 2574
f 2574 2553 2552
f 2574 2552 2575
f 2575 2552 2551
f 2575 2551 2576
f 2576 2551 2545
f 2576 2545 2577
f 2577 2545 2546
f 2577 2546 2578
f 2578 2546 2547
f 2578 2547 2579
f 2579 2547 2544
f 2579 2544 2580
f 2580 2544 2541
f 2580 2541 2538
f 2538 2541 2543
f 2538 2543 2539
f 2537 2563 2581
f 2581 2559 2557
f 2534 2537 2532
f 2532 2537 2581
f 2532 2581 2530
f 2530 2581 2557
f 2530 2557 2527
f 2582 2583 2581
f 2581 2583 2584
f 2581 2584 2559
f 2585 2582 2586
f 2586 2582 2581
f 2586 2581 2587
f 2587 2581 2563
f 2549 2555 2588
f 2589 2587 2563
f 2583 2590 2584
f 2584 2590 2561
f 2584 2561 2559
f 2583 2591 2590
f 2590 2591 2592
f 2590 2592 2561
f 2561 2592 2562
f 2503 2550 2593
f 2593 2550 2594
f 2595 2596 2597
f 2597 2596 2598
f 2597 2598 2599
f 2599 2598 2600
f 2599 2600 2601
f 2601 2600 2602
f 2601 2602 2603
f 2603 2602 2604
f 2603 2604 2605
f 2595 2597 2606
f 2606 2597 2607
f 2606 2607 2608
f 2608 2607 2609
f 2608 2609 2610
f 2610 2609 2611
f 2610 2611 2612
f 2526 2613 2542
f 2542 2613 2614
f 2542 2614 2543
f 2543 2614 2539
f 2563 2564 2589
f 2589 2564 2540
f 2589 2540 2615
f 2615 2540 2539
f 2615 2539 2616
f 2616 2539 2614
f 2617 2618 2619
f 2619 2618 2620
f 2619 2620 2621
f 2621 2620 2622
f 2621 2622 2623
f 2623 2622 2624
f 2623 2624 2625
f 2555 2562 2588
f 2588 2562 2592
f 2588 2592 2626
f 2626 2592 2591
f 2626 2591 2627
f 2627 2591 2583
f 2627 2583 2582
f 2628 2617 2629
f 2629 2617 2619
f 2629 2619 2630
f 2630 2619 2621
f 2630 2621 2631
f 2631 2621 2623
f 2631 2623 2632
f 2632 2623 2625
f 2632 2625 2633
f 2550 2549 2594
f 2594 2549 2588
f 2594 2588 2634
f 2634 2588 2626
f 2634 2626 2635
f 2635 2626 2627
f 2635 2627 2636
f 2636 2627 2582
f 2636 2582 2585
f 2603 2628 2601
f 2601 2628 2629
f 2601 2629 2599
f 2599 2629 2630
f 2599 2630 2597
f 2597 2630 2631
f 2597 2631 2607
f 2607 2631 2632
f 2607 2632 2609
f 2609 2632 2633
f 2609 2633 2611
f 2613 2612 2614
f 2614 2612 2611
f 2614 2611 2616
f 2616 2611 2633
f 2616 2633 2615
f 2615 2633 2625
f 2615 2625 2589
f 2589 2625 2624
f 2589 2624 2587
f 2587 2624 2622
f 2587 2622 2586
f 2586 2622 2620
f 2586 2620 2585
f 2585 2620 2618
f 2585 2618 2636
f 2636 2618 2617
f 2636 2617 2635
f 2635 2617 2628
f 2635 2628 2634
f 2634 2628 2603
f 2634 2603 2594
f 2594 2603 2605
f 2594 2605 2593
f 2526 2525 2613
f 2613 2525 2637
f 2613 2637 2612
f 2612 2637 2610
f 2610 2637 2638
f 2610 2638 2608
f 2608 2638 2606
f 2606 2638 2639
f 2606 2639 2595
f 2595 2639 2640
f 2595 2640 2596
f 2596 2640 2641
f 2596 2641 2598
f 2598 2641 2600
f 2600 2641 2642
f 2600 2642 2602
f 2602 2642 2604
f 2604 2642 2643
f 2604 2643 2605
f 2605 2643 2593
f 2593 2643 2504
f 2593 2504 2503
f 2644 2645 2646
f 2647 2648 2649
f 2650 2651 2652
f 2650 2652 2653
f 2652 2654 2653
f 2653 2654 2655
f 2653 2655 2656
f 2656 2655 2657
f 2656 2657 2648
f 2648 2657 2649
f 2658 2659 2660
f 2658 2660 2661
f 2660 2662 2661
f 2661 2662 2663
f 2661 2663 2664
f 2664 2663 2665
f 2664 2665 2650
f 2650 2665 2666
f 2650 2666 2651
f 2659 2658 2667
f 2667 2658 2668
f 2667 2668 2669
f 2646 2645 2670
f 2646 2670 2668
f 2668 2670 2671
f 2668 2671 2669
f 2644 2646 2672
f 2672 2646 2673
f 2672 2673 2674
f 2674 2673 2675
f 2674 2675 2676
f 2677 2678 2679
f 2651 2666 2680
f 2681 2682 2683
f 2683 2682 2684
f 2683 2684 2685
f 2681 2686 2682
f 2682 2686 2687
f 2682 2687 2684
f 2684 2687 2688
f 2689 2690 2691
f 2691 2690 2692
f 2691 2692 2693
f 2674 2676 2694
f 2645 2644 2693
f 2693 2644 2672
f 2693 2672 2691
f 2691 2672 2674
f 2691 2674 2689
f 2689 2674 2694
f 2689 2694 2690
f 2670 2645 2678
f 2695 2669 2671
f 2667 2669 2696
f 2696 2669 2695
f 2696 2695 2697
f 2659 2698 2660
f 2660 2698 2699
f 2660 2699 2662
f 2662 2699 2700
f 2662 2700 2663
f 2663 2700 2701
f 2663 2701 2665
f 2654 2652 2702
f 2702 2652 2703
f 2702 2703 2704
f 2657 2655 2705
f 2705 2655 2706
f 2705 2706 2707
f 2708 2647 2649
f 2709 2710 2711
f 2690 2688 2692
f 2692 2688 2687
f 2692 2687 2712
f 2712 2687 2686
f 2712 2686 2713
f 2713 2686 2681
f 2713 2681 2714
f 2715 2711 2716
f 2716 2711 2710
f 2716 2710 2717
f 2649 2657 2718
f 2718 2657 2705
f 2718 2705 2719
f 2719 2705 2707
f 2719 2707 2720
f 2720 2707 2721
f 2720 2721 2722
f 2722 2721 2723
f 2655 2654 2706
f 2706 2654 2702
f 2706 2702 2707
f 2707 2702 2704
f 2707 2704 2721
f 2721 2704 2724
f 2721 2724 2723
f 2723 2724 2725
f 2652 2651 2703
f 2703 2651 2680
f 2703 2680 2704
f 2704 2680 2717
f 2704 2717 2724
f 2724 2717 2710
f 2724 2710 2725
f 2725 2710 2709
f 2666 2665 2680
f 2680 2665 2701
f 2680 2701 2717
f 2717 2701 2700
f 2717 2700 2716
f 2716 2700 2699
f 2716 2699 2715
f 2715 2699 2698
f 2715 2698 2726
f 2726 2698 2659
f 2726 2659 2667
f 2667 2696 2726
f 2726 2696 2697
f 2726 2697 2715
f 2715 2697 2727
f 2715 2727 2711
f 2711 2727 2728
f 2711 2728 2709
f 2709 2728 2729
f 2709 2729 2725
f 2725 2729 2730
f 2725 2730 2723
f 2723 2730 2731
f 2723 2731 2722
f 2722 2731 2732
f 2722 2732 2720
f 2720 2732 2733
f 2720 2733 2719
f 2719 2733 2708
f 2719 2708 2718
f 2718 2708 2649
f 2670 2678 2671
f 2671 2678 2677
f 2671 2677 2695
f 2695 2677 2679
f 2695 2679 2697
f 2697 2679 2734
f 2697 2734 2727
f 2727 2734 2735
f 2727 2735 2728
f 2728 2735 2736
f 2728 2736 2729
f 2645 2693 2678
f 2678 2693 2692
f 2678 2692 2679
f 2679 2692 2712
f 2679 2712 2734
f 2734 2712 2713
f 2734 2713 2735
f 2735 2713 2714
f 2735 2714 2736
f 2683 2685 2737
f 2737 2731 2730
f 2681 2683 2714
f 2714 2683 2737
f 2714 2737 2736
f 2736 2737 2730
f 2736 2730 2729
f 2738 2739 2737
f 2737 2739 2740
f 2737 2740 2731
f 2741 2738 2742
f 2742 2738 2737
f 2742 2737 2743
f 2743 2737 2685
f 2744 2745 2746
f 2747 2748 2739
f 2739 2748 2740
f 2747 2749 2748
f 2748 2749 2732
f 2748 2732 2740
f 2740 2732 2731
f 2750 2647 2708
f 2708 2751 2750
f 2750 2751 2752
f 2750 2752 2753
f 2708 2733 2751
f 2751 2733 2754
f 2751 2754 2752
f 2752 2754 2755
f 2752 2755 2753
f 2753 2755 2756
f 2757 2758 2756
f 2759 2758 2760
f 2760 2758 2757
f 2760 2757 2761
f 2762 2763 2759
f 2764 2763 2765
f 2765 2763 2762
f 2765 2762 2766
f 2767 2768 2764
f 2769 2770 2771
f 2769 2771 2772
f 2772 2771 2773
f 2772 2773 2774
f 2774 2773 2775
f 2776 2777 2778
f 2778 2777 2779
f 2778 2779 2780
f 2781 2782 2783
f 2783 2782 2784
f 2783 2784 2785
f 2694 2676 2786
f 2787 2688 2788
f 2788 2688 2690
f 2788 2690 2789
f 2789 2690 2694
f 2789 2694 2790
f 2790 2694 2786
f 2733 2732 2754
f 2754 2732 2749
f 2754 2749 2791
f 2791 2749 2747
f 2791 2747 2792
f 2792 2747 2739
f 2792 2739 2738
f 2793 2794 2795
f 2786 2781 2790
f 2790 2781 2783
f 2790 2783 2789
f 2789 2783 2785
f 2789 2785 2788
f 2788 2785 2796
f 2788 2796 2787
f 2787 2796 2797
f 2782 2776 2784
f 2784 2776 2778
f 2784 2778 2785
f 2785 2778 2780
f 2785 2780 2796
f 2796 2780 2798
f 2796 2798 2797
f 2797 2798 2799
f 2777 2744 2779
f 2779 2744 2746
f 2779 2746 2780
f 2780 2746 2794
f 2780 2794 2798
f 2798 2794 2793
f 2798 2793 2799
f 2799 2793 2800
f 2745 2770 2746
f 2746 2770 2769
f 2746 2769 2794
f 2794 2769 2772
f 2794 2772 2795
f 2795 2772 2774
f 2795 2774 2801
f 2801 2774 2775
f 2801 2775 2802
f 2800 2793 2803
f 2803 2793 2795
f 2803 2795 2804
f 2804 2795 2801
f 2804 2801 2767
f 2767 2801 2802
f 2767 2802 2768
f 2764 2765 2767
f 2767 2765 2766
f 2767 2766 2804
f 2804 2766 2805
f 2804 2805 2803
f 2803 2805 2806
f 2803 2806 2800
f 2800 2806 2742
f 2800 2742 2799
f 2799 2742 2743
f 2799 2743 2797
f 2797 2743 2685
f 2797 2685 2787
f 2787 2685 2684
f 2787 2684 2688
f 2759 2760 2762
f 2762 2760 2761
f 2762 2761 2766
f 2766 2761 2807
f 2766 2807 2805
f 2805 2807 2808
f 2805 2808 2806
f 2806 2808 2741
f 2806 2741 2742
f 2756 2755 2757
f 2757 2755 2754
f 2757 2754 2761
f 2761 2754 2791
f 2761 2791 2807
f 2807 2791 2792
f 2807 2792 2808
f 2808 2792 2738
f 2808 2738 2741
f 2756 2758 2809
f 2809 2758 2810
f 2676 2675 2786
f 2786 2675 2781
f 2781 2675 2811
f 2781 2811 2782
f 2782 2811 2776
f 2776 2811 2812
f 2776 2812 2777
f 2777 2812 2813
f 2777 2813 2744
f 2814 2770 2813
f 2813 2770 2745
f 2813 2745 2744
f 2815 2816 2802
f 2802 2775 2815
f 2815 2775 2773
f 2815 2773 2814
f 2814 2773 2771
f 2814 2771 2770
f 2758 2759 2810
f 2810 2759 2763
f 2810 2763 2817
f 2817 2763 2764
f 2817 2764 2816
f 2816 2764 2768
f 2816 2768 2802
f 2756 2809 2753
f 2753 2809 2818
f 2753 2818 2750
f 2750 2818 2648
f 2750 2648 2647
f 2819 2820 2821
f 2821 2820 2822
f 2821 2822 2823
f 2823 2822 2824
f 2824 2822 2825
f 2824 2825 2826
f 2826 2825 2827
f 2827 2825 2828
f 2827 2828 2829
f 2829 2828 2830
f 2829 2830 2831
f 2831 2830 2832
f 2831 2832 2833
f 2833 2832 2834
f 2834 2832 2835
f 2834 2835 2836
f 2836 2835 2837
f 2837 2835 2838
f 2837 2838 2839
f 2839 2838 2840
f 2840 2838 2841
f 2840 2841 2842
f 2843 2844 2845
f 2845 2844 2846
f 2845 2846 2847
f 2848 2849 2850
f 2850 2849 2851
f 2850 2851 2852
f 2852 2851 2853
f 2852 2853 2854
f 2854 2853 2855
f 2854 2855 2856
f 2856 2855 2847
f 2856 2847 2857
f 2857 2847 2846
f 2858 2859 2860
f 2861 2862 2863
f 2842 2862 2840
f 2840 2862 2861
f 2840 2861 2839
f 2839 2861 2864
f 2829 2831 2865
f 2865 2831 2833
f 2865 2833 2866
f 2866 2833 2834
f 2866 2834 2867
f 2867 2834 2836
f 2867 2836 2864
f 2864 2836 2837
f 2864 2837 2839
f 2868 2869 2870
f 2829 2865 2827
f 2827 2865 2871
f 2827 2871 2826
f 2826 2871 2872
f 2826 2872 2824
f 2824 2872 2873
f 2824 2873 2823
f 2823 2873 2868
f 2823 2868 2821
f 2821 2868 2870
f 2821 2870 2819
f 2874 2875 2869
f 2845 2876 2843
f 2843 2876 2877
f 2843 2877 2878
f 2879 2849 2880
f 2880 2849 2848
f 2880 2848 2881
f 2881 2848 2850
f 2881 2850 2882
f 2882 2850 2852
f 2882 2852 2883
f 2883 2852 2854
f 2883 2854 2884
f 2884 2854 2856
f 2884 2856 2885
f 2885 2856 2857
f 2885 2857 2886
f 2886 2857 2846
f 2886 2846 2887
f 2887 2846 2844
f 2887 2844 2888
f 2888 2844 2843
f 2888 2843 2889
f 2889 2843 2878
f 2889 2878 2875
f 2875 2874 2889
f 2889 2874 2890
f 2889 2890 2888
f 2888 2890 2891
f 2888 2891 2887
f 2887 2891 2892
f 2887 2892 2886
f 2886 2892 2893
f 2886 2893 2885
f 2885 2893 2894
f 2885 2894 2884
f 2884 2894 2895
f 2884 2895 2883
f 2883 2895 2896
f 2883 2896 2882
f 2882 2896 2858
f 2882 2858 2881
f 2881 2858 2860
f 2881 2860 2880
f 2869 2868 2874
f 2874 2868 2873
f 2874 2873 2890
f 2890 2873 2872
f 2890 2872 2891
f 2891 2872 2871
f 2891 2871 2892
f 2892 2871 2865
f 2892 2865 2893
f 2893 2865 2866
f 2893 2866 2894
f 2894 2866 2867
f 2894 2867 2895
f 2895 2867 2864
f 2895 2864 2896
f 2896 2864 2861
f 2896 2861 2858
f 2858 2861 2863
f 2858 2863 2859
f 2897 2898 2899
f 2897 2899 2900
f 2900 2899 2901
f 2900 2901 2902
f 2849 2879 2899
f 2899 2879 2903
f 2899 2903 2901
f 2855 2853 2899
f 2899 2853 2851
f 2899 2851 2849
f 2847 2855 2845
f 2845 2855 2899
f 2845 2899 2876
f 2876 2899 2898
f 2863 2862 2904
f 2905 2906 2903
f 2903 2906 2907
f 2903 2907 2901
f 2907 2908 2901
f 2901 2908 2909
f 2901 2909 2902
f 2902 2909 2910
f 2902 2910 2900
f 2900 2910 2911
f 2900 2911 2897
f 2911 2912 2897
f 2897 2912 2913
f 2897 2913 2898
f 2914 2875 2878
f 2915 2870 2869
f 2819 2870 2916
f 2916 2870 2915
f 2916 2915 2917
f 2917 2915 2918
f 2919 2920 2921
f 2921 2920 2922
f 2921 2922 2923
f 2923 2922 2924
f 2923 2924 2925
f 2925 2924 2926
f 2925 2926 2918
f 2918 2926 2927
f 2918 2927 2917
f 2919 2921 2928
f 2928 2921 2929
f 2928 2929 2930
f 2930 2929 2931
f 2930 2931 2932
f 2932 2931 2933
f 2932 2933 2934
f 2934 2933 2904
f 2934 2904 2935
f 2935 2904 2862
f 2935 2862 2842
f 2936 2859 2863
f 2903 2879 2905
f 2905 2879 2880
f 2905 2880 2860
f 2876 2898 2877
f 2877 2898 2913
f 2877 2913 2937
f 2937 2913 2912
f 2937 2912 2938
f 2938 2912 2911
f 2938 2911 2939
f 2939 2911 2910
f 2939 2910 2940
f 2940 2910 2909
f 2940 2909 2941
f 2941 2909 2908
f 2941 2908 2942
f 2942 2908 2907
f 2942 2907 2943
f 2943 2907 2906
f 2943 2906 2944
f 2944 2906 2905
f 2944 2905 2945
f 2945 2905 2860
f 2945 2860 2859
f 2859 2936 2945
f 2945 2936 2946
f 2945 2946 2944
f 2944 2946 2947
f 2944 2947 2943
f 2943 2947 2948
f 2943 2948 2942
f 2942 2948 2949
f 2942 2949 2941
f 2941 2949 2950
f 2941 2950 2940
f 2940 2950 2951
f 2940 2951 2939
f 2939 2951 2952
f 2939 2952 2938
f 2938 2952 2914
f 2938 2914 2937
f 2937 2914 2878
f 2937 2878 2877
f 2863 2904 2936
f 2936 2904 2933
f 2936 2933 2946
f 2946 2933 2931
f 2946 2931 2947
f 2947 2931 2929
f 2947 2929 2948
f 2948 2929 2921
f 2948 2921 2949
f 2949 2921 2923
f 2949 2923 2950
f 2950 2923 2925
f 2950 2925 2951
f 2951 2925 2918
f 2951 2918 2952
f 2952 2918 2915
f 2952 2915 2914
f 2914 2915 2869
f 2914 2869 2875
f 2935 2842 2953
f 2953 2842 2841
f 2935 2953 2934
f 2934 2953 2954
f 2934 2954 2932
f 2932 2954 2955
f 2932 2955 2930
f 2930 2955 2928
f 2928 2955 2956
f 2928 2956 2919
f 2919 2956 2957
f 2919 2957 2920
f 2920 2957 2958
f 2920 2958 2922
f 2922 2958 2924
f 2924 2958 2959
f 2924 2959 2926
f 2926 2959 2927
f 2927 2959 2960
f 2927 2960 2917
f 2917 2960 2916
f 2916 2960 2820
f 2916 2820 2819
f 2961 2962 2963
f 2964 2965 2966
f 2967 2968 2969
f 2967 2969 2970
f 2969 2971 2970
f 2970 2971 2972
f 2970 2972 2973
f 2973 2972 2974
f 2973 2974 2965
f 2965 2974 2966
f 2975 2976 2977
f 2975 2977 2978
f 2977 2979 2978
f 2978 2979 2980
f 2978 2980 2981
f 2981 2980 2982
f 2981 2982 2967
f 2967 2982 2983
f 2967 2983 2968
f 2976 2975 2984
f 2984 2975 2985
f 2984 2985 2986
f 2963 2962 2987
f 2963 2987 2985
f 2985 2987 2988
f 2985 2988 2986
f 2961 2963 2989
f 2989 2963 2990
f 2989 2990 2991
f 2991 2990 2992
f 2991 2992 2993
f 2994 2995 2996
f 2968 2983 2997
f 2998 2999 3000
f 3000 2999 3001
f 3000 3001 3002
f 2998 3003 2999
f 2999 3003 3004
f 2999 3004 3001
f 3001 3004 3005
f 3006 3007 3008
f 3008 3007 3009
f 3008 3009 3010
f 2991 2993 3011
f 2962 2961 3010
f 3010 2961 2989
f 3010 2989 3008
f 3008 2989 2991
f 3008 2991 3006
f 3006 2991 3011
f 3006 3011 3007
f 2987 2962 2995
f 3012 2986 2988
f 2984 2986 3013
f 3013 2986 3012
f 3013 3012 3014
f 2976 3015 2977
f 2977 3015 3016
f 2977 3016 2979
f 2979 3016 3017
f 2979 3017 2980
f 2980 3017 3018
f 2980 3018 2982
f 2971 2969 3019
f 3019 2969 3020
f 3019 3020 3021
f 2974 2972 3022
f 3022 2972 3023
f 3022 3023 3024
f 3025 2964 2966
f 3026 3027 3028
f 3007 3005 3009
f 3009 3005 3004
f 3009 3004 3029
f 3029 3004 3003
f 3029 3003 3030
f 3030 3003 2998
f 3030 2998 3031
f 3032 3028 3033
f 3033 3028 3027
f 3033 3027 3034
f 2966 2974 3035
f 3035 2974 3022
f 3035 3022 3036
f 3036 3022 3024
f 3036 3024 3037
f 3037 3024 3038
f 3037 3038 3039
f 3039 3038 3040
f 2972 2971 3023
f 3023 2971 3019
f 3023 3019 3024
f 3024 3019 3021
f 3024 3021 3038
f 3038 3021 3041
f 3038 3041 3040
f 3040 3041 3042
f 2969 2968 3020
f 3020 2968 2997
f 3020 2997 3021
f 3021 2997 3034
f 3021 3034 3041
f 3041 3034 3027
f 3041 3027 3042
f 3042 3027 3026
f 2983 2982 2997
f 2997 2982 3018
f 2997 3018 3034
f 3034 3018 3017
f 3034 3017 3033
f 3033 3017 3016
f 3033 3016 3032
f 3032 3016 3015
f 3032 3015 3043
f 3043 3015 2976
f 3043 2976 2984
f 2984 3013 3043
f 3043 3013 3014
f 3043 3014 3032
f 3032 3014 3044
f 3032 3044 3028
f 3028 3044 3045
f 3028 3045 3026
f 3026 3045 3046
f 3026 3046 3042
f 3042 3046 3047
f 3042 3047 3040
f 3040 3047 3048
f 3040 3048 3039
f 3039 3048 3049
f 3039 3049 3037
f 3037 3049 3050
f 3037 3050 3036
f 3036 3050 3025
f 3036 3025 3035
f 3035 3025 2966
f 2987 2995 2988
f 2988 2995 2994
f 2988 2994 3012
f 3012 2994 2996
f 3012 2996 3014
f 3014 2996 3051
f 3014 3051 3044
f 3044 3051 3052
f 3044 3052 3045
f 3045 3052 3053
f 3045 3053 3046
f 2962 3010 2995
f 2995 3010 3009
f 2995 3009 2996
f 2996 3009 3029
f 2996 3029 3051
f 3051 3029 3030
f 3051 3030 3052
f 3052 3030 3031
f 3052 3031 3053
f 3000 3002 3054
f 3054 3048 3047
f 2998 3000 3031
f 3031 3000 3054
f 3031 3054 3053
f 3053 3054 3047
f 3053 3047 3046
f 3055 3056 3054
f 3054 3056 3057
f 3054 3057 3048
f 3058 3055 3059
f 3059 3055 3054
f 3059 3054 3060
f 3060 3054 3002
f 3061 3062 3063
f 3064 3065 3056
f 3056 3065 3057
f 3064 3066 3065
f 3065 3066 3049
f 3065 3049 3057
f 3057 3049 3048
f 3067 2964 3025
f 3025 3068 3067
f 3067 3068 3069
f 3067 3069 3070
f 3025 3050 3068
f 3068 3050 3071
f 3068 3071 3069
f 3069 3071 3072
f 3069 3072 3070
f 3070 3072 3073
f 3074 3075 3073
f 3076 3075 3077
f 3077 3075 3074
f 3077 3074 3078
f 3079 3080 3076
f 3081 3080 3082
f 3082 3080 3079
f 3082 3079 3083
f 3084 3085 3081
f 3086 3087 3088
f 3086 3088 3089
f 3089 3088 3090
f 3089 3090 3091
f 3091 3090 3092
f 3091 3092 3093
f 3093 3092 3094
f 3095 3096 3097
f 3097 3096 3098
f 3097 3098 3099
f 3100 3101 3102
f 3102 3101 3103
f 3102 3103 3104
f 3011 2993 3105
f 3106 3005 3107
f 3107 3005 3007
f 3107 3007 3108
f 3108 3007 3011
f 3108 3011 3109
f 3109 3011 3105
f 3110 3111 3112
f 3050 3049 3071
f 3071 3049 3066
f 3071 3066 3113
f 3113 3066 3064
f 3113 3064 3114
f 3114 3064 3056
f 3114 3056 3055
f 3115 3112 3116
f 3116 3112 3111
f 3116 3111 3117
f 3105 3100 3109
f 3109 3100 3102
f 3109 3102 3108
f 3108 3102 3104
f 3108 3104 3107
f 3107 3104 3118
f 3107 3118 3106
f 3106 3118 3119
f 3101 3095 3103
f 3103 3095 3097
f 3103 3097 3104
f 3104 3097 3099
f 3104 3099 3118
f 3118 3099 3120
f 3118 3120 3119
f 3119 3120 3121
f 3096 3061 3098
f 3098 3061 3063
f 3098 3063 3099
f 3099 3063 3117
f 3099 3117 3120
f 3120 3117 3111
f 3120 3111 3121
f 3121 3111 3110
f 3062 3087 3063
f 3063 3087 3086
f 3063 3086 3117
f 3117 3086 3089
f 3117 3089 3116
f 3116 3089 3091
f 3116 3091 3115
f 3115 3091 3093
f 3115 3093 3084
f 3084 3093 3094
f 3084 3094 3085
f 3081 3082 3084
f 3084 3082 3083
f 3084 3083 3115
f 3115 3083 3122
f 3115 3122 3112
f 3112 3122 3123
f 3112 3123 3110
f 3110 3123 3059
f 3110 3059 3121
f 3121 3059 3060
f 3121 3060 3119
f 3119 3060 3002
f 3119 3002 3106
f 3106 3002 3001
f 3106 3001 3005
f 3076 3077 3079
f 3079 3077 3078
f 3079 3078 3083
f 3083 3078 3124
f 3083 3124 3122
f 3122 3124 3125
f 3122 3125 3123
f 3123 3125 3058
f 3123 3058 3059
f 3073 3072 3074
f 3074 3072 3071
f 3074 3071 3078
f 3078 3071 3113
f 3078 3113 3124
f 3124 3113 3114
f 3124 3114 3125
f 3125 3114 3055
f 3125 3055 3058
f 3073 3075 3126
f 3126 3075 3127
f 2993 2992 3105
f 3105 2992 3100
f 3100 2992 3128
f 3100 3128 3101
f 3101 3128 3095
f 3095 3128 3129
f 3095 3129 3096
f 3096 3129 3130
f 3096 3130 3061
f 3131 3087 3130
f 3130 3087 3062
f 3130 3062 3061
f 3132 3133 3094
f 3094 3092 3132
f 3132 3092 3090
f 3132 3090 3131
f 3131 3090 3088
f 3131 3088 3087
f 3075 3076 3127
f 3127 3076 3080
f 3127 3080 3134
f 3134 3080 3081
f 3134 3081 3133
f 3133 3081 3085
f 3133 3085 3094
f 3073 3126 3070
f 3070 3126 3135
f 3070 3135 3067
f 3067 3135 2965
f 3067 2965 2964
f 3136 3137 3138
f 3138 3137 3139
f 3138 3139 3140
f 3140 3139 3141
f 3141 3139 3142
f 3141 3142 3143
f 3143 3142 3144
f 3144 3142 3145
f 3144 3145 3146
f 3146 3145 3147
f 3146 3147 3148
f 3148 3147 3149
f 3148 3149 3150
f 3150 3149 3151
f 3151 3149 3152
f 3151 3152 3153
f 3153 3152 3154
f 3154 3152 3155
f 3154 3155 3156
f 3156 3155 3157
f 3157 3155 3158
f 3157 3158 3159
f 3160 3161 3162
f 3162 3161 3163
f 3162 3163 3164
f 3165 3166 3167
f 3167 3166 3168
f 3167 3168 3169
f 3169 3168 3170
f 3169 3170 3171
f 3171 3170 3172
f 3171 3172 3173
f 3173 3172 3164
f 3173 3164 3174
f 3174 3164 3163
f 3175 3176 3177
f 3178 3179 3180
f 3159 3179 3157
f 3157 3179 3178
f 3157 3178 3156
f 3156 3178 3181
f 3146 3148 3182
f 3182 3148 3150
f 3182 3150 3183
f 3183 3150 3151
f 3183 3151 3184
f 3184 3151 3153
f 3184 3153 3181
f 3181 3153 3154
f 3181 3154 3156
f 3185 3186 3187
f 3146 3182 3144
f 3144 3182 3188
f 3144 3188 3143
f 3143 3188 3189
f 3143 3189 3141
f 3141 3189 3190
f 3141 3190 3140
f 3140 3190 3185
f 3140 3185 3138
f 3138 3185 3187
f 3138 3187 3136
f 3191 3192 3186
f 3162 3193 3160
f 3160 3193 3194
f 3160 3194 3195
f 3196 3166 3197
f 3197 3166 3165
f 3197 3165 3198
f 3198 3165 3167
f 3198 3167 3199
f 3199 3167 3169
f 3199 3169 3200
f 3200 3169 3171
f 3200 3171 3201
f 3201 3171 3173
f 3201 3173 3202
f 3202 3173 3174
f 3202 3174 3203
f 3203 3174 3163
f 3203 3163 3204
f 3204 3163 3161
f 3204 3161 3205
f 3205 3161 3160
f 3205 3160 3206
f 3206 3160 3195
f 3206 3195 3192
f 3192 3191 3206
f 3206 3191 3207
f 3206 3207 3205
f 3205 3207 3208
f 3205 3208 3204
f 3204 3208 3209
f 3204 3209 3203
f 3203 3209 3210
f 3203 3210 3202
f 3202 3210 3211
f 3202 3211 3201
f 3201 3211 3212
f 3201 3212 3200
f 3200 3212 3213
f 3200 3213 3199
f 3199 3213 3175
f 3199 3175 3198
f 3198 3175 3177
f 3198 3177 3197
f 3186 3185 3191
f 3191 3185 3190
f 3191 3190 3207
f 3207 3190 3189
f 3207 3189 3208
f 3208 3189 3188
f 3208 3188 3209
f 3209 3188 3182
f 3209 3182 3210
f 3210 3182 3183
f 3210 3183 3211
f 3211 3183 3184
f 3211 3184 3212
f 3212 3184 3181
f 3212 3181 3213
f 3213 3181 3178
f 3213 3178 3175
f 3175 3178 3180
f 3175 3180 3176
f 3170 3168 3214
f 3214 3168 3166
f 3214 3166 3196
f 3214 3193 3162
f 3170 3214 3172
f 3172 3214 3162
f 3172 3162 3164
f 3215 3216 3214
f 3214 3216 3217
f 3214 3217 3193
f 3218 3215 3219
f 3219 3215 3214
f 3219 3214 3220
f 3220 3214 3196
f 3186 3192 3221
f 3222 3220 3196
f 3223 3194 3217
f 3217 3194 3193
f 3195 3194 3224
f 3224 3194 3223
f 3224 3223 3225
f 3225 3223 3217
f 3225 3217 3216
f 3136 3187 3226
f 3226 3187 3227
f 3228 3229 3230
f 3230 3229 3231
f 3230 3231 3232
f 3232 3231 3233
f 3232 3233 3234
f 3234 3233 3235
f 3234 3235 3236
f 3236 3235 3237
f 3236 3237 3238
f 3228 3230 3239
f 3239 3230 3240
f 3239 3240 3241
f 3241 3240 3242
f 3241 3242 3243
f 3243 3242 3244
f 3243 3244 3245
f 3196 3197 3222
f 3222 3197 3177
f 3222 3177 3246
f 3246 3177 3176
f 3246 3176 3247
f 3247 3176 3180
f 3247 3180 3248
f 3248 3180 3179
f 3248 3179 3249
f 3249 3179 3159
f 3250 3251 3252
f 3252 3251 3253
f 3252 3253 3254
f 3254 3253 3255
f 3254 3255 3256
f 3256 3255 3257
f 3256 3257 3258
f 3192 3195 3221
f 3221 3195 3224
f 3221 3224 3259
f 3259 3224 3225
f 3259 3225 3260
f 3260 3225 3216
f 3260 3216 3215
f 3261 3250 3262
f 3262 3250 3252
f 3262 3252 3263
f 3263 3252 3254
f 3263 3254 3264
f 3264 3254 3256
f 3264 3256 3265
f 3265 3256 3258
f 3265 3258 3266
f 3187 3186 3227
f 3227 3186 3221
f 3227 3221 3267
f 3267 3221 3259
f 3267 3259 3268
f 3268 3259 3260
f 3268 3260 3269
f 3269 3260 3215
f 3269 3215 3218
f 3236 3261 3234
f 3234 3261 3262
f 3234 3262 3232
f 3232 3262 3263
f 3232 3263 3230
f 3230 3263 3264
f 3230 3264 3240
f 3240 3264 3265
f 3240 3265 3242
f 3242 3265 3266
f 3242 3266 3244
f 3249 3245 3248
f 3248 3245 3244
f 3248 3244 3247
f 3247 3244 3266
f 3247 3266 3246
f 3246 3266 3258
f 3246 3258 3222
f 3222 3258 3257
f 3222 3257 3220
f 3220 3257 3255
f 3220 3255 3219
f 3219 3255 3253
f 3219 3253 3218
f 3218 3253 3251
f 3218 3251 3269
f 3269 3251 3250
f 3269 3250 3268
f 3268 3250 3261
f 3268 3261 3267
f 3267 3261 3236
f 3267 3236 3227
f 3227 3236 3238
f 3227 3238 3226
f 3158 3270 3159
f 3159 3270 3271
f 3159 3271 3249
f 3249 3271 3245
f 3241 3243 3272
f 3272 3243 3245
f 3272 3245 3273
f 3273 3245 3271
f 3241 3272 3239
f 3239 3272 3274
f 3239 3274 3228
f 3228 3274 3275
f 3228 3275 3229
f 3229 3275 3276
f 3229 3276 3231
f 3231 3276 3233
f 3233 3276 3277
f 3233 3277 3235
f 3235 3277 3278
f 3235 3278 3237
f 3137 3136 3279
f 3279 3136 3226
f 3279 3226 3278
f 3278 3226 3238
f 3278 3238 3237
f 3280 3281 3282
f 3283 3284 3285
f 3285 3286 3283
f 3283 3286 3287
f 3283 3287 3288
f 3288 3287 3289
f 3288 3289 3281
f 3281 3289 3282
f 3290 3291 3292
f 3292 3293 3290
f 3290 3293 3294
f 3290 3294 3295
f 3295 3294 3296
f 3295 3296 3284
f 3284 3296 3297
f 3284 3297 3285
f 3298 3299 3300
f 3298 3300 3291
f 3291 3300 3301
f 3291 3301 3292
f 3302 3303 3304
f 3304 3303 3305
f 3304 3305 3298
f 3298 3305 3306
f 3298 3306 3299
f 3302 3304 3307
f 3307 3304 3308
f 3307 3308 3309
f 3309 3308 3310
f 3309 3310 3311
f 3312 3313 3314
f 3315 3316 3317
f 3318 3319 3320
f 3321 3322 3323
f 3323 3322 3324
f 3323 3324 3325
f 3321 3326 3322
f 3322 3326 3327
f 3322 3327 3324
f 3324 3327 3328
f 3314 3313 3329
f 3329 3313 3330
f 3329 3330 3331
f 3309 3311 3331
f 3331 3330 3309
f 3309 3330 3313
f 3309 3313 3307
f 3307 3313 3312
f 3307 3312 3302
f 3305 3303 3316
f 3316 3303 3302
f 3319 3299 3306
f 3299 3319 3318
f 3299 3318 3300
f 3301 3332 3292
f 3292 3332 3333
f 3292 3333 3293
f 3293 3333 3334
f 3293 3334 3294
f 3294 3334 3335
f 3294 3335 3296
f 3286 3285 3336
f 3336 3285 3337
f 3336 3337 3338
f 3289 3287 3339
f 3339 3287 3340
f 3339 3340 3341
f 3342 3280 3282
f 3343 3344 3345
f 3329 3328 3314
f 3314 3328 3327
f 3314 3327 3346
f 3346 3327 3326
f 3346 3326 3347
f 3347 3326 3321
f 3347 3321 3348
f 3349 3345 3350
f 3350 3345 3344
f 3350 3344 3351
f 3282 3289 3352
f 3352 3289 3339
f 3352 3339 3353
f 3353 3339 3341
f 3353 3341 3354
f 3354 3341 3355
f 3354 3355 3356
f 3356 3355 3357
f 3287 3286 3340
f 3340 3286 3336
f 3340 3336 3341
f 3341 3336 3338
f 3341 3338 3355
f 3355 3338 3358
f 3355 3358 3357
f 3357 3358 3359
f 3285 3297 3337
f 3337 3297 3360
f 3337 3360 3338
f 3338 3360 3351
f 3338 3351 3358
f 3358 3351 3344
f 3358 3344 3359
f 3359 3344 3343
f 3297 3296 3360
f 3360 3296 3335
f 3360 3335 3351
f 3351 3335 3334
f 3351 3334 3350
f 3350 3334 3333
f 3350 3333 3349
f 3349 3333 3332
f 3349 3332 3361
f 3361 3332 3301
f 3361 3301 3300
f 3300 3318 3361
f 3361 3318 3320
f 3361 3320 3349
f 3349 3320 3362
f 3349 3362 3345
f 3345 3362 3363
f 3345 3363 3343
f 3343 3363 3364
f 3343 3364 3359
f 3359 3364 3365
f 3359 3365 3357
f 3357 3365 3366
f 3357 3366 3356
f 3356 3366 3367
f 3356 3367 3354
f 3354 3367 3368
f 3354 3368 3353
f 3353 3368 3342
f 3353 3342 3352
f 3352 3342 3282
f 3305 3316 3306
f 3306 3316 3315
f 3306 3315 3319
f 3319 3315 3317
f 3319 3317 3320
f 3320 3317 3369
f 3320 3369 3362
f 3362 3369 3370
f 3362 3370 3363
f 3363 3370 3371
f 3363 3371 3364
f 3302 3312 3316
f 3316 3312 3314
f 3316 3314 3317
f 3317 3314 3346
f 3317 3346 3369
f 3369 3346 3347
f 3369 3347 3370
f 3370 3347 3348
f 3370 3348 3371
f 3323 3325 3372
f 3372 3366 3365
f 3321 3323 3348
f 3348 3323 3372
f 3348 3372 3371
f 3371 3372 3365
f 3371 3365 3364
f 3373 3374 3372
f 3372 3374 3375
f 3372 3375 3366
f 3376 3373 3377
f 3377 3373 3372
f 3377 3372 3378
f 3378 3372 3325
f 3379 3380 3381
f 3382 3383 3384
f 3385 3386 3379
f 3387 3388 3374
f 3374 3388 3375
f 3387 3389 3388
f 3388 3389 3367
f 3388 3367 3375
f 3375 3367 3366
f 3390 3280 3342
f 3342 3391 3390
f 3390 3391 3392
f 3390 3392 3393
f 3342 3368 3391
f 3391 3368 3394
f 3391 3394 3392
f 3392 3394 3395
f 3392 3395 3393
f 3393 3395 3396
f 3380 3397 3396
f 3379 3386 3380
f 3380 3386 3397
f 3398 3399 3385
f 3400 3399 3401
f 3401 3399 3398
f 3401 3398 3402
f 3403 3404 3405
f 3405 3404 3406
f 3405 3406 3407
f 3407 3406 3408
f 3407 3408 3409
f 3409 3408 3410
f 3409 3410 3411
f 3412 3413 3414
f 3414 3413 3415
f 3414 3415 3416
f 3417 3418 3419
f 3419 3418 3420
f 3419 3420 3421
f 3331 3311 3422
f 3423 3328 3424
f 3424 3328 3329
f 3424 3329 3425
f 3425 3329 3331
f 3425 3331 3426
f 3426 3331 3422
f 3427 3428 3429
f 3368 3367 3394
f 3394 3367 3389
f 3394 3389 3430
f 3430 3389 3387
f 3430 3387 3431
f 3431 3387 3374
f 3431 3374 3373
f 3432 3429 3433
f 3433 3429 3428
f 3433 3428 3434
f 3422 3417 3426
f 3426 3417 3419
f 3426 3419 3425
f 3425 3419 3421
f 3425 3421 3424
f 3424 3421 3435
f 3424 3435 3423
f 3423 3435 3436
f 3418 3412 3420
f 3420 3412 3414
f 3420 3414 3421
f 3421 3414 3416
f 3421 3416 3435
f 3435 3416 3437
f 3435 3437 3436
f 3436 3437 3438
f 3413 3382 3415
f 3415 3382 3384
f 3415 3384 3416
f 3416 3384 3434
f 3416 3434 3437
f 3437 3434 3428
f 3437 3428 3438
f 3438 3428 3427
f 3383 3411 3384
f 3384 3411 3410
f 3384 3410 3434
f 3434 3410 3408
f 3434 3408 3433
f 3433 3408 3406
f 3433 3406 3432
f 3432 3406 3404
f 3432 3404 3439
f 3439 3404 3403
f 3439 3403 3400
f 3400 3401 3439
f 3439 3401 3402
f 3439 3402 3432
f 3432 3402 3440
f 3432 3440 3429
f 3429 3440 3441
f 3429 3441 3427
f 3427 3441 3377
f 3427 3377 3438
f 3438 3377 3378
f 3438 3378 3436
f 3436 3378 3325
f 3436 3325 3423
f 3423 3325 3324
f 3423 3324 3328
f 3385 3379 3398
f 3398 3379 3381
f 3398 3381 3402
f 3402 3381 3442
f 3402 3442 3440
f 3440 3442 3443
f 3440 3443 3441
f 3441 3443 3376
f 3441 3376 3377
f 3396 3395 3380
f 3380 3395 3394
f 3380 3394 3381
f 3381 3394 3430
f 3381 3430 3442
f 3442 3430 3431
f 3442 3431 3443
f 3443 3431 3373
f 3443 3373 3376
f 3383 3382 3444
f 3445 3417 3310
f 3310 3417 3422
f 3310 3422 3311
f 3382 3413 3444
f 3444 3413 3412
f 3444 3412 3445
f 3445 3412 3418
f 3445 3418 3417
f 3383 3444 3411
f 3411 3444 3446
f 3411 3446 3409
f 3409 3446 3447
f 3409 3447 3407
f 3407 3447 3405
f 3405 3447 3448
f 3405 3448 3403
f 3403 3448 3449
f 3403 3449 3400
f 3400 3449 3450
f 3400 3450 3399
f 3451 3386 3450
f 3450 3386 3385
f 3450 3385 3399
f 3396 3397 3451
f 3451 3397 3386
f 3396 3451 3393
f 3393 3451 3452
f 3393 3452 3390
f 3390 3452 3281
f 3390 3281 3280
f 3453 3454 3455
f 3455 3454 3456
f 3455 3456 3457
f 3457 3456 3458
f 3458 3456 3459
f 3458 3459 3460
f 3460 3459 3461
f 3461 3459 3462
f 3461 3462 3463
f 3463 3462 3464
f 3463 3464 3465
f 3465 3464 3466
f 3465 3466 3467
f 3467 3466 3468
f 3468 3466 3469
f 3468 3469 3470
f 3470 3469 3471
f 3471 3469 3472
f 3471 3472 3473
f 3473 3472 3474
f 3474 3472 3475
f 3474 3475 3476
f 3477 3478 3479
f 3479 3478 3480
f 3479 3480 3481
f 3482 3483 3484
f 3484 3483 3485
f 3484 3485 3486
f 3486 3485 3487
f 3486 3487 3488
f 3488 3487 3489
f 3488 3489 3490
f 3490 3489 3481
f 3490 3481 3491
f 3491 3481 3480
f 3492 3493 3494
f 3495 3496 3497
f 3476 3496 3474
f 3474 3496 3495
f 3474 3495 3473
f 3473 3495 3498
f 3463 3465 3499
f 3499 3465 3467
f 3499 3467 3500
f 3500 3467 3468
f 3500 3468 3501
f 3501 3468 3470
f 3501 3470 3498
f 3498 3470 3471
f 3498 3471 3473
f 3502 3503 3504
f 3463 3499 3461
f 3461 3499 3505
f 3461 3505 3460
f 3460 3505 3506
f 3460 3506 3458
f 3458 3506 3507
f 3458 3507 3457
f 3457 3507 3502
f 3457 3502 3455
f 3455 3502 3504
f 3455 3504 3453
f 3508 3509 3503
f 3479 3510 3477
f 3477 3510 3511
f 3477 3511 3512
f 3513 3483 3514
f 3514 3483 3482
f 3514 3482 3515
f 3515 3482 3484
f 3515 3484 3516
f 3516 3484 3486
f 3516 3486 3517
f 3517 3486 3488
f 3517 3488 3518
f 3518 3488 3490
f 3518 3490 3519
f 3519 3490 3491
f 3519 3491 3520
f 3520 3491 3480
f 3520 3480 3521
f 3521 3480 3478
f 3521 3478 3522
f 3522 3478 3477
f 3522 3477 3523
f 3523 3477 3512
f 3523 3512 3509
f 3509 3508 3523
f 3523 3508 3524
f 3523 3524 3522
f 3522 3524 3525
f 3522 3525 3521
f 3521 3525 3526
f 3521 3526 3520
f 3520 3526 3527
f 3520 3527 3519
f 3519 3527 3528
f 3519 3528 3518
f 3518 3528 3529
f 3518 3529 3517
f 3517 3529 3530
f 3517 3530 3516
f 3516 3530 3492
f 3516 3492 3515
f 3515 3492 3494
f 3515 3494 3514
f 3503 3502 3508
f 3508 3502 3507
f 3508 3507 3524
f 3524 3507 3506
f 3524 3506 3525
f 3525 3506 3505
f 3525 3505 3526
f 3526 3505 3499
f 3526 3499 3527
f 3527 3499 3500
f 3527 3500 3528
f 3528 3500 3501
f 3528 3501 3529
f 3529 3501 3498
f 3529 3498 3530
f 3530 3498 3495
f 3530 3495 3492
f 3492 3495 3497
f 3492 3497 3493
f 3531 3532 3533
f 3531 3533 3534
f 3534 3533 3535
f 3534 3535 3536
f 3483 3513 3533
f 3533 3513 3537
f 3533 3537 3535
f 3489 3487 3533
f 3533 3487 3485
f 3533 3485 3483
f 3481 3489 3479
f 3479 3489 3533
f 3479 3533 3510
f 3510 3533 3532
f 3497 3496 3538
f 3539 3540 3537
f 3537 3540 3541
f 3537 3541 3535
f 3541 3542 3535
f 3535 3542 3543
f 3535 3543 3536
f 3536 3543 3544
f 3536 3544 3534
f 3534 3544 3545
f 3534 3545 3531
f 3545 3546 3531
f 3531 3546 3547
f 3531 3547 3532
f 3548 3509 3512
f 3549 3504 3503
f 3453 3504 3550
f 3550 3504 3549
f 3550 3549 3551
f 3551 3549 3552
f 3553 3554 3555
f 3555 3554 3556
f 3555 3556 3557
f 3557 3556 3558
f 3557 3558 3559
f 3559 3558 3560
f 3559 3560 3552
f 3552 3560 3561
f 3552 3561 3551
f 3553 3555 3562
f 3562 3555 3563
f 3562 3563 3564
f 3564 3563 3565
f 3564 3565 3566
f 3566 3565 3567
f 3566 3567 3568
f 3568 3567 3538
f 3568 3538 3569
f 3569 3538 3496
f 3569 3496 3476
f 3570 3493 3497
f 3537 3513 3539
f 3539 3513 3514
f 3539 3514 3494
f 3510 3532 3511
f 3511 3532 3547
f 3511 3547 3571
f 3571 3547 3546
f 3571 3546 3572
f 3572 3546 3545
f 3572 3545 3573
f 3573 3545 3544
f 3573 3544 3574
f 3574 3544 3543
f 3574 3543 3575
f 3575 3543 3542
f 3575 3542 3576
f 3576 3542 3541
f 3576 3541 3577
f 3577 3541 3540
f 3577 3540 3578
f 3578 3540 3539
f 3578 3539 3579
f 3579 3539 3494
f 3579 3494 3493
f 3493 3570 3579
f 3579 3570 3580
f 3579 3580 3578
f 3578 3580 3581
f 3578 3581 3577
f 3577 3581 3582
f 3577 3582 3576
f 3576 3582 3583
f 3576 3583 3575
f 3575 3583 3584
f 3575 3584 3574
f 3574 3584 3585
f 3574 3585 3573
f 3573 3585 3586
f 3573 3586 3572
f 3572 3586 3548
f 3572 3548 3571
f 3571 3548 3512
f 3571 3512 3511
f 3497 3538 3570
f 3570 3538 3567
f 3570 3567 3580
f 3580 3567 3565
f 3580 3565 3581
f 3581 3565 3563
f 3581 3563 3582
f 3582 3563 3555
f 3582 3555 3583
f 3583 3555 3557
f 3583 3557 3584
f 3584 3557 3559
f 3584 3559 3585
f 3585 3559 3552
f 3585 3552 3586
f 3586 3552 3549
f 3586 3549 3548
f 3548 3549 3503
f 3548 3503 3509
f 3569 3476 3587
f 3587 3476 3475
f 3569 3587 3568
f 3568 3587 3588
f 3568 3588 3566
f 3566 3588 3589
f 3566 3589 3564
f 3564 3589 3562
f 3562 3589 3590
f 3562 3590 3553
f 3553 3590 3591
f 3553 3591 3554
f 3554 3591 3592
f 3554 3592 3556
f 3556 3592 3558
f 3558 3592 3593
f 3558 3593 3560
f 3560 3593 3561
f 3561 3593 3594
f 3561 3594 3551
f 3551 3594 3550
f 3550 3594 3454
f 3550 3454 3453
f 3595 3596 3597
f 3597 3596 3598
f 3597 3598 3599
f 3599 3598 3600
f 3599 3600 3601
f 3602 3603 3604
f 3604 3603 3605
f 3604 3605 3600
f 3600 3605 3606
f 3600 3606 3601
f 3604 3607 3602
f 3602 3607 3608
f 3602 3608 3609
f 3609 3608 3610
f 3610 3608 3611
f 3610 3611 3612
f 3612 3611 3613
f 3612 3613 3614
f 3614 3613 3615
f 3615 3613 3616
f 3615 3616 3617
f 3617 3616 3618
f 3617 3618 3619
f 3620 3621 3622
f 3620 3622 3623
f 3623 3622 3624
f 3623 3624 3625
f 3625 3624 3626
f 3625 3626 3627
f 3626 3628 3627
f 3627 3628 3629
f 3627 3629 3630
f 3631 3632 3633
f 3634 3635 3636
f 3619 3635 3617
f 3617 3635 3634
f 3617 3634 3615
f 3615 3634 3637
f 3603 3602 3638
f 3638 3602 3609
f 3638 3609 3639
f 3639 3609 3610
f 3639 3610 3640
f 3640 3610 3612
f 3640 3612 3637
f 3637 3612 3614
f 3637 3614 3615
f 3641 3642 3643
f 3603 3638 3605
f 3605 3638 3644
f 3605 3644 3606
f 3606 3644 3645
f 3606 3645 3601
f 3601 3645 3646
f 3601 3646 3599
f 3599 3646 3641
f 3599 3641 3597
f 3597 3641 3643
f 3597 3643 3595
f 3647 3648 3642
f 3621 3620 3649
f 3649 3620 3650
f 3649 3650 3651
f 3651 3650 3652
f 3651 3652 3653
f 3653 3652 3654
f 3653 3654 3655
f 3656 3630 3657
f 3657 3630 3629
f 3657 3629 3658
f 3658 3629 3628
f 3658 3628 3659
f 3659 3628 3626
f 3659 3626 3660
f 3660 3626 3624
f 3660 3624 3661
f 3661 3624 3622
f 3661 3622 3662
f 3662 3622 3621
f 3662 3621 3663
f 3663 3621 3649
f 3663 3649 3664
f 3664 3649 3651
f 3664 3651 3665
f 3665 3651 3653
f 3665 3653 3666
f 3666 3653 3655
f 3666 3655 3648
f 3648 3647 3666
f 3666 3647 3667
f 3666 3667 3665
f 3665 3667 3668
f 3665 3668 3664
f 3664 3668 3669
f 3664 3669 3663
f 3663 3669 3670
f 3663 3670 3662
f 3662 3670 3671
f 3662 3671 3661
f 3661 3671 3672
f 3661 3672 3660
f 3660 3672 3673
f 3660 3673 3659
f 3659 3673 3631
f 3659 3631 3658
f 3658 3631 3633
f 3658 3633 3657
f 3642 3641 3647
f 3647 3641 3646
f 3647 3646 3667
f 3667 3646 3645
f 3667 3645 3668
f 3668 3645 3644
f 3668 3644 3669
f 3669 3644 3638
f 3669 3638 3670
f 3670 3638 3639
f 3670 3639 3671
f 3671 3639 3640
f 3671 3640 3672
f 3672 3640 3637
f 3672 3637 3673
f 3673 3637 3634
f 3673 3634 3631
f 3631 3634 3636
f 3631 3636 3632
f 3630 3656 3674
f 3674 3652 3650
f 3627 3630 3625
f 3625 3630 3674
f 3625 3674 3623
f 3623 3674 3650
f 3623 3650 3620
f 3675 3676 3674
f 3674 3676 3677
f 3674 3677 3652
f 3678 3675 3679
f 3679 3675 3674
f 3679 3674 3680
f 3680 3674 3656
f 3642 3648 3681
f 3682 3680 3656
f 3676 3683 3677
f 3677 3683 3654
f 3677 3654 3652
f 3676 3684 3683
f 3683 3684 3685
f 3683 3685 3654
f 3654 3685 3655
f 3595 3643 3686
f 3686 3643 3687
f 3688 3689 3690
f 3690 3689 3691
f 3690 3691 3692
f 3692 3691 3693
f 3692 3693 3694
f 3694 3693 3695
f 3694 3695 3696
f 3696 3695 3697
f 3696 3697 3698
f 3688 3690 3699
f 3699 3690 3700
f 3699 3700 3701
f 3701 3700 3702
f 3701 3702 3703
f 3703 3702 3704
f 3703 3704 3705
f 3656 3657 3682
f 3682 3657 3633
f 3682 3633 3706
f 3706 3633 3632
f 3706 3632 3707
f 3707 3632 3636
f 3707 3636 3708
f 3708 3636 3635
f 3708 3635 3709
f 3709 3635 3619
f 3710 3711 3712
f 3712 3711 3713
f 3712 3713 3714
f 3714 3713 3715
f 3714 3715 3716
f 3716 3715 3717
f 3716 3717 3718
f 3648 3655 3681
f 3681 3655 3685
f 3681 3685 3719
f 3719 3685 3684
f 3719 3684 3720
f 3720 3684 3676
f 3720 3676 3675
f 3721 3710 3722
f 3722 3710 3712
f 3722 3712 3723
f 3723 3712 3714
f 3723 3714 3724
f 3724 3714 3716
f 3724 3716 3725
f 3725 3716 3718
f 3725 3718 3726
f 3643 3642 3687
f 3687 3642 3681
f 3687 3681 3727
f 3727 3681 3719
f 3727 3719 3728
f 3728 3719 3720
f 3728 3720 3729
f 3729 3720 3675
f 3729 3675 3678
f 3696 3721 3694
f 3694 3721 3722
f 3694 3722 3692
f 3692 3722 3723
f 3692 3723 3690
f 3690 3723 3724
f 3690 3724 3700
f 3700 3724 3725
f 3700 3725 3702
f 3702 3725 3726
f 3702 3726 3704
f 3709 3705 3708
f 3708 3705 3704
f 3708 3704 3707
f 3707 3704 3726
f 3707 3726 3706
f 3706 3726 3718
f 3706 3718 3682
f 3682 3718 3717
f 3682 3717 3680
f 3680 3717 3715
f 3680 3715 3679
f 3679 3715 3713
f 3679 3713 3678
f 3678 3713 3711
f 3678 3711 3729
f 3729 3711 3710
f 3729 3710 3728
f 3728 3710 3721
f 3728 3721 3727
f 3727 3721 3696
f 3727 3696 3687
f 3687 3696 3698
f 3687 3698 3686
f 3705 3709 3730
f 3730 3709 3619
f 3730 3619 3618
f 3689 3688 3731
f 3731 3688 3699
f 3731 3699 3732
f 3732 3699 3701
f 3732 3701 3733
f 3733 3701 3703
f 3733 3703 3734
f 3734 3703 3705
f 3734 3705 3735
f 3735 3705 3730
f 3689 3731 3691
f 3691 3731 3736
f 3691 3736 3693
f 3693 3736 3737
f 3693 3737 3695
f 3695 3737 3738
f 3695 3738 3697
f 3697 3738 3698
f 3698 3738 3739
f 3698 3739 3686
f 3686 3739 3596
f 3686 3596 3595
f 3740 3741 3742
f 3743 3744 3745
f 3745 3744 3746
f 3745 3746 3747
f 3741 3748 3742
f 3742 3748 3749
f 3742 3749 3746
f 3746 3749 3750
f 3746 3750 3747
f 3740 3742 3751
f 3751 3742 3752
f 3751 3752 3753
f 3753 3752 3754
f 3753 3754 3755
f 3756 3757 3754
f 3754 3757 3758
f 3754 3758 3755
f 3759 3760 3761
f 3761 3760 3762
f 3761 3762 3756
f 3756 3762 3763
f 3756 3763 3757
f 3764 3765 3766
f 3764 3766 3761
f 3761 3766 3767
f 3761 3767 3759
f 3768 3769 3764
f 3764 3769 3770
f 3764 3770 3765
f 3771 3772 3773
f 3774 3775 3776
f 3741 3740 3777
f 3755 3778 3779
f 3780 3781 3782
f 3782 3781 3783
f 3782 3783 3784
f 3785 3783 3786
f 3786 3783 3781
f 3786 3781 3787
f 3787 3781 3780
f 3787 3780 3788
f 3773 3772 3789
f 3789 3772 3790
f 3789 3790 3791
f 3769 3791 3770
f 3770 3791 3790
f 3770 3790 3765
f 3765 3790 3772
f 3765 3772 3771
f 3765 3771 3766
f 3759 3767 3775
f 3775 3767 3766
f 3762 3792 3763
f 3763 3792 3793
f 3763 3793 3757
f 3794 3758 3793
f 3793 3758 3757
f 3755 3779 3753
f 3753 3779 3795
f 3753 3795 3751
f 3749 3748 3796
f 3796 3748 3797
f 3796 3797 3798
f 3747 3750 3799
f 3799 3750 3800
f 3799 3800 3801
f 3743 3745 3802
f 3802 3745 3803
f 3802 3803 3804
f 3804 3803 3805
f 3804 3805 3806
f 3806 3805 3807
f 3806 3807 3808
f 3809 3810 3811
f 3811 3810 3812
f 3811 3812 3813
f 3789 3785 3773
f 3773 3785 3786
f 3773 3786 3814
f 3814 3786 3787
f 3814 3787 3815
f 3815 3787 3788
f 3815 3788 3816
f 3817 3809 3818
f 3818 3809 3811
f 3818 3811 3819
f 3819 3811 3813
f 3819 3813 3820
f 3745 3747 3803
f 3803 3747 3799
f 3803 3799 3805
f 3805 3799 3801
f 3805 3801 3807
f 3807 3801 3821
f 3807 3821 3808
f 3808 3821 3822
f 3750 3749 3800
f 3800 3749 3796
f 3800 3796 3801
f 3801 3796 3798
f 3801 3798 3821
f 3821 3798 3823
f 3821 3823 3822
f 3822 3823 3824
f 3748 3741 3797
f 3797 3741 3777
f 3797 3777 3798
f 3798 3777 3820
f 3798 3820 3823
f 3823 3820 3813
f 3823 3813 3824
f 3824 3813 3812
f 3740 3751 3777
f 3777 3751 3795
f 3777 3795 3820
f 3820 3795 3779
f 3820 3779 3819
f 3819 3779 3778
f 3819 3778 3818
f 3755 3758 3778
f 3778 3758 3794
f 3778 3794 3818
f 3818 3794 3793
f 3818 3793 3817
f 3817 3793 3792
f 3817 3792 3825
f 3825 3792 3762
f 3825 3762 3760
f 3759 3775 3760
f 3760 3775 3774
f 3760 3774 3825
f 3825 3774 3776
f 3825 3776 3817
f 3817 3776 3826
f 3817 3826 3809
f 3809 3826 3827
f 3809 3827 3810
f 3810 3827 3828
f 3810 3828 3812
f 3812 3828 3829
f 3812 3829 3824
f 3824 3829 3830
f 3824 3830 3822
f 3822 3830 3831
f 3822 3831 3808
f 3808 3831 3832
f 3808 3832 3806
f 3766 3771 3775
f 3775 3771 3773
f 3775 3773 3776
f 3776 3773 3814
f 3776 3814 3826
f 3826 3814 3815
f 3826 3815 3827
f 3827 3815 3816
f 3827 3816 3828
f 3833 3831 3830
f 3834 3784 3835
f 3782 3784 3780
f 3780 3784 3834
f 3780 3834 3788
f 3788 3834 3816
f 3836 3837 3838
f 3839 3831 3840
f 3840 3831 3833
f 3840 3833 3841
f 3841 3833 3838
f 3829 3828 3816
f 3835 3836 3834
f 3834 3836 3838
f 3834 3838 3816
f 3816 3838 3833
f 3816 3833 3829
f 3829 3833 3830
f 3842 3843 3844
f 3845 3846 3847
f 3848 3849 3850
f 3851 3852 3853
f 3840 3854 3839
f 3839 3854 3832
f 3839 3832 3831
f 3806 3832 3855
f 3855 3832 3854
f 3855 3854 3856
f 3856 3854 3840
f 3856 3840 3841
f 3844 3843 3804
f 3804 3843 3857
f 3804 3857 3802
f 3858 3743 3802
f 3802 3857 3858
f 3858 3857 3843
f 3858 3843 3859
f 3859 3843 3842
f 3859 3842 3860
f 3861 3862 3846
f 3846 3862 3860
f 3863 3864 3865
f 3865 3864 3866
f 3865 3866 3867
f 3867 3866 3868
f 3867 3868 3869
f 3851 3853 3870
f 3870 3853 3871
f 3870 3871 3872
f 3873 3874 3875
f 3875 3874 3876
f 3875 3876 3877
f 3878 3879 3880
f 3880 3879 3881
f 3880 3881 3882
f 3791 3769 3883
f 3884 3785 3885
f 3885 3785 3789
f 3885 3789 3886
f 3886 3789 3791
f 3886 3791 3887
f 3887 3791 3883
f 3888 3889 3890
f 3890 3889 3891
f 3890 3891 3892
f 3804 3806 3844
f 3844 3806 3855
f 3844 3855 3893
f 3893 3855 3856
f 3893 3856 3894
f 3894 3856 3841
f 3894 3841 3838
f 3895 3888 3896
f 3896 3888 3890
f 3896 3890 3897
f 3897 3890 3892
f 3897 3892 3898
f 3883 3878 3887
f 3887 3878 3880
f 3887 3880 3886
f 3886 3880 3882
f 3886 3882 3885
f 3885 3882 3899
f 3885 3899 3884
f 3884 3899 3900
f 3879 3873 3881
f 3881 3873 3875
f 3881 3875 3882
f 3882 3875 3877
f 3882 3877 3899
f 3899 3877 3901
f 3899 3901 3900
f 3900 3901 3902
f 3874 3848 3876
f 3876 3848 3850
f 3876 3850 3877
f 3877 3850 3898
f 3877 3898 3901
f 3901 3898 3892
f 3901 3892 3902
f 3902 3892 3891
f 3849 3872 3850
f 3850 3872 3871
f 3850 3871 3898
f 3898 3871 3853
f 3898 3853 3897
f 3897 3853 3852
f 3897 3852 3896
f 3851 3869 3852
f 3852 3869 3868
f 3852 3868 3896
f 3896 3868 3866
f 3896 3866 3895
f 3895 3866 3864
f 3895 3864 3903
f 3903 3864 3863
f 3903 3863 3904
f 3861 3846 3904
f 3904 3846 3845
f 3904 3845 3903
f 3903 3845 3847
f 3903 3847 3895
f 3895 3847 3905
f 3895 3905 3888
f 3888 3905 3906
f 3888 3906 3889
f 3889 3906 3837
f 3889 3837 3891
f 3891 3837 3836
f 3891 3836 3902
f 3902 3836 3835
f 3902 3835 3900
f 3900 3835 3784
f 3900 3784 3884
f 3884 3784 3783
f 3884 3783 3785
f 3860 3842 3846
f 3846 3842 3844
f 3846 3844 3847
f 3847 3844 3893
f 3847 3893 3905
f 3905 3893 3894
f 3905 3894 3906
f 3906 3894 3838
f 3906 3838 3837
f 3769 3768 3907
f 3908 3878 3907
f 3907 3878 3883
f 3907 3883 3769
f 3848 3874 3909
f 3909 3874 3873
f 3909 3873 3908
f 3908 3873 3879
f 3908 3879 3878
f 3867 3869 3910
f 3910 3869 3851
f 3910 3851 3911
f 3911 3851 3870
f 3911 3870 3912
f 3912 3870 3872
f 3912 3872 3909
f 3909 3872 3849
f 3909 3849 3848
f 3913 3863 3910
f 3910 3863 3865
f 3910 3865 3867
f 3914 3861 3913
f 3913 3861 3904
f 3913 3904 3863
f 3859 3860 3914
f 3914 3860 3862
f 3914 3862 3861
f 3859 3914 3858
f 3858 3914 3744
f 3858 3744 3743
f 3915 3916 3917
f 3917 3916 3918
f 3918 3916 3919
f 3919 3916 3920
f 3919 3920 3921
f 3922 3923 3924
f 3924 3923 3925
f 3924 3925 3926
f 3926 3925 3927
f 3926 3927 3928
f 3928 3927 3929
f 3928 3929 3930
f 3930 3929 3931
f 3930 3931 3932
f 3932 3931 3933
f 3932 3933 3934
f 3934 3933 3935
f 3934 3935 3936
f 3936 3935 3937
f 3936 3937 3920
f 3920 3937 3938
f 3920 3938 3921
f 3922 3924 3939
f 3939 3924 3940
f 3939 3940 3941
f 3942 3943 3944
f 3942 3944 3940
f 3940 3944 3945
f 3940 3945 3941
f 3946 3947 3948
f 3949 3950 3951
f 3951 3950 3952
f 3953 3954 3955
f 3955 3954 3956
f 3948 3954 3957
f 3957 3954 3953
f 3957 3953 3958
f 3958 3953 3955
f 3958 3955 3959
f 3960 3922 3961
f 3961 3922 3939
f 3961 3939 3962
f 3962 3939 3941
f 3962 3941 3945
f 3927 3925 3960
f 3960 3925 3923
f 3960 3923 3922
f 3960 3963 3927
f 3927 3963 3964
f 3927 3964 3929
f 3929 3964 3965
f 3929 3965 3931
f 3966 3935 3965
f 3965 3935 3933
f 3965 3933 3931
f 3967 3968 3937
f 3937 3968 3938
f 3919 3969 3918
f 3918 3969 3970
f 3918 3970 3917
f 3969 3971 3970
f 3970 3971 3917
f 3917 3971 3915
f 3972 3973 3974
f 3974 3973 3975
f 3974 3975 3976
f 3976 3975 3977
f 3976 3977 3978
f 3978 3977 3979
f 3978 3979 3969
f 3969 3979 3980
f 3969 3980 3971
f 3981 3982 3983
f 3983 3982 3984
f 3983 3984 3985
f 3985 3984 3986
f 3946 3948 3987
f 3987 3948 3957
f 3987 3957 3988
f 3988 3957 3958
f 3988 3958 3989
f 3989 3958 3959
f 3989 3959 3990
f 3952 3981 3951
f 3951 3981 3983
f 3951 3983 3991
f 3991 3983 3985
f 3991 3985 3992
f 3992 3985 3986
f 3992 3986 3993
f 3990 3949 3989
f 3989 3949 3951
f 3989 3951 3994
f 3994 3951 3991
f 3994 3991 3995
f 3995 3991 3992
f 3996 3997 3998
f 3998 3997 3999
f 3999 3997 4000
f 3999 4000 4001
f 3943 3947 3944
f 3944 3947 3946
f 3944 3946 4002
f 4002 3946 3987
f 4002 3987 4001
f 4001 3987 3988
f 4001 3988 3999
f 3999 3988 3989
f 3999 3989 3998
f 3998 3989 3994
f 3998 3994 3996
f 3996 3994 3995
f 3919 3921 3969
f 3969 3921 4003
f 3969 4003 3978
f 3978 4003 3993
f 3978 3993 3976
f 3976 3993 3986
f 3976 3986 3974
f 3974 3986 3984
f 3974 3984 3972
f 3972 3984 3982
f 3921 3938 4003
f 4003 3938 3968
f 4003 3968 3993
f 3993 3968 3967
f 3993 3967 3992
f 3992 3967 4004
f 3992 4004 3995
f 3995 4004 4005
f 3995 4005 3996
f 3996 4005 4006
f 3996 4006 3997
f 3997 4006 4007
f 3997 4007 4000
f 4000 4007 4008
f 4000 4008 4001
f 3937 3935 3967
f 3967 3935 3966
f 3967 3966 4004
f 4004 3966 3965
f 4004 3965 4005
f 4005 3965 3964
f 4005 3964 4006
f 4006 3964 3963
f 4006 3963 4007
f 4007 3963 3960
f 4007 3960 4008
f 4008 3960 3961
f 4008 3961 4001
f 4001 3961 3962
f 4001 3962 4002
f 4002 3962 3945
f 4002 3945 3944
f 4009 3973 4010
f 4011 4009 4012
f 4012 4009 4010
f 4012 4010 4013
f 3973 3972 4010
f 4010 3972 3982
f 4010 3982 3981
f 3959 3955 3956
f 3950 3949 4014
f 4014 3949 3990
f 4014 3990 3959
f 4014 4015 4016
f 3981 3952 4010
f 4010 3952 3950
f 4010 3950 4013
f 4013 3950 4014
f 4013 4014 4017
f 4017 4014 4016
f 3959 3956 4014
f 4014 3956 4018
f 4014 4018 4015
f 4019 4020 4021
f 4022 3915 3971
f 4009 4011 4023
f 4024 4025 4018
f 4018 4025 4015
f 4015 4025 4016
f 4016 4025 4026
f 4016 4026 4017
f 4017 4026 4013
f 4013 4026 4027
f 4013 4027 4012
f 3975 3973 4009
f 4009 4023 3975
f 3975 4023 4028
f 3975 4028 3977
f 3977 4029 3979
f 3979 4029 4030
f 3979 4030 3980
f 3980 4030 4031
f 3980 4031 3971
f 3971 4031 4032
f 3971 4032 4033
f 3971 4033 4022
f 4034 4035 4036
f 4036 4035 4037
f 4036 4037 4038
f 4020 4019 4037
f 4037 4019 4039
f 4037 4039 4038
f 4040 4041 4042
f 4042 4041 4043
f 4042 4043 4021
f 4021 4043 4044
f 4021 4044 4019
f 4045 3948 3947
f 4018 3956 4024
f 4024 3956 3954
f 4024 3954 3948
f 4046 4028 4047
f 4047 4028 4023
f 4047 4023 4027
f 4027 4023 4011
f 4027 4011 4012
f 4048 4049 4050
f 4051 4052 4053
f 4053 4052 4054
f 4053 4054 4055
f 4055 4054 4056
f 4055 4056 4050
f 4050 4056 4057
f 4050 4057 4048
f 4058 4059 4049
f 4049 4059 4060
f 4049 4060 4050
f 4050 4060 4061
f 4050 4061 4055
f 4055 4061 4062
f 4055 4062 4053
f 4053 4062 4063
f 4053 4063 4051
f 4051 4063 4064
f 3977 4028 4029
f 4029 4028 4046
f 4029 4046 4030
f 4030 4046 4065
f 4030 4065 4031
f 4031 4065 4066
f 4031 4066 4032
f 4032 4066 4067
f 4032 4067 4033
f 4035 4064 4037
f 4037 4064 4063
f 4037 4063 4020
f 4020 4063 4062
f 4020 4062 4021
f 4021 4062 4061
f 4021 4061 4042
f 4042 4061 4060
f 4042 4060 4040
f 4040 4060 4059
f 4040 4059 4068
f 4068 4059 4058
f 4068 4058 4069
f 3943 4069 3947
f 3947 4069 4058
f 3947 4058 4045
f 4045 4058 4049
f 4045 4049 3948
f 3948 4049 4048
f 3948 4048 4024
f 4024 4048 4057
f 4024 4057 4025
f 4025 4057 4056
f 4025 4056 4026
f 4026 4056 4054
f 4026 4054 4027
f 4027 4054 4052
f 4027 4052 4047
f 4047 4052 4051
f 4047 4051 4046
f 4046 4051 4064
f 4046 4064 4065
f 4065 4064 4035
f 4065 4035 4066
f 4066 4035 4034
f 4066 4034 4067
f 3943 3942 4069
f 4069 3942 4070
f 4069 4070 4068
f 4068 4070 4040
f 4040 4070 4071
f 4040 4071 4041
f 4041 4071 4043
f 4043 4071 4072
f 4043 4072 4044
f 4072 4073 4044
f 4044 4073 4074
f 4044 4074 4019
f 4019 4074 4075
f 3915 4022 3916
f 3916 4022 4033
f 3916 4033 4076
f 4076 4033 4067
f 4076 4067 4077
f 4077 4067 4034
f 4077 4034 4078
f 4078 4034 4036
f 4078 4036 4079
f 4079 4036 4038
f 4079 4038 4075
f 4075 4038 4039
f 4075 4039 4019
f 4080 4081 4082
f 4082 4081 4083
f 4082 4083 4084
f 4084 4083 4085
f 4084 4085 4086
f 4086 4085 4087
f 4086 4087 4088
f 4088 4087 4089
f 4088 4089 4090
f 4091 4092 4093
f 4093 4092 4094
f 4093 4094 4095
f 4095 4094 4096
f 4095 4096 4097
f 4098 4099 4100
f 4101 4102 4103
f 4103 4102 4104
f 4103 4104 4105
f 4105 4104 4098
f 4105 4098 4106
f 4106 4098 4100
f 4106 4100 4097
f 4097 4096 4106
f 4106 4096 4107
f 4106 4107 4105
f 4105 4107 4108
f 4105 4108 4103
f 4103 4108 4109
f 4103 4109 4101
f 4092 4080 4094
f 4094 4080 4082
f 4094 4082 4096
f 4096 4082 4084
f 4096 4084 4107
f 4107 4084 4086
f 4107 4086 4108
f 4108 4086 4088
f 4108 4088 4109
f 4109 4088 4090
f 4109 4090 4101
f 4101 4090 4110
f 4101 4110 4102
f 4111 4089 4087
f 4090 4112 4110
f 4110 4112 4113
f 4110 4113 4114
f 4114 4113 4115
f 4114 4115 4116
f 4116 4115 4117
f 4116 4117 4118
f 4119 4120 4121
f 4121 4120 4122
f 4119 4123 4120
f 4120 4123 4124
f 4120 4124 4122
f 4122 4124 4125
f 4087 4126 4111
f 4111 4126 4127
f 4111 4127 4128
f 4128 4127 4129
f 4128 4129 4130
f 4130 4129 4131
f 4130 4131 4123
f 4123 4131 4132
f 4123 4132 4124
f 4133 4118 4134
f 4134 4118 4117
f 4134 4117 4135
f 4135 4117 4115
f 4135 4115 4136
f 4136 4115 4113
f 4136 4113 4137
f 4137 4113 4112
f 4137 4112 4138
f 4138 4112 4090
f 4138 4090 4089
f 4089 4111 4138
f 4138 4111 4128
f 4138 4128 4137
f 4137 4128 4130
f 4137 4130 4136
f 4136 4130 4123
f 4136 4123 4135
f 4135 4123 4119
f 4135 4119 4134
f 4139 4110 4114
f 4140 4141 4133
f 4133 4141 4142
f 4133 4142 4118
f 4118 4142 4139
f 4118 4139 4116
f 4116 4139 4114
f 4143 4099 4144
f 4144 4099 4145
f 4144 4145 4146
f 4146 4145 4110
f 4146 4110 4139
f 4099 4098 4145
f 4145 4098 4104
f 4145 4104 4110
f 4110 4104 4102
f 4147 4148 4149
f 4147 4149 4150
f 4151 4152 4153
f 4153 4152 4154
f 4153 4154 4155
f 4147 4156 4157
f 4157 4156 4158
f 4157 4158 4159
f 4159 4158 4146
f 4159 4146 4139
f 4143 4144 4160
f 4160 4144 4161
f 4160 4161 4162
f 4163 4097 4100
f 4097 4163 4095
f 4095 4163 4164
f 4095 4164 4093
f 4091 4093 4165
f 4165 4093 4164
f 4165 4164 4166
f 4166 4164 4167
f 4155 4168 4153
f 4153 4168 4169
f 4153 4169 4162
f 4099 4143 4100
f 4100 4143 4160
f 4100 4160 4163
f 4163 4160 4162
f 4163 4162 4164
f 4164 4162 4169
f 4164 4169 4167
f 4167 4169 4168
f 4150 4151 4147
f 4147 4151 4153
f 4147 4153 4156
f 4156 4153 4162
f 4156 4162 4158
f 4158 4162 4161
f 4158 4161 4146
f 4146 4161 4144
f 4159 4170 4171
f 4172 4173 4147
f 4147 4173 4148
f 4174 4175 4176
f 4159 4171 4157
f 4157 4171 4174
f 4157 4174 4147
f 4147 4174 4176
f 4147 4176 4172
f 4177 4178 4179
f 4179 4178 4180
f 4181 4182 4183
f 4125 4182 4122
f 4122 4182 4181
f 4122 4181 4121
f 4121 4181 4184
f 4121 4184 4119
f 4119 4184 4185
f 4119 4185 4134
f 4186 4141 4140
f 4159 4139 4170
f 4170 4139 4142
f 4170 4142 4141
f 4141 4186 4170
f 4170 4186 4187
f 4170 4187 4171
f 4171 4187 4179
f 4171 4179 4174
f 4174 4179 4180
f 4174 4180 4175
f 4133 4134 4140
f 4140 4134 4185
f 4140 4185 4186
f 4186 4185 4184
f 4186 4184 4187
f 4187 4184 4181
f 4187 4181 4179
f 4179 4181 4183
f 4179 4183 4177
f 4188 4125 4189
f 4172 4190 4173
f 4173 4190 4191
f 4173 4191 4148
f 4148 4191 4192
f 4193 4194 4172
f 4172 4194 4195
f 4172 4195 4190
f 4172 4176 4193
f 4193 4176 4175
f 4193 4175 4196
f 4196 4175 4180
f 4196 4180 4197
f 4180 4178 4197
f 4197 4178 4177
f 4197 4177 4198
f 4198 4177 4183
f 4198 4183 4199
f 4199 4183 4188
f 4188 4183 4182
f 4188 4182 4125
f 4200 4201 4152
f 4166 4167 4202
f 4202 4167 4168
f 4202 4168 4203
f 4203 4168 4155
f 4203 4155 4201
f 4201 4155 4154
f 4201 4154 4152
f 4202 4204 4166
f 4166 4204 4205
f 4166 4205 4165
f 4165 4205 4206
f 4165 4206 4091
f 4152 4151 4200
f 4200 4151 4150
f 4200 4150 4207
f 4207 4150 4149
f 4207 4149 4208
f 4208 4149 4148
f 4208 4148 4191
f 4191 4192 4209
f 4092 4091 4206
f 4092 4206 4080
f 4080 4206 4210
f 4080 4210 4081
f 4081 4210 4211
f 4081 4211 4083
f 4083 4211 4212
f 4083 4212 4085
f 4085 4212 4213
f 4085 4213 4087
f 4087 4213 4126
f 4126 4213 4214
f 4126 4214 4127
f 4127 4214 4129
f 4129 4214 4215
f 4129 4215 4131
f 4131 4215 4132
f 4132 4215 4216
f 4132 4216 4124
f 4124 4216 4189
f 4124 4189 4125
f 4217 4218 4219
f 4220 4221 4222
f 4223 4224 4225
f 4225 4224 4220
f 4225 4220 4226
f 4226 4220 4222
f 4226 4222 4227
f 4223 4225 4228
f 4228 4225 4229
f 4228 4229 4230
f 4230 4229 4219
f 4230 4219 4231
f 4231 4219 4218
f 4231 4218 4232
f 4233 4234 4217
f 4235 4236 4234
f 4237 4238 4236
f 4236 4235 4237
f 4237 4235 4239
f 4237 4239 4240
f 4240 4239 4241
f 4240 4241 4242
f 4242 4241 4243
f 4242 4243 4244
f 4234 4233 4235
f 4235 4233 4245
f 4235 4245 4239
f 4239 4245 4246
f 4239 4246 4241
f 4241 4246 4247
f 4241 4247 4243
f 4243 4247 4248
f 4243 4248 4244
f 4217 4219 4233
f 4233 4219 4229
f 4233 4229 4245
f 4245 4229 4225
f 4245 4225 4246
f 4246 4225 4226
f 4246 4226 4247
f 4247 4226 4227
f 4247 4227 4248
f 4249 4250 4251
f 4252 4222 4221
f 4253 4244 4248
f 4248 4254 4253
f 4253 4254 4255
f 4253 4255 4256
f 4256 4255 4257
f 4256 4257 4258
f 4258 4257 4259
f 4258 4259 4260
f 4260 4259 4261
f 4260 4261 4262
f 4263 4264 4265
f 4265 4264 4266
f 4265 4266 4267
f 4267 4266 4268
f 4221 4269 4252
f 4252 4269 4270
f 4252 4270 4271
f 4271 4270 4272
f 4271 4272 4268
f 4268 4272 4273
f 4268 4273 4267
f 4250 4261 4251
f 4251 4261 4259
f 4251 4259 4274
f 4274 4259 4257
f 4274 4257 4275
f 4275 4257 4255
f 4275 4255 4276
f 4276 4255 4254
f 4276 4254 4227
f 4227 4254 4248
f 4264 4249 4266
f 4266 4249 4251
f 4266 4251 4268
f 4268 4251 4274
f 4268 4274 4271
f 4271 4274 4275
f 4271 4275 4252
f 4252 4275 4276
f 4252 4276 4222
f 4222 4276 4227
f 4260 4262 4277
f 4278 4279 4277
f 4278 4277 4280
f 4281 4280 4282
f 4282 4280 4277
f 4282 4277 4283
f 4283 4277 4262
f 4277 4244 4253
f 4253 4256 4277
f 4277 4256 4258
f 4277 4258 4260
f 4279 4284 4277
f 4277 4284 4285
f 4285 4286 4277
f 4277 4286 4238
f 4277 4238 4237
f 4237 4240 4277
f 4277 4240 4242
f 4277 4242 4244
f 4287 4288 4289
f 4289 4290 4287
f 4287 4290 4291
f 4287 4291 4292
f 4292 4293 4287
f 4287 4293 4294
f 4287 4294 4295
f 4288 4287 4296
f 4296 4287 4297
f 4296 4297 4298
f 4298 4297 4299
f 4298 4299 4300
f 4300 4299 4284
f 4300 4284 4279
f 4301 4234 4236
f 4218 4217 4302
f 4302 4217 4234
f 4303 4232 4218
f 4218 4302 4303
f 4303 4302 4304
f 4303 4304 4305
f 4305 4304 4306
f 4305 4306 4307
f 4307 4306 4308
f 4307 4308 4309
f 4236 4310 4301
f 4301 4310 4311
f 4301 4311 4312
f 4312 4311 4313
f 4312 4313 4314
f 4314 4313 4315
f 4314 4315 4316
f 4234 4301 4302
f 4302 4301 4312
f 4302 4312 4304
f 4304 4312 4314
f 4304 4314 4306
f 4306 4314 4316
f 4306 4316 4308
f 4236 4238 4310
f 4310 4238 4286
f 4310 4286 4311
f 4311 4286 4285
f 4311 4285 4313
f 4313 4285 4284
f 4313 4284 4315
f 4315 4284 4299
f 4315 4299 4316
f 4316 4299 4297
f 4316 4297 4308
f 4308 4297 4287
f 4308 4287 4309
f 4309 4287 4295
f 4288 4296 4317
f 4318 4319 4296
f 4296 4319 4317
f 4320 4321 4296
f 4296 4321 4322
f 4296 4322 4318
f 4323 4324 4325
f 4323 4325 4326
f 4324 4323 4327
f 4327 4323 4328
f 4327 4328 4329
f 4330 4249 4264
f 4329 4328 4331
f 4329 4331 4332
f 4332 4331 4330
f 4332 4330 4333
f 4333 4330 4264
f 4333 4264 4263
f 4283 4262 4261
f 4261 4334 4283
f 4283 4334 4335
f 4283 4335 4282
f 4282 4335 4336
f 4282 4336 4281
f 4281 4336 4337
f 4281 4337 4280
f 4280 4337 4338
f 4280 4338 4278
f 4279 4278 4300
f 4300 4278 4338
f 4300 4338 4298
f 4296 4298 4339
f 4339 4298 4338
f 4339 4338 4340
f 4340 4338 4337
f 4340 4337 4341
f 4341 4337 4336
f 4341 4336 4342
f 4342 4336 4335
f 4342 4335 4343
f 4343 4335 4334
f 4343 4334 4250
f 4250 4334 4261
f 4250 4249 4343
f 4343 4249 4330
f 4343 4330 4342
f 4342 4330 4331
f 4342 4331 4341
f 4341 4331 4328
f 4341 4328 4340
f 4340 4328 4323
f 4340 4323 4339
f 4339 4323 4326
f 4339 4326 4296
f 4296 4326 4325
f 4296 4325 4320
f 4344 4288 4317
f 4345 4346 4347
f 4347 4346 4348
f 4324 4349 4325
f 4325 4349 4350
f 4325 4350 4351
f 4325 4351 4320
f 4320 4351 4352
f 4320 4352 4321
f 4321 4352 4322
f 4322 4352 4353
f 4322 4353 4318
f 4318 4353 4319
f 4319 4353 4347
f 4319 4347 4317
f 4317 4347 4348
f 4317 4348 4344
f 4349 4324 4327
f 4349 4327 4354
f 4354 4327 4329
f 4354 4329 4355
f 4355 4329 4356
f 4356 4329 4332
f 4356 4332 4357
f 4357 4332 4333
f 4357 4333 4358
f 4358 4333 4263
f 4288 4344 4348
f 4359 4291 4360
f 4360 4291 4290
f 4360 4290 4361
f 4361 4290 4289
f 4361 4289 4362
f 4362 4289 4288
f 4362 4288 4345
f 4345 4288 4348
f 4345 4348 4346
f 4363 4293 4359
f 4359 4293 4292
f 4359 4292 4291
f 4363 4364 4293
f 4293 4364 4365
f 4293 4365 4294
f 4294 4365 4366
f 4294 4366 4295
f 4295 4366 4367
f 4295 4367 4309
f 4309 4367 4368
f 4309 4368 4307
f 4368 4369 4307
f 4307 4369 4370
f 4307 4370 4305
f 4305 4370 4303
f 4303 4370 4371
f 4303 4371 4232
f 4232 4371 4231
f 4231 4371 4372
f 4373 4221 4374
f 4374 4221 4220
f 4374 4220 4375
f 4375 4220 4224
f 4224 4223 4375
f 4375 4223 4228
f 4375 4228 4372
f 4372 4228 4230
f 4372 4230 4231
f 4221 4373 4269
f 4269 4373 4376
f 4269 4376 4270
f 4270 4376 4377
f 4270 4377 4272
f 4272 4377 4273
f 4273 4377 4378
f 4273 4378 4267
f 4358 4263 4378
f 4378 4263 4265
f 4378 4265 4267
f 4379 4380 4381
f 4380 4379 4382
f 4382 4379 4383
f 4382 4383 4384
f 4384 4383 4385
f 4384 4385 4386
f 4386 4385 4387
f 4386 4387 4388
f 4389 4390 4391
f 4391 4392 4389
f 4389 4392 4393
f 4389 4393 4394
f 4395 4396 4394
f 4397 4398 4396
f 4396 4395 4397
f 4397 4395 4399
f 4397 4399 4400
f 4400 4399 4401
f 4400 4401 4402
f 4402 4401 4403
f 4402 4403 4404
f 4394 4393 4395
f 4395 4393 4405
f 4395 4405 4399
f 4399 4405 4406
f 4399 4406 4401
f 4401 4406 4407
f 4401 4407 4403
f 4403 4407 4408
f 4403 4408 4404
f 4391 4388 4392
f 4392 4388 4387
f 4392 4387 4393
f 4393 4387 4385
f 4393 4385 4405
f 4405 4385 4383
f 4405 4383 4406
f 4406 4383 4379
f 4406 4379 4407
f 4407 4379 4381
f 4407 4381 4408
f 4409 4410 4411
f 4412 4404 4408
f 4411 4410 4413
f 4413 4410 4414
f 4413 4414 4415
f 4415 4414 4412
f 4415 4412 4416
f 4416 4412 4408
f 4416 4408 4381
f 4417 4418 4419
f 4420 4421 4422
f 4422 4423 4420
f 4420 4423 4424
f 4420 4424 4425
f 4425 4424 4426
f 4425 4426 4427
f 4427 4426 4428
f 4427 4428 4429
f 4429 4428 4430
f 4429 4430 4382
f 4431 4409 4419
f 4419 4409 4411
f 4419 4411 4417
f 4417 4411 4413
f 4417 4413 4432
f 4432 4413 4415
f 4432 4415 4433
f 4433 4415 4416
f 4433 4416 4434
f 4434 4416 4381
f 4434 4381 4380
f 4422 4418 4423
f 4423 4418 4417
f 4423 4417 4424
f 4424 4417 4432
f 4424 4432 4426
f 4426 4432 4433
f 4426 4433 4428
f 4428 4433 4434
f 4428 4434 4430
f 4430 4434 4380
f 4430 4380 4382
f 4409 4431 4435
f 4436 4437 4435
f 4436 4435 4438
f 4439 4438 4440
f 4440 4438 4435
f 4440 4435 4441
f 4441 4435 4431
f 4410 4409 4414
f 4414 4409 4435
f 4414 4435 4412
f 4412 4435 4404
f 4437 4442 4435
f 4435 4442 4443
f 4443 4444 4435
f 4435 4444 4398
f 4435 4398 4397
f 4397 4400 4435
f 4435 4400 4402
f 4435 4402 4404
f 4445 4446 4447
f 4445 4447 4448
f 4448 4447 4449
f 4449 4447 4450
f 4449 4450 4451
f 4450 4452 4451
f 4451 4452 4442
f 4451 4442 4437
f 4453 4394 4396
f 4454 4389 4394
f 4455 4390 4389
f 4389 4454 4455
f 4455 4454 4456
f 4455 4456 4457
f 4457 4456 4458
f 4457 4458 4459
f 4459 4458 4460
f 4459 4460 4461
f 4396 4462 4453
f 4453 4462 4463
f 4453 4463 4464
f 4464 4463 4465
f 4464 4465 4466
f 4466 4465 4467
f 4466 4467 4468
f 4394 4453 4454
f 4454 4453 4464
f 4454 4464 4456
f 4456 4464 4466
f 4456 4466 4458
f 4458 4466 4468
f 4458 4468 4460
f 4396 4398 4462
f 4462 4398 4444
f 4462 4444 4463
f 4463 4444 4443
f 4463 4443 4465
f 4465 4443 4442
f 4465 4442 4467
f 4467 4442 4452
f 4467 4452 4468
f 4468 4452 4450
f 4468 4450 4460
f 4460 4450 4447
f 4460 4447 4461
f 4461 4447 4446
f 4469 4451 4437
f 4448 4449 4470
f 4470 4449 4471
f 4470 4471 4472
f 4472 4471 4473
f 4474 4475 4476
f 4476 4475 4477
f 4476 4477 4473
f 4473 4477 4478
f 4473 4478 4472
f 4474 4476 4479
f 4479 4476 4480
f 4479 4480 4481
f 4481 4480 4482
f 4482 4480 4483
f 4482 4483 4484
f 4484 4483 4422
f 4484 4422 4421
f 4441 4431 4419
f 4437 4436 4469
f 4469 4436 4438
f 4469 4438 4485
f 4485 4438 4439
f 4485 4439 4486
f 4486 4439 4440
f 4486 4440 4487
f 4487 4440 4441
f 4487 4441 4488
f 4488 4441 4419
f 4419 4418 4488
f 4488 4418 4489
f 4488 4489 4487
f 4487 4489 4490
f 4487 4490 4486
f 4486 4490 4491
f 4486 4491 4485
f 4485 4491 4492
f 4485 4492 4469
f 4469 4492 4493
f 4469 4493 4451
f 4449 4451 4471
f 4471 4451 4493
f 4471 4493 4473
f 4473 4493 4492
f 4473 4492 4476
f 4476 4492 4491
f 4476 4491 4480
f 4480 4491 4490
f 4480 4490 4483
f 4483 4490 4489
f 4483 4489 4422
f 4422 4489 4418
f 4494 4421 4495
f 4496 4448 4470
f 4497 4498 4496
f 4496 4470 4497
f 4497 4470 4472
f 4497 4472 4499
f 4472 4478 4499
f 4499 4478 4477
f 4499 4477 4500
f 4500 4477 4475
f 4500 4475 4501
f 4475 4474 4501
f 4501 4474 4479
f 4501 4479 4502
f 4502 4479 4481
f 4502 4481 4503
f 4503 4481 4504
f 4504 4481 4482
f 4504 4482 4494
f 4494 4482 4484
f 4494 4484 4421
f 4505 4506 4507
f 4507 4506 4508
f 4507 4508 4509
f 4445 4448 4496
f 4510 4511 4390
f 4498 4505 4496
f 4496 4505 4507
f 4496 4507 4445
f 4445 4507 4509
f 4445 4509 4446
f 4446 4509 4512
f 4446 4512 4461
f 4461 4512 4513
f 4461 4513 4459
f 4459 4513 4514
f 4459 4514 4457
f 4457 4514 4510
f 4457 4510 4455
f 4455 4510 4390
f 4515 4382 4516
f 4516 4382 4384
f 4516 4384 4386
f 4390 4511 4391
f 4391 4511 4517
f 4391 4517 4388
f 4388 4517 4518
f 4388 4518 4386
f 4386 4518 4519
f 4386 4519 4516
f 4429 4382 4515
f 4515 4520 4429
f 4429 4520 4521
f 4429 4521 4427
f 4427 4521 4425
f 4521 4522 4425
f 4425 4522 4523
f 4425 4523 4420
f 4420 4523 4495
f 4420 4495 4421
f 4524 4525 4526
f 4527 4528 4529
f 4530 4531 4532
f 4532 4531 4533
f 4532 4533 4534
f 4534 4533 4535
f 4534 4535 4536
f 4537 4528 4538
f 4538 4528 4527
f 4538 4527 4539
f 4540 4541 4539
f 4539 4527 4540
f 4540 4527 4529
f 4540 4529 4542
f 4542 4529 4543
f 4542 4543 4526
f 4526 4543 4544
f 4526 4544 4524
f 4536 4545 4534
f 4534 4545 4546
f 4534 4546 4532
f 4532 4546 4547
f 4532 4547 4530
f 4530 4547 4548
f 4545 4549 4546
f 4546 4549 4550
f 4546 4550 4547
f 4547 4550 4551
f 4547 4551 4548
f 4548 4551 4552
f 4535 4553 4536
f 4536 4553 4554
f 4536 4554 4545
f 4545 4554 4544
f 4545 4544 4549
f 4549 4544 4543
f 4549 4543 4550
f 4550 4543 4529
f 4550 4529 4551
f 4551 4529 4528
f 4551 4528 4552
f 4552 4528 4537
f 4555 4535 4533
f 4556 4553 4535
f 4535 4555 4556
f 4556 4555 4557
f 4556 4557 4558
f 4557 4559 4558
f 4558 4559 4560
f 4558 4560 4561
f 4562 4563 4564
f 4565 4566 4567
f 4567 4568 4565
f 4565 4568 4569
f 4565 4569 4570
f 4570 4569 4571
f 4570 4571 4572
f 4572 4571 4573
f 4572 4573 4574
f 4574 4573 4575
f 4574 4575 4530
f 4576 4561 4564
f 4564 4561 4560
f 4564 4560 4562
f 4562 4560 4559
f 4562 4559 4577
f 4577 4559 4557
f 4577 4557 4578
f 4578 4557 4555
f 4578 4555 4579
f 4579 4555 4533
f 4579 4533 4531
f 4567 4563 4568
f 4568 4563 4562
f 4568 4562 4569
f 4569 4562 4577
f 4569 4577 4571
f 4571 4577 4578
f 4571 4578 4573
f 4573 4578 4579
f 4573 4579 4575
f 4575 4579 4531
f 4575 4531 4530
f 4580 4581 4582
f 4580 4582 4583
f 4584 4583 4585
f 4585 4583 4582
f 4585 4582 4586
f 4586 4582 4576
f 4582 4553 4556
f 4556 4558 4582
f 4582 4558 4561
f 4582 4561 4576
f 4582 4581 4587
f 4587 4588 4582
f 4582 4588 4589
f 4582 4589 4590
f 4590 4591 4582
f 4582 4591 4525
f 4582 4525 4524
f 4524 4544 4582
f 4582 4544 4554
f 4582 4554 4553
f 4592 4593 4594
f 4593 4595 4594
f 4594 4595 4596
f 4594 4596 4597
f 4598 4599 4600
f 4587 4581 4601
f 4601 4602 4587
f 4587 4602 4603
f 4587 4603 4588
f 4588 4603 4604
f 4588 4604 4589
f 4589 4604 4605
f 4589 4605 4590
f 4590 4605 4606
f 4590 4606 4591
f 4607 4541 4540
f 4599 4608 4600
f 4600 4608 4609
f 4600 4609 4610
f 4610 4609 4611
f 4610 4611 4612
f 4612 4611 4613
f 4612 4613 4614
f 4614 4613 4607
f 4614 4607 4615
f 4615 4607 4540
f 4615 4540 4542
f 4525 4591 4526
f 4526 4591 4606
f 4526 4606 4616
f 4616 4606 4605
f 4616 4605 4617
f 4617 4605 4604
f 4617 4604 4618
f 4618 4604 4603
f 4618 4603 4619
f 4619 4603 4602
f 4619 4602 4620
f 4620 4602 4601
f 4620 4601 4594
f 4597 4598 4594
f 4594 4598 4600
f 4594 4600 4620
f 4620 4600 4610
f 4620 4610 4619
f 4619 4610 4612
f 4619 4612 4618
f 4618 4612 4614
f 4618 4614 4617
f 4617 4614 4615
f 4617 4615 4616
f 4616 4615 4542
f 4616 4542 4526
f 4621 4601 4581
f 4622 4623 4594
f 4594 4623 4592
f 4624 4625 4594
f 4594 4625 4626
f 4594 4626 4622
f 4624 4594 4627
f 4627 4594 4628
f 4627 4628 4629
f 4629 4628 4630
f 4629 4630 4631
f 4631 4630 4632
f 4632 4630 4633
f 4632 4633 4634
f 4634 4633 4635
f 4635 4633 4636
f 4635 4636 4637
f 4637 4636 4638
f 4637 4638 4639
f 4639 4638 4567
f 4639 4567 4566
f 4586 4576 4564
f 4581 4580 4621
f 4621 4580 4583
f 4621 4583 4640
f 4640 4583 4584
f 4640 4584 4641
f 4641 4584 4585
f 4641 4585 4642
f 4642 4585 4586
f 4642 4586 4643
f 4643 4586 4564
f 4564 4563 4643
f 4643 4563 4644
f 4643 4644 4642
f 4642 4644 4645
f 4642 4645 4641
f 4641 4645 4646
f 4641 4646 4640
f 4640 4646 4647
f 4640 4647 4621
f 4621 4647 4648
f 4621 4648 4601
f 4594 4601 4628
f 4628 4601 4648
f 4628 4648 4630
f 4630 4648 4647
f 4630 4647 4633
f 4633 4647 4646
f 4633 4646 4636
f 4636 4646 4645
f 4636 4645 4638
f 4638 4645 4644
f 4638 4644 4567
f 4567 4644 4563
f 4649 4650 4651
f 4651 4652 4592
f 4651 4592 4649
f 4649 4592 4623
f 4649 4623 4653
f 4653 4623 4654
f 4654 4623 4622
f 4654 4622 4626
f 4654 4626 4655
f 4655 4626 4625
f 4655 4625 4656
f 4656 4625 4657
f 4657 4625 4624
f 4657 4624 4627
f 4657 4627 4658
f 4658 4627 4629
f 4658 4629 4659
f 4659 4629 4631
f 4659 4631 4660
f 4631 4632 4660
f 4660 4632 4634
f 4660 4634 4661
f 4634 4635 4661
f 4661 4635 4637
f 4661 4637 4662
f 4662 4637 4639
f 4662 4639 4663
f 4663 4639 4566
f 4650 4649 4664
f 4650 4664 4651
f 4592 4652 4593
f 4593 4652 4651
f 4651 4664 4593
f 4593 4664 4665
f 4593 4665 4595
f 4595 4665 4666
f 4595 4666 4596
f 4596 4666 4667
f 4596 4667 4597
f 4597 4667 4668
f 4597 4668 4598
f 4669 4670 4541
f 4598 4668 4671
f 4598 4671 4599
f 4599 4671 4672
f 4599 4672 4608
f 4608 4672 4673
f 4608 4673 4609
f 4609 4673 4674
f 4609 4674 4611
f 4611 4674 4675
f 4611 4675 4613
f 4613 4675 4669
f 4613 4669 4607
f 4607 4669 4541
f 4676 4530 4548
f 4676 4548 4677
f 4677 4548 4552
f 4677 4552 4678
f 4678 4552 4537
f 4678 4537 4679
f 4679 4537 4538
f 4679 4538 4670
f 4670 4538 4539
f 4670 4539 4541
f 4530 4676 4680
f 4530 4680 4574
f 4574 4680 4681
f 4574 4681 4572
f 4572 4681 4682
f 4572 4682 4570
f 4570 4682 4565
f 4565 4682 4663
f 4565 4663 4566
f 4683 4684 4685
f 4686 4687 4688
f 4688 4687 4689
f 4688 4689 4690
f 4690 4689 4691
f 4690 4691 4692
f 4693 4694 4695
f 4695 4694 4696
f 4695 4696 4697
f 4698 4699 4693
f 4693 4695 4698
f 4698 4695 4697
f 4698 4697 4700
f 4700 4697 4701
f 4700 4701 4685
f 4685 4701 4702
f 4685 4702 4683
f 4692 4703 4690
f 4690 4703 4704
f 4690 4704 4688
f 4688 4704 4705
f 4688 4705 4686
f 4686 4705 4706
f 4703 4707 4704
f 4704 4707 4708
f 4704 4708 4705
f 4705 4708 4709
f 4705 4709 4706
f 4706 4709 4710
f 4691 4711 4692
f 4692 4711 4712
f 4692 4712 4703
f 4703 4712 4702
f 4703 4702 4707
f 4707 4702 4701
f 4707 4701 4708
f 4708 4701 4697
f 4708 4697 4709
f 4709 4697 4696
f 4709 4696 4710
f 4710 4696 4694
f 4713 4691 4689
f 4714 4711 4691
f 4691 4713 4714
f 4714 4713 4715
f 4714 4715 4716
f 4715 4717 4716
f 4716 4717 4718
f 4716 4718 4719
f 4720 4721 4722
f 4723 4724 4725
f 4725 4726 4723
f 4723 4726 4727
f 4723 4727 4728
f 4728 4727 4729
f 4728 4729 4730
f 4730 4729 4731
f 4730 4731 4732
f 4732 4731 4733
f 4732 4733 4686
f 4734 4719 4722
f 4722 4719 4718
f 4722 4718 4720
f 4720 4718 4717
f 4720 4717 4735
f 4735 4717 4715
f 4735 4715 4736
f 4736 4715 4713
f 4736 4713 4737
f 4737 4713 4689
f 4737 4689 4687
f 4725 4721 4726
f 4726 4721 4720
f 4726 4720 4727
f 4727 4720 4735
f 4727 4735 4729
f 4729 4735 4736
f 4729 4736 4731
f 4731 4736 4737
f 4731 4737 4733
f 4733 4737 4687
f 4733 4687 4686
f 4738 4739 4740
f 4738 4740 4741
f 4742 4741 4743
f 4743 4741 4740
f 4743 4740 4744
f 4744 4740 4734
f 4740 4711 4714
f 4714 4716 4740
f 4740 4716 4719
f 4740 4719 4734
f 4740 4739 4745
f 4745 4746 4740
f 4740 4746 4747
f 4740 4747 4748
f 4748 4749 4740
f 4740 4749 4684
f 4740 4684 4683
f 4683 4702 4740
f 4740 4702 4712
f 4740 4712 4711
f 4750 4751 4752
f 4745 4739 4753
f 4753 4754 4745
f 4745 4754 4755
f 4745 4755 4746
f 4746 4755 4756
f 4746 4756 4747
f 4747 4756 4757
f 4747 4757 4748
f 4748 4757 4758
f 4748 4758 4749
f 4759 4699 4698
f 4752 4760 4750
f 4750 4760 4761
f 4750 4761 4762
f 4762 4761 4763
f 4762 4763 4764
f 4764 4763 4765
f 4764 4765 4766
f 4766 4765 4759
f 4766 4759 4767
f 4767 4759 4698
f 4767 4698 4700
f 4684 4749 4685
f 4685 4749 4758
f 4685 4758 4768
f 4768 4758 4757
f 4768 4757 4769
f 4769 4757 4756
f 4769 4756 4770
f 4770 4756 4755
f 4770 4755 4771
f 4771 4755 4754
f 4771 4754 4772
f 4772 4754 4753
f 4772 4753 4751
f 4751 4750 4772
f 4772 4750 4762
f 4772 4762 4771
f 4771 4762 4764
f 4771 4764 4770
f 4770 4764 4766
f 4770 4766 4769
f 4769 4766 4767
f 4769 4767 4768
f 4768 4767 4700
f 4768 4700 4685
f 4773 4753 4739
f 4751 4774 4752
f 4752 4774 4775
f 4752 4775 4776
f 4776 4775 4777
f 4776 4777 4778
f 4778 4777 4779
f 4778 4779 4780
f 4780 4779 4781
f 4780 4781 4782
f 4782 4781 4725
f 4782 4725 4724
f 4744 4734 4722
f 4739 4738 4773
f 4773 4738 4741
f 4773 4741 4783
f 4783 4741 4742
f 4783 4742 4784
f 4784 4742 4743
f 4784 4743 4785
f 4785 4743 4744
f 4785 4744 4786
f 4786 4744 4722
f 4722 4721 4786
f 4786 4721 4787
f 4786 4787 4785
f 4785 4787 4788
f 4785 4788 4784
f 4784 4788 4789
f 4784 4789 4783
f 4783 4789 4790
f 4783 4790 4773
f 4773 4790 4791
f 4773 4791 4753
f 4751 4753 4774
f 4774 4753 4791
f 4774 4791 4775
f 4775 4791 4790
f 4775 4790 4777
f 4777 4790 4789
f 4777 4789 4779
f 4779 4789 4788
f 4779 4788 4781
f 4781 4788 4787
f 4781 4787 4725
f 4725 4787 4721
f 4792 4793 4752
f 4752 4776 4792
f 4792 4776 4778
f 4792 4778 4794
f 4794 4778 4780
f 4794 4780 4795
f 4795 4780 4782
f 4795 4782 4796
f 4796 4782 4724
f 4752 4793 4760
f 4760 4793 4797
f 4760 4797 4761
f 4761 4797 4798
f 4761 4798 4763
f 4763 4798 4799
f 4763 4799 4765
f 4765 4799 4759
f 4759 4799 4800
f 4759 4800 4699
f 4699 4800 4693
f 4693 4800 4801
f 4693 4801 4694
f 4694 4801 4802
f 4694 4802 4710
f 4710 4802 4803
f 4710 4803 4706
f 4706 4803 4804
f 4706 4804 4686
f 4686 4804 4805
f 4686 4805 4732
f 4732 4805 4806
f 4732 4806 4730
f 4730 4806 4807
f 4730 4807 4728
f 4728 4807 4723
f 4723 4807 4796
f 4723 4796 4724
f 129 116 4808
f 132 131 4809
f 4809 131 129
f 4809 129 4810
f 4810 129 4808
f 4810 4808 4811
f 4812 120 132
f 4813 4814 4812
f 4812 4814 4815
f 4812 132 4813
f 4813 132 4809
f 4813 4809 4814
f 4814 4809 4810
f 4814 4810 4816
f 4816 4810 4811
f 4816 4811 4817
f 4818 4819 4820
f 4821 4822 4823
f 4824 4825 4826
f 4827 4828 4829
f 4829 4828 4830
f 4828 4831 4830
f 4830 4831 4832
f 4830 4832 4833
f 4833 4832 4834
f 4833 4834 4835
f 4835 4834 4836
f 4835 4836 4837
f 4837 4836 4838
f 4839 4840 4838
f 4840 4841 4838
f 4838 4841 4842
f 4838 4842 4837
f 4843 4844 4839
f 4839 4845 4843
f 4843 4845 4846
f 4843 4846 4847
f 4847 4846 4848
f 4847 4848 4849
f 4849 4848 4850
f 4849 4850 4851
f 4851 4850 4852
f 4851 4852 4853
f 4853 4852 4854
f 4854 4852 4855
f 4854 4855 4856
f 4856 4855 4857
f 4856 4857 4858
f 4859 4860 4861
f 4862 4863 4864
f 4865 4866 4867
f 4867 4866 4868
f 4869 4870 4871
f 4824 4826 4872
f 4823 4822 4826
f 4826 4822 4873
f 4826 4873 4872
f 4870 4869 4874
f 4874 4869 4875
f 4874 4875 4876
f 4876 4875 4877
f 4876 4877 4878
f 4879 4878 4880
f 4880 4878 4877
f 4880 4877 4881
f 4881 4877 4875
f 4881 4875 4882
f 4882 4875 4869
f 4882 4869 4883
f 4883 4869 4871
f 4883 4871 4884
f 4885 4858 4861
f 4861 4858 4857
f 4861 4857 4859
f 4859 4857 4855
f 4859 4855 4886
f 4886 4855 4852
f 4887 4880 4888
f 4888 4880 4881
f 4888 4881 4889
f 4889 4881 4882
f 4889 4882 4890
f 4890 4882 4883
f 4890 4883 4891
f 4891 4883 4884
f 4891 4884 4892
f 4893 4870 4894
f 4894 4870 4874
f 4894 4874 4895
f 4895 4874 4876
f 4895 4876 4896
f 4896 4876 4878
f 4896 4878 4897
f 4897 4878 4879
f 4897 4879 4898
f 4898 4879 4880
f 4898 4880 4899
f 4899 4880 4887
f 4899 4887 4900
f 4846 4901 4848
f 4848 4901 4902
f 4848 4902 4850
f 4850 4902 4903
f 4850 4903 4852
f 4852 4903 4904
f 4852 4904 4886
f 4886 4904 4862
f 4886 4862 4859
f 4859 4862 4864
f 4859 4864 4860
f 4839 4838 4845
f 4845 4838 4905
f 4845 4905 4846
f 4846 4905 4906
f 4846 4906 4901
f 4901 4906 4907
f 4901 4907 4902
f 4902 4907 4908
f 4902 4908 4903
f 4903 4908 4909
f 4903 4909 4904
f 4904 4909 4867
f 4904 4867 4862
f 4862 4867 4868
f 4862 4868 4863
f 4892 4910 4891
f 4891 4910 4911
f 4891 4911 4890
f 4890 4911 4912
f 4890 4912 4889
f 4889 4912 4913
f 4889 4913 4888
f 4888 4913 4914
f 4888 4914 4887
f 4887 4914 4915
f 4887 4915 4900
f 4916 4917 4918
f 4918 4917 4919
f 4918 4919 4920
f 4920 4919 4921
f 4920 4921 4922
f 4922 4921 4923
f 4922 4923 4821
f 4924 4819 4925
f 4925 4819 4818
f 4925 4818 4926
f 4823 4927 4821
f 4821 4927 4820
f 4821 4820 4922
f 4922 4820 4819
f 4922 4819 4920
f 4920 4819 4924
f 4920 4924 4918
f 4827 4916 4828
f 4828 4916 4918
f 4828 4918 4831
f 4831 4918 4924
f 4831 4924 4832
f 4832 4924 4925
f 4832 4925 4834
f 4834 4925 4926
f 4834 4926 4836
f 4825 4893 4826
f 4826 4893 4894
f 4826 4894 4823
f 4823 4894 4895
f 4823 4895 4927
f 4927 4895 4896
f 4927 4896 4820
f 4820 4896 4897
f 4820 4897 4818
f 4818 4897 4898
f 4818 4898 4926
f 4926 4898 4899
f 4926 4899 4836
f 4836 4899 4900
f 4836 4900 4838
f 4838 4900 4915
f 4838 4915 4905
f 4905 4915 4914
f 4905 4914 4906
f 4906 4914 4913
f 4906 4913 4907
f 4907 4913 4912
f 4907 4912 4908
f 4908 4912 4911
f 4908 4911 4909
f 4909 4911 4910
f 4909 4910 4867
f 4867 4910 4892
f 4867 4892 4865
f 4928 4929 4930
f 4931 4872 4873
f 4916 4827 4932
f 4923 4921 4933
f 4934 4822 4821
f 4931 4873 4935
f 4936 4937 4938
f 4938 4937 4935
f 4938 4935 4939
f 4939 4935 4873
f 4939 4873 4822
f 4940 4941 4942
f 4942 4941 4943
f 4942 4943 4944
f 4944 4943 4945
f 4944 4945 4946
f 4946 4945 4947
f 4946 4947 4948
f 4948 4947 4949
f 4948 4949 4950
f 4950 4949 4951
f 4951 4949 4952
f 4951 4952 4953
f 4953 4952 4954
f 4954 4952 4955
f 4954 4955 4956
f 4956 4955 4957
f 4956 4957 4958
f 4959 4958 4960
f 4960 4958 4957
f 4960 4957 4961
f 4961 4957 4962
f 4963 4964 4965
f 4966 4967 4968
f 4968 4967 4969
f 4968 4969 4970
f 4971 4972 4973
f 4973 4972 4974
f 4973 4974 4975
f 4976 4972 4977
f 4977 4972 4971
f 4977 4971 4978
f 4978 4971 4930
f 4978 4930 4979
f 4979 4930 4929
f 4827 4829 4932
f 4932 4829 4980
f 4932 4980 4981
f 4981 4980 4982
f 4981 4982 4983
f 4983 4982 4984
f 4983 4984 4985
f 4985 4984 4986
f 4933 4987 4988
f 4988 4987 4989
f 4988 4989 4990
f 4990 4989 4991
f 4990 4991 4992
f 4822 4934 4939
f 4939 4934 4993
f 4939 4993 4938
f 4938 4993 4994
f 4938 4994 4936
f 4923 4933 4821
f 4821 4933 4988
f 4821 4988 4934
f 4934 4988 4990
f 4934 4990 4993
f 4993 4990 4992
f 4993 4992 4994
f 4970 4964 4968
f 4968 4964 4963
f 4968 4963 4995
f 4995 4963 4996
f 4995 4996 4997
f 4997 4996 4998
f 4997 4998 4999
f 4999 4998 5000
f 4999 5000 5001
f 5001 5000 5002
f 5001 5002 5003
f 5003 5002 5004
f 5003 5004 5005
f 4965 5006 4963
f 4963 5006 5007
f 4963 5007 4996
f 4996 5007 5008
f 4996 5008 4998
f 4998 5008 5009
f 4998 5009 5000
f 5000 5009 5010
f 5000 5010 5002
f 5002 5010 5011
f 5002 5011 5004
f 5004 5011 5012
f 5004 5012 5005
f 5005 5012 5013
f 4965 4962 5006
f 5006 4962 4957
f 5006 4957 5007
f 5007 4957 4955
f 5007 4955 5008
f 5008 4955 4952
f 5008 4952 5009
f 5009 4952 4949
f 5009 4949 5010
f 5010 4949 4947
f 5010 4947 5011
f 5011 4947 4945
f 5011 4945 5012
f 5012 4945 4943
f 5012 4943 5013
f 5013 4943 4941
f 4973 5014 4971
f 4971 5014 5015
f 4971 5015 4930
f 4930 5015 5016
f 4930 5016 4928
f 4966 4968 5017
f 5017 4968 4995
f 5017 4995 5018
f 5018 4995 4997
f 5018 4997 5019
f 5019 4997 4999
f 5019 4999 5020
f 5020 4999 5001
f 5020 5001 5021
f 5021 5001 5003
f 5021 5003 4991
f 4991 5003 5005
f 4991 5005 4992
f 4992 5005 5013
f 4992 5013 4994
f 4994 5013 4941
f 4994 4941 4936
f 4936 4941 4940
f 4936 4940 4937
f 4919 4917 5022
f 5022 4917 5023
f 5022 5023 5024
f 5024 5023 5025
f 5024 5025 5026
f 5026 5025 5027
f 5026 5027 5028
f 5028 5027 5029
f 5028 5029 4929
f 4917 4916 5023
f 5023 4916 4932
f 5023 4932 5025
f 5025 4932 4981
f 5025 4981 5027
f 5027 4981 4983
f 5027 4983 5029
f 5029 4983 4985
f 5029 4985 4929
f 4929 4985 4986
f 4929 4986 4979
f 4975 4967 4973
f 4973 4967 4966
f 4973 4966 5014
f 5014 4966 5017
f 5014 5017 5015
f 5015 5017 5018
f 5015 5018 5016
f 5016 5018 5019
f 5016 5019 4928
f 4928 5019 5020
f 4928 5020 4929
f 4929 5020 5021
f 4929 5021 5028
f 5028 5021 4991
f 5028 4991 5026
f 5026 4991 4989
f 5026 4989 5024
f 5024 4989 4987
f 5024 4987 5022
f 5022 4987 4933
f 5022 4933 4919
f 4919 4933 4921
f 5030 5031 5032
f 5033 5034 5035
f 5035 5034 5036
f 5035 5036 5037
f 5037 5036 5038
f 5037 5038 5039
f 5035 5040 5033
f 5033 5040 5041
f 5033 5041 5042
f 5042 5041 5043
f 5042 5043 5044
f 5044 5043 5045
f 5044 5045 5046
f 5046 5045 5047
f 5046 5047 5048
f 5048 5047 5049
f 5049 5047 5050
f 5049 5050 5051
f 5030 5032 5052
f 5052 5032 5053
f 5052 5053 5054
f 5054 5053 5055
f 5054 5055 5056
f 5056 5055 5057
f 5057 5055 5058
f 5057 5058 5059
f 5060 5061 5062
f 5059 5058 5063
f 5063 5058 5060
f 5063 5060 5064
f 5064 5060 5062
f 5064 5062 5065
f 4958 4959 5061
f 5061 5060 4958
f 4958 5060 5058
f 4958 5058 4956
f 4956 5058 5055
f 4956 5055 4954
f 4954 5055 5053
f 4954 5053 4953
f 4953 5053 4951
f 4951 5053 5032
f 4951 5032 4950
f 4950 5032 5031
f 4950 5031 4948
f 5030 5051 5031
f 5031 5051 5050
f 5031 5050 4948
f 4948 5050 5047
f 4948 5047 4946
f 4946 5047 5045
f 4946 5045 4944
f 4944 5045 5043
f 4944 5043 4942
f 4942 5043 5041
f 4942 5041 4940
f 4940 5041 5040
f 4940 5040 4937
f 4937 5040 5035
f 4937 5035 4935
f 4935 5035 4931
f 4931 5035 5037
f 4931 5037 4872
f 5066 5067 5068
f 4863 4868 5069
f 4866 4865 5070
f 4872 5037 5071
f 4872 5071 4824
f 4824 5071 5072
f 4824 5072 4825
f 4825 5072 5073
f 4825 5073 4893
f 4893 5073 5074
f 4893 5074 4870
f 4870 5074 5075
f 4870 5075 4871
f 4871 5075 5076
f 4871 5076 4884
f 4884 5076 5077
f 4884 5077 4892
f 4892 5077 4865
f 4865 5077 5078
f 4865 5078 5070
f 5079 5068 5080
f 4864 5081 4860
f 4860 5081 5079
f 4860 5079 4861
f 4861 5079 5080
f 4861 5080 4885
f 5066 5068 5082
f 5082 5068 5079
f 5082 5079 5083
f 5083 5079 5081
f 5083 5081 5084
f 5085 5086 5087
f 4863 5069 4864
f 4864 5069 5085
f 4864 5085 5081
f 5081 5085 5087
f 5081 5087 5084
f 5088 5089 5069
f 5069 5089 5090
f 5069 5090 5085
f 5085 5090 5091
f 5085 5091 5086
f 5092 5093 5074
f 5074 5093 5094
f 5074 5094 5075
f 5075 5094 5095
f 5075 5095 5076
f 5076 5095 5096
f 5076 5096 5077
f 5077 5096 5097
f 5077 5097 5078
f 5078 5097 5088
f 5078 5088 5070
f 5070 5088 5069
f 5070 5069 4866
f 4866 5069 4868
f 5092 5074 5098
f 5098 5074 5073
f 5098 5073 5099
f 5099 5073 5072
f 5099 5072 5100
f 5100 5072 5101
f 5101 5072 5071
f 5101 5071 5102
f 5102 5071 5103
f 5103 5071 5037
f 5103 5037 5039
f 5104 4885 5105
f 5105 4885 5080
f 5105 5080 5068
f 5105 5106 5104
f 5104 5106 5107
f 5104 5107 5108
f 5107 5109 5108
f 5108 5109 5110
f 5108 5110 5111
f 5068 5067 5105
f 5105 5067 5112
f 5105 5112 5106
f 5106 5112 5113
f 5106 5113 5107
f 5107 5113 5114
f 5107 5114 5109
f 5109 5114 5115
f 5109 5115 5110
f 5110 5115 5116
f 5110 5116 5117
f 5118 5119 5120
f 5120 5119 5121
f 5120 5121 5122
f 5122 5121 5123
f 5122 5123 5124
f 5124 5123 5125
f 5124 5125 5126
f 5126 5125 5127
f 5127 5125 5128
f 5127 5128 5129
f 5129 5128 5130
f 5129 5130 5131
f 5131 5130 5132
f 5131 5132 5133
f 5133 5132 5134
f 5134 5132 5135
f 5134 5135 5136
f 5136 5135 5137
f 5137 5135 5138
f 5137 5138 5139
f 5140 5141 5138
f 5138 5141 5142
f 5138 5142 5139
f 5143 5144 5140
f 5140 5144 5145
f 5140 5145 5141
f 5108 5111 5146
f 5147 5104 5108
f 4885 5104 4858
f 4858 5104 5147
f 4858 5147 4856
f 4856 5147 5148
f 4847 4849 5149
f 5149 4849 4851
f 5149 4851 5150
f 5150 4851 4853
f 5150 4853 5148
f 5148 4853 4854
f 5148 4854 4856
f 5149 5151 4847
f 4847 5151 5152
f 4847 5152 4843
f 4843 5152 4844
f 4844 5152 5153
f 4844 5153 4839
f 4837 5154 4835
f 4835 5154 4833
f 4837 4842 5154
f 5154 4842 4841
f 5154 4841 5153
f 5153 4841 4840
f 5153 4840 4839
f 4833 5154 4830
f 4830 5154 5155
f 4830 5155 4829
f 5156 5157 5158
f 5146 5158 5108
f 5108 5158 5157
f 5108 5157 5147
f 5147 5157 5156
f 5147 5156 5148
f 5148 5156 5159
f 5148 5159 5150
f 5150 5159 5160
f 5150 5160 5149
f 5149 5160 5161
f 5149 5161 5151
f 5146 5143 5158
f 5158 5143 5140
f 5158 5140 5156
f 5156 5140 5138
f 5156 5138 5159
f 5159 5138 5135
f 5159 5135 5160
f 5160 5135 5132
f 5160 5132 5161
f 5161 5132 5130
f 5161 5130 5151
f 5151 5130 5128
f 5151 5128 5152
f 5152 5128 5125
f 5152 5125 5153
f 5153 5125 5123
f 5153 5123 5154
f 5154 5123 5121
f 5154 5121 5155
f 5155 5121 5119
f 4960 4961 5162
f 4962 4965 5163
f 4977 4978 5164
f 4829 5155 4980
f 4980 5155 5165
f 5164 4978 5165
f 5165 4978 4979
f 5165 4979 4986
f 4986 4984 5165
f 5165 4984 4982
f 5165 4982 4980
f 5166 4967 5167
f 5167 4967 4975
f 5167 4975 5168
f 5168 4975 4974
f 5168 4974 5169
f 5169 4974 4972
f 5169 4972 5164
f 5164 4972 4976
f 5164 4976 4977
f 4964 4970 5166
f 5166 4970 4969
f 5166 4969 4967
f 4959 4960 5170
f 5170 4960 5162
f 5170 5162 5171
f 5172 5173 5174
f 5175 5173 5176
f 5176 5173 5172
f 5176 5172 5177
f 5178 5179 5180
f 5180 5179 5181
f 5182 5183 5184
f 5183 5182 5185
f 5185 5182 5186
f 5185 5186 5187
f 5187 5186 5188
f 5187 5188 5189
f 5189 5188 5190
f 5189 5190 5191
f 5191 5190 5192
f 5192 5190 5193
f 5192 5193 5194
f 5194 5193 5195
f 5195 5193 5196
f 5195 5196 5197
f 5197 5196 5198
f 5198 5196 5199
f 5198 5199 5200
f 5200 5199 5201
f 5201 5199 5119
f 5201 5119 5118
f 4965 4964 5163
f 5163 4964 5166
f 5163 5166 5202
f 5168 5203 5167
f 5167 5203 5204
f 5167 5204 5166
f 5166 5204 5205
f 5166 5205 5202
f 5202 5205 5206
f 5181 5177 5180
f 5180 5177 5172
f 5180 5172 5171
f 5171 5172 5174
f 5171 5174 5170
f 5207 5178 5206
f 5206 5178 5180
f 5206 5180 5202
f 5202 5180 5171
f 5202 5171 5163
f 5163 5171 5162
f 5163 5162 4962
f 4962 5162 4961
f 5155 5119 5165
f 5165 5119 5199
f 5165 5199 5164
f 5164 5199 5196
f 5164 5196 5169
f 5169 5196 5193
f 5169 5193 5168
f 5168 5193 5190
f 5168 5190 5203
f 5203 5190 5188
f 5203 5188 5204
f 5204 5188 5186
f 5204 5186 5205
f 5205 5186 5182
f 5205 5182 5206
f 5206 5182 5184
f 5206 5184 5207
f 5208 5209 5210
f 5210 5209 5211
f 5210 5211 5212
f 5212 5211 5213
f 5173 5175 5214
f 5215 5213 5214
f 5214 5213 5211
f 5214 5211 5173
f 5173 5211 5209
f 5173 5209 5174
f 5174 5209 5216
f 5174 5216 5170
f 5170 5216 4959
f 4959 5216 5217
f 4959 5217 5061
f 5208 5218 5209
f 5209 5218 5219
f 5209 5219 5216
f 5216 5219 5065
f 5216 5065 5217
f 5217 5065 5062
f 5217 5062 5061
f 5220 5221 5222
f 5223 5224 5225
f 5215 5226 5227
f 5227 5226 5228
f 5227 5228 5229
f 5229 5228 5230
f 5230 5228 5231
f 5230 5231 5232
f 5233 5234 5235
f 5235 5234 5236
f 5235 5236 5231
f 5231 5236 5237
f 5231 5237 5232
f 5238 5239 5240
f 5241 5242 5243
f 5225 5224 5244
f 5245 5246 5225
f 5225 5246 5247
f 5225 5247 5223
f 5245 5225 5248
f 5248 5225 5244
f 5248 5244 5249
f 5249 5244 5250
f 5249 5250 5251
f 5251 5250 5252
f 5251 5252 5253
f 5254 5255 5252
f 5252 5255 5256
f 5252 5256 5253
f 5257 5258 5259
f 5259 5258 5254
f 5260 5261 5262
f 5262 5261 5263
f 5264 5263 5265
f 5266 5267 5268
f 5268 5267 5269
f 5268 5269 5270
f 5271 5272 5266
f 5266 5272 5273
f 5266 5273 5267
f 5266 5274 5271
f 5271 5274 5214
f 5271 5214 5175
f 5275 5276 5241
f 5241 5276 5277
f 5241 5277 5242
f 5257 5259 5278
f 5278 5259 5275
f 5278 5275 5238
f 5238 5275 5241
f 5238 5241 5239
f 5239 5241 5243
f 5239 5243 5240
f 5254 5252 5259
f 5259 5252 5250
f 5259 5250 5275
f 5275 5250 5244
f 5275 5244 5276
f 5276 5244 5224
f 5276 5224 5277
f 5264 5279 5280
f 5263 5264 5262
f 5262 5264 5280
f 5262 5280 5281
f 5281 5282 5262
f 5262 5282 5222
f 5262 5222 5260
f 5260 5222 5221
f 5215 5214 5226
f 5226 5214 5274
f 5226 5274 5228
f 5228 5274 5266
f 5228 5266 5231
f 5231 5266 5268
f 5231 5268 5235
f 5270 5220 5268
f 5268 5220 5222
f 5268 5222 5235
f 5235 5222 5282
f 5235 5282 5233
f 5233 5282 5281
f 5233 5281 5283
f 5283 5281 5280
f 5283 5280 5240
f 5240 5280 5279
f 5240 5279 5238
f 5238 5279 5264
f 5238 5264 5278
f 5278 5264 5265
f 5278 5265 5257
f 5284 168 169
f 5285 5286 5287
f 5287 5286 5288
f 158 5289 150
f 150 5289 5290
f 150 5290 152
f 152 5290 5291
f 152 5291 153
f 153 5291 5287
f 153 5287 169
f 169 5287 5288
f 169 5288 5284
f 5251 5253 5285
f 5285 5287 5251
f 5251 5287 5291
f 5251 5291 5249
f 5249 5291 5290
f 5249 5290 5248
f 5248 5290 5289
f 5248 5289 5245
f 230 228 5292
f 5292 228 227
f 5293 225 224
f 225 5293 227
f 227 5293 5294
f 227 5294 5292
f 219 5295 220
f 220 5295 5296
f 220 5296 222
f 222 5296 5297
f 222 5297 224
f 224 5297 5298
f 224 5298 5293
f 214 212 5299
f 5299 212 5300
f 5299 5301 214
f 214 5301 5302
f 214 5302 215
f 215 5302 5303
f 215 5303 217
f 217 5303 5304
f 217 5304 219
f 219 5304 5305
f 219 5305 5295
f 5300 212 5306
f 5306 212 210
f 5306 210 5307
f 202 5308 204
f 204 5308 5309
f 204 5309 205
f 205 5309 5310
f 205 5310 207
f 207 5310 5307
f 207 5307 208
f 208 5307 210
f 202 199 5308
f 5308 199 197
f 5308 197 5311
f 5311 197 196
f 5312 5313 147
f 147 5313 148
f 5313 5314 148
f 148 5314 5315
f 148 5315 133
f 5315 5316 133
f 133 5316 5317
f 133 5317 134
f 5317 5318 134
f 134 5318 5319
f 134 5319 136
f 136 5319 5320
f 136 5320 137
f 137 5320 5321
f 137 5321 162
f 162 5321 5322
f 162 5322 159
f 5323 155 5322
f 5322 155 154
f 5322 154 159
f 5245 5289 5324
f 5324 5289 158
f 5324 158 5323
f 5323 158 157
f 5323 157 155
f 5312 147 5325
f 5325 147 145
f 5325 145 5326
f 5326 145 144
f 5326 144 5327
f 5327 144 143
f 5327 143 5328
f 5328 143 142
f 5328 142 5329
f 5329 142 5330
f 142 141 5330
f 5330 141 140
f 5330 140 5331
f 5331 140 139
f 5331 139 5332
f 139 123 5332
f 5332 123 126
f 5332 126 5333
f 5333 126 127
f 5333 127 5334
f 4812 4815 5335
f 120 4812 127
f 127 4812 5335
f 127 5335 5334
f 5336 5337 5338
f 5334 5335 5339
f 5340 5341 5342
f 5326 5343 5325
f 5325 5343 5344
f 5325 5344 5312
f 5345 5346 5347
f 5347 5346 5348
f 5347 5348 5343
f 5343 5348 5344
f 5349 5350 5351
f 5351 5350 5352
f 5351 5352 5345
f 5345 5352 5353
f 5345 5353 5346
f 5354 5355 5349
f 5349 5355 5356
f 5349 5356 5350
f 5357 5358 5359
f 5359 5358 5360
f 5360 5361 5359
f 5359 5361 5362
f 5359 5362 5363
f 5364 5365 5366
f 5366 5365 5367
f 5366 5368 5364
f 5364 5368 5369
f 5364 5369 5370
f 5370 5369 5371
f 5370 5371 5357
f 5367 5365 5372
f 5372 5365 5373
f 5372 5373 5374
f 5374 5373 5375
f 5375 5373 5376
f 5375 5376 5377
f 5378 5379 5380
f 5380 5379 5381
f 5380 5381 5382
f 5382 5381 5340
f 5340 5342 5382
f 5382 5342 5383
f 5382 5383 5384
f 5383 5385 5384
f 5384 5385 5386
f 5384 5386 5387
f 5387 5386 5388
f 5387 5388 5389
f 5389 5388 5390
f 5389 5390 5391
f 5392 5393 5394
f 5394 5393 5395
f 5394 5395 5396
f 5396 5395 5397
f 5396 5397 5398
f 5398 5397 5399
f 5399 5397 5339
f 5399 5339 5400
f 5400 5339 5335
f 5400 5335 4815
f 5401 5330 5331
f 5327 5328 5402
f 5402 5328 5329
f 5337 5403 5404
f 5337 5336 5403
f 5403 5336 5405
f 5403 5405 5406
f 5370 5404 5364
f 5364 5404 5403
f 5364 5403 5365
f 5365 5403 5406
f 5365 5406 5373
f 5373 5406 5407
f 5373 5407 5376
f 5408 5409 5410
f 5410 5409 5411
f 5410 5411 5412
f 5412 5411 5413
f 5412 5413 5338
f 5338 5413 5414
f 5338 5414 5336
f 5336 5414 5415
f 5336 5415 5405
f 5405 5415 5416
f 5405 5416 5406
f 5406 5416 5417
f 5406 5417 5407
f 5333 5334 5418
f 5418 5334 5339
f 5418 5339 5419
f 5419 5339 5397
f 5419 5397 5420
f 5420 5397 5395
f 5420 5395 5421
f 5421 5395 5393
f 5421 5393 5390
f 5390 5393 5392
f 5390 5392 5391
f 5341 5422 5342
f 5342 5422 5377
f 5342 5377 5383
f 5383 5377 5376
f 5383 5376 5385
f 5385 5376 5407
f 5385 5407 5386
f 5386 5407 5417
f 5386 5417 5388
f 5388 5417 5416
f 5388 5416 5390
f 5390 5416 5415
f 5390 5415 5421
f 5421 5415 5414
f 5421 5414 5420
f 5420 5414 5413
f 5420 5413 5419
f 5419 5413 5411
f 5419 5411 5418
f 5418 5411 5409
f 5418 5409 5333
f 5359 5423 5424
f 5424 5423 5425
f 5424 5425 5426
f 5426 5425 5427
f 5426 5427 5428
f 5428 5427 5429
f 5428 5429 5430
f 5430 5429 5431
f 5430 5431 5432
f 5432 5431 5402
f 5432 5402 5401
f 5401 5402 5329
f 5401 5329 5330
f 5363 5433 5359
f 5359 5433 5354
f 5359 5354 5423
f 5423 5354 5349
f 5423 5349 5425
f 5425 5349 5351
f 5425 5351 5427
f 5427 5351 5345
f 5427 5345 5429
f 5429 5345 5347
f 5429 5347 5431
f 5431 5347 5343
f 5431 5343 5402
f 5402 5343 5326
f 5402 5326 5327
f 5357 5359 5370
f 5370 5359 5424
f 5370 5424 5404
f 5404 5424 5426
f 5404 5426 5337
f 5337 5426 5428
f 5337 5428 5338
f 5338 5428 5430
f 5338 5430 5412
f 5412 5430 5432
f 5412 5432 5410
f 5410 5432 5401
f 5410 5401 5408
f 5408 5401 5331
f 5408 5331 5409
f 5409 5331 5332
f 5409 5332 5333
f 5434 5435 5436
f 5437 5438 5439
f 5440 5441 5442
f 5443 5444 5445
f 5320 5319 5446
f 5356 5447 5448
f 5355 5354 5434
f 5434 5354 5433
f 5434 5433 5435
f 5435 5433 5449
f 5450 5348 5346
f 5450 5346 5451
f 5451 5346 5353
f 5451 5353 5452
f 5452 5353 5352
f 5452 5352 5448
f 5448 5352 5350
f 5448 5350 5356
f 5348 5450 5344
f 5344 5450 5313
f 5344 5313 5312
f 5318 5317 5453
f 5453 5317 5316
f 5316 5315 5450
f 5450 5315 5314
f 5450 5314 5313
f 5454 5246 5324
f 5324 5246 5245
f 5455 5224 5456
f 5456 5224 5223
f 5456 5223 5454
f 5454 5223 5247
f 5454 5247 5246
f 5457 5242 5455
f 5455 5242 5277
f 5455 5277 5224
f 5458 5283 5459
f 5459 5283 5240
f 5459 5240 5460
f 5460 5240 5243
f 5233 5283 5461
f 5461 5283 5458
f 5461 5458 5462
f 5463 5237 5464
f 5464 5237 5236
f 5464 5236 5234
f 5230 5232 5465
f 5465 5232 5237
f 5466 5467 5463
f 5463 5467 5468
f 5463 5468 5237
f 5237 5468 5469
f 5237 5469 5465
f 5443 5445 5441
f 5440 5442 5438
f 5449 5470 5435
f 5435 5470 5471
f 5435 5471 5436
f 5436 5471 5472
f 5436 5472 5473
f 5356 5355 5447
f 5447 5355 5434
f 5447 5434 5474
f 5474 5434 5436
f 5474 5436 5475
f 5475 5436 5473
f 5475 5473 5476
f 5441 5445 5442
f 5442 5445 5477
f 5442 5477 5478
f 5466 5463 5444
f 5444 5463 5464
f 5444 5464 5445
f 5445 5464 5479
f 5445 5479 5477
f 5462 5458 5480
f 5480 5458 5459
f 5480 5459 5481
f 5481 5459 5460
f 5481 5460 5457
f 5457 5460 5243
f 5457 5243 5242
f 5322 5321 5482
f 5482 5321 5483
f 5482 5483 5484
f 5484 5483 5485
f 5484 5485 5486
f 5486 5485 5487
f 5486 5487 5488
f 5488 5487 5489
f 5488 5489 5490
f 5324 5323 5454
f 5454 5323 5491
f 5454 5491 5456
f 5456 5491 5492
f 5456 5492 5455
f 5455 5492 5493
f 5455 5493 5457
f 5457 5493 5494
f 5457 5494 5481
f 5481 5494 5495
f 5481 5495 5480
f 5480 5495 5496
f 5480 5496 5462
f 5323 5322 5491
f 5491 5322 5482
f 5491 5482 5492
f 5492 5482 5484
f 5492 5484 5493
f 5493 5484 5486
f 5493 5486 5494
f 5494 5486 5488
f 5494 5488 5495
f 5495 5488 5490
f 5495 5490 5496
f 5438 5442 5439
f 5439 5442 5478
f 5439 5478 5497
f 5497 5478 5498
f 5497 5498 5499
f 5499 5498 5500
f 5499 5500 5501
f 5501 5500 5502
f 5501 5502 5503
f 5503 5502 5504
f 5503 5504 5505
f 5505 5504 5446
f 5505 5446 5453
f 5453 5446 5319
f 5453 5319 5318
f 5316 5450 5453
f 5453 5450 5451
f 5453 5451 5505
f 5505 5451 5452
f 5505 5452 5503
f 5503 5452 5448
f 5503 5448 5501
f 5501 5448 5447
f 5501 5447 5499
f 5499 5447 5474
f 5499 5474 5497
f 5497 5474 5475
f 5497 5475 5439
f 5439 5475 5476
f 5439 5476 5437
f 5234 5233 5464
f 5464 5233 5461
f 5464 5461 5479
f 5479 5461 5462
f 5479 5462 5477
f 5477 5462 5496
f 5477 5496 5478
f 5478 5496 5490
f 5478 5490 5498
f 5498 5490 5489
f 5498 5489 5500
f 5500 5489 5487
f 5500 5487 5502
f 5502 5487 5485
f 5502 5485 5504
f 5504 5485 5483
f 5504 5483 5446
f 5446 5483 5321
f 5446 5321 5320
f 5506 5507 5508
f 5508 5507 5509
f 5508 5509 5510
f 5510 5509 5511
f 5510 5511 5512
f 5513 5514 5506
f 5506 5514 5515
f 5506 5515 5507
f 5506 5516 5513
f 5513 5516 5517
f 5513 5517 5518
f 5518 5517 5519
f 5518 5519 5520
f 5520 5519 5521
f 5520 5521 5522
f 5522 5521 5523
f 5523 5521 5524
f 5523 5524 5525
f 5526 5527 5528
f 5529 5530 5531
f 5531 5532 5529
f 5529 5532 5533
f 5529 5533 5534
f 5535 5536 5537
f 5534 5533 5538
f 5538 5533 5539
f 5538 5539 5540
f 5540 5539 5541
f 5540 5541 5542
f 5542 5541 5535
f 5542 5535 5543
f 5543 5535 5537
f 5543 5537 5544
f 5545 5546 5547
f 5547 5546 5548
f 5547 5548 5549
f 5549 5548 5550
f 5551 5552 5553
f 5553 5552 5554
f 5553 5554 5555
f 5555 5554 5556
f 5555 5556 5545
f 5545 5556 5557
f 5545 5557 5546
f 5528 5558 5526
f 5526 5558 5559
f 5526 5559 5560
f 5560 5559 5561
f 5560 5561 5562
f 5562 5561 5563
f 5562 5563 5564
f 5564 5563 5565
f 5564 5565 5566
f 5567 5551 5568
f 5568 5551 5553
f 5568 5553 5569
f 5569 5553 5555
f 5569 5555 5570
f 5570 5555 5545
f 5570 5545 5571
f 5571 5545 5547
f 5571 5547 5572
f 5572 5547 5549
f 5573 5567 5574
f 5574 5567 5568
f 5574 5568 5575
f 5575 5568 5569
f 5575 5569 5576
f 5576 5569 5570
f 5576 5570 5577
f 5577 5570 5571
f 5577 5571 5578
f 5578 5571 5572
f 5579 5573 5580
f 5580 5573 5574
f 5580 5574 5581
f 5581 5574 5575
f 5581 5575 5582
f 5582 5575 5576
f 5582 5576 5583
f 5583 5576 5577
f 5583 5577 5584
f 5584 5577 5578
f 5528 5585 5558
f 5558 5585 5586
f 5558 5586 5559
f 5559 5586 5587
f 5559 5587 5561
f 5561 5587 5588
f 5561 5588 5563
f 5563 5588 5589
f 5563 5589 5565
f 5531 5527 5532
f 5532 5527 5526
f 5532 5526 5533
f 5533 5526 5560
f 5533 5560 5539
f 5539 5560 5562
f 5539 5562 5541
f 5541 5562 5564
f 5541 5564 5535
f 5535 5564 5566
f 5535 5566 5536
f 5550 5590 5549
f 5549 5590 5591
f 5549 5591 5572
f 5572 5591 5592
f 5572 5592 5578
f 5578 5592 5593
f 5578 5593 5584
f 5584 5593 5589
f 5584 5589 5583
f 5583 5589 5588
f 5583 5588 5582
f 5582 5588 5587
f 5582 5587 5581
f 5581 5587 5586
f 5581 5586 5580
f 5580 5586 5585
f 5580 5585 5579
f 5579 5585 5528
f 5515 5514 5594
f 5594 5514 5595
f 5595 5514 5513
f 5595 5513 5596
f 5596 5513 5518
f 5596 5518 5597
f 5597 5518 5520
f 5597 5520 5522
f 5550 5511 5590
f 5590 5511 5509
f 5590 5509 5591
f 5591 5509 5507
f 5591 5507 5592
f 5592 5507 5515
f 5592 5515 5593
f 5593 5515 5594
f 5593 5594 5589
f 5589 5594 5595
f 5589 5595 5565
f 5565 5595 5596
f 5565 5596 5566
f 5566 5596 5597
f 5566 5597 5536
f 5536 5597 5522
f 5536 5522 5537
f 5537 5522 5523
f 5537 5523 5544
f 5544 5523 5525
f 5579 5528 5598
f 5599 5600 5598
f 5598 5600 5601
f 5602 5599 5603
f 5603 5599 5598
f 5603 5598 5604
f 5604 5598 5530
f 5528 5527 5598
f 5598 5527 5531
f 5598 5531 5530
f 5573 5579 5567
f 5567 5579 5598
f 5567 5598 5551
f 5551 5598 5601
f 5551 5601 5605
f 5538 5540 5606
f 5546 5557 5607
f 5556 5554 5608
f 5530 5529 5609
f 5604 5610 5603
f 5603 5610 5611
f 5603 5611 5602
f 5602 5611 5612
f 5602 5612 5599
f 5612 5613 5599
f 5599 5613 5614
f 5599 5614 5600
f 5552 5551 5615
f 5615 5551 5605
f 5615 5605 5601
f 5554 5552 5608
f 5608 5552 5615
f 5608 5615 5614
f 5614 5615 5601
f 5614 5601 5600
f 5550 5548 5616
f 5616 5548 5617
f 5617 5618 5616
f 5616 5618 5619
f 5616 5619 5550
f 5550 5619 5511
f 5620 5621 5622
f 5623 5624 5625
f 5625 5624 5626
f 5625 5626 5627
f 5623 5625 5628
f 5628 5625 5629
f 5628 5629 5630
f 5630 5629 5631
f 5630 5631 5632
f 5633 5634 5631
f 5631 5634 5635
f 5631 5635 5632
f 5636 5637 5633
f 5637 5638 5633
f 5633 5638 5639
f 5633 5639 5634
f 5636 5640 5641
f 5641 5640 5642
f 5641 5642 5525
f 5542 5543 5643
f 5643 5543 5544
f 5557 5556 5607
f 5607 5556 5608
f 5607 5608 5644
f 5644 5608 5614
f 5644 5614 5645
f 5645 5614 5613
f 5645 5613 5646
f 5646 5613 5612
f 5646 5612 5647
f 5647 5612 5611
f 5647 5611 5648
f 5648 5611 5610
f 5648 5610 5609
f 5609 5610 5604
f 5609 5604 5530
f 5548 5546 5617
f 5617 5546 5607
f 5617 5607 5649
f 5649 5607 5644
f 5649 5644 5650
f 5650 5644 5645
f 5650 5645 5651
f 5651 5645 5646
f 5651 5646 5652
f 5652 5646 5647
f 5652 5647 5653
f 5653 5647 5648
f 5653 5648 5654
f 5654 5648 5609
f 5654 5609 5534
f 5534 5609 5529
f 5636 5633 5640
f 5640 5633 5643
f 5640 5643 5642
f 5642 5643 5544
f 5642 5544 5525
f 5540 5542 5606
f 5606 5542 5643
f 5606 5643 5655
f 5655 5643 5633
f 5655 5633 5656
f 5656 5633 5631
f 5656 5631 5657
f 5657 5631 5629
f 5657 5629 5658
f 5658 5629 5625
f 5658 5625 5659
f 5659 5625 5627
f 5659 5627 5620
f 5620 5627 5626
f 5620 5626 5621
f 5534 5538 5654
f 5654 5538 5606
f 5654 5606 5653
f 5653 5606 5655
f 5653 5655 5652
f 5652 5655 5656
f 5652 5656 5651
f 5651 5656 5657
f 5651 5657 5650
f 5650 5657 5658
f 5650 5658 5649
f 5649 5658 5659
f 5649 5659 5617
f 5617 5659 5620
f 5617 5620 5618
f 5618 5620 5622
f 5618 5622 5619
f 5632 5635 5660
f 5525 5524 5641
f 5641 5524 5661
f 5641 5661 5636
f 5662 5637 5663
f 5663 5637 5636
f 5663 5636 5664
f 5664 5636 5661
f 5660 5635 5665
f 5635 5634 5665
f 5665 5634 5639
f 5665 5639 5662
f 5662 5639 5638
f 5662 5638 5637
f 5632 5660 5630
f 5630 5660 5666
f 5630 5666 5628
f 5628 5666 5623
f 5623 5666 5667
f 5623 5667 5624
f 5624 5667 5668
f 5624 5668 5626
f 5626 5668 5669
f 5626 5669 5621
f 5670 5512 5511
f 5511 5619 5670
f 5670 5619 5622
f 5670 5622 5669
f 5669 5622 5621
f 5671 5672 5673
f 5671 5673 5674
f 5673 5675 5674
f 5674 5675 5676
f 5674 5676 5677
f 5677 5676 5678
f 5677 5678 5679
f 5679 5678 5680
f 5679 5680 5681
f 5681 5680 5682
f 5681 5682 5683
f 5683 5682 5684
f 5683 5684 5685
f 5685 5684 5686
f 5685 5686 5687
f 5687 5686 5688
f 5687 5688 5689
f 5689 5688 5690
f 5689 5690 5691
f 5692 5693 5694
f 5695 5696 5697
f 5698 5699 5700
f 5700 5699 5701
f 5699 5702 5701
f 5701 5702 5703
f 5701 5703 5704
f 5704 5703 5694
f 5704 5694 5705
f 5705 5694 5693
f 5705 5693 5706
f 5707 5706 5708
f 5708 5706 5693
f 5708 5693 5709
f 5709 5693 5692
f 5709 5692 5710
f 5710 5692 5711
f 5712 5713 5714
f 5714 5713 5715
f 5714 5715 5716
f 5717 5684 5718
f 5718 5684 5682
f 5718 5682 5719
f 5719 5682 5680
f 5719 5680 5720
f 5720 5680 5678
f 5720 5678 5721
f 5721 5678 5676
f 5721 5676 5722
f 5722 5676 5675
f 5690 5688 5723
f 5723 5688 5724
f 5723 5724 5725
f 5725 5724 5726
f 5725 5726 5727
f 5728 5729 5730
f 5730 5729 5695
f 5730 5695 5731
f 5731 5695 5697
f 5728 5727 5729
f 5729 5727 5726
f 5729 5726 5732
f 5732 5726 5724
f 5715 5711 5716
f 5716 5711 5692
f 5716 5692 5733
f 5733 5692 5694
f 5733 5694 5734
f 5734 5694 5703
f 5734 5703 5735
f 5735 5703 5702
f 5735 5702 5736
f 5736 5702 5699
f 5736 5699 5737
f 5737 5699 5698
f 5672 5712 5673
f 5673 5712 5714
f 5673 5714 5738
f 5738 5714 5716
f 5738 5716 5739
f 5739 5716 5733
f 5739 5733 5740
f 5740 5733 5734
f 5740 5734 5741
f 5741 5734 5735
f 5741 5735 5742
f 5742 5735 5736
f 5742 5736 5743
f 5743 5736 5737
f 5688 5686 5724
f 5724 5686 5744
f 5724 5744 5732
f 5732 5744 5743
f 5732 5743 5729
f 5729 5743 5737
f 5729 5737 5695
f 5695 5737 5698
f 5695 5698 5696
f 5696 5698 5700
f 5686 5684 5744
f 5744 5684 5717
f 5744 5717 5743
f 5743 5717 5718
f 5743 5718 5742
f 5742 5718 5719
f 5742 5719 5741
f 5741 5719 5720
f 5741 5720 5740
f 5740 5720 5721
f 5740 5721 5739
f 5739 5721 5722
f 5739 5722 5738
f 5738 5722 5675
f 5738 5675 5673
f 5745 5746 5747
f 5705 5706 5707
f 5701 5704 5747
f 5747 5704 5705
f 5697 5696 5747
f 5747 5696 5700
f 5747 5700 5701
f 5748 5697 5749
f 5749 5697 5747
f 5749 5747 5750
f 5750 5747 5746
f 5705 5707 5747
f 5747 5707 5751
f 5747 5751 5745
f 5752 5753 5754
f 5755 5756 5757
f 5758 5759 5752
f 5753 5752 5725
f 5751 5707 5708
f 5760 5730 5731
f 5746 5761 5750
f 5750 5761 5762
f 5750 5762 5749
f 5749 5762 5760
f 5749 5760 5748
f 5748 5760 5731
f 5748 5731 5697
f 5727 5728 5763
f 5763 5728 5764
f 5763 5764 5765
f 5725 5752 5723
f 5723 5752 5759
f 5723 5759 5690
f 5766 5767 5758
f 5768 5769 5766
f 5766 5769 5770
f 5766 5770 5767
f 5757 5756 5771
f 5756 5772 5771
f 5771 5772 5773
f 5771 5773 5768
f 5768 5773 5774
f 5768 5774 5769
f 5755 5757 5775
f 5775 5757 5776
f 5775 5776 5777
f 5777 5776 5778
f 5777 5778 5779
f 5780 5713 5712
f 5781 5710 5711
f 5728 5730 5764
f 5764 5730 5760
f 5764 5760 5765
f 5765 5760 5762
f 5765 5762 5782
f 5782 5762 5761
f 5709 5710 5783
f 5783 5710 5781
f 5783 5781 5784
f 5785 5786 5787
f 5787 5784 5785
f 5785 5784 5781
f 5785 5781 5788
f 5788 5781 5711
f 5788 5711 5715
f 5789 5790 5791
f 5791 5790 5792
f 5791 5792 5793
f 5793 5792 5794
f 5790 5786 5792
f 5792 5786 5785
f 5792 5785 5794
f 5794 5785 5788
f 5794 5788 5780
f 5780 5788 5715
f 5780 5715 5713
f 5725 5727 5753
f 5753 5727 5763
f 5753 5763 5754
f 5754 5763 5765
f 5754 5765 5795
f 5795 5765 5782
f 5795 5782 5796
f 5796 5782 5761
f 5796 5761 5797
f 5797 5761 5746
f 5797 5746 5745
f 5672 5779 5712
f 5712 5779 5778
f 5712 5778 5780
f 5780 5778 5776
f 5780 5776 5794
f 5794 5776 5757
f 5794 5757 5793
f 5793 5757 5771
f 5793 5771 5791
f 5791 5771 5768
f 5791 5768 5789
f 5789 5768 5766
f 5758 5752 5766
f 5766 5752 5754
f 5766 5754 5789
f 5789 5754 5795
f 5789 5795 5790
f 5790 5795 5796
f 5790 5796 5786
f 5786 5796 5797
f 5786 5797 5787
f 5787 5797 5745
f 5787 5745 5784
f 5784 5745 5751
f 5784 5751 5783
f 5783 5751 5708
f 5783 5708 5709
f 5798 5691 5690
f 5690 5759 5798
f 5798 5759 5758
f 5798 5758 5799
f 5758 5767 5799
f 5799 5767 5770
f 5799 5770 5800
f 5800 5770 5769
f 5800 5769 5801
f 5801 5769 5774
f 5801 5774 5802
f 5774 5773 5802
f 5802 5773 5772
f 5802 5772 5803
f 5803 5772 5756
f 5671 5804 5672
f 5672 5804 5805
f 5672 5805 5779
f 5779 5805 5806
f 5779 5806 5777
f 5777 5806 5807
f 5777 5807 5775
f 5775 5807 5803
f 5775 5803 5755
f 5755 5803 5756
f 5808 5809 5810
f 5811 5808 5812
f 5812 5808 5810
f 5812 5810 5813
f 5813 5810 5814
f 5815 5816 5817
f 5815 5817 5818
f 5818 5817 5819
f 5818 5819 5820
f 5820 5819 5821
f 5820 5821 5822
f 5823 5824 5825
f 5825 5824 5826
f 5826 5827 5825
f 5825 5827 5828
f 5825 5828 5822
f 5822 5828 5829
f 5822 5829 5820
f 5830 5831 5832
f 5832 5831 5833
f 5832 5833 5834
f 5811 5835 5808
f 5808 5835 5836
f 5808 5836 5837
f 5837 5836 5838
f 5839 5830 5838
f 5838 5830 5832
f 5838 5832 5837
f 5837 5832 5834
f 5837 5834 5808
f 5808 5834 5840
f 5808 5840 5809
f 5816 5814 5817
f 5817 5814 5810
f 5817 5810 5819
f 5819 5810 5809
f 5819 5809 5821
f 5821 5809 5840
f 5821 5840 5822
f 5822 5840 5834
f 5822 5834 5825
f 5825 5834 5833
f 5825 5833 5823
f 5823 5833 5831
f 5841 5842 5843
f 5844 5845 5846
f 5813 5847 5845
f 5813 5845 5812
f 5812 5845 5844
f 5812 5844 5811
f 5848 5849 5850
f 5850 5849 5851
f 5850 5851 5852
f 5853 5854 5855
f 5855 5854 5856
f 5855 5856 5857
f 5814 5816 5858
f 5858 5816 5815
f 5858 5815 5859
f 5859 5815 5860
f 5859 5860 5861
f 5861 5860 5862
f 5861 5862 5863
f 5863 5862 5864
f 5863 5864 5856
f 5856 5864 5865
f 5856 5865 5857
f 5842 5851 5843
f 5843 5851 5849
f 5843 5849 5846
f 5846 5849 5848
f 5846 5848 5844
f 5847 5866 5845
f 5845 5866 5867
f 5845 5867 5846
f 5846 5867 5868
f 5846 5868 5843
f 5813 5814 5847
f 5847 5814 5858
f 5847 5858 5866
f 5866 5858 5859
f 5866 5859 5867
f 5867 5859 5861
f 5867 5861 5868
f 5868 5861 5863
f 5868 5863 5843
f 5843 5863 5856
f 5843 5856 5841
f 5841 5856 5854
f 5850 5852 5869
f 5869 5852 5870
f 5870 5871 5869
f 5869 5871 5872
f 5869 5872 5873
f 5811 5844 5869
f 5869 5844 5848
f 5869 5848 5850
f 5835 5811 5869
f 5836 5835 5838
f 5838 5835 5869
f 5838 5869 5839
f 5839 5869 5874
f 5873 5875 5869
f 5869 5875 5876
f 5869 5876 5874
f 5877 5878 5879
f 5880 5881 5882
f 5883 5884 5885
f 5830 5886 5887
f 5888 5889 5890
f 5890 5889 5891
f 5890 5891 5892
f 5892 5891 5893
f 5892 5893 5894
f 5894 5893 5895
f 5894 5895 5896
f 5896 5895 5897
f 5896 5897 5898
f 5898 5897 5875
f 5898 5875 5873
f 5830 5887 5831
f 5831 5887 5885
f 5831 5885 5823
f 5823 5885 5824
f 5824 5885 5884
f 5824 5884 5826
f 5886 5899 5887
f 5887 5899 5900
f 5887 5900 5885
f 5885 5900 5882
f 5885 5882 5883
f 5883 5882 5881
f 5899 5901 5900
f 5900 5901 5902
f 5900 5902 5882
f 5882 5902 5879
f 5882 5879 5880
f 5880 5879 5878
f 5891 5877 5893
f 5893 5877 5879
f 5893 5879 5895
f 5895 5879 5902
f 5895 5902 5897
f 5897 5902 5901
f 5897 5901 5875
f 5875 5901 5899
f 5875 5899 5876
f 5876 5899 5886
f 5876 5886 5874
f 5874 5886 5830
f 5874 5830 5839
f 5854 5853 5903
f 5904 5896 5898
f 5890 5892 5905
f 5905 5892 5894
f 5906 5888 5890
f 5906 5890 5907
f 5907 5890 5905
f 5907 5905 5908
f 5908 5905 5909
f 5908 5909 5910
f 5910 5909 5911
f 5910 5911 5912
f 5841 5854 5913
f 5913 5854 5903
f 5913 5903 5911
f 5911 5903 5914
f 5911 5914 5912
f 5915 5842 5841
f 5842 5916 5851
f 5851 5916 5870
f 5851 5870 5852
f 5873 5872 5917
f 5917 5872 5871
f 5917 5871 5918
f 5918 5871 5870
f 5918 5870 5919
f 5919 5870 5916
f 5842 5915 5916
f 5916 5915 5920
f 5916 5920 5919
f 5919 5920 5921
f 5919 5921 5918
f 5918 5921 5904
f 5918 5904 5917
f 5917 5904 5898
f 5917 5898 5873
f 5841 5913 5915
f 5915 5913 5911
f 5915 5911 5920
f 5920 5911 5909
f 5920 5909 5921
f 5921 5909 5905
f 5921 5905 5904
f 5904 5905 5894
f 5904 5894 5896
f 5922 5888 5906
f 5922 5906 5923
f 5906 5907 5923
f 5923 5907 5908
f 5923 5908 5924
f 5924 5908 5910
f 5910 5912 5924
f 5924 5912 5914
f 5924 5914 5925
f 5914 5903 5925
f 5925 5903 5853
f 5925 5853 5926
f 5826 5927 5928
f 5889 5888 5922
f 5889 5922 5891
f 5891 5922 5929
f 5891 5929 5877
f 5877 5929 5930
f 5877 5930 5878
f 5927 5881 5930
f 5930 5881 5880
f 5930 5880 5878
f 5826 5884 5927
f 5927 5884 5883
f 5927 5883 5881
f 5815 5818 5931
f 5931 5818 5932
f 5932 5818 5933
f 5933 5818 5820
f 5933 5820 5934
f 5820 5829 5934
f 5934 5829 5828
f 5934 5828 5935
f 5828 5827 5935
f 5935 5827 5826
f 5935 5826 5928
f 5855 5936 5853
f 5853 5936 5937
f 5853 5937 5926
f 5855 5857 5936
f 5936 5857 5865
f 5936 5865 5938
f 5865 5864 5938
f 5938 5864 5862
f 5938 5862 5939
f 5939 5862 5860
f 5939 5860 5940
f 5940 5860 5815
f 5940 5815 5931
f 5941 5942 5943
f 5944 5945 5946
f 5947 5948 5949
f 5950 5948 5951
f 5951 5948 5947
f 5951 5947 5952
f 5952 5947 5953
f 5952 5953 5954
f 5954 5953 5955
f 5954 5955 5956
f 5956 5955 5957
f 5957 5955 5943
f 5957 5943 5958
f 5958 5943 5959
f 5959 5943 5942
f 5959 5942 5960
f 5961 5962 5941
f 5963 5964 5962
f 5965 5966 5967
f 5946 5945 5968
f 5968 5945 5969
f 5968 5969 5970
f 5970 5969 5965
f 5970 5965 5963
f 5963 5965 5967
f 5963 5967 5964
f 5962 5961 5963
f 5963 5961 5971
f 5963 5971 5970
f 5970 5971 5972
f 5970 5972 5968
f 5968 5972 5973
f 5968 5973 5946
f 5946 5973 5974
f 5946 5974 5944
f 5941 5943 5961
f 5961 5943 5955
f 5961 5955 5971
f 5971 5955 5953
f 5971 5953 5972
f 5972 5953 5947
f 5972 5947 5973
f 5973 5947 5949
f 5973 5949 5974
f 5975 5948 5950
f 5976 5949 5948
f 5949 5977 5974
f 5974 5977 5978
f 5974 5978 5944
f 5977 5979 5978
f 5978 5979 5980
f 5978 5980 5981
f 5981 5980 5982
f 5981 5982 5983
f 5984 5985 5986
f 5987 5988 5989
f 5990 5991 5992
f 5992 5991 5993
f 5992 5993 5987
f 5987 5993 5994
f 5987 5994 5988
f 5988 5994 5995
f 5988 5995 5996
f 5950 5997 5975
f 5975 5997 5998
f 5975 5998 5990
f 5990 5998 5999
f 5990 5999 5991
f 5949 5976 5977
f 5977 5976 6000
f 5977 6000 5979
f 5979 6000 6001
f 5979 6001 5980
f 5980 6001 5984
f 5980 5984 5982
f 5982 5984 5986
f 5982 5986 5983
f 5983 5986 6002
f 5983 6002 6003
f 5948 5975 5976
f 5976 5975 5990
f 5976 5990 6000
f 6000 5990 5992
f 6000 5992 6001
f 6001 5992 5987
f 6001 5987 5984
f 5984 5987 5989
f 5984 5989 5985
f 5983 6003 6004
f 6004 6003 6005
f 6005 6006 6004
f 6004 6006 6007
f 6004 6007 6008
f 5944 5978 6004
f 6004 5978 5981
f 6004 5981 5983
f 6004 5966 5965
f 5965 5969 6004
f 6004 5969 5945
f 6004 5945 5944
f 6004 6008 6009
f 6009 6010 6004
f 6004 6010 6011
f 6004 6011 5966
f 6012 6013 6014
f 6014 6013 6015
f 6014 6015 6016
f 6017 6018 6016
f 6009 6008 6019
f 5967 5966 6020
f 6020 5966 6011
f 6020 6011 6021
f 6021 6011 6010
f 6021 6010 6022
f 6022 6010 6009
f 6022 6009 6023
f 6023 6009 6019
f 6023 6019 6018
f 5942 5941 6024
f 6024 5941 5962
f 5960 5942 6025
f 6025 5942 6024
f 6025 6024 6026
f 6026 6024 6027
f 6028 6029 6027
f 6027 6029 6030
f 6027 6030 6026
f 6013 6031 6015
f 6015 6031 6032
f 6015 6032 6028
f 6028 6032 6033
f 6028 6033 6029
f 6018 6017 6023
f 6023 6017 6034
f 6023 6034 6022
f 6022 6034 6035
f 6022 6035 6021
f 6021 6035 6036
f 6021 6036 6020
f 6020 6036 5964
f 6020 5964 5967
f 6016 6015 6017
f 6017 6015 6028
f 6017 6028 6034
f 6034 6028 6027
f 6034 6027 6035
f 6035 6027 6024
f 6035 6024 6036
f 6036 6024 5962
f 6036 5962 5964
f 6037 6018 6019
f 6038 6014 6016
f 6039 6012 6014
f 6039 6014 6040
f 6040 6014 6038
f 6040 6038 6041
f 6041 6038 6042
f 6041 6042 6043
f 6043 6042 6044
f 6043 6044 6045
f 6046 5989 5988
f 6045 6044 6047
f 6047 6044 6046
f 6047 6046 6048
f 6048 6046 5988
f 6048 5988 5996
f 6049 5985 5989
f 6050 5986 5985
f 6008 6007 6051
f 6051 6007 6006
f 6051 6006 6052
f 6052 6006 6005
f 6052 6005 6053
f 6053 6005 6003
f 6053 6003 6050
f 6050 6003 6002
f 6050 6002 5986
f 5985 6049 6050
f 6050 6049 6054
f 6050 6054 6053
f 6053 6054 6055
f 6053 6055 6052
f 6052 6055 6037
f 6052 6037 6051
f 6051 6037 6019
f 6051 6019 6008
f 5989 6046 6049
f 6049 6046 6044
f 6049 6044 6054
f 6054 6044 6042
f 6054 6042 6055
f 6055 6042 6038
f 6055 6038 6037
f 6037 6038 6016
f 6037 6016 6018
f 6056 6057 6047
f 6058 6012 6039
f 6058 6039 6059
f 6059 6039 6040
f 6059 6040 6060
f 6060 6040 6041
f 6060 6041 6061
f 6061 6041 6043
f 6061 6043 6057
f 6057 6043 6045
f 6057 6045 6047
f 6056 6047 6062
f 6062 6047 6048
f 6062 6048 5996
f 6013 6012 6058
f 6013 6058 6031
f 6031 6058 6063
f 6031 6063 6032
f 6032 6063 6064
f 6032 6064 6033
f 5960 6025 6065
f 6065 6025 6026
f 6065 6026 6066
f 6066 6026 6030
f 6066 6030 6064
f 6064 6030 6029
f 6064 6029 6033
f 5950 6067 6068
f 5950 5951 6067
f 6067 5951 5952
f 6067 5952 6069
f 6069 5952 5954
f 6069 5954 6070
f 6070 5954 5956
f 6070 5956 6071
f 6071 5956 5957
f 6071 5957 6072
f 5960 6065 5959
f 5959 6065 6072
f 5959 6072 5958
f 5958 6072 5957
f 5993 5991 6073
f 5998 5997 6074
f 6074 5997 5950
f 6074 5950 6068
f 6073 5991 6074
f 6074 5991 5999
f 6074 5999 5998
f 5993 6073 5994
f 5994 6073 6075
f 5994 6075 5995
f 5995 6075 6062
f 5995 6062 5996
f 6076 6077 6078
f 6078 6077 6079
f 6080 6081 6082
f 6083 6084 6085
f 6084 6083 6086
f 6087 6086 6088
f 6088 6086 6083
f 6088 6083 6089
f 6089 6083 6085
f 6089 6085 6090
f 6078 6079 6080
f 6080 6079 6091
f 6080 6091 6081
f 6092 6093 6084
f 6082 6092 6080
f 6080 6092 6084
f 6080 6084 6078
f 6078 6084 6086
f 6078 6086 6076
f 6092 6094 6095
f 6092 6095 6093
f 6093 6095 6096
f 6093 6096 6084
f 6084 6096 6097
f 6084 6097 6085
f 6097 6098 6085
f 6085 6098 6099
f 6085 6099 6090
f 6100 6101 6102
f 6103 6104 6105
f 6106 6107 6104
f 6104 6107 6108
f 6109 6110 6103
f 6103 6110 6111
f 6103 6111 6104
f 6104 6111 6112
f 6104 6112 6106
f 6113 6114 6115
f 6115 6114 6116
f 6115 6116 6117
f 6117 6116 6118
f 6117 6118 6109
f 6109 6118 6119
f 6109 6119 6110
f 6120 6121 6122
f 6122 6121 6123
f 6122 6123 6115
f 6115 6123 6124
f 6115 6124 6113
f 6120 6122 6125
f 6125 6122 6126
f 6125 6126 6127
f 6127 6126 6128
f 6127 6128 6129
f 6130 6131 6132
f 6129 6128 6133
f 6133 6128 6134
f 6133 6134 6135
f 6135 6134 6130
f 6135 6130 6136
f 6136 6130 6132
f 6136 6132 6137
f 6138 6139 6131
f 6094 6092 6140
f 6140 6092 6082
f 6140 6082 6141
f 6141 6082 6081
f 6141 6081 6142
f 6142 6081 6143
f 6142 6143 6144
f 6089 6090 6145
f 6145 6090 6099
f 6145 6099 6146
f 6146 6099 6098
f 6146 6098 6147
f 6147 6098 6097
f 6147 6097 6148
f 6148 6097 6096
f 6148 6096 6149
f 6149 6096 6095
f 6149 6095 6150
f 6150 6095 6094
f 6150 6094 6151
f 6151 6094 6140
f 6151 6140 6152
f 6152 6140 6141
f 6152 6141 6153
f 6153 6141 6142
f 6153 6142 6154
f 6154 6142 6144
f 6154 6144 6139
f 6139 6138 6154
f 6154 6138 6155
f 6154 6155 6153
f 6153 6155 6156
f 6153 6156 6152
f 6152 6156 6157
f 6152 6157 6151
f 6151 6157 6158
f 6151 6158 6150
f 6150 6158 6159
f 6150 6159 6149
f 6149 6159 6160
f 6149 6160 6148
f 6148 6160 6161
f 6148 6161 6147
f 6147 6161 6100
f 6147 6100 6146
f 6146 6100 6102
f 6146 6102 6145
f 6131 6130 6138
f 6138 6130 6134
f 6138 6134 6155
f 6155 6134 6128
f 6155 6128 6156
f 6156 6128 6126
f 6156 6126 6157
f 6157 6126 6122
f 6157 6122 6158
f 6158 6122 6115
f 6158 6115 6159
f 6159 6115 6117
f 6159 6117 6160
f 6160 6117 6109
f 6160 6109 6161
f 6161 6109 6103
f 6161 6103 6100
f 6100 6103 6105
f 6100 6105 6101
f 6162 6108 6107
f 6162 6107 6163
f 6163 6107 6106
f 6163 6106 6112
f 6163 6112 6164
f 6164 6112 6111
f 6164 6111 6165
f 6165 6111 6110
f 6165 6110 6166
f 6110 6119 6166
f 6166 6119 6118
f 6166 6118 6167
f 6167 6118 6116
f 6167 6116 6168
f 6168 6116 6114
f 6168 6114 6113
f 6113 6124 6168
f 6168 6124 6123
f 6168 6123 6169
f 6169 6123 6121
f 6127 6170 6125
f 6125 6170 6169
f 6125 6169 6120
f 6120 6169 6121
f 6127 6129 6170
f 6170 6129 6133
f 6170 6133 6171
f 6171 6133 6135
f 6171 6135 6172
f 6172 6135 6173
f 6173 6135 6136
f 6173 6136 6137
f 6174 6175 6176
f 6174 6177 6175
f 6175 6177 6178
f 6175 6178 6179
f 6179 6178 6180
f 6179 6180 6181
f 6181 6182 6179
f 6179 6182 6108
f 6179 6108 6162
f 6177 6183 6178
f 6178 6183 6184
f 6178 6184 6180
f 6185 6105 6104
f 6180 6184 6181
f 6181 6184 6185
f 6181 6185 6182
f 6182 6185 6104
f 6182 6104 6108
f 6186 6102 6101
f 6102 6187 6145
f 6145 6187 6088
f 6145 6088 6089
f 6187 6188 6088
f 6088 6188 6189
f 6088 6189 6087
f 6076 6086 6190
f 6190 6086 6191
f 6190 6191 6192
f 6192 6183 6193
f 6193 6183 6177
f 6193 6177 6174
f 6102 6186 6187
f 6187 6186 6194
f 6187 6194 6188
f 6188 6194 6195
f 6188 6195 6189
f 6086 6087 6191
f 6191 6087 6189
f 6191 6189 6192
f 6192 6189 6195
f 6192 6195 6183
f 6183 6195 6194
f 6183 6194 6184
f 6184 6194 6186
f 6184 6186 6185
f 6185 6186 6101
f 6185 6101 6105
f 6196 6197 6198
f 6198 6197 6199
f 6198 6199 6200
f 6201 6202 6203
f 6204 6205 6206
f 6206 6205 6202
f 6206 6202 6207
f 6207 6202 6201
f 6207 6201 6208
f 6208 6201 6209
f 6209 6201 6210
f 6209 6210 6211
f 6211 6210 6212
f 6211 6212 6213
f 6213 6212 6214
f 6214 6212 6215
f 6214 6215 6216
f 6217 6192 6193
f 6199 6079 6200
f 6200 6079 6077
f 6200 6077 6218
f 6218 6077 6076
f 6218 6076 6219
f 6219 6076 6190
f 6219 6190 6192
f 6192 6217 6219
f 6219 6217 6220
f 6219 6220 6218
f 6218 6220 6221
f 6218 6221 6200
f 6200 6221 6222
f 6200 6222 6198
f 6198 6222 6223
f 6198 6223 6196
f 6174 6216 6193
f 6193 6216 6215
f 6193 6215 6217
f 6217 6215 6212
f 6217 6212 6220
f 6220 6212 6210
f 6220 6210 6221
f 6221 6210 6201
f 6221 6201 6222
f 6222 6201 6203
f 6222 6203 6223
f 6204 6224 6225
f 6204 6225 6205
f 6205 6225 6226
f 6205 6226 6202
f 6202 6226 6203
f 6203 6226 6227
f 6203 6227 6223
f 6223 6227 6196
f 6196 6227 6228
f 6196 6228 6197
f 6091 6079 6199
f 6143 6081 6091
f 6199 6197 6091
f 6091 6197 6228
f 6091 6228 6143
f 6143 6228 6227
f 6143 6227 6144
f 6144 6227 6226
f 6144 6226 6139
f 6139 6226 6131
f 6131 6226 6225
f 6131 6225 6132
f 6132 6225 6224
f 6132 6224 6137
f 6204 6229 6224
f 6224 6229 6230
f 6224 6230 6137
f 6137 6230 6173
f 6204 6206 6229
f 6229 6206 6207
f 6229 6207 6231
f 6207 6208 6231
f 6231 6208 6209
f 6231 6209 6232
f 6232 6209 6211
f 6232 6211 6233
f 6233 6211 6213
f 6233 6213 6234
f 6174 6176 6216
f 6216 6176 6234
f 6216 6234 6214
f 6214 6234 6213
f 6235 6236 6237
f 6237 6236 6238
f 6237 6238 6239
f 6240 6241 6242
f 6242 6241 6243
f 6242 6243 6244
f 6245 6246 6247
f 6247 6246 6248
f 6247 6248 6249
f 6249 6248 6250
f 6251 6241 6235
f 6235 6241 6240
f 6235 6240 6236
f 6251 6252 6241
f 6241 6252 6248
f 6241 6248 6243
f 6243 6248 6246
f 6243 6246 6244
f 6239 6253 6237
f 6237 6253 6254
f 6237 6254 6235
f 6235 6254 6255
f 6235 6255 6251
f 6256 6257 6258
f 6258 6257 6259
f 6259 6257 6260
f 6260 6257 6261
f 6260 6261 6262
f 6261 6263 6262
f 6262 6263 6264
f 6262 6264 6265
f 6265 6264 6266
f 6267 6268 6256
f 6256 6268 6269
f 6256 6269 6257
f 6257 6269 6270
f 6257 6270 6261
f 6261 6270 6271
f 6261 6271 6263
f 6263 6271 6272
f 6263 6272 6273
f 6274 6267 6275
f 6275 6267 6256
f 6275 6256 6276
f 6276 6256 6258
f 6246 6245 6277
f 6260 6262 6278
f 6265 6266 6279
f 6265 6279 6262
f 6260 6278 6259
f 6259 6280 6258
f 6258 6280 6281
f 6258 6281 6276
f 6280 6282 6281
f 6281 6282 6283
f 6281 6283 6284
f 6284 6283 6285
f 6284 6285 6286
f 6285 6287 6286
f 6286 6287 6288
f 6286 6288 6289
f 6289 6288 6290
f 6289 6290 6277
f 6277 6290 6244
f 6277 6244 6246
f 6291 6240 6242
f 6292 6238 6236
f 6239 6238 6293
f 6293 6238 6292
f 6293 6292 6294
f 6295 6296 6294
f 6294 6296 6297
f 6294 6297 6293
f 6298 6299 6300
f 6300 6299 6295
f 6300 6295 6301
f 6301 6295 6294
f 6262 6279 6278
f 6278 6279 6302
f 6278 6302 6303
f 6303 6302 6304
f 6303 6304 6298
f 6298 6304 6305
f 6298 6305 6299
f 6259 6306 6280
f 6280 6306 6307
f 6280 6307 6282
f 6282 6307 6308
f 6282 6308 6283
f 6283 6308 6309
f 6283 6309 6285
f 6285 6309 6310
f 6285 6310 6287
f 6287 6310 6311
f 6287 6311 6288
f 6288 6311 6291
f 6288 6291 6290
f 6290 6291 6242
f 6290 6242 6244
f 6259 6278 6306
f 6306 6278 6303
f 6306 6303 6307
f 6307 6303 6298
f 6307 6298 6308
f 6308 6298 6300
f 6308 6300 6309
f 6309 6300 6301
f 6309 6301 6310
f 6310 6301 6294
f 6310 6294 6311
f 6311 6294 6292
f 6311 6292 6291
f 6291 6292 6236
f 6291 6236 6240
f 6277 6245 6312
f 6312 6276 6281
f 6289 6277 6286
f 6286 6277 6312
f 6286 6312 6284
f 6284 6312 6281
f 6275 6276 6312
f 6313 6314 6312
f 6312 6314 6315
f 6315 6316 6312
f 6312 6316 6274
f 6312 6274 6275
f 6245 6247 6312
f 6312 6247 6249
f 6312 6249 6250
f 6250 6317 6312
f 6312 6317 6318
f 6312 6318 6313
f 6251 6255 6319
f 6269 6268 6320
f 6250 6248 6321
f 6322 6318 6317
f 6322 6323 6318
f 6318 6323 6324
f 6318 6324 6313
f 6313 6324 6325
f 6313 6325 6314
f 6314 6325 6326
f 6314 6326 6315
f 6315 6326 6327
f 6315 6327 6316
f 6316 6327 6267
f 6316 6267 6274
f 6328 6273 6272
f 6329 6330 6331
f 6331 6330 6328
f 6331 6328 6332
f 6332 6328 6272
f 6332 6272 6271
f 6254 6253 6333
f 6334 6252 6251
f 6268 6267 6320
f 6320 6267 6327
f 6320 6327 6335
f 6335 6327 6326
f 6335 6326 6336
f 6336 6326 6325
f 6336 6325 6337
f 6337 6325 6324
f 6337 6324 6338
f 6338 6324 6323
f 6338 6323 6339
f 6339 6323 6322
f 6339 6322 6321
f 6321 6322 6317
f 6321 6317 6250
f 6248 6252 6321
f 6321 6252 6334
f 6321 6334 6339
f 6339 6334 6340
f 6339 6340 6338
f 6338 6340 6341
f 6338 6341 6337
f 6337 6341 6342
f 6337 6342 6336
f 6336 6342 6343
f 6336 6343 6335
f 6335 6343 6344
f 6335 6344 6320
f 6320 6344 6345
f 6320 6345 6269
f 6269 6345 6270
f 6255 6254 6319
f 6319 6254 6346
f 6319 6346 6347
f 6347 6346 6348
f 6347 6348 6349
f 6251 6319 6334
f 6334 6319 6347
f 6334 6347 6340
f 6340 6347 6349
f 6340 6349 6341
f 6341 6349 6350
f 6341 6350 6342
f 6342 6350 6351
f 6342 6351 6343
f 6343 6351 6352
f 6343 6352 6344
f 6344 6352 6353
f 6344 6353 6345
f 6345 6353 6354
f 6345 6354 6270
f 6254 6333 6346
f 6346 6333 6355
f 6346 6355 6348
f 6348 6355 6356
f 6348 6356 6349
f 6349 6356 6357
f 6349 6357 6350
f 6350 6357 6358
f 6350 6358 6351
f 6351 6358 6329
f 6351 6329 6352
f 6352 6329 6331
f 6352 6331 6353
f 6353 6331 6332
f 6353 6332 6354
f 6354 6332 6271
f 6354 6271 6270
f 6333 6253 6359
f 6333 6359 6355
f 6359 6360 6355
f 6355 6360 6361
f 6355 6361 6356
f 6356 6361 6362
f 6356 6362 6357
f 6357 6362 6363
f 6357 6363 6358
f 6358 6363 6364
f 6358 6364 6329
f 6329 6364 6365
f 6329 6365 6330
f 6365 6366 6330
f 6330 6366 6367
f 6330 6367 6328
f 6367 6368 6328
f 6328 6368 6369
f 6328 6369 6273
f 6273 6369 6370
f 6273 6370 6371
f 6372 6373 6266
f 6273 6371 6263
f 6263 6371 6372
f 6263 6372 6264
f 6264 6372 6266
f 6295 6374 6375
f 6376 6279 6373
f 6373 6279 6266
f 6295 6299 6374
f 6374 6299 6305
f 6374 6305 6377
f 6377 6305 6304
f 6377 6304 6376
f 6376 6304 6302
f 6376 6302 6279
f 6293 6297 6375
f 6375 6297 6296
f 6375 6296 6295
f 6375 6378 6293
f 6293 6378 6379
f 6293 6379 6239
f 6253 6239 6359
f 6359 6239 6379
f 6380 6381 6382
f 6383 6384 6385
f 6386 6387 6381
f 6381 6387 6388
f 6381 6388 6382
f 6382 6388 6389
f 6382 6389 6390
f 6391 6392 6380
f 6380 6392 6393
f 6380 6393 6381
f 6381 6393 6394
f 6381 6394 6386
f 6395 6396 6397
f 6395 6397 6398
f 6398 6397 6399
f 6398 6399 6400
f 6400 6399 6401
f 6400 6401 6402
f 6402 6401 6403
f 6402 6403 6404
f 6404 6403 6405
f 6404 6405 6406
f 6390 6407 6382
f 6382 6407 6408
f 6382 6408 6380
f 6380 6408 6404
f 6380 6404 6391
f 6391 6404 6406
f 6409 6410 6411
f 6411 6410 6412
f 6412 6410 6413
f 6412 6413 6414
f 6414 6413 6415
f 6414 6415 6416
f 6416 6415 6417
f 6416 6417 6418
f 6407 6409 6408
f 6408 6409 6411
f 6408 6411 6404
f 6404 6411 6412
f 6404 6412 6402
f 6402 6412 6414
f 6402 6414 6400
f 6400 6414 6416
f 6400 6416 6398
f 6398 6416 6418
f 6398 6418 6395
f 6419 6395 6384
f 6384 6395 6418
f 6384 6418 6385
f 6385 6418 6417
f 6385 6417 6383
f 6383 6417 6415
f 6383 6415 6420
f 6420 6415 6413
f 6420 6413 6421
f 6421 6413 6410
f 6421 6410 6422
f 6422 6410 6409
f 6422 6409 6423
f 6423 6409 6407
f 6423 6407 6424
f 6424 6407 6390
f 6424 6390 6425
f 6425 6390 6389
f 6426 6373 6427
f 6428 6424 6425
f 6420 6421 6429
f 6429 6430 6420
f 6420 6430 6431
f 6420 6431 6383
f 6383 6431 6384
f 6384 6431 6432
f 6384 6432 6419
f 6360 6359 6431
f 6431 6359 6379
f 6431 6379 6432
f 6364 6363 6433
f 6366 6365 6434
f 6363 6362 6433
f 6433 6362 6361
f 6433 6361 6435
f 6373 6372 6427
f 6427 6372 6371
f 6427 6371 6436
f 6436 6371 6370
f 6370 6369 6436
f 6436 6369 6368
f 6436 6368 6434
f 6434 6368 6367
f 6434 6367 6366
f 6233 6234 6427
f 6426 6427 6437
f 6437 6427 6234
f 6437 6234 6176
f 6073 6074 6438
f 6232 6439 6231
f 6231 6439 6073
f 6231 6073 6229
f 6229 6073 6438
f 6074 6068 6438
f 6438 6068 6440
f 6438 6440 6441
f 6442 6062 6439
f 6439 6062 6075
f 6439 6075 6073
f 6058 6059 6443
f 6443 6059 6060
f 6060 6061 6443
f 6443 6061 6057
f 6443 6057 6442
f 6442 6057 6056
f 6442 6056 6062
f 5662 5663 6058
f 6058 5663 5664
f 6058 5664 6444
f 5521 5931 5524
f 5524 5931 6444
f 5524 6444 5661
f 5661 6444 5664
f 5519 5936 5521
f 5521 5936 5938
f 5938 5939 5521
f 5521 5939 5940
f 5521 5940 5931
f 5519 5517 5936
f 5936 5517 5516
f 5936 5516 6445
f 5516 5506 6445
f 6445 5506 5508
f 6445 5508 6446
f 5924 5925 6447
f 6447 5925 5926
f 6447 5926 6445
f 6445 5926 5937
f 6445 5937 5936
f 5922 5923 6448
f 6448 5923 6449
f 6448 6449 6450
f 5923 5924 6449
f 6449 5924 6447
f 6449 6447 6451
f 6451 6447 6452
f 6447 5677 6452
f 6452 5677 5679
f 6452 5679 6453
f 6453 5679 5681
f 6453 5681 6454
f 6425 6455 6428
f 6428 6455 6456
f 6428 6456 6457
f 6457 6456 6454
f 5805 5804 6445
f 6445 5804 5671
f 6445 5671 6447
f 6447 5671 5674
f 6447 5674 5677
f 6458 5800 5801
f 5802 5803 6446
f 6446 5803 5807
f 6446 5807 6445
f 6445 5807 5806
f 6445 5806 5805
f 5683 5685 6459
f 6459 5685 5687
f 5687 5689 6459
f 6459 5689 5691
f 6459 5691 6460
f 6460 5691 5798
f 5667 5666 6443
f 6443 5666 5660
f 6443 5660 6058
f 6058 5660 5665
f 6058 5665 5662
f 5508 5510 6446
f 6446 5510 5512
f 6446 5512 6461
f 6461 5512 5670
f 6461 5670 6434
f 6434 5670 5669
f 6434 5669 5668
f 6232 6233 6439
f 6439 6233 6427
f 6439 6427 6442
f 6442 6427 6436
f 6442 6436 6443
f 6443 6436 6434
f 6443 6434 5667
f 5667 6434 5668
f 6421 6422 6429
f 6429 6422 6462
f 6429 6462 6463
f 6463 6462 6460
f 6463 6460 5799
f 5799 6460 5798
f 6457 6464 6428
f 6428 6464 6465
f 6428 6465 6424
f 6424 6465 6423
f 5681 5683 6454
f 6454 5683 6459
f 6454 6459 6457
f 6457 6459 6460
f 6457 6460 6464
f 6464 6460 6462
f 6464 6462 6465
f 6465 6462 6422
f 6465 6422 6423
f 6361 6360 6435
f 6435 6360 6431
f 6435 6431 6433
f 6433 6431 6430
f 6433 6430 6466
f 6466 6430 6429
f 6466 6429 6458
f 6458 6429 6463
f 6458 6463 5800
f 5800 6463 5799
f 5801 5802 6458
f 6458 5802 6446
f 6458 6446 6466
f 6466 6446 6461
f 6466 6461 6433
f 6433 6461 6434
f 6433 6434 6364
f 6364 6434 6365
f 6230 6229 6438
f 6467 6468 6469
f 6432 6379 6378
f 6467 6469 6470
f 6470 6469 6471
f 6470 6471 6472
f 6473 6438 6474
f 6474 6438 6441
f 6230 6438 6173
f 6169 6170 6473
f 6473 6170 6171
f 6473 6171 6438
f 6438 6171 6172
f 6438 6172 6173
f 6179 6162 6471
f 6179 6471 6175
f 6437 6176 6175
f 6471 6163 6164
f 6471 6164 6472
f 6472 6164 6165
f 6472 6165 6475
f 6475 6165 6166
f 6475 6166 6476
f 6476 6166 6167
f 6476 6167 6477
f 6477 6167 6168
f 6477 6168 6478
f 6478 6168 6169
f 6478 6169 6479
f 6479 6169 6473
f 6479 6473 6480
f 6480 6473 6474
f 6480 6474 6481
f 6163 6471 6162
f 6377 6376 6469
f 6377 6469 6374
f 6374 6469 6468
f 6374 6468 6375
f 6375 6468 6467
f 6375 6467 6378
f 6378 6467 6419
f 6378 6419 6432
f 6175 6471 6437
f 6437 6471 6469
f 6437 6469 6426
f 6426 6469 6376
f 6426 6376 6373
f 6396 6482 6483
f 6484 6479 6485
f 6485 6479 6480
f 6485 6480 6481
f 6486 6477 6484
f 6484 6477 6478
f 6484 6478 6479
f 6472 6475 6486
f 6486 6475 6476
f 6486 6476 6477
f 6486 6487 6472
f 6472 6487 6488
f 6472 6488 6470
f 6470 6488 6489
f 6470 6489 6467
f 6467 6489 6395
f 6467 6395 6419
f 6483 6482 6490
f 6490 6482 6491
f 6490 6491 6492
f 6492 6491 6493
f 6493 6491 6494
f 6493 6494 6495
f 6496 6497 6498
f 6496 6498 6499
f 6498 6500 6499
f 6499 6500 6501
f 6499 6501 6494
f 6494 6501 6502
f 6494 6502 6495
f 6497 6496 6503
f 6503 6496 6504
f 6503 6504 6505
f 6396 6395 6482
f 6482 6395 6489
f 6482 6489 6491
f 6491 6489 6488
f 6491 6488 6494
f 6494 6488 6487
f 6494 6487 6499
f 6499 6487 6486
f 6499 6486 6496
f 6496 6486 6484
f 6496 6484 6504
f 6504 6484 6485
f 5036 6503 5038
f 5038 6503 6505
f 5038 6505 5039
f 6495 6502 5042
f 5042 6502 6501
f 5042 6501 5033
f 5033 6501 6500
f 5033 6500 5034
f 5034 6500 6498
f 5034 6498 5036
f 5036 6498 6497
f 5036 6497 6503
f 5042 5044 6495
f 6495 5044 5046
f 6495 5046 6493
f 5054 6401 5052
f 5052 6401 6399
f 5052 6399 5030
f 5030 6399 6397
f 5030 6397 5051
f 5051 6397 6396
f 5051 6396 5049
f 5049 6396 6483
f 5049 6483 5048
f 5048 6483 6490
f 5048 6490 5046
f 5046 6490 6492
f 5046 6492 6493
f 6387 6386 5065
f 5065 6386 6394
f 5065 6394 5064
f 5064 6394 6393
f 5064 6393 5063
f 5063 6393 6392
f 5063 6392 5059
f 5059 6392 6391
f 5059 6391 5057
f 5057 6391 6406
f 5057 6406 5056
f 5056 6406 6405
f 5056 6405 5054
f 5054 6405 6403
f 5054 6403 6401
f 6387 5065 6506
f 6506 5065 5219
f 6506 5219 6507
f 5219 5218 6507
f 6507 5218 5208
f 6507 5208 6508
f 6508 5208 5210
f 6508 5210 6509
f 5210 5212 6509
f 6509 5212 5213
f 6509 5213 6510
f 6510 5213 5215
f 6510 5215 6511
f 6511 5215 5227
f 6511 5227 6512
f 6512 5227 5229
f 6512 5229 6513
f 6513 5229 5230
f 6513 5230 6514
f 5466 6515 5467
f 5467 6515 6516
f 5467 6516 5468
f 5468 6516 6517
f 5468 6517 5469
f 5469 6517 6518
f 5469 6518 5465
f 5465 6518 6519
f 5465 6519 5230
f 5230 6519 6520
f 5230 6520 6514
f 5466 5444 6515
f 6515 5444 5443
f 6515 5443 6521
f 6521 5443 5441
f 6521 5441 6522
f 5441 5440 6522
f 6522 5440 5438
f 6522 5438 6523
f 6523 5438 5437
f 6523 5437 6524
f 6524 5437 5476
f 6524 5476 6525
f 6525 5476 5473
f 5472 6526 5473
f 5473 6526 6527
f 5473 6527 6525
f 5470 6528 5471
f 5471 6528 6529
f 5471 6529 5472
f 5472 6529 6530
f 5472 6530 6526
f 5470 5449 6528
f 6528 5449 5433
f 6528 5433 6531
f 6532 6425 6389
f 6532 6389 6533
f 6389 6534 6533
f 6533 6534 6535
f 6533 6535 6536
f 6536 6535 6537
f 6538 6539 6537
f 6537 6539 6540
f 6537 6540 6536
f 6541 6542 6538
f 6538 6542 6543
f 6538 6543 6539
f 6544 6545 6546
f 6546 6545 6547
f 6546 6547 6548
f 6548 6547 6541
f 6548 6541 6549
f 6549 6541 6538
f 6550 6551 6552
f 6552 6551 6553
f 6552 6553 6544
f 6554 6555 6550
f 6550 6555 6556
f 6550 6556 6551
f 6557 6558 6559
f 6559 6558 6560
f 6559 6560 6561
f 6561 6560 6562
f 6561 6562 6563
f 6563 6562 6564
f 6563 6564 6565
f 6531 6564 6528
f 6528 6564 6562
f 6528 6562 6529
f 6529 6562 6560
f 6529 6560 6530
f 6524 6525 6558
f 6558 6525 6527
f 6558 6527 6560
f 6560 6527 6526
f 6560 6526 6530
f 6523 6524 6550
f 6550 6524 6558
f 6550 6558 6554
f 6554 6558 6557
f 6523 6550 6522
f 6522 6550 6552
f 6522 6552 6521
f 6544 6546 6552
f 6552 6546 6515
f 6552 6515 6521
f 6518 6517 6566
f 6566 6517 6516
f 6566 6516 6567
f 6568 6514 6520
f 6568 6520 6566
f 6566 6520 6519
f 6566 6519 6518
f 6514 6568 6513
f 6513 6568 6569
f 6513 6569 6512
f 6508 6509 6570
f 6570 6509 6510
f 6570 6510 6569
f 6569 6510 6511
f 6569 6511 6512
f 6570 6571 6508
f 6508 6571 6572
f 6508 6572 6507
f 6507 6572 6506
f 6506 6572 6388
f 6506 6388 6387
f 6516 6515 6567
f 6567 6515 6546
f 6567 6546 6566
f 6566 6546 6548
f 6566 6548 6568
f 6568 6548 6549
f 6568 6549 6569
f 6569 6549 6538
f 6569 6538 6570
f 6570 6538 6537
f 6570 6537 6571
f 6571 6537 6535
f 6571 6535 6572
f 6572 6535 6534
f 6572 6534 6388
f 6388 6534 6389
f 3924 3926 6573
f 2812 2811 6574
f 6565 6575 6563
f 6563 6575 4191
f 6563 4191 6561
f 6561 4191 4190
f 6573 3926 6561
f 6561 3926 3928
f 6561 3928 6559
f 3928 3930 6559
f 6559 3930 3932
f 6559 3932 6557
f 6551 6556 6576
f 6556 6555 6576
f 6576 6555 6554
f 6576 6554 6557
f 6577 6541 6578
f 6578 6541 6547
f 6547 6545 6578
f 6578 6545 6544
f 6578 6544 6553
f 6539 6543 6577
f 6577 6543 6542
f 6577 6542 6541
f 6532 6533 6579
f 6579 6533 6536
f 6579 6536 6580
f 6580 6536 6540
f 6425 6532 6455
f 6455 6532 6579
f 6455 6579 6456
f 6456 6579 6454
f 2809 2810 6454
f 2810 2817 6454
f 6454 2817 2816
f 6454 2816 6453
f 6453 2816 2815
f 6453 2815 6452
f 6452 2815 2814
f 6452 2814 2813
f 2825 2822 6574
f 4805 4804 6581
f 6581 6450 2954
f 2838 4805 2841
f 2841 4805 6581
f 2841 6581 2953
f 2953 6581 2954
f 3273 4793 4792
f 3273 4792 3272
f 3272 4792 4794
f 3272 4794 3274
f 3274 4794 4795
f 3274 4795 3275
f 4793 3273 6582
f 6582 3273 3271
f 6582 3271 6583
f 4807 6574 4796
f 4796 6574 3277
f 4796 3277 4795
f 4795 3277 3276
f 4795 3276 3275
f 2835 4807 2838
f 2838 4807 4806
f 2838 4806 4805
f 2835 2832 4807
f 4807 2832 2830
f 4807 2830 6574
f 6574 2830 2828
f 6574 2828 2825
f 2813 2812 6452
f 6452 2812 6574
f 6452 6574 2820
f 2820 6574 2822
f 2820 2960 6452
f 6452 2960 2959
f 6452 2959 6451
f 2959 2958 6451
f 6451 2958 2957
f 6451 2957 6449
f 6449 2957 2956
f 6449 2956 6450
f 6450 2956 2955
f 6450 2955 2954
f 4680 4676 6583
f 4520 4515 6584
f 4655 4656 3588
f 3588 4649 4653
f 4653 4654 3588
f 3588 4654 4655
f 4656 4657 3588
f 3588 4657 4658
f 6584 4649 3588
f 3271 3270 6583
f 6583 3270 3158
f 6583 3158 4680
f 4680 3158 3155
f 4680 3155 4681
f 4681 3155 4682
f 3155 3152 4682
f 4682 3152 3149
f 4682 3149 4663
f 4663 3149 3147
f 4663 3147 4662
f 3472 3469 4522
f 3588 3587 6584
f 6584 3587 3475
f 6584 3475 4520
f 4520 3475 3472
f 4520 3472 4521
f 4521 3472 4522
f 3469 3466 4522
f 4522 3466 3464
f 4522 3464 6585
f 6585 3464 3462
f 3462 3459 6585
f 6585 3459 3456
f 6585 3456 3454
f 3139 3594 3142
f 3142 3594 3593
f 3142 3593 3592
f 4658 4659 3588
f 3588 4659 4660
f 3588 4660 3589
f 3589 4660 4661
f 3589 4661 3590
f 3590 4661 4662
f 3590 4662 3591
f 3591 4662 3147
f 3591 3147 3592
f 3592 3147 3145
f 3592 3145 3142
f 3139 3137 6586
f 6586 3137 3279
f 6586 3279 6574
f 6574 3279 3278
f 6574 3278 3277
f 4358 4378 6587
f 4358 6587 4357
f 4354 4355 6587
f 6587 4355 4356
f 6587 4356 4357
f 3768 3764 4377
f 3752 3742 6587
f 4377 3764 4378
f 3764 3761 4378
f 4378 3761 3756
f 4378 3756 6587
f 6587 3756 3754
f 6587 3754 3752
f 3742 3746 6587
f 6587 3746 3744
f 6587 3744 6585
f 6585 3744 3914
f 6585 3914 3913
f 3913 3910 6585
f 6585 3910 3911
f 6585 3911 4522
f 4522 3911 3912
f 4522 3912 4523
f 4523 3912 4495
f 3909 4500 4501
f 3909 4501 3912
f 3912 4501 4502
f 3912 4502 4503
f 4503 4504 3912
f 3912 4504 4494
f 3912 4494 4495
f 4499 4377 4376
f 4376 4373 6588
f 4499 4376 4497
f 4497 4376 6588
f 4497 6588 4498
f 4500 3909 4499
f 4499 3909 3908
f 4499 3908 4377
f 4377 3908 3907
f 4377 3907 3768
f 4214 4213 6589
f 4353 2637 4347
f 4353 4352 2637
f 2637 4352 4351
f 4354 2638 4349
f 4349 2638 2637
f 4349 2637 4350
f 4350 2637 4351
f 4345 4347 2637
f 4345 2637 6589
f 6589 2637 2525
f 6589 2525 4214
f 4214 2525 2522
f 4214 2522 4215
f 4215 2522 4216
f 4216 2522 2520
f 4216 2520 2518
f 2518 2515 4216
f 4216 2515 2513
f 4216 2513 6590
f 6590 2513 2511
f 6590 2511 2508
f 2508 2506 6590
f 6590 2506 2504
f 6590 2504 6587
f 6587 2504 2643
f 6587 2643 2642
f 2642 2641 6587
f 6587 2641 2640
f 6587 2640 4354
f 4354 2640 2639
f 4354 2639 2638
f 4197 4198 6573
f 4190 4195 4194
f 4190 4194 6561
f 6561 4194 4193
f 6561 4193 6573
f 6573 4193 4196
f 6573 4196 4197
f 4198 4199 6573
f 6573 4199 4188
f 6573 4188 6590
f 6590 4188 4189
f 6590 4189 4216
f 6590 4072 4071
f 4071 4070 6590
f 6590 4070 3942
f 6590 3942 6573
f 6573 3942 3940
f 6573 3940 3924
f 4072 6590 4073
f 4073 6590 6587
f 4073 6587 4074
f 4074 6587 3608
f 4074 3608 4075
f 4075 3608 3607
f 4075 3607 4079
f 3936 3920 6576
f 6557 3932 6576
f 6576 3932 3934
f 6576 3934 3936
f 4077 6591 4076
f 4076 6591 6576
f 4076 6576 3916
f 3916 6576 3920
f 3452 3451 6592
f 3737 3736 6592
f 3604 3600 6593
f 4077 4078 6591
f 6591 4078 4079
f 6591 4079 6593
f 6593 4079 3607
f 6593 3607 3604
f 3737 6592 3738
f 3600 3598 6593
f 6593 3598 3596
f 6593 3596 6592
f 6592 3596 3739
f 6592 3739 3738
f 3295 3284 3736
f 3304 3298 3731
f 3731 3298 3291
f 3731 3291 3736
f 3736 3291 3290
f 3736 3290 3295
f 3284 3283 3736
f 3736 3283 3288
f 3736 3288 6592
f 6592 3288 3281
f 6592 3281 3452
f 3444 3445 6585
f 6585 3445 3310
f 6585 3310 3308
f 3304 3731 3308
f 3308 3731 3732
f 3308 3732 6585
f 6585 3732 3733
f 6585 3733 3734
f 3734 3735 6585
f 6585 3735 3730
f 6585 3730 6587
f 6587 3730 3618
f 6587 3618 3616
f 3616 3613 6587
f 6587 3613 3611
f 6587 3611 3608
f 3130 3129 6586
f 6586 3129 3128
f 6586 3128 2992
f 2992 2990 6586
f 6586 2990 6585
f 6586 6585 3139
f 3139 6585 3454
f 3139 3454 3594
f 3451 3450 2967
f 2967 3450 2981
f 3447 2975 3448
f 3448 2975 2978
f 2981 3450 2978
f 2978 3450 3449
f 2978 3449 3448
f 2965 3135 6594
f 2973 2965 6592
f 3451 2967 6592
f 6592 2967 2970
f 6592 2970 2973
f 3135 3126 6594
f 6594 3126 3127
f 6594 3127 3134
f 3134 3133 6594
f 6594 3133 3132
f 6594 3132 6586
f 6586 3132 3131
f 6586 3131 3130
f 3447 3446 2975
f 2975 3446 3444
f 2975 3444 2985
f 2985 3444 6585
f 2985 6585 2963
f 2963 6585 2990
f 2646 6586 2673
f 2673 6586 6574
f 2673 6574 2675
f 2675 6574 2811
f 2664 2650 6594
f 2646 2668 6586
f 6586 2668 2658
f 6586 2658 6594
f 6594 2658 2661
f 6594 2661 2664
f 2650 2653 6594
f 6594 2653 2656
f 6594 2656 6595
f 6595 2656 2648
f 6595 2648 2818
f 6539 6577 6540
f 6540 6577 6596
f 6540 6596 6580
f 6580 6596 6594
f 6580 6594 6579
f 6579 6594 6595
f 6579 6595 6454
f 6454 6595 2818
f 6454 2818 2809
f 2965 6594 6592
f 6592 6594 6596
f 6592 6596 6593
f 6593 6596 6577
f 6593 6577 6591
f 6591 6577 6578
f 6591 6578 6576
f 6576 6578 6553
f 6576 6553 6551
f 2501 2500 6597
f 6598 6599 6600
f 6601 6602 6603
f 6604 6602 6605
f 6605 6602 6601
f 6605 6601 6606
f 6607 6608 6609
f 6609 6608 6610
f 6609 6610 6611
f 6600 6599 6610
f 6610 6599 6612
f 6610 6612 6611
f 6613 6614 6600
f 6600 6614 6615
f 6600 6615 6616
f 6616 6617 6600
f 6600 6617 6618
f 6600 6618 6598
f 6619 6620 6621
f 6621 6620 2366
f 6621 2366 6622
f 6622 2366 2364
f 6622 2364 6623
f 2358 6624 2360
f 2360 6624 6623
f 2360 6623 2362
f 2362 6623 2364
f 4202 4203 6625
f 6625 4203 4201
f 6625 4201 6565
f 4201 4200 6565
f 6565 4200 4207
f 6565 4207 6575
f 6575 4207 4208
f 6575 4208 4191
f 6625 6623 4202
f 4202 6623 6624
f 4202 6624 4204
f 4204 6624 4205
f 1057 1056 6626
f 6626 1056 1055
f 940 933 6597
f 1055 1054 6626
f 6626 1054 1053
f 6626 1053 940
f 933 935 6597
f 6597 935 918
f 6597 918 917
f 4205 6624 4206
f 4206 6624 6597
f 4206 6597 4210
f 4210 6597 917
f 4210 917 931
f 4212 4211 926
f 6589 4213 1059
f 1059 4213 4212
f 1059 4212 924
f 924 4212 926
f 931 930 4210
f 4210 930 921
f 4210 921 4211
f 4211 921 922
f 4211 922 926
f 1058 4368 1059
f 1059 4368 4367
f 1059 4367 6589
f 4367 4366 6589
f 6589 4366 4365
f 6589 4365 4364
f 4364 4363 6589
f 6589 4363 4359
f 6589 4359 4360
f 4360 4361 6589
f 6589 4361 4362
f 4345 6589 4362
f 4511 6627 4517
f 4517 6627 4518
f 2344 4510 2348
f 2348 4510 4514
f 2348 4514 2349
f 2349 4514 2350
f 4512 4509 4374
f 4509 4508 4374
f 4374 4508 4506
f 4374 4506 4373
f 4373 4506 4505
f 4373 4505 6588
f 6588 4505 4498
f 2177 2350 4375
f 4375 2350 4514
f 4375 4514 4374
f 4374 4514 4513
f 4374 4513 4512
f 2343 6627 2344
f 2344 6627 4511
f 2344 4511 4510
f 2343 2346 6627
f 6627 2346 2347
f 6627 2347 2345
f 2204 2200 6626
f 6626 2200 2195
f 2195 2193 6626
f 6626 2193 2191
f 6626 2191 2188
f 1058 1057 4368
f 4368 1057 6626
f 4368 6626 4369
f 4369 6626 4370
f 4370 6626 4371
f 4371 6626 2188
f 4371 2188 4372
f 4372 2188 2184
f 4372 2184 4375
f 4375 2184 2178
f 4375 2178 2177
f 6628 1692 1569
f 1571 1573 6627
f 1567 2018 1575
f 1575 2018 2017
f 1575 2017 1573
f 1573 2017 2016
f 2016 2015 1573
f 1573 2015 2014
f 1573 2014 6627
f 2014 1889 6627
f 6627 1889 1891
f 6627 1891 1893
f 1893 1895 6627
f 6627 1895 1887
f 6627 1887 4518
f 6584 4515 2013
f 2013 4515 4516
f 2013 4516 1876
f 1876 4516 4519
f 1876 4519 1878
f 1887 1885 4518
f 4518 1885 1882
f 4518 1882 4519
f 4519 1882 1881
f 4519 1881 1878
f 4676 4677 1700
f 4679 1565 1562
f 4679 1562 4678
f 1562 1561 4678
f 4678 1561 1558
f 4678 1558 4677
f 4677 1558 1556
f 4677 1556 1700
f 4671 4668 6584
f 4668 4667 6584
f 6584 4667 4666
f 6584 4666 4665
f 4665 4664 6584
f 6584 4664 4649
f 1565 4679 1567
f 1567 4679 4670
f 1567 4670 2018
f 2018 4670 4669
f 2018 4669 2020
f 2020 4669 4675
f 2020 4675 2019
f 2019 4675 4674
f 2019 4674 2013
f 2013 4674 4673
f 2013 4673 6584
f 6584 4673 4672
f 6584 4672 4671
f 6629 1378 6630
f 6630 1378 1377
f 6630 1377 6631
f 6631 1377 1376
f 6631 1376 1375
f 1375 1374 6631
f 6631 1374 1260
f 6631 1260 6632
f 1697 6582 1700
f 1700 6582 6583
f 1700 6583 4676
f 4802 1240 4803
f 4803 1240 1238
f 4803 1238 1373
f 1249 1247 4801
f 4801 1247 1244
f 4801 1244 4802
f 4802 1244 1243
f 4802 1243 1240
f 1260 1253 6632
f 6632 1253 1255
f 6632 1255 1251
f 4800 4799 1696
f 4793 6582 4797
f 4797 6582 1697
f 4797 1697 4798
f 4798 1697 1698
f 4798 1698 4799
f 4799 1698 1699
f 4799 1699 1696
f 1249 4801 1251
f 1251 4801 4800
f 1251 4800 6632
f 6632 4800 1696
f 6632 1696 1695
f 1695 1694 6632
f 6632 1694 1693
f 6632 1693 6628
f 6628 1693 1691
f 6628 1691 1692
f 4804 4803 6581
f 6581 4803 1373
f 6581 1373 6450
f 6450 1373 1379
f 6450 1379 6629
f 6629 1379 1380
f 6629 1380 1378
f 6631 1234 6633
f 6633 1234 1233
f 6633 1233 6634
f 6634 1233 6635
f 6635 1233 1230
f 6635 1230 1231
f 1228 6636 1229
f 1229 6636 6635
f 1229 6635 1232
f 1232 6635 1231
f 2495 2493 6637
f 6637 2493 2494
f 6637 2494 6620
f 6620 2494 2372
f 6620 2372 2374
f 2374 2375 6620
f 6620 2375 2368
f 6620 2368 2366
f 940 6597 6626
f 6626 6597 2500
f 6626 2500 2499
f 2497 2037 2498
f 2498 2037 2036
f 2498 2036 2499
f 2358 2355 6624
f 6624 2355 2353
f 6624 2353 6597
f 6597 2353 2352
f 6597 2352 2501
f 2022 2037 6638
f 6638 2037 2497
f 6638 2497 6637
f 6637 2497 2496
f 6637 2496 2495
f 1866 1731 6639
f 6639 1731 1727
f 6639 1727 6638
f 2030 2026 6626
f 2030 6626 2032
f 2499 2036 6626
f 6626 2036 2033
f 6626 2033 2032
f 2026 2028 6626
f 6626 2028 2175
f 6626 2175 1708
f 1708 2175 2174
f 1708 2174 2173
f 2172 1703 2166
f 2166 1703 1708
f 2166 1708 2167
f 2167 1708 2173
f 2171 1723 2172
f 2172 1723 1713
f 2172 1713 1703
f 2169 1718 2171
f 2171 1718 1720
f 2171 1720 1723
f 2169 2170 1718
f 1718 2170 2168
f 1718 2168 1727
f 1727 2168 2048
f 1727 2048 6638
f 6638 2048 2046
f 6638 2046 2044
f 2044 2043 6638
f 6638 2043 2023
f 6638 2023 2022
f 2345 2204 6627
f 6627 2204 6626
f 6627 6626 1705
f 1705 6626 1708
f 1383 1388 6627
f 6640 1549 1550
f 1550 1547 6640
f 6640 1547 1546
f 6640 1546 1411
f 6639 1407 1398
f 1705 1704 6627
f 6627 1704 1874
f 6627 1874 1383
f 1874 1873 1383
f 1383 1873 1872
f 1383 1872 1393
f 1393 1872 1871
f 1393 1871 1403
f 1403 1871 1868
f 1403 1868 1400
f 1400 1868 1398
f 1868 1869 1398
f 1398 1869 1870
f 1398 1870 6639
f 6639 1870 1867
f 6639 1867 1866
f 1388 1385 6627
f 6627 1385 6628
f 6627 6628 1571
f 1571 6628 1569
f 1385 1384 6628
f 6628 1384 1554
f 6628 1554 1553
f 1553 1552 6628
f 6628 1552 1551
f 6628 1551 6640
f 6640 1551 1548
f 6640 1548 1549
f 1228 1090 6636
f 6636 1090 1086
f 6636 1086 6640
f 6640 1086 1077
f 1072 6628 1082
f 1082 6628 6640
f 1082 6640 1079
f 1079 6640 1077
f 1072 1062 6628
f 6628 1062 1067
f 6628 1067 6632
f 6632 1067 1064
f 1064 1063 6632
f 6632 1063 1236
f 6632 1236 6631
f 6631 1236 1235
f 6631 1235 1234
f 6604 6635 6602
f 6602 6635 6636
f 6602 6636 6603
f 6603 6636 6640
f 6603 6640 6639
f 6639 6640 1411
f 6639 1411 1407
f 6619 6641 6620
f 6620 6641 6613
f 6620 6613 6637
f 6637 6613 6600
f 6637 6600 6638
f 6638 6600 6610
f 6638 6610 6639
f 6639 6610 6608
f 6639 6608 6603
f 6603 6608 6607
f 6603 6607 6601
f 6642 6643 6644
f 6645 6646 6647
f 6611 6612 6648
f 6598 6618 6649
f 6650 6623 6651
f 6651 6623 6652
f 6652 6623 6564
f 6564 6623 6625
f 6564 6625 6565
f 6613 6641 6653
f 6653 6641 6619
f 6653 6619 6654
f 6654 6619 6621
f 6654 6621 6650
f 6650 6621 6622
f 6650 6622 6623
f 6655 6614 6613
f 6614 6655 6615
f 6615 6655 6656
f 6615 6656 6616
f 6649 6618 6656
f 6656 6618 6617
f 6656 6617 6616
f 6648 6612 6649
f 6649 6612 6599
f 6649 6599 6598
f 6611 6648 6609
f 6609 6648 6657
f 6609 6657 6607
f 6607 6657 6658
f 6607 6658 6601
f 6659 6606 6660
f 6660 6606 6601
f 6660 6601 6661
f 6661 6601 6658
f 6662 6663 6646
f 6646 6663 6664
f 6646 6664 6647
f 6645 6647 6665
f 6665 6647 6666
f 6665 6666 6667
f 6667 6666 6668
f 6667 6668 6669
f 6670 6671 6672
f 6672 6671 6673
f 6672 6673 6668
f 6668 6673 6674
f 6668 6674 6669
f 6675 6676 6677
f 6677 6678 6675
f 6675 6678 6679
f 6675 6679 6672
f 6672 6679 6680
f 6672 6680 6670
f 6643 6642 6675
f 6675 6642 6681
f 6675 6681 6676
f 6682 6683 6655
f 6613 6653 6655
f 6655 6653 6684
f 6655 6684 6682
f 6685 6686 6654
f 6654 6686 6687
f 6654 6687 6653
f 6653 6687 6688
f 6653 6688 6684
f 6685 6654 6689
f 6689 6654 6650
f 6689 6650 6690
f 6690 6650 6651
f 6690 6651 6691
f 6691 6651 6652
f 6691 6652 6692
f 6692 6652 6564
f 6692 6564 6531
f 6663 6659 6664
f 6664 6659 6660
f 6664 6660 6647
f 6647 6660 6661
f 6647 6661 6666
f 6666 6661 6658
f 6666 6658 6668
f 6668 6658 6657
f 6668 6657 6672
f 6672 6657 6648
f 6672 6648 6675
f 6675 6648 6649
f 6675 6649 6643
f 6643 6649 6656
f 6643 6656 6644
f 6644 6656 6655
f 6644 6655 6693
f 6693 6655 6683
f 6694 6695 6696
f 6697 6698 6699
f 6606 6659 6700
f 6700 6659 6701
f 6700 6701 6702
f 6702 6701 6703
f 6702 6703 6704
f 6704 6703 6705
f 6704 6705 6706
f 6706 6705 6707
f 6706 6707 6708
f 6698 6697 6707
f 6707 6697 6709
f 6707 6709 6708
f 6694 6696 6710
f 6710 6696 6711
f 6710 6711 6712
f 6712 6711 6713
f 6713 6711 6714
f 6713 6714 6715
f 6715 6714 6716
f 6716 6714 6717
f 6716 6717 6718
f 6719 6720 6717
f 6717 6720 6721
f 6717 6721 6718
f 6662 6722 6719
f 6719 6722 6723
f 6719 6723 6720
f 6695 6724 6696
f 6696 6724 6725
f 6696 6725 6711
f 6711 6725 6726
f 6711 6726 6714
f 6726 6727 6714
f 6714 6727 6728
f 6714 6728 6717
f 6717 6728 6729
f 6717 6729 6719
f 6719 6729 6730
f 6719 6730 6662
f 6662 6730 6663
f 6724 6731 6725
f 6725 6731 6699
f 6725 6699 6726
f 6726 6699 6698
f 6726 6698 6727
f 6727 6698 6707
f 6727 6707 6728
f 6728 6707 6705
f 6728 6705 6729
f 6729 6705 6703
f 6729 6703 6730
f 6730 6703 6701
f 6730 6701 6663
f 6663 6701 6659
f 611 608 6732
f 750 744 6733
f 6063 6058 6734
f 6448 6450 6629
f 743 6735 6736
f 6736 6735 6699
f 6736 6699 6731
f 6737 6709 6697
f 6738 6706 6737
f 6737 6706 6708
f 6737 6708 6709
f 6605 6606 6700
f 6700 6739 6605
f 6605 6739 6740
f 6605 6740 6604
f 6604 6740 6741
f 6604 6741 6635
f 6629 6630 6742
f 6742 6630 6631
f 6742 6631 6633
f 5927 5930 6742
f 6742 5930 5929
f 6742 5929 6629
f 6629 5929 5922
f 6629 5922 6448
f 5927 6742 5928
f 5928 6742 6732
f 5928 6732 5935
f 6732 326 323
f 6732 323 5935
f 5935 323 321
f 5935 321 5934
f 5934 321 319
f 5934 319 5933
f 316 6444 318
f 318 6444 5931
f 318 5931 319
f 319 5931 5932
f 319 5932 5933
f 473 6734 474
f 474 6734 6058
f 474 6058 475
f 475 6058 6444
f 475 6444 476
f 476 6444 316
f 6743 6066 6734
f 6734 6066 6064
f 6734 6064 6063
f 6070 6071 6744
f 6744 6071 6072
f 6744 6072 6743
f 6743 6072 6065
f 6743 6065 6066
f 6440 6068 6067
f 6745 6441 6440
f 6440 6067 6745
f 6745 6067 6069
f 6745 6069 6070
f 911 6745 914
f 914 6745 6070
f 914 6070 913
f 913 6070 6744
f 913 6744 912
f 912 6744 915
f 744 6746 6733
f 6733 6746 6747
f 6733 6747 892
f 750 6733 742
f 742 6733 6748
f 742 6748 741
f 737 738 6749
f 6750 739 6748
f 6748 739 740
f 6748 740 741
f 743 734 6735
f 6735 734 735
f 6735 735 6751
f 6751 735 736
f 6751 736 737
f 491 6742 489
f 489 6742 6633
f 489 6633 487
f 487 6633 6634
f 487 6634 485
f 485 6634 6635
f 485 6635 483
f 483 6635 6741
f 483 6741 478
f 478 6741 480
f 6732 608 6752
f 609 607 6753
f 6753 607 605
f 6753 605 606
f 491 493 6742
f 6742 493 494
f 6742 494 6732
f 6732 494 610
f 6732 610 611
f 6754 334 6752
f 6752 334 331
f 6752 331 6732
f 6732 331 329
f 6732 329 326
f 472 471 6750
f 6750 471 469
f 6750 469 6754
f 6754 469 470
f 6754 470 334
f 892 915 6733
f 6733 915 6744
f 6733 6744 6748
f 6748 6744 6743
f 6748 6743 6750
f 6750 6743 6734
f 6750 6734 472
f 472 6734 473
f 6755 6753 6756
f 6756 6753 606
f 6756 606 604
f 608 609 6752
f 6752 609 6753
f 6752 6753 6754
f 6754 6753 6757
f 6754 6757 6750
f 6758 6755 6759
f 6759 6755 6756
f 6759 6756 6760
f 6760 6756 604
f 6760 604 603
f 603 480 6760
f 6760 480 6741
f 6760 6741 6759
f 6759 6741 6740
f 6759 6740 6758
f 6758 6740 6739
f 6758 6739 6702
f 6702 6739 6700
f 737 6749 6751
f 6751 6749 6737
f 6751 6737 6735
f 6735 6737 6697
f 6735 6697 6699
f 6702 6704 6758
f 6758 6704 6706
f 6758 6706 6755
f 6755 6706 6738
f 6755 6738 6753
f 6753 6738 6737
f 6753 6737 6757
f 6757 6737 6749
f 6757 6749 6750
f 6750 6749 738
f 6750 738 739
f 6761 903 902
f 6761 902 6762
f 6762 902 899
f 6762 899 6763
f 6763 6764 6765
f 6765 6764 6766
f 6765 6766 6767
f 6767 6766 6768
f 6768 6766 6769
f 6768 6769 6770
f 748 749 6771
f 749 743 6771
f 6771 743 6736
f 6771 6736 6731
f 744 745 6766
f 745 746 6766
f 6766 746 747
f 6766 747 6769
f 6769 747 748
f 6769 748 6770
f 6770 748 6771
f 6763 899 6764
f 6764 899 900
f 6764 900 901
f 901 897 6764
f 6764 897 898
f 6764 898 896
f 6764 896 895
f 744 6766 6746
f 6746 6766 6764
f 6746 6764 6747
f 6747 6764 895
f 6747 895 894
f 894 893 6747
f 6747 893 889
f 6747 889 890
f 890 891 6747
f 6747 891 892
f 6745 911 910
f 910 909 6745
f 6745 909 908
f 6745 908 6772
f 6772 908 907
f 6772 907 6773
f 6773 907 906
f 6773 906 6774
f 6774 906 905
f 6774 905 6761
f 6761 905 904
f 6761 904 903
f 6773 6481 6772
f 6772 6481 6474
f 6772 6474 6745
f 6745 6474 6441
f 6771 6731 6724
f 6775 6767 6776
f 6776 6767 6768
f 6776 6768 6770
f 6762 6763 6775
f 6775 6763 6765
f 6775 6765 6767
f 6777 6761 6778
f 6778 6761 6762
f 6778 6762 6779
f 6779 6762 6775
f 6485 6481 6780
f 6780 6481 6773
f 6780 6773 6777
f 6777 6773 6774
f 6777 6774 6761
f 6505 6504 6781
f 6505 6781 6782
f 6782 6781 6783
f 6782 6783 6784
f 6785 6786 6787
f 6787 6786 6788
f 6787 6788 6789
f 6789 6788 6790
f 6789 6790 6791
f 6791 6790 6792
f 6791 6792 6783
f 6783 6792 6793
f 6783 6793 6784
f 6785 6787 6794
f 6794 6787 6795
f 6794 6795 6796
f 6796 6795 6724
f 6796 6724 6695
f 6504 6485 6781
f 6781 6485 6780
f 6781 6780 6783
f 6783 6780 6777
f 6783 6777 6791
f 6791 6777 6778
f 6791 6778 6789
f 6789 6778 6779
f 6789 6779 6787
f 6787 6779 6775
f 6787 6775 6795
f 6795 6775 6776
f 6795 6776 6724
f 6724 6776 6770
f 6724 6770 6771
f 5361 5360 6691
f 5096 5095 6796
f 6796 5095 5094
f 6796 5094 6794
f 6794 5094 5093
f 6794 5093 6785
f 6790 6788 5093
f 5093 6788 6786
f 5093 6786 6785
f 6782 6784 5102
f 5093 5092 6790
f 6790 5092 5098
f 6790 5098 6792
f 6792 5098 5099
f 6792 5099 6793
f 6793 5099 5100
f 6793 5100 6784
f 6784 5100 5101
f 6784 5101 5102
f 5102 5103 6782
f 6782 5103 5039
f 6782 5039 6505
f 5087 5086 6716
f 6716 5086 6715
f 6796 6695 5096
f 5096 6695 6694
f 5096 6694 5097
f 5097 6694 6710
f 5097 6710 5088
f 5088 6710 6712
f 5088 6712 5089
f 5089 6712 6713
f 5089 6713 5090
f 5090 6713 6715
f 5090 6715 5091
f 5091 6715 5086
f 6722 5082 6723
f 6723 5082 5083
f 6723 5083 6720
f 6720 5083 5084
f 6720 5084 6721
f 6721 5084 5087
f 6721 5087 6718
f 6718 5087 6716
f 5116 5115 6665
f 6665 5115 5114
f 6665 5114 6645
f 6645 5114 5113
f 6645 5113 6646
f 6646 5113 5112
f 6646 5112 6662
f 6662 5112 5067
f 6662 5067 6722
f 6722 5067 5066
f 6722 5066 5082
f 6665 6667 5116
f 5116 6667 6669
f 5116 6669 5117
f 6669 6674 5117
f 5117 6674 6673
f 5117 6673 6797
f 6673 6671 6797
f 6797 6671 6670
f 6797 6670 6798
f 6670 6680 6798
f 6798 6680 6679
f 6798 6679 5378
f 5378 6679 6678
f 5378 6678 5379
f 6678 6677 5379
f 5379 6677 6676
f 5379 6676 5381
f 5381 6676 6681
f 5381 6681 5340
f 5340 6681 5341
f 5341 6681 6642
f 5341 6642 5422
f 5422 6642 5377
f 5377 6642 6644
f 5377 6644 5375
f 5375 6644 6693
f 5375 6693 5374
f 5374 6693 6683
f 5374 6683 5372
f 5372 6683 6682
f 5372 6682 5367
f 5367 6682 6684
f 5367 6684 5366
f 6684 6688 5366
f 5366 6688 6687
f 5366 6687 5368
f 6687 6686 5368
f 5368 6686 6685
f 5368 6685 5369
f 5369 6685 6689
f 5369 6689 5371
f 5371 6689 5357
f 5360 5358 6691
f 6691 5358 5357
f 6691 5357 6690
f 6690 5357 6689
f 6531 5433 6692
f 6692 5433 5363
f 6692 5363 6691
f 6691 5363 5362
f 6691 5362 5361
f 5396 6799 6800
f 6801 6802 6799
f 5400 4815 4814
f 5110 5117 6797
f 6803 6804 6805
f 6805 6804 6806
f 6807 6808 6806
f 6806 6808 6809
f 6806 6809 6805
f 6810 6811 6812
f 6812 6811 6813
f 6812 6813 6807
f 6807 6813 6814
f 6807 6814 6808
f 6815 6816 6812
f 6812 6816 6817
f 6812 6817 6810
f 6818 6819 6820
f 6819 6818 6821
f 6821 6818 6822
f 6821 6822 4817
f 5400 4814 5399
f 5396 5398 6799
f 6799 5398 5399
f 6799 5399 6801
f 6801 5399 4814
f 6801 4814 6802
f 5391 5392 6800
f 6800 5392 5394
f 6800 5394 5396
f 5389 5391 6823
f 6823 5391 6824
f 6823 6824 6825
f 6826 5387 5389
f 6827 5382 6828
f 6828 5382 5384
f 6828 5384 6829
f 6829 5384 5387
f 5110 6797 6830
f 6830 6797 6798
f 6830 6798 6831
f 6831 6798 5378
f 6831 5378 6827
f 6827 5378 5380
f 6827 5380 5382
f 6818 6832 6822
f 6822 6832 6833
f 6822 6833 4817
f 4817 6833 4816
f 6834 6832 6835
f 6835 6832 6818
f 6835 6818 6836
f 6836 6818 6820
f 6836 6820 6837
f 5389 6823 6826
f 6826 6823 6825
f 6826 6825 6815
f 6815 6825 6838
f 6815 6838 6816
f 5387 6826 6829
f 6829 6826 6815
f 6829 6815 6828
f 6828 6815 6812
f 6828 6812 6827
f 6827 6812 6807
f 6827 6807 6831
f 6831 6807 6806
f 6831 6806 6830
f 6830 6806 6804
f 6830 6804 5110
f 5110 6804 6803
f 5110 6803 5111
f 4814 4816 6802
f 6802 4816 6833
f 6802 6833 6799
f 6799 6833 6832
f 6799 6832 6800
f 6800 6832 6834
f 6800 6834 5391
f 5391 6834 6835
f 5391 6835 6824
f 6824 6835 6836
f 6824 6836 6825
f 6825 6836 6837
f 6825 6837 6838
f 5145 5144 6839
f 6840 6841 6842
f 6842 6841 5118
f 6842 5118 6843
f 5118 5120 6843
f 6843 5120 5122
f 6843 5122 6844
f 6844 5122 5124
f 6844 5124 6845
f 6845 5124 5126
f 6845 5126 6846
f 6846 5126 5127
f 6846 5127 6847
f 6847 5127 5129
f 6847 5129 6848
f 6848 5129 5131
f 6848 5131 6849
f 6849 5131 6850
f 6850 5131 5133
f 6850 5133 5134
f 6839 6851 6852
f 6852 6851 6853
f 6852 6853 6854
f 6855 6856 6839
f 6839 6856 6857
f 6839 6857 6851
f 6858 6809 6859
f 6859 6809 6808
f 6808 6814 6859
f 6859 6814 6813
f 6859 6813 6811
f 6859 6856 6858
f 6858 6856 6855
f 6858 6855 6809
f 6809 6855 6805
f 5146 5111 6855
f 6855 5111 6803
f 6855 6803 6805
f 6839 5144 6855
f 6855 5144 5143
f 6855 5143 5146
f 5134 5136 6850
f 6850 5136 5137
f 6850 5137 6854
f 6854 5137 5139
f 6854 5139 6852
f 6852 5139 5142
f 6852 5142 6839
f 6839 5142 5141
f 6839 5141 5145
f 6860 6861 5197
f 6862 5207 5184
f 6863 6864 6865
f 5271 5175 5176
f 5269 5267 6866
f 6866 5267 5273
f 6866 5273 6867
f 6867 5273 5272
f 6867 5272 5271
f 6865 6864 6867
f 6867 6864 6868
f 6867 6868 6866
f 6866 6868 6869
f 6866 6869 5269
f 5269 6869 6870
f 5269 6870 5270
f 6863 6865 6871
f 6871 6865 6862
f 6871 6862 6872
f 6872 6862 5184
f 6872 5184 5183
f 5183 5185 6872
f 6872 5185 5187
f 6872 5187 6873
f 6873 5187 5189
f 6873 5189 5191
f 5197 6861 5195
f 5195 6861 6874
f 5195 6874 5194
f 5194 6874 6875
f 5194 6875 5192
f 5192 6875 6876
f 5192 6876 5191
f 5191 6876 6877
f 5191 6877 6873
f 5201 5118 6878
f 6878 5118 6841
f 6878 6841 6840
f 6860 5197 6879
f 6879 5197 5198
f 6879 5198 6878
f 6878 5198 5200
f 6878 5200 5201
f 5271 5176 6867
f 6867 5176 5177
f 6867 5177 6865
f 5177 5181 6865
f 6865 5181 5179
f 6865 5179 6862
f 6862 5179 5178
f 6862 5178 5207
f 5263 284 286
f 231 232 6840
f 6840 232 6878
f 6878 232 6879
f 6879 232 235
f 6879 235 6860
f 6860 235 6861
f 6861 235 237
f 6861 237 6874
f 6874 237 240
f 6874 240 6875
f 6875 240 241
f 6875 241 6876
f 6876 241 244
f 6876 244 6877
f 244 246 6877
f 6877 246 248
f 6877 248 6873
f 6873 248 251
f 6873 251 6872
f 6872 251 253
f 6872 253 6871
f 6871 253 6863
f 253 255 6863
f 6863 255 256
f 6863 256 6864
f 6864 256 258
f 6864 258 6868
f 6868 258 259
f 6868 259 6869
f 6869 259 261
f 261 263 6869
f 6869 263 266
f 6869 266 6870
f 6870 266 268
f 6870 268 5270
f 5270 268 269
f 5270 269 5220
f 5220 269 271
f 5220 271 5221
f 5221 271 5260
f 5260 271 273
f 5260 273 5261
f 5261 273 275
f 5261 275 277
f 277 279 5261
f 5261 279 281
f 5261 281 5263
f 5263 281 282
f 5263 282 284
f 289 291 5254
f 289 5254 288
f 5254 5258 288
f 288 5258 5257
f 288 5257 286
f 286 5257 5265
f 286 5265 5263
f 167 168 293
f 293 168 5284
f 5253 5256 291
f 291 5256 5255
f 291 5255 5254
f 5284 5288 293
f 293 5288 5286
f 293 5286 291
f 291 5286 5285
f 291 5285 5253
f 6819 6821 173
f 231 6840 229
f 229 6840 6842
f 229 6842 226
f 6842 6843 226
f 226 6843 6844
f 226 6844 223
f 223 6844 6845
f 223 6845 221
f 6845 6846 221
f 221 6846 6847
f 221 6847 218
f 218 6847 6848
f 218 6848 216
f 216 6848 6849
f 216 6849 213
f 213 6849 6850
f 213 6850 211
f 211 6850 6854
f 211 6854 209
f 209 6854 6853
f 209 6853 206
f 6856 203 6857
f 6857 203 206
f 6857 206 6851
f 6851 206 6853
f 194 198 6859
f 6859 198 200
f 6859 200 6856
f 6856 200 201
f 6856 201 203
f 194 6859 192
f 192 6859 6811
f 192 6811 190
f 190 6811 6810
f 190 6810 188
f 188 6810 6817
f 188 6817 186
f 186 6817 6816
f 186 6816 184
f 184 6816 182
f 182 6816 6838
f 182 6838 180
f 6838 6837 180
f 180 6837 6820
f 180 6820 178
f 178 6820 6819
f 178 6819 176
f 176 6819 173
f 6821 4817 173
f 173 4817 4811
f 173 4811 117
f 117 4811 4808
f 117 4808 116
f 6880 6881 6882
f 6880 6882 6883
f 6883 6882 6884
f 6883 6884 6885
f 6885 6884 6886
f 6885 6886 6887
f 6888 6889 6890
f 6888 6890 6891
f 6891 6890 6892
f 6891 6892 6893
f 6893 6892 6894
f 6893 6894 6895
f 6895 6894 6896
f 6895 6896 6897
f 6898 6899 6900
f 6900 6899 6901
f 6902 6903 6904
f 6902 6904 6905
f 6905 6904 6906
f 6905 6906 6907
f 6907 6906 6908
f 6907 6908 6909
f 6909 6908 6910
f 6909 6910 6911
f 6902 6912 6903
f 6903 6912 6913
f 6887 6886 6914
f 6914 6886 6915
f 6914 6915 6916
f 6916 6915 6917
f 6916 6917 6918
f 6918 6917 6919
f 6918 6919 6920
f 6920 6919 6921
f 6920 6921 6922
f 6922 6921 6923
f 6922 6923 6924
f 6924 6923 6925
f 6924 6925 6926
f 6926 6925 6927
f 6926 6927 6928
f 6928 6927 6929
f 6928 6929 6888
f 6888 6929 6889
f 6930 6931 6932
f 6932 6931 6933
f 6932 6933 6934
f 6934 6933 6935
f 6934 6935 6936
f 6936 6935 6937
f 6936 6937 6938
f 6938 6937 6939
f 6938 6939 6940
f 6940 6939 6941
f 6940 6941 6942
f 6942 6941 6943
f 6942 6943 6944
f 6944 6943 6945
f 6944 6945 6946
f 6946 6945 6947
f 6946 6947 6948
f 6948 6947 6949
f 6948 6949 6950
f 6950 6949 6951
f 6900 6901 6952
f 6952 6901 6953
f 6952 6953 6954
f 6954 6953 6955
f 6954 6955 6956
f 6956 6955 6957
f 6956 6957 6912
f 6912 6957 6913
f 6931 6958 6933
f 6933 6958 6959
f 6933 6959 6935
f 6935 6959 6960
f 6935 6960 6937
f 6937 6960 6961
f 6937 6961 6939
f 6939 6961 6962
f 6939 6962 6941
f 6941 6962 6963
f 6941 6963 6943
f 6943 6963 6964
f 6943 6964 6945
f 6945 6964 6965
f 6945 6965 6947
f 6947 6965 6966
f 6947 6966 6949
f 6949 6966 6967
f 6949 6967 6951
f 6951 6967 6968
f 6958 6931 6969
f 6969 6931 6930
f 6969 6930 6970
f 6970 6930 6971
f 6951 6968 6972
f 6973 6974 6972
f 6972 6974 6950
f 6972 6950 6951
f 6880 6975 6976
f 6977 6978 6976
f 6976 6978 6881
f 6976 6881 6880
f 6979 6926 6980
f 6980 6926 6928
f 6893 6895 6891
f 6891 6895 6897
f 6891 6897 6888
f 6888 6897 6981
f 6888 6981 6928
f 6928 6981 6982
f 6928 6982 6980
f 6975 6880 6983
f 6983 6880 6883
f 6883 6885 6983
f 6983 6885 6887
f 6983 6887 6984
f 6984 6887 6914
f 6984 6914 6985
f 6985 6914 6916
f 6985 6916 6986
f 6986 6916 6918
f 6986 6918 6987
f 6987 6918 6920
f 6987 6920 6988
f 6988 6920 6922
f 6988 6922 6979
f 6979 6922 6924
f 6979 6924 6926
f 6981 6897 6989
f 6989 6897 6896
f 6989 6896 6990
f 6990 6896 6991
f 6992 6993 6994
f 6995 6996 6997
f 6998 6999 7000
f 7000 6999 7001
f 7000 7001 6997
f 6997 7001 6992
f 6997 6992 6995
f 6995 6992 6994
f 6995 6994 7002
f 7002 6994 7003
f 7002 7003 7004
f 7004 7003 7005
f 7006 7007 7008
f 7006 7008 7009
f 7009 7008 7010
f 7009 7010 7011
f 7011 7010 6978
f 7011 6978 6977
f 7012 7013 7014
f 7012 7014 7015
f 7015 7014 7016
f 7015 7016 7017
f 7017 7016 6990
f 7017 6990 6991
f 7018 7019 7020
f 7020 7019 7021
f 7019 7018 7022
f 7019 7022 7023
f 7023 7022 7013
f 7023 7013 7012
f 7024 7007 7025
f 7025 7007 7006
f 6999 6998 7026
f 7026 6998 7027
f 7028 7029 7030
f 7030 7029 7031
f 7032 6899 7033
f 7031 7029 6898
f 6898 7029 7034
f 6898 7034 6899
f 7033 7035 7032
f 7032 7035 7020
f 7032 7020 7021
f 6899 7034 7033
f 7033 7034 7036
f 7033 7036 7037
f 7037 7036 7038
f 7037 7038 7039
f 7039 7038 7040
f 7039 7040 7041
f 7041 7040 7026
f 7041 7026 7027
f 7042 7043 7044
f 7042 7044 7045
f 7045 7044 7046
f 7045 7046 7047
f 7047 7046 6970
f 7047 6970 6971
f 7048 7049 7050
f 7048 7050 7051
f 7051 7050 7052
f 7051 7052 7053
f 7053 7052 6974
f 7053 6974 6973
f 7054 7055 7056
f 7054 7056 7057
f 7057 7056 7049
f 7057 7049 7048
f 7058 7043 7059
f 7059 7043 7042
f 7028 7030 7054
f 7054 7030 7055
f 7021 7019 7023
f 7023 7012 6889
f 6901 6899 7023
f 7023 6899 7032
f 7023 7032 7021
f 6896 6894 6892
f 7015 7017 7012
f 7012 7017 6991
f 7012 6991 6889
f 6889 6991 6896
f 6889 6896 6890
f 6890 6896 6892
f 6889 6929 7023
f 7023 6929 6927
f 7023 6927 6901
f 6927 6925 6901
f 6901 6925 6923
f 6901 6923 6953
f 6953 6923 6921
f 6915 6906 6917
f 6917 6906 6904
f 6908 7024 6910
f 6910 7024 7060
f 6886 7007 6915
f 6915 7007 7024
f 6915 7024 6906
f 6906 7024 6908
f 7010 7008 6978
f 6978 7008 7007
f 6978 7007 6881
f 6881 7007 6886
f 6881 6886 6882
f 6882 6886 6884
f 6904 6903 6917
f 6917 6903 6913
f 6917 6913 6919
f 6919 6913 6957
f 6919 6957 6921
f 6921 6957 6955
f 6921 6955 6953
f 6946 6948 7056
f 6898 6900 7031
f 7031 6900 7056
f 7031 7056 7030
f 7030 7056 7055
f 6971 6930 6932
f 6946 7056 6944
f 6944 7056 6900
f 6944 6900 6942
f 6974 7052 7050
f 6948 6950 7056
f 7056 6950 6974
f 7056 6974 7049
f 7049 6974 7050
f 6907 6909 7059
f 7059 6909 6911
f 7059 6911 7061
f 6936 6912 6934
f 6934 6912 6902
f 6942 6900 6940
f 6940 6900 6952
f 6940 6952 6938
f 6938 6952 6954
f 6938 6954 6936
f 6936 6954 6956
f 6936 6956 6912
f 6902 6905 6934
f 6934 6905 6907
f 6934 6907 6932
f 6932 6907 7059
f 6932 7059 6971
f 6971 7059 7042
f 6971 7042 7047
f 7047 7042 7045
f 7061 6911 7060
f 7060 6911 6910
f 14 7062 7063
f 14 7063 16
f 16 7063 7064
f 16 7064 18
f 7065 94 92
f 7065 92 7066
f 7066 92 91
f 7066 91 7067
f 95 96 7068
f 7068 96 97
f 7068 97 7069
f 7069 97 90
f 7069 90 7070
f 7070 90 78
f 7070 78 7071
f 7071 78 80
f 7071 80 7072
f 7072 80 66
f 7072 66 7073
f 7073 66 68
f 7073 68 7074
f 7074 68 70
f 7074 70 7075
f 7075 70 72
f 7075 72 7076
f 7076 72 75
f 7076 75 7077
f 7077 75 77
f 7077 77 7078
f 7078 77 93
f 7078 93 7079
f 7079 93 95
f 7079 95 7068
f 19 55 7080
f 7080 55 54
f 7080 54 7081
f 7081 54 47
f 7081 47 7082
f 7082 47 28
f 7082 28 7083
f 7083 28 26
f 7083 26 7084
f 7084 26 4
f 7084 4 7085
f 7085 4 5
f 7085 5 7086
f 7086 5 7
f 7086 7 7087
f 7087 7 21
f 7087 21 7088
f 7088 21 20
f 7088 20 7089
f 7089 20 15
f 7089 15 7090
f 7090 15 17
f 7090 17 7091
f 7091 17 19
f 7091 19 7080
f 18 7064 7092
f 18 7092 57
f 57 7092 7093
f 57 7093 56
f 7067 91 76
f 7067 76 7094
f 7094 76 74
f 7094 74 7095
f 7096 88 60
f 7096 60 7097
f 7097 60 61
f 7097 61 7098
f 7098 61 63
f 7098 63 7099
f 7099 63 65
f 7099 65 7100
f 7100 65 98
f 7100 98 7101
f 7101 98 100
f 7101 100 7102
f 7102 100 102
f 7102 102 7103
f 7104 82 7105
f 7105 82 81
f 7105 81 7106
f 7106 81 79
f 7106 79 7096
f 7096 79 88
f 7095 74 73
f 7095 73 7107
f 7107 73 71
f 7107 71 7108
f 7108 71 69
f 7108 69 7109
f 7109 69 67
f 7109 67 7110
f 7110 67 82
f 7110 82 7104
f 40 7111 7112
f 40 7112 42
f 42 7112 7113
f 42 7113 44
f 44 7113 7114
f 44 7114 45
f 45 7114 7115
f 45 7115 31
f 31 7115 7116
f 31 7116 33
f 33 7116 7117
f 33 7117 35
f 35 7117 7118
f 35 7118 37
f 25 7119 24
f 24 7119 7120
f 24 7120 3
f 3 7120 7121
f 3 7121 40
f 40 7121 7111
f 56 7093 7122
f 56 7122 48
f 48 7122 7123
f 48 7123 46
f 46 7123 7124
f 46 7124 29
f 29 7124 7125
f 29 7125 27
f 27 7125 7119
f 27 7119 25
f 7126 38 6996
f 6996 38 37
f 6996 37 6997
f 6997 37 7118
f 7127 7128 7129
f 7127 7129 7130
f 7130 7129 7131
f 7130 7131 7132
f 7132 7131 7133
f 7132 7133 7134
f 7134 7133 7135
f 7134 7135 7136
f 7128 7127 7137
f 7137 7127 7138
f 7137 7138 7139
f 7139 7138 7140
f 7139 7140 7141
f 7141 7140 7142
f 7141 7142 7143
f 7143 7142 7144
f 7143 7144 7145
f 7145 7144 7146
f 7145 7146 7147
f 7147 7146 7148
f 7147 7148 7149
f 7149 7148 7150
f 38 7126 49
f 49 7126 7151
f 49 7151 50
f 50 7151 7152
f 50 7152 51
f 51 7152 7153
f 7131 7154 7133
f 7133 7154 7135
f 7139 7141 7155
f 7155 7141 7143
f 7131 7129 7154
f 7154 7129 7128
f 7154 7128 7155
f 7155 7128 7137
f 7155 7137 7139
f 7143 7145 7155
f 7155 7145 7147
f 7155 7147 7149
f 7148 7146 85
f 85 7146 7144
f 85 7144 7142
f 7142 7140 85
f 85 7140 7138
f 85 7138 13
f 13 7138 7127
f 13 7127 7130
f 7130 7132 13
f 13 7132 7134
f 13 7134 14
f 14 7134 7136
f 14 7136 7062
f 7148 85 7150
f 7150 85 94
f 7150 94 7065
f 7156 174 172
f 7157 7158 7159
f 7160 7161 7162
f 7163 7164 7165
f 7166 7167 7168
f 7168 7167 7169
f 7168 7169 7163
f 7170 7171 7172
f 7172 7171 7173
f 7172 7173 7174
f 7174 7173 7175
f 7174 7175 7162
f 7162 7175 7176
f 7162 7176 7160
f 7158 7177 7159
f 7159 7177 7178
f 7159 7178 7179
f 7179 7178 7180
f 7179 7180 7181
f 7181 7180 7182
f 7181 7182 7170
f 7170 7182 7183
f 7170 7183 7171
f 7184 7156 7185
f 7185 7156 172
f 7185 172 114
f 7186 7187 7188
f 7188 7187 7189
f 7188 7189 7185
f 7185 7189 7190
f 7185 7190 7184
f 7186 7188 7191
f 7191 7188 7192
f 7191 7192 7193
f 7193 7192 7194
f 7193 7194 7195
f 7196 7197 7194
f 7194 7197 7198
f 7194 7198 7195
f 7199 7200 7201
f 7201 7200 7202
f 7201 7202 7196
f 7196 7202 7203
f 7196 7203 7197
f 7201 7204 7199
f 7199 7204 7205
f 7199 7205 7206
f 7207 7208 7168
f 7168 7208 7209
f 7168 7209 7166
f 7166 7209 7210
f 7166 7210 7211
f 7211 7210 7212
f 7211 7212 7205
f 7205 7212 7213
f 7205 7213 7206
f 7163 7165 7168
f 7168 7165 7214
f 7168 7214 7207
f 114 7215 7185
f 7185 7215 7157
f 7185 7157 7188
f 7188 7157 7159
f 7188 7159 7192
f 7192 7159 7179
f 7192 7179 7194
f 7194 7179 7181
f 7194 7181 7196
f 7196 7181 7170
f 7196 7170 7201
f 7201 7170 7172
f 7201 7172 7204
f 7204 7172 7174
f 7204 7174 7205
f 7205 7174 7162
f 7205 7162 7211
f 7211 7162 7161
f 7211 7161 7166
f 7166 7161 7160
f 7166 7160 7167
f 7216 7217 7218
f 164 294 7219
f 7219 294 7220
f 7221 7222 7223
f 7223 7222 7224
f 7223 7224 7216
f 7216 7224 7225
f 7216 7225 7217
f 7226 7227 7228
f 7228 7227 7229
f 7228 7229 7230
f 7230 7229 7231
f 7230 7231 7221
f 7221 7231 7232
f 7221 7232 7222
f 7233 7234 7235
f 7235 7234 7236
f 7235 7236 7237
f 7237 7236 7238
f 7237 7238 7226
f 7226 7238 7239
f 7226 7239 7227
f 7235 7240 7233
f 7233 7240 7241
f 7233 7241 7242
f 7242 7241 7243
f 7243 7241 7165
f 7243 7165 7164
f 7214 7165 7244
f 7244 7165 7241
f 7244 7241 7245
f 7245 7241 7240
f 7245 7240 7246
f 7247 7248 7249
f 7249 7248 7246
f 7247 7249 7250
f 7250 7249 7251
f 7250 7251 7252
f 7252 7251 7253
f 7252 7253 7254
f 7254 7253 7255
f 7254 7255 7256
f 7256 7255 7257
f 7256 7257 7258
f 7258 7257 7259
f 7258 7259 7260
f 7260 7259 7261
f 7261 7259 7262
f 7261 7262 7263
f 7263 7262 7264
f 7264 7262 7265
f 7264 7265 7266
f 7267 7268 7220
f 7220 7268 7269
f 7220 7269 7265
f 7265 7269 7270
f 7265 7270 7266
f 7267 7220 7271
f 7271 7220 294
f 7271 294 292
f 7246 7240 7249
f 7249 7240 7235
f 7249 7235 7251
f 7251 7235 7237
f 7251 7237 7253
f 7253 7237 7226
f 7253 7226 7255
f 7255 7226 7228
f 7255 7228 7257
f 7257 7228 7230
f 7257 7230 7259
f 7259 7230 7221
f 7259 7221 7262
f 7262 7221 7223
f 7262 7223 7265
f 7265 7223 7216
f 7265 7216 7220
f 7220 7216 7218
f 7220 7218 7219
f 274 7272 276
f 276 7272 7273
f 276 7273 278
f 7271 292 7274
f 7274 292 290
f 7274 290 7275
f 7275 290 287
f 7275 287 7276
f 7276 287 285
f 7276 285 7277
f 7277 285 283
f 7277 283 7273
f 7273 283 280
f 7273 280 278
f 7278 7279 7280
f 7281 7282 7283
f 5303 7284 5304
f 5300 5306 7285
f 7285 5306 5307
f 5309 5308 7278
f 195 193 7286
f 7278 5308 7279
f 7279 5308 5311
f 7279 5311 7286
f 7286 5311 196
f 7286 196 195
f 5301 5299 7287
f 7287 5299 5300
f 5301 7287 5302
f 5302 7287 7288
f 5302 7288 5303
f 5304 7284 5305
f 5297 5296 7284
f 7284 5296 5295
f 7284 5295 5305
f 5303 7288 7284
f 7284 7288 7289
f 7284 7289 5297
f 5297 7289 7290
f 5297 7290 7291
f 5292 5294 7292
f 7292 5294 5293
f 7292 5293 7291
f 7291 5293 5298
f 7291 5298 5297
f 230 5292 7293
f 7293 5292 7292
f 7293 7292 7294
f 7207 7214 7295
f 7295 7296 7207
f 7207 7296 7297
f 7207 7297 7208
f 7208 7297 7209
f 7209 7297 7298
f 7209 7298 7210
f 7210 7298 7212
f 7212 7298 7299
f 7212 7299 7213
f 7213 7299 7206
f 7206 7299 7300
f 7206 7300 7199
f 7199 7300 7301
f 7199 7301 7200
f 7200 7301 7202
f 7202 7301 7302
f 7202 7302 7203
f 7203 7302 7197
f 7197 7302 7303
f 7197 7303 7198
f 7198 7303 7195
f 7195 7303 7304
f 7195 7304 7193
f 7187 7186 7305
f 7305 7186 7191
f 7283 7190 7189
f 7190 7283 7184
f 7184 7283 7282
f 7184 7282 7156
f 7281 7283 7306
f 7306 7283 7307
f 7306 7307 7308
f 7309 7310 189
f 189 7310 191
f 7311 7304 7312
f 7312 7304 7303
f 7312 7303 7313
f 7313 7303 7302
f 7313 7302 7314
f 7314 7302 7301
f 7314 7301 7315
f 7315 7301 7300
f 7315 7300 7316
f 7316 7300 7299
f 7316 7299 7317
f 7317 7299 7298
f 7317 7298 7318
f 7318 7298 7297
f 7318 7297 7319
f 7319 7297 7296
f 7319 7296 7320
f 7320 7296 7295
f 7321 7308 7322
f 7322 7308 7307
f 7322 7307 7323
f 7323 7307 7283
f 7323 7283 7305
f 7305 7283 7189
f 7305 7189 7187
f 7309 7321 7310
f 7310 7321 7322
f 7310 7322 7324
f 7324 7322 7323
f 7324 7323 7311
f 7311 7323 7305
f 7311 7305 7304
f 7304 7305 7191
f 7304 7191 7193
f 7325 7294 7326
f 7326 7294 7292
f 7326 7292 7327
f 7327 7292 7291
f 5300 7285 7287
f 7287 7285 7328
f 7287 7328 7288
f 7288 7328 7329
f 7288 7329 7289
f 7289 7329 7330
f 7289 7330 7290
f 7290 7330 7331
f 7290 7331 7291
f 7291 7331 7332
f 7291 7332 7327
f 7333 7334 7335
f 7335 7334 7336
f 7335 7336 7337
f 7337 7336 7338
f 7337 7338 7339
f 7339 7338 7340
f 7339 7340 7341
f 7341 7340 7342
f 7341 7342 7343
f 7343 7342 7344
f 7343 7344 7345
f 7345 7344 7346
f 7345 7346 7347
f 7347 7346 7348
f 7347 7348 7280
f 7280 7348 7349
f 7280 7349 7278
f 7278 7349 5310
f 7278 5310 5309
f 5307 5310 7285
f 7285 5310 7349
f 7285 7349 7328
f 7328 7349 7348
f 7328 7348 7329
f 7329 7348 7346
f 7329 7346 7330
f 7330 7346 7344
f 7330 7344 7331
f 7331 7344 7342
f 7331 7342 7332
f 7332 7342 7340
f 7332 7340 7327
f 7327 7340 7338
f 7327 7338 7326
f 7326 7338 7336
f 7326 7336 7325
f 7325 7336 7334
f 7320 7333 7319
f 7319 7333 7335
f 7319 7335 7318
f 7318 7335 7337
f 7318 7337 7317
f 7317 7337 7339
f 7317 7339 7316
f 7316 7339 7341
f 7316 7341 7315
f 7315 7341 7343
f 7315 7343 7314
f 7314 7343 7345
f 7314 7345 7313
f 7313 7345 7347
f 7313 7347 7312
f 7312 7347 7280
f 7312 7280 7311
f 7311 7280 7279
f 7311 7279 7324
f 7324 7279 7286
f 7324 7286 7310
f 7310 7286 193
f 7310 193 191
f 174 7156 175
f 175 7156 7282
f 175 7282 177
f 7282 7281 177
f 177 7281 7306
f 177 7306 179
f 179 7306 7308
f 179 7308 181
f 181 7308 7321
f 181 7321 183
f 183 7321 185
f 185 7321 187
f 187 7321 7309
f 187 7309 189
f 6958 6969 7350
f 86 84 6959
f 6959 84 6960
f 7351 6972 6968
f 6959 6958 86
f 86 6958 7350
f 86 7350 87
f 87 7350 7352
f 87 7352 89
f 84 103 6960
f 6960 103 109
f 6960 109 6961
f 6961 109 108
f 6961 108 6962
f 6962 108 101
f 6962 101 6963
f 6963 101 99
f 6963 99 6964
f 6964 99 64
f 6964 64 6965
f 6965 64 62
f 6965 62 6966
f 6966 62 59
f 6966 59 6967
f 6967 59 58
f 6967 58 6968
f 6968 58 89
f 6968 89 7351
f 7351 89 7352
f 6981 6989 7353
f 2 1 6982
f 6982 1 39
f 6982 39 6980
f 6980 39 41
f 6980 41 6979
f 6979 41 43
f 6979 43 6988
f 6988 43 30
f 6988 30 6987
f 6987 30 32
f 6987 32 6986
f 6986 32 34
f 6986 34 6985
f 6985 34 36
f 6985 36 6984
f 6984 36 12
f 6984 12 6983
f 6983 12 10
f 6983 10 6975
f 6975 10 8
f 6976 6975 7354
f 7354 6975 8
f 7354 8 7355
f 7355 8 6
f 7355 6 7353
f 7353 6 2
f 7353 2 6981
f 6981 2 6982
f 105 7356 104
f 104 7356 7357
f 104 7357 111
f 111 7357 7358
f 111 7358 110
f 110 7358 7359
f 6992 7103 6993
f 6993 7103 102
f 6993 102 7359
f 7359 102 110
f 7080 7081 7123
f 7123 7081 7124
f 7124 7081 7082
f 7124 7082 7125
f 7125 7082 7083
f 7125 7083 7119
f 7123 7122 7080
f 7080 7122 7093
f 7080 7093 7091
f 7091 7093 7092
f 7091 7092 7090
f 7135 7154 7006
f 7006 7154 7025
f 7084 7085 7135
f 7135 7085 7086
f 7135 7086 7136
f 7006 7009 7135
f 7135 7009 7011
f 7135 7011 6977
f 7016 7014 7135
f 7135 7014 7111
f 7135 7111 7084
f 7084 7111 7121
f 7084 7121 7083
f 7083 7121 7120
f 7083 7120 7119
f 7086 7087 7136
f 7136 7087 7088
f 7136 7088 7062
f 7062 7088 7089
f 7062 7089 7063
f 7063 7089 7090
f 7063 7090 7064
f 7064 7090 7092
f 6989 6990 7353
f 7353 6990 7016
f 7353 7016 7355
f 7355 7016 7135
f 7355 7135 7354
f 7354 7135 6977
f 7354 6977 6976
f 7014 7013 7111
f 7111 7013 7022
f 7111 7022 7112
f 7112 7022 7018
f 7112 7018 7113
f 7113 7018 7020
f 7113 7020 7114
f 7114 7020 7035
f 7114 7035 7115
f 7115 7035 7033
f 7115 7033 7116
f 7033 7037 7116
f 7116 7037 7039
f 7116 7039 7117
f 7117 7039 7041
f 7117 7041 7118
f 7118 7041 7027
f 7118 7027 6997
f 6997 7027 6998
f 6997 6998 7000
f 7096 7097 7098
f 7150 7065 7078
f 7078 7065 7066
f 7078 7066 7077
f 7077 7066 7067
f 7077 7067 7076
f 7069 7149 7068
f 7068 7149 7150
f 7068 7150 7079
f 7079 7150 7078
f 7058 7155 7043
f 7043 7155 7149
f 7043 7149 7044
f 7044 7149 7046
f 7067 7094 7076
f 7076 7094 7095
f 7076 7095 7075
f 7075 7095 7107
f 7075 7107 7074
f 7074 7107 7108
f 7074 7108 7073
f 7108 7109 7073
f 7073 7109 7110
f 7073 7110 7072
f 7072 7110 7104
f 7072 7104 7071
f 7071 7104 7105
f 7071 7105 7106
f 7070 7051 7069
f 7069 7051 7053
f 7069 7053 6973
f 7096 7098 7106
f 7350 6969 7149
f 7149 6969 6970
f 7149 6970 7046
f 7350 7149 7352
f 7352 7149 7069
f 7352 7069 7351
f 7351 7069 6973
f 7351 6973 6972
f 7098 7054 7057
f 7001 6999 6992
f 6992 6999 7026
f 6992 7026 7103
f 7103 7026 7040
f 7103 7040 7102
f 7102 7040 7038
f 7102 7038 7101
f 7101 7038 7036
f 7101 7036 7100
f 7100 7036 7034
f 7100 7034 7099
f 7099 7034 7029
f 7099 7029 7098
f 7098 7029 7028
f 7098 7028 7054
f 7106 7098 7071
f 7071 7098 7057
f 7071 7057 7070
f 7070 7057 7048
f 7070 7048 7051
f 7058 7154 7155
f 7024 7025 7154
f 7060 7024 7061
f 7061 7024 7154
f 7061 7154 7059
f 7059 7154 7058
f 308 307 7356
f 7356 307 7005
f 7356 7005 7357
f 7357 7005 7003
f 7357 7003 7358
f 7358 7003 6994
f 7358 6994 7359
f 7359 6994 6993
f 297 7004 304
f 304 7004 7005
f 304 7005 307
f 313 106 83
f 7182 85 7231
f 7231 85 13
f 7231 13 7232
f 7232 13 7222
f 7222 13 22
f 7222 22 7224
f 113 7177 7158
f 7158 7157 113
f 113 7157 7215
f 113 7215 114
f 113 313 7177
f 7177 313 83
f 7177 83 7178
f 7178 83 85
f 7178 85 7180
f 7180 85 7182
f 7173 7231 7229
f 7173 7171 7231
f 7231 7171 7183
f 7231 7183 7182
f 7236 7234 7175
f 7175 7234 7233
f 7175 7233 7242
f 7229 7227 7173
f 7173 7227 7239
f 7173 7239 7175
f 7175 7239 7238
f 7175 7238 7236
f 7243 7164 7360
f 7360 7164 7163
f 7360 7163 7169
f 7242 7243 7175
f 7175 7243 7360
f 7175 7360 7176
f 7169 7167 7360
f 7360 7167 7160
f 7360 7160 7176
f 11 52 299
f 11 299 9
f 7224 22 7225
f 7225 22 23
f 7225 23 9
f 9 299 7225
f 7225 299 165
f 7225 165 7217
f 164 7219 165
f 165 7219 7218
f 165 7218 7217
f 308 7356 309
f 309 7356 105
f 309 105 107
f 7126 6996 6995
f 297 303 7004
f 7004 303 7153
f 7004 7153 7002
f 7002 7153 7152
f 7002 7152 6995
f 6995 7152 7151
f 6995 7151 7126
f 51 7153 53
f 53 7153 303
f 7361 7362 7363
f 7334 7333 7364
f 7267 7271 7274
f 7276 7277 7365
f 7361 7272 274
f 267 7362 270
f 270 7362 7361
f 270 7361 272
f 272 7361 274
f 7366 7269 7268
f 7276 7365 7275
f 7275 7365 7366
f 7275 7366 7274
f 7274 7366 7268
f 7274 7268 7267
f 7263 7264 7367
f 7367 7264 7266
f 7367 7266 7270
f 7261 7368 7260
f 7260 7368 7369
f 7260 7369 7258
f 7258 7369 7370
f 7258 7370 7256
f 7256 7370 7254
f 7254 7370 7371
f 7254 7371 7252
f 7252 7371 7250
f 7250 7371 7372
f 7250 7372 7247
f 7247 7372 7373
f 7247 7373 7248
f 7248 7373 7374
f 7248 7374 7246
f 7246 7374 7245
f 7245 7374 7375
f 7245 7375 7244
f 7244 7375 7295
f 7244 7295 7214
f 7294 7325 7376
f 230 7293 233
f 233 7293 7377
f 233 7377 234
f 234 7377 236
f 247 245 7378
f 7378 245 243
f 243 242 7378
f 7378 242 239
f 7378 239 238
f 7379 7380 7381
f 7381 7380 252
f 252 250 7381
f 7381 250 249
f 7381 249 7382
f 7382 249 247
f 7382 247 7383
f 7383 247 7378
f 7383 7378 7384
f 7384 7378 238
f 7384 238 7385
f 264 262 7386
f 7386 262 260
f 7386 260 257
f 7320 7295 7387
f 7387 7295 7375
f 7387 7375 7388
f 7388 7375 7374
f 7388 7374 7389
f 7389 7374 7373
f 7389 7373 7390
f 7390 7373 7372
f 7390 7372 7391
f 7391 7372 7371
f 7391 7371 7392
f 7392 7371 7370
f 7392 7370 7393
f 7393 7370 7369
f 7393 7369 7394
f 7394 7369 7368
f 7263 7367 7395
f 7395 7367 7396
f 7395 7396 7397
f 267 265 7362
f 7362 265 264
f 7362 264 7363
f 7363 264 7386
f 7363 7386 7379
f 7379 7386 257
f 7379 257 7380
f 7380 257 254
f 7380 254 252
f 7277 7273 7365
f 7365 7273 7398
f 7365 7398 7399
f 7400 7397 7399
f 7399 7397 7396
f 7399 7396 7365
f 7365 7396 7367
f 7365 7367 7366
f 7366 7367 7270
f 7366 7270 7269
f 7293 7401 7377
f 7377 7401 7385
f 7377 7385 236
f 236 7385 238
f 7273 7272 7398
f 7398 7272 7361
f 7398 7361 7399
f 7399 7361 7363
f 7399 7363 7400
f 7400 7363 7379
f 7400 7379 7402
f 7402 7379 7381
f 7402 7381 7403
f 7403 7381 7382
f 7403 7382 7404
f 7404 7382 7383
f 7404 7383 7405
f 7405 7383 7384
f 7405 7384 7406
f 7406 7384 7385
f 7406 7385 7407
f 7407 7385 7401
f 7408 7409 7410
f 7410 7409 7411
f 7410 7411 7412
f 7412 7411 7413
f 7412 7413 7414
f 7414 7413 7415
f 7414 7415 7416
f 7416 7415 7417
f 7416 7417 7418
f 7418 7417 7419
f 7418 7419 7364
f 7364 7419 7376
f 7364 7376 7334
f 7334 7376 7325
f 7408 7400 7409
f 7409 7400 7402
f 7409 7402 7411
f 7411 7402 7403
f 7411 7403 7413
f 7413 7403 7404
f 7413 7404 7415
f 7415 7404 7405
f 7415 7405 7417
f 7417 7405 7406
f 7417 7406 7419
f 7419 7406 7407
f 7419 7407 7376
f 7376 7407 7401
f 7376 7401 7294
f 7294 7401 7293
f 7333 7320 7364
f 7364 7320 7387
f 7364 7387 7418
f 7418 7387 7388
f 7418 7388 7416
f 7416 7388 7389
f 7416 7389 7414
f 7414 7389 7390
f 7414 7390 7412
f 7412 7390 7391
f 7412 7391 7410
f 7410 7391 7392
f 7410 7392 7408
f 7408 7392 7393
f 7408 7393 7400
f 7400 7393 7394
f 7400 7394 7397
f 7397 7394 7368
f 7397 7368 7395
f 7395 7368 7261
f 7395 7261 7263
