# https://github.com/mikedh/trimesh

o right_thumb_4_visuals.obj
v 0.00104912 -0.00003531 -0.00893734
v 0.00089477 -0.00038571 -0.00929067
v 0.00079381 -0.00044261 -0.00887129
v 0.00070418 -0.00084693 -0.00926502
v 0.00061927 -0.00089349 -0.00885104
v 0.00061337 -0.00130558 -0.00928887
v 0.00053459 -0.00134167 -0.00887592
v 0.00147036 0.00032315 -0.00947046
v 0.00118748 0.00004234 -0.00937028
v 0.00114833 -0.00000478 -0.00935808
v 0.00138013 0.00031800 -0.00905151
v 0.00148916 0.00040875 -0.00909470
v 0.00169447 0.00049008 -0.00956556
v 0.00176236 0.00059751 -0.00921526
v 0.00183179 0.00057310 -0.00963176
v 0.00215466 0.00071791 -0.00981665
v 0.00250745 0.00089327 -0.00966486
v 0.00281903 0.00092665 -0.00992902
v 0.00270829 0.00086305 -0.01004608
v 0.00214634 0.00078666 -0.00942087
v 0.00247589 0.00079177 -0.01005484
v 0.00259722 0.00079928 -0.01016338
v 0.00247238 0.00068538 -0.01029729
v 0.00237998 0.00050334 -0.01039758
v 0.00215181 0.00063188 -0.01003734
v 0.00202332 0.00042901 -0.01011033
v 0.00165744 0.00038979 -0.00974195
v 0.00119744 -0.00003236 -0.00954445
v 0.00073070 -0.00095306 -0.00943322
v 0.00068267 -0.00129179 -0.00947561
v 0.00080929 -0.00128674 -0.00962990
v 0.00095621 -0.00069300 -0.00961969
v 0.00083990 -0.00062562 -0.00944172
v 0.00099782 -0.00031350 -0.00947905
v 0.00166901 0.00023117 -0.00989829
v 0.00148891 0.00008256 -0.00980975
v 0.00126692 -0.00015771 -0.00971533
v 0.00101920 -0.00055140 -0.00963361
v 0.00095894 -0.00068624 -0.00962018
v 0.01686561 -0.00047401 -0.02518606
v 0.01675568 -0.00059958 -0.02532705
v 0.01664685 -0.00055714 -0.02526275
v 0.01627337 -0.00030967 -0.02483778
v 0.01580189 -0.00034536 -0.02472514
v 0.01593175 -0.00022535 -0.02459395
v 0.01538868 -0.00009190 -0.02413668
v 0.01495460 -0.00014163 -0.02398248
v 0.01516375 -0.00003835 -0.02392549
v 0.01337226 0.00017340 -0.02229598
v 0.01417629 0.00017118 -0.02290084
v 0.01509902 -0.00002337 -0.02386282
v 0.01122517 0.00057421 -0.01962599
v 0.01159814 0.00053829 -0.02004821
v 0.01108313 0.00046027 -0.01974171
v 0.01291868 0.00037923 -0.02152284
v 0.01351687 0.00028818 -0.02218088
v 0.00960700 0.00069388 -0.01776488
v 0.00802196 0.00064628 -0.01620740
v 0.00797653 0.00076519 -0.01587809
v 0.00541013 0.00080808 -0.01301238
v 0.00489298 0.00069604 -0.01272710
v 0.00507348 0.00080933 -0.01265281
v 0.00316478 0.00051027 -0.01115375
v 0.00479350 0.00051411 -0.01282059
v 0.00791603 0.00046455 -0.01629394
v 0.01097360 0.00027841 -0.01982332
v 0.01325878 -0.00000819 -0.02237270
v 0.01484025 -0.00032386 -0.02405631
v 0.01569464 -0.00052876 -0.02480639
v 0.01654597 -0.00074123 -0.02535033
v 0.01665913 -0.00077676 -0.02540934
v 0.00530793 0.00093667 -0.01243213
v 0.00448921 0.00093709 -0.01157679
v 0.00490938 0.00093733 -0.01201222
v 0.00642041 0.00092930 -0.01363704
v 0.00755840 0.00091022 -0.01491213
v 0.00854587 0.00088134 -0.01604396
v 0.01101327 0.00074097 -0.01889659
v 0.01298822 0.00053075 -0.02111884
v 0.01437615 0.00030752 -0.02264269
v 0.01497155 0.00018711 -0.02327805
v 0.01544422 0.00008055 -0.02374948
v 0.01562097 0.00003822 -0.02391411
v 0.01588329 -0.00002630 -0.02414466
v 0.01612666 -0.00008672 -0.02434180
v 0.01661916 -0.00020968 -0.02468676
v 0.01678330 -0.00025223 -0.02478544
v 0.01703924 -0.00032902 -0.02493013
v 0.00193864 -0.00711875 -0.01136083
v 0.00196344 -0.00723205 -0.01138444
v 0.00109615 -0.00734992 -0.01058485
v 0.00196708 -0.00726116 -0.01138790
v 0.00197179 -0.00734992 -0.01139238
v 0.00114019 -0.00708935 -0.01062423
v 0.00131584 -0.00704599 -0.01078273
v 0.00127613 -0.00686664 -0.01074650
v 0.00153759 -0.00674903 -0.01098521
v 0.00147593 -0.00675499 -0.01092849
v 0.00172581 -0.00680791 -0.01116006
v 0.00188602 -0.00699035 -0.01131090
v 0.00189830 -0.00701443 -0.01132253
v 0.00131586 -0.00765385 -0.01078269
v 0.00196710 -0.00743869 -0.01138789
v 0.00188605 -0.00770949 -0.01131085
v 0.00172586 -0.00789194 -0.01116000
v 0.00153766 -0.00795081 -0.01098515
v 0.00147598 -0.00794485 -0.01092843
v 0.00127618 -0.00783320 -0.01074645
v 0.00114021 -0.00761049 -0.01062421
v 0.00171598 -0.00824811 -0.01079203
v 0.00174167 -0.00825041 -0.01076419
v 0.00161767 -0.00823459 -0.01065038
v 0.00107719 -0.00746163 -0.01016669
v 0.00107190 -0.00734989 -0.01016206
v 0.00104965 -0.00734990 -0.01019062
v 0.00166466 -0.00822844 -0.01084767
v 0.00154409 -0.00821300 -0.01073698
v 0.00143113 -0.00814643 -0.01048121
v 0.00159764 -0.00816307 -0.01092028
v 0.00162592 -0.00819766 -0.01088966
v 0.00142157 -0.00816402 -0.01062557
v 0.00102637 -0.00752233 -0.01027320
v 0.00108514 -0.00752665 -0.01017367
v 0.00106428 -0.00768807 -0.01030656
v 0.00112413 -0.00769653 -0.01020795
v 0.00112570 -0.00784065 -0.01036078
v 0.00119130 -0.00786077 -0.01026721
v 0.00120807 -0.00797415 -0.01043391
v 0.00127204 -0.00798977 -0.01033883
v 0.00130804 -0.00808335 -0.01052327
v 0.00135634 -0.00801203 -0.01078867
v 0.00156122 -0.00809040 -0.01095971
v 0.00126461 -0.00794642 -0.01070565
v 0.00118389 -0.00785760 -0.01063306
v 0.00111741 -0.00774903 -0.01057362
v 0.00101567 -0.00734991 -0.01046700
v 0.00103729 -0.00749014 -0.01050238
v 0.00106786 -0.00762493 -0.01052953
v 0.00137333 -0.00810343 -0.01071521
v 0.00126863 -0.00802876 -0.01062069
v 0.00117645 -0.00792769 -0.01053810
v 0.00110051 -0.00780412 -0.01047051
v 0.00104390 -0.00766289 -0.01042036
v 0.00100896 -0.00750950 -0.01038951
v 0.00099710 -0.00734991 -0.01037907
v 0.00101351 -0.00734990 -0.01026191
v 0.00099895 -0.00734991 -0.01032406
v 0.00162583 -0.00650216 -0.01088975
v 0.00159757 -0.00653676 -0.01092037
v 0.00137327 -0.00659639 -0.01071529
v 0.00174159 -0.00644938 -0.01076430
v 0.00171591 -0.00645169 -0.01079213
v 0.00165957 -0.00645627 -0.01068890
v 0.00161759 -0.00646522 -0.01065048
v 0.00102636 -0.00717747 -0.01027322
v 0.00108511 -0.00717314 -0.01017369
v 0.00115041 -0.00692898 -0.01023117
v 0.00135627 -0.00668780 -0.01078874
v 0.00156115 -0.00660943 -0.01095979
v 0.00166459 -0.00647137 -0.01084776
v 0.00154401 -0.00648681 -0.01073707
v 0.00142150 -0.00653579 -0.01062567
v 0.00126456 -0.00675341 -0.01070571
v 0.00126857 -0.00667105 -0.01062078
v 0.00118384 -0.00684223 -0.01063312
v 0.00117639 -0.00677214 -0.01053817
v 0.00111737 -0.00695081 -0.01057366
v 0.00110047 -0.00689570 -0.01047056
v 0.00106783 -0.00707490 -0.01052956
v 0.00103727 -0.00720968 -0.01050240
v 0.00104388 -0.00703693 -0.01042039
v 0.00100894 -0.00719032 -0.01038953
v 0.00106426 -0.00701174 -0.01030659
v 0.00130798 -0.00661646 -0.01052335
v 0.00120801 -0.00672566 -0.01043398
v 0.00112565 -0.00685916 -0.01036084
v 0.00127199 -0.00671002 -0.01033890
v 0.00136426 -0.00660765 -0.01042130
v 0.00149158 -0.00651542 -0.01053594
v 0.00239521 -0.00734990 -0.01138252
v 0.00227337 -0.00734992 -0.01145917
v 0.00239022 -0.00723815 -0.01137771
v 0.00228818 -0.00717758 -0.01143696
v 0.00238266 -0.00717324 -0.01137039
v 0.00225196 -0.00701194 -0.01140199
v 0.00234543 -0.00700344 -0.01133441
v 0.00219306 -0.00685941 -0.01134530
v 0.00228109 -0.00683937 -0.01127242
v 0.00211362 -0.00672595 -0.01126922
v 0.00220323 -0.00671031 -0.01119779
v 0.00201656 -0.00661673 -0.01117689
v 0.00204865 -0.00655363 -0.01105091
v 0.00178463 -0.00648693 -0.01095900
v 0.00198931 -0.00651563 -0.01099500
v 0.00190551 -0.00653601 -0.01107207
v 0.00182001 -0.00659658 -0.01112732
v 0.00174812 -0.00668795 -0.01115012
v 0.00199912 -0.00734992 -0.01141539
v 0.00205884 -0.00720976 -0.01144452
v 0.00206875 -0.00734992 -0.01145401
v 0.00212946 -0.00734992 -0.01147063
v 0.00218491 -0.00734991 -0.01147453
v 0.00217364 -0.00719042 -0.01146366
v 0.00202940 -0.00707504 -0.01141634
v 0.00214016 -0.00703710 -0.01143144
v 0.00198153 -0.00695099 -0.01137064
v 0.00208570 -0.00689593 -0.01137921
v 0.00191700 -0.00684244 -0.01130928
v 0.00201228 -0.00677240 -0.01130909
v 0.00183821 -0.00675361 -0.01123478
v 0.00192259 -0.00667130 -0.01122398
v 0.00186586 -0.00823427 -0.01087930
v 0.00190697 -0.00816303 -0.01107330
v 0.00199082 -0.00818338 -0.01099625
v 0.00201850 -0.00808137 -0.01117857
v 0.00211399 -0.00809172 -0.01111265
v 0.00211578 -0.00797095 -0.01127116
v 0.00220547 -0.00798651 -0.01119980
v 0.00219516 -0.00783611 -0.01134722
v 0.00232037 -0.00777042 -0.01131014
v 0.00225368 -0.00768215 -0.01140359
v 0.00234721 -0.00769049 -0.01133605
v 0.00228919 -0.00751514 -0.01143791
v 0.00214175 -0.00765742 -0.01143293
v 0.00203081 -0.00762013 -0.01141763
v 0.00198326 -0.00774535 -0.01137219
v 0.00174931 -0.00801125 -0.01115110
v 0.00183979 -0.00794484 -0.01123613
v 0.00191876 -0.00785503 -0.01131085
v 0.00182136 -0.00810253 -0.01112844
v 0.00178544 -0.00821270 -0.01095960
v 0.00182357 -0.00824343 -0.01083997
v 0.00192439 -0.00802694 -0.01122554
v 0.00201429 -0.00792474 -0.01131089
v 0.00208765 -0.00779992 -0.01138099
v 0.00396993 -0.00709013 -0.01341446
v 0.00409491 -0.00686796 -0.01354758
v 0.00413273 -0.00704638 -0.01358835
v 0.00473768 -0.00726278 -0.01424433
v 0.00474197 -0.00734996 -0.01424904
v 0.00392957 -0.00734995 -0.01337163
v 0.00466213 -0.00699159 -0.01416143
v 0.00451263 -0.00680873 -0.01399813
v 0.00433754 -0.00674983 -0.01380822
v 0.00427932 -0.00675602 -0.01374540
v 0.00413276 -0.00765353 -0.01358832
v 0.00473768 -0.00743713 -0.01424431
v 0.00466215 -0.00770833 -0.01416139
v 0.00451267 -0.00789118 -0.01399806
v 0.00433761 -0.00795008 -0.01380816
v 0.00427938 -0.00794389 -0.01374533
v 0.00409497 -0.00783193 -0.01354752
v 0.00396996 -0.00760977 -0.01341444
v 0.00397822 -0.00764806 -0.01342308
v 0.00402632 -0.00777186 -0.01347292
v 0.00399391 -0.00778344 -0.01342629
v 0.00405112 -0.00785962 -0.01306267
v 0.00397493 -0.00763930 -0.01298253
v 0.00391121 -0.00763332 -0.01306750
v 0.00387898 -0.00734993 -0.01303368
v 0.00394674 -0.00746154 -0.01295294
v 0.00391689 -0.00734992 -0.01297485
v 0.00394194 -0.00734993 -0.01294793
v 0.00455824 -0.00824932 -0.01360379
v 0.00446378 -0.00823856 -0.01350199
v 0.00453039 -0.00824701 -0.01362955
v 0.00438903 -0.00822025 -0.01357541
v 0.00448137 -0.00823079 -0.01367495
v 0.00432527 -0.00816387 -0.01364671
v 0.00443286 -0.00819652 -0.01371987
v 0.00429726 -0.00811367 -0.01368343
v 0.00436298 -0.00808937 -0.01378462
v 0.00427403 -0.00801565 -0.01372585
v 0.00427424 -0.00794986 -0.01373965
v 0.00433767 -0.00795713 -0.01380809
v 0.00394686 -0.00754526 -0.01338980
v 0.00391046 -0.00756668 -0.01333782
v 0.00392482 -0.00734995 -0.01336645
v 0.00385929 -0.00734994 -0.01324693
v 0.00387944 -0.00759859 -0.01323833
v 0.00387939 -0.00761494 -0.01317222
v 0.00385494 -0.00734993 -0.01310320
v 0.00411154 -0.00787543 -0.01356392
v 0.00411510 -0.00793281 -0.01355538
v 0.00411467 -0.00801864 -0.01348781
v 0.00413048 -0.00806260 -0.01343814
v 0.00418035 -0.00811198 -0.01335211
v 0.00427145 -0.00814511 -0.01329612
v 0.00408732 -0.00792867 -0.01310084
v 0.00402103 -0.00791671 -0.01318318
v 0.00398184 -0.00787998 -0.01328032
v 0.00397540 -0.00784728 -0.01333976
v 0.00420968 -0.00660927 -0.01323057
v 0.00425023 -0.00657183 -0.01327369
v 0.00418028 -0.00658790 -0.01335219
v 0.00448205 -0.00645752 -0.01352182
v 0.00455816 -0.00645055 -0.01360390
v 0.00453031 -0.00645285 -0.01362966
v 0.00438894 -0.00647963 -0.01357551
v 0.00408726 -0.00677119 -0.01310091
v 0.00391045 -0.00713321 -0.01333785
v 0.00387941 -0.00710129 -0.01323837
v 0.00387938 -0.00708494 -0.01317225
v 0.00391119 -0.00706655 -0.01306753
v 0.00397491 -0.00706055 -0.01298255
v 0.00394683 -0.00715463 -0.01338981
v 0.00397820 -0.00705184 -0.01342311
v 0.00427418 -0.00675004 -0.01373973
v 0.00427397 -0.00668426 -0.01372593
v 0.00436291 -0.00661053 -0.01378469
v 0.00433762 -0.00674278 -0.01380816
v 0.00448130 -0.00646910 -0.01367504
v 0.00443278 -0.00650337 -0.01371997
v 0.00432519 -0.00653603 -0.01364680
v 0.00429719 -0.00658623 -0.01368351
v 0.00402521 -0.00692672 -0.01347156
v 0.00411222 -0.00682675 -0.01356504
v 0.00411505 -0.00676709 -0.01355544
v 0.00411462 -0.00668126 -0.01348788
v 0.00413040 -0.00663729 -0.01343822
v 0.00399388 -0.00691645 -0.01342634
v 0.00397534 -0.00685261 -0.01333981
v 0.00398178 -0.00681990 -0.01328038
v 0.00402099 -0.00678315 -0.01318325
v 0.00401360 -0.00693017 -0.01302325
v 0.00505922 -0.00684076 -0.01415127
v 0.00508564 -0.00690333 -0.01418044
v 0.00499713 -0.00691257 -0.01423879
v 0.00494868 -0.00666017 -0.01402953
v 0.00475408 -0.00649824 -0.01381650
v 0.00467283 -0.00651582 -0.01388296
v 0.00459029 -0.00656989 -0.01393389
v 0.00454603 -0.00661772 -0.01395261
v 0.00449074 -0.00671155 -0.01396039
v 0.00446917 -0.00677587 -0.01395074
v 0.00453807 -0.00682144 -0.01402574
v 0.00474164 -0.00726055 -0.01424857
v 0.00516084 -0.00723898 -0.01426361
v 0.00516549 -0.00734995 -0.01426875
v 0.00506873 -0.00722004 -0.01431795
v 0.00503903 -0.00734995 -0.01433701
v 0.00496024 -0.00722848 -0.01433993
v 0.00489519 -0.00734996 -0.01433878
v 0.00489325 -0.00723593 -0.01433334
v 0.00476850 -0.00734996 -0.01427470
v 0.00479358 -0.00725054 -0.01429183
v 0.00462302 -0.00688851 -0.01411698
v 0.00469164 -0.00701939 -0.01419276
v 0.00473877 -0.00701522 -0.01423155
v 0.00483042 -0.00696601 -0.01426407
v 0.00489331 -0.00694094 -0.01426605
v 0.00463626 -0.00683294 -0.01411915
v 0.00471291 -0.00675696 -0.01413494
v 0.00476811 -0.00671823 -0.01412832
v 0.00486316 -0.00667442 -0.01409124
v 0.00484297 -0.00655489 -0.01391360
v 0.00453812 -0.00787847 -0.01402569
v 0.00462197 -0.00780957 -0.01411602
v 0.00463631 -0.00786697 -0.01411909
v 0.00446921 -0.00792405 -0.01395069
v 0.00463377 -0.00824241 -0.01368554
v 0.00475416 -0.00820164 -0.01381641
v 0.00467291 -0.00818407 -0.01388287
v 0.00490344 -0.00809078 -0.01397968
v 0.00506874 -0.00747986 -0.01431793
v 0.00515884 -0.00748260 -0.01426138
v 0.00496025 -0.00747144 -0.01433992
v 0.00489326 -0.00746399 -0.01433334
v 0.00479359 -0.00744938 -0.01429182
v 0.00474165 -0.00743937 -0.01424857
v 0.00449080 -0.00798837 -0.01396032
v 0.00459036 -0.00813001 -0.01393380
v 0.00454609 -0.00808219 -0.01395253
v 0.00469339 -0.00768181 -0.01419432
v 0.00473880 -0.00768471 -0.01423152
v 0.00483044 -0.00773390 -0.01426404
v 0.00489334 -0.00775897 -0.01426601
v 0.00499716 -0.00778733 -0.01423876
v 0.00509558 -0.00776972 -0.01419136
v 0.00494874 -0.00803971 -0.01402945
v 0.00486322 -0.00802547 -0.01409116
v 0.00476817 -0.00798168 -0.01412825
v 0.00471296 -0.00794295 -0.01413486
v 0.00663992 -0.00709046 -0.01637878
v 0.00676031 -0.00686835 -0.01651610
v 0.00679811 -0.00704619 -0.01655966
v 0.00738444 -0.00726323 -0.01723346
v 0.00738860 -0.00735001 -0.01723826
v 0.00660113 -0.00735000 -0.01633460
v 0.00731092 -0.00699181 -0.01714850
v 0.00716541 -0.00680873 -0.01698068
v 0.00699546 -0.00674983 -0.01678528
v 0.00693852 -0.00675614 -0.01671995
v 0.00679814 -0.00765381 -0.01655964
v 0.00738446 -0.00743679 -0.01723345
v 0.00731094 -0.00770821 -0.01714846
v 0.00716546 -0.00789128 -0.01698061
v 0.00699551 -0.00795018 -0.01678520
v 0.00693857 -0.00794387 -0.01671989
v 0.00676036 -0.00783165 -0.01651605
v 0.00663993 -0.00760953 -0.01637875
v 0.00664758 -0.00764811 -0.01638728
v 0.00669401 -0.00777172 -0.01643881
v 0.00666332 -0.00778313 -0.01639120
v 0.00673375 -0.00785982 -0.01603008
v 0.00666054 -0.00763908 -0.01594709
v 0.00659366 -0.00763313 -0.01602953
v 0.00656283 -0.00734998 -0.01599464
v 0.00663361 -0.00746174 -0.01591661
v 0.00660252 -0.00734997 -0.01593784
v 0.00662903 -0.00734997 -0.01591142
v 0.00722216 -0.00824932 -0.01658737
v 0.00713203 -0.00823882 -0.01648404
v 0.00719353 -0.00824703 -0.01661230
v 0.00705501 -0.00822056 -0.01655505
v 0.00714322 -0.00823085 -0.01665617
v 0.00698903 -0.00816426 -0.01662425
v 0.00709333 -0.00819657 -0.01669968
v 0.00695975 -0.00811391 -0.01666016
v 0.00702155 -0.00808946 -0.01676235
v 0.00693516 -0.00801601 -0.01670174
v 0.00693483 -0.00795070 -0.01671543
v 0.00699559 -0.00795779 -0.01678512
v 0.00661738 -0.00754535 -0.01635292
v 0.00658308 -0.00756659 -0.01629991
v 0.00659620 -0.00735000 -0.01632884
v 0.00653524 -0.00734999 -0.01620728
v 0.00655559 -0.00759843 -0.01619932
v 0.00655796 -0.00761481 -0.01613297
v 0.00653603 -0.00734998 -0.01606369
v 0.00677714 -0.00787641 -0.01653376
v 0.00678124 -0.00793356 -0.01652566
v 0.00678310 -0.00801934 -0.01645820
v 0.00680064 -0.00806346 -0.01640893
v 0.00685341 -0.00811280 -0.01632472
v 0.00694550 -0.00814514 -0.01627092
v 0.00676808 -0.00792808 -0.01606904
v 0.00669887 -0.00791618 -0.01614889
v 0.00665624 -0.00787955 -0.01624455
v 0.00664772 -0.00784680 -0.01630399
v 0.00688603 -0.00660937 -0.01620330
v 0.00692595 -0.00657114 -0.01624877
v 0.00685334 -0.00658718 -0.01632480
v 0.00714848 -0.00645763 -0.01650309
v 0.00722207 -0.00645064 -0.01658747
v 0.00719345 -0.00645294 -0.01661241
v 0.00705494 -0.00647942 -0.01655515
v 0.00676803 -0.00677187 -0.01606910
v 0.00658307 -0.00713340 -0.01629993
v 0.00655557 -0.00710156 -0.01619935
v 0.00655794 -0.00708516 -0.01613300
v 0.00659364 -0.00706683 -0.01602958
v 0.00666052 -0.00706086 -0.01594712
v 0.00661737 -0.00715464 -0.01635294
v 0.00664755 -0.00705188 -0.01638732
v 0.00693478 -0.00674930 -0.01671550
v 0.00693511 -0.00668400 -0.01670180
v 0.00702150 -0.00661054 -0.01676243
v 0.00699554 -0.00674221 -0.01678518
v 0.00714314 -0.00646913 -0.01665627
v 0.00709325 -0.00650341 -0.01669977
v 0.00698896 -0.00653573 -0.01662434
v 0.00695968 -0.00658609 -0.01666025
v 0.00669296 -0.00692695 -0.01643742
v 0.00677777 -0.00682585 -0.01653489
v 0.00678119 -0.00676644 -0.01652572
v 0.00678303 -0.00668065 -0.01645828
v 0.00680057 -0.00663653 -0.01640902
v 0.00666328 -0.00691686 -0.01639124
v 0.00664768 -0.00685318 -0.01630405
v 0.00665620 -0.00682042 -0.01624462
v 0.00669882 -0.00678378 -0.01614896
v 0.00669770 -0.00693015 -0.01598928
v 0.00770825 -0.00684090 -0.01714833
v 0.00773351 -0.00690227 -0.01717760
v 0.00764365 -0.00691151 -0.01723386
v 0.00760095 -0.00666057 -0.01702409
v 0.00732874 -0.00651585 -0.01686984
v 0.00741178 -0.00649831 -0.01680565
v 0.00747410 -0.00653671 -0.01687752
v 0.00724484 -0.00656986 -0.01691847
v 0.00720005 -0.00661767 -0.01693596
v 0.00714459 -0.00671135 -0.01694221
v 0.00712319 -0.00677580 -0.01693195
v 0.00719025 -0.00682147 -0.01700917
v 0.00738822 -0.00725962 -0.01723771
v 0.00780719 -0.00723906 -0.01726304
v 0.00781172 -0.00734999 -0.01726829
v 0.00771373 -0.00721869 -0.01731510
v 0.00768385 -0.00735000 -0.01733361
v 0.00760478 -0.00722720 -0.01733453
v 0.00754026 -0.00735001 -0.01733206
v 0.00753792 -0.00723473 -0.01732632
v 0.00741493 -0.00735001 -0.01726498
v 0.00743927 -0.00724948 -0.01728240
v 0.00727302 -0.00688870 -0.01710303
v 0.00733930 -0.00701882 -0.01718022
v 0.00738561 -0.00701430 -0.01722034
v 0.00747641 -0.00696506 -0.01725511
v 0.00753926 -0.00693992 -0.01725863
v 0.00728629 -0.00683305 -0.01710557
v 0.00736254 -0.00675721 -0.01712341
v 0.00741795 -0.00671851 -0.01711824
v 0.00751391 -0.00667478 -0.01708362
v 0.00749803 -0.00655497 -0.01690514
v 0.00719030 -0.00787854 -0.01700912
v 0.00727198 -0.00780947 -0.01710204
v 0.00728634 -0.00786697 -0.01710551
v 0.00712324 -0.00792421 -0.01693189
v 0.00755677 -0.00809077 -0.01697285
v 0.00747793 -0.00816053 -0.01688178
v 0.00732882 -0.00818414 -0.01686974
v 0.00741185 -0.00820166 -0.01680555
v 0.00729525 -0.00824241 -0.01667134
v 0.00771375 -0.00748131 -0.01731508
v 0.00780511 -0.00748408 -0.01726060
v 0.00760478 -0.00747281 -0.01733452
v 0.00753793 -0.00746529 -0.01732630
v 0.00743928 -0.00745054 -0.01728238
v 0.00738822 -0.00744040 -0.01723770
v 0.00714464 -0.00798866 -0.01694215
v 0.00724491 -0.00813013 -0.01691838
v 0.00720012 -0.00808234 -0.01693588
v 0.00734101 -0.00768249 -0.01718183
v 0.00738565 -0.00768572 -0.01722031
v 0.00747645 -0.00773496 -0.01725508
v 0.00753928 -0.00776008 -0.01725858
v 0.00764370 -0.00778848 -0.01723380
v 0.00774364 -0.00776970 -0.01718927
v 0.00760101 -0.00803941 -0.01702402
v 0.00751397 -0.00802522 -0.01708355
v 0.00741800 -0.00798149 -0.01711817
v 0.00736259 -0.00794280 -0.01712334
v 0.01000093 -0.00726337 -0.02026047
v 0.01000505 -0.00735006 -0.02026521
v 0.00961383 -0.00735006 -0.01981368
v 0.00992740 -0.00699190 -0.02017539
v 0.00978183 -0.00680874 -0.02000694
v 0.00961201 -0.00674982 -0.01981057
v 0.00921894 -0.00735005 -0.01935673
v 0.00925750 -0.00709072 -0.01940123
v 0.00955489 -0.00675619 -0.01974456
v 0.00937729 -0.00686857 -0.01953947
v 0.00961206 -0.00795029 -0.01981051
v 0.00955494 -0.00794392 -0.01974450
v 0.00937734 -0.00783153 -0.01953943
v 0.00925752 -0.00760939 -0.01940121
v 0.01000093 -0.00743675 -0.02026045
v 0.00992744 -0.00770822 -0.02017535
v 0.00978188 -0.00789138 -0.02000688
v 0.00935370 -0.00785956 -0.01905297
v 0.00928117 -0.00763895 -0.01896944
v 0.00921306 -0.00763288 -0.01905230
v 0.00918248 -0.00735003 -0.01901711
v 0.00925446 -0.00746150 -0.01893871
v 0.00922295 -0.00735003 -0.01895993
v 0.00924992 -0.00735003 -0.01893349
v 0.00983953 -0.00824925 -0.01961339
v 0.00963330 -0.00819243 -0.01937526
v 0.00981078 -0.00824698 -0.01963827
v 0.00955770 -0.00817482 -0.01944952
v 0.00975956 -0.00823046 -0.01968261
v 0.00950501 -0.00812966 -0.01951756
v 0.00971026 -0.00819658 -0.01972531
v 0.00947038 -0.00805085 -0.01958662
v 0.00963823 -0.00808953 -0.01978773
v 0.00946625 -0.00795989 -0.01963523
v 0.00961214 -0.00795760 -0.01981042
v 0.00921164 -0.00755916 -0.01934150
v 0.00917772 -0.00759036 -0.01924912
v 0.00915380 -0.00735005 -0.01922867
v 0.00917935 -0.00761739 -0.01914212
v 0.00915560 -0.00735003 -0.01908515
v 0.00933363 -0.00783857 -0.01948217
v 0.00931793 -0.00791143 -0.01941074
v 0.00933537 -0.00797457 -0.01932189
v 0.00937817 -0.00801076 -0.01924251
v 0.00956394 -0.00814496 -0.01929526
v 0.00928863 -0.00776818 -0.01943026
v 0.00926622 -0.00783054 -0.01935113
v 0.00927783 -0.00788459 -0.01925558
v 0.00931729 -0.00791557 -0.01917234
v 0.00938766 -0.00792767 -0.01909208
v 0.00976624 -0.00645778 -0.01952892
v 0.00983945 -0.00645082 -0.01961350
v 0.00981071 -0.00645310 -0.01963838
v 0.00963322 -0.00650763 -0.01937535
v 0.00955763 -0.00652526 -0.01944961
v 0.00950500 -0.00660951 -0.01922745
v 0.00921163 -0.00714093 -0.01934152
v 0.00917770 -0.00710974 -0.01924916
v 0.00917932 -0.00708268 -0.01914215
v 0.00921304 -0.00706718 -0.01905234
v 0.00928114 -0.00706110 -0.01896948
v 0.00975949 -0.00646963 -0.01968272
v 0.00971019 -0.00650352 -0.01972541
v 0.00950495 -0.00657043 -0.01951764
v 0.00963818 -0.00661058 -0.01978782
v 0.00947032 -0.00664925 -0.01958670
v 0.00946619 -0.00674022 -0.01963530
v 0.00933358 -0.00686153 -0.01948221
v 0.00931788 -0.00678866 -0.01941080
v 0.00933532 -0.00672551 -0.01932197
v 0.00937812 -0.00668931 -0.01924258
v 0.00944982 -0.00667516 -0.01916385
v 0.00928859 -0.00693192 -0.01943032
v 0.00926617 -0.00686954 -0.01935118
v 0.00927779 -0.00681548 -0.01925564
v 0.00931724 -0.00678449 -0.01917240
v 0.00931806 -0.00693021 -0.01901203
v 0.01032519 -0.00684130 -0.02017559
v 0.01034980 -0.00690095 -0.02020410
v 0.01026008 -0.00691018 -0.02026042
v 0.01021806 -0.00666113 -0.02005152
v 0.00993894 -0.00646374 -0.01972850
v 0.00976098 -0.00671157 -0.01996833
v 0.00981645 -0.00661794 -0.01996232
v 0.00986165 -0.00656980 -0.01994481
v 0.00994564 -0.00651594 -0.01989636
v 0.01002873 -0.00649849 -0.01983236
v 0.00973989 -0.00677472 -0.01995826
v 0.00980717 -0.00682058 -0.02003609
v 0.01000532 -0.00725811 -0.02026539
v 0.01042399 -0.00723887 -0.02029000
v 0.01042851 -0.00735005 -0.02029521
v 0.01033052 -0.00721673 -0.02034197
v 0.01030094 -0.00735005 -0.02036068
v 0.01022165 -0.00722535 -0.02036155
v 0.01015751 -0.00735007 -0.02035938
v 0.01015422 -0.00723304 -0.02035328
v 0.01003178 -0.00735006 -0.02029232
v 0.01005554 -0.00724801 -0.02030921
v 0.00988990 -0.00688829 -0.02013015
v 0.00995587 -0.00701797 -0.02020719
v 0.01000163 -0.00701336 -0.02024682
v 0.01009240 -0.00696398 -0.02028172
v 0.01015577 -0.00693859 -0.02028528
v 0.00990288 -0.00683352 -0.02013252
v 0.00997918 -0.00675777 -0.02015063
v 0.01003508 -0.00671882 -0.02014554
v 0.01013105 -0.00667524 -0.02011099
v 0.01011508 -0.00655531 -0.01993231
v 0.00980721 -0.00787955 -0.02003603
v 0.00988892 -0.00781007 -0.02012921
v 0.00990292 -0.00786661 -0.02013245
v 0.01017414 -0.00809012 -0.02000051
v 0.01002880 -0.00820158 -0.01983227
v 0.00994570 -0.00818415 -0.01989627
v 0.00993712 -0.00823683 -0.01972620
v 0.00991286 -0.00824225 -0.01969816
v 0.01033054 -0.00748338 -0.02034196
v 0.01042173 -0.00748617 -0.02028736
v 0.01022165 -0.00747477 -0.02036154
v 0.01015423 -0.00746707 -0.02035326
v 0.01005555 -0.00745212 -0.02030920
v 0.01000534 -0.00744202 -0.02026539
v 0.00973993 -0.00792540 -0.01995819
v 0.00976103 -0.00798855 -0.01996827
v 0.00981652 -0.00808217 -0.01996224
v 0.00986173 -0.00813031 -0.01994473
v 0.00995753 -0.00768342 -0.02020875
v 0.01000166 -0.00768677 -0.02024679
v 0.01009244 -0.00773613 -0.02028168
v 0.01015581 -0.00776152 -0.02028523
v 0.01026013 -0.00778993 -0.02026037
v 0.01036068 -0.00776913 -0.02021660
v 0.01021813 -0.00803896 -0.02005145
v 0.01013112 -0.00802486 -0.02011093
v 0.01003514 -0.00798129 -0.02014546
v 0.00997923 -0.00794235 -0.02015056
v 0.01267062 -0.00726268 -0.02325938
v 0.01267483 -0.00735011 -0.02326395
v 0.01227317 -0.00735011 -0.02282769
v 0.01259440 -0.00699136 -0.02317665
v 0.01244338 -0.00680823 -0.02301218
v 0.01226741 -0.00674934 -0.02281980
v 0.01186105 -0.00735010 -0.02237288
v 0.01190092 -0.00709100 -0.02241691
v 0.01220828 -0.00675574 -0.02275502
v 0.01202458 -0.00686842 -0.02255319
v 0.01226746 -0.00795087 -0.02281974
v 0.01220834 -0.00794448 -0.02275496
v 0.01202462 -0.00783178 -0.02255313
v 0.01190094 -0.00760920 -0.02241687
v 0.01267062 -0.00743754 -0.02325938
v 0.01259442 -0.00770887 -0.02317661
v 0.01244342 -0.00789198 -0.02301213
v 0.01198967 -0.00785838 -0.02206602
v 0.01191569 -0.00763870 -0.02198421
v 0.01184915 -0.00763271 -0.02206823
v 0.01181758 -0.00735008 -0.02203331
v 0.01188811 -0.00746000 -0.02195369
v 0.01185664 -0.00735008 -0.02197585
v 0.01188348 -0.00735007 -0.02194855
v 0.01222970 -0.00809237 -0.02271935
v 0.01236382 -0.00819706 -0.02273199
v 0.01227502 -0.00817549 -0.02266297
v 0.01241215 -0.00823090 -0.02268788
v 0.01233316 -0.00822309 -0.02260133
v 0.01246204 -0.00824724 -0.02264233
v 0.01240962 -0.00824149 -0.02252827
v 0.01249023 -0.00824946 -0.02261659
v 0.01221235 -0.00799583 -0.02275263
v 0.01226767 -0.00796244 -0.02281957
v 0.01229331 -0.00809017 -0.02279630
v 0.01185367 -0.00755912 -0.02235798
v 0.01181765 -0.00759037 -0.02226576
v 0.01179301 -0.00735010 -0.02224563
v 0.01181714 -0.00761728 -0.02215875
v 0.01179192 -0.00735009 -0.02210212
v 0.01205742 -0.00792008 -0.02258250
v 0.01205168 -0.00800530 -0.02252381
v 0.01207718 -0.00807867 -0.02244561
v 0.01212402 -0.00812071 -0.02237154
v 0.01220578 -0.00814468 -0.02230433
v 0.01193295 -0.00776808 -0.02244546
v 0.01190870 -0.00783057 -0.02236630
v 0.01191830 -0.00788439 -0.02227051
v 0.01195607 -0.00791523 -0.02218642
v 0.01202481 -0.00792719 -0.02210482
v 0.01214600 -0.00660918 -0.02223865
v 0.01219613 -0.00656318 -0.02229386
v 0.01212394 -0.00657947 -0.02237163
v 0.01241548 -0.00645754 -0.02253488
v 0.01249015 -0.00645072 -0.02261669
v 0.01246197 -0.00645294 -0.02264243
v 0.01233308 -0.00647709 -0.02260143
v 0.01202476 -0.00677297 -0.02210488
v 0.01185365 -0.00714108 -0.02235801
v 0.01181763 -0.00710983 -0.02226580
v 0.01181712 -0.00708290 -0.02215879
v 0.01184913 -0.00706745 -0.02206827
v 0.01191566 -0.00706145 -0.02198425
v 0.01241207 -0.00646928 -0.02268798
v 0.01236374 -0.00650313 -0.02273209
v 0.01227496 -0.00652471 -0.02266306
v 0.01229325 -0.00661004 -0.02279638
v 0.01222964 -0.00660784 -0.02271943
v 0.01221230 -0.00670438 -0.02275270
v 0.01205738 -0.00678012 -0.02258256
v 0.01205163 -0.00669490 -0.02252388
v 0.01207712 -0.00662152 -0.02244570
v 0.01195372 -0.00693013 -0.02202636
v 0.01195602 -0.00678494 -0.02218647
v 0.01191825 -0.00681579 -0.02227059
v 0.01190865 -0.00686962 -0.02236635
v 0.01193292 -0.00693212 -0.02244550
v 0.01309507 -0.00723730 -0.02327450
v 0.01309972 -0.00735010 -0.02327950
v 0.01306987 -0.00735010 -0.02330405
v 0.01306077 -0.00703248 -0.02323751
v 0.01297252 -0.00703890 -0.02329599
v 0.01299274 -0.00684057 -0.02316400
v 0.01268572 -0.00649830 -0.02283042
v 0.01260475 -0.00651545 -0.02289672
v 0.01252231 -0.00656888 -0.02294756
v 0.01247632 -0.00661830 -0.02296680
v 0.01240094 -0.00677019 -0.02296546
v 0.01242105 -0.00671200 -0.02297404
v 0.01265636 -0.00713394 -0.02324355
v 0.01270221 -0.00711224 -0.02327994
v 0.01268290 -0.00735011 -0.02327231
v 0.01279571 -0.00735011 -0.02334327
v 0.01301073 -0.00735011 -0.02333719
v 0.01293851 -0.00735011 -0.02335721
v 0.01286667 -0.00705885 -0.02332164
v 0.01279890 -0.00707729 -0.02331741
v 0.01257870 -0.00694419 -0.02315919
v 0.01261670 -0.00690345 -0.02318715
v 0.01270077 -0.00683783 -0.02321109
v 0.01276191 -0.00680322 -0.02320821
v 0.01286063 -0.00676579 -0.02317494
v 0.01294667 -0.00675377 -0.02311412
v 0.01277538 -0.00655528 -0.02292809
v 0.01279750 -0.00667527 -0.02310647
v 0.01270280 -0.00671849 -0.02314405
v 0.01264540 -0.00675846 -0.02315095
v 0.01256844 -0.00683423 -0.02313468
v 0.01253485 -0.00688128 -0.02311149
v 0.01265639 -0.00756629 -0.02324353
v 0.01283768 -0.00808908 -0.02299570
v 0.01268580 -0.00820188 -0.02283032
v 0.01260483 -0.00818475 -0.02289661
v 0.01256739 -0.00824222 -0.02270102
v 0.01306079 -0.00766771 -0.02323747
v 0.01297254 -0.00766131 -0.02329595
v 0.01286669 -0.00764137 -0.02332161
v 0.01279891 -0.00762293 -0.02331738
v 0.01270224 -0.00758798 -0.02327992
v 0.01240099 -0.00793003 -0.02296539
v 0.01242110 -0.00798822 -0.02297396
v 0.01247639 -0.00808191 -0.02296672
v 0.01252237 -0.00813134 -0.02294748
v 0.01303004 -0.00776865 -0.02320424
v 0.01286068 -0.00793441 -0.02317489
v 0.01276195 -0.00789700 -0.02320816
v 0.01270081 -0.00786239 -0.02321103
v 0.01261673 -0.00779678 -0.02318710
v 0.01257873 -0.00775604 -0.02315914
v 0.01253490 -0.00781895 -0.02311144
v 0.01256848 -0.00786600 -0.02313462
v 0.01264545 -0.00794176 -0.02315089
v 0.01270284 -0.00798173 -0.02314399
v 0.01279756 -0.00802493 -0.02310639
v 0.01288234 -0.00803879 -0.02304422
v 0.01489548 -0.00686984 -0.02541491
v 0.01512375 -0.00675316 -0.02558248
v 0.01474676 -0.00709401 -0.02529846
v 0.01520738 -0.00735014 -0.02564208
v 0.01469958 -0.00735014 -0.02526033
v 0.01520681 -0.00674530 -0.02564000
v 0.01530621 -0.00675595 -0.02570636
v 0.01540809 -0.00678998 -0.02577155
v 0.01550322 -0.00684610 -0.02582983
v 0.01558740 -0.00692211 -0.02587931
v 0.01565683 -0.00701499 -0.02591866
v 0.01570823 -0.00712110 -0.02594692
v 0.01573921 -0.00723623 -0.02596361
v 0.01574836 -0.00735013 -0.02596845
v 0.01550326 -0.00785416 -0.02582977
v 0.01540814 -0.00791028 -0.02577148
v 0.01558745 -0.00777815 -0.02587927
v 0.01573922 -0.00746403 -0.02596359
v 0.01570825 -0.00757916 -0.02594689
v 0.01565686 -0.00768527 -0.02591862
v 0.01530627 -0.00794432 -0.02570629
v 0.01520686 -0.00795497 -0.02563993
v 0.01512380 -0.00794712 -0.02558242
v 0.01489552 -0.00783043 -0.02541486
v 0.01474679 -0.00760626 -0.02529843
v 0.01478391 -0.00786243 -0.02493870
v 0.01469716 -0.00763684 -0.02486515
v 0.01464209 -0.00763104 -0.02495619
v 0.01460582 -0.00735012 -0.02492503
v 0.01466618 -0.00746061 -0.02483845
v 0.01463531 -0.00735012 -0.02486684
v 0.01466057 -0.00735011 -0.02483361
v 0.01537853 -0.00825518 -0.02539153
v 0.01527222 -0.00824563 -0.02531758
v 0.01535716 -0.00825304 -0.02542292
v 0.01521348 -0.00822761 -0.02540463
v 0.01531935 -0.00823696 -0.02547826
v 0.01516986 -0.00818000 -0.02547775
v 0.01513850 -0.00809843 -0.02554225
v 0.01525831 -0.00816831 -0.02556709
v 0.01528236 -0.00820329 -0.02553221
v 0.01512903 -0.00799836 -0.02558064
v 0.01521040 -0.00801186 -0.02563547
v 0.01522769 -0.00809595 -0.02561117
v 0.01469034 -0.00755772 -0.02524710
v 0.01463780 -0.00758972 -0.02515611
v 0.01461080 -0.00735013 -0.02514176
v 0.01462226 -0.00761580 -0.02505073
v 0.01458855 -0.00735013 -0.02500163
v 0.01493451 -0.00791915 -0.02543887
v 0.01491596 -0.00800693 -0.02537854
v 0.01492617 -0.00807848 -0.02529714
v 0.01495921 -0.00812025 -0.02521539
v 0.01503755 -0.00815056 -0.02514327
v 0.01478394 -0.00776531 -0.02532237
v 0.01474428 -0.00782932 -0.02524349
v 0.01473851 -0.00788150 -0.02514762
v 0.01476339 -0.00791197 -0.02505822
v 0.01481946 -0.00792354 -0.02496834
v 0.01496717 -0.00660328 -0.02508827
v 0.01501656 -0.00656415 -0.02512711
v 0.01495914 -0.00657999 -0.02521547
v 0.01528835 -0.00645192 -0.02532915
v 0.01537846 -0.00644505 -0.02539163
v 0.01535708 -0.00644719 -0.02542302
v 0.01521340 -0.00647263 -0.02540473
v 0.01481941 -0.00677668 -0.02496841
v 0.01469033 -0.00714255 -0.02524711
v 0.01463778 -0.00711055 -0.02515614
v 0.01462225 -0.00708446 -0.02505076
v 0.01464206 -0.00706921 -0.02495623
v 0.01469712 -0.00706339 -0.02486518
v 0.01531929 -0.00646328 -0.02547836
v 0.01528228 -0.00649697 -0.02553231
v 0.01516978 -0.00652026 -0.02547785
v 0.01525823 -0.00653195 -0.02556718
v 0.01513843 -0.00660183 -0.02554234
v 0.01522761 -0.00660431 -0.02561126
v 0.01512897 -0.00670191 -0.02558072
v 0.01521034 -0.00668841 -0.02563554
v 0.01493446 -0.00678112 -0.02543894
v 0.01491589 -0.00669333 -0.02537861
v 0.01492611 -0.00662178 -0.02529724
v 0.01474224 -0.00692682 -0.02490368
v 0.01476335 -0.00678827 -0.02505829
v 0.01473846 -0.00681875 -0.02514769
v 0.01474423 -0.00687095 -0.02524354
v 0.01478391 -0.00693496 -0.02532241
v 0.01615441 -0.00723327 -0.02583276
v 0.01607971 -0.00718365 -0.02592347
v 0.01614704 -0.00717954 -0.02582939
v 0.01603483 -0.00701541 -0.02590236
v 0.01610202 -0.00700718 -0.02580844
v 0.01596033 -0.00686037 -0.02586606
v 0.01601407 -0.00682665 -0.02576585
v 0.01585989 -0.00672467 -0.02581466
v 0.01592653 -0.00670936 -0.02572126
v 0.01573840 -0.00661365 -0.02574868
v 0.01573226 -0.00654658 -0.02561438
v 0.01545587 -0.00648208 -0.02557901
v 0.01560165 -0.00653172 -0.02566939
v 0.01552077 -0.00646089 -0.02548558
v 0.01539126 -0.00654629 -0.02565529
v 0.01531910 -0.00670005 -0.02570800
v 0.01543071 -0.00673726 -0.02577897
v 0.01553508 -0.00679866 -0.02584222
v 0.01562754 -0.00688181 -0.02589572
v 0.01570383 -0.00698345 -0.02593810
v 0.01576036 -0.00709954 -0.02596845
v 0.01579444 -0.00722551 -0.02598632
v 0.01598937 -0.00735012 -0.02599041
v 0.01609289 -0.00735011 -0.02592956
v 0.01616026 -0.00735011 -0.02583542
v 0.01580448 -0.00735013 -0.02599153
v 0.01585563 -0.00721467 -0.02599838
v 0.01581850 -0.00707776 -0.02597941
v 0.01575690 -0.00695159 -0.02594712
v 0.01567377 -0.00684113 -0.02590189
v 0.01557313 -0.00675076 -0.02584457
v 0.01545961 -0.00668404 -0.02577656
v 0.01533837 -0.00664360 -0.02569996
v 0.01552822 -0.00659228 -0.02574085
v 0.01565664 -0.00666817 -0.02581632
v 0.01577069 -0.00677098 -0.02587944
v 0.01586495 -0.00689665 -0.02592890
v 0.01593485 -0.00704021 -0.02596398
v 0.01597698 -0.00719600 -0.02598447
v 0.01586657 -0.00735013 -0.02600388
v 0.01539132 -0.00815396 -0.02565520
v 0.01545595 -0.00821816 -0.02557890
v 0.01607973 -0.00751658 -0.02592346
v 0.01614706 -0.00752066 -0.02582937
v 0.01607003 -0.00777063 -0.02579314
v 0.01597700 -0.00750424 -0.02598446
v 0.01585565 -0.00748558 -0.02599836
v 0.01579444 -0.00747476 -0.02598631
v 0.01576038 -0.00760072 -0.02596843
v 0.01570387 -0.00771681 -0.02593805
v 0.01562758 -0.00781844 -0.02589567
v 0.01553512 -0.00790160 -0.02584215
v 0.01543077 -0.00796300 -0.02577891
v 0.01531915 -0.00800022 -0.02570792
v 0.01533844 -0.00805667 -0.02569988
v 0.01545967 -0.00801622 -0.02577647
v 0.01557318 -0.00794949 -0.02584450
v 0.01567383 -0.00785912 -0.02590184
v 0.01575692 -0.00774867 -0.02594708
v 0.01581853 -0.00762249 -0.02597939
v 0.01552828 -0.00810797 -0.02574078
v 0.01565671 -0.00803208 -0.02581623
v 0.01577074 -0.00792926 -0.02587938
v 0.01586498 -0.00780359 -0.02592884
v 0.01593488 -0.00766002 -0.02596395
v 0.01560172 -0.00816852 -0.02566930
v 0.01573848 -0.00808657 -0.02574860
v 0.01585995 -0.00797556 -0.02581459
v 0.01596037 -0.00783985 -0.02586600
v 0.01603485 -0.00768481 -0.02590232
v 0.01592658 -0.00799086 -0.02572118
v 0.01582158 -0.00809133 -0.02566477
v 0.01566732 -0.00818850 -0.02557608
v 0.01552083 -0.00823934 -0.02548548
v 0.01547316 -0.00824824 -0.02545464
v 0.01933186 -0.00735000 -0.02647842
v 0.01881711 -0.00735002 -0.02652923
v 0.01881623 -0.00714529 -0.02652932
v 0.01881347 -0.00694050 -0.02652956
v 0.01987296 -0.00726405 -0.02639790
v 0.01987846 -0.00734997 -0.02639693
v 0.01953606 -0.00680866 -0.02645157
v 0.01976167 -0.00699289 -0.02641676
v 0.01927069 -0.00674910 -0.02648638
v 0.01902251 -0.00679873 -0.02651257
v 0.01902255 -0.00790131 -0.02651251
v 0.01881349 -0.00775955 -0.02652952
v 0.01881626 -0.00755475 -0.02652930
v 0.01976170 -0.00770705 -0.02641673
v 0.01953611 -0.00789131 -0.02645152
v 0.01987297 -0.00743589 -0.02639790
v 0.01927075 -0.00795091 -0.02648632
v 0.01868758 -0.00757035 -0.02653746
v 0.01864213 -0.00735003 -0.02653989
v 0.01868756 -0.00712971 -0.02653748
v 0.01853612 -0.00677657 -0.02624423
v 0.01878266 -0.00657007 -0.02623104
v 0.01879048 -0.00658572 -0.02632178
v 0.01855257 -0.00679095 -0.02634787
v 0.01862604 -0.00714262 -0.02653636
v 0.01849471 -0.00735003 -0.02651141
v 0.01852496 -0.00711041 -0.02650385
v 0.01838336 -0.00735004 -0.02642213
v 0.01844312 -0.00708449 -0.02643675
v 0.01834474 -0.00735003 -0.02635356
v 0.01839394 -0.00706899 -0.02635272
v 0.01832791 -0.00735003 -0.02629096
v 0.01838414 -0.00703552 -0.02624867
v 0.01832456 -0.00735003 -0.02624959
v 0.01879159 -0.00659094 -0.02633510
v 0.01879990 -0.00666464 -0.02643659
v 0.01859455 -0.00682180 -0.02643132
v 0.01880472 -0.00674592 -0.02648973
v 0.01866265 -0.00687339 -0.02649769
v 0.01881078 -0.00680570 -0.02651248
v 0.01874559 -0.00693748 -0.02652973
v 0.01908235 -0.00677065 -0.02650679
v 0.01897341 -0.00681479 -0.02651692
v 0.01893915 -0.00675348 -0.02651025
v 0.01913304 -0.00645406 -0.02620039
v 0.01923868 -0.00644807 -0.02618855
v 0.01924304 -0.00645051 -0.02622578
v 0.01914614 -0.00647289 -0.02630406
v 0.01888821 -0.00666658 -0.02646846
v 0.01886063 -0.00662198 -0.02642528
v 0.01882661 -0.00657155 -0.02633271
v 0.01881035 -0.00655493 -0.02622912
v 0.01919743 -0.00674696 -0.02649471
v 0.01927074 -0.00674293 -0.02648632
v 0.01918868 -0.00667791 -0.02648609
v 0.01926804 -0.00660920 -0.02645219
v 0.01925069 -0.00646707 -0.02629230
v 0.01925800 -0.00650142 -0.02635754
v 0.01916246 -0.00652978 -0.02639760
v 0.01917285 -0.00658003 -0.02644187
v 0.01965539 -0.00655301 -0.02613083
v 0.01981556 -0.00666315 -0.02610429
v 0.01982086 -0.00667774 -0.02620949
v 0.01997110 -0.00683838 -0.02607637
v 0.02000520 -0.00689303 -0.02606997
v 0.02000805 -0.00690277 -0.02617585
v 0.02011849 -0.00723359 -0.02604801
v 0.02012506 -0.00734994 -0.02604669
v 0.02012988 -0.00734995 -0.02608384
v 0.02011547 -0.00720520 -0.02615519
v 0.01952580 -0.00649640 -0.02615057
v 0.01953462 -0.00651449 -0.02625500
v 0.01953057 -0.00656072 -0.02634121
v 0.01951273 -0.00663940 -0.02641479
v 0.01948419 -0.00673371 -0.02645472
v 0.02012628 -0.00734995 -0.02615304
v 0.02010369 -0.00734995 -0.02622579
v 0.02008338 -0.00721321 -0.02624769
v 0.02001422 -0.00734996 -0.02633765
v 0.02001385 -0.00722683 -0.02633229
v 0.01992068 -0.00724314 -0.02638532
v 0.01984011 -0.00702003 -0.02639941
v 0.01992131 -0.00696961 -0.02634921
v 0.01998122 -0.00692752 -0.02626697
v 0.01980310 -0.00671494 -0.02629846
v 0.01975983 -0.00677823 -0.02637690
v 0.01969944 -0.00685407 -0.02642265
v 0.01974985 -0.00808838 -0.02611537
v 0.01952587 -0.00820354 -0.02615047
v 0.01953469 -0.00818547 -0.02625490
v 0.01925076 -0.00823292 -0.02629221
v 0.01935616 -0.00824384 -0.02617392
v 0.01924312 -0.00824947 -0.02622568
v 0.01923876 -0.00825190 -0.02618844
v 0.02011410 -0.00749785 -0.02604887
v 0.02011548 -0.00749470 -0.02615517
v 0.02008339 -0.00748669 -0.02624767
v 0.02001386 -0.00747309 -0.02633228
v 0.01992070 -0.00745680 -0.02638531
v 0.01948426 -0.00796627 -0.02645465
v 0.01926809 -0.00809080 -0.02645210
v 0.01927080 -0.00795707 -0.02648626
v 0.01951279 -0.00806058 -0.02641471
v 0.01953063 -0.00813925 -0.02634112
v 0.01925807 -0.00819857 -0.02635745
v 0.01984014 -0.00767991 -0.02639938
v 0.01992134 -0.00773033 -0.02634916
v 0.01998126 -0.00777240 -0.02626692
v 0.02000809 -0.00779714 -0.02617580
v 0.02002738 -0.00776592 -0.02606572
v 0.01969948 -0.00784588 -0.02642259
v 0.01975989 -0.00792172 -0.02637683
v 0.01980315 -0.00798499 -0.02629838
v 0.01982092 -0.00802218 -0.02620943
v 0.01981562 -0.00803677 -0.02610421
v 0.01908240 -0.00792938 -0.02650672
v 0.01919749 -0.00795305 -0.02649464
v 0.01918872 -0.00802210 -0.02648602
v 0.01878273 -0.00812994 -0.02623095
v 0.01879035 -0.00811464 -0.02632198
v 0.01882668 -0.00812847 -0.02633262
v 0.01914623 -0.00822710 -0.02630395
v 0.01913312 -0.00824593 -0.02620030
v 0.01881042 -0.00814509 -0.02622904
v 0.01916252 -0.00817023 -0.02639751
v 0.01917291 -0.00811998 -0.02644179
v 0.01879145 -0.00810942 -0.02633526
v 0.01879984 -0.00803561 -0.02643673
v 0.01886069 -0.00807805 -0.02642520
v 0.01880473 -0.00795422 -0.02648983
v 0.01888826 -0.00803346 -0.02646838
v 0.01881081 -0.00789434 -0.02651255
v 0.01893921 -0.00794655 -0.02651018
v 0.01897346 -0.00788524 -0.02651686
v 0.01838413 -0.00766445 -0.02624865
v 0.01839396 -0.00763107 -0.02635268
v 0.01874564 -0.00776257 -0.02652968
v 0.01866270 -0.00782667 -0.02649763
v 0.01859460 -0.00787826 -0.02643125
v 0.01855263 -0.00790911 -0.02634781
v 0.01853622 -0.00792354 -0.02624417
v 0.01862606 -0.00755744 -0.02653634
v 0.01844315 -0.00761558 -0.02643673
v 0.01852499 -0.00758966 -0.02650383
v 0.02368814 -0.00734973 -0.02482252
v 0.02441869 -0.00734967 -0.02456699
v 0.02441643 -0.00793524 -0.02456554
v 0.02295777 -0.00872530 -0.02505737
v 0.02300026 -0.00734978 -0.02505041
v 0.02440147 -0.00850023 -0.02456372
v 0.02288788 -0.00945593 -0.02506734
v 0.02082281 -0.01360858 -0.02511594
v 0.02072568 -0.01311085 -0.02531745
v 0.02130160 -0.01320388 -0.02512623
v 0.02154709 -0.01256075 -0.02522233
v 0.02170932 -0.01275133 -0.02512712
v 0.02212460 -0.01190540 -0.02515203
v 0.02204934 -0.01224539 -0.02512213
v 0.02232024 -0.01170121 -0.02511406
v 0.02025631 -0.01335169 -0.02535341
v 0.01974175 -0.01370688 -0.02532357
v 0.01968349 -0.01357182 -0.02538612
v 0.01915700 -0.01403056 -0.02526488
v 0.01849315 -0.01395431 -0.02534298
v 0.01851581 -0.01432279 -0.02516424
v 0.01799002 -0.01410112 -0.02526677
v 0.01768175 -0.01418346 -0.02520066
v 0.01795493 -0.01458547 -0.02500842
v 0.01762091 -0.01419827 -0.02518588
v 0.01899496 -0.01527310 -0.02423016
v 0.01871523 -0.01516193 -0.02444857
v 0.01916252 -0.01522468 -0.02426558
v 0.01933566 -0.01486708 -0.02466466
v 0.02017870 -0.01489275 -0.02441766
v 0.02011111 -0.01455175 -0.02476169
v 0.02080980 -0.01420331 -0.02481342
v 0.02106149 -0.01452433 -0.02449593
v 0.02141605 -0.01382339 -0.02483707
v 0.02182417 -0.01411402 -0.02453114
v 0.02193340 -0.01340801 -0.02484699
v 0.02246625 -0.01365617 -0.02454750
v 0.02237321 -0.01294167 -0.02484897
v 0.02297952 -0.01315958 -0.02455406
v 0.02274044 -0.01241718 -0.02484618
v 0.02341256 -0.01258003 -0.02455556
v 0.02303342 -0.01185113 -0.02484116
v 0.02374013 -0.01196374 -0.02455628
v 0.02402207 -0.01118425 -0.02455682
v 0.02435705 -0.00921062 -0.02456195
v 0.02430933 -0.00968895 -0.02456056
v 0.02281062 -0.00997446 -0.02507711
v 0.02420890 -0.01037626 -0.02455842
v 0.02253939 -0.01104710 -0.02510716
v 0.02252242 -0.01113806 -0.02510529
v 0.01833699 -0.01491568 -0.02475674
v 0.01891934 -0.01462377 -0.02494106
v 0.01962515 -0.01431694 -0.02503730
v 0.02026449 -0.01397835 -0.02509056
v 0.02049632 -0.01300740 -0.02555454
v 0.02064528 -0.01292889 -0.02553793
v 0.02278145 -0.00734977 -0.02526710
v 0.02270230 -0.00916780 -0.02527951
v 0.02265080 -0.00960100 -0.02528658
v 0.02259925 -0.00993420 -0.02529315
v 0.02252198 -0.01032752 -0.02530232
v 0.02235223 -0.01094024 -0.02532165
v 0.02234139 -0.01097174 -0.02532290
v 0.02203071 -0.01166192 -0.02535838
v 0.02195593 -0.01178370 -0.02536736
v 0.02144028 -0.01238338 -0.02543492
v 0.02112756 -0.01263020 -0.02547751
v 0.02014313 -0.01317539 -0.02558862
v 0.01961952 -0.01338898 -0.02562264
v 0.01841687 -0.01377413 -0.02560181
v 0.01929323 -0.01350490 -0.02563253
v 0.01841623 -0.00092582 -0.02560253
v 0.01849240 -0.00074559 -0.02534370
v 0.01968284 -0.00112798 -0.02538683
v 0.01981458 -0.00138633 -0.02561308
v 0.01969961 -0.00134141 -0.02561947
v 0.01961889 -0.00131087 -0.02562334
v 0.02064470 -0.00177084 -0.02553855
v 0.02072509 -0.00158886 -0.02531810
v 0.02107157 -0.00203091 -0.02548548
v 0.02154657 -0.00213887 -0.02522291
v 0.02142554 -0.00230370 -0.02543745
v 0.02281038 -0.00472503 -0.02507741
v 0.02234105 -0.00372780 -0.02532330
v 0.02253904 -0.00365242 -0.02510757
v 0.02226065 -0.00351349 -0.02533244
v 0.02225554 -0.00301180 -0.02513794
v 0.02195598 -0.00291662 -0.02536780
v 0.02212417 -0.00279416 -0.02515255
v 0.02177751 -0.00267018 -0.02539030
v 0.02145285 -0.00232792 -0.02543369
v 0.02295765 -0.00597418 -0.02505753
v 0.02276620 -0.00648335 -0.02526981
v 0.02274054 -0.00599075 -0.02527398
v 0.02288769 -0.00524364 -0.02506758
v 0.02260203 -0.00478299 -0.02529308
v 0.02257603 -0.00463746 -0.02529625
v 0.02252211 -0.00356152 -0.02510572
v 0.01974121 -0.00099296 -0.02532428
v 0.02025579 -0.00134810 -0.02535409
v 0.02170885 -0.00194833 -0.02512773
v 0.02204892 -0.00245423 -0.02512268
v 0.02231986 -0.00299839 -0.02511454
v 0.02441103 -0.00648147 -0.02456461
v 0.02395474 -0.00329725 -0.02455719
v 0.02418187 -0.00418249 -0.02455842
v 0.02430896 -0.00501050 -0.02456095
v 0.02433854 -0.00528765 -0.02456174
v 0.02237272 -0.00175789 -0.02484960
v 0.02330711 -0.00196047 -0.02455608
v 0.02274000 -0.00228235 -0.02484675
v 0.02364161 -0.00252786 -0.02455653
v 0.02303305 -0.00284838 -0.02484166
v 0.01933501 0.00016729 -0.02466551
v 0.01872567 0.00046768 -0.02444034
v 0.01899427 0.00057332 -0.02423106
v 0.02285488 -0.00140533 -0.02455396
v 0.02193287 -0.00129158 -0.02484767
v 0.02231473 -0.00092289 -0.02454504
v 0.02141549 -0.00087625 -0.02483780
v 0.02182886 -0.00058858 -0.02453187
v 0.02080921 -0.00049638 -0.02481418
v 0.02105424 -0.00017220 -0.02449633
v 0.02011048 -0.00014799 -0.02476250
v 0.02018415 0.00019074 -0.02441913
v 0.01916430 0.00052425 -0.02426695
v 0.01762030 -0.00050173 -0.02518666
v 0.01795843 -0.00011048 -0.02500688
v 0.01845328 -0.00073434 -0.02533932
v 0.01851519 -0.00037713 -0.02516503
v 0.01915642 -0.00066932 -0.02526563
v 0.02130111 -0.00149580 -0.02512688
v 0.02082227 -0.00109114 -0.02511664
v 0.02026391 -0.00072141 -0.02509130
v 0.01962454 -0.00038288 -0.02503809
v 0.01891871 -0.00007610 -0.02494188
v 0.01834256 0.00022072 -0.02475271
v 0.02722473 -0.00921075 -0.01511874
v 0.02716992 -0.00954012 -0.01510190
v 0.02773158 -0.00982528 -0.01593837
v 0.02365992 -0.01482742 -0.02170870
v 0.02395464 -0.01448127 -0.02203954
v 0.02473279 -0.01438855 -0.02133574
v 0.02421840 -0.01411538 -0.02233558
v 0.02445386 -0.01372680 -0.02260245
v 0.02526231 -0.01359432 -0.02187720
v 0.02835874 -0.00826352 -0.01665750
v 0.02809106 -0.00734902 -0.01616684
v 0.02803157 -0.00817012 -0.01610772
v 0.02804324 -0.00734901 -0.01609395
v 0.02864195 -0.00835518 -0.01724873
v 0.02872038 -0.00734905 -0.01735236
v 0.02843207 -0.00734903 -0.01674180
v 0.02874282 -0.00734905 -0.01740804
v 0.02886561 -0.00844389 -0.01788670
v 0.02894053 -0.00734907 -0.01800038
v 0.02900259 -0.00852767 -0.01856759
v 0.02904763 -0.00734911 -0.01851107
v 0.02902446 -0.00860405 -0.01927924
v 0.02908308 -0.00734915 -0.01937443
v 0.02904422 -0.00734917 -0.01971570
v 0.02891695 -0.00867035 -0.01998632
v 0.02897369 -0.00734921 -0.02006162
v 0.02869380 -0.00872780 -0.02065667
v 0.02867784 -0.00734931 -0.02088703
v 0.02838285 -0.00877846 -0.02127824
v 0.02844839 -0.00734930 -0.02132669
v 0.02800687 -0.00882344 -0.02185201
v 0.02799673 -0.00734934 -0.02200220
v 0.02757567 -0.00886390 -0.02237637
v 0.02765073 -0.00734940 -0.02241526
v 0.02709718 -0.00890111 -0.02284919
v 0.02702853 -0.00734952 -0.02301475
v 0.02658234 -0.00893630 -0.02327099
v 0.02665325 -0.00734956 -0.02331433
v 0.02553353 -0.00906836 -0.02393999
v 0.02558389 -0.00734958 -0.02400068
v 0.02466338 -0.01331051 -0.02284604
v 0.02484902 -0.01285901 -0.02307048
v 0.02571132 -0.01271873 -0.02233978
v 0.02501346 -0.01236277 -0.02327711
v 0.02515803 -0.01181542 -0.02346306
v 0.02260703 -0.01573091 -0.02050848
v 0.02296787 -0.01546611 -0.02092389
v 0.02279563 -0.01572850 -0.02034722
v 0.02333167 -0.01515556 -0.02133825
v 0.02345690 -0.01570264 -0.01970460
v 0.02407836 -0.01510924 -0.02065426
v 0.02481387 -0.01503996 -0.01980910
v 0.02402834 -0.01563840 -0.01902840
v 0.02450811 -0.01551592 -0.01834114
v 0.02544695 -0.01488638 -0.01886935
v 0.02461975 -0.01547160 -0.01816125
v 0.02570575 -0.01475737 -0.01838635
v 0.02489772 -0.01531952 -0.01767212
v 0.02636439 -0.01343121 -0.01605334
v 0.02564241 -0.01425860 -0.01592534
v 0.02631202 -0.01378759 -0.01648155
v 0.02544146 -0.01470922 -0.01648501
v 0.02622264 -0.01410567 -0.01694327
v 0.02519418 -0.01506029 -0.01707171
v 0.02609081 -0.01437551 -0.01742632
v 0.02591956 -0.01458962 -0.01790684
v 0.02579253 -0.01374087 -0.01543559
v 0.02638800 -0.01264106 -0.01531710
v 0.02590938 -0.01313066 -0.01499085
v 0.02637779 -0.01179006 -0.01477558
v 0.02600491 -0.01235358 -0.01456514
v 0.02847100 -0.00936580 -0.01711532
v 0.02791267 -0.00901268 -0.01603188
v 0.02729793 -0.00859685 -0.01514000
v 0.02735120 -0.00734901 -0.01515389
v 0.02670760 -0.01112316 -0.01493050
v 0.02682520 -0.01199985 -0.01553451
v 0.02607749 -0.01348141 -0.02098015
v 0.02657604 -0.01259542 -0.02142983
v 0.02697186 -0.01251968 -0.02091711
v 0.02679166 -0.01331891 -0.01994803
v 0.02732770 -0.01242421 -0.02036824
v 0.02708100 -0.01319523 -0.01939232
v 0.02763012 -0.01230164 -0.01978689
v 0.02730588 -0.01303639 -0.01881735
v 0.02785982 -0.01214839 -0.01917548
v 0.02745369 -0.01283570 -0.01822681
v 0.02799740 -0.01195881 -0.01854060
v 0.02751883 -0.01258735 -0.01763733
v 0.02803323 -0.01172891 -0.01790695
v 0.02750705 -0.01230123 -0.01708239
v 0.02797746 -0.01146851 -0.01731226
v 0.02743667 -0.01198834 -0.01657358
v 0.02785413 -0.01118764 -0.01676787
v 0.02748927 -0.01059464 -0.01582767
v 0.02698485 -0.01033295 -0.01503952
v 0.02718895 -0.01131730 -0.01569785
v 0.02694641 -0.01273751 -0.01634610
v 0.02695990 -0.01307667 -0.01681815
v 0.02692508 -0.01338337 -0.01733053
v 0.02682991 -0.01364647 -0.01787124
v 0.02667308 -0.01385656 -0.01841168
v 0.02645557 -0.01402093 -0.01894424
v 0.02618231 -0.01414665 -0.01946875
v 0.02550825 -0.01430017 -0.02046191
v 0.02820523 -0.01031569 -0.01695158
v 0.02867913 -0.00953560 -0.01773177
v 0.02837804 -0.01055088 -0.01753456
v 0.02880634 -0.00969581 -0.01839847
v 0.02847611 -0.01077161 -0.01816975
v 0.02882242 -0.00984107 -0.01910367
v 0.02847096 -0.01096981 -0.01884568
v 0.02871123 -0.00996551 -0.01980728
v 0.02834830 -0.01113680 -0.01952190
v 0.02848609 -0.01007089 -0.02047497
v 0.02812024 -0.01127498 -0.02016721
v 0.02817432 -0.01016050 -0.02109493
v 0.02781107 -0.01138866 -0.02077197
v 0.02779902 -0.01023640 -0.02166788
v 0.02744270 -0.01148065 -0.02133573
v 0.02737158 -0.01030144 -0.02219190
v 0.02702783 -0.01155590 -0.02185606
v 0.02690141 -0.01035869 -0.02266486
v 0.02657730 -0.01161979 -0.02233073
v 0.02639996 -0.01041098 -0.02308766
v 0.02610251 -0.01167694 -0.02276114
v 0.02538844 -0.01055382 -0.02375918
v 0.02516629 -0.01177995 -0.02347373
v 0.02718858 -0.00338077 -0.01569830
v 0.02748896 -0.00410342 -0.01582804
v 0.02785377 -0.00351048 -0.01676828
v 0.02803149 -0.00652790 -0.01610781
v 0.02757554 -0.00583482 -0.02237654
v 0.02800673 -0.00587519 -0.02185219
v 0.02838272 -0.00592007 -0.02127839
v 0.02869367 -0.00597064 -0.02065682
v 0.02891682 -0.00602800 -0.01998646
v 0.02902433 -0.00609421 -0.01927936
v 0.02900248 -0.00617052 -0.01856770
v 0.02886551 -0.00625423 -0.01788683
v 0.02864186 -0.00634290 -0.01724883
v 0.02835866 -0.00643452 -0.01665759
v 0.02714384 -0.00502408 -0.01509386
v 0.02722434 -0.00548700 -0.01511879
v 0.02791251 -0.00568535 -0.01603207
v 0.02728311 -0.00595254 -0.01513585
v 0.02734710 -0.00698817 -0.01515293
v 0.02591080 -0.00157880 -0.01498466
v 0.02600446 -0.00234450 -0.01456570
v 0.02637010 -0.00289563 -0.01477232
v 0.02636385 -0.00126699 -0.01605403
v 0.02577907 -0.00090255 -0.01548229
v 0.02631144 -0.00091067 -0.01648227
v 0.02561754 -0.00037269 -0.01600024
v 0.02622203 -0.00059265 -0.01694403
v 0.02540495 0.00007332 -0.01657928
v 0.02609018 -0.00032287 -0.01742711
v 0.02515654 0.00040156 -0.01715290
v 0.02591892 -0.00010883 -0.01790765
v 0.02508134 0.00047538 -0.01731097
v 0.02486165 0.00064448 -0.01773786
v 0.02570509 0.00005884 -0.01838718
v 0.02461908 0.00077292 -0.01816227
v 0.02544628 0.00018779 -0.01887019
v 0.02447777 0.00082776 -0.01838989
v 0.02273150 0.00103046 -0.02040335
v 0.02342160 0.00100636 -0.01974271
v 0.02407766 0.00041032 -0.02065514
v 0.02400585 0.00094374 -0.01905796
v 0.02296714 0.00076705 -0.02092479
v 0.02260629 0.00103187 -0.02050941
v 0.02333098 0.00045649 -0.02133912
v 0.02365926 0.00012834 -0.02170953
v 0.02473216 -0.00031038 -0.02133651
v 0.02395400 -0.00021781 -0.02204034
v 0.02421779 -0.00058372 -0.02233633
v 0.02526174 -0.00110462 -0.02187788
v 0.02445330 -0.00097231 -0.02260317
v 0.02571085 -0.00198021 -0.02234036
v 0.02484854 -0.00184011 -0.02307109
v 0.02466285 -0.00138860 -0.02284670
v 0.02553337 -0.00563080 -0.02394018
v 0.02658220 -0.00576261 -0.02327117
v 0.02538815 -0.00414533 -0.02375954
v 0.02639968 -0.00428795 -0.02308801
v 0.02516590 -0.00291915 -0.02347421
v 0.02610211 -0.00302200 -0.02276162
v 0.02515763 -0.00288372 -0.02346356
v 0.02501301 -0.00233636 -0.02327765
v 0.02847082 -0.00533230 -0.01711555
v 0.02657556 -0.00210334 -0.02143040
v 0.02607693 -0.00121734 -0.02098082
v 0.02697139 -0.00217899 -0.02091767
v 0.02679113 -0.00137968 -0.01994870
v 0.02682477 -0.00269825 -0.01553503
v 0.02743625 -0.00270981 -0.01657410
v 0.02750660 -0.00239697 -0.01708293
v 0.02797708 -0.00322966 -0.01731271
v 0.02751836 -0.00211091 -0.01763791
v 0.02803282 -0.00296933 -0.01790743
v 0.02745320 -0.00186263 -0.01822741
v 0.02799697 -0.00273950 -0.01854112
v 0.02730536 -0.00166202 -0.01881797
v 0.02785938 -0.00255000 -0.01917600
v 0.02708047 -0.00150326 -0.01939296
v 0.02762965 -0.00239684 -0.01978743
v 0.02732724 -0.00227437 -0.02036880
v 0.02638753 -0.00205706 -0.01531770
v 0.02694593 -0.00196067 -0.01634670
v 0.02695939 -0.00162155 -0.01681879
v 0.02692454 -0.00131491 -0.01733120
v 0.02682934 -0.00105189 -0.01787194
v 0.02667249 -0.00084188 -0.01841240
v 0.02645498 -0.00067758 -0.01894497
v 0.02618170 -0.00055195 -0.01946950
v 0.02481318 0.00034120 -0.01980996
v 0.02550763 -0.00039859 -0.02046267
v 0.02737131 -0.00439730 -0.02219223
v 0.02702744 -0.00314285 -0.02185652
v 0.02779876 -0.00446225 -0.02166819
v 0.02744232 -0.00321801 -0.02133618
v 0.02817405 -0.00453805 -0.02109523
v 0.02781069 -0.00330990 -0.02077241
v 0.02848583 -0.00462756 -0.02047527
v 0.02811987 -0.00342349 -0.02016763
v 0.02871099 -0.00473285 -0.01980757
v 0.02834796 -0.00356158 -0.01952232
v 0.02882219 -0.00485720 -0.01910394
v 0.02847061 -0.00372848 -0.01884608
v 0.02880611 -0.00500239 -0.01839873
v 0.02847579 -0.00392661 -0.01817013
v 0.02867893 -0.00516254 -0.01773201
v 0.02837774 -0.00414727 -0.01753492
v 0.02820495 -0.00438242 -0.01695191
v 0.02773135 -0.00487277 -0.01593863
v 0.02657691 -0.00307906 -0.02233119
v 0.02690113 -0.00434014 -0.02266518
v 0.02709703 -0.00579771 -0.02284936
v 0.02667613 -0.00350259 -0.01491741
v 0.02693758 -0.00420823 -0.01502264
v 0.02499372 -0.00734963 -0.02430574
v 0.02496015 -0.00590858 -0.02427398
v 0.02484688 -0.00456073 -0.02417922
v 0.02462590 -0.00329668 -0.02402576
v 0.02445671 -0.00269750 -0.02393140
v 0.02423548 -0.00212609 -0.02382739
v 0.02395471 -0.00159109 -0.02371426
v 0.02361618 -0.00110602 -0.02358999
v 0.02322073 -0.00067130 -0.02345218
v 0.02276310 -0.00027707 -0.02329726
v 0.02223475 0.00008666 -0.02311723
v 0.02163688 0.00042193 -0.02289929
v 0.02100020 0.00072332 -0.02262929
v 0.02042503 0.00096495 -0.02232728
v 0.01866128 0.00066344 -0.02415432
v 0.01834785 0.00074421 -0.02406573
v 0.02496027 -0.00879067 -0.02427381
v 0.02484713 -0.01013851 -0.02417891
v 0.02100090 -0.01542274 -0.02262840
v 0.02163757 -0.01512132 -0.02289843
v 0.02223540 -0.01478602 -0.02311640
v 0.02276372 -0.01442227 -0.02329647
v 0.02322132 -0.01402802 -0.02345143
v 0.02361674 -0.01359328 -0.02358930
v 0.02395521 -0.01310819 -0.02371363
v 0.02423593 -0.01257318 -0.02382681
v 0.02445712 -0.01200176 -0.02393088
v 0.02462627 -0.01140257 -0.02402530
v 0.02042577 -0.01566439 -0.02232635
v 0.01834856 -0.01544403 -0.02406483
v 0.01866201 -0.01536323 -0.02415342
v 0.00270902 -0.01556268 -0.01004516
v 0.00281976 -0.01562626 -0.00992809
v 0.00250817 -0.01559288 -0.00966394
v 0.00259794 -0.01549894 -0.01016247
v 0.00223789 -0.01544347 -0.00987083
v 0.00214706 -0.01548627 -0.00941997
v 0.00157318 -0.01510402 -0.00951106
v 0.00190876 -0.01531325 -0.00967040
v 0.00211468 -0.01540312 -0.00978965
v 0.00176306 -0.01529713 -0.00921436
v 0.00148965 -0.01510822 -0.00909374
v 0.00122001 -0.01477878 -0.00937951
v 0.00138082 -0.01501764 -0.00905065
v 0.00104976 -0.01466434 -0.00893652
v 0.00095436 -0.01441754 -0.00930328
v 0.00079443 -0.01425706 -0.00887051
v 0.00061986 -0.01380619 -0.00885032
v 0.00073761 -0.01395429 -0.00926543
v 0.00062185 -0.01346567 -0.00928105
v 0.00053512 -0.01335802 -0.00887526
v 0.00061391 -0.01339415 -0.00928820
v 0.01686623 -0.01422607 -0.02518529
v 0.01703987 -0.01437100 -0.02492934
v 0.01627793 -0.01438948 -0.02483951
v 0.01675369 -0.01445572 -0.02476720
v 0.01661960 -0.01449054 -0.02468558
v 0.01634828 -0.01455873 -0.02450425
v 0.01564644 -0.01454515 -0.02436271
v 0.01588377 -0.01467381 -0.02414367
v 0.01575010 -0.01470676 -0.02402853
v 0.01538334 -0.01460960 -0.02413049
v 0.01562143 -0.01473821 -0.02391335
v 0.01488609 -0.01472475 -0.02364974
v 0.01488039 -0.01490676 -0.02318121
v 0.01411318 -0.01488363 -0.02283012
v 0.01343300 -0.01516700 -0.02160869
v 0.01369683 -0.01495825 -0.02237646
v 0.01219832 -0.01517269 -0.02072057
v 0.01149071 -0.01539968 -0.01943849
v 0.01176064 -0.01522155 -0.02022970
v 0.01019997 -0.01535656 -0.01844879
v 0.01023417 -0.01549757 -0.01799835
v 0.00928112 -0.01555066 -0.01689363
v 0.00524495 -0.01563645 -0.01236382
v 0.00507424 -0.01550904 -0.01265195
v 0.00566632 -0.01550634 -0.01328729
v 0.00700039 -0.01562126 -0.01427960
v 0.00772072 -0.01547267 -0.01558282
v 0.00866344 -0.01544017 -0.01666891
v 0.00420836 -0.01550920 -0.01174879
v 0.00491008 -0.01563697 -0.01201132
v 0.00334512 -0.01563128 -0.01043115
v 0.01845936 -0.01510066 -0.02454945
v 0.00196755 -0.01673864 -0.00749044
v 0.00136827 -0.01673150 -0.00697882
v 0.00100417 -0.01639656 -0.00731812
v 0.00064562 -0.01593771 -0.00765382
v 0.00057722 -0.01582625 -0.00771801
v 0.00257371 -0.01584303 -0.00947765
v 0.00001397 -0.01415872 -0.00824641
v 0.01688550 -0.01490058 -0.02448790
v 0.01727225 -0.01430320 -0.02504228
v 0.01749764 -0.01423669 -0.02513797
v 0.01782996 -0.01474830 -0.02486556
v 0.01755904 -0.01421802 -0.02516207
v 0.01604630 -0.01503117 -0.02394345
v 0.01513100 -0.01519026 -0.02312187
v 0.01409312 -0.01536274 -0.02202846
v 0.01292900 -0.01551334 -0.02076926
v 0.00502563 -0.01585504 -0.01190163
v 0.00768105 -0.01583056 -0.01480437
v 0.01036205 -0.01572638 -0.01788898
v 0.00015307 -0.01478405 -0.00811635
v 0.00024808 -0.01509253 -0.00802716
v 0.00036084 -0.01538978 -0.00792121
v -0.00007590 -0.01352946 -0.00833005
v 0.00049630 -0.01291060 -0.00891565
v -0.00025610 -0.00979096 -0.00849852
v 0.00040090 -0.01064141 -0.00901538
v -0.00018109 -0.01227838 -0.00842832
v -0.00013376 -0.01295032 -0.00838401
v -0.00026811 -0.00734987 -0.00850995
v 0.00005389 -0.00734987 -0.00877264
v 0.00037723 -0.00734987 -0.00904022
v 0.00365541 -0.01675656 -0.00901993
v 0.00293799 -0.01638531 -0.00907817
v 0.00531962 -0.01676631 -0.01066069
v 0.00541801 -0.01639839 -0.01152910
v 0.00580463 -0.01676667 -0.01116208
v 0.00718939 -0.01675903 -0.01264622
v 0.00808753 -0.01637124 -0.01444789
v 0.00848654 -0.01673659 -0.01409763
v 0.01177858 -0.01657525 -0.01790418
v 0.01332428 -0.01602968 -0.02042172
v 0.01358240 -0.01639334 -0.01993889
v 0.01447655 -0.01586792 -0.02167838
v 0.01531331 -0.01612554 -0.02183809
v 0.01549501 -0.01568427 -0.02276526
v 0.01620726 -0.01594077 -0.02276624
v 0.01636151 -0.01551417 -0.02355357
v 0.01666977 -0.01583858 -0.02317107
v 0.01709969 -0.01537649 -0.02404383
v 0.01730824 -0.01569299 -0.02361358
v 0.01686497 -0.01579466 -0.02332067
v 0.01791070 -0.01522086 -0.02439321
v 0.01819776 -0.01548159 -0.02401601
v 0.01798731 -0.01553293 -0.02393986
v 0.01751173 -0.01564553 -0.02372595
v 0.01076861 -0.01625974 -0.01754066
v 0.00965780 -0.01669917 -0.01544557
v 0.00050129 -0.01151575 -0.00940787
v 0.00049161 -0.01118676 -0.00941836
v 0.00045665 -0.00734988 -0.00945657
v 0.00046546 -0.00964643 -0.00944689
v 0.00052849 -0.00849327 -0.00964289
v 0.00052674 -0.00734989 -0.00964469
v 0.00065498 -0.00734989 -0.00979920
v 0.00057080 -0.01151989 -0.00959617
v 0.00071776 -0.01203588 -0.00973017
v 0.00073365 -0.01236495 -0.00971316
v 0.00066429 -0.00973150 -0.00978887
v 0.00066929 -0.01016250 -0.00978332
v 0.00069843 -0.01152099 -0.00975102
v 0.00066691 -0.01340642 -0.00944449
v 0.00068379 -0.01340826 -0.00947587
v 0.00080984 -0.01341301 -0.00962922
v 0.00238069 -0.01520304 -0.01039670
v 0.00203430 -0.01528787 -0.00996040
v 0.00199988 -0.01511898 -0.01009307
v 0.00156824 -0.01502094 -0.00970226
v 0.00159090 -0.01487015 -0.00985739
v 0.00130647 -0.01478573 -0.00958908
v 0.00136144 -0.01465295 -0.00975235
v 0.00107788 -0.01450438 -0.00950696
v 0.00116166 -0.01439593 -0.00967584
v 0.00089305 -0.01418572 -0.00945583
v 0.00100077 -0.01410831 -0.00962821
v 0.00075946 -0.01383916 -0.00943704
v 0.00088405 -0.01379684 -0.00961022
v 0.00075266 -0.01384159 -0.00942226
v 0.00088747 -0.01419054 -0.00944114
v 0.00107399 -0.01451128 -0.00949254
v 0.00130461 -0.01479422 -0.00957512
v 0.00156866 -0.01503056 -0.00968893
v 0.00203877 -0.01529858 -0.00994876
v 0.00247171 -0.01538321 -0.01029788
v 0.01665973 -0.01392336 -0.02540861
v 0.01675627 -0.01410052 -0.02532630
v 0.01622651 -0.01425019 -0.02502167
v 0.01512827 -0.01430847 -0.02432813
v 0.01563204 -0.01418655 -0.02475691
v 0.01612676 -0.01406766 -0.02510682
v 0.00852208 -0.01532521 -0.01678693
v 0.00557038 -0.01539115 -0.01345476
v 0.00841703 -0.01514530 -0.01687126
v 0.00547078 -0.01521119 -0.01354535
v 0.00308924 -0.01538899 -0.01089007
v 0.00299611 -0.01520880 -0.01098687
v 0.01048258 -0.01502090 -0.01926087
v 0.01161668 -0.01510574 -0.02034666
v 0.01396498 -0.01476597 -0.02294593
v 0.01524007 -0.01448894 -0.02425436
v 0.01150801 -0.01492584 -0.02042629
v 0.01385161 -0.01458615 -0.02301889
v 0.01507884 -0.01098933 -0.02544888
v 0.01526183 -0.01093652 -0.02558086
v 0.01522121 -0.01139657 -0.02551519
v 0.01494993 -0.01113358 -0.02534166
v 0.01502023 -0.01171188 -0.02533822
v 0.01491955 -0.01152661 -0.02528199
v 0.01489598 -0.01134079 -0.02528200
v 0.01534803 -0.01094811 -0.02563711
v 0.01518559 -0.01182855 -0.02544424
v 0.01542636 -0.01147571 -0.02564322
v 0.01529966 -0.01184982 -0.02552011
v 0.01562509 -0.01165088 -0.02574585
v 0.01548638 -0.01179737 -0.02564663
v 0.01568476 -0.01144032 -0.02580060
v 0.01566265 -0.01126635 -0.02580349
v 0.01556029 -0.01108245 -0.02575899
v 0.01552327 -0.01104481 -0.02573974
v 0.01548211 -0.01211956 -0.02524362
v 0.01537045 -0.01210584 -0.02516906
v 0.01546169 -0.01212162 -0.02527415
v 0.01530676 -0.01209645 -0.02526769
v 0.01523022 -0.01195164 -0.02543311
v 0.01535923 -0.01205474 -0.02542856
v 0.01525739 -0.01204239 -0.02536057
v 0.01538414 -0.01208528 -0.02539085
v 0.01541699 -0.01210992 -0.02534130
v 0.01522647 -0.01189681 -0.02545790
v 0.01530559 -0.01190628 -0.02551065
v 0.01532630 -0.01198812 -0.02547873
v 0.01510230 -0.01091397 -0.02546483
v 0.01496457 -0.01102265 -0.02535500
v 0.01509245 -0.01085943 -0.02544098
v 0.01527658 -0.01079293 -0.02555903
v 0.01524675 -0.01065740 -0.02536470
v 0.01535620 -0.01064655 -0.02544103
v 0.01532612 -0.01067999 -0.02548558
v 0.01530358 -0.01071799 -0.02551901
v 0.01509699 -0.01076318 -0.02537057
v 0.01513275 -0.01069619 -0.02527986
v 0.01523465 -0.01065075 -0.02521414
v 0.01542005 -0.01061744 -0.02534643
v 0.01539814 -0.01062205 -0.02537889
v 0.01499515 -0.01175453 -0.02530786
v 0.01514215 -0.01186747 -0.02540222
v 0.01497417 -0.01179346 -0.02526632
v 0.01513680 -0.01191900 -0.02537127
v 0.01496052 -0.01185718 -0.02516590
v 0.01494017 -0.01098022 -0.02531864
v 0.01487758 -0.01118873 -0.02527453
v 0.01485304 -0.01138653 -0.02523733
v 0.01489410 -0.01158540 -0.02524936
v 0.01481710 -0.01138455 -0.02518758
v 0.01486248 -0.01160553 -0.02520110
v 0.01477873 -0.01137848 -0.02507343
v 0.01483127 -0.01163720 -0.02508943
v 0.01484414 -0.01116479 -0.02522895
v 0.01480987 -0.01112107 -0.02512191
v 0.01492079 -0.01090481 -0.02522715
v 0.01518934 -0.01202764 -0.02504860
v 0.01508114 -0.01198629 -0.02511805
v 0.01518948 -0.01205470 -0.02518956
v 0.01514898 -0.01200416 -0.02528852
v 0.01478886 -0.01137044 -0.02495554
v 0.01479438 -0.01122653 -0.02497348
v 0.01482248 -0.01108853 -0.02500852
v 0.01487235 -0.01096189 -0.02505932
v 0.01494229 -0.01085151 -0.02512349
v 0.01503012 -0.01076181 -0.02519819
v 0.01498558 -0.01189411 -0.02505628
v 0.01514164 -0.01199317 -0.02501723
v 0.01485048 -0.01143462 -0.02484985
v 0.01480620 -0.01151466 -0.02495547
v 0.01490251 -0.01165221 -0.02486979
v 0.01484571 -0.01165357 -0.02497297
v 0.01496390 -0.01178340 -0.02490449
v 0.01490623 -0.01178170 -0.02500717
v 0.01504461 -0.01189878 -0.02495446
v 0.01485031 -0.01121383 -0.02487059
v 0.01486098 -0.01114578 -0.02488540
v 0.01492953 -0.01094186 -0.02495829
v 0.01499502 -0.01083557 -0.02501884
v 0.01500199 -0.01082650 -0.02502502
v 0.01508966 -0.01073609 -0.02509986
v 0.01602099 -0.01152006 -0.02576107
v 0.01602717 -0.01137617 -0.02577717
v 0.01609176 -0.01129158 -0.02568705
v 0.01577104 -0.01161008 -0.02580654
v 0.01571314 -0.01158958 -0.02579597
v 0.01573958 -0.01139149 -0.02582929
v 0.01607870 -0.01121944 -0.02568660
v 0.01539245 -0.01189744 -0.02556895
v 0.01534248 -0.01088827 -0.02563142
v 0.01553258 -0.01063034 -0.02541979
v 0.01546739 -0.01065913 -0.02551355
v 0.01540629 -0.01072950 -0.02558611
v 0.01551076 -0.01096358 -0.02573194
v 0.01558421 -0.01102713 -0.02577106
v 0.01569404 -0.01119388 -0.02582094
v 0.01547598 -0.01186882 -0.02562548
v 0.01561978 -0.01175744 -0.02572510
v 0.01550704 -0.01192056 -0.02561868
v 0.01541427 -0.01195237 -0.02555618
v 0.01547129 -0.01204326 -0.02550344
v 0.01542905 -0.01091670 -0.02568486
v 0.01554579 -0.01091445 -0.02573696
v 0.01562754 -0.01098503 -0.02577993
v 0.01572008 -0.01091005 -0.02576301
v 0.01586323 -0.01112702 -0.02582445
v 0.01574990 -0.01117029 -0.02583441
v 0.01580061 -0.01138990 -0.02584328
v 0.01592252 -0.01138424 -0.02583379
v 0.01588778 -0.01164220 -0.02579151
v 0.01572740 -0.01170956 -0.02577223
v 0.01583665 -0.01175875 -0.02575224
v 0.01576601 -0.01186087 -0.02570219
v 0.01567400 -0.01167906 -0.02576477
v 0.01566699 -0.01179672 -0.02572857
v 0.01557932 -0.01200598 -0.02557570
v 0.01558882 -0.01069956 -0.02558703
v 0.01545489 -0.01086238 -0.02568505
v 0.01562452 -0.01082740 -0.02571398
v 0.01580750 -0.01085686 -0.02570311
v 0.01589509 -0.01096772 -0.02574235
v 0.01596282 -0.01109451 -0.02576793
v 0.01600744 -0.01123246 -0.02577953
v 0.01585748 -0.01189779 -0.02563601
v 0.01576315 -0.01198915 -0.02557218
v 0.01565523 -0.01205656 -0.02550009
v 0.01553827 -0.01209733 -0.02542219
v 0.01572075 -0.01070655 -0.02553073
v 0.01535871 -0.01083082 -0.02562597
v 0.01551841 -0.01076644 -0.02565438
v 0.01570386 -0.01076633 -0.02565088
v 0.01587652 -0.01083355 -0.02561055
v 0.01596431 -0.01094629 -0.02564945
v 0.01603355 -0.01107775 -0.02567523
v 0.01609256 -0.01151467 -0.02566759
v 0.01607234 -0.01161735 -0.02564763
v 0.01598949 -0.01165851 -0.02573168
v 0.01606082 -0.01165671 -0.02563789
v 0.01600489 -0.01178751 -0.02559548
v 0.01593405 -0.01178606 -0.02568963
v 0.01592550 -0.01190454 -0.02553999
v 0.01566460 -0.01208932 -0.02536524
v 0.01583228 -0.01199568 -0.02547701
v 0.01745455 -0.00940684 -0.02648651
v 0.01738169 -0.00961674 -0.02647211
v 0.01698233 -0.00938097 -0.02640254
v 0.01721687 -0.00976619 -0.02644146
v 0.01697555 -0.00891470 -0.02640898
v 0.01702414 -0.00891699 -0.02641963
v 0.01743785 -0.00924956 -0.02648689
v 0.01733236 -0.00906684 -0.02647427
v 0.01724426 -0.00899353 -0.02646095
v 0.01651660 -0.00933107 -0.02627511
v 0.01658717 -0.00912122 -0.02630190
v 0.01674881 -0.00897221 -0.02635171
v 0.01708119 -0.00981487 -0.02641381
v 0.01698937 -0.00982406 -0.02639358
v 0.01694893 -0.00982257 -0.02638433
v 0.01653296 -0.00948772 -0.02627686
v 0.01663465 -0.00966973 -0.02630414
v 0.01672979 -0.00974970 -0.02632977
v 0.01642923 -0.00977398 -0.02603684
v 0.01636168 -0.00964730 -0.02601516
v 0.01638571 -0.00962473 -0.02612896
v 0.01662969 -0.00997600 -0.02609919
v 0.01651956 -0.00988503 -0.02606558
v 0.01653290 -0.00984151 -0.02617439
v 0.01675501 -0.00884240 -0.02633162
v 0.01658113 -0.00977370 -0.02626063
v 0.01691746 -0.01010337 -0.02605849
v 0.01671666 -0.01003054 -0.02600418
v 0.01675558 -0.01004343 -0.02613523
v 0.01682182 -0.00864219 -0.02606504
v 0.01703713 -0.00860875 -0.02611901
v 0.01702885 -0.00861159 -0.02615608
v 0.01699165 -0.00988308 -0.02638652
v 0.01699951 -0.00996455 -0.02635623
v 0.01697601 -0.00885552 -0.02640398
v 0.01698124 -0.00877283 -0.02637652
v 0.01699189 -0.00869952 -0.02632530
v 0.01701264 -0.01003579 -0.02630238
v 0.01675260 -0.00998591 -0.02623763
v 0.01645329 -0.00958867 -0.02622332
v 0.01633143 -0.00936884 -0.02611509
v 0.01640614 -0.00937020 -0.02621210
v 0.01637737 -0.00911295 -0.02613781
v 0.01644623 -0.00915168 -0.02623087
v 0.01643664 -0.00899738 -0.02616137
v 0.01656824 -0.00896638 -0.02627466
v 0.01651760 -0.00889599 -0.02619090
v 0.01673295 -0.00875085 -0.02625921
v 0.01700065 -0.00866373 -0.02628446
v 0.01677155 -0.00989692 -0.02631333
v 0.01631934 -0.00950975 -0.02600243
v 0.01630343 -0.00936670 -0.02599965
v 0.01631463 -0.00922367 -0.02600735
v 0.01635246 -0.00908612 -0.02602486
v 0.01641588 -0.00895939 -0.02605101
v 0.01650260 -0.00884823 -0.02608372
v 0.01660986 -0.00875699 -0.02612059
v 0.01673374 -0.00868913 -0.02615899
v 0.01686963 -0.00864724 -0.02619644
v 0.01701231 -0.00863291 -0.02623085
v 0.01702256 -0.01006955 -0.02626068
v 0.01703548 -0.01009823 -0.02620565
v 0.01689260 -0.01008469 -0.02617136
v 0.01705280 -0.01011617 -0.02613080
v 0.01706143 -0.01011740 -0.02609310
v 0.01654200 -0.00989773 -0.02595136
v 0.01645560 -0.00979017 -0.02592362
v 0.01638323 -0.00965301 -0.02590017
v 0.01634063 -0.00951142 -0.02588723
v 0.01632968 -0.00944223 -0.02588460
v 0.01633577 -0.00921690 -0.02589230
v 0.01635469 -0.00913326 -0.02590157
v 0.01643734 -0.00894482 -0.02593676
v 0.01652444 -0.00883036 -0.02597002
v 0.01663218 -0.00873641 -0.02600746
v 0.01763246 -0.00895668 -0.02632760
v 0.01770312 -0.00908295 -0.02633302
v 0.01763200 -0.00910949 -0.02642356
v 0.01742456 -0.00875539 -0.02630440
v 0.01753844 -0.00884604 -0.02631830
v 0.01747966 -0.00889360 -0.02640855
v 0.01712541 -0.00871207 -0.02635321
v 0.01709427 -0.00880916 -0.02641223
v 0.01741177 -0.00977023 -0.02644997
v 0.01736672 -0.00973067 -0.02646144
v 0.01748038 -0.00956343 -0.02648116
v 0.01751831 -0.00936677 -0.02648956
v 0.01747467 -0.00917057 -0.02648711
v 0.01708015 -0.00886512 -0.02642608
v 0.01719492 -0.00984295 -0.02642956
v 0.01722149 -0.00989491 -0.02641568
v 0.01727327 -0.00998367 -0.02635632
v 0.01757962 -0.00936618 -0.02647960
v 0.01753763 -0.00958455 -0.02647077
v 0.01763966 -0.00962033 -0.02641617
v 0.01749380 -0.00983773 -0.02639405
v 0.01715618 -0.00864675 -0.02626073
v 0.01718079 -0.00889399 -0.02644514
v 0.01720574 -0.00884122 -0.02643298
v 0.01739991 -0.00896405 -0.02646256
v 0.01768820 -0.00936462 -0.02642551
v 0.01753126 -0.00914834 -0.02647729
v 0.01735609 -0.00900459 -0.02647287
v 0.01774749 -0.00922009 -0.02633524
v 0.01776404 -0.00936281 -0.02633460
v 0.01775193 -0.00950567 -0.02633127
v 0.01771181 -0.00964319 -0.02632511
v 0.01764504 -0.00977005 -0.02631573
v 0.01755442 -0.00988144 -0.02630261
v 0.01744338 -0.00997298 -0.02628522
v 0.01731647 -0.01004127 -0.02626326
v 0.01709531 -0.00987267 -0.02640923
v 0.01711118 -0.00992792 -0.02639348
v 0.01714550 -0.01002229 -0.02633119
v 0.01717866 -0.01008352 -0.02623656
v 0.01718213 -0.00862306 -0.02614904
v 0.01738626 -0.00869551 -0.02618339
v 0.01729546 -0.00868803 -0.02628534
v 0.01725456 -0.00874966 -0.02637652
v 0.01727852 -0.01008348 -0.02613863
v 0.01756805 -0.00882855 -0.02620637
v 0.01765895 -0.00893649 -0.02621512
v 0.01773471 -0.00907270 -0.02622072
v 0.01777971 -0.00921400 -0.02622279
v 0.01779152 -0.00928511 -0.02622277
v 0.01778447 -0.00950811 -0.02621877
v 0.01776602 -0.00958580 -0.02621583
v 0.01767660 -0.00978020 -0.02620337
v 0.01758509 -0.00989477 -0.02619034
v 0.01747295 -0.00998887 -0.02617302
v 0.01372442 -0.01339512 -0.02386361
v 0.01394126 -0.01342651 -0.02406644
v 0.01392209 -0.01356586 -0.02400406
v 0.01375201 -0.01309750 -0.02397153
v 0.01384908 -0.01317471 -0.02404747
v 0.01391151 -0.01328496 -0.02407868
v 0.01350890 -0.01334630 -0.02366181
v 0.01352948 -0.01320812 -0.02372044
v 0.01368794 -0.01308306 -0.02391154
v 0.01359526 -0.01311452 -0.02381075
v 0.01370402 -0.01367616 -0.02375325
v 0.01376680 -0.01368993 -0.02381044
v 0.01385774 -0.01365939 -0.02391010
v 0.01360342 -0.01359860 -0.02367941
v 0.01354047 -0.01349198 -0.02365039
v 0.01347992 -0.01302353 -0.02344925
v 0.01352206 -0.01293665 -0.02351268
v 0.01349005 -0.01299956 -0.02360677
v 0.01375181 -0.01281678 -0.02385584
v 0.01372741 -0.01285617 -0.02387914
v 0.01359762 -0.01289058 -0.02374093
v 0.01398997 -0.01391607 -0.02357125
v 0.01402010 -0.01390653 -0.02354020
v 0.01394329 -0.01389652 -0.02346927
v 0.01386449 -0.01390711 -0.02355619
v 0.01393870 -0.01391716 -0.02362466
v 0.01379528 -0.01387022 -0.02364543
v 0.01386127 -0.01387944 -0.02370648
v 0.01389277 -0.01390121 -0.02367300
v 0.01358725 -0.01363945 -0.02364190
v 0.01351464 -0.01352114 -0.02360759
v 0.01347643 -0.01338160 -0.02361115
v 0.01359528 -0.01304940 -0.02381915
v 0.01368577 -0.01302540 -0.02391563
v 0.01352064 -0.01312573 -0.02372504
v 0.01358671 -0.01299314 -0.02379983
v 0.01369739 -0.01293737 -0.02390674
v 0.01384029 -0.01274462 -0.02376925
v 0.01378974 -0.01277575 -0.02381904
v 0.01371791 -0.01278406 -0.02374510
v 0.01364358 -0.01281446 -0.02366345
v 0.01357741 -0.01286605 -0.02358499
v 0.01350003 -0.01308155 -0.02369097
v 0.01347866 -0.01324256 -0.02365220
v 0.01381290 -0.01382118 -0.02375852
v 0.01373343 -0.01373866 -0.02375255
v 0.01374695 -0.01379061 -0.02372262
v 0.01368759 -0.01376701 -0.02367266
v 0.01372181 -0.01384142 -0.02358413
v 0.01358477 -0.01373006 -0.02348902
v 0.01368229 -0.01371822 -0.02370928
v 0.01357717 -0.01367598 -0.02359501
v 0.01349276 -0.01353918 -0.02355552
v 0.01348002 -0.01356236 -0.02344071
v 0.01342519 -0.01336409 -0.02344568
v 0.01378178 -0.01387536 -0.02348748
v 0.01370159 -0.01382295 -0.02342843
v 0.01362733 -0.01375196 -0.02338094
v 0.01356232 -0.01366500 -0.02334671
v 0.01350930 -0.01356547 -0.02332678
v 0.01347066 -0.01345716 -0.02332191
v 0.01344787 -0.01334438 -0.02333221
v 0.01344191 -0.01323154 -0.02335749
v 0.01344842 -0.01337774 -0.02355962
v 0.01342903 -0.01316613 -0.02350354
v 0.01345274 -0.01312313 -0.02339690
v 0.01345116 -0.01321682 -0.02360691
v 0.01382900 -0.01384856 -0.02337602
v 0.01369789 -0.01373879 -0.02328757
v 0.01364657 -0.01367379 -0.02325963
v 0.01358725 -0.01354162 -0.02324302
v 0.01353952 -0.01343524 -0.02322966
v 0.01352994 -0.01341391 -0.02322698
v 0.01350681 -0.01320560 -0.02326280
v 0.01351244 -0.01313156 -0.02328802
v 0.01354679 -0.01299158 -0.02335782
v 0.01358831 -0.01290596 -0.02342020
v 0.01364829 -0.01282927 -0.02349850
v 0.01371702 -0.01277603 -0.02357983
v 0.01375161 -0.01275879 -0.02361854
v 0.01386857 -0.01273594 -0.02374113
v 0.01398891 -0.01384568 -0.02384373
v 0.01394495 -0.01274651 -0.02381519
v 0.01386351 -0.01278610 -0.02389048
v 0.01379300 -0.01286550 -0.02394255
v 0.01374476 -0.01297294 -0.02396285
v 0.01373164 -0.01303201 -0.02395973
v 0.01386902 -0.01372158 -0.02389158
v 0.01400975 -0.01390902 -0.02369707
v 0.01408202 -0.01387935 -0.02377889
v 0.01414520 -0.01382894 -0.02385949
v 0.01398092 -0.01352943 -0.02406508
v 0.01398222 -0.01339047 -0.02410920
v 0.01403314 -0.01354862 -0.02408516
v 0.01403463 -0.01338785 -0.02413659
v 0.01390392 -0.01377082 -0.02388351
v 0.01398739 -0.01368319 -0.02399572
v 0.01394127 -0.01364580 -0.02398822
v 0.01394499 -0.01325060 -0.02411309
v 0.01387478 -0.01313173 -0.02407615
v 0.01399161 -0.01322596 -0.02414112
v 0.01391043 -0.01308836 -0.02409816
v 0.01409696 -0.01317671 -0.02416387
v 0.01399716 -0.01300745 -0.02411046
v 0.01409150 -0.01373823 -0.02398282
v 0.01414775 -0.01357317 -0.02409407
v 0.01414971 -0.01337574 -0.02415817
v 0.01394445 -0.01281868 -0.02396361
v 0.01402177 -0.01287232 -0.02402760
v 0.01386507 -0.01289468 -0.02400741
v 0.01380318 -0.01299669 -0.02401517
v 0.01378210 -0.01305253 -0.02400479
v 0.01420424 -0.01313388 -0.02414002
v 0.01415416 -0.01303314 -0.02411780
v 0.01409258 -0.01294474 -0.02407979
v 0.01405526 -0.01279563 -0.02391372
v 0.01424094 -0.01324300 -0.02414530
v 0.01426299 -0.01335605 -0.02413350
v 0.01426951 -0.01346855 -0.02410497
v 0.01426041 -0.01357609 -0.02406109
v 0.01423596 -0.01367440 -0.02400372
v 0.01419713 -0.01375980 -0.02393554
v 0.01418170 -0.01290954 -0.02401130
v 0.01422753 -0.01297200 -0.02404063
v 0.01424517 -0.01300039 -0.02405063
v 0.01429674 -0.01310388 -0.02407360
v 0.01433440 -0.01321589 -0.02407904
v 0.01433807 -0.01323026 -0.02407848
v 0.01436337 -0.01344717 -0.02403728
v 0.01435983 -0.01351092 -0.02401321
v 0.01432817 -0.01365790 -0.02393253
v 0.01429004 -0.01374146 -0.02386552
v 0.01423394 -0.01381596 -0.02378328
v 0.01416849 -0.01386755 -0.02369985
v 0.01413164 -0.01388568 -0.02365694
v 0.01232488 -0.01137314 -0.02275358
v 0.01263263 -0.01140789 -0.02308132
v 0.01258879 -0.01161682 -0.02301369
v 0.01230874 -0.01090733 -0.02277312
v 0.01239888 -0.01092725 -0.02286940
v 0.01253033 -0.01104030 -0.02300286
v 0.01261157 -0.01121913 -0.02307567
v 0.01201871 -0.01130920 -0.02242603
v 0.01206359 -0.01110150 -0.02249185
v 0.01216872 -0.01095826 -0.02261722
v 0.01248434 -0.01176077 -0.02288615
v 0.01234499 -0.01181152 -0.02273065
v 0.01225505 -0.01179186 -0.02263569
v 0.01212197 -0.01167863 -0.02250369
v 0.01204111 -0.01150474 -0.02243294
v 0.01222337 -0.01188356 -0.02255789
v 0.01222253 -0.01183160 -0.02258805
v 0.01228972 -0.01185951 -0.02265745
v 0.01237497 -0.01062611 -0.02241937
v 0.01252086 -0.01059439 -0.02258027
v 0.01249198 -0.01059856 -0.02260682
v 0.01234990 -0.01063281 -0.02255978
v 0.01225692 -0.01067239 -0.02245584
v 0.01233452 -0.01064713 -0.02237389
v 0.01217202 -0.01073868 -0.02235878
v 0.01224712 -0.01071531 -0.02227398
v 0.01209852 -0.01082889 -0.02227232
v 0.01216818 -0.01081302 -0.02218110
v 0.01204224 -0.01119381 -0.02201516
v 0.01205754 -0.01109307 -0.02203977
v 0.01197321 -0.01120424 -0.02210737
v 0.01199703 -0.01106637 -0.02214419
v 0.01196575 -0.01109670 -0.02225433
v 0.01205348 -0.01148851 -0.02200214
v 0.01201878 -0.01162905 -0.02211931
v 0.01208897 -0.01162996 -0.02202736
v 0.01207118 -0.01175574 -0.02216342
v 0.01214522 -0.01176450 -0.02207480
v 0.01213922 -0.01186638 -0.02222529
v 0.01221287 -0.01187334 -0.02213635
v 0.01258057 -0.01208593 -0.02250762
v 0.01248873 -0.01207397 -0.02241040
v 0.01255329 -0.01208702 -0.02253303
v 0.01240727 -0.01206234 -0.02249169
v 0.01235191 -0.01186786 -0.02272354
v 0.01237733 -0.01194829 -0.02269891
v 0.01229815 -0.01191457 -0.02263503
v 0.01242075 -0.01201729 -0.02265758
v 0.01233948 -0.01200647 -0.02257143
v 0.01245166 -0.01204719 -0.02262837
v 0.01249650 -0.01207408 -0.02258617
v 0.01210321 -0.01172174 -0.02247075
v 0.01201943 -0.01155531 -0.02239643
v 0.01199725 -0.01157637 -0.02234500
v 0.01239595 -0.01065529 -0.02269476
v 0.01236716 -0.01069079 -0.02272098
v 0.01220225 -0.01073743 -0.02253835
v 0.01232967 -0.01076647 -0.02275494
v 0.01218126 -0.01083216 -0.02260652
v 0.01218470 -0.01088614 -0.02263171
v 0.01198453 -0.01135830 -0.02237641
v 0.01195840 -0.01135728 -0.02232273
v 0.01194018 -0.01135344 -0.02220553
v 0.01209052 -0.01176142 -0.02242758
v 0.01209542 -0.01182715 -0.02232838
v 0.01198575 -0.01161030 -0.02223165
v 0.01207442 -0.01099545 -0.02250358
v 0.01205854 -0.01095375 -0.02246402
v 0.01205805 -0.01088010 -0.02237114
v 0.01233719 -0.01199945 -0.02225620
v 0.01231077 -0.01202273 -0.02239257
v 0.01225160 -0.01197018 -0.02248102
v 0.01222022 -0.01195651 -0.02230268
v 0.01198423 -0.01149122 -0.02209477
v 0.01204417 -0.01142528 -0.02199772
v 0.01196881 -0.01134773 -0.02209066
v 0.01198006 -0.01113837 -0.02236442
v 0.01200394 -0.01116146 -0.02241394
v 0.01211055 -0.01092190 -0.02211043
v 0.01203944 -0.01093962 -0.02219991
v 0.01243795 -0.01062118 -0.02265635
v 0.01261167 -0.01060646 -0.02267814
v 0.01272539 -0.01205453 -0.02266705
v 0.01259297 -0.01205999 -0.02269156
v 0.01303862 -0.01158620 -0.02305650
v 0.01303087 -0.01162235 -0.02304442
v 0.01293395 -0.01162231 -0.02310754
v 0.01298980 -0.01175211 -0.02298634
v 0.01289408 -0.01174879 -0.02305117
v 0.01293175 -0.01186590 -0.02291118
v 0.01283769 -0.01185972 -0.02297818
v 0.01293017 -0.01186838 -0.02290920
v 0.01276686 -0.01195070 -0.02289149
v 0.01277380 -0.01202866 -0.02272221
v 0.01303991 -0.01118885 -0.02309572
v 0.01290811 -0.01106320 -0.02313183
v 0.01300449 -0.01104838 -0.02306958
v 0.01285645 -0.01093749 -0.02308632
v 0.01295130 -0.01091911 -0.02302270
v 0.01278969 -0.01082770 -0.02302273
v 0.01271027 -0.01073821 -0.02294348
v 0.01288272 -0.01080649 -0.02295734
v 0.01276243 -0.01068213 -0.02283634
v 0.01252621 -0.01063296 -0.02275143
v 0.01237257 -0.01085873 -0.02283776
v 0.01239023 -0.01080166 -0.02283577
v 0.01244758 -0.01070157 -0.02280757
v 0.01255662 -0.01099501 -0.02302663
v 0.01263945 -0.01115976 -0.02310257
v 0.01268702 -0.01113644 -0.02313055
v 0.01267491 -0.01135523 -0.02312352
v 0.01272643 -0.01135381 -0.02315381
v 0.01284194 -0.01134908 -0.02318125
v 0.01243897 -0.01088635 -0.02290769
v 0.01246409 -0.01083236 -0.02291361
v 0.01253426 -0.01073757 -0.02289902
v 0.01259492 -0.01095320 -0.02304599
v 0.01268775 -0.01087929 -0.02305463
v 0.01279575 -0.01109418 -0.02315398
v 0.01281943 -0.01160465 -0.02313208
v 0.01273170 -0.01182153 -0.02301450
v 0.01270726 -0.01157182 -0.02311214
v 0.01263241 -0.01175688 -0.02301228
v 0.01265765 -0.01155128 -0.02308615
v 0.01259031 -0.01171772 -0.02299653
v 0.01248300 -0.01182895 -0.02286898
v 0.01251313 -0.01188057 -0.02287028
v 0.01259184 -0.01196649 -0.02284751
v 0.01262132 -0.01067239 -0.02285186
v 0.01294258 -0.01119997 -0.02315725
v 0.01305033 -0.01125935 -0.02310066
v 0.01295870 -0.01134245 -0.02316170
v 0.01305334 -0.01148151 -0.02308287
v 0.01295574 -0.01148506 -0.02314486
v 0.01268427 -0.01201838 -0.02279468
v 0.01241923 -0.01185807 -0.02279712
v 0.01244223 -0.01191295 -0.02279032
v 0.01250864 -0.01200447 -0.02275360
v 0.01352256 -0.00936773 -0.02413086
v 0.01384356 -0.00940792 -0.02445226
v 0.01379137 -0.00961485 -0.02439409
v 0.01351737 -0.00890529 -0.02413662
v 0.01361030 -0.00892511 -0.02423075
v 0.01374574 -0.00903861 -0.02436455
v 0.01382575 -0.00921407 -0.02443994
v 0.01320747 -0.00930588 -0.02380694
v 0.01325880 -0.00909939 -0.02386566
v 0.01337020 -0.00895658 -0.02398439
v 0.01367810 -0.00975794 -0.02427582
v 0.01352957 -0.00980910 -0.02412343
v 0.01343679 -0.00978905 -0.02402924
v 0.01330298 -0.00967545 -0.02389510
v 0.01322531 -0.00950282 -0.02381989
v 0.01357826 -0.00863246 -0.02377370
v 0.01372897 -0.00860107 -0.02392911
v 0.01370161 -0.00860393 -0.02395591
v 0.01355672 -0.00863613 -0.02391450
v 0.01345997 -0.00867566 -0.02381391
v 0.01353577 -0.00865368 -0.02372934
v 0.01337123 -0.00874193 -0.02372049
v 0.01344458 -0.00872191 -0.02363330
v 0.01329382 -0.00883217 -0.02363788
v 0.01336159 -0.00881977 -0.02354470
v 0.01322405 -0.00920139 -0.02339155
v 0.01323616 -0.00912779 -0.02340613
v 0.01315672 -0.00920776 -0.02348541
v 0.01318447 -0.00906978 -0.02351797
v 0.01315503 -0.00909683 -0.02362969
v 0.01322779 -0.00949710 -0.02338731
v 0.01321919 -0.00942404 -0.02338041
v 0.01316037 -0.00949514 -0.02348131
v 0.01314854 -0.00935143 -0.02347300
v 0.01312229 -0.00935346 -0.02358869
v 0.01331098 -0.00976997 -0.02346582
v 0.01324131 -0.00976041 -0.02355767
v 0.01330734 -0.00987159 -0.02362270
v 0.01337886 -0.00988431 -0.02353269
v 0.01338727 -0.00996237 -0.02370251
v 0.01346103 -0.00997766 -0.02361472
v 0.01347797 -0.01002934 -0.02379382
v 0.01357599 -0.01006972 -0.02389311
v 0.01350041 -0.01001080 -0.02365427
v 0.01365494 -0.01008801 -0.02381057
v 0.01374928 -0.01010076 -0.02390652
v 0.01372153 -0.01009949 -0.02393377
v 0.01366785 -0.01008213 -0.02398655
v 0.01362609 -0.01005257 -0.02402768
v 0.01347602 -0.00991285 -0.02403267
v 0.01359618 -0.01001952 -0.02405721
v 0.01351234 -0.01000820 -0.02397194
v 0.01347008 -0.00985700 -0.02405309
v 0.01353438 -0.00986565 -0.02411850
v 0.01355654 -0.00994801 -0.02409641
v 0.01328196 -0.00971862 -0.02386395
v 0.01320094 -0.00955221 -0.02378507
v 0.01317681 -0.00957382 -0.02373460
v 0.01360736 -0.00865635 -0.02404824
v 0.01357814 -0.00869137 -0.02407690
v 0.01340645 -0.00873785 -0.02389950
v 0.01354056 -0.00876497 -0.02411379
v 0.01338570 -0.00883064 -0.02397078
v 0.01338887 -0.00888410 -0.02399738
v 0.01317069 -0.00935543 -0.02375929
v 0.01314323 -0.00935496 -0.02370593
v 0.01340146 -0.00982881 -0.02398363
v 0.01339971 -0.00988149 -0.02395542
v 0.01342288 -0.00997139 -0.02388133
v 0.01326687 -0.00975892 -0.02382232
v 0.01326718 -0.00982755 -0.02372524
v 0.01316163 -0.00961033 -0.02362233
v 0.01327243 -0.00899318 -0.02387442
v 0.01325629 -0.00895201 -0.02383400
v 0.01325481 -0.00888039 -0.02373900
v 0.01319166 -0.00963330 -0.02350987
v 0.01317115 -0.00913635 -0.02374086
v 0.01319582 -0.00915890 -0.02379070
v 0.01330023 -0.00892883 -0.02347806
v 0.01323080 -0.00894295 -0.02356951
v 0.01364806 -0.00862458 -0.02400836
v 0.01407861 -0.00894255 -0.02443294
v 0.01413025 -0.00906888 -0.02448032
v 0.01401809 -0.00909616 -0.02450837
v 0.01367971 -0.00883117 -0.02427095
v 0.01365328 -0.00888462 -0.02426732
v 0.01358459 -0.00885692 -0.02419833
v 0.01382279 -0.00861333 -0.02402434
v 0.01390277 -0.01006935 -0.02406325
v 0.01376858 -0.01006864 -0.02408933
v 0.01412150 -0.00988397 -0.02428811
v 0.01395204 -0.01004452 -0.02411371
v 0.01395439 -0.00995998 -0.02427984
v 0.01386535 -0.01002747 -0.02418838
v 0.01377642 -0.00996967 -0.02424152
v 0.01414199 -0.00963075 -0.02447576
v 0.01423581 -0.00963645 -0.02440831
v 0.01418823 -0.00976707 -0.02435765
v 0.01424915 -0.00958214 -0.02442297
v 0.01416935 -0.00949288 -0.02450661
v 0.01426387 -0.00949460 -0.02443990
v 0.01373942 -0.00863649 -0.02410111
v 0.01366154 -0.00870224 -0.02416158
v 0.01383076 -0.00975681 -0.02439670
v 0.01378893 -0.00971667 -0.02438051
v 0.01386534 -0.00955041 -0.02446179
v 0.01406037 -0.00935186 -0.02454280
v 0.01394274 -0.00935365 -0.02451994
v 0.01390684 -0.00913590 -0.02449043
v 0.01385722 -0.00915854 -0.02446483
v 0.01377406 -0.00899350 -0.02438615
v 0.01392865 -0.00982517 -0.02439854
v 0.01391590 -0.00957187 -0.02448704
v 0.01388942 -0.00935427 -0.02449138
v 0.01360331 -0.00880037 -0.02419424
v 0.01375120 -0.00873839 -0.02425146
v 0.01390907 -0.00888057 -0.02440610
v 0.01383767 -0.00867616 -0.02419951
v 0.01392928 -0.00874230 -0.02428983
v 0.01401071 -0.00883222 -0.02436866
v 0.01381417 -0.00895229 -0.02440302
v 0.01416336 -0.00920636 -0.02450893
v 0.01397815 -0.00868963 -0.02417922
v 0.01401769 -0.00872222 -0.02421797
v 0.01410123 -0.00881476 -0.02429879
v 0.01417198 -0.00893057 -0.02436567
v 0.01422380 -0.00905832 -0.02441309
v 0.01426749 -0.00927708 -0.02444966
v 0.01417663 -0.00934955 -0.02451785
v 0.01402878 -0.00960808 -0.02450430
v 0.01409557 -0.00975772 -0.02442631
v 0.01412324 -0.00988148 -0.02428993
v 0.01403220 -0.00986895 -0.02436021
v 0.01370114 -0.00987997 -0.02426263
v 0.01367249 -0.00982741 -0.02425991
v 0.01360484 -0.00985620 -0.02419048
v 0.01362588 -0.00991198 -0.02418545
v 0.01368810 -0.01000722 -0.02415104
v 0.01098668 -0.01338639 -0.02097704
v 0.01119026 -0.01341724 -0.02119260
v 0.01117205 -0.01355576 -0.02113594
v 0.01101202 -0.01308680 -0.02107282
v 0.01110369 -0.01316274 -0.02115775
v 0.01116105 -0.01326920 -0.02119673
v 0.01078203 -0.01334075 -0.02076155
v 0.01080200 -0.01320206 -0.02081546
v 0.01095233 -0.01307375 -0.02100968
v 0.01086439 -0.01310715 -0.02090506
v 0.01096664 -0.01367005 -0.02087844
v 0.01102616 -0.01368279 -0.02094008
v 0.01111222 -0.01365010 -0.02104380
v 0.01087122 -0.01359358 -0.02079516
v 0.01081189 -0.01348789 -0.02075802
v 0.01092539 -0.01281173 -0.02074890
v 0.01100208 -0.01277774 -0.02066925
v 0.01103364 -0.01276057 -0.02070745
v 0.01093634 -0.01283227 -0.02058617
v 0.01086214 -0.01286457 -0.02066880
v 0.01087399 -0.01288473 -0.02082709
v 0.01080901 -0.01293638 -0.02059609
v 0.01087874 -0.01291027 -0.02050743
v 0.01083868 -0.01299705 -0.02044590
v 0.01076835 -0.01302443 -0.02053354
v 0.01077112 -0.01299591 -0.02069131
v 0.01080512 -0.01313940 -0.02037906
v 0.01073101 -0.01323461 -0.02044729
v 0.01079953 -0.01321341 -0.02035655
v 0.01073623 -0.01334845 -0.02042660
v 0.01082036 -0.01342146 -0.02033007
v 0.01075760 -0.01346217 -0.02042203
v 0.01082668 -0.01344727 -0.02033047
v 0.01079422 -0.01357131 -0.02043360
v 0.01086448 -0.01355925 -0.02034251
v 0.01110741 -0.01386197 -0.02051773
v 0.01098092 -0.01375137 -0.02041466
v 0.01097773 -0.01382993 -0.02055866
v 0.01090674 -0.01375888 -0.02050309
v 0.01085892 -0.01373191 -0.02060847
v 0.01099483 -0.01373320 -0.02088251
v 0.01107232 -0.01381675 -0.02089774
v 0.01100889 -0.01378668 -0.02085584
v 0.01112297 -0.01387884 -0.02085135
v 0.01105994 -0.01387063 -0.02078527
v 0.01115572 -0.01390259 -0.02082130
v 0.01113377 -0.01391305 -0.02070178
v 0.01120486 -0.01392207 -0.02077619
v 0.01125933 -0.01392467 -0.02072616
v 0.01086516 -0.01304139 -0.02091133
v 0.01095078 -0.01301580 -0.02101147
v 0.01079410 -0.01311924 -0.02081637
v 0.01085839 -0.01298549 -0.02088942
v 0.01096411 -0.01292862 -0.02100001
v 0.01111764 -0.01274225 -0.02086311
v 0.01106435 -0.01277058 -0.02091087
v 0.01099618 -0.01278006 -0.02083338
v 0.01102311 -0.01281035 -0.02094768
v 0.01099714 -0.01284811 -0.02097080
v 0.01114632 -0.01273517 -0.02083734
v 0.01078703 -0.01351729 -0.02071471
v 0.01076709 -0.01353672 -0.02066188
v 0.01072534 -0.01337456 -0.02065684
v 0.01077573 -0.01307567 -0.02077945
v 0.01075373 -0.01323732 -0.02074592
v 0.01071212 -0.01316446 -0.02059093
v 0.01070757 -0.01336409 -0.02054037
v 0.01075922 -0.01356364 -0.02054655
v 0.01105451 -0.01388203 -0.02062564
v 0.01098975 -0.01384265 -0.02071758
v 0.01095238 -0.01376384 -0.02080098
v 0.01094623 -0.01371346 -0.02083510
v 0.01085590 -0.01363552 -0.02075839
v 0.01084724 -0.01367361 -0.02071231
v 0.01121627 -0.01390876 -0.02062077
v 0.01129000 -0.01391785 -0.02069797
v 0.01093154 -0.01368541 -0.02038035
v 0.01084469 -0.01367150 -0.02046094
v 0.01074189 -0.01312514 -0.02048331
v 0.01072861 -0.01321245 -0.02069797
v 0.01075109 -0.01337727 -0.02071034
v 0.01122533 -0.01274640 -0.02092316
v 0.01140343 -0.01382452 -0.02102720
v 0.01134507 -0.01387773 -0.02094597
v 0.01124847 -0.01383938 -0.02100118
v 0.01148577 -0.01366587 -0.02116690
v 0.01145084 -0.01375304 -0.02110190
v 0.01134269 -0.01372749 -0.02113933
v 0.01128029 -0.01353478 -0.02122558
v 0.01128087 -0.01337394 -0.02126843
v 0.01124104 -0.01321328 -0.02126320
v 0.01132339 -0.01279248 -0.02102358
v 0.01144480 -0.01290837 -0.02113572
v 0.01135118 -0.01293954 -0.02119876
v 0.01140025 -0.01389318 -0.02082651
v 0.01116214 -0.01376250 -0.02103007
v 0.01123900 -0.01367124 -0.02114160
v 0.01116635 -0.01307718 -0.02121086
v 0.01125334 -0.01299871 -0.02122521
v 0.01134482 -0.01316574 -0.02129017
v 0.01139358 -0.01336288 -0.02129670
v 0.01139301 -0.01356015 -0.02124354
v 0.01113952 -0.01278224 -0.02099428
v 0.01121466 -0.01281486 -0.02107168
v 0.01113166 -0.01288717 -0.02111266
v 0.01106727 -0.01298630 -0.02112004
v 0.01128607 -0.01286803 -0.02114076
v 0.01150801 -0.01334635 -0.02127964
v 0.01151470 -0.01345856 -0.02125765
v 0.01150726 -0.01356647 -0.02121958
v 0.01127771 -0.01391053 -0.02086149
v 0.01140766 -0.01302675 -0.02124318
v 0.01148703 -0.01297017 -0.02116985
v 0.01145360 -0.01312620 -0.02127221
v 0.01155071 -0.01310053 -0.02121211
v 0.01159068 -0.01323325 -0.02122535
v 0.01161349 -0.01344226 -0.02119709
v 0.01160983 -0.01351712 -0.02117244
v 0.01158311 -0.01365510 -0.02110284
v 0.01154674 -0.01374453 -0.02103532
v 0.01149739 -0.01381785 -0.02095772
v 0.00965614 -0.01137161 -0.01976274
v 0.00995179 -0.01140897 -0.02009868
v 0.00990810 -0.01161698 -0.02003209
v 0.00964266 -0.01090598 -0.01977671
v 0.00972928 -0.01092561 -0.01987522
v 0.00985534 -0.01103837 -0.02001332
v 0.00993035 -0.01120826 -0.02008842
v 0.00936042 -0.01130743 -0.01942736
v 0.00940524 -0.01109993 -0.01949236
v 0.00950767 -0.01095692 -0.01961863
v 0.00980703 -0.01176025 -0.01990391
v 0.00967303 -0.01181097 -0.01974593
v 0.00958639 -0.01179149 -0.01964840
v 0.00945830 -0.01167827 -0.01951145
v 0.00938194 -0.01150786 -0.01943753
v 0.00988250 -0.01209163 -0.01956114
v 0.00991275 -0.01209141 -0.01953467
v 0.00982391 -0.01207944 -0.01943437
v 0.00960159 -0.01067314 -0.01945683
v 0.00968143 -0.01064895 -0.01937672
v 0.00972075 -0.01062783 -0.01942302
v 0.00959631 -0.01071733 -0.01927537
v 0.00951902 -0.01073961 -0.01935846
v 0.00954436 -0.01073724 -0.01953836
v 0.00951920 -0.01081527 -0.01918156
v 0.00938937 -0.01094093 -0.01919852
v 0.00946267 -0.01092436 -0.01911059
v 0.00934757 -0.01106787 -0.01914307
v 0.00940934 -0.01110061 -0.01903897
v 0.00932372 -0.01120594 -0.01910705
v 0.00939492 -0.01119678 -0.01901637
v 0.00931873 -0.01134965 -0.01909168
v 0.00939548 -0.01142705 -0.01900123
v 0.00940441 -0.01149210 -0.01900664
v 0.00936583 -0.01163141 -0.01912447
v 0.00943823 -0.01163388 -0.01903428
v 0.00941604 -0.01175834 -0.01917133
v 0.00949199 -0.01176833 -0.01908451
v 0.00948149 -0.01186923 -0.01923631
v 0.00955738 -0.01187800 -0.01914945
v 0.00962823 -0.01191466 -0.01965062
v 0.00974902 -0.01201861 -0.01967839
v 0.00967055 -0.01200787 -0.01958972
v 0.00978094 -0.01204964 -0.01965028
v 0.00974017 -0.01206567 -0.01951297
v 0.00982640 -0.01207737 -0.01961034
v 0.00961965 -0.01185922 -0.01967197
v 0.00967962 -0.01186747 -0.01973987
v 0.00970513 -0.01194880 -0.01971715
v 0.00944012 -0.01172153 -0.01947863
v 0.00935994 -0.01155503 -0.01940035
v 0.00952326 -0.01088513 -0.01963233
v 0.00941610 -0.01099470 -0.01950287
v 0.00952090 -0.01083132 -0.01960665
v 0.00966507 -0.01076521 -0.01975780
v 0.00983273 -0.01059956 -0.01961277
v 0.00977693 -0.01062154 -0.01966118
v 0.00969176 -0.01063336 -0.01956258
v 0.00973389 -0.01065486 -0.01969842
v 0.00970392 -0.01069023 -0.01972434
v 0.00986211 -0.01059584 -0.01958725
v 0.00940160 -0.01095319 -0.01946267
v 0.00934703 -0.01116091 -0.01941336
v 0.00942832 -0.01176153 -0.01943571
v 0.00943533 -0.01182839 -0.01933764
v 0.00933018 -0.01161126 -0.01923567
v 0.00933898 -0.01157636 -0.01934872
v 0.00930253 -0.01135714 -0.01932322
v 0.00928731 -0.01135414 -0.01920578
v 0.00931344 -0.01109713 -0.01925261
v 0.00932720 -0.01135791 -0.01937740
v 0.00932466 -0.01113805 -0.01936318
v 0.00940402 -0.01088025 -0.01936934
v 0.00955489 -0.01183137 -0.01960039
v 0.00955613 -0.01188370 -0.01957104
v 0.00958576 -0.01197159 -0.01949633
v 0.00964696 -0.01202598 -0.01941044
v 0.00967769 -0.01200481 -0.01927481
v 0.00955955 -0.01195957 -0.01931706
v 0.00933299 -0.01149335 -0.01909761
v 0.00944727 -0.01083002 -0.01927120
v 0.00979367 -0.01083082 -0.01992035
v 0.00976844 -0.01088468 -0.01991427
v 0.00970463 -0.01085724 -0.01984243
v 0.01005309 -0.01205961 -0.01969851
v 0.00991966 -0.01206309 -0.01971849
v 0.01025122 -0.01187214 -0.01994412
v 0.01009976 -0.01203361 -0.01975461
v 0.01008785 -0.01195296 -0.01992216
v 0.01000794 -0.01202113 -0.01982382
v 0.00991432 -0.01196731 -0.01987267
v 0.01025275 -0.01186965 -0.01994611
v 0.01021114 -0.01174988 -0.02008264
v 0.01030908 -0.01175514 -0.02002135
v 0.01024999 -0.01162283 -0.02013833
v 0.01034911 -0.01162469 -0.02007876
v 0.01035737 -0.01158483 -0.02009160
v 0.01027147 -0.01148514 -0.02017429
v 0.01037126 -0.01148327 -0.02011586
v 0.01027490 -0.01134218 -0.02018923
v 0.01036943 -0.01126172 -0.02013053
v 0.01035959 -0.01118985 -0.02012427
v 0.01022756 -0.01106266 -0.02015423
v 0.01027577 -0.01092023 -0.02004536
v 0.01017853 -0.01093700 -0.02010572
v 0.01011487 -0.01082732 -0.02003897
v 0.01021017 -0.01080733 -0.01997653
v 0.00995358 -0.01067236 -0.01986185
v 0.01009477 -0.01068303 -0.01985056
v 0.01013195 -0.01071551 -0.01989160
v 0.00994981 -0.01060774 -0.01968762
v 0.00986208 -0.01063314 -0.01975857
v 0.00978143 -0.01070082 -0.01981298
v 0.00972269 -0.01080031 -0.01984041
v 0.00988107 -0.01099303 -0.02003734
v 0.00995986 -0.01115759 -0.02011739
v 0.00995117 -0.01175580 -0.02003512
v 0.00991003 -0.01171640 -0.02001744
v 0.00997553 -0.01154944 -0.02010660
v 0.00980620 -0.01182818 -0.01988845
v 0.00983577 -0.01188012 -0.01989149
v 0.00991889 -0.01095130 -0.02005737
v 0.01001169 -0.01087793 -0.02006808
v 0.01011440 -0.01109261 -0.02017293
v 0.01000647 -0.01113431 -0.02014651
v 0.01004332 -0.01135173 -0.02017364
v 0.01015760 -0.01134761 -0.02020481
v 0.01013490 -0.01160373 -0.02015858
v 0.00999301 -0.01135308 -0.02014178
v 0.01002393 -0.01157011 -0.02013443
v 0.01004966 -0.01182151 -0.02004164
v 0.00986476 -0.01073661 -0.01990695
v 0.01003891 -0.01073799 -0.01995655
v 0.01026005 -0.01119952 -0.02018241
v 0.01015646 -0.01186141 -0.02000964
v 0.00974460 -0.01185752 -0.01981520
v 0.00976727 -0.01191275 -0.01980996
v 0.00983391 -0.01200560 -0.01977684
v 0.01080394 -0.00936208 -0.02116228
v 0.01050771 -0.00930223 -0.02082588
v 0.01055700 -0.00909546 -0.02088611
v 0.01080912 -0.00980290 -0.02115669
v 0.01072224 -0.00978339 -0.02105856
v 0.01059679 -0.00967074 -0.02091889
v 0.01052397 -0.00949864 -0.02084014
v 0.01110119 -0.00940140 -0.02149860
v 0.01105222 -0.00960853 -0.02143792
v 0.01094660 -0.00975169 -0.02131425
v 0.01066270 -0.00895258 -0.02100916
v 0.01080024 -0.00890137 -0.02116669
v 0.01088702 -0.00892088 -0.02126514
v 0.01101209 -0.00903343 -0.02140528
v 0.01108511 -0.00920678 -0.02148471
v 0.01100957 -0.01009465 -0.02097897
v 0.01103861 -0.01009621 -0.02095337
v 0.01094966 -0.01008415 -0.02085281
v 0.01088106 -0.00863075 -0.02080744
v 0.01102392 -0.00859877 -0.02097075
v 0.01099520 -0.00860152 -0.02099595
v 0.01085279 -0.00863368 -0.02094738
v 0.01076138 -0.00867340 -0.02084255
v 0.01084123 -0.00865182 -0.02076172
v 0.01067718 -0.00873981 -0.02074552
v 0.01075450 -0.00872021 -0.02066176
v 0.01060347 -0.00883013 -0.02066000
v 0.01067529 -0.00881819 -0.02056984
v 0.01054299 -0.00919997 -0.02041225
v 0.01055803 -0.00911039 -0.02043108
v 0.01047190 -0.00920574 -0.02050330
v 0.01049875 -0.00906779 -0.02053648
v 0.01046446 -0.00909426 -0.02064677
v 0.01054562 -0.00949560 -0.02040913
v 0.01050384 -0.00963089 -0.02053055
v 0.01057586 -0.00963759 -0.02044026
v 0.01055072 -0.00975773 -0.02058073
v 0.01062542 -0.00977091 -0.02049334
v 0.01061313 -0.00986854 -0.02064876
v 0.01068871 -0.00995885 -0.02073214
v 0.01068841 -0.00988213 -0.02056200
v 0.01080466 -0.01000883 -0.02069048
v 0.01090934 -0.01004673 -0.02106752
v 0.01095312 -0.01007672 -0.02102880
v 0.01086676 -0.01006496 -0.02093117
v 0.01076052 -0.00990700 -0.02106446
v 0.01087811 -0.01001347 -0.02109518
v 0.01079949 -0.01000273 -0.02100627
v 0.01075377 -0.00985111 -0.02108421
v 0.01081392 -0.00985935 -0.02115227
v 0.01083676 -0.00994157 -0.02113188
v 0.01057723 -0.00971399 -0.02088722
v 0.01050116 -0.00954820 -0.02080472
v 0.01047939 -0.00957003 -0.02075362
v 0.01089572 -0.00865355 -0.02108323
v 0.01086496 -0.00868826 -0.02111016
v 0.01070348 -0.00873512 -0.02092543
v 0.01082509 -0.00876171 -0.02114508
v 0.01067878 -0.00882743 -0.02099550
v 0.01068032 -0.00888066 -0.02102219
v 0.01047313 -0.00935185 -0.02077716
v 0.01044821 -0.00935160 -0.02072296
v 0.01043255 -0.00935069 -0.02060539
v 0.01068946 -0.00982338 -0.02101190
v 0.01068894 -0.00987614 -0.02098403
v 0.01071540 -0.00996652 -0.02091183
v 0.01056405 -0.00975446 -0.02084537
v 0.01056863 -0.00982369 -0.02074907
v 0.01046916 -0.00960716 -0.02064137
v 0.01057036 -0.00898988 -0.02089498
v 0.01055644 -0.00894893 -0.02085400
v 0.01055976 -0.00887783 -0.02075922
v 0.01077436 -0.01002525 -0.02082747
v 0.01047449 -0.00949293 -0.02050030
v 0.01053809 -0.00942815 -0.02040202
v 0.01046365 -0.00934934 -0.02049104
v 0.01047535 -0.00913322 -0.02075821
v 0.01049750 -0.00915555 -0.02080886
v 0.01061650 -0.00892734 -0.02050099
v 0.01054323 -0.00894095 -0.02058945
v 0.01093874 -0.00862191 -0.02104548
v 0.01118141 -0.01006429 -0.02111637
v 0.01104753 -0.01006252 -0.02113635
v 0.01138690 -0.00987687 -0.02135513
v 0.01122893 -0.01003848 -0.02117106
v 0.01122074 -0.00995263 -0.02133620
v 0.01113791 -0.01002067 -0.02124017
v 0.01104634 -0.00996245 -0.02128761
v 0.01139429 -0.00962293 -0.02154238
v 0.01149300 -0.00962915 -0.02148238
v 0.01144886 -0.00975975 -0.02142875
v 0.01150422 -0.00958076 -0.02149637
v 0.01141968 -0.00948535 -0.02157469
v 0.01151913 -0.00948756 -0.02151568
v 0.01142671 -0.00934251 -0.02158611
v 0.01152293 -0.00926871 -0.02152519
v 0.01151436 -0.00919378 -0.02151715
v 0.01138513 -0.00906312 -0.02154508
v 0.01143597 -0.00892522 -0.02143370
v 0.01133813 -0.00893747 -0.02149422
v 0.01127595 -0.00882779 -0.02142563
v 0.01120089 -0.00873846 -0.02134190
v 0.01137119 -0.00881071 -0.02136227
v 0.01129389 -0.00871874 -0.02127603
v 0.01111593 -0.00867281 -0.02124638
v 0.01102433 -0.00863355 -0.02114278
v 0.01125731 -0.00868648 -0.02123497
v 0.01111208 -0.00861075 -0.02107096
v 0.01086355 -0.00885292 -0.02123134
v 0.01088262 -0.00879656 -0.02122819
v 0.01094290 -0.00869886 -0.02119875
v 0.01103889 -0.00898838 -0.02142831
v 0.01109080 -0.00974902 -0.02144384
v 0.01105067 -0.00970911 -0.02142520
v 0.01112138 -0.00954290 -0.02150978
v 0.01118744 -0.00981718 -0.02145192
v 0.01116947 -0.00956412 -0.02153799
v 0.01114399 -0.00934732 -0.02154012
v 0.01092738 -0.00888031 -0.02130349
v 0.01095364 -0.00882702 -0.02130848
v 0.01102629 -0.00873462 -0.02129306
v 0.01107770 -0.00894725 -0.02144737
v 0.01117200 -0.00887579 -0.02145624
v 0.01127143 -0.00909013 -0.02156499
v 0.01111499 -0.00915247 -0.02151149
v 0.01116235 -0.00912979 -0.02153993
v 0.01119460 -0.00934654 -0.02157178
v 0.01130929 -0.00934463 -0.02160238
v 0.01127979 -0.00960010 -0.02156261
v 0.01141500 -0.00919992 -0.02157607
v 0.01135145 -0.00974983 -0.02149032
v 0.01138852 -0.00987437 -0.02135704
v 0.01129287 -0.00986121 -0.02142071
v 0.01097064 -0.00987272 -0.02130402
v 0.01094265 -0.00982031 -0.02129954
v 0.01087968 -0.00984948 -0.02122723
v 0.01090058 -0.00990517 -0.02122356
v 0.01096404 -0.01000055 -0.02119309
v 0.00833910 -0.01338595 -0.01798411
v 0.00813918 -0.01334107 -0.01776399
v 0.00815998 -0.01320239 -0.01781633
v 0.00831608 -0.01366963 -0.01788901
v 0.00822382 -0.01359330 -0.01780281
v 0.00816657 -0.01348674 -0.01776286
v 0.00853802 -0.01341582 -0.01820499
v 0.00851889 -0.01355461 -0.01815040
v 0.00837429 -0.01368246 -0.01795240
v 0.00845934 -0.01364939 -0.01805832
v 0.00822197 -0.01310735 -0.01790576
v 0.00830869 -0.01307379 -0.01801179
v 0.00836702 -0.01308683 -0.01807618
v 0.00845610 -0.01316276 -0.01816406
v 0.00851111 -0.01326909 -0.01820587
v 0.00828896 -0.01281476 -0.01774727
v 0.00836719 -0.01278242 -0.01766844
v 0.00839783 -0.01276554 -0.01770631
v 0.00830208 -0.01283693 -0.01758489
v 0.00822636 -0.01286759 -0.01766678
v 0.00823560 -0.01288629 -0.01782548
v 0.00817353 -0.01293940 -0.01759407
v 0.00824479 -0.01291495 -0.01750612
v 0.00820468 -0.01300179 -0.01744498
v 0.00813284 -0.01302747 -0.01753190
v 0.00813365 -0.01299746 -0.01768940
v 0.00817065 -0.01314333 -0.01737963
v 0.00809439 -0.01323778 -0.01744758
v 0.00816443 -0.01321843 -0.01735760
v 0.00809853 -0.01335172 -0.01742840
v 0.00818283 -0.01342515 -0.01733410
v 0.00811851 -0.01346558 -0.01742563
v 0.00818920 -0.01345275 -0.01733499
v 0.00815343 -0.01357486 -0.01743932
v 0.00822535 -0.01356504 -0.01734925
v 0.00846039 -0.01386904 -0.01753422
v 0.00833779 -0.01375790 -0.01742661
v 0.00833058 -0.01383411 -0.01757194
v 0.00826184 -0.01376282 -0.01751374
v 0.00821259 -0.01373361 -0.01761781
v 0.00834319 -0.01373299 -0.01789487
v 0.00841864 -0.01381723 -0.01791325
v 0.00835673 -0.01378688 -0.01786934
v 0.00846898 -0.01388084 -0.01786900
v 0.00840753 -0.01387256 -0.01780125
v 0.00850207 -0.01390578 -0.01783996
v 0.00848224 -0.01391767 -0.01772013
v 0.00855160 -0.01392685 -0.01779652
v 0.00860768 -0.01393140 -0.01774736
v 0.00822364 -0.01304157 -0.01791148
v 0.00830782 -0.01301598 -0.01801278
v 0.00815323 -0.01311939 -0.01781630
v 0.00821790 -0.01298599 -0.01788876
v 0.00832238 -0.01292933 -0.01800045
v 0.00848066 -0.01274636 -0.01786353
v 0.00842583 -0.01277370 -0.01791111
v 0.00835879 -0.01278312 -0.01783255
v 0.00838374 -0.01281238 -0.01794755
v 0.00835682 -0.01284971 -0.01797081
v 0.00850939 -0.01274002 -0.01783855
v 0.00814237 -0.01351721 -0.01771966
v 0.00812304 -0.01353699 -0.01766673
v 0.00808377 -0.01337490 -0.01765884
v 0.00813599 -0.01307614 -0.01777856
v 0.00811253 -0.01323741 -0.01774665
v 0.00807423 -0.01316600 -0.01759011
v 0.00806797 -0.01336565 -0.01754192
v 0.00811670 -0.01356524 -0.01755159
v 0.00840511 -0.01388643 -0.01764155
v 0.00833927 -0.01384450 -0.01773145
v 0.00830179 -0.01376404 -0.01781285
v 0.00829592 -0.01371325 -0.01784608
v 0.00820847 -0.01363535 -0.01776633
v 0.00820002 -0.01367382 -0.01772060
v 0.00856658 -0.01391643 -0.01764096
v 0.00863861 -0.01392578 -0.01772028
v 0.00828946 -0.01369081 -0.01738987
v 0.00820193 -0.01367524 -0.01746904
v 0.00810600 -0.01312824 -0.01748246
v 0.00808851 -0.01321287 -0.01769798
v 0.00810858 -0.01337728 -0.01771278
v 0.00835014 -0.01302181 -0.01806036
v 0.00839643 -0.01304149 -0.01811001
v 0.00868580 -0.01388599 -0.01796247
v 0.00877798 -0.01388386 -0.01789262
v 0.00874825 -0.01390066 -0.01785344
v 0.00883944 -0.01383001 -0.01797922
v 0.00874495 -0.01383348 -0.01804587
v 0.00858808 -0.01384425 -0.01801604
v 0.00879358 -0.01376204 -0.01812216
v 0.00889205 -0.01375284 -0.01806196
v 0.00892781 -0.01366679 -0.01812685
v 0.00882996 -0.01367435 -0.01818804
v 0.00868396 -0.01373315 -0.01815731
v 0.00895677 -0.01352618 -0.01819663
v 0.00886206 -0.01346462 -0.01827794
v 0.00896136 -0.01345139 -0.01822013
v 0.00885685 -0.01335080 -0.01829813
v 0.00894216 -0.01324465 -0.01824449
v 0.00883752 -0.01323692 -0.01830044
v 0.00893618 -0.01321721 -0.01824335
v 0.00880483 -0.01312747 -0.01828492
v 0.00890239 -0.01310454 -0.01822715
v 0.00868293 -0.01279779 -0.01802906
v 0.00879815 -0.01291024 -0.01814286
v 0.00863972 -0.01286718 -0.01814201
v 0.00870416 -0.01293886 -0.01820393
v 0.00860410 -0.01299712 -0.01823000
v 0.00849427 -0.01278299 -0.01798837
v 0.00846903 -0.01371316 -0.01804426
v 0.00853647 -0.01363517 -0.01814197
v 0.00850264 -0.01376391 -0.01804269
v 0.00861810 -0.01391745 -0.01787545
v 0.00854385 -0.01323720 -0.01824171
v 0.00858883 -0.01321259 -0.01827230
v 0.00862660 -0.01337459 -0.01828143
v 0.00858056 -0.01367359 -0.01815631
v 0.00857401 -0.01351699 -0.01821435
v 0.00841833 -0.01298589 -0.01811910
v 0.00836470 -0.01296307 -0.01806144
v 0.00848380 -0.01288612 -0.01811083
v 0.00841752 -0.01285801 -0.01803927
v 0.00856888 -0.01281449 -0.01806917
v 0.00873694 -0.01356468 -0.01826217
v 0.00874027 -0.01336509 -0.01831299
v 0.00869382 -0.01316552 -0.01830146
v 0.00848076 -0.01311924 -0.01819247
v 0.00851590 -0.01307594 -0.01821497
v 0.00858045 -0.01274958 -0.01791881
v 0.00884302 -0.01297794 -0.01818254
v 0.00875984 -0.01302681 -0.01825223
v 0.00885305 -0.01357393 -0.01824075
v 0.00862380 -0.01353669 -0.01824055
v 0.00857652 -0.01337705 -0.01824949
v 0.00703536 -0.01137198 -0.01674326
v 0.00732980 -0.01141082 -0.01707860
v 0.00728546 -0.01161839 -0.01701272
v 0.00702291 -0.01090649 -0.01675558
v 0.00710925 -0.01092604 -0.01685368
v 0.00723482 -0.01103886 -0.01699197
v 0.00730813 -0.01120514 -0.01706676
v 0.00673971 -0.01130697 -0.01640926
v 0.00678531 -0.01109981 -0.01647354
v 0.00688815 -0.01095720 -0.01659872
v 0.00718438 -0.01176123 -0.01688536
v 0.00705094 -0.01181174 -0.01672824
v 0.00696459 -0.01179232 -0.01663096
v 0.00683679 -0.01167907 -0.01649401
v 0.00676165 -0.01151191 -0.01642064
v 0.00725972 -0.01209413 -0.01654484
v 0.00728984 -0.01209415 -0.01651853
v 0.00720102 -0.01208210 -0.01641813
v 0.00698177 -0.01067413 -0.01643552
v 0.00706136 -0.01065025 -0.01635508
v 0.00710078 -0.01062915 -0.01640108
v 0.00697580 -0.01071865 -0.01625430
v 0.00689882 -0.01074062 -0.01633778
v 0.00692469 -0.01073798 -0.01651738
v 0.00689816 -0.01081664 -0.01616119
v 0.00676830 -0.01094204 -0.01617924
v 0.00684114 -0.01092578 -0.01609087
v 0.00672607 -0.01106906 -0.01612445
v 0.00678658 -0.01110526 -0.01601923
v 0.00670186 -0.01120720 -0.01608904
v 0.00677255 -0.01119840 -0.01599792
v 0.00669656 -0.01135099 -0.01607416
v 0.00677258 -0.01142777 -0.01598349
v 0.00678154 -0.01149396 -0.01598912
v 0.00674332 -0.01163297 -0.01610764
v 0.00681526 -0.01163589 -0.01601711
v 0.00679346 -0.01176000 -0.01615471
v 0.00686878 -0.01177005 -0.01606739
v 0.00685885 -0.01187097 -0.01621984
v 0.00693443 -0.01188029 -0.01613275
v 0.00700594 -0.01191561 -0.01663360
v 0.00712626 -0.01201996 -0.01666173
v 0.00704793 -0.01200923 -0.01657315
v 0.00715823 -0.01205138 -0.01663369
v 0.00711734 -0.01206763 -0.01649668
v 0.00720347 -0.01207938 -0.01659405
v 0.00699751 -0.01186005 -0.01665467
v 0.00705735 -0.01186830 -0.01672246
v 0.00708264 -0.01194989 -0.01670009
v 0.00681846 -0.01172236 -0.01646147
v 0.00673859 -0.01155583 -0.01638301
v 0.00690356 -0.01088566 -0.01661175
v 0.00679605 -0.01099529 -0.01648327
v 0.00690125 -0.01083189 -0.01658596
v 0.00704559 -0.01076568 -0.01673619
v 0.00721335 -0.01060074 -0.01659032
v 0.00715749 -0.01062252 -0.01663897
v 0.00707220 -0.01063433 -0.01654075
v 0.00711458 -0.01065557 -0.01667632
v 0.00708447 -0.01069094 -0.01670247
v 0.00724257 -0.01059715 -0.01656483
v 0.00678152 -0.01095382 -0.01644307
v 0.00672651 -0.01116157 -0.01639474
v 0.00680647 -0.01176246 -0.01641881
v 0.00681310 -0.01182966 -0.01632109
v 0.00670819 -0.01161242 -0.01621889
v 0.00671746 -0.01157724 -0.01633163
v 0.00668140 -0.01135794 -0.01630560
v 0.00666571 -0.01135517 -0.01618839
v 0.00669246 -0.01109803 -0.01623420
v 0.00670623 -0.01135865 -0.01635957
v 0.00670404 -0.01113876 -0.01634468
v 0.00678377 -0.01088105 -0.01634963
v 0.00693292 -0.01183222 -0.01658318
v 0.00693399 -0.01188465 -0.01655409
v 0.00696330 -0.01197293 -0.01647980
v 0.00702422 -0.01202789 -0.01639410
v 0.00705476 -0.01200729 -0.01625833
v 0.00693687 -0.01196142 -0.01630068
v 0.00671063 -0.01149480 -0.01608049
v 0.00682666 -0.01083107 -0.01625123
v 0.00743039 -0.01206226 -0.01668279
v 0.00729660 -0.01206510 -0.01670216
v 0.00762817 -0.01187487 -0.01692755
v 0.00747674 -0.01203641 -0.01673848
v 0.00746459 -0.01195495 -0.01690548
v 0.00738477 -0.01202314 -0.01680737
v 0.00729125 -0.01196864 -0.01685570
v 0.00762969 -0.01187237 -0.01692953
v 0.00758794 -0.01175174 -0.01706515
v 0.00768613 -0.01175777 -0.01700434
v 0.00762695 -0.01162460 -0.01712025
v 0.00772634 -0.01162720 -0.01706116
v 0.00773524 -0.01158433 -0.01707468
v 0.00764872 -0.01148679 -0.01715554
v 0.00774880 -0.01148564 -0.01709755
v 0.00765255 -0.01134373 -0.01716974
v 0.00774769 -0.01126489 -0.01711109
v 0.00773798 -0.01119190 -0.01710439
v 0.00760623 -0.01106400 -0.01713328
v 0.00765531 -0.01092226 -0.01702415
v 0.00755773 -0.01093824 -0.01708417
v 0.00749457 -0.01082847 -0.01701694
v 0.00759003 -0.01080895 -0.01695459
v 0.00733035 -0.01060910 -0.01666505
v 0.00724263 -0.01063414 -0.01673617
v 0.00708490 -0.01085774 -0.01682091
v 0.00710305 -0.01080084 -0.01681868
v 0.00716193 -0.01070153 -0.01679086
v 0.00726057 -0.01099351 -0.01701578
v 0.00733861 -0.01115811 -0.01709638
v 0.00732830 -0.01175661 -0.01701692
v 0.00728741 -0.01171712 -0.01699900
v 0.00735310 -0.01155009 -0.01708733
v 0.00718367 -0.01182895 -0.01687062
v 0.00721301 -0.01188101 -0.01687394
v 0.00729841 -0.01095184 -0.01703565
v 0.00739127 -0.01087871 -0.01704610
v 0.00749299 -0.01109347 -0.01715181
v 0.00738514 -0.01113490 -0.01712542
v 0.00742118 -0.01135238 -0.01715350
v 0.00753522 -0.01134861 -0.01718491
v 0.00751189 -0.01160486 -0.01713995
v 0.00737105 -0.01135366 -0.01712159
v 0.00740125 -0.01157084 -0.01711534
v 0.00742643 -0.01182275 -0.01702402
v 0.00714853 -0.01088517 -0.01689261
v 0.00717384 -0.01083135 -0.01689848
v 0.00724507 -0.01073733 -0.01688472
v 0.00733399 -0.01067340 -0.01683939
v 0.00747501 -0.01068441 -0.01682799
v 0.00751217 -0.01071703 -0.01686927
v 0.00741902 -0.01073908 -0.01693421
v 0.00763819 -0.01120096 -0.01716217
v 0.00753318 -0.01186334 -0.01699262
v 0.00712219 -0.01185832 -0.01679761
v 0.00714466 -0.01191367 -0.01679264
v 0.00721099 -0.01200694 -0.01676006
v 0.00817929 -0.00936156 -0.01813724
v 0.00788648 -0.00930126 -0.01779970
v 0.00793585 -0.00909463 -0.01785993
v 0.00818335 -0.00980263 -0.01813275
v 0.00809769 -0.00978320 -0.01803418
v 0.00797391 -0.00967056 -0.01789366
v 0.00790271 -0.00950069 -0.01781487
v 0.00847186 -0.00940201 -0.01847536
v 0.00842295 -0.00960889 -0.01841458
v 0.00831857 -0.00975168 -0.01829051
v 0.00804078 -0.00895203 -0.01798315
v 0.00817641 -0.00890106 -0.01814072
v 0.00826198 -0.00892053 -0.01823957
v 0.00838506 -0.00903303 -0.01838067
v 0.00845586 -0.00920336 -0.01846019
v 0.00838478 -0.01009569 -0.01795780
v 0.00841391 -0.01009742 -0.01793260
v 0.00832600 -0.01008532 -0.01783129
v 0.00814072 -0.00867347 -0.01781655
v 0.00822112 -0.00865209 -0.01773619
v 0.00826063 -0.00863099 -0.01778212
v 0.00813497 -0.00872050 -0.01763593
v 0.00805716 -0.00873991 -0.01771927
v 0.00808218 -0.00873504 -0.01789907
v 0.00805617 -0.00881852 -0.01754384
v 0.00792395 -0.00894111 -0.01756308
v 0.00799763 -0.00892771 -0.01747493
v 0.00787957 -0.00906800 -0.01751021
v 0.00793929 -0.00911063 -0.01740520
v 0.00785271 -0.00920601 -0.01747721
v 0.00792417 -0.00920048 -0.01738641
v 0.00784431 -0.00934966 -0.01746518
v 0.00791897 -0.00942886 -0.01737662
v 0.00792636 -0.00949628 -0.01738388
v 0.00788379 -0.00963133 -0.01750536
v 0.00795620 -0.00963837 -0.01741543
v 0.00793011 -0.00975823 -0.01755598
v 0.00800534 -0.00977203 -0.01746915
v 0.00799181 -0.00986910 -0.01762455
v 0.00806757 -0.00988309 -0.01753827
v 0.00813547 -0.00990688 -0.01804066
v 0.00825231 -0.01001365 -0.01807258
v 0.00817473 -0.01000292 -0.01798315
v 0.00828384 -0.01004722 -0.01804522
v 0.00824249 -0.01006561 -0.01790886
v 0.00832777 -0.01007738 -0.01800715
v 0.00812871 -0.00985091 -0.01806015
v 0.00818803 -0.00985912 -0.01812857
v 0.00821086 -0.00994158 -0.01810861
v 0.00795453 -0.00971385 -0.01786206
v 0.00787956 -0.00954805 -0.01777896
v 0.00805802 -0.00888040 -0.01799573
v 0.00794904 -0.00898966 -0.01786835
v 0.00805679 -0.00882720 -0.01796902
v 0.00820171 -0.00876141 -0.01811910
v 0.00837334 -0.00860168 -0.01797112
v 0.00831637 -0.00862196 -0.01802030
v 0.00823131 -0.00863374 -0.01792173
v 0.00827308 -0.00865342 -0.01805764
v 0.00824196 -0.00868813 -0.01808445
v 0.00840218 -0.00859902 -0.01794621
v 0.00793550 -0.00894875 -0.01782733
v 0.00787660 -0.00915536 -0.01778234
v 0.00794162 -0.00975440 -0.01782032
v 0.00794676 -0.00982388 -0.01772437
v 0.00784856 -0.00960730 -0.01761587
v 0.00785813 -0.00956995 -0.01772790
v 0.00782760 -0.00935149 -0.01769675
v 0.00781266 -0.00935076 -0.01757930
v 0.00784471 -0.00909426 -0.01762028
v 0.00785214 -0.00935169 -0.01775094
v 0.00785485 -0.00913308 -0.01773166
v 0.00793957 -0.00887779 -0.01773263
v 0.00806525 -0.00982319 -0.01798745
v 0.00806486 -0.00987605 -0.01795978
v 0.00809169 -0.00996672 -0.01788815
v 0.00815120 -0.01002588 -0.01780449
v 0.00818286 -0.01001013 -0.01766802
v 0.00806654 -0.00995946 -0.01770849
v 0.00785484 -0.00949331 -0.01747474
v 0.00798391 -0.00883026 -0.01763365
v 0.00832822 -0.00882671 -0.01828325
v 0.00830197 -0.00887996 -0.01827813
v 0.00823907 -0.00885260 -0.01820559
v 0.00855503 -0.01006547 -0.01809681
v 0.00842096 -0.01006315 -0.01811537
v 0.00887356 -0.00958381 -0.01847787
v 0.00886289 -0.00962999 -0.01846449
v 0.00876341 -0.00962325 -0.01852311
v 0.00881917 -0.00976070 -0.01841081
v 0.00872098 -0.00975023 -0.01847106
v 0.00875952 -0.00987542 -0.01833885
v 0.00866311 -0.00986169 -0.01840124
v 0.00875792 -0.00987792 -0.01833693
v 0.00859190 -0.00995317 -0.01831636
v 0.00860190 -0.01003966 -0.01815182
v 0.00888487 -0.00919428 -0.01849818
v 0.00875567 -0.00906319 -0.01852415
v 0.00880803 -0.00892499 -0.01841293
v 0.00870972 -0.00893752 -0.01847257
v 0.00864873 -0.00882783 -0.01840321
v 0.00874472 -0.00881102 -0.01834090
v 0.00849130 -0.00867284 -0.01822243
v 0.00863236 -0.00868650 -0.01821199
v 0.00866869 -0.00871902 -0.01825378
v 0.00848935 -0.00861099 -0.01804706
v 0.00840093 -0.00863358 -0.01811812
v 0.00831891 -0.00869871 -0.01817345
v 0.00825824 -0.00879628 -0.01820253
v 0.00841163 -0.00898798 -0.01840381
v 0.00848616 -0.00915204 -0.01848786
v 0.00853310 -0.00912939 -0.01851667
v 0.00851422 -0.00934688 -0.01851718
v 0.00856432 -0.00934614 -0.01854932
v 0.00867840 -0.00934445 -0.01858114
v 0.00845020 -0.00894689 -0.01842312
v 0.00854441 -0.00887559 -0.01843276
v 0.00864176 -0.00908992 -0.01854276
v 0.00864882 -0.00959999 -0.01854185
v 0.00855750 -0.00981718 -0.01843104
v 0.00853912 -0.00956376 -0.01851593
v 0.00846132 -0.00974871 -0.01842170
v 0.00849156 -0.00954249 -0.01848719
v 0.00842161 -0.00970875 -0.01840256
v 0.00831500 -0.00982001 -0.01827648
v 0.00834276 -0.00987250 -0.01828138
v 0.00841828 -0.00996254 -0.01826604
v 0.00840113 -0.00873446 -0.01826832
v 0.00857495 -0.00873849 -0.01831868
v 0.00878472 -0.00920003 -0.01855578
v 0.00889307 -0.00926848 -0.01850647
v 0.00879591 -0.00934268 -0.01856634
v 0.00888893 -0.00948828 -0.01849763
v 0.00878868 -0.00948560 -0.01855526
v 0.00851016 -0.01002127 -0.01821982
v 0.00825289 -0.00984921 -0.01820386
v 0.00827365 -0.00990499 -0.01820056
v 0.00833711 -0.01000069 -0.01817104
v 0.00570191 -0.01338694 -0.01498694
v 0.00549894 -0.01334142 -0.01477029
v 0.00552120 -0.01320305 -0.01482156
v 0.00567641 -0.01367082 -0.01489408
v 0.00558317 -0.01359441 -0.01480889
v 0.00552591 -0.01348823 -0.01476944
v 0.00590342 -0.01341767 -0.01520474
v 0.00588289 -0.01355611 -0.01515123
v 0.00573532 -0.01368363 -0.01495650
v 0.00582180 -0.01365062 -0.01506076
v 0.00573192 -0.01308780 -0.01507656
v 0.00567303 -0.01307486 -0.01501335
v 0.00558482 -0.01310830 -0.01490922
v 0.00582206 -0.01316386 -0.01516367
v 0.00587731 -0.01327072 -0.01520536
v 0.00564989 -0.01281664 -0.01474816
v 0.00572682 -0.01278482 -0.01466786
v 0.00575783 -0.01276808 -0.01470475
v 0.00566010 -0.01283934 -0.01458570
v 0.00558579 -0.01286947 -0.01466907
v 0.00559768 -0.01288774 -0.01482759
v 0.00553150 -0.01294130 -0.01459772
v 0.00560115 -0.01291740 -0.01450835
v 0.00555966 -0.01300430 -0.01444838
v 0.00548942 -0.01302941 -0.01453678
v 0.00549319 -0.01299891 -0.01469400
v 0.00552407 -0.01314530 -0.01438462
v 0.00544879 -0.01323984 -0.01445433
v 0.00551710 -0.01322111 -0.01436289
v 0.00545222 -0.01335386 -0.01443568
v 0.00553421 -0.01342711 -0.01434015
v 0.00547177 -0.01346781 -0.01443317
v 0.00554070 -0.01345570 -0.01434110
v 0.00550655 -0.01357721 -0.01444682
v 0.00557677 -0.01356815 -0.01435535
v 0.00581419 -0.01387286 -0.01453848
v 0.00569000 -0.01376136 -0.01443195
v 0.00568503 -0.01383682 -0.01457795
v 0.00561559 -0.01376541 -0.01452042
v 0.00556828 -0.01373541 -0.01462513
v 0.00570319 -0.01373420 -0.01489982
v 0.00577844 -0.01381877 -0.01491760
v 0.00571608 -0.01378826 -0.01487447
v 0.00582780 -0.01388285 -0.01487315
v 0.00576542 -0.01387455 -0.01480624
v 0.00586050 -0.01390826 -0.01484370
v 0.00583869 -0.01392058 -0.01472440
v 0.00590915 -0.01392982 -0.01479989
v 0.00596485 -0.01393504 -0.01474974
v 0.00558667 -0.01304264 -0.01491443
v 0.00567235 -0.01301707 -0.01501406
v 0.00551457 -0.01312045 -0.01482100
v 0.00558073 -0.01298713 -0.01489158
v 0.00568698 -0.01293049 -0.01500109
v 0.00584382 -0.01274856 -0.01486072
v 0.00578944 -0.01277562 -0.01490946
v 0.00572118 -0.01278502 -0.01483206
v 0.00574793 -0.01281392 -0.01494663
v 0.00572117 -0.01285118 -0.01497057
v 0.00587196 -0.01274247 -0.01483548
v 0.00550074 -0.01351832 -0.01472683
v 0.00548045 -0.01353822 -0.01467442
v 0.00544167 -0.01337608 -0.01466635
v 0.00549683 -0.01307727 -0.01478340
v 0.00547239 -0.01323847 -0.01475277
v 0.00543155 -0.01316748 -0.01459677
v 0.00542378 -0.01336721 -0.01454981
v 0.00547196 -0.01356691 -0.01455967
v 0.00576047 -0.01388926 -0.01464673
v 0.00569627 -0.01384644 -0.01473734
v 0.00566045 -0.01376539 -0.01481871
v 0.00565533 -0.01371446 -0.01485169
v 0.00556707 -0.01363651 -0.01477297
v 0.00555771 -0.01367512 -0.01472768
v 0.00592189 -0.01392038 -0.01464400
v 0.00599513 -0.01392982 -0.01472247
v 0.00564102 -0.01369381 -0.01439546
v 0.00555523 -0.01367770 -0.01447625
v 0.00546138 -0.01313023 -0.01448840
v 0.00544762 -0.01321402 -0.01470450
v 0.00546738 -0.01337836 -0.01471979
v 0.00571528 -0.01302290 -0.01506095
v 0.00576215 -0.01304260 -0.01510993
v 0.00604584 -0.01388900 -0.01496387
v 0.00613723 -0.01388797 -0.01489293
v 0.00610748 -0.01390448 -0.01485497
v 0.00620012 -0.01383409 -0.01497852
v 0.00610632 -0.01383646 -0.01504621
v 0.00594902 -0.01384628 -0.01501828
v 0.00615623 -0.01376497 -0.01512146
v 0.00625416 -0.01375683 -0.01506020
v 0.00629114 -0.01367066 -0.01512414
v 0.00619382 -0.01367720 -0.01518633
v 0.00604715 -0.01373514 -0.01515756
v 0.00632141 -0.01353118 -0.01519221
v 0.00622793 -0.01346729 -0.01527444
v 0.00632675 -0.01345497 -0.01521562
v 0.00622343 -0.01335336 -0.01529395
v 0.00630900 -0.01324964 -0.01523886
v 0.00620461 -0.01323938 -0.01529573
v 0.00630278 -0.01322046 -0.01523755
v 0.00617219 -0.01312983 -0.01527992
v 0.00626923 -0.01310763 -0.01522101
v 0.00604817 -0.01280040 -0.01502379
v 0.00616458 -0.01291304 -0.01513676
v 0.00600624 -0.01286926 -0.01513763
v 0.00607124 -0.01294103 -0.01519908
v 0.00597134 -0.01299874 -0.01522667
v 0.00585898 -0.01278495 -0.01498567
v 0.00583106 -0.01371438 -0.01504711
v 0.00590006 -0.01363639 -0.01514333
v 0.00586437 -0.01376530 -0.01504543
v 0.00597682 -0.01392045 -0.01487789
v 0.00591040 -0.01323837 -0.01524045
v 0.00595578 -0.01321388 -0.01527030
v 0.00599296 -0.01337590 -0.01527990
v 0.00594408 -0.01367496 -0.01515735
v 0.00593900 -0.01351819 -0.01521440
v 0.00578433 -0.01298708 -0.01511841
v 0.00573003 -0.01296426 -0.01506151
v 0.00584993 -0.01288765 -0.01510868
v 0.00578280 -0.01285951 -0.01503805
v 0.00593463 -0.01281650 -0.01506552
v 0.00610214 -0.01356659 -0.01526062
v 0.00610693 -0.01336690 -0.01531009
v 0.00606122 -0.01316724 -0.01529792
v 0.00584721 -0.01312038 -0.01519147
v 0.00588275 -0.01307718 -0.01521324
v 0.00594422 -0.01275208 -0.01491472
v 0.00621013 -0.01298150 -0.01517661
v 0.00612719 -0.01302907 -0.01524717
v 0.00621799 -0.01357668 -0.01523810
v 0.00598896 -0.01353803 -0.01524010
v 0.00594254 -0.01337823 -0.01524862
v 0.00437601 -0.01137216 -0.01377088
v 0.00467899 -0.01141291 -0.01409673
v 0.00463254 -0.01161978 -0.01403250
v 0.00436407 -0.01090660 -0.01378223
v 0.00445292 -0.01092609 -0.01387736
v 0.00458215 -0.01103902 -0.01401212
v 0.00465583 -0.01120029 -0.01408391
v 0.00407060 -0.01130553 -0.01344753
v 0.00411863 -0.01109902 -0.01350978
v 0.00422525 -0.01095702 -0.01363068
v 0.00452816 -0.01176193 -0.01390890
v 0.00439087 -0.01181213 -0.01375684
v 0.00430193 -0.01179277 -0.01366264
v 0.00416999 -0.01167942 -0.01352974
v 0.00409401 -0.01151699 -0.01345968
v 0.00431326 -0.01067456 -0.01346342
v 0.00439017 -0.01065088 -0.01338035
v 0.00443096 -0.01062983 -0.01342485
v 0.00430127 -0.01071934 -0.01328268
v 0.00422716 -0.01074110 -0.01336877
v 0.00425885 -0.01073824 -0.01354724
v 0.00415212 -0.01083160 -0.01328508
v 0.00422043 -0.01081740 -0.01319256
v 0.00416091 -0.01092661 -0.01312462
v 0.00409128 -0.01094263 -0.01321559
v 0.00411262 -0.01088137 -0.01338501
v 0.00410289 -0.01111016 -0.01305450
v 0.00402158 -0.01120792 -0.01312875
v 0.00408886 -0.01119939 -0.01303505
v 0.00401572 -0.01135178 -0.01311455
v 0.00408813 -0.01142751 -0.01302129
v 0.00402992 -0.01149565 -0.01312082
v 0.00409741 -0.01149511 -0.01302689
v 0.00406352 -0.01163388 -0.01314719
v 0.00413210 -0.01163712 -0.01305410
v 0.00437974 -0.01200868 -0.01328807
v 0.00425524 -0.01188165 -0.01316626
v 0.00426343 -0.01196246 -0.01333426
v 0.00418278 -0.01187199 -0.01325590
v 0.00414057 -0.01183034 -0.01335849
v 0.00434305 -0.01191610 -0.01366419
v 0.00446397 -0.01202071 -0.01368881
v 0.00438310 -0.01200997 -0.01360282
v 0.00449514 -0.01205233 -0.01365985
v 0.00445002 -0.01206872 -0.01352444
v 0.00453904 -0.01208047 -0.01361904
v 0.00459385 -0.01209547 -0.01356812
v 0.00433532 -0.01186048 -0.01368530
v 0.00439707 -0.01186872 -0.01375105
v 0.00442162 -0.01195050 -0.01372819
v 0.00424064 -0.01088579 -0.01364253
v 0.00412925 -0.01099546 -0.01351828
v 0.00423756 -0.01083205 -0.01361671
v 0.00438622 -0.01076578 -0.01376178
v 0.00454954 -0.01060125 -0.01361047
v 0.00449513 -0.01062291 -0.01366089
v 0.00440693 -0.01063474 -0.01356546
v 0.00445342 -0.01065581 -0.01369954
v 0.00442405 -0.01069117 -0.01372674
v 0.00457793 -0.01059774 -0.01358415
v 0.00406840 -0.01155617 -0.01342200
v 0.00404558 -0.01157764 -0.01337158
v 0.00400877 -0.01135827 -0.01334620
v 0.00411346 -0.01095403 -0.01347855
v 0.00405690 -0.01116180 -0.01343289
v 0.00401742 -0.01109846 -0.01327372
v 0.00398903 -0.01135570 -0.01322977
v 0.00403241 -0.01161303 -0.01325950
v 0.00435374 -0.01202896 -0.01342487
v 0.00429568 -0.01197366 -0.01351228
v 0.00426881 -0.01188513 -0.01358710
v 0.00426869 -0.01183263 -0.01361598
v 0.00415062 -0.01172275 -0.01349805
v 0.00413726 -0.01176292 -0.01345604
v 0.00453117 -0.01208356 -0.01344335
v 0.00462306 -0.01209561 -0.01354098
v 0.00418707 -0.01177077 -0.01310261
v 0.00411523 -0.01176096 -0.01319282
v 0.00404711 -0.01106970 -0.01316280
v 0.00403278 -0.01113902 -0.01338368
v 0.00403539 -0.01135893 -0.01339914
v 0.00472640 -0.01202421 -0.01382655
v 0.00481638 -0.01203785 -0.01375517
v 0.00476864 -0.01206363 -0.01370108
v 0.00497301 -0.01187620 -0.01393950
v 0.00480886 -0.01195599 -0.01392210
v 0.00463432 -0.01196936 -0.01387731
v 0.00487975 -0.01186434 -0.01400698
v 0.00497459 -0.01187370 -0.01394144
v 0.00503299 -0.01175905 -0.01401440
v 0.00493637 -0.01175268 -0.01407765
v 0.00477393 -0.01182343 -0.01404108
v 0.00497680 -0.01162549 -0.01413130
v 0.00507470 -0.01162839 -0.01406977
v 0.00508452 -0.01158253 -0.01408377
v 0.00499950 -0.01148761 -0.01416558
v 0.00509813 -0.01148674 -0.01410517
v 0.00500374 -0.01134448 -0.01417927
v 0.00509756 -0.01126689 -0.01411816
v 0.00498926 -0.01120163 -0.01417166
v 0.00508761 -0.01119282 -0.01411144
v 0.00495669 -0.01106460 -0.01414325
v 0.00500331 -0.01092341 -0.01403278
v 0.00485607 -0.01071765 -0.01388101
v 0.00493612 -0.01080963 -0.01396445
v 0.00476469 -0.01073951 -0.01394848
v 0.00484232 -0.01082895 -0.01402931
v 0.00473984 -0.01087901 -0.01406134
v 0.00466865 -0.01060968 -0.01368172
v 0.00458303 -0.01063453 -0.01375543
v 0.00442784 -0.01085785 -0.01384537
v 0.00444593 -0.01080098 -0.01384245
v 0.00450395 -0.01070176 -0.01381263
v 0.00467578 -0.01175708 -0.01403650
v 0.00463451 -0.01171752 -0.01401964
v 0.00470247 -0.01155044 -0.01410542
v 0.00468842 -0.01115834 -0.01411371
v 0.00473562 -0.01113516 -0.01414137
v 0.00477220 -0.01135272 -0.01416904
v 0.00452741 -0.01182937 -0.01389492
v 0.00455677 -0.01188150 -0.01389753
v 0.00486234 -0.01160547 -0.01415386
v 0.00488687 -0.01134912 -0.01419739
v 0.00484399 -0.01109387 -0.01416473
v 0.00481782 -0.01068504 -0.01384069
v 0.00467720 -0.01067380 -0.01385597
v 0.00458959 -0.01073757 -0.01390396
v 0.00451881 -0.01083149 -0.01392004
v 0.00449338 -0.01088530 -0.01391507
v 0.00464681 -0.01095203 -0.01405365
v 0.00460850 -0.01099368 -0.01403502
v 0.00490708 -0.01093877 -0.01409509
v 0.00475125 -0.01157126 -0.01413213
v 0.00472135 -0.01135395 -0.01413854
v 0.00463530 -0.01206619 -0.01372416
v 0.00554928 -0.00936144 -0.01513075
v 0.00584612 -0.00940318 -0.01546356
v 0.00579618 -0.00960967 -0.01540356
v 0.00554649 -0.00890095 -0.01513379
v 0.00563338 -0.00892041 -0.01523101
v 0.00575834 -0.00903296 -0.01537008
v 0.00582927 -0.00920002 -0.01544772
v 0.00525118 -0.00930013 -0.01479930
v 0.00530183 -0.00909388 -0.01485845
v 0.00540877 -0.00895168 -0.01497931
v 0.00569022 -0.00975202 -0.01528151
v 0.00555318 -0.00980268 -0.01512672
v 0.00546617 -0.00978327 -0.01502993
v 0.00534010 -0.00967054 -0.01489172
v 0.00526830 -0.00950356 -0.01481501
v 0.00550546 -0.00867344 -0.01481045
v 0.00558437 -0.00865209 -0.01472863
v 0.00562467 -0.00863102 -0.01477374
v 0.00549638 -0.00872052 -0.01463006
v 0.00542018 -0.00873986 -0.01471490
v 0.00544842 -0.00873495 -0.01489405
v 0.00534533 -0.00883023 -0.01463088
v 0.00541581 -0.00881855 -0.01453964
v 0.00535586 -0.00892776 -0.01447204
v 0.00528402 -0.00894109 -0.01456170
v 0.00530293 -0.00887770 -0.01473071
v 0.00529565 -0.00911270 -0.01440325
v 0.00521105 -0.00920603 -0.01447769
v 0.00528055 -0.00920059 -0.01438540
v 0.00520240 -0.00934970 -0.01446603
v 0.00527509 -0.00942834 -0.01437593
v 0.00521313 -0.00949339 -0.01447552
v 0.00528269 -0.00949647 -0.01438316
v 0.00524268 -0.00963145 -0.01450568
v 0.00531317 -0.00963859 -0.01441425
v 0.00554480 -0.01001057 -0.01466280
v 0.00542702 -0.00988344 -0.01453508
v 0.00542924 -0.00995971 -0.01470536
v 0.00535299 -0.00986931 -0.01462284
v 0.00530988 -0.00982397 -0.01472342
v 0.00549746 -0.00985096 -0.01505527
v 0.00558028 -0.00994175 -0.01510232
v 0.00550389 -0.00990696 -0.01503577
v 0.00562109 -0.01001386 -0.01506574
v 0.00554216 -0.01000311 -0.01497777
v 0.00565223 -0.01004754 -0.01503786
v 0.00560862 -0.01006594 -0.01490245
v 0.00569545 -0.01007773 -0.01499918
v 0.00575168 -0.01009616 -0.01494889
v 0.00542592 -0.00888028 -0.01499116
v 0.00531487 -0.00898954 -0.01486616
v 0.00542424 -0.00882709 -0.01496447
v 0.00557144 -0.00876128 -0.01511165
v 0.00574064 -0.00860167 -0.01496072
v 0.00568446 -0.00862192 -0.01501089
v 0.00559782 -0.00863370 -0.01491388
v 0.00564182 -0.00865333 -0.01504893
v 0.00561112 -0.00868805 -0.01507630
v 0.00576903 -0.00859903 -0.01493538
v 0.00524379 -0.00954800 -0.01477894
v 0.00522146 -0.00956991 -0.01472844
v 0.00519039 -0.00935142 -0.01469770
v 0.00530061 -0.00894864 -0.01482543
v 0.00524093 -0.00915524 -0.01478191
v 0.00520598 -0.00909420 -0.01462068
v 0.00517312 -0.00935073 -0.01458073
v 0.00520971 -0.00960732 -0.01461681
v 0.00551560 -0.01002618 -0.01479975
v 0.00545762 -0.00996688 -0.01488437
v 0.00543203 -0.00987611 -0.01495629
v 0.00543289 -0.00982322 -0.01498382
v 0.00532018 -0.00971384 -0.01486060
v 0.00530652 -0.00975441 -0.01481924
v 0.00569077 -0.01008580 -0.01482348
v 0.00578035 -0.01009793 -0.01492326
v 0.00536330 -0.00977208 -0.01446698
v 0.00528998 -0.00975840 -0.01455545
v 0.00523859 -0.00906799 -0.01450995
v 0.00521827 -0.00913298 -0.01473174
v 0.00521590 -0.00935159 -0.01475129
v 0.00582549 -0.00894541 -0.01541188
v 0.00624768 -0.00958391 -0.01546109
v 0.00623677 -0.00963040 -0.01544782
v 0.00613867 -0.00962363 -0.01550741
v 0.00597166 -0.01004020 -0.01513937
v 0.00596454 -0.00995376 -0.01530350
v 0.00613019 -0.00987842 -0.01532199
v 0.00603685 -0.00986222 -0.01538722
v 0.00613183 -0.00987592 -0.01532389
v 0.00609560 -0.00975070 -0.01545607
v 0.00619238 -0.00976116 -0.01539490
v 0.00625926 -0.00919452 -0.01548072
v 0.00626753 -0.00926885 -0.01548900
v 0.00616048 -0.00920012 -0.01553931
v 0.00617174 -0.00934286 -0.01554986
v 0.00605522 -0.00934452 -0.01556648
v 0.00577102 -0.00863329 -0.01510686
v 0.00618145 -0.00892510 -0.01539620
v 0.00602272 -0.00882766 -0.01538825
v 0.00611728 -0.00881112 -0.01532496
v 0.00594787 -0.00873826 -0.01530475
v 0.00604012 -0.00871909 -0.01523884
v 0.00586290 -0.00867257 -0.01520971
v 0.00600314 -0.00868651 -0.01519749
v 0.00585779 -0.00861101 -0.01503479
v 0.00590973 -0.00912860 -0.01550459
v 0.00601818 -0.00908955 -0.01552832
v 0.00591946 -0.00887485 -0.01541945
v 0.00570133 -0.00882480 -0.01527352
v 0.00577389 -0.00873347 -0.01525700
v 0.00563001 -0.00879425 -0.01519377
v 0.00569023 -0.00869766 -0.01516339
v 0.00571569 -0.00987442 -0.01527256
v 0.00583644 -0.00975020 -0.01541117
v 0.00579079 -0.00996368 -0.01525578
v 0.00593232 -0.00981809 -0.01541856
v 0.00608455 -0.00893743 -0.01545686
v 0.00613109 -0.00906318 -0.01550792
v 0.00594137 -0.00934614 -0.01553708
v 0.00626322 -0.00948864 -0.01548046
v 0.00616434 -0.00948588 -0.01553904
v 0.00602509 -0.00960051 -0.01552786
v 0.00591565 -0.00956456 -0.01550422
v 0.00588149 -0.01002189 -0.01520832
v 0.00592405 -0.01006598 -0.01508520
v 0.00579079 -0.01006378 -0.01510536
v 0.00297512 -0.01338989 -0.01208251
v 0.00276161 -0.01334348 -0.01187722
v 0.00278673 -0.01320538 -0.01192669
v 0.00294542 -0.01367438 -0.01199287
v 0.00284776 -0.01359793 -0.01191213
v 0.00278832 -0.01349106 -0.01187525
v 0.00318655 -0.01342161 -0.01228958
v 0.00316322 -0.01355971 -0.01223770
v 0.00300696 -0.01368695 -0.01205189
v 0.00309800 -0.01365396 -0.01215105
v 0.00300905 -0.01309010 -0.01216855
v 0.00294756 -0.01307742 -0.01210886
v 0.00285467 -0.01311084 -0.01201015
v 0.00310351 -0.01316626 -0.01225160
v 0.00316082 -0.01327385 -0.01229109
v 0.00283820 -0.01287711 -0.01176597
v 0.00290495 -0.01282346 -0.01183982
v 0.00285839 -0.01289335 -0.01192179
v 0.00273738 -0.01303693 -0.01164255
v 0.00278153 -0.01294915 -0.01169941
v 0.00274949 -0.01300555 -0.01179703
v 0.00270600 -0.01321859 -0.01181179
v 0.00292153 -0.01376802 -0.01191431
v 0.00317072 -0.01392346 -0.01172521
v 0.00306488 -0.01387790 -0.01163177
v 0.00301008 -0.01389048 -0.01173875
v 0.00301583 -0.01277164 -0.01179452
v 0.00313712 -0.01274562 -0.01191952
v 0.00311046 -0.01275156 -0.01194603
v 0.00281579 -0.01367699 -0.01183013
v 0.00282064 -0.01373617 -0.01172834
v 0.00269845 -0.01337959 -0.01177537
v 0.00273710 -0.01354057 -0.01178170
v 0.00284564 -0.01299082 -0.01198728
v 0.00275801 -0.01308209 -0.01188588
v 0.00268452 -0.01317331 -0.01170609
v 0.00267484 -0.01337110 -0.01166139
v 0.00272276 -0.01356877 -0.01166906
v 0.00304815 -0.01382248 -0.01201158
v 0.00295206 -0.01384780 -0.01183172
v 0.00293244 -0.01383744 -0.01167522
v 0.00286129 -0.01376601 -0.01162243
v 0.00279975 -0.01367877 -0.01158223
v 0.00275042 -0.01357915 -0.01155581
v 0.00271549 -0.01347091 -0.01154403
v 0.00269631 -0.01335825 -0.01154716
v 0.00269374 -0.01324550 -0.01156513
v 0.00270764 -0.01313698 -0.01159727
v 0.00297908 -0.01279043 -0.01191835
v 0.00305760 -0.01277912 -0.01199865
v 0.00301903 -0.01281647 -0.01203709
v 0.00296091 -0.01293287 -0.01209518
v 0.00299345 -0.01285378 -0.01206263
v 0.00312652 -0.01391240 -0.01193416
v 0.00317191 -0.01393388 -0.01188920
v 0.00309101 -0.01392299 -0.01181097
v 0.00322618 -0.01393968 -0.01183534
v 0.00309522 -0.01388676 -0.01196513
v 0.00325500 -0.01393462 -0.01180669
v 0.00293141 -0.01376237 -0.01152876
v 0.00288337 -0.01369819 -0.01149672
v 0.00281598 -0.01357035 -0.01145924
v 0.00277969 -0.01345899 -0.01144688
v 0.00277311 -0.01343019 -0.01144620
v 0.00275726 -0.01322684 -0.01146860
v 0.00276561 -0.01314848 -0.01149021
v 0.00280304 -0.01301178 -0.01154896
v 0.00284918 -0.01292119 -0.01160806
v 0.00290835 -0.01284682 -0.01167727
v 0.00338396 -0.01383642 -0.01212946
v 0.00332113 -0.01388977 -0.01205171
v 0.00322757 -0.01384717 -0.01210891
v 0.00347548 -0.01367728 -0.01226184
v 0.00343600 -0.01376473 -0.01220053
v 0.00332969 -0.01373502 -0.01224040
v 0.00327508 -0.01353939 -0.01232279
v 0.00306833 -0.01299036 -0.01221123
v 0.00322030 -0.01275699 -0.01200185
v 0.00332254 -0.01280336 -0.01209909
v 0.00321570 -0.01282286 -0.01215232
v 0.00337434 -0.01390885 -0.01193416
v 0.00316953 -0.01308125 -0.01229972
v 0.00325814 -0.01300452 -0.01230853
v 0.00328065 -0.01337835 -0.01236086
v 0.00324376 -0.01321747 -0.01235259
v 0.00314440 -0.01376751 -0.01213853
v 0.00322759 -0.01367606 -0.01224438
v 0.00338778 -0.01356731 -0.01233788
v 0.00339451 -0.01336957 -0.01238507
v 0.00334927 -0.01317194 -0.01237450
v 0.00313364 -0.01289281 -0.01219861
v 0.00328934 -0.01287622 -0.01221963
v 0.00335580 -0.01294801 -0.01227686
v 0.00341269 -0.01303557 -0.01232155
v 0.00345812 -0.01313545 -0.01235183
v 0.00349050 -0.01324385 -0.01236622
v 0.00350885 -0.01335655 -0.01236412
v 0.00351245 -0.01346922 -0.01234538
v 0.00350125 -0.01357753 -0.01231086
v 0.00324958 -0.01392262 -0.01197052
v 0.00313749 -0.01279012 -0.01207766
v 0.00344742 -0.01292001 -0.01220961
v 0.00349200 -0.01298510 -0.01224534
v 0.00355371 -0.01311339 -0.01228796
v 0.00358728 -0.01322514 -0.01230310
v 0.00359354 -0.01325449 -0.01230423
v 0.00360989 -0.01345725 -0.01228163
v 0.00360321 -0.01353640 -0.01225804
v 0.00357124 -0.01367123 -0.01219478
v 0.00353008 -0.01376106 -0.01213096
v 0.00347587 -0.01383466 -0.01205695
v 0.00133722 -0.01104076 -0.01074529
v 0.00144399 -0.01094287 -0.01084725
v 0.00126772 -0.01118900 -0.01067504
v 0.00151559 -0.01135969 -0.01089283
v 0.00124686 -0.01136450 -0.01064690
v 0.00146904 -0.01178515 -0.01082332
v 0.00135645 -0.01168781 -0.01072686
v 0.00127814 -0.01153989 -0.01066504
v 0.00171607 -0.01178140 -0.01105268
v 0.00165545 -0.01180772 -0.01099424
v 0.00163800 -0.01137501 -0.01100538
v 0.00181853 -0.01168159 -0.01115566
v 0.00188376 -0.01153282 -0.01122668
v 0.00190223 -0.01135802 -0.01125428
v 0.00162307 -0.01091752 -0.01101367
v 0.00168563 -0.01094176 -0.01107089
v 0.00179536 -0.01103787 -0.01116943
v 0.00187128 -0.01118412 -0.01123406
v 0.00156472 -0.01091045 -0.01095980
v 0.00159155 -0.01181681 -0.01093424
v 0.00176225 -0.01060131 -0.01074544
v 0.00172403 -0.01060811 -0.01078678
v 0.00152262 -0.01066138 -0.01059991
v 0.00160312 -0.01063379 -0.01059795
v 0.00134370 -0.01082249 -0.01043152
v 0.00137499 -0.01082198 -0.01038371
v 0.00122681 -0.01106649 -0.01031595
v 0.00124638 -0.01111937 -0.01025516
v 0.00119160 -0.01135530 -0.01026972
v 0.00123076 -0.01143195 -0.01022459
v 0.00124428 -0.01164378 -0.01029938
v 0.00127831 -0.01164309 -0.01025403
v 0.00133730 -0.01177603 -0.01029787
v 0.00137612 -0.01188687 -0.01040086
v 0.00141130 -0.01188752 -0.01035640
v 0.00156498 -0.01204671 -0.01056000
v 0.00154545 -0.01201411 -0.01046821
v 0.00176944 -0.01209873 -0.01074407
v 0.00180800 -0.01210051 -0.01070254
v 0.00159745 -0.01187346 -0.01092815
v 0.00145946 -0.01183783 -0.01080339
v 0.00133255 -0.01172829 -0.01069501
v 0.00124420 -0.01156183 -0.01062563
v 0.00120891 -0.01136444 -0.01060531
v 0.00123245 -0.01116694 -0.01063691
v 0.00131085 -0.01100015 -0.01071581
v 0.00143118 -0.01088999 -0.01083040
v 0.00156710 -0.01085353 -0.01095707
v 0.00157739 -0.01079569 -0.01094581
v 0.00142602 -0.01083623 -0.01080489
v 0.00129190 -0.01095873 -0.01067752
v 0.00120446 -0.01114425 -0.01058988
v 0.00117818 -0.01136391 -0.01055477
v 0.00121754 -0.01158346 -0.01057730
v 0.00131612 -0.01176860 -0.01065432
v 0.00145760 -0.01189043 -0.01077473
v 0.00161127 -0.01193005 -0.01091352
v 0.00161992 -0.01069482 -0.01089956
v 0.00144163 -0.01074237 -0.01073388
v 0.00128342 -0.01088610 -0.01058437
v 0.00118016 -0.01110377 -0.01048163
v 0.00114908 -0.01136150 -0.01044048
v 0.00119561 -0.01161907 -0.01046682
v 0.00131206 -0.01183624 -0.01055703
v 0.00147900 -0.01197911 -0.01069831
v 0.00166002 -0.01202558 -0.01086152
v 0.00168562 -0.01062650 -0.01082835
v 0.00148910 -0.01067863 -0.01064596
v 0.00131455 -0.01083626 -0.01048153
v 0.00120053 -0.01107500 -0.01036865
v 0.00116619 -0.01135761 -0.01032348
v 0.00121758 -0.01163996 -0.01035242
v 0.00134617 -0.01187794 -0.01045151
v 0.00153042 -0.01203446 -0.01060687
v 0.00172993 -0.01208538 -0.01078655
v 0.00187555 -0.01208383 -0.01084419
v 0.00196489 -0.01206809 -0.01085169
v 0.00223152 -0.01105891 -0.01124624
v 0.00232032 -0.01127116 -0.01124270
v 0.00228239 -0.01134503 -0.01128061
v 0.00230609 -0.01158235 -0.01121106
v 0.00225208 -0.01163242 -0.01123432
v 0.00218496 -0.01188002 -0.01107465
v 0.00214491 -0.01187684 -0.01111482
v 0.00197593 -0.01204067 -0.01094194
v 0.00214793 -0.01081267 -0.01109902
v 0.00222012 -0.01092690 -0.01116306
v 0.00227404 -0.01105493 -0.01120894
v 0.00210644 -0.01081813 -0.01113728
v 0.00192497 -0.01065979 -0.01097204
v 0.00202093 -0.01068824 -0.01098369
v 0.00182114 -0.01061980 -0.01087647
v 0.00186018 -0.01061308 -0.01083590
v 0.00163282 -0.01086149 -0.01101767
v 0.00170319 -0.01088876 -0.01108212
v 0.00182654 -0.01099692 -0.01119319
v 0.00191183 -0.01116148 -0.01126612
v 0.00194658 -0.01135715 -0.01128896
v 0.00192585 -0.01155385 -0.01125783
v 0.00185262 -0.01172128 -0.01117770
v 0.00173751 -0.01183361 -0.01106158
v 0.00166933 -0.01186322 -0.01099574
v 0.00169125 -0.01191867 -0.01098879
v 0.00176705 -0.01188572 -0.01106217
v 0.00189497 -0.01176080 -0.01119163
v 0.00197628 -0.01157459 -0.01128103
v 0.00199929 -0.01135583 -0.01131574
v 0.00196068 -0.01113820 -0.01129022
v 0.00186593 -0.01095518 -0.01120886
v 0.00172881 -0.01083488 -0.01108506
v 0.00165052 -0.01080454 -0.01101327
v 0.00175408 -0.01201223 -0.01095016
v 0.00184314 -0.01197360 -0.01103666
v 0.00199321 -0.01182712 -0.01118947
v 0.00208849 -0.01160872 -0.01129508
v 0.00211543 -0.01135211 -0.01133604
v 0.00207018 -0.01109679 -0.01130580
v 0.00195906 -0.01088203 -0.01120965
v 0.00179801 -0.01074085 -0.01106357
v 0.00170596 -0.01070523 -0.01097900
v 0.00183349 -0.01207078 -0.01088424
v 0.00193149 -0.01202849 -0.01097963
v 0.00209649 -0.01186805 -0.01114829
v 0.00220114 -0.01162876 -0.01126487
v 0.00223075 -0.01134748 -0.01131006
v 0.00218105 -0.01106750 -0.01127656
v 0.00205892 -0.01083194 -0.01117032
v 0.00188174 -0.01067703 -0.01100914
v 0.00178039 -0.01063793 -0.01091588
v 0.00277087 -0.00934560 -0.01216232
v 0.00282666 -0.00890156 -0.01222337
v 0.00291809 -0.00892090 -0.01231543
v 0.00314156 -0.00940494 -0.01253706
v 0.00308866 -0.00961110 -0.01247978
v 0.00287514 -0.00937143 -0.01226678
v 0.00297710 -0.00975306 -0.01236377
v 0.00304963 -0.00903344 -0.01244781
v 0.00312312 -0.00919679 -0.01252097
v 0.00271006 -0.00893357 -0.01210623
v 0.00260575 -0.00903079 -0.01200143
v 0.00253620 -0.00917816 -0.01193095
v 0.00251258 -0.00935273 -0.01190543
v 0.00253870 -0.00952729 -0.01192868
v 0.00283319 -0.00980353 -0.01221741
v 0.00277664 -0.00979629 -0.01216081
v 0.00271613 -0.00977171 -0.01210072
v 0.00261037 -0.00967461 -0.01199722
v 0.00303817 -0.00859972 -0.01201297
v 0.00299817 -0.00860536 -0.01205274
v 0.00280397 -0.00865821 -0.01185819
v 0.00288506 -0.00863186 -0.01185944
v 0.00262967 -0.00881882 -0.01168463
v 0.00266298 -0.00881962 -0.01163822
v 0.00251314 -0.00906227 -0.01156822
v 0.00253449 -0.00911516 -0.01150965
v 0.00247347 -0.00935062 -0.01152614
v 0.00251261 -0.00942955 -0.01148437
v 0.00251731 -0.00963888 -0.01156447
v 0.00255319 -0.00964027 -0.01152059
v 0.00260649 -0.00977359 -0.01157027
v 0.00263746 -0.00988209 -0.01167760
v 0.00267439 -0.00988510 -0.01163468
v 0.00281422 -0.01004236 -0.01184888
v 0.00279955 -0.01001213 -0.01175548
v 0.00291513 -0.01008291 -0.01194856
v 0.00295443 -0.01008724 -0.01190792
v 0.00300921 -0.01009486 -0.01204264
v 0.00304931 -0.01009926 -0.01200277
v 0.00283757 -0.00986007 -0.01221309
v 0.00277394 -0.00985191 -0.01214939
v 0.00270578 -0.00982425 -0.01208178
v 0.00258666 -0.00971497 -0.01196540
v 0.00250587 -0.00954918 -0.01188837
v 0.00247642 -0.00935273 -0.01186225
v 0.00250304 -0.00915627 -0.01189093
v 0.00258144 -0.00899041 -0.01197015
v 0.00269894 -0.00888101 -0.01208800
v 0.00283020 -0.00884499 -0.01221982
v 0.00284195 -0.00878776 -0.01220812
v 0.00269583 -0.00882782 -0.01206144
v 0.00256491 -0.00894953 -0.01193037
v 0.00247755 -0.00913404 -0.01184232
v 0.00244785 -0.00935261 -0.01181047
v 0.00248069 -0.00957116 -0.01183948
v 0.00257074 -0.00975561 -0.01192508
v 0.00270346 -0.00987718 -0.01205448
v 0.00277936 -0.00990795 -0.01212970
v 0.00285018 -0.00991702 -0.01220060
v 0.00288806 -0.00868865 -0.01216223
v 0.00271602 -0.00873569 -0.01198974
v 0.00256176 -0.00887864 -0.01183573
v 0.00245871 -0.00909535 -0.01173240
v 0.00242367 -0.00935206 -0.01169501
v 0.00246242 -0.00960873 -0.01172905
v 0.00256864 -0.00982533 -0.01182950
v 0.00272507 -0.00996809 -0.01198151
v 0.00281445 -0.01000422 -0.01206992
v 0.00289781 -0.01001487 -0.01215332
v 0.00295776 -0.00862255 -0.01209291
v 0.00276823 -0.00867422 -0.01190300
v 0.00259815 -0.00883123 -0.01173356
v 0.00248447 -0.00906924 -0.01161990
v 0.00244578 -0.00935115 -0.01157880
v 0.00248853 -0.00963300 -0.01161623
v 0.00260576 -0.00987083 -0.01172668
v 0.00277823 -0.01002755 -0.01189391
v 0.00287672 -0.01006722 -0.01199122
v 0.00296855 -0.01007891 -0.01208305
v 0.00306867 -0.01006458 -0.01218438
v 0.00316432 -0.01002260 -0.01228236
v 0.00325149 -0.01004130 -0.01220867
v 0.00320125 -0.01006713 -0.01215703
v 0.00341867 -0.00987932 -0.01238310
v 0.00325180 -0.00995439 -0.01237309
v 0.00307567 -0.00996358 -0.01233427
v 0.00332791 -0.00986280 -0.01245295
v 0.00342039 -0.00987682 -0.01238492
v 0.00348417 -0.00976196 -0.01245281
v 0.00338969 -0.00975122 -0.01251867
v 0.00322440 -0.00981803 -0.01248904
v 0.00343497 -0.00962413 -0.01256766
v 0.00353092 -0.00963113 -0.01250343
v 0.00354274 -0.00958308 -0.01251647
v 0.00346199 -0.00948638 -0.01259781
v 0.00355879 -0.00948931 -0.01253458
v 0.00346984 -0.00934338 -0.01260802
v 0.00356350 -0.00926998 -0.01254259
v 0.00345810 -0.00920065 -0.01259776
v 0.00355480 -0.00919510 -0.01253453
v 0.00342734 -0.00906376 -0.01256758
v 0.00347327 -0.00892585 -0.01245332
v 0.00332446 -0.00871965 -0.01230240
v 0.00340571 -0.00881168 -0.01238487
v 0.00323497 -0.00873899 -0.01237309
v 0.00331366 -0.00882833 -0.01245291
v 0.00321144 -0.00887600 -0.01248898
v 0.00304867 -0.00863414 -0.01218451
v 0.00313207 -0.00861165 -0.01210759
v 0.00328548 -0.00868708 -0.01226286
v 0.00314553 -0.00867335 -0.01228244
v 0.00305862 -0.00873490 -0.01233430
v 0.00298699 -0.00882713 -0.01235427
v 0.00296054 -0.00888038 -0.01235110
v 0.00297352 -0.00982081 -0.01235114
v 0.00308736 -0.00970940 -0.01246905
v 0.00300144 -0.00987335 -0.01235429
v 0.00315670 -0.00915243 -0.01254817
v 0.00320512 -0.00912978 -0.01257382
v 0.00323806 -0.00934658 -0.01260491
v 0.00332180 -0.00960066 -0.01259306
v 0.00335351 -0.00934498 -0.01262968
v 0.00331484 -0.00909036 -0.01259300
v 0.00311705 -0.00894726 -0.01248557
v 0.00307749 -0.00898837 -0.01246898
v 0.00337855 -0.00893805 -0.01251859
v 0.00321104 -0.00956430 -0.01257388
v 0.00318634 -0.00934731 -0.01257607
v 0.00312805 -0.00974941 -0.01248564
v 0.00316202 -0.00954302 -0.01254822
v 0.00267451 -0.00734991 -0.01165469
v 0.01227060 -0.01004013 -0.02233407
v 0.01708085 -0.01380069 -0.02559271
v 0.01697063 -0.01378966 -0.02556532
v 0.01701045 -0.01369697 -0.02561010
v 0.00301599 -0.01467315 -0.01130548
v 0.00537287 -0.01467545 -0.01375563
v 0.00785607 -0.01463675 -0.01654517
v 0.01033134 -0.01453025 -0.01938919
v 0.01557534 -0.01395397 -0.02483055
v 0.01468226 -0.01407563 -0.02407982
v 0.01686459 -0.01386546 -0.02550345
v 0.01647727 -0.01384854 -0.02536617
v 0.01640887 -0.01326796 -0.02552505
v 0.01656733 -0.01301296 -0.02565124
v 0.01631855 -0.01180680 -0.02574123
v 0.01592845 -0.01331611 -0.02527424
v 0.01626649 -0.01238329 -0.02564291
v 0.01687150 -0.01176496 -0.02594279
v 0.01685888 -0.01204781 -0.02590815
v 0.01735877 -0.01168934 -0.02606449
v 0.01815338 -0.01077465 -0.02620834
v 0.01800889 -0.01099767 -0.02619101
v 0.01780354 -0.01125914 -0.02615972
v 0.01748903 -0.01157766 -0.02609642
v 0.01860120 -0.00962873 -0.02623499
v 0.01841436 -0.01023671 -0.02622916
v 0.01816369 -0.00975252 -0.02623511
v 0.01838107 -0.01031927 -0.02622727
v 0.01873754 -0.00878986 -0.02623322
v 0.01715851 -0.00735007 -0.02615019
v 0.01747342 -0.00735007 -0.02620141
v 0.01684170 -0.00735009 -0.02607707
v 0.01627496 -0.00984904 -0.02585002
v 0.01574593 -0.00986972 -0.02558630
v 0.01524919 -0.00989040 -0.02526333
v 0.01428011 -0.00735011 -0.02448416
v 0.01430303 -0.00993730 -0.02446104
v 0.01390072 -0.00735010 -0.02411162
v 0.00995212 -0.01011181 -0.01971001
v 0.01116697 -0.00735006 -0.02114003
v 0.00748806 -0.01015268 -0.01686260
v 0.00853365 -0.00735001 -0.01810332
v 0.00501818 -0.01016743 -0.01407690
v 0.00589344 -0.00734996 -0.01507922
v 0.00315539 -0.00734992 -0.01213484
v 0.00268761 -0.01016627 -0.01164121
v 0.00086281 -0.00734989 -0.00997892
v 0.00274971 -0.01237169 -0.01157763
v 0.00289730 -0.01401794 -0.01142675
v 0.00524584 -0.01402032 -0.01387091
v 0.00508654 -0.01237369 -0.01401523
v 0.00756010 -0.01234740 -0.01680044
v 0.01002872 -0.01227459 -0.01964556
v 0.01235743 -0.01214681 -0.02225869
v 0.01253697 -0.01371809 -0.02210201
v 0.01019876 -0.01388851 -0.01950167
v 0.01267203 -0.01434202 -0.02198393
v 0.01438714 -0.01196377 -0.02437614
v 0.01341631 -0.01205953 -0.02339504
v 0.01332884 -0.00999111 -0.02347576
v 0.01455655 -0.01347543 -0.02420575
v 0.01372677 -0.01421463 -0.02311035
v 0.01359416 -0.01360222 -0.02323166
v 0.01546801 -0.01336469 -0.02497210
v 0.00772530 -0.01398527 -0.01665794
v 0.01700150 -0.01402687 -0.02544159
v 0.01700281 -0.01402906 -0.02543996
v 0.01724056 -0.01399680 -0.02550144
v 0.01734985 -0.01408537 -0.02539371
v 0.01784682 -0.01393935 -0.02552167
v 0.01766288 -0.01399397 -0.02548096
v 0.01742730 -0.01390049 -0.02558819
v 0.01836348 -0.01362170 -0.02575035
v 0.01775336 -0.01380061 -0.02566530
v 0.01750787 -0.01369749 -0.02570057
v 0.01832112 -0.01348600 -0.02581558
v 0.01935473 -0.01138006 -0.02642199
v 0.01886668 -0.01132644 -0.02647152
v 0.01894164 -0.01112061 -0.02647880
v 0.01934453 -0.01184065 -0.02638270
v 0.01921300 -0.01182332 -0.02639980
v 0.01901106 -0.01170848 -0.02643051
v 0.01889631 -0.01153825 -0.02645403
v 0.01979190 -0.01143695 -0.02635346
v 0.01971751 -0.01164170 -0.02634858
v 0.01955847 -0.01178551 -0.02635938
v 0.01910272 -0.01097652 -0.02647273
v 0.01931970 -0.01092151 -0.02645242
v 0.01945047 -0.01093885 -0.02643529
v 0.01965016 -0.01105257 -0.02640115
v 0.01976286 -0.01122145 -0.02637341
v 0.01911054 -0.01195123 -0.02635389
v 0.01915158 -0.01185945 -0.02639771
v 0.01925134 -0.01188669 -0.02638405
v 0.01912664 -0.01090549 -0.02646902
v 0.01880942 -0.01138365 -0.02646638
v 0.01885583 -0.01158236 -0.02644836
v 0.01897638 -0.01174976 -0.02642467
v 0.01934085 -0.01198011 -0.02633239
v 0.01922916 -0.01198389 -0.02633769
v 0.01920690 -0.01205587 -0.02626155
v 0.01932850 -0.01207673 -0.02622733
v 0.01931978 -0.01210380 -0.02615712
v 0.01904452 -0.01073205 -0.02637676
v 0.01901832 -0.01068422 -0.02629669
v 0.01929926 -0.01066719 -0.02633524
v 0.01929093 -0.01063009 -0.02627109
v 0.01931246 -0.01077836 -0.02642445
v 0.01908262 -0.01080951 -0.02643961
v 0.01895664 -0.01101678 -0.02647835
v 0.01887921 -0.01094263 -0.02644984
v 0.01884491 -0.01118481 -0.02647696
v 0.01875817 -0.01161943 -0.02641328
v 0.01870280 -0.01138160 -0.02643437
v 0.01861739 -0.01137724 -0.02636875
v 0.01866545 -0.01110893 -0.02638359
v 0.01874543 -0.01114365 -0.02644729
v 0.01881585 -0.01088221 -0.02638734
v 0.01904885 -0.01205413 -0.02619302
v 0.01918892 -0.01209323 -0.02617389
v 0.01931123 -0.01211177 -0.02608891
v 0.01907428 -0.01201906 -0.02627967
v 0.01884096 -0.01187102 -0.02631497
v 0.01880227 -0.01189685 -0.02623021
v 0.01863140 -0.01165687 -0.02626216
v 0.01890204 -0.01181982 -0.02638564
v 0.01867950 -0.01164527 -0.02634543
v 0.01856571 -0.01137169 -0.02628669
v 0.01861671 -0.01108594 -0.02630265
v 0.01868408 -0.01095706 -0.02630663
v 0.01877601 -0.01084433 -0.02630726
v 0.01888901 -0.01075224 -0.02630405
v 0.01878296 -0.01189899 -0.02612454
v 0.01896133 -0.01202658 -0.02609712
v 0.01917399 -0.01209846 -0.02606757
v 0.01930643 -0.01210914 -0.02605060
v 0.01868165 -0.01178076 -0.02614213
v 0.01861019 -0.01165492 -0.02615683
v 0.01854753 -0.01142162 -0.02617753
v 0.01854387 -0.01136447 -0.02618168
v 0.01855930 -0.01119414 -0.02619226
v 0.01927833 -0.01060745 -0.02616681
v 0.01928303 -0.01061143 -0.02620666
v 0.01922014 -0.01061021 -0.02617329
v 0.01900201 -0.01066278 -0.02619263
v 0.01889035 -0.01071982 -0.02619911
v 0.01871210 -0.01087561 -0.02620313
v 0.01866365 -0.01094148 -0.02620222
v 0.01941357 -0.01209975 -0.02603773
v 0.01955524 -0.01206196 -0.02602205
v 0.01997359 -0.01168448 -0.02609895
v 0.02004024 -0.01142953 -0.02610867
v 0.02002099 -0.01153713 -0.02599675
v 0.02000944 -0.01115443 -0.02602762
v 0.02003596 -0.01128689 -0.02601364
v 0.02003840 -0.01142297 -0.02600290
v 0.02001150 -0.01116587 -0.02613293
v 0.01988796 -0.01092223 -0.02616925
v 0.01990517 -0.01093518 -0.02605941
v 0.01968497 -0.01073888 -0.02621143
v 0.01967818 -0.01071907 -0.02610758
v 0.01942431 -0.01064053 -0.02625276
v 0.01963223 -0.01069292 -0.02611577
v 0.01941373 -0.01061869 -0.02614963
v 0.01942743 -0.01069165 -0.02633648
v 0.01942310 -0.01077539 -0.02640437
v 0.01941132 -0.01087769 -0.02643875
v 0.01959369 -0.01094569 -0.02641060
v 0.01973611 -0.01107259 -0.02638214
v 0.01982309 -0.01124138 -0.02635759
v 0.01984383 -0.01142423 -0.02634110
v 0.01979850 -0.01160132 -0.02633427
v 0.01997036 -0.01168239 -0.02599305
v 0.01985984 -0.01185099 -0.02599610
v 0.01982106 -0.01189651 -0.02610463
v 0.01973898 -0.01196213 -0.02600464
v 0.01979808 -0.01191772 -0.02610625
v 0.01956525 -0.01205781 -0.02612745
v 0.01964111 -0.01085688 -0.02637034
v 0.01981110 -0.01100894 -0.02633581
v 0.01991477 -0.01121118 -0.02630602
v 0.01993932 -0.01143026 -0.02628605
v 0.01988464 -0.01164238 -0.02627792
v 0.01969389 -0.01174865 -0.02633777
v 0.01975873 -0.01181892 -0.02628235
v 0.01973973 -0.01183654 -0.02628365
v 0.01967808 -0.01176333 -0.02633884
v 0.01954631 -0.01195276 -0.02630110
v 0.01951699 -0.01186005 -0.02635317
v 0.01967301 -0.01078383 -0.02629776
v 0.01986430 -0.01095578 -0.02625835
v 0.01998083 -0.01118441 -0.02622439
v 0.02000817 -0.01143196 -0.02620167
v 0.01994592 -0.01167152 -0.02619252
v 0.01980302 -0.01187087 -0.02619774
v 0.01956270 -0.01202233 -0.02621911
v 0.01978147 -0.01189079 -0.02619925
v 0.02065919 -0.00929740 -0.02624189
v 0.02073146 -0.00909228 -0.02622572
v 0.02104930 -0.00933415 -0.02614703
v 0.02088791 -0.00894865 -0.02618868
v 0.02098340 -0.00977692 -0.02615940
v 0.02079452 -0.00966550 -0.02620752
v 0.02068475 -0.00949474 -0.02623497
v 0.02154606 -0.00938869 -0.02601316
v 0.02147416 -0.00959530 -0.02603071
v 0.02117772 -0.00935222 -0.02611371
v 0.02131825 -0.00974033 -0.02607162
v 0.02122560 -0.00891307 -0.02610349
v 0.02141329 -0.00902445 -0.02605290
v 0.02152353 -0.00920069 -0.02602131
v 0.02109694 -0.00889467 -0.02613677
v 0.02111188 -0.00979485 -0.02612599
v 0.02102805 -0.00859753 -0.02588456
v 0.02104512 -0.00861472 -0.02595102
v 0.02079922 -0.00866042 -0.02601156
v 0.02091565 -0.01005707 -0.02597249
v 0.02106768 -0.01007189 -0.02593264
v 0.02105072 -0.01008744 -0.02586696
v 0.02100668 -0.00983320 -0.02614851
v 0.02110567 -0.00993350 -0.02609001
v 0.02076751 -0.00864205 -0.02590925
v 0.02101864 -0.00859506 -0.02584749
v 0.02088087 -0.00878210 -0.02614900
v 0.02092564 -0.00887727 -0.02617545
v 0.02069424 -0.00889563 -0.02619314
v 0.02077047 -0.00897165 -0.02621265
v 0.02056080 -0.00907109 -0.02622333
v 0.02065962 -0.00911747 -0.02623820
v 0.02050093 -0.00928072 -0.02623618
v 0.02060990 -0.00929166 -0.02624908
v 0.02051893 -0.00949365 -0.02623130
v 0.02062487 -0.00946861 -0.02624486
v 0.02061241 -0.00969148 -0.02620867
v 0.02070250 -0.00963296 -0.02622564
v 0.02077214 -0.00984588 -0.02616920
v 0.02083539 -0.00870523 -0.02608806
v 0.02062386 -0.00883423 -0.02613756
v 0.02047251 -0.00903360 -0.02617124
v 0.02040456 -0.00927179 -0.02618558
v 0.02042494 -0.00951367 -0.02618023
v 0.02053086 -0.00973832 -0.02615505
v 0.02071186 -0.00991362 -0.02611078
v 0.02094522 -0.01001173 -0.02605136
v 0.02083526 -0.00976124 -0.02619242
v 0.02097818 -0.00993240 -0.02611659
v 0.02108362 -0.01003894 -0.02599626
v 0.02108630 -0.00875589 -0.02610452
v 0.02106141 -0.00864865 -0.02601326
v 0.02057377 -0.00879844 -0.02606399
v 0.02041242 -0.00901173 -0.02609954
v 0.02033997 -0.00926650 -0.02611465
v 0.02036161 -0.00952513 -0.02610908
v 0.02047438 -0.00976521 -0.02608257
v 0.02066713 -0.00995244 -0.02603570
v 0.02053733 -0.00878378 -0.02596264
v 0.02037265 -0.00900273 -0.02599878
v 0.02029864 -0.00926418 -0.02601414
v 0.02032061 -0.00952943 -0.02600851
v 0.02043551 -0.00977548 -0.02598162
v 0.02063200 -0.00996720 -0.02593394
v 0.02088551 -0.01007414 -0.02586951
v 0.02104068 -0.01008916 -0.02582882
v 0.02116922 -0.00861028 -0.02580876
v 0.02114124 -0.01008039 -0.02580208
v 0.02128781 -0.01004050 -0.02576274
v 0.02130938 -0.01002534 -0.02586587
v 0.02145963 -0.00994441 -0.02571644
v 0.02153281 -0.00988566 -0.02580578
v 0.02151598 -0.00989739 -0.02570130
v 0.02157696 -0.00983396 -0.02568502
v 0.02167987 -0.00967697 -0.02565807
v 0.02169308 -0.00967040 -0.02576352
v 0.02173530 -0.00952305 -0.02564442
v 0.02176494 -0.00941298 -0.02574660
v 0.02175349 -0.00941334 -0.02564074
v 0.02175322 -0.00927239 -0.02564269
v 0.02174307 -0.00915589 -0.02575610
v 0.02173136 -0.00915004 -0.02565045
v 0.02163140 -0.00891777 -0.02579015
v 0.02162998 -0.00892439 -0.02568158
v 0.02144046 -0.00873266 -0.02584433
v 0.02142263 -0.00871661 -0.02574065
v 0.02119217 -0.00862882 -0.02591102
v 0.02136575 -0.00868236 -0.02575628
v 0.02120450 -0.00867647 -0.02599550
v 0.02120672 -0.00875761 -0.02606756
v 0.02119706 -0.00885517 -0.02610678
v 0.02136871 -0.00892633 -0.02606112
v 0.02127932 -0.00981265 -0.02607669
v 0.02143379 -0.00971702 -0.02603578
v 0.02154426 -0.00956935 -0.02600701
v 0.02159356 -0.00939288 -0.02599535
v 0.02157820 -0.00921662 -0.02600153
v 0.02150083 -0.00905328 -0.02602438
v 0.02141209 -0.00884295 -0.02601270
v 0.02157009 -0.00899513 -0.02596838
v 0.02166260 -0.00919092 -0.02594066
v 0.02168090 -0.00940222 -0.02593305
v 0.02162182 -0.00961377 -0.02594702
v 0.02148957 -0.00979078 -0.02598166
v 0.02130486 -0.00990550 -0.02603094
v 0.02143730 -0.00877352 -0.02593309
v 0.02161636 -0.00894654 -0.02588249
v 0.02172113 -0.00916913 -0.02585075
v 0.02174178 -0.00940941 -0.02584193
v 0.02167461 -0.00964998 -0.02585778
v 0.02152454 -0.00985122 -0.02589727
v 0.02131514 -0.00998172 -0.02595343
v 0.01746330 -0.01272667 -0.02618850
v 0.01743051 -0.01284084 -0.02616131
v 0.01716130 -0.01268806 -0.02614032
v 0.01736109 -0.01292813 -0.02613202
v 0.01731714 -0.01243596 -0.02621358
v 0.01740266 -0.01251772 -0.02621548
v 0.01745232 -0.01261877 -0.02620633
v 0.01702709 -0.01239761 -0.02615765
v 0.01713208 -0.01237927 -0.02618480
v 0.01720747 -0.01238813 -0.02619957
v 0.01683865 -0.01264562 -0.02606762
v 0.01686804 -0.01253886 -0.02609394
v 0.01693562 -0.01245140 -0.02612622
v 0.01727109 -0.01298061 -0.02610477
v 0.01717026 -0.01299834 -0.02608096
v 0.01710008 -0.01299055 -0.02606744
v 0.01684998 -0.01275529 -0.02605110
v 0.01689992 -0.01285749 -0.02604535
v 0.01698799 -0.01294225 -0.02605108
v 0.01714541 -0.01212897 -0.02610644
v 0.01713781 -0.01217728 -0.02614329
v 0.01697025 -0.01220744 -0.02609886
v 0.01717108 -0.01205352 -0.02598860
v 0.01715151 -0.01210237 -0.02607777
v 0.01696510 -0.01213655 -0.02602794
v 0.01697626 -0.01208991 -0.02593623
v 0.01680263 -0.01223493 -0.02596887
v 0.01680642 -0.01219411 -0.02587389
v 0.01668228 -0.01239426 -0.02590778
v 0.01668051 -0.01236276 -0.02580921
v 0.01662993 -0.01258842 -0.02585890
v 0.01662566 -0.01256830 -0.02575742
v 0.01665048 -0.01278777 -0.02583015
v 0.01664703 -0.01277928 -0.02572704
v 0.01674043 -0.01297326 -0.02582262
v 0.01674090 -0.01297540 -0.02571918
v 0.01689882 -0.01312652 -0.02583585
v 0.01690646 -0.01313713 -0.02573314
v 0.01709885 -0.01321289 -0.02586576
v 0.01711559 -0.01322784 -0.02576440
v 0.01721862 -0.01321969 -0.02590539
v 0.01724474 -0.01324130 -0.02578849
v 0.01718960 -0.01313294 -0.02601891
v 0.01699209 -0.01229975 -0.02614519
v 0.01713263 -0.01223487 -0.02617050
v 0.01687124 -0.01237133 -0.02610276
v 0.01678194 -0.01248755 -0.02605913
v 0.01674316 -0.01262926 -0.02602390
v 0.01675838 -0.01277480 -0.02600243
v 0.01682486 -0.01291035 -0.02599574
v 0.01694183 -0.01302266 -0.02600430
v 0.01709010 -0.01308643 -0.02602622
v 0.01682429 -0.01229480 -0.02604658
v 0.01671630 -0.01243642 -0.02599268
v 0.01666939 -0.01260903 -0.02594944
v 0.01668788 -0.01278625 -0.02592367
v 0.01676857 -0.01295127 -0.02591647
v 0.01691052 -0.01308780 -0.02592778
v 0.01708996 -0.01316505 -0.02595454
v 0.01720123 -0.01317709 -0.02597554
v 0.01739766 -0.01319220 -0.02592951
v 0.01728568 -0.01211833 -0.02610448
v 0.01742773 -0.01320506 -0.02583021
v 0.01755390 -0.01309607 -0.02597584
v 0.01759089 -0.01310302 -0.02587871
v 0.01767777 -0.01293799 -0.02602690
v 0.01772093 -0.01293589 -0.02593240
v 0.01774052 -0.01273171 -0.02607591
v 0.01778766 -0.01271800 -0.02598413
v 0.01772371 -0.01253619 -0.02610952
v 0.01777056 -0.01251138 -0.02601984
v 0.01763533 -0.01235277 -0.02612844
v 0.01767796 -0.01231749 -0.02604026
v 0.01748183 -0.01220459 -0.02612782
v 0.01751704 -0.01216088 -0.02604014
v 0.01731158 -0.01206983 -0.02601605
v 0.01731423 -0.01307220 -0.02607490
v 0.01743195 -0.01300257 -0.02611011
v 0.01752363 -0.01288708 -0.02614827
v 0.01756802 -0.01273603 -0.02618420
v 0.01755431 -0.01259312 -0.02620822
v 0.01748881 -0.01245918 -0.02622101
v 0.01737556 -0.01235084 -0.02621927
v 0.01723045 -0.01228753 -0.02620120
v 0.01735957 -0.01314769 -0.02601193
v 0.01750077 -0.01306247 -0.02605386
v 0.01761187 -0.01292169 -0.02609975
v 0.01766704 -0.01273780 -0.02614345
v 0.01765128 -0.01256363 -0.02617313
v 0.01757197 -0.01240030 -0.02618946
v 0.01743443 -0.01226826 -0.02618822
v 0.01725844 -0.01219128 -0.02616686
v 0.01813384 -0.01212696 -0.02610288
v 0.02071808 -0.01189728 -0.02579616
v 0.01953387 -0.00900041 -0.02615063
v 0.02125544 -0.00734980 -0.02578587
v 0.02146451 -0.00830109 -0.02572992
v 0.02047366 -0.00822999 -0.02597587
v 0.02132077 -0.01215416 -0.02558681
v 0.02119394 -0.01226151 -0.02560731
v 0.02021827 -0.01284324 -0.02574936
v 0.02019551 -0.01285369 -0.02575206
v 0.02005635 -0.01278613 -0.02579930
v 0.01980214 -0.01302062 -0.02579262
v 0.01794914 -0.01326071 -0.02587252
v 0.01842214 -0.01297998 -0.02595404
v 0.01744147 -0.01351029 -0.02574981
v 0.01901151 -0.01329265 -0.02583504
v 0.01884778 -0.01266732 -0.02600328
v 0.01955196 -0.01311470 -0.02581215
v 0.01922091 -0.01232084 -0.02602983
v 0.02100202 -0.01240416 -0.02563820
v 0.02041743 -0.01236472 -0.02580198
v 0.02095737 -0.01139663 -0.02578539
v 0.02174507 -0.01166430 -0.02552164
v 0.02222387 -0.01054223 -0.02545823
v 0.02126442 -0.01035489 -0.02576012
v 0.02211623 -0.01089318 -0.02547198
v 0.02176619 -0.01163216 -0.02551862
v 0.02229017 -0.01027026 -0.02544987
v 0.02240834 -0.00960369 -0.02543412
v 0.02251861 -0.00835803 -0.02541690
v 0.02246332 -0.00914078 -0.02542598
v 0.02253941 -0.00734979 -0.02541309
v 0.01941087 -0.00985163 -0.02616462
v 0.01845833 -0.01181556 -0.02614430
v 0.02029546 -0.01011362 -0.02600735
v 0.02002062 -0.01105784 -0.02603112
v 0.02245261 -0.01030985 -0.02536392
v 0.02263011 -0.00915935 -0.02534127
v 0.02142308 -0.01228749 -0.02550259
v 0.02108644 -0.01255010 -0.02555508
v 0.01876247 -0.01354058 -0.02574999
v 0.01944586 -0.01332956 -0.02573715
v 0.02011147 -0.01307478 -0.02568416
v 0.02172085 -0.01197683 -0.02545767
v 0.02196967 -0.01161962 -0.02542312
v 0.02216375 -0.01123211 -0.02539864
v 0.02158494 -0.00282099 -0.02554582
v 0.02130432 -0.00253129 -0.02558992
v 0.02140554 -0.00239706 -0.02550580
v 0.01832049 -0.00121399 -0.02581627
v 0.01837112 -0.00105304 -0.02573337
v 0.01889219 -0.00137182 -0.02583659
v 0.01900012 -0.00122862 -0.02575193
v 0.01984384 -0.00169595 -0.02578946
v 0.01980822 -0.00168180 -0.02579267
v 0.01966845 -0.00144910 -0.02572382
v 0.01955356 -0.00158598 -0.02581267
v 0.01895214 -0.00138958 -0.02583634
v 0.02071963 -0.00192246 -0.02560971
v 0.02064876 -0.00207556 -0.02569264
v 0.02090009 -0.00222749 -0.02565475
v 0.02178670 -0.00310037 -0.02551614
v 0.02192323 -0.00300430 -0.02542972
v 0.02205542 -0.00364330 -0.02548019
v 0.02224586 -0.00367477 -0.02538899
v 0.02209124 -0.00373748 -0.02547556
v 0.02222341 -0.00415675 -0.02545862
v 0.02253146 -0.00479679 -0.02535466
v 0.02236687 -0.00482751 -0.02544013
v 0.02253534 -0.00688392 -0.02541390
v 0.02269194 -0.00646486 -0.02533199
v 0.02252396 -0.00647221 -0.02541605
v 0.02237961 -0.00490528 -0.02543838
v 0.01976252 -0.00347850 -0.02637383
v 0.01964984 -0.00364739 -0.02640156
v 0.01945015 -0.00376114 -0.02643570
v 0.01935438 -0.00331993 -0.02642243
v 0.01979154 -0.00326299 -0.02635392
v 0.01971713 -0.00305825 -0.02634906
v 0.01955809 -0.00291446 -0.02635988
v 0.01934413 -0.00285933 -0.02638320
v 0.01921261 -0.00287668 -0.02640030
v 0.01931937 -0.00377849 -0.02645282
v 0.01910240 -0.00372351 -0.02647315
v 0.01901068 -0.00299154 -0.02643099
v 0.01889592 -0.00316179 -0.02645450
v 0.01886634 -0.00337361 -0.02647197
v 0.01894131 -0.00357942 -0.02647921
v 0.01867077 -0.00376971 -0.02620285
v 0.01859519 -0.00362699 -0.02619845
v 0.01861637 -0.00361410 -0.02630306
v 0.01927804 -0.00409252 -0.02616717
v 0.01900171 -0.00403722 -0.02619301
v 0.01928273 -0.00408854 -0.02620702
v 0.01901804 -0.00401579 -0.02629705
v 0.01929063 -0.00406989 -0.02627146
v 0.01904423 -0.00396797 -0.02637714
v 0.01929896 -0.00403279 -0.02633561
v 0.01912632 -0.00379453 -0.02646941
v 0.01931215 -0.00392164 -0.02642484
v 0.01908231 -0.00389051 -0.02644000
v 0.01931081 -0.00258819 -0.02608943
v 0.01931936 -0.00259616 -0.02615766
v 0.01918850 -0.00260674 -0.02617443
v 0.01932807 -0.00262324 -0.02622786
v 0.01910063 -0.00261811 -0.02607792
v 0.01930601 -0.00259081 -0.02605113
v 0.01934044 -0.00271987 -0.02633291
v 0.01925094 -0.00281331 -0.02638455
v 0.01922876 -0.00271611 -0.02633820
v 0.01915119 -0.00284055 -0.02639820
v 0.01911013 -0.00274878 -0.02635440
v 0.01897599 -0.00295027 -0.02642517
v 0.01890164 -0.00288020 -0.02638614
v 0.01885546 -0.00311768 -0.02644884
v 0.01875779 -0.00308061 -0.02641375
v 0.01880905 -0.00331639 -0.02646682
v 0.01870244 -0.00331844 -0.02643481
v 0.01884457 -0.00351523 -0.02647739
v 0.01874509 -0.00355640 -0.02644771
v 0.01895631 -0.00368325 -0.02647876
v 0.01887889 -0.00375740 -0.02645023
v 0.01881553 -0.00381782 -0.02638773
v 0.01920648 -0.00264411 -0.02626208
v 0.01907387 -0.00268094 -0.02628020
v 0.01884055 -0.00282901 -0.02631547
v 0.01867912 -0.00305477 -0.02634591
v 0.01861704 -0.00332281 -0.02636922
v 0.01866511 -0.00359112 -0.02638400
v 0.01893019 -0.00400347 -0.02619746
v 0.01875635 -0.00387366 -0.02620345
v 0.01877570 -0.00385570 -0.02630766
v 0.01868374 -0.00374298 -0.02630703
v 0.01888870 -0.00394778 -0.02630444
v 0.01904843 -0.00264586 -0.02619356
v 0.01903189 -0.00264121 -0.02608746
v 0.01880187 -0.00280317 -0.02623071
v 0.01877744 -0.00280595 -0.02612589
v 0.01863101 -0.00304317 -0.02626265
v 0.01860982 -0.00304510 -0.02615731
v 0.01859431 -0.00308226 -0.02616109
v 0.01856536 -0.00332835 -0.02628714
v 0.01854347 -0.00333757 -0.02618227
v 0.01854763 -0.00343423 -0.02618857
v 0.01959338 -0.00375428 -0.02641100
v 0.01941101 -0.00382230 -0.02643915
v 0.01942280 -0.00392459 -0.02640476
v 0.01942402 -0.00405943 -0.02625314
v 0.01968468 -0.00396106 -0.02621180
v 0.01967789 -0.00398086 -0.02610796
v 0.01948644 -0.00406471 -0.02613956
v 0.01997321 -0.00301541 -0.02609944
v 0.02003733 -0.00326789 -0.02600279
v 0.02003988 -0.00327036 -0.02610912
v 0.02000911 -0.00354546 -0.02602804
v 0.02001115 -0.00353403 -0.02613336
v 0.01999377 -0.00359221 -0.02603384
v 0.01988764 -0.00377768 -0.02616966
v 0.01988385 -0.00379381 -0.02606503
v 0.01981006 -0.00387757 -0.02608184
v 0.01981468 -0.00280193 -0.02599938
v 0.01991762 -0.00292502 -0.02599407
v 0.01996998 -0.00301750 -0.02599353
v 0.01982066 -0.00280340 -0.02610513
v 0.01979767 -0.00278220 -0.02610676
v 0.01965114 -0.00268207 -0.02601295
v 0.01951659 -0.00283991 -0.02635368
v 0.01954590 -0.00274721 -0.02630161
v 0.01956229 -0.00267762 -0.02621964
v 0.01956484 -0.00264213 -0.02612798
v 0.01955484 -0.00263796 -0.02602258
v 0.01942714 -0.00400833 -0.02633684
v 0.01964080 -0.00384308 -0.02637073
v 0.01973578 -0.00362736 -0.02638255
v 0.01993896 -0.00326967 -0.02628651
v 0.01979812 -0.00309862 -0.02633475
v 0.01988426 -0.00305754 -0.02627839
v 0.01969349 -0.00295130 -0.02633827
v 0.01975833 -0.00288102 -0.02628285
v 0.01967769 -0.00293661 -0.02633933
v 0.01973934 -0.00286340 -0.02628417
v 0.01967271 -0.00391612 -0.02629815
v 0.01981077 -0.00369100 -0.02633622
v 0.01982274 -0.00345856 -0.02635803
v 0.01998049 -0.00351550 -0.02622483
v 0.02000781 -0.00326794 -0.02620213
v 0.01994554 -0.00302839 -0.02619301
v 0.01980262 -0.00282906 -0.02619825
v 0.01978107 -0.00280914 -0.02619975
v 0.01986398 -0.00374414 -0.02625875
v 0.01991444 -0.00348875 -0.02630645
v 0.01984347 -0.00327571 -0.02634156
v 0.02117754 -0.00534757 -0.02611393
v 0.02111165 -0.00490495 -0.02612626
v 0.02131803 -0.00495945 -0.02607189
v 0.02141315 -0.00567532 -0.02605310
v 0.02122547 -0.00578671 -0.02610367
v 0.02152337 -0.00549907 -0.02602153
v 0.02154587 -0.00531106 -0.02601339
v 0.02147397 -0.00510446 -0.02603096
v 0.02098319 -0.00492289 -0.02615967
v 0.02104912 -0.00536566 -0.02614725
v 0.02109681 -0.00580513 -0.02613695
v 0.02088776 -0.00575118 -0.02618886
v 0.02079432 -0.00503434 -0.02620777
v 0.02068455 -0.00520511 -0.02623522
v 0.02065902 -0.00540246 -0.02624211
v 0.02073131 -0.00560756 -0.02622591
v 0.02092551 -0.00582255 -0.02617564
v 0.02108617 -0.00594391 -0.02610467
v 0.02088075 -0.00591772 -0.02614915
v 0.02106129 -0.00605114 -0.02601341
v 0.02083527 -0.00599459 -0.02608820
v 0.02104502 -0.00608507 -0.02595115
v 0.02079911 -0.00603940 -0.02601170
v 0.02102795 -0.00610225 -0.02588470
v 0.02076739 -0.00605776 -0.02590939
v 0.02101853 -0.00610471 -0.02584764
v 0.02100646 -0.00486662 -0.02614878
v 0.02094498 -0.00468807 -0.02605165
v 0.02108338 -0.00466086 -0.02599655
v 0.02110544 -0.00476630 -0.02609029
v 0.02105048 -0.00461234 -0.02586727
v 0.02106744 -0.00462789 -0.02593295
v 0.02091540 -0.00464273 -0.02597280
v 0.02088528 -0.00462565 -0.02586982
v 0.02104044 -0.00461061 -0.02582913
v 0.02097794 -0.00476741 -0.02611687
v 0.02083505 -0.00493859 -0.02619269
v 0.02077192 -0.00485396 -0.02616948
v 0.02070230 -0.00506689 -0.02622589
v 0.02061219 -0.00500838 -0.02620893
v 0.02062468 -0.00523125 -0.02624509
v 0.02051874 -0.00520621 -0.02623154
v 0.02060973 -0.00540820 -0.02624929
v 0.02050075 -0.00541915 -0.02623641
v 0.02065945 -0.00558239 -0.02623840
v 0.02056064 -0.00562877 -0.02622353
v 0.02077034 -0.00572819 -0.02621283
v 0.02069410 -0.00580421 -0.02619332
v 0.02071164 -0.00478620 -0.02611107
v 0.02053065 -0.00496153 -0.02615533
v 0.02042475 -0.00518619 -0.02618048
v 0.02040440 -0.00542809 -0.02618580
v 0.02047237 -0.00566627 -0.02617143
v 0.02062372 -0.00586562 -0.02613773
v 0.02066689 -0.00474739 -0.02603600
v 0.02047416 -0.00493464 -0.02608285
v 0.02036141 -0.00517474 -0.02610932
v 0.02033980 -0.00543337 -0.02611487
v 0.02041228 -0.00568813 -0.02609972
v 0.02057363 -0.00590140 -0.02606415
v 0.02063178 -0.00473262 -0.02593425
v 0.02043529 -0.00492436 -0.02598188
v 0.02032042 -0.00517043 -0.02600876
v 0.02029848 -0.00543568 -0.02601436
v 0.02037249 -0.00569712 -0.02599896
v 0.02053721 -0.00591605 -0.02596280
v 0.02138079 -0.00470367 -0.02573793
v 0.02151575 -0.00480232 -0.02570159
v 0.02153258 -0.00481407 -0.02580606
v 0.02119623 -0.00608326 -0.02580181
v 0.02150385 -0.00592042 -0.02571807
v 0.02142251 -0.00598312 -0.02574080
v 0.02144033 -0.00596708 -0.02584449
v 0.02119206 -0.00607095 -0.02591116
v 0.02154739 -0.00587848 -0.02570569
v 0.02163127 -0.00578195 -0.02579033
v 0.02161735 -0.00579353 -0.02568543
v 0.02174290 -0.00554382 -0.02575631
v 0.02172451 -0.00557342 -0.02565284
v 0.02176476 -0.00528672 -0.02574683
v 0.02175394 -0.00529357 -0.02564089
v 0.02169287 -0.00502931 -0.02576378
v 0.02167965 -0.00502273 -0.02565832
v 0.02163717 -0.00494726 -0.02566935
v 0.02127911 -0.00488712 -0.02607697
v 0.02130463 -0.00479428 -0.02603123
v 0.02131489 -0.00471803 -0.02595372
v 0.02130914 -0.00467442 -0.02586617
v 0.02128757 -0.00465924 -0.02576304
v 0.02119692 -0.00584462 -0.02610696
v 0.02120438 -0.00602331 -0.02599564
v 0.02120660 -0.00594218 -0.02606772
v 0.02136857 -0.00577345 -0.02606131
v 0.02141196 -0.00585682 -0.02601287
v 0.02150068 -0.00564648 -0.02602457
v 0.02156994 -0.00570461 -0.02596856
v 0.02157803 -0.00548312 -0.02600174
v 0.02166243 -0.00550881 -0.02594087
v 0.02159338 -0.00530686 -0.02599558
v 0.02168072 -0.00529751 -0.02593327
v 0.02154407 -0.00513040 -0.02600726
v 0.02162161 -0.00508597 -0.02594726
v 0.02143358 -0.00498274 -0.02603603
v 0.02148936 -0.00490898 -0.02598193
v 0.02143717 -0.00592622 -0.02593326
v 0.02161622 -0.00575319 -0.02588268
v 0.02172098 -0.00553059 -0.02585095
v 0.02174159 -0.00529031 -0.02584216
v 0.02167440 -0.00504974 -0.02585804
v 0.02152432 -0.00484852 -0.02589755
v 0.01709958 -0.00170961 -0.02606806
v 0.01716976 -0.00170181 -0.02608159
v 0.01716083 -0.00201209 -0.02614093
v 0.01698749 -0.00175791 -0.02605171
v 0.01689944 -0.00184268 -0.02604597
v 0.01684949 -0.00194487 -0.02605171
v 0.01683818 -0.00205455 -0.02606821
v 0.01693517 -0.00224878 -0.02612679
v 0.01686758 -0.00216131 -0.02609451
v 0.01720703 -0.00231203 -0.02620013
v 0.01713162 -0.00232090 -0.02618537
v 0.01702664 -0.00230255 -0.02615821
v 0.01731669 -0.00226419 -0.02621415
v 0.01740220 -0.00218243 -0.02621605
v 0.01745185 -0.00208137 -0.02620693
v 0.01746283 -0.00197347 -0.02618909
v 0.01743002 -0.00185929 -0.02616192
v 0.01736059 -0.00177200 -0.02613266
v 0.01727059 -0.00171953 -0.02610539
v 0.01714497 -0.00257118 -0.02610698
v 0.01715109 -0.00259777 -0.02607832
v 0.01696467 -0.00256361 -0.02602847
v 0.01711507 -0.00147227 -0.02576505
v 0.01709833 -0.00148723 -0.02586642
v 0.01689831 -0.00157362 -0.02583650
v 0.01690595 -0.00156300 -0.02573380
v 0.01673993 -0.00172689 -0.02582325
v 0.01674041 -0.00172473 -0.02571980
v 0.01665000 -0.00191240 -0.02583075
v 0.01664654 -0.00192087 -0.02572764
v 0.01662946 -0.00211175 -0.02585949
v 0.01662520 -0.00213185 -0.02575801
v 0.01668183 -0.00230592 -0.02590835
v 0.01668006 -0.00233740 -0.02580976
v 0.01680219 -0.00246524 -0.02596942
v 0.01680599 -0.00250604 -0.02587443
v 0.01697583 -0.00261023 -0.02593676
v 0.01717066 -0.00264662 -0.02598913
v 0.01696982 -0.00249272 -0.02609941
v 0.01713737 -0.00252287 -0.02614383
v 0.01713220 -0.00246529 -0.02617105
v 0.01724422 -0.00145880 -0.02578916
v 0.01721810 -0.00148042 -0.02590604
v 0.01720071 -0.00152304 -0.02597620
v 0.01708959 -0.00161371 -0.02602687
v 0.01694133 -0.00167749 -0.02600494
v 0.01682436 -0.00178981 -0.02599636
v 0.01675790 -0.00192537 -0.02600303
v 0.01674270 -0.00207091 -0.02602449
v 0.01678148 -0.00221263 -0.02605970
v 0.01687079 -0.00232885 -0.02610333
v 0.01699165 -0.00240042 -0.02614575
v 0.01682384 -0.00240537 -0.02604713
v 0.01671584 -0.00226375 -0.02599325
v 0.01666891 -0.00209115 -0.02595004
v 0.01668740 -0.00191392 -0.02592429
v 0.01676808 -0.00174890 -0.02591710
v 0.01691001 -0.00161234 -0.02592843
v 0.01708944 -0.00153509 -0.02595518
v 0.01718909 -0.00156720 -0.02601955
v 0.01731116 -0.00263029 -0.02601657
v 0.01728527 -0.00258181 -0.02610503
v 0.01748141 -0.00249554 -0.02612837
v 0.01751661 -0.00253923 -0.02604068
v 0.01763488 -0.00234734 -0.02612901
v 0.01767752 -0.00238261 -0.02604081
v 0.01772325 -0.00216391 -0.02611009
v 0.01777010 -0.00218870 -0.02602043
v 0.01774005 -0.00196838 -0.02607651
v 0.01778718 -0.00198208 -0.02598473
v 0.01767728 -0.00176211 -0.02602753
v 0.01772043 -0.00176420 -0.02593303
v 0.01755339 -0.00160403 -0.02597648
v 0.01759038 -0.00159707 -0.02587936
v 0.01739715 -0.00150791 -0.02593017
v 0.01742721 -0.00149504 -0.02583086
v 0.01735906 -0.00155243 -0.02601257
v 0.01723001 -0.00241262 -0.02620175
v 0.01737512 -0.00234931 -0.02621983
v 0.01748836 -0.00224095 -0.02622158
v 0.01755384 -0.00210700 -0.02620881
v 0.01756756 -0.00196409 -0.02618480
v 0.01752315 -0.00181305 -0.02614890
v 0.01743144 -0.00169755 -0.02611075
v 0.01731373 -0.00162792 -0.02607555
v 0.01750026 -0.00163764 -0.02605450
v 0.01761136 -0.00177842 -0.02610038
v 0.01766655 -0.00196231 -0.02614406
v 0.01765082 -0.00213648 -0.02617371
v 0.01757153 -0.00229983 -0.02619003
v 0.01743399 -0.00243187 -0.02618877
v 0.01725801 -0.00250887 -0.02616740
v 0.01884726 -0.00203264 -0.02600389
v 0.02146443 -0.00639845 -0.02573003
v 0.02095696 -0.00330305 -0.02578585
v 0.02126412 -0.00434472 -0.02576046
v 0.02041693 -0.00233503 -0.02580254
v 0.02071763 -0.00280243 -0.02579669
v 0.02005581 -0.00191368 -0.02579991
v 0.01922042 -0.00237907 -0.02603038
v 0.01842161 -0.00172002 -0.02595465
v 0.01794858 -0.00143933 -0.02587318
v 0.01744091 -0.00118979 -0.02575050
v 0.01788704 -0.00109993 -0.02576866
v 0.01701108 -0.00100171 -0.02561077
v 0.01708027 -0.00089941 -0.02559344
v 0.01656843 -0.00168450 -0.02565194
v 0.01626604 -0.00231689 -0.02564346
v 0.01684531 -0.00264498 -0.02590427
v 0.01748848 -0.00312256 -0.02609712
v 0.01735819 -0.00301055 -0.02606522
v 0.01813337 -0.00257307 -0.02610341
v 0.01778723 -0.00342371 -0.02615764
v 0.01845790 -0.00288443 -0.02614480
v 0.01800821 -0.00370259 -0.02619146
v 0.01815659 -0.00393168 -0.02620905
v 0.01838064 -0.00438078 -0.02622751
v 0.01843211 -0.00451091 -0.02623029
v 0.01860998 -0.00511304 -0.02623522
v 0.01941062 -0.00484822 -0.02616490
v 0.01862973 -0.00520328 -0.02623526
v 0.01874752 -0.00599492 -0.02623288
v 0.01953371 -0.00569940 -0.02615081
v 0.02047357 -0.00646969 -0.02597596
v 0.02029520 -0.00458612 -0.02600766
v 0.02002026 -0.00364196 -0.02603155
v 0.01717856 -0.00077152 -0.02554915
v 0.01775186 -0.00090164 -0.02566752
v 0.01775357 -0.00089748 -0.02566467
v 0.01721148 -0.00073462 -0.02552647
v 0.01734925 -0.00061468 -0.02539447
v 0.01800574 -0.00080748 -0.02555107
v 0.01749701 -0.00046332 -0.02513874
v 0.01755842 -0.00048199 -0.02516283
v 0.01710706 -0.00054509 -0.02529999
v 0.01727163 -0.00039682 -0.02504306
v 0.01711098 -0.00054624 -0.02530170
v 0.01711708 -0.00054808 -0.02530441
v 0.01724338 -0.00058544 -0.02535709
v 0.01700222 -0.00067103 -0.02544069
v 0.01700092 -0.00067323 -0.02544233
v 0.01686836 -0.00083588 -0.02550608
v 0.01518518 -0.00287170 -0.02544475
v 0.01529926 -0.00285043 -0.02552062
v 0.01542600 -0.00322455 -0.02564367
v 0.01568441 -0.00325992 -0.02580106
v 0.01566231 -0.00343390 -0.02580393
v 0.01555996 -0.00361780 -0.02575940
v 0.01548599 -0.00290287 -0.02564714
v 0.01562472 -0.00304937 -0.02574634
v 0.01552295 -0.00365545 -0.02574014
v 0.01534771 -0.00375214 -0.02563752
v 0.01522086 -0.00330367 -0.02551564
v 0.01526151 -0.00376373 -0.02558126
v 0.01507851 -0.00371093 -0.02544927
v 0.01501985 -0.00298838 -0.02533872
v 0.01491919 -0.00317365 -0.02528246
v 0.01489563 -0.00335947 -0.02528244
v 0.01494958 -0.00356668 -0.02534209
v 0.01480583 -0.00318557 -0.02495594
v 0.01484534 -0.00304666 -0.02497346
v 0.01483089 -0.00306304 -0.02508990
v 0.01490583 -0.00291853 -0.02500767
v 0.01498518 -0.00280611 -0.02505679
v 0.01496013 -0.00284306 -0.02516640
v 0.01508073 -0.00271393 -0.02511857
v 0.01518906 -0.00264551 -0.02519010
v 0.01514857 -0.00269608 -0.02528906
v 0.01539784 -0.00407818 -0.02537926
v 0.01541976 -0.00408278 -0.02534681
v 0.01530893 -0.00407159 -0.02526946
v 0.01535590 -0.00405368 -0.02544139
v 0.01524646 -0.00404284 -0.02536508
v 0.01532583 -0.00402025 -0.02548595
v 0.01513247 -0.00400404 -0.02528023
v 0.01530328 -0.00398226 -0.02551938
v 0.01530519 -0.00279397 -0.02551116
v 0.01530634 -0.00260377 -0.02526823
v 0.01541656 -0.00259029 -0.02534182
v 0.01538372 -0.00261494 -0.02539138
v 0.01525697 -0.00265785 -0.02536111
v 0.01546127 -0.00257859 -0.02527469
v 0.01530214 -0.00261495 -0.02512429
v 0.01548168 -0.00258063 -0.02524416
v 0.01485268 -0.00331373 -0.02523778
v 0.01487724 -0.00351152 -0.02527496
v 0.01481674 -0.00331570 -0.02518803
v 0.01484381 -0.00353548 -0.02522939
v 0.01477838 -0.00332176 -0.02507389
v 0.01480954 -0.00357917 -0.02512234
v 0.01496425 -0.00367761 -0.02535542
v 0.01510197 -0.00378629 -0.02546524
v 0.01493985 -0.00372003 -0.02531904
v 0.01509213 -0.00384083 -0.02544137
v 0.01492046 -0.00379544 -0.02522754
v 0.01509670 -0.00393706 -0.02537095
v 0.01497378 -0.00290679 -0.02526681
v 0.01513639 -0.00278125 -0.02537179
v 0.01499476 -0.00294572 -0.02530836
v 0.01514174 -0.00283278 -0.02540272
v 0.01486210 -0.00309472 -0.02520157
v 0.01489373 -0.00311485 -0.02524984
v 0.01478849 -0.00332979 -0.02495600
v 0.01494199 -0.00384873 -0.02512388
v 0.01487203 -0.00373834 -0.02505972
v 0.01482215 -0.00361170 -0.02500893
v 0.01479404 -0.00347371 -0.02497392
v 0.01527627 -0.00390732 -0.02555942
v 0.01502980 -0.00393843 -0.02519857
v 0.01522608 -0.00280343 -0.02545842
v 0.01522981 -0.00274860 -0.02543363
v 0.01525113 -0.00263703 -0.02509035
v 0.01514123 -0.00270704 -0.02501774
v 0.01503999 -0.00280646 -0.02495231
v 0.01496362 -0.00291662 -0.02490505
v 0.01489076 -0.00308057 -0.02486454
v 0.01486197 -0.00319052 -0.02485251
v 0.01484485 -0.00342597 -0.02486130
v 0.01484998 -0.00348638 -0.02487102
v 0.01487854 -0.00362819 -0.02490683
v 0.01493287 -0.00376559 -0.02496222
v 0.01500024 -0.00387187 -0.02502414
v 0.01513684 -0.00399930 -0.02513882
v 0.01535882 -0.00264549 -0.02542909
v 0.01532589 -0.00271212 -0.02547926
v 0.01600710 -0.00346775 -0.02577997
v 0.01596248 -0.00360570 -0.02576836
v 0.01586290 -0.00357321 -0.02582487
v 0.01589476 -0.00373250 -0.02574275
v 0.01580720 -0.00384336 -0.02570350
v 0.01571977 -0.00379019 -0.02576341
v 0.01534217 -0.00381199 -0.02563182
v 0.01535840 -0.00386944 -0.02562637
v 0.01561940 -0.00294279 -0.02572560
v 0.01567361 -0.00302118 -0.02576526
v 0.01539205 -0.00280280 -0.02556946
v 0.01540600 -0.00397074 -0.02558649
v 0.01546710 -0.00404111 -0.02551392
v 0.01560462 -0.00404899 -0.02546455
v 0.01541385 -0.00274787 -0.02555669
v 0.01547088 -0.00265697 -0.02550396
v 0.01588740 -0.00305803 -0.02579199
v 0.01592217 -0.00331599 -0.02583423
v 0.01577065 -0.00309015 -0.02580702
v 0.01580025 -0.00331035 -0.02584372
v 0.01571276 -0.00311066 -0.02579644
v 0.01573922 -0.00330876 -0.02582974
v 0.01572701 -0.00299067 -0.02577272
v 0.01566661 -0.00290353 -0.02572907
v 0.01583627 -0.00294148 -0.02575273
v 0.01576562 -0.00283936 -0.02570270
v 0.01593367 -0.00291415 -0.02569013
v 0.01547558 -0.00283142 -0.02562598
v 0.01550663 -0.00277968 -0.02561919
v 0.01557891 -0.00269424 -0.02557623
v 0.01551045 -0.00373667 -0.02573235
v 0.01558387 -0.00367312 -0.02577147
v 0.01554547 -0.00378580 -0.02573736
v 0.01562722 -0.00371521 -0.02578035
v 0.01562422 -0.00387284 -0.02571437
v 0.01570355 -0.00393390 -0.02565127
v 0.01577144 -0.00395971 -0.02555855
v 0.01574956 -0.00352995 -0.02583485
v 0.01569369 -0.00350638 -0.02582136
v 0.01602682 -0.00332405 -0.02577761
v 0.01598911 -0.00304169 -0.02573215
v 0.01602063 -0.00318015 -0.02576153
v 0.01565481 -0.00264366 -0.02550062
v 0.01553785 -0.00260288 -0.02542271
v 0.01542873 -0.00378355 -0.02568526
v 0.01545458 -0.00383787 -0.02568544
v 0.01551811 -0.00393381 -0.02565475
v 0.01558853 -0.00400066 -0.02558740
v 0.01565514 -0.00402833 -0.02549428
v 0.01606043 -0.00304348 -0.02563837
v 0.01609217 -0.00318552 -0.02566806
v 0.01609754 -0.00324055 -0.02567579
v 0.01607836 -0.00348076 -0.02568703
v 0.01605011 -0.00357867 -0.02568076
v 0.01596475 -0.00375272 -0.02565017
v 0.01588314 -0.00385914 -0.02561420
v 0.01599669 -0.00289871 -0.02559038
v 0.01576274 -0.00271107 -0.02557269
v 0.01577420 -0.00266385 -0.02543900
v 0.01585708 -0.00280243 -0.02563651
v 0.01592716 -0.00279815 -0.02554192
v 0.01560446 -0.00259360 -0.02532602
v 0.01694871 -0.00487763 -0.02638460
v 0.01698914 -0.00487613 -0.02639386
v 0.01698215 -0.00531923 -0.02640278
v 0.01672957 -0.00495052 -0.02633004
v 0.01663444 -0.00503049 -0.02630440
v 0.01653277 -0.00521251 -0.02627709
v 0.01651643 -0.00536915 -0.02627533
v 0.01658702 -0.00557900 -0.02630211
v 0.01674866 -0.00572801 -0.02635189
v 0.01697541 -0.00578549 -0.02640915
v 0.01702399 -0.00578321 -0.02641981
v 0.01724411 -0.00570665 -0.02646113
v 0.01733220 -0.00563333 -0.02647446
v 0.01743768 -0.00545060 -0.02648711
v 0.01745437 -0.00529333 -0.02648675
v 0.01738150 -0.00508344 -0.02647237
v 0.01721666 -0.00493399 -0.02644173
v 0.01708096 -0.00488532 -0.02641409
v 0.01702232 -0.00463063 -0.02626098
v 0.01701240 -0.00466439 -0.02630270
v 0.01675236 -0.00471429 -0.02623793
v 0.01640595 -0.00533003 -0.02621233
v 0.01702873 -0.00608858 -0.02615622
v 0.01703702 -0.00609141 -0.02611914
v 0.01689333 -0.00607671 -0.02608442
v 0.01677132 -0.00480328 -0.02631362
v 0.01699928 -0.00473564 -0.02635654
v 0.01699143 -0.00481712 -0.02638681
v 0.01645308 -0.00511156 -0.02622356
v 0.01658091 -0.00492651 -0.02626091
v 0.01653269 -0.00485870 -0.02617466
v 0.01675488 -0.00585781 -0.02633179
v 0.01656809 -0.00573383 -0.02627485
v 0.01651747 -0.00580423 -0.02619106
v 0.01644607 -0.00554854 -0.02623107
v 0.01689235 -0.00461549 -0.02617167
v 0.01703524 -0.00460194 -0.02620597
v 0.01675534 -0.00465676 -0.02613552
v 0.01662945 -0.00472419 -0.02609948
v 0.01651934 -0.00481517 -0.02606587
v 0.01638551 -0.00507548 -0.02612922
v 0.01636148 -0.00505292 -0.02601542
v 0.01642903 -0.00492622 -0.02603712
v 0.01631446 -0.00547654 -0.02600755
v 0.01630325 -0.00533350 -0.02599988
v 0.01633126 -0.00533138 -0.02611532
v 0.01631914 -0.00519046 -0.02600267
v 0.01635231 -0.00561409 -0.02602506
v 0.01637720 -0.00558727 -0.02613801
v 0.01641573 -0.00574082 -0.02605119
v 0.01643648 -0.00570284 -0.02616155
v 0.01650247 -0.00585198 -0.02608389
v 0.01673282 -0.00594934 -0.02625937
v 0.01673361 -0.00601107 -0.02615914
v 0.01660973 -0.00594322 -0.02612075
v 0.01701220 -0.00606726 -0.02623099
v 0.01686952 -0.00605295 -0.02619658
v 0.01700052 -0.00603646 -0.02628460
v 0.01699177 -0.00600067 -0.02632545
v 0.01698110 -0.00592736 -0.02637668
v 0.01697588 -0.00584468 -0.02640415
v 0.01684829 -0.00461423 -0.02604095
v 0.01706119 -0.00458276 -0.02609341
v 0.01705255 -0.00458400 -0.02613111
v 0.01633560 -0.00548330 -0.02589251
v 0.01632843 -0.00543048 -0.02588848
v 0.01634043 -0.00518878 -0.02588747
v 0.01637185 -0.00507639 -0.02589688
v 0.01645095 -0.00491678 -0.02592245
v 0.01654178 -0.00480246 -0.02595164
v 0.01665255 -0.00470879 -0.02598573
v 0.01637355 -0.00562490 -0.02591033
v 0.01644647 -0.00577006 -0.02594062
v 0.01652430 -0.00586984 -0.02597019
v 0.01669763 -0.00600473 -0.02602866
v 0.01775173 -0.00519445 -0.02633152
v 0.01776386 -0.00533730 -0.02633482
v 0.01768802 -0.00533551 -0.02642573
v 0.01774733 -0.00548003 -0.02633545
v 0.01770297 -0.00561718 -0.02633322
v 0.01763184 -0.00559066 -0.02642376
v 0.01763232 -0.00574345 -0.02632778
v 0.01753831 -0.00585410 -0.02631846
v 0.01747951 -0.00580656 -0.02640872
v 0.01742444 -0.00594476 -0.02630456
v 0.01729535 -0.00601212 -0.02628549
v 0.01725443 -0.00595051 -0.02637669
v 0.01753744 -0.00511561 -0.02647102
v 0.01748019 -0.00513672 -0.02648141
v 0.01736652 -0.00496950 -0.02646171
v 0.01735593 -0.00569558 -0.02647306
v 0.01751813 -0.00533338 -0.02648979
v 0.01757943 -0.00533397 -0.02647984
v 0.01709509 -0.00482752 -0.02640951
v 0.01711095 -0.00477227 -0.02639376
v 0.01714525 -0.00467788 -0.02633148
v 0.01741154 -0.00492993 -0.02645024
v 0.01749358 -0.00486242 -0.02639434
v 0.01763945 -0.00507982 -0.02641642
v 0.01719470 -0.00485723 -0.02642983
v 0.01722127 -0.00480527 -0.02641597
v 0.01727305 -0.00471649 -0.02635661
v 0.01708002 -0.00583507 -0.02642626
v 0.01709414 -0.00589103 -0.02641240
v 0.01712528 -0.00598811 -0.02635336
v 0.01715606 -0.00605342 -0.02626087
v 0.01718066 -0.00580620 -0.02644532
v 0.01720561 -0.00585896 -0.02643315
v 0.01739976 -0.00573612 -0.02646273
v 0.01753110 -0.00555182 -0.02647749
v 0.01747451 -0.00552959 -0.02648732
v 0.01771160 -0.00505693 -0.02632537
v 0.01731623 -0.00465888 -0.02626355
v 0.01717842 -0.00461665 -0.02623687
v 0.01725129 -0.00605983 -0.02616188
v 0.01745285 -0.00596504 -0.02619280
v 0.01756791 -0.00587157 -0.02620653
v 0.01766301 -0.00575753 -0.02621566
v 0.01774476 -0.00560241 -0.02622152
v 0.01777955 -0.00548610 -0.02622300
v 0.01779239 -0.00524861 -0.02622061
v 0.01778428 -0.00519200 -0.02621902
v 0.01774381 -0.00505044 -0.02621291
v 0.01766837 -0.00490780 -0.02620254
v 0.01764483 -0.00493008 -0.02631600
v 0.01758487 -0.00480535 -0.02619063
v 0.01755420 -0.00481869 -0.02630289
v 0.01740648 -0.00467089 -0.02616226
v 0.01744316 -0.00472716 -0.02628553
v 0.01720555 -0.00459778 -0.02612454
v 0.01370346 -0.00102403 -0.02375396
v 0.01376625 -0.00101027 -0.02381114
v 0.01372388 -0.00130508 -0.02386429
v 0.01360287 -0.00110159 -0.02368010
v 0.01353993 -0.00120821 -0.02365107
v 0.01350837 -0.00135389 -0.02366248
v 0.01368743 -0.00161714 -0.02391219
v 0.01359475 -0.00158569 -0.02381140
v 0.01352897 -0.00149208 -0.02372109
v 0.01394071 -0.00127370 -0.02406712
v 0.01391100 -0.00141525 -0.02407933
v 0.01375152 -0.00160271 -0.02397217
v 0.01384857 -0.00152550 -0.02404812
v 0.01385718 -0.00104081 -0.02391081
v 0.01392154 -0.00113434 -0.02400476
v 0.01357692 -0.00183413 -0.02358561
v 0.01352156 -0.00176353 -0.02351330
v 0.01348955 -0.00170064 -0.02360740
v 0.01356176 -0.00103516 -0.02334742
v 0.01362677 -0.00094819 -0.02338167
v 0.01358421 -0.00097011 -0.02348975
v 0.01370101 -0.00087721 -0.02342916
v 0.01378119 -0.00082480 -0.02348822
v 0.01372123 -0.00085875 -0.02358486
v 0.01349222 -0.00116101 -0.02355621
v 0.01351410 -0.00117906 -0.02360829
v 0.01347589 -0.00131860 -0.02361183
v 0.01357661 -0.00102420 -0.02359572
v 0.01358669 -0.00106074 -0.02364260
v 0.01359477 -0.00165081 -0.02381979
v 0.01378926 -0.00192444 -0.02381964
v 0.01371743 -0.00191612 -0.02374570
v 0.01375133 -0.00188342 -0.02385646
v 0.01364310 -0.00188572 -0.02366406
v 0.01372691 -0.00184403 -0.02387975
v 0.01359713 -0.00180963 -0.02374155
v 0.01358621 -0.00170706 -0.02380048
v 0.01369689 -0.00176284 -0.02390736
v 0.01368526 -0.00167481 -0.02391625
v 0.01389220 -0.00079896 -0.02367373
v 0.01379470 -0.00082996 -0.02364617
v 0.01393811 -0.00078300 -0.02362540
v 0.01386390 -0.00079305 -0.02355691
v 0.01398940 -0.00078408 -0.02357199
v 0.01389187 -0.00082004 -0.02342675
v 0.01401952 -0.00079361 -0.02354093
v 0.01368174 -0.00098197 -0.02371000
v 0.01368703 -0.00093318 -0.02367338
v 0.01344788 -0.00132245 -0.02356029
v 0.01342466 -0.00133609 -0.02344635
v 0.01347947 -0.00113782 -0.02344141
v 0.01373286 -0.00096152 -0.02375327
v 0.01374637 -0.00090957 -0.02372334
v 0.01350875 -0.00113469 -0.02332748
v 0.01347943 -0.00167665 -0.02344988
v 0.01345224 -0.00157704 -0.02339756
v 0.01342852 -0.00153406 -0.02350419
v 0.01345062 -0.00148338 -0.02360756
v 0.01347814 -0.00145764 -0.02365285
v 0.01344138 -0.00146863 -0.02335816
v 0.01344734 -0.00135579 -0.02333288
v 0.01347012 -0.00124300 -0.02332258
v 0.01349953 -0.00161866 -0.02369162
v 0.01352013 -0.00157447 -0.02372568
v 0.01381233 -0.00087900 -0.02375925
v 0.01386068 -0.00082073 -0.02370721
v 0.01383982 -0.00195556 -0.02376985
v 0.01386809 -0.00196424 -0.02374174
v 0.01371653 -0.00192414 -0.02358044
v 0.01369310 -0.00190911 -0.02355345
v 0.01359022 -0.00179810 -0.02342417
v 0.01355444 -0.00172895 -0.02337161
v 0.01351783 -0.00160604 -0.02330425
v 0.01350628 -0.00149455 -0.02326347
v 0.01350620 -0.00146029 -0.02325411
v 0.01353554 -0.00126292 -0.02322678
v 0.01356350 -0.00118007 -0.02322909
v 0.01363010 -0.00105015 -0.02325272
v 0.01369389 -0.00096522 -0.02328628
v 0.01377414 -0.00088902 -0.02333757
v 0.01385711 -0.00083575 -0.02339880
v 0.01414462 -0.00087122 -0.02386022
v 0.01419655 -0.00094037 -0.02393627
v 0.01409092 -0.00096195 -0.02398354
v 0.01415365 -0.00166705 -0.02411842
v 0.01409208 -0.00175545 -0.02408042
v 0.01399665 -0.00169276 -0.02411109
v 0.01402128 -0.00182787 -0.02402822
v 0.01394396 -0.00188151 -0.02396421
v 0.01386456 -0.00180553 -0.02400803
v 0.01399109 -0.00147425 -0.02414178
v 0.01394447 -0.00144961 -0.02411374
v 0.01398168 -0.00130973 -0.02410987
v 0.01390991 -0.00161184 -0.02409879
v 0.01387427 -0.00156848 -0.02407681
v 0.01400917 -0.00079114 -0.02369780
v 0.01408144 -0.00082081 -0.02377962
v 0.01386845 -0.00097861 -0.02389230
v 0.01390336 -0.00092937 -0.02388422
v 0.01398834 -0.00085450 -0.02384445
v 0.01386303 -0.00191409 -0.02389108
v 0.01379251 -0.00183471 -0.02394316
v 0.01399810 -0.00193493 -0.02386501
v 0.01378159 -0.00164768 -0.02400541
v 0.01380268 -0.00170352 -0.02401579
v 0.01403409 -0.00131235 -0.02413726
v 0.01414917 -0.00132446 -0.02415884
v 0.01409645 -0.00152349 -0.02416452
v 0.01373114 -0.00166821 -0.02396038
v 0.01374426 -0.00172727 -0.02396347
v 0.01420372 -0.00156630 -0.02414065
v 0.01423539 -0.00102577 -0.02400444
v 0.01425987 -0.00112409 -0.02406179
v 0.01414720 -0.00112703 -0.02409478
v 0.01403259 -0.00115158 -0.02408586
v 0.01398038 -0.00117077 -0.02406576
v 0.01426896 -0.00123162 -0.02410566
v 0.01426245 -0.00134413 -0.02413417
v 0.01424041 -0.00145720 -0.02414596
v 0.01398682 -0.00101700 -0.02399643
v 0.01394072 -0.00105440 -0.02398892
v 0.01416792 -0.00083259 -0.02370058
v 0.01419138 -0.00084786 -0.02372928
v 0.01428724 -0.00095490 -0.02386268
v 0.01432221 -0.00102752 -0.02392279
v 0.01435314 -0.00114287 -0.02399257
v 0.01436283 -0.00125300 -0.02403797
v 0.01436218 -0.00129909 -0.02405186
v 0.01433388 -0.00148429 -0.02407971
v 0.01430528 -0.00157349 -0.02407685
v 0.01424467 -0.00169978 -0.02405127
v 0.01418445 -0.00178667 -0.02401414
v 0.01410812 -0.00186508 -0.02395787
v 0.01402821 -0.00192021 -0.02389157
v 0.01204075 -0.00319545 -0.02243340
v 0.01212159 -0.00302156 -0.02250418
v 0.01225465 -0.00290833 -0.02263620
v 0.01232452 -0.00332707 -0.02275404
v 0.01201836 -0.00339099 -0.02242648
v 0.01206326 -0.00359871 -0.02249229
v 0.01216839 -0.00374194 -0.02261762
v 0.01230842 -0.00379287 -0.02277352
v 0.01239855 -0.00377296 -0.02286980
v 0.01234460 -0.00288868 -0.02273114
v 0.01248393 -0.00293944 -0.02288665
v 0.01253001 -0.00365991 -0.02300327
v 0.01261123 -0.00348107 -0.02307609
v 0.01263227 -0.00329232 -0.02308178
v 0.01258842 -0.00308338 -0.02301417
v 0.01198387 -0.00320894 -0.02209524
v 0.01201840 -0.00307110 -0.02211978
v 0.01198537 -0.00308988 -0.02223213
v 0.01195805 -0.00334290 -0.02232318
v 0.01198417 -0.00334188 -0.02237685
v 0.01200361 -0.00353874 -0.02241437
v 0.01199687 -0.00312382 -0.02234547
v 0.01201905 -0.00314488 -0.02239690
v 0.01209013 -0.00293876 -0.02242807
v 0.01210282 -0.00297845 -0.02247124
v 0.01242338 -0.00264924 -0.02234387
v 0.01258014 -0.00261423 -0.02250814
v 0.01255288 -0.00261314 -0.02253356
v 0.01221981 -0.00274366 -0.02230319
v 0.01229580 -0.00273446 -0.02221646
v 0.01196845 -0.00335243 -0.02209112
v 0.01203703 -0.00343234 -0.02200427
v 0.01206797 -0.00314169 -0.02201230
v 0.01197285 -0.00349592 -0.02210780
v 0.01204190 -0.00350633 -0.02201559
v 0.01199671 -0.00363379 -0.02214460
v 0.01211024 -0.00377825 -0.02211083
v 0.01203911 -0.00376055 -0.02220031
v 0.01249168 -0.00410162 -0.02260718
v 0.01252057 -0.00410577 -0.02258063
v 0.01234961 -0.00406737 -0.02256015
v 0.01233423 -0.00405303 -0.02237426
v 0.01225663 -0.00402779 -0.02245621
v 0.01228399 -0.00401804 -0.02231714
v 0.01217173 -0.00396150 -0.02235915
v 0.01224683 -0.00398485 -0.02227436
v 0.01217112 -0.00389208 -0.02218537
v 0.01236687 -0.00400940 -0.02272135
v 0.01239565 -0.00404490 -0.02269513
v 0.01243766 -0.00407900 -0.02265672
v 0.01235152 -0.00283233 -0.02272404
v 0.01240685 -0.00263783 -0.02249222
v 0.01249608 -0.00262608 -0.02258671
v 0.01245123 -0.00265299 -0.02262889
v 0.01233906 -0.00269371 -0.02257195
v 0.01222213 -0.00286859 -0.02258855
v 0.01222297 -0.00281663 -0.02255841
v 0.01225120 -0.00272999 -0.02248154
v 0.01197973 -0.00356182 -0.02236483
v 0.01196541 -0.00360348 -0.02225475
v 0.01193982 -0.00334674 -0.02220597
v 0.01207409 -0.00370475 -0.02250398
v 0.01218439 -0.00381406 -0.02263210
v 0.01205821 -0.00374645 -0.02246443
v 0.01218096 -0.00386804 -0.02260690
v 0.01205773 -0.00382008 -0.02237152
v 0.01220195 -0.00396276 -0.02253871
v 0.01228932 -0.00284069 -0.02265795
v 0.01229776 -0.00278561 -0.02263555
v 0.01231036 -0.00267743 -0.02239311
v 0.01213882 -0.00283379 -0.02222580
v 0.01209502 -0.00287302 -0.02232888
v 0.01207079 -0.00294442 -0.02216391
v 0.01214248 -0.00294023 -0.02207321
v 0.01220741 -0.00283367 -0.02213214
v 0.01221309 -0.00282596 -0.02213744
v 0.01242034 -0.00268289 -0.02265810
v 0.01237693 -0.00275190 -0.02269942
v 0.01209822 -0.00387128 -0.02227271
v 0.01232936 -0.00393373 -0.02275532
v 0.01270689 -0.00312839 -0.02311261
v 0.01265727 -0.00314893 -0.02308662
v 0.01258992 -0.00298249 -0.02299703
v 0.01303131 -0.00355243 -0.02309084
v 0.01294224 -0.00350021 -0.02315769
v 0.01295834 -0.00335775 -0.02316215
v 0.01261624 -0.00409238 -0.02268367
v 0.01252592 -0.00406722 -0.02275180
v 0.01270996 -0.00396198 -0.02294386
v 0.01283775 -0.00394832 -0.02291351
v 0.01270923 -0.00405322 -0.02278186
v 0.01305700 -0.00329262 -0.02309487
v 0.01295536 -0.00321513 -0.02314531
v 0.01305297 -0.00321867 -0.02308334
v 0.01259255 -0.00264019 -0.02269209
v 0.01277339 -0.00267150 -0.02272274
v 0.01268385 -0.00268180 -0.02279521
v 0.01281672 -0.00270263 -0.02277306
v 0.01276644 -0.00274948 -0.02289201
v 0.01293134 -0.00283427 -0.02291168
v 0.01283729 -0.00284046 -0.02297869
v 0.01298800 -0.00294464 -0.02298496
v 0.01289369 -0.00295140 -0.02305166
v 0.01303050 -0.00307783 -0.02304490
v 0.01267456 -0.00334498 -0.02312396
v 0.01263912 -0.00354044 -0.02310300
v 0.01255630 -0.00370521 -0.02302704
v 0.01259459 -0.00374701 -0.02304640
v 0.01244729 -0.00399863 -0.02280794
v 0.01238993 -0.00389854 -0.02283615
v 0.01237225 -0.00384148 -0.02283815
v 0.01243865 -0.00381387 -0.02290810
v 0.01246379 -0.00386784 -0.02291399
v 0.01253396 -0.00396263 -0.02289942
v 0.01263202 -0.00294333 -0.02301277
v 0.01248260 -0.00287125 -0.02286949
v 0.01251272 -0.00281963 -0.02287078
v 0.01241883 -0.00284213 -0.02279762
v 0.01244182 -0.00278724 -0.02279083
v 0.01272608 -0.00334640 -0.02315426
v 0.01284158 -0.00335112 -0.02318170
v 0.01279542 -0.00360602 -0.02315440
v 0.01281905 -0.00309556 -0.02313256
v 0.01273130 -0.00287866 -0.02301500
v 0.01259143 -0.00273370 -0.02284803
v 0.01250823 -0.00269571 -0.02275412
v 0.01262103 -0.00402780 -0.02285223
v 0.01290332 -0.00386367 -0.02297803
v 0.01278937 -0.00387249 -0.02302312
v 0.01268743 -0.00382091 -0.02305501
v 0.01268668 -0.00356377 -0.02313097
v 0.01290777 -0.00363699 -0.02313225
v 0.01285613 -0.00376270 -0.02308673
v 0.01295107 -0.00378091 -0.02302317
v 0.01293358 -0.00307788 -0.02310801
v 0.01322513 -0.00519743 -0.02382014
v 0.01330278 -0.00502479 -0.02389536
v 0.01343658 -0.00491120 -0.02402952
v 0.01352237 -0.00533252 -0.02413109
v 0.01320730 -0.00539436 -0.02380715
v 0.01325865 -0.00560085 -0.02386585
v 0.01337006 -0.00574366 -0.02398457
v 0.01351723 -0.00579496 -0.02413679
v 0.01361018 -0.00577515 -0.02423093
v 0.01352935 -0.00489115 -0.02412370
v 0.01367788 -0.00494232 -0.02427609
v 0.01374558 -0.00566164 -0.02436474
v 0.01382558 -0.00548619 -0.02444013
v 0.01384338 -0.00529233 -0.02445249
v 0.01379118 -0.00508540 -0.02439434
v 0.01326665 -0.00494132 -0.02382260
v 0.01328175 -0.00498162 -0.02386422
v 0.01320073 -0.00514804 -0.02378531
v 0.01359661 -0.00463238 -0.02375196
v 0.01374903 -0.00459945 -0.02390682
v 0.01372128 -0.00460073 -0.02393408
v 0.01357576 -0.00463050 -0.02389342
v 0.01346080 -0.00472254 -0.02361500
v 0.01330711 -0.00482862 -0.02362300
v 0.01337507 -0.00482087 -0.02352943
v 0.01324111 -0.00493981 -0.02355795
v 0.01331077 -0.00493023 -0.02346610
v 0.01319146 -0.00506691 -0.02351012
v 0.01324422 -0.00511805 -0.02340245
v 0.01321738 -0.00542974 -0.02338313
v 0.01315655 -0.00549245 -0.02348562
v 0.01322389 -0.00549881 -0.02339176
v 0.01318431 -0.00563044 -0.02351816
v 0.01325244 -0.00564082 -0.02342524
v 0.01323065 -0.00575727 -0.02356968
v 0.01330114 -0.00577362 -0.02347938
v 0.01370150 -0.00609628 -0.02395604
v 0.01372887 -0.00609914 -0.02392925
v 0.01355660 -0.00606410 -0.02391464
v 0.01353565 -0.00604653 -0.02372949
v 0.01345984 -0.00602456 -0.02381406
v 0.01348414 -0.00601216 -0.02367541
v 0.01337110 -0.00595828 -0.02372064
v 0.01336490 -0.00588539 -0.02354855
v 0.01357802 -0.00600887 -0.02407706
v 0.01360726 -0.00604389 -0.02404839
v 0.01364794 -0.00607565 -0.02400850
v 0.01353416 -0.00483460 -0.02411878
v 0.01366760 -0.00461809 -0.02398684
v 0.01362585 -0.00464765 -0.02402798
v 0.01351211 -0.00469203 -0.02397223
v 0.01340124 -0.00487143 -0.02398390
v 0.01339949 -0.00481876 -0.02395570
v 0.01342267 -0.00472884 -0.02388162
v 0.01317662 -0.00512642 -0.02373485
v 0.01316143 -0.00508989 -0.02362259
v 0.01326696 -0.00487267 -0.02372552
v 0.01317052 -0.00534481 -0.02375953
v 0.01319566 -0.00554134 -0.02379091
v 0.01314304 -0.00534528 -0.02370616
v 0.01317098 -0.00556389 -0.02374106
v 0.01312212 -0.00534677 -0.02358892
v 0.01315488 -0.00560339 -0.02362988
v 0.01327230 -0.00570706 -0.02387461
v 0.01338874 -0.00581615 -0.02399756
v 0.01325615 -0.00574824 -0.02383419
v 0.01338557 -0.00586961 -0.02397094
v 0.01325468 -0.00581984 -0.02373917
v 0.01340632 -0.00596238 -0.02389964
v 0.01346987 -0.00484324 -0.02405338
v 0.01347578 -0.00478739 -0.02403295
v 0.01347774 -0.00467088 -0.02379412
v 0.01338706 -0.00473785 -0.02370280
v 0.01355400 -0.00465369 -0.02370886
v 0.01322758 -0.00520309 -0.02338755
v 0.01316018 -0.00520506 -0.02348153
v 0.01314836 -0.00534878 -0.02347321
v 0.01359594 -0.00468071 -0.02405749
v 0.01355631 -0.00475224 -0.02409671
v 0.01329369 -0.00586804 -0.02363805
v 0.01354043 -0.00593528 -0.02411395
v 0.01395180 -0.00465568 -0.02411400
v 0.01386512 -0.00467276 -0.02418869
v 0.01376833 -0.00463157 -0.02408962
v 0.01388156 -0.00606673 -0.02408363
v 0.01383756 -0.00602408 -0.02419966
v 0.01392353 -0.00604607 -0.02412548
v 0.01392916 -0.00595793 -0.02428998
v 0.01401755 -0.00597800 -0.02421812
v 0.01401057 -0.00586801 -0.02436883
v 0.01410657 -0.00587798 -0.02430420
v 0.01425756 -0.00550043 -0.02444254
v 0.01424059 -0.00558240 -0.02442822
v 0.01416319 -0.00549388 -0.02450914
v 0.01413009 -0.00563135 -0.02448052
v 0.01401793 -0.00560408 -0.02450857
v 0.01426367 -0.00520561 -0.02444014
v 0.01426930 -0.00526608 -0.02444736
v 0.01416917 -0.00520736 -0.02450686
v 0.01417646 -0.00535069 -0.02451806
v 0.01406019 -0.00534839 -0.02454303
v 0.01423562 -0.00506377 -0.02440856
v 0.01409536 -0.00494251 -0.02442659
v 0.01418335 -0.00492319 -0.02435304
v 0.01403197 -0.00483128 -0.02436048
v 0.01412301 -0.00481874 -0.02429020
v 0.01395416 -0.00474024 -0.02428013
v 0.01399692 -0.00468580 -0.02416028
v 0.01367227 -0.00487284 -0.02426020
v 0.01366142 -0.00599800 -0.02416174
v 0.01360316 -0.00589988 -0.02419440
v 0.01358446 -0.00584334 -0.02419850
v 0.01373931 -0.00606373 -0.02410125
v 0.01365315 -0.00581563 -0.02426749
v 0.01367960 -0.00586908 -0.02427111
v 0.01375107 -0.00596186 -0.02425161
v 0.01377391 -0.00570676 -0.02438634
v 0.01381402 -0.00574797 -0.02440320
v 0.01390893 -0.00581967 -0.02440629
v 0.01392843 -0.00487508 -0.02439884
v 0.01402857 -0.00509217 -0.02450456
v 0.01383055 -0.00494344 -0.02439696
v 0.01391570 -0.00512839 -0.02448728
v 0.01378872 -0.00498358 -0.02438077
v 0.01386514 -0.00514984 -0.02446204
v 0.01360462 -0.00484405 -0.02419076
v 0.01370092 -0.00482028 -0.02426292
v 0.01362565 -0.00478826 -0.02418572
v 0.01377619 -0.00473056 -0.02424181
v 0.01368787 -0.00469301 -0.02415134
v 0.01407846 -0.00575769 -0.02443311
v 0.01417071 -0.00577191 -0.02436478
v 0.01390668 -0.00556436 -0.02449063
v 0.01385707 -0.00554172 -0.02446503
v 0.01394257 -0.00534660 -0.02452016
v 0.01388925 -0.00534599 -0.02449162
v 0.01414178 -0.00506948 -0.02447602
v 0.01096608 -0.00103007 -0.02087915
v 0.01102561 -0.00101732 -0.02094078
v 0.01098614 -0.00131373 -0.02097772
v 0.01087065 -0.00110653 -0.02079586
v 0.01081135 -0.00121222 -0.02075870
v 0.01078150 -0.00135936 -0.02076221
v 0.01095182 -0.00162638 -0.02101033
v 0.01086388 -0.00159298 -0.02090571
v 0.01080148 -0.00149806 -0.02081611
v 0.01118972 -0.00128289 -0.02119329
v 0.01116052 -0.00143093 -0.02119740
v 0.01101152 -0.00161333 -0.02107347
v 0.01110318 -0.00153739 -0.02115840
v 0.01111167 -0.00105002 -0.02104451
v 0.01117150 -0.00114436 -0.02113662
v 0.01084668 -0.00102649 -0.02071301
v 0.01085533 -0.00106460 -0.02075909
v 0.01078648 -0.00118282 -0.02071540
v 0.01105391 -0.00087605 -0.02047303
v 0.01113350 -0.00082288 -0.02054253
v 0.01097715 -0.00087015 -0.02055938
v 0.01105393 -0.00081805 -0.02062638
v 0.01098917 -0.00085744 -0.02071831
v 0.01090617 -0.00094120 -0.02050381
v 0.01097707 -0.00095258 -0.02041297
v 0.01091613 -0.00103813 -0.02037163
v 0.01084413 -0.00102858 -0.02046166
v 0.01085836 -0.00096819 -0.02060918
v 0.01085138 -0.00117262 -0.02033799
v 0.01075706 -0.00123790 -0.02042271
v 0.01082614 -0.00125279 -0.02033116
v 0.01073570 -0.00135163 -0.02042728
v 0.01079877 -0.00145293 -0.02034933
v 0.01073049 -0.00146548 -0.02044795
v 0.01079900 -0.00148666 -0.02035722
v 0.01074137 -0.00157495 -0.02048396
v 0.01081051 -0.00159930 -0.02039451
v 0.01097872 -0.00190653 -0.02064155
v 0.01088057 -0.00179376 -0.02051139
v 0.01086165 -0.00183553 -0.02066941
v 0.01080852 -0.00176371 -0.02059671
v 0.01077063 -0.00170420 -0.02069193
v 0.01111716 -0.00195785 -0.02086372
v 0.01114585 -0.00196493 -0.02083795
v 0.01099570 -0.00192005 -0.02083398
v 0.01100159 -0.00192234 -0.02066986
v 0.01092491 -0.00188837 -0.02074950
v 0.01099666 -0.00185201 -0.02097141
v 0.01102263 -0.00188976 -0.02094830
v 0.01106385 -0.00192954 -0.02091147
v 0.01086465 -0.00165873 -0.02091197
v 0.01096361 -0.00177151 -0.02100063
v 0.01085789 -0.00171463 -0.02089005
v 0.01087350 -0.00181538 -0.02082771
v 0.01115514 -0.00079750 -0.02082203
v 0.01105937 -0.00082946 -0.02078599
v 0.01120427 -0.00077801 -0.02077694
v 0.01113319 -0.00078703 -0.02070251
v 0.01125874 -0.00077540 -0.02072689
v 0.01116718 -0.00080720 -0.02057402
v 0.01128943 -0.00078221 -0.02069872
v 0.01094567 -0.00098665 -0.02083581
v 0.01095181 -0.00093627 -0.02080170
v 0.01072482 -0.00132556 -0.02065753
v 0.01070703 -0.00133600 -0.02054103
v 0.01075867 -0.00113645 -0.02054725
v 0.01071160 -0.00153564 -0.02059158
v 0.01072809 -0.00148766 -0.02069862
v 0.01075321 -0.00146280 -0.02074659
v 0.01099427 -0.00096691 -0.02088323
v 0.01100832 -0.00091343 -0.02085656
v 0.01076655 -0.00116339 -0.02066257
v 0.01075055 -0.00132284 -0.02071100
v 0.01079367 -0.00112877 -0.02043429
v 0.01084601 -0.00172354 -0.02045932
v 0.01076784 -0.00167567 -0.02053417
v 0.01077521 -0.00162445 -0.02078009
v 0.01079359 -0.00158088 -0.02081702
v 0.01107176 -0.00088335 -0.02089848
v 0.01112238 -0.00082126 -0.02085209
v 0.01136616 -0.00079393 -0.02078632
v 0.01106676 -0.00171383 -0.02112067
v 0.01116585 -0.00162295 -0.02121150
v 0.01113117 -0.00181294 -0.02111329
v 0.01125284 -0.00170141 -0.02122585
v 0.01124052 -0.00148686 -0.02126385
v 0.01128034 -0.00132618 -0.02126909
v 0.01134430 -0.00153438 -0.02129083
v 0.01139305 -0.00133725 -0.02129737
v 0.01134211 -0.00097261 -0.02114006
v 0.01139245 -0.00113996 -0.02124422
v 0.01123843 -0.00102887 -0.02114231
v 0.01127974 -0.00116535 -0.02122628
v 0.01113904 -0.00191787 -0.02099489
v 0.01151415 -0.00124154 -0.02125834
v 0.01134450 -0.00082236 -0.02094669
v 0.01140285 -0.00087557 -0.02102792
v 0.01124790 -0.00086072 -0.02100190
v 0.01116156 -0.00093761 -0.02103079
v 0.01127713 -0.00078955 -0.02086222
v 0.01126634 -0.00193869 -0.02096712
v 0.01121418 -0.00188525 -0.02107229
v 0.01137685 -0.00186538 -0.02107604
v 0.01128559 -0.00183208 -0.02114139
v 0.01144430 -0.00179173 -0.02113635
v 0.01135069 -0.00176057 -0.02119940
v 0.01150273 -0.00170194 -0.02118254
v 0.01140715 -0.00167337 -0.02124381
v 0.01156069 -0.00157090 -0.02121788
v 0.01161259 -0.00128821 -0.02120552
v 0.01160622 -0.00137314 -0.02122056
v 0.01150748 -0.00135376 -0.02128029
v 0.01145308 -0.00157391 -0.02127285
v 0.01160503 -0.00114702 -0.02115825
v 0.01150671 -0.00113364 -0.02122028
v 0.01157429 -0.00102010 -0.02108694
v 0.01148520 -0.00103423 -0.02116761
v 0.01154616 -0.00095555 -0.02103603
v 0.01145027 -0.00094706 -0.02110262
v 0.01145301 -0.00083995 -0.02089657
v 0.00938158 -0.00319223 -0.01943800
v 0.00945792 -0.00302182 -0.01951195
v 0.00958600 -0.00290861 -0.01964891
v 0.00965578 -0.00332849 -0.01976319
v 0.00936007 -0.00339267 -0.01942780
v 0.00940491 -0.00360017 -0.01949278
v 0.00950735 -0.00374318 -0.01961904
v 0.00964235 -0.00379412 -0.01977710
v 0.00972898 -0.00377450 -0.01987561
v 0.00967262 -0.00288913 -0.01974644
v 0.00980663 -0.00293986 -0.01990441
v 0.00985502 -0.00366175 -0.02001373
v 0.00993000 -0.00349186 -0.02008886
v 0.00995144 -0.00329115 -0.02009913
v 0.00990772 -0.00308313 -0.02003256
v 0.00976794 -0.00264045 -0.01937347
v 0.00991232 -0.00260864 -0.01953520
v 0.00988209 -0.00260843 -0.01956167
v 0.00973975 -0.00263441 -0.01951349
v 0.00972746 -0.00266127 -0.01932930
v 0.00955915 -0.00274048 -0.01931758
v 0.00963741 -0.00272936 -0.01923313
v 0.00948109 -0.00283084 -0.01923681
v 0.00955348 -0.00282700 -0.01914640
v 0.00941566 -0.00294171 -0.01917182
v 0.00948958 -0.00293585 -0.01908303
v 0.00941931 -0.00313303 -0.01901886
v 0.00933262 -0.00320671 -0.01909808
v 0.00940403 -0.00320795 -0.01900709
v 0.00931838 -0.00335042 -0.01909213
v 0.00938956 -0.00343079 -0.01900628
v 0.00932338 -0.00349412 -0.01910749
v 0.00939459 -0.00350326 -0.01901680
v 0.00963257 -0.00401627 -0.01931948
v 0.00952206 -0.00388974 -0.01918587
v 0.00951871 -0.00396045 -0.01935883
v 0.00944696 -0.00387005 -0.01927159
v 0.00940371 -0.00381983 -0.01936973
v 0.00983244 -0.00410051 -0.01961314
v 0.00986182 -0.00410423 -0.01958762
v 0.00969147 -0.00406672 -0.01956295
v 0.00968113 -0.00405111 -0.01937709
v 0.00960128 -0.00402693 -0.01945721
v 0.00970362 -0.00400986 -0.01972471
v 0.00973361 -0.00404523 -0.01969880
v 0.00977664 -0.00407854 -0.01966153
v 0.00952294 -0.00381497 -0.01963273
v 0.00966477 -0.00393489 -0.01975818
v 0.00952060 -0.00386877 -0.01960704
v 0.00954405 -0.00396285 -0.01953874
v 0.00967923 -0.00283262 -0.01974038
v 0.00982598 -0.00262270 -0.01961087
v 0.00978052 -0.00265043 -0.01965080
v 0.00967014 -0.00269221 -0.01959025
v 0.00955450 -0.00286872 -0.01960088
v 0.00943974 -0.00297857 -0.01947912
v 0.00955573 -0.00281640 -0.01957154
v 0.00942792 -0.00293855 -0.01943621
v 0.00958535 -0.00272849 -0.01949685
v 0.00943493 -0.00287169 -0.01933813
v 0.00935957 -0.00314506 -0.01940081
v 0.00932685 -0.00334218 -0.01937785
v 0.00933862 -0.00312373 -0.01934919
v 0.00930218 -0.00334295 -0.01932367
v 0.00932979 -0.00308881 -0.01923615
v 0.00928696 -0.00334593 -0.01920623
v 0.00961924 -0.00284088 -0.01967248
v 0.00962782 -0.00278543 -0.01965114
v 0.00964653 -0.00267408 -0.01941096
v 0.00936545 -0.00306865 -0.01912494
v 0.00946256 -0.00377621 -0.01911128
v 0.00941922 -0.00364518 -0.01905388
v 0.00938905 -0.00375914 -0.01919893
v 0.00934724 -0.00363219 -0.01914349
v 0.00931310 -0.00360295 -0.01925303
v 0.00932432 -0.00356205 -0.01936359
v 0.00934670 -0.00353918 -0.01941378
v 0.00940128 -0.00374690 -0.01946306
v 0.00941578 -0.00370540 -0.01950327
v 0.00970474 -0.00275130 -0.01971766
v 0.00974861 -0.00268148 -0.01967891
v 0.01027040 -0.00320738 -0.02017335
v 0.01027481 -0.00335106 -0.02018947
v 0.01015747 -0.00334623 -0.02020506
v 0.01004316 -0.00334305 -0.02017393
v 0.00999282 -0.00334223 -0.02014208
v 0.00997387 -0.00314512 -0.02010513
v 0.01013988 -0.00269663 -0.01980461
v 0.01000043 -0.00267441 -0.01981577
v 0.00991105 -0.00263456 -0.01970940
v 0.01004006 -0.00396070 -0.01995852
v 0.01004487 -0.00405137 -0.01979563
v 0.00995435 -0.00402709 -0.01986342
v 0.01000885 -0.00407048 -0.01975515
v 0.01020903 -0.00389392 -0.01997602
v 0.01011623 -0.00387038 -0.02004115
v 0.01021698 -0.00388242 -0.01998452
v 0.01017990 -0.00375956 -0.02010784
v 0.01027711 -0.00377637 -0.02004747
v 0.01024776 -0.00306933 -0.02013601
v 0.01034683 -0.00306724 -0.02007636
v 0.01037486 -0.00328336 -0.02012610
v 0.01030559 -0.00293715 -0.02001758
v 0.01020764 -0.00294237 -0.02007884
v 0.01013285 -0.00308914 -0.02015653
v 0.01017566 -0.00273011 -0.01984895
v 0.01024773 -0.00282297 -0.01994061
v 0.01008161 -0.00274095 -0.01991539
v 0.01015158 -0.00283141 -0.02000432
v 0.01004518 -0.00287197 -0.02003685
v 0.00999996 -0.00262086 -0.01963671
v 0.00990744 -0.00272864 -0.01986538
v 0.00982986 -0.00281645 -0.01988535
v 0.00980085 -0.00286875 -0.01988299
v 0.00986234 -0.00406679 -0.01975957
v 0.00978164 -0.00399913 -0.01981394
v 0.00996054 -0.00353922 -0.02011878
v 0.01000728 -0.00356212 -0.02014799
v 0.01011540 -0.00360318 -0.02017458
v 0.00970471 -0.00384275 -0.01984327
v 0.00976886 -0.00381499 -0.01991548
v 0.00972282 -0.00389967 -0.01984128
v 0.00979418 -0.00386880 -0.01992166
v 0.00986542 -0.00396292 -0.01990842
v 0.00988191 -0.00370542 -0.02003898
v 0.00991988 -0.00374695 -0.02005915
v 0.01001291 -0.00381999 -0.02007010
v 0.01034664 -0.00357356 -0.02011452
v 0.01022869 -0.00363270 -0.02015601
v 0.01002213 -0.00312383 -0.02013276
v 0.01026069 -0.00349470 -0.02018356
v 0.00994730 -0.00293866 -0.02003112
v 0.00990652 -0.00297862 -0.02001389
v 0.01108494 -0.00549338 -0.02148492
v 0.01101195 -0.00566674 -0.02140548
v 0.01088688 -0.00577928 -0.02126532
v 0.01080376 -0.00533807 -0.02116251
v 0.01110101 -0.00529877 -0.02149885
v 0.01105202 -0.00509164 -0.02143818
v 0.01094639 -0.00494847 -0.02131451
v 0.01080889 -0.00489726 -0.02115696
v 0.01072201 -0.00491676 -0.02105883
v 0.01080010 -0.00579880 -0.02116686
v 0.01066256 -0.00574757 -0.02100934
v 0.01059659 -0.00502941 -0.02091915
v 0.01052378 -0.00520150 -0.02084038
v 0.01050753 -0.00539792 -0.02082611
v 0.01055684 -0.00560469 -0.02088631
v 0.01044804 -0.00534854 -0.02072318
v 0.01047295 -0.00534830 -0.02077738
v 0.01049732 -0.00554460 -0.02080906
v 0.01047919 -0.00513011 -0.02075387
v 0.01050096 -0.00515195 -0.02080496
v 0.01056384 -0.00494568 -0.02084564
v 0.01057702 -0.00498616 -0.02088749
v 0.01089423 -0.00463590 -0.02079110
v 0.01103836 -0.00460390 -0.02095367
v 0.01100934 -0.00460546 -0.02097927
v 0.01086652 -0.00463517 -0.02093147
v 0.01068848 -0.00474127 -0.02073243
v 0.01076602 -0.00472507 -0.02064813
v 0.01085425 -0.00465679 -0.02074634
v 0.01061290 -0.00483158 -0.02064905
v 0.01068481 -0.00482294 -0.02055859
v 0.01055050 -0.00494239 -0.02058099
v 0.01062390 -0.00493199 -0.02049221
v 0.01050364 -0.00506923 -0.02053079
v 0.01055976 -0.00512523 -0.02042389
v 0.01046348 -0.00535078 -0.02049128
v 0.01053628 -0.00542907 -0.02040360
v 0.01054543 -0.00520450 -0.02040937
v 0.01047173 -0.00549437 -0.02050352
v 0.01054284 -0.00550012 -0.02041245
v 0.01049860 -0.00563233 -0.02053668
v 0.01057051 -0.00564216 -0.02044662
v 0.01054310 -0.00575918 -0.02058962
v 0.01061688 -0.00577393 -0.02050178
v 0.01099509 -0.00609860 -0.02099610
v 0.01102382 -0.00610134 -0.02097089
v 0.01085267 -0.00606645 -0.02094751
v 0.01084112 -0.00604829 -0.02076186
v 0.01076126 -0.00602672 -0.02084270
v 0.01079177 -0.00601352 -0.02070508
v 0.01067706 -0.00596032 -0.02074567
v 0.01067845 -0.00588688 -0.02057383
v 0.01086486 -0.00601189 -0.02111032
v 0.01089560 -0.00604659 -0.02108337
v 0.01093863 -0.00607822 -0.02104564
v 0.01081369 -0.00484081 -0.02115257
v 0.01095288 -0.00462341 -0.02102911
v 0.01090910 -0.00465340 -0.02106783
v 0.01079925 -0.00469741 -0.02100656
v 0.01068923 -0.00487678 -0.02101217
v 0.01068872 -0.00482401 -0.02098432
v 0.01071515 -0.00473362 -0.02091213
v 0.01046897 -0.00509297 -0.02064162
v 0.01056841 -0.00487644 -0.02074934
v 0.01047518 -0.00556692 -0.02075841
v 0.01046431 -0.00560587 -0.02064696
v 0.01043238 -0.00534945 -0.02060561
v 0.01057021 -0.00571027 -0.02089515
v 0.01068019 -0.00581949 -0.02102235
v 0.01055628 -0.00575121 -0.02085417
v 0.01067865 -0.00587273 -0.02099567
v 0.01055962 -0.00582230 -0.02075939
v 0.01070336 -0.00596501 -0.02092557
v 0.01075356 -0.00484904 -0.02108449
v 0.01076029 -0.00479315 -0.02106475
v 0.01077412 -0.00467487 -0.02082778
v 0.01047429 -0.00520719 -0.02050054
v 0.01087787 -0.00468667 -0.02109548
v 0.01083651 -0.00475858 -0.02113217
v 0.01060335 -0.00586999 -0.02066016
v 0.01082497 -0.00593845 -0.02114524
v 0.01122868 -0.00466164 -0.02117136
v 0.01113767 -0.00467947 -0.02124047
v 0.01104728 -0.00463762 -0.02113665
v 0.01137636 -0.00588163 -0.02136829
v 0.01137540 -0.00588305 -0.02136723
v 0.01127582 -0.00587235 -0.02142579
v 0.01129377 -0.00598138 -0.02127618
v 0.01120076 -0.00596168 -0.02134205
v 0.01120629 -0.00604896 -0.02117782
v 0.01111582 -0.00602734 -0.02124655
v 0.01117771 -0.00606444 -0.02114553
v 0.01150212 -0.00557322 -0.02150508
v 0.01141484 -0.00550024 -0.02157627
v 0.01151420 -0.00550636 -0.02151735
v 0.01142653 -0.00535764 -0.02158633
v 0.01152459 -0.00527801 -0.02152390
v 0.01141948 -0.00521480 -0.02157493
v 0.01151896 -0.00521257 -0.02151592
v 0.01149279 -0.00507098 -0.02148263
v 0.01135123 -0.00495032 -0.02149059
v 0.01144518 -0.00493237 -0.02142487
v 0.01129264 -0.00483893 -0.02142099
v 0.01138830 -0.00482576 -0.02135732
v 0.01122051 -0.00474752 -0.02133649
v 0.01127079 -0.00469204 -0.02122006
v 0.01094242 -0.00487985 -0.02129981
v 0.01094279 -0.00600129 -0.02119890
v 0.01088249 -0.00590360 -0.02122837
v 0.01086341 -0.00584724 -0.02123150
v 0.01102423 -0.00606659 -0.02114294
v 0.01092725 -0.00581986 -0.02130367
v 0.01095350 -0.00587314 -0.02130865
v 0.01102618 -0.00596552 -0.02129321
v 0.01103876 -0.00571179 -0.02142849
v 0.01107755 -0.00575292 -0.02144756
v 0.01117187 -0.00582436 -0.02145642
v 0.01111484 -0.00554770 -0.02151169
v 0.01114381 -0.00535285 -0.02154036
v 0.01116220 -0.00557038 -0.02154014
v 0.01119442 -0.00535363 -0.02157201
v 0.01127128 -0.00561003 -0.02156518
v 0.01130912 -0.00535553 -0.02160260
v 0.01118721 -0.00488297 -0.02145220
v 0.01127959 -0.00510006 -0.02156287
v 0.01109059 -0.00495115 -0.02144412
v 0.01116928 -0.00513604 -0.02153824
v 0.01105045 -0.00499105 -0.02142546
v 0.01112119 -0.00515726 -0.02151003
v 0.01087945 -0.00485068 -0.02122750
v 0.01097043 -0.00482743 -0.02130430
v 0.01090037 -0.00479499 -0.02122384
v 0.01104610 -0.00473771 -0.02128790
v 0.01096382 -0.00469959 -0.02119340
v 0.01133799 -0.00576268 -0.02149440
v 0.01143510 -0.00577651 -0.02143306
v 0.01138497 -0.00563704 -0.02154526
v 0.01139409 -0.00507722 -0.02154262
v 0.00851059 -0.00143094 -0.01820653
v 0.00845558 -0.00153727 -0.01816471
v 0.00836651 -0.00161321 -0.01807682
v 0.00851835 -0.00114542 -0.01815109
v 0.00853749 -0.00128421 -0.01820567
v 0.00833858 -0.00131408 -0.01798479
v 0.00831550 -0.00103039 -0.01788971
v 0.00837373 -0.00101755 -0.01795311
v 0.00845878 -0.00105062 -0.01805902
v 0.00830818 -0.00162623 -0.01801244
v 0.00822145 -0.00159267 -0.01790641
v 0.00822328 -0.00110671 -0.01780350
v 0.00816603 -0.00121327 -0.01776356
v 0.00813865 -0.00135894 -0.01776465
v 0.00815947 -0.00149763 -0.01781700
v 0.00819946 -0.00102618 -0.01772131
v 0.00820791 -0.00106466 -0.01776703
v 0.00814181 -0.00118280 -0.01772036
v 0.00835633 -0.00185031 -0.01797144
v 0.00823512 -0.00181372 -0.01782610
v 0.00821740 -0.00171403 -0.01788940
v 0.00840856 -0.00086902 -0.01748780
v 0.00848592 -0.00081546 -0.01756009
v 0.00833001 -0.00086586 -0.01757267
v 0.00840454 -0.00081354 -0.01764228
v 0.00833869 -0.00085548 -0.01773219
v 0.00826127 -0.00093715 -0.01751446
v 0.00833404 -0.00094597 -0.01742480
v 0.00827507 -0.00103189 -0.01738088
v 0.00820137 -0.00102473 -0.01746975
v 0.00821203 -0.00096638 -0.01761853
v 0.00821219 -0.00116838 -0.01734381
v 0.00811796 -0.00123440 -0.01742633
v 0.00818865 -0.00124721 -0.01733566
v 0.00809800 -0.00134825 -0.01742907
v 0.00816340 -0.00144904 -0.01735105
v 0.00809387 -0.00146220 -0.01744825
v 0.00816391 -0.00148154 -0.01735827
v 0.00810549 -0.00157175 -0.01748311
v 0.00817614 -0.00159435 -0.01739437
v 0.00834406 -0.00190175 -0.01764051
v 0.00824661 -0.00178898 -0.01751008
v 0.00822587 -0.00183241 -0.01766739
v 0.00817304 -0.00176059 -0.01759469
v 0.00813313 -0.00170255 -0.01769004
v 0.00848018 -0.00195363 -0.01786413
v 0.00850892 -0.00195997 -0.01783917
v 0.00835831 -0.00191687 -0.01783315
v 0.00836670 -0.00191756 -0.01766904
v 0.00828848 -0.00188524 -0.01774788
v 0.00838326 -0.00188763 -0.01794817
v 0.00842535 -0.00192630 -0.01791171
v 0.00822314 -0.00165845 -0.01791212
v 0.00830733 -0.00168405 -0.01801340
v 0.00832190 -0.00177069 -0.01800108
v 0.00850149 -0.00079422 -0.01784069
v 0.00840696 -0.00082743 -0.01780197
v 0.00855100 -0.00077314 -0.01779726
v 0.00848165 -0.00078231 -0.01772088
v 0.00860710 -0.00076857 -0.01774810
v 0.00851888 -0.00079956 -0.01759285
v 0.00863803 -0.00077419 -0.01772102
v 0.00829535 -0.00098676 -0.01784680
v 0.00830121 -0.00093597 -0.01781356
v 0.00808323 -0.00132511 -0.01765950
v 0.00806743 -0.00133435 -0.01754259
v 0.00811615 -0.00113475 -0.01755229
v 0.00807372 -0.00153400 -0.01759076
v 0.00808799 -0.00148714 -0.01769863
v 0.00811201 -0.00146260 -0.01774731
v 0.00834262 -0.00096702 -0.01789558
v 0.00835615 -0.00091312 -0.01787006
v 0.00812249 -0.00116302 -0.01766743
v 0.00810804 -0.00132273 -0.01771346
v 0.00815288 -0.00112511 -0.01744001
v 0.00821224 -0.00171918 -0.01745859
v 0.00813233 -0.00167251 -0.01753255
v 0.00813547 -0.00162387 -0.01777919
v 0.00815272 -0.00158063 -0.01781695
v 0.00841806 -0.00088278 -0.01791397
v 0.00846841 -0.00081916 -0.01786974
v 0.00851540 -0.00162409 -0.01821560
v 0.00848024 -0.00158079 -0.01819312
v 0.00854333 -0.00146283 -0.01824236
v 0.00862593 -0.00193401 -0.01796971
v 0.00849378 -0.00191701 -0.01798897
v 0.00873086 -0.00186364 -0.01807910
v 0.00865741 -0.00191795 -0.01800339
v 0.00863923 -0.00183284 -0.01814263
v 0.00856841 -0.00188553 -0.01806978
v 0.00848330 -0.00181390 -0.01811145
v 0.00870367 -0.00176116 -0.01820456
v 0.00880062 -0.00178582 -0.01814622
v 0.00885533 -0.00169914 -0.01819374
v 0.00875933 -0.00167321 -0.01825286
v 0.00860361 -0.00170290 -0.01823063
v 0.00891352 -0.00156205 -0.01823464
v 0.00883700 -0.00146309 -0.01830109
v 0.00893565 -0.00148279 -0.01824402
v 0.00885631 -0.00134921 -0.01829881
v 0.00896084 -0.00128102 -0.01822849
v 0.00886153 -0.00123538 -0.01827862
v 0.00896082 -0.00124860 -0.01822081
v 0.00885250 -0.00112608 -0.01824145
v 0.00895133 -0.00113631 -0.01818226
v 0.00879888 -0.00083167 -0.01792267
v 0.00888938 -0.00094323 -0.01805918
v 0.00874437 -0.00086652 -0.01804660
v 0.00879300 -0.00093796 -0.01812289
v 0.00868339 -0.00096686 -0.01815802
v 0.00861752 -0.00078254 -0.01787619
v 0.00877740 -0.00081612 -0.01789336
v 0.00868522 -0.00081399 -0.01796321
v 0.00846846 -0.00098686 -0.01804497
v 0.00850207 -0.00093611 -0.01804341
v 0.00858752 -0.00085575 -0.01801676
v 0.00841704 -0.00184201 -0.01803989
v 0.00839593 -0.00165853 -0.01811066
v 0.00841783 -0.00171415 -0.01811974
v 0.00862607 -0.00132544 -0.01828210
v 0.00873973 -0.00133493 -0.01831366
v 0.00869330 -0.00153450 -0.01830212
v 0.00873639 -0.00113534 -0.01826286
v 0.00862325 -0.00116333 -0.01824124
v 0.00857345 -0.00118304 -0.01821504
v 0.00834964 -0.00167822 -0.01806100
v 0.00836421 -0.00173695 -0.01806207
v 0.00858831 -0.00148744 -0.01827296
v 0.00857599 -0.00132298 -0.01825017
v 0.00880433 -0.00157255 -0.01828557
v 0.00892012 -0.00101228 -0.01811369
v 0.00882941 -0.00102565 -0.01818875
v 0.00857999 -0.00102643 -0.01815702
v 0.00853591 -0.00106485 -0.01814268
v 0.00676127 -0.00318807 -0.01642110
v 0.00683640 -0.00302092 -0.01649451
v 0.00696418 -0.00290767 -0.01663146
v 0.00703501 -0.00332802 -0.01674372
v 0.00673936 -0.00339302 -0.01640970
v 0.00678498 -0.00360017 -0.01647396
v 0.00688782 -0.00374279 -0.01659913
v 0.00702258 -0.00379352 -0.01675598
v 0.00710893 -0.00377397 -0.01685409
v 0.00705055 -0.00288825 -0.01672875
v 0.00718399 -0.00293877 -0.01688585
v 0.00723450 -0.00366115 -0.01699239
v 0.00730779 -0.00349486 -0.01706719
v 0.00732945 -0.00328919 -0.01707904
v 0.00728508 -0.00308162 -0.01701320
v 0.00714516 -0.00263770 -0.01635725
v 0.00728941 -0.00260581 -0.01651905
v 0.00725931 -0.00260583 -0.01654536
v 0.00711692 -0.00263233 -0.01649720
v 0.00710457 -0.00265861 -0.01631292
v 0.00693646 -0.00273854 -0.01630119
v 0.00701449 -0.00272682 -0.01621660
v 0.00685846 -0.00282898 -0.01622034
v 0.00693050 -0.00282461 -0.01612969
v 0.00679308 -0.00293996 -0.01615520
v 0.00686658 -0.00293359 -0.01606612
v 0.00679754 -0.00312620 -0.01600251
v 0.00671025 -0.00320515 -0.01608096
v 0.00678118 -0.00320598 -0.01598959
v 0.00669622 -0.00334895 -0.01607462
v 0.00676708 -0.00343068 -0.01598827
v 0.00670151 -0.00349275 -0.01608946
v 0.00677221 -0.00350154 -0.01599834
v 0.00701257 -0.00401512 -0.01629851
v 0.00690105 -0.00388828 -0.01616547
v 0.00689851 -0.00395934 -0.01633816
v 0.00682635 -0.00386888 -0.01625160
v 0.00678344 -0.00381892 -0.01635003
v 0.00721306 -0.00409922 -0.01659068
v 0.00724228 -0.00410280 -0.01656520
v 0.00707192 -0.00406564 -0.01654111
v 0.00706107 -0.00404971 -0.01635544
v 0.00698147 -0.00402584 -0.01643589
v 0.00708418 -0.00400905 -0.01670285
v 0.00711429 -0.00404441 -0.01667668
v 0.00715721 -0.00407745 -0.01663934
v 0.00690325 -0.00381434 -0.01661214
v 0.00704528 -0.00393431 -0.01673657
v 0.00690094 -0.00386810 -0.01658634
v 0.00692440 -0.00396201 -0.01651776
v 0.00705696 -0.00283170 -0.01672296
v 0.00720305 -0.00262059 -0.01659458
v 0.00715780 -0.00264859 -0.01663421
v 0.00704752 -0.00269075 -0.01657367
v 0.00693252 -0.00286777 -0.01658368
v 0.00681807 -0.00297762 -0.01646196
v 0.00693360 -0.00281534 -0.01655461
v 0.00680609 -0.00293752 -0.01641931
v 0.00696289 -0.00272704 -0.01648030
v 0.00681270 -0.00287031 -0.01632159
v 0.00673821 -0.00314415 -0.01638348
v 0.00670588 -0.00334133 -0.01636002
v 0.00671709 -0.00312274 -0.01633210
v 0.00668104 -0.00334204 -0.01630605
v 0.00670782 -0.00308755 -0.01621936
v 0.00666536 -0.00334479 -0.01618883
v 0.00699712 -0.00283994 -0.01665517
v 0.00700552 -0.00278438 -0.01663411
v 0.00702380 -0.00267207 -0.01639463
v 0.00674294 -0.00306698 -0.01610812
v 0.00684144 -0.00377559 -0.01609205
v 0.00679723 -0.00364356 -0.01603484
v 0.00676799 -0.00375792 -0.01617964
v 0.00672575 -0.00363090 -0.01612486
v 0.00669211 -0.00360194 -0.01623463
v 0.00670370 -0.00356123 -0.01634511
v 0.00672617 -0.00353841 -0.01639517
v 0.00678120 -0.00374617 -0.01644348
v 0.00679573 -0.00370470 -0.01648368
v 0.00708224 -0.00275010 -0.01670061
v 0.00712583 -0.00268001 -0.01666226
v 0.00738542 -0.00407078 -0.01672814
v 0.00724234 -0.00406584 -0.01673654
v 0.00751188 -0.00398294 -0.01686965
v 0.00742423 -0.00405049 -0.01677186
v 0.00741872 -0.00396091 -0.01693459
v 0.00733370 -0.00402658 -0.01683976
v 0.00724477 -0.00396267 -0.01688509
v 0.00749427 -0.00387151 -0.01701733
v 0.00759484 -0.00388360 -0.01696051
v 0.00765477 -0.00377816 -0.01702433
v 0.00755741 -0.00376175 -0.01708456
v 0.00739096 -0.00382129 -0.01704650
v 0.00760589 -0.00363599 -0.01713371
v 0.00772342 -0.00357942 -0.01709264
v 0.00773763 -0.00350808 -0.01710482
v 0.00763785 -0.00349903 -0.01716259
v 0.00749266 -0.00360653 -0.01715222
v 0.00765221 -0.00335626 -0.01717019
v 0.00775248 -0.00327820 -0.01710714
v 0.00774843 -0.00321434 -0.01709802
v 0.00764835 -0.00321320 -0.01715600
v 0.00753486 -0.00335139 -0.01718536
v 0.00758754 -0.00294825 -0.01706563
v 0.00768206 -0.00293304 -0.01699983
v 0.00772596 -0.00307277 -0.01706163
v 0.00729619 -0.00263486 -0.01670269
v 0.00747633 -0.00266354 -0.01673901
v 0.00738436 -0.00267683 -0.01680790
v 0.00751649 -0.00269345 -0.01678801
v 0.00746419 -0.00274503 -0.01690599
v 0.00762930 -0.00282761 -0.01693003
v 0.00753277 -0.00283664 -0.01699312
v 0.00733828 -0.00354190 -0.01709681
v 0.00726025 -0.00370649 -0.01701619
v 0.00729810 -0.00374816 -0.01703604
v 0.00716164 -0.00399846 -0.01679124
v 0.00710275 -0.00389916 -0.01681906
v 0.00708459 -0.00384226 -0.01682131
v 0.00714822 -0.00381484 -0.01689300
v 0.00717352 -0.00386866 -0.01689887
v 0.00721262 -0.00281899 -0.01687445
v 0.00729084 -0.00273135 -0.01685621
v 0.00742602 -0.00287725 -0.01702452
v 0.00718327 -0.00287104 -0.01687113
v 0.00712180 -0.00284167 -0.01679811
v 0.00714425 -0.00278633 -0.01679315
v 0.00721058 -0.00269304 -0.01676058
v 0.00738480 -0.00356511 -0.01712584
v 0.00737070 -0.00334635 -0.01712204
v 0.00742082 -0.00334763 -0.01715395
v 0.00740087 -0.00312917 -0.01711581
v 0.00735272 -0.00314992 -0.01708780
v 0.00728702 -0.00298289 -0.01699950
v 0.00762657 -0.00307539 -0.01712071
v 0.00751151 -0.00309514 -0.01714042
v 0.00732791 -0.00294339 -0.01701742
v 0.00845568 -0.00549670 -0.01846040
v 0.00838490 -0.00566703 -0.01838085
v 0.00826184 -0.00577953 -0.01823975
v 0.00817910 -0.00533849 -0.01813746
v 0.00847168 -0.00529806 -0.01847558
v 0.00842275 -0.00509117 -0.01841483
v 0.00831836 -0.00494838 -0.01829078
v 0.00818313 -0.00489742 -0.01813302
v 0.00809747 -0.00491685 -0.01803446
v 0.00817627 -0.00579900 -0.01814087
v 0.00804065 -0.00574802 -0.01798333
v 0.00797370 -0.00502948 -0.01789392
v 0.00790251 -0.00519935 -0.01781511
v 0.00788631 -0.00539878 -0.01779992
v 0.00793571 -0.00560541 -0.01786012
v 0.00827133 -0.00463459 -0.01776927
v 0.00841367 -0.00460259 -0.01793291
v 0.00838454 -0.00460432 -0.01795811
v 0.00824224 -0.00463441 -0.01790916
v 0.00823166 -0.00465556 -0.01772401
v 0.00806630 -0.00474056 -0.01770877
v 0.00814437 -0.00472391 -0.01762508
v 0.00799159 -0.00483092 -0.01762481
v 0.00806400 -0.00482187 -0.01753481
v 0.00792989 -0.00494178 -0.01755625
v 0.00800373 -0.00493100 -0.01746788
v 0.00794076 -0.00512226 -0.01739935
v 0.00785465 -0.00520669 -0.01747498
v 0.00792617 -0.00520371 -0.01738412
v 0.00784413 -0.00535035 -0.01746540
v 0.00791743 -0.00542916 -0.01737796
v 0.00785254 -0.00549400 -0.01747741
v 0.00792400 -0.00549951 -0.01738662
v 0.00817226 -0.00601333 -0.01767965
v 0.00805932 -0.00588644 -0.01754783
v 0.00805704 -0.00596011 -0.01771943
v 0.00798377 -0.00586976 -0.01763381
v 0.00793943 -0.00582224 -0.01773279
v 0.00837323 -0.00609834 -0.01797126
v 0.00840206 -0.00610099 -0.01794635
v 0.00823119 -0.00606628 -0.01792187
v 0.00822099 -0.00604791 -0.01773634
v 0.00814059 -0.00602654 -0.01781670
v 0.00824185 -0.00601192 -0.01808461
v 0.00827296 -0.00604662 -0.01805779
v 0.00831625 -0.00607807 -0.01802043
v 0.00805789 -0.00581965 -0.01799591
v 0.00820158 -0.00593863 -0.01811926
v 0.00805668 -0.00587284 -0.01796919
v 0.00808206 -0.00596500 -0.01789923
v 0.00818781 -0.00484093 -0.01812884
v 0.00832753 -0.00462265 -0.01800745
v 0.00828361 -0.00465282 -0.01804552
v 0.00817449 -0.00469712 -0.01798344
v 0.00806503 -0.00487685 -0.01798774
v 0.00795432 -0.00498620 -0.01786231
v 0.00806464 -0.00482400 -0.01796007
v 0.00794139 -0.00494564 -0.01782059
v 0.00809146 -0.00473331 -0.01788845
v 0.00794654 -0.00487614 -0.01772465
v 0.00787936 -0.00515199 -0.01777920
v 0.00785196 -0.00534836 -0.01775116
v 0.00785793 -0.00513008 -0.01772816
v 0.00782743 -0.00534854 -0.01769697
v 0.00784836 -0.00509272 -0.01761612
v 0.00781248 -0.00534926 -0.01757952
v 0.00812848 -0.00484914 -0.01806043
v 0.00813525 -0.00479316 -0.01804093
v 0.00815096 -0.00467413 -0.01780478
v 0.00788359 -0.00506867 -0.01750561
v 0.00799821 -0.00577395 -0.01747598
v 0.00795173 -0.00564161 -0.01742063
v 0.00792380 -0.00575890 -0.01756325
v 0.00787942 -0.00563201 -0.01751041
v 0.00784455 -0.00560576 -0.01762049
v 0.00785469 -0.00556695 -0.01773186
v 0.00787645 -0.00554469 -0.01778254
v 0.00793536 -0.00575129 -0.01782750
v 0.00794889 -0.00571038 -0.01786853
v 0.00821062 -0.00475847 -0.01810890
v 0.00825207 -0.00468640 -0.01807286
v 0.00840082 -0.00606645 -0.01811828
v 0.00831880 -0.00600133 -0.01817360
v 0.00840101 -0.00596559 -0.01826847
v 0.00853891 -0.00513631 -0.01851617
v 0.00849136 -0.00515757 -0.01848743
v 0.00842139 -0.00499132 -0.01840283
v 0.00854390 -0.00606898 -0.01811034
v 0.00849118 -0.00602721 -0.01822256
v 0.00858236 -0.00604861 -0.01815470
v 0.00857482 -0.00596156 -0.01831883
v 0.00866857 -0.00598100 -0.01825394
v 0.00864859 -0.00587222 -0.01840337
v 0.00874957 -0.00588156 -0.01834674
v 0.00887179 -0.00557826 -0.01848451
v 0.00878456 -0.00550001 -0.01855598
v 0.00888471 -0.00550574 -0.01849838
v 0.00879573 -0.00535737 -0.01856656
v 0.00889430 -0.00527529 -0.01850554
v 0.00878849 -0.00521445 -0.01855550
v 0.00888873 -0.00521174 -0.01849787
v 0.00842073 -0.00463688 -0.01811568
v 0.00860166 -0.00466036 -0.01815213
v 0.00850993 -0.00467876 -0.01822012
v 0.00864277 -0.00469039 -0.01820057
v 0.00859168 -0.00474686 -0.01831665
v 0.00875930 -0.00482460 -0.01833912
v 0.00866289 -0.00483835 -0.01840154
v 0.00881501 -0.00493012 -0.01840630
v 0.00872078 -0.00494981 -0.01847132
v 0.00886268 -0.00507004 -0.01846474
v 0.00823893 -0.00584745 -0.01820576
v 0.00830184 -0.00582010 -0.01827830
v 0.00841149 -0.00571208 -0.01840399
v 0.00848601 -0.00554802 -0.01848807
v 0.00851405 -0.00535319 -0.01851740
v 0.00853294 -0.00557067 -0.01851688
v 0.00845007 -0.00575318 -0.01842330
v 0.00832809 -0.00587334 -0.01828340
v 0.00825811 -0.00590377 -0.01820269
v 0.00846110 -0.00495134 -0.01842198
v 0.00831478 -0.00488004 -0.01827676
v 0.00834254 -0.00482755 -0.01828167
v 0.00825267 -0.00485084 -0.01820414
v 0.00827343 -0.00479506 -0.01820084
v 0.00854428 -0.00582447 -0.01843294
v 0.00856414 -0.00535392 -0.01854954
v 0.00867823 -0.00535561 -0.01858137
v 0.00864161 -0.00561014 -0.01854296
v 0.00864862 -0.00510006 -0.01854211
v 0.00855728 -0.00488287 -0.01843131
v 0.00841804 -0.00473751 -0.01826634
v 0.00833687 -0.00469935 -0.01817134
v 0.00870957 -0.00576252 -0.01847274
v 0.00880744 -0.00577605 -0.01841257
v 0.00876321 -0.00507679 -0.01852337
v 0.00875551 -0.00563686 -0.01852434
v 0.00573142 -0.00161213 -0.01507721
v 0.00567251 -0.00162507 -0.01501400
v 0.00570138 -0.00131297 -0.01498762
v 0.00582154 -0.00153607 -0.01516432
v 0.00587679 -0.00142921 -0.01520601
v 0.00590287 -0.00128226 -0.01520542
v 0.00573476 -0.00101629 -0.01495721
v 0.00582125 -0.00104929 -0.01506146
v 0.00588234 -0.00114382 -0.01515192
v 0.00549841 -0.00135849 -0.01477096
v 0.00552536 -0.00121168 -0.01477012
v 0.00567586 -0.00102909 -0.01489480
v 0.00558262 -0.00110550 -0.01480960
v 0.00558432 -0.00159162 -0.01490986
v 0.00552067 -0.00149686 -0.01482222
v 0.00558073 -0.00182553 -0.01466387
v 0.00552757 -0.00175282 -0.01459363
v 0.00548967 -0.00169586 -0.01469045
v 0.00555825 -0.00102341 -0.01472926
v 0.00556746 -0.00106221 -0.01477444
v 0.00550111 -0.00117923 -0.01472801
v 0.00558272 -0.00165504 -0.01491086
v 0.00584334 -0.00195133 -0.01486132
v 0.00587148 -0.00195742 -0.01483608
v 0.00579368 -0.00194572 -0.01474777
v 0.00576294 -0.00086414 -0.01449366
v 0.00584096 -0.00081104 -0.01456491
v 0.00568576 -0.00086195 -0.01457980
v 0.00576081 -0.00081012 -0.01464834
v 0.00569650 -0.00085300 -0.01473885
v 0.00561657 -0.00093257 -0.01452237
v 0.00568622 -0.00094241 -0.01443017
v 0.00562845 -0.00102563 -0.01438785
v 0.00555629 -0.00101937 -0.01447806
v 0.00556909 -0.00096278 -0.01462693
v 0.00556327 -0.00116621 -0.01434977
v 0.00547237 -0.00122741 -0.01443410
v 0.00554134 -0.00123937 -0.01434204
v 0.00545225 -0.00134057 -0.01443586
v 0.00551583 -0.00144722 -0.01435671
v 0.00544804 -0.00145403 -0.01445360
v 0.00551633 -0.00147257 -0.01436212
v 0.00545967 -0.00156336 -0.01448661
v 0.00552859 -0.00158518 -0.01439632
v 0.00578896 -0.00192428 -0.01491006
v 0.00571413 -0.00191296 -0.01482509
v 0.00570317 -0.00189925 -0.01464041
v 0.00585991 -0.00079164 -0.01484443
v 0.00576527 -0.00082524 -0.01480740
v 0.00590856 -0.00077006 -0.01480062
v 0.00583858 -0.00077918 -0.01472561
v 0.00596425 -0.00076483 -0.01475048
v 0.00587373 -0.00079548 -0.01459669
v 0.00599455 -0.00077004 -0.01472321
v 0.00565532 -0.00098515 -0.01485295
v 0.00566052 -0.00093415 -0.01482006
v 0.00557623 -0.00171019 -0.01488734
v 0.00544154 -0.00131988 -0.01466666
v 0.00542376 -0.00132782 -0.01455006
v 0.00547274 -0.00112963 -0.01456106
v 0.00543000 -0.00152679 -0.01459526
v 0.00544627 -0.00148133 -0.01470339
v 0.00547116 -0.00145750 -0.01475192
v 0.00570291 -0.00096563 -0.01490083
v 0.00571584 -0.00091156 -0.01487554
v 0.00548098 -0.00115896 -0.01467568
v 0.00546720 -0.00131814 -0.01472016
v 0.00550750 -0.00111892 -0.01444830
v 0.00555678 -0.00168915 -0.01444533
v 0.00548665 -0.00166424 -0.01453386
v 0.00549392 -0.00161847 -0.01478065
v 0.00551199 -0.00157587 -0.01481872
v 0.00577787 -0.00088113 -0.01491832
v 0.00582721 -0.00081704 -0.01487388
v 0.00564377 -0.00187966 -0.01474199
v 0.00559220 -0.00180896 -0.01482217
v 0.00567186 -0.00168286 -0.01501469
v 0.00568649 -0.00176943 -0.01500172
v 0.00572068 -0.00184873 -0.01497118
v 0.00574744 -0.00188600 -0.01494724
v 0.00556768 -0.00171699 -0.01446198
v 0.00559947 -0.00178049 -0.01450736
v 0.00588225 -0.00162275 -0.01521388
v 0.00584669 -0.00157955 -0.01519211
v 0.00590987 -0.00146156 -0.01524110
v 0.00598979 -0.00193162 -0.01496442
v 0.00585849 -0.00191495 -0.01498629
v 0.00609668 -0.00186085 -0.01507341
v 0.00602233 -0.00191526 -0.01499838
v 0.00600576 -0.00183064 -0.01513825
v 0.00593414 -0.00188340 -0.01506613
v 0.00584943 -0.00181227 -0.01510931
v 0.00607074 -0.00175888 -0.01519970
v 0.00616707 -0.00178289 -0.01514009
v 0.00622210 -0.00169609 -0.01518750
v 0.00612668 -0.00167084 -0.01524781
v 0.00597083 -0.00170119 -0.01522731
v 0.00628086 -0.00155715 -0.01522888
v 0.00620408 -0.00146054 -0.01529639
v 0.00630226 -0.00147943 -0.01523823
v 0.00622290 -0.00134655 -0.01529463
v 0.00632646 -0.00127556 -0.01522339
v 0.00622738 -0.00123262 -0.01527513
v 0.00632621 -0.00124492 -0.01521631
v 0.00621744 -0.00112322 -0.01523880
v 0.00631577 -0.00113247 -0.01517861
v 0.00615852 -0.00082740 -0.01492254
v 0.00625144 -0.00093913 -0.01505745
v 0.00610575 -0.00086343 -0.01504692
v 0.00615567 -0.00093493 -0.01512218
v 0.00604658 -0.00096477 -0.01515827
v 0.00597624 -0.00077943 -0.01487863
v 0.00613666 -0.00081191 -0.01489366
v 0.00604527 -0.00081088 -0.01496460
v 0.00583050 -0.00098553 -0.01504781
v 0.00586380 -0.00093461 -0.01504615
v 0.00594845 -0.00085362 -0.01501899
v 0.00578231 -0.00184040 -0.01503867
v 0.00576165 -0.00165732 -0.01511056
v 0.00578383 -0.00171284 -0.01511904
v 0.00599241 -0.00132402 -0.01528057
v 0.00610641 -0.00133302 -0.01531077
v 0.00606070 -0.00153268 -0.01529856
v 0.00610158 -0.00113332 -0.01526132
v 0.00598840 -0.00116189 -0.01524080
v 0.00593844 -0.00118173 -0.01521509
v 0.00571479 -0.00167702 -0.01506158
v 0.00572953 -0.00173566 -0.01506214
v 0.00595526 -0.00148606 -0.01527096
v 0.00594201 -0.00132169 -0.01524930
v 0.00617167 -0.00157009 -0.01528057
v 0.00628289 -0.00100752 -0.01511068
v 0.00619326 -0.00102269 -0.01518703
v 0.00594353 -0.00102496 -0.01515807
v 0.00589950 -0.00106353 -0.01514403
v 0.00409365 -0.00318290 -0.01346015
v 0.00416960 -0.00302047 -0.01353022
v 0.00430153 -0.00290713 -0.01366313
v 0.00437565 -0.00332774 -0.01377134
v 0.00407023 -0.00339435 -0.01344798
v 0.00411829 -0.00360088 -0.01351019
v 0.00422494 -0.00374288 -0.01363110
v 0.00436375 -0.00379330 -0.01378264
v 0.00445259 -0.00377381 -0.01387776
v 0.00439048 -0.00288777 -0.01375734
v 0.00452778 -0.00293797 -0.01390940
v 0.00458181 -0.00366089 -0.01401253
v 0.00465549 -0.00349962 -0.01408434
v 0.00467863 -0.00328700 -0.01409718
v 0.00463215 -0.00308013 -0.01403299
v 0.00413686 -0.00293697 -0.01345653
v 0.00415024 -0.00297714 -0.01349853
v 0.00406804 -0.00314372 -0.01342247
v 0.00447351 -0.00263609 -0.01338434
v 0.00462264 -0.00260424 -0.01354151
v 0.00459343 -0.00260439 -0.01356865
v 0.00444959 -0.00263115 -0.01352496
v 0.00433811 -0.00272532 -0.01324762
v 0.00443136 -0.00265708 -0.01334113
v 0.00426303 -0.00273740 -0.01333478
v 0.00435332 -0.00267090 -0.01342539
v 0.00429527 -0.00272622 -0.01351279
v 0.00418239 -0.00282788 -0.01325641
v 0.00425120 -0.00282315 -0.01316331
v 0.00418510 -0.00293219 -0.01310166
v 0.00411485 -0.00293890 -0.01319331
v 0.00414018 -0.00286954 -0.01335900
v 0.00411494 -0.00312063 -0.01304080
v 0.00402955 -0.00320420 -0.01312128
v 0.00409705 -0.00320473 -0.01302735
v 0.00401535 -0.00334807 -0.01311500
v 0.00408306 -0.00343105 -0.01302598
v 0.00402125 -0.00349194 -0.01312918
v 0.00408852 -0.00350046 -0.01303548
v 0.00404678 -0.00363016 -0.01316321
v 0.00411491 -0.00364256 -0.01307058
v 0.00433972 -0.00401451 -0.01332575
v 0.00422345 -0.00388743 -0.01319670
v 0.00422686 -0.00395877 -0.01336915
v 0.00415181 -0.00386827 -0.01328547
v 0.00411230 -0.00381850 -0.01338542
v 0.00454925 -0.00409862 -0.01361083
v 0.00457764 -0.00410212 -0.01358452
v 0.00440663 -0.00406514 -0.01356584
v 0.00438988 -0.00404898 -0.01338072
v 0.00431295 -0.00402531 -0.01346379
v 0.00442376 -0.00400871 -0.01372711
v 0.00445313 -0.00404408 -0.01369991
v 0.00449483 -0.00407696 -0.01366126
v 0.00424032 -0.00381411 -0.01364293
v 0.00438591 -0.00393412 -0.01376218
v 0.00423726 -0.00386785 -0.01361711
v 0.00425854 -0.00396165 -0.01354762
v 0.00439667 -0.00283117 -0.01375156
v 0.00453863 -0.00261940 -0.01361957
v 0.00449472 -0.00264754 -0.01366037
v 0.00438268 -0.00268991 -0.01360334
v 0.00426828 -0.00286726 -0.01361648
v 0.00426841 -0.00281476 -0.01358762
v 0.00400843 -0.00334161 -0.01334665
v 0.00398866 -0.00334418 -0.01323022
v 0.00403203 -0.00308684 -0.01325997
v 0.00401708 -0.00360142 -0.01327413
v 0.00403244 -0.00356086 -0.01338411
v 0.00405655 -0.00353809 -0.01343332
v 0.00433492 -0.00283941 -0.01368580
v 0.00434264 -0.00278379 -0.01366470
v 0.00404520 -0.00312224 -0.01337204
v 0.00403503 -0.00334095 -0.01339959
v 0.00406314 -0.00306599 -0.01314767
v 0.00416155 -0.00377541 -0.01312616
v 0.00409096 -0.00375724 -0.01321600
v 0.00411315 -0.00374587 -0.01347897
v 0.00412893 -0.00370443 -0.01351869
v 0.00442122 -0.00274939 -0.01372871
v 0.00446356 -0.00267917 -0.01368934
v 0.00464649 -0.00374788 -0.01405406
v 0.00460817 -0.00370623 -0.01403543
v 0.00468809 -0.00354158 -0.01411415
v 0.00472541 -0.00407014 -0.01374315
v 0.00458275 -0.00406536 -0.01375579
v 0.00485577 -0.00398222 -0.01388138
v 0.00476552 -0.00404980 -0.01378588
v 0.00476440 -0.00396038 -0.01394886
v 0.00467690 -0.00402608 -0.01385634
v 0.00458928 -0.00396232 -0.01390435
v 0.00484201 -0.00387094 -0.01402971
v 0.00494107 -0.00388281 -0.01397026
v 0.00500258 -0.00377730 -0.01403277
v 0.00490675 -0.00376112 -0.01409549
v 0.00473953 -0.00382089 -0.01406174
v 0.00507134 -0.00358455 -0.01409857
v 0.00498891 -0.00349826 -0.01417209
v 0.00508728 -0.00350706 -0.01411187
v 0.00500339 -0.00335541 -0.01417972
v 0.00510198 -0.00327492 -0.01411426
v 0.00499914 -0.00321228 -0.01416605
v 0.00509776 -0.00321314 -0.01410563
v 0.00497642 -0.00307440 -0.01413177
v 0.00507432 -0.00307148 -0.01407025
v 0.00485721 -0.00269169 -0.01380311
v 0.00497418 -0.00282616 -0.01394195
v 0.00480845 -0.00274389 -0.01392261
v 0.00487935 -0.00283555 -0.01400749
v 0.00477353 -0.00287646 -0.01404158
v 0.00463489 -0.00263368 -0.01372470
v 0.00481598 -0.00266201 -0.01375570
v 0.00472599 -0.00267566 -0.01382708
v 0.00450367 -0.00399813 -0.01381301
v 0.00449306 -0.00381461 -0.01391547
v 0.00451851 -0.00386842 -0.01392043
v 0.00477184 -0.00334719 -0.01416949
v 0.00488651 -0.00335078 -0.01419785
v 0.00484366 -0.00360603 -0.01416515
v 0.00486196 -0.00309443 -0.01415434
v 0.00475086 -0.00312865 -0.01413260
v 0.00470209 -0.00314947 -0.01410590
v 0.00442754 -0.00384205 -0.01384577
v 0.00444562 -0.00389892 -0.01384283
v 0.00473529 -0.00356475 -0.01414179
v 0.00472100 -0.00334596 -0.01413900
v 0.00495636 -0.00363529 -0.01414367
v 0.00502834 -0.00293058 -0.01400944
v 0.00493598 -0.00294720 -0.01407814
v 0.00467539 -0.00294283 -0.01403698
v 0.00463412 -0.00298239 -0.01402013
v 0.00463392 -0.00273053 -0.01387784
v 0.00455636 -0.00281840 -0.01389803
v 0.00452701 -0.00287053 -0.01389542
v 0.00526811 -0.00519638 -0.01481524
v 0.00533990 -0.00502941 -0.01489198
v 0.00546597 -0.00491667 -0.01503021
v 0.00554910 -0.00533851 -0.01513098
v 0.00525101 -0.00539980 -0.01479952
v 0.00530168 -0.00560607 -0.01485865
v 0.00540863 -0.00574826 -0.01497950
v 0.00554636 -0.00579900 -0.01513396
v 0.00563326 -0.00577955 -0.01523118
v 0.00555295 -0.00489726 -0.01512700
v 0.00569000 -0.00494794 -0.01528178
v 0.00575819 -0.00566699 -0.01537026
v 0.00582911 -0.00549995 -0.01544793
v 0.00584594 -0.00529678 -0.01546380
v 0.00579598 -0.00509028 -0.01540382
v 0.00530631 -0.00494553 -0.01481953
v 0.00531996 -0.00498610 -0.01486088
v 0.00524360 -0.00515194 -0.01477918
v 0.00563517 -0.00463396 -0.01476256
v 0.00578011 -0.00460197 -0.01492357
v 0.00575144 -0.00460375 -0.01494920
v 0.00560837 -0.00463398 -0.01490274
v 0.00550548 -0.00472342 -0.01462049
v 0.00559456 -0.00465502 -0.01471785
v 0.00542902 -0.00474021 -0.01470566
v 0.00551536 -0.00467374 -0.01480005
v 0.00545739 -0.00473305 -0.01488466
v 0.00535277 -0.00483060 -0.01462312
v 0.00542337 -0.00482143 -0.01453170
v 0.00536177 -0.00493062 -0.01446586
v 0.00528976 -0.00494151 -0.01455571
v 0.00530967 -0.00487595 -0.01472370
v 0.00529788 -0.00511984 -0.01439892
v 0.00521294 -0.00520651 -0.01447577
v 0.00528249 -0.00520342 -0.01438340
v 0.00520223 -0.00535020 -0.01446626
v 0.00527368 -0.00542967 -0.01437722
v 0.00521089 -0.00549388 -0.01447789
v 0.00528038 -0.00549930 -0.01438560
v 0.00523844 -0.00563191 -0.01451014
v 0.00530883 -0.00564144 -0.01441885
v 0.00553460 -0.00601331 -0.01467316
v 0.00541902 -0.00588631 -0.01454356
v 0.00542006 -0.00596005 -0.01471505
v 0.00534520 -0.00586969 -0.01463103
v 0.00530279 -0.00582222 -0.01473088
v 0.00574053 -0.00609825 -0.01496087
v 0.00576892 -0.00610087 -0.01493553
v 0.00559771 -0.00606623 -0.01491402
v 0.00558426 -0.00604781 -0.01472876
v 0.00550534 -0.00602648 -0.01481060
v 0.00561100 -0.00601189 -0.01507645
v 0.00564170 -0.00604660 -0.01504906
v 0.00568435 -0.00607801 -0.01501102
v 0.00542578 -0.00581966 -0.01499132
v 0.00557132 -0.00593866 -0.01511181
v 0.00542411 -0.00587285 -0.01496463
v 0.00544829 -0.00596498 -0.01489421
v 0.00555755 -0.00484076 -0.01512283
v 0.00569521 -0.00462219 -0.01499949
v 0.00565199 -0.00465238 -0.01503816
v 0.00554192 -0.00469682 -0.01497806
v 0.00543268 -0.00487672 -0.01498411
v 0.00543181 -0.00482383 -0.01495657
v 0.00519020 -0.00534851 -0.01469792
v 0.00517295 -0.00534919 -0.01458095
v 0.00520951 -0.00509260 -0.01461706
v 0.00520583 -0.00560572 -0.01462090
v 0.00521811 -0.00556695 -0.01473194
v 0.00524078 -0.00554469 -0.01478212
v 0.00549723 -0.00484898 -0.01505555
v 0.00550367 -0.00479298 -0.01503606
v 0.00522125 -0.00513002 -0.01472868
v 0.00521572 -0.00534834 -0.01475151
v 0.00524247 -0.00506846 -0.01450594
v 0.00535664 -0.00577417 -0.01447326
v 0.00528387 -0.00575882 -0.01456189
v 0.00530046 -0.00575130 -0.01482561
v 0.00531472 -0.00571040 -0.01486635
v 0.00558004 -0.00475819 -0.01510260
v 0.00562087 -0.00468609 -0.01506603
v 0.00562988 -0.00590571 -0.01519393
v 0.00569011 -0.00600228 -0.01516353
v 0.00591331 -0.00606885 -0.01509723
v 0.00577091 -0.00606664 -0.01510700
v 0.00595240 -0.00604846 -0.01514100
v 0.00594775 -0.00596167 -0.01530489
v 0.00604000 -0.00598084 -0.01523899
v 0.00602260 -0.00587227 -0.01538841
v 0.00612219 -0.00588136 -0.01533074
v 0.00608441 -0.00576251 -0.01545702
v 0.00618087 -0.00577580 -0.01539588
v 0.00624520 -0.00558180 -0.01546626
v 0.00616032 -0.00549983 -0.01553950
v 0.00625909 -0.00550540 -0.01548094
v 0.00617156 -0.00535707 -0.01555009
v 0.00626862 -0.00527351 -0.01548811
v 0.00616416 -0.00521407 -0.01553928
v 0.00626303 -0.00521129 -0.01548070
v 0.00601294 -0.00468953 -0.01518716
v 0.00613159 -0.00482400 -0.01532417
v 0.00596432 -0.00474617 -0.01530380
v 0.00603663 -0.00483771 -0.01538750
v 0.00593210 -0.00488186 -0.01541883
v 0.00579054 -0.00463615 -0.01510567
v 0.00597143 -0.00465971 -0.01513968
v 0.00588125 -0.00467804 -0.01520861
v 0.00590958 -0.00557136 -0.01550480
v 0.00591932 -0.00582511 -0.01541962
v 0.00582535 -0.00575454 -0.01541207
v 0.00577376 -0.00596648 -0.01525715
v 0.00570120 -0.00587515 -0.01527368
v 0.00594119 -0.00535382 -0.01553731
v 0.00605505 -0.00535543 -0.01556670
v 0.00601803 -0.00561041 -0.01552852
v 0.00586279 -0.00602736 -0.01520986
v 0.00613094 -0.00563676 -0.01550812
v 0.00618783 -0.00492879 -0.01539005
v 0.00623657 -0.00506952 -0.01544808
v 0.00609540 -0.00494924 -0.01545635
v 0.00613847 -0.00507631 -0.01550766
v 0.00602490 -0.00509944 -0.01552811
v 0.00591545 -0.00513540 -0.01550447
v 0.00583623 -0.00494976 -0.01541145
v 0.00579056 -0.00473627 -0.01525607
v 0.00571548 -0.00482553 -0.01527284
v 0.00300854 -0.00160974 -0.01216918
v 0.00294705 -0.00162242 -0.01210948
v 0.00297458 -0.00130994 -0.01208320
v 0.00310299 -0.00153358 -0.01225225
v 0.00316029 -0.00142599 -0.01229175
v 0.00318602 -0.00127823 -0.01229026
v 0.00300639 -0.00101287 -0.01205261
v 0.00309744 -0.00104586 -0.01215175
v 0.00316268 -0.00114013 -0.01223840
v 0.00276108 -0.00135635 -0.01187788
v 0.00278776 -0.00120877 -0.01187593
v 0.00294486 -0.00102545 -0.01199357
v 0.00284721 -0.00110190 -0.01191284
v 0.00285415 -0.00158899 -0.01201080
v 0.00278620 -0.00149446 -0.01192735
v 0.00279920 -0.00102102 -0.01158294
v 0.00286072 -0.00093378 -0.01162315
v 0.00282008 -0.00096364 -0.01172904
v 0.00293186 -0.00086235 -0.01167594
v 0.00300951 -0.00080932 -0.01173948
v 0.00295148 -0.00085200 -0.01183246
v 0.00273656 -0.00115925 -0.01178239
v 0.00281523 -0.00102284 -0.01183085
v 0.00310998 -0.00194826 -0.01194663
v 0.00313664 -0.00195418 -0.01192012
v 0.00305480 -0.00194250 -0.01183649
v 0.00292096 -0.00093180 -0.01191503
v 0.00272221 -0.00113104 -0.01166975
v 0.00269793 -0.00132023 -0.01177605
v 0.00267430 -0.00132871 -0.01166208
v 0.00270548 -0.00148124 -0.01181245
v 0.00268401 -0.00152651 -0.01170675
v 0.00274899 -0.00169427 -0.01179767
v 0.00275750 -0.00161775 -0.01188652
v 0.00309044 -0.00077681 -0.01181171
v 0.00317133 -0.00076591 -0.01188993
v 0.00312594 -0.00078741 -0.01193490
v 0.00304759 -0.00087735 -0.01201230
v 0.00309465 -0.00081305 -0.01196585
v 0.00274987 -0.00112064 -0.01155651
v 0.00269322 -0.00145430 -0.01156579
v 0.00269579 -0.00134155 -0.01154783
v 0.00271496 -0.00122888 -0.01154472
v 0.00290447 -0.00187635 -0.01184044
v 0.00283771 -0.00182271 -0.01176659
v 0.00285790 -0.00180647 -0.01192242
v 0.00284515 -0.00170902 -0.01198791
v 0.00296041 -0.00176696 -0.01209580
v 0.00299295 -0.00184605 -0.01206325
v 0.00301855 -0.00188335 -0.01203770
v 0.00297859 -0.00190939 -0.01191897
v 0.00305712 -0.00192071 -0.01199925
v 0.00312779 -0.00079027 -0.01168737
v 0.00325442 -0.00076515 -0.01180743
v 0.00322559 -0.00076011 -0.01183608
v 0.00275674 -0.00147295 -0.01146925
v 0.00275576 -0.00144421 -0.01146322
v 0.00277914 -0.00124079 -0.01144755
v 0.00280262 -0.00116288 -0.01145449
v 0.00286679 -0.00102702 -0.01148755
v 0.00293085 -0.00093741 -0.01152948
v 0.00300495 -0.00086407 -0.01158451
v 0.00277138 -0.00158482 -0.01150257
v 0.00270712 -0.00156282 -0.01159791
v 0.00281345 -0.00171358 -0.01156426
v 0.00273688 -0.00166287 -0.01164319
v 0.00284868 -0.00177860 -0.01160868
v 0.00278103 -0.00175066 -0.01170005
v 0.00295825 -0.00189573 -0.01173383
v 0.00341218 -0.00166425 -0.01232217
v 0.00335530 -0.00175182 -0.01227748
v 0.00325764 -0.00169531 -0.01230917
v 0.00328884 -0.00182361 -0.01222025
v 0.00321522 -0.00187697 -0.01215294
v 0.00313313 -0.00180702 -0.01219923
v 0.00324324 -0.00148237 -0.01235325
v 0.00316902 -0.00161860 -0.01230037
v 0.00333531 -0.00077670 -0.01189215
v 0.00306783 -0.00170948 -0.01221186
v 0.00334875 -0.00152790 -0.01237514
v 0.00328012 -0.00132149 -0.01236153
v 0.00339398 -0.00133026 -0.01238574
v 0.00327452 -0.00116044 -0.01232347
v 0.00338723 -0.00113252 -0.01233857
v 0.00332914 -0.00096480 -0.01224111
v 0.00322702 -0.00102377 -0.01224509
v 0.00313700 -0.00190971 -0.01207828
v 0.00345760 -0.00156437 -0.01235248
v 0.00351191 -0.00123060 -0.01234607
v 0.00350831 -0.00134327 -0.01236480
v 0.00348998 -0.00145597 -0.01236688
v 0.00332055 -0.00081003 -0.01205244
v 0.00338338 -0.00086338 -0.01213019
v 0.00322700 -0.00085264 -0.01210964
v 0.00314384 -0.00093231 -0.01213925
v 0.00324900 -0.00077717 -0.01197125
v 0.00326066 -0.00192878 -0.01204185
v 0.00360934 -0.00124255 -0.01228233
v 0.00360988 -0.00126969 -0.01228843
v 0.00358677 -0.00147467 -0.01230375
v 0.00356522 -0.00155220 -0.01229517
v 0.00350603 -0.00168944 -0.01225692
v 0.00344694 -0.00177980 -0.01221024
v 0.00337784 -0.00185391 -0.01215049
v 0.00359758 -0.00113111 -0.01224645
v 0.00350069 -0.00112228 -0.01231155
v 0.00357067 -0.00102856 -0.01219549
v 0.00347492 -0.00102252 -0.01226256
v 0.00356072 -0.00100241 -0.01217910
v 0.00343543 -0.00093509 -0.01220126
v 0.00352951 -0.00093873 -0.01213168
v 0.00342787 -0.00082270 -0.01199828
v 0.00168532 -0.00375809 -0.01107129
v 0.00162275 -0.00378232 -0.01101408
v 0.00163765 -0.00332483 -0.01100584
v 0.00179503 -0.00366196 -0.01116985
v 0.00187093 -0.00351572 -0.01123449
v 0.00190188 -0.00334182 -0.01125474
v 0.00159115 -0.00288301 -0.01093473
v 0.00165506 -0.00289211 -0.01099473
v 0.00171568 -0.00291843 -0.01105317
v 0.00181815 -0.00301824 -0.01115614
v 0.00188338 -0.00316702 -0.01122715
v 0.00135607 -0.00301202 -0.01072734
v 0.00146864 -0.00291468 -0.01082382
v 0.00127776 -0.00315993 -0.01066551
v 0.00151522 -0.00334014 -0.01089327
v 0.00124650 -0.00333533 -0.01064735
v 0.00156440 -0.00378939 -0.01096021
v 0.00144367 -0.00375697 -0.01084765
v 0.00133690 -0.00365907 -0.01074570
v 0.00126738 -0.00351083 -0.01067547
v 0.00164667 -0.00263076 -0.01055722
v 0.00156456 -0.00265307 -0.01056052
v 0.00137572 -0.00281292 -0.01040137
v 0.00140697 -0.00281722 -0.01035373
v 0.00124390 -0.00305601 -0.01029985
v 0.00126120 -0.00310974 -0.01024297
v 0.00119124 -0.00334449 -0.01027018
v 0.00122569 -0.00342711 -0.01022967
v 0.00122648 -0.00363330 -0.01031636
v 0.00126036 -0.00363732 -0.01027108
v 0.00131150 -0.00377133 -0.01032286
v 0.00134339 -0.00387730 -0.01043190
v 0.00137831 -0.00388279 -0.01038757
v 0.00152234 -0.00403843 -0.01060027
v 0.00150468 -0.00401047 -0.01050682
v 0.00148880 -0.00402118 -0.01064633
v 0.00168533 -0.00407330 -0.01082872
v 0.00172374 -0.00409169 -0.01078715
v 0.00144132 -0.00395745 -0.01073427
v 0.00161962 -0.00400499 -0.01089994
v 0.00143088 -0.00380984 -0.01083080
v 0.00156680 -0.00384631 -0.01095746
v 0.00157708 -0.00390414 -0.01094618
v 0.00131053 -0.00369969 -0.01071622
v 0.00123212 -0.00353288 -0.01063733
v 0.00120856 -0.00333539 -0.01060575
v 0.00124382 -0.00313800 -0.01062610
v 0.00133216 -0.00297154 -0.01069551
v 0.00145906 -0.00286200 -0.01080388
v 0.00180758 -0.00259926 -0.01070307
v 0.00176902 -0.00260107 -0.01074460
v 0.00172950 -0.00261442 -0.01078707
v 0.00159705 -0.00282637 -0.01092866
v 0.00145721 -0.00280939 -0.01077524
v 0.00131574 -0.00293122 -0.01065481
v 0.00121718 -0.00311637 -0.01057778
v 0.00117783 -0.00333591 -0.01055523
v 0.00120413 -0.00355557 -0.01059031
v 0.00129158 -0.00374109 -0.01067793
v 0.00142572 -0.00386360 -0.01080527
v 0.00128310 -0.00381372 -0.01058477
v 0.00117983 -0.00359605 -0.01048204
v 0.00114872 -0.00333831 -0.01044093
v 0.00119523 -0.00308075 -0.01046730
v 0.00131165 -0.00286358 -0.01055752
v 0.00147859 -0.00272071 -0.01069883
v 0.00161087 -0.00276977 -0.01091405
v 0.00131424 -0.00386354 -0.01048192
v 0.00120020 -0.00362481 -0.01036906
v 0.00116584 -0.00334219 -0.01032393
v 0.00121720 -0.00305983 -0.01035289
v 0.00134577 -0.00282185 -0.01045202
v 0.00153000 -0.00266534 -0.01060740
v 0.00165960 -0.00267424 -0.01086202
v 0.00176196 -0.00409848 -0.01074581
v 0.00166894 -0.00283660 -0.01099624
v 0.00225170 -0.00306738 -0.01123481
v 0.00232444 -0.00326972 -0.01123870
v 0.00228205 -0.00335477 -0.01128107
v 0.00229099 -0.00358711 -0.01122322
v 0.00223119 -0.00364089 -0.01124664
v 0.00215325 -0.00387970 -0.01110446
v 0.00210614 -0.00388167 -0.01113768
v 0.00192125 -0.00406682 -0.01089282
v 0.00192467 -0.00404002 -0.01097242
v 0.00182086 -0.00408000 -0.01087684
v 0.00187514 -0.00261596 -0.01084472
v 0.00205999 -0.00268721 -0.01094667
v 0.00197552 -0.00265913 -0.01094247
v 0.00218627 -0.00282228 -0.01107697
v 0.00214451 -0.00282296 -0.01111533
v 0.00224421 -0.00292591 -0.01113981
v 0.00229436 -0.00306802 -0.01119747
v 0.00173711 -0.00286623 -0.01106208
v 0.00185223 -0.00297856 -0.01117819
v 0.00192548 -0.00314599 -0.01125829
v 0.00194623 -0.00334268 -0.01128940
v 0.00191149 -0.00353836 -0.01126654
v 0.00182622 -0.00370292 -0.01119359
v 0.00170287 -0.00381108 -0.01108252
v 0.00163249 -0.00383835 -0.01101806
v 0.00165021 -0.00389529 -0.01101365
v 0.00170566 -0.00399460 -0.01097937
v 0.00178009 -0.00406188 -0.01091625
v 0.00172850 -0.00386495 -0.01108544
v 0.00186562 -0.00374465 -0.01120927
v 0.00196035 -0.00356164 -0.01129065
v 0.00199894 -0.00334401 -0.01131620
v 0.00197591 -0.00312525 -0.01128151
v 0.00189458 -0.00293903 -0.01119214
v 0.00176666 -0.00281411 -0.01106269
v 0.00169084 -0.00278115 -0.01098931
v 0.00179771 -0.00395897 -0.01106396
v 0.00195875 -0.00381779 -0.01121004
v 0.00206985 -0.00360304 -0.01130622
v 0.00211507 -0.00334772 -0.01133650
v 0.00208811 -0.00309110 -0.01129556
v 0.00199282 -0.00287271 -0.01118998
v 0.00184273 -0.00272621 -0.01103717
v 0.00175367 -0.00268758 -0.01095068
v 0.00188144 -0.00402278 -0.01100951
v 0.00205860 -0.00386788 -0.01117072
v 0.00218072 -0.00363232 -0.01127697
v 0.00223039 -0.00335234 -0.01131051
v 0.00220077 -0.00307105 -0.01126535
v 0.00209608 -0.00283175 -0.01114878
v 0.00193108 -0.00267131 -0.01098016
v 0.00183308 -0.00262902 -0.01088477
v 0.00253850 -0.00517257 -0.01192892
v 0.00261018 -0.00502525 -0.01199748
v 0.00271591 -0.00492815 -0.01210100
v 0.00291795 -0.00577897 -0.01231561
v 0.00282651 -0.00579830 -0.01222354
v 0.00277070 -0.00535426 -0.01216253
v 0.00270993 -0.00576629 -0.01210641
v 0.00260561 -0.00566907 -0.01200161
v 0.00253604 -0.00552170 -0.01193116
v 0.00251240 -0.00534712 -0.01190565
v 0.00277643 -0.00490357 -0.01216109
v 0.00287496 -0.00532843 -0.01226702
v 0.00283297 -0.00489633 -0.01221769
v 0.00297689 -0.00494681 -0.01236403
v 0.00304949 -0.00566643 -0.01244800
v 0.00312296 -0.00550308 -0.01252118
v 0.00314137 -0.00529493 -0.01253729
v 0.00308846 -0.00508877 -0.01248003
v 0.00291489 -0.00461692 -0.01194886
v 0.00281399 -0.00465747 -0.01184918
v 0.00289543 -0.00463242 -0.01185003
v 0.00263724 -0.00481773 -0.01167788
v 0.00267052 -0.00481968 -0.01163149
v 0.00251710 -0.00506094 -0.01156472
v 0.00253756 -0.00511537 -0.01150672
v 0.00247329 -0.00534921 -0.01152637
v 0.00251129 -0.00542905 -0.01148560
v 0.00251298 -0.00563755 -0.01156841
v 0.00254884 -0.00564004 -0.01152456
v 0.00260014 -0.00577341 -0.01157596
v 0.00262955 -0.00588101 -0.01168479
v 0.00266640 -0.00588516 -0.01164192
v 0.00280385 -0.00604161 -0.01185833
v 0.00278962 -0.00601245 -0.01176446
v 0.00276811 -0.00602561 -0.01190314
v 0.00295765 -0.00607728 -0.01209306
v 0.00299805 -0.00609447 -0.01205288
v 0.00271590 -0.00596415 -0.01198989
v 0.00288794 -0.00601120 -0.01216239
v 0.00269881 -0.00581885 -0.01208818
v 0.00283007 -0.00585487 -0.01221998
v 0.00284182 -0.00591211 -0.01220827
v 0.00258130 -0.00570945 -0.01197032
v 0.00250289 -0.00554359 -0.01189113
v 0.00247623 -0.00534713 -0.01186248
v 0.00250568 -0.00515068 -0.01188862
v 0.00258646 -0.00498489 -0.01196567
v 0.00270556 -0.00487561 -0.01208206
v 0.00277371 -0.00484795 -0.01214967
v 0.00304905 -0.00460055 -0.01200308
v 0.00300897 -0.00460497 -0.01204294
v 0.00296831 -0.00462093 -0.01208335
v 0.00283735 -0.00483980 -0.01221337
v 0.00277913 -0.00479191 -0.01212998
v 0.00270324 -0.00482268 -0.01205477
v 0.00257052 -0.00494424 -0.01192535
v 0.00248049 -0.00512870 -0.01183973
v 0.00244768 -0.00534724 -0.01181069
v 0.00247740 -0.00556582 -0.01184251
v 0.00256477 -0.00575033 -0.01193054
v 0.00269569 -0.00587204 -0.01206160
v 0.00256163 -0.00582120 -0.01183591
v 0.00245856 -0.00560449 -0.01173258
v 0.00242348 -0.00534779 -0.01169522
v 0.00246221 -0.00509112 -0.01172929
v 0.00256842 -0.00487451 -0.01182979
v 0.00272483 -0.00473176 -0.01198180
v 0.00281420 -0.00469563 -0.01207022
v 0.00284997 -0.00478284 -0.01220089
v 0.00259802 -0.00586860 -0.01173372
v 0.00248431 -0.00563059 -0.01162008
v 0.00244559 -0.00534868 -0.01157903
v 0.00248833 -0.00506682 -0.01161648
v 0.00260553 -0.00482900 -0.01172695
v 0.00277800 -0.00467227 -0.01189420
v 0.00287648 -0.00463262 -0.01199153
v 0.00289758 -0.00468498 -0.01215363
v 0.00303806 -0.00610010 -0.01201310
v 0.00306844 -0.00463526 -0.01218469
v 0.00319064 -0.00606818 -0.01216704
v 0.00304855 -0.00606570 -0.01218465
v 0.00314541 -0.00602649 -0.01228258
v 0.00323199 -0.00604778 -0.01220891
v 0.00323485 -0.00596085 -0.01237324
v 0.00332435 -0.00598018 -0.01230256
v 0.00331354 -0.00587152 -0.01245307
v 0.00341087 -0.00588072 -0.01239041
v 0.00347255 -0.00577516 -0.01245291
v 0.00337841 -0.00576179 -0.01251877
v 0.00321132 -0.00582386 -0.01248915
v 0.00353957 -0.00558334 -0.01252009
v 0.00345795 -0.00549920 -0.01259796
v 0.00355463 -0.00550473 -0.01253474
v 0.00346966 -0.00535648 -0.01260825
v 0.00356447 -0.00527201 -0.01254181
v 0.00346180 -0.00521347 -0.01259805
v 0.00355860 -0.00521053 -0.01253482
v 0.00343478 -0.00507572 -0.01256791
v 0.00353071 -0.00506870 -0.01250368
v 0.00329497 -0.00468831 -0.01225419
v 0.00342016 -0.00482301 -0.01238519
v 0.00325158 -0.00474545 -0.01237337
v 0.00332768 -0.00483705 -0.01245323
v 0.00322418 -0.00488183 -0.01248932
v 0.00325125 -0.00465852 -0.01220898
v 0.00316409 -0.00467725 -0.01228265
v 0.00307543 -0.00473627 -0.01233455
v 0.00298685 -0.00587274 -0.01235443
v 0.00296041 -0.00581948 -0.01235127
v 0.00307735 -0.00571150 -0.01246916
v 0.00305849 -0.00596496 -0.01233445
v 0.00311691 -0.00575260 -0.01248575
v 0.00315654 -0.00554744 -0.01254836
v 0.00323788 -0.00535329 -0.01260514
v 0.00335333 -0.00535489 -0.01262989
v 0.00331469 -0.00560951 -0.01259320
v 0.00332160 -0.00509920 -0.01259333
v 0.00321084 -0.00513556 -0.01257413
v 0.00316183 -0.00515685 -0.01254846
v 0.00320496 -0.00557009 -0.01257401
v 0.00318616 -0.00535256 -0.01257629
v 0.00342718 -0.00563609 -0.01256777
v 0.00347920 -0.00492750 -0.01244799
v 0.00338948 -0.00494863 -0.01251894
v 0.00312785 -0.00495047 -0.01248591
v 0.00308716 -0.00499047 -0.01246931
v 0.00300123 -0.00482652 -0.01235458
v 0.00297330 -0.00487906 -0.01235142
v 0.01253641 -0.00098208 -0.02210273
v 0.01816349 -0.00494759 -0.02623538
v 0.00268738 -0.00453358 -0.01164154
v 0.01697006 -0.00091050 -0.02556606
v 0.01647668 -0.00085164 -0.02536692
v 0.01557474 -0.00074623 -0.02483131
v 0.01468166 -0.00062457 -0.02408059
v 0.01372616 -0.00048555 -0.02311113
v 0.00301534 -0.00002665 -0.01130633
v 0.00289670 -0.00068189 -0.01142753
v 0.00073763 -0.00225340 -0.00970899
v 0.00274928 -0.00232817 -0.01157822
v 0.00066903 -0.00453731 -0.00978365
v 0.00069041 -0.00343974 -0.00975990
v 0.00501796 -0.00453249 -0.01407723
v 0.00748783 -0.00454732 -0.01686292
v 0.00995188 -0.00458829 -0.01971032
v 0.01227038 -0.00466006 -0.02233438
v 0.01332861 -0.00470911 -0.02347605
v 0.01430280 -0.00476295 -0.02446134
v 0.01524897 -0.00480985 -0.02526361
v 0.01574571 -0.00483053 -0.02558659
v 0.01627475 -0.00485119 -0.02585031
v 0.01687110 -0.00293524 -0.02594330
v 0.01631814 -0.00289343 -0.02574172
v 0.01640834 -0.00143224 -0.02552573
v 0.01592792 -0.00138411 -0.02527493
v 0.00508610 -0.00232623 -0.01401580
v 0.00524527 -0.00067957 -0.01387169
v 0.00755967 -0.00235261 -0.01680102
v 0.01002829 -0.00242552 -0.01964614
v 0.01267141 -0.00035812 -0.02198474
v 0.01033070 -0.00016981 -0.01939002
v 0.01019818 -0.00081158 -0.01950241
v 0.01235701 -0.00255339 -0.02225925
v 0.01438673 -0.00273648 -0.02437666
v 0.01341590 -0.00264070 -0.02339558
v 0.01455601 -0.00122478 -0.02420645
v 0.01359361 -0.00109798 -0.02323238
v 0.01546748 -0.00133554 -0.02497278
v 0.00537223 -0.00002442 -0.01375648
v 0.00772472 -0.00071472 -0.01665870
v 0.00785543 -0.00006321 -0.01654601
v 0.00054418 -0.00432669 -0.00962566
v 0.00058256 -0.00284263 -0.00958380
v 0.00049313 -0.00344428 -0.00941677
v 0.00054119 -0.00226226 -0.00936616
v 0.00040061 -0.00405830 -0.00901574
v 0.00049582 -0.00178902 -0.00891626
v 0.00064486 0.00123817 -0.00765480
v 0.00100337 0.00169708 -0.00731913
v 0.00293729 0.00168591 -0.00907909
v 0.01567878 0.00135310 -0.02223435
v 0.01549436 0.00098445 -0.02276611
v 0.01447589 0.00116814 -0.02167923
v 0.01782932 0.00004846 -0.02486628
v -0.00025631 -0.00490878 -0.00849880
v -0.00018153 -0.00242134 -0.00842887
v -0.00013423 -0.00174924 -0.00838461
v -0.00007646 -0.00117024 -0.00833074
v 0.00001336 -0.00054096 -0.00824718
v 0.00024744 0.00039305 -0.00802798
v 0.00015241 0.00008440 -0.00811719
v 0.00257302 0.00114359 -0.00947852
v 0.00057654 0.00112683 -0.00771889
v 0.00036013 0.00069017 -0.00792212
v 0.00502496 0.00115555 -0.01190251
v 0.00768038 0.00113098 -0.01480524
v 0.01036139 0.00102668 -0.01788984
v 0.01513037 0.00049039 -0.02312267
v 0.01409249 0.00066291 -0.02202928
v 0.01292835 0.00081355 -0.02077010
v 0.01604567 0.00033128 -0.02394423
v 0.01688487 0.00020070 -0.02448864
v 0.01709904 0.00067666 -0.02404461
v 0.01762524 0.00091884 -0.02378447
v 0.01791002 0.00052107 -0.02439397
v 0.01845867 0.00040090 -0.02455020
v 0.01666936 0.00113877 -0.02317156
v 0.01672721 0.00112579 -0.02321729
v 0.01636086 0.00081434 -0.02355440
v 0.01701842 0.00105969 -0.02343079
v 0.01730747 0.00099306 -0.02361449
v 0.01643647 0.00119045 -0.02297703
v 0.01332362 0.00132994 -0.02042260
v 0.01358983 0.00169248 -0.01994967
v 0.01420672 0.00160885 -0.02063088
v 0.01005724 0.00198221 -0.01591161
v 0.01116603 0.00191999 -0.01719965
v 0.01076793 0.00156009 -0.01754156
v 0.01240475 0.00182162 -0.01862044
v 0.00825584 0.00204252 -0.01383727
v 0.00808683 0.00167170 -0.01444881
v 0.00617035 0.00206651 -0.01154904
v 0.00541730 0.00169894 -0.01153002
v 0.00580354 0.00206712 -0.01116337
v 0.00421312 0.00206163 -0.00955714
v 0.00329636 0.00205388 -0.00868546
v 0.00136743 0.00203210 -0.00697988
v 0.00261411 0.00204672 -0.00806271
v 0.01917919 0.00144165 -0.02130539
v 0.00483372 0.00251803 -0.00491090
v 0.00531524 0.00254982 -0.00493932
v 0.00583474 0.00254455 -0.00558732
v 0.00135643 0.00203202 -0.00697045
v 0.00371684 0.00244281 -0.00481275
v 0.00871257 0.00254343 -0.00884735
v 0.00728745 0.00254519 -0.00719699
v 0.00764178 0.00269053 -0.00499674
v 0.01440827 0.00236096 -0.01581008
v 0.01238905 0.00248612 -0.01332354
v 0.01848542 0.00165791 -0.02059031
v 0.01776961 0.00184608 -0.01978267
v 0.01619379 0.00214860 -0.01794797
v 0.01987556 0.00119365 -0.02190747
v 0.02218790 0.00129522 -0.02002296
v 0.02171432 0.00154621 -0.01946667
v 0.02161305 0.00159429 -0.01934694
v 0.02098509 0.00185549 -0.01859831
v 0.02058665 0.00199296 -0.01811784
v 0.02030615 0.00207896 -0.01777711
v 0.01880294 0.00242649 -0.01591727
v 0.01932593 0.00232404 -0.01657064
v 0.02022424 0.00210258 -0.01767724
v 0.01793708 0.00256238 -0.01482172
v 0.01710173 0.00265905 -0.01374921
v 0.01005158 0.00253620 -0.01044938
v 0.01483745 0.00279295 -0.01077678
v 0.01635428 0.00272131 -0.01277770
v 0.00931242 0.00277116 -0.00498259
v 0.01049622 0.00281742 -0.00496026
v 0.01262858 0.00281575 -0.00781790
v 0.01296775 0.00281521 -0.00827386
v 0.01992328 0.00236190 -0.01581417
v 0.01853368 0.00259981 -0.01401386
v 0.01702103 0.00274810 -0.01200263
v 0.01524213 0.00230944 -0.00481113
v 0.01564786 0.00224230 -0.00508528
v 0.01497772 0.00254166 -0.00569317
v 0.02616629 -0.00734898 -0.01364799
v 0.02622046 -0.00544539 -0.01383859
v 0.02069001 -0.00734877 -0.00553816
v 0.02170802 -0.00734882 -0.00740339
v 0.02079243 -0.00529350 -0.00586048
v 0.02168487 -0.00531129 -0.00747446
v 0.02176366 -0.00334227 -0.00799610
v 0.02020427 -0.00528521 -0.00466429
v 0.02024141 -0.00599565 -0.00466296
v 0.02054115 -0.00734876 -0.00523037
v 0.02026584 -0.00734874 -0.00466203
v 0.02074240 -0.00238369 -0.00656988
v 0.01990853 -0.00302667 -0.00467383
v 0.02079531 -0.00330501 -0.00630040
v 0.01996072 -0.00328583 -0.00467225
v 0.02013747 -0.00450407 -0.00466658
v 0.01913871 0.00007429 -0.00564597
v 0.01918673 -0.00090823 -0.00469236
v 0.01941163 -0.00067401 -0.00529573
v 0.01949015 -0.00159183 -0.00468521
v 0.01962367 -0.00148737 -0.00499660
v 0.01978010 -0.00235929 -0.00474413
v 0.01880034 0.00075002 -0.00605127
v 0.01835958 0.00033448 -0.00470959
v 0.01881061 -0.00026185 -0.00470044
v 0.01791867 0.00184544 -0.00703690
v 0.01725400 0.00133648 -0.00473972
v 0.01839406 0.00134361 -0.00651431
v 0.01783777 0.00086976 -0.00472176
v 0.01796339 0.00075271 -0.00471850
v 0.01737563 0.00224770 -0.00761882
v 0.01594467 0.00205376 -0.00478651
v 0.01661895 0.00173105 -0.00476244
v 0.01080692 0.00282534 -0.00495263
v 0.01230103 0.00280340 -0.00491015
v 0.01342642 0.00282590 -0.00709700
v 0.01316598 0.00273184 -0.00488245
v 0.01423788 0.00273638 -0.00636312
v 0.01378701 0.00264742 -0.00486164
v 0.01436974 0.00253835 -0.00484161
v 0.02119375 0.00202354 -0.01742032
v 0.02353876 0.00132339 -0.01758556
v 0.02296559 0.00148565 -0.01818380
v 0.02232934 0.00156118 -0.01882637
v 0.02450311 0.00074164 -0.01651900
v 0.02405071 0.00107504 -0.01703079
v 0.02489693 0.00032615 -0.01605108
v 0.02523321 -0.00016764 -0.01562810
v 0.02551426 -0.00073482 -0.01524999
v 0.02574287 -0.00137036 -0.01491615
v 0.02592248 -0.00207000 -0.01462477
v 0.02605668 -0.00282996 -0.01437371
v 0.02614893 -0.00364741 -0.01416056
v 0.01676634 0.00254437 -0.00825979
v 0.01608950 0.00273411 -0.00896103
v 0.01534325 0.00281664 -0.00972402
v 0.02051857 0.00230084 -0.01502914
v 0.01914668 0.00253359 -0.01320155
v 0.02104724 0.00213307 -0.01429641
v 0.01969171 0.00235820 -0.01244544
v 0.02151057 0.00186000 -0.01361496
v 0.02017028 0.00207455 -0.01174429
v 0.02190962 0.00148401 -0.01298408
v 0.02058357 0.00168468 -0.01109708
v 0.02224449 0.00101177 -0.01240421
v 0.02093106 0.00119565 -0.01050419
v 0.02251556 0.00045128 -0.01187571
v 0.02121253 0.00061615 -0.00996576
v 0.02272569 -0.00018904 -0.01139700
v 0.02143073 -0.00004443 -0.00947989
v 0.02287867 -0.00090108 -0.01096577
v 0.02158958 -0.00077704 -0.00904379
v 0.02297915 -0.00167842 -0.01057890
v 0.02169427 -0.00157470 -0.00865378
v 0.02303204 -0.00251537 -0.01023307
v 0.02175035 -0.00243132 -0.00830592
v 0.02304233 -0.00340745 -0.00992485
v 0.02295433 -0.00534134 -0.00940782
v 0.02276256 -0.00734893 -0.00901984
v 0.02180087 0.00196088 -0.01669631
v 0.02234253 0.00179827 -0.01602044
v 0.02282018 0.00153718 -0.01539188
v 0.02323511 0.00117978 -0.01481009
v 0.02358800 0.00073148 -0.01427578
v 0.02387977 0.00019878 -0.01378958
v 0.02411323 -0.00041134 -0.01335051
v 0.02429186 -0.00109207 -0.01295696
v 0.02441981 -0.00183786 -0.01260640
v 0.02450135 -0.00264376 -0.01229616
v 0.02454069 -0.00350584 -0.01202344
v 0.02450883 -0.00538477 -0.01157968
v 0.02378815 -0.00734891 -0.01047876
v 0.01769014 0.00267360 -0.01120429
v 0.01829024 0.00249023 -0.01046542
v 0.01882323 0.00219838 -0.00978465
v 0.01929050 0.00179959 -0.00916092
v 0.01969104 0.00130060 -0.00859451
v 0.02002389 0.00070995 -0.00808564
v 0.02029118 0.00003755 -0.00763219
v 0.02049644 -0.00070694 -0.00723120
v 0.02064489 -0.00151613 -0.00687859
v 0.01230194 -0.01750160 -0.00490902
v 0.01342733 -0.01752425 -0.00709586
v 0.01423878 -0.01743457 -0.00636199
v 0.01880381 -0.01712535 -0.01591618
v 0.01932679 -0.01702284 -0.01656955
v 0.01992414 -0.01706065 -0.01581307
v 0.02030698 -0.01677788 -0.01777604
v 0.02058746 -0.01669180 -0.01811679
v 0.02119459 -0.01672235 -0.01741927
v 0.02614924 -0.01105060 -0.01416014
v 0.02168505 -0.00938637 -0.00747423
v 0.02295450 -0.00935643 -0.00940761
v 0.02024154 -0.00870181 -0.00466280
v 0.02020444 -0.00941227 -0.00466405
v 0.02079261 -0.00940406 -0.00586026
v 0.02622064 -0.00925259 -0.01383837
v 0.02450901 -0.00931311 -0.01157946
v 0.02605709 -0.01186809 -0.01437319
v 0.02592296 -0.01262809 -0.01462418
v 0.02574340 -0.01332778 -0.01491547
v 0.02551484 -0.01396337 -0.01524925
v 0.02523386 -0.01453062 -0.01562728
v 0.02489762 -0.01502449 -0.01605022
v 0.02450384 -0.01544007 -0.01651809
v 0.02405145 -0.01577356 -0.01702985
v 0.02353953 -0.01602202 -0.01758458
v 0.02296636 -0.01618440 -0.01818282
v 0.02233013 -0.01626006 -0.01882536
v 0.02186768 -0.01616910 -0.01964559
v 0.02098589 -0.01655427 -0.01859724
v 0.02161385 -0.01629327 -0.01934594
v 0.02169834 -0.01625325 -0.01944587
v 0.02028084 -0.01678549 -0.01774420
v 0.01796707 -0.01725726 -0.01485772
v 0.01635521 -0.01742004 -0.01277653
v 0.01710261 -0.01735782 -0.01374809
v 0.01853456 -0.01729849 -0.01401274
v 0.01262949 -0.01751427 -0.00781675
v 0.01080783 -0.01752369 -0.00495149
v 0.01049712 -0.01751579 -0.00495913
v 0.01437061 -0.01723637 -0.00484050
v 0.01378791 -0.01734548 -0.00486053
v 0.01316687 -0.01742996 -0.00488133
v 0.01594552 -0.01675163 -0.00478544
v 0.01524301 -0.01700737 -0.00481005
v 0.01564872 -0.01694023 -0.00508421
v 0.01497860 -0.01723972 -0.00569205
v 0.01783850 -0.01556744 -0.00472084
v 0.01839483 -0.01604145 -0.00651334
v 0.01796411 -0.01545039 -0.00471760
v 0.01880105 -0.01544777 -0.00605036
v 0.01836027 -0.01503211 -0.00470872
v 0.01881124 -0.01443574 -0.00469964
v 0.01913936 -0.01477197 -0.00564514
v 0.01941224 -0.01402361 -0.00529498
v 0.01918731 -0.01378933 -0.00469163
v 0.01962419 -0.01321020 -0.00499594
v 0.01949067 -0.01310570 -0.00468457
v 0.01978053 -0.01233824 -0.00474357
v 0.01990892 -0.01167082 -0.00467334
v 0.01296864 -0.01751373 -0.00827274
v 0.01534416 -0.01751512 -0.00972289
v 0.01609040 -0.01743243 -0.00895991
v 0.01676721 -0.01724255 -0.00825869
v 0.01737649 -0.01694576 -0.00761775
v 0.01791948 -0.01654339 -0.00703588
v 0.01661976 -0.01642884 -0.00476142
v 0.01725478 -0.01603421 -0.00473874
v 0.01914755 -0.01723213 -0.01320045
v 0.02051943 -0.01699945 -0.01502806
v 0.01969256 -0.01705659 -0.01244435
v 0.02104809 -0.01683155 -0.01429534
v 0.02017111 -0.01677282 -0.01174323
v 0.02151139 -0.01655837 -0.01361394
v 0.02058437 -0.01638284 -0.01109608
v 0.02191041 -0.01618228 -0.01298309
v 0.02093182 -0.01589372 -0.01050322
v 0.02224524 -0.01570994 -0.01240327
v 0.02121323 -0.01531413 -0.00996488
v 0.02251624 -0.01514936 -0.01187484
v 0.02143138 -0.01465347 -0.00947908
v 0.02272633 -0.01450897 -0.01139620
v 0.02159017 -0.01392081 -0.00904306
v 0.02287924 -0.01379686 -0.01096505
v 0.02169478 -0.01312310 -0.00865313
v 0.02297965 -0.01301948 -0.01057826
v 0.02175079 -0.01226644 -0.00830538
v 0.02303248 -0.01218248 -0.01023253
v 0.02176403 -0.01135545 -0.00799564
v 0.02304268 -0.01129037 -0.00992441
v 0.02180169 -0.01665956 -0.01669526
v 0.02234334 -0.01649683 -0.01601941
v 0.02282096 -0.01623563 -0.01539088
v 0.02323587 -0.01587812 -0.01480916
v 0.02358872 -0.01542974 -0.01427489
v 0.02388044 -0.01489695 -0.01378874
v 0.02411385 -0.01428676 -0.01334974
v 0.02429242 -0.01360598 -0.01295624
v 0.02442029 -0.01286014 -0.01260578
v 0.02450176 -0.01205419 -0.01229563
v 0.02454104 -0.01119208 -0.01202301
v 0.01702192 -0.01744668 -0.01200149
v 0.01769102 -0.01737204 -0.01120317
v 0.01829111 -0.01718853 -0.01046433
v 0.01882408 -0.01689655 -0.00978359
v 0.01929132 -0.01649765 -0.00915988
v 0.01969181 -0.01599856 -0.00859355
v 0.02002460 -0.01540784 -0.00808473
v 0.02029184 -0.01473535 -0.00763136
v 0.02049703 -0.01399081 -0.00723047
v 0.02064542 -0.01318157 -0.00687793
v 0.02074284 -0.01231396 -0.00656933
v 0.02079566 -0.01139261 -0.00629994
v 0.01996109 -0.01141167 -0.00467179
v 0.02013772 -0.01019339 -0.00466626
v 0.01484223 -0.01749144 -0.01078081
v 0.01987627 -0.01589308 -0.02190656
v 0.01848617 -0.01635732 -0.02058935
v 0.01917991 -0.01614108 -0.02130445
v 0.00371771 -0.01714176 -0.00481165
v 0.00135725 -0.01673143 -0.00696939
v 0.00632585 -0.01731289 -0.00497681
v 0.00515963 -0.01723867 -0.00492928
v 0.00583553 -0.01724340 -0.00558627
v 0.00712208 -0.01736004 -0.00499194
v 0.00728826 -0.01724409 -0.00719594
v 0.00931326 -0.01747038 -0.00497937
v 0.00871338 -0.01724239 -0.00884629
v 0.01005239 -0.01723522 -0.01044834
v 0.01440907 -0.01706018 -0.01580905
v 0.01238986 -0.01718525 -0.01332248
v 0.01619458 -0.01684791 -0.01794695
v 0.01777037 -0.01654546 -0.01978168
v 0.00360359 -0.01713403 -0.00479857
v 0.00348953 -0.01712629 -0.00478490
v 0.00203513 -0.01690616 -0.00590975
v 0.00179003 -0.01686488 -0.00609818
v 0.00102849 -0.01672749 -0.00669519
v -0.00069773 -0.00998854 -0.00813781
v -0.00071346 -0.00734987 -0.00815145
v -0.00053097 -0.01335482 -0.00799274
v -0.00063958 -0.01194612 -0.00808736
v -0.00040776 -0.01420233 -0.00788655
v -0.00023542 -0.01489770 -0.00773882
v -0.00001246 -0.01546974 -0.00754974
v 0.00025336 -0.01593548 -0.00732727
v 0.00056613 -0.01632106 -0.00706932
v 0.00071088 0.00176589 -0.00695158
v 0.00102766 0.00202808 -0.00669624
v -0.00017325 0.00038396 -0.00768616
v 0.00006926 0.00093371 -0.00748127
v 0.00033219 0.00134651 -0.00726222
v -0.00036889 -0.00030380 -0.00785341
v -0.00052013 -0.00124596 -0.00798354
v -0.00061679 -0.00234331 -0.00806771
v -0.00068694 -0.00411539 -0.00812849
v 0.00360272 0.00243506 -0.00479967
v 0.00348866 0.00242732 -0.00478598
v 0.00291393 0.00234462 -0.00523998
v 0.00203257 0.00220664 -0.00591212
v 0.01759850 0.00012151 -0.00392769
v 0.00451942 0.00224974 -0.00408594
v 0.00517698 0.00228995 -0.00413056
v 0.00991787 0.00251881 -0.00417276
v 0.00718866 0.00240314 -0.00419273
v 0.00390687 0.00233244 -0.00442758
v 0.00428303 0.00223506 -0.00406585
v 0.01149204 0.00251335 -0.00413441
v 0.01268091 0.00241666 -0.00409848
v 0.01375107 0.00223751 -0.00406275
v 0.01474364 0.00196621 -0.00402826
v 0.01558360 0.00162919 -0.00399880
v 0.01634115 0.00120865 -0.00397190
v 0.01701503 0.00070393 -0.00394814
v 0.01724359 0.00049518 -0.00394012
v 0.01811301 -0.00056556 -0.00390953
v 0.01851311 -0.00128367 -0.00389554
v 0.01884899 -0.00210514 -0.00388419
v 0.01912008 -0.00305153 -0.00387524
v 0.01932467 -0.00415712 -0.00386822
v 0.01946056 -0.00549572 -0.00386360
v 0.01951678 -0.00734872 -0.00386177
v 0.00390773 -0.01703133 -0.00442650
v 0.00428387 -0.01693388 -0.00406479
v 0.00452027 -0.01694852 -0.00408486
v 0.00640272 -0.01705975 -0.00417812
v 0.00901673 -0.01718482 -0.00418668
v 0.00991874 -0.01721715 -0.00417165
v 0.01149982 -0.01721122 -0.00413273
v 0.01274054 -0.01710736 -0.00409500
v 0.01381302 -0.01692202 -0.00405945
v 0.01475149 -0.01666175 -0.00402697
v 0.01564082 -0.01629995 -0.00399581
v 0.01641757 -0.01585671 -0.00396826
v 0.01707365 -0.01535080 -0.00394521
v 0.01763573 -0.01477664 -0.00392558
v 0.01812196 -0.01411904 -0.00390852
v 0.01852816 -0.01338345 -0.00389438
v 0.01886352 -0.01255128 -0.00388313
v 0.01913033 -0.01160332 -0.00387444
v 0.01932032 -0.01057273 -0.00386804
v 0.01945599 -0.00927161 -0.00386355
v 0.01951592 -0.00759664 -0.00386179
v 0.00243380 -0.01571022 -0.00560580
v 0.00203510 -0.01564484 -0.00590965
v 0.00428307 0.00128072 -0.00406580
v 0.00415860 0.00126347 -0.00419089
v 0.00398525 0.00123933 -0.00435594
v 0.00320053 0.00112803 -0.00501702
v 0.00138181 -0.01552993 -0.00641545
v 0.00104190 -0.01517508 -0.00668452
v 0.00079869 -0.01476425 -0.00687990
v 0.00063465 -0.01430931 -0.00701309
v 0.00048747 -0.01360224 -0.00713358
v 0.00036900 -0.01251750 -0.00723126
v 0.00028799 -0.01079648 -0.00729840
v 0.00025514 -0.00753884 -0.00732577
v 0.00025508 -0.00734974 -0.00732583
v 0.00028213 -0.00412752 -0.00730339
v 0.00035276 -0.00240428 -0.00724487
v 0.00047305 -0.00119066 -0.00714568
v 0.00059411 -0.00054271 -0.00704644
v 0.00075770 -0.00002839 -0.00691336
v 0.00096229 0.00036436 -0.00674850
v 0.00203303 0.00094538 -0.00591161
v 0.00138108 0.00083059 -0.00641636
v 0.00126224 0.00072353 -0.00650992
v 0.00428383 -0.01597954 -0.00406483
v 0.00415929 -0.01596231 -0.00418999
v 0.00363040 -0.01588835 -0.00466795
v 0.00286424 -0.01577720 -0.00527759
v 0.00484952 -0.01701102 -0.00340743
v 0.00514742 -0.01705124 -0.00299532
v 0.00461159 -0.01360000 -0.00370316
v 0.00461488 -0.00110000 -0.00369931
v 0.00461487 -0.00195000 -0.00369932
v 0.00514682 -0.00195000 -0.00299611
v 0.00487292 -0.00638799 -0.00337696
v 0.00487292 -0.00445000 -0.00337697
v 0.00415887 -0.00445000 -0.00419054
v 0.00108996 -0.00195000 -0.00664646
v 0.00191690 -0.00195000 -0.00600056
v 0.00191669 -0.00110000 -0.00600073
v 0.00191974 -0.01360000 -0.00599813
v 0.00286493 -0.01360000 -0.00527710
v 0.00191953 -0.01275000 -0.00599831
v 0.00108985 -0.01275000 -0.00664633
v 0.00108988 -0.01025000 -0.00664637
v 0.00286479 -0.01025000 -0.00527730
v 0.00108994 -0.00445000 -0.00664644
v 0.00415913 -0.01025000 -0.00419023
v 0.00487293 -0.01025000 -0.00337698
v 0.00487292 -0.00831200 -0.00337698
v 0.00352862 -0.00445000 -0.00475299
v 0.00352846 -0.01025000 -0.00475300
v 0.00514381 -0.00612047 -0.00300055
v 0.00514712 -0.00858274 -0.00299574
v 0.00561170 -0.00566977 -0.00225298
v 0.00561067 -0.00902921 -0.00225479
v 0.00592719 -0.00538471 -0.00167784
v 0.00592730 -0.00931529 -0.00167774
v 0.00604009 -0.00941149 -0.00145866
v 0.00733287 -0.01025000 0.00142775
v 0.00740721 -0.01025000 0.00160549
v 0.00733287 -0.01016659 0.00142775
v 0.00733279 -0.00453337 0.00142785
v 0.00692076 -0.01000725 0.00045378
v 0.00692062 -0.00469273 0.00045372
v 0.00670238 -0.00988965 -0.00004789
v 0.00670019 -0.00481155 -0.00005263
v 0.00603990 -0.00528856 -0.00145889
v 0.00742135 -0.00445000 0.00163961
v 0.00985247 -0.00073287 0.00755645
v 0.00966933 -0.00007584 0.00710400
v 0.00945032 0.00052834 0.00656413
v 0.00918915 0.00107526 0.00592243
v 0.00742133 -0.00195000 0.00163968
v 0.00888783 0.00154439 0.00518503
v 0.00854334 0.00193050 0.00434585
v 0.00742142 -0.01025000 0.00163949
v 0.00733278 -0.00445000 0.00142785
v 0.01012141 -0.01255470 0.00822285
v 0.01024789 -0.01150999 0.00853790
v 0.01034164 -0.01032039 0.00877126
v 0.01040158 -0.00892852 0.00892088
v 0.00935772 -0.01543922 0.00633547
v 0.00958033 -0.01488839 0.00688363
v 0.00978705 -0.01422121 0.00739391
v 0.00996646 -0.01345427 0.00783802
v 0.01042197 -0.00734841 0.00897229
v 0.01040097 -0.00575152 0.00891954
v 0.01034467 -0.00443143 0.00877911
v 0.01026855 -0.00340811 0.00858976
v 0.01016119 -0.00243310 0.00832241
v 0.01002103 -0.00153006 0.00797405
v 0.00810074 -0.01695663 0.00327252
v 0.00847438 -0.01669085 0.00417739
v 0.00742144 -0.01275000 0.00163942
v 0.00880385 -0.01634978 0.00497911
v 0.00909689 -0.01593324 0.00569537
v 0.00814677 0.00223154 0.00338471
v 0.00773852 0.00242241 0.00240053
v 0.00740684 -0.00195000 0.00160502
v 0.00723149 0.00253275 0.00118662
v 0.00674976 -0.00195000 0.00006012
v 0.00670875 0.00253434 -0.00003292
v 0.00603977 -0.00195000 -0.00145908
v 0.00415871 -0.00110000 -0.00419073
v 0.00487344 0.00231570 -0.00337605
v 0.00514656 0.00235262 -0.00299641
v 0.00542221 0.00238918 -0.00257077
v 0.00561906 -0.00195000 -0.00224010
v 0.00602245 0.00246393 -0.00149349
v 0.00603975 0.00246595 -0.00145943
v 0.00286438 -0.00110000 -0.00527780
v 0.00352882 -0.00110000 -0.00475290
v 0.00461162 -0.01275000 -0.00370314
v 0.00514730 -0.01275000 -0.00299550
v 0.00561723 -0.01275000 -0.00224353
v 0.00415928 -0.01360000 -0.00419002
v 0.00352937 -0.01360000 -0.00475220
v 0.00541317 -0.01708644 -0.00258573
v 0.00601207 -0.01716100 -0.00151443
v 0.00604024 -0.01275000 -0.00145848
v 0.00604063 -0.01716432 -0.00145834
v 0.00675065 -0.01275000 0.00006166
v 0.00670963 -0.01723250 -0.00003180
v 0.00740732 -0.01275000 0.00160563
v 0.00721054 -0.01723286 0.00113584
v 0.00768091 -0.01713945 0.00226107
v 0.00717897 -0.01722944 -0.00062345
v 0.00764898 -0.01722668 -0.00122068
v 0.00847766 -0.01722758 -0.00049574
v 0.00931074 -0.01713050 0.00023307
v 0.01006039 -0.01693458 0.00088888
v 0.01073044 -0.01664411 0.00147505
v 0.01132475 -0.01626339 0.00199497
v 0.01184717 -0.01579669 0.00245199
v 0.01230157 -0.01524834 0.00284950
v 0.01269176 -0.01462263 0.00319084
v 0.01302164 -0.01392386 0.00347942
v 0.01329502 -0.01315636 0.00371857
v 0.01351577 -0.01232441 0.00391167
v 0.01368773 -0.01143232 0.00406210
v 0.01381478 -0.01048439 0.00417321
v 0.01390073 -0.00948491 0.00424840
v 0.01396483 -0.00734851 0.00430443
v 0.00555899 -0.01706695 -0.00312784
v 0.00712901 -0.01719648 -0.00169560
v 0.01934352 -0.00734871 -0.00354857
v 0.01755886 -0.01463673 -0.00362882
v 0.01786505 -0.01393037 -0.00332453
v 0.01811335 -0.01315692 -0.00306991
v 0.01830784 -0.01232124 -0.00286146
v 0.01845312 -0.01142763 -0.00269538
v 0.01855410 -0.01047994 -0.00256754
v 0.01861579 -0.00948183 -0.00247383
v 0.01864050 -0.00734868 -0.00237268
v 0.01348896 -0.01694395 -0.00376001
v 0.01415140 -0.01665901 -0.00318829
v 0.01474284 -0.01628017 -0.00267851
v 0.01526545 -0.01581163 -0.00222866
v 0.01734530 -0.00734863 -0.00040956
v 0.01730106 -0.00948186 -0.00048342
v 0.01721926 -0.01047955 -0.00055233
v 0.01709722 -0.01142637 -0.00065619
v 0.01693011 -0.01231863 -0.00079908
v 0.01671322 -0.01315243 -0.00098497
v 0.01644204 -0.01392360 -0.00121765
v 0.01611252 -0.01462747 -0.00150056
v 0.01572125 -0.01525876 -0.00183672
v 0.01577510 -0.00734857 0.00182642
v 0.01569935 -0.00948284 0.00179307
v 0.01560921 -0.01048101 0.00173071
v 0.01547841 -0.01142796 0.00163289
v 0.01530247 -0.01231976 0.00149580
v 0.01507699 -0.01315240 0.00131571
v 0.01479769 -0.01392166 0.00108894
v 0.01446060 -0.01462306 0.00081205
v 0.01755821 -0.00006087 -0.00362963
v 0.01786446 -0.00076716 -0.00332526
v 0.01348811 0.00224598 -0.00376108
v 0.01415057 0.00196117 -0.00318933
v 0.01005954 0.00223682 0.00088780
v 0.00930988 0.00243261 0.00023197
v 0.00847679 0.00252953 -0.00049684
v 0.00764811 0.00252847 -0.00122179
v 0.01474205 0.00158244 -0.00267952
v 0.01526469 0.00111399 -0.00222961
v 0.01572054 0.00056120 -0.00183761
v 0.01861560 -0.00521554 -0.00247406
v 0.01811284 -0.00154057 -0.00307056
v 0.01830739 -0.00237620 -0.00286203
v 0.01845275 -0.00326979 -0.00269583
v 0.01855381 -0.00421745 -0.00256789
v 0.01611187 -0.00007002 -0.00150137
v 0.01644145 -0.00077382 -0.00121837
v 0.01671271 -0.00154494 -0.00098562
v 0.01692967 -0.00237871 -0.00079964
v 0.01709686 -0.00327093 -0.00065666
v 0.01721898 -0.00421773 -0.00055268
v 0.01730086 -0.00521541 -0.00048367
v 0.01072962 0.00194649 0.00147401
v 0.01132396 0.00156587 0.00199398
v 0.01184643 0.00109928 0.00245105
v 0.01230087 0.00055100 0.00284861
v 0.01445996 -0.00007431 0.00081123
v 0.01269113 -0.00007463 0.00319003
v 0.01479711 -0.00077565 0.00108821
v 0.01302105 -0.00077334 0.00347867
v 0.01507647 -0.00154486 0.00131506
v 0.01329450 -0.00154079 0.00371792
v 0.01530204 -0.00237746 0.00149525
v 0.01351533 -0.00237270 0.00391112
v 0.01547805 -0.00326923 0.00163243
v 0.01368738 -0.00326476 0.00406163
v 0.01560893 -0.00421616 0.00173035
v 0.01381450 -0.00421267 0.00417287
v 0.01569916 -0.00521431 0.00179283
v 0.01390055 -0.00521213 0.00424817
v 0.00717809 0.00253126 -0.00062456
v 0.00711490 0.00249731 -0.00170880
v 0.00554486 0.00236700 -0.00314100
v 0.00096538 -0.01025000 0.00808302
v 0.00096539 -0.01275000 0.00808303
v 0.00043927 -0.01025000 0.00731403
v 0.00043927 -0.01275000 0.00731403
v 0.00036816 -0.01025000 0.00638500
v 0.00036816 -0.01275000 0.00638499
v 0.00077107 -0.01025000 0.00554487
v 0.00077107 -0.01275000 0.00554487
v 0.00154008 -0.01025000 0.00501877
v 0.00154008 -0.01275000 0.00501876
v 0.00246911 -0.01025000 0.00494765
v 0.00246911 -0.01275000 0.00494764
v 0.00330924 -0.01025000 0.00535056
v 0.00330924 -0.01275000 0.00535056
v 0.00378597 -0.01025000 0.00599434
v 0.00378597 -0.01275000 0.00599433
v 0.00393615 -0.01025000 0.00678121
v 0.00393616 -0.01275000 0.00678122
v 0.00373006 -0.01025000 0.00755531
v 0.00373007 -0.01275000 0.00755532
v 0.00320851 -0.01025000 0.00816334
v 0.00320851 -0.01275000 0.00816334
v 0.00247479 -0.01025000 0.00848488
v 0.00247479 -0.01275000 0.00848488
v 0.00167423 -0.01025000 0.00845620
v 0.00167423 -0.01275000 0.00845620
v 0.00117193 -0.01275000 -0.00136624
v 0.00117193 -0.01025000 -0.00136624
v 0.00033180 -0.01275000 -0.00176916
v 0.00033180 -0.01025000 -0.00176915
v -0.00059723 -0.01275000 -0.00169804
v -0.00059723 -0.01025000 -0.00169803
v -0.00136623 -0.01275000 -0.00117192
v -0.00136624 -0.01025000 -0.00117193
v -0.00176916 -0.01275000 -0.00033180
v -0.00176915 -0.01025000 -0.00033180
v -0.00169803 -0.01275000 0.00059724
v -0.00169804 -0.01025000 0.00059723
v -0.00117192 -0.01275000 0.00136623
v -0.00117192 -0.01025000 0.00136623
v -0.00033180 -0.01275000 0.00176916
v -0.00033180 -0.01025000 0.00176916
v 0.00059723 -0.01275000 0.00169804
v 0.00059723 -0.01025000 0.00169804
v 0.00136623 -0.01275000 0.00117192
v 0.00136623 -0.01025000 0.00117192
v 0.00176916 -0.01275000 0.00033180
v 0.00176916 -0.01025000 0.00033180
v 0.00169803 -0.01275000 -0.00059724
v 0.00169803 -0.01025000 -0.00059723
v -0.00020220 -0.01025000 0.00759809
v -0.00020220 -0.01275000 0.00759809
v 0.00030404 -0.01275000 0.00841653
v 0.00030403 -0.01025000 0.00841652
v 0.00108190 -0.01275000 0.00898310
v 0.00108191 -0.01025000 0.00898310
v 0.00201618 -0.01275000 0.00921385
v 0.00201618 -0.01025000 0.00921386
v 0.00296839 -0.01275000 0.00907462
v 0.00296838 -0.01025000 0.00907461
v 0.00379746 -0.01275000 0.00858600
v 0.00379745 -0.01025000 0.00858599
v 0.00438053 -0.01275000 0.00782041
v 0.00438053 -0.01025000 0.00782041
v -0.00339096 -0.01275000 -0.00086680
v -0.00339097 -0.01025000 -0.00086681
v -0.00310508 -0.01025000 -0.00161507
v -0.00310509 -0.01275000 -0.00161507
v -0.00265657 -0.01025000 -0.00227874
v -0.00265657 -0.01275000 -0.00227875
v 0.00296207 -0.01360000 -0.00510404
v 0.00382290 -0.01360000 -0.00436564
v 0.00423115 -0.01360000 -0.00405053
v 0.00382290 -0.01275000 -0.00436563
v 0.00423115 -0.01275000 -0.00405053
v 0.00309173 -0.01025000 -0.00130046
v 0.00385015 -0.01000576 -0.00218463
v 0.00448082 -0.00931417 -0.00291985
v 0.00688331 -0.01025000 0.00195186
v 0.00385015 -0.00469424 -0.00218462
v 0.00309173 -0.00445000 -0.00130046
v 0.00688329 -0.00445000 0.00195186
v 0.00448081 -0.00538582 -0.00291985
v -0.00117192 -0.00445000 0.00136624
v -0.00117193 -0.00195000 0.00136623
v -0.00033179 -0.00445000 0.00176916
v -0.00033180 -0.00195000 0.00176915
v 0.00059723 -0.00445000 0.00169803
v 0.00059723 -0.00195000 0.00169803
v 0.00136623 -0.00445000 0.00117192
v 0.00136624 -0.00195000 0.00117193
v 0.00176916 -0.00445000 0.00033179
v 0.00176916 -0.00195000 0.00033179
v 0.00169803 -0.00445000 -0.00059723
v 0.00169803 -0.00195000 -0.00059723
v 0.00117192 -0.00445000 -0.00136623
v 0.00117193 -0.00195000 -0.00136623
v 0.00033180 -0.00445000 -0.00176915
v 0.00033180 -0.00195000 -0.00176915
v -0.00059723 -0.00445000 -0.00169803
v -0.00059723 -0.00195000 -0.00169803
v -0.00136624 -0.00445000 -0.00117193
v -0.00136623 -0.00195000 -0.00117193
v -0.00176916 -0.00445000 -0.00033179
v -0.00176916 -0.00195000 -0.00033179
v -0.00169803 -0.00445000 0.00059723
v -0.00169803 -0.00195000 0.00059723
v 0.00295115 -0.00195000 0.00576802
v 0.00295115 -0.00445000 0.00576801
v 0.00328221 -0.00195000 0.00621510
v 0.00328220 -0.00445000 0.00621509
v 0.00338651 -0.00195000 0.00676152
v 0.00338650 -0.00445000 0.00676152
v 0.00324339 -0.00195000 0.00729910
v 0.00324339 -0.00445000 0.00729910
v 0.00288120 -0.00195000 0.00772134
v 0.00288120 -0.00445000 0.00772134
v 0.00237167 -0.00195000 0.00794462
v 0.00237167 -0.00445000 0.00794463
v 0.00181572 -0.00195000 0.00792472
v 0.00181572 -0.00445000 0.00792472
v 0.00132347 -0.00195000 0.00766556
v 0.00132347 -0.00445000 0.00766556
v 0.00095812 -0.00195000 0.00713154
v 0.00095811 -0.00445000 0.00713154
v 0.00090873 -0.00195000 0.00648638
v 0.00090873 -0.00445000 0.00648638
v 0.00118853 -0.00195000 0.00590296
v 0.00118853 -0.00445000 0.00590295
v 0.00172257 -0.00195000 0.00553760
v 0.00172257 -0.00445000 0.00553760
v 0.00236772 -0.00195000 0.00548821
v 0.00236772 -0.00445000 0.00548821
v -0.00339098 -0.00445000 -0.00086680
v -0.00020220 -0.00445000 0.00759809
v -0.00339096 -0.00195000 -0.00086680
v -0.00020219 -0.00195000 0.00759809
v 0.00382287 -0.00195000 -0.00436566
v 0.00382288 -0.00110000 -0.00436566
v 0.00423497 -0.00195000 -0.00404703
v 0.00423498 -0.00110000 -0.00404704
v -0.00265657 -0.00445000 -0.00227874
v -0.00265656 -0.00195000 -0.00227874
v -0.00310508 -0.00195000 -0.00161507
v -0.00310508 -0.00445000 -0.00161507
v 0.00030403 -0.00195000 0.00841652
v 0.00050963 -0.00195000 0.00861434
v 0.00438053 -0.00195000 0.00782041
v 0.00379745 -0.00195000 0.00858600
v 0.00296839 -0.00195000 0.00907461
v 0.00201617 -0.00195000 0.00921385
v 0.00108191 -0.00195000 0.00898311
v 0.00438053 -0.00445000 0.00782041
v 0.00379745 -0.00445000 0.00858599
v 0.00296839 -0.00445000 0.00907461
v 0.00201616 -0.00445000 0.00921386
v 0.00108191 -0.00445000 0.00898310
v 0.00050964 -0.00445000 0.00861435
v 0.00030403 -0.00445000 0.00841652
f 1 2 3
f 3 2 4
f 3 4 5
f 5 4 6
f 5 6 7
f 8 9 1
f 1 9 10
f 1 10 2
f 1 11 8
f 8 11 12
f 8 12 13
f 13 12 14
f 13 14 15
f 15 14 16
f 17 18 19
f 14 20 16
f 16 20 17
f 16 17 21
f 21 17 19
f 21 19 22
f 21 22 23
f 23 24 25
f 25 24 26
f 25 26 27
f 21 23 16
f 16 23 25
f 16 25 15
f 15 25 27
f 15 27 13
f 2 10 28
f 28 10 9
f 28 9 27
f 27 9 8
f 27 8 13
f 2 29 4
f 4 29 30
f 4 30 6
f 31 30 32
f 32 30 29
f 32 29 33
f 33 29 2
f 33 2 34
f 34 2 28
f 26 35 27
f 27 35 36
f 27 36 28
f 28 36 37
f 28 37 34
f 34 37 38
f 34 38 33
f 33 38 39
f 33 39 32
f 40 41 42
f 40 42 43
f 43 42 44
f 43 44 45
f 45 44 46
f 46 44 47
f 46 47 48
f 49 50 47
f 47 50 51
f 47 51 48
f 52 53 54
f 54 53 55
f 54 55 49
f 49 55 56
f 49 56 50
f 52 54 57
f 57 54 58
f 57 58 59
f 59 58 60
f 60 58 61
f 60 61 62
f 62 61 23
f 62 23 22
f 24 23 63
f 63 23 61
f 63 61 64
f 64 61 58
f 64 58 65
f 65 58 54
f 65 54 66
f 66 54 49
f 66 49 67
f 67 49 47
f 67 47 68
f 68 47 44
f 68 44 69
f 69 44 42
f 69 42 70
f 70 42 41
f 70 41 71
f 62 22 72
f 72 22 19
f 18 73 19
f 19 73 74
f 19 74 72
f 62 72 60
f 60 72 75
f 60 75 59
f 75 76 59
f 59 76 77
f 59 77 57
f 57 77 78
f 57 78 52
f 52 78 53
f 53 78 79
f 53 79 55
f 55 79 56
f 56 79 80
f 56 80 50
f 50 80 51
f 51 80 81
f 51 81 48
f 48 81 82
f 48 82 46
f 46 82 83
f 46 83 45
f 83 84 45
f 45 84 85
f 45 85 43
f 43 85 86
f 43 86 40
f 40 86 87
f 40 87 88
f 89 90 91
f 91 90 92
f 91 92 93
f 91 94 95
f 95 94 96
f 95 96 97
f 97 96 98
f 97 99 95
f 95 99 100
f 95 100 91
f 91 100 101
f 91 101 89
f 91 93 102
f 102 93 103
f 103 104 102
f 102 104 105
f 102 105 106
f 106 107 102
f 102 107 108
f 102 108 91
f 91 108 109
f 110 111 112
f 113 114 115
f 116 110 117
f 117 110 112
f 117 112 118
f 119 120 121
f 113 122 123
f 123 122 124
f 123 124 125
f 125 124 126
f 125 126 127
f 127 126 128
f 127 128 129
f 129 128 130
f 129 130 118
f 118 130 121
f 118 121 117
f 117 121 120
f 117 120 116
f 131 132 119
f 107 106 132
f 132 131 107
f 107 131 133
f 107 133 108
f 133 134 108
f 108 134 135
f 108 135 109
f 136 91 137
f 137 91 109
f 137 109 138
f 138 109 135
f 119 139 131
f 131 139 140
f 131 140 133
f 133 140 141
f 133 141 134
f 134 141 142
f 134 142 135
f 135 142 143
f 135 143 138
f 138 143 144
f 138 144 137
f 137 144 145
f 137 145 136
f 113 115 122
f 122 115 146
f 122 146 147
f 119 121 139
f 139 121 130
f 139 130 140
f 140 130 128
f 140 128 141
f 141 128 126
f 141 126 142
f 142 126 124
f 142 124 143
f 143 124 122
f 143 122 144
f 144 122 147
f 144 147 145
f 148 149 150
f 151 152 153
f 153 152 154
f 155 156 157
f 114 156 115
f 115 156 155
f 115 155 146
f 146 155 147
f 96 158 98
f 98 158 159
f 98 159 97
f 160 148 161
f 161 148 162
f 150 163 164
f 164 163 165
f 164 165 166
f 166 165 167
f 166 167 168
f 169 170 171
f 171 170 172
f 171 172 173
f 145 172 136
f 136 172 170
f 136 170 91
f 91 170 169
f 91 169 94
f 148 150 162
f 162 150 164
f 162 164 174
f 174 164 166
f 174 166 175
f 175 166 168
f 175 168 176
f 149 159 150
f 150 159 158
f 150 158 163
f 163 158 96
f 163 96 165
f 165 96 94
f 165 94 167
f 167 94 169
f 167 169 168
f 168 169 171
f 168 171 176
f 176 171 173
f 145 147 172
f 172 147 155
f 172 155 173
f 173 155 157
f 173 157 176
f 176 157 177
f 176 177 175
f 175 177 178
f 175 178 174
f 174 178 179
f 174 179 162
f 162 179 154
f 162 154 161
f 161 154 152
f 161 152 160
f 180 181 182
f 182 181 183
f 182 183 184
f 184 183 185
f 184 185 186
f 186 185 187
f 186 187 188
f 188 187 189
f 188 189 190
f 190 189 191
f 190 191 192
f 152 151 193
f 193 151 194
f 193 194 195
f 149 148 195
f 195 148 193
f 193 148 160
f 193 160 152
f 195 196 149
f 149 196 197
f 149 197 159
f 159 197 99
f 159 99 97
f 93 92 198
f 198 92 199
f 198 199 200
f 200 199 201
f 181 202 203
f 203 202 201
f 201 199 203
f 203 199 204
f 203 204 205
f 205 204 206
f 205 206 207
f 207 206 208
f 207 208 209
f 209 208 210
f 209 210 211
f 181 203 183
f 183 203 205
f 183 205 185
f 185 205 207
f 185 207 187
f 187 207 209
f 187 209 189
f 189 209 211
f 189 211 191
f 92 90 199
f 199 90 89
f 199 89 204
f 204 89 101
f 204 101 206
f 206 101 100
f 206 100 208
f 208 100 99
f 208 99 210
f 210 99 197
f 210 197 211
f 211 197 196
f 211 196 191
f 191 196 195
f 191 195 192
f 192 195 194
f 212 213 214
f 214 213 215
f 214 215 216
f 216 215 217
f 216 217 218
f 218 217 219
f 218 219 220
f 220 219 221
f 220 221 222
f 180 223 181
f 181 223 224
f 181 224 202
f 93 198 225
f 225 198 200
f 225 200 201
f 93 225 103
f 103 225 226
f 103 226 104
f 227 105 228
f 228 105 104
f 228 104 229
f 229 104 226
f 230 119 132
f 110 116 231
f 231 116 120
f 120 213 231
f 231 213 212
f 231 212 110
f 110 212 232
f 110 232 111
f 106 105 132
f 132 105 227
f 132 227 230
f 230 227 228
f 230 228 233
f 233 228 229
f 233 229 234
f 234 229 226
f 234 226 235
f 235 226 225
f 235 225 224
f 224 225 201
f 224 201 202
f 180 222 223
f 223 222 221
f 223 221 224
f 224 221 219
f 224 219 235
f 235 219 217
f 235 217 234
f 234 217 215
f 234 215 233
f 233 215 213
f 233 213 230
f 230 213 120
f 230 120 119
f 236 237 238
f 239 240 238
f 238 240 241
f 238 241 236
f 242 239 243
f 243 239 238
f 243 238 244
f 244 238 237
f 244 237 245
f 241 240 246
f 246 240 247
f 247 248 246
f 246 248 249
f 246 249 250
f 250 251 246
f 246 251 252
f 246 252 241
f 241 252 253
f 254 255 256
f 257 258 259
f 260 261 262
f 262 261 263
f 264 265 266
f 266 265 267
f 266 267 268
f 268 267 269
f 268 269 270
f 270 269 271
f 270 271 272
f 271 273 272
f 272 273 274
f 272 274 275
f 251 250 274
f 274 250 275
f 276 277 278
f 278 277 279
f 277 280 279
f 279 280 281
f 279 281 282
f 282 281 259
f 282 259 260
f 260 259 258
f 260 258 261
f 252 251 283
f 283 251 274
f 283 274 284
f 284 274 273
f 284 273 285
f 285 273 271
f 285 271 286
f 286 271 269
f 286 269 287
f 287 269 267
f 287 267 288
f 288 267 265
f 288 289 287
f 287 289 290
f 287 290 286
f 286 290 291
f 286 291 285
f 285 291 292
f 285 292 284
f 284 292 256
f 284 256 283
f 283 256 255
f 283 255 252
f 252 255 254
f 252 254 253
f 289 257 290
f 290 257 259
f 290 259 291
f 291 259 281
f 291 281 292
f 292 281 280
f 292 280 256
f 256 280 277
f 256 277 254
f 254 277 276
f 254 276 253
f 253 276 278
f 253 278 241
f 293 294 295
f 296 297 298
f 296 298 299
f 293 295 300
f 301 279 302
f 302 279 282
f 302 282 303
f 303 282 260
f 303 260 304
f 304 260 262
f 304 262 305
f 305 262 263
f 236 241 278
f 278 306 236
f 236 306 307
f 236 307 237
f 308 245 237
f 309 310 311
f 298 312 299
f 299 312 313
f 299 313 314
f 314 313 310
f 314 310 315
f 315 310 309
f 278 279 306
f 306 279 301
f 306 301 307
f 307 301 316
f 307 316 237
f 237 316 317
f 237 317 308
f 309 318 315
f 315 318 319
f 315 319 314
f 314 319 320
f 314 320 299
f 299 320 295
f 299 295 296
f 296 295 294
f 318 321 319
f 319 321 322
f 319 322 320
f 320 322 323
f 320 323 295
f 295 323 324
f 295 324 300
f 300 324 325
f 244 245 311
f 311 245 308
f 311 308 309
f 309 308 317
f 309 317 318
f 318 317 316
f 318 316 321
f 321 316 301
f 321 301 322
f 322 301 302
f 322 302 323
f 323 302 303
f 323 303 324
f 324 303 304
f 324 304 325
f 325 304 305
f 326 327 328
f 326 328 329
f 297 330 298
f 298 330 331
f 298 331 312
f 312 331 332
f 312 332 313
f 313 332 333
f 313 333 310
f 310 333 334
f 310 334 311
f 244 335 243
f 243 335 336
f 243 336 242
f 337 239 242
f 338 339 340
f 340 339 341
f 340 341 342
f 342 341 343
f 342 343 344
f 344 343 345
f 344 345 346
f 244 311 335
f 335 311 334
f 335 334 336
f 336 334 347
f 336 347 242
f 242 347 348
f 242 348 337
f 346 349 344
f 344 349 350
f 344 350 342
f 342 350 351
f 342 351 340
f 340 351 328
f 340 328 338
f 338 328 327
f 349 352 350
f 350 352 353
f 350 353 351
f 351 353 354
f 351 354 328
f 328 354 355
f 328 355 329
f 329 355 356
f 240 239 345
f 345 239 337
f 345 337 346
f 346 337 348
f 346 348 349
f 349 348 347
f 349 347 352
f 352 347 334
f 352 334 353
f 353 334 333
f 353 333 354
f 354 333 332
f 354 332 355
f 355 332 331
f 355 331 356
f 356 331 330
f 357 358 359
f 360 275 250
f 361 264 266
f 361 266 362
f 362 266 363
f 362 363 364
f 365 341 366
f 366 341 339
f 365 367 341
f 341 367 368
f 341 368 343
f 343 368 369
f 343 369 345
f 369 370 345
f 345 370 247
f 345 247 240
f 275 360 371
f 275 371 272
f 266 268 363
f 363 268 270
f 363 270 372
f 372 270 272
f 372 272 373
f 373 272 371
f 248 247 374
f 374 247 370
f 374 370 375
f 375 370 369
f 375 369 376
f 376 369 368
f 376 368 377
f 377 368 367
f 377 367 378
f 378 367 365
f 378 365 379
f 379 365 366
f 379 380 378
f 378 380 381
f 378 381 377
f 377 381 382
f 377 382 376
f 376 382 383
f 376 383 375
f 375 383 359
f 375 359 374
f 374 359 358
f 374 358 248
f 248 358 357
f 248 357 249
f 250 249 360
f 360 249 357
f 360 357 371
f 371 357 359
f 371 359 373
f 373 359 383
f 373 383 372
f 372 383 382
f 372 382 363
f 363 382 381
f 363 381 364
f 364 381 380
f 384 385 386
f 387 388 386
f 386 388 389
f 386 389 384
f 390 387 391
f 391 387 386
f 391 386 392
f 392 386 385
f 392 385 393
f 389 388 394
f 394 388 395
f 395 396 394
f 394 396 397
f 394 397 398
f 398 399 394
f 394 399 400
f 394 400 389
f 389 400 401
f 402 403 404
f 405 406 407
f 408 409 410
f 410 409 411
f 412 413 414
f 414 413 415
f 414 415 416
f 416 415 417
f 416 417 418
f 418 417 419
f 418 419 420
f 419 421 420
f 420 421 422
f 420 422 423
f 399 398 422
f 422 398 423
f 424 425 426
f 426 425 427
f 425 428 427
f 427 428 429
f 427 429 430
f 430 429 407
f 430 407 408
f 408 407 406
f 408 406 409
f 400 399 431
f 431 399 422
f 431 422 432
f 432 422 421
f 432 421 433
f 433 421 419
f 433 419 434
f 434 419 417
f 434 417 435
f 435 417 415
f 435 415 436
f 436 415 413
f 436 437 435
f 435 437 438
f 435 438 434
f 434 438 439
f 434 439 433
f 433 439 440
f 433 440 432
f 432 440 404
f 432 404 431
f 431 404 403
f 431 403 400
f 400 403 402
f 400 402 401
f 437 405 438
f 438 405 407
f 438 407 439
f 439 407 429
f 439 429 440
f 440 429 428
f 440 428 404
f 404 428 425
f 404 425 402
f 402 425 424
f 402 424 401
f 401 424 426
f 401 426 389
f 441 442 443
f 444 445 446
f 444 446 447
f 441 443 448
f 449 427 450
f 450 427 430
f 450 430 451
f 451 430 408
f 451 408 452
f 452 408 410
f 452 410 453
f 453 410 411
f 384 389 426
f 426 454 384
f 384 454 455
f 384 455 385
f 456 393 385
f 457 458 459
f 446 460 447
f 447 460 461
f 447 461 462
f 462 461 458
f 462 458 463
f 463 458 457
f 426 427 454
f 454 427 449
f 454 449 455
f 455 449 464
f 455 464 385
f 385 464 465
f 385 465 456
f 457 466 463
f 463 466 467
f 463 467 462
f 462 467 468
f 462 468 447
f 447 468 443
f 447 443 444
f 444 443 442
f 466 469 467
f 467 469 470
f 467 470 468
f 468 470 471
f 468 471 443
f 443 471 472
f 443 472 448
f 448 472 473
f 392 393 459
f 459 393 456
f 459 456 457
f 457 456 465
f 457 465 466
f 466 465 464
f 466 464 469
f 469 464 449
f 469 449 470
f 470 449 450
f 470 450 471
f 471 450 451
f 471 451 472
f 472 451 452
f 472 452 473
f 473 452 453
f 474 475 476
f 474 476 477
f 478 479 480
f 445 479 446
f 446 479 478
f 446 478 460
f 460 478 481
f 460 481 461
f 461 481 482
f 461 482 458
f 458 482 483
f 458 483 459
f 392 484 391
f 391 484 485
f 391 485 390
f 486 387 390
f 487 488 489
f 489 488 490
f 489 490 491
f 491 490 492
f 491 492 493
f 493 492 494
f 493 494 495
f 392 459 484
f 484 459 483
f 484 483 485
f 485 483 496
f 485 496 390
f 390 496 497
f 390 497 486
f 495 498 493
f 493 498 499
f 493 499 491
f 491 499 500
f 491 500 489
f 489 500 476
f 489 476 487
f 487 476 475
f 498 501 499
f 499 501 502
f 499 502 500
f 500 502 503
f 500 503 476
f 476 503 504
f 476 504 477
f 477 504 505
f 388 387 494
f 494 387 486
f 494 486 495
f 495 486 497
f 495 497 498
f 498 497 496
f 498 496 501
f 501 496 483
f 501 483 502
f 502 483 482
f 502 482 503
f 503 482 481
f 503 481 504
f 504 481 478
f 504 478 505
f 505 478 480
f 506 507 508
f 509 423 398
f 510 511 512
f 512 511 513
f 512 513 414
f 414 513 514
f 414 514 412
f 515 490 516
f 516 490 488
f 515 517 490
f 490 517 518
f 490 518 492
f 492 518 519
f 492 519 494
f 519 520 494
f 494 520 395
f 494 395 388
f 423 509 521
f 423 521 420
f 414 416 512
f 512 416 418
f 512 418 522
f 522 418 420
f 522 420 523
f 523 420 521
f 396 395 524
f 524 395 520
f 524 520 525
f 525 520 519
f 525 519 526
f 526 519 518
f 526 518 527
f 527 518 517
f 527 517 528
f 528 517 515
f 528 515 529
f 529 515 516
f 529 530 528
f 528 530 531
f 528 531 527
f 527 531 532
f 527 532 526
f 526 532 533
f 526 533 525
f 525 533 508
f 525 508 524
f 524 508 507
f 524 507 396
f 396 507 506
f 396 506 397
f 398 397 509
f 509 397 506
f 509 506 521
f 521 506 508
f 521 508 523
f 523 508 533
f 523 533 522
f 522 533 532
f 522 532 512
f 512 532 531
f 512 531 510
f 510 531 530
f 534 535 536
f 537 534 538
f 538 534 536
f 538 536 539
f 536 540 541
f 539 536 542
f 542 536 541
f 542 541 543
f 536 544 545
f 545 546 536
f 536 546 547
f 536 547 540
f 536 535 548
f 548 549 536
f 536 549 550
f 536 550 544
f 551 552 553
f 554 555 556
f 556 555 557
f 558 559 560
f 560 559 561
f 560 561 562
f 562 561 563
f 562 563 564
f 564 563 565
f 564 565 566
f 566 565 567
f 566 567 568
f 568 567 545
f 568 545 544
f 569 570 571
f 571 570 572
f 571 572 573
f 573 572 553
f 573 553 554
f 554 553 552
f 554 552 555
f 546 545 574
f 574 545 567
f 574 567 575
f 575 567 565
f 575 565 576
f 576 565 563
f 576 563 577
f 577 563 561
f 577 561 578
f 578 561 559
f 547 546 579
f 579 546 574
f 579 574 580
f 580 574 575
f 580 575 581
f 581 575 576
f 581 576 582
f 582 576 577
f 582 577 583
f 583 577 578
f 583 551 582
f 582 551 553
f 582 553 581
f 581 553 572
f 581 572 580
f 580 572 570
f 580 570 579
f 579 570 569
f 579 569 547
f 547 569 571
f 547 571 540
f 584 585 586
f 584 586 587
f 587 586 588
f 587 588 589
f 541 540 590
f 590 540 571
f 590 571 591
f 591 571 573
f 591 573 592
f 592 573 554
f 592 554 593
f 593 554 556
f 593 556 594
f 594 556 557
f 586 595 588
f 588 595 596
f 588 596 597
f 597 596 598
f 597 598 599
f 599 598 600
f 600 601 599
f 599 601 602
f 599 602 597
f 597 602 603
f 597 603 588
f 588 603 604
f 588 604 589
f 589 604 605
f 601 606 602
f 602 606 607
f 602 607 603
f 603 607 608
f 603 608 604
f 604 608 609
f 604 609 605
f 605 609 610
f 594 610 593
f 593 610 609
f 593 609 592
f 592 609 608
f 592 608 591
f 591 608 607
f 591 607 590
f 590 607 606
f 590 606 541
f 541 606 601
f 541 601 543
f 543 601 600
f 543 600 542
f 542 600 598
f 542 598 539
f 611 612 613
f 611 613 614
f 586 585 615
f 586 615 595
f 616 598 617
f 617 598 596
f 617 596 618
f 618 596 595
f 618 595 619
f 619 595 615
f 619 615 620
f 539 621 538
f 538 621 622
f 538 622 537
f 623 534 537
f 624 625 626
f 626 625 627
f 626 627 628
f 628 627 629
f 628 629 630
f 630 629 631
f 630 631 632
f 539 598 621
f 621 598 616
f 621 616 622
f 622 616 633
f 622 633 537
f 537 633 634
f 537 634 623
f 632 635 630
f 630 635 636
f 630 636 628
f 628 636 637
f 628 637 626
f 626 637 613
f 626 613 624
f 624 613 612
f 635 638 636
f 636 638 639
f 636 639 637
f 637 639 640
f 637 640 613
f 613 640 641
f 613 641 614
f 614 641 642
f 535 534 631
f 631 534 623
f 631 623 632
f 632 623 634
f 632 634 635
f 635 634 633
f 635 633 638
f 638 633 616
f 638 616 639
f 639 616 617
f 639 617 640
f 640 617 618
f 640 618 641
f 641 618 619
f 641 619 642
f 642 619 620
f 643 644 645
f 646 647 648
f 648 647 649
f 562 650 560
f 560 650 558
f 651 627 652
f 652 627 625
f 651 653 627
f 627 653 654
f 627 654 629
f 629 654 655
f 629 655 631
f 655 656 631
f 631 656 548
f 631 548 535
f 657 658 568
f 568 658 566
f 658 659 566
f 566 659 660
f 566 660 564
f 564 660 648
f 564 648 562
f 562 648 649
f 562 649 650
f 549 548 661
f 661 548 656
f 661 656 662
f 662 656 655
f 662 655 663
f 663 655 654
f 663 654 664
f 664 654 653
f 664 653 665
f 665 653 651
f 665 651 666
f 666 651 652
f 666 667 665
f 665 667 668
f 665 668 664
f 664 668 669
f 664 669 663
f 663 669 670
f 663 670 662
f 662 670 645
f 662 645 661
f 661 645 644
f 661 644 549
f 549 644 643
f 549 643 550
f 667 646 668
f 668 646 648
f 668 648 669
f 669 648 660
f 669 660 670
f 670 660 659
f 670 659 645
f 645 659 658
f 645 658 643
f 643 658 657
f 643 657 550
f 550 657 568
f 550 568 544
f 671 672 673
f 674 671 675
f 675 671 673
f 675 673 676
f 673 677 678
f 676 673 679
f 679 673 678
f 679 678 680
f 673 681 682
f 682 683 673
f 673 683 684
f 673 684 677
f 673 672 685
f 685 686 673
f 673 686 687
f 673 687 681
f 688 689 690
f 691 692 693
f 693 692 694
f 695 696 697
f 697 696 698
f 697 698 699
f 699 698 700
f 699 700 701
f 701 700 702
f 682 681 703
f 703 681 704
f 703 704 695
f 695 704 705
f 695 705 696
f 706 707 708
f 708 707 709
f 708 709 710
f 710 709 690
f 710 690 691
f 691 690 689
f 691 689 692
f 683 682 711
f 711 682 703
f 711 703 712
f 712 703 695
f 712 695 713
f 713 695 697
f 713 697 714
f 714 697 699
f 714 699 715
f 715 699 701
f 684 683 716
f 716 683 711
f 716 711 717
f 717 711 712
f 717 712 718
f 718 712 713
f 718 713 719
f 719 713 714
f 719 714 720
f 720 714 715
f 720 688 719
f 719 688 690
f 719 690 718
f 718 690 709
f 718 709 717
f 717 709 707
f 717 707 716
f 716 707 706
f 716 706 684
f 684 706 708
f 684 708 677
f 721 722 723
f 724 725 726
f 724 726 727
f 721 723 728
f 678 677 729
f 729 677 708
f 729 708 730
f 730 708 710
f 730 710 731
f 731 710 691
f 731 691 732
f 732 691 693
f 732 693 733
f 733 693 694
f 726 734 727
f 727 734 735
f 727 735 736
f 736 735 737
f 736 737 738
f 738 737 739
f 739 740 738
f 738 740 741
f 738 741 736
f 736 741 742
f 736 742 727
f 727 742 723
f 727 723 724
f 724 723 722
f 743 728 744
f 744 728 723
f 744 723 745
f 745 723 742
f 745 742 746
f 746 742 741
f 746 741 747
f 747 741 740
f 747 740 680
f 680 740 739
f 680 739 679
f 679 739 737
f 679 737 676
f 680 678 747
f 747 678 729
f 747 729 746
f 746 729 730
f 746 730 745
f 745 730 731
f 745 731 744
f 744 731 732
f 744 732 743
f 743 732 733
f 748 749 750
f 748 750 751
f 751 750 752
f 751 752 753
f 725 754 726
f 726 754 755
f 726 755 734
f 734 755 756
f 734 756 735
f 735 756 757
f 735 757 737
f 675 676 758
f 758 676 737
f 758 737 759
f 759 737 757
f 760 761 762
f 762 761 763
f 750 764 752
f 752 764 765
f 752 765 766
f 766 765 763
f 766 763 767
f 767 763 761
f 760 768 761
f 761 768 769
f 761 769 767
f 767 769 770
f 767 770 766
f 766 770 771
f 766 771 752
f 752 771 772
f 752 772 753
f 753 772 773
f 774 773 775
f 775 773 772
f 775 772 776
f 776 772 771
f 776 771 777
f 777 771 770
f 777 770 778
f 778 770 769
f 778 769 779
f 779 769 768
f 779 768 674
f 674 768 760
f 674 760 671
f 671 760 762
f 671 762 672
f 674 675 779
f 779 675 758
f 779 758 778
f 778 758 759
f 778 759 777
f 777 759 757
f 777 757 776
f 776 757 756
f 776 756 775
f 775 756 755
f 775 755 774
f 774 755 754
f 686 685 780
f 781 782 783
f 698 784 700
f 700 784 702
f 749 785 750
f 750 785 786
f 750 786 764
f 764 786 787
f 764 787 765
f 765 787 788
f 765 788 763
f 788 789 763
f 763 789 780
f 763 780 762
f 762 780 685
f 762 685 672
f 790 791 704
f 704 791 705
f 791 792 705
f 705 792 793
f 705 793 696
f 696 793 783
f 696 783 698
f 698 783 782
f 698 782 784
f 785 794 786
f 786 794 795
f 786 795 787
f 787 795 796
f 787 796 788
f 788 796 797
f 788 797 789
f 789 797 798
f 789 798 780
f 780 798 799
f 780 799 686
f 687 686 800
f 800 686 799
f 800 799 801
f 801 799 798
f 801 798 802
f 802 798 797
f 802 797 803
f 803 797 796
f 803 796 804
f 804 796 795
f 804 795 805
f 805 795 794
f 805 781 804
f 804 781 783
f 804 783 803
f 803 783 793
f 803 793 802
f 802 793 792
f 802 792 801
f 801 792 791
f 801 791 800
f 800 791 790
f 800 790 687
f 687 790 704
f 687 704 681
f 806 807 808
f 808 807 809
f 808 809 810
f 807 811 809
f 809 811 812
f 809 812 813
f 813 814 809
f 809 814 815
f 809 815 816
f 816 817 809
f 809 817 818
f 809 818 819
f 820 821 809
f 820 809 822
f 809 819 823
f 823 824 809
f 809 824 825
f 809 825 822
f 821 826 809
f 809 826 827
f 809 827 828
f 828 829 809
f 809 829 830
f 809 830 810
f 831 832 833
f 834 835 836
f 836 835 837
f 838 839 840
f 840 839 841
f 840 841 842
f 842 841 843
f 844 845 843
f 843 845 846
f 843 846 842
f 828 827 847
f 847 827 848
f 847 848 844
f 844 848 849
f 844 849 845
f 850 851 852
f 852 851 853
f 852 853 854
f 854 853 833
f 854 833 834
f 834 833 832
f 834 832 835
f 829 828 855
f 855 828 847
f 855 847 856
f 856 847 844
f 856 844 857
f 857 844 843
f 857 843 858
f 858 843 841
f 858 841 859
f 859 841 839
f 830 829 860
f 860 829 855
f 860 855 861
f 861 855 856
f 861 856 862
f 862 856 857
f 862 857 863
f 863 857 858
f 863 858 864
f 864 858 859
f 864 831 863
f 863 831 833
f 863 833 862
f 862 833 853
f 862 853 861
f 861 853 851
f 861 851 860
f 860 851 850
f 860 850 830
f 830 850 852
f 830 852 810
f 865 866 867
f 868 869 870
f 868 870 871
f 865 867 872
f 808 810 873
f 873 810 852
f 873 852 874
f 874 852 854
f 874 854 875
f 875 854 834
f 875 834 876
f 876 834 836
f 876 836 877
f 877 836 837
f 870 878 871
f 871 878 879
f 871 879 880
f 880 879 881
f 880 881 882
f 882 881 883
f 882 883 884
f 884 883 885
f 884 886 882
f 882 886 887
f 882 887 880
f 880 887 888
f 880 888 871
f 871 888 867
f 871 867 868
f 868 867 866
f 889 872 890
f 890 872 867
f 890 867 891
f 891 867 888
f 891 888 892
f 892 888 887
f 892 887 893
f 893 887 886
f 893 886 806
f 806 886 884
f 806 884 807
f 807 884 885
f 807 885 811
f 806 808 893
f 893 808 873
f 893 873 892
f 892 873 874
f 892 874 891
f 891 874 875
f 891 875 890
f 890 875 876
f 890 876 889
f 889 876 877
f 894 895 896
f 896 895 897
f 896 897 898
f 898 897 899
f 898 899 900
f 900 899 901
f 900 901 902
f 902 901 903
f 902 903 904
f 879 878 905
f 905 878 870
f 903 906 904
f 904 906 905
f 904 905 907
f 907 905 870
f 907 870 869
f 908 881 879
f 909 885 883
f 812 811 885
f 885 909 812
f 812 909 910
f 812 910 813
f 813 910 911
f 813 911 814
f 814 911 912
f 814 912 815
f 815 912 913
f 815 913 816
f 816 913 914
f 816 914 817
f 817 914 915
f 817 915 818
f 916 895 917
f 917 895 894
f 917 894 918
f 819 818 919
f 919 818 915
f 919 915 920
f 920 915 914
f 920 914 921
f 921 914 913
f 921 913 922
f 922 913 912
f 922 912 923
f 923 912 911
f 923 911 924
f 924 911 910
f 924 910 925
f 925 910 909
f 925 909 926
f 926 909 883
f 926 883 881
f 881 908 926
f 926 908 927
f 926 927 925
f 925 927 928
f 925 928 924
f 924 928 929
f 924 929 923
f 923 929 930
f 923 930 922
f 922 930 931
f 922 931 921
f 921 931 932
f 921 932 920
f 920 932 933
f 920 933 919
f 879 905 908
f 908 905 906
f 908 906 927
f 927 906 903
f 927 903 928
f 928 903 901
f 928 901 929
f 929 901 899
f 929 899 930
f 930 899 897
f 930 897 931
f 931 897 895
f 931 895 932
f 932 895 916
f 932 916 933
f 846 845 934
f 840 842 935
f 936 937 938
f 917 918 937
f 937 936 917
f 917 936 939
f 917 939 916
f 916 939 940
f 916 940 933
f 933 940 941
f 933 941 919
f 823 942 824
f 824 942 943
f 824 943 825
f 825 943 944
f 825 944 822
f 822 944 945
f 822 945 820
f 820 945 946
f 820 946 821
f 821 946 947
f 821 947 826
f 826 947 848
f 826 848 827
f 849 848 948
f 948 848 947
f 948 947 949
f 949 947 946
f 949 946 950
f 950 946 945
f 950 945 951
f 951 945 944
f 951 944 952
f 952 944 943
f 952 943 953
f 953 943 942
f 845 849 934
f 934 849 948
f 934 948 954
f 954 948 949
f 954 949 955
f 955 949 950
f 955 950 956
f 956 950 951
f 956 951 957
f 957 951 952
f 957 952 958
f 958 952 953
f 842 846 935
f 935 846 934
f 935 934 959
f 959 934 954
f 959 954 960
f 960 954 955
f 960 955 961
f 961 955 956
f 961 956 962
f 962 956 957
f 962 957 963
f 963 957 958
f 819 919 823
f 823 919 941
f 823 941 942
f 942 941 940
f 942 940 953
f 953 940 939
f 953 939 958
f 958 939 936
f 958 936 963
f 963 936 938
f 963 938 962
f 962 938 964
f 962 964 961
f 961 964 965
f 961 965 960
f 960 965 966
f 960 966 959
f 959 966 967
f 959 967 935
f 935 967 968
f 935 968 840
f 840 968 838
f 969 970 971
f 972 973 971
f 971 973 974
f 971 974 969
f 975 976 977
f 977 976 973
f 977 973 978
f 978 973 972
f 979 980 981
f 982 983 984
f 984 983 985
f 984 985 979
f 981 970 969
f 979 981 984
f 984 981 969
f 984 969 974
f 980 986 981
f 981 986 987
f 981 987 970
f 970 987 971
f 971 987 988
f 971 988 972
f 989 990 991
f 989 991 992
f 988 987 993
f 993 987 994
f 993 994 995
f 995 994 996
f 995 996 997
f 997 996 998
f 997 998 999
f 999 998 1000
f 999 1000 1001
f 1001 1000 1002
f 991 1003 992
f 992 1003 1004
f 992 1004 1005
f 1005 1004 1006
f 1005 1006 1007
f 1007 1006 1008
f 1007 1008 1009
f 1009 1008 972
f 972 988 1009
f 1009 988 993
f 1009 993 1007
f 1007 993 995
f 1007 995 1005
f 1005 995 997
f 1005 997 992
f 992 997 999
f 992 999 989
f 989 999 1001
f 1010 1011 1012
f 1011 1010 978
f 1013 1014 1015
f 1013 1015 1016
f 978 972 1011
f 1011 972 1008
f 1011 1008 1012
f 1012 1008 1006
f 1012 1006 1017
f 1017 1006 1004
f 1017 1004 1018
f 1018 1004 1003
f 1018 1003 1019
f 1019 1003 991
f 1019 991 1020
f 1020 991 990
f 977 1021 1022
f 1022 1021 1023
f 1022 1023 1024
f 1015 1025 1016
f 1016 1025 1026
f 1016 1026 1027
f 1027 1026 1024
f 1027 1024 1028
f 1028 1024 1023
f 977 978 1021
f 1021 978 1010
f 1021 1010 1023
f 1023 1010 1012
f 1023 1012 1028
f 1028 1012 1017
f 1028 1017 1027
f 1027 1017 1018
f 1027 1018 1016
f 1016 1018 1019
f 1016 1019 1013
f 1013 1019 1020
f 1029 1030 1031
f 1032 1033 1034
f 1035 1036 1037
f 1035 1037 1038
f 1014 1039 1015
f 1015 1039 1040
f 1015 1040 1025
f 1025 1040 1041
f 1025 1041 1026
f 1026 1041 1042
f 1026 1042 1024
f 1024 1042 1043
f 1024 1043 1022
f 1022 1043 975
f 1022 975 977
f 1037 1044 1038
f 1038 1044 1045
f 1038 1045 1046
f 1046 1045 1047
f 1046 1047 1048
f 1048 1047 1049
f 1049 1050 1048
f 1048 1050 1051
f 1048 1051 1046
f 1046 1051 1052
f 1046 1052 1038
f 1038 1052 1034
f 1038 1034 1035
f 1035 1034 1033
f 1030 1032 1031
f 1031 1032 1034
f 1031 1034 1053
f 1053 1034 1052
f 1053 1052 1054
f 1054 1052 1051
f 1054 1051 1055
f 1055 1051 1050
f 1055 1050 976
f 976 1050 1049
f 976 1049 973
f 973 1049 1047
f 973 1047 974
f 976 975 1055
f 1055 975 1043
f 1055 1043 1054
f 1054 1043 1042
f 1054 1042 1053
f 1053 1042 1041
f 1053 1041 1031
f 1031 1041 1040
f 1031 1040 1029
f 1029 1040 1039
f 1056 1057 1058
f 1059 1060 1061
f 1061 1060 1062
f 1036 1063 1037
f 1037 1063 1064
f 1037 1064 1044
f 1044 1064 1065
f 1044 1065 1045
f 1045 1065 1066
f 1045 1066 1047
f 1066 1067 1047
f 1047 1067 984
f 1047 984 974
f 1068 1069 1070
f 1068 1071 1069
f 1069 1071 1072
f 1069 1072 1073
f 1073 1072 1058
f 1073 1058 1059
f 1059 1058 1057
f 1059 1057 1060
f 982 984 1074
f 1074 984 1067
f 1074 1067 1075
f 1075 1067 1066
f 1075 1066 1076
f 1076 1066 1065
f 1076 1065 1077
f 1077 1065 1064
f 1077 1064 1078
f 1078 1064 1063
f 983 982 1079
f 1079 982 1074
f 1079 1074 1080
f 1080 1074 1075
f 1080 1075 1081
f 1081 1075 1076
f 1081 1076 1082
f 1082 1076 1077
f 1082 1077 1083
f 1083 1077 1078
f 1083 1056 1082
f 1082 1056 1058
f 1082 1058 1081
f 1081 1058 1072
f 1081 1072 1080
f 1080 1072 1071
f 1080 1071 1079
f 1079 1071 1068
f 1079 1068 983
f 983 1068 1070
f 983 1070 985
f 1084 1085 1086
f 1087 1088 1089
f 1090 1091 1092
f 1062 1091 1061
f 1061 1091 1090
f 1061 1090 1059
f 1059 1090 1093
f 1059 1093 1073
f 1073 1093 1094
f 1073 1094 1069
f 985 1070 1085
f 1085 1070 1069
f 1085 1069 1086
f 1086 1069 1094
f 1088 1095 1089
f 1089 1095 1096
f 1089 1096 1097
f 1097 1096 1098
f 1097 1098 1099
f 1099 1098 1100
f 1099 1100 1101
f 1101 1100 980
f 1101 980 1102
f 1102 980 979
f 985 1085 979
f 979 1085 1084
f 979 1084 1102
f 1102 1084 1086
f 1102 1086 1101
f 1101 1086 1094
f 1101 1094 1099
f 1099 1094 1093
f 1099 1093 1097
f 1097 1093 1090
f 1097 1090 1089
f 1089 1090 1092
f 1089 1092 1087
f 1103 1002 1000
f 1103 1000 1104
f 980 1100 1105
f 1105 1100 1098
f 1105 1098 1106
f 1106 1098 1096
f 1106 1096 1107
f 1107 1096 1095
f 1107 1095 1108
f 1108 1095 1088
f 1108 1088 1109
f 1109 1088 1087
f 1110 994 986
f 986 994 987
f 1000 998 1104
f 1104 998 996
f 1104 996 1111
f 1111 996 994
f 1111 994 1112
f 1112 994 1110
f 986 980 1110
f 1110 980 1105
f 1110 1105 1112
f 1112 1105 1106
f 1112 1106 1111
f 1111 1106 1107
f 1111 1107 1104
f 1104 1107 1108
f 1104 1108 1103
f 1103 1108 1109
f 1113 1114 1115
f 1116 1117 1113
f 1113 1115 1116
f 1116 1115 1118
f 1116 1118 1119
f 1120 1121 1122
f 1122 1121 1123
f 1122 1123 1124
f 1124 1123 1125
f 1124 1125 1126
f 1126 1125 1127
f 1128 1129 1130
f 1130 1129 1131
f 1130 1131 1132
f 1132 1131 1133
f 1132 1133 1134
f 1134 1133 1135
f 1135 1133 1136
f 1135 1136 1137
f 1138 1139 1140
f 1140 1139 1141
f 1140 1141 1142
f 1141 1143 1142
f 1142 1143 1144
f 1142 1144 1145
f 1145 1144 1146
f 1145 1146 1147
f 1147 1146 1148
f 1147 1148 1149
f 1149 1148 1150
f 1149 1150 1151
f 1151 1150 1152
f 1151 1152 1153
f 1153 1152 1154
f 1153 1154 1155
f 1155 1154 1156
f 1118 1157 1119
f 1119 1157 1158
f 1119 1158 1159
f 1159 1158 1160
f 1159 1160 1161
f 1161 1160 1156
f 1161 1156 1162
f 1162 1156 1154
f 1139 1163 1141
f 1141 1163 1164
f 1141 1164 1143
f 1143 1164 1165
f 1143 1165 1144
f 1144 1165 1166
f 1144 1166 1146
f 1146 1166 1120
f 1146 1120 1148
f 1148 1120 1122
f 1148 1122 1150
f 1150 1122 1124
f 1150 1124 1152
f 1152 1124 1126
f 1152 1126 1154
f 1154 1126 1127
f 1154 1127 1162
f 1162 1127 1125
f 1162 1125 1161
f 1130 1121 1128
f 1128 1121 1120
f 1128 1120 1129
f 1129 1120 1166
f 1129 1166 1131
f 1131 1166 1165
f 1131 1165 1133
f 1133 1165 1164
f 1133 1164 1136
f 1136 1164 1163
f 1167 1168 1121
f 1117 1116 1169
f 1169 1116 1170
f 1170 1116 1171
f 1171 1116 1119
f 1171 1119 1172
f 1172 1119 1159
f 1172 1159 1173
f 1173 1159 1174
f 1174 1159 1161
f 1174 1161 1175
f 1175 1161 1176
f 1176 1161 1125
f 1176 1125 1177
f 1177 1125 1123
f 1177 1123 1178
f 1121 1168 1123
f 1123 1168 1179
f 1123 1179 1178
f 1167 1121 1180
f 1180 1121 1130
f 1180 1130 1181
f 1132 1182 1130
f 1130 1182 1183
f 1130 1183 1181
f 1184 1185 1186
f 1187 1188 1186
f 1186 1188 1189
f 1186 1189 1184
f 1187 1186 1190
f 1190 1186 1191
f 1190 1191 1192
f 1192 1191 1193
f 1192 1193 1194
f 1195 1196 1197
f 1197 1196 1198
f 1197 1198 1199
f 1199 1198 1200
f 1199 1200 1201
f 1201 1200 1202
f 1201 1202 1193
f 1193 1202 1203
f 1193 1203 1194
f 1204 1117 1169
f 1169 1205 1204
f 1204 1205 1206
f 1204 1206 1207
f 1207 1206 1208
f 1207 1208 1195
f 1195 1208 1209
f 1195 1209 1196
f 1113 1117 1204
f 1210 1197 1199
f 1185 1211 1186
f 1186 1211 1212
f 1186 1212 1191
f 1191 1213 1193
f 1193 1213 1214
f 1193 1214 1201
f 1201 1214 1215
f 1201 1215 1199
f 1114 1113 1216
f 1216 1113 1204
f 1216 1204 1207
f 1199 1215 1210
f 1210 1215 1217
f 1210 1217 1197
f 1197 1217 1218
f 1197 1218 1195
f 1195 1218 1219
f 1195 1219 1207
f 1207 1219 1220
f 1207 1220 1216
f 1221 1222 1223
f 1223 1222 1224
f 1223 1224 1225
f 1226 1227 1228
f 1229 1230 1231
f 1231 1230 1232
f 1231 1232 1233
f 1233 1232 1234
f 1233 1234 1235
f 1235 1234 1236
f 1235 1236 1237
f 1237 1236 1226
f 1237 1226 1238
f 1238 1226 1228
f 1239 1240 1241
f 1241 1240 1242
f 1241 1242 1185
f 1185 1242 1243
f 1185 1243 1211
f 1230 1244 1232
f 1232 1244 1245
f 1232 1245 1234
f 1234 1245 1246
f 1234 1246 1236
f 1236 1246 1247
f 1236 1247 1226
f 1226 1247 1248
f 1226 1248 1227
f 1227 1248 1249
f 1224 1217 1225
f 1225 1217 1215
f 1225 1215 1223
f 1223 1215 1214
f 1223 1214 1221
f 1221 1214 1213
f 1240 1249 1242
f 1242 1249 1248
f 1242 1248 1243
f 1243 1248 1247
f 1243 1247 1211
f 1211 1247 1246
f 1211 1246 1212
f 1212 1246 1245
f 1212 1245 1191
f 1191 1245 1244
f 1191 1244 1213
f 1213 1244 1230
f 1213 1230 1221
f 1221 1230 1229
f 1221 1229 1222
f 1250 1251 1252
f 1253 1254 1255
f 1256 1257 1258
f 1259 1260 1261
f 1261 1260 1262
f 1263 1264 1265
f 1264 1263 1266
f 1266 1263 1267
f 1266 1267 1268
f 1268 1267 1269
f 1268 1269 1270
f 1270 1269 1271
f 1270 1271 1272
f 1272 1271 1273
f 1273 1271 1274
f 1273 1274 1275
f 1275 1274 1276
f 1275 1276 1277
f 1277 1276 1278
f 1277 1278 1279
f 1279 1278 1280
f 1279 1280 1281
f 1281 1280 1282
f 1281 1282 1283
f 1283 1282 1284
f 1283 1284 1285
f 1285 1284 1286
f 1285 1286 1287
f 1287 1286 1288
f 1287 1288 1289
f 1290 1291 1292
f 1292 1291 1293
f 1292 1293 1294
f 1295 1296 1297
f 1297 1296 1298
f 1297 1298 1299
f 1298 1300 1299
f 1299 1300 1301
f 1299 1301 1302
f 1302 1301 1303
f 1303 1301 1304
f 1303 1304 1305
f 1305 1304 1306
f 1305 1306 1307
f 1308 1309 1310
f 1310 1309 1311
f 1310 1311 1312
f 1312 1311 1313
f 1312 1313 1314
f 1314 1313 1307
f 1314 1307 1315
f 1315 1307 1306
f 1316 1317 1318
f 1318 1317 1319
f 1318 1319 1320
f 1321 1259 1322
f 1322 1259 1261
f 1322 1261 1323
f 1323 1261 1262
f 1323 1262 1324
f 1325 1319 1326
f 1326 1319 1317
f 1326 1317 1308
f 1308 1317 1316
f 1308 1316 1309
f 1257 1290 1258
f 1258 1290 1292
f 1258 1292 1327
f 1292 1328 1327
f 1327 1328 1329
f 1327 1329 1330
f 1330 1329 1331
f 1330 1331 1332
f 1332 1331 1333
f 1332 1333 1334
f 1334 1333 1335
f 1334 1335 1336
f 1336 1335 1337
f 1336 1337 1338
f 1338 1337 1339
f 1338 1339 1340
f 1340 1339 1341
f 1340 1341 1342
f 1342 1341 1343
f 1342 1343 1344
f 1345 1325 1346
f 1346 1325 1326
f 1346 1326 1347
f 1347 1326 1308
f 1347 1308 1348
f 1348 1308 1310
f 1348 1310 1349
f 1349 1310 1312
f 1349 1312 1350
f 1350 1312 1314
f 1350 1314 1351
f 1351 1314 1315
f 1351 1315 1352
f 1352 1315 1306
f 1352 1306 1353
f 1353 1306 1304
f 1353 1304 1354
f 1354 1304 1301
f 1354 1301 1255
f 1255 1301 1300
f 1255 1300 1253
f 1253 1300 1298
f 1254 1256 1255
f 1255 1256 1258
f 1255 1258 1354
f 1354 1258 1327
f 1354 1327 1353
f 1353 1327 1330
f 1353 1330 1352
f 1352 1330 1332
f 1352 1332 1351
f 1351 1332 1334
f 1351 1334 1350
f 1350 1334 1336
f 1350 1336 1349
f 1349 1336 1338
f 1349 1338 1348
f 1348 1338 1340
f 1348 1340 1347
f 1347 1340 1342
f 1347 1342 1346
f 1346 1342 1344
f 1346 1344 1345
f 1323 1250 1322
f 1322 1250 1252
f 1322 1252 1321
f 1321 1252 1355
f 1321 1355 1356
f 1356 1355 1357
f 1356 1357 1358
f 1358 1357 1359
f 1358 1359 1360
f 1360 1359 1361
f 1360 1361 1362
f 1362 1361 1363
f 1362 1363 1364
f 1364 1363 1365
f 1364 1365 1366
f 1366 1365 1367
f 1366 1367 1368
f 1368 1367 1369
f 1368 1369 1370
f 1370 1369 1371
f 1370 1371 1372
f 1372 1371 1373
f 1372 1373 1374
f 1374 1373 1375
f 1374 1375 1376
f 1376 1375 1377
f 1376 1288 1374
f 1374 1288 1286
f 1374 1286 1372
f 1372 1286 1284
f 1372 1284 1370
f 1370 1284 1282
f 1370 1282 1368
f 1368 1282 1280
f 1368 1280 1366
f 1366 1280 1278
f 1366 1278 1364
f 1364 1278 1276
f 1364 1276 1362
f 1362 1276 1274
f 1362 1274 1360
f 1360 1274 1271
f 1360 1271 1358
f 1358 1271 1269
f 1358 1269 1356
f 1356 1269 1267
f 1356 1267 1321
f 1321 1267 1263
f 1321 1263 1259
f 1259 1263 1265
f 1259 1265 1260
f 1251 1345 1252
f 1252 1345 1344
f 1252 1344 1355
f 1355 1344 1343
f 1355 1343 1357
f 1357 1343 1341
f 1357 1341 1359
f 1359 1341 1339
f 1359 1339 1361
f 1361 1339 1337
f 1361 1337 1363
f 1363 1337 1335
f 1363 1335 1365
f 1365 1335 1333
f 1365 1333 1367
f 1367 1333 1331
f 1367 1331 1369
f 1369 1331 1329
f 1369 1329 1371
f 1371 1329 1328
f 1371 1328 1373
f 1373 1328 1292
f 1373 1292 1375
f 1375 1292 1294
f 1375 1294 1377
f 1378 1379 1380
f 1262 1260 1381
f 1285 1382 1283
f 1283 1382 1383
f 1283 1383 1281
f 1281 1383 1384
f 1281 1384 1279
f 1279 1384 1385
f 1279 1385 1277
f 1277 1385 1386
f 1277 1386 1275
f 1275 1386 1273
f 1273 1386 1387
f 1273 1387 1272
f 1272 1387 1388
f 1272 1388 1270
f 1270 1388 1389
f 1270 1389 1268
f 1268 1389 1266
f 1266 1389 1390
f 1266 1390 1264
f 1264 1390 1391
f 1264 1391 1265
f 1392 1393 1394
f 1394 1393 1395
f 1394 1395 1396
f 1397 1398 1399
f 1397 1400 1401
f 1401 1400 1402
f 1401 1402 1403
f 1403 1402 1404
f 1403 1404 1405
f 1405 1404 1406
f 1405 1406 1407
f 1407 1406 1408
f 1407 1408 1409
f 1409 1408 1410
f 1410 1408 1411
f 1410 1411 1412
f 1412 1411 1413
f 1412 1413 1414
f 1415 1416 1417
f 1417 1416 1418
f 1419 1420 1415
f 1419 1415 1421
f 1421 1415 1417
f 1421 1417 1422
f 1422 1417 1423
f 1422 1423 1424
f 1424 1423 1425
f 1425 1423 1426
f 1425 1426 1427
f 1428 1429 1426
f 1426 1429 1430
f 1426 1430 1427
f 1289 1431 1432
f 1432 1431 1433
f 1432 1433 1434
f 1434 1433 1435
f 1434 1435 1436
f 1436 1435 1437
f 1436 1437 1428
f 1428 1437 1438
f 1428 1438 1429
f 1324 1262 1396
f 1396 1262 1381
f 1396 1381 1394
f 1394 1381 1439
f 1440 1441 1442
f 1442 1441 1443
f 1444 1378 1445
f 1445 1378 1380
f 1445 1380 1446
f 1446 1380 1447
f 1446 1447 1448
f 1448 1447 1449
f 1448 1449 1450
f 1450 1449 1451
f 1450 1451 1452
f 1452 1451 1453
f 1452 1453 1454
f 1454 1453 1455
f 1454 1455 1443
f 1443 1455 1456
f 1443 1456 1442
f 1397 1457 1400
f 1400 1457 1458
f 1400 1458 1402
f 1402 1458 1459
f 1402 1459 1404
f 1404 1459 1460
f 1404 1460 1406
f 1406 1460 1461
f 1406 1461 1408
f 1408 1461 1462
f 1408 1462 1411
f 1411 1462 1463
f 1411 1463 1413
f 1413 1463 1464
f 1413 1464 1465
f 1465 1464 1466
f 1457 1444 1458
f 1458 1444 1445
f 1458 1445 1459
f 1459 1445 1446
f 1459 1446 1460
f 1460 1446 1448
f 1460 1448 1461
f 1461 1448 1450
f 1461 1450 1462
f 1462 1450 1452
f 1462 1452 1463
f 1463 1452 1454
f 1463 1454 1464
f 1464 1454 1443
f 1464 1443 1466
f 1466 1443 1441
f 1467 1468 1469
f 1469 1468 1470
f 1469 1470 1471
f 1471 1470 1472
f 1471 1472 1473
f 1473 1472 1474
f 1473 1474 1475
f 1475 1474 1476
f 1475 1476 1477
f 1477 1476 1478
f 1477 1478 1479
f 1479 1478 1480
f 1479 1480 1481
f 1481 1480 1482
f 1481 1482 1439
f 1439 1482 1483
f 1439 1483 1394
f 1394 1483 1484
f 1394 1484 1392
f 1260 1265 1381
f 1381 1265 1391
f 1381 1391 1439
f 1439 1391 1390
f 1439 1390 1481
f 1481 1390 1389
f 1481 1389 1479
f 1479 1389 1388
f 1479 1388 1477
f 1477 1388 1387
f 1477 1387 1475
f 1475 1387 1386
f 1475 1386 1473
f 1473 1386 1385
f 1473 1385 1471
f 1471 1385 1384
f 1471 1384 1469
f 1469 1384 1383
f 1469 1383 1467
f 1467 1383 1382
f 1414 1413 1418
f 1418 1413 1465
f 1418 1465 1417
f 1417 1465 1466
f 1417 1466 1423
f 1423 1466 1441
f 1423 1441 1426
f 1426 1441 1440
f 1426 1440 1428
f 1428 1440 1485
f 1428 1485 1436
f 1436 1485 1486
f 1436 1486 1434
f 1434 1486 1487
f 1434 1487 1432
f 1432 1487 1287
f 1432 1287 1289
f 1397 1399 1457
f 1457 1399 1488
f 1457 1488 1444
f 1444 1488 1489
f 1444 1489 1378
f 1378 1489 1392
f 1378 1392 1379
f 1379 1392 1484
f 1379 1484 1380
f 1380 1484 1483
f 1380 1483 1447
f 1447 1483 1482
f 1447 1482 1449
f 1449 1482 1480
f 1449 1480 1451
f 1451 1480 1478
f 1451 1478 1453
f 1453 1478 1476
f 1453 1476 1455
f 1455 1476 1474
f 1455 1474 1456
f 1456 1474 1472
f 1456 1472 1442
f 1442 1472 1470
f 1442 1470 1440
f 1440 1470 1468
f 1440 1468 1485
f 1485 1468 1467
f 1485 1467 1486
f 1486 1467 1382
f 1486 1382 1487
f 1487 1382 1285
f 1487 1285 1287
f 1490 1491 1289
f 1289 1491 1431
f 1433 1492 1435
f 1435 1492 1493
f 1435 1493 1437
f 1437 1493 1494
f 1437 1494 1438
f 1438 1494 1495
f 1438 1495 1429
f 1429 1495 1496
f 1429 1496 1430
f 1430 1496 1497
f 1430 1497 1427
f 1427 1497 1498
f 1427 1498 1425
f 1425 1498 1499
f 1425 1499 1424
f 1424 1499 1500
f 1424 1500 1422
f 1422 1500 1501
f 1422 1501 1421
f 1421 1501 1502
f 1421 1502 1419
f 1238 1228 1503
f 1503 1228 1504
f 1503 1504 1505
f 1492 1218 1493
f 1493 1218 1217
f 1493 1217 1494
f 1494 1217 1224
f 1494 1224 1495
f 1495 1224 1222
f 1495 1222 1496
f 1496 1222 1229
f 1496 1229 1497
f 1497 1229 1231
f 1497 1231 1498
f 1498 1231 1233
f 1498 1233 1499
f 1499 1233 1235
f 1499 1235 1500
f 1500 1235 1237
f 1500 1237 1501
f 1501 1237 1238
f 1501 1238 1502
f 1502 1238 1503
f 1502 1503 1419
f 1419 1503 1420
f 1216 1220 1492
f 1492 1220 1219
f 1492 1219 1218
f 1433 1431 1492
f 1492 1431 1491
f 1492 1491 1216
f 1216 1491 1490
f 1216 1490 1114
f 1506 1507 1158
f 1158 1157 1506
f 1506 1157 1118
f 1506 1118 1490
f 1490 1118 1115
f 1490 1115 1114
f 1138 1140 1508
f 1508 1140 1142
f 1508 1142 1509
f 1509 1142 1145
f 1509 1145 1510
f 1510 1145 1147
f 1510 1147 1511
f 1511 1147 1149
f 1511 1149 1512
f 1512 1149 1151
f 1512 1151 1513
f 1513 1151 1153
f 1513 1153 1514
f 1514 1153 1155
f 1514 1155 1515
f 1515 1155 1156
f 1515 1156 1516
f 1516 1156 1160
f 1516 1160 1517
f 1518 1519 1520
f 1296 1295 1518
f 1517 1293 1516
f 1516 1293 1291
f 1516 1291 1515
f 1515 1291 1290
f 1515 1290 1514
f 1514 1290 1257
f 1514 1257 1513
f 1513 1257 1256
f 1513 1256 1512
f 1512 1256 1254
f 1512 1254 1511
f 1511 1254 1253
f 1511 1253 1510
f 1510 1253 1298
f 1510 1298 1509
f 1509 1298 1296
f 1509 1296 1508
f 1508 1296 1518
f 1508 1518 1138
f 1138 1518 1520
f 1376 1377 1517
f 1517 1377 1294
f 1517 1294 1293
f 1160 1158 1517
f 1517 1158 1507
f 1517 1507 1376
f 1376 1507 1506
f 1376 1506 1288
f 1288 1506 1490
f 1288 1490 1289
f 1521 1522 1523
f 1524 1521 1525
f 1525 1521 1523
f 1525 1523 1526
f 1527 1528 1526
f 1526 1528 1529
f 1526 1529 1525
f 1526 1530 1527
f 1527 1530 1531
f 1527 1531 1532
f 1531 1533 1532
f 1532 1533 1534
f 1532 1534 1535
f 1534 1536 1535
f 1535 1536 1537
f 1535 1537 1538
f 1538 1537 1539
f 1539 1537 1540
f 1539 1540 1541
f 1542 1543 1544
f 1544 1543 1545
f 1545 1546 1544
f 1544 1546 1547
f 1544 1547 1548
f 1547 1549 1548
f 1548 1549 1550
f 1548 1550 1551
f 1551 1550 1552
f 1551 1552 1553
f 1553 1552 1554
f 1553 1554 1555
f 1555 1554 1556
f 1555 1556 1557
f 1557 1556 1558
f 1558 1556 1559
f 1558 1559 1560
f 1560 1559 1561
f 1561 1559 1562
f 1561 1562 1563
f 1564 1565 1566
f 1564 1566 1567
f 1567 1566 1568
f 1567 1568 1563
f 1563 1568 1569
f 1563 1569 1561
f 1521 1524 1570
f 1565 1564 1570
f 1570 1564 1571
f 1570 1571 1521
f 1521 1571 1572
f 1521 1572 1522
f 1520 1519 1573
f 1574 1575 1576
f 1577 1578 1579
f 1537 1536 1580
f 1546 1545 1581
f 1582 1583 1584
f 1584 1583 1585
f 1584 1585 1137
f 1581 1545 1584
f 1584 1545 1543
f 1584 1543 1582
f 1586 1549 1581
f 1581 1549 1547
f 1581 1547 1546
f 1554 1552 1586
f 1586 1552 1550
f 1586 1550 1549
f 1586 1587 1554
f 1554 1587 1588
f 1554 1588 1556
f 1556 1588 1589
f 1571 1564 1590
f 1590 1564 1567
f 1590 1567 1591
f 1591 1567 1563
f 1591 1563 1592
f 1592 1563 1562
f 1592 1562 1559
f 1571 1590 1572
f 1572 1590 1579
f 1572 1579 1522
f 1580 1536 1593
f 1593 1536 1534
f 1593 1534 1594
f 1534 1533 1594
f 1594 1533 1531
f 1594 1531 1595
f 1595 1531 1530
f 1595 1530 1578
f 1578 1530 1526
f 1578 1526 1579
f 1579 1526 1523
f 1579 1523 1522
f 1537 1580 1540
f 1540 1580 1596
f 1540 1596 1597
f 1598 1599 1600
f 1600 1599 1597
f 1600 1597 1601
f 1601 1597 1596
f 1598 1602 1599
f 1599 1602 1603
f 1599 1603 1604
f 1574 1576 1605
f 1605 1576 1606
f 1605 1606 1607
f 1607 1606 1608
f 1607 1608 1609
f 1609 1608 1610
f 1610 1608 1611
f 1610 1611 1612
f 1613 1614 1615
f 1615 1614 1616
f 1615 1616 1617
f 1617 1616 1618
f 1617 1618 1619
f 1619 1618 1620
f 1619 1620 1621
f 1622 1623 1620
f 1620 1623 1624
f 1620 1624 1621
f 1573 1519 1625
f 1519 1626 1625
f 1625 1626 1627
f 1625 1627 1622
f 1622 1627 1628
f 1622 1628 1623
f 1138 1520 1139
f 1139 1520 1573
f 1139 1573 1163
f 1163 1573 1625
f 1163 1625 1136
f 1576 1577 1606
f 1606 1577 1579
f 1606 1579 1608
f 1608 1579 1590
f 1608 1590 1611
f 1611 1590 1591
f 1611 1591 1629
f 1629 1591 1592
f 1629 1592 1589
f 1589 1592 1559
f 1589 1559 1556
f 1137 1136 1584
f 1584 1136 1625
f 1584 1625 1581
f 1581 1625 1622
f 1581 1622 1586
f 1586 1622 1620
f 1586 1620 1587
f 1587 1620 1618
f 1587 1618 1588
f 1588 1618 1616
f 1588 1616 1589
f 1589 1616 1614
f 1589 1614 1629
f 1629 1614 1613
f 1629 1613 1611
f 1611 1613 1630
f 1611 1630 1612
f 1541 1540 1597
f 1541 1597 1631
f 1631 1597 1599
f 1631 1599 1632
f 1604 1633 1599
f 1599 1633 1634
f 1599 1634 1632
f 1635 1636 1637
f 1638 1639 1640
f 1637 1641 1635
f 1635 1641 1642
f 1635 1642 1638
f 1638 1642 1643
f 1638 1643 1639
f 1631 1632 1638
f 1638 1632 1634
f 1638 1634 1635
f 1635 1634 1633
f 1635 1633 1636
f 1541 1631 1644
f 1644 1631 1638
f 1644 1638 1645
f 1645 1638 1640
f 1645 1640 1646
f 1539 1541 1644
f 1647 1648 1649
f 1649 1648 1650
f 1649 1650 1651
f 1651 1650 1652
f 1651 1652 1653
f 1653 1652 1654
f 1653 1654 1655
f 1655 1654 1656
f 1655 1656 1657
f 1657 1656 1658
f 1657 1658 1659
f 1659 1658 1645
f 1659 1645 1646
f 1539 1644 1538
f 1644 1660 1538
f 1538 1660 1661
f 1538 1661 1535
f 1661 1662 1535
f 1535 1662 1663
f 1535 1663 1532
f 1532 1663 1664
f 1532 1664 1527
f 1527 1664 1528
f 1528 1664 1665
f 1528 1665 1529
f 1529 1665 1525
f 1525 1665 1666
f 1525 1666 1524
f 1644 1645 1660
f 1660 1645 1658
f 1660 1658 1661
f 1661 1658 1656
f 1661 1656 1662
f 1662 1656 1654
f 1662 1654 1663
f 1663 1654 1652
f 1663 1652 1664
f 1664 1652 1650
f 1664 1650 1665
f 1665 1650 1648
f 1665 1648 1666
f 1666 1648 1647
f 1667 1668 1669
f 1670 1671 1669
f 1669 1671 1672
f 1669 1672 1667
f 1673 1674 1675
f 1675 1674 1676
f 1570 1524 1677
f 1677 1524 1666
f 1677 1666 1678
f 1678 1666 1647
f 1678 1676 1677
f 1677 1676 1674
f 1677 1674 1570
f 1570 1674 1565
f 1561 1569 1673
f 1673 1569 1568
f 1673 1568 1674
f 1674 1568 1566
f 1674 1566 1565
f 1675 1679 1673
f 1673 1679 1680
f 1673 1680 1561
f 1561 1680 1560
f 1681 1557 1680
f 1680 1557 1558
f 1680 1558 1560
f 1682 1553 1681
f 1681 1553 1555
f 1681 1555 1557
f 1544 1548 1682
f 1682 1548 1551
f 1682 1551 1553
f 1679 1683 1680
f 1680 1683 1684
f 1680 1684 1681
f 1681 1684 1670
f 1681 1670 1682
f 1682 1670 1669
f 1682 1669 1544
f 1544 1669 1668
f 1544 1668 1542
f 1685 1686 1687
f 1685 1687 1688
f 1689 1690 1687
f 1687 1690 1691
f 1687 1691 1688
f 1686 1692 1687
f 1687 1692 1693
f 1687 1693 1689
f 1693 1694 1695
f 1695 1694 1696
f 1695 1696 1697
f 1698 1696 1699
f 1699 1696 1694
f 1699 1694 1700
f 1700 1694 1693
f 1700 1693 1701
f 1701 1693 1692
f 1702 1703 1704
f 1704 1703 1705
f 1706 1707 1708
f 1708 1707 1709
f 1708 1709 1705
f 1705 1709 1710
f 1705 1710 1704
f 1693 1695 1711
f 1711 1695 1712
f 1711 1712 1706
f 1706 1712 1713
f 1706 1713 1707
f 1686 1685 1714
f 1714 1685 1688
f 1688 1715 1714
f 1714 1715 1716
f 1714 1716 1686
f 1686 1716 1717
f 1718 1719 1720
f 1721 1722 1720
f 1720 1722 1723
f 1720 1723 1718
f 1724 1725 1726
f 1727 1728 1729
f 1729 1728 1730
f 1729 1730 1731
f 1721 1717 1722
f 1722 1717 1716
f 1722 1716 1732
f 1732 1716 1715
f 1732 1715 1733
f 1733 1715 1688
f 1733 1688 1691
f 1691 1690 1734
f 1734 1690 1735
f 1734 1735 1736
f 1736 1735 1737
f 1736 1737 1738
f 1738 1737 1739
f 1740 1741 1742
f 1743 1744 1745
f 1745 1744 1731
f 1745 1731 1746
f 1746 1731 1730
f 1747 1748 1738
f 1738 1748 1741
f 1738 1741 1736
f 1736 1741 1740
f 1736 1740 1734
f 1748 1749 1741
f 1741 1749 1750
f 1741 1750 1742
f 1742 1750 1751
f 1742 1751 1752
f 1691 1734 1733
f 1733 1734 1740
f 1733 1740 1732
f 1732 1740 1742
f 1732 1742 1722
f 1722 1742 1752
f 1722 1752 1723
f 1703 1743 1705
f 1705 1743 1745
f 1705 1745 1708
f 1708 1745 1746
f 1708 1746 1706
f 1706 1746 1730
f 1706 1730 1711
f 1711 1730 1728
f 1711 1728 1693
f 1693 1728 1727
f 1693 1727 1689
f 1690 1689 1735
f 1735 1689 1727
f 1735 1727 1737
f 1737 1727 1729
f 1737 1729 1739
f 1739 1729 1731
f 1739 1731 1753
f 1753 1731 1744
f 1753 1744 1754
f 1754 1744 1743
f 1755 1756 1757
f 1757 1756 1758
f 1757 1758 1759
f 1759 1758 1760
f 1759 1760 1761
f 1754 1761 1753
f 1753 1761 1760
f 1753 1760 1739
f 1739 1760 1758
f 1739 1758 1738
f 1738 1758 1756
f 1738 1756 1747
f 1747 1756 1755
f 1747 1755 1748
f 1748 1755 1762
f 1748 1762 1749
f 1749 1762 1763
f 1749 1763 1750
f 1763 1764 1750
f 1750 1764 1765
f 1750 1765 1751
f 1751 1765 1766
f 1751 1766 1752
f 1752 1766 1767
f 1752 1767 1723
f 1723 1767 1724
f 1723 1724 1718
f 1718 1724 1726
f 1718 1726 1719
f 1768 1769 1770
f 1771 1772 1773
f 1770 1769 1774
f 1695 1775 1712
f 1686 1776 1692
f 1726 1725 1777
f 1778 1719 1726
f 1779 1721 1720
f 1780 1701 1692
f 1781 1700 1701
f 1782 1699 1700
f 1697 1696 1783
f 1783 1696 1784
f 1783 1784 1785
f 1695 1697 1775
f 1775 1697 1783
f 1775 1783 1786
f 1786 1783 1785
f 1786 1785 1787
f 1692 1788 1780
f 1780 1788 1789
f 1780 1789 1790
f 1790 1789 1791
f 1790 1791 1792
f 1700 1781 1782
f 1782 1781 1793
f 1782 1793 1794
f 1794 1793 1795
f 1794 1795 1796
f 1772 1771 1797
f 1797 1771 1798
f 1797 1798 1799
f 1699 1773 1698
f 1698 1773 1772
f 1698 1772 1800
f 1800 1772 1797
f 1800 1797 1801
f 1801 1797 1799
f 1801 1799 1802
f 1712 1775 1713
f 1713 1775 1786
f 1713 1786 1707
f 1707 1786 1787
f 1707 1787 1709
f 1803 1779 1778
f 1778 1779 1720
f 1778 1720 1719
f 1692 1776 1788
f 1788 1776 1804
f 1788 1804 1789
f 1789 1804 1805
f 1789 1805 1791
f 1791 1805 1806
f 1791 1806 1792
f 1792 1806 1807
f 1792 1807 1808
f 1701 1780 1781
f 1781 1780 1790
f 1781 1790 1793
f 1793 1790 1792
f 1793 1792 1795
f 1795 1792 1808
f 1795 1808 1809
f 1798 1810 1799
f 1799 1810 1811
f 1799 1811 1802
f 1802 1811 1812
f 1802 1812 1813
f 1710 1709 1813
f 1813 1709 1787
f 1813 1787 1802
f 1802 1787 1785
f 1802 1785 1801
f 1801 1785 1784
f 1801 1784 1800
f 1800 1784 1696
f 1800 1696 1698
f 1726 1777 1778
f 1778 1777 1814
f 1778 1814 1803
f 1717 1721 1815
f 1815 1721 1779
f 1815 1779 1816
f 1816 1779 1803
f 1816 1803 1817
f 1817 1803 1814
f 1817 1814 1818
f 1686 1717 1776
f 1776 1717 1815
f 1776 1815 1804
f 1804 1815 1816
f 1804 1816 1805
f 1805 1816 1817
f 1805 1817 1806
f 1806 1817 1818
f 1806 1818 1807
f 1807 1818 1819
f 1807 1819 1808
f 1808 1819 1820
f 1808 1820 1809
f 1770 1821 1768
f 1768 1821 1822
f 1768 1822 1823
f 1823 1822 1824
f 1823 1824 1825
f 1820 1774 1809
f 1809 1774 1769
f 1809 1769 1795
f 1795 1769 1768
f 1795 1768 1796
f 1796 1768 1823
f 1796 1823 1826
f 1826 1823 1825
f 1826 1825 1827
f 1828 1702 1704
f 1699 1782 1773
f 1773 1782 1794
f 1773 1794 1771
f 1771 1794 1796
f 1771 1796 1798
f 1798 1796 1826
f 1798 1826 1810
f 1810 1826 1827
f 1810 1827 1811
f 1811 1827 1829
f 1811 1829 1812
f 1812 1829 1828
f 1812 1828 1813
f 1813 1828 1704
f 1813 1704 1710
f 1830 1831 1832
f 1832 1831 1833
f 1832 1834 1835
f 1836 1830 1837
f 1837 1830 1832
f 1837 1832 1838
f 1838 1832 1835
f 1839 1840 1832
f 1832 1840 1841
f 1832 1841 1834
f 1833 1842 1832
f 1832 1842 1843
f 1832 1843 1844
f 1845 1839 1846
f 1846 1839 1832
f 1846 1832 1847
f 1847 1832 1844
f 1848 1849 1850
f 1851 1852 1853
f 1854 1841 1840
f 1855 1846 1847
f 1856 1857 1858
f 1859 1860 1861
f 1843 1862 1844
f 1844 1862 1863
f 1844 1863 1847
f 1834 1841 1864
f 1864 1841 1854
f 1864 1854 1865
f 1865 1854 1866
f 1863 1867 1868
f 1869 1870 1871
f 1871 1870 1872
f 1871 1872 1873
f 1873 1872 1874
f 1873 1874 1875
f 1875 1874 1876
f 1875 1876 1877
f 1878 1866 1877
f 1877 1866 1854
f 1877 1854 1875
f 1875 1854 1840
f 1875 1840 1873
f 1873 1840 1839
f 1873 1839 1871
f 1871 1839 1845
f 1871 1845 1869
f 1869 1845 1846
f 1868 1867 1858
f 1847 1879 1855
f 1855 1879 1853
f 1855 1853 1850
f 1850 1853 1852
f 1850 1852 1848
f 1846 1855 1869
f 1869 1855 1850
f 1869 1850 1870
f 1870 1850 1849
f 1870 1849 1880
f 1880 1881 1870
f 1870 1881 1882
f 1870 1882 1872
f 1872 1882 1883
f 1872 1883 1874
f 1874 1883 1884
f 1874 1884 1876
f 1884 1885 1876
f 1876 1885 1886
f 1876 1886 1877
f 1877 1886 1887
f 1877 1887 1878
f 1878 1887 1888
f 1878 1888 1889
f 1890 1891 1892
f 1892 1891 1893
f 1867 1890 1858
f 1858 1890 1892
f 1858 1892 1856
f 1856 1892 1893
f 1856 1893 1894
f 1847 1863 1879
f 1879 1863 1868
f 1879 1868 1853
f 1853 1868 1858
f 1853 1858 1851
f 1851 1858 1857
f 1851 1857 1852
f 1852 1857 1895
f 1852 1895 1848
f 1848 1895 1896
f 1848 1896 1849
f 1849 1896 1897
f 1849 1897 1880
f 1880 1897 1898
f 1880 1898 1881
f 1881 1898 1899
f 1881 1899 1882
f 1882 1899 1900
f 1882 1900 1883
f 1883 1900 1901
f 1883 1901 1884
f 1884 1901 1902
f 1884 1902 1885
f 1885 1902 1903
f 1885 1903 1886
f 1886 1903 1904
f 1886 1904 1887
f 1887 1904 1859
f 1887 1859 1888
f 1888 1859 1861
f 1888 1861 1889
f 1905 1906 1907
f 1908 1909 1910
f 1911 1912 1865
f 1913 1914 1915
f 1915 1914 1831
f 1915 1831 1830
f 1916 1830 1836
f 1917 1836 1837
f 1918 1835 1834
f 1865 1912 1864
f 1833 1831 1919
f 1919 1831 1914
f 1919 1914 1920
f 1920 1914 1913
f 1920 1913 1921
f 1836 1917 1916
f 1916 1917 1922
f 1916 1922 1923
f 1923 1922 1924
f 1923 1924 1925
f 1865 1866 1911
f 1911 1866 1878
f 1911 1878 1926
f 1835 1918 1927
f 1927 1918 1928
f 1927 1928 1929
f 1929 1928 1910
f 1929 1910 1907
f 1907 1910 1909
f 1907 1909 1905
f 1906 1930 1907
f 1907 1930 1931
f 1907 1931 1929
f 1929 1931 1932
f 1929 1932 1927
f 1927 1932 1838
f 1927 1838 1835
f 1906 1933 1930
f 1930 1933 1934
f 1930 1934 1935
f 1935 1924 1930
f 1930 1924 1922
f 1930 1922 1931
f 1931 1922 1917
f 1931 1917 1932
f 1932 1917 1837
f 1932 1837 1838
f 1935 1936 1924
f 1924 1936 1937
f 1924 1937 1925
f 1925 1937 1938
f 1925 1938 1939
f 1830 1916 1915
f 1915 1916 1923
f 1915 1923 1913
f 1913 1923 1925
f 1913 1925 1921
f 1921 1925 1939
f 1921 1939 1940
f 1842 1833 1941
f 1941 1833 1919
f 1941 1919 1942
f 1942 1919 1920
f 1942 1920 1943
f 1943 1920 1921
f 1943 1921 1944
f 1944 1921 1940
f 1843 1842 1862
f 1862 1842 1941
f 1862 1941 1863
f 1863 1941 1942
f 1863 1942 1867
f 1867 1942 1943
f 1867 1943 1890
f 1890 1943 1944
f 1890 1944 1891
f 1860 1945 1861
f 1861 1945 1926
f 1861 1926 1889
f 1889 1926 1878
f 1945 1946 1926
f 1926 1946 1947
f 1926 1947 1911
f 1911 1947 1948
f 1911 1948 1912
f 1949 1894 1893
f 1834 1864 1918
f 1918 1864 1912
f 1918 1912 1928
f 1928 1912 1948
f 1928 1948 1910
f 1910 1948 1947
f 1910 1947 1908
f 1908 1947 1946
f 1908 1946 1909
f 1909 1946 1950
f 1909 1950 1905
f 1905 1950 1951
f 1905 1951 1906
f 1906 1951 1952
f 1906 1952 1933
f 1933 1952 1953
f 1933 1953 1934
f 1934 1953 1954
f 1934 1954 1935
f 1935 1954 1955
f 1935 1955 1936
f 1936 1955 1956
f 1936 1956 1937
f 1937 1956 1957
f 1937 1957 1938
f 1938 1957 1958
f 1938 1958 1939
f 1939 1958 1959
f 1939 1959 1940
f 1940 1959 1949
f 1940 1949 1944
f 1944 1949 1893
f 1944 1893 1891
f 1960 1961 1962
f 1963 1964 1960
f 1960 1964 1965
f 1960 1965 1961
f 1960 1966 1967
f 1963 1960 1968
f 1968 1960 1967
f 1968 1967 1969
f 1970 1960 1971
f 1971 1960 1962
f 1971 1962 1972
f 1970 1973 1960
f 1960 1973 1974
f 1960 1974 1966
f 1975 1976 1977
f 1978 1979 1980
f 1981 1982 1983
f 1984 1985 1981
f 1986 1987 1988
f 1989 1973 1970
f 1990 1974 1973
f 1991 1966 1974
f 1967 1992 1969
f 1969 1992 1993
f 1969 1993 1968
f 1967 1994 1992
f 1992 1994 1995
f 1992 1995 1993
f 1993 1995 1996
f 1997 1998 1999
f 1999 1998 1978
f 1999 1978 2000
f 2000 1978 1980
f 2000 1980 2001
f 1979 1996 1980
f 1980 1996 1995
f 1980 1995 2002
f 2002 1995 1994
f 2002 1994 2003
f 2003 1994 1967
f 2003 1967 1966
f 1971 2004 2005
f 2005 2004 2006
f 2005 2006 2007
f 2007 2006 2008
f 2007 2008 2009
f 1970 2010 1989
f 1989 2010 2011
f 1989 2011 2012
f 2012 2011 2013
f 2012 2013 2014
f 2015 1986 1984
f 1984 1986 1988
f 1984 1988 1985
f 2008 2016 2009
f 2009 2016 2017
f 2009 2017 2018
f 2018 2013 2009
f 2009 2013 2011
f 2009 2011 2007
f 2007 2011 2010
f 2007 2010 2005
f 2005 2010 1970
f 2005 1970 1971
f 2018 2019 2013
f 2013 2019 2020
f 2013 2020 2014
f 2014 2020 2021
f 2014 2021 2022
f 1973 1989 1990
f 1990 1989 2012
f 1990 2012 2023
f 2023 2012 2014
f 2023 2014 2024
f 2024 2014 2022
f 2024 2022 2025
f 1974 1990 1991
f 1991 1990 2023
f 1991 2023 2026
f 2026 2023 2024
f 2026 2024 1977
f 1977 2024 2025
f 1977 2025 1975
f 1966 1991 2003
f 2003 1991 2026
f 2003 2026 2002
f 2002 2026 1977
f 2002 1977 1980
f 1980 1977 1976
f 1980 1976 2001
f 1981 1983 1984
f 1984 1983 2027
f 1984 2027 2015
f 2004 1987 2006
f 2006 1987 1986
f 2006 1986 2008
f 2008 1986 2015
f 2008 2015 2016
f 2016 2015 2027
f 2016 2027 2017
f 2017 2027 2028
f 2017 2028 2018
f 2018 2028 2029
f 2018 2029 2019
f 2019 2029 2030
f 2019 2030 2020
f 2020 2030 2031
f 2020 2031 2021
f 2021 2031 2032
f 2021 2032 2022
f 2022 2032 2033
f 2022 2033 2025
f 2025 2033 2034
f 2025 2034 1975
f 1975 2034 2035
f 1975 2035 1976
f 1976 2035 2036
f 1976 2036 2001
f 2001 2036 2037
f 2001 2037 2000
f 2000 2037 2038
f 2000 2038 1999
f 1999 2038 2039
f 1999 2039 1997
f 1997 2039 2040
f 1988 1987 2041
f 2040 2042 1997
f 1997 2042 2043
f 1979 1978 2043
f 2043 1978 1998
f 2043 1998 1997
f 2043 2044 1979
f 1979 2044 2045
f 1979 2045 1996
f 1996 2045 2046
f 1996 2046 1993
f 1993 2046 1963
f 1993 1963 1968
f 1971 1972 2047
f 2047 1972 1962
f 1981 1985 2048
f 2048 1985 1988
f 2048 1988 2049
f 2049 1988 2041
f 2049 2041 2050
f 2051 2052 2053
f 2053 2052 2054
f 1987 2004 2041
f 2041 2004 2055
f 2041 2055 2056
f 2056 2055 2057
f 2056 2057 2051
f 2058 2059 2060
f 2060 2059 2061
f 2060 2061 2062
f 2062 2061 2063
f 2064 2053 2065
f 2065 2053 2054
f 2065 2054 2066
f 2067 2068 2069
f 2069 2068 2063
f 2069 2063 2070
f 2070 2063 2061
f 2070 2061 2071
f 2071 2061 2059
f 2072 2062 2073
f 2073 2062 2063
f 2073 2063 2074
f 2074 2063 2068
f 2074 2068 2075
f 2075 2068 2067
f 2072 2076 2062
f 2062 2076 2066
f 2062 2066 2060
f 2060 2066 2054
f 2060 2054 2058
f 2058 2054 2052
f 2076 2077 2066
f 2066 2077 2078
f 2066 2078 2065
f 2065 2078 2079
f 2065 2079 2064
f 2064 2079 2080
f 2064 2080 2081
f 2051 2053 2056
f 2056 2053 2064
f 2056 2064 2041
f 2041 2064 2081
f 2041 2081 2050
f 2004 1971 2055
f 2055 1971 2047
f 2055 2047 2057
f 2057 2047 1962
f 2057 1962 2051
f 2051 1962 1961
f 2051 1961 2052
f 2052 1961 1965
f 2052 1965 2058
f 2058 1965 1964
f 2058 1964 2059
f 2059 1964 1963
f 2059 1963 2071
f 2071 1963 2046
f 2071 2046 2070
f 2070 2046 2045
f 2070 2045 2069
f 2069 2045 2044
f 2069 2044 2067
f 2067 2044 2043
f 2067 2043 2075
f 2075 2043 2042
f 2075 2082 2074
f 2074 2082 2083
f 2074 2083 2073
f 2073 2083 2084
f 2073 2084 2072
f 2072 2084 2085
f 2072 2085 2076
f 2076 2085 2086
f 2076 2086 2077
f 2077 2086 2087
f 2077 2087 2078
f 2078 2087 2088
f 2078 2088 2079
f 2079 2088 2089
f 2079 2089 2080
f 2080 2089 2090
f 2080 2090 2081
f 2081 2090 2091
f 2081 2091 2050
f 2050 2091 2092
f 2050 2092 2049
f 2049 2092 2093
f 2049 2093 2048
f 2048 2093 2094
f 2048 2094 1981
f 1981 2094 1982
f 2095 2096 2097
f 2095 2098 2099
f 2099 2100 2095
f 2095 2100 2101
f 2095 2101 2096
f 2102 2103 2095
f 2095 2103 2104
f 2095 2104 2098
f 2097 2105 2095
f 2095 2105 2106
f 2095 2106 2107
f 2107 2108 2095
f 2095 2108 2109
f 2095 2109 2102
f 2110 2111 2112
f 2113 2114 2115
f 2115 2116 2113
f 2113 2116 2117
f 2113 2117 2118
f 2118 2117 2119
f 2118 2119 2120
f 2120 2119 2121
f 2120 2121 2122
f 2123 2124 2125
f 2125 2124 2126
f 2125 2126 2127
f 2128 2129 2130
f 2130 2129 2131
f 2130 2131 2132
f 2132 2131 2133
f 2132 2133 2134
f 2135 2136 2137
f 2137 2136 2138
f 2139 2140 2141
f 2141 2140 2142
f 2141 2142 2143
f 2143 2142 2144
f 2143 2144 2138
f 2138 2144 2145
f 2138 2145 2137
f 2146 2108 2107
f 2109 2108 2147
f 2147 2108 2146
f 2147 2146 2148
f 2149 2150 2151
f 2151 2150 2152
f 2151 2152 2153
f 2153 2152 2098
f 2153 2098 2154
f 2102 2109 2155
f 2155 2109 2147
f 2155 2147 2156
f 2156 2147 2148
f 2156 2148 2157
f 2111 2110 2158
f 2158 2110 2159
f 2158 2159 2160
f 2154 2161 2153
f 2153 2161 2162
f 2153 2162 2151
f 2151 2162 2163
f 2136 2164 2138
f 2138 2164 2165
f 2138 2165 2143
f 2143 2165 2166
f 2143 2166 2141
f 2164 2167 2165
f 2165 2167 2159
f 2165 2159 2166
f 2166 2159 2110
f 2166 2110 2141
f 2141 2110 2112
f 2141 2112 2139
f 2164 2134 2167
f 2167 2134 2133
f 2167 2133 2159
f 2159 2133 2131
f 2159 2131 2160
f 2160 2131 2129
f 2160 2129 2168
f 2168 2129 2128
f 2168 2128 2169
f 2169 2170 2168
f 2168 2170 2157
f 2168 2157 2160
f 2160 2157 2148
f 2160 2148 2158
f 2158 2148 2146
f 2158 2146 2111
f 2111 2146 2107
f 2111 2107 2112
f 2112 2107 2106
f 2112 2106 2139
f 2169 2123 2170
f 2170 2123 2125
f 2170 2125 2157
f 2157 2125 2127
f 2157 2127 2156
f 2156 2127 2171
f 2156 2171 2155
f 2155 2171 2172
f 2155 2172 2102
f 2102 2172 2103
f 2124 2173 2126
f 2126 2173 2174
f 2126 2174 2127
f 2127 2174 2163
f 2127 2163 2171
f 2171 2163 2162
f 2171 2162 2172
f 2172 2162 2161
f 2172 2161 2103
f 2103 2161 2154
f 2103 2154 2104
f 2104 2154 2098
f 2115 2175 2116
f 2116 2175 2149
f 2116 2149 2117
f 2117 2149 2151
f 2117 2151 2119
f 2119 2151 2163
f 2119 2163 2121
f 2121 2163 2174
f 2121 2174 2122
f 2122 2174 2173
f 2115 2114 2176
f 2177 2135 2137
f 2177 2137 2178
f 2179 2180 2181
f 2181 2180 2182
f 2181 2182 2183
f 2183 2182 2184
f 2183 2184 2185
f 2185 2184 2186
f 2185 2186 2187
f 2187 2186 2188
f 2189 2190 2191
f 2191 2190 2192
f 2191 2192 2193
f 2194 2195 2196
f 2196 2195 2197
f 2149 2175 2198
f 2198 2175 2115
f 2199 2152 2200
f 2200 2152 2150
f 2200 2150 2201
f 2201 2150 2149
f 2202 2100 2099
f 2101 2100 2203
f 2203 2100 2202
f 2203 2202 2204
f 2096 2101 2205
f 2205 2101 2203
f 2205 2203 2206
f 2206 2203 2204
f 2206 2204 2207
f 2208 2199 2209
f 2209 2199 2200
f 2209 2200 2210
f 2210 2200 2201
f 2211 2212 2213
f 2214 2215 2216
f 2216 2215 2217
f 2216 2217 2218
f 2218 2217 2219
f 2218 2219 2097
f 2105 2097 2220
f 2220 2097 2219
f 2220 2219 2221
f 2221 2219 2217
f 2221 2217 2222
f 2222 2217 2215
f 2149 2198 2201
f 2201 2198 2223
f 2201 2223 2210
f 2210 2223 2212
f 2210 2212 2209
f 2209 2212 2211
f 2209 2211 2208
f 2115 2176 2198
f 2198 2176 2197
f 2198 2197 2223
f 2223 2197 2195
f 2223 2195 2212
f 2212 2195 2194
f 2212 2194 2213
f 2196 2193 2194
f 2194 2193 2192
f 2194 2192 2213
f 2213 2192 2190
f 2213 2190 2224
f 2224 2190 2189
f 2224 2189 2225
f 2225 2226 2224
f 2224 2226 2207
f 2224 2207 2213
f 2213 2207 2204
f 2213 2204 2211
f 2211 2204 2202
f 2211 2202 2208
f 2208 2202 2099
f 2208 2099 2199
f 2199 2099 2098
f 2199 2098 2152
f 2225 2227 2226
f 2226 2227 2228
f 2226 2228 2207
f 2207 2228 2214
f 2207 2214 2206
f 2206 2214 2216
f 2206 2216 2205
f 2205 2216 2218
f 2205 2218 2096
f 2096 2218 2097
f 2227 2179 2228
f 2228 2179 2181
f 2228 2181 2214
f 2214 2181 2183
f 2214 2183 2215
f 2215 2183 2185
f 2215 2185 2222
f 2222 2185 2187
f 2222 2187 2229
f 2229 2187 2188
f 2106 2105 2230
f 2230 2105 2220
f 2230 2220 2231
f 2231 2220 2221
f 2231 2221 2232
f 2232 2221 2222
f 2232 2222 2178
f 2178 2222 2229
f 2178 2229 2177
f 2177 2229 2188
f 2137 2145 2178
f 2178 2145 2144
f 2178 2144 2232
f 2232 2144 2142
f 2232 2142 2231
f 2231 2142 2140
f 2231 2140 2230
f 2230 2140 2139
f 2230 2139 2106
f 2233 2234 2235
f 2233 2236 2237
f 2237 2238 2233
f 2233 2238 2239
f 2233 2239 2234
f 2240 2241 2233
f 2233 2241 2242
f 2233 2242 2236
f 2235 2243 2233
f 2233 2243 2244
f 2233 2244 2245
f 2245 2246 2233
f 2233 2246 2247
f 2233 2247 2240
f 2248 2249 2250
f 2250 2251 2248
f 2248 2251 2252
f 2248 2252 2253
f 2253 2252 2254
f 2253 2254 2255
f 2255 2254 2256
f 2255 2256 2257
f 2258 2259 2260
f 2260 2259 2261
f 2260 2261 2262
f 2263 2264 2265
f 2265 2264 2266
f 2265 2266 2267
f 2268 2269 2270
f 2268 2270 2271
f 2271 2270 2272
f 2271 2272 2273
f 2274 2275 2276
f 2276 2275 2277
f 2278 2277 2279
f 2279 2277 2275
f 2279 2275 2280
f 2280 2275 2281
f 2282 2283 2284
f 2284 2283 2281
f 2285 2286 2282
f 2282 2286 2287
f 2282 2287 2283
f 2288 2246 2245
f 2247 2246 2289
f 2289 2246 2288
f 2289 2288 2290
f 2291 2292 2293
f 2293 2292 2294
f 2293 2294 2295
f 2295 2294 2236
f 2295 2236 2296
f 2240 2247 2297
f 2297 2247 2289
f 2297 2289 2298
f 2298 2289 2290
f 2298 2290 2267
f 2299 2285 2300
f 2300 2285 2282
f 2300 2282 2301
f 2301 2282 2284
f 2302 2303 2304
f 2296 2305 2295
f 2295 2305 2306
f 2295 2306 2293
f 2293 2306 2307
f 2281 2275 2284
f 2284 2275 2274
f 2284 2274 2301
f 2301 2274 2303
f 2301 2303 2300
f 2300 2303 2302
f 2300 2302 2299
f 2276 2273 2274
f 2274 2273 2272
f 2274 2272 2303
f 2303 2272 2270
f 2303 2270 2304
f 2304 2270 2269
f 2304 2269 2308
f 2308 2269 2268
f 2308 2268 2263
f 2263 2265 2308
f 2308 2265 2267
f 2308 2267 2304
f 2304 2267 2290
f 2304 2290 2302
f 2302 2290 2288
f 2302 2288 2299
f 2299 2288 2245
f 2299 2245 2285
f 2285 2245 2244
f 2285 2244 2286
f 2264 2258 2266
f 2266 2258 2260
f 2266 2260 2267
f 2267 2260 2262
f 2267 2262 2298
f 2298 2262 2309
f 2298 2309 2297
f 2297 2309 2310
f 2297 2310 2240
f 2240 2310 2241
f 2259 2311 2261
f 2261 2311 2312
f 2261 2312 2262
f 2262 2312 2307
f 2262 2307 2309
f 2309 2307 2306
f 2309 2306 2310
f 2310 2306 2305
f 2310 2305 2241
f 2241 2305 2296
f 2241 2296 2242
f 2242 2296 2236
f 2250 2313 2251
f 2251 2313 2291
f 2251 2291 2252
f 2252 2291 2293
f 2252 2293 2254
f 2254 2293 2307
f 2254 2307 2256
f 2256 2307 2312
f 2256 2312 2257
f 2257 2312 2311
f 2314 2315 2316
f 2317 2318 2319
f 2250 2249 2320
f 2321 2278 2279
f 2321 2279 2322
f 2323 2324 2325
f 2325 2324 2326
f 2325 2326 2327
f 2328 2329 2330
f 2329 2328 2331
f 2331 2328 2332
f 2331 2332 2333
f 2334 2313 2250
f 2335 2292 2291
f 2336 2337 2338
f 2338 2337 2235
f 2338 2235 2234
f 2339 2340 2341
f 2341 2340 2342
f 2341 2342 2343
f 2343 2342 2238
f 2343 2238 2237
f 2344 2336 2345
f 2345 2336 2338
f 2345 2338 2346
f 2346 2338 2234
f 2346 2234 2239
f 2236 2294 2319
f 2319 2294 2347
f 2319 2347 2317
f 2317 2347 2348
f 2317 2348 2349
f 2350 2335 2334
f 2334 2335 2291
f 2334 2291 2313
f 2294 2292 2347
f 2347 2292 2335
f 2347 2335 2348
f 2348 2335 2350
f 2348 2350 2349
f 2349 2350 2351
f 2349 2351 2352
f 2318 2317 2353
f 2353 2317 2349
f 2353 2349 2316
f 2316 2349 2352
f 2316 2352 2314
f 2236 2319 2237
f 2237 2319 2318
f 2237 2318 2343
f 2343 2318 2353
f 2343 2353 2341
f 2341 2353 2316
f 2341 2316 2339
f 2339 2316 2315
f 2339 2315 2354
f 2250 2320 2334
f 2334 2320 2355
f 2334 2355 2350
f 2350 2355 2356
f 2350 2356 2351
f 2351 2356 2357
f 2351 2357 2352
f 2352 2357 2358
f 2352 2358 2314
f 2314 2358 2359
f 2314 2359 2315
f 2315 2359 2360
f 2315 2360 2354
f 2354 2360 2361
f 2354 2361 2339
f 2339 2361 2362
f 2339 2362 2340
f 2360 2333 2361
f 2361 2333 2332
f 2361 2332 2362
f 2362 2332 2328
f 2362 2328 2363
f 2363 2328 2330
f 2363 2330 2364
f 2364 2365 2363
f 2363 2365 2344
f 2363 2344 2362
f 2362 2344 2345
f 2362 2345 2340
f 2340 2345 2346
f 2340 2346 2342
f 2342 2346 2239
f 2342 2239 2238
f 2364 2323 2365
f 2365 2323 2325
f 2365 2325 2344
f 2344 2325 2327
f 2344 2327 2336
f 2336 2327 2366
f 2336 2366 2337
f 2337 2366 2367
f 2337 2367 2235
f 2235 2367 2243
f 2244 2243 2368
f 2368 2243 2367
f 2368 2367 2369
f 2369 2367 2366
f 2369 2366 2370
f 2370 2366 2327
f 2370 2327 2322
f 2322 2327 2326
f 2322 2326 2321
f 2321 2326 2324
f 2279 2280 2322
f 2322 2280 2281
f 2322 2281 2370
f 2370 2281 2283
f 2370 2283 2369
f 2369 2283 2287
f 2369 2287 2368
f 2368 2287 2286
f 2368 2286 2244
f 2371 2372 2373
f 2374 2375 2371
f 2371 2375 2376
f 2371 2376 2372
f 2371 2377 2378
f 2374 2371 2379
f 2379 2371 2378
f 2379 2378 2380
f 2381 2371 2382
f 2382 2371 2373
f 2382 2373 2383
f 2381 2384 2371
f 2371 2384 2385
f 2371 2385 2377
f 2386 2387 2388
f 2389 2387 2390
f 2390 2387 2386
f 2390 2386 2391
f 2392 2393 2389
f 2394 2393 2395
f 2395 2393 2392
f 2395 2392 2396
f 2397 2398 2399
f 2399 2398 2400
f 2399 2400 2401
f 2401 2400 2402
f 2401 2402 2403
f 2403 2402 2404
f 2403 2404 2405
f 2406 2407 2408
f 2408 2407 2409
f 2408 2409 2410
f 2381 2382 2411
f 2411 2382 2412
f 2411 2412 2413
f 2413 2412 2414
f 2413 2414 2415
f 2415 2414 2416
f 2415 2416 2417
f 2417 2416 2418
f 2417 2418 2419
f 2378 2420 2380
f 2380 2420 2421
f 2380 2421 2379
f 2378 2422 2420
f 2420 2422 2423
f 2420 2423 2421
f 2421 2423 2424
f 2425 2426 2427
f 2427 2426 2428
f 2429 2391 2428
f 2428 2391 2386
f 2428 2386 2427
f 2427 2386 2388
f 2427 2388 2425
f 2425 2388 2430
f 2431 2432 2433
f 2429 2424 2391
f 2391 2424 2423
f 2391 2423 2434
f 2434 2423 2422
f 2434 2422 2435
f 2435 2422 2378
f 2435 2378 2377
f 2436 2433 2437
f 2437 2433 2432
f 2437 2432 2438
f 2417 2439 2415
f 2415 2439 2440
f 2415 2440 2413
f 2413 2440 2441
f 2413 2441 2411
f 2411 2441 2442
f 2411 2442 2381
f 2384 2381 2443
f 2443 2381 2442
f 2443 2442 2444
f 2444 2442 2441
f 2444 2441 2410
f 2410 2441 2440
f 2410 2440 2408
f 2408 2440 2439
f 2408 2439 2406
f 2406 2439 2417
f 2406 2417 2445
f 2445 2417 2419
f 2445 2419 2446
f 2407 2447 2409
f 2409 2447 2448
f 2409 2448 2410
f 2410 2448 2438
f 2410 2438 2444
f 2444 2438 2432
f 2444 2432 2443
f 2443 2432 2431
f 2443 2431 2384
f 2447 2405 2448
f 2448 2405 2404
f 2448 2404 2438
f 2438 2404 2402
f 2438 2402 2437
f 2437 2402 2400
f 2437 2400 2436
f 2436 2400 2398
f 2436 2398 2449
f 2449 2398 2397
f 2449 2397 2394
f 2394 2395 2449
f 2449 2395 2396
f 2449 2396 2436
f 2436 2396 2450
f 2436 2450 2433
f 2433 2450 2451
f 2433 2451 2431
f 2431 2451 2385
f 2431 2385 2384
f 2389 2390 2392
f 2392 2390 2391
f 2392 2391 2396
f 2396 2391 2434
f 2396 2434 2450
f 2450 2434 2435
f 2450 2435 2451
f 2451 2435 2377
f 2451 2377 2385
f 2425 2430 2452
f 2453 2454 2455
f 2456 2457 2458
f 2459 2373 2372
f 2460 2372 2376
f 2461 2376 2375
f 2462 2463 2464
f 2465 2446 2419
f 2383 2373 2466
f 2466 2373 2467
f 2466 2467 2455
f 2468 2469 2470
f 2376 2461 2460
f 2460 2461 2471
f 2460 2471 2472
f 2426 2473 2428
f 2428 2473 2474
f 2428 2474 2429
f 2429 2474 2475
f 2429 2475 2424
f 2424 2475 2476
f 2424 2476 2421
f 2421 2476 2374
f 2421 2374 2379
f 2474 2477 2475
f 2475 2477 2469
f 2475 2469 2476
f 2476 2469 2468
f 2476 2468 2374
f 2374 2468 2375
f 2375 2468 2461
f 2461 2468 2470
f 2461 2470 2471
f 2471 2470 2478
f 2471 2478 2472
f 2472 2478 2479
f 2472 2479 2480
f 2372 2460 2459
f 2459 2460 2472
f 2459 2472 2458
f 2458 2472 2480
f 2458 2480 2456
f 2373 2459 2467
f 2467 2459 2458
f 2467 2458 2455
f 2455 2458 2457
f 2455 2457 2453
f 2481 2418 2416
f 2382 2383 2412
f 2412 2383 2466
f 2412 2466 2414
f 2414 2466 2455
f 2414 2455 2416
f 2416 2455 2454
f 2416 2454 2481
f 2464 2463 2482
f 2482 2463 2483
f 2482 2483 2484
f 2484 2483 2485
f 2484 2485 2486
f 2426 2425 2473
f 2473 2425 2452
f 2473 2452 2474
f 2474 2452 2462
f 2474 2462 2477
f 2477 2462 2464
f 2477 2464 2469
f 2469 2464 2482
f 2469 2482 2470
f 2470 2482 2484
f 2470 2484 2478
f 2478 2484 2486
f 2478 2486 2479
f 2479 2486 2487
f 2479 2487 2480
f 2480 2487 2488
f 2480 2488 2456
f 2456 2488 2489
f 2456 2489 2457
f 2457 2489 2490
f 2457 2490 2453
f 2453 2490 2491
f 2453 2491 2454
f 2454 2491 2465
f 2454 2465 2481
f 2481 2465 2419
f 2481 2419 2418
f 2492 2493 2494
f 2492 2495 2496
f 2496 2497 2492
f 2492 2497 2498
f 2492 2498 2493
f 2499 2500 2492
f 2492 2500 2501
f 2492 2501 2495
f 2494 2502 2492
f 2492 2502 2503
f 2492 2503 2504
f 2504 2505 2492
f 2492 2505 2506
f 2492 2506 2499
f 2507 2508 2509
f 2510 2511 2512
f 2513 2511 2514
f 2514 2511 2510
f 2514 2510 2515
f 2516 2517 2518
f 2518 2517 2519
f 2518 2519 2520
f 2520 2519 2521
f 2520 2521 2522
f 2522 2521 2523
f 2522 2523 2524
f 2525 2526 2527
f 2527 2526 2528
f 2527 2528 2529
f 2529 2528 2530
f 2529 2530 2531
f 2532 2533 2534
f 2534 2533 2535
f 2534 2535 2536
f 2536 2535 2537
f 2536 2537 2507
f 2538 2539 2532
f 2532 2539 2540
f 2532 2540 2533
f 2541 2505 2504
f 2542 2506 2505
f 2495 2501 2543
f 2543 2501 2500
f 2500 2544 2543
f 2543 2544 2545
f 2543 2545 2495
f 2495 2545 2546
f 2547 2548 2549
f 2549 2548 2550
f 2551 2515 2550
f 2550 2515 2510
f 2550 2510 2549
f 2549 2510 2512
f 2549 2512 2547
f 2547 2512 2552
f 2551 2546 2515
f 2515 2546 2545
f 2515 2545 2553
f 2553 2545 2544
f 2553 2544 2554
f 2554 2544 2500
f 2554 2500 2499
f 2555 2556 2557
f 2505 2541 2542
f 2542 2541 2558
f 2542 2558 2559
f 2559 2558 2560
f 2559 2560 2561
f 2506 2542 2562
f 2562 2542 2559
f 2562 2559 2563
f 2563 2559 2561
f 2563 2561 2564
f 2565 2538 2566
f 2566 2538 2532
f 2566 2532 2567
f 2567 2532 2534
f 2567 2534 2568
f 2568 2534 2536
f 2507 2509 2536
f 2536 2509 2569
f 2536 2569 2568
f 2568 2569 2570
f 2568 2570 2567
f 2567 2570 2556
f 2567 2556 2566
f 2566 2556 2555
f 2566 2555 2565
f 2525 2571 2526
f 2526 2571 2557
f 2526 2557 2528
f 2528 2557 2556
f 2528 2556 2530
f 2530 2556 2570
f 2530 2570 2531
f 2531 2570 2569
f 2571 2560 2557
f 2557 2560 2558
f 2557 2558 2555
f 2555 2558 2541
f 2555 2541 2565
f 2565 2541 2504
f 2565 2504 2538
f 2538 2504 2503
f 2538 2503 2539
f 2525 2524 2571
f 2571 2524 2523
f 2571 2523 2560
f 2560 2523 2521
f 2560 2521 2561
f 2561 2521 2519
f 2561 2519 2564
f 2564 2519 2517
f 2564 2517 2572
f 2572 2517 2516
f 2572 2516 2513
f 2513 2514 2572
f 2572 2514 2515
f 2572 2515 2564
f 2564 2515 2553
f 2564 2553 2563
f 2563 2553 2554
f 2563 2554 2562
f 2562 2554 2499
f 2562 2499 2506
f 2573 2574 2575
f 2576 2508 2507
f 2576 2507 2577
f 2578 2579 2580
f 2580 2579 2581
f 2580 2581 2582
f 2583 2584 2585
f 2585 2584 2586
f 2585 2586 2587
f 2587 2586 2588
f 2588 2586 2589
f 2588 2589 2590
f 2590 2589 2591
f 2590 2591 2592
f 2593 2594 2595
f 2595 2594 2596
f 2595 2596 2597
f 2595 2597 2598
f 2599 2600 2601
f 2552 2602 2547
f 2547 2602 2603
f 2547 2603 2548
f 2548 2603 2550
f 2550 2603 2604
f 2550 2604 2551
f 2551 2604 2605
f 2551 2605 2546
f 2606 2497 2496
f 2607 2498 2497
f 2608 2609 2610
f 2610 2609 2494
f 2610 2494 2493
f 2502 2494 2611
f 2611 2494 2609
f 2611 2609 2612
f 2612 2609 2608
f 2612 2608 2582
f 2574 2573 2613
f 2613 2573 2614
f 2613 2614 2615
f 2497 2606 2607
f 2607 2606 2616
f 2607 2616 2617
f 2617 2616 2618
f 2617 2618 2619
f 2498 2607 2620
f 2620 2607 2617
f 2620 2617 2621
f 2621 2617 2619
f 2621 2619 2622
f 2602 2600 2603
f 2603 2600 2599
f 2603 2599 2604
f 2604 2599 2623
f 2604 2623 2605
f 2601 2624 2599
f 2599 2624 2614
f 2599 2614 2623
f 2623 2614 2573
f 2623 2573 2605
f 2605 2573 2575
f 2605 2575 2546
f 2593 2625 2594
f 2594 2625 2615
f 2594 2615 2596
f 2596 2615 2614
f 2596 2614 2597
f 2597 2614 2624
f 2597 2624 2598
f 2598 2624 2601
f 2625 2618 2615
f 2615 2618 2616
f 2615 2616 2613
f 2613 2616 2606
f 2613 2606 2574
f 2574 2606 2496
f 2574 2496 2575
f 2575 2496 2495
f 2575 2495 2546
f 2593 2592 2625
f 2625 2592 2591
f 2625 2591 2618
f 2618 2591 2589
f 2618 2589 2619
f 2619 2589 2586
f 2619 2586 2622
f 2622 2586 2584
f 2622 2584 2626
f 2626 2584 2583
f 2626 2583 2578
f 2578 2580 2626
f 2626 2580 2582
f 2626 2582 2622
f 2622 2582 2608
f 2622 2608 2621
f 2621 2608 2610
f 2621 2610 2620
f 2620 2610 2493
f 2620 2493 2498
f 2503 2502 2627
f 2627 2502 2611
f 2627 2611 2628
f 2628 2611 2612
f 2628 2612 2629
f 2629 2612 2582
f 2629 2582 2577
f 2577 2582 2581
f 2577 2581 2576
f 2576 2581 2579
f 2507 2537 2577
f 2577 2537 2535
f 2577 2535 2629
f 2629 2535 2533
f 2629 2533 2628
f 2628 2533 2540
f 2628 2540 2627
f 2627 2540 2539
f 2627 2539 2503
f 2630 2631 2632
f 2630 2633 2634
f 2634 2635 2630
f 2630 2635 2636
f 2630 2636 2631
f 2637 2638 2630
f 2630 2638 2639
f 2630 2639 2633
f 2632 2640 2630
f 2630 2640 2641
f 2630 2641 2642
f 2642 2643 2630
f 2630 2643 2644
f 2630 2644 2637
f 2645 2646 2647
f 2648 2649 2650
f 2650 2651 2648
f 2648 2651 2652
f 2648 2652 2653
f 2653 2652 2654
f 2653 2654 2655
f 2655 2654 2656
f 2655 2656 2657
f 2658 2659 2660
f 2660 2659 2661
f 2660 2661 2662
f 2663 2664 2665
f 2665 2664 2666
f 2665 2666 2667
f 2668 2669 2670
f 2670 2669 2671
f 2672 2673 2674
f 2674 2673 2645
f 2675 2676 2677
f 2677 2676 2672
f 2678 2679 2675
f 2675 2679 2680
f 2675 2680 2676
f 2681 2635 2634
f 2636 2635 2682
f 2682 2635 2681
f 2682 2681 2683
f 2684 2685 2686
f 2686 2685 2687
f 2686 2687 2688
f 2688 2687 2641
f 2688 2641 2689
f 2631 2636 2690
f 2690 2636 2682
f 2690 2682 2691
f 2691 2682 2683
f 2691 2683 2692
f 2693 2678 2694
f 2694 2678 2675
f 2694 2675 2695
f 2695 2675 2677
f 2696 2697 2698
f 2689 2699 2688
f 2688 2699 2700
f 2688 2700 2686
f 2686 2700 2701
f 2672 2674 2677
f 2677 2674 2702
f 2677 2702 2695
f 2695 2702 2697
f 2695 2697 2694
f 2694 2697 2696
f 2694 2696 2693
f 2645 2647 2674
f 2674 2647 2671
f 2674 2671 2702
f 2702 2671 2669
f 2702 2669 2697
f 2697 2669 2668
f 2697 2668 2698
f 2670 2667 2668
f 2668 2667 2666
f 2668 2666 2698
f 2698 2666 2664
f 2698 2664 2703
f 2703 2664 2663
f 2703 2663 2704
f 2704 2705 2703
f 2703 2705 2692
f 2703 2692 2698
f 2698 2692 2683
f 2698 2683 2696
f 2696 2683 2681
f 2696 2681 2693
f 2693 2681 2634
f 2693 2634 2678
f 2678 2634 2633
f 2678 2633 2679
f 2704 2658 2705
f 2705 2658 2660
f 2705 2660 2692
f 2692 2660 2662
f 2692 2662 2691
f 2691 2662 2706
f 2691 2706 2690
f 2690 2706 2707
f 2690 2707 2631
f 2631 2707 2632
f 2659 2708 2661
f 2661 2708 2709
f 2661 2709 2662
f 2662 2709 2701
f 2662 2701 2706
f 2706 2701 2700
f 2706 2700 2707
f 2707 2700 2699
f 2707 2699 2632
f 2632 2699 2689
f 2632 2689 2640
f 2640 2689 2641
f 2650 2710 2651
f 2651 2710 2684
f 2651 2684 2652
f 2652 2684 2686
f 2652 2686 2654
f 2654 2686 2701
f 2654 2701 2656
f 2656 2701 2709
f 2656 2709 2657
f 2657 2709 2708
f 2711 2646 2645
f 2711 2645 2712
f 2713 2714 2715
f 2715 2714 2716
f 2715 2716 2717
f 2718 2719 2720
f 2719 2718 2721
f 2721 2718 2722
f 2721 2722 2723
f 2723 2722 2724
f 2723 2724 2725
f 2726 2727 2728
f 2728 2727 2729
f 2730 2731 2732
f 2732 2731 2733
f 2734 2735 2736
f 2736 2735 2737
f 2649 2737 2650
f 2650 2737 2735
f 2650 2735 2710
f 2710 2735 2684
f 2738 2687 2739
f 2739 2687 2685
f 2739 2685 2740
f 2740 2685 2684
f 2741 2643 2642
f 2742 2743 2744
f 2744 2743 2638
f 2744 2638 2637
f 2745 2742 2746
f 2746 2742 2744
f 2746 2744 2747
f 2747 2744 2637
f 2747 2637 2644
f 2748 2738 2749
f 2749 2738 2739
f 2749 2739 2750
f 2750 2739 2740
f 2751 2752 2753
f 2643 2741 2754
f 2754 2741 2755
f 2754 2755 2756
f 2756 2755 2757
f 2756 2757 2758
f 2684 2735 2740
f 2740 2735 2734
f 2740 2734 2750
f 2750 2734 2752
f 2750 2752 2749
f 2749 2752 2751
f 2749 2751 2748
f 2736 2733 2734
f 2734 2733 2731
f 2734 2731 2752
f 2752 2731 2730
f 2752 2730 2753
f 2726 2759 2727
f 2727 2759 2753
f 2727 2753 2729
f 2729 2753 2730
f 2729 2730 2728
f 2728 2730 2732
f 2759 2757 2753
f 2753 2757 2755
f 2753 2755 2751
f 2751 2755 2741
f 2751 2741 2748
f 2748 2741 2642
f 2748 2642 2738
f 2738 2642 2641
f 2738 2641 2687
f 2726 2725 2759
f 2759 2725 2724
f 2759 2724 2757
f 2757 2724 2722
f 2757 2722 2758
f 2758 2722 2718
f 2758 2718 2760
f 2760 2718 2720
f 2760 2720 2761
f 2761 2762 2760
f 2760 2762 2745
f 2760 2745 2758
f 2758 2745 2746
f 2758 2746 2756
f 2756 2746 2747
f 2756 2747 2754
f 2754 2747 2644
f 2754 2644 2643
f 2761 2713 2762
f 2762 2713 2715
f 2762 2715 2745
f 2745 2715 2717
f 2745 2717 2742
f 2742 2717 2763
f 2742 2763 2743
f 2743 2763 2764
f 2743 2764 2638
f 2638 2764 2639
f 2633 2639 2765
f 2765 2639 2764
f 2765 2764 2766
f 2766 2764 2763
f 2766 2763 2767
f 2767 2763 2717
f 2767 2717 2712
f 2712 2717 2716
f 2712 2716 2711
f 2711 2716 2714
f 2645 2673 2712
f 2712 2673 2672
f 2712 2672 2767
f 2767 2672 2676
f 2767 2676 2766
f 2766 2676 2680
f 2766 2680 2765
f 2765 2680 2679
f 2765 2679 2633
f 2768 2769 2770
f 2771 2772 2768
f 2768 2772 2773
f 2768 2773 2769
f 2768 2774 2775
f 2771 2768 2776
f 2776 2768 2775
f 2776 2775 2777
f 2770 2778 2768
f 2768 2778 2779
f 2768 2779 2780
f 2780 2781 2768
f 2768 2781 2782
f 2768 2782 2774
f 2783 2784 2785
f 2786 2784 2787
f 2787 2784 2783
f 2787 2783 2788
f 2789 2790 2786
f 2791 2790 2792
f 2792 2790 2789
f 2792 2789 2793
f 2794 2795 2796
f 2796 2795 2797
f 2796 2797 2798
f 2798 2797 2799
f 2798 2799 2800
f 2800 2799 2801
f 2800 2801 2802
f 2803 2804 2805
f 2805 2804 2806
f 2805 2806 2807
f 2771 2776 2808
f 2808 2776 2809
f 2808 2809 2810
f 2810 2809 2811
f 2810 2811 2812
f 2812 2811 2813
f 2812 2813 2814
f 2814 2813 2815
f 2814 2815 2816
f 2770 2817 2778
f 2778 2817 2818
f 2778 2818 2779
f 2770 2819 2817
f 2817 2819 2820
f 2817 2820 2818
f 2818 2820 2821
f 2822 2823 2824
f 2824 2823 2825
f 2826 2788 2825
f 2825 2788 2783
f 2825 2783 2824
f 2824 2783 2785
f 2824 2785 2822
f 2822 2785 2827
f 2828 2829 2830
f 2826 2821 2788
f 2788 2821 2820
f 2788 2820 2831
f 2831 2820 2819
f 2831 2819 2832
f 2832 2819 2770
f 2832 2770 2769
f 2833 2830 2834
f 2834 2830 2829
f 2834 2829 2835
f 2814 2836 2812
f 2812 2836 2837
f 2812 2837 2810
f 2810 2837 2838
f 2810 2838 2808
f 2808 2838 2839
f 2808 2839 2771
f 2772 2771 2840
f 2840 2771 2839
f 2840 2839 2841
f 2841 2839 2838
f 2841 2838 2807
f 2807 2838 2837
f 2807 2837 2805
f 2805 2837 2836
f 2805 2836 2803
f 2803 2836 2814
f 2803 2814 2842
f 2842 2814 2816
f 2842 2816 2843
f 2804 2844 2806
f 2806 2844 2845
f 2806 2845 2807
f 2807 2845 2835
f 2807 2835 2841
f 2841 2835 2829
f 2841 2829 2840
f 2840 2829 2828
f 2840 2828 2772
f 2844 2802 2845
f 2845 2802 2801
f 2845 2801 2835
f 2835 2801 2799
f 2835 2799 2834
f 2834 2799 2797
f 2834 2797 2833
f 2833 2797 2795
f 2833 2795 2846
f 2846 2795 2794
f 2846 2794 2791
f 2791 2792 2846
f 2846 2792 2793
f 2846 2793 2833
f 2833 2793 2847
f 2833 2847 2830
f 2830 2847 2848
f 2830 2848 2828
f 2828 2848 2773
f 2828 2773 2772
f 2786 2787 2789
f 2789 2787 2788
f 2789 2788 2793
f 2793 2788 2831
f 2793 2831 2847
f 2847 2831 2832
f 2847 2832 2848
f 2848 2832 2769
f 2848 2769 2773
f 2780 2849 2850
f 2851 2852 2853
f 2854 2852 2855
f 2855 2852 2851
f 2855 2851 2856
f 2857 2858 2854
f 2859 2858 2860
f 2860 2858 2857
f 2860 2857 2861
f 2862 2863 2864
f 2864 2863 2865
f 2864 2865 2866
f 2866 2865 2867
f 2866 2867 2868
f 2868 2867 2869
f 2868 2869 2870
f 2871 2872 2873
f 2873 2872 2874
f 2873 2874 2875
f 2826 2825 2876
f 2876 2825 2823
f 2876 2823 2822
f 2780 2779 2818
f 2776 2777 2877
f 2877 2777 2775
f 2775 2878 2877
f 2877 2878 2879
f 2877 2879 2776
f 2776 2879 2809
f 2816 2815 2880
f 2880 2815 2813
f 2811 2856 2813
f 2813 2856 2851
f 2813 2851 2880
f 2880 2851 2853
f 2880 2853 2816
f 2816 2853 2843
f 2881 2882 2883
f 2811 2809 2856
f 2856 2809 2879
f 2856 2879 2884
f 2884 2879 2878
f 2884 2878 2885
f 2885 2878 2775
f 2885 2775 2774
f 2850 2849 2886
f 2886 2849 2887
f 2886 2887 2888
f 2888 2887 2889
f 2888 2889 2890
f 2891 2883 2892
f 2892 2883 2882
f 2892 2882 2893
f 2780 2818 2849
f 2849 2818 2821
f 2849 2821 2887
f 2887 2821 2826
f 2887 2826 2889
f 2889 2826 2876
f 2889 2876 2890
f 2781 2780 2894
f 2894 2780 2850
f 2894 2850 2895
f 2895 2850 2886
f 2895 2886 2875
f 2875 2886 2888
f 2875 2888 2873
f 2873 2888 2890
f 2873 2890 2871
f 2871 2890 2876
f 2871 2876 2896
f 2896 2876 2822
f 2896 2822 2827
f 2872 2897 2874
f 2874 2897 2898
f 2874 2898 2875
f 2875 2898 2893
f 2875 2893 2895
f 2895 2893 2882
f 2895 2882 2894
f 2894 2882 2881
f 2894 2881 2781
f 2897 2870 2898
f 2898 2870 2869
f 2898 2869 2893
f 2893 2869 2867
f 2893 2867 2892
f 2892 2867 2865
f 2892 2865 2891
f 2891 2865 2863
f 2891 2863 2899
f 2899 2863 2862
f 2899 2862 2859
f 2859 2860 2899
f 2899 2860 2861
f 2899 2861 2891
f 2891 2861 2900
f 2891 2900 2883
f 2883 2900 2901
f 2883 2901 2881
f 2881 2901 2782
f 2881 2782 2781
f 2854 2855 2857
f 2857 2855 2856
f 2857 2856 2861
f 2861 2856 2884
f 2861 2884 2900
f 2900 2884 2885
f 2900 2885 2901
f 2901 2885 2774
f 2901 2774 2782
f 2902 2903 2904
f 2902 2905 2906
f 2906 2907 2902
f 2902 2907 2908
f 2902 2908 2903
f 2909 2910 2902
f 2902 2910 2911
f 2902 2911 2905
f 2904 2912 2902
f 2902 2912 2913
f 2902 2913 2914
f 2914 2915 2902
f 2902 2915 2916
f 2902 2916 2909
f 2917 2918 2919
f 2920 2921 2922
f 2923 2921 2924
f 2924 2921 2920
f 2924 2920 2925
f 2926 2927 2928
f 2928 2927 2929
f 2928 2929 2930
f 2930 2929 2931
f 2930 2931 2932
f 2932 2931 2933
f 2932 2933 2934
f 2935 2936 2937
f 2937 2936 2938
f 2937 2938 2939
f 2939 2938 2940
f 2939 2940 2941
f 2942 2943 2944
f 2944 2943 2945
f 2944 2945 2946
f 2946 2945 2947
f 2946 2947 2917
f 2948 2949 2942
f 2942 2949 2950
f 2942 2950 2943
f 2951 2915 2914
f 2952 2916 2915
f 2905 2911 2953
f 2953 2911 2910
f 2910 2954 2953
f 2953 2954 2955
f 2953 2955 2905
f 2905 2955 2956
f 2957 2958 2959
f 2959 2958 2960
f 2961 2925 2960
f 2960 2925 2920
f 2960 2920 2959
f 2959 2920 2922
f 2959 2922 2957
f 2957 2922 2962
f 2961 2956 2925
f 2925 2956 2955
f 2925 2955 2963
f 2963 2955 2954
f 2963 2954 2964
f 2964 2954 2910
f 2964 2910 2909
f 2965 2966 2967
f 2915 2951 2952
f 2952 2951 2968
f 2952 2968 2969
f 2969 2968 2970
f 2969 2970 2971
f 2916 2952 2972
f 2972 2952 2969
f 2972 2969 2973
f 2973 2969 2971
f 2973 2971 2974
f 2975 2948 2976
f 2976 2948 2942
f 2976 2942 2977
f 2977 2942 2944
f 2977 2944 2978
f 2978 2944 2946
f 2917 2919 2946
f 2946 2919 2979
f 2946 2979 2978
f 2978 2979 2980
f 2978 2980 2977
f 2977 2980 2966
f 2977 2966 2976
f 2976 2966 2965
f 2976 2965 2975
f 2935 2981 2936
f 2936 2981 2967
f 2936 2967 2938
f 2938 2967 2966
f 2938 2966 2940
f 2940 2966 2980
f 2940 2980 2941
f 2941 2980 2979
f 2981 2970 2967
f 2967 2970 2968
f 2967 2968 2965
f 2965 2968 2951
f 2965 2951 2975
f 2975 2951 2914
f 2975 2914 2948
f 2948 2914 2913
f 2948 2913 2949
f 2935 2934 2981
f 2981 2934 2933
f 2981 2933 2970
f 2970 2933 2931
f 2970 2931 2971
f 2971 2931 2929
f 2971 2929 2974
f 2974 2929 2927
f 2974 2927 2982
f 2982 2927 2926
f 2982 2926 2923
f 2923 2924 2982
f 2982 2924 2925
f 2982 2925 2974
f 2974 2925 2963
f 2974 2963 2973
f 2973 2963 2964
f 2973 2964 2972
f 2972 2964 2909
f 2972 2909 2916
f 2983 2918 2917
f 2983 2917 2984
f 2985 2986 2987
f 2987 2986 2988
f 2987 2988 2989
f 2990 2991 2992
f 2992 2991 2993
f 2992 2993 2994
f 2994 2993 2995
f 2995 2993 2996
f 2995 2996 2997
f 2997 2996 2998
f 2997 2998 2999
f 3000 3001 3002
f 3002 3001 3003
f 3002 3003 3004
f 3002 3004 3005
f 2962 3006 2957
f 2957 3006 3007
f 3008 2956 3009
f 3009 2956 2961
f 3009 2961 3010
f 3010 2961 2960
f 3010 2960 3007
f 3007 2960 2958
f 3007 2958 2957
f 3011 2907 2906
f 3012 2908 2907
f 3013 3014 3015
f 3015 3014 2904
f 3015 2904 2903
f 2912 2904 3016
f 3016 2904 3014
f 3016 3014 3017
f 3017 3014 3013
f 3017 3013 2989
f 3018 3019 3020
f 2907 3011 3012
f 3012 3011 3021
f 3012 3021 3022
f 3022 3021 3023
f 3022 3023 3024
f 2908 3012 3025
f 3025 3012 3022
f 3025 3022 3026
f 3026 3022 3024
f 3026 3024 3027
f 3028 3008 3029
f 3029 3008 3009
f 3029 3009 3030
f 3030 3009 3010
f 3030 3010 3031
f 3031 3010 3007
f 3031 3007 3032
f 3032 3007 3006
f 3032 3033 3031
f 3031 3033 3034
f 3031 3034 3030
f 3030 3034 3019
f 3030 3019 3029
f 3029 3019 3018
f 3029 3018 3028
f 3000 3035 3001
f 3001 3035 3020
f 3001 3020 3003
f 3003 3020 3019
f 3003 3019 3004
f 3004 3019 3034
f 3004 3034 3005
f 3005 3034 3033
f 3035 3023 3020
f 3020 3023 3021
f 3020 3021 3018
f 3018 3021 3011
f 3018 3011 3028
f 3028 3011 2906
f 3028 2906 3008
f 3008 2906 2905
f 3008 2905 2956
f 3000 2999 3035
f 3035 2999 2998
f 3035 2998 3023
f 3023 2998 2996
f 3023 2996 3024
f 3024 2996 2993
f 3024 2993 3027
f 3027 2993 2991
f 3027 2991 3036
f 3036 2991 2990
f 3036 2990 2985
f 2985 2987 3036
f 3036 2987 2989
f 3036 2989 3027
f 3027 2989 3013
f 3027 3013 3026
f 3026 3013 3015
f 3026 3015 3025
f 3025 3015 2903
f 3025 2903 2908
f 2913 2912 3037
f 3037 2912 3016
f 3037 3016 3038
f 3038 3016 3017
f 3038 3017 3039
f 3039 3017 2989
f 3039 2989 2984
f 2984 2989 2988
f 2984 2988 2983
f 2983 2988 2986
f 2917 2947 2984
f 2984 2947 2945
f 2984 2945 3039
f 3039 2945 2943
f 3039 2943 3038
f 3038 2943 2950
f 3038 2950 3037
f 3037 2950 2949
f 3037 2949 2913
f 3040 3041 3042
f 3040 3043 3044
f 3044 3045 3040
f 3040 3045 3046
f 3040 3046 3041
f 3047 3048 3040
f 3040 3048 3049
f 3040 3049 3043
f 3042 3050 3040
f 3040 3050 3051
f 3040 3051 3052
f 3052 3053 3040
f 3040 3053 3054
f 3040 3054 3047
f 3055 3056 3057
f 3058 3059 3060
f 3061 3059 3062
f 3062 3059 3058
f 3062 3058 3063
f 3064 3065 3066
f 3066 3065 3067
f 3066 3067 3068
f 3068 3067 3069
f 3068 3069 3070
f 3070 3069 3071
f 3070 3071 3072
f 3073 3074 3075
f 3075 3074 3076
f 3075 3076 3077
f 3077 3076 3078
f 3077 3078 3079
f 3080 3081 3082
f 3082 3081 3083
f 3082 3083 3084
f 3084 3083 3085
f 3084 3085 3055
f 3086 3087 3080
f 3080 3087 3088
f 3080 3088 3081
f 3089 3045 3044
f 3090 3046 3045
f 3051 3050 3091
f 3091 3050 3042
f 3042 3092 3091
f 3091 3092 3093
f 3091 3093 3051
f 3051 3093 3094
f 3095 3096 3097
f 3097 3096 3098
f 3099 3063 3098
f 3098 3063 3058
f 3098 3058 3097
f 3097 3058 3060
f 3097 3060 3095
f 3095 3060 3100
f 3099 3094 3063
f 3063 3094 3093
f 3063 3093 3101
f 3101 3093 3092
f 3101 3092 3102
f 3102 3092 3042
f 3102 3042 3041
f 3103 3104 3105
f 3045 3089 3090
f 3090 3089 3106
f 3090 3106 3107
f 3107 3106 3108
f 3107 3108 3109
f 3046 3090 3110
f 3110 3090 3107
f 3110 3107 3111
f 3111 3107 3109
f 3111 3109 3112
f 3113 3086 3114
f 3114 3086 3080
f 3114 3080 3115
f 3115 3080 3082
f 3115 3082 3116
f 3116 3082 3084
f 3055 3057 3084
f 3084 3057 3117
f 3084 3117 3116
f 3116 3117 3118
f 3116 3118 3115
f 3115 3118 3104
f 3115 3104 3114
f 3114 3104 3103
f 3114 3103 3113
f 3073 3119 3074
f 3074 3119 3105
f 3074 3105 3076
f 3076 3105 3104
f 3076 3104 3078
f 3078 3104 3118
f 3078 3118 3079
f 3079 3118 3117
f 3119 3108 3105
f 3105 3108 3106
f 3105 3106 3103
f 3103 3106 3089
f 3103 3089 3113
f 3113 3089 3044
f 3113 3044 3086
f 3086 3044 3043
f 3086 3043 3087
f 3073 3072 3119
f 3119 3072 3071
f 3119 3071 3108
f 3108 3071 3069
f 3108 3069 3109
f 3109 3069 3067
f 3109 3067 3112
f 3112 3067 3065
f 3112 3065 3120
f 3120 3065 3064
f 3120 3064 3061
f 3061 3062 3120
f 3120 3062 3063
f 3120 3063 3112
f 3112 3063 3101
f 3112 3101 3111
f 3111 3101 3102
f 3111 3102 3110
f 3110 3102 3041
f 3110 3041 3046
f 3121 3122 3123
f 3124 3056 3055
f 3124 3055 3125
f 3126 3127 3128
f 3128 3127 3129
f 3128 3129 3130
f 3130 3129 3131
f 3130 3131 3132
f 3132 3131 3133
f 3132 3133 3134
f 3134 3133 3135
f 3136 3137 3138
f 3138 3137 3139
f 3138 3139 3140
f 3138 3140 3141
f 3142 3143 3144
f 3100 3145 3095
f 3095 3145 3146
f 3095 3146 3096
f 3096 3146 3098
f 3098 3146 3147
f 3098 3147 3099
f 3099 3147 3148
f 3099 3148 3094
f 3149 3053 3052
f 3054 3053 3150
f 3150 3053 3149
f 3150 3149 3151
f 3047 3054 3152
f 3152 3054 3150
f 3152 3150 3153
f 3153 3150 3151
f 3153 3151 3154
f 3122 3121 3155
f 3155 3121 3156
f 3155 3156 3157
f 3158 3159 3160
f 3160 3159 3161
f 3160 3161 3162
f 3162 3161 3163
f 3162 3163 3048
f 3049 3048 3164
f 3164 3048 3163
f 3164 3163 3165
f 3165 3163 3161
f 3165 3161 3166
f 3166 3161 3159
f 3145 3143 3146
f 3146 3143 3142
f 3146 3142 3147
f 3147 3142 3167
f 3147 3167 3148
f 3144 3168 3142
f 3142 3168 3156
f 3142 3156 3167
f 3167 3156 3121
f 3167 3121 3148
f 3148 3121 3123
f 3148 3123 3094
f 3144 3141 3168
f 3168 3141 3140
f 3168 3140 3156
f 3156 3140 3139
f 3156 3139 3157
f 3157 3139 3137
f 3157 3137 3169
f 3169 3137 3136
f 3169 3136 3170
f 3170 3171 3169
f 3169 3171 3154
f 3169 3154 3157
f 3157 3154 3151
f 3157 3151 3155
f 3155 3151 3149
f 3155 3149 3122
f 3122 3149 3052
f 3122 3052 3123
f 3123 3052 3051
f 3123 3051 3094
f 3170 3172 3171
f 3171 3172 3173
f 3171 3173 3154
f 3154 3173 3158
f 3154 3158 3153
f 3153 3158 3160
f 3153 3160 3152
f 3152 3160 3162
f 3152 3162 3047
f 3047 3162 3048
f 3172 3126 3173
f 3173 3126 3128
f 3173 3128 3158
f 3158 3128 3130
f 3158 3130 3159
f 3159 3130 3132
f 3159 3132 3166
f 3166 3132 3134
f 3166 3134 3174
f 3174 3134 3135
f 3043 3049 3175
f 3175 3049 3164
f 3175 3164 3176
f 3176 3164 3165
f 3176 3165 3177
f 3177 3165 3166
f 3177 3166 3125
f 3125 3166 3174
f 3125 3174 3124
f 3124 3174 3135
f 3055 3085 3125
f 3125 3085 3083
f 3125 3083 3177
f 3177 3083 3081
f 3177 3081 3176
f 3176 3081 3088
f 3176 3088 3175
f 3175 3088 3087
f 3175 3087 3043
f 3178 3179 3180
f 3181 3182 3178
f 3178 3182 3183
f 3178 3183 3179
f 3178 3184 3185
f 3181 3178 3186
f 3186 3178 3185
f 3186 3185 3187
f 3188 3178 3189
f 3189 3178 3180
f 3189 3180 3190
f 3188 3191 3178
f 3178 3191 3192
f 3178 3192 3184
f 3193 3194 3195
f 3196 3194 3197
f 3197 3194 3193
f 3197 3193 3198
f 3199 3200 3196
f 3201 3200 3202
f 3202 3200 3199
f 3202 3199 3203
f 3204 3205 3206
f 3206 3205 3207
f 3206 3207 3208
f 3208 3207 3209
f 3208 3209 3210
f 3210 3209 3211
f 3210 3211 3212
f 3213 3214 3215
f 3215 3214 3216
f 3215 3216 3217
f 3181 3186 3218
f 3218 3186 3219
f 3218 3219 3220
f 3220 3219 3221
f 3220 3221 3222
f 3222 3221 3223
f 3222 3223 3224
f 3224 3223 3225
f 3224 3225 3226
f 3180 3227 3190
f 3190 3227 3228
f 3190 3228 3189
f 3180 3229 3227
f 3227 3229 3230
f 3227 3230 3228
f 3228 3230 3231
f 3232 3233 3234
f 3234 3233 3235
f 3236 3198 3235
f 3235 3198 3193
f 3235 3193 3234
f 3234 3193 3195
f 3234 3195 3232
f 3232 3195 3237
f 3238 3239 3240
f 3236 3231 3198
f 3198 3231 3230
f 3198 3230 3241
f 3241 3230 3229
f 3241 3229 3242
f 3242 3229 3180
f 3242 3180 3179
f 3243 3240 3244
f 3244 3240 3239
f 3244 3239 3245
f 3224 3246 3222
f 3222 3246 3247
f 3222 3247 3220
f 3220 3247 3248
f 3220 3248 3218
f 3218 3248 3249
f 3218 3249 3181
f 3182 3181 3250
f 3250 3181 3249
f 3250 3249 3251
f 3251 3249 3248
f 3251 3248 3217
f 3217 3248 3247
f 3217 3247 3215
f 3215 3247 3246
f 3215 3246 3213
f 3213 3246 3224
f 3213 3224 3252
f 3252 3224 3226
f 3252 3226 3253
f 3214 3254 3216
f 3216 3254 3255
f 3216 3255 3217
f 3217 3255 3245
f 3217 3245 3251
f 3251 3245 3239
f 3251 3239 3250
f 3250 3239 3238
f 3250 3238 3182
f 3254 3212 3255
f 3255 3212 3211
f 3255 3211 3245
f 3245 3211 3209
f 3245 3209 3244
f 3244 3209 3207
f 3244 3207 3243
f 3243 3207 3205
f 3243 3205 3256
f 3256 3205 3204
f 3256 3204 3201
f 3201 3202 3256
f 3256 3202 3203
f 3256 3203 3243
f 3243 3203 3257
f 3243 3257 3240
f 3240 3257 3258
f 3240 3258 3238
f 3238 3258 3183
f 3238 3183 3182
f 3196 3197 3199
f 3199 3197 3198
f 3199 3198 3203
f 3203 3198 3241
f 3203 3241 3257
f 3257 3241 3242
f 3257 3242 3258
f 3258 3242 3179
f 3258 3179 3183
f 3188 3259 3260
f 3261 3262 3263
f 3264 3262 3265
f 3265 3262 3261
f 3265 3261 3266
f 3267 3268 3264
f 3269 3268 3270
f 3270 3268 3267
f 3270 3267 3271
f 3272 3273 3274
f 3274 3273 3275
f 3274 3275 3276
f 3276 3275 3277
f 3276 3277 3278
f 3278 3277 3279
f 3278 3279 3280
f 3281 3282 3283
f 3283 3282 3284
f 3283 3284 3285
f 3236 3235 3286
f 3286 3235 3233
f 3286 3233 3232
f 3188 3189 3228
f 3186 3187 3287
f 3287 3187 3185
f 3185 3288 3287
f 3287 3288 3289
f 3287 3289 3186
f 3186 3289 3219
f 3226 3225 3290
f 3290 3225 3223
f 3221 3266 3223
f 3223 3266 3261
f 3223 3261 3290
f 3290 3261 3263
f 3290 3263 3226
f 3226 3263 3253
f 3291 3292 3293
f 3221 3219 3266
f 3266 3219 3289
f 3266 3289 3294
f 3294 3289 3288
f 3294 3288 3295
f 3295 3288 3185
f 3295 3185 3184
f 3260 3259 3296
f 3296 3259 3297
f 3296 3297 3298
f 3298 3297 3299
f 3298 3299 3300
f 3301 3293 3302
f 3302 3293 3292
f 3302 3292 3303
f 3188 3228 3259
f 3259 3228 3231
f 3259 3231 3297
f 3297 3231 3236
f 3297 3236 3299
f 3299 3236 3286
f 3299 3286 3300
f 3191 3188 3304
f 3304 3188 3260
f 3304 3260 3305
f 3305 3260 3296
f 3305 3296 3285
f 3285 3296 3298
f 3285 3298 3283
f 3283 3298 3300
f 3283 3300 3281
f 3281 3300 3286
f 3281 3286 3306
f 3306 3286 3232
f 3306 3232 3237
f 3282 3307 3284
f 3284 3307 3308
f 3284 3308 3285
f 3285 3308 3303
f 3285 3303 3305
f 3305 3303 3292
f 3305 3292 3304
f 3304 3292 3291
f 3304 3291 3191
f 3307 3280 3308
f 3308 3280 3279
f 3308 3279 3303
f 3303 3279 3277
f 3303 3277 3302
f 3302 3277 3275
f 3302 3275 3301
f 3301 3275 3273
f 3301 3273 3309
f 3309 3273 3272
f 3309 3272 3269
f 3269 3270 3309
f 3309 3270 3271
f 3309 3271 3301
f 3301 3271 3310
f 3301 3310 3293
f 3293 3310 3311
f 3293 3311 3291
f 3291 3311 3192
f 3291 3192 3191
f 3264 3265 3267
f 3267 3265 3266
f 3267 3266 3271
f 3271 3266 3294
f 3271 3294 3310
f 3310 3294 3295
f 3310 3295 3311
f 3311 3295 3184
f 3311 3184 3192
f 3312 3313 3314
f 3312 3315 3316
f 3316 3317 3312
f 3312 3317 3318
f 3312 3318 3313
f 3319 3320 3312
f 3312 3320 3321
f 3312 3321 3315
f 3314 3322 3312
f 3312 3322 3323
f 3312 3323 3324
f 3324 3325 3312
f 3312 3325 3326
f 3312 3326 3319
f 3327 3328 3329
f 3330 3328 3331
f 3331 3328 3327
f 3331 3327 3332
f 3333 3334 3330
f 3335 3334 3336
f 3336 3334 3333
f 3336 3333 3337
f 3338 3339 3340
f 3340 3339 3341
f 3340 3341 3342
f 3342 3341 3343
f 3342 3343 3344
f 3344 3343 3345
f 3344 3345 3346
f 3347 3348 3349
f 3349 3348 3350
f 3349 3350 3351
f 3352 3353 3354
f 3354 3353 3355
f 3354 3355 3356
f 3356 3355 3357
f 3356 3357 3358
f 3324 3323 3359
f 3359 3323 3360
f 3359 3360 3352
f 3352 3360 3361
f 3352 3361 3353
f 3315 3321 3362
f 3362 3321 3320
f 3320 3363 3362
f 3362 3363 3364
f 3362 3364 3315
f 3315 3364 3365
f 3366 3367 3368
f 3368 3367 3369
f 3370 3332 3369
f 3369 3332 3327
f 3369 3327 3368
f 3368 3327 3329
f 3368 3329 3366
f 3366 3329 3371
f 3372 3373 3374
f 3370 3365 3332
f 3332 3365 3364
f 3332 3364 3375
f 3375 3364 3363
f 3375 3363 3376
f 3376 3363 3320
f 3376 3320 3319
f 3377 3374 3378
f 3378 3374 3373
f 3378 3373 3379
f 3356 3380 3354
f 3354 3380 3381
f 3354 3381 3352
f 3352 3381 3382
f 3352 3382 3359
f 3359 3382 3383
f 3359 3383 3324
f 3325 3324 3384
f 3384 3324 3383
f 3384 3383 3385
f 3385 3383 3382
f 3385 3382 3351
f 3351 3382 3381
f 3351 3381 3349
f 3349 3381 3380
f 3349 3380 3347
f 3347 3380 3356
f 3347 3356 3386
f 3386 3356 3358
f 3386 3358 3387
f 3348 3388 3350
f 3350 3388 3389
f 3350 3389 3351
f 3351 3389 3379
f 3351 3379 3385
f 3385 3379 3373
f 3385 3373 3384
f 3384 3373 3372
f 3384 3372 3325
f 3388 3346 3389
f 3389 3346 3345
f 3389 3345 3379
f 3379 3345 3343
f 3379 3343 3378
f 3378 3343 3341
f 3378 3341 3377
f 3377 3341 3339
f 3377 3339 3390
f 3390 3339 3338
f 3390 3338 3335
f 3335 3336 3390
f 3390 3336 3337
f 3390 3337 3377
f 3377 3337 3391
f 3377 3391 3374
f 3374 3391 3392
f 3374 3392 3372
f 3372 3392 3326
f 3372 3326 3325
f 3330 3331 3333
f 3333 3331 3332
f 3333 3332 3337
f 3337 3332 3375
f 3337 3375 3391
f 3391 3375 3376
f 3391 3376 3392
f 3392 3376 3319
f 3392 3319 3326
f 3393 3394 3395
f 3396 3394 3397
f 3397 3394 3393
f 3397 3393 3398
f 3399 3400 3396
f 3401 3400 3402
f 3402 3400 3399
f 3402 3399 3403
f 3404 3405 3401
f 3406 3407 3408
f 3408 3407 3409
f 3408 3409 3410
f 3410 3409 3411
f 3410 3411 3412
f 3412 3411 3413
f 3412 3413 3414
f 3415 3416 3417
f 3417 3416 3418
f 3417 3418 3419
f 3371 3420 3366
f 3366 3420 3421
f 3316 3315 3422
f 3422 3315 3365
f 3422 3365 3423
f 3423 3365 3370
f 3423 3370 3424
f 3424 3370 3369
f 3424 3369 3421
f 3421 3369 3367
f 3421 3367 3366
f 3425 3426 3427
f 3427 3426 3314
f 3427 3314 3313
f 3428 3429 3430
f 3322 3314 3431
f 3431 3314 3426
f 3431 3426 3432
f 3432 3426 3425
f 3432 3425 3398
f 3433 3430 3434
f 3434 3430 3429
f 3434 3429 3435
f 3420 3436 3421
f 3421 3436 3437
f 3421 3437 3424
f 3424 3437 3438
f 3424 3438 3423
f 3423 3438 3439
f 3423 3439 3422
f 3422 3439 3440
f 3422 3440 3316
f 3436 3415 3437
f 3437 3415 3417
f 3437 3417 3438
f 3438 3417 3419
f 3438 3419 3439
f 3439 3419 3441
f 3439 3441 3440
f 3440 3441 3442
f 3440 3442 3316
f 3316 3442 3317
f 3416 3414 3418
f 3418 3414 3443
f 3418 3443 3419
f 3419 3443 3435
f 3419 3435 3441
f 3441 3435 3429
f 3441 3429 3442
f 3442 3429 3428
f 3442 3428 3317
f 3443 3414 3413
f 3443 3413 3435
f 3435 3413 3411
f 3435 3411 3434
f 3434 3411 3409
f 3434 3409 3433
f 3433 3409 3407
f 3433 3407 3404
f 3404 3407 3406
f 3404 3406 3405
f 3401 3402 3404
f 3404 3402 3403
f 3404 3403 3433
f 3433 3403 3444
f 3433 3444 3430
f 3430 3444 3445
f 3430 3445 3428
f 3428 3445 3318
f 3428 3318 3317
f 3396 3397 3399
f 3399 3397 3398
f 3399 3398 3403
f 3403 3398 3425
f 3403 3425 3444
f 3444 3425 3427
f 3444 3427 3445
f 3445 3427 3313
f 3445 3313 3318
f 3358 3357 3446
f 3446 3357 3355
f 3323 3322 3360
f 3360 3322 3431
f 3360 3431 3361
f 3361 3431 3432
f 3361 3432 3353
f 3353 3432 3398
f 3353 3398 3355
f 3355 3398 3393
f 3355 3393 3446
f 3446 3393 3395
f 3446 3395 3358
f 3358 3395 3387
f 3447 3448 3449
f 3447 3450 3451
f 3451 3452 3447
f 3447 3452 3453
f 3447 3453 3448
f 3454 3455 3447
f 3447 3455 3456
f 3447 3456 3450
f 3449 3457 3447
f 3447 3457 3458
f 3447 3458 3459
f 3459 3460 3447
f 3447 3460 3461
f 3447 3461 3454
f 3462 3463 3464
f 3465 3463 3466
f 3466 3463 3462
f 3466 3462 3467
f 3468 3469 3465
f 3470 3469 3471
f 3471 3469 3468
f 3471 3468 3472
f 3473 3474 3475
f 3475 3474 3476
f 3475 3476 3477
f 3477 3476 3478
f 3477 3478 3479
f 3479 3478 3480
f 3479 3480 3481
f 3482 3483 3484
f 3484 3483 3485
f 3484 3485 3486
f 3459 3458 3487
f 3487 3458 3488
f 3487 3488 3489
f 3489 3488 3490
f 3489 3490 3491
f 3491 3490 3492
f 3491 3492 3493
f 3493 3492 3494
f 3493 3494 3495
f 3450 3456 3496
f 3496 3456 3455
f 3455 3497 3496
f 3496 3497 3498
f 3496 3498 3450
f 3450 3498 3499
f 3500 3501 3502
f 3502 3501 3503
f 3504 3467 3503
f 3503 3467 3462
f 3503 3462 3502
f 3502 3462 3464
f 3502 3464 3500
f 3500 3464 3505
f 3506 3507 3508
f 3504 3499 3467
f 3467 3499 3498
f 3467 3498 3509
f 3509 3498 3497
f 3509 3497 3510
f 3510 3497 3455
f 3510 3455 3454
f 3511 3508 3512
f 3512 3508 3507
f 3512 3507 3513
f 3493 3514 3491
f 3491 3514 3515
f 3491 3515 3489
f 3489 3515 3516
f 3489 3516 3487
f 3487 3516 3517
f 3487 3517 3459
f 3460 3459 3518
f 3518 3459 3517
f 3518 3517 3519
f 3519 3517 3516
f 3519 3516 3486
f 3486 3516 3515
f 3486 3515 3484
f 3484 3515 3514
f 3484 3514 3482
f 3482 3514 3493
f 3482 3493 3520
f 3520 3493 3495
f 3520 3495 3521
f 3483 3522 3485
f 3485 3522 3523
f 3485 3523 3486
f 3486 3523 3513
f 3486 3513 3519
f 3519 3513 3507
f 3519 3507 3518
f 3518 3507 3506
f 3518 3506 3460
f 3522 3481 3523
f 3523 3481 3480
f 3523 3480 3513
f 3513 3480 3478
f 3513 3478 3512
f 3512 3478 3476
f 3512 3476 3511
f 3511 3476 3474
f 3511 3474 3524
f 3524 3474 3473
f 3524 3473 3470
f 3470 3471 3524
f 3524 3471 3472
f 3524 3472 3511
f 3511 3472 3525
f 3511 3525 3508
f 3508 3525 3526
f 3508 3526 3506
f 3506 3526 3461
f 3506 3461 3460
f 3465 3466 3468
f 3468 3466 3467
f 3468 3467 3472
f 3472 3467 3509
f 3472 3509 3525
f 3525 3509 3510
f 3525 3510 3526
f 3526 3510 3454
f 3526 3454 3461
f 3527 3452 3451
f 3528 3529 3530
f 3531 3532 3533
f 3533 3532 3534
f 3533 3534 3535
f 3535 3534 3536
f 3535 3536 3537
f 3538 3539 3540
f 3540 3539 3541
f 3540 3541 3542
f 3543 3501 3500
f 3544 3545 3546
f 3546 3545 3547
f 3546 3547 3548
f 3548 3547 3549
f 3548 3549 3550
f 3550 3549 3543
f 3550 3543 3551
f 3551 3543 3500
f 3551 3500 3505
f 3451 3450 3499
f 3453 3452 3552
f 3552 3452 3527
f 3552 3527 3553
f 3554 3555 3556
f 3556 3555 3557
f 3556 3557 3558
f 3558 3557 3504
f 3558 3504 3503
f 3559 3560 3561
f 3561 3560 3562
f 3544 3563 3545
f 3545 3563 3554
f 3545 3554 3547
f 3547 3554 3556
f 3547 3556 3549
f 3549 3556 3558
f 3549 3558 3543
f 3543 3558 3503
f 3543 3503 3501
f 3544 3564 3563
f 3563 3564 3553
f 3563 3553 3554
f 3554 3553 3527
f 3554 3527 3555
f 3555 3527 3451
f 3555 3451 3557
f 3557 3451 3499
f 3557 3499 3504
f 3544 3538 3564
f 3564 3538 3540
f 3564 3540 3553
f 3553 3540 3542
f 3553 3542 3552
f 3552 3542 3565
f 3552 3565 3453
f 3453 3565 3448
f 3539 3566 3541
f 3541 3566 3567
f 3541 3567 3542
f 3542 3567 3568
f 3542 3568 3565
f 3565 3568 3569
f 3565 3569 3448
f 3448 3569 3449
f 3566 3528 3567
f 3567 3528 3530
f 3567 3530 3568
f 3568 3530 3562
f 3568 3562 3569
f 3569 3562 3560
f 3569 3560 3449
f 3449 3560 3559
f 3449 3559 3457
f 3529 3537 3530
f 3530 3537 3536
f 3530 3536 3562
f 3562 3536 3534
f 3562 3534 3561
f 3561 3534 3532
f 3561 3532 3570
f 3570 3532 3531
f 3570 3531 3571
f 3495 3494 3572
f 3572 3494 3492
f 3458 3457 3488
f 3488 3457 3559
f 3488 3559 3490
f 3490 3559 3561
f 3490 3561 3492
f 3492 3561 3570
f 3492 3570 3572
f 3572 3570 3571
f 3572 3571 3495
f 3495 3571 3521
f 3573 3574 3575
f 3576 3577 3573
f 3573 3577 3578
f 3573 3578 3574
f 3573 3579 3580
f 3576 3573 3581
f 3581 3573 3580
f 3581 3580 3582
f 3583 3573 3584
f 3584 3573 3575
f 3584 3575 3585
f 3583 3586 3573
f 3573 3586 3587
f 3573 3587 3579
f 3588 3589 3590
f 3591 3592 3593
f 3594 3575 3574
f 3595 3576 3581
f 3596 3597 3598
f 3599 3600 3601
f 3577 3576 3602
f 3602 3576 3595
f 3602 3595 3603
f 3574 3578 3604
f 3604 3578 3605
f 3585 3575 3606
f 3606 3575 3607
f 3606 3607 3590
f 3608 3604 3609
f 3609 3604 3605
f 3609 3605 3610
f 3581 3611 3595
f 3595 3611 3612
f 3595 3612 3603
f 3603 3612 3613
f 3603 3613 3614
f 3614 3615 3603
f 3603 3615 3610
f 3603 3610 3602
f 3602 3610 3605
f 3602 3605 3577
f 3577 3605 3578
f 3615 3616 3610
f 3610 3616 3617
f 3610 3617 3609
f 3609 3617 3618
f 3609 3618 3608
f 3608 3618 3619
f 3608 3619 3620
f 3574 3604 3594
f 3594 3604 3608
f 3594 3608 3593
f 3593 3608 3620
f 3593 3620 3591
f 3575 3594 3607
f 3607 3594 3593
f 3607 3593 3590
f 3590 3593 3592
f 3590 3592 3588
f 3621 3622 3623
f 3584 3585 3624
f 3624 3585 3606
f 3624 3606 3625
f 3625 3606 3590
f 3625 3590 3623
f 3623 3590 3589
f 3623 3589 3621
f 3626 3627 3628
f 3628 3627 3629
f 3630 3626 3598
f 3598 3626 3628
f 3598 3628 3596
f 3596 3628 3629
f 3596 3629 3631
f 3611 3630 3612
f 3612 3630 3598
f 3612 3598 3613
f 3613 3598 3597
f 3613 3597 3614
f 3614 3597 3632
f 3614 3632 3615
f 3615 3632 3633
f 3615 3633 3616
f 3616 3633 3634
f 3616 3634 3617
f 3617 3634 3635
f 3617 3635 3618
f 3618 3635 3636
f 3618 3636 3619
f 3619 3636 3637
f 3619 3637 3620
f 3620 3637 3638
f 3620 3638 3591
f 3591 3638 3639
f 3591 3639 3592
f 3592 3639 3640
f 3592 3640 3588
f 3588 3640 3641
f 3588 3641 3589
f 3589 3641 3599
f 3589 3599 3621
f 3621 3599 3601
f 3621 3601 3622
f 3642 3643 3644
f 3645 3646 3647
f 3648 3580 3579
f 3649 3583 3584
f 3650 3651 3652
f 3653 3631 3629
f 3586 3583 3654
f 3654 3583 3649
f 3654 3649 3655
f 3579 3587 3656
f 3656 3587 3657
f 3582 3580 3658
f 3658 3580 3659
f 3658 3659 3644
f 3660 3656 3661
f 3661 3656 3657
f 3661 3657 3662
f 3584 3624 3649
f 3649 3624 3663
f 3649 3663 3655
f 3655 3663 3664
f 3655 3664 3665
f 3665 3666 3655
f 3655 3666 3662
f 3655 3662 3654
f 3654 3662 3657
f 3654 3657 3586
f 3586 3657 3587
f 3666 3667 3662
f 3662 3667 3668
f 3662 3668 3661
f 3661 3668 3669
f 3661 3669 3660
f 3660 3669 3670
f 3660 3670 3671
f 3579 3656 3648
f 3648 3656 3660
f 3648 3660 3647
f 3647 3660 3671
f 3647 3671 3645
f 3580 3648 3659
f 3659 3648 3647
f 3659 3647 3644
f 3644 3647 3646
f 3644 3646 3642
f 3672 3627 3626
f 3581 3582 3611
f 3611 3582 3658
f 3611 3658 3630
f 3630 3658 3644
f 3630 3644 3626
f 3626 3644 3643
f 3626 3643 3672
f 3623 3622 3673
f 3673 3622 3601
f 3625 3623 3652
f 3652 3623 3673
f 3652 3673 3650
f 3650 3673 3601
f 3650 3601 3600
f 3624 3625 3663
f 3663 3625 3652
f 3663 3652 3664
f 3664 3652 3651
f 3664 3651 3665
f 3665 3651 3674
f 3665 3674 3666
f 3666 3674 3675
f 3666 3675 3667
f 3667 3675 3676
f 3667 3676 3668
f 3668 3676 3677
f 3668 3677 3669
f 3669 3677 3678
f 3669 3678 3670
f 3670 3678 3679
f 3670 3679 3671
f 3671 3679 3680
f 3671 3680 3645
f 3645 3680 3681
f 3645 3681 3646
f 3646 3681 3682
f 3646 3682 3642
f 3642 3682 3683
f 3642 3683 3643
f 3643 3683 3653
f 3643 3653 3672
f 3672 3653 3629
f 3672 3629 3627
f 3684 3685 3686
f 3686 3685 3687
f 3686 3687 3688
f 3689 3690 3687
f 3687 3690 3691
f 3687 3691 3688
f 3692 3693 3694
f 3695 3692 3696
f 3696 3692 3694
f 3696 3694 3697
f 3694 3698 3699
f 3699 3700 3694
f 3694 3700 3701
f 3694 3701 3697
f 3685 3702 3687
f 3687 3702 3698
f 3687 3698 3689
f 3689 3698 3694
f 3689 3694 3703
f 3703 3694 3693
f 3704 3705 3706
f 3704 3706 3707
f 3707 3706 3708
f 3707 3708 3709
f 3709 3708 3710
f 3709 3710 3711
f 3711 3710 3712
f 3711 3712 3713
f 3713 3712 3714
f 3713 3714 3715
f 3715 3714 3716
f 3716 3714 3717
f 3716 3717 3718
f 3718 3717 3719
f 3718 3719 3720
f 3720 3719 3721
f 3720 3721 3722
f 3689 3703 3723
f 3723 3724 3689
f 3689 3724 3725
f 3689 3725 3690
f 3690 3725 3726
f 3690 3726 3691
f 3691 3726 3727
f 3691 3727 3688
f 3688 3727 3728
f 3688 3728 3686
f 3686 3728 3729
f 3686 3729 3684
f 3684 3729 3730
f 3684 3730 3685
f 3685 3730 3731
f 3685 3731 3702
f 3732 3731 3733
f 3733 3731 3730
f 3733 3730 3734
f 3734 3730 3729
f 3734 3729 3735
f 3735 3729 3728
f 3735 3728 3736
f 3736 3728 3727
f 3736 3727 3737
f 3737 3727 3726
f 3737 3726 3738
f 3738 3726 3725
f 3738 3725 3739
f 3739 3725 3724
f 3739 3724 3740
f 3740 3724 3723
f 3741 3732 3742
f 3742 3732 3733
f 3742 3733 3743
f 3743 3733 3734
f 3743 3734 3744
f 3744 3734 3735
f 3744 3735 3745
f 3745 3735 3736
f 3745 3736 3746
f 3746 3736 3737
f 3746 3737 3747
f 3747 3737 3738
f 3747 3738 3748
f 3748 3738 3739
f 3748 3739 3749
f 3749 3739 3740
f 3750 3741 3751
f 3751 3741 3742
f 3751 3742 3752
f 3752 3742 3743
f 3752 3743 3753
f 3753 3743 3744
f 3753 3744 3754
f 3754 3744 3745
f 3754 3745 3755
f 3755 3745 3746
f 3755 3746 3756
f 3756 3746 3747
f 3756 3747 3757
f 3757 3747 3748
f 3757 3748 3758
f 3758 3748 3749
f 3705 3750 3706
f 3706 3750 3751
f 3706 3751 3708
f 3708 3751 3752
f 3708 3752 3710
f 3710 3752 3753
f 3710 3753 3712
f 3712 3753 3754
f 3712 3754 3714
f 3714 3754 3755
f 3714 3755 3717
f 3717 3755 3756
f 3717 3756 3719
f 3719 3756 3757
f 3719 3757 3721
f 3721 3757 3758
f 3759 3760 3722
f 3761 3762 3763
f 3763 3762 3764
f 3763 3764 3765
f 3765 3764 3766
f 3765 3766 3767
f 3767 3766 3760
f 3767 3760 3768
f 3768 3760 3759
f 3769 3770 3761
f 3761 3770 3771
f 3761 3771 3762
f 3761 3772 3769
f 3769 3772 3773
f 3769 3773 3774
f 3774 3773 3775
f 3774 3775 3776
f 3776 3775 3705
f 3776 3705 3704
f 3698 3702 3731
f 3731 3777 3698
f 3698 3777 3778
f 3698 3778 3699
f 3699 3778 3779
f 3699 3779 3700
f 3700 3779 3780
f 3700 3780 3701
f 3701 3780 3781
f 3701 3781 3697
f 3697 3781 3782
f 3697 3782 3696
f 3696 3782 3783
f 3696 3783 3695
f 3695 3783 3784
f 3695 3784 3692
f 3692 3784 3785
f 3692 3785 3693
f 3703 3693 3723
f 3723 3693 3785
f 3723 3785 3740
f 3749 3740 3786
f 3786 3740 3785
f 3786 3785 3787
f 3787 3785 3784
f 3787 3784 3788
f 3788 3784 3783
f 3788 3783 3789
f 3789 3783 3782
f 3789 3782 3790
f 3790 3782 3781
f 3790 3781 3791
f 3791 3781 3780
f 3791 3780 3792
f 3792 3780 3779
f 3792 3779 3793
f 3793 3779 3778
f 3793 3778 3794
f 3794 3778 3777
f 3794 3777 3732
f 3732 3777 3731
f 3758 3749 3795
f 3795 3749 3786
f 3795 3786 3796
f 3796 3786 3787
f 3796 3787 3797
f 3797 3787 3788
f 3797 3788 3798
f 3798 3788 3789
f 3798 3789 3799
f 3799 3789 3790
f 3799 3790 3800
f 3800 3790 3791
f 3800 3791 3801
f 3801 3791 3792
f 3801 3792 3802
f 3802 3792 3793
f 3802 3793 3803
f 3803 3793 3794
f 3803 3794 3741
f 3741 3794 3732
f 3721 3758 3804
f 3804 3758 3795
f 3804 3795 3805
f 3805 3795 3796
f 3805 3796 3806
f 3806 3796 3797
f 3806 3797 3807
f 3807 3797 3798
f 3807 3798 3808
f 3808 3798 3799
f 3808 3799 3809
f 3809 3799 3800
f 3809 3800 3810
f 3810 3800 3801
f 3810 3801 3811
f 3811 3801 3802
f 3811 3802 3812
f 3812 3802 3803
f 3812 3803 3750
f 3750 3803 3741
f 3722 3721 3759
f 3759 3721 3804
f 3759 3804 3768
f 3768 3804 3805
f 3768 3805 3767
f 3767 3805 3806
f 3767 3806 3765
f 3765 3806 3807
f 3765 3807 3763
f 3763 3807 3808
f 3763 3808 3761
f 3761 3808 3809
f 3761 3809 3772
f 3772 3809 3810
f 3772 3810 3773
f 3773 3810 3811
f 3773 3811 3775
f 3775 3811 3812
f 3775 3812 3705
f 3705 3812 3750
f 3813 3814 3815
f 3816 3817 3818
f 3818 3817 3819
f 3815 3820 3818
f 3818 3820 3821
f 3818 3821 3816
f 3814 3813 3822
f 3823 3822 3824
f 3824 3822 3813
f 3824 3813 3825
f 3825 3813 3826
f 3819 3827 3818
f 3818 3827 3828
f 3818 3828 3815
f 3815 3828 3829
f 3815 3829 3813
f 3813 3829 3830
f 3813 3830 3826
f 3831 3832 3833
f 3831 3833 3834
f 3834 3833 3835
f 3834 3835 3836
f 3836 3835 3837
f 3836 3837 3838
f 3838 3837 3839
f 3838 3839 3840
f 3840 3839 3841
f 3840 3841 3842
f 3842 3841 3843
f 3843 3841 3844
f 3843 3844 3845
f 3845 3844 3846
f 3845 3846 3847
f 3847 3846 3848
f 3847 3848 3849
f 3849 3848 3850
f 3849 3850 3851
f 3828 3827 3852
f 3852 3853 3828
f 3828 3853 3854
f 3828 3854 3829
f 3829 3854 3855
f 3829 3855 3830
f 3830 3855 3856
f 3830 3856 3826
f 3826 3856 3857
f 3826 3857 3825
f 3825 3857 3858
f 3825 3858 3824
f 3824 3858 3859
f 3824 3859 3823
f 3823 3859 3860
f 3823 3860 3822
f 3822 3860 3861
f 3822 3861 3814
f 3862 3861 3863
f 3863 3861 3860
f 3863 3860 3864
f 3864 3860 3859
f 3864 3859 3865
f 3865 3859 3858
f 3865 3858 3866
f 3866 3858 3857
f 3866 3857 3867
f 3867 3857 3856
f 3867 3856 3868
f 3868 3856 3855
f 3868 3855 3869
f 3869 3855 3854
f 3869 3854 3870
f 3870 3854 3853
f 3870 3853 3871
f 3871 3853 3852
f 3872 3862 3873
f 3873 3862 3863
f 3873 3863 3874
f 3874 3863 3864
f 3874 3864 3875
f 3875 3864 3865
f 3875 3865 3876
f 3876 3865 3866
f 3876 3866 3877
f 3877 3866 3867
f 3877 3867 3878
f 3878 3867 3868
f 3878 3868 3879
f 3879 3868 3869
f 3879 3869 3880
f 3880 3869 3870
f 3880 3870 3881
f 3881 3870 3871
f 3882 3872 3883
f 3883 3872 3873
f 3883 3873 3884
f 3884 3873 3874
f 3884 3874 3885
f 3885 3874 3875
f 3885 3875 3886
f 3886 3875 3876
f 3886 3876 3887
f 3887 3876 3877
f 3887 3877 3888
f 3888 3877 3878
f 3888 3878 3889
f 3889 3878 3879
f 3889 3879 3890
f 3890 3879 3880
f 3890 3880 3891
f 3891 3880 3881
f 3832 3882 3833
f 3833 3882 3883
f 3833 3883 3835
f 3835 3883 3884
f 3835 3884 3837
f 3837 3884 3885
f 3837 3885 3839
f 3839 3885 3886
f 3839 3886 3841
f 3841 3886 3887
f 3841 3887 3844
f 3844 3887 3888
f 3844 3888 3846
f 3846 3888 3889
f 3846 3889 3848
f 3848 3889 3890
f 3848 3890 3850
f 3850 3890 3891
f 3892 3891 3881
f 3891 3892 3850
f 3893 3894 3895
f 3896 3894 3897
f 3897 3894 3893
f 3897 3893 3898
f 3899 3900 3896
f 3901 3900 3902
f 3902 3900 3899
f 3902 3899 3903
f 3904 3905 3901
f 3906 3907 3908
f 3908 3907 3909
f 3908 3909 3910
f 3910 3909 3911
f 3910 3911 3912
f 3912 3911 3913
f 3912 3913 3914
f 3915 3916 3917
f 3917 3916 3918
f 3917 3918 3919
f 3920 3921 3922
f 3831 3921 3832
f 3832 3921 3920
f 3832 3920 3882
f 3882 3920 3872
f 3922 3923 3920
f 3920 3923 3924
f 3920 3924 3872
f 3872 3924 3925
f 3872 3925 3862
f 3862 3925 3926
f 3862 3926 3861
f 3861 3926 3815
f 3861 3815 3814
f 3819 3817 3927
f 3927 3817 3928
f 3927 3928 3929
f 3930 3931 3932
f 3827 3819 3852
f 3852 3819 3927
f 3852 3927 3871
f 3871 3927 3929
f 3871 3929 3881
f 3933 3932 3934
f 3934 3932 3931
f 3934 3931 3935
f 3922 3915 3923
f 3923 3915 3917
f 3923 3917 3924
f 3924 3917 3919
f 3924 3919 3925
f 3925 3919 3936
f 3925 3936 3926
f 3926 3936 3937
f 3926 3937 3815
f 3815 3937 3820
f 3916 3914 3918
f 3918 3914 3938
f 3918 3938 3919
f 3919 3938 3935
f 3919 3935 3936
f 3936 3935 3931
f 3936 3931 3937
f 3937 3931 3930
f 3937 3930 3820
f 3938 3914 3913
f 3938 3913 3935
f 3935 3913 3911
f 3935 3911 3934
f 3934 3911 3909
f 3934 3909 3933
f 3933 3909 3907
f 3933 3907 3904
f 3904 3907 3906
f 3904 3906 3905
f 3901 3902 3904
f 3904 3902 3903
f 3904 3903 3933
f 3933 3903 3939
f 3933 3939 3932
f 3932 3939 3940
f 3932 3940 3930
f 3930 3940 3821
f 3930 3821 3820
f 3896 3897 3899
f 3899 3897 3898
f 3899 3898 3903
f 3903 3898 3941
f 3903 3941 3939
f 3939 3941 3942
f 3939 3942 3940
f 3940 3942 3816
f 3940 3816 3821
f 3851 3850 3895
f 3895 3850 3892
f 3895 3892 3893
f 3893 3892 3881
f 3893 3881 3898
f 3898 3881 3929
f 3898 3929 3941
f 3941 3929 3928
f 3941 3928 3942
f 3942 3928 3817
f 3942 3817 3816
f 3834 3836 3943
f 701 702 3944
f 3945 3946 3947
f 1647 1649 3948
f 3948 1649 1651
f 1647 3948 1678
f 1678 3948 3949
f 1678 3949 1676
f 1676 3949 3950
f 1676 3950 1675
f 1675 3950 3951
f 1675 3951 1679
f 3952 1670 3953
f 3953 1670 1684
f 3954 1667 3955
f 3955 1667 1672
f 3955 1672 3952
f 3952 1672 1671
f 3952 1671 1670
f 3945 3954 3946
f 3946 3954 3955
f 3946 3955 3947
f 3947 3955 3956
f 3947 3956 3957
f 1829 1827 3958
f 3959 1829 3960
f 1829 3958 3960
f 3960 3958 3961
f 3960 3961 3962
f 3962 3961 3963
f 3963 3961 1856
f 3963 1856 1894
f 1894 1949 3963
f 3963 1949 1959
f 3963 1959 1958
f 3964 3965 1958
f 3965 3966 1958
f 1958 3966 3967
f 1958 3967 3963
f 3968 3969 3970
f 3970 3969 3971
f 3970 3971 3964
f 1002 1103 3970
f 3970 1103 1109
f 1109 1087 3970
f 3970 1087 3972
f 3970 3972 3968
f 3964 1958 3970
f 3970 1958 1957
f 3970 1957 1956
f 1956 1955 3970
f 3970 1955 1954
f 3970 1954 1002
f 1002 1954 1953
f 1002 1953 1952
f 1950 1946 3973
f 1952 1951 1002
f 1002 1951 1950
f 1002 1950 3974
f 3974 1950 3973
f 1946 1945 3973
f 3973 1945 1860
f 3973 1860 3975
f 3975 1860 1859
f 3975 1859 918
f 918 1859 1904
f 918 1904 1903
f 1903 1902 918
f 918 1902 1901
f 918 1901 1900
f 3976 1899 1898
f 3977 965 3976
f 3976 965 964
f 3976 964 938
f 1900 1899 918
f 918 1899 3976
f 918 3976 937
f 937 3976 938
f 3978 839 838
f 968 967 3977
f 3977 967 966
f 3977 966 965
f 837 835 3979
f 3979 835 832
f 3979 832 3980
f 832 831 3980
f 3980 831 864
f 3980 864 3978
f 3978 864 859
f 3978 859 839
f 2364 2330 3980
f 3980 2330 2329
f 3980 2329 2331
f 2358 2357 3979
f 2331 2333 3980
f 3980 2333 2360
f 3980 2360 3979
f 3979 2360 2359
f 3979 2359 2358
f 2357 2356 3979
f 3979 2356 2355
f 3979 2355 3981
f 2355 2320 3981
f 3981 2320 2249
f 3981 2249 749
f 749 2249 2248
f 749 2248 2253
f 2311 781 2257
f 2257 781 805
f 2257 805 794
f 702 784 2311
f 2311 784 782
f 2311 782 781
f 2311 2259 702
f 702 2259 2258
f 702 2258 3944
f 3944 2258 2264
f 2253 2255 749
f 749 2255 2257
f 749 2257 785
f 785 2257 794
f 649 2708 2659
f 2658 2704 3982
f 3982 2704 2663
f 2663 2665 3982
f 3982 2665 2667
f 3982 2667 2670
f 2737 2649 666
f 666 2649 2648
f 649 647 2708
f 2708 647 646
f 2708 646 2657
f 2657 646 667
f 2657 667 2655
f 2655 667 666
f 2655 666 2653
f 2653 666 2648
f 2670 2671 3982
f 3982 2671 2647
f 3982 2647 2646
f 2721 2723 715
f 715 2723 2725
f 652 2733 666
f 666 2733 2736
f 666 2736 2737
f 2725 2726 715
f 715 2726 2728
f 715 2728 720
f 720 2728 2732
f 692 689 652
f 694 692 3983
f 3983 692 652
f 3983 652 625
f 2732 2733 720
f 720 2733 652
f 720 652 688
f 688 652 689
f 2714 2713 3944
f 3944 2713 2761
f 3944 2761 701
f 701 2761 2720
f 701 2720 715
f 715 2720 2719
f 715 2719 2721
f 3070 3072 3984
f 3984 3072 3073
f 3984 3073 3075
f 3075 3077 3984
f 3984 3077 3079
f 3984 3079 3117
f 3145 3100 529
f 529 3100 3060
f 3068 511 3066
f 3066 511 510
f 3066 510 3064
f 3064 510 530
f 3064 530 3061
f 3061 530 529
f 3061 529 3059
f 3059 529 3060
f 578 3129 3127
f 3127 3126 578
f 578 3126 3172
f 578 3172 3170
f 516 3144 529
f 529 3144 3143
f 529 3143 3145
f 3170 3136 578
f 578 3136 3138
f 578 3138 583
f 583 3138 3141
f 555 552 516
f 557 555 3985
f 3985 555 516
f 3985 516 488
f 3141 3144 583
f 583 3144 516
f 583 516 551
f 551 516 552
f 3117 3057 3984
f 3984 3057 3056
f 3984 3056 3982
f 3982 3056 3124
f 3982 3124 3135
f 3135 3133 3982
f 3982 3133 3131
f 3982 3131 558
f 558 3131 3129
f 558 3129 559
f 559 3129 578
f 2659 2658 649
f 649 2658 3982
f 649 3982 650
f 650 3982 558
f 3482 3520 3986
f 3986 3520 3521
f 3986 3521 3984
f 3984 3521 3571
f 3984 3571 3531
f 3531 3533 3984
f 3984 3533 3535
f 3984 3535 3537
f 3537 3529 3984
f 3984 3529 3528
f 3984 3528 3566
f 3566 3539 3984
f 3984 3539 3538
f 3984 3538 3544
f 3984 3544 3546
f 3984 3546 3548
f 3473 3475 364
f 3479 3481 3986
f 364 3475 3986
f 3986 3475 3477
f 3986 3477 3479
f 3481 3522 3986
f 3986 3522 3483
f 3986 3483 3482
f 3550 3551 379
f 379 3551 3505
f 379 3505 3464
f 3464 3463 379
f 379 3463 3465
f 379 3465 380
f 380 3465 3469
f 380 3469 364
f 364 3469 3470
f 364 3470 3473
f 366 3984 379
f 379 3984 3548
f 379 3548 3550
f 409 406 366
f 411 409 3987
f 3987 409 366
f 3987 366 339
f 436 3984 437
f 437 3984 366
f 437 366 405
f 405 366 406
f 436 413 3984
f 3984 413 412
f 3984 412 514
f 3068 3070 511
f 511 3070 3984
f 511 3984 513
f 513 3984 514
f 3905 3906 288
f 288 3906 3908
f 288 3908 3910
f 3988 263 261
f 257 289 3916
f 3921 258 3922
f 3922 258 257
f 3922 257 3915
f 3915 257 3916
f 3910 3912 288
f 288 3912 3914
f 288 3914 289
f 289 3914 3916
f 3834 3943 3831
f 3831 3943 3988
f 3831 3988 3921
f 3921 3988 261
f 3921 261 258
f 3847 3989 3845
f 3845 3989 3843
f 3847 3849 3989
f 3989 3849 3851
f 3989 3851 3986
f 3986 3851 3895
f 3986 3895 3894
f 3905 288 3901
f 3901 288 265
f 3901 265 3900
f 264 361 3986
f 3986 361 362
f 3986 362 364
f 3894 3896 3986
f 3986 3896 3900
f 3986 3900 264
f 264 3900 265
f 212 3838 232
f 232 3838 111
f 218 3836 216
f 216 3836 3838
f 216 3838 214
f 214 3838 212
f 180 3943 222
f 222 3943 3836
f 222 3836 220
f 220 3836 218
f 3840 118 3838
f 3838 118 112
f 3838 112 111
f 127 129 1641
f 3990 114 113
f 3990 113 1637
f 1637 113 123
f 1637 123 1641
f 1641 123 125
f 1641 125 127
f 129 118 1641
f 1641 118 3840
f 1641 3840 1642
f 1642 3840 3842
f 3991 3766 3764
f 3704 3707 1642
f 3991 3764 3989
f 3764 3762 3989
f 3989 3762 3771
f 3989 3771 3770
f 3770 3769 3989
f 3989 3769 3774
f 3989 3774 3776
f 3842 3843 1642
f 1642 3843 3989
f 1642 3989 3704
f 3704 3989 3776
f 3718 3720 1640
f 1640 3720 3722
f 1640 3722 3991
f 3991 3722 3760
f 3991 3760 3766
f 3707 3709 1642
f 1642 3709 3711
f 1642 3711 1643
f 1643 3711 3713
f 1643 3713 1639
f 1639 3713 3715
f 1639 3715 1640
f 1640 3715 3716
f 1640 3716 3718
f 3991 3638 1640
f 1640 3638 3637
f 1640 3637 1646
f 1646 3637 3636
f 1646 3636 1659
f 1653 1655 3992
f 3992 1655 1657
f 3992 1657 1659
f 3632 3597 3992
f 3636 3635 1659
f 1659 3635 3634
f 1659 3634 3992
f 3992 3634 3633
f 3992 3633 3632
f 3653 3993 3631
f 3631 3993 3992
f 3631 3992 3596
f 3596 3992 3597
f 3653 3683 3993
f 3993 3683 3682
f 3993 3682 3681
f 3681 3680 3993
f 3993 3680 3679
f 3993 3679 3994
f 3994 3679 3678
f 3994 3678 3677
f 3677 3676 3994
f 3994 3676 3675
f 3994 3675 3674
f 3674 3651 3994
f 3994 3651 3650
f 3994 3650 3991
f 3650 3600 3991
f 3991 3600 3599
f 3991 3599 3641
f 3641 3640 3991
f 3991 3640 3639
f 3991 3639 3638
f 3414 3416 3986
f 3986 3416 3415
f 3986 3415 3436
f 3436 3420 3986
f 3986 3420 3371
f 3986 3371 3989
f 3989 3371 3329
f 3989 3329 3328
f 3328 3330 3989
f 3989 3330 3334
f 3989 3334 3335
f 3335 3338 3989
f 3989 3338 3340
f 3989 3340 3991
f 3991 3340 3342
f 3991 3342 3344
f 3344 3346 3991
f 3991 3346 3388
f 3991 3388 3348
f 3395 3394 3994
f 3348 3347 3991
f 3991 3347 3386
f 3991 3386 3994
f 3994 3386 3387
f 3994 3387 3395
f 3394 3396 3994
f 3994 3396 3400
f 3994 3400 3401
f 3032 3006 3984
f 3984 3006 2962
f 3984 2962 2922
f 2921 2923 3412
f 3412 2923 2926
f 3412 2926 2928
f 2935 2937 3408
f 2928 2930 3412
f 3412 2930 2932
f 3412 2932 3410
f 3410 2932 3408
f 3408 2932 2934
f 3408 2934 2935
f 3401 3405 3994
f 3994 3405 3406
f 3994 3406 2941
f 2941 3406 3408
f 2941 3408 2939
f 2939 3408 2937
f 2922 2921 3984
f 3984 2921 3412
f 3984 3412 3986
f 3986 3412 3414
f 2941 2979 3994
f 3994 2979 2919
f 3994 2919 3995
f 3995 2919 2918
f 3995 2918 2983
f 2516 2518 3000
f 2552 2512 3982
f 3982 2512 2511
f 3982 2511 2513
f 2983 2986 3995
f 3995 2986 2985
f 3995 2985 2531
f 2985 2990 2531
f 2531 2990 2992
f 2531 2992 2994
f 2525 2527 2997
f 2518 2520 3000
f 3000 2520 2522
f 3000 2522 2999
f 2999 2522 2997
f 2997 2522 2524
f 2997 2524 2525
f 2994 2995 2531
f 2531 2995 2997
f 2531 2997 2529
f 2529 2997 2527
f 3002 3982 3000
f 3000 3982 2513
f 3000 2513 2516
f 3982 3002 3005
f 3982 3005 3984
f 3984 3005 3033
f 3984 3033 3032
f 2531 2569 3995
f 3995 2569 2509
f 3995 2509 3996
f 3996 2509 2508
f 3996 2508 2576
f 2118 2120 2593
f 2593 2120 2122
f 2593 2122 2173
f 2579 2578 2134
f 2578 2583 2134
f 2134 2583 2585
f 2134 2585 2587
f 2128 2130 2590
f 2173 2124 2593
f 2593 2124 2123
f 2593 2123 2592
f 2592 2123 2590
f 2590 2123 2169
f 2590 2169 2128
f 2587 2588 2134
f 2134 2588 2590
f 2134 2590 2132
f 2132 2590 2130
f 2164 3997 2134
f 2134 3997 3996
f 2134 3996 2579
f 2579 3996 2576
f 2113 2646 3944
f 3944 2646 2711
f 3944 2711 2714
f 2118 2593 2113
f 2113 2593 2595
f 2113 2595 2646
f 2646 2595 2598
f 2598 2601 2646
f 2646 2601 2600
f 2646 2600 3982
f 3982 2600 2602
f 3982 2602 2552
f 2463 2462 3997
f 2491 2490 3998
f 3998 2490 2489
f 3998 2489 2488
f 2463 3997 2483
f 2488 2487 3998
f 3998 2487 2486
f 3998 2486 3997
f 3997 2486 2485
f 3997 2485 2483
f 2462 2452 3997
f 3997 2452 2430
f 3997 2430 3996
f 3996 2430 2388
f 3996 2388 2387
f 2387 2389 3996
f 3996 2389 2393
f 3996 2393 2394
f 2403 2405 3999
f 2394 2397 3996
f 3996 2397 2399
f 3996 2399 3999
f 3999 2399 2401
f 3999 2401 2403
f 2407 2406 3951
f 2407 3951 2447
f 2465 4000 2446
f 2446 4000 3951
f 2446 3951 2445
f 2445 3951 2406
f 4001 4002 2278
f 2278 2321 4001
f 4001 2321 2324
f 4001 2324 3980
f 3980 2324 2323
f 3980 2323 2364
f 2264 2263 3944
f 3944 2263 2268
f 3944 2268 4003
f 4003 2268 2271
f 2271 2273 4003
f 4003 2273 2276
f 4003 2276 4002
f 4002 2276 2277
f 4002 2277 2278
f 2177 4002 2135
f 2135 4002 3997
f 2135 3997 2136
f 2136 3997 2164
f 2177 2188 4002
f 4002 2188 2186
f 4002 2186 2184
f 2184 2182 4002
f 4002 2182 2180
f 4002 2180 2179
f 2179 2227 4002
f 4002 2227 2225
f 4002 2225 4003
f 4003 2225 2189
f 2189 2191 4003
f 4003 2191 2193
f 4003 2193 2196
f 2196 2197 4003
f 4003 2197 2176
f 4003 2176 3944
f 3944 2176 2114
f 3944 2114 2113
f 2090 2089 4004
f 4004 2089 2088
f 2085 4001 2086
f 2086 4001 4004
f 2086 4004 2087
f 2087 4004 2088
f 2085 2084 4001
f 4001 2084 2083
f 4001 2083 2082
f 2082 2075 4001
f 4001 2075 2042
f 4001 2042 4002
f 4002 2042 2040
f 4002 2040 2039
f 2039 2038 4002
f 4002 2038 2037
f 4002 2037 2036
f 2029 2028 4005
f 2028 2027 4005
f 4005 2027 1983
f 4005 1983 1982
f 1679 3951 1683
f 1683 3951 4000
f 1683 4000 1684
f 1684 4000 4005
f 1684 4005 3953
f 3953 4005 1982
f 3953 1982 2094
f 2094 2093 3953
f 3953 2093 2092
f 3953 2092 2091
f 2036 2035 4002
f 4002 2035 2034
f 4002 2034 3997
f 3997 2034 2033
f 3997 2033 3998
f 3998 2033 2032
f 3998 2032 4006
f 4006 2032 2031
f 4006 2031 2030
f 1898 1897 3976
f 3976 1897 1896
f 3976 1896 3958
f 3958 1896 1895
f 3958 1895 3961
f 3961 1895 1857
f 3961 1857 1856
f 1777 3978 3977
f 3977 3978 838
f 3977 838 968
f 1827 1825 3958
f 3958 1825 1824
f 3958 1824 1822
f 1822 1821 3958
f 3958 1821 1770
f 3958 1770 3976
f 3976 1770 1774
f 3976 1774 1820
f 1820 1819 3976
f 3976 1819 1818
f 3976 1818 3977
f 3977 1818 1814
f 3977 1814 1777
f 4007 1702 3959
f 3959 1702 1828
f 3959 1828 1829
f 4004 1743 4007
f 4007 1743 1703
f 4007 1703 1702
f 1777 1725 3978
f 3978 1725 1724
f 3978 1724 3980
f 3980 1724 1767
f 1767 1766 3980
f 3980 1766 1765
f 3980 1765 1764
f 1764 1763 3980
f 3980 1763 1762
f 3980 1762 4001
f 4001 1762 1755
f 4001 1755 1757
f 1757 1759 4001
f 4001 1759 1761
f 4001 1761 4004
f 4004 1761 1754
f 4004 1754 1743
f 1651 1653 3948
f 3948 1653 3992
f 3948 3992 3949
f 3949 3992 3993
f 3949 3993 3950
f 3950 3993 4008
f 3950 4008 3951
f 3951 4008 3999
f 3951 3999 2447
f 2447 3999 2405
f 2852 2854 3999
f 2803 2842 4008
f 4008 2842 2843
f 4008 2843 3999
f 3999 2843 2853
f 3999 2853 2852
f 2854 2858 3999
f 3999 2858 2859
f 3999 2859 2862
f 2862 2864 3999
f 3999 2864 2866
f 3999 2866 3996
f 3996 2866 2868
f 3996 2868 2870
f 2870 2897 3996
f 3996 2897 2872
f 3996 2872 2871
f 2871 2896 3996
f 3996 2896 2827
f 3996 2827 3995
f 3995 2827 2785
f 3995 2785 2784
f 2784 2786 3995
f 3995 2786 2790
f 3995 2790 2791
f 2800 2802 4008
f 2791 2794 3995
f 3995 2794 2796
f 3995 2796 4008
f 4008 2796 2798
f 4008 2798 2800
f 2802 2844 4008
f 4008 2844 2804
f 4008 2804 2803
f 3213 3252 3993
f 3993 3252 3253
f 3993 3253 4008
f 4008 3253 3263
f 4008 3263 3262
f 3262 3264 4008
f 4008 3264 3268
f 4008 3268 3269
f 3278 3280 3995
f 3269 3272 4008
f 4008 3272 3274
f 4008 3274 3995
f 3995 3274 3276
f 3995 3276 3278
f 3280 3307 3995
f 3995 3307 3282
f 3995 3282 3281
f 3281 3306 3995
f 3995 3306 3237
f 3995 3237 3994
f 3994 3237 3195
f 3994 3195 3194
f 3194 3196 3994
f 3994 3196 3200
f 3994 3200 3201
f 3210 3212 3993
f 3201 3204 3994
f 3994 3204 3206
f 3994 3206 3993
f 3993 3206 3208
f 3993 3208 3210
f 3212 3254 3993
f 3993 3254 3214
f 3993 3214 3213
f 2091 2090 3953
f 3953 2090 4004
f 3953 4004 3952
f 3952 4004 4007
f 3952 4007 3955
f 3955 4007 3959
f 3955 3959 3956
f 3956 3959 3960
f 3956 3960 3957
f 2465 2491 4000
f 4000 2491 3998
f 4000 3998 4005
f 4005 3998 4006
f 4005 4006 2029
f 2029 4006 2030
f 1667 3954 1668
f 1668 3954 4009
f 1668 4009 4010
f 4011 4012 1542
f 3954 3945 4009
f 4009 3945 4011
f 4009 4011 4010
f 4010 4011 1542
f 4010 1542 1668
f 1543 1542 1582
f 1582 1542 4012
f 1582 4012 1583
f 1585 1583 4012
f 1132 1134 1182
f 1182 1134 4013
f 4013 1134 4014
f 4014 1134 1135
f 4014 1135 4012
f 4012 1135 1137
f 4012 1137 1585
f 4013 4014 4015
f 4015 4014 4012
f 4015 4012 4011
f 4016 1182 4013
f 4017 4018 4016
f 4016 4018 4019
f 4016 4013 4017
f 4017 4013 4015
f 4017 4015 4018
f 4018 4015 4011
f 4018 4011 3945
f 4020 4021 4022
f 4020 4023 4024
f 4024 4025 4020
f 4020 4025 4026
f 4020 4026 4021
f 4027 4028 4020
f 4020 4028 4029
f 4020 4029 4023
f 4022 4030 4020
f 4020 4030 4031
f 4020 4031 4032
f 4032 4033 4020
f 4020 4033 4034
f 4020 4034 4027
f 4035 4036 4037
f 4038 4030 4022
f 4039 4021 4026
f 4040 4026 4025
f 4041 4025 4024
f 4030 4038 4031
f 4042 4043 4037
f 4044 4045 4046
f 4047 4048 4049
f 4049 4048 4050
f 4051 4031 4052
f 4052 4031 4038
f 4052 4038 4053
f 4053 4038 4022
f 4049 4051 4047
f 4047 4051 4052
f 4047 4052 4054
f 4054 4052 4053
f 4054 4053 4055
f 4055 4053 4022
f 4055 4022 4021
f 4025 4041 4040
f 4040 4041 4056
f 4040 4056 4057
f 4057 4056 4058
f 4057 4058 4059
f 4026 4040 4039
f 4039 4040 4057
f 4039 4057 4060
f 4060 4057 4059
f 4060 4059 4061
f 4062 4044 4063
f 4063 4044 4046
f 4063 4046 4064
f 4037 4043 4035
f 4035 4043 4065
f 4035 4065 4066
f 4066 4065 4067
f 4066 4067 4068
f 4036 4035 4069
f 4069 4035 4066
f 4069 4066 4070
f 4070 4066 4068
f 4070 4068 4071
f 4058 4072 4059
f 4059 4072 4073
f 4059 4073 4061
f 4061 4073 4074
f 4061 4074 4075
f 4021 4039 4055
f 4055 4039 4060
f 4055 4060 4054
f 4054 4060 4061
f 4054 4061 4047
f 4047 4061 4075
f 4047 4075 4048
f 4076 4062 4077
f 4077 4062 4063
f 4077 4063 4078
f 4078 4063 4064
f 4078 4064 4079
f 4042 4045 4043
f 4043 4045 4044
f 4043 4044 4065
f 4065 4044 4062
f 4065 4062 4067
f 4067 4062 4076
f 4067 4076 4068
f 4068 4076 4080
f 4080 4081 4068
f 4068 4081 4082
f 4068 4082 4071
f 4071 4082 4083
f 4071 4083 4084
f 4085 4086 4087
f 4087 4086 4050
f 4087 4050 4088
f 4088 4050 4048
f 4088 4048 4089
f 4089 4048 4075
f 4089 4075 4090
f 4090 4075 4074
f 4090 4074 4091
f 4091 4074 4073
f 4091 4073 4084
f 4084 4073 4072
f 4084 4072 4071
f 4071 4072 4058
f 4071 4058 4070
f 4070 4058 4056
f 4070 4056 4069
f 4069 4056 4041
f 4069 4041 4036
f 4036 4041 4024
f 4036 4024 4037
f 4037 4024 4023
f 4037 4023 4042
f 4079 4064 4092
f 4092 4064 4046
f 4092 4046 4093
f 4094 4095 4096
f 4097 4098 4095
f 4095 4098 4099
f 4095 4099 4096
f 4095 4100 4097
f 4097 4100 4101
f 4097 4101 4102
f 4102 4101 4103
f 4102 4103 4104
f 4105 4050 4086
f 4104 4103 4106
f 4106 4103 4105
f 4106 4105 4107
f 4107 4105 4086
f 4107 4086 4085
f 4108 4049 4050
f 4109 4051 4049
f 4110 4031 4051
f 4031 4110 4032
f 4032 4110 4111
f 4032 4111 4033
f 4111 4112 4033
f 4033 4112 4113
f 4033 4113 4034
f 4034 4113 4114
f 4034 4114 4027
f 4027 4114 4115
f 4027 4115 4028
f 4042 4023 4029
f 4096 4116 4094
f 4094 4116 4117
f 4094 4117 4118
f 4118 4117 4119
f 4118 4119 4120
f 4120 4119 4093
f 4120 4093 4121
f 4121 4093 4046
f 4121 4046 4045
f 4051 4109 4110
f 4110 4109 4122
f 4110 4122 4111
f 4111 4122 4123
f 4111 4123 4112
f 4112 4123 4124
f 4112 4124 4113
f 4113 4124 4125
f 4113 4125 4114
f 4114 4125 4126
f 4114 4126 4115
f 4127 4128 4129
f 4127 4129 4130
f 4130 4129 4131
f 4130 4131 4132
f 4049 4108 4109
f 4109 4108 4133
f 4109 4133 4122
f 4122 4133 4134
f 4122 4134 4123
f 4123 4134 4135
f 4123 4135 4124
f 4124 4135 4136
f 4124 4136 4125
f 4125 4136 4137
f 4125 4137 4126
f 4137 4138 4126
f 4126 4138 4128
f 4126 4128 4115
f 4115 4128 4127
f 4115 4127 4028
f 4028 4127 4130
f 4028 4130 4029
f 4029 4130 4132
f 4029 4132 4042
f 4042 4132 4131
f 4042 4131 4139
f 4139 4131 4129
f 4139 4129 4140
f 4140 4129 4128
f 4140 4128 4138
f 4050 4105 4108
f 4108 4105 4103
f 4108 4103 4133
f 4133 4103 4101
f 4133 4101 4134
f 4134 4101 4100
f 4134 4100 4135
f 4135 4100 4095
f 4135 4095 4136
f 4136 4095 4094
f 4136 4094 4137
f 4137 4094 4118
f 4137 4118 4138
f 4138 4118 4120
f 4138 4120 4140
f 4140 4120 4121
f 4140 4121 4139
f 4139 4121 4045
f 4139 4045 4042
f 4141 4142 4143
f 4143 4142 4144
f 4145 4146 4143
f 4143 4146 4147
f 4143 4147 4141
f 4148 4149 4150
f 4150 4149 4151
f 4152 4153 4150
f 4150 4153 4154
f 4150 4154 4148
f 4144 4155 4143
f 4143 4155 4152
f 4143 4152 4145
f 4145 4152 4150
f 4145 4150 4156
f 4156 4150 4151
f 4157 4158 4159
f 4160 4161 4162
f 4145 4156 4163
f 4163 4156 4164
f 4165 4166 4157
f 4167 4168 4169
f 4169 4168 4170
f 4169 4170 4171
f 4171 4170 4172
f 4171 4172 4173
f 4173 4172 4174
f 4173 4174 4175
f 4175 4174 4176
f 4175 4176 4177
f 4177 4176 4178
f 4177 4178 4179
f 4180 4167 4181
f 4181 4167 4169
f 4181 4169 4182
f 4182 4169 4171
f 4182 4171 4183
f 4183 4171 4173
f 4183 4173 4184
f 4184 4173 4175
f 4184 4175 4185
f 4185 4175 4177
f 4185 4177 4186
f 4186 4177 4179
f 4186 4179 4187
f 4146 4145 4188
f 4188 4145 4163
f 4188 4163 4189
f 4189 4163 4164
f 4189 4164 4190
f 4190 4187 4189
f 4189 4187 4179
f 4189 4179 4188
f 4188 4179 4178
f 4188 4178 4146
f 4146 4178 4176
f 4146 4176 4147
f 4147 4176 4174
f 4147 4174 4141
f 4141 4174 4172
f 4141 4172 4142
f 4142 4172 4170
f 4142 4170 4144
f 4144 4170 4168
f 4144 4168 4155
f 4155 4168 4167
f 4155 4167 4191
f 4191 4167 4180
f 4191 4180 4192
f 4158 4192 4159
f 4159 4192 4180
f 4159 4180 4193
f 4193 4180 4181
f 4193 4181 4194
f 4194 4181 4182
f 4194 4182 4195
f 4195 4182 4183
f 4195 4183 4196
f 4196 4183 4184
f 4196 4184 4197
f 4197 4184 4185
f 4197 4185 4198
f 4198 4185 4186
f 4198 4186 4160
f 4160 4186 4187
f 4160 4187 4161
f 4161 4187 4190
f 4157 4159 4165
f 4165 4159 4193
f 4165 4193 4199
f 4199 4193 4194
f 4199 4194 4200
f 4200 4194 4195
f 4200 4195 4201
f 4201 4195 4196
f 4201 4196 4202
f 4202 4196 4197
f 4202 4197 4203
f 4203 4197 4198
f 4203 4198 4204
f 4204 4198 4160
f 4204 4160 4205
f 4205 4160 4162
f 4205 4162 4206
f 4157 4166 4207
f 4161 4208 4162
f 4162 4208 4206
f 4209 4210 4211
f 4211 4210 4212
f 4211 4212 4213
f 4213 4212 4214
f 4214 4212 4215
f 4215 4212 4216
f 4215 4216 4217
f 4217 4216 4218
f 4217 4218 4219
f 4219 4218 4220
f 4220 4218 4221
f 4220 4221 4222
f 4222 4221 4223
f 4222 4223 4224
f 4224 4223 4225
f 4224 4225 4226
f 4158 4157 4227
f 4227 4157 4207
f 4227 4207 4225
f 4225 4207 4228
f 4225 4228 4226
f 4229 4192 4158
f 4230 4191 4192
f 4231 4155 4191
f 4155 4231 4152
f 4152 4231 4232
f 4152 4232 4153
f 4233 4151 4234
f 4234 4151 4149
f 4234 4149 4235
f 4235 4149 4148
f 4235 4148 4236
f 4236 4148 4154
f 4236 4154 4237
f 4237 4154 4153
f 4237 4153 4238
f 4238 4153 4232
f 4190 4210 4161
f 4161 4210 4209
f 4161 4209 4208
f 4191 4230 4231
f 4231 4230 4239
f 4231 4239 4232
f 4232 4239 4240
f 4232 4240 4238
f 4238 4240 4241
f 4238 4241 4237
f 4237 4241 4242
f 4237 4242 4236
f 4236 4242 4243
f 4236 4243 4235
f 4235 4243 4244
f 4235 4244 4234
f 4234 4244 4245
f 4234 4245 4233
f 4233 4245 4156
f 4233 4156 4151
f 4192 4229 4230
f 4230 4229 4246
f 4230 4246 4239
f 4239 4246 4247
f 4239 4247 4240
f 4240 4247 4248
f 4240 4248 4241
f 4241 4248 4249
f 4241 4249 4242
f 4242 4249 4250
f 4242 4250 4243
f 4243 4250 4251
f 4243 4251 4244
f 4244 4251 4252
f 4244 4252 4245
f 4245 4252 4164
f 4245 4164 4156
f 4158 4227 4229
f 4229 4227 4225
f 4229 4225 4246
f 4246 4225 4223
f 4246 4223 4247
f 4247 4223 4221
f 4247 4221 4248
f 4248 4221 4218
f 4248 4218 4249
f 4249 4218 4216
f 4249 4216 4250
f 4250 4216 4212
f 4250 4212 4251
f 4251 4212 4210
f 4251 4210 4252
f 4252 4210 4190
f 4252 4190 4164
f 4253 4254 4255
f 4255 4254 4256
f 4257 4258 4255
f 4255 4258 4259
f 4255 4259 4253
f 4260 4261 4255
f 4255 4261 4262
f 4255 4262 4257
f 4263 4264 4255
f 4255 4264 4265
f 4255 4265 4260
f 4256 4266 4255
f 4255 4266 4267
f 4255 4267 4268
f 4269 4263 4270
f 4270 4263 4255
f 4270 4255 4271
f 4271 4255 4268
f 4272 4273 4274
f 4275 4276 4277
f 4275 4277 4278
f 4278 4277 4279
f 4278 4279 4280
f 4280 4279 4281
f 4280 4281 4282
f 4282 4281 4283
f 4282 4283 4284
f 4284 4283 4285
f 4284 4285 4286
f 4286 4285 4287
f 4286 4287 4288
f 4288 4287 4289
f 4288 4289 4290
f 4290 4289 4291
f 4290 4291 4292
f 4292 4291 4293
f 4292 4293 4294
f 4268 4267 4295
f 4296 4297 4261
f 4261 4260 4296
f 4296 4260 4265
f 4296 4265 4298
f 4298 4265 4264
f 4298 4264 4299
f 4299 4264 4263
f 4299 4263 4300
f 4300 4263 4269
f 4300 4269 4301
f 4301 4269 4270
f 4301 4270 4302
f 4302 4270 4271
f 4302 4271 4303
f 4303 4271 4268
f 4303 4268 4304
f 4304 4268 4295
f 4273 4297 4274
f 4274 4297 4296
f 4274 4296 4305
f 4305 4296 4298
f 4305 4298 4306
f 4306 4298 4299
f 4306 4299 4307
f 4307 4299 4300
f 4307 4300 4308
f 4308 4300 4301
f 4308 4301 4309
f 4309 4301 4302
f 4309 4302 4310
f 4310 4302 4303
f 4310 4303 4311
f 4311 4303 4304
f 4311 4304 4312
f 4312 4304 4295
f 4276 4272 4277
f 4277 4272 4274
f 4277 4274 4279
f 4279 4274 4305
f 4279 4305 4281
f 4281 4305 4306
f 4281 4306 4283
f 4283 4306 4307
f 4283 4307 4285
f 4285 4307 4308
f 4285 4308 4287
f 4287 4308 4309
f 4287 4309 4289
f 4289 4309 4310
f 4289 4310 4291
f 4291 4310 4311
f 4291 4311 4293
f 4293 4311 4312
f 4294 4293 4313
f 4314 4272 4276
f 4294 4313 4315
f 4315 4313 4316
f 4315 4316 4317
f 4317 4316 4318
f 4317 4318 4319
f 4319 4318 4320
f 4319 4320 4321
f 4321 4320 4322
f 4321 4322 4323
f 4323 4322 4324
f 4323 4324 4325
f 4325 4324 4326
f 4325 4326 4327
f 4327 4326 4314
f 4327 4314 4328
f 4328 4314 4276
f 4328 4276 4275
f 4262 4261 4297
f 4329 4295 4267
f 4267 4266 4329
f 4329 4266 4256
f 4329 4256 4330
f 4330 4256 4254
f 4330 4254 4331
f 4331 4254 4253
f 4331 4253 4332
f 4332 4253 4259
f 4332 4259 4333
f 4333 4259 4258
f 4333 4258 4334
f 4334 4258 4257
f 4334 4257 4335
f 4335 4257 4262
f 4335 4262 4336
f 4336 4262 4297
f 4312 4295 4337
f 4337 4295 4329
f 4337 4329 4338
f 4338 4329 4330
f 4338 4330 4339
f 4339 4330 4331
f 4339 4331 4340
f 4340 4331 4332
f 4340 4332 4341
f 4341 4332 4333
f 4341 4333 4342
f 4342 4333 4334
f 4342 4334 4343
f 4343 4334 4335
f 4343 4335 4344
f 4344 4335 4336
f 4344 4336 4273
f 4273 4336 4297
f 4293 4312 4313
f 4313 4312 4337
f 4313 4337 4316
f 4316 4337 4338
f 4316 4338 4318
f 4318 4338 4339
f 4318 4339 4320
f 4320 4339 4340
f 4320 4340 4322
f 4322 4340 4341
f 4322 4341 4324
f 4324 4341 4342
f 4324 4342 4326
f 4326 4342 4343
f 4326 4343 4314
f 4314 4343 4344
f 4314 4344 4272
f 4272 4344 4273
f 4321 4323 4345
f 4116 4096 4346
f 1057 1056 4347
f 4348 4349 4350
f 4351 4352 4346
f 4353 4354 4355
f 4355 4354 4356
f 4019 4357 4358
f 3947 4359 3945
f 3945 4359 4018
f 4019 4358 4360
f 4360 4358 4361
f 4360 4361 4362
f 4362 4361 4356
f 4356 4361 4363
f 4356 4363 4355
f 4353 4355 4364
f 4364 4355 4365
f 4364 4365 4352
f 4366 4367 4351
f 4211 4368 4369
f 4369 4368 4370
f 4369 4370 4366
f 4366 4370 4371
f 4366 4371 4367
f 4211 4213 4368
f 4368 4213 4214
f 4368 4214 4372
f 4372 4214 4215
f 4372 4215 4373
f 4373 4215 4217
f 4224 4374 4222
f 4222 4374 4375
f 4222 4375 4220
f 4220 4375 4373
f 4220 4373 4219
f 4219 4373 4217
f 4224 4226 4349
f 4224 4349 4374
f 4374 4349 4348
f 4374 4348 4376
f 1083 1078 4350
f 4347 1056 4200
f 1078 1063 4350
f 4350 1063 1036
f 4350 1036 4348
f 1091 3972 1092
f 1092 3972 1087
f 1091 1062 4347
f 4347 1062 1060
f 4347 1060 1057
f 1091 4347 3972
f 3972 4347 4377
f 3972 4377 3968
f 4084 3965 4091
f 4091 3965 3964
f 4091 3964 4090
f 4090 3964 3971
f 4090 3971 4089
f 4089 3971 4088
f 4084 4083 3965
f 3965 4083 4082
f 3965 4082 4378
f 4323 4325 4345
f 4345 4325 3967
f 4345 3967 4378
f 4378 3967 3966
f 4378 3966 3965
f 4325 4327 3967
f 3967 4327 4328
f 3967 4328 3963
f 3963 4328 4275
f 3963 4275 3962
f 4275 4278 3962
f 3962 4278 4280
f 3962 4280 3960
f 4280 4282 3960
f 3960 4282 4284
f 3960 4284 3957
f 4284 4286 3957
f 3957 4286 4288
f 3957 4288 3947
f 4288 4290 3947
f 3947 4290 4292
f 3947 4292 4359
f 4359 4292 4294
f 4294 4315 4359
f 4359 4315 4357
f 4359 4357 4018
f 4018 4357 4019
f 1056 1083 4200
f 4200 1083 4350
f 4200 4350 4199
f 4199 4350 4165
f 4226 4228 4349
f 4349 4228 4207
f 4349 4207 4350
f 4350 4207 4166
f 4350 4166 4165
f 4204 4379 4203
f 4203 4379 4202
f 4369 4205 4206
f 4206 4208 4369
f 4369 4208 4209
f 4369 4209 4211
f 4106 4107 4377
f 4200 4201 4347
f 4347 4201 4202
f 4347 4202 4377
f 4377 4202 4379
f 4377 4379 4106
f 3971 3969 4088
f 4088 3969 3968
f 4088 3968 4087
f 4087 3968 4377
f 4087 4377 4085
f 4085 4377 4107
f 4098 4097 4380
f 4380 4097 4102
f 4380 4102 4379
f 4379 4102 4104
f 4379 4104 4106
f 4351 4346 4366
f 4366 4346 4096
f 4366 4096 4099
f 4352 4365 4346
f 4346 4365 4117
f 4346 4117 4116
f 4082 4081 4378
f 4378 4081 4080
f 4378 4080 4076
f 4363 4077 4078
f 4078 4079 4363
f 4363 4079 4092
f 4363 4092 4355
f 4355 4092 4093
f 4355 4093 4365
f 4365 4093 4119
f 4365 4119 4117
f 4099 4098 4366
f 4366 4098 4380
f 4366 4380 4369
f 4369 4380 4379
f 4369 4379 4205
f 4205 4379 4204
f 4315 4317 4357
f 4357 4317 4319
f 4357 4319 4358
f 4358 4319 4321
f 4358 4321 4361
f 4361 4321 4345
f 4361 4345 4363
f 4363 4345 4378
f 4363 4378 4077
f 4077 4378 4076
f 1172 1173 4381
f 4376 4382 4374
f 4374 4382 4375
f 4370 4368 4381
f 4381 4368 4372
f 4381 4372 4382
f 4382 4372 4373
f 4382 4373 4375
f 4352 4383 4364
f 4364 4383 4384
f 4364 4384 4353
f 4016 4019 4360
f 1182 4016 4385
f 4385 4016 4360
f 4385 4360 4386
f 4386 4360 4362
f 4386 4362 4387
f 4387 4362 4356
f 4387 4356 4354
f 4387 1180 4386
f 4386 1180 1181
f 4386 1181 4385
f 4385 1181 1183
f 4385 1183 1182
f 1179 1168 4387
f 4387 1168 1167
f 4387 1167 1180
f 4354 4353 4387
f 4387 4353 4384
f 4387 4384 1179
f 1179 4384 4383
f 1179 4383 1178
f 1178 4383 4388
f 1178 4388 1177
f 1177 4388 4389
f 1177 4389 1176
f 1176 4389 4390
f 1176 4390 1175
f 1175 4390 1174
f 4352 4351 4383
f 4383 4351 4367
f 4383 4367 4388
f 4388 4367 4371
f 4388 4371 4389
f 4389 4371 4370
f 4389 4370 4390
f 4390 4370 4381
f 4390 4381 1174
f 1174 4381 1173
f 1172 4381 1171
f 1171 4381 4382
f 1171 4382 1170
f 1170 4382 4376
f 1170 4376 1169
f 4391 4392 4393
f 4394 4395 4396
f 4396 4395 4397
f 4398 4399 4400
f 4400 4399 4401
f 4400 4401 4397
f 4397 4401 4402
f 4397 4402 4396
f 4403 4404 4398
f 4393 4392 4403
f 4403 4392 4405
f 4403 4405 4404
f 4406 4407 4408
f 4408 4407 4409
f 4408 4409 4410
f 4410 4409 4411
f 4412 4413 4411
f 4376 4414 4415
f 4415 4414 4416
f 4415 4416 4412
f 4412 4416 4417
f 4412 4417 4413
f 1209 1208 4412
f 4412 1208 1206
f 4412 1206 4415
f 4415 1206 1205
f 4415 1205 4376
f 4376 1205 1169
f 4411 4409 4412
f 4412 4409 1196
f 4412 1196 1209
f 1194 1203 4393
f 4393 1203 4407
f 4393 4407 4391
f 4391 4407 4406
f 1203 1202 4407
f 4407 1202 1200
f 4407 1200 4409
f 4409 1200 1198
f 4409 1198 1196
f 1194 4393 1192
f 1192 4393 4403
f 1192 4403 1190
f 4398 4400 4403
f 4403 4400 1187
f 4403 1187 1190
f 4395 1184 4397
f 4397 1184 1189
f 4397 1189 4400
f 4400 1189 1188
f 4400 1188 1187
f 4418 4419 4420
f 4421 4422 4418
f 4423 4422 4424
f 4424 4422 4421
f 4424 4421 4425
f 4425 4421 4426
f 4418 4420 4421
f 4421 4420 4427
f 4421 4427 4428
f 4429 4426 4430
f 4430 4426 4421
f 4430 4421 4431
f 4431 4421 4428
f 4431 4428 4432
f 4433 4434 4435
f 4436 4437 4438
f 4438 4437 4439
f 4438 4439 4440
f 4440 4439 4441
f 4440 4441 4442
f 4428 4427 4443
f 4443 4427 4444
f 4443 4444 4445
f 4446 4447 4448
f 4448 4447 4449
f 4450 4451 4446
f 4452 4453 4454
f 4454 4453 4455
f 4454 4455 4456
f 4456 4455 4457
f 4456 4457 4458
f 4458 4457 4459
f 4458 4459 4460
f 4460 4459 4461
f 4460 4461 4462
f 4462 4461 4463
f 4462 4463 4464
f 4432 4428 4465
f 4465 4428 4443
f 4465 4443 4466
f 4466 4443 4445
f 4466 4445 4467
f 4452 4454 4468
f 4468 4454 4456
f 4468 4456 4469
f 4469 4456 4458
f 4469 4458 4470
f 4470 4458 4460
f 4470 4460 4471
f 4471 4460 4462
f 4471 4462 4472
f 4472 4462 4464
f 4472 4464 4473
f 4474 4475 4476
f 4476 4475 4477
f 4476 4477 4473
f 4437 4478 4439
f 4439 4478 4467
f 4439 4467 4441
f 4441 4467 4445
f 4441 4445 4442
f 4442 4445 4444
f 4446 4448 4450
f 4450 4448 4479
f 4450 4479 4480
f 4480 4479 4481
f 4480 4481 4482
f 4482 4481 4483
f 4482 4483 4484
f 4484 4483 4485
f 4485 4483 4486
f 4485 4486 4487
f 4435 4434 4486
f 4486 4434 4488
f 4486 4488 4487
f 4475 4433 4477
f 4477 4433 4435
f 4477 4435 4473
f 4473 4435 4486
f 4473 4486 4472
f 4472 4486 4483
f 4472 4483 4471
f 4471 4483 4481
f 4471 4481 4470
f 4470 4481 4479
f 4470 4479 4469
f 4469 4479 4448
f 4469 4448 4468
f 4468 4448 4449
f 4468 4449 4452
f 4437 4474 4478
f 4478 4474 4476
f 4478 4476 4467
f 4467 4476 4473
f 4467 4473 4466
f 4466 4473 4464
f 4466 4464 4465
f 4465 4464 4463
f 4465 4463 4432
f 4432 4463 4461
f 4432 4461 4431
f 4431 4461 4459
f 4431 4459 4430
f 4430 4459 4457
f 4430 4457 4429
f 4429 4457 4455
f 4429 4455 4426
f 4426 4455 4453
f 4426 4453 4425
f 4425 4453 4452
f 4419 4489 4490
f 4490 4489 4491
f 4490 4491 4444
f 4438 4440 4492
f 4493 4494 4495
f 4496 4497 4498
f 4498 4497 4499
f 4498 4499 4500
f 4500 4499 4501
f 4500 4501 4502
f 4502 4501 4503
f 4502 4503 4504
f 4505 4506 4496
f 4496 4506 4507
f 4496 4507 4497
f 4496 4508 4505
f 4505 4508 4509
f 4505 4509 4510
f 4424 4425 4511
f 4511 4425 4452
f 4511 4452 4512
f 4512 4452 4449
f 4512 4449 4513
f 4513 4449 4447
f 4513 4447 4514
f 4514 4447 4446
f 4514 4446 4515
f 4515 4446 4451
f 4444 4427 4490
f 4490 4427 4420
f 4490 4420 4419
f 4442 4444 4516
f 4516 4444 4491
f 4516 4491 4517
f 4517 4491 4489
f 4517 4489 4518
f 4518 4489 4419
f 4518 4419 4418
f 4519 4520 4521
f 4521 4520 4522
f 4521 4522 4523
f 4523 4522 4524
f 4523 4524 4525
f 4440 4442 4492
f 4492 4442 4516
f 4492 4516 4526
f 4526 4516 4517
f 4526 4517 4527
f 4527 4517 4518
f 4527 4518 4528
f 4528 4518 4418
f 4528 4418 4422
f 4529 4519 4530
f 4530 4519 4521
f 4530 4521 4531
f 4531 4521 4523
f 4531 4523 4532
f 4532 4523 4525
f 4532 4525 4533
f 4436 4438 4495
f 4495 4438 4492
f 4495 4492 4493
f 4493 4492 4526
f 4493 4526 4534
f 4534 4526 4527
f 4534 4527 4535
f 4535 4527 4528
f 4535 4528 4536
f 4536 4528 4422
f 4536 4422 4423
f 4502 4529 4500
f 4500 4529 4530
f 4500 4530 4498
f 4498 4530 4531
f 4498 4531 4496
f 4496 4531 4532
f 4496 4532 4508
f 4508 4532 4533
f 4508 4533 4509
f 4515 4510 4514
f 4514 4510 4509
f 4514 4509 4513
f 4513 4509 4533
f 4513 4533 4512
f 4512 4533 4525
f 4512 4525 4511
f 4511 4525 4524
f 4511 4524 4424
f 4424 4524 4522
f 4424 4522 4423
f 4423 4522 4520
f 4423 4520 4536
f 4536 4520 4519
f 4536 4519 4535
f 4535 4519 4529
f 4535 4529 4534
f 4534 4529 4502
f 4534 4502 4493
f 4493 4502 4504
f 4493 4504 4494
f 4537 4538 4539
f 4540 4541 4542
f 4542 4541 4537
f 4542 4537 4543
f 4543 4537 4539
f 4543 4539 4544
f 4538 4537 4545
f 4545 4537 4541
f 4545 4541 4546
f 4546 4541 4547
f 4546 4547 4548
f 4549 4545 4550
f 4550 4545 4546
f 4550 4546 4551
f 4551 4546 4548
f 4551 4548 4552
f 4548 4547 4553
f 4553 4547 4554
f 4553 4554 4555
f 4555 4554 4556
f 4555 4556 4557
f 4557 4556 4558
f 4557 4558 4559
f 4559 4558 4560
f 4559 4560 4561
f 4561 4560 4562
f 4538 4545 4563
f 4563 4545 4549
f 4564 4565 4566
f 4567 4568 4569
f 4569 4568 4565
f 4570 4571 4567
f 4572 4573 4574
f 4574 4573 4575
f 4574 4575 4576
f 4576 4575 4577
f 4576 4577 4578
f 4578 4577 4579
f 4578 4579 4580
f 4580 4579 4581
f 4580 4581 4582
f 4582 4581 4583
f 4582 4583 4584
f 4566 4572 4564
f 4564 4572 4574
f 4564 4574 4585
f 4585 4574 4576
f 4585 4576 4586
f 4586 4576 4578
f 4586 4578 4587
f 4587 4578 4580
f 4587 4580 4588
f 4588 4580 4582
f 4588 4582 4589
f 4589 4582 4584
f 4589 4584 4590
f 4565 4564 4569
f 4569 4564 4585
f 4569 4585 4591
f 4591 4585 4586
f 4591 4586 4592
f 4592 4586 4587
f 4592 4587 4593
f 4593 4587 4588
f 4593 4588 4594
f 4594 4588 4589
f 4594 4589 4595
f 4595 4589 4590
f 4595 4590 4596
f 4567 4569 4570
f 4570 4569 4591
f 4570 4591 4597
f 4597 4591 4592
f 4597 4592 4598
f 4598 4592 4593
f 4598 4593 4599
f 4599 4593 4594
f 4599 4594 4600
f 4600 4594 4595
f 4600 4595 4601
f 4601 4595 4596
f 4601 4596 4602
f 4561 4602 4559
f 4559 4602 4596
f 4559 4596 4557
f 4557 4596 4590
f 4557 4590 4555
f 4555 4590 4584
f 4555 4584 4553
f 4553 4584 4583
f 4553 4583 4548
f 4548 4583 4581
f 4548 4581 4552
f 4552 4581 4579
f 4552 4579 4551
f 4551 4579 4577
f 4551 4577 4550
f 4550 4577 4575
f 4550 4575 4549
f 4549 4575 4573
f 4549 4573 4563
f 4563 4573 4572
f 4563 4572 4538
f 4538 4572 4566
f 4603 4604 4605
f 4606 4562 4560
f 4607 4608 4609
f 4609 4608 4606
f 4609 4606 4610
f 4607 4609 4611
f 4611 4609 4612
f 4611 4612 4613
f 4613 4612 4614
f 4613 4614 4615
f 4615 4614 4616
f 4615 4616 4617
f 4617 4616 4618
f 4617 4618 4619
f 4605 4604 4618
f 4618 4604 4620
f 4618 4620 4619
f 4539 4538 4621
f 4621 4538 4566
f 4621 4566 4622
f 4622 4566 4565
f 4622 4565 4623
f 4623 4565 4568
f 4623 4568 4624
f 4624 4568 4567
f 4624 4567 4625
f 4625 4567 4571
f 4547 4541 4626
f 4626 4541 4540
f 4627 4556 4554
f 4606 4560 4610
f 4610 4560 4558
f 4610 4558 4556
f 4628 4629 4630
f 4630 4629 4631
f 4630 4631 4632
f 4632 4631 4633
f 4632 4633 4634
f 4634 4633 4635
f 4634 4635 4636
f 4636 4635 4637
f 4636 4637 4638
f 4638 4637 4639
f 4638 4639 4640
f 4554 4628 4627
f 4627 4628 4630
f 4627 4630 4641
f 4641 4630 4632
f 4641 4632 4642
f 4642 4632 4634
f 4642 4634 4643
f 4643 4634 4636
f 4643 4636 4644
f 4644 4636 4638
f 4644 4638 4645
f 4645 4638 4640
f 4645 4640 4646
f 4556 4627 4610
f 4610 4627 4641
f 4610 4641 4609
f 4609 4641 4642
f 4609 4642 4612
f 4612 4642 4643
f 4612 4643 4614
f 4614 4643 4644
f 4614 4644 4616
f 4616 4644 4645
f 4616 4645 4618
f 4618 4645 4646
f 4618 4646 4605
f 4554 4547 4628
f 4628 4547 4626
f 4628 4626 4629
f 4629 4626 4540
f 4629 4540 4631
f 4631 4540 4542
f 4631 4542 4633
f 4633 4542 4543
f 4633 4543 4635
f 4635 4543 4544
f 4635 4544 4637
f 4637 4544 4539
f 4637 4539 4639
f 4639 4539 4621
f 4639 4621 4640
f 4640 4621 4622
f 4640 4622 4646
f 4646 4622 4623
f 4646 4623 4605
f 4605 4623 4624
f 4605 4624 4603
f 4603 4624 4625
f 4647 4648 4649
f 4650 4647 4651
f 4651 4647 4649
f 4651 4649 4652
f 4652 4649 4653
f 4653 4649 4654
f 4653 4654 4655
f 4656 4657 4649
f 4649 4657 4658
f 4649 4658 4654
f 4659 4656 4660
f 4660 4656 4649
f 4660 4649 4661
f 4661 4649 4662
f 4663 4662 4664
f 4664 4662 4649
f 4664 4649 4665
f 4665 4649 4648
f 4666 4667 4668
f 4669 4670 4671
f 4669 4671 4672
f 4672 4671 4673
f 4672 4673 4674
f 4674 4673 4675
f 4674 4675 4676
f 4676 4675 4677
f 4676 4677 4678
f 4678 4677 4679
f 4678 4679 4680
f 4680 4679 4681
f 4680 4681 4682
f 4682 4681 4668
f 4682 4668 4683
f 4683 4668 4667
f 4683 4667 4684
f 4685 4686 4666
f 4658 4657 4687
f 4669 4688 4670
f 4670 4688 4689
f 4670 4689 4690
f 4648 4647 4691
f 4691 4647 4650
f 4691 4650 4692
f 4692 4650 4651
f 4692 4651 4693
f 4693 4651 4652
f 4693 4652 4694
f 4694 4652 4653
f 4694 4653 4695
f 4695 4653 4655
f 4695 4655 4696
f 4696 4655 4654
f 4696 4654 4697
f 4697 4654 4658
f 4697 4658 4698
f 4698 4658 4687
f 4698 4687 4686
f 4686 4685 4698
f 4698 4685 4699
f 4698 4699 4697
f 4697 4699 4700
f 4697 4700 4696
f 4696 4700 4701
f 4696 4701 4695
f 4695 4701 4702
f 4695 4702 4694
f 4694 4702 4703
f 4694 4703 4693
f 4693 4703 4704
f 4693 4704 4692
f 4692 4704 4705
f 4692 4705 4691
f 4691 4705 4706
f 4691 4706 4648
f 4666 4668 4685
f 4685 4668 4681
f 4685 4681 4699
f 4699 4681 4679
f 4699 4679 4700
f 4700 4679 4677
f 4700 4677 4701
f 4701 4677 4675
f 4701 4675 4702
f 4702 4675 4673
f 4702 4673 4703
f 4703 4673 4671
f 4703 4671 4704
f 4704 4671 4670
f 4704 4670 4705
f 4705 4670 4690
f 4705 4690 4706
f 4707 4708 4709
f 4707 4684 4667
f 4707 4709 4710
f 4710 4709 4711
f 4710 4711 4712
f 4712 4711 4713
f 4712 4713 4714
f 4714 4713 4715
f 4714 4715 4716
f 4716 4715 4717
f 4716 4717 4718
f 4718 4717 4719
f 4718 4719 4720
f 4720 4719 4721
f 4720 4721 4722
f 4723 4690 4689
f 4665 4648 4706
f 4707 4667 4708
f 4708 4667 4666
f 4708 4666 4686
f 4657 4656 4724
f 4724 4656 4659
f 4724 4659 4725
f 4725 4659 4660
f 4725 4660 4726
f 4726 4660 4661
f 4726 4661 4727
f 4727 4661 4662
f 4727 4662 4728
f 4728 4662 4663
f 4728 4663 4729
f 4729 4663 4664
f 4729 4664 4730
f 4730 4664 4665
f 4730 4665 4731
f 4731 4665 4706
f 4731 4706 4690
f 4690 4723 4731
f 4731 4723 4732
f 4731 4732 4730
f 4730 4732 4733
f 4730 4733 4729
f 4729 4733 4734
f 4729 4734 4728
f 4728 4734 4735
f 4728 4735 4727
f 4727 4735 4736
f 4727 4736 4726
f 4726 4736 4737
f 4726 4737 4725
f 4725 4737 4738
f 4725 4738 4724
f 4724 4738 4687
f 4724 4687 4657
f 4688 4722 4689
f 4689 4722 4721
f 4689 4721 4723
f 4723 4721 4719
f 4723 4719 4732
f 4732 4719 4717
f 4732 4717 4733
f 4733 4717 4715
f 4733 4715 4734
f 4734 4715 4713
f 4734 4713 4735
f 4735 4713 4711
f 4735 4711 4736
f 4736 4711 4709
f 4736 4709 4737
f 4737 4709 4708
f 4737 4708 4738
f 4738 4708 4686
f 4738 4686 4687
f 4402 4401 4739
f 4414 4376 4348
f 4740 4416 4414
f 4613 4615 4416
f 4416 4615 4417
f 4417 4615 4617
f 4417 4617 4413
f 4413 4617 4619
f 4413 4619 4411
f 4741 4408 4742
f 4742 4408 4410
f 4742 4410 4411
f 4743 4392 4744
f 4744 4392 4391
f 4744 4391 4741
f 4741 4391 4406
f 4741 4406 4408
f 4745 4404 4743
f 4743 4404 4405
f 4743 4405 4392
f 4739 4401 4746
f 4746 4401 4399
f 4746 4399 4745
f 4745 4399 4398
f 4745 4398 4404
f 4747 4748 4396
f 4396 4748 4394
f 4749 4750 4394
f 4748 4718 4720
f 4394 4748 4749
f 4749 4748 4720
f 4749 4720 4722
f 4722 4688 4749
f 4749 4688 4751
f 4749 4751 4750
f 4750 4751 4752
f 4688 4669 4751
f 4751 4669 4672
f 4751 4672 4753
f 4672 4674 4753
f 4753 4674 4676
f 4753 4676 4754
f 4676 4678 4754
f 4754 4678 4680
f 4754 4680 4755
f 4707 4756 4684
f 4684 4756 4757
f 4684 4757 4683
f 4683 4757 4755
f 4683 4755 4682
f 4682 4755 4680
f 4710 4712 4758
f 4707 4710 4756
f 4756 4710 4758
f 4756 4758 4759
f 4759 4758 4760
f 4761 4434 4762
f 4762 4434 4433
f 4762 4433 4763
f 4433 4475 4763
f 4763 4475 4474
f 4763 4474 4764
f 4764 4474 4437
f 4764 4437 4765
f 4765 4437 4766
f 4765 4766 4767
f 4767 4766 4768
f 1030 1029 4769
f 4769 1029 1039
f 4769 1039 1014
f 990 4768 1020
f 1020 4768 1013
f 4414 4348 4740
f 4740 4348 1036
f 4740 1036 4770
f 4770 1036 1035
f 4770 1035 1033
f 4570 4597 4771
f 4625 4571 4742
f 4619 4620 4411
f 4411 4620 4604
f 4411 4604 4742
f 4742 4604 4603
f 4742 4603 4625
f 1033 1032 4770
f 4770 1032 4601
f 4770 4601 4602
f 4602 4561 4770
f 4770 4561 4562
f 4770 4562 4740
f 4740 4562 4606
f 4606 4608 4740
f 4740 4608 4607
f 4740 4607 4416
f 4416 4607 4611
f 4416 4611 4613
f 1032 1030 4601
f 4601 1030 4769
f 4601 4769 4600
f 4600 4769 4599
f 4597 4598 4771
f 4771 4598 4599
f 4771 4599 4766
f 4766 4599 4769
f 4766 4769 4768
f 4768 4769 1014
f 4768 1014 1013
f 4480 4482 4760
f 4746 4451 4450
f 4482 4484 4760
f 4760 4484 4485
f 4760 4485 4759
f 4759 4485 4487
f 4759 4487 4761
f 4761 4487 4488
f 4761 4488 4434
f 4451 4746 4515
f 4515 4746 4745
f 4515 4745 4510
f 4510 4745 4743
f 4510 4743 4505
f 4744 4497 4507
f 4744 4507 4743
f 4743 4507 4506
f 4743 4506 4505
f 4497 4744 4499
f 4499 4744 4741
f 4499 4741 4501
f 4771 4504 4772
f 4772 4504 4503
f 4437 4436 4766
f 4766 4436 4495
f 4766 4495 4771
f 4771 4495 4494
f 4771 4494 4504
f 4714 4716 4739
f 4718 4748 4716
f 4716 4748 4747
f 4716 4747 4739
f 4739 4747 4396
f 4739 4396 4402
f 4503 4501 4772
f 4772 4501 4741
f 4772 4741 4771
f 4771 4741 4742
f 4771 4742 4570
f 4570 4742 4571
f 4712 4714 4758
f 4758 4714 4739
f 4758 4739 4760
f 4760 4739 4746
f 4760 4746 4480
f 4480 4746 4450
f 4752 4773 4750
f 4750 4773 4774
f 4750 4774 4394
f 4394 4774 4775
f 4394 4775 4395
f 4773 4776 4774
f 4774 4776 4777
f 4774 4777 4775
f 4775 4777 4778
f 4775 4778 4395
f 4395 4778 1184
f 4777 4779 4780
f 4777 4780 4778
f 4778 4780 1239
f 4778 1239 1184
f 1184 1239 1241
f 1184 1241 1185
f 40 88 4781
f 4781 88 4782
f 4781 4782 4783
f 4783 4782 4784
f 4784 4782 4785
f 4785 4782 4779
f 4785 4779 4777
f 41 4786 4787
f 4785 4777 4776
f 4783 4784 4786
f 4783 4786 4781
f 4781 4786 41
f 4781 41 40
f 4773 4752 4788
f 71 41 4788
f 4788 41 4787
f 4788 4787 4773
f 4773 4787 4786
f 4773 4786 4776
f 4776 4786 4784
f 4776 4784 4785
f 4789 4790 4791
f 4792 4793 4791
f 4791 4793 4794
f 4791 4794 4789
f 4790 4795 4791
f 4791 4795 4796
f 4791 4796 4792
f 4794 4797 4789
f 4789 4797 4798
f 4789 4798 4799
f 4799 4798 4800
f 4799 4800 4801
f 4802 4789 4803
f 4803 4789 4799
f 4803 4799 4804
f 4804 4799 4801
f 4804 4801 4805
f 4806 4807 4808
f 4809 4810 4811
f 4812 4813 4814
f 4815 4816 4817
f 4818 4819 4820
f 4820 4819 4821
f 4820 4821 4822
f 4823 4790 4789
f 4824 4825 4826
f 4824 4826 4827
f 4825 4824 4828
f 4828 4824 4829
f 4828 4829 4830
f 4831 4832 4833
f 4833 4832 4834
f 4833 4834 4835
f 4835 4834 4836
f 4805 4801 4837
f 4837 4801 4838
f 4837 4838 4839
f 4839 4838 4840
f 4839 4840 4841
f 4841 4840 4842
f 4810 4812 4811
f 4811 4812 4814
f 4811 4814 4843
f 4843 4814 4844
f 4843 4844 4845
f 4845 4844 4846
f 4807 4809 4808
f 4808 4809 4811
f 4808 4811 4847
f 4847 4811 4843
f 4847 4843 4848
f 4848 4843 4845
f 4849 4806 4835
f 4835 4806 4808
f 4835 4808 4833
f 4833 4808 4847
f 4833 4847 4831
f 4831 4847 4848
f 4850 4851 4836
f 4836 4851 4852
f 4836 4852 4835
f 4835 4852 4853
f 4835 4853 4849
f 4801 4800 4838
f 4838 4800 4854
f 4838 4854 4840
f 4840 4854 4822
f 4840 4822 4842
f 4842 4822 4821
f 4842 4821 4841
f 4841 4821 4855
f 4856 4846 4857
f 4857 4846 4844
f 4857 4844 4827
f 4827 4844 4814
f 4827 4814 4824
f 4824 4814 4813
f 4824 4813 4829
f 4829 4813 4858
f 4858 4813 4859
f 4859 4813 4812
f 4859 4812 4860
f 4860 4812 4810
f 4860 4810 4861
f 4861 4810 4809
f 4861 4809 4862
f 4862 4809 4807
f 4862 4807 4863
f 4863 4807 4806
f 4863 4806 4864
f 4864 4806 4849
f 4864 4849 4865
f 4865 4849 4853
f 4865 4853 4866
f 4866 4853 4852
f 4866 4852 4867
f 4867 4852 4851
f 4867 4851 4868
f 4868 4851 4850
f 4868 4850 4869
f 4826 4870 4827
f 4827 4870 4871
f 4827 4871 4857
f 4857 4871 4823
f 4857 4823 4856
f 4856 4823 4789
f 4856 4789 4846
f 4846 4789 4802
f 4846 4802 4845
f 4845 4802 4803
f 4845 4803 4848
f 4848 4803 4804
f 4848 4804 4831
f 4831 4804 4805
f 4831 4805 4832
f 4832 4805 4837
f 4832 4837 4834
f 4834 4837 4839
f 4834 4839 4836
f 4836 4839 4841
f 4836 4841 4850
f 4850 4841 4855
f 4850 4855 4869
f 4869 4855 4821
f 4869 4821 4817
f 4817 4821 4819
f 4817 4819 4815
f 4815 4819 4818
f 4872 4873 4874
f 4875 4876 4877
f 4800 4878 4879
f 4796 4880 4881
f 4790 4823 4882
f 4800 4879 4854
f 4854 4879 4883
f 4854 4883 4822
f 4822 4883 4820
f 4820 4883 4884
f 4820 4884 4818
f 4818 4884 4815
f 4815 4884 4885
f 4815 4885 4816
f 4882 4823 4886
f 4886 4823 4871
f 4886 4871 4887
f 4888 4889 4890
f 4890 4889 4891
f 4890 4891 4892
f 4892 4891 4893
f 4892 4893 4792
f 4881 4880 4894
f 4894 4880 4895
f 4894 4895 4896
f 4896 4895 4897
f 4896 4897 4898
f 4795 4790 4899
f 4899 4790 4882
f 4899 4882 4900
f 4900 4882 4886
f 4900 4886 4901
f 4901 4886 4887
f 4797 4794 4902
f 4902 4794 4903
f 4902 4903 4904
f 4904 4903 4905
f 4904 4905 4906
f 4906 4905 4877
f 4906 4877 4907
f 4907 4877 4876
f 4907 4876 4908
f 4873 4875 4874
f 4874 4875 4877
f 4874 4877 4909
f 4909 4877 4905
f 4909 4905 4910
f 4910 4905 4903
f 4910 4903 4793
f 4793 4903 4794
f 4911 4872 4889
f 4889 4872 4874
f 4889 4874 4891
f 4891 4874 4909
f 4891 4909 4893
f 4893 4909 4910
f 4893 4910 4792
f 4792 4910 4793
f 4888 4912 4889
f 4889 4912 4913
f 4889 4913 4911
f 4796 4795 4880
f 4880 4795 4899
f 4880 4899 4895
f 4895 4899 4900
f 4895 4900 4897
f 4897 4900 4901
f 4897 4901 4914
f 4914 4901 4887
f 4914 4887 4915
f 4800 4798 4878
f 4878 4798 4916
f 4878 4916 4879
f 4879 4916 4917
f 4879 4917 4883
f 4883 4917 4918
f 4883 4918 4884
f 4884 4918 4919
f 4884 4919 4885
f 4885 4919 4920
f 4798 4797 4916
f 4916 4797 4902
f 4916 4902 4917
f 4917 4902 4904
f 4917 4904 4918
f 4918 4904 4906
f 4918 4906 4919
f 4919 4906 4907
f 4919 4907 4920
f 4920 4907 4908
f 4912 4921 4913
f 4913 4921 4922
f 4913 4922 4911
f 4911 4922 4923
f 4911 4923 4872
f 4872 4923 4924
f 4872 4924 4873
f 4873 4924 4925
f 4873 4925 4875
f 4875 4925 4926
f 4875 4926 4876
f 4876 4926 4927
f 4876 4927 4908
f 4792 4796 4892
f 4892 4796 4881
f 4892 4881 4890
f 4890 4881 4894
f 4890 4894 4888
f 4888 4894 4896
f 4888 4896 4912
f 4912 4896 4898
f 4912 4898 4921
f 4921 4898 4928
f 4929 4930 4931
f 4931 4930 4932
f 4931 4932 4928
f 4871 4870 4887
f 4887 4870 4826
f 4887 4826 4915
f 4915 4826 4825
f 4915 4825 4828
f 4928 4898 4931
f 4931 4898 4897
f 4931 4897 4929
f 4929 4897 4914
f 4929 4914 4930
f 4930 4914 4915
f 4930 4915 4933
f 4933 4915 4828
f 4933 4828 4830
f 4934 4935 4936
f 4937 4934 4938
f 4938 4934 4936
f 4938 4936 4939
f 4939 4936 4940
f 4941 4940 4942
f 4942 4940 4936
f 4942 4936 4943
f 4943 4936 4944
f 4945 4944 4946
f 4946 4944 4936
f 4946 4936 4947
f 4947 4936 4948
f 4949 4948 4950
f 4950 4948 4936
f 4950 4936 4951
f 4951 4936 4935
f 4952 4953 4954
f 4955 4940 4941
f 4956 4957 4958
f 4959 4960 4934
f 4934 4960 4961
f 4934 4961 4935
f 4940 4962 4939
f 4939 4962 4963
f 4939 4963 4938
f 4938 4963 4959
f 4938 4959 4937
f 4937 4959 4934
f 4962 4964 4963
f 4963 4964 4954
f 4963 4954 4959
f 4959 4954 4953
f 4959 4953 4960
f 4942 4965 4966
f 4966 4965 4967
f 4966 4967 4968
f 4969 4970 4952
f 4969 4952 4971
f 4971 4952 4954
f 4971 4954 4972
f 4972 4954 4964
f 4972 4964 4973
f 4974 4975 4976
f 4940 4955 4962
f 4962 4955 4974
f 4962 4974 4964
f 4964 4974 4976
f 4964 4976 4973
f 4977 4978 4979
f 4979 4978 4980
f 4942 4966 4941
f 4941 4966 4968
f 4941 4968 4955
f 4955 4968 4979
f 4955 4979 4974
f 4974 4979 4980
f 4974 4980 4975
f 4981 4982 4983
f 4983 4982 4984
f 4983 4984 4985
f 4965 4986 4967
f 4967 4986 4987
f 4967 4987 4988
f 4989 4990 4991
f 4991 4990 4987
f 4991 4987 4992
f 4992 4987 4986
f 4992 4986 4993
f 4993 4986 4965
f 4993 4965 4994
f 4994 4965 4942
f 4994 4942 4943
f 4995 4996 4997
f 4977 4998 4978
f 4978 4998 4999
f 4978 4999 4980
f 4980 4999 5000
f 4980 5000 4975
f 4975 5000 5001
f 4975 5001 4976
f 4976 5001 5002
f 4976 5002 4973
f 4973 5002 5003
f 4973 5003 4972
f 4972 5003 5004
f 4972 5004 4971
f 4971 5004 4995
f 4971 4995 4969
f 4969 4995 4997
f 4969 4997 4970
f 5005 4981 5006
f 5006 4981 4983
f 5006 4983 5007
f 5007 4983 4985
f 5007 4985 5008
f 4989 4956 4990
f 4990 4956 4958
f 4990 4958 4987
f 4987 4958 5008
f 4987 5008 4988
f 4988 5008 4985
f 4988 4985 4967
f 4967 4985 4984
f 4967 4984 4968
f 4968 4984 4982
f 4968 4982 4979
f 4979 4982 4981
f 4979 4981 4977
f 4977 4981 5005
f 4977 5005 4998
f 5009 5010 5011
f 5012 5013 5014
f 5015 5016 5017
f 5018 5019 5020
f 5021 5022 5023
f 5023 5022 4949
f 4945 4946 5024
f 4948 4949 5025
f 5025 4949 5022
f 5025 5022 5026
f 5026 5022 5021
f 5026 5021 5011
f 4951 4935 5027
f 5027 4935 4961
f 5027 4961 5028
f 5028 4961 4960
f 5028 4960 5029
f 5030 5031 5032
f 4950 4951 5033
f 5033 4951 5027
f 5033 5027 5034
f 5034 5027 5028
f 5034 5028 5035
f 5035 5028 5029
f 4994 5036 4993
f 4993 5036 5037
f 4993 5037 4992
f 4992 5037 5038
f 4992 5038 4991
f 4991 5038 5039
f 4991 5039 4989
f 4989 5039 4956
f 5036 5040 5037
f 5037 5040 5041
f 5037 5041 5038
f 5038 5041 5020
f 5038 5020 5039
f 5039 5020 5019
f 5016 5018 5017
f 5017 5018 5020
f 5017 5020 5042
f 5042 5020 5041
f 5042 5041 5024
f 5024 5041 5040
f 5024 5040 4945
f 4945 5040 5036
f 4945 5036 4944
f 4944 5036 4994
f 4944 4994 4943
f 5013 5015 5014
f 5014 5015 5017
f 5014 5017 5043
f 5043 5017 5042
f 5043 5042 5044
f 5044 5042 5024
f 5044 5024 4947
f 4947 5024 4946
f 5010 5012 5011
f 5011 5012 5014
f 5011 5014 5026
f 5026 5014 5043
f 5026 5043 5025
f 5025 5043 5044
f 5025 5044 4948
f 4948 5044 4947
f 5023 5030 5021
f 5021 5030 5032
f 5021 5032 5011
f 5011 5032 5045
f 5011 5045 5009
f 4949 4950 5023
f 5023 4950 5033
f 5023 5033 5030
f 5030 5033 5034
f 5030 5034 5031
f 5031 5034 5035
f 5031 5035 5046
f 5046 5035 5029
f 5046 5029 5047
f 5048 4957 4956
f 4956 5039 5048
f 5048 5039 5019
f 5048 5019 5049
f 5049 5019 5018
f 5049 5018 5050
f 5050 5018 5016
f 5050 5016 5051
f 5051 5016 5015
f 5051 5015 5052
f 5052 5015 5013
f 5052 5013 5053
f 5053 5013 5012
f 5053 5012 5054
f 5054 5012 5010
f 5054 5010 5055
f 5055 5010 5009
f 5055 5009 5056
f 5056 5009 5045
f 5056 5045 5057
f 5057 5058 5059
f 5059 5058 5060
f 5059 5060 5061
f 5061 5060 5062
f 4960 4953 5029
f 5029 4953 4952
f 5029 4952 5047
f 5047 4952 4970
f 5047 4970 4997
f 5057 5045 5058
f 5058 5045 5032
f 5058 5032 5060
f 5060 5032 5031
f 5060 5031 5062
f 5062 5031 5046
f 5062 5046 5061
f 5061 5046 5047
f 5061 5047 5063
f 5063 5047 4997
f 5063 4997 4996
f 5064 5065 5066
f 5067 5064 5068
f 5068 5064 5066
f 5068 5066 5069
f 5070 5071 5066
f 5066 5071 5072
f 5066 5072 5069
f 5066 5073 5074
f 5070 5066 5075
f 5075 5066 5074
f 5075 5074 5076
f 5065 5077 5066
f 5066 5077 5078
f 5066 5078 5073
f 5079 5080 5081
f 5082 5083 5084
f 5085 5086 5087
f 5088 5089 5090
f 5091 5092 5089
f 5070 5093 5071
f 5094 5095 5096
f 5096 5095 5097
f 5096 5097 5098
f 5097 5099 5098
f 5098 5099 5100
f 5098 5100 5101
f 5093 5070 5100
f 5100 5070 5102
f 5100 5102 5101
f 5103 5104 5105
f 5105 5104 5106
f 5105 5106 5107
f 5107 5106 5108
f 5107 5108 5109
f 5110 5092 5111
f 5111 5092 5091
f 5111 5091 5087
f 5112 5113 5114
f 5115 5110 5116
f 5116 5110 5111
f 5116 5111 5104
f 5104 5111 5087
f 5104 5087 5106
f 5106 5087 5086
f 5106 5086 5108
f 5089 5088 5091
f 5091 5088 5084
f 5091 5084 5087
f 5087 5084 5083
f 5087 5083 5085
f 5090 5112 5088
f 5088 5112 5114
f 5088 5114 5084
f 5084 5114 5117
f 5084 5117 5082
f 5118 5119 5120
f 5120 5119 5113
f 5120 5113 5121
f 5121 5113 5112
f 5121 5112 5122
f 5122 5112 5090
f 5119 5123 5113
f 5113 5123 5124
f 5113 5124 5114
f 5114 5124 5125
f 5114 5125 5117
f 5080 5118 5081
f 5081 5118 5120
f 5081 5120 5126
f 5126 5120 5121
f 5126 5121 5127
f 5127 5121 5122
f 5127 5122 5072
f 5072 5122 5090
f 5072 5090 5069
f 5069 5090 5089
f 5069 5089 5068
f 5068 5089 5092
f 5068 5092 5067
f 5067 5092 5110
f 5067 5110 5064
f 5064 5110 5115
f 5064 5115 5065
f 5065 5115 5116
f 5065 5116 5128
f 5128 5116 5104
f 5128 5104 5129
f 5129 5104 5103
f 5097 5079 5099
f 5099 5079 5081
f 5099 5081 5100
f 5100 5081 5126
f 5100 5126 5093
f 5093 5126 5127
f 5093 5127 5071
f 5071 5127 5072
f 5094 5130 5095
f 5095 5130 5131
f 5095 5131 5097
f 5097 5131 5132
f 5097 5132 5079
f 5079 5132 5133
f 5079 5133 5080
f 5080 5133 5134
f 5080 5134 5118
f 5118 5134 5135
f 5118 5135 5119
f 5119 5135 5136
f 5119 5136 5123
f 5123 5136 5137
f 5123 5137 5124
f 5124 5137 5138
f 5124 5138 5125
f 5125 5138 5139
f 5125 5139 5117
f 5117 5139 5140
f 5117 5140 5082
f 5082 5140 5141
f 5082 5141 5083
f 5083 5141 5142
f 5083 5142 5085
f 5085 5142 5143
f 5085 5143 5086
f 5086 5143 5144
f 5086 5144 5108
f 5145 5146 5147
f 5148 5149 5150
f 5151 5152 5153
f 5154 5155 5156
f 5157 5158 5155
f 5105 5159 5103
f 5103 5159 5160
f 5103 5160 5129
f 5077 5065 5161
f 5161 5065 5128
f 5161 5128 5162
f 5162 5128 5129
f 5162 5129 5163
f 5163 5129 5160
f 5102 5070 5075
f 5164 5094 5096
f 5164 5096 5165
f 5094 5164 5130
f 5130 5164 5166
f 5130 5166 5131
f 5167 5158 5168
f 5168 5158 5157
f 5168 5157 5153
f 5169 5170 5171
f 5172 5167 5173
f 5173 5167 5168
f 5173 5168 5165
f 5165 5168 5153
f 5165 5153 5164
f 5164 5153 5152
f 5164 5152 5166
f 5155 5154 5157
f 5157 5154 5150
f 5157 5150 5153
f 5153 5150 5149
f 5153 5149 5151
f 5156 5169 5154
f 5154 5169 5171
f 5154 5171 5150
f 5150 5171 5174
f 5150 5174 5148
f 5175 5176 5177
f 5177 5176 5170
f 5177 5170 5178
f 5178 5170 5169
f 5178 5169 5179
f 5179 5169 5156
f 5176 5180 5170
f 5170 5180 5181
f 5170 5181 5171
f 5171 5181 5182
f 5171 5182 5174
f 5146 5175 5147
f 5147 5175 5177
f 5147 5177 5183
f 5183 5177 5178
f 5183 5178 5184
f 5184 5178 5179
f 5184 5179 5078
f 5078 5179 5156
f 5078 5156 5073
f 5073 5156 5155
f 5073 5155 5074
f 5074 5155 5158
f 5074 5158 5076
f 5076 5158 5167
f 5076 5167 5075
f 5075 5167 5172
f 5075 5172 5102
f 5102 5172 5173
f 5102 5173 5101
f 5101 5173 5165
f 5101 5165 5098
f 5098 5165 5096
f 5160 5145 5163
f 5163 5145 5147
f 5163 5147 5162
f 5162 5147 5183
f 5162 5183 5161
f 5161 5183 5184
f 5161 5184 5077
f 5077 5184 5078
f 5105 5107 5159
f 5159 5107 5109
f 5159 5109 5160
f 5160 5109 5185
f 5160 5185 5145
f 5145 5185 5186
f 5145 5186 5146
f 5146 5186 5187
f 5146 5187 5175
f 5175 5187 5188
f 5175 5188 5176
f 5176 5188 5189
f 5176 5189 5180
f 5180 5189 5190
f 5180 5190 5181
f 5181 5190 5191
f 5181 5191 5182
f 5182 5191 5192
f 5182 5192 5174
f 5174 5192 5193
f 5174 5193 5148
f 5148 5193 5194
f 5148 5194 5149
f 5149 5194 5195
f 5149 5195 5151
f 5151 5195 5196
f 5151 5196 5152
f 5152 5196 5197
f 5152 5197 5166
f 5198 5199 5200
f 5201 5202 5198
f 5203 5202 5204
f 5204 5202 5201
f 5204 5201 5205
f 5205 5201 5206
f 5198 5200 5201
f 5201 5200 5207
f 5201 5207 5208
f 5209 5206 5210
f 5210 5206 5201
f 5210 5201 5211
f 5211 5201 5208
f 5211 5208 5212
f 5213 5214 5215
f 5216 5217 5218
f 5219 5220 5217
f 5221 5222 5220
f 5223 5224 5225
f 5226 5227 5223
f 5228 5229 5230
f 5229 5231 5232
f 5232 5231 5233
f 5232 5233 5234
f 5234 5233 5235
f 5236 5237 5238
f 5238 5237 5239
f 5238 5239 5240
f 5240 5239 5241
f 5240 5241 5242
f 5242 5241 5243
f 5242 5243 5244
f 5245 5246 5240
f 5240 5246 5238
f 5238 5246 5247
f 5238 5247 5236
f 5248 5207 5200
f 5249 5250 5251
f 5249 5251 5252
f 5253 5222 5254
f 5254 5222 5221
f 5254 5221 5255
f 5256 5257 5258
f 5203 5204 5259
f 5259 5204 5260
f 5259 5260 5261
f 5261 5260 5262
f 5261 5262 5263
f 5263 5262 5264
f 5265 5253 5266
f 5266 5253 5254
f 5266 5254 5252
f 5252 5254 5255
f 5252 5255 5249
f 5249 5255 5267
f 5227 5226 5268
f 5268 5226 5269
f 5268 5269 5270
f 5220 5219 5221
f 5221 5219 5269
f 5221 5269 5255
f 5255 5269 5226
f 5255 5226 5267
f 5267 5226 5223
f 5267 5223 5249
f 5249 5223 5225
f 5249 5225 5250
f 5217 5216 5219
f 5219 5216 5215
f 5219 5215 5269
f 5269 5215 5214
f 5269 5214 5270
f 5218 5256 5216
f 5216 5256 5258
f 5216 5258 5215
f 5215 5258 5228
f 5215 5228 5213
f 5213 5228 5230
f 5213 5230 5214
f 5214 5230 5271
f 5214 5271 5270
f 5270 5271 5272
f 5270 5272 5268
f 5268 5272 5273
f 5268 5273 5227
f 5251 5274 5252
f 5252 5274 5275
f 5252 5275 5266
f 5266 5275 5248
f 5266 5248 5265
f 5265 5248 5200
f 5265 5200 5253
f 5253 5200 5199
f 5253 5199 5222
f 5222 5199 5198
f 5222 5198 5220
f 5220 5198 5202
f 5220 5202 5217
f 5217 5202 5203
f 5217 5203 5218
f 5218 5203 5259
f 5218 5259 5256
f 5256 5259 5261
f 5256 5261 5257
f 5257 5261 5263
f 5257 5263 5276
f 5229 5228 5231
f 5231 5228 5258
f 5231 5258 5233
f 5233 5258 5257
f 5233 5257 5235
f 5235 5257 5276
f 5235 5276 5234
f 5204 5205 5260
f 5260 5205 5277
f 5260 5277 5262
f 5262 5277 5245
f 5262 5245 5264
f 5264 5245 5240
f 5264 5240 5263
f 5263 5240 5242
f 5263 5242 5276
f 5276 5242 5244
f 5276 5244 5234
f 5278 5279 5280
f 5281 5282 5283
f 5284 5237 5236
f 5284 5236 5285
f 5286 5287 5288
f 5281 5283 5289
f 5289 5283 5290
f 5289 5290 5291
f 5292 5293 5294
f 5294 5293 5295
f 5294 5295 5296
f 5296 5295 5297
f 5296 5297 5298
f 5298 5297 5299
f 5298 5299 5300
f 5300 5299 5301
f 5250 5225 5292
f 5292 5225 5224
f 5292 5224 5293
f 5302 5211 5212
f 5303 5210 5211
f 5209 5210 5304
f 5304 5210 5303
f 5304 5303 5305
f 5306 5277 5307
f 5307 5277 5205
f 5307 5205 5308
f 5236 5247 5285
f 5285 5247 5246
f 5285 5246 5306
f 5306 5246 5245
f 5306 5245 5277
f 5206 5209 5309
f 5309 5209 5304
f 5309 5304 5310
f 5310 5304 5305
f 5310 5305 5311
f 5312 5313 5314
f 5314 5313 5315
f 5314 5315 5316
f 5279 5278 5317
f 5317 5278 5318
f 5317 5318 5319
f 5320 5312 5321
f 5321 5312 5314
f 5321 5314 5322
f 5322 5314 5316
f 5322 5316 5323
f 5205 5206 5308
f 5308 5206 5309
f 5308 5309 5307
f 5307 5309 5310
f 5307 5310 5306
f 5306 5310 5311
f 5306 5311 5285
f 5285 5311 5324
f 5285 5324 5284
f 5325 5287 5326
f 5326 5287 5286
f 5326 5286 5327
f 5211 5302 5303
f 5303 5302 5328
f 5303 5328 5305
f 5305 5328 5327
f 5305 5327 5311
f 5311 5327 5286
f 5311 5286 5324
f 5324 5286 5288
f 5324 5288 5284
f 5319 5329 5330
f 5330 5329 5331
f 5330 5331 5325
f 5332 5318 5320
f 5320 5318 5278
f 5320 5278 5312
f 5312 5278 5280
f 5312 5280 5313
f 5301 5291 5332
f 5332 5291 5290
f 5332 5290 5318
f 5318 5290 5283
f 5318 5283 5319
f 5319 5283 5282
f 5319 5282 5329
f 5329 5282 5281
f 5329 5281 5331
f 5325 5326 5330
f 5330 5326 5327
f 5330 5327 5319
f 5319 5327 5328
f 5319 5328 5317
f 5317 5328 5302
f 5317 5302 5279
f 5279 5302 5212
f 5279 5212 5280
f 5280 5212 5208
f 5280 5208 5313
f 5313 5208 5207
f 5313 5207 5315
f 5315 5207 5248
f 5315 5248 5316
f 5316 5248 5275
f 5316 5275 5323
f 5323 5275 5274
f 5323 5274 5251
f 5301 5332 5300
f 5300 5332 5320
f 5300 5320 5298
f 5298 5320 5321
f 5298 5321 5296
f 5296 5321 5322
f 5296 5322 5294
f 5294 5322 5323
f 5294 5323 5292
f 5292 5323 5251
f 5292 5251 5250
f 5333 5334 5335
f 5336 5337 5333
f 5338 5337 5339
f 5339 5337 5336
f 5339 5336 5340
f 5340 5336 5341
f 5333 5335 5336
f 5336 5335 5342
f 5336 5342 5343
f 5344 5341 5345
f 5345 5341 5336
f 5345 5336 5346
f 5346 5336 5343
f 5346 5343 5347
f 5348 5349 5350
f 5351 5352 5353
f 5351 5353 5354
f 5355 5356 5357
f 5357 5356 5358
f 5357 5358 5359
f 5359 5358 5360
f 5359 5360 5361
f 5362 5363 5364
f 5364 5363 5365
f 5364 5365 5366
f 5366 5365 5367
f 5366 5367 5368
f 5369 5370 5371
f 5371 5370 5372
f 5371 5372 5373
f 5373 5372 5374
f 5373 5374 5375
f 5375 5374 5376
f 5377 5378 5373
f 5373 5378 5371
f 5371 5378 5379
f 5371 5379 5369
f 5380 5342 5335
f 5353 5381 5354
f 5354 5381 5382
f 5354 5382 5383
f 5384 5349 5385
f 5385 5349 5348
f 5385 5348 5386
f 5387 5388 5389
f 5390 5391 5392
f 5392 5391 5393
f 5392 5393 5394
f 5394 5393 5395
f 5338 5339 5396
f 5396 5339 5397
f 5396 5397 5398
f 5398 5397 5399
f 5398 5399 5400
f 5400 5399 5401
f 5402 5384 5403
f 5403 5384 5385
f 5403 5385 5383
f 5383 5385 5386
f 5383 5386 5354
f 5354 5386 5404
f 5354 5404 5351
f 5350 5387 5348
f 5348 5387 5389
f 5348 5389 5386
f 5386 5389 5405
f 5386 5405 5404
f 5404 5405 5406
f 5404 5406 5351
f 5407 5361 5408
f 5408 5361 5360
f 5408 5360 5388
f 5388 5360 5358
f 5388 5358 5389
f 5389 5358 5356
f 5389 5356 5405
f 5405 5356 5355
f 5405 5355 5406
f 5362 5407 5409
f 5409 5407 5408
f 5409 5408 5394
f 5394 5408 5388
f 5394 5388 5392
f 5392 5388 5387
f 5392 5387 5390
f 5390 5387 5350
f 5382 5410 5383
f 5383 5410 5411
f 5383 5411 5403
f 5403 5411 5380
f 5403 5380 5402
f 5402 5380 5335
f 5402 5335 5384
f 5384 5335 5334
f 5384 5334 5349
f 5349 5334 5333
f 5349 5333 5350
f 5350 5333 5337
f 5350 5337 5390
f 5390 5337 5338
f 5390 5338 5391
f 5391 5338 5396
f 5391 5396 5393
f 5393 5396 5398
f 5393 5398 5395
f 5395 5398 5400
f 5395 5400 5412
f 5362 5409 5363
f 5363 5409 5394
f 5363 5394 5365
f 5365 5394 5395
f 5365 5395 5367
f 5367 5395 5412
f 5367 5412 5368
f 5339 5340 5397
f 5397 5340 5413
f 5397 5413 5399
f 5399 5413 5377
f 5399 5377 5401
f 5401 5377 5373
f 5401 5373 5400
f 5400 5373 5375
f 5400 5375 5412
f 5412 5375 5376
f 5412 5376 5368
f 5414 5415 5416
f 5417 5418 5419
f 5419 5418 5420
f 5419 5420 5421
f 5421 5420 5422
f 5421 5422 5423
f 5424 5425 5426
f 5426 5425 5427
f 5426 5427 5428
f 5429 5430 5431
f 5431 5430 5432
f 5431 5432 5433
f 5434 5435 5436
f 5436 5435 5437
f 5436 5437 5438
f 5438 5437 5439
f 5438 5439 5440
f 5381 5353 5416
f 5416 5353 5352
f 5416 5352 5414
f 5441 5343 5342
f 5442 5413 5443
f 5443 5413 5340
f 5443 5340 5444
f 5369 5379 5445
f 5445 5379 5378
f 5445 5378 5442
f 5442 5378 5377
f 5442 5377 5413
f 5340 5341 5444
f 5444 5341 5446
f 5444 5446 5443
f 5443 5446 5447
f 5443 5447 5442
f 5442 5447 5448
f 5442 5448 5445
f 5341 5344 5446
f 5446 5344 5449
f 5446 5449 5447
f 5447 5449 5450
f 5447 5450 5448
f 5448 5450 5451
f 5452 5453 5454
f 5454 5453 5455
f 5454 5455 5456
f 5456 5455 5457
f 5456 5457 5347
f 5441 5458 5459
f 5459 5458 5460
f 5459 5460 5461
f 5461 5460 5462
f 5370 5369 5417
f 5417 5369 5445
f 5417 5445 5418
f 5418 5445 5448
f 5418 5448 5420
f 5420 5448 5451
f 5420 5451 5422
f 5422 5451 5463
f 5422 5463 5423
f 5423 5463 5464
f 5425 5464 5427
f 5427 5464 5463
f 5427 5463 5428
f 5428 5463 5451
f 5428 5451 5465
f 5465 5451 5450
f 5465 5450 5466
f 5466 5450 5449
f 5466 5449 5345
f 5345 5449 5344
f 5430 5424 5432
f 5432 5424 5426
f 5432 5426 5433
f 5433 5426 5428
f 5433 5428 5467
f 5467 5428 5465
f 5467 5465 5468
f 5468 5465 5466
f 5468 5466 5346
f 5346 5466 5345
f 5346 5347 5468
f 5468 5347 5457
f 5468 5457 5467
f 5467 5457 5455
f 5467 5455 5433
f 5433 5455 5453
f 5433 5453 5431
f 5431 5453 5469
f 5431 5469 5429
f 5414 5440 5415
f 5415 5440 5439
f 5415 5439 5452
f 5452 5439 5437
f 5452 5437 5453
f 5453 5437 5435
f 5453 5435 5469
f 5469 5435 5434
f 5469 5434 5429
f 5441 5342 5458
f 5458 5342 5380
f 5458 5380 5460
f 5460 5380 5411
f 5460 5411 5462
f 5462 5411 5410
f 5462 5410 5382
f 5347 5343 5456
f 5456 5343 5441
f 5456 5441 5454
f 5454 5441 5459
f 5454 5459 5452
f 5452 5459 5461
f 5452 5461 5415
f 5415 5461 5462
f 5415 5462 5416
f 5416 5462 5382
f 5416 5382 5381
f 5470 5471 5472
f 5473 5470 5474
f 5474 5470 5472
f 5474 5472 5475
f 5476 5477 5472
f 5472 5477 5478
f 5472 5478 5475
f 5472 5479 5480
f 5476 5472 5481
f 5481 5472 5480
f 5481 5480 5482
f 5471 5483 5472
f 5472 5483 5484
f 5472 5484 5479
f 5485 5486 5487
f 5488 5489 5490
f 5490 5489 5491
f 5490 5491 5492
f 5493 5494 5488
f 5495 5494 5496
f 5496 5494 5493
f 5496 5493 5497
f 5498 5499 5500
f 5500 5499 5501
f 5500 5501 5502
f 5502 5501 5503
f 5502 5503 5504
f 5504 5503 5505
f 5504 5505 5506
f 5507 5508 5509
f 5509 5508 5510
f 5509 5510 5511
f 5512 5513 5514
f 5514 5513 5515
f 5514 5515 5516
f 5517 5518 5516
f 5516 5518 5514
f 5514 5518 5519
f 5514 5519 5512
f 5477 5476 5520
f 5520 5476 5521
f 5520 5521 5522
f 5522 5521 5517
f 5522 5517 5523
f 5523 5517 5516
f 5524 5525 5526
f 5526 5525 5527
f 5526 5527 5528
f 5528 5527 5529
f 5528 5529 5530
f 5531 5486 5532
f 5532 5486 5485
f 5532 5485 5492
f 5533 5534 5535
f 5536 5534 5537
f 5537 5534 5533
f 5537 5533 5538
f 5539 5531 5540
f 5540 5531 5532
f 5540 5532 5525
f 5525 5532 5492
f 5525 5492 5527
f 5527 5492 5491
f 5527 5491 5529
f 5529 5491 5489
f 5488 5490 5493
f 5493 5490 5492
f 5493 5492 5497
f 5497 5492 5485
f 5497 5485 5541
f 5541 5485 5487
f 5541 5487 5542
f 5495 5496 5543
f 5543 5496 5497
f 5543 5497 5535
f 5535 5497 5541
f 5535 5541 5533
f 5533 5541 5542
f 5533 5542 5538
f 5544 5506 5545
f 5545 5506 5505
f 5545 5505 5536
f 5536 5505 5503
f 5536 5503 5534
f 5534 5503 5501
f 5534 5501 5535
f 5535 5501 5499
f 5535 5499 5543
f 5543 5499 5498
f 5543 5498 5495
f 5508 5544 5510
f 5510 5544 5545
f 5510 5545 5511
f 5511 5545 5536
f 5511 5536 5546
f 5546 5536 5537
f 5546 5537 5547
f 5547 5537 5538
f 5547 5538 5478
f 5478 5538 5542
f 5478 5542 5475
f 5475 5542 5487
f 5475 5487 5474
f 5474 5487 5486
f 5474 5486 5473
f 5473 5486 5531
f 5473 5531 5470
f 5470 5531 5539
f 5470 5539 5471
f 5471 5539 5540
f 5471 5540 5548
f 5548 5540 5525
f 5548 5525 5549
f 5549 5525 5524
f 5515 5507 5516
f 5516 5507 5509
f 5516 5509 5523
f 5523 5509 5511
f 5523 5511 5522
f 5522 5511 5546
f 5522 5546 5520
f 5520 5546 5547
f 5520 5547 5477
f 5477 5547 5478
f 5528 5530 5550
f 5481 5482 5551
f 5551 5482 5552
f 5551 5552 5553
f 5553 5552 5554
f 5480 5479 5555
f 5555 5479 5556
f 5555 5556 5557
f 5557 5556 5558
f 5559 5560 5561
f 5561 5560 5562
f 5561 5562 5484
f 5512 5519 5563
f 5563 5519 5518
f 5479 5484 5556
f 5556 5484 5562
f 5556 5562 5558
f 5558 5562 5560
f 5558 5560 5564
f 5565 5566 5567
f 5567 5566 5559
f 5567 5559 5568
f 5568 5559 5561
f 5568 5561 5483
f 5483 5561 5484
f 5483 5471 5568
f 5568 5471 5548
f 5568 5548 5567
f 5567 5548 5549
f 5567 5549 5565
f 5565 5549 5524
f 5565 5524 5569
f 5569 5524 5526
f 5513 5512 5570
f 5570 5512 5563
f 5570 5563 5571
f 5571 5563 5518
f 5571 5518 5553
f 5553 5518 5517
f 5553 5517 5551
f 5551 5517 5521
f 5551 5521 5481
f 5481 5521 5476
f 5572 5573 5574
f 5574 5573 5575
f 5574 5575 5576
f 5576 5575 5577
f 5576 5577 5578
f 5579 5580 5581
f 5581 5580 5578
f 5581 5578 5582
f 5582 5578 5577
f 5582 5577 5554
f 5554 5577 5575
f 5554 5575 5553
f 5553 5575 5573
f 5553 5573 5571
f 5571 5573 5572
f 5571 5572 5570
f 5482 5480 5552
f 5552 5480 5555
f 5552 5555 5554
f 5554 5555 5557
f 5554 5557 5582
f 5582 5557 5558
f 5582 5558 5581
f 5581 5558 5564
f 5581 5564 5579
f 5583 5584 5585
f 5585 5584 5586
f 5585 5586 5587
f 5587 5586 5588
f 5587 5588 5589
f 5526 5528 5569
f 5569 5528 5550
f 5569 5550 5565
f 5565 5550 5589
f 5565 5589 5566
f 5566 5589 5588
f 5566 5588 5559
f 5559 5588 5586
f 5559 5586 5560
f 5560 5586 5584
f 5560 5584 5564
f 5564 5584 5583
f 5564 5583 5579
f 5590 5591 5592
f 5593 5594 5590
f 5595 5594 5596
f 5596 5594 5593
f 5596 5593 5597
f 5597 5593 5598
f 5590 5592 5593
f 5593 5592 5599
f 5593 5599 5600
f 5601 5598 5602
f 5602 5598 5593
f 5602 5593 5603
f 5603 5593 5600
f 5603 5600 5604
f 5605 5606 5607
f 5605 5607 5608
f 5609 5610 5611
f 5611 5610 5612
f 5611 5612 5613
f 5613 5612 5614
f 5613 5614 5615
f 5616 5617 5618
f 5618 5617 5619
f 5618 5619 5620
f 5620 5619 5621
f 5620 5621 5622
f 5623 5624 5625
f 5625 5624 5626
f 5625 5626 5627
f 5628 5629 5630
f 5630 5629 5631
f 5630 5631 5632
f 5633 5634 5632
f 5632 5634 5630
f 5630 5634 5635
f 5630 5635 5628
f 5596 5597 5636
f 5636 5597 5637
f 5636 5637 5638
f 5638 5637 5633
f 5638 5633 5639
f 5639 5633 5632
f 5640 5599 5592
f 5607 5641 5608
f 5608 5641 5642
f 5608 5642 5643
f 5644 5645 5646
f 5646 5645 5647
f 5646 5647 5648
f 5648 5647 5649
f 5650 5651 5652
f 5652 5651 5653
f 5652 5653 5654
f 5654 5653 5655
f 5656 5644 5657
f 5657 5644 5646
f 5657 5646 5643
f 5643 5646 5648
f 5643 5648 5608
f 5608 5648 5658
f 5608 5658 5605
f 5605 5658 5609
f 5645 5650 5647
f 5647 5650 5652
f 5647 5652 5649
f 5649 5652 5654
f 5649 5654 5659
f 5609 5658 5610
f 5610 5658 5648
f 5610 5648 5612
f 5612 5648 5649
f 5612 5649 5614
f 5614 5649 5659
f 5614 5659 5615
f 5660 5661 5662
f 5662 5661 5663
f 5662 5663 5664
f 5664 5663 5655
f 5664 5655 5665
f 5665 5655 5653
f 5665 5653 5666
f 5666 5653 5651
f 5661 5622 5663
f 5663 5622 5621
f 5663 5621 5655
f 5655 5621 5619
f 5655 5619 5654
f 5654 5619 5617
f 5654 5617 5659
f 5659 5617 5616
f 5659 5616 5615
f 5624 5660 5626
f 5626 5660 5662
f 5626 5662 5627
f 5627 5662 5664
f 5627 5664 5667
f 5667 5664 5665
f 5667 5665 5668
f 5668 5665 5666
f 5668 5666 5595
f 5595 5666 5651
f 5595 5651 5594
f 5594 5651 5650
f 5594 5650 5590
f 5590 5650 5645
f 5590 5645 5591
f 5591 5645 5644
f 5591 5644 5592
f 5592 5644 5656
f 5592 5656 5640
f 5640 5656 5657
f 5640 5657 5669
f 5669 5657 5643
f 5669 5643 5670
f 5670 5643 5642
f 5631 5623 5632
f 5632 5623 5625
f 5632 5625 5639
f 5639 5625 5627
f 5639 5627 5638
f 5638 5627 5667
f 5638 5667 5636
f 5636 5667 5668
f 5636 5668 5596
f 5596 5668 5595
f 5671 5672 5673
f 5674 5675 5676
f 5677 5678 5679
f 5680 5681 5682
f 5682 5681 5683
f 5684 5685 5686
f 5686 5685 5687
f 5686 5687 5688
f 5689 5690 5691
f 5692 5690 5693
f 5693 5690 5689
f 5693 5689 5694
f 5695 5696 5697
f 5697 5696 5698
f 5697 5698 5699
f 5677 5679 5700
f 5700 5679 5607
f 5700 5607 5606
f 5670 5642 5678
f 5678 5642 5679
f 5679 5642 5641
f 5679 5641 5607
f 5678 5701 5670
f 5670 5701 5702
f 5670 5702 5669
f 5669 5702 5703
f 5669 5703 5640
f 5640 5703 5600
f 5640 5600 5599
f 5628 5635 5704
f 5704 5635 5634
f 5704 5634 5705
f 5706 5675 5707
f 5707 5675 5674
f 5707 5674 5708
f 5709 5710 5711
f 5711 5710 5712
f 5711 5712 5705
f 5705 5712 5713
f 5705 5713 5704
f 5710 5714 5712
f 5712 5714 5715
f 5712 5715 5713
f 5713 5715 5716
f 5629 5628 5683
f 5683 5628 5704
f 5683 5704 5682
f 5682 5704 5713
f 5682 5713 5680
f 5680 5713 5716
f 5717 5688 5718
f 5718 5688 5687
f 5718 5687 5716
f 5716 5687 5685
f 5716 5685 5680
f 5680 5685 5684
f 5680 5684 5681
f 5676 5719 5674
f 5674 5719 5673
f 5674 5673 5708
f 5708 5673 5672
f 5708 5672 5720
f 5714 5706 5715
f 5715 5706 5707
f 5715 5707 5716
f 5716 5707 5708
f 5716 5708 5718
f 5718 5708 5720
f 5718 5720 5717
f 5717 5720 5672
f 5717 5672 5691
f 5691 5672 5671
f 5691 5671 5689
f 5689 5671 5673
f 5689 5673 5694
f 5694 5673 5719
f 5696 5692 5698
f 5698 5692 5693
f 5698 5693 5699
f 5699 5693 5694
f 5699 5694 5721
f 5721 5694 5719
f 5721 5719 5722
f 5722 5719 5676
f 5722 5676 5604
f 5604 5676 5675
f 5604 5675 5603
f 5603 5675 5706
f 5603 5706 5602
f 5602 5706 5714
f 5602 5714 5601
f 5601 5714 5710
f 5601 5710 5598
f 5598 5710 5709
f 5598 5709 5597
f 5597 5709 5711
f 5597 5711 5637
f 5637 5711 5705
f 5637 5705 5633
f 5633 5705 5634
f 5677 5695 5678
f 5678 5695 5697
f 5678 5697 5701
f 5701 5697 5699
f 5701 5699 5702
f 5702 5699 5721
f 5702 5721 5703
f 5703 5721 5722
f 5703 5722 5600
f 5600 5722 5604
f 5723 5724 5725
f 5726 5727 5723
f 5728 5727 5729
f 5729 5727 5726
f 5729 5726 5730
f 5730 5726 5731
f 5723 5725 5726
f 5726 5725 5732
f 5726 5732 5733
f 5734 5731 5735
f 5735 5731 5726
f 5735 5726 5736
f 5736 5726 5733
f 5736 5733 5737
f 5738 5739 5740
f 5741 5742 5739
f 5743 5744 5742
f 5745 5746 5747
f 5745 5747 5748
f 5749 5750 5751
f 5750 5752 5753
f 5753 5752 5754
f 5753 5754 5755
f 5755 5754 5756
f 5755 5756 5757
f 5758 5759 5760
f 5759 5761 5762
f 5762 5761 5763
f 5762 5763 5764
f 5764 5763 5765
f 5764 5765 5766
f 5767 5768 5769
f 5769 5768 5770
f 5769 5770 5771
f 5771 5770 5772
f 5771 5772 5773
f 5773 5772 5774
f 5775 5776 5771
f 5771 5776 5769
f 5769 5776 5777
f 5769 5777 5767
f 5778 5730 5731
f 5747 5779 5748
f 5748 5779 5780
f 5748 5780 5781
f 5782 5744 5783
f 5783 5744 5743
f 5783 5743 5784
f 5739 5738 5741
f 5741 5738 5785
f 5741 5785 5786
f 5787 5788 5789
f 5737 5733 5790
f 5790 5733 5791
f 5790 5791 5792
f 5792 5791 5793
f 5792 5793 5794
f 5794 5793 5795
f 5796 5782 5797
f 5797 5782 5783
f 5797 5783 5781
f 5781 5783 5784
f 5781 5784 5748
f 5748 5784 5798
f 5748 5798 5745
f 5742 5741 5743
f 5743 5741 5786
f 5743 5786 5784
f 5784 5786 5749
f 5784 5749 5798
f 5798 5749 5751
f 5798 5751 5745
f 5750 5749 5752
f 5752 5749 5786
f 5752 5786 5754
f 5754 5786 5785
f 5754 5785 5756
f 5756 5785 5799
f 5756 5799 5757
f 5740 5787 5738
f 5738 5787 5789
f 5738 5789 5785
f 5785 5789 5758
f 5785 5758 5799
f 5799 5758 5760
f 5799 5760 5757
f 5780 5800 5781
f 5781 5800 5801
f 5781 5801 5797
f 5797 5801 5778
f 5797 5778 5796
f 5796 5778 5731
f 5796 5731 5782
f 5782 5731 5734
f 5782 5734 5744
f 5744 5734 5735
f 5744 5735 5742
f 5742 5735 5736
f 5742 5736 5739
f 5739 5736 5737
f 5739 5737 5740
f 5740 5737 5790
f 5740 5790 5787
f 5787 5790 5792
f 5787 5792 5788
f 5788 5792 5794
f 5788 5794 5802
f 5759 5758 5761
f 5761 5758 5789
f 5761 5789 5763
f 5763 5789 5788
f 5763 5788 5765
f 5765 5788 5802
f 5765 5802 5766
f 5733 5732 5791
f 5791 5732 5803
f 5791 5803 5793
f 5793 5803 5775
f 5793 5775 5795
f 5795 5775 5771
f 5795 5771 5794
f 5794 5771 5773
f 5794 5773 5802
f 5802 5773 5774
f 5802 5774 5766
f 5804 5805 5806
f 5807 5808 5809
f 5809 5808 5810
f 5809 5810 5811
f 5811 5810 5812
f 5811 5812 5813
f 5813 5812 5814
f 5815 5816 5817
f 5817 5816 5818
f 5817 5818 5819
f 5819 5818 5820
f 5819 5820 5821
f 5822 5823 5824
f 5824 5823 5825
f 5824 5825 5826
f 5826 5825 5827
f 5826 5827 5828
f 5779 5747 5806
f 5806 5747 5746
f 5806 5746 5804
f 5829 5729 5730
f 5830 5803 5831
f 5831 5803 5732
f 5831 5732 5832
f 5767 5777 5833
f 5833 5777 5776
f 5833 5776 5830
f 5830 5776 5775
f 5830 5775 5803
f 5732 5725 5832
f 5832 5725 5834
f 5832 5834 5831
f 5831 5834 5835
f 5831 5835 5830
f 5830 5835 5836
f 5830 5836 5833
f 5725 5724 5834
f 5834 5724 5837
f 5834 5837 5835
f 5835 5837 5838
f 5835 5838 5836
f 5836 5838 5839
f 5723 5727 5840
f 5840 5727 5841
f 5840 5841 5842
f 5842 5841 5843
f 5842 5843 5844
f 5844 5843 5845
f 5846 5847 5848
f 5848 5847 5849
f 5848 5849 5850
f 5850 5849 5851
f 5850 5851 5728
f 5829 5852 5853
f 5853 5852 5854
f 5853 5854 5855
f 5855 5854 5856
f 5768 5767 5814
f 5814 5767 5833
f 5814 5833 5813
f 5813 5833 5836
f 5813 5836 5811
f 5811 5836 5839
f 5811 5839 5809
f 5809 5839 5857
f 5809 5857 5807
f 5807 5857 5858
f 5815 5858 5859
f 5859 5858 5857
f 5859 5857 5844
f 5844 5857 5839
f 5844 5839 5842
f 5842 5839 5838
f 5842 5838 5840
f 5840 5838 5837
f 5840 5837 5723
f 5723 5837 5724
f 5727 5728 5841
f 5841 5728 5851
f 5841 5851 5843
f 5843 5851 5849
f 5843 5849 5845
f 5845 5849 5847
f 5845 5847 5860
f 5815 5859 5816
f 5816 5859 5844
f 5816 5844 5818
f 5818 5844 5845
f 5818 5845 5820
f 5820 5845 5860
f 5820 5860 5821
f 5804 5828 5805
f 5805 5828 5827
f 5805 5827 5846
f 5846 5827 5825
f 5846 5825 5847
f 5847 5825 5823
f 5847 5823 5860
f 5860 5823 5822
f 5860 5822 5821
f 5829 5730 5852
f 5852 5730 5778
f 5852 5778 5854
f 5854 5778 5801
f 5854 5801 5856
f 5856 5801 5800
f 5856 5800 5780
f 5728 5729 5850
f 5850 5729 5829
f 5850 5829 5848
f 5848 5829 5853
f 5848 5853 5846
f 5846 5853 5855
f 5846 5855 5805
f 5805 5855 5856
f 5805 5856 5806
f 5806 5856 5780
f 5806 5780 5779
f 5861 5862 5863
f 5864 5865 5866
f 5866 5865 5861
f 5867 5868 5866
f 5866 5868 5869
f 5866 5869 5864
f 5861 5863 5866
f 5866 5863 5870
f 5866 5870 5871
f 5872 5867 5873
f 5873 5867 5866
f 5873 5866 5874
f 5874 5866 5871
f 5874 5871 5875
f 5876 5877 5878
f 5879 5880 5881
f 5882 5883 5884
f 5884 5883 5885
f 5884 5885 5886
f 5887 5888 5882
f 5889 5888 5890
f 5890 5888 5887
f 5890 5887 5891
f 5892 5893 5894
f 5894 5893 5895
f 5894 5895 5896
f 5896 5895 5897
f 5896 5897 5898
f 5898 5897 5899
f 5898 5899 5900
f 5901 5902 5903
f 5903 5902 5904
f 5903 5904 5905
f 5906 5907 5908
f 5908 5907 5909
f 5908 5909 5910
f 5880 5879 5910
f 5910 5879 5911
f 5910 5911 5908
f 5908 5911 5912
f 5908 5912 5906
f 5871 5870 5913
f 5913 5870 5914
f 5913 5914 5881
f 5881 5914 5915
f 5881 5915 5879
f 5916 5917 5918
f 5918 5917 5919
f 5918 5919 5920
f 5920 5919 5921
f 5920 5921 5922
f 5923 5877 5924
f 5924 5877 5876
f 5924 5876 5886
f 5925 5926 5927
f 5928 5926 5929
f 5929 5926 5925
f 5929 5925 5930
f 5931 5923 5932
f 5932 5923 5924
f 5932 5924 5917
f 5917 5924 5886
f 5917 5886 5919
f 5919 5886 5885
f 5919 5885 5921
f 5921 5885 5883
f 5882 5884 5887
f 5887 5884 5886
f 5887 5886 5891
f 5891 5886 5876
f 5891 5876 5933
f 5933 5876 5878
f 5933 5878 5934
f 5889 5890 5935
f 5935 5890 5891
f 5935 5891 5927
f 5927 5891 5933
f 5927 5933 5925
f 5925 5933 5934
f 5925 5934 5930
f 5936 5900 5937
f 5937 5900 5899
f 5937 5899 5928
f 5928 5899 5897
f 5928 5897 5926
f 5926 5897 5895
f 5926 5895 5927
f 5927 5895 5893
f 5927 5893 5935
f 5935 5893 5892
f 5935 5892 5889
f 5902 5936 5904
f 5904 5936 5937
f 5904 5937 5905
f 5905 5937 5928
f 5905 5928 5938
f 5938 5928 5929
f 5938 5929 5939
f 5939 5929 5930
f 5939 5930 5875
f 5875 5930 5934
f 5875 5934 5874
f 5874 5934 5878
f 5874 5878 5873
f 5873 5878 5877
f 5873 5877 5872
f 5872 5877 5923
f 5872 5923 5867
f 5867 5923 5931
f 5867 5931 5868
f 5868 5931 5932
f 5868 5932 5940
f 5940 5932 5917
f 5940 5917 5941
f 5941 5917 5916
f 5909 5901 5910
f 5910 5901 5903
f 5910 5903 5880
f 5880 5903 5905
f 5880 5905 5881
f 5881 5905 5938
f 5881 5938 5913
f 5913 5938 5939
f 5913 5939 5871
f 5871 5939 5875
f 5942 5943 5944
f 5945 5907 5906
f 5945 5906 5946
f 5947 5948 5949
f 5949 5948 5950
f 5949 5950 5951
f 5952 5953 5947
f 5954 5953 5955
f 5955 5953 5952
f 5955 5952 5956
f 5957 5958 5959
f 5959 5958 5960
f 5959 5960 5961
f 5961 5960 5962
f 5961 5962 5963
f 5963 5962 5964
f 5963 5964 5965
f 5966 5967 5968
f 5968 5967 5969
f 5968 5969 5970
f 5920 5922 5971
f 5971 5922 5972
f 5971 5972 5973
f 5941 5916 5973
f 5973 5916 5971
f 5971 5916 5918
f 5971 5918 5920
f 5869 5868 5974
f 5974 5868 5940
f 5974 5940 5975
f 5975 5940 5941
f 5975 5941 5976
f 5976 5941 5973
f 5914 5870 5863
f 5906 5912 5946
f 5946 5912 5911
f 5946 5911 5977
f 5978 5943 5979
f 5979 5943 5942
f 5979 5942 5951
f 5980 5981 5982
f 5983 5981 5984
f 5984 5981 5980
f 5984 5980 5985
f 5986 5978 5987
f 5987 5978 5979
f 5987 5979 5977
f 5977 5979 5951
f 5977 5951 5946
f 5946 5951 5950
f 5946 5950 5945
f 5945 5950 5948
f 5947 5949 5952
f 5952 5949 5951
f 5952 5951 5956
f 5956 5951 5942
f 5956 5942 5988
f 5988 5942 5944
f 5988 5944 5989
f 5954 5955 5990
f 5990 5955 5956
f 5990 5956 5982
f 5982 5956 5988
f 5982 5988 5980
f 5980 5988 5989
f 5980 5989 5985
f 5991 5965 5992
f 5992 5965 5964
f 5992 5964 5983
f 5983 5964 5962
f 5983 5962 5981
f 5981 5962 5960
f 5981 5960 5982
f 5982 5960 5958
f 5982 5958 5990
f 5990 5958 5957
f 5990 5957 5954
f 5967 5991 5969
f 5969 5991 5992
f 5969 5992 5970
f 5970 5992 5983
f 5970 5983 5993
f 5993 5983 5984
f 5993 5984 5994
f 5994 5984 5985
f 5994 5985 5864
f 5864 5985 5989
f 5864 5989 5865
f 5865 5989 5944
f 5865 5944 5861
f 5861 5944 5943
f 5861 5943 5862
f 5862 5943 5978
f 5862 5978 5863
f 5863 5978 5986
f 5863 5986 5914
f 5914 5986 5987
f 5914 5987 5915
f 5915 5987 5977
f 5915 5977 5879
f 5879 5977 5911
f 5972 5966 5973
f 5973 5966 5968
f 5973 5968 5976
f 5976 5968 5970
f 5976 5970 5975
f 5975 5970 5993
f 5975 5993 5974
f 5974 5993 5994
f 5974 5994 5869
f 5869 5994 5864
f 5995 5996 5997
f 5998 5999 5995
f 6000 5999 6001
f 6001 5999 5998
f 6001 5998 6002
f 6002 5998 6003
f 5995 5997 5998
f 5998 5997 6004
f 5998 6004 6005
f 6006 6003 6007
f 6007 6003 5998
f 6007 5998 6008
f 6008 5998 6005
f 6008 6005 6009
f 6010 6011 6012
f 6010 6012 6013
f 6014 6015 6016
f 6016 6015 6017
f 6016 6017 6018
f 6018 6017 6019
f 6018 6019 6020
f 6021 6022 6023
f 6023 6022 6024
f 6023 6024 6025
f 6025 6024 6026
f 6025 6026 6027
f 6028 6029 6030
f 6030 6029 6031
f 6030 6031 6032
f 6033 6034 6035
f 6035 6034 6036
f 6035 6036 6037
f 6038 6039 6037
f 6037 6039 6035
f 6035 6039 6040
f 6035 6040 6033
f 6001 6002 6041
f 6041 6002 6042
f 6041 6042 6043
f 6043 6042 6038
f 6043 6038 6044
f 6044 6038 6037
f 6045 6004 5997
f 6012 6046 6013
f 6013 6046 6047
f 6013 6047 6048
f 6049 6050 6051
f 6051 6050 6052
f 6051 6052 6053
f 6053 6052 6054
f 6055 6056 6057
f 6057 6056 6058
f 6057 6058 6059
f 6059 6058 6060
f 6061 6049 6062
f 6062 6049 6051
f 6062 6051 6048
f 6048 6051 6053
f 6048 6053 6013
f 6013 6053 6063
f 6013 6063 6010
f 6010 6063 6014
f 6050 6055 6052
f 6052 6055 6057
f 6052 6057 6054
f 6054 6057 6059
f 6054 6059 6064
f 6014 6063 6015
f 6015 6063 6053
f 6015 6053 6017
f 6017 6053 6054
f 6017 6054 6019
f 6019 6054 6064
f 6019 6064 6020
f 6065 6066 6067
f 6067 6066 6068
f 6067 6068 6069
f 6069 6068 6060
f 6069 6060 6070
f 6070 6060 6058
f 6070 6058 6071
f 6071 6058 6056
f 6066 6027 6068
f 6068 6027 6026
f 6068 6026 6060
f 6060 6026 6024
f 6060 6024 6059
f 6059 6024 6022
f 6059 6022 6064
f 6064 6022 6021
f 6064 6021 6020
f 6029 6065 6031
f 6031 6065 6067
f 6031 6067 6032
f 6032 6067 6069
f 6032 6069 6072
f 6072 6069 6070
f 6072 6070 6073
f 6073 6070 6071
f 6073 6071 6000
f 6000 6071 6056
f 6000 6056 5999
f 5999 6056 6055
f 5999 6055 5995
f 5995 6055 6050
f 5995 6050 5996
f 5996 6050 6049
f 5996 6049 5997
f 5997 6049 6061
f 5997 6061 6045
f 6045 6061 6062
f 6045 6062 6074
f 6074 6062 6048
f 6074 6048 6075
f 6075 6048 6047
f 6036 6028 6037
f 6037 6028 6030
f 6037 6030 6044
f 6044 6030 6032
f 6044 6032 6043
f 6043 6032 6072
f 6043 6072 6041
f 6041 6072 6073
f 6041 6073 6001
f 6001 6073 6000
f 6076 6034 6033
f 6076 6033 6077
f 6078 6079 6080
f 6080 6079 6081
f 6080 6081 6082
f 6083 6084 6078
f 6085 6084 6086
f 6086 6084 6083
f 6086 6083 6087
f 6088 6089 6085
f 6090 6089 6091
f 6091 6089 6088
f 6091 6088 6092
f 6093 6094 6090
f 6095 6094 6096
f 6096 6094 6093
f 6096 6093 6097
f 6098 6099 6100
f 6101 6102 6103
f 6103 6102 6104
f 6103 6104 6105
f 6105 6104 6106
f 6105 6106 6107
f 6107 6106 6099
f 6046 6012 6101
f 6101 6012 6011
f 6101 6011 6102
f 6108 6007 6008
f 6006 6007 6109
f 6109 6007 6108
f 6109 6108 6110
f 6111 6042 6112
f 6112 6042 6002
f 6112 6002 6113
f 6033 6040 6077
f 6077 6040 6039
f 6077 6039 6111
f 6111 6039 6038
f 6111 6038 6042
f 6003 6006 6114
f 6114 6006 6109
f 6114 6109 6115
f 6115 6109 6110
f 6115 6110 6082
f 6116 6117 6118
f 6119 6120 6116
f 6116 6120 6121
f 6116 6121 6117
f 6117 6121 6122
f 6002 6003 6113
f 6113 6003 6114
f 6113 6114 6112
f 6112 6114 6115
f 6112 6115 6111
f 6111 6115 6082
f 6111 6082 6077
f 6077 6082 6081
f 6077 6081 6076
f 6076 6081 6079
f 6078 6080 6083
f 6083 6080 6082
f 6083 6082 6087
f 6087 6082 6110
f 6087 6110 6123
f 6123 6110 6108
f 6123 6108 6124
f 6124 6108 6008
f 6124 6008 6009
f 6090 6091 6093
f 6093 6091 6092
f 6093 6092 6097
f 6097 6092 6125
f 6097 6125 6126
f 6126 6125 6127
f 6126 6127 6128
f 6095 6096 6129
f 6129 6096 6097
f 6129 6097 6130
f 6130 6097 6126
f 6130 6126 6131
f 6131 6126 6128
f 6131 6128 6119
f 6119 6116 6131
f 6131 6116 6118
f 6131 6118 6130
f 6130 6118 6098
f 6130 6098 6129
f 6129 6098 6100
f 6129 6100 6095
f 6085 6086 6088
f 6088 6086 6087
f 6088 6087 6092
f 6092 6087 6123
f 6092 6123 6125
f 6125 6123 6124
f 6125 6124 6127
f 6127 6124 6009
f 6127 6009 6128
f 6128 6009 6005
f 6128 6005 6119
f 6119 6005 6004
f 6119 6004 6120
f 6120 6004 6045
f 6120 6045 6121
f 6121 6045 6074
f 6121 6074 6122
f 6122 6074 6075
f 6122 6075 6047
f 6099 6098 6107
f 6107 6098 6118
f 6107 6118 6105
f 6105 6118 6117
f 6105 6117 6103
f 6103 6117 6122
f 6103 6122 6101
f 6101 6122 6047
f 6101 6047 6046
f 6132 6133 6134
f 6135 6136 6132
f 6137 6136 6138
f 6138 6136 6135
f 6138 6135 6139
f 6139 6135 6140
f 6132 6134 6135
f 6135 6134 6141
f 6135 6141 6142
f 6143 6140 6144
f 6144 6140 6135
f 6144 6135 6145
f 6145 6135 6142
f 6145 6142 6146
f 6147 6148 6149
f 6147 6149 6150
f 6151 6152 6153
f 6153 6152 6154
f 6153 6154 6155
f 6155 6154 6156
f 6155 6156 6157
f 6158 6159 6160
f 6160 6159 6161
f 6160 6161 6162
f 6162 6161 6163
f 6162 6163 6164
f 6165 6166 6167
f 6167 6166 6168
f 6167 6168 6169
f 6170 6171 6172
f 6172 6171 6173
f 6172 6173 6174
f 6175 6176 6174
f 6174 6176 6172
f 6172 6176 6177
f 6172 6177 6170
f 6142 6141 6178
f 6178 6141 6179
f 6178 6179 6180
f 6180 6179 6175
f 6180 6175 6181
f 6181 6175 6174
f 6182 6139 6140
f 6149 6183 6150
f 6150 6183 6184
f 6150 6184 6185
f 6186 6187 6188
f 6188 6187 6189
f 6188 6189 6190
f 6190 6189 6191
f 6192 6193 6194
f 6194 6193 6195
f 6194 6195 6196
f 6196 6195 6197
f 6198 6186 6199
f 6199 6186 6188
f 6199 6188 6185
f 6185 6188 6190
f 6185 6190 6150
f 6150 6190 6200
f 6150 6200 6147
f 6147 6200 6151
f 6187 6192 6189
f 6189 6192 6194
f 6189 6194 6191
f 6191 6194 6196
f 6191 6196 6201
f 6151 6200 6152
f 6152 6200 6190
f 6152 6190 6154
f 6154 6190 6191
f 6154 6191 6156
f 6156 6191 6201
f 6156 6201 6157
f 6202 6203 6204
f 6204 6203 6205
f 6204 6205 6206
f 6206 6205 6197
f 6206 6197 6207
f 6207 6197 6195
f 6207 6195 6208
f 6208 6195 6193
f 6203 6164 6205
f 6205 6164 6163
f 6205 6163 6197
f 6197 6163 6161
f 6197 6161 6196
f 6196 6161 6159
f 6196 6159 6201
f 6201 6159 6158
f 6201 6158 6157
f 6166 6202 6168
f 6168 6202 6204
f 6168 6204 6169
f 6169 6204 6206
f 6169 6206 6209
f 6209 6206 6207
f 6209 6207 6210
f 6210 6207 6208
f 6210 6208 6146
f 6146 6208 6193
f 6146 6193 6145
f 6145 6193 6192
f 6145 6192 6144
f 6144 6192 6187
f 6144 6187 6143
f 6143 6187 6186
f 6143 6186 6140
f 6140 6186 6198
f 6140 6198 6182
f 6182 6198 6199
f 6182 6199 6211
f 6211 6199 6185
f 6211 6185 6212
f 6212 6185 6184
f 6173 6165 6174
f 6174 6165 6167
f 6174 6167 6181
f 6181 6167 6169
f 6181 6169 6180
f 6180 6169 6209
f 6180 6209 6178
f 6178 6209 6210
f 6178 6210 6142
f 6142 6210 6146
f 6213 6214 6215
f 6216 6217 6218
f 6219 6220 6221
f 6221 6220 6222
f 6221 6222 6223
f 6223 6222 6224
f 6223 6224 6225
f 6226 6227 6228
f 6228 6227 6229
f 6228 6229 6230
f 6230 6229 6231
f 6230 6231 6232
f 6233 6234 6235
f 6235 6234 6236
f 6235 6236 6237
f 6237 6236 6238
f 6237 6238 6239
f 6239 6238 6240
f 6239 6240 6241
f 6241 6240 6242
f 6183 6149 6233
f 6233 6149 6148
f 6233 6148 6234
f 6243 6134 6244
f 6244 6134 6133
f 6244 6133 6245
f 6245 6133 6132
f 6245 6132 6246
f 6246 6132 6136
f 6246 6136 6247
f 6247 6136 6137
f 6170 6177 6213
f 6213 6177 6176
f 6213 6176 6214
f 6214 6176 6175
f 6214 6175 6179
f 6247 6248 6246
f 6246 6248 6249
f 6246 6249 6245
f 6245 6249 6250
f 6245 6250 6244
f 6244 6250 6251
f 6244 6251 6243
f 6243 6251 6141
f 6243 6141 6134
f 6252 6253 6254
f 6254 6253 6255
f 6254 6255 6256
f 6248 6257 6249
f 6249 6257 6215
f 6249 6215 6250
f 6250 6215 6214
f 6250 6214 6251
f 6251 6214 6179
f 6251 6179 6141
f 6217 6216 6258
f 6258 6216 6259
f 6258 6259 6260
f 6261 6252 6262
f 6262 6252 6254
f 6262 6254 6263
f 6263 6254 6256
f 6263 6256 6264
f 6171 6170 6219
f 6219 6170 6213
f 6219 6213 6220
f 6220 6213 6215
f 6220 6215 6222
f 6222 6215 6257
f 6222 6257 6224
f 6224 6257 6265
f 6224 6265 6225
f 6225 6265 6266
f 6267 6259 6261
f 6261 6259 6216
f 6261 6216 6252
f 6252 6216 6218
f 6252 6218 6253
f 6242 6232 6267
f 6267 6232 6231
f 6267 6231 6259
f 6259 6231 6229
f 6259 6229 6260
f 6260 6229 6227
f 6260 6227 6268
f 6268 6227 6226
f 6268 6226 6266
f 6266 6265 6268
f 6268 6265 6257
f 6268 6257 6260
f 6260 6257 6248
f 6260 6248 6258
f 6258 6248 6247
f 6258 6247 6217
f 6217 6247 6137
f 6217 6137 6218
f 6218 6137 6138
f 6218 6138 6253
f 6253 6138 6139
f 6253 6139 6255
f 6255 6139 6182
f 6255 6182 6256
f 6256 6182 6211
f 6256 6211 6264
f 6264 6211 6212
f 6264 6212 6184
f 6242 6267 6241
f 6241 6267 6261
f 6241 6261 6239
f 6239 6261 6262
f 6239 6262 6237
f 6237 6262 6263
f 6237 6263 6235
f 6235 6263 6264
f 6235 6264 6233
f 6233 6264 6184
f 6233 6184 6183
f 6269 6270 6271
f 6272 6269 6273
f 6273 6269 6271
f 6273 6271 6274
f 6275 6276 6271
f 6271 6276 6277
f 6271 6277 6274
f 6271 6278 6279
f 6275 6271 6280
f 6280 6271 6279
f 6280 6279 6281
f 6270 6282 6271
f 6271 6282 6283
f 6271 6283 6278
f 6284 6285 6286
f 6287 6288 6289
f 6270 6290 6282
f 6291 6292 6293
f 6294 6295 6296
f 6296 6295 6297
f 6296 6297 6298
f 6299 6300 6294
f 6301 6300 6302
f 6302 6300 6299
f 6302 6299 6303
f 6304 6305 6306
f 6306 6305 6307
f 6306 6307 6308
f 6308 6307 6309
f 6308 6309 6310
f 6310 6309 6311
f 6310 6311 6312
f 6313 6291 6314
f 6314 6291 6293
f 6314 6293 6315
f 6316 6317 6318
f 6318 6317 6319
f 6318 6319 6320
f 6320 6319 6321
f 6320 6321 6322
f 6323 6288 6324
f 6324 6288 6287
f 6324 6287 6298
f 6290 6270 6325
f 6326 6327 6328
f 6329 6327 6330
f 6330 6327 6326
f 6330 6326 6331
f 6332 6323 6333
f 6333 6323 6324
f 6333 6324 6317
f 6317 6324 6298
f 6317 6298 6319
f 6319 6298 6297
f 6319 6297 6321
f 6321 6297 6295
f 6294 6296 6299
f 6299 6296 6298
f 6299 6298 6303
f 6303 6298 6287
f 6303 6287 6334
f 6334 6287 6289
f 6334 6289 6335
f 6301 6302 6336
f 6336 6302 6303
f 6336 6303 6328
f 6328 6303 6334
f 6328 6334 6326
f 6326 6334 6335
f 6326 6335 6331
f 6337 6312 6338
f 6338 6312 6311
f 6338 6311 6329
f 6329 6311 6309
f 6329 6309 6327
f 6327 6309 6307
f 6327 6307 6328
f 6328 6307 6305
f 6328 6305 6336
f 6336 6305 6304
f 6336 6304 6301
f 6285 6338 6286
f 6286 6338 6329
f 6286 6329 6339
f 6339 6329 6330
f 6339 6330 6340
f 6340 6330 6331
f 6340 6331 6283
f 6283 6331 6335
f 6283 6335 6278
f 6278 6335 6289
f 6278 6289 6279
f 6279 6289 6288
f 6279 6288 6281
f 6281 6288 6323
f 6281 6323 6280
f 6280 6323 6332
f 6280 6332 6275
f 6275 6332 6333
f 6275 6333 6341
f 6341 6333 6317
f 6341 6317 6342
f 6342 6317 6316
f 6343 6284 6344
f 6344 6284 6286
f 6344 6286 6325
f 6325 6286 6339
f 6325 6339 6290
f 6290 6339 6340
f 6290 6340 6282
f 6282 6340 6283
f 6270 6345 6325
f 6325 6345 6346
f 6325 6346 6344
f 6344 6346 6347
f 6344 6347 6343
f 6343 6347 6348
f 6337 6338 6349
f 6349 6338 6285
f 6349 6285 6350
f 6350 6285 6284
f 6350 6284 6315
f 6315 6284 6343
f 6315 6343 6314
f 6314 6343 6348
f 6314 6348 6313
f 6351 6352 6353
f 6354 6292 6291
f 6354 6291 6355
f 6356 6357 6358
f 6358 6357 6359
f 6358 6359 6360
f 6361 6362 6356
f 6363 6362 6364
f 6364 6362 6361
f 6364 6361 6365
f 6366 6367 6368
f 6368 6367 6369
f 6368 6369 6370
f 6370 6369 6371
f 6370 6371 6372
f 6372 6371 6373
f 6372 6373 6374
f 6375 6376 6377
f 6377 6376 6378
f 6377 6378 6379
f 6320 6322 6380
f 6380 6322 6381
f 6380 6381 6382
f 6342 6316 6382
f 6382 6316 6380
f 6380 6316 6318
f 6380 6318 6320
f 6276 6275 6383
f 6383 6275 6341
f 6383 6341 6384
f 6384 6341 6342
f 6384 6342 6385
f 6385 6342 6382
f 6345 6270 6269
f 6291 6313 6355
f 6355 6313 6348
f 6355 6348 6386
f 6387 6352 6388
f 6388 6352 6351
f 6388 6351 6360
f 6389 6390 6391
f 6392 6390 6393
f 6393 6390 6389
f 6393 6389 6394
f 6395 6387 6396
f 6396 6387 6388
f 6396 6388 6386
f 6386 6388 6360
f 6386 6360 6355
f 6355 6360 6359
f 6355 6359 6354
f 6354 6359 6357
f 6356 6358 6361
f 6361 6358 6360
f 6361 6360 6365
f 6365 6360 6351
f 6365 6351 6397
f 6397 6351 6353
f 6397 6353 6398
f 6363 6364 6399
f 6399 6364 6365
f 6399 6365 6391
f 6391 6365 6397
f 6391 6397 6389
f 6389 6397 6398
f 6389 6398 6394
f 6400 6374 6401
f 6401 6374 6373
f 6401 6373 6392
f 6392 6373 6371
f 6392 6371 6390
f 6390 6371 6369
f 6390 6369 6391
f 6391 6369 6367
f 6391 6367 6399
f 6399 6367 6366
f 6399 6366 6363
f 6376 6400 6378
f 6378 6400 6401
f 6378 6401 6379
f 6379 6401 6392
f 6379 6392 6402
f 6402 6392 6393
f 6402 6393 6403
f 6403 6393 6394
f 6403 6394 6277
f 6277 6394 6398
f 6277 6398 6274
f 6274 6398 6353
f 6274 6353 6273
f 6273 6353 6352
f 6273 6352 6272
f 6272 6352 6387
f 6272 6387 6269
f 6269 6387 6395
f 6269 6395 6345
f 6345 6395 6396
f 6345 6396 6346
f 6346 6396 6386
f 6346 6386 6347
f 6347 6386 6348
f 6381 6375 6382
f 6382 6375 6377
f 6382 6377 6385
f 6385 6377 6379
f 6385 6379 6384
f 6384 6379 6402
f 6384 6402 6383
f 6383 6402 6403
f 6383 6403 6276
f 6276 6403 6277
f 6404 6405 6406
f 6407 6408 6404
f 6409 6408 6410
f 6410 6408 6407
f 6410 6407 6411
f 6411 6407 6412
f 6404 6406 6407
f 6407 6406 6413
f 6407 6413 6414
f 6415 6412 6416
f 6416 6412 6407
f 6416 6407 6417
f 6417 6407 6414
f 6417 6414 6418
f 6419 6420 6421
f 6422 6423 6424
f 6422 6424 6425
f 6426 6427 6428
f 6428 6427 6429
f 6428 6429 6430
f 6431 6432 6426
f 6433 6432 6434
f 6434 6432 6431
f 6434 6431 6435
f 6436 6437 6438
f 6438 6437 6439
f 6438 6439 6440
f 6440 6439 6441
f 6440 6441 6442
f 6442 6441 6443
f 6442 6443 6444
f 6445 6446 6447
f 6447 6446 6448
f 6447 6448 6449
f 6450 6451 6452
f 6452 6451 6453
f 6452 6453 6454
f 6455 6456 6454
f 6454 6456 6452
f 6452 6456 6457
f 6452 6457 6450
f 6410 6411 6458
f 6458 6411 6459
f 6458 6459 6460
f 6460 6459 6455
f 6460 6455 6461
f 6461 6455 6454
f 6462 6413 6406
f 6424 6463 6425
f 6425 6463 6464
f 6425 6464 6465
f 6466 6420 6467
f 6467 6420 6419
f 6467 6419 6430
f 6468 6469 6470
f 6471 6469 6472
f 6472 6469 6468
f 6472 6468 6473
f 6474 6466 6475
f 6475 6466 6467
f 6475 6467 6465
f 6465 6467 6430
f 6465 6430 6425
f 6425 6430 6429
f 6425 6429 6422
f 6422 6429 6427
f 6426 6428 6431
f 6431 6428 6430
f 6431 6430 6435
f 6435 6430 6419
f 6435 6419 6476
f 6476 6419 6421
f 6476 6421 6477
f 6433 6434 6478
f 6478 6434 6435
f 6478 6435 6470
f 6470 6435 6476
f 6470 6476 6468
f 6468 6476 6477
f 6468 6477 6473
f 6479 6444 6480
f 6480 6444 6443
f 6480 6443 6471
f 6471 6443 6441
f 6471 6441 6469
f 6469 6441 6439
f 6469 6439 6470
f 6470 6439 6437
f 6470 6437 6478
f 6478 6437 6436
f 6478 6436 6433
f 6446 6479 6448
f 6448 6479 6480
f 6448 6480 6449
f 6449 6480 6471
f 6449 6471 6481
f 6481 6471 6472
f 6481 6472 6482
f 6482 6472 6473
f 6482 6473 6409
f 6409 6473 6477
f 6409 6477 6408
f 6408 6477 6421
f 6408 6421 6404
f 6404 6421 6420
f 6404 6420 6405
f 6405 6420 6466
f 6405 6466 6406
f 6406 6466 6474
f 6406 6474 6462
f 6462 6474 6475
f 6462 6475 6483
f 6483 6475 6465
f 6483 6465 6484
f 6484 6465 6464
f 6453 6445 6454
f 6454 6445 6447
f 6454 6447 6461
f 6461 6447 6449
f 6461 6449 6460
f 6460 6449 6481
f 6460 6481 6458
f 6458 6481 6482
f 6458 6482 6410
f 6410 6482 6409
f 6485 6486 6487
f 6488 6451 6450
f 6488 6450 6489
f 6490 6491 6492
f 6492 6491 6493
f 6492 6493 6494
f 6495 6496 6490
f 6497 6496 6498
f 6498 6496 6495
f 6498 6495 6499
f 6500 6501 6502
f 6502 6501 6503
f 6502 6503 6504
f 6504 6503 6505
f 6504 6505 6506
f 6506 6505 6507
f 6506 6507 6508
f 6509 6510 6511
f 6511 6510 6512
f 6511 6512 6513
f 6424 6423 6514
f 6514 6423 6515
f 6514 6515 6516
f 6450 6457 6489
f 6489 6457 6456
f 6489 6456 6517
f 6518 6486 6519
f 6519 6486 6485
f 6519 6485 6494
f 6520 6521 6522
f 6523 6521 6524
f 6524 6521 6520
f 6524 6520 6525
f 6526 6518 6527
f 6527 6518 6519
f 6527 6519 6517
f 6517 6519 6494
f 6517 6494 6489
f 6489 6494 6493
f 6489 6493 6488
f 6488 6493 6491
f 6490 6492 6495
f 6495 6492 6494
f 6495 6494 6499
f 6499 6494 6485
f 6499 6485 6528
f 6528 6485 6487
f 6528 6487 6529
f 6497 6498 6530
f 6530 6498 6499
f 6530 6499 6522
f 6522 6499 6528
f 6522 6528 6520
f 6520 6528 6529
f 6520 6529 6525
f 6531 6508 6532
f 6532 6508 6507
f 6532 6507 6523
f 6523 6507 6505
f 6523 6505 6521
f 6521 6505 6503
f 6521 6503 6522
f 6522 6503 6501
f 6522 6501 6530
f 6530 6501 6500
f 6530 6500 6497
f 6510 6531 6512
f 6512 6531 6532
f 6512 6532 6513
f 6513 6532 6523
f 6513 6523 6533
f 6533 6523 6524
f 6533 6524 6534
f 6534 6524 6525
f 6534 6525 6418
f 6418 6525 6529
f 6418 6529 6417
f 6417 6529 6487
f 6417 6487 6416
f 6416 6487 6486
f 6416 6486 6415
f 6415 6486 6518
f 6415 6518 6412
f 6412 6518 6526
f 6412 6526 6411
f 6411 6526 6527
f 6411 6527 6459
f 6459 6527 6517
f 6459 6517 6455
f 6455 6517 6456
f 6515 6509 6516
f 6516 6509 6511
f 6516 6511 6535
f 6535 6511 6513
f 6535 6513 6536
f 6536 6513 6533
f 6536 6533 6537
f 6537 6533 6534
f 6537 6534 6414
f 6414 6534 6418
f 6414 6413 6537
f 6537 6413 6462
f 6537 6462 6536
f 6536 6462 6483
f 6536 6483 6535
f 6535 6483 6484
f 6535 6484 6516
f 6516 6484 6464
f 6516 6464 6514
f 6514 6464 6463
f 6514 6463 6424
f 6538 6539 6540
f 6541 6542 6538
f 6543 6542 6544
f 6544 6542 6541
f 6544 6541 6545
f 6545 6541 6546
f 6538 6540 6541
f 6541 6540 6547
f 6541 6547 6548
f 6549 6546 6550
f 6550 6546 6541
f 6550 6541 6551
f 6551 6541 6548
f 6551 6548 6552
f 6553 6554 6555
f 6556 6557 6558
f 6556 6558 6559
f 6560 6561 6562
f 6562 6561 6563
f 6562 6563 6564
f 6565 6566 6560
f 6567 6566 6568
f 6568 6566 6565
f 6568 6565 6569
f 6570 6571 6572
f 6572 6571 6573
f 6572 6573 6574
f 6574 6573 6575
f 6574 6575 6576
f 6576 6575 6577
f 6576 6577 6578
f 6579 6580 6581
f 6581 6580 6582
f 6581 6582 6583
f 6584 6585 6586
f 6586 6585 6587
f 6586 6587 6588
f 6589 6590 6588
f 6588 6590 6586
f 6586 6590 6591
f 6586 6591 6584
f 6544 6545 6592
f 6592 6545 6593
f 6592 6593 6594
f 6594 6593 6589
f 6594 6589 6595
f 6595 6589 6588
f 6596 6547 6540
f 6558 6597 6559
f 6559 6597 6598
f 6559 6598 6599
f 6600 6554 6601
f 6601 6554 6553
f 6601 6553 6564
f 6602 6603 6604
f 6605 6603 6606
f 6606 6603 6602
f 6606 6602 6607
f 6608 6600 6609
f 6609 6600 6601
f 6609 6601 6599
f 6599 6601 6564
f 6599 6564 6559
f 6559 6564 6563
f 6559 6563 6556
f 6556 6563 6561
f 6560 6562 6565
f 6565 6562 6564
f 6565 6564 6569
f 6569 6564 6553
f 6569 6553 6610
f 6610 6553 6555
f 6610 6555 6611
f 6567 6568 6612
f 6612 6568 6569
f 6612 6569 6604
f 6604 6569 6610
f 6604 6610 6602
f 6602 6610 6611
f 6602 6611 6607
f 6613 6578 6614
f 6614 6578 6577
f 6614 6577 6605
f 6605 6577 6575
f 6605 6575 6603
f 6603 6575 6573
f 6603 6573 6604
f 6604 6573 6571
f 6604 6571 6612
f 6612 6571 6570
f 6612 6570 6567
f 6580 6613 6582
f 6582 6613 6614
f 6582 6614 6583
f 6583 6614 6605
f 6583 6605 6615
f 6615 6605 6606
f 6615 6606 6616
f 6616 6606 6607
f 6616 6607 6543
f 6543 6607 6611
f 6543 6611 6542
f 6542 6611 6555
f 6542 6555 6538
f 6538 6555 6554
f 6538 6554 6539
f 6539 6554 6600
f 6539 6600 6540
f 6540 6600 6608
f 6540 6608 6596
f 6596 6608 6609
f 6596 6609 6617
f 6617 6609 6599
f 6617 6599 6618
f 6618 6599 6598
f 6587 6579 6588
f 6588 6579 6581
f 6588 6581 6595
f 6595 6581 6583
f 6595 6583 6594
f 6594 6583 6615
f 6594 6615 6592
f 6592 6615 6616
f 6592 6616 6544
f 6544 6616 6543
f 6593 6619 6620
f 6621 6585 6584
f 6621 6584 6622
f 6623 6624 6625
f 6625 6624 6626
f 6625 6626 6627
f 6627 6626 6628
f 6627 6628 6629
f 6630 6631 6632
f 6632 6631 6633
f 6632 6633 6634
f 6634 6633 6635
f 6634 6635 6636
f 6637 6638 6639
f 6639 6638 6640
f 6639 6640 6641
f 6558 6557 6642
f 6642 6557 6643
f 6642 6643 6644
f 6584 6591 6622
f 6622 6591 6590
f 6622 6590 6620
f 6620 6590 6589
f 6620 6589 6593
f 6548 6547 6596
f 6645 6646 6647
f 6647 6646 6648
f 6647 6648 6649
f 6650 6651 6652
f 6619 6649 6620
f 6620 6649 6648
f 6620 6648 6622
f 6622 6648 6653
f 6622 6653 6621
f 6621 6653 6623
f 6654 6646 6652
f 6652 6646 6645
f 6652 6645 6650
f 6623 6653 6624
f 6624 6653 6648
f 6624 6648 6626
f 6626 6648 6646
f 6626 6646 6628
f 6628 6646 6654
f 6628 6654 6629
f 6655 6656 6657
f 6657 6656 6658
f 6657 6658 6659
f 6659 6658 6651
f 6659 6651 6660
f 6660 6651 6650
f 6656 6636 6658
f 6658 6636 6635
f 6658 6635 6651
f 6651 6635 6633
f 6651 6633 6652
f 6652 6633 6631
f 6652 6631 6654
f 6654 6631 6630
f 6654 6630 6629
f 6638 6655 6640
f 6640 6655 6657
f 6640 6657 6641
f 6641 6657 6659
f 6641 6659 6661
f 6661 6659 6660
f 6661 6660 6552
f 6552 6660 6650
f 6552 6650 6551
f 6551 6650 6645
f 6551 6645 6550
f 6550 6645 6647
f 6550 6647 6549
f 6549 6647 6649
f 6549 6649 6546
f 6546 6649 6619
f 6546 6619 6545
f 6545 6619 6593
f 6643 6637 6644
f 6644 6637 6639
f 6644 6639 6662
f 6662 6639 6641
f 6662 6641 6663
f 6663 6641 6661
f 6663 6661 6548
f 6548 6661 6552
f 6548 6596 6663
f 6663 6596 6617
f 6663 6617 6662
f 6662 6617 6618
f 6662 6618 6644
f 6644 6618 6598
f 6644 6598 6642
f 6642 6598 6597
f 6642 6597 6558
f 6664 6665 6666
f 6667 6664 6668
f 6668 6664 6666
f 6668 6666 6669
f 6670 6671 6666
f 6666 6671 6672
f 6666 6672 6669
f 6666 6673 6674
f 6670 6666 6675
f 6675 6666 6674
f 6675 6674 6676
f 6665 6677 6666
f 6666 6677 6678
f 6666 6678 6673
f 6679 6680 6681
f 6682 6683 6684
f 6685 6674 6673
f 6686 6676 6674
f 6687 6688 6689
f 6675 6676 6690
f 6690 6676 6686
f 6690 6686 6684
f 6691 6692 6693
f 6693 6692 6694
f 6693 6694 6695
f 6696 6695 6697
f 6697 6695 6694
f 6697 6694 6678
f 6678 6694 6692
f 6678 6692 6673
f 6698 6699 6700
f 6670 6675 6701
f 6701 6675 6690
f 6701 6690 6702
f 6702 6690 6684
f 6702 6684 6700
f 6700 6684 6683
f 6700 6683 6698
f 6674 6685 6686
f 6686 6685 6681
f 6686 6681 6684
f 6684 6681 6680
f 6684 6680 6682
f 6673 6692 6685
f 6685 6692 6691
f 6685 6691 6681
f 6681 6691 6703
f 6681 6703 6679
f 6695 6704 6693
f 6693 6704 6705
f 6693 6705 6691
f 6691 6705 6706
f 6691 6706 6703
f 6707 6708 6709
f 6709 6708 6696
f 6709 6696 6710
f 6710 6696 6697
f 6710 6697 6677
f 6677 6697 6678
f 6677 6665 6710
f 6710 6665 6711
f 6710 6711 6709
f 6709 6711 6712
f 6709 6712 6707
f 6707 6712 6713
f 6707 6713 6714
f 6714 6713 6715
f 6716 6717 6718
f 6704 6719 6705
f 6705 6719 6720
f 6705 6720 6706
f 6706 6720 6721
f 6706 6721 6703
f 6703 6721 6722
f 6703 6722 6679
f 6679 6722 6723
f 6679 6723 6680
f 6680 6723 6724
f 6680 6724 6682
f 6682 6724 6725
f 6682 6725 6683
f 6683 6725 6716
f 6683 6716 6698
f 6698 6716 6718
f 6698 6718 6699
f 6726 6727 6728
f 6728 6727 6729
f 6728 6729 6730
f 6730 6729 6731
f 6730 6731 6732
f 6715 6687 6714
f 6714 6687 6689
f 6714 6689 6707
f 6707 6689 6732
f 6707 6732 6708
f 6708 6732 6731
f 6708 6731 6696
f 6696 6731 6729
f 6696 6729 6695
f 6695 6729 6727
f 6695 6727 6704
f 6704 6727 6726
f 6704 6726 6719
f 6733 6734 6735
f 6736 6737 6738
f 6739 6668 6669
f 6740 6667 6668
f 6718 6717 6741
f 6664 6667 6742
f 6742 6667 6740
f 6742 6740 6738
f 6743 6744 6745
f 6745 6744 6746
f 6745 6746 6747
f 6748 6747 6749
f 6749 6747 6746
f 6749 6746 6672
f 6672 6746 6744
f 6672 6744 6669
f 6750 6715 6713
f 6665 6664 6711
f 6711 6664 6742
f 6711 6742 6712
f 6712 6742 6738
f 6712 6738 6713
f 6713 6738 6737
f 6713 6737 6750
f 6668 6739 6740
f 6740 6739 6735
f 6740 6735 6738
f 6738 6735 6734
f 6738 6734 6736
f 6669 6744 6739
f 6739 6744 6743
f 6739 6743 6735
f 6735 6743 6751
f 6735 6751 6733
f 6747 6752 6745
f 6745 6752 6753
f 6745 6753 6743
f 6743 6753 6754
f 6743 6754 6751
f 6755 6756 6757
f 6757 6756 6748
f 6757 6748 6758
f 6758 6748 6749
f 6758 6749 6671
f 6671 6749 6672
f 6671 6670 6758
f 6758 6670 6701
f 6758 6701 6757
f 6757 6701 6702
f 6757 6702 6755
f 6755 6702 6700
f 6755 6700 6759
f 6759 6700 6699
f 6760 6688 6687
f 6752 6761 6753
f 6753 6761 6762
f 6753 6762 6754
f 6754 6762 6763
f 6754 6763 6751
f 6751 6763 6764
f 6751 6764 6733
f 6733 6764 6765
f 6733 6765 6734
f 6734 6765 6766
f 6734 6766 6736
f 6736 6766 6767
f 6736 6767 6737
f 6737 6767 6760
f 6737 6760 6750
f 6750 6760 6687
f 6750 6687 6715
f 6768 6769 6770
f 6770 6769 6771
f 6770 6771 6772
f 6772 6771 6773
f 6772 6773 6774
f 6774 6773 6775
f 6699 6718 6759
f 6759 6718 6741
f 6759 6741 6755
f 6755 6741 6775
f 6755 6775 6756
f 6756 6775 6773
f 6756 6773 6748
f 6748 6773 6771
f 6748 6771 6747
f 6747 6771 6769
f 6747 6769 6752
f 6752 6769 6768
f 6752 6768 6761
f 6776 6777 6778
f 6779 6776 6780
f 6780 6776 6778
f 6780 6778 6781
f 6782 6783 6778
f 6778 6783 6784
f 6784 6785 6778
f 6778 6785 6786
f 6778 6786 6781
f 6787 6788 6789
f 6789 6788 6790
f 6789 6790 6791
f 6782 6778 6788
f 6788 6778 6777
f 6788 6777 6790
f 6790 6777 6792
f 6790 6792 6793
f 6793 6794 6790
f 6790 6794 6795
f 6790 6795 6791
f 6796 6797 6798
f 6796 6798 6799
f 6799 6798 6800
f 6799 6800 6801
f 6801 6800 6802
f 6801 6802 6803
f 6803 6802 6804
f 6803 6804 6805
f 6805 6804 6806
f 6806 6804 6807
f 6806 6807 6808
f 6808 6807 6809
f 6808 6809 6810
f 6811 6812 6813
f 6814 6815 6812
f 6816 6817 6818
f 6793 6792 6817
f 6817 6816 6793
f 6793 6816 6819
f 6793 6819 6794
f 6794 6819 6820
f 6794 6820 6795
f 6795 6820 6821
f 6795 6821 6791
f 6791 6821 6822
f 6791 6822 6789
f 6789 6822 6823
f 6789 6823 6787
f 6787 6823 6824
f 6787 6824 6788
f 6796 6825 6797
f 6797 6825 6826
f 6797 6826 6827
f 6782 6788 6828
f 6828 6788 6824
f 6828 6824 6829
f 6829 6824 6823
f 6829 6823 6830
f 6830 6823 6822
f 6830 6822 6831
f 6831 6822 6821
f 6831 6821 6832
f 6832 6821 6820
f 6832 6820 6833
f 6833 6820 6819
f 6833 6819 6834
f 6834 6819 6816
f 6834 6816 6835
f 6835 6816 6818
f 6835 6818 6815
f 6815 6814 6835
f 6835 6814 6836
f 6835 6836 6834
f 6834 6836 6837
f 6834 6837 6833
f 6833 6837 6838
f 6833 6838 6832
f 6832 6838 6839
f 6832 6839 6831
f 6831 6839 6840
f 6831 6840 6830
f 6830 6840 6841
f 6830 6841 6829
f 6829 6841 6842
f 6829 6842 6828
f 6812 6811 6814
f 6814 6811 6843
f 6814 6843 6836
f 6836 6843 6844
f 6836 6844 6837
f 6837 6844 6845
f 6837 6845 6838
f 6838 6845 6846
f 6838 6846 6839
f 6839 6846 6847
f 6839 6847 6840
f 6840 6847 6848
f 6840 6848 6841
f 6841 6848 6849
f 6841 6849 6842
f 6850 6810 6813
f 6813 6810 6809
f 6813 6809 6811
f 6811 6809 6807
f 6811 6807 6843
f 6843 6807 6804
f 6843 6804 6844
f 6844 6804 6802
f 6844 6802 6845
f 6845 6802 6800
f 6845 6800 6846
f 6846 6800 6798
f 6846 6798 6847
f 6847 6798 6797
f 6847 6797 6848
f 6848 6797 6827
f 6848 6827 6849
f 6782 6828 6851
f 6852 6853 6854
f 6854 6853 6855
f 6854 6855 6856
f 6856 6855 6857
f 6856 6857 6858
f 6858 6857 6859
f 6858 6859 6860
f 6860 6859 6861
f 6826 6825 6862
f 6862 6825 6863
f 6862 6863 6864
f 6864 6863 6865
f 6864 6865 6866
f 6866 6865 6867
f 6866 6867 6852
f 6852 6867 6868
f 6852 6868 6853
f 6782 6851 6783
f 6783 6851 6869
f 6783 6869 6784
f 6784 6869 6870
f 6784 6870 6785
f 6785 6870 6871
f 6785 6871 6786
f 6786 6871 6872
f 6786 6872 6781
f 6781 6872 6873
f 6781 6873 6780
f 6780 6873 6874
f 6780 6874 6779
f 6779 6874 6875
f 6779 6875 6776
f 6776 6875 6876
f 6776 6876 6777
f 6877 6818 6817
f 6878 6815 6818
f 6879 6812 6815
f 6859 6850 6861
f 6861 6850 6813
f 6861 6813 6812
f 6792 6777 6817
f 6817 6777 6876
f 6817 6876 6877
f 6877 6876 6875
f 6877 6875 6880
f 6880 6875 6874
f 6880 6874 6881
f 6881 6874 6873
f 6881 6873 6882
f 6882 6873 6872
f 6882 6872 6883
f 6883 6872 6871
f 6883 6871 6884
f 6884 6871 6870
f 6884 6870 6885
f 6885 6870 6869
f 6885 6869 6886
f 6886 6869 6851
f 6886 6851 6887
f 6887 6851 6828
f 6887 6828 6842
f 6818 6877 6878
f 6878 6877 6880
f 6878 6880 6888
f 6888 6880 6881
f 6888 6881 6889
f 6889 6881 6882
f 6889 6882 6890
f 6890 6882 6883
f 6890 6883 6891
f 6891 6883 6884
f 6891 6884 6892
f 6892 6884 6885
f 6892 6885 6893
f 6893 6885 6886
f 6893 6886 6894
f 6894 6886 6887
f 6894 6887 6895
f 6895 6887 6842
f 6895 6842 6849
f 6815 6878 6879
f 6879 6878 6888
f 6879 6888 6896
f 6896 6888 6889
f 6896 6889 6897
f 6897 6889 6890
f 6897 6890 6898
f 6898 6890 6891
f 6898 6891 6899
f 6899 6891 6892
f 6899 6892 6900
f 6900 6892 6893
f 6900 6893 6901
f 6901 6893 6894
f 6901 6894 6902
f 6902 6894 6895
f 6902 6895 6903
f 6903 6895 6849
f 6903 6849 6827
f 6812 6879 6861
f 6861 6879 6896
f 6861 6896 6860
f 6860 6896 6897
f 6860 6897 6858
f 6858 6897 6898
f 6858 6898 6856
f 6856 6898 6899
f 6856 6899 6854
f 6854 6899 6900
f 6854 6900 6852
f 6852 6900 6901
f 6852 6901 6866
f 6866 6901 6902
f 6866 6902 6864
f 6864 6902 6903
f 6864 6903 6862
f 6862 6903 6827
f 6862 6827 6826
f 6904 6905 6906
f 6907 6908 6909
f 6909 6908 6910
f 6910 6911 6909
f 6909 6911 6912
f 6909 6912 6913
f 6913 6904 6909
f 6909 6904 6906
f 6909 6906 6907
f 6907 6906 6914
f 6907 6914 6915
f 6915 6914 6916
f 6915 6916 6917
f 6918 6907 6919
f 6919 6907 6915
f 6919 6915 6920
f 6920 6915 6917
f 6920 6917 6921
f 6922 6923 6924
f 6924 6923 6925
f 6924 6925 6926
f 6926 6925 6927
f 6926 6927 6928
f 6928 6927 6929
f 6928 6929 6930
f 6930 6929 6931
f 6930 6931 6932
f 6932 6931 6933
f 6933 6931 6934
f 6933 6934 6935
f 6935 6934 6936
f 6935 6936 6937
f 6938 6939 6940
f 6941 6942 6939
f 6943 6944 6945
f 6910 6908 6944
f 6944 6943 6910
f 6910 6943 6946
f 6910 6946 6911
f 6911 6946 6947
f 6911 6947 6912
f 6912 6947 6948
f 6912 6948 6913
f 6913 6948 6949
f 6913 6949 6904
f 6904 6949 6950
f 6904 6950 6905
f 6905 6950 6951
f 6905 6951 6906
f 6906 6951 6952
f 6906 6952 6914
f 6924 6953 6922
f 6922 6953 6954
f 6922 6954 6955
f 6916 6914 6956
f 6956 6914 6952
f 6956 6952 6957
f 6957 6952 6951
f 6957 6951 6958
f 6958 6951 6950
f 6958 6950 6959
f 6959 6950 6949
f 6959 6949 6960
f 6960 6949 6948
f 6960 6948 6961
f 6961 6948 6947
f 6961 6947 6962
f 6962 6947 6946
f 6962 6946 6963
f 6963 6946 6943
f 6963 6943 6964
f 6964 6943 6945
f 6964 6945 6942
f 6942 6941 6964
f 6964 6941 6965
f 6964 6965 6963
f 6963 6965 6966
f 6963 6966 6962
f 6962 6966 6967
f 6962 6967 6961
f 6961 6967 6968
f 6961 6968 6960
f 6960 6968 6969
f 6960 6969 6959
f 6959 6969 6970
f 6959 6970 6958
f 6958 6970 6971
f 6958 6971 6957
f 6957 6971 6972
f 6957 6972 6956
f 6939 6938 6941
f 6941 6938 6973
f 6941 6973 6965
f 6965 6973 6974
f 6965 6974 6966
f 6966 6974 6975
f 6966 6975 6967
f 6967 6975 6976
f 6967 6976 6968
f 6968 6976 6977
f 6968 6977 6969
f 6969 6977 6978
f 6969 6978 6970
f 6970 6978 6979
f 6970 6979 6971
f 6971 6979 6980
f 6971 6980 6972
f 6981 6937 6940
f 6940 6937 6936
f 6940 6936 6938
f 6938 6936 6934
f 6938 6934 6973
f 6973 6934 6931
f 6973 6931 6974
f 6974 6931 6929
f 6974 6929 6975
f 6975 6929 6927
f 6975 6927 6976
f 6976 6927 6925
f 6976 6925 6977
f 6977 6925 6923
f 6977 6923 6978
f 6978 6923 6922
f 6978 6922 6979
f 6979 6922 6955
f 6979 6955 6980
f 6954 6953 6982
f 6983 6981 6940
f 6940 6984 6983
f 6983 6984 6985
f 6983 6985 6986
f 6986 6985 6987
f 6986 6987 6988
f 6989 6990 6988
f 6991 6990 6992
f 6992 6990 6989
f 6992 6989 6993
f 6994 6995 6996
f 6996 6995 6997
f 6996 6997 6998
f 6998 6997 6999
f 6998 6999 7000
f 7000 6999 7001
f 7000 7001 7002
f 7003 7004 7005
f 7005 7004 7006
f 7005 7006 7007
f 6953 7008 6982
f 6982 7008 7009
f 6982 7009 7010
f 6945 6944 7011
f 7011 6944 7012
f 7011 7012 7013
f 6940 6939 6984
f 6984 6939 6942
f 6984 6942 6985
f 6985 6942 7014
f 6985 7014 6987
f 6942 6945 7014
f 7014 6945 7011
f 7014 7011 7015
f 7015 7011 7013
f 7015 7013 7016
f 7017 7018 7019
f 7020 7018 7021
f 7021 7018 7017
f 7021 7017 7022
f 6988 6987 6989
f 6989 6987 7014
f 6989 7014 6993
f 6993 7014 7015
f 6993 7015 7023
f 7023 7015 7016
f 7023 7016 7024
f 6991 6992 7025
f 7025 6992 6993
f 7025 6993 7019
f 7019 6993 7023
f 7019 7023 7017
f 7017 7023 7024
f 7017 7024 7022
f 7026 7002 7027
f 7027 7002 7001
f 7027 7001 7020
f 7020 7001 6999
f 7020 6999 7018
f 7018 6999 6997
f 7018 6997 7019
f 7019 6997 6995
f 7019 6995 7025
f 7025 6995 6994
f 7025 6994 6991
f 7004 7026 7006
f 7006 7026 7027
f 7006 7027 7007
f 7007 7027 7020
f 7007 7020 7028
f 7028 7020 7021
f 7028 7021 7029
f 7029 7021 7022
f 7029 7022 6921
f 6921 7022 7024
f 6921 7024 6920
f 6920 7024 7016
f 6920 7016 6919
f 6919 7016 7013
f 6919 7013 6918
f 6918 7013 7012
f 6918 7012 6907
f 6907 7012 6944
f 6907 6944 6908
f 7008 7003 7009
f 7009 7003 7005
f 7009 7005 7010
f 7010 7005 7007
f 7010 7007 7030
f 7030 7007 7028
f 7030 7028 7031
f 7031 7028 7029
f 7031 7029 6917
f 6917 7029 6921
f 6917 6916 7031
f 7031 6916 6956
f 7031 6956 7030
f 7030 6956 6972
f 7030 6972 7010
f 7010 6972 6980
f 7010 6980 6982
f 6982 6980 6955
f 6982 6955 6954
f 5583 5585 7032
f 1001 1002 7033
f 6173 6171 3985
f 6924 6926 7034
f 4788 4752 7035
f 4788 7035 71
f 71 7035 7036
f 71 7036 70
f 70 7036 7037
f 70 7037 69
f 69 7037 7038
f 69 7038 68
f 68 7038 7039
f 68 7039 67
f 26 24 35
f 35 24 7040
f 35 7040 36
f 36 7040 37
f 38 7041 39
f 39 7041 6722
f 39 6722 32
f 32 6722 6721
f 32 6721 31
f 31 6721 6720
f 31 6720 7042
f 6728 7043 6726
f 6726 7043 7042
f 6726 7042 6719
f 6719 7042 6720
f 6859 7034 6850
f 6850 7034 7044
f 6859 6857 7034
f 7034 6857 6855
f 7034 6855 7043
f 7043 6855 6853
f 6853 6868 7043
f 7043 6868 6867
f 7043 6867 6865
f 6796 7042 6825
f 6825 7042 7043
f 6825 7043 6863
f 6863 7043 6865
f 6806 6808 7044
f 7044 6808 6810
f 7044 6810 6850
f 6796 6799 7042
f 7042 6799 6801
f 7042 6801 7045
f 7045 6801 6803
f 7045 6803 7044
f 7044 6803 6805
f 7044 6805 6806
f 7034 6926 7044
f 7044 6926 6928
f 7044 6928 6930
f 194 151 6932
f 186 6933 184
f 184 6933 3943
f 184 3943 182
f 182 3943 180
f 186 188 6933
f 6933 188 190
f 6933 190 6932
f 6932 190 192
f 6932 192 194
f 153 7044 151
f 151 7044 6930
f 151 6930 6932
f 153 154 7044
f 7044 154 179
f 7044 179 178
f 178 177 7044
f 7044 177 157
f 7044 157 1637
f 1637 157 156
f 1637 156 3990
f 3990 156 114
f 305 263 3988
f 356 330 7046
f 7046 330 297
f 7046 297 296
f 6924 7034 6953
f 6953 7034 7046
f 6953 7046 7008
f 294 7026 296
f 296 7026 7004
f 296 7004 7046
f 7046 7004 7003
f 7046 7003 7008
f 6994 6996 294
f 294 6996 6998
f 6998 7000 294
f 294 7000 7002
f 294 7002 7026
f 6986 6988 305
f 6994 294 6991
f 6991 294 293
f 6991 293 6990
f 6990 293 300
f 6990 300 6988
f 6988 300 325
f 6988 325 305
f 6933 6935 3943
f 3943 6935 6937
f 3943 6937 3988
f 3988 6937 6981
f 3988 6981 305
f 305 6981 6983
f 305 6983 6986
f 7047 480 479
f 453 411 3987
f 479 445 7047
f 7047 445 444
f 7047 444 442
f 6630 6632 442
f 442 6632 6634
f 442 6634 6636
f 6625 453 6623
f 6623 453 6621
f 6630 442 6629
f 6629 442 441
f 6629 441 6627
f 6627 441 448
f 6627 448 6625
f 6625 448 473
f 6625 473 453
f 6636 6656 442
f 442 6656 6655
f 442 6655 7047
f 7047 6655 6638
f 7047 6638 6637
f 6621 453 6585
f 6585 453 3987
f 6585 3987 6587
f 6637 6643 7047
f 7047 6643 6557
f 7047 6557 7046
f 7046 6557 6556
f 7046 6556 6561
f 6561 6560 7046
f 7046 6560 6566
f 7046 6566 6567
f 6567 6570 7046
f 7046 6570 6572
f 7046 6572 356
f 356 6572 6574
f 356 6574 6576
f 6576 6578 356
f 356 6578 6613
f 356 6613 329
f 329 6613 6580
f 329 6580 326
f 326 6580 6579
f 326 6579 327
f 327 6579 6587
f 327 6587 338
f 338 6587 3987
f 338 3987 339
f 615 585 7048
f 7048 585 584
f 7048 584 587
f 587 6230 6232
f 6221 6223 610
f 610 6223 6225
f 610 6225 605
f 605 6225 6266
f 605 6266 589
f 589 6266 6226
f 589 6226 587
f 587 6226 6228
f 587 6228 6230
f 6232 6242 587
f 587 6242 6240
f 587 6240 7048
f 7048 6240 6238
f 7048 6238 6236
f 557 3985 594
f 594 3985 6171
f 594 6171 610
f 610 6171 6219
f 610 6219 6221
f 6236 6234 7048
f 7048 6234 6148
f 7048 6148 7047
f 7047 6148 6147
f 7047 6147 6151
f 6151 6153 7047
f 7047 6153 6155
f 7047 6155 6157
f 6157 6158 7047
f 7047 6158 6160
f 7047 6160 480
f 480 6160 6162
f 480 6162 6164
f 6164 6203 480
f 480 6203 6202
f 480 6202 505
f 505 6202 477
f 477 6202 6166
f 477 6166 474
f 474 6166 6165
f 474 6165 475
f 475 6165 6173
f 475 6173 487
f 487 6173 3985
f 487 3985 488
f 3983 625 624
f 5746 5745 7048
f 7048 5745 5751
f 5751 5750 7048
f 7048 5750 5753
f 7048 5753 5755
f 5755 5757 7048
f 7048 5757 5760
f 7048 5760 615
f 615 5760 5759
f 615 5759 5762
f 5762 5764 615
f 615 5764 5766
f 615 5766 620
f 5770 612 5772
f 5772 612 611
f 5772 611 5774
f 5774 611 614
f 5774 614 5766
f 5766 614 642
f 5766 642 620
f 733 694 3983
f 721 728 5808
f 5810 733 5812
f 5812 733 5814
f 5808 728 5810
f 5810 728 743
f 5810 743 733
f 5814 733 5768
f 5768 733 3983
f 5768 3983 5770
f 5770 3983 624
f 5770 624 612
f 5808 5807 721
f 721 5807 5858
f 721 5858 722
f 722 5858 724
f 5858 5815 724
f 724 5815 5817
f 724 5817 7049
f 7049 5817 5819
f 7049 5819 5821
f 5821 5822 7049
f 7049 5822 5824
f 7049 5824 5826
f 5826 5828 7049
f 7049 5828 5804
f 7049 5804 5746
f 751 753 5368
f 5368 753 773
f 5368 773 5366
f 5366 773 774
f 5355 5357 7050
f 7050 5357 5359
f 5361 5407 754
f 754 5407 5362
f 754 5362 774
f 774 5362 5364
f 774 5364 5366
f 5359 5361 7050
f 7050 5361 754
f 7050 754 7049
f 7049 754 725
f 7049 725 724
f 5376 749 5368
f 5368 749 748
f 5368 748 751
f 5419 5421 3979
f 5376 5374 749
f 749 5374 5372
f 749 5372 3981
f 3981 5372 5370
f 3981 5370 3979
f 3979 5370 5417
f 3979 5417 5419
f 5421 5423 3979
f 3979 5423 5464
f 3979 5464 5425
f 5425 5424 3979
f 3979 5424 5430
f 3979 5430 7051
f 5430 5429 7051
f 7051 5429 5434
f 7051 5434 5436
f 865 872 7051
f 7051 872 889
f 7051 889 3979
f 3979 889 877
f 3979 877 837
f 7052 7053 907
f 907 869 7052
f 7052 869 868
f 7052 868 7051
f 7051 868 866
f 7051 866 865
f 918 894 7054
f 7054 894 896
f 7054 896 898
f 898 900 7054
f 7054 900 902
f 7054 902 7053
f 7053 902 904
f 7053 904 907
f 7054 5002 5001
f 5001 5000 7054
f 7054 5000 4999
f 7054 4999 918
f 918 4999 4998
f 918 4998 5005
f 5005 5006 918
f 918 5006 5007
f 918 5007 3975
f 5048 3974 4957
f 4957 3974 3973
f 4957 3973 4958
f 4958 3973 3975
f 4958 3975 5008
f 5008 3975 5007
f 5048 5049 3974
f 3974 5049 5050
f 3974 5050 1002
f 1002 5050 5051
f 5051 5052 1002
f 1002 5052 5053
f 1002 5053 7033
f 7033 5053 5054
f 7033 5054 5055
f 7033 4767 4768
f 1001 7033 989
f 989 7033 4768
f 989 4768 990
f 7033 4762 4763
f 4763 4764 7033
f 7033 4764 4765
f 7033 4765 4767
f 5061 4757 4756
f 5055 5056 7033
f 7033 5056 5057
f 7033 5057 4762
f 4762 5057 5059
f 4762 5059 4761
f 4761 5059 5061
f 4761 5061 4759
f 4759 5061 4756
f 5061 5063 4757
f 4757 5063 7055
f 4757 7055 4755
f 4755 7055 7056
f 4755 7056 4754
f 4751 4753 7057
f 7057 4753 4754
f 7057 4754 7058
f 6728 6730 7043
f 7043 6730 6732
f 7043 6732 6689
f 6766 6765 7059
f 6689 6688 7043
f 7043 6688 6760
f 7043 6760 7059
f 7059 6760 6767
f 7059 6767 6766
f 6765 6764 7059
f 7059 6764 6763
f 7059 6763 7060
f 7060 6763 6762
f 6762 6761 7060
f 7060 6761 6768
f 7060 6768 6770
f 6770 6772 7060
f 7060 6772 6774
f 7060 6774 6775
f 6775 6741 7060
f 7060 6741 6717
f 7060 6717 7041
f 7041 6717 6716
f 7041 6716 6725
f 6725 6724 7041
f 7041 6724 6723
f 7041 6723 6722
f 6509 6515 7059
f 7059 6515 6423
f 7059 6423 7043
f 7043 6423 6422
f 7043 6422 6427
f 6427 6426 7043
f 7043 6426 6432
f 7043 6432 6433
f 6433 6436 7043
f 7043 6436 6438
f 7043 6438 7034
f 7034 6438 6440
f 7034 6440 6442
f 6442 6444 7034
f 7034 6444 6479
f 7034 6479 6446
f 6446 6445 7034
f 7034 6445 6453
f 7034 6453 7046
f 7046 6453 6451
f 7046 6451 6488
f 6488 6491 7046
f 7046 6491 6490
f 7046 6490 6496
f 6508 6531 7059
f 7059 6531 6510
f 7059 6510 6509
f 6102 6011 7061
f 7061 6011 6010
f 7061 6010 7059
f 7059 6010 6014
f 7059 6014 6016
f 6027 6066 6502
f 6508 6023 6506
f 6506 6023 6504
f 6504 6023 6502
f 6502 6023 6025
f 6502 6025 6027
f 6496 6497 7046
f 7046 6497 6500
f 7046 6500 6029
f 6029 6500 6502
f 6029 6502 6065
f 6065 6502 6066
f 6016 6018 7059
f 7059 6018 6020
f 7059 6020 6508
f 6508 6020 6021
f 6508 6021 6023
f 6029 6028 7046
f 7046 6028 6036
f 7046 6036 7047
f 7047 6036 6034
f 7047 6034 6076
f 6076 6079 7047
f 7047 6079 6078
f 7047 6078 6084
f 5631 5629 7048
f 5700 5606 7062
f 7062 5606 5605
f 7062 5605 7061
f 7061 5605 5609
f 5609 5611 7061
f 7061 5611 5613
f 7061 5613 5615
f 5622 5661 6090
f 5615 5616 6100
f 6100 5616 5618
f 6100 5618 6095
f 6095 5618 6094
f 6094 5618 6090
f 6090 5618 5620
f 6090 5620 5622
f 6085 6089 5624
f 5624 6089 6090
f 5624 6090 5660
f 5660 6090 5661
f 5631 7048 5623
f 5623 7048 7047
f 5623 7047 5624
f 5624 7047 6084
f 5624 6084 6085
f 6100 6099 5615
f 5615 6099 6106
f 5615 6106 7061
f 7061 6106 6104
f 7061 6104 6102
f 5629 5683 7048
f 7048 5683 5681
f 7048 5681 5746
f 5746 5681 5684
f 5717 7049 5688
f 5688 7049 5746
f 5688 5746 5686
f 5686 5746 5684
f 5223 5227 7062
f 7062 5227 5273
f 5273 5272 7062
f 7062 5272 5271
f 7062 5271 5230
f 5230 5229 5717
f 5717 5229 5232
f 5717 5232 5234
f 5717 5234 5244
f 5717 5244 7049
f 7049 5244 5243
f 7049 5243 5241
f 5717 5691 5230
f 5230 5691 5690
f 5230 5690 5692
f 5692 5696 5230
f 5230 5696 5695
f 5230 5695 7062
f 7062 5695 5677
f 7062 5677 5700
f 5587 5589 7063
f 5589 5550 7063
f 7063 5550 5530
f 7063 5530 7064
f 7064 5530 5529
f 7064 5529 5489
f 5488 5494 7065
f 7065 5494 5495
f 7065 5495 5498
f 5498 5500 7065
f 7065 5500 5502
f 7065 5502 7062
f 5502 5504 7062
f 7062 5504 5506
f 7062 5506 5544
f 5544 5508 7062
f 7062 5508 5507
f 7062 5507 5515
f 5515 5513 7062
f 7062 5513 7066
f 7062 7066 5223
f 5223 7066 5224
f 5513 5570 7066
f 7066 5570 5572
f 7066 5572 5574
f 5583 7032 5579
f 5574 5576 7066
f 7066 5576 5578
f 7066 5578 7032
f 7032 5578 5580
f 7032 5580 5579
f 5436 5438 7051
f 7051 5438 5440
f 7051 5440 7067
f 7067 5440 5414
f 7067 5414 7068
f 5414 5352 7068
f 7068 5352 5351
f 7068 5351 7050
f 7050 5351 5406
f 7050 5406 5355
f 5241 5239 7049
f 7049 5239 5237
f 7049 5237 7050
f 7050 5237 5284
f 5284 5288 7050
f 7050 5288 5287
f 7050 5287 5325
f 5325 5331 7050
f 7050 5331 5281
f 7050 5281 7068
f 7068 5281 5289
f 5289 5291 7068
f 7068 5291 5301
f 7068 5301 5299
f 5299 5297 7068
f 7068 5297 5295
f 7068 5295 5293
f 5190 5189 7038
f 7038 5189 5188
f 7038 5188 5187
f 5187 5186 7038
f 7038 5186 5185
f 7038 5185 7039
f 7039 5185 5109
f 7039 5109 5108
f 5108 5144 7039
f 7039 5144 5143
f 7039 5143 5142
f 5136 7068 5137
f 5137 7068 5138
f 5136 5135 7068
f 7068 5135 5134
f 7068 5134 5133
f 5133 5132 7068
f 7068 5132 5131
f 7068 5131 7067
f 7067 5131 5166
f 5166 5197 7067
f 7067 5197 5196
f 7067 5196 5195
f 5195 5194 7067
f 7067 5194 5193
f 7067 5193 7069
f 7069 5193 5192
f 7069 5192 5191
f 5141 5140 7070
f 7070 5140 7032
f 7070 7032 7063
f 7063 7032 5585
f 7063 5585 5587
f 5293 5224 7068
f 7068 5224 7066
f 7068 7066 5138
f 5138 7066 7032
f 5138 7032 5139
f 5139 7032 5140
f 5063 4996 7055
f 7055 4996 4995
f 7055 4995 7056
f 7056 4995 5004
f 7056 5004 7054
f 7054 5004 5003
f 7054 5003 5002
f 4754 4930 7058
f 7058 4930 4933
f 7058 4933 7071
f 4925 4924 7054
f 4922 4921 7056
f 7056 4921 4928
f 7056 4928 4754
f 4754 4928 4932
f 4754 4932 4930
f 7054 4924 7056
f 7056 4924 4923
f 7056 4923 4922
f 7052 4817 4816
f 4920 4908 7053
f 7053 4908 4927
f 7053 4927 7054
f 7054 4927 4926
f 7054 4926 4925
f 7052 4816 7053
f 7053 4816 4885
f 7053 4885 4920
f 7067 4861 4862
f 4862 4863 7067
f 7067 4863 4864
f 7067 4864 7051
f 7051 4864 4865
f 7051 4865 4866
f 4866 4867 7051
f 7051 4867 4868
f 7051 4868 7052
f 7052 4868 4869
f 7052 4869 4817
f 4933 4830 7071
f 7071 4830 4829
f 7071 4829 7069
f 4829 4858 7069
f 7069 4858 4859
f 7069 4859 7067
f 7067 4859 4860
f 7067 4860 4861
f 38 37 7041
f 7041 37 7040
f 7041 7040 7060
f 7060 7040 7072
f 7060 7072 7073
f 7073 7072 7074
f 7073 7074 7065
f 7065 7074 7064
f 7065 7064 5488
f 5488 7064 5489
f 5898 5900 7061
f 5900 5936 7061
f 7061 5936 5902
f 7061 5902 5901
f 5901 5909 7061
f 7061 5909 5907
f 7061 5907 7062
f 7062 5907 5945
f 7062 5945 5948
f 5948 5947 7062
f 7062 5947 5953
f 7062 5953 5954
f 5963 5965 7065
f 5954 5957 7062
f 7062 5957 5959
f 7062 5959 7065
f 7065 5959 5961
f 7065 5961 5963
f 5965 5991 7065
f 7065 5991 5967
f 7065 5967 5966
f 5966 5972 7065
f 7065 5972 5922
f 7065 5922 7073
f 7073 5922 5921
f 7073 5921 5883
f 5883 5882 7073
f 7073 5882 5888
f 7073 5888 5889
f 5889 5892 7073
f 7073 5892 5894
f 7073 5894 7061
f 7061 5894 5896
f 7061 5896 5898
f 6310 6312 7059
f 7059 6312 6337
f 6337 6349 7059
f 7059 6349 6350
f 7059 6350 6315
f 6315 6293 7059
f 7059 6293 6292
f 7059 6292 7061
f 7061 6292 6354
f 7061 6354 6357
f 6357 6356 7061
f 7061 6356 6362
f 7061 6362 6363
f 6372 6374 7073
f 6363 6366 7061
f 7061 6366 6368
f 7061 6368 7073
f 7073 6368 6370
f 7073 6370 6372
f 6374 6400 7073
f 7073 6400 6376
f 7073 6376 6375
f 6375 6381 7073
f 7073 6381 6322
f 7073 6322 7060
f 7060 6322 6321
f 7060 6321 6295
f 6295 6294 7060
f 7060 6294 6300
f 7060 6300 6301
f 6301 6304 7060
f 7060 6304 6306
f 7060 6306 7059
f 7059 6306 6308
f 7059 6308 6310
f 5191 5190 7069
f 7069 5190 7038
f 7069 7038 7071
f 7071 7038 7037
f 7071 7037 7058
f 7058 7037 7036
f 7058 7036 7057
f 7057 7036 7035
f 7057 7035 4751
f 4751 7035 4752
f 24 63 7040
f 7040 63 64
f 7040 64 7072
f 7072 64 65
f 7072 65 7074
f 7074 65 66
f 7074 66 7064
f 7064 66 67
f 7064 67 7063
f 7063 67 7039
f 7063 7039 7070
f 7070 7039 5142
f 7070 5142 5141
f 1636 7075 1637
f 1637 7075 7044
f 7044 7075 7045
f 7045 7075 7076
f 7045 7076 7042
f 7042 7076 30
f 7042 30 31
f 1636 1633 7075
f 7075 1633 7077
f 7075 7077 7076
f 7076 7077 7078
f 7076 7078 30
f 30 7078 6
f 1633 1604 7079
f 1633 7079 7077
f 7077 7079 7080
f 7077 7080 7078
f 7078 7080 7
f 7078 7 6
f 7081 7082 7083
f 7084 7085 7086
f 1249 1240 7087
f 1602 7088 1603
f 1603 7088 7079
f 1603 7079 1604
f 7088 7089 7079
f 7079 7089 7090
f 7079 7090 7080
f 7080 7090 7
f 7 7090 7091
f 7 7091 5
f 5 7091 7092
f 5 7092 3
f 1 7093 11
f 11 7093 12
f 3 7092 1
f 1 7092 7094
f 1 7094 7093
f 7095 17 7096
f 7096 17 20
f 7096 20 14
f 12 7093 14
f 14 7093 7097
f 14 7097 7096
f 72 74 7098
f 7098 74 73
f 7098 73 7095
f 7095 73 18
f 7095 18 17
f 72 7098 75
f 75 7098 7099
f 75 7099 76
f 76 7099 77
f 77 7099 7100
f 77 7100 78
f 7101 80 7102
f 7102 80 79
f 7102 79 7103
f 7103 79 78
f 84 83 7104
f 7104 83 82
f 7104 82 7101
f 7101 82 81
f 7101 81 80
f 7105 86 7104
f 7104 86 85
f 7104 85 84
f 1240 1239 7087
f 7087 1239 4780
f 7087 4780 4779
f 4779 4782 7087
f 7087 4782 88
f 7087 88 7105
f 7105 88 87
f 7105 87 86
f 7106 7107 7108
f 7108 7107 1505
f 7108 1505 7109
f 7109 1505 1504
f 7110 7111 7112
f 7112 7111 7113
f 7112 7113 7106
f 7106 7113 7114
f 7106 7114 7107
f 7085 7084 7112
f 7112 7084 7115
f 7112 7115 7110
f 7116 7117 7086
f 7086 7117 7118
f 7086 7118 7084
f 7119 7120 7121
f 7121 7120 7122
f 7119 7121 7123
f 7123 7121 7124
f 7123 7124 7125
f 7125 7124 7126
f 7125 7126 7127
f 7127 7126 7128
f 7128 7126 7083
f 7128 7083 7129
f 7082 7130 7083
f 7083 7130 7131
f 7083 7131 7129
f 78 7100 7103
f 7103 7100 7116
f 7103 7116 7102
f 7102 7116 7086
f 7102 7086 7101
f 7101 7086 7085
f 7101 7085 7104
f 7104 7085 7112
f 7104 7112 7105
f 7105 7112 7106
f 7105 7106 7087
f 7087 7106 7108
f 7087 7108 1249
f 1249 7108 7109
f 1249 7109 1227
f 1227 7109 1504
f 1227 1504 1228
f 7096 7081 7095
f 7095 7081 7083
f 7095 7083 7098
f 7098 7083 7126
f 7098 7126 7099
f 7099 7126 7124
f 7099 7124 7100
f 7100 7124 7121
f 7100 7121 7116
f 7116 7121 7122
f 7116 7122 7117
f 7113 7111 7132
f 7133 7134 7135
f 7130 7136 7137
f 7130 7137 7131
f 7137 7133 7131
f 7131 7133 7135
f 7131 7135 7129
f 7129 7135 7128
f 7125 7127 7138
f 7138 7127 7128
f 7138 7128 7139
f 7139 7128 7135
f 7139 7135 7140
f 7140 7135 7134
f 7141 7119 7142
f 7142 7119 7123
f 7115 7084 7143
f 7143 7084 7118
f 7143 7118 7144
f 7144 7118 7117
f 7144 7117 7145
f 7145 7117 7122
f 7145 7122 7141
f 7141 7122 7120
f 7141 7120 7119
f 7132 7111 7143
f 7143 7111 7110
f 7143 7110 7115
f 7113 7132 7114
f 7114 7132 7146
f 7114 7146 7107
f 7107 7146 1503
f 7107 1503 1505
f 1420 1503 7147
f 7147 1503 7146
f 7147 7146 7148
f 7148 7146 7132
f 7148 7132 7149
f 7149 7132 7143
f 7149 7143 7150
f 7150 7143 7151
f 7151 7143 7144
f 7151 7144 7152
f 7145 7153 7154
f 7145 7154 7144
f 7144 7154 7155
f 7144 7155 7152
f 7153 7145 7156
f 7156 7145 7141
f 7156 7141 7157
f 7125 7138 7123
f 7123 7138 7158
f 7123 7158 7142
f 7142 7158 7159
f 7142 7159 7141
f 7141 7159 7160
f 7141 7160 7157
f 7140 7161 7139
f 7139 7161 7162
f 7139 7162 7138
f 7138 7162 7163
f 7138 7163 7158
f 7158 7163 7164
f 7158 7164 7159
f 7155 7154 7165
f 7153 7156 7166
f 7157 7160 7167
f 7168 7169 7170
f 1324 1396 7171
f 7171 1396 1395
f 7171 1395 7172
f 7173 7174 7175
f 7175 7174 7176
f 7175 7176 7177
f 7175 7178 7179
f 7173 7175 7180
f 7180 7175 7179
f 7180 7179 7181
f 7182 7183 7184
f 7184 7183 7185
f 7184 7185 7186
f 7187 7188 7189
f 7189 7188 7190
f 7189 7190 7191
f 7191 7190 7192
f 7193 7194 7187
f 7187 7194 7195
f 7187 7195 7188
f 7196 7197 7198
f 7198 7197 7199
f 7198 7199 7193
f 7193 7199 7200
f 7193 7200 7194
f 7201 7202 7196
f 7196 7202 7203
f 7196 7203 7197
f 7204 7205 7206
f 7206 7205 7207
f 7206 7207 7208
f 7208 7207 7209
f 7208 7209 7170
f 7170 7209 7210
f 7170 7210 7168
f 7162 7204 7163
f 7163 7204 7206
f 7163 7206 7164
f 7164 7206 7159
f 7149 7150 7211
f 7211 7150 7151
f 7211 7151 7152
f 1420 7147 1415
f 1415 7147 1416
f 7212 1418 7213
f 7213 1418 1416
f 7213 1416 7214
f 7214 1416 7147
f 7214 7147 7148
f 7215 1410 7216
f 7216 1410 1412
f 7216 1412 7212
f 7212 1412 1414
f 7212 1414 1418
f 1405 1407 7215
f 7215 1407 1409
f 7215 1409 1410
f 7215 7217 1405
f 1405 7217 7218
f 1405 7218 1403
f 1403 7218 7219
f 1403 7219 1401
f 1401 7219 7220
f 1401 7220 1397
f 1397 7220 7221
f 1397 7221 1398
f 1398 7221 7222
f 7223 1488 7222
f 7222 1488 1399
f 7222 1399 1398
f 1395 1393 7172
f 7172 1393 1392
f 7172 1392 7223
f 7223 1392 1489
f 7223 1489 1488
f 7168 7202 7169
f 7169 7202 7201
f 7169 7201 7170
f 7170 7201 7224
f 7170 7224 7208
f 7208 7224 7225
f 7208 7225 7206
f 7206 7225 7226
f 7206 7226 7159
f 7154 7153 7165
f 7165 7153 7166
f 7165 7166 7227
f 7227 7166 7228
f 7227 7228 7229
f 7229 7228 7230
f 7229 7230 7231
f 7231 7230 7232
f 7231 7232 7233
f 7233 7232 7234
f 7233 7234 7235
f 7235 7234 7236
f 7235 7236 7237
f 7237 7236 7238
f 7237 7238 7239
f 7239 7238 7240
f 7239 7240 7241
f 7241 7240 7242
f 7241 7242 7243
f 7243 7242 7244
f 7243 7244 7245
f 7245 7244 7246
f 7245 7246 7247
f 7247 7246 7177
f 7247 7177 7248
f 7248 7177 7176
f 7248 7176 7249
f 7249 7176 7174
f 7148 7149 7214
f 7214 7149 7211
f 7214 7211 7213
f 7213 7211 7250
f 7213 7250 7212
f 7212 7250 7251
f 7212 7251 7216
f 7216 7251 7252
f 7216 7252 7215
f 7215 7252 7253
f 7215 7253 7217
f 7217 7253 7254
f 7217 7254 7218
f 7218 7254 7255
f 7218 7255 7219
f 7219 7255 7256
f 7219 7256 7220
f 7220 7256 7257
f 7220 7257 7221
f 7221 7257 7258
f 7221 7258 7222
f 7222 7258 7259
f 7222 7259 7223
f 7223 7259 7260
f 7223 7260 7172
f 7172 7260 7261
f 7172 7261 7171
f 7171 7261 7262
f 7152 7155 7211
f 7211 7155 7165
f 7211 7165 7250
f 7250 7165 7227
f 7250 7227 7251
f 7251 7227 7229
f 7251 7229 7252
f 7252 7229 7231
f 7252 7231 7253
f 7253 7231 7233
f 7253 7233 7254
f 7254 7233 7235
f 7254 7235 7255
f 7255 7235 7237
f 7255 7237 7256
f 7256 7237 7239
f 7256 7239 7257
f 7257 7239 7241
f 7257 7241 7258
f 7258 7241 7243
f 7258 7243 7259
f 7259 7243 7245
f 7259 7245 7260
f 7260 7245 7247
f 7260 7247 7261
f 7261 7247 7248
f 7261 7248 7262
f 7262 7248 7249
f 7160 7159 7167
f 7167 7159 7226
f 7167 7226 7263
f 7263 7226 7225
f 7263 7225 7264
f 7264 7225 7224
f 7264 7224 7265
f 7265 7224 7201
f 7265 7201 7266
f 7266 7201 7196
f 7266 7196 7267
f 7267 7196 7198
f 7267 7198 7268
f 7268 7198 7193
f 7268 7193 7269
f 7269 7193 7187
f 7269 7187 7270
f 7270 7187 7189
f 7270 7189 7271
f 7271 7189 7191
f 7271 7191 7182
f 7182 7191 7192
f 7182 7192 7183
f 7183 7192 7190
f 7156 7157 7166
f 7166 7157 7167
f 7166 7167 7228
f 7228 7167 7263
f 7228 7263 7230
f 7230 7263 7264
f 7230 7264 7232
f 7232 7264 7265
f 7232 7265 7234
f 7234 7265 7266
f 7234 7266 7236
f 7236 7266 7267
f 7236 7267 7238
f 7238 7267 7268
f 7238 7268 7240
f 7240 7268 7269
f 7240 7269 7242
f 7242 7269 7270
f 7242 7270 7244
f 7244 7270 7271
f 7244 7271 7246
f 7246 7271 7182
f 7246 7182 7177
f 7177 7182 7184
f 7177 7184 7175
f 7175 7184 7186
f 7175 7186 7178
f 7272 7273 7274
f 7275 7276 7277
f 7278 7279 7280
f 1325 1345 7281
f 7174 7282 7283
f 7284 7285 7286
f 7181 7284 7180
f 7180 7284 7286
f 7180 7286 7173
f 1251 1250 7287
f 7287 1250 1323
f 7174 7283 7249
f 7249 7283 7288
f 7249 7288 7262
f 7262 7288 7287
f 7262 7287 7171
f 7171 7287 1323
f 7171 1323 1324
f 1325 7281 1319
f 1319 7281 7289
f 1319 7289 1320
f 1320 7289 7290
f 1320 7290 1318
f 7290 7291 1318
f 1318 7291 7292
f 1318 7292 1316
f 1316 7292 7293
f 1316 7293 1309
f 1309 7293 7294
f 1309 7294 1311
f 1311 7294 7295
f 1311 7295 1313
f 1313 7295 7296
f 1313 7296 1307
f 1307 7296 1305
f 1305 7296 7297
f 1305 7297 1303
f 1303 7297 7298
f 1303 7298 1302
f 1302 7298 7299
f 1302 7299 1299
f 1299 7299 1297
f 1297 7299 7300
f 1297 7300 1295
f 7301 7302 7299
f 7299 7302 7303
f 7299 7303 7300
f 7278 7280 7304
f 7275 7277 7305
f 7306 7307 7308
f 7273 7272 7309
f 7309 7272 7310
f 7309 7310 7311
f 7312 7313 7274
f 7274 7313 7314
f 7274 7314 7272
f 7315 7316 7317
f 7317 7316 7312
f 7317 7312 7318
f 7318 7312 7274
f 7319 7320 7321
f 7321 7320 7322
f 7321 7322 7323
f 7323 7322 7324
f 7322 7325 7324
f 7324 7325 7326
f 7324 7326 7327
f 7327 7326 7328
f 7327 7328 7329
f 7329 7328 7330
f 7329 7330 7331
f 7309 7332 7273
f 7273 7332 7333
f 7273 7333 7274
f 7274 7333 7334
f 7274 7334 7318
f 7318 7334 7335
f 7318 7335 7317
f 7317 7335 7336
f 7317 7336 7315
f 7315 7336 7337
f 7315 7337 7338
f 7338 7337 7320
f 7338 7320 7339
f 7339 7320 7319
f 7307 7305 7308
f 7308 7305 7277
f 7308 7277 7340
f 7340 7277 7341
f 7340 7341 7342
f 7342 7341 7343
f 7342 7343 7344
f 7344 7343 7345
f 7344 7345 7346
f 7346 7345 7347
f 7346 7347 7348
f 7348 7347 7349
f 7348 7349 7350
f 7350 7349 7351
f 7350 7351 7352
f 7352 7351 7353
f 7352 7353 7354
f 7354 7353 7355
f 7354 7355 7356
f 7356 7355 7357
f 7356 7357 7358
f 7358 7357 7359
f 7358 7359 7360
f 7360 7359 7361
f 7279 7301 7280
f 7280 7301 7299
f 7280 7299 7362
f 7362 7299 7298
f 7362 7298 7363
f 7363 7298 7297
f 7363 7297 7364
f 7364 7297 7296
f 7364 7296 7365
f 7365 7296 7295
f 7365 7295 7366
f 7366 7295 7294
f 7366 7294 7367
f 7367 7294 7293
f 7367 7293 7368
f 7368 7293 7292
f 7368 7292 7369
f 7369 7292 7291
f 7369 7291 7370
f 7370 7291 7290
f 7370 7290 7371
f 7371 7290 7289
f 7371 7289 7372
f 7372 7289 7281
f 7276 7304 7277
f 7277 7304 7280
f 7277 7280 7341
f 7341 7280 7362
f 7341 7362 7343
f 7343 7362 7363
f 7343 7363 7345
f 7345 7363 7364
f 7345 7364 7347
f 7347 7364 7365
f 7347 7365 7349
f 7349 7365 7366
f 7349 7366 7351
f 7351 7366 7367
f 7351 7367 7353
f 7353 7367 7368
f 7353 7368 7355
f 7355 7368 7369
f 7355 7369 7357
f 7357 7369 7370
f 7357 7370 7359
f 7359 7370 7371
f 7359 7371 7361
f 7361 7371 7372
f 7333 7373 7334
f 7334 7373 7374
f 7334 7374 7335
f 7335 7374 7375
f 7335 7375 7336
f 7336 7375 7376
f 7336 7376 7337
f 7337 7376 7377
f 7337 7377 7320
f 7320 7377 7378
f 7320 7378 7322
f 7322 7378 7379
f 7322 7379 7325
f 7325 7379 7380
f 7325 7380 7326
f 7326 7380 7381
f 7326 7381 7328
f 7328 7381 7382
f 7328 7382 7330
f 7330 7382 7383
f 7330 7383 7331
f 7331 7383 7384
f 7331 7384 7385
f 7385 7384 7386
f 7174 7173 7282
f 7282 7173 7286
f 7282 7286 7384
f 7384 7286 7285
f 7384 7285 7386
f 7332 7387 7333
f 7333 7387 7306
f 7333 7306 7373
f 7373 7306 7308
f 7373 7308 7374
f 7374 7308 7340
f 7374 7340 7375
f 7375 7340 7342
f 7375 7342 7376
f 7376 7342 7344
f 7376 7344 7377
f 7377 7344 7346
f 7377 7346 7378
f 7378 7346 7348
f 7378 7348 7379
f 7379 7348 7350
f 7379 7350 7380
f 7380 7350 7352
f 7380 7352 7381
f 7381 7352 7354
f 7381 7354 7382
f 7382 7354 7356
f 7382 7356 7383
f 7383 7356 7358
f 7383 7358 7384
f 7384 7358 7360
f 7384 7360 7282
f 7282 7360 7361
f 7282 7361 7283
f 7283 7361 7372
f 7283 7372 7288
f 7288 7372 7281
f 7288 7281 7287
f 7287 7281 1345
f 7287 1345 1251
f 1623 1628 7388
f 7301 7389 7390
f 7391 7392 1575
f 7393 7394 7395
f 7393 7395 7396
f 7396 7395 7397
f 7396 7397 7398
f 7398 7397 7311
f 7311 7397 7399
f 7311 7399 7309
f 7309 7399 7400
f 7309 7400 7332
f 7401 7306 7402
f 7402 7306 7387
f 7402 7387 7332
f 7276 7275 7403
f 7403 7275 7305
f 7403 7305 7401
f 7401 7305 7307
f 7401 7307 7306
f 7276 7403 7304
f 7304 7403 7404
f 7304 7404 7278
f 7389 7301 7404
f 7404 7301 7279
f 7404 7279 7278
f 7300 7303 7390
f 7390 7303 7302
f 7390 7302 7301
f 1519 1518 1626
f 1626 1518 7388
f 1626 7388 1627
f 1627 7388 1628
f 1624 1623 7390
f 7390 1623 7388
f 7390 7388 7300
f 7300 7388 1518
f 7300 1518 1295
f 1624 7390 1621
f 1621 7390 7389
f 1621 7389 1619
f 1619 7389 7404
f 1619 7404 1617
f 1617 7404 7403
f 1617 7403 1615
f 1615 7403 7401
f 1615 7401 1613
f 1613 7401 7402
f 1613 7402 1630
f 7332 7400 7402
f 7402 7400 1612
f 7402 1612 1630
f 7391 1575 7394
f 7394 1575 1574
f 7394 1574 7395
f 7395 1574 1605
f 7395 1605 7397
f 7397 1605 1607
f 7397 1607 7399
f 7399 1607 1609
f 7399 1609 7400
f 7400 1609 1610
f 7400 1610 1612
f 7391 7405 7392
f 7392 7405 7406
f 7406 7407 7392
f 7392 7407 7408
f 7392 7408 7409
f 1600 7410 1598
f 1598 7410 7411
f 1598 7411 1602
f 1601 7412 1600
f 1600 7412 7413
f 1600 7413 7410
f 1601 1596 7412
f 7412 1596 1580
f 7412 1580 7414
f 7414 1580 1593
f 7414 1593 7415
f 7415 1593 1594
f 7415 1594 7416
f 7416 1594 1595
f 7416 1595 7417
f 7417 1595 1578
f 1576 1575 7392
f 1578 1577 7417
f 7417 1577 1576
f 7417 1576 7418
f 7418 1576 7392
f 7418 7392 7409
f 7419 7420 7136
f 7093 7421 7097
f 7097 7421 7422
f 7097 7422 7096
f 7096 7422 7423
f 7096 7423 7081
f 7081 7423 7419
f 7081 7419 7082
f 7082 7419 7136
f 7082 7136 7130
f 7093 7094 7421
f 7421 7094 7092
f 7421 7092 7424
f 7424 7092 7091
f 7424 7091 7425
f 7425 7091 7090
f 7425 7090 7426
f 7090 7089 7426
f 7426 7089 7088
f 7426 7088 7427
f 7427 7088 1602
f 7427 1602 7411
f 7428 7137 7136
f 7429 7428 7430
f 7430 7428 7136
f 7430 7136 7431
f 7431 7136 7420
f 7200 7199 7432
f 7433 7434 7133
f 7204 7162 7435
f 7162 7161 7435
f 7435 7161 7140
f 7435 7140 7436
f 7436 7140 7434
f 7434 7140 7134
f 7434 7134 7133
f 7428 7429 7437
f 7428 7437 7137
f 7137 7437 7133
f 7133 7437 7438
f 7133 7438 7433
f 7435 7439 7204
f 7204 7439 7440
f 7204 7440 7205
f 7205 7440 7207
f 7207 7440 7441
f 7207 7441 7209
f 7209 7441 7210
f 7210 7441 7442
f 7210 7442 7168
f 7168 7442 7443
f 7168 7443 7202
f 7202 7443 7444
f 7202 7444 7203
f 7203 7444 7445
f 7203 7445 7197
f 7197 7445 7199
f 7199 7445 7446
f 7199 7446 7432
f 7200 7432 7194
f 7194 7432 7447
f 7194 7447 7195
f 7195 7447 7448
f 7195 7448 7188
f 7188 7448 7449
f 7188 7449 7190
f 7190 7449 7450
f 7190 7450 7183
f 7183 7450 7185
f 7185 7450 7451
f 7185 7451 7186
f 7186 7451 7178
f 7178 7451 7452
f 7178 7452 7179
f 7179 7452 7453
f 7179 7453 7181
f 7454 7406 7405
f 7405 7391 7454
f 7454 7391 7394
f 7454 7394 7455
f 7455 7394 7456
f 7456 7394 7393
f 7456 7393 7457
f 7457 7393 7396
f 7457 7396 7458
f 7458 7396 7398
f 7458 7398 7459
f 7459 7398 7311
f 7459 7311 7460
f 7311 7310 7460
f 7460 7310 7272
f 7460 7272 7461
f 7461 7272 7314
f 7461 7314 7462
f 7314 7313 7462
f 7462 7313 7312
f 7462 7312 7463
f 7312 7316 7463
f 7463 7316 7315
f 7463 7315 7464
f 7464 7315 7338
f 7464 7338 7465
f 7465 7338 7339
f 7465 7339 7466
f 7466 7339 7319
f 7466 7319 7467
f 7467 7319 7321
f 7321 7323 7467
f 7467 7323 7324
f 7467 7324 7468
f 7468 7324 7327
f 7468 7327 7469
f 7469 7327 7329
f 7469 7329 7470
f 7470 7329 7331
f 7470 7331 7471
f 7471 7331 7385
f 7471 7385 7472
f 7385 7386 7472
f 7472 7386 7285
f 7472 7285 7473
f 7473 7285 7284
f 7473 7284 7474
f 7474 7284 7181
f 7474 7181 7453
f 7475 7476 7407
f 7477 7438 7478
f 7478 7438 7437
f 7478 7437 7479
f 7479 7437 7480
f 7407 7476 7408
f 7408 7476 7481
f 7408 7481 7409
f 7409 7481 7418
f 7418 7481 7482
f 7418 7482 7417
f 7417 7482 7416
f 7416 7482 7483
f 7416 7483 7415
f 7415 7483 7484
f 7415 7484 7414
f 7414 7484 7485
f 7414 7485 7412
f 7412 7485 7413
f 7413 7485 7486
f 7413 7486 7410
f 7410 7486 7487
f 7410 7487 7411
f 7487 7488 7411
f 7411 7488 7489
f 7411 7489 7427
f 7427 7489 7490
f 7427 7490 7426
f 7426 7490 7491
f 7426 7491 7425
f 7425 7491 7492
f 7425 7492 7424
f 7424 7492 7493
f 7424 7493 7421
f 7421 7493 7494
f 7421 7494 7422
f 7422 7494 7495
f 7437 7429 7480
f 7480 7429 7430
f 7480 7430 7496
f 7496 7430 7431
f 7496 7431 7497
f 7497 7431 7420
f 7497 7420 7498
f 7498 7420 7419
f 7498 7419 7495
f 7495 7419 7423
f 7495 7423 7422
f 7455 7499 7454
f 7454 7499 7500
f 7454 7500 7406
f 7406 7500 7501
f 7406 7501 7407
f 7407 7501 7502
f 7407 7502 7475
f 7503 7504 7505
f 7506 7507 7508
f 7509 7510 7511
f 7512 7513 7514
f 7482 7481 7476
f 7483 7482 7515
f 7515 7482 7476
f 7515 7476 7516
f 7515 7517 7518
f 7483 7515 7484
f 7484 7515 7518
f 7484 7518 7485
f 7485 7518 7486
f 7486 7518 7519
f 7486 7519 7487
f 7520 7489 7519
f 7519 7489 7488
f 7519 7488 7487
f 7514 7495 7494
f 7490 7521 7491
f 7491 7521 7512
f 7491 7512 7492
f 7492 7512 7514
f 7492 7514 7493
f 7493 7514 7494
f 7480 7496 7514
f 7496 7497 7514
f 7514 7497 7498
f 7514 7498 7495
f 7522 7523 7524
f 7490 7489 7521
f 7521 7489 7520
f 7521 7520 7525
f 7525 7520 7526
f 7525 7526 7511
f 7511 7526 7522
f 7511 7522 7509
f 7509 7522 7524
f 7509 7524 7527
f 7527 7524 7528
f 7527 7528 7529
f 7529 7528 7530
f 7529 7530 7531
f 7531 7530 7532
f 7531 7532 7533
f 7534 7535 7536
f 7536 7535 7537
f 7536 7537 7538
f 7538 7537 7539
f 7538 7539 7540
f 7540 7539 7541
f 7540 7541 7533
f 7533 7541 7542
f 7533 7542 7531
f 7543 7544 7545
f 7545 7546 7543
f 7543 7546 7547
f 7543 7547 7548
f 7548 7547 7549
f 7548 7549 7550
f 7551 7543 7535
f 7535 7543 7552
f 7535 7552 7537
f 7553 7554 7551
f 7551 7554 7555
f 7551 7555 7556
f 7551 7557 7558
f 7558 7559 7551
f 7551 7559 7560
f 7551 7560 7553
f 7556 7561 7551
f 7551 7561 7562
f 7551 7562 7563
f 7563 7564 7551
f 7551 7564 7565
f 7551 7565 7543
f 7543 7565 7566
f 7543 7566 7544
f 7567 7568 7569
f 7569 7568 7570
f 7569 7570 7551
f 7551 7570 7571
f 7551 7571 7557
f 7550 7572 7548
f 7548 7572 7573
f 7548 7573 7574
f 7574 7573 7575
f 7574 7575 7576
f 7576 7575 7577
f 7576 7577 7578
f 7579 7506 7477
f 7438 7477 7580
f 7580 7477 7506
f 7580 7506 7581
f 7581 7506 7508
f 7581 7508 7582
f 7582 7508 7583
f 7582 7583 7584
f 7584 7583 7578
f 7584 7578 7585
f 7585 7578 7577
f 7514 7586 7480
f 7480 7586 7587
f 7480 7587 7479
f 7479 7587 7579
f 7479 7579 7478
f 7478 7579 7477
f 7588 7505 7589
f 7589 7505 7504
f 7589 7504 7590
f 7455 7503 7499
f 7499 7503 7505
f 7499 7505 7500
f 7500 7505 7591
f 7500 7591 7501
f 7501 7591 7592
f 7501 7592 7502
f 7502 7592 7516
f 7502 7516 7475
f 7475 7516 7476
f 7504 7593 7590
f 7590 7593 7594
f 7590 7594 7595
f 7595 7594 7596
f 7595 7596 7597
f 7597 7596 7598
f 7597 7598 7599
f 7599 7598 7600
f 7599 7600 7569
f 7569 7600 7601
f 7569 7601 7567
f 7602 7603 7604
f 7602 7604 7598
f 7598 7604 7600
f 7600 7604 7605
f 7600 7605 7601
f 7601 7605 7606
f 7601 7606 7567
f 7567 7606 7607
f 7567 7607 7568
f 7568 7607 7608
f 7568 7608 7570
f 7570 7608 7609
f 7570 7609 7571
f 7571 7609 7610
f 7571 7610 7557
f 7557 7610 7611
f 7557 7611 7558
f 7558 7611 7612
f 7558 7612 7559
f 7559 7612 7613
f 7559 7613 7560
f 7560 7613 7614
f 7560 7614 7553
f 7553 7614 7615
f 7553 7615 7554
f 7554 7615 7616
f 7554 7616 7555
f 7555 7616 7617
f 7555 7617 7556
f 7556 7617 7618
f 7556 7618 7561
f 7602 7598 7596
f 7593 7619 7594
f 7594 7619 7620
f 7594 7620 7596
f 7596 7620 7603
f 7596 7603 7602
f 7455 7456 7503
f 7503 7456 7619
f 7503 7619 7504
f 7504 7619 7593
f 7459 7603 7458
f 7458 7603 7620
f 7458 7620 7457
f 7457 7620 7619
f 7457 7619 7456
f 7453 7621 7474
f 7474 7621 7473
f 7466 7467 7622
f 7622 7467 7468
f 7622 7468 7623
f 7623 7468 7469
f 7623 7469 7624
f 7624 7469 7470
f 7624 7470 7625
f 7625 7470 7471
f 7625 7471 7626
f 7626 7471 7472
f 7626 7472 7627
f 7627 7472 7473
f 7627 7473 7628
f 7628 7473 7621
f 7628 7621 7629
f 7461 7462 7630
f 7630 7462 7463
f 7630 7463 7631
f 7631 7463 7464
f 7631 7464 7632
f 7632 7464 7465
f 7632 7465 7633
f 7633 7465 7466
f 7461 7604 7460
f 7460 7604 7603
f 7460 7603 7459
f 7629 7634 7628
f 7628 7634 7635
f 7628 7635 7627
f 7627 7635 7636
f 7627 7636 7626
f 7626 7636 7637
f 7626 7637 7625
f 7625 7637 7638
f 7625 7638 7624
f 7624 7638 7639
f 7624 7639 7623
f 7623 7639 7640
f 7623 7640 7622
f 7622 7640 7641
f 7622 7641 7466
f 7466 7641 7642
f 7466 7642 7633
f 7643 7618 7644
f 7644 7618 7617
f 7644 7617 7645
f 7645 7617 7616
f 7645 7616 7646
f 7646 7616 7615
f 7646 7615 7647
f 7647 7615 7614
f 7647 7614 7648
f 7648 7614 7613
f 7648 7613 7649
f 7649 7613 7612
f 7649 7612 7650
f 7650 7612 7611
f 7650 7611 7610
f 7634 7643 7635
f 7635 7643 7644
f 7635 7644 7636
f 7636 7644 7645
f 7636 7645 7637
f 7637 7645 7646
f 7637 7646 7638
f 7638 7646 7647
f 7638 7647 7639
f 7639 7647 7648
f 7639 7648 7640
f 7640 7648 7649
f 7640 7649 7641
f 7641 7649 7650
f 7641 7650 7642
f 7642 7650 7610
f 7642 7610 7633
f 7633 7610 7609
f 7633 7609 7632
f 7632 7609 7608
f 7632 7608 7631
f 7631 7608 7607
f 7631 7607 7630
f 7630 7607 7606
f 7630 7606 7461
f 7461 7606 7605
f 7461 7605 7604
f 7432 7651 7652
f 7441 7653 7654
f 7655 7440 7656
f 7656 7440 7439
f 7656 7439 7657
f 7657 7439 7435
f 7657 7435 7658
f 7441 7654 7442
f 7442 7654 7659
f 7442 7659 7443
f 7443 7659 7660
f 7443 7660 7444
f 7444 7660 7661
f 7444 7661 7445
f 7662 7629 7621
f 7432 7652 7447
f 7447 7652 7663
f 7447 7663 7448
f 7448 7663 7664
f 7448 7664 7449
f 7449 7664 7665
f 7449 7665 7450
f 7450 7665 7666
f 7450 7666 7451
f 7451 7666 7662
f 7451 7662 7452
f 7452 7662 7621
f 7452 7621 7453
f 7432 7446 7651
f 7651 7446 7667
f 7651 7667 7652
f 7652 7667 7668
f 7652 7668 7663
f 7663 7668 7669
f 7663 7669 7664
f 7664 7669 7670
f 7664 7670 7665
f 7665 7670 7671
f 7665 7671 7666
f 7666 7671 7672
f 7666 7672 7662
f 7662 7672 7673
f 7662 7673 7629
f 7629 7673 7634
f 7441 7440 7653
f 7653 7440 7655
f 7653 7655 7654
f 7654 7655 7674
f 7654 7674 7659
f 7659 7674 7675
f 7659 7675 7660
f 7660 7675 7676
f 7660 7676 7661
f 7661 7676 7677
f 7661 7677 7678
f 7678 7677 7679
f 7678 7679 7680
f 7680 7679 7681
f 7680 7681 7682
f 7682 7681 7683
f 7682 7683 7684
f 7684 7683 7685
f 7684 7685 7686
f 7686 7685 7687
f 7686 7687 7688
f 7688 7687 7689
f 7688 7689 7690
f 7690 7689 7691
f 7690 7691 7643
f 7643 7691 7618
f 7643 7634 7690
f 7690 7634 7673
f 7690 7673 7688
f 7688 7673 7672
f 7688 7672 7686
f 7686 7672 7671
f 7686 7671 7684
f 7684 7671 7670
f 7684 7670 7682
f 7682 7670 7669
f 7682 7669 7680
f 7680 7669 7668
f 7680 7668 7678
f 7678 7668 7667
f 7678 7667 7661
f 7661 7667 7446
f 7661 7446 7445
f 7692 7577 7575
f 7657 7658 7692
f 7692 7575 7657
f 7657 7575 7573
f 7657 7573 7656
f 7656 7573 7572
f 7656 7572 7655
f 7655 7572 7550
f 7655 7550 7674
f 7674 7550 7549
f 7674 7549 7675
f 7675 7549 7547
f 7675 7547 7676
f 7676 7547 7546
f 7676 7546 7677
f 7677 7546 7545
f 7677 7545 7679
f 7679 7545 7544
f 7679 7544 7681
f 7681 7544 7566
f 7681 7566 7683
f 7683 7566 7565
f 7683 7565 7685
f 7685 7565 7564
f 7685 7564 7687
f 7687 7564 7563
f 7687 7563 7689
f 7689 7563 7562
f 7689 7562 7691
f 7691 7562 7561
f 7691 7561 7618
f 7693 7584 7585
f 7658 7693 7692
f 7692 7693 7585
f 7692 7585 7577
f 7694 7433 7438
f 7438 7580 7694
f 7694 7580 7581
f 7694 7581 7693
f 7693 7581 7582
f 7693 7582 7584
f 7693 7658 7435
f 7434 7433 7694
f 7693 7435 7694
f 7694 7435 7436
f 7694 7436 7434
f 7695 7696 7697
f 7697 7696 7698
f 7697 7698 7699
f 7699 7698 7700
f 7699 7700 7701
f 7701 7700 7702
f 7701 7702 7703
f 7703 7702 7704
f 7703 7704 7705
f 7705 7704 7706
f 7705 7706 7707
f 7707 7706 7708
f 7707 7708 7709
f 7709 7708 7710
f 7709 7710 7711
f 7711 7710 7712
f 7711 7712 7713
f 7713 7712 7714
f 7713 7714 7715
f 7715 7714 7716
f 7715 7716 7717
f 7717 7716 7718
f 7717 7718 7719
f 7719 7718 7720
f 7719 7720 7695
f 7695 7720 7696
f 7721 7722 7723
f 7723 7722 7724
f 7723 7724 7725
f 7725 7724 7726
f 7725 7726 7727
f 7727 7726 7728
f 7727 7728 7729
f 7729 7728 7730
f 7729 7730 7731
f 7731 7730 7732
f 7731 7732 7733
f 7733 7732 7734
f 7733 7734 7735
f 7735 7734 7736
f 7735 7736 7737
f 7737 7736 7738
f 7737 7738 7739
f 7739 7738 7740
f 7739 7740 7741
f 7741 7740 7742
f 7741 7742 7743
f 7743 7742 7744
f 7743 7744 7721
f 7721 7744 7722
f 7745 7746 7747
f 7745 7747 7748
f 7748 7747 7749
f 7748 7749 7750
f 7750 7749 7751
f 7750 7751 7752
f 7752 7751 7753
f 7752 7753 7754
f 7754 7753 7755
f 7754 7755 7756
f 7756 7755 7757
f 7756 7757 7758
f 7759 7746 7760
f 7760 7746 7745
f 7759 7760 7761
f 7759 7761 7762
f 7762 7761 7763
f 7762 7763 7764
f 7515 7516 7765
f 7765 7516 7592
f 7765 7592 7766
f 7766 7592 7591
f 7766 7591 7767
f 7767 7591 7505
f 7768 7766 7769
f 7769 7766 7767
f 7769 7767 7588
f 7588 7767 7505
f 7770 7771 7523
f 7523 7771 7772
f 7523 7772 7524
f 7758 7551 7773
f 7773 7551 7535
f 7773 7535 7534
f 7699 7701 7760
f 7722 7744 7770
f 7701 7703 7738
f 7760 7730 7761
f 7761 7730 7728
f 7761 7728 7763
f 7763 7728 7519
f 7728 7726 7519
f 7519 7726 7724
f 7519 7724 7520
f 7520 7724 7722
f 7520 7722 7526
f 7526 7722 7522
f 7522 7722 7770
f 7522 7770 7523
f 7738 7703 7740
f 7740 7703 7705
f 7740 7705 7742
f 7738 7736 7701
f 7701 7736 7734
f 7701 7734 7760
f 7760 7734 7732
f 7760 7732 7730
f 7699 7760 7697
f 7697 7760 7745
f 7697 7745 7695
f 7695 7745 7748
f 7695 7748 7719
f 7744 7742 7770
f 7770 7742 7705
f 7770 7705 7773
f 7773 7705 7707
f 7707 7709 7773
f 7773 7709 7711
f 7773 7711 7758
f 7758 7711 7713
f 7758 7713 7756
f 7756 7713 7715
f 7756 7715 7754
f 7754 7715 7717
f 7754 7717 7752
f 7752 7717 7719
f 7752 7719 7750
f 7750 7719 7748
f 7551 7758 7569
f 7569 7758 7757
f 7532 7530 7772
f 7772 7530 7528
f 7772 7528 7524
f 7532 7772 7533
f 7533 7772 7771
f 7533 7771 7540
f 7773 7536 7538
f 7540 7771 7538
f 7538 7771 7770
f 7538 7770 7773
f 7590 7595 7743
f 7743 7595 7741
f 7595 7597 7741
f 7741 7597 7599
f 7741 7599 7739
f 7739 7599 7569
f 7739 7569 7710
f 7710 7569 7712
f 7769 7588 7743
f 7743 7588 7589
f 7743 7589 7590
f 7712 7569 7714
f 7714 7569 7757
f 7714 7757 7716
f 7716 7757 7755
f 7716 7755 7718
f 7718 7755 7753
f 7718 7753 7720
f 7702 7735 7704
f 7704 7735 7737
f 7704 7737 7706
f 7706 7737 7739
f 7706 7739 7708
f 7708 7739 7710
f 7753 7751 7720
f 7720 7751 7749
f 7720 7749 7696
f 7696 7749 7747
f 7696 7747 7698
f 7698 7747 7746
f 7698 7746 7700
f 7700 7746 7759
f 7700 7759 7702
f 7702 7759 7733
f 7702 7733 7735
f 7769 7743 7768
f 7768 7743 7721
f 7768 7721 7517
f 7517 7721 7723
f 7517 7723 7518
f 7518 7723 7725
f 7518 7725 7764
f 7764 7725 7727
f 7764 7727 7762
f 7762 7727 7729
f 7762 7729 7759
f 7759 7729 7731
f 7759 7731 7733
f 7517 7515 7768
f 7768 7515 7765
f 7768 7765 7766
f 7764 7763 7518
f 7518 7763 7519
f 7536 7773 7534
f 7541 7539 7774
f 7775 7774 7776
f 7776 7774 7539
f 7776 7539 7537
f 7777 7531 7774
f 7774 7531 7542
f 7774 7542 7541
f 7509 7527 7777
f 7777 7527 7529
f 7777 7529 7531
f 7552 7776 7537
f 7778 7779 7780
f 7780 7779 7781
f 7780 7781 7782
f 7782 7781 7783
f 7782 7783 7784
f 7784 7783 7785
f 7784 7785 7786
f 7786 7785 7787
f 7786 7787 7788
f 7788 7787 7789
f 7788 7789 7790
f 7790 7789 7791
f 7790 7791 7792
f 7792 7791 7793
f 7792 7793 7794
f 7794 7793 7795
f 7794 7795 7796
f 7796 7795 7797
f 7796 7797 7798
f 7798 7797 7799
f 7798 7799 7800
f 7800 7799 7801
f 7800 7801 7778
f 7778 7801 7779
f 7802 7803 7804
f 7804 7803 7805
f 7804 7805 7806
f 7806 7805 7807
f 7806 7807 7808
f 7808 7807 7809
f 7808 7809 7810
f 7810 7809 7811
f 7810 7811 7812
f 7812 7811 7813
f 7812 7813 7814
f 7814 7813 7815
f 7814 7815 7816
f 7816 7815 7817
f 7816 7817 7818
f 7818 7817 7819
f 7818 7819 7820
f 7820 7819 7821
f 7820 7821 7822
f 7822 7821 7823
f 7822 7823 7824
f 7824 7823 7825
f 7824 7825 7826
f 7826 7825 7827
f 7826 7827 7802
f 7802 7827 7803
f 7828 7829 7830
f 7830 7829 7831
f 7513 7832 7514
f 7514 7832 7833
f 7834 7507 7506
f 7506 7835 7834
f 7834 7835 7833
f 7834 7833 7832
f 7835 7506 7579
f 7586 7514 7833
f 7835 7579 7833
f 7833 7579 7587
f 7833 7587 7586
f 7836 7837 7521
f 7521 7837 7512
f 7828 7830 7838
f 7828 7838 7839
f 7839 7838 7837
f 7839 7837 7836
f 7820 7822 7830
f 7820 7830 7818
f 7797 7795 7512
f 7512 7795 7793
f 7512 7793 7513
f 7513 7793 7791
f 7789 7834 7791
f 7791 7834 7832
f 7791 7832 7513
f 7822 7824 7783
f 7830 7799 7838
f 7838 7799 7797
f 7838 7797 7837
f 7837 7797 7512
f 7783 7824 7785
f 7785 7824 7826
f 7785 7826 7787
f 7830 7831 7818
f 7818 7831 7840
f 7818 7840 7816
f 7816 7840 7841
f 7816 7841 7814
f 7783 7781 7822
f 7822 7781 7779
f 7822 7779 7830
f 7830 7779 7801
f 7830 7801 7799
f 7826 7583 7508
f 7789 7787 7834
f 7834 7787 7826
f 7834 7826 7507
f 7507 7826 7508
f 7842 7548 7804
f 7804 7548 7574
f 7804 7574 7802
f 7802 7574 7576
f 7802 7576 7826
f 7826 7576 7578
f 7826 7578 7583
f 7804 7806 7842
f 7842 7806 7808
f 7842 7808 7843
f 7843 7808 7810
f 7843 7810 7844
f 7844 7810 7812
f 7844 7812 7845
f 7845 7812 7814
f 7845 7814 7846
f 7846 7814 7841
f 7548 7842 7543
f 7543 7842 7847
f 7847 7842 7843
f 7847 7843 7848
f 7848 7843 7844
f 7848 7844 7849
f 7849 7844 7845
f 7849 7845 7850
f 7850 7845 7846
f 7850 7846 7851
f 7851 7846 7852
f 7852 7846 7841
f 7852 7841 7853
f 7841 7840 7853
f 7853 7840 7831
f 7853 7831 7829
f 7788 7790 7775
f 7813 7811 7848
f 7788 7775 7786
f 7786 7775 7776
f 7786 7776 7784
f 7825 7828 7827
f 7827 7828 7778
f 7827 7778 7803
f 7847 7807 7805
f 7790 7792 7521
f 7521 7792 7794
f 7521 7794 7836
f 7836 7794 7796
f 7836 7796 7839
f 7839 7796 7798
f 7839 7798 7828
f 7828 7798 7800
f 7828 7800 7778
f 7848 7811 7847
f 7847 7811 7809
f 7847 7809 7807
f 7552 7543 7776
f 7776 7543 7847
f 7776 7847 7784
f 7784 7847 7805
f 7784 7805 7782
f 7782 7805 7803
f 7782 7803 7780
f 7780 7803 7778
f 7825 7823 7828
f 7828 7823 7821
f 7828 7821 7829
f 7829 7821 7819
f 7829 7819 7853
f 7853 7819 7817
f 7848 7849 7813
f 7813 7849 7850
f 7813 7850 7815
f 7815 7850 7851
f 7815 7851 7817
f 7817 7851 7852
f 7817 7852 7853
f 7510 7775 7511
f 7511 7775 7790
f 7511 7790 7525
f 7525 7790 7521
f 7509 7777 7510
f 7510 7777 7774
f 7510 7774 7775
