#usda 1.0
(
    defaultPrim = "Object"
    metersPerUnit = 1
    upAxis = "Z"
)

def Xform "Object" (
    prepend apiSchemas = ["PhysicsRigidBodyAPI", "PhysicsMassAPI"]
)
{
    custom string crossEmbodiment:objectName = "YcbBanana"
    float physics:mass = 0.066

    def Material "physicsMaterial" (
        prepend apiSchemas = ["PhysicsMaterialAPI", "PhysxMaterialAPI"]
    )
    {
        float physics:dynamicFriction = 0.5
        float physics:restitution = 0
        float physics:staticFriction = 0.5
        token physxMaterial:frictionCombineMode = "max"
        token physxMaterial:restitutionCombineMode = "average"
    }

    def Mesh "geometry" (
        prepend apiSchemas = ["PhysicsCollisionAPI", "PhysicsMeshCollisionAPI", "MaterialBindingAPI"]
    )
    {
        rel material:binding:physics = </Object/physicsMaterial>
        uniform token subdivisionScheme = "none"
        uniform token physics:approximation = "convexDecomposition"
        point3f[] points = [
            (0.045474, 0.019245, 0.025982), (0.046656, 0.018535, 0.026605), (0.047563, 0.019311, 0.025455),
            (0.044596, 0.018042, 0.027579), (0.075037, -0.009684, 0.03016), (0.076883, -0.010066, 0.030164),
            (0.076193, -0.008276, 0.030725), (0.045633, 0.014531, 0.030785), (0.044685, 0.013308, 0.031843),
            (0.047056, 0.01295, 0.031822), (0.046985, 0.014931, 0.030244), (0.098162, 0.00093, 0.007028),
            (0.097612, 0.002398, 0.009194), (0.099257, 0.000715, 0.008149), (0.116534, -0.025283, 0.021608),
            (0.117858, -0.02584, 0.019353), (0.117274, -0.024269, 0.021228), (0.116087, -0.026569, 0.021104),
            (0.118433, -0.024221, 0.019792), (0.095906, 0.00319, 0.008274), (0.096222, 0.003618, 0.009836),
            (0.096219, 0.002398, 0.00712), (0.075393, -0.006613, 0.031172), (0.120109, -0.021482, 0.016863),
            (0.119438, -0.023, 0.017922), (0.119312, -0.024134, 0.016413), (0.044048, 0.015603, 0.030108),
            (0.096552, 0.001294, 0.006018), (0.118177, -0.02142, 0.020062), (0.117631, -0.020661, 0.020311),
            (0.117221, -0.021442, 0.02092), (0.116779, -0.020708, 0.021138), (0.115972, -0.020463, 0.021728),
            (0.116373, -0.02115, 0.021584), (0.116718, -0.021907, 0.021452), (0.117446, -0.022453, 0.021008),
            (0.076071, -0.004305, 0.031717), (0.074964, -0.00352, 0.031884), (0.073864, -0.004588, 0.031641),
            (0.04249, 0.014137, 0.031515), (0.042967, 0.012822, 0.032353), (0.11877, -0.020482, 0.018952),
            (0.119137, -0.021502, 0.018833), (0.073259, -0.002593, 0.032096), (0.072514, -0.004575, 0.031636),
            (0.118071, -0.018951, 0.018992), (0.118952, -0.019482, 0.018144), (0.108739, -0.007564, 0.008797),
            (0.108624, -0.006646, 0.010524), (0.1102, -0.007993, 0.01114), (0.109567, -0.009295, 0.007871),
            (0.110538, -0.009086, 0.009302), (0.111407, -0.010526, 0.008531), (0.073291, -0.006282, 0.031193),
            (0.116795, -0.019499, 0.020647), (0.107731, -0.007938, 0.007223), (0.04541, 0.016504, 0.02904),
            (0.107318, -0.004714, 0.013207), (0.108668, -0.006335, 0.012142), (0.107291, -0.005134, 0.011072),
            (0.107686, -0.006188, 0.009396), (0.118656, -0.024913, 0.017787), (0.041563, 0.015572, 0.030422),
            (0.105954, -0.003529, 0.012359), (0.106502, -0.003633, 0.014665), (0.118558, -0.022665, 0.019832),
            (0.070267, -0.006227, 0.031068), (0.071526, -0.00737, 0.030756), (0.117074, -0.022754, 0.0214),
            (0.116639, -0.023254, 0.021779), (0.040965, 0.012103, 0.032907), (0.1063, -0.004611, 0.009904),
            (0.040672, 0.014233, 0.031554), (0.040007, 0.013201, 0.032323), (0.073465, -0.007813, 0.030713),
            (0.104951, -0.003148, 0.010288), (0.119597, -0.020545, 0.017698), (0.072602, -0.008856, 0.030284),
            (0.07403, -0.010467, 0.029769), (0.039135, 0.014734, 0.031318), (0.104791, -0.003771, 0.00868),
            (0.105641, -0.004887, 0.008234), (0.072326, -0.010342, 0.029642), (0.038852, 0.012551, 0.032808),
            (0.113462, -0.018121, 0.022649), (0.112811, -0.017863, 0.023049), (0.112621, -0.018729, 0.023389),
            (0.113394, -0.015721, 0.021811), (0.114348, -0.016798, 0.021503), (0.112372, -0.016014, 0.022715),
            (0.112404, -0.017885, 0.023341), (0.112166, -0.018996, 0.023753), (0.106802, -0.006333, 0.007884),
            (0.111541, -0.017972, 0.023913), (0.111445, -0.018912, 0.024118), (0.110933, -0.017679, 0.02413),
            (0.110618, -0.019566, 0.024526), (0.110353, -0.018833, 0.024595), (0.109861, -0.017347, 0.02456),
            (0.109422, -0.018547, 0.024898), (0.108903, -0.019662, 0.025068), (0.07027, -0.009299, 0.029902),
            (0.038932, 0.016091, 0.03029), (0.111322, -0.017136, 0.023773), (0.070566, -0.011174, 0.029063),
            (0.107111, -0.009066, 0.005946), (0.105393, -0.006993, 0.006015), (0.046604, 0.017402, 0.027914),
            (0.081722, 0.002764, 0.029111), (0.082118, 0.001213, 0.029875), (0.083225, 0.001742, 0.029105),
            (0.110925, -0.016139, 0.023566), (0.083495, 0.002995, 0.028167), (0.086976, -4e-05, 0.028656),
            (0.085677, 0.001028, 0.028516), (0.084418, -0.000106, 0.029658), (0.109207, -0.015903, 0.024458),
            (0.108484, -0.016918, 0.025037), (0.109931, -0.01614, 0.024139), (0.084603, 0.001697, 0.02852),
            (0.042689, 0.017021, 0.028957), (0.10972, -0.014334, 0.023514), (0.103494, -0.004046, 0.006588),
            (0.109147, -0.015353, 0.024256), (0.110636, -0.016996, 0.024037), (0.085444, -0.00187, 0.030192),
            (0.087028, -0.001465, 0.029421), (0.105127, -0.005436, 0.007004), (0.083612, -0.001285, 0.030538),
            (0.041967, 0.017976, 0.02809), (0.114172, -0.022127, 0.023), (0.115246, -0.023976, 0.022477),
            (0.115329, -0.022467, 0.022483), (0.113453, -0.022974, 0.023239), (0.116184, -0.022747, 0.022009),
            (0.103559, -0.005422, 0.005615), (0.114893, -0.025734, 0.021972), (0.043219, 0.019238, 0.026447),
            (0.104329, -0.00824, 0.0047), (0.102449, -0.006341, 0.004481), (0.110327, -0.011051, 0.007103),
            (0.111521, -0.011728, 0.007502), (0.113577, -0.024682, 0.022727), (0.041561, 0.019314, 0.026655),
            (0.111294, -0.013009, 0.006465), (0.112863, -0.025969, 0.022305), (0.113941, -0.026996, 0.021517),
            (0.040758, 0.017357, 0.028888), (0.085989, 0.002592, 0.027258), (0.109098, -0.011293, 0.006126),
            (0.11185, -0.021017, 0.024024), (0.11199, -0.023203, 0.023537), (0.110364, -0.022512, 0.024068),
            (0.108435, -0.010187, 0.006194), (0.10954, -0.023964, 0.023676), (0.110309, -0.01345, 0.005674),
            (0.111687, -0.024805, 0.023028), (0.039112, 0.017594, 0.0289), (0.080472, 0.002672, 0.02966),
            (0.111573, -0.026746, 0.022053), (0.11184, -0.014364, 0.006107), (0.110084, -0.01526, 0.004789),
            (0.112429, -0.016021, 0.005778), (0.039812, 0.019188, 0.027122), (0.079689, 0.001451, 0.030605),
            (0.078835, 0.003026, 0.030115), (0.078026, 0.001081, 0.031331), (0.111168, -0.016243, 0.004983),
            (0.110113, -0.015938, 0.004588), (0.109919, -0.017334, 0.004124), (0.109648, -0.025638, 0.022906),
            (0.109813, -0.026993, 0.022039), (0.109324, -0.013756, 0.005035), (0.10799, -0.012041, 0.005127),
            (0.115995, -0.021779, 0.021988), (0.081158, 0.000342, 0.030653), (0.08098, -0.001426, 0.031372),
            (0.109008, -0.014963, 0.004423), (0.11529, -0.021272, 0.022293), (0.107887, -0.013961, 0.004322),
            (0.03718, 0.018546, 0.028184), (0.10817, -0.014744, 0.004135), (0.079298, -0.000464, 0.031518),
            (0.107775, -0.015151, 0.00383), (0.10848, -0.016438, 0.003794), (0.115413, -0.019727, 0.021866),
            (0.114555, -0.020778, 0.022584), (0.107633, -0.012927, 0.004619), (0.11284, -0.019878, 0.023499),
            (0.113799, -0.020877, 0.023086), (0.11478, -0.019626, 0.022279), (0.11371, -0.019791, 0.023025),
            (0.039109, 0.009617, 0.033732), (0.039761, 0.010529, 0.033574), (0.037638, 0.009669, 0.03377),
            (0.114398, -0.018826, 0.022257), (0.039942, 0.007314, 0.033641), (0.04029, 0.009041, 0.03375),
            (0.038756, 0.008329, 0.03376), (0.113419, -0.018905, 0.02294), (0.106805, -0.010746, 0.004945),
            (0.037704, 0.008711, 0.033783), (0.115734, -0.01812, 0.020928), (0.11482, -0.018823, 0.021935),
            (0.037847, 0.006595, 0.033526), (0.036574, 0.009025, 0.033838), (0.106947, -0.01433, 0.003686),
            (0.107036, -0.012477, 0.004437), (0.105974, -0.012097, 0.004039), (0.105753, -0.013158, 0.003557),
            (0.035148, 0.008278, 0.03378), (0.10717, -0.01499, 0.003563), (0.105831, -0.014965, 0.003032),
            (0.106311, -0.014069, 0.003461), (0.112016, -0.019816, 0.023919), (0.084073, 0.004326, 0.026921),
            (0.085293, 0.004198, 0.026409), (0.105571, -0.013504, 0.003372), (0.037575, 0.011614, 0.033323),
            (0.104628, -0.013911, 0.002916), (0.105848, -0.008905, 0.005273), (0.082286, 0.004124, 0.02793),
            (0.109041, -0.02117, 0.024712), (0.036086, 0.011026, 0.033557), (0.035572, 0.009712, 0.033802),
            (0.104707, -0.010072, 0.004158), (0.105257, -0.011303, 0.003964), (0.105964, -0.015871, 0.025845),
            (0.106759, -0.01368, 0.025067), (0.1052, -0.013613, 0.025803), (0.104896, -0.011611, 0.00371),
            (0.104244, -0.011232, 0.003541), (0.103347, -0.010364, 0.003388), (0.108549, -0.018085, 0.025147),
            (0.083032, 0.005568, 0.026431), (0.107133, -0.019143, 0.025518), (0.085615, 0.005718, 0.024814),
            (0.107533, -0.017549, 0.025425), (0.10496, -0.012359, 0.003485), (0.106167, -0.017582, 0.025849),
            (0.1039, -0.012411, 0.00304), (0.034382, 0.011227, 0.033574), (0.034364, 0.009742, 0.033814),
            (0.104992, -0.018554, 0.026009), (0.107009, -0.016633, 0.025538), (0.107626, -0.015442, 0.024993),
            (0.080597, 0.005281, 0.027848), (0.104333, -0.015745, 0.002332), (0.033273, 0.010209, 0.033782),
            (0.10793, -0.013712, 0.024261), (0.102929, -0.013342, 0.0024), (0.081593, 0.006582, 0.026213),
            (0.104544, -0.002445, 0.01143), (0.033439, 0.007995, 0.03372), (0.105236, -0.01577, 0.026084),
            (0.08006, 0.00408, 0.028939), (0.103294, -0.001918, 0.009716), (0.103357, -0.002709, 0.00816),
            (0.032639, 0.011882, 0.033457), (0.104758, -0.015309, 0.026231), (0.032244, 0.00996, 0.03382),
            (0.031213, 0.010478, 0.033793), (0.102274, -0.001708, 0.00825), (0.103394, -0.015098, 0.026726),
            (0.103863, -0.01432, 0.0265), (0.10297, -0.013966, 0.026852), (0.10364, -0.012684, 0.026412),
            (0.102371, -0.013466, 0.027074), (0.10179, -0.000617, 0.009617), (0.103078, -0.001212, 0.011018),
            (0.031397, 0.009024, 0.033824), (0.101508, -0.014451, 0.027408), (0.10266, -0.01626, 0.026829),
            (0.0319, 0.00728, 0.033605), (0.077347, 0.004106, 0.029971), (0.104103, -0.01714, 0.026346),
            (0.078783, 0.005523, 0.028433), (0.102213, -0.002597, 0.006799), (0.102309, -0.01821, 0.026447),
            (0.029668, 0.007927, 0.033695), (0.103931, -0.019527, 0.025935), (0.079819, 0.00644, 0.027219),
            (0.100438, -0.000249, 0.008035), (0.102215, -0.020227, 0.02581), (0.101154, -0.001841, 0.006546),
            (0.029986, 0.010497, 0.033809), (0.02975, 0.009523, 0.033843), (0.07736, 0.006136, 0.028576),
            (0.078409, 0.00693, 0.027499), (0.101073, -0.003306, 0.005339), (0.02835, 0.010303, 0.033876),
            (0.101018, -0.017505, 0.026851), (0.027755, 0.008745, 0.03381), (0.101691, -0.004667, 0.004955),
            (0.107518, -0.022282, 0.024591), (0.107933, -0.024773, 0.023464), (0.107428, -0.023444, 0.024116),
            (0.076448, 0.002844, 0.031011), (0.07609, 0.001688, 0.031618), (0.10753, -0.025605, 0.023024),
            (0.108434, -0.026206, 0.022617), (0.037364, 0.014412, 0.031736), (0.102476, -0.008501, 0.003592),
            (0.107463, -0.026398, 0.022508), (0.10779, -0.026751, 0.022258), (0.036117, 0.013252, 0.032574),
            (0.107193, -0.025997, 0.022784), (0.106415, -0.024372, 0.023713), (0.106592, -0.025351, 0.023183),
            (0.101345, -0.008404, 0.003115), (0.106032, -0.02695, 0.022129), (0.102724, -0.009631, 0.003357),
            (0.102546, -0.009935, 0.003177), (0.074581, 0.002551, 0.031701), (0.07573, 0.000466, 0.032069),
            (0.101072, -0.010037, 0.002547), (0.106131, -0.020716, 0.025318), (0.074787, 0.004076, 0.0309),
            (0.078397, -0.001528, 0.031897), (0.076881, -0.000932, 0.032074), (0.035186, 0.014668, 0.031739),
            (0.101839, -0.011741, 0.002358), (0.105582, -0.022976, 0.024428), (0.034257, 0.013144, 0.032789),
            (0.036478, 0.015844, 0.030704), (0.105071, -0.023969, 0.02393), (0.077551, -0.001722, 0.032025),
            (0.101109, -0.013382, 0.001633), (0.105157, -0.024808, 0.023468), (0.075813, -0.000616, 0.032186),
            (0.104739, -0.026274, 0.022521), (0.100356, -0.011707, 0.001752), (0.104013, -0.021172, 0.025358),
            (0.10429, -0.023116, 0.024425), (0.032175, 0.013277, 0.032847), (0.074782, -0.00066, 0.032319),
            (0.099098, -0.013605, 0.00084), (0.07569, -0.002077, 0.032125), (0.099736, -0.000736, 0.006455),
            (0.102635, -0.022909, 0.024592), (0.033209, 0.014635, 0.03193), (0.072996, 0.002377, 0.03216),
            (0.073354, 0.000636, 0.032443), (0.102024, -0.022012, 0.025067), (0.100983, -0.022221, 0.024967),
            (0.100957, -0.023486, 0.024258), (0.099119, -0.00167, 0.005184), (0.034886, 0.016184, 0.03059),
            (0.104215, -0.024176, 0.023821), (0.103056, -0.023594, 0.024183), (0.031685, 0.014657, 0.031992),
            (0.072702, 0.004724, 0.03117), (0.103841, -0.025134, 0.023235), (0.100567, -0.005533, 0.003931),
            (0.099568, -0.003798, 0.004248), (0.071002, 0.002903, 0.032391), (0.071696, 0.001225, 0.032589),
            (0.102979, -0.025999, 0.022607), (0.071, 0.001296, 0.032666), (0.102045, -0.024518, 0.023601),
            (0.030591, 0.01379, 0.032633), (0.071154, 0.004286, 0.031863), (0.098656, -0.005197, 0.003178),
            (0.101671, -0.026593, 0.022069), (0.101249, -0.013129, 0.027501), (0.074028, 0.000186, 0.032374),
            (0.072805, -0.000965, 0.032409), (0.099624, -0.013688, 0.028013), (0.100454, -0.015639, 0.027484),
            (0.030702, 0.011737, 0.033574), (0.097618, -0.000218, 0.00534), (0.098838, -0.015838, 0.027694),
            (0.037235, 0.017158, 0.029517), (0.09723, -0.013975, 0.028367), (0.096715, -0.001545, 0.00403),
            (0.100269, -0.018892, 0.026502), (0.035807, 0.017599, 0.029242), (0.072016, 0.000459, 0.032586),
            (0.099433, -0.017678, 0.027056), (0.095926, -0.000486, 0.004281), (0.034303, 0.017523, 0.029439),
            (0.033519, 0.016429, 0.030475), (0.100073, -0.006773, 0.00318), (0.097574, -0.003262, 0.003557),
            (0.097562, -0.017311, 0.027376), (0.070487, -0.001093, 0.03246), (0.071412, -0.003228, 0.031963),
            (0.097757, -0.018586, 0.026894), (0.099029, -0.019936, 0.026205), (0.098313, -0.005998, 0.002773),
            (0.097714, -0.005121, 0.002845), (0.097269, -0.012517, 0.028627), (0.096928, -0.015658, 0.02796),
            (0.096357, -0.002792, 0.003287), (0.09627, -0.00382, 0.002824), (0.095514, -0.014003, 0.028529),
            (0.096625, -0.004174, 0.002815), (0.09692, -0.004929, 0.002644), (0.09452, -0.015162, 0.028277),
            (0.076401, 0.005353, 0.029544), (0.0348, 0.019036, 0.027933), (0.032772, 0.017759, 0.029371),
            (0.095222, -0.005347, 0.001933), (0.095208, 0.001054, 0.004961), (0.095869, -0.016581, 0.027756),
            (0.094726, -0.001613, 0.003228), (0.095342, -0.018252, 0.027173), (0.03152, 0.016039, 0.030943),
            (0.096864, -0.019604, 0.026504), (0.074936, 0.005555, 0.029969), (0.094494, -0.00339, 0.002412),
            (0.095403, -0.003747, 0.00257), (0.094705, -0.004294, 0.002137), (0.073728, 0.00626, 0.029935),
            (0.09414, -0.016435, 0.027894), (0.100238, -0.008354, 0.002661), (0.093789, -0.017816, 0.027386),
            (0.099605, -0.007571, 0.002679), (0.09357, -0.018937, 0.026935), (0.094143, -0.019147, 0.026833),
            (0.10046, -0.020463, 0.025847), (0.101481, -0.021685, 0.025235), (0.098439, -0.008588, 0.001939),
            (0.076811, 0.007767, 0.027486), (0.099631, -0.010157, 0.001966), (0.07527, 0.006917, 0.028863),
            (0.100211, -0.022217, 0.024978), (0.099157, -0.02218, 0.025024), (0.098727, -0.011515, 0.001259),
            (0.10009, -0.022689, 0.024717), (0.098794, -0.006919, 0.002614), (0.098356, -0.021334, 0.025536),
            (0.030566, 0.017434, 0.02983), (0.098729, -0.022629, 0.024779), (0.097598, -0.006782, 0.002236),
            (0.031197, 0.018759, 0.028567), (0.074803, 0.007944, 0.028208), (0.098066, -0.022917, 0.024629),
            (0.096921, -0.022611, 0.024878), (0.096723, -0.006121, 0.002158), (0.100636, -0.024944, 0.023295),
            (0.029269, 0.012693, 0.033282), (0.099469, -0.023605, 0.024188), (0.099099, -0.025396, 0.022977),
            (0.029258, 0.014942, 0.031926), (0.095936, -0.007304, 0.001509), (0.099182, -0.026867, 0.021794),
            (0.098911, -0.023281, 0.02439), (0.09817, -0.024609, 0.023555), (0.097126, -0.009691, 0.001269),
            (0.095148, -0.008389, 0.001031), (0.027808, 0.013902, 0.032704), (0.097708, -0.023783, 0.024097),
            (0.070549, 0.005744, 0.031264), (0.097494, -0.026388, 0.022158), (0.096778, -0.020916, 0.025851),
            (0.09708, -0.011597, 0.000738), (0.095388, -0.020861, 0.025946), (0.072503, 0.006584, 0.03014),
            (0.095176, -0.022177, 0.025238), (0.096937, -0.013138, 0.000392), (0.094618, -0.019971, 0.026427),
            (0.094116, -0.021425, 0.02569), (0.029129, 0.010443, 0.033839), (0.071306, 0.007052, 0.030232),
            (0.09538, -0.010233, 0.000603), (0.028468, 0.011014, 0.033802), (0.0937, -0.02207, 0.025342),
            (0.093764, -0.022599, 0.025035), (0.095086, -0.012839, -2.9e-05), (0.096832, -0.024516, 0.023622),
            (0.096026, -0.02355, 0.024351), (0.027288, 0.012275, 0.033517), (0.096558, -0.025193, 0.023126),
            (0.095464, -0.024802, 0.023493), (0.070832, -0.0048, 0.03152), (0.095979, -0.02558, 0.022821),
            (0.097828, 0.002292, 0.019588), (0.098328, 0.002694, 0.01786), (0.096395, 0.003825, 0.018541),
            (0.085693, -0.013265, 0.029338), (0.087672, -0.013864, 0.029061), (0.086316, -0.012457, 0.029596),
            (0.094129, -0.023401, 0.02453), (0.094791, 0.003678, 0.020696), (0.097046, 0.001948, 0.020991),
            (0.094588, -0.024502, 0.023763), (0.085956, -0.014299, 0.028958), (0.093461, -0.024142, 0.024025),
            (0.085338, -0.013455, 0.029279), (0.025245, 0.013535, 0.033006), (0.085951, -0.015815, 0.028375),
            (0.086692, -0.015012, 0.028668), (0.095096, -0.025625, 0.022827), (0.083878, -0.014978, 0.028701),
            (0.085279, -0.015564, 0.028488), (0.094325, 0.004922, 0.019119), (0.093889, -0.025815, 0.022668),
            (0.085677, -0.012196, 0.029696), (0.086093, -0.011417, 0.029934), (0.0868, -0.011074, 0.030005),
            (0.085625, -0.01169, 0.029859), (0.092933, -0.01557, 0.028235), (0.092948, -0.01654, 0.027892),
            (0.027066, 0.01087, 0.033847), (0.026934, 0.009889, 0.033885), (0.0939, 0.005641, 0.017887),
            (0.083689, -0.012106, 0.029749), (0.084425, -0.013495, 0.02928), (0.095719, 0.004713, 0.016929),
            (0.096996, 0.00395, 0.016441), (0.092972, 0.004532, 0.021119), (0.093133, 0.003161, 0.022698),
            (0.092563, -0.016964, 0.027741), (0.092933, -0.018432, 0.027154), (0.025321, 0.01213, 0.033617),
            (0.092152, -0.017716, 0.027458), (0.026127, 0.010777, 0.03388), (0.092289, -0.018965, 0.026935),
            (0.091484, -0.01846, 0.027161), (0.091572, -0.016747, 0.02786), (0.091007, -0.017814, 0.027447),
            (0.090555, -0.019836, 0.026538), (0.093538, -0.01997, 0.026461), (0.092696, -0.020328, 0.026291),
            (0.092878, -0.021057, 0.025905), (0.025378, 0.009315, 0.033887), (0.026481, 0.006776, 0.0335),
            (0.092552, 0.00561, 0.019848), (0.091322, 0.005021, 0.021667), (0.092857, -0.021662, 0.025581),
            (0.093091, -0.022841, 0.024897), (0.02494, 0.010833, 0.033881), (0.024062, 0.01147, 0.033829),
            (0.091815, -0.022932, 0.024809), (0.082544, -0.014182, 0.028989), (0.023922, 0.010386, 0.033928),
            (0.091399, -0.020835, 0.026026), (0.090676, 0.006612, 0.020055), (0.087116, -0.016191, 0.028195),
            (0.086514, -0.016364, 0.028128), (0.092175, 0.006448, 0.018548), (0.09012, -0.02185, 0.025414),
            (0.085694, -0.016544, 0.028061), (0.08601, -0.017496, 0.027619), (0.096194, 0.004589, 0.015033),
            (0.023506, 0.008375, 0.03377), (0.025002, 0.007417, 0.03361), (0.095239, 0.005169, 0.015412),
            (0.094005, 0.005868, 0.016288), (0.084208, -0.01701, 0.027799), (0.092065, -0.024505, 0.02367),
            (0.085125, -0.018788, 0.026922), (0.087037, -0.018928, 0.026925), (0.095024, 0.005283, 0.014566),
            (0.092365, -0.025516, 0.022808), (0.094222, 0.005768, 0.014664), (0.093801, 0.006011, 0.014902),
            (0.093474, 0.006189, 0.014619), (0.093675, 0.005976, 0.013493), (0.091813, 0.00704, 0.017006),
            (0.090314, -0.023497, 0.024323), (0.092931, 0.00654, 0.015776), (0.090138, -0.025121, 0.022923),
            (0.083345, -0.018121, 0.027176), (0.090227, 0.007619, 0.018314), (0.023116, 0.01229, 0.033644),
            (0.022996, 0.014137, 0.032698), (0.082658, -0.016048, 0.028179), (0.116933, -0.015511, 0.017981),
            (0.115887, -0.015399, 0.019295), (0.116097, -0.016616, 0.019899), (0.115742, -0.014199, 0.018392),
            (0.0926, 0.006703, 0.014963), (0.029871, 0.016038, 0.031038), (0.092142, 0.006958, 0.014711),
            (0.116904, -0.014694, 0.016537), (0.081893, -0.012657, 0.029527), (0.08272, -0.010705, 0.03019),
            (0.089695, 0.008202, 0.016597), (0.116227, -0.013862, 0.01659), (0.027107, 0.015451, 0.031623),
            (0.090747, 0.007723, 0.015392), (0.08074, -0.010534, 0.030195), (0.080363, -0.012079, 0.02966),
            (0.114991, -0.012983, 0.018102), (0.027812, 0.01676, 0.030542), (0.115593, -0.013112, 0.016634),
            (0.114212, -0.011344, 0.014834), (0.114409, -0.011705, 0.01648), (0.115128, -0.012546, 0.016606),
            (0.115611, -0.012853, 0.014993), (0.116604, -0.014009, 0.01411), (0.098551, 0.002875, 0.016031),
            (0.081292, -0.01548, 0.028344), (0.080435, -0.013812, 0.028997), (0.119671, -0.019347, 0.016424),
            (0.097393, 0.003785, 0.014683), (0.11935, -0.018618, 0.016436), (0.028743, 0.018189, 0.029248),
            (0.096811, 0.004168, 0.01437), (0.119003, -0.017565, 0.015705), (0.118953, -0.018137, 0.017029),
            (0.119948, -0.019357, 0.015367), (0.097554, 0.003419, 0.012637), (0.078191, -0.012959, 0.029172),
            (0.12023, -0.020153, 0.015386), (0.120463, -0.020794, 0.015116), (0.095723, 0.004687, 0.013114),
            (0.120223, -0.022274, 0.015069), (0.026118, 0.016448, 0.030863), (0.098041, 0.003328, 0.014462),
            (0.025449, 0.014936, 0.03207), (0.079275, -0.014359, 0.028653), (0.119584, -0.023724, 0.014933),
            (0.096172, 0.004144, 0.011523), (0.120296, -0.020012, 0.014293), (0.080924, -0.016889, 0.027609),
            (0.089027, 0.005415, 0.022895), (0.087881, 0.006456, 0.022494), (0.087865, 0.0054, 0.023723),
            (0.089189, 0.006554, 0.021337), (0.12047, -0.020744, 0.014143), (0.120555, -0.021097, 0.013537),
            (0.082005, -0.017996, 0.02712), (0.11982, -0.023275, 0.012974), (0.08768, 0.007557, 0.021122),
            (0.117242, -0.017313, 0.019071), (0.118474, -0.018309, 0.018028), (0.080769, -0.018338, 0.026748),
            (0.02391, 0.01586, 0.031414), (0.089311, 0.004138, 0.024147), (0.090203, 0.005226, 0.022218),
            (0.0257, 0.017382, 0.030048), (0.079613, -0.016136, 0.027837), (0.023537, 0.017217, 0.030236),
            (0.118601, -0.017671, 0.017336), (0.079283, -0.01812, 0.026608), (0.117909, -0.016591, 0.017459),
            (0.118167, -0.016714, 0.017032), (0.087322, 0.004747, 0.024769), (0.086147, 0.007243, 0.022767),
            (0.07841, -0.016307, 0.027548), (0.117818, -0.015941, 0.016526), (0.118542, -0.01663, 0.014783),
            (0.117423, -0.015419, 0.016581), (0.078632, -0.011271, 0.029839), (0.084371, 0.006753, 0.024482),
            (0.119704, -0.018563, 0.013336), (0.084735, -0.019806, 0.026297), (0.085914, -0.020784, 0.025786),
            (0.086606, 0.008519, 0.02052), (0.053731, 0.002956, 0.03311), (0.054692, 0.001261, 0.032714),
            (0.055428, 0.003101, 0.033174), (0.084071, 0.008718, 0.022228), (0.082994, 0.0077, 0.024246),
            (0.055644, 0.005072, 0.033477), (0.054265, 0.004793, 0.033461), (0.119753, -0.020449, 0.010862),
            (0.119981, -0.019733, 0.01184), (0.120219, -0.020864, 0.011756), (0.120203, -0.021456, 0.011466),
            (0.119182, -0.017823, 0.012099), (0.11931, -0.018913, 0.010784), (0.084545, -0.021273, 0.025302),
            (0.086588, -0.021947, 0.025111), (0.088898, 0.007919, 0.019421), (0.118333, -0.016659, 0.011409),
            (0.118481, -0.018704, 0.009577), (0.052796, 0.004849, 0.033473), (0.119353, -0.020584, 0.010197),
            (0.082776, -0.019941, 0.026011), (0.087849, 0.008813, 0.018332), (0.052185, 0.002735, 0.033002),
            (0.088119, 0.008967, 0.017048), (0.117502, -0.015193, 0.014655), (0.085889, 0.009701, 0.018711),
            (0.086835, 0.009595, 0.016977), (0.054154, -0.00217, 0.031576), (0.056371, -0.001495, 0.031976),
            (0.055336, -0.000374, 0.032263), (0.05315, -0.000516, 0.032076), (0.11761, -0.015398, 0.012524),
            (0.082655, -0.021751, 0.024577), (0.087836, -0.022563, 0.024809), (0.08499, -0.022928, 0.024081),
            (0.11569, -0.013003, 0.013159), (0.114453, -0.011613, 0.013226), (0.084901, 0.00951, 0.020326),
            (0.114844, -0.012275, 0.011951), (0.087127, -0.024117, 0.02345), (0.085574, -0.024331, 0.022892),
            (0.052176, 0.001112, 0.032536), (0.084135, -0.023917, 0.022924), (0.11344, -0.011111, 0.011101),
            (0.050643, 0.00175, 0.032648), (0.083113, 0.010163, 0.020719), (0.117191, -0.015852, 0.010034),
            (0.11734, -0.01717, 0.009161), (0.083529, 0.010949, 0.018439), (0.050254, -0.000547, 0.031862),
            (0.051276, -0.001685, 0.031503), (0.091298, 0.007253, 0.013162), (0.116868, -0.018223, 0.008159),
            (0.081845, -0.022623, 0.023568), (0.091443, 0.007306, 0.014127), (0.117743, -0.019893, 0.008498),
            (0.090962, 0.007565, 0.014279), (0.116647, -0.014373, 0.011631), (0.089925, 0.008095, 0.013786),
            (0.082444, -0.023464, 0.022841), (0.083227, -0.024252, 0.022008), (0.11552, -0.013322, 0.010831),
            (0.091578, 0.006876, 0.011785), (0.090226, 0.00759, 0.011539), (0.088998, 0.008372, 0.012214),
            (0.082242, -0.024102, 0.021588), (0.081315, -0.023506, 0.022173), (0.049051, 0.000338, 0.0321),
            (0.088234, 0.008496, 0.010846), (0.115559, -0.014163, 0.00947), (0.08014, -0.019684, 0.025651),
            (0.080946, -0.020612, 0.02511), (0.116055, -0.015773, 0.008696), (0.049115, -0.001993, 0.031179),
            (0.094569, 0.004856, 0.0105), (0.047331, -0.000157, 0.031803), (0.094204, 0.00534, 0.011556),
            (0.114246, -0.012339, 0.009769), (0.055641, -0.003546, 0.031155), (0.093056, 0.006055, 0.011797),
            (0.080096, -0.021552, 0.024034), (0.094708, 0.004144, 0.008672), (0.05337, -0.003736, 0.030826),
            (0.055704, -0.00493, 0.030549), (0.053968, -0.005098, 0.030244), (0.115256, -0.01679, 0.007427),
            (0.077654, -0.017743, 0.026487), (0.078257, -0.019413, 0.025408), (0.115453, -0.018524, 0.007046),
            (0.093096, 0.0052, 0.008971), (0.052597, -0.002424, 0.031314), (0.078712, -0.020855, 0.024264),
            (0.052577, -0.004893, 0.030161), (0.112422, -0.010659, 0.009712), (0.112977, -0.012074, 0.00847),
            (0.113426, -0.013547, 0.0076), (0.094564, 0.003153, 0.006422), (0.114642, -0.01504, 0.007769),
            (0.050578, -0.003683, 0.030542), (0.080149, -0.022608, 0.023015), (0.091513, 0.006422, 0.009758),
            (0.054687, -0.006443, 0.029631), (0.114591, -0.018081, 0.00656), (0.113859, -0.015969, 0.006748),
            (0.051738, -0.005642, 0.02965), (0.054529, -0.008373, 0.028414), (0.056146, -0.007643, 0.029127),
            (0.091419, 0.005797, 0.007964), (0.092771, 0.004664, 0.007178), (0.113457, -0.017428, 0.005978),
            (0.080539, -0.02334, 0.022032), (0.080902, -0.023939, 0.020637), (0.093305, 0.003721, 0.006182),
            (0.051694, -0.007017, 0.028825), (0.079363, -0.022834, 0.022233), (0.079596, -0.023344, 0.021105),
            (0.093665, 0.001963, 0.004824), (0.108944, -0.007375, 0.019305), (0.106944, -0.006832, 0.0212),
            (0.108671, -0.008871, 0.021199), (0.078406, -0.021726, 0.023339), (0.052, -0.008143, 0.02815),
            (0.104511, -0.011187, 0.025488), (0.104892, -0.009957, 0.02459), (0.102836, -0.010724, 0.0262),
            (0.10453, -0.008731, 0.024352), (0.102951, -0.008589, 0.025219), (0.091538, 0.004118, 0.005466),
            (0.101707, -0.008929, 0.026074), (0.078131, -0.022246, 0.022506), (0.091838, 0.002839, 0.004683),
            (0.100828, -0.010778, 0.027236), (0.078376, -0.023025, 0.020549), (0.07709, -0.022197, 0.021807),
            (0.106297, -0.00876, 0.023016), (0.105038, -0.007451, 0.023243), (0.089917, 0.007088, 0.008872),
            (0.077748, -0.014448, 0.028447), (0.10552, -0.006284, 0.022073), (0.088666, 0.007863, 0.009182),
            (0.103446, -0.004926, 0.02261), (0.090048, 0.005979, 0.006575), (0.047438, -0.002181, 0.030943),
            (0.104535, -0.004486, 0.021315), (0.076828, -0.011768, 0.029519), (0.048762, -0.004059, 0.030157),
            (0.088712, 0.007222, 0.007416), (0.101498, -0.003819, 0.023137), (0.100534, -0.00382, 0.02385),
            (0.102338, -0.005111, 0.023513), (0.103449, -0.00702, 0.024062), (0.101917, -0.006547, 0.024747),
            (0.046894, -0.003397, 0.030318), (0.076379, -0.013635, 0.028658), (0.088401, 0.006701, 0.006138),
            (0.047095, -0.004924, 0.029515), (0.049365, -0.005929, 0.029186), (0.086976, 0.007696, 0.00643),
            (0.090899, 0.005025, 0.006053), (0.074639, -0.01191, 0.029227), (0.07477, -0.013188, 0.028649),
            (0.075351, -0.014888, 0.027833), (0.049884, -0.007699, 0.028102), (0.089639, 0.00295, 0.003928),
            (0.089292, 0.004775, 0.004856), (0.100387, -0.005621, 0.025112), (0.076602, -0.016549, 0.027075),
            (0.047186, -0.006321, 0.02867), (0.088356, 0.008929, 0.01518), (0.107748, -0.006347, 0.019725),
            (0.108488, -0.006177, 0.017523), (0.107607, -0.005486, 0.01846), (0.088985, 0.008584, 0.013923),
            (0.048391, -0.007631, 0.027949), (0.076494, -0.018213, 0.025853), (0.107823, -0.005426, 0.01747),
            (0.086464, 0.009865, 0.015287), (0.088215, 0.008923, 0.013511), (0.106625, -0.004313, 0.018235),
            (0.106849, -0.004247, 0.017128), (0.087955, 0.009103, 0.014172), (0.107473, -0.004779, 0.016017),
            (0.108497, -0.00601, 0.016643), (0.087387, 0.00938, 0.014193), (0.106393, -0.003716, 0.016682),
            (0.04589, -0.004143, 0.029829), (0.074797, -0.017466, 0.026001), (0.08673, 0.009696, 0.014167),
            (0.087283, 0.009291, 0.012536), (0.073834, -0.015992, 0.026847), (0.086025, 0.010019, 0.013788),
            (0.085456, 0.010352, 0.01448), (0.106167, -0.004881, 0.020026), (0.084524, 0.01071, 0.017095),
            (0.055458, -0.010019, 0.027447), (0.054162, -0.010577, 0.0268), (0.085239, 0.010454, 0.016033),
            (0.053004, -0.00923, 0.027561), (0.072575, -0.012195, 0.028832), (0.073068, -0.013343, 0.02833),
            (0.052644, -0.010722, 0.026406), (0.105059, -0.003515, 0.019477), (0.084622, 0.010715, 0.013946),
            (0.08379, 0.011166, 0.015292), (0.082313, 0.011825, 0.015989), (0.08222, 0.01176, 0.017444),
            (0.050813, -0.009021, 0.027328), (0.102999, -0.003167, 0.02136), (0.103284, -0.002157, 0.019717),
            (0.104058, -0.002133, 0.018505), (0.050915, -0.010057, 0.026587), (0.07124, -0.013681, 0.027832),
            (0.072515, -0.014456, 0.02759), (0.101636, -0.001847, 0.021264), (0.070037, -0.012794, 0.028149),
            (0.051698, -0.011836, 0.025316), (0.049297, -0.010836, 0.025691), (0.086017, 0.009766, 0.011694),
            (0.055346, -0.01175, 0.026137), (0.053588, -0.012565, 0.025033), (0.086043, 0.009279, 0.009418),
            (0.08747, 0.008459, 0.009043), (0.100398, -0.000311, 0.020621), (0.100109, -0.001991, 0.022719),
            (0.099062, -7.4e-05, 0.021678), (0.08495, 0.010063, 0.01054), (0.084081, 0.010725, 0.011752),
            (0.071997, -0.016067, 0.026431), (0.053892, -0.014471, 0.022831), (0.054459, -0.013915, 0.023894),
            (0.05271, -0.014173, 0.022887), (0.083957, 0.010264, 0.009399), (0.072711, -0.017666, 0.025326),
            (0.083867, 0.011083, 0.013997), (0.051856, -0.013293, 0.023895), (0.103134, -0.001045, 0.0177),
            (0.082248, 0.011899, 0.01465), (0.083162, 0.011439, 0.014342), (0.081462, 0.01228, 0.014429),
            (0.103327, -0.000818, 0.015499), (0.101861, 0.000286, 0.016499), (0.08231, 0.01171, 0.01286),
            (0.105386, -0.002992, 0.017665), (0.070717, -0.015476, 0.026546), (0.069393, -0.014078, 0.027262),
            (0.104751, -0.002174, 0.016391), (0.105881, -0.003161, 0.016224), (0.069826, -0.016377, 0.025661),
            (0.050243, -0.012359, 0.024511), (0.104399, -0.001758, 0.015525), (0.105455, -0.002709, 0.015448),
            (0.104916, -0.002129, 0.014082), (0.051189, -0.013778, 0.022917), (0.050387, -0.013504, 0.023049),
            (0.082528, 0.011344, 0.011099), (0.076756, -0.019507, 0.024886), (0.076867, -0.021014, 0.023581),
            (0.101549, -0.000375, 0.019254), (0.080676, 0.012421, 0.011955), (0.048778, -0.009506, 0.02664),
            (0.098878, 0.00099, 0.020433), (0.101631, 0.000203, 0.017609), (0.094362, 0.000374, 0.00417),
            (0.075032, -0.018842, 0.024964), (0.047363, -0.008144, 0.027444), (0.099927, 0.001117, 0.018829),
            (0.074824, -0.019968, 0.023871), (0.046427, -0.009064, 0.026643), (0.04778, -0.01078, 0.025461),
            (0.093257, -0.00032, 0.003361), (0.112111, -0.011558, 0.020068), (0.11131, -0.013044, 0.021864),
            (0.112608, -0.013682, 0.021263), (0.092138, 0.000946, 0.003643), (0.114151, -0.014838, 0.020694),
            (0.090608, 0.001536, 0.003446), (0.111437, -0.014955, 0.022668), (0.048882, -0.012617, 0.023861),
            (0.092023, -0.00109, 0.002633), (0.091135, 0.000214, 0.002997), (0.091153, -0.001151, 0.002379),
            (0.076354, -0.021789, 0.022136), (0.07578, -0.02137, 0.022558), (0.093803, -0.00333, 0.002217),
            (0.093495, -0.002037, 0.002672), (0.092859, -0.001629, 0.002638), (0.093344, -0.00274, 0.00234),
            (0.114671, -0.014195, 0.019727), (0.113396, -0.012849, 0.019983), (0.075267, -0.021668, 0.021373),
            (0.052549, -0.014692, 0.021092), (0.051819, -0.014165, 0.022437), (0.077494, -0.022858, 0.01962),
            (0.092437, -0.003706, 0.001727), (0.093311, -0.004957, 0.001509), (0.091985, -0.002541, 0.002043),
            (0.075632, -0.022132, 0.019828), (0.054817, 0.006525, 0.033542), (0.05376, 0.006685, 0.033594),
            (0.109523, -0.012368, 0.02255), (0.052986, 0.006861, 0.033616), (0.108071, -0.012385, 0.023645),
            (0.074649, -0.021007, 0.02247), (0.051378, 0.005602, 0.033569), (0.073812, -0.020464, 0.022978),
            (0.090464, -0.003688, 0.001265), (0.091206, -0.004988, 0.000993), (0.110142, -0.01155, 0.021689),
            (0.110577, -0.010798, 0.020854), (0.073876, -0.021275, 0.020911), (0.073042, -0.020446, 0.022483),
            (0.090565, -0.000754, 0.002391), (0.089991, -9.6e-05, 0.002527), (0.089086, 0.001048, 0.002823),
            (0.088175, -4e-05, 0.002098), (0.10901, -0.010574, 0.02209), (0.0901, -0.001918, 0.001809),
            (0.04979, 0.004673, 0.03336), (0.049593, 0.006571, 0.033645), (0.072746, -0.019316, 0.023897),
            (0.049451, 0.003432, 0.033073), (0.08852, -0.003406, 0.000927), (0.088205, -0.001672, 0.001496),
            (0.113086, -0.011537, 0.018962), (0.048345, 0.006679, 0.033647), (0.047835, 0.004679, 0.033312),
            (0.093629, -0.00675, 0.001051), (0.092501, -0.007921, 0.000468), (0.111477, -0.009618, 0.018621),
            (0.110613, -0.009898, 0.020036), (0.114013, -0.011654, 0.017642), (0.113074, -0.010603, 0.017174),
            (0.046472, 0.006944, 0.03364), (0.093421, -0.009499, 0.000263), (0.094308, -0.010957, 0.00014),
            (0.112147, -0.009668, 0.01677), (0.047537, 0.002848, 0.032826), (0.048481, 0.001848, 0.032583),
            (0.070945, -0.017931, 0.024613), (0.09389, -0.012896, -0.000254), (0.092683, -0.011053, -0.00021),
            (0.071127, -0.019524, 0.022894), (0.071791, -0.019987, 0.022465), (0.070131, -0.018965, 0.023302),
            (0.114041, -0.011288, 0.015901), (0.046412, 0.005364, 0.033393), (0.091287, -0.006098, 0.000689),
            (0.107718, -0.010445, 0.022951), (0.090236, -0.007669, 1.1e-05), (0.045991, 0.003812, 0.033036),
            (0.109992, -0.008105, 0.018903), (0.073957, -0.021662, 0.018473), (0.044379, 0.005195, 0.033302),
            (0.044298, 0.003235, 0.03281), (0.091087, -0.009229, -0.000171), (0.072345, -0.020982, 0.019208),
            (0.090206, -0.010313, -0.000552), (0.070411, -0.019455, 0.022546), (0.091049, -0.011381, -0.00054),
            (0.071593, -0.020365, 0.021137), (0.089485, -0.005351, 0.000484), (0.043981, 0.006837, 0.033594),
            (0.105975, -0.011641, 0.024627), (0.088739, -0.006901, -0.000119), (0.070591, -0.020176, 0.020278),
            (0.087331, -0.004464, 0.000335), (0.087097, -0.006489, -0.000333), (0.046474, 0.001563, 0.032385),
            (0.106408, -0.010436, 0.023793), (0.069322, -0.019512, 0.021288), (0.088571, -0.010105, -0.000801),
            (0.088423, -0.008341, -0.000534), (0.072555, -0.021274, 0.016977), (0.045084, 0.001645, 0.032332),
            (0.045243, -0.000348, 0.031586), (0.088775, -0.011896, -0.000827), (0.045706, -0.001831, 0.030976),
            (0.070699, -0.020491, 0.018127), (0.043359, 0.001102, 0.032038), (0.069053, -0.0197, 0.01967),
            (0.086539, -0.008682, -0.000908), (0.102221, -0.012259, 0.026949), (0.086413, -0.010319, -0.001094),
            (0.043313, -0.000776, 0.031283), (0.070054, -0.020362, 0.016915), (0.068292, -0.019709, 0.017392),
            (0.042241, 0.007245, 0.03362), (0.042153, 0.005376, 0.033297), (0.084199, -0.00713, -0.000964),
            (0.070037, -0.007931, 0.030455), (0.042282, 0.003023, 0.032661), (0.084206, -0.010001, -0.001284),
            (0.084492, -0.011433, -0.000936), (0.110998, -0.008532, 0.017113), (0.112589, -0.009957, 0.015795),
            (0.111819, -0.009239, 0.0162), (0.084127, -0.008599, -0.00122), (0.112483, -0.009786, 0.014725),
            (0.068569, -0.007113, 0.030652), (0.068279, -0.008571, 0.030034), (0.110776, -0.008185, 0.016303),
            (0.11133, -0.008603, 0.014831), (0.040357, 0.005778, 0.03336), (0.110043, -0.007363, 0.015107),
            (0.110115, -0.007538, 0.016237), (0.082351, -0.008078, -0.001373), (0.082172, -0.010184, -0.001197),
            (0.113281, -0.010548, 0.015573), (0.068084, -0.009995, 0.029346), (0.070145, 0.001345, 0.032763),
            (0.040577, 0.00409, 0.032929), (0.08053, -0.011609, -0.000581), (0.080841, -0.008939, -0.001449),
            (0.069427, 0.002309, 0.032763), (0.069012, 0.000821, 0.032793), (0.079368, -0.010309, -0.000954),
            (0.112314, -0.009661, 0.013266), (0.038807, 0.003885, 0.032834), (0.040141, 0.002825, 0.032514),
            (0.069906, 0.008187, 0.029933), (0.069076, 0.007171, 0.030864), (0.069019, 0.005088, 0.032006),
            (0.067671, 0.006131, 0.031857), (0.06709, 0.007632, 0.031105), (0.068053, 0.003802, 0.032678),
            (0.068439, 0.001882, 0.032891), (0.066194, 0.006049, 0.03221), (0.065453, 0.007443, 0.031688),
            (0.0646, 0.0052, 0.032808), (0.041504, 0.000197, 0.031591), (0.067493, 0.002618, 0.032927),
            (0.066918, 0.001461, 0.03293), (0.063178, 0.00656, 0.03257), (0.109412, -0.007042, 0.017183),
            (0.062634, 0.0081, 0.032034), (0.062982, 0.005247, 0.033016), (0.061194, 0.006549, 0.032901),
            (0.040639, 0.001505, 0.032049), (0.109273, -0.006743, 0.016293), (0.059508, 0.00716, 0.032954),
            (0.060036, 0.005265, 0.0333), (0.069782, -0.003435, 0.031883), (0.108537, -0.00585, 0.014674),
            (0.058852, 0.005543, 0.033346), (0.057221, 0.007257, 0.033211), (0.057726, 0.005833, 0.033408),
            (0.056831, 0.00605, 0.033459), (0.067906, -0.002745, 0.032033), (0.038628, 0.002103, 0.032204),
            (0.076997, 0.010211, 0.024886), (0.075839, 0.009567, 0.02621), (0.077821, 0.008868, 0.025913),
            (0.068908, -0.000979, 0.032473), (0.109814, -0.007243, 0.013295), (0.067523, -0.000578, 0.032559),
            (0.077882, 0.010954, 0.023487), (0.079016, 0.009225, 0.024867), (0.079506, 0.01004, 0.023599),
            (0.03945, 0.000303, 0.031498), (0.11178, -0.009526, 0.010981), (0.075679, 0.011521, 0.024118),
            (0.079848, 0.010797, 0.022301), (0.078169, 0.012012, 0.021733), (0.080266, 0.011277, 0.021267),
            (0.076869, 0.012034, 0.022666), (0.074477, 0.012641, 0.023404), (0.044553, -0.004023, 0.029761),
            (0.066568, 0.003063, 0.032966), (0.065517, 0.002033, 0.033), (0.072852, 0.008289, 0.028702),
            (0.073691, 0.009177, 0.027596), (0.065759, -0.000182, 0.032639), (0.074237, 0.009935, 0.026614),
            (0.043791, -0.002381, 0.030572), (0.072733, 0.010099, 0.027142), (0.065382, -0.002472, 0.032061),
            (0.0715, 0.008784, 0.028855), (0.045124, -0.006123, 0.028547), (0.070107, 0.009277, 0.02895),
            (0.045402, -0.008084, 0.027214), (0.063957, 0.001267, 0.032915), (0.070823, 0.01027, 0.027795),
            (0.071581, 0.011247, 0.026522), (0.063996, -0.00099, 0.032439), (0.042827, -0.004579, 0.029268),
            (0.062695, -0.000174, 0.032624), (0.068615, 0.010172, 0.028792), (0.069795, 0.011313, 0.027234),
            (0.074348, 0.011359, 0.025042), (0.044078, -0.007299, 0.027618), (0.062907, -0.002508, 0.031981),
            (0.042845, -0.006781, 0.027845), (0.07278, 0.011638, 0.025537), (0.04226, -0.001537, 0.030869),
            (0.072174, 0.013304, 0.02387), (0.041575, -0.0034, 0.029848), (0.040597, -0.001793, 0.030628),
            (0.112217, -0.017112, 0.0053), (0.070126, 0.012424, 0.025949), (0.099678, -0.009321, 0.027309),
            (0.09923, -0.012024, 0.028087), (0.039227, -0.002291, 0.030255), (0.098259, -0.011473, 0.028348),
            (0.09804, -0.010052, 0.028162), (0.097301, -0.011122, 0.028604), (0.071214, 0.012882, 0.024899),
            (0.098557, -0.008235, 0.027356), (0.100093, -0.007126, 0.026095), (0.068438, 0.012507, 0.026638),
            (0.069757, 0.013615, 0.024781), (0.068014, 0.013608, 0.025662), (0.066008, 0.004405, 0.032824),
            (0.098357, -0.00627, 0.026655), (0.096913, -0.007335, 0.027836), (0.078622, 0.013443, 0.018082),
            (0.079337, 0.012411, 0.020101), (0.080369, 0.012476, 0.018576), (0.040909, -0.004854, 0.0289),
            (0.077919, 0.013083, 0.02012), (0.065736, 0.003178, 0.033018), (0.096148, -0.010785, 0.02893),
            (0.096797, -0.009474, 0.028519), (0.076249, 0.012872, 0.021791), (0.041621, -0.00644, 0.027926),
            (0.076033, 0.013812, 0.020417), (0.064475, 0.003381, 0.033104), (0.074504, 0.013721, 0.021726),
            (0.095469, -0.008886, 0.028888), (0.095104, -0.01029, 0.029168), (0.094629, -0.011502, 0.029174),
            (0.07733, 0.014051, 0.018189), (0.093962, -0.009511, 0.029448), (0.094628, -0.009368, 0.029231),
            (0.06329, 0.003974, 0.033147), (0.040009, -0.005894, 0.028114), (0.040965, -0.00781, 0.026879),
            (0.063488, 0.002578, 0.033099), (0.075747, 0.014706, 0.018543), (0.039004, -0.00432, 0.029024),
            (0.073944, 0.014856, 0.020179), (0.095451, -0.007068, 0.028408), (0.093536, -0.007171, 0.029246),
            (0.076545, 0.014537, 0.016237), (0.098037, -0.004613, 0.026006), (0.097001, -0.005712, 0.027132),
            (0.07483, 0.015276, 0.016197), (0.074575, 0.015216, 0.018402), (0.073586, 0.015767, 0.017155),
            (0.098831, -0.003837, 0.025038), (0.050182, -0.013754, 0.022354), (0.049239, -0.013615, 0.022245),
            (0.068763, -0.005046, 0.03137), (0.048105, -0.013149, 0.022814), (0.072998, 0.013811, 0.022678),
            (0.097084, -0.002526, 0.025326), (0.046971, -0.011675, 0.024466), (0.046193, -0.010504, 0.025418),
            (0.072326, 0.015251, 0.020792), (0.047049, -0.012792, 0.023067), (0.070814, 0.015149, 0.022007),
            (0.04582, -0.012525, 0.023042), (0.066362, -0.004067, 0.031595), (0.070829, 0.014392, 0.023187),
            (0.095306, -0.005637, 0.027943), (0.0693, 0.014553, 0.023814), (0.06693, -0.005905, 0.031008),
            (0.054079, -0.015247, 0.019992), (0.05452, -0.015075, 0.021522), (0.095605, -0.003822, 0.026953),
            (0.093383, -0.004981, 0.028559), (0.05328, -0.015278, 0.018216), (0.095412, -0.002397, 0.02624),
            (0.068545, 0.01528, 0.023201), (0.068824, 0.016097, 0.021728), (0.067269, 0.016315, 0.022372),
            (0.066689, -0.008547, 0.029921), (0.050891, -0.014377, 0.020674), (0.072498, 0.016061, 0.018555),
            (0.093219, -0.003241, 0.027837), (0.093772, -0.00181, 0.026761), (0.0712, 0.016319, 0.019584),
            (0.050982, -0.014689, 0.018599), (0.08876, -0.000778, 0.028357), (0.088773, -0.00258, 0.029288),
            (0.090741, -0.002695, 0.028623), (0.073942, 0.0157, 0.015061), (0.072055, 0.01641, 0.01593),
            (0.086703, -0.002604, 0.030087), (0.051274, -0.014919, 0.017088), (0.07087, 0.016805, 0.017389),
            (0.065229, -0.006357, 0.030742), (0.064257, -0.004504, 0.031363), (0.092279, -0.008251, 0.029825),
            (0.091899, -0.006417, 0.029616), (0.090811, -0.007847, 0.030164), (0.049387, -0.01411, 0.020217),
            (0.09036, -0.006887, 0.030167), (0.070074, 0.016081, 0.020917), (0.092598, -0.010854, 0.02956),
            (0.092888, -0.012054, 0.02924), (0.069487, 0.01701, 0.019474), (0.093061, -0.009101, 0.029675),
            (0.049101, -0.014347, 0.017962), (0.067256, 0.017212, 0.020833), (0.090861, -0.010789, 0.029785),
            (0.053083, -0.015372, 0.016555), (0.090881, -0.009048, 0.030105), (0.068302, 0.017762, 0.017513),
            (0.067584, 0.017795, 0.019222), (0.063657, -0.006254, 0.030673), (0.062697, -0.00405, 0.031454),
            (0.047197, -0.01338, 0.02136), (0.067882, 0.008612, 0.030305), (0.065185, -0.008239, 0.029914),
            (0.089487, -0.006586, 0.030414), (0.047638, -0.013743, 0.020011), (0.088248, -0.00705, 0.030667),
            (0.088247, -0.008338, 0.030521), (0.087345, -0.00753, 0.030715), (0.087931, -0.006459, 0.030708),
            (0.087084, -0.005747, 0.030829), (0.065404, 0.009493, 0.030459), (0.086553, -0.007457, 0.030788),
            (0.086492, -0.006602, 0.030894), (0.086789, -0.008029, 0.030676), (0.089019, -0.010347, 0.03006),
            (0.09068, -0.012252, 0.029412), (0.08934, -0.013007, 0.029278), (0.087923, -0.012328, 0.029587),
            (0.046919, -0.013799, 0.01858), (0.066013, -0.010193, 0.029051), (0.063377, -0.007545, 0.030094),
            (0.067833, 0.01138, 0.027941), (0.066549, 0.010463, 0.029318), (0.087276, -0.009655, 0.03033),
            (0.086896, -0.008641, 0.030563), (0.063657, -0.009017, 0.029379), (0.04504, -0.013239, 0.019645),
            (0.04482, -0.012924, 0.021277), (0.064299, 0.008563, 0.03134), (0.06275, 0.010165, 0.030792),
            (0.052009, -0.015179, 0.015461), (0.064282, 0.011355, 0.029352), (0.090962, -0.005259, 0.029584),
            (0.05017, -0.014751, 0.015504), (0.060556, -0.001759, 0.032122), (0.060592, -9.4e-05, 0.032574),
            (0.062463, 0.004431, 0.033174), (0.048428, -0.014327, 0.016196), (0.066347, 0.012678, 0.027348),
            (0.061403, 0.003432, 0.033227), (0.066017, 0.01172, 0.028417), (0.061252, 0.004782, 0.033241),
            (0.090752, -0.001352, 0.027886), (0.092525, -0.001176, 0.026994), (0.052009, -0.015155, 0.01363),
            (0.050198, -0.014748, 0.013742), (0.061745, 0.001216, 0.032894), (0.064025, 0.012764, 0.028182),
            (0.09005, -0.004188, 0.029527), (0.066712, 0.013702, 0.026151), (0.088262, -0.004444, 0.030267),
            (0.064775, 0.013833, 0.026815), (0.059884, 0.001533, 0.032934), (0.047709, -0.014213, 0.014241),
            (0.08652, -0.004323, 0.030746), (0.086315, -0.005709, 0.030959), (0.063433, 0.014029, 0.027132),
            (0.061601, 0.01372, 0.028112), (0.059278, 0.00386, 0.033304), (0.061708, 0.014933, 0.026771),
            (0.048703, -0.014371, 0.013112), (0.058439, 0.002278, 0.033062), (0.062541, 0.011907, 0.029439),
            (0.061066, 0.011349, 0.030389), (0.046553, -0.013906, 0.0166), (0.06081, 0.012764, 0.029219),
            (0.093895, -0.000301, 0.025654), (0.061213, 0.009754, 0.031445), (0.094307, 0.00147, 0.023758),
            (0.09521, -0.000615, 0.025097), (0.095909, 0.000292, 0.023826), (0.045324, -0.013538, 0.01789),
            (0.092541, 0.000515, 0.02576), (0.060954, 0.008095, 0.032365), (0.092795, 0.002096, 0.024189),
            (0.059916, 0.009246, 0.032035), (0.058098, 0.008321, 0.032742), (0.058045, 0.009985, 0.031976),
            (0.095788, 0.001572, 0.02255), (0.097305, 0.000338, 0.022677), (0.09525, 0.002573, 0.021731),
            (0.04464, -0.01354, 0.016098), (0.058635, -0.000416, 0.032425), (0.059415, 0.010646, 0.031322),
            (0.04695, -0.014032, 0.015157), (0.058683, -0.001793, 0.032025), (0.056796, 0.00978, 0.03235),
            (0.056027, 0.006325, 0.033474), (0.057331, 0.004767, 0.033417), (0.055836, 0.007919, 0.033196),
            (0.054841, 0.009636, 0.032717), (0.056994, 0.0035, 0.033249), (0.09096, 0.003235, 0.024109),
            (0.059203, 0.011794, 0.030542), (0.056201, 0.011229, 0.031545), (0.098675, -0.002488, 0.024205),
            (0.044735, -0.009923, 0.025704), (0.056828, 0.002067, 0.032981), (0.053979, 0.011032, 0.032064),
            (0.043166, -0.009334, 0.025946), (0.058903, 0.013051, 0.029496), (0.057739, 0.012202, 0.030498),
            (0.097229, -0.001036, 0.024078), (0.04268, -0.008213, 0.026788), (0.058671, 0.014175, 0.028549),
            (0.059769, 0.015138, 0.027243), (0.098888, -0.001072, 0.022854), (0.056738, 0.013713, 0.029448),
            (0.043725, -0.010724, 0.024803), (0.057159, 0.000511, 0.032605), (0.044911, -0.011538, 0.024181),
            (0.055544, 0.012841, 0.030435), (0.044727, -0.012346, 0.022918), (0.054556, 0.01203, 0.031293),
            (0.053871, 0.013039, 0.030614), (0.054659, 0.014079, 0.029563), (0.06698, 0.015176, 0.024201),
            (0.06523, 0.014672, 0.02566), (0.065568, 0.015593, 0.024336), (0.064446, 0.016184, 0.024084),
            (0.0441, -0.012302, 0.022729), (0.042396, -0.011113, 0.024131), (0.06545, 0.016891, 0.02248),
            (0.043006, -0.012237, 0.022379), (0.089437, 0.000551, 0.027208), (0.091422, 0.000409, 0.026438),
            (0.091707, 0.002026, 0.024888), (0.041589, -0.012002, 0.022381), (0.060931, -0.003722, 0.031499),
            (0.061919, -0.005143, 0.031026), (0.063368, 0.015411, 0.025561), (0.088209, 0.002761, 0.026011),
            (0.089945, 0.002215, 0.02564), (0.062183, 0.015979, 0.025334), (0.04102, -0.009758, 0.025309),
            (0.059652, -0.003074, 0.031655), (0.063582, 0.017099, 0.023138), (0.087293, 0.00146, 0.027545),
            (0.060803, 0.016462, 0.025258), (0.059344, -0.00559, 0.030632), (0.059074, -0.00419, 0.031211),
            (0.064404, 0.017975, 0.021249), (0.039302, -0.007624, 0.026766), (0.038553, -0.006698, 0.02738),
            (0.039369, -0.008997, 0.025686), (0.061498, -0.007026, 0.030165), (0.065866, 0.018057, 0.020197),
            (0.064405, 0.018829, 0.019612), (0.06211, -0.008977, 0.029216), (0.061562, 0.017334, 0.023744),
            (0.062414, 0.017962, 0.022372), (0.060813, 0.018273, 0.022669), (0.06035, -0.008467, 0.029263),
            (0.059467, 0.017908, 0.023787), (0.041, -0.01123, 0.023628), (0.059722, -0.007018, 0.029967),
            (0.06305, 0.018942, 0.020395), (0.061626, 0.019159, 0.020745), (0.060154, 0.01932, 0.021213),
            (0.040103, -0.011461, 0.022955), (0.058994, 0.018762, 0.022676), (0.039363, -0.011863, 0.021554),
            (0.039296, -0.010335, 0.024398), (0.086636, 0.00368, 0.026094), (0.039341, -0.011236, 0.023132),
            (0.057492, 0.015458, 0.027589), (0.037619, -0.010157, 0.024294), (0.058864, 0.016186, 0.026297),
            (0.057469, -0.004545, 0.030921), (0.058471, 0.017147, 0.025239), (0.057353, -0.006362, 0.030018),
            (0.038254, -0.01089, 0.023411), (0.056792, 0.016387, 0.026714), (0.05772, -0.00748, 0.029471),
            (0.05692, 0.017442, 0.025365), (0.059509, -0.009405, 0.028569), (0.057358, -0.009209, 0.028348),
            (0.055944, 0.015284, 0.028161), (0.038325, -0.011213, 0.022852), (0.037267, -0.011209, 0.022599),
            (0.100114, -0.012585, 0.027851), (0.054021, 0.015503, 0.028394), (0.057284, -0.002945, 0.031546),
            (0.055197, 0.016677, 0.026804), (0.053662, 0.017048, 0.02675), (0.052431, 0.016351, 0.027863),
            (0.094522, -0.013171, 0.028838), (0.05777, 0.018204, 0.024002), (0.043462, -0.012996, 0.019186),
            (0.056878, 0.018926, 0.023291), (0.057873, 0.019647, 0.021726), (0.092363, -0.013528, 0.028905),
            (0.05557, 0.017816, 0.025296), (0.042301, -0.012587, 0.020396), (0.091198, -0.014562, 0.028651),
            (0.053581, 0.018305, 0.025224), (0.055056, 0.019017, 0.023818), (0.043194, -0.013121, 0.017798),
            (0.090938, -0.015838, 0.028213), (0.052972, 0.019473, 0.023878), (0.090453, -0.016483, 0.027993),
            (0.090105, -0.017119, 0.027753), (0.085138, -0.003267, 0.030828), (0.089976, -0.017713, 0.027506),
            (0.090093, -0.018623, 0.027098), (0.04286, -0.013213, 0.015758), (0.068838, -0.01128, 0.028805),
            (0.082821, -0.002381, 0.031162), (0.083475, -0.003941, 0.031314), (0.041096, -0.012694, 0.01818),
            (0.041555, -0.01292, 0.016637), (0.089117, -0.015019, 0.028584), (0.081594, -0.003004, 0.031528),
            (0.082645, -0.003726, 0.031422), (0.080605, -0.003561, 0.031668), (0.080233, -0.002394, 0.031688),
            (0.086913, -0.012744, 0.029483), (0.087354, -0.014787, 0.028734), (0.087623, -0.01566, 0.028399),
            (0.040397, -0.012364, 0.019777), (0.068011, -0.013031, 0.027691), (0.079401, -0.002152, 0.031783),
            (0.090001, -0.015975, 0.028196), (0.078318, -0.003167, 0.031846), (0.089382, -0.016993, 0.027814),
            (0.085668, -0.006644, 0.030963), (0.08803, -0.016506, 0.028047), (0.088859, -0.01721, 0.027731),
            (0.086066, -0.008453, 0.030652), (0.084837, -0.008123, 0.03078), (0.085819, -0.009355, 0.03048),
            (0.086278, -0.009822, 0.030353), (0.068801, -0.01512, 0.026421), (0.089048, -0.018388, 0.0272),
            (0.088437, -0.017866, 0.027447), (0.038356, -0.011999, 0.020022), (0.036946, -0.011613, 0.021088),
            (0.084263, -0.010157, 0.030326), (0.08604, -0.010496, 0.030198), (0.08761, -0.017243, 0.027742),
            (0.039221, -0.012336, 0.018625), (0.083072, -0.008808, 0.030684), (0.038397, -0.012324, 0.017403),
            (0.066982, -0.014924, 0.026162), (0.081079, -0.008794, 0.030708), (0.068513, -0.016808, 0.02498),
            (0.088512, -0.019903, 0.026448), (0.069124, -0.018096, 0.02395), (0.03715, -0.012066, 0.017999),
            (0.085456, -0.005474, 0.031095), (0.085222, -0.004757, 0.031113), (0.036821, -0.011906, 0.019012),
            (0.087473, -0.020889, 0.025853), (0.066386, -0.011587, 0.02833), (0.084478, -0.004253, 0.031192),
            (0.050967, -0.014655, 0.010921), (0.085351, -0.006154, 0.031049), (0.049268, -0.014363, 0.011637),
            (0.084047, -0.00429, 0.031247), (0.083565, -0.005499, 0.031258), (0.08174, -0.005099, 0.031424),
            (0.088709, -0.023515, 0.02417), (0.083234, -0.007098, 0.031038), (0.06606, -0.013163, 0.027281),
            (0.088691, -0.024958, 0.022874), (0.066941, -0.016731, 0.02463), (0.087368, -0.025666, 0.021676),
            (0.081853, -0.003772, 0.03153), (0.065635, -0.015867, 0.025045), (0.049252, -0.014013, 0.009647),
            (0.081122, -0.006665, 0.03118), (0.050813, -0.014241, 0.009156), (0.064619, -0.011541, 0.028085),
            (0.086503, -0.025372, 0.021738), (0.046775, -0.013906, 0.012521), (0.04723, -0.013838, 0.011176),
            (0.079182, -0.005329, 0.031478), (0.10172, 0.000527, 0.015022), (0.102757, -0.000313, 0.014954),
            (0.079344, -0.007734, 0.030961), (0.104125, -0.001458, 0.015056), (0.103915, -0.001225, 0.014349),
            (0.047424, -0.013519, 0.009317), (0.104169, -0.001835, 0.012681), (0.063229, -0.01095, 0.028232),
            (0.10307, -0.000784, 0.012946), (0.077716, -0.004443, 0.031663), (0.045326, -0.013704, 0.014124),
            (0.063161, -0.012605, 0.027096), (0.07896, -0.009727, 0.030385), (0.101913, 0.000383, 0.013852),
            (0.064868, -0.013898, 0.026508), (0.043788, -0.013414, 0.014705), (0.042936, -0.013194, 0.012889),
            (0.101156, 0.000622, 0.012196), (0.100088, 0.001686, 0.016516), (0.044853, -0.013493, 0.012325),
            (0.045298, -0.013234, 0.010068), (0.077382, -0.006434, 0.031251), (0.064438, -0.01516, 0.025391),
            (0.043827, -0.013134, 0.010985), (0.100854, 0.00119, 0.014982), (0.049898, -0.01362, 0.007856),
            (0.062309, -0.013858, 0.025954), (0.062806, -0.01512, 0.025), (0.100033, 0.001855, 0.014272),
            (0.099128, 0.002532, 0.014176), (0.047994, -0.012888, 0.007192), (0.077843, -0.008669, 0.030668),
            (0.100422, 0.000693, 0.009956), (0.101958, -0.00026, 0.011035), (0.04582, -0.012563, 0.007464),
            (0.046928, -0.012027, 0.00611), (0.069338, -0.018985, 0.022783), (0.068357, -0.018778, 0.022538),
            (0.04563, -0.01299, 0.008875), (0.067628, -0.017864, 0.023647), (0.099742, 0.002056, 0.013548),
            (0.099647, 0.001648, 0.011503), (0.098795, 0.002762, 0.0135), (0.042383, -0.012463, 0.009276),
            (0.098041, 0.002778, 0.011324), (0.067491, -0.018399, 0.022682), (0.043814, -0.012491, 0.008405),
            (0.066204, -0.018254, 0.022123), (0.065921, -0.017656, 0.023255), (0.067189, -0.018871, 0.020918),
            (0.04386, -0.011875, 0.006928), (0.098782, 0.001764, 0.009702), (0.041311, -0.01296, 0.014462),
            (0.039766, -0.012662, 0.015935), (0.06733, -0.019173, 0.019182), (0.065802, -0.018643, 0.019373),
            (0.06455, -0.016585, 0.02407), (0.064957, -0.017552, 0.022856), (0.040764, -0.012794, 0.012623),
            (0.041759, -0.012776, 0.011067), (0.039251, -0.01259, 0.013721), (0.063692, -0.017184, 0.022757),
            (0.063275, -0.017584, 0.021181), (0.06449, -0.018061, 0.020461), (0.062513, -0.016219, 0.023808),
            (0.061859, -0.01662, 0.022822), (0.062657, -0.016785, 0.022924), (0.037306, -0.01225, 0.015777),
            (0.03841, -0.012463, 0.014885), (0.061709, -0.016996, 0.021503), (0.067104, -0.019284, 0.017588),
            (0.036992, -0.012221, 0.013338), (0.065309, -0.018693, 0.017367), (0.066921, -0.019338, 0.015593),
            (0.06883, -0.020001, 0.01539), (0.039441, -0.012292, 0.010587), (0.038551, -0.012364, 0.011989),
            (0.065286, -0.018814, 0.01542), (0.042176, -0.011993, 0.007764), (0.040388, -0.012034, 0.008879),
            (0.063542, -0.018213, 0.016523), (0.061042, -0.017183, 0.019457), (0.064139, -0.01826, 0.018173),
            (0.062461, -0.017682, 0.018619), (0.037838, -0.011885, 0.009841), (0.035866, -0.011894, 0.011516),
            (0.035126, -0.011588, 0.010318), (0.036238, -0.011441, 0.008973), (0.061414, -0.017515, 0.017127),
            (0.061616, -0.010215, 0.028407), (0.061616, -0.011586, 0.027528), (0.059289, -0.010777, 0.027628),
            (0.036946, 0.001235, 0.031789), (0.038233, -0.000479, 0.03108), (0.036128, 0.003027, 0.03248),
            (0.037243, 0.004769, 0.033077), (0.06056, -0.01252, 0.026651), (0.058301, -0.012, 0.026545),
            (0.034733, 0.001702, 0.031929), (0.035373, -4.1e-05, 0.031146), (0.059898, -0.014095, 0.025202),
            (0.060685, -0.015282, 0.02426), (0.035994, 0.006194, 0.03342), (0.059018, -0.013047, 0.025872),
            (0.035465, 0.004828, 0.033067), (0.057366, -0.010753, 0.027301), (0.034411, 0.006003, 0.033372),
            (0.057238, -0.014229, 0.024372), (0.058355, -0.015028, 0.023824), (0.034042, 0.003654, 0.032686),
            (0.032796, 0.005865, 0.033317), (0.031188, 0.005139, 0.033122), (0.031932, 0.004002, 0.03276),
            (0.056995, -0.01274, 0.025684), (0.033226, 0.000833, 0.031486), (0.031844, 0.002332, 0.032127),
            (0.055578, -0.013377, 0.02479), (0.031281, 0.000485, 0.031251), (0.036283, -0.001697, 0.030344),
            (0.037974, -0.002729, 0.029902), (0.060748, -0.016208, 0.02302), (0.060136, -0.016263, 0.022556),
            (0.036971, -0.003863, 0.029126), (0.035128, -0.004192, 0.028745), (0.059751, -0.016617, 0.020817),
            (0.05952, -0.015482, 0.023643), (0.059453, -0.015936, 0.022846), (0.037876, -0.005526, 0.028104),
            (0.058558, -0.015759, 0.022706), (0.057375, -0.015314, 0.022995), (0.03661, -0.00572, 0.02783),
            (0.058178, -0.016197, 0.020742), (0.03534, -0.0067, 0.026989), (0.057495, -0.016261, 0.01897),
            (0.058656, -0.016636, 0.018357), (0.056449, -0.015722, 0.020835), (0.033985, -0.001286, 0.030431),
            (0.034607, -0.00256, 0.029735), (0.059662, -0.017064, 0.016711), (0.033034, -0.002234, 0.029839),
            (0.033611, -0.005456, 0.027729), (0.056086, -0.01502, 0.022895), (0.031919, -0.00101, 0.030484),
            (0.03321, -0.003712, 0.028917), (0.055057, -0.014678, 0.022998), (0.031191, -0.002433, 0.029625),
            (0.031898, -0.00457, 0.028266), (0.032076, -0.006102, 0.027132), (0.030648, -0.005292, 0.027687),
            (0.081441, 0.007656, 0.025191), (0.02868, 0.004485, 0.03289), (0.030199, 0.006159, 0.033371),
            (0.029781, 0.003282, 0.032467), (0.082601, 0.00911, 0.02269), (0.080707, 0.008608, 0.024563),
            (0.081361, 0.009722, 0.02273), (0.028446, 0.00681, 0.033486), (0.079522, 0.007658, 0.026254),
            (0.027592, 0.005637, 0.033224), (0.029674, 0.001528, 0.031717), (0.027908, 0.002635, 0.032206),
            (0.027537, 0.000121, 0.030975), (0.081803, 0.011163, 0.020066), (0.026642, 0.004104, 0.032765),
            (0.024634, 0.005497, 0.033193), (0.025273, 0.004251, 0.032803), (0.026851, 0.001257, 0.031569),
            (0.025478, 0.002564, 0.032171), (0.025542, 0.000792, 0.031322), (0.024029, 0.003187, 0.032415),
            (0.080964, 0.01241, 0.017019), (0.079941, 0.012984, 0.016393), (0.023469, 0.001222, 0.031542),
            (0.029209, -0.000675, 0.030582), (0.080495, 0.012768, 0.014402), (0.079338, 0.013328, 0.014108),
            (0.02928, -0.002558, 0.029482), (0.078598, 0.01363, 0.016046), (0.027883, -0.002066, 0.029759),
            (0.030254, -0.003709, 0.028774), (0.078705, 0.013449, 0.01226), (0.078646, 0.013674, 0.014383),
            (0.029212, -0.005661, 0.027328), (0.076445, 0.014689, 0.01497), (0.078024, 0.013977, 0.014454),
            (0.028048, -0.003927, 0.028523), (0.027534, -0.0051, 0.027645), (0.077504, 0.014223, 0.01437),
            (0.076543, 0.014659, 0.014201), (0.02607, -0.001435, 0.030088), (0.024817, -0.000206, 0.030797),
            (0.024051, -0.001739, 0.029899), (0.025054, -0.002988, 0.029101), (0.023075, -0.000706, 0.030507),
            (0.064209, -0.018457, 0.013742), (0.062462, -0.017944, 0.015354), (0.026607, -0.003565, 0.028751),
            (0.025734, -0.005391, 0.027377), (0.060937, -0.017486, 0.01553), (0.062852, -0.017973, 0.012862),
            (0.061219, -0.017559, 0.01362), (0.022729, -0.002169, 0.02961), (0.023832, -0.004223, 0.028193),
            (0.059273, -0.017036, 0.014087), (0.060682, -0.017276, 0.012079), (0.059405, -0.016901, 0.011818),
            (0.037209, -0.007544, 0.026565), (0.036692, -0.008797, 0.025488), (0.057959, -0.01664, 0.016084),
            (0.056048, -0.016003, 0.017929), (0.035998, -0.009868, 0.024354), (0.056119, -0.016184, 0.015506),
            (0.034907, -0.008632, 0.025389), (0.057104, -0.016443, 0.014253), (0.036021, -0.01081, 0.023097),
            (0.034864, -0.010517, 0.023293), (0.033884, -0.009665, 0.024256), (0.034107, -0.010679, 0.022783),
            (0.034287, -0.011174, 0.021389), (0.05484, -0.015817, 0.016562), (0.035171, -0.011541, 0.020109),
            (0.033927, -0.007682, 0.02609), (0.032698, -0.007383, 0.026185), (0.057468, -0.016392, 0.011913),
            (0.031764, -0.008851, 0.024821), (0.056546, -0.01622, 0.012685), (0.031014, -0.007322, 0.02612),
            (0.054945, -0.015892, 0.014142), (0.054505, -0.015708, 0.012749), (0.055949, -0.01579, 0.010223),
            (0.053488, -0.015537, 0.014919), (0.03295, -0.0105, 0.022901), (0.032098, -0.009892, 0.023719),
            (0.032625, -0.011016, 0.021173), (0.031767, -0.010406, 0.022823), (0.030775, -0.010061, 0.023264),
            (0.030948, -0.010652, 0.021803), (0.029761, -0.010017, 0.023161), (0.052701, -0.015147, 0.011548),
            (0.054092, -0.01539, 0.010801), (0.052844, -0.014861, 0.009591), (0.033657, -0.011478, 0.018937),
            (0.029503, -0.007349, 0.026017), (0.029503, -0.008804, 0.02466), (0.053706, 0.007989, 0.033409),
            (0.027512, -0.006576, 0.026508), (0.028082, -0.00806, 0.02527), (0.051792, 0.00734, 0.033631),
            (0.051843, 0.008934, 0.03336), (0.026265, -0.007699, 0.025453), (0.05277, 0.010287, 0.032709),
            (0.027885, -0.009291, 0.023946), (0.028725, -0.010049, 0.022892), (0.028728, -0.010422, 0.021782),
            (0.050175, 0.010629, 0.032871), (0.050516, 0.007639, 0.033654), (0.027615, -0.009897, 0.022964),
            (0.026046, -0.009302, 0.023703), (0.026553, -0.010185, 0.021831), (0.026699, -0.009839, 0.022835),
            (0.049722, 0.009565, 0.033321), (0.025002, -0.006945, 0.026082), (0.049379, 0.008126, 0.033644),
            (0.047561, 0.009304, 0.033558), (0.024564, -0.008659, 0.024395), (0.047312, 0.010806, 0.033112),
            (0.047857, 0.008217, 0.033696), (0.048695, 0.007839, 0.03369), (0.023741, -0.006045, 0.026804),
            (0.052647, 0.012176, 0.031521), (0.023598, -0.007775, 0.025265), (0.051824, 0.011352, 0.032241),
            (0.050337, 0.012043, 0.031969), (0.051893, 0.013233, 0.030844), (0.053093, 0.014308, 0.0297),
            (0.051629, 0.014541, 0.029783), (0.025948, -0.00977, 0.022853), (0.049547, 0.01352, 0.031009),
            (0.034307, -0.011691, 0.017748), (0.035556, -0.011992, 0.016034), (0.048419, 0.011942, 0.032359),
            (0.033953, -0.011743, 0.016185), (0.035072, -0.011932, 0.013902), (0.03173, -0.011257, 0.018679),
            (0.0305, -0.010835, 0.020482), (0.046684, 0.008282, 0.033716), (0.046209, 0.00892, 0.033686),
            (0.029249, -0.010833, 0.019539), (0.045478, 0.010195, 0.033449), (0.044959, 0.008358, 0.033746),
            (0.031926, -0.011417, 0.016932), (0.04435, 0.008855, 0.033726), (0.043183, 0.008704, 0.033749),
            (0.032741, -0.011601, 0.015318), (0.029052, -0.010967, 0.018094), (0.030061, -0.01119, 0.017066),
            (0.030699, -0.011327, 0.015639), (0.04509, 0.011703, 0.032844), (0.02807, -0.011028, 0.015912),
            (0.032806, -0.011607, 0.013627), (0.031243, -0.011413, 0.013987), (0.043286, 0.011063, 0.033278),
            (0.033877, -0.011693, 0.012407), (0.043579, 0.009232, 0.033707), (0.032957, -0.011378, 0.010666),
            (0.031292, -0.011296, 0.011438), (0.041782, 0.010982, 0.033364), (0.04216, 0.009242, 0.033722),
            (0.042351, 0.009674, 0.033673), (0.041184, 0.00948, 0.033721), (0.029275, -0.011189, 0.014542),
            (0.041613, 0.008366, 0.033726), (0.029847, -0.011197, 0.01242), (0.028471, -0.011095, 0.013),
            (0.027463, -0.010593, 0.020063), (0.023888, -0.009773, 0.022678), (0.050362, 0.015326, 0.029286),
            (0.049003, 0.014705, 0.030113), (0.024975, -0.009758, 0.0228), (0.025121, -0.010232, 0.021111),
            (0.022606, -0.008781, 0.024173), (0.050502, 0.016815, 0.027793), (0.049007, 0.016049, 0.028853),
            (0.023187, -0.009595, 0.02296), (0.02238, -0.010126, 0.020733), (0.022198, -0.00959, 0.022853),
            (0.023513, -0.010375, 0.019199), (0.047866, 0.016635, 0.028471), (0.051641, 0.017656, 0.026505),
            (0.025647, -0.010568, 0.019025), (0.027003, -0.010802, 0.017736), (0.049793, 0.018207, 0.026265),
            (0.048548, 0.017705, 0.027162), (0.051256, 0.018796, 0.025182), (0.051511, 0.020074, 0.023457),
            (0.050004, 0.019363, 0.024804), (0.025941, -0.010788, 0.016893), (0.026063, -0.010909, 0.01446),
            (0.024974, -0.010805, 0.015381), (0.024135, -0.010646, 0.017097), (0.048607, 0.020146, 0.024144),
            (0.027212, -0.010999, 0.013714), (0.024336, -0.01079, 0.013736), (0.021568, -0.010432, 0.017936),
            (0.02278, -0.010644, 0.015826), (0.022644, -0.010682, 0.014417), (0.020734, -0.01056, 0.016122),
            (0.020736, -0.010614, 0.014382), (0.120435, -0.021134, 0.012482), (0.102714, -0.029622, 0.00918),
            (0.103962, -0.030317, 0.010866), (0.103003, -0.030026, 0.010389), (0.106563, -0.019334, 0.002779),
            (0.107396, -0.020991, 0.003171), (0.105009, -0.020307, 0.002583), (0.116976, -0.027096, 0.019295),
            (0.076969, -0.022651, 0.011207), (0.078447, -0.023307, 0.011757), (0.077466, -0.023105, 0.013487),
            (0.104166, -0.028564, 0.007143), (0.105315, -0.02986, 0.008956), (0.105825, -0.028598, 0.007114),
            (0.078743, -0.02304, 0.009517), (0.105083, -0.022688, 0.003387), (0.103727, -0.022053, 0.002982),
            (0.11813, -0.02653, 0.016832), (0.102383, -0.029786, 0.009872), (0.102184, -0.029858, 0.010403),
            (0.102442, -0.028579, 0.007497), (0.075755, -0.022335, 0.01241), (0.1033, -0.030485, 0.012359),
            (0.101802, -0.030007, 0.011306), (0.101444, -0.029699, 0.010109), (0.10011, -0.029663, 0.011035),
            (0.074704, -0.021783, 0.011046), (0.116996, -0.027956, 0.017103), (0.115458, -0.028712, 0.019215),
            (0.105345, -0.018072, 0.002355), (0.076413, -0.022626, 0.018189), (0.103467, -0.019028, 0.002076),
            (0.101039, -0.030089, 0.012418), (0.099865, -0.029959, 0.013306), (0.098253, -0.029395, 0.0117),
            (0.100179, -0.029427, 0.00987), (0.118737, -0.025636, 0.015797), (0.100869, -0.028907, 0.008334),
            (0.09989, -0.029195, 0.009249), (0.098961, -0.029145, 0.009729), (0.118712, -0.025891, 0.014462),
            (0.076361, -0.022733, 0.015984), (0.077441, -0.023143, 0.016527), (0.11675, -0.028498, 0.01528),
            (0.111842, -0.024997, 0.005296), (0.113935, -0.025563, 0.006211), (0.112072, -0.026445, 0.006121),
            (0.074488, -0.022024, 0.01654), (0.101863, -0.017679, 0.001667), (0.103555, -0.017264, 0.001955),
            (0.117463, -0.027481, 0.014949), (0.101017, -0.019506, 0.001953), (0.117652, -0.027029, 0.014309),
            (0.074971, -0.02222, 0.015166), (0.115648, -0.029355, 0.016777), (0.111982, -0.022777, 0.004693),
            (0.113831, -0.023534, 0.005553), (0.102509, -0.0216, 0.002685), (0.110146, -0.024708, 0.004792),
            (0.114947, -0.03022, 0.015334), (0.117157, -0.027811, 0.014479), (0.101746, -0.023442, 0.003476),
            (0.113025, -0.017979, 0.00557), (0.111609, -0.018215, 0.004719), (0.113041, -0.019187, 0.005382),
            (0.115203, -0.030216, 0.013436), (0.116736, -0.028596, 0.013088), (0.110288, -0.019257, 0.003943),
            (0.111312, -0.020526, 0.004335), (0.115476, -0.02774, 0.020456), (0.100534, -0.022365, 0.003003),
            (0.100059, -0.021288, 0.002534), (0.075459, -0.022345, 0.013812), (0.113667, -0.02815, 0.020761),
            (0.113335, -0.021216, 0.005295), (0.110572, -0.022422, 0.004208), (0.073746, -0.021657, 0.013065),
            (0.072364, -0.021264, 0.015264), (0.113841, -0.02941, 0.019484), (0.112183, -0.029084, 0.020194),
            (0.112325, -0.029972, 0.019311), (0.114663, -0.029875, 0.017778), (0.113397, -0.030284, 0.018273),
            (0.108833, -0.024193, 0.004344), (0.111983, -0.030365, 0.018887), (0.11156, -0.027989, 0.021175),
            (0.10827, -0.022706, 0.003735), (0.111638, -0.029487, 0.01985), (0.109494, -0.021181, 0.003709),
            (0.111121, -0.028804, 0.020523), (0.110658, -0.029546, 0.019839), (0.099667, -0.023018, 0.003357),
            (0.109984, -0.027599, 0.021588), (0.110264, -0.028262, 0.021038), (0.108668, -0.01937, 0.00335),
            (0.1085, -0.027282, 0.021875), (0.09953, -0.023961, 0.003865), (0.098316, -0.023423, 0.003594),
            (0.109064, -0.027848, 0.021406), (0.072034, -0.021057, 0.013366), (0.109088, -0.029342, 0.020049),
            (0.108115, -0.028611, 0.020773), (0.106807, -0.022848, 0.003607), (0.097587, -0.021146, 0.002385),
            (0.105984, -0.024242, 0.004104), (0.072584, -0.021109, 0.011839), (0.096388, -0.02303, 0.003407),
            (0.097386, -0.023254, 0.00352), (0.097253, -0.024317, 0.00424), (0.096269, -0.022195, 0.002907),
            (0.098322, -0.019612, 0.001781), (0.099705, -0.01833, 0.001474), (0.103363, -0.024262, 0.003943),
            (0.070716, -0.020643, 0.014325), (0.112321, -0.030874, 0.01811), (0.113054, -0.031184, 0.016809),
            (0.11339, -0.02711, 0.00687), (0.112103, -0.031407, 0.017078), (0.111725, -0.027697, 0.006928),
            (0.110909, -0.027396, 0.006503), (0.112886, -0.031458, 0.015634), (0.113805, -0.031089, 0.015229),
            (0.110538, -0.026386, 0.005728), (0.1116, -0.031569, 0.016355), (0.110864, -0.028395, 0.007339),
            (0.10976, -0.027848, 0.006666), (0.110095, -0.027368, 0.006345), (0.10905, -0.027227, 0.006106),
            (0.114349, -0.03088, 0.014105), (0.11319, -0.03147, 0.014329), (0.069756, -0.020211, 0.01284),
            (0.107893, -0.025784, 0.004987), (0.102355, -0.014985, 0.001794), (0.102248, -0.016416, 0.001706),
            (0.110127, -0.030394, 0.018866), (0.107986, -0.028342, 0.006869), (0.110576, -0.031175, 0.017701),
            (0.068411, -0.019804, 0.013542), (0.111307, -0.031347, 0.017388), (0.108183, -0.027007, 0.005838),
            (0.106649, -0.027342, 0.00602), (0.110384, -0.031638, 0.015951), (0.108588, -0.03041, 0.018758),
            (0.109925, -0.031118, 0.017842), (0.081622, -0.023241, 0.007345), (0.081938, -0.023677, 0.007797),
            (0.081195, -0.023339, 0.007665), (0.107036, -0.026577, 0.005445), (0.10885, -0.031055, 0.017824),
            (0.108986, -0.031489, 0.016567), (0.080142, -0.023383, 0.008705), (0.107724, -0.030871, 0.017947),
            (0.08119, -0.022454, 0.006399), (0.100898, -0.014903, 0.001347), (0.082747, -0.023021, 0.006422),
            (0.106291, -0.026223, 0.005189), (0.100633, -0.016761, 0.001371), (0.105238, -0.026906, 0.00569),
            (0.105066, -0.026226, 0.005172), (0.104825, -0.025277, 0.00457), (0.114182, -0.031008, 0.013362),
            (0.11104, -0.031653, 0.015358), (0.078659, -0.022287, 0.007508), (0.113364, -0.031212, 0.012563),
            (0.111558, -0.031538, 0.013459), (0.098373, -0.016405, 0.000765), (0.110158, -0.031584, 0.014564),
            (0.079775, -0.022263, 0.006804), (0.080464, -0.021929, 0.006021), (0.079996, -0.022057, 0.006424),
            (0.082367, -0.021598, 0.004842), (0.08093, -0.021115, 0.004879), (0.109338, -0.031549, 0.015298),
            (0.107169, -0.031289, 0.016364), (0.079489, -0.021334, 0.005701), (0.10877, -0.031453, 0.014596),
            (0.108193, -0.031399, 0.014711), (0.099289, -0.015408, 0.000816), (0.079009, -0.021897, 0.006658),
            (0.107219, -0.027993, 0.021333), (0.078293, -0.021412, 0.006357), (0.10691, -0.029393, 0.019972),
            (0.077363, -0.022421, 0.009282), (0.104022, -0.02637, 0.005248), (0.102261, -0.02719, 0.006007),
            (0.105293, -0.028766, 0.020565), (0.102978, -0.026086, 0.005062), (0.075442, -0.021839, 0.009766),
            (0.104103, -0.02761, 0.021472), (0.097674, -0.017977, 0.00111), (0.075859, -0.02163, 0.008501),
            (0.100261, -0.028045, 0.007168), (0.106691, -0.030238, 0.01889), (0.098775, -0.0284, 0.0082),
            (0.099058, -0.028727, 0.008606), (0.098786, -0.028843, 0.008928), (0.097833, -0.028432, 0.008627),
            (0.097745, -0.028164, 0.008218), (0.097669, -0.027796, 0.007648), (0.077077, -0.021506, 0.007198),
            (0.097077, -0.014713, 0.000271), (0.099152, -0.028288, 0.007856), (0.106575, -0.030715, 0.018107),
            (0.100396, -0.026712, 0.005766), (0.0774, -0.021038, 0.006311), (0.099123, -0.026604, 0.005907),
            (0.105314, -0.029905, 0.019272), (0.105614, -0.030545, 0.018291), (0.104414, -0.03037, 0.018412),
            (0.097957, -0.027089, 0.006704), (0.073833, -0.021257, 0.0097), (0.075788, -0.020776, 0.006782),
            (0.074133, -0.020752, 0.007857), (0.103164, -0.025585, 0.004725), (0.096654, -0.016506, 0.000483),
            (0.103898, -0.030725, 0.017268), (0.095579, -0.01831, 0.001126), (0.094541, -0.016585, 0.000455),
            (0.095506, -0.014976, 2.8e-05), (0.106078, -0.031194, 0.015592), (0.100966, -0.025524, 0.004738),
            (0.102055, -0.025235, 0.004515), (0.104523, -0.030981, 0.015299), (0.079599, -0.019818, 0.004045),
            (0.101271, -0.024561, 0.004089), (0.077862, -0.020353, 0.005242), (0.100423, -0.024387, 0.004028),
            (0.103789, -0.029083, 0.020116), (0.102441, -0.027983, 0.020962), (0.099134, -0.025134, 0.004678),
            (0.081427, -0.019879, 0.003628), (0.096224, -0.020277, 0.001938), (0.100563, -0.027745, 0.020999),
            (0.079566, -0.018757, 0.003283), (0.096915, -0.025642, 0.005336), (0.102225, -0.029292, 0.019588),
            (0.100897, -0.028929, 0.019727), (0.103903, -0.030088, 0.018838), (0.077405, -0.019233, 0.004213),
            (0.077338, -0.018028, 0.003289), (0.103057, -0.030132, 0.018501), (0.101875, -0.029895, 0.018439),
            (0.098541, -0.029516, 0.01784), (0.099638, -0.029999, 0.01558), (0.100701, -0.030146, 0.016967),
            (0.102816, -0.030679, 0.015883), (0.076118, -0.02052, 0.006269), (0.098331, -0.029685, 0.015729),
            (0.098039, -0.028944, 0.019128), (0.096876, -0.02903, 0.018256), (0.075781, -0.019563, 0.005162),
            (0.096993, -0.028463, 0.019701), (0.100086, -0.029443, 0.018733), (0.075242, -0.020364, 0.006436),
            (0.101075, -0.029699, 0.018536), (0.101849, -0.030257, 0.017486), (0.074549, -0.019965, 0.006231),
            (0.073868, -0.019866, 0.006446), (0.096823, -0.029303, 0.015526), (0.098268, -0.029633, 0.01395),
            (0.107407, -0.031311, 0.014715), (0.105319, -0.03107, 0.01486), (0.095306, -0.028877, 0.01646),
            (0.075026, -0.017859, 0.003713), (0.099393, -0.028115, 0.02055), (0.073969, -0.019004, 0.005283),
            (0.095303, -0.028517, 0.018901), (0.094588, -0.02784, 0.020262), (0.092885, -0.02778, 0.019719),
            (0.093435, -0.027514, 0.020595), (0.094571, -0.027034, 0.021428), (0.095546, -0.023923, 0.004084),
            (0.095218, -0.022509, 0.003126), (0.094837, -0.023736, 0.004004), (0.09416, -0.023677, 0.004012),
            (0.095977, -0.02825, 0.019864), (0.093141, -0.022504, 0.00327), (0.093754, -0.023271, 0.00376),
            (0.093354, -0.023474, 0.00397), (0.092675, -0.023595, 0.004174), (0.097827, -0.028017, 0.020512),
            (0.099128, -0.02895, 0.019388), (0.093958, -0.028439, 0.017775), (0.094739, -0.020529, 0.002043),
            (0.09969, -0.029283, 0.018917), (0.092481, -0.028019, 0.018283), (0.070907, -0.020525, 0.011979),
            (0.094398, -0.022194, 0.002973), (0.072578, -0.020691, 0.009306), (0.07162, -0.020627, 0.010665),
            (0.094236, -0.02867, 0.014587), (0.095652, -0.028985, 0.014121), (0.093077, -0.021704, 0.002762),
            (0.096021, -0.026213, 0.02227), (0.070847, -0.019897, 0.008695), (0.093018, -0.028344, 0.016334),
            (0.092702, -0.020619, 0.002217), (0.09619, -0.027607, 0.020841), (0.070057, -0.019968, 0.010035),
            (0.091311, -0.023726, 0.004503), (0.091181, -0.023377, 0.004233), (0.090286, -0.02277, 0.003894),
            (0.096679, -0.029158, 0.013043), (0.091453, -0.021942, 0.003124), (0.091848, -0.021331, 0.002691),
            (0.092566, -0.026757, 0.021512), (0.09246, -0.028258, 0.014703), (0.093412, -0.028394, 0.013091),
            (0.072325, -0.020089, 0.007795), (0.094797, -0.028576, 0.011767), (0.091726, -0.028008, 0.013403),
            (0.08876, -0.021753, 0.003394), (0.091902, -0.027891, 0.011926), (0.119273, -0.024934, 0.013268),
            (0.117973, -0.026883, 0.013253), (0.06952, -0.019956, 0.01123), (0.096691, -0.028927, 0.011108),
            (0.119402, -0.024492, 0.011989), (0.118822, -0.025699, 0.011805), (0.119114, -0.025005, 0.011437),
            (0.11955, -0.023883, 0.011703), (0.093809, -0.018857, 0.001333), (0.119938, -0.022973, 0.011264),
            (0.097763, -0.028768, 0.009417), (0.096923, -0.028391, 0.008913), (0.118259, -0.026578, 0.011537),
            (0.118589, -0.025936, 0.011316), (0.1183, -0.025739, 0.009969), (0.092461, -0.0186, 0.001287),
            (0.09164, -0.020131, 0.002066), (0.067393, -0.019324, 0.011866), (0.091209, -0.026435, 0.021654),
            (0.0926, -0.027331, 0.020671), (0.117706, -0.027365, 0.012408), (0.067048, -0.018998, 0.010199),
            (0.117212, -0.028031, 0.0113), (0.091375, -0.027089, 0.020602), (0.116656, -0.028665, 0.011526),
            (0.091017, -0.027572, 0.018906), (0.115421, -0.030002, 0.01253), (0.115832, -0.029569, 0.011848),
            (0.070679, -0.018453, 0.006047), (0.071332, -0.019233, 0.006823), (0.068869, -0.018542, 0.007051),
            (0.092057, -0.017143, 0.000721), (0.089381, -0.025921, 0.02189), (0.069238, -0.018079, 0.006163),
            (0.070371, -0.017588, 0.005044), (0.090303, -0.026786, 0.020732), (0.117673, -0.027464, 0.011692),
            (0.117707, -0.027325, 0.010922), (0.090991, -0.018627, 0.001399), (0.08953, -0.026751, 0.020427),
            (0.089156, -0.026411, 0.020984), (0.073185, -0.019582, 0.006345), (0.089883, -0.019739, 0.002033),
            (0.116444, -0.028759, 0.010689), (0.089324, -0.027142, 0.018803), (0.090888, -0.020871, 0.002535),
            (0.116641, -0.027603, 0.009287), (0.117164, -0.027073, 0.009328), (0.090019, -0.020509, 0.002443),
            (0.120261, -0.022334, 0.012182), (0.119784, -0.02147, 0.010763), (0.072237, -0.018457, 0.005316),
            (0.091553, -0.027948, 0.016675), (0.119681, -0.022363, 0.010357), (0.071843, -0.018917, 0.00611),
            (0.090328, -0.027574, 0.01735), (0.119262, -0.021271, 0.009976), (0.088475, -0.020655, 0.002734),
            (0.119112, -0.024201, 0.010149), (0.119505, -0.022931, 0.01001), (0.088726, -0.027165, 0.016998),
            (0.088907, -0.01956, 0.002058), (0.118885, -0.023554, 0.00908), (0.088046, -0.026111, 0.021139),
            (0.088254, -0.026623, 0.01989), (0.119095, -0.022279, 0.009434), (0.118397, -0.020337, 0.008982),
            (0.118874, -0.02108, 0.009425), (0.069248, -0.019257, 0.008446), (0.089125, -0.017647, 0.001116),
            (0.067929, -0.018884, 0.008621), (0.090302, -0.016456, 0.000537), (0.117709, -0.022397, 0.008104),
            (0.117055, -0.02437, 0.007578), (0.086285, -0.026123, 0.019409), (0.087595, -0.026741, 0.018023),
            (0.088088, -0.018702, 0.001704), (0.087879, -0.019698, 0.002254), (0.118637, -0.024257, 0.009066),
            (0.118124, -0.024834, 0.008712), (0.117565, -0.026166, 0.009007), (0.085268, -0.025139, 0.02142),
            (0.087405, -0.016867, 0.000943), (0.066375, -0.018463, 0.008942), (0.084368, -0.025552, 0.018973),
            (0.091049, -0.027885, 0.015117), (0.089812, -0.027539, 0.015898), (0.093616, -0.025205, 0.005479),
            (0.116143, -0.027242, 0.008507), (0.065598, -0.017878, 0.007951), (0.067055, -0.017845, 0.006809),
            (0.092457, -0.024135, 0.004671), (0.0676, -0.017757, 0.006459), (0.091959, -0.023945, 0.004588),
            (0.091416, -0.02477, 0.005508), (0.09056, -0.024453, 0.005384), (0.066292, -0.017526, 0.006697),
            (0.115524, -0.02656, 0.007441), (0.07859, -0.017039, 0.002342), (0.079121, -0.015657, 0.001462),
            (0.080099, -0.017459, 0.002312), (0.088201, -0.027076, 0.015137), (0.115632, -0.024777, 0.006728),
            (0.090393, -0.023739, 0.004676), (0.080136, -0.016026, 0.001508), (0.081088, -0.016104, 0.001413),
            (0.08997, -0.024583, 0.005715), (0.089445, -0.027419, 0.014019), (0.088485, -0.024212, 0.005712),
            (0.090259, -0.027496, 0.012288), (0.088186, -0.023137, 0.004626), (0.114308, -0.030817, 0.011501),
            (0.078835, -0.014115, 0.00074), (0.080258, -0.014741, 0.000862), (0.115947, -0.028632, 0.009492),
            (0.078097, -0.014604, 0.001078), (0.07767, -0.0149, 0.001291), (0.114895, -0.029668, 0.009895),
            (0.086925, -0.023701, 0.005639), (0.087154, -0.024806, 0.006979), (0.086438, -0.024523, 0.006899),
            (0.076778, -0.016429, 0.002299), (0.085346, -0.023625, 0.006131), (0.085563, -0.024163, 0.006764),
            (0.087825, -0.026872, 0.013226), (0.076804, -0.0144, 0.001142), (0.115259, -0.028521, 0.008769),
            (0.084513, -0.022694, 0.005331), (0.085585, -0.026179, 0.017138), (0.076178, -0.015279, 0.001717),
            (0.112551, -0.029651, 0.009049), (0.113365, -0.030254, 0.010044), (0.114904, -0.02782, 0.007979),
            (0.081214, -0.018277, 0.00257), (0.114202, -0.028633, 0.008339), (0.113708, -0.028259, 0.007895),
            (0.086137, -0.022318, 0.004403), (0.113373, -0.027995, 0.007564), (0.086404, -0.02651, 0.015601),
            (0.08689, -0.021011, 0.0032), (0.117356, -0.021099, 0.007961), (0.117051, -0.019676, 0.007935),
            (0.086414, -0.026457, 0.013535), (0.116212, -0.019504, 0.007318), (0.084046, -0.024576, 0.00821),
            (0.08376, -0.023999, 0.007333), (0.084616, -0.024192, 0.007218), (0.084148, -0.023736, 0.006791),
            (0.083557, -0.023515, 0.006753), (0.084834, -0.025963, 0.014731), (0.083661, -0.025516, 0.017051),
            (0.115924, -0.022588, 0.006716), (0.083024, -0.024082, 0.00791), (0.074717, -0.015635, 0.002152),
            (0.097618, -0.028584, 0.009003), (0.095529, -0.028088, 0.008969), (0.094653, -0.02824, 0.010209),
            (0.073503, -0.017276, 0.003611), (0.096124, -0.02816, 0.008837), (0.114395, -0.019686, 0.00609),
            (0.115185, -0.021185, 0.006368), (0.094574, -0.027863, 0.008963), (0.084193, -0.021569, 0.004256),
            (0.096358, -0.027616, 0.0078), (0.095627, -0.026406, 0.006411), (0.072392, -0.015639, 0.002591),
            (0.094921, -0.027521, 0.008031), (0.09267, -0.027854, 0.010669), (0.093559, -0.027677, 0.009009),
            (0.091111, -0.027402, 0.010491), (0.087219, -0.019412, 0.002187), (0.093265, -0.027327, 0.008293),
            (0.092443, -0.027311, 0.008718), (0.093719, -0.026638, 0.007075), (0.092259, -0.02695, 0.007977),
            (0.09155, -0.027148, 0.008895), (0.078187, -0.011498, -0.00039), (0.080518, -0.013506, 0.000243),
            (0.085612, -0.020448, 0.003076), (0.090082, -0.027014, 0.009993), (0.089608, -0.026353, 0.008286),
            (0.086796, -0.018572, 0.001809), (0.086214, -0.019111, 0.002172), (0.077378, -0.013402, 0.000564),
            (0.08592, -0.017742, 0.001522), (0.086332, -0.018493, 0.001836), (0.076447, -0.012657, 0.000315),
            (0.113762, -0.017903, 0.006054), (0.095145, -0.024998, 0.005036), (0.075096, -0.014198, 0.001289),
            (0.075843, -0.013546, 0.000844), (0.084298, -0.019573, 0.002736), (0.085547, -0.018789, 0.002099),
            (0.08473, -0.018322, 0.001972), (0.091592, -0.026528, 0.007628), (0.091946, -0.025501, 0.006204),
            (0.090714, -0.026104, 0.007366), (0.089662, -0.025725, 0.007241), (0.083228, -0.020289, 0.003497),
            (0.076167, -0.010643, -0.000538), (0.07475, -0.012681, 0.000532), (0.089898, -0.025232, 0.00651),
            (0.112755, -0.03094, 0.011259), (0.075253, -0.013676, 0.00099), (0.111502, -0.031048, 0.01121),
            (0.073958, -0.014037, 0.001326), (0.088953, -0.02702, 0.011793), (0.08261, -0.018769, 0.002586),
            (0.072672, -0.01308, 0.001), (0.073436, -0.013524, 0.001124), (0.072037, -0.013823, 0.001507),
            (0.083961, -0.017964, 0.001913), (0.08709, -0.026481, 0.011887), (0.088156, -0.026549, 0.010403),
            (0.110395, -0.030404, 0.009654), (0.109499, -0.030944, 0.011063), (0.109829, -0.03135, 0.012864),
            (0.107984, -0.031274, 0.013698), (0.106931, -0.031205, 0.014175), (0.107968, -0.031101, 0.012289),
            (0.074294, -0.010977, -0.000222), (0.084662, -0.025811, 0.013105), (0.083443, -0.02546, 0.01478),
            (0.072302, -0.011592, 0.000292), (0.071829, -0.012506, 0.000817), (0.085584, -0.025872, 0.011098),
            (0.107809, -0.0307, 0.010558), (0.086543, -0.025792, 0.009452), (0.106916, -0.031, 0.012403),
            (0.093238, -0.014326, -0.00024), (0.083532, -0.025329, 0.012348), (0.083886, -0.025139, 0.010368),
            (0.110372, -0.029318, 0.008261), (0.112188, -0.028836, 0.007922), (0.087689, -0.025871, 0.008491),
            (0.092284, -0.015467, 0.000113), (0.08617, -0.025102, 0.007853), (0.072012, -0.017197, 0.004033),
            (0.069608, -0.016176, 0.00375), (0.112659, -0.027888, 0.007263), (0.084918, -0.025116, 0.008908),
            (0.068829, -0.017102, 0.00506), (0.082322, -0.024809, 0.011855), (0.108789, -0.029181, 0.007801),
            (0.070728, -0.015027, 0.002545), (0.109141, -0.030069, 0.008974), (0.107214, -0.030262, 0.009544),
            (0.082254, -0.024277, 0.009292), (0.107576, -0.029644, 0.008402), (0.091889, -0.012755, -0.000522),
            (0.106346, -0.030616, 0.010778), (0.091076, -0.014208, -0.00028), (0.068153, -0.017564, 0.005935),
            (0.08873, -0.025465, 0.007261), (0.066672, -0.016857, 0.00562), (0.088513, -0.025101, 0.00684),
            (0.067153, -0.017297, 0.006016), (0.100883, -0.030272, 0.014713), (0.106141, -0.031126, 0.014341),
            (0.105244, -0.031007, 0.014143), (0.089116, -0.014917, -8e-06), (0.106322, -0.030977, 0.012836),
            (0.067407, -0.015571, 0.003845), (0.10536, -0.030959, 0.013537), (0.107556, -0.017836, 0.003083),
            (0.103439, -0.03072, 0.013941), (0.105035, -0.030719, 0.012151), (0.10547, -0.030742, 0.011936),
            (0.105106, -0.030406, 0.010482), (0.065076, -0.01527, 0.004285), (0.104551, -0.0308, 0.013156),
            (0.089512, -0.013036, -0.000609), (0.104226, -0.030545, 0.011844), (0.10227, -0.030545, 0.014296),
            (0.106446, -0.016657, 0.002829), (0.068858, -0.014143, 0.002288), (0.08728, -0.014087, -0.000197),
            (0.071035, -0.012249, 0.00079), (0.070071, -0.012711, 0.001187), (0.070084, -0.012117, 0.000864),
            (0.070548, -0.011472, 0.000457), (0.069693, -0.011718, 0.000709), (0.068257, -0.012715, 0.001478),
            (0.065979, -0.014405, 0.003149), (0.066871, -0.013361, 0.002174), (0.085827, -0.016092, 0.000785),
            (0.085693, -0.01424, 7e-06), (0.066735, -0.011943, 0.001258), (0.068265, -0.011398, 0.000699),
            (0.084197, -0.015037, 0.000534), (0.084467, -0.016652, 0.001217), (0.064899, -0.013162, 0.002419),
            (0.084124, -0.013152, -0.000262), (0.064917, -0.011281, 0.001146), (0.06357, -0.01227, 0.002036),
            (0.066314, -0.019124, 0.013775), (0.082959, -0.016514, 0.001342), (0.081814, -0.017076, 0.001792),
            (0.08149, -0.01679, 0.001696), (0.065378, -0.018655, 0.011793), (0.082538, -0.013685, 0.000124),
            (0.082094, -0.014948, 0.000731), (0.063861, -0.018124, 0.01126), (0.083362, -0.017951, 0.002005),
            (0.082589, -0.017833, 0.002064), (0.064786, -0.018065, 0.009223), (0.085896, -0.01244, -0.00067),
            (0.063585, -0.017616, 0.009017), (0.062276, -0.017648, 0.011425), (0.061908, -0.017334, 0.010008),
            (0.06555, -0.017361, 0.006816), (0.082037, -0.012108, -0.00048), (0.060125, -0.01687, 0.010194),
            (0.058474, -0.016445, 0.010281), (0.060522, -0.016578, 0.00856), (0.084144, -0.024862, 0.021368),
            (0.082939, -0.024678, 0.020733), (0.064115, -0.016793, 0.006647), (0.065253, -0.016879, 0.006267),
            (0.082397, -0.024823, 0.019107), (0.064519, -0.016412, 0.005944), (0.061722, -0.016495, 0.007366),
            (0.062464, -0.016286, 0.006598), (0.063793, -0.01545, 0.004941), (0.063556, -0.01612, 0.005912),
            (0.061696, -0.015749, 0.006146), (0.062073, -0.014344, 0.004201), (0.082153, -0.024917, 0.017381),
            (0.080579, -0.02423, 0.018424), (0.057893, -0.015851, 0.008453), (0.081293, -0.024656, 0.016057),
            (0.05958, -0.015918, 0.007421), (0.060333, -0.015563, 0.006375), (0.060567, -0.014796, 0.00528),
            (0.059023, -0.015139, 0.006321), (0.078872, -0.023555, 0.018363), (0.063549, -0.01387, 0.003324),
            (0.061611, -0.01263, 0.002716), (0.060043, -0.013169, 0.003547), (0.0819, -0.024837, 0.01371),
            (0.080458, -0.02432, 0.015196), (0.058229, -0.014452, 0.005642), (0.057786, -0.013529, 0.004593),
            (0.079686, -0.023944, 0.013357), (0.079251, -0.023831, 0.016832), (0.058445, -0.012196, 0.003043),
            (0.056384, -0.012505, 0.003816), (0.078402, -0.023535, 0.014989), (0.056031, -0.015113, 0.007801),
            (0.057154, -0.014967, 0.006785), (0.054568, -0.015194, 0.009091), (0.054366, -0.014541, 0.007389),
            (0.081465, -0.024294, 0.010607), (0.080168, -0.023969, 0.011604), (0.05238, -0.014439, 0.008452),
            (0.056898, -0.014384, 0.005997), (0.056186, -0.014305, 0.006137), (0.05566, -0.013606, 0.005371),
            (0.055268, -0.014142, 0.006238), (0.054513, -0.013835, 0.006086), (0.055064, -0.01227, 0.003938),
            (0.053837, -0.013009, 0.005177), (0.053599, -0.013663, 0.006156), (0.052546, -0.014055, 0.007309),
            (0.051326, -0.013274, 0.006442), (0.052154, -0.013281, 0.006118), (0.052955, -0.013448, 0.006082),
            (0.051852, -0.012017, 0.004564), (0.051154, -0.01277, 0.005748), (0.049764, -0.012785, 0.006292),
            (0.049725, -0.012384, 0.005711), (0.048214, -0.012332, 0.006094), (0.009158, 0.000763, 0.031535),
            (0.009176, -0.000858, 0.030709), (0.011113, 0.000663, 0.03144), (-0.001935, 0.003822, 0.032977),
            (8e-06, 0.002665, 0.032519), (-0.000687, 0.004758, 0.033208), (0.010565, -0.002601, 0.029502),
            (0.010865, -0.000749, 0.03069), (-0.016468, -0.00307, 0.031177), (-0.018187, -0.003931, 0.030953),
            (-0.016857, -0.004595, 0.030485), (0.022861, 0.010785, 0.033935), (-0.018147, -0.002206, 0.031683),
            (0.007851, -0.001169, 0.03057), (-0.002228, 0.006481, 0.033605), (-0.00049, 0.006671, 0.033644),
            (0.012069, -0.002159, 0.029768), (0.012972, -0.003631, 0.028669), (0.021743, 0.009903, 0.033927),
            (0.021352, 0.008594, 0.033807), (-0.017223, -0.000522, 0.032261), (-0.017909, 0.000792, 0.032665),
            (-0.019992, -0.00027, 0.03245), (0.010595, -0.004381, 0.028165), (0.012347, -0.004744, 0.027815),
            (-0.00396, 0.005502, 0.033424), (-0.001299, 0.001782, 0.032221), (0.020333, 0.010884, 0.033964),
            (-0.019618, -0.002012, 0.031895), (0.009058, -0.003812, 0.028665), (-0.002928, 0.001708, 0.032263),
            (0.008593, -0.002583, 0.029615), (0.021713, 0.011142, 0.033916), (0.021704, 0.013308, 0.033231),
            (-0.003483, 0.003519, 0.032916), (-0.020994, -0.001963, 0.031998), (0.021166, 0.011007, 0.033932),
            (0.020142, 0.012101, 0.033772), (-0.019541, -0.003872, 0.031119), (-0.002239, 0.008933, 0.033855),
            (-0.003974, 0.009772, 0.033773), (-0.003647, 0.008111, 0.033789), (0.021688, -0.006137, 0.026664),
            (0.022201, -0.005021, 0.027551), (-0.021036, -0.003515, 0.031423), (-0.005265, 0.00937, 0.033756),
            (-0.004709, 0.00723, 0.033685), (0.019499, 0.00965, 0.033943), (0.021418, -0.00743, 0.025508),
            (0.019849, 0.007732, 0.033705), (0.019307, 0.011166, 0.033935), (0.019901, -0.005099, 0.027476),
            (-0.022951, -0.001047, 0.03235), (-0.023352, -0.002503, 0.031963), (0.018581, 0.010296, 0.033987),
            (0.01805, 0.011122, 0.033963), (0.018003, 0.012314, 0.033736), (-0.021778, -0.004833, 0.030931),
            (0.018135, 0.008199, 0.033804), (-0.006929, 0.00805, 0.03371), (-0.023302, -0.003837, 0.031512),
            (0.019967, -0.006585, 0.026229), (0.01713, 0.010981, 0.034), (0.017347, 0.010022, 0.033988),
            (-0.007767, -0.004023, 0.029902), (-0.008751, -0.005763, 0.028739), (-0.006789, -0.004947, 0.029154),
            (0.019543, -0.007642, 0.025232), (-0.005889, 0.006296, 0.033565), (-0.007774, -0.006228, 0.028298),
            (-0.00975, -0.004605, 0.029715), (0.015626, 0.010054, 0.034008), (0.01678, 0.008441, 0.033839),
            (-0.007542, 0.00641, 0.033567), (0.020689, -0.008622, 0.024208), (-0.00489, 0.003903, 0.033075),
            (-0.009346, -0.007767, 0.027342), (-0.007215, -0.007691, 0.027051), (-0.005069, 0.002561, 0.032666),
            (0.021419, 0.015069, 0.032058), (-0.010398, -0.006862, 0.028199), (0.020922, -0.009406, 0.023115),
            (0.020299, -0.009969, 0.021357), (0.020239, 0.013448, 0.033162), (-0.006495, 0.003527, 0.033012),
            (0.018999, 0.015006, 0.03215), (-0.011598, -0.005702, 0.0292), (-0.011143, -0.003585, 0.030476),
            (-0.007875, 0.002505, 0.032773), (0.019875, -0.00945, 0.022994), (0.021863, 0.016035, 0.031291),
            (0.018574, -0.008831, 0.023908), (0.018973, -0.009516, 0.022797), (0.020262, 0.016171, 0.031222),
            (0.018648, 0.01649, 0.030988), (0.01796, -0.00986, 0.021489), (-0.0067, 0.004668, 0.033285),
            (-0.008744, -0.008992, 0.026152), (0.01821, 0.013657, 0.033093), (0.018211, -0.006016, 0.02672),
            (0.019053, -0.004037, 0.028272), (0.017201, -0.007565, 0.025273), (0.016865, 0.015462, 0.031838),
            (0.015947, 0.014151, 0.03277), (-0.009452, -0.010679, 0.024649), (-0.007542, -0.009868, 0.025084),
            (0.016436, -0.006379, 0.026408), (0.01755, -0.008599, 0.024199), (0.001595, -0.000166, 0.031311),
            (-0.000863, -0.000742, 0.031152), (0.000635, -0.001913, 0.030501), (0.016944, -0.004712, 0.027795),
            (0.015469, 0.015732, 0.031605), (-0.011005, -0.010163, 0.025474), (0.015223, -0.005689, 0.027041),
            (-0.00086, -0.003654, 0.029506), (-0.000942, -0.002344, 0.030334), (0.000999, -0.004632, 0.028697),
            (-0.011269, -0.008724, 0.026912), (-0.000865, -0.004742, 0.028752), (-0.012436, -0.007677, 0.027899),
            (0.000244, 0.000777, 0.031764), (0.001358, 0.001508, 0.03202), (0.015381, -0.007478, 0.025402),
            (0.01577, 0.012698, 0.033643), (-0.001621, 0.00029, 0.031632), (-0.012693, -0.009937, 0.0261),
            (0.015609, -0.008713, 0.024066), (0.015775, 0.011116, 0.034011), (-0.012737, -0.004972, 0.029836),
            (0.014351, 0.011042, 0.033999), (0.013114, 0.009755, 0.033995), (0.018044, -0.009444, 0.022924),
            (0.014995, 0.008226, 0.033827), (0.016995, -0.009559, 0.022641), (0.015377, -0.00992, 0.02095),
            (0.014181, 0.013762, 0.033038), (-0.00395, 2.8e-05, 0.03162), (0.016187, -0.009442, 0.022895),
            (-0.013407, -0.007069, 0.02848), (0.015179, -0.009462, 0.022902), (0.014093, 0.011949, 0.03386),
            (-0.014805, -0.004436, 0.030344), (-0.013062, -0.003386, 0.030721), (-0.00295, -0.001923, 0.030737),
            (-0.014846, -0.005998, 0.02949), (0.020337, -0.010242, 0.019268), (0.012348, 0.012271, 0.033737),
            (0.013391, 0.011125, 0.03398), (0.018619, -0.01014, 0.019698), (0.017308, -0.010135, 0.019612),
            (-0.015171, -0.007819, 0.028245), (0.011947, 0.011079, 0.033994), (-0.012991, -0.008589, 0.027325),
            (0.019535, -0.010407, 0.017666), (0.012274, 0.013803, 0.032961), (0.013323, 0.015398, 0.031868),
            (0.010465, 0.011178, 0.033996), (-0.002656, -0.004927, 0.028743), (0.017521, -0.010366, 0.01758),
            (0.010426, 0.012851, 0.033493), (-0.003518, -0.003878, 0.0296), (0.010866, 0.010211, 0.034034),
            (0.010567, 0.008402, 0.033906), (0.018465, -0.010497, 0.016148), (-0.014324, -0.008987, 0.027283),
            (-0.00416, 0.00138, 0.032182), (0.009156, 0.009628, 0.034005), (0.009852, 0.010965, 0.03401),
            (-0.005865, 0.00115, 0.032178), (0.008125, 0.0119, 0.033784), (0.008543, 0.01092, 0.033981),
            (0.007872, 0.010428, 0.033996), (-0.014208, -0.010469, 0.025967), (-0.015775, -0.009925, 0.026835),
            (-0.005152, -0.000898, 0.031283), (-0.00733, -0.010764, 0.024127), (0.010767, 0.01483, 0.032232),
            (-0.008727, -0.011669, 0.023275), (0.008754, 0.013563, 0.033048), (0.016077, -0.0103, 0.018167),
            (0.014538, -0.010288, 0.018295), (0.012906, -0.010144, 0.019535), (-0.009739, -0.011934, 0.023171),
            (-0.007572, 0.000569, 0.032054), (-0.008361, -0.012146, 0.021808), (-0.010705, -0.012564, 0.022361),
            (0.01632, -0.010491, 0.016035), (0.007077, 0.010828, 0.033969), (0.007166, 0.009224, 0.033975),
            (-0.010846, -0.012096, 0.023452), (0.0058, 0.010912, 0.033942), (-0.006877, -0.001722, 0.031032),
            (-0.012494, -0.011333, 0.024735), (0.006504, 0.013507, 0.032919), (0.012457, -0.010393, 0.017598),
            (0.013526, -0.010501, 0.016005), (0.00555, 0.012138, 0.033601), (-0.004687, -0.002494, 0.030528),
            (0.013521, -0.005894, 0.026854), (0.014097, -0.004739, 0.027795), (0.01346, -0.007249, 0.025624),
            (-0.005308, -0.003649, 0.029926), (-0.011857, -0.012491, 0.02326), (0.014148, -0.008202, 0.024651),
            (-0.012115, -0.012942, 0.022406), (0.004969, 0.010252, 0.03398), (0.004278, 0.011088, 0.033893),
            (0.003294, 0.010954, 0.033917), (0.003458, 0.00938, 0.033961), (0.00251, 0.010491, 0.033934),
            (0.011042, -0.006151, 0.026654), (0.0033, 0.013107, 0.033), (0.011881, -0.006905, 0.025923),
            (-0.015085, -0.011757, 0.024985), (-0.013631, -0.012255, 0.024125), (0.012245, -0.008163, 0.024667),
            (-0.013166, -0.012853, 0.023181), (0.001412, 0.011781, 0.033561), (0.001749, 0.010259, 0.033936),
            (-0.005386, -0.004657, 0.029236), (0.000992, 0.010324, 0.033902), (-0.000227, 0.010844, 0.033776),
            (0.013427, -0.009289, 0.02323), (-0.014037, -0.013043, 0.023418), (0.000231, 0.009917, 0.033916),
            (-0.000852, 0.009666, 0.033901), (0.014297, -0.009361, 0.02309), (0.013108, -0.009865, 0.021386),
            (0.022731, 0.004827, 0.032995), (0.02288, 0.006736, 0.033481), (0.006613, -0.005799, 0.02719),
            (0.008302, -0.00641, 0.026524), (0.007921, -0.004902, 0.027865), (0.012541, -0.009391, 0.023001),
            (0.00638, -0.003688, 0.028952), (0.005223, -0.005447, 0.027624), (0.022293, 0.003219, 0.032428),
            (0.011712, -0.008944, 0.023771), (0.010504, -0.008364, 0.024496), (0.006645, -0.007145, 0.025958),
            (-0.016341, -0.013206, 0.023986), (0.011365, -0.009399, 0.023068), (0.011624, -0.009709, 0.022226),
            (0.021317, 0.002243, 0.032047), (-0.014794, -0.013447, 0.023154), (-0.014417, -0.013799, 0.02191),
            (0.020884, 0.004436, 0.032875), (-0.015812, -0.013752, 0.023191), (0.009622, -0.005321, 0.027418),
            (0.004315, -0.004055, 0.028834), (0.021309, 0.000188, 0.03105), (0.019732, 0.003171, 0.032427),
            (0.019802, 0.001747, 0.031831), (0.009782, -0.0074, 0.025543), (-0.016614, -0.006739, 0.029266),
            (0.004203, -0.006764, 0.026535), (0.005624, -0.007983, 0.025236), (0.003519, -0.007764, 0.025638),
            (0.021283, -0.001305, 0.030163), (-0.018134, -0.005803, 0.030021), (0.008259, -0.008179, 0.024823),
            (0.007105, -0.008919, 0.024097), (-0.01986, -0.005343, 0.030469), (0.020037, -0.000145, 0.030882),
            (0.010073, -0.009192, 0.023539), (-0.018401, -0.007229, 0.029261), (0.02103, -0.002836, 0.029141),
            (0.002239, -0.005164, 0.028116), (0.002662, -0.006166, 0.027205), (0.010345, -0.009574, 0.022813),
            (0.019297, -0.00208, 0.029698), (0.002435, -0.003627, 0.029305), (0.009353, -0.009575, 0.022904),
            (0.008792, -0.009299, 0.023479), (0.021888, -0.003802, 0.028464), (-0.016688, -0.008674, 0.027928),
            (0.009261, -0.009913, 0.021686), (-0.018144, -0.009586, 0.027576), (0.008144, -0.009598, 0.022946),
            (0.01805, 0.00083, 0.031418), (0.006454, -0.009582, 0.023162), (0.005127, -0.009099, 0.02405),
            (0.018426, -0.000587, 0.030647), (0.007164, -0.009604, 0.02301), (0.006826, -0.010034, 0.021705),
            (-0.019406, -0.008251, 0.02873), (0.005621, -0.009683, 0.023084), (0.017753, -0.003233, 0.028908),
            (-0.016902, -0.010994, 0.026174), (0.01069, -0.010009, 0.020783), (-0.0189, -0.010884, 0.026682),
            (-0.020147, -0.009608, 0.027888), (0.004113, -0.008549, 0.024764), (0.0215, 0.006288, 0.033395),
            (0.011027, -0.010507, 0.017134), (0.019595, 0.005889, 0.03333), (0.010265, -0.010293, 0.019072),
            (0.002664, -0.009125, 0.02431), (0.004457, -0.0098, 0.023003), (0.005074, -0.010201, 0.021597),
            (-0.020685, -0.007005, 0.029779), (0.003302, -0.009812, 0.023195), (0.009409, -0.010583, 0.017093),
            (0.002046, -0.007575, 0.025989), (0.008499, -0.010192, 0.020326), (-0.0221, -0.006398, 0.030292),
            (0.000396, -0.006219, 0.027431), (0.017943, 0.005506, 0.03323), (0.007643, -0.010462, 0.01888),
            (0.000501, -0.007813, 0.025935), (-0.02206, -0.008598, 0.028973), (0.006483, -0.010304, 0.020329),
            (-0.000641, -0.00689, 0.02695), (0.016747, 0.006733, 0.03355), (0.006192, -0.010622, 0.018383),
            (0.008665, 0.005437, 0.033315), (0.007892, 0.007302, 0.033749), (0.00681, 0.0062, 0.033536),
            (0.006859, 0.004526, 0.033049), (0.009141, 0.003981, 0.03284), (0.018526, 0.004124, 0.032789),
            (0.007289, 0.003311, 0.032614), (0.002042, -0.01005, 0.022982), (0.008231, 0.002265, 0.032194),
            (0.000719, -0.00931, 0.024322), (0.005757, 0.001809, 0.032055), (0.001082, -0.010047, 0.023214),
            (0.007339, 0.001028, 0.031695), (-0.023422, -0.007274, 0.030019), (0.018083, 0.002515, 0.032186),
            (0.004995, 0.005571, 0.033381), (0.017182, 0.003449, 0.032567), (0.005195, 0.0034, 0.032671),
            (-0.023093, -0.009558, 0.028559), (-0.001562, -0.007854, 0.026175), (-0.020968, -0.010787, 0.027243),
            (0.01594, 0.003867, 0.032731), (-0.001112, -0.008678, 0.025309), (-0.02224, -0.01147, 0.027049),
            (0.016283, 0.001806, 0.031899), (0.003824, 0.004514, 0.03309), (0.003565, 0.002192, 0.032254),
            (0.009356, 0.007387, 0.033765), (-0.017624, -0.012653, 0.024848), (0.016528, 7.9e-05, 0.031052),
            (0.005998, 0.007256, 0.033744), (0.017122, -0.001903, 0.02984), (0.00261, -0.010407, 0.02151),
            (0.005376, 0.008878, 0.033943), (0.015163, -0.001255, 0.030275), (0.004005, 0.007412, 0.033767),
            (-0.018982, -0.012316, 0.025491), (0.004118, -0.010683, 0.019137), (0.015888, -0.002458, 0.02946),
            (0.015231, -0.003704, 0.028577), (0.003131, -0.010607, 0.020157), (-0.019165, -0.014104, 0.023944),
            (-0.016563, -0.014183, 0.022754), (0.002327, 0.008288, 0.033875), (-0.017428, -0.014234, 0.023194),
            (0.002673, 0.005593, 0.033403), (0.015026, 0.005852, 0.033372), (-0.020888, -0.012012, 0.026269),
            (0.001435, 0.007275, 0.033735), (-8.6e-05, -0.01007, 0.023488), (0.000473, -0.010485, 0.022366),
            (0.001074, 0.005512, 0.033386), (-0.020439, -0.013391, 0.024976), (0.013151, 0.006163, 0.033472),
            (0.013086, 0.008031, 0.033835), (0.00066, 0.008882, 0.033895), (-0.022172, -0.01371, 0.02521),
            (0.000555, -0.010859, 0.02043), (0.001714, -0.010931, 0.019108), (0.012783, 0.00467, 0.033051),
            (0.011894, 0.007451, 0.033766), (-0.000373, -0.010356, 0.023033), (-0.023888, -0.010565, 0.028074),
            (-0.023104, -0.012524, 0.026449), (0.001715, 0.003904, 0.0329), (0.002426, 0.002586, 0.032424),
            (-0.000668, -0.010803, 0.021736), (0.014398, 0.00401, 0.032798), (-0.001335, -0.010506, 0.023049),
            (0.014441, 0.002351, 0.032168), (0.014321, 0.001047, 0.031574), (-0.021332, -0.014865, 0.023903),
            (0.012952, 0.003078, 0.032475), (-0.002073, -0.006257, 0.027637), (-0.024079, -0.014524, 0.025084),
            (-0.023138, -0.015255, 0.024142), (0.012433, 0.001265, 0.031718), (0.006331, -0.000239, 0.031131),
            (0.005106, -0.001225, 0.030658), (0.004389, 0.000457, 0.031506), (-0.025531, -0.002878, 0.031953),
            (-0.024174, -0.005313, 0.031026), (0.011002, 0.006009, 0.03346), (-0.004086, -0.005624, 0.028356),
            (0.006663, -0.002288, 0.029934), (0.010592, 0.004773, 0.033103), (-0.003225, -0.007436, 0.026712),
            (0.011092, 0.002685, 0.032349), (-0.025519, -0.006829, 0.030543), (-0.004756, -0.007186, 0.027147),
            (0.004101, -0.002603, 0.02986), (0.009991, 0.002198, 0.032161), (-0.026991, -0.005086, 0.031381),
            (-0.027181, -0.006671, 0.030836), (-0.025164, -0.008472, 0.029675), (-0.001654, -0.009627, 0.02436),
            (0.003032, 0.000117, 0.0314), (-0.003463, -0.009652, 0.024617), (0.002536, -0.001642, 0.030551),
            (-0.00224, -0.010379, 0.023519), (-0.004279, -0.008649, 0.025714), (0.015166, 0.000206, 0.031136),
            (0.013651, -0.001153, 0.030388), (0.014049, -0.00267, 0.029347), (-0.026963, -0.008945, 0.029743),
            (0.012553, -0.000385, 0.030854), (-0.02554, -0.010565, 0.028486), (-0.005716, -0.006242, 0.028063),
            (-0.001614, 0.010606, 0.033759), (-0.02864, -0.007617, 0.030665), (-0.030479, -0.006734, 0.031192),
            (-0.030141, -0.008617, 0.030475), (-0.002294, 0.009913, 0.033835), (-0.027618, -0.010895, 0.028768),
            (-0.026616, -0.011879, 0.027882), (-0.02903, -0.010023, 0.02958), (-0.006171, -0.008765, 0.025916),
            (-0.030723, -0.009966, 0.02996), (-0.030663, -0.011262, 0.029261), (-0.00552, -0.010301, 0.024237),
            (-0.024962, -0.012175, 0.027213), (-0.025311, -0.013411, 0.026396), (-0.002549, -0.011049, 0.021893),
            (-0.00324, -0.010759, 0.023093), (-0.027833, -0.012841, 0.027564), (-0.025446, -0.015019, 0.025107),
            (-0.026773, -0.015256, 0.02535), (-0.004249, -0.010817, 0.023282), (-0.027766, -0.014052, 0.026676),
            (-0.003604, -0.011393, 0.021388), (-0.005127, -0.011196, 0.022769), (-0.005678, -0.011783, 0.021191),
            (-0.029226, -0.012378, 0.028248), (-0.005034, -0.010944, 0.023244), (-0.006058, -0.0112, 0.02312),
            (-0.006622, -0.011186, 0.023364), (-0.030783, -0.012944, 0.028297), (-0.007174, -0.011595, 0.022792),
            (-0.029352, -0.015068, 0.026431), (-0.030556, -0.014711, 0.027118), (-0.028036, -0.015537, 0.025587),
            (-0.030962, -0.016141, 0.026196), (-0.029269, -0.016489, 0.025247), (-0.030879, -0.017197, 0.025304),
            (-0.008984, 0.005699, 0.03349), (-0.032407, -0.009519, 0.030465), (-0.031765, -0.007852, 0.030993),
            (-0.009942, 0.003462, 0.033088), (-0.032219, -0.010809, 0.029875), (-0.033025, -0.00825, 0.030983),
            (-0.033633, -0.011157, 0.029978), (-0.033995, -0.009696, 0.030612), (-0.035042, -0.011349, 0.03013),
            (-0.010798, 0.005188, 0.033415), (-0.032028, -0.012595, 0.028859), (-0.012524, 0.004452, 0.033307),
            (-0.012285, 0.006137, 0.033525), (-0.031858, -0.014697, 0.027539), (-0.011844, 0.002771, 0.032972),
            (-0.033214, -0.012558, 0.029193), (-0.01416, 0.00355, 0.033173), (-0.034341, -0.013138, 0.029158),
            (-0.033405, -0.014422, 0.028167), (-0.008389, -0.001098, 0.031419), (-0.009522, 0.000767, 0.032239),
            (-0.032572, -0.016457, 0.026543), (-0.032572, -0.01761, 0.025661), (-0.034061, -0.016102, 0.027294),
            (-0.010097, 0.001797, 0.03263), (-0.011124, 0.00031, 0.032194), (-0.033954, -0.018197, 0.025746),
            (-0.009851, -0.001608, 0.031308), (-0.035723, -0.012938, 0.029556), (-0.011937, -0.001574, 0.031487),
            (-0.008559, -0.002847, 0.03065), (-0.035466, -0.015192, 0.028295), (-0.036882, -0.014033, 0.029259),
            (-0.037189, -0.012598, 0.029954), (-0.038327, -0.014213, 0.029472), (-0.037543, -0.015407, 0.028712),
            (-0.035631, -0.017993, 0.026541), (-0.012641, 0.000945, 0.032504), (-0.037264, -0.016966, 0.027771),
            (-0.039243, -0.012543, 0.030247), (-0.01447, 0.001342, 0.032703), (-0.039681, -0.015053, 0.029356),
            (-0.041377, -0.013237, 0.030216), (-0.041397, -0.015481, 0.02945), (-0.013919, -0.001576, 0.031627),
            (-0.014608, -0.000359, 0.032152), (-0.038854, -0.01674, 0.028369), (-0.040413, -0.016433, 0.028866),
            (-0.039879, -0.01813, 0.027897), (-0.041352, -0.017392, 0.028646), (-0.014388, -0.002984, 0.03103),
            (-0.042509, -0.016567, 0.029233), (-0.042037, -0.018712, 0.028184), (-0.042436, -0.014431, 0.029942),
            (-0.043889, -0.01546, 0.029757), (-0.043614, -0.017703, 0.028969), (-0.015612, 0.002124, 0.032922),
            (-0.016039, 0.000475, 0.03251), (-0.045652, -0.017546, 0.029248), (-0.045017, -0.018948, 0.028663),
            (-0.017738, 0.002613, 0.033036), (-0.016455, -0.001739, 0.031742), (-0.048847, -0.02512, 0.025961),
            (-0.050486, -0.025046, 0.026375), (-0.050281, -0.026462, 0.025469), (-0.066072, -0.051726, 0.01511),
            (-0.064927, -0.05007, 0.016586), (-0.065296, -0.0518, 0.016683), (-0.065307, -0.041503, 0.0231),
            (-0.063356, -0.04123, 0.022282), (-0.063625, -0.039408, 0.022877), (-0.05251, -0.025218, 0.026532),
            (-0.066995, -0.051753, 0.014487), (-0.065738, -0.049648, 0.014516), (-0.051894, -0.027662, 0.025016),
            (-0.049868, -0.027939, 0.024343), (-0.0521, -0.029292, 0.023981), (-0.066051, -0.052438, 0.017959),
            (-0.066524, -0.052434, 0.01726), (-0.063084, -0.04254, 0.021825), (-0.06441, -0.043316, 0.022281),
            (-0.063176, -0.044265, 0.021426), (-0.068309, -0.052572, 0.018364), (-0.054162, -0.02646, 0.025987),
            (-0.034726, -0.019519, 0.024993), (-0.036235, -0.019429, 0.025676), (-0.066658, -0.0523, 0.016389),
            (-0.053558, -0.027991, 0.025067), (-0.050038, -0.029607, 0.023119), (-0.068455, -0.05241, 0.01661),
            (-0.038496, -0.018934, 0.026936), (-0.038462, -0.01996, 0.026164), (-0.061794, -0.041249, 0.021587),
            (-0.06187, -0.039522, 0.022118), (-0.037405, -0.020737, 0.025125), (-0.070073, -0.05208, 0.016814),
            (-0.067321, -0.052183, 0.015701), (-0.061442, -0.042628, 0.02075), (-0.062005, -0.043313, 0.020971),
            (-0.06182, -0.043713, 0.02046), (-0.061865, -0.044111, 0.019307), (-0.062274, -0.044761, 0.02031),
            (-0.041097, -0.01967, 0.027366), (-0.058028, -0.035703, 0.021933), (-0.056278, -0.035342, 0.021302),
            (-0.056973, -0.033452, 0.022696), (-0.058822, -0.034624, 0.022638), (-0.03925, -0.021507, 0.025299),
            (-0.05683, -0.035966, 0.021044), (-0.068561, -0.05195, 0.01496), (-0.057261, -0.036398, 0.020955),
            (-0.040646, -0.021034, 0.026289), (-0.063365, -0.046191, 0.020952), (-0.062721, -0.045635, 0.020363),
            (-0.063045, -0.046965, 0.020051), (-0.062734, -0.046026, 0.01895), (-0.060224, -0.033866, 0.023248),
            (-0.060464, -0.035672, 0.022758), (-0.061804, -0.033917, 0.0236), (-0.062109, -0.036123, 0.023152),
            (-0.042076, -0.021455, 0.026612), (-0.057897, -0.03679, 0.02112), (-0.058509, -0.037377, 0.021197),
            (-0.059428, -0.036524, 0.022119), (-0.038522, -0.022543, 0.024113), (-0.064643, -0.045713, 0.021865),
            (-0.039918, -0.022941, 0.024388), (-0.067878, -0.047547, 0.022985), (-0.07002, -0.047382, 0.022786),
            (-0.069372, -0.048904, 0.023126), (-0.057571, -0.036807, 0.020609), (-0.058342, -0.03771, 0.020566),
            (-0.058831, -0.038159, 0.020874), (-0.058409, -0.037916, 0.019538), (-0.060342, -0.037563, 0.022136),
            (-0.069126, -0.045727, 0.023136), (-0.05928, -0.038574, 0.021041), (-0.041655, -0.022723, 0.025331),
            (-0.06568, -0.044145, 0.022704), (-0.060457, -0.03925, 0.021588), (-0.059451, -0.039228, 0.020743),
            (-0.041331, -0.024136, 0.024004), (-0.042163, -0.024344, 0.024178), (-0.043192, -0.023788, 0.025138),
            (-0.063482, -0.047618, 0.020414), (-0.043057, -0.019851, 0.027825), (-0.062263, -0.037933, 0.022733),
            (-0.065373, -0.047611, 0.0218), (-0.069212, -0.039782, 0.022019), (-0.069801, -0.041585, 0.022098),
            (-0.068373, -0.041045, 0.022822), (-0.044411, -0.020646, 0.027719), (-0.043689, -0.022842, 0.026112),
            (-0.059916, -0.039931, 0.020781), (-0.060073, -0.040434, 0.019213), (-0.059819, -0.03951, 0.018231),
            (-0.070505, -0.042966, 0.021961), (-0.068398, -0.042843, 0.023131), (-0.06236, -0.044433, 0.018144),
            (-0.060447, -0.04057, 0.020924), (-0.060156, -0.04056, 0.020484), (-0.060965, -0.041645, 0.020771),
            (-0.044831, -0.022372, 0.026756), (-0.060909, -0.042208, 0.019495), (-0.046483, -0.020458, 0.028199),
            (-0.063617, -0.04627, 0.016796), (-0.061434, -0.042065, 0.021009), (-0.063184, -0.044986, 0.016704),
            (-0.065905, -0.039357, 0.02351), (-0.066936, -0.040079, 0.023344), (-0.067585, -0.044636, 0.023332),
            (-0.043879, -0.025087, 0.024368), (-0.066787, -0.041664, 0.023426), (-0.061767, -0.042802, 0.017727),
            (-0.066722, -0.043312, 0.023289), (-0.046145, -0.023209, 0.026531), (-0.063098, -0.034057, 0.023766),
            (-0.07085, -0.044975, 0.022089), (-0.04604, -0.024762, 0.025425), (-0.064124, -0.035259, 0.023627),
            (-0.064036, -0.036806, 0.023562), (-0.045625, -0.025955, 0.024385), (-0.071349, -0.046411, 0.021886),
            (-0.044216, -0.026186, 0.023541), (-0.071837, -0.047629, 0.021612), (-0.047728, -0.018135, 0.029146),
            (-0.065698, -0.035627, 0.023008), (-0.047272, -0.022076, 0.027498), (-0.072311, -0.045496, 0.021218),
            (-0.072831, -0.047292, 0.020837), (-0.048122, -0.020648, 0.028277), (-0.065252, -0.037919, 0.023553),
            (-0.072011, -0.043935, 0.021193), (-0.049596, -0.021901, 0.02786), (-0.049344, -0.019604, 0.028688),
            (-0.047604, -0.023797, 0.026534), (-0.071892, -0.042984, 0.021013), (-0.067897, -0.037951, 0.02231),
            (-0.07284, -0.044756, 0.020686), (-0.066853, -0.03661, 0.022587), (-0.04781, -0.025833, 0.025196),
            (-0.049504, -0.023783, 0.026926), (-0.063749, -0.047989, 0.020589), (-0.066714, -0.046303, 0.02272),
            (-0.073295, -0.046385, 0.020462), (-0.073157, -0.045531, 0.020525), (-0.051003, -0.022058, 0.02783),
            (-0.051388, -0.024085, 0.026988), (-0.073816, -0.04581, 0.019534), (-0.052563, -0.021865, 0.02791),
            (-0.068225, -0.051776, 0.021981), (-0.069265, -0.050768, 0.022915), (-0.06958, -0.051526, 0.02181),
            (-0.04768, -0.027007, 0.024306), (-0.064093, -0.048773, 0.020615), (-0.063661, -0.048765, 0.019397),
            (-0.067812, -0.049978, 0.022712), (-0.045547, -0.027262, 0.023215), (-0.064516, -0.049814, 0.020508),
            (-0.066032, -0.049211, 0.021805), (-0.070692, -0.049672, 0.022974), (-0.064911, -0.051075, 0.02057),
            (-0.064518, -0.050415, 0.019966), (-0.064183, -0.050038, 0.018658), (-0.047827, -0.028442, 0.023265),
            (-0.064917, -0.051614, 0.020356), (-0.064442, -0.051457, 0.018738), (-0.06536, -0.052271, 0.020117),
            (-0.048836, -0.029206, 0.023019), (-0.070422, -0.051097, 0.022015), (-0.070086, -0.051704, 0.020947),
            (-0.07099, -0.051059, 0.02154), (-0.065477, -0.052364, 0.018773), (-0.065352, -0.052351, 0.019365),
            (-0.065765, -0.051994, 0.021101), (-0.066125, -0.050687, 0.021831), (-0.071032, -0.04836, 0.022394),
            (-0.066855, -0.052157, 0.02143), (-0.07183, -0.048477, 0.022051), (-0.072483, -0.049742, 0.021874),
            (-0.071793, -0.050424, 0.021698), (-0.069458, -0.052167, 0.019854), (-0.071591, -0.051387, 0.019677),
            (-0.072857, -0.048773, 0.02162), (-0.0733, -0.048201, 0.021002), (-0.073207, -0.049829, 0.020828),
            (-0.066392, -0.052372, 0.020838), (-0.067563, -0.052225, 0.02107), (-0.066742, -0.052618, 0.019663),
            (-0.071489, -0.051436, 0.018128), (-0.073776, -0.049926, 0.018924), (-0.063737, -0.047956, 0.017987),
            (-0.072164, -0.050784, 0.015817), (-0.070657, -0.051265, 0.014832), (-0.072924, -0.05052, 0.017573),
            (-0.0737, -0.048845, 0.02084), (-0.064559, -0.0481, 0.016024), (-0.074072, -0.049114, 0.020242),
            (-0.07366, -0.047175, 0.020204), (-0.074533, -0.0485, 0.020049), (-0.074509, -0.047378, 0.019509),
            (-0.074782, -0.048807, 0.019514), (-0.075097, -0.048731, 0.018964), (-0.075216, -0.048863, 0.018194),
            (-0.074146, -0.049701, 0.016621), (0.043998, 0.023989, 0.016073), (0.044353, 0.023879, 0.015135),
            (0.044492, 0.023828, 0.014526), (0.022107, -0.009679, 0.007461), (0.021784, -0.008996, 0.006214),
            (0.02296, -0.009061, 0.00625), (0.022637, -0.008616, 0.005541), (0.021626, -0.008435, 0.005331),
            (0.020656, -0.008385, 0.005252), (0.042307, 0.024202, 0.014541), (0.020648, -0.009574, 0.007252),
            (0.020629, -0.009067, 0.006351), (0.041578, 0.024383, 0.015797), (0.073839, -0.003725, -0.001638),
            (0.073887, -0.001949, -0.001381), (0.075461, -0.002966, -0.001341), (0.022579, -0.007667, 0.004264),
            (0.020889, -0.007552, 0.004132), (0.043127, 0.02398, 0.013445), (0.075024, -0.005261, -0.001696),
            (0.04435, 0.02379, 0.013704), (0.072358, -0.005435, -0.001908), (0.019365, -0.009642, 0.007345),
            (0.019346, -0.008998, 0.00623), (0.087516, 0.005418, 0.004381), (0.018032, -0.009054, 0.006336),
            (0.086837, 0.006714, 0.005068), (0.071654, -0.002931, -0.0018), (0.01946, -0.007788, 0.004423),
            (0.018142, -0.008434, 0.005346), (0.042247, 0.023973, 0.0125), (0.043995, 0.023603, 0.012213),
            (0.070988, -0.004604, -0.002006), (0.087822, 0.003975, 0.003752), (0.041943, 0.024177, 0.013617),
            (0.022293, -0.00648, 0.00298), (0.073053, -0.00033, -0.001181), (0.071192, -0.001188, -0.001592),
            (0.04509, 0.023069, 0.010807), (0.045587, 0.023429, 0.012743), (0.017952, -0.007642, 0.004246),
            (0.082349, 0.010977, 0.009192), (0.073882, -0.006783, -0.001671), (0.075286, -0.007184, -0.001625),
            (0.04221, 0.023631, 0.010896), (0.083591, 0.010015, 0.007939), (0.072049, -0.007685, -0.001339),
            (0.023815, -0.006749, 0.003201), (0.023819, -0.004951, 0.001448), (0.025524, -0.005867, 0.002231),
            (0.022377, -0.005643, 0.002139), (0.080685, 0.012155, 0.010586), (0.069936, -0.006899, -0.001499),
            (0.041991, 0.023101, 0.021658), (0.042244, 0.023707, 0.020309), (0.039902, 0.024087, 0.020138),
            (0.039848, 0.023352, 0.021774), (0.080129, 0.012061, 0.00909), (0.081236, 0.011318, 0.008377),
            (0.041723, 0.024099, 0.019098), (0.081758, 0.010567, 0.007058), (0.070484, -0.00893, -0.000732),
            (0.071402, -0.009923, -0.000398), (0.069647, -0.010828, 0.000243), (0.069174, -0.00873, -0.000714),
            (0.038525, 0.024025, 0.020786), (0.038056, 0.023131, 0.022498), (0.068512, -0.010143, 2.1e-05),
            (0.036656, 0.02397, 0.021437), (0.038535, 0.024556, 0.018832), (0.036834, 0.024573, 0.019755),
            (0.078928, 0.01217, 0.007568), (0.079749, 0.011388, 0.006678), (0.023492, -0.003474, 0.000276),
            (0.025786, -0.004399, 0.000935), (0.067619, -0.008869, -0.000489), (0.086123, 0.008475, 0.007136),
            (0.035105, 0.024486, 0.020623), (0.02128, -0.004652, 0.001249), (0.067577, -0.006883, -0.001371),
            (0.066333, -0.009937, 0.000186), (0.067663, -0.010656, 0.000385), (0.066776, -0.010562, 0.000461),
            (0.065729, -0.010662, 0.000666), (0.064127, -0.009819, 0.000423), (0.063164, -0.010582, 0.000991),
            (0.034579, 0.024963, 0.018709), (0.085019, 0.008156, 0.005582), (0.085648, 0.006777, 0.004557),
            (0.044106, 0.023342, 0.020472), (0.043761, 0.02377, 0.019187), (0.084938, 0.009129, 0.007294),
            (0.019983, -0.006298, 0.00278), (0.065723, -0.00833, -0.000558), (0.065221, -0.009505, 9.9e-05),
            (0.064774, -0.009827, 0.000335), (0.064291, -0.009318, 0.000129), (0.06431, -0.008028, -0.000527),
            (0.040737, 0.024389, 0.017987), (0.063537, -0.009289, 0.000211), (0.018039, -0.006582, 0.003039),
            (0.043017, 0.024086, 0.017738), (0.08289, 0.009544, 0.006067), (0.069007, -0.002191, -0.001996),
            (0.018624, -0.005662, 0.002113), (0.083675, 0.008028, 0.004688), (0.069011, -0.003949, -0.002126),
            (0.06933, -0.005378, -0.001924), (0.01938, -0.004348, 0.00095), (0.08631, 0.003288, 0.002883),
            (0.085897, 0.004493, 0.00326), (0.039448, 0.024632, 0.016899), (0.067074, -0.003173, -0.002284),
            (0.066397, -0.001376, -0.002148), (0.018, -0.004499, 0.001049), (0.067457, -0.005117, -0.001957),
            (0.084818, 0.006114, 0.003808), (0.016849, -0.005178, 0.001627), (0.037531, 0.024835, 0.017422),
            (0.046751, 0.021766, 0.007435), (0.049089, 0.021343, 0.007523), (0.048783, 0.02087, 0.006264),
            (0.035672, 0.025012, 0.01739), (0.083569, 0.005864, 0.003249), (0.084666, 0.004392, 0.002843),
            (0.08346, 0.00417, 0.0024), (0.082488, 0.004143, 0.002136), (0.047333, 0.02054, 0.005014),
            (0.04096, 0.024368, 0.01397), (0.045382, 0.021267, 0.005772), (0.066023, -0.004884, -0.002019),
            (0.039263, 0.024676, 0.01508), (0.065025, -0.002897, -0.0024), (0.063927, -0.004545, -0.001968),
            (0.065341, -0.006248, -0.001446), (0.045495, 0.020161, 0.004028), (0.047357, 0.019246, 0.003433),
            (0.081195, 0.009896, 0.005358), (0.082286, 0.006215, 0.003061), (0.045086, 0.022395, 0.008241),
            (0.063042, -0.006112, -0.001271), (0.040289, 0.024451, 0.013715), (0.039941, 0.02433, 0.012464),
            (0.039682, 0.024509, 0.013428), (0.081942, 0.008169, 0.004158), (0.043614, 0.021778, 0.00628),
            (0.043843, 0.022816, 0.008848), (0.079174, 0.01105, 0.005598), (0.080165, 0.009603, 0.004525),
            (0.043291, 0.02095, 0.004671), (0.062021, -0.004771, -0.001729), (0.038729, 0.024672, 0.013783),
            (0.037655, 0.024883, 0.015067), (0.073862, 0.006893, 0.001142), (0.075266, 0.006097, 0.001148),
            (0.074043, 0.005303, 0.000578), (0.038168, 0.024622, 0.01284), (0.079227, 0.008243, 0.003256),
            (0.078591, 0.009949, 0.00418), (0.072403, 0.006566, 0.000661), (0.073184, 0.004509, 0.000156),
            (0.03764, 0.024777, 0.01358), (0.045214, 0.018872, 0.0029), (0.046544, 0.018084, 0.002544),
            (0.080495, 0.007503, 0.003234), (0.071471, 0.005193, 2e-05), (0.047507, 0.017377, 0.002208),
            (0.046922, 0.017296, 0.002087), (0.045879, 0.017629, 0.002171), (0.04734, 0.015895, 0.001425),
            (0.046206, 0.016937, 0.001801), (0.070186, 0.006707, 0.000281), (0.081821, 0.004775, 0.002257),
            (0.079731, 0.006553, 0.00251), (0.080955, 0.005403, 0.002307), (0.081102, 0.004342, 0.001893),
            (0.071111, 0.003822, -0.000437), (0.073719, 0.002809, -0.000224), (0.036535, 0.025043, 0.016059),
            (0.071581, 0.002212, -0.000792), (0.042108, 0.022859, 0.008258), (0.041211, 0.022341, 0.006708),
            (0.079868, 0.004367, 0.001584), (0.079984, 0.0054, 0.002029), (0.071729, 0.000608, -0.001167),
            (0.070358, 0.001057, -0.001257), (0.078795, 0.00575, 0.001875), (0.034503, 0.025259, 0.015594),
            (0.033679, 0.02528, 0.016679), (0.069243, 0.00525, -0.00032), (0.068802, 0.004015, -0.000735),
            (0.035703, 0.02508, 0.014649), (0.0695, 0.002699, -0.000964), (0.08824, 0.002465, 0.003148),
            (0.088058, 0.001418, 0.002637), (0.067178, 0.003701, -0.001029), (0.04353, 0.01965, 0.003274),
            (0.087163, 0.003026, 0.003051), (0.087525, 0.001505, 0.002512), (0.068088, 0.0064, -0.000148),
            (0.067122, 0.005096, -0.000656), (0.044722, 0.01783, 0.002165), (0.08657, 0.001818, 0.002364),
            (0.086322, 0.000472, 0.001784), (0.067303, 0.008414, 0.000437), (0.068503, 0.00795, 0.000463),
            (0.065674, 0.00591, -0.00065), (0.04497, 0.017061, 0.00174), (0.086152, -0.001345, 0.001115),
            (0.042932, 0.018345, 0.002317), (0.068017, 0.001621, -0.001421), (0.086481, -0.003097, 0.000609),
            (0.036643, 0.022086, 0.024158), (0.035091, 0.021545, 0.025058), (0.036922, 0.021109, 0.02532),
            (0.044228, 0.017587, 0.001972), (0.043735, 0.0169, 0.001532), (0.044706, 0.015619, 0.000983),
            (0.068306, -0.000434, -0.001814), (0.034179, 0.022862, 0.023484), (0.042958, 0.01755, 0.001821),
            (0.085684, 0.002419, 0.002335), (0.033251, 0.021488, 0.025345), (0.085539, 0.001693, 0.002005),
            (0.032744, 0.022609, 0.023995), (0.08564, 0.003549, 0.002787), (0.040582, 0.021678, 0.005287),
            (0.084781, 0.003343, 0.00245), (0.035577, 0.023276, 0.022715), (0.066447, 0.000658, -0.001802),
            (0.083904, 0.001527, 0.001506), (0.042003, 0.019852, 0.003285), (0.040948, 0.020724, 0.003959),
            (0.084055, 0.003957, 0.002477), (0.065871, 0.002341, -0.001526), (0.083682, 0.002913, 0.001964),
            (0.06556, 0.008454, 0.000189), (0.064217, 0.007062, -0.000463), (0.084773, -4e-06, 0.00119),
            (0.065332, 0.003929, -0.001213), (0.031247, 0.021662, 0.025363), (0.082294, 0.002523, 0.001469),
            (0.039015, 0.022078, 0.005638), (0.063996, 0.00518, -0.001048), (0.027619, 0.021692, 0.025645),
            (0.029433, 0.02099, 0.026312), (0.029853, 0.02202, 0.025049), (0.063661, 0.003278, -0.001568),
            (0.03081, 0.022827, 0.023974), (0.039551, 0.02109, 0.004195), (0.064791, 0.000918, -0.001913),
            (0.031625, 0.023691, 0.022683), (0.08518, -0.00268, 0.000442), (0.084034, -0.001473, 0.000543),
            (0.083721, -0.002817, 6.8e-05), (0.028519, 0.022956, 0.024057), (0.029738, 0.023662, 0.022973),
            (0.082719, 0.000397, 0.000826), (0.063279, 0.001522, -0.001963), (0.041478, 0.018446, 0.002253),
            (0.040568, 0.019007, 0.002528), (0.08229, -0.001244, 0.000225), (0.042122, 0.017905, 0.001977),
            (0.037232, 0.019569, 0.027083), (0.042356, 0.017061, 0.001475), (0.034697, 0.020305, 0.026581),
            (0.041546, 0.017626, 0.001738), (0.040798, 0.017808, 0.001797), (0.064219, -0.000933, -0.002279),
            (0.062489, -0.000462, -0.002365), (0.041385, 0.016304, 0.00097), (0.080856, 0.000864, 0.000585),
            (0.04063, 0.018453, 0.002181), (0.032931, 0.019463, 0.027687), (0.039142, 0.020097, 0.003213),
            (0.03832, 0.020194, 0.026217), (0.062566, 0.006097, -0.000966), (0.061862, 0.007517, -0.000591),
            (0.080268, -0.001157, -0.000154), (0.040379, 0.017238, 0.001408), (0.039897, 0.017628, 0.001596),
            (0.081782, -0.002663, -0.000288), (0.039979, 0.018679, 0.002243), (0.061966, 0.004493, -0.001462),
            (0.039176, 0.018437, 0.002011), (0.038838, 0.017965, 0.001698), (0.032747, 0.020516, 0.026544),
            (0.080347, -0.002809, -0.000597), (0.078505, -0.001489, -0.000579), (0.045888, 0.015897, 0.001242),
            (0.046927, 0.014265, 0.000627), (0.080649, 0.00267, 0.001153), (0.04503, 0.013338, 5.3e-05),
            (0.045773, 0.012238, -0.000269), (0.079131, 0.002976, 0.000936), (0.062571, -0.002892, -0.002389),
            (0.047302, 0.011789, -0.000249), (0.03131, 0.020199, 0.027023), (0.079144, 0.000655, 0.000177),
            (0.029539, 0.019664, 0.027735), (0.045502, 0.010074, -0.001005), (0.047523, 0.010411, -0.00068),
            (0.04673, 0.008828, -0.001304), (0.063844, 0.018295, 0.008958), (0.063111, 0.019116, 0.011255),
            (0.065267, 0.018358, 0.010735), (0.028273, 0.020606, 0.026802), (0.061989, 0.018923, 0.009325),
            (0.08575, -0.005658, -0.000336), (0.084755, -0.004606, -0.000234), (0.062257, 0.018175, 0.007323),
            (0.044001, 0.01071, -0.00093), (0.063929, 0.017693, 0.007279), (0.044609, 0.008776, -0.00148),
            (0.059816, 0.0195, 0.009407), (0.06104, 0.019618, 0.010989), (0.041499, 0.010308, -0.001253),
            (0.043058, 0.011911, -0.000636), (0.082721, -0.004186, -0.000524), (0.060041, 0.018827, 0.007546),
            (0.026268, 0.023007, 0.024221), (0.083009, -0.005659, -0.000841), (0.04354, 0.013907, 0.000141),
            (0.025291, 0.021968, 0.025488), (0.058615, 0.020181, 0.010704), (0.057415, 0.020096, 0.009413),
            (0.058667, 0.019477, 0.008421), (0.063714, 0.017042, 0.005705), (0.061763, 0.017338, 0.005176),
            (0.043082, 0.015599, 0.000836), (0.060241, 0.018008, 0.00576), (0.081608, -0.005728, -0.001067),
            (0.062752, 0.016225, 0.004068), (0.080304, -0.004736, -0.001042), (0.027211, 0.018722, 0.028784),
            (0.061029, 0.014965, 0.002748), (0.063877, 0.014924, 0.003323), (0.063793, 0.013722, 0.002497),
            (0.025073, 0.018526, 0.029027), (0.078395, -0.003649, -0.001075), (0.060461, 0.01657, 0.003772),
            (0.080407, -0.006836, -0.001386), (0.078822, -0.00562, -0.001373), (0.027715, 0.019704, 0.027794),
            (0.041753, 0.014322, 0.000158), (0.058602, 0.016924, 0.003607), (0.058144, 0.017967, 0.004695),
            (0.059333, 0.014905, 0.002408), (0.025674, 0.019576, 0.028008), (0.026389, 0.02061, 0.026902),
            (0.040087, 0.015764, 0.00062), (0.057238, 0.019554, 0.007726), (0.057578, 0.018939, 0.006389),
            (0.079337, -0.008088, -0.001511), (0.039207, 0.01494, 0.000226), (0.039832, 0.013098, -0.000474),
            (0.023097, 0.018454, 0.029156), (0.05555, 0.020528, 0.009228), (0.021432, 0.017566, 0.029996),
            (0.041469, 0.012373, -0.000606), (0.072489, 0.016307, 0.014415), (0.055375, 0.019873, 0.007319),
            (0.024201, 0.020229, 0.027405), (0.056329, 0.018062, 0.004176), (0.055231, 0.018977, 0.005149),
            (0.039253, 0.0111, -0.001164), (0.070085, 0.017216, 0.015065), (0.069348, 0.017425, 0.016451),
            (0.022054, 0.019567, 0.028135), (0.072103, 0.016443, 0.0137), (0.072807, 0.016197, 0.013723),
            (0.07157, 0.016636, 0.013842), (0.070913, 0.016897, 0.013989), (0.058005, 0.016093, 0.002922),
            (0.058072, 0.015055, 0.002292), (0.056881, 0.016142, 0.00279), (0.069824, 0.017344, 0.014264),
            (0.070181, 0.017003, 0.012653), (0.061418, 0.013374, 0.001874), (0.06315, 0.012457, 0.001643),
            (0.039041, 0.009424, -0.001642), (0.061507, 0.012573, 0.00146), (0.062327, 0.012323, 0.001453),
            (0.063098, 0.011569, 0.001183), (0.062014, 0.011178, 0.000852), (0.066332, 0.018407, 0.018465),
            (0.060869, 0.012523, 0.001325), (0.060929, 0.010489, 0.000409), (0.039511, 0.022704, 0.006971),
            (0.066936, 0.018341, 0.016223), (0.05953, 0.013592, 0.001651), (0.060198, 0.013072, 0.00149),
            (0.022975, 0.021641, 0.025976), (0.068088, 0.018034, 0.014616), (0.068883, 0.017716, 0.014066),
            (0.037969, 0.022841, 0.00688), (0.058566, 0.014021, 0.001741), (0.059607, 0.012303, 0.001032),
            (0.059193, 0.011076, 0.000439), (0.022617, 0.020622, 0.027076), (0.036974, 0.022474, 0.005987),
            (0.057963, 0.012966, 0.001116), (0.037579, 0.021481, 0.00441), (0.063513, 0.010546, 0.000759),
            (0.020667, 0.020381, 0.027375), (0.062281, 0.009535, 0.000157), (0.067152, 0.018311, 0.013994),
            (0.066447, 0.018568, 0.014592), (0.06529, 0.018894, 0.01676), (0.023879, 0.022707, 0.024733),
            (0.068247, 0.017702, 0.01251), (0.059828, 0.00892, -0.000338), (0.021306, 0.0217, 0.02596),
            (0.033836, 0.024158, 0.021654), (0.066482, 0.018451, 0.013449), (0.067431, 0.017678, 0.01091),
            (0.065408, 0.018836, 0.013817), (0.036988, 0.020098, 0.002981), (0.065384, 0.018614, 0.01222),
            (0.035944, 0.022095, 0.0051), (0.056878, 0.014488, 0.001754), (0.057452, 0.013984, 0.001546),
            (0.031337, 0.024528, 0.021441), (0.035874, 0.020769, 0.003411), (0.056704, 0.011689, 0.000413),
            (0.033252, 0.024797, 0.020198), (0.064623, 0.019046, 0.018393), (0.057519, 0.009994, -0.000158),
            (0.0383, 0.019281, 0.002498), (0.056967, 0.007946, -0.000919), (0.058226, 0.007436, -0.000958),
            (0.062396, 0.019746, 0.018915), (0.032562, 0.025099, 0.019139), (0.031023, 0.025149, 0.01974),
            (0.037248, 0.018719, 0.002044), (0.055002, 0.00968, -0.00045), (0.062748, 0.019714, 0.0172),
            (0.038078, 0.018667, 0.00207), (0.038227, 0.017738, 0.001519), (0.036375, 0.016806, 0.000948),
            (0.053819, 0.020721, 0.008456), (0.028332, 0.024164, 0.022469), (0.064112, 0.019286, 0.01603),
            (0.036446, 0.018859, 0.002054), (0.053483, 0.019581, 0.00551), (0.053361, 0.020046, 0.0065),
            (0.035628, 0.019263, 0.002228), (0.02952, 0.02483, 0.021113), (0.029497, 0.025385, 0.01943),
            (0.03636, 0.018311, 0.001724), (0.060032, 0.019979, 0.020104), (0.035508, 0.018538, 0.001781),
            (0.035172, 0.018912, 0.001986), (0.061006, 0.020221, 0.01864), (0.035188, 0.017623, 0.001234),
            (0.027311, 0.025269, 0.020466), (0.061278, 0.02015, 0.016475), (0.051994, 0.02081, 0.007683),
            (0.035097, 0.023, 0.00666), (0.059804, 0.020574, 0.017898), (0.058479, 0.020651, 0.019599),
            (0.051194, 0.020341, 0.006098), (0.049993, 0.021519, 0.008409), (0.064717, 0.019126, 0.014927),
            (0.034491, 0.022066, 0.004875), (0.06471, 0.019037, 0.013766), (0.062645, -0.009017, 0.000186),
            (0.064314, 0.019056, 0.013017), (0.0613, -0.00944, 0.000629), (0.062055, -0.011335, 0.001683),
            (0.059991, -0.009891, 0.001095), (0.028849, 0.025665, 0.018001), (0.026227, 0.025712, 0.019114),
            (0.062829, 0.019698, 0.015298), (0.061965, -0.008642, 8.5e-05), (0.033682, 0.021285, 0.003687),
            (0.060238, -0.008536, 0.000283), (0.063374, 0.019437, 0.013841), (0.061124, 0.020213, 0.015016),
            (0.059879, -0.011366, 0.002095), (0.058051, -0.010733, 0.001989), (0.057118, -0.009859, 0.001537),
            (0.032688, 0.022831, 0.005957), (0.032134, 0.023551, 0.007314), (0.059531, -0.00838, 0.000292),
            (0.058343, -0.008715, 0.000642), (0.062694, 0.019501, 0.012811), (0.032188, 0.025325, 0.017726),
            (0.056264, -0.01121, 0.002682), (0.062309, 0.019778, 0.013982), (0.061617, 0.020001, 0.014248),
            (0.0312, 0.022292, 0.004822), (0.031774, 0.021576, 0.003856), (0.062368, -0.007675, -0.000459),
            (0.060637, -0.007049, -0.000539), (0.061458, 0.019901, 0.01307), (0.061079, -0.008235, 7e-06),
            (0.059451, 0.020663, 0.01605), (0.033436, 0.025302, 0.014372), (0.03176, 0.025509, 0.015219),
            (0.034769, 0.019819, 0.002538), (0.058215, 0.020951, 0.017616), (0.034154, 0.01911, 0.002046),
            (0.060376, -0.00585, -0.001091), (0.033461, 0.020168, 0.002711), (0.030976, 0.025548, 0.016905),
            (0.034256, 0.018786, 0.001839), (0.034321, 0.01812, 0.001439), (0.034, 0.018487, 0.001634),
            (0.057173, 0.021239, 0.015649), (0.058701, 0.020848, 0.014729), (0.058713, -0.00606, -0.000809),
            (0.057751, 0.021056, 0.014497), (0.033356, 0.018907, 0.001867), (0.059728, -0.004229, -0.001726),
            (0.029946, 0.025669, 0.016126), (0.060204, 0.020384, 0.014083), (0.06097, 0.020156, 0.013988),
            (0.038058, 0.016342, 0.000771), (0.058684, -0.007875, 0.000126), (0.060592, 0.02007, 0.012569),
            (0.058267, -0.007333, -0.000117), (0.05928, 0.020676, 0.014563), (0.056448, -0.008808, 0.000988),
            (0.056896, -0.007622, 0.000245), (0.037636, 0.013891, -0.000301), (0.027553, 0.025862, 0.016952),
            (0.05613, -0.007509, 0.00028), (0.056674, 0.020465, 0.02085), (0.057514, -0.007026, -0.000175),
            (0.055091, 0.019929, 0.022437), (0.05726, -0.006565, -0.000388), (0.036254, 0.015, 8.1e-05),
            (0.057264, -0.004908, -0.001203), (0.055444, -0.006859, 4e-06), (0.055156, -0.006012, -0.000414),
            (0.056578, 0.021144, 0.019586), (0.056929, -0.005947, -0.000666), (0.034364, 0.015975, 0.000393),
            (0.054631, 0.021065, 0.020772), (0.026929, 0.024472, 0.02222), (0.054324, -0.010661, 0.002651),
            (0.055107, -0.009952, 0.001971), (0.053494, -0.011838, 0.003914), (0.052321, -0.010839, 0.003214),
            (0.02439, 0.023871, 0.023281), (0.052431, -0.009429, 0.002082), (0.034349, 0.01423, -0.000331),
            (0.035575, 0.013282, -0.000626), (0.05266, 0.020608, 0.02226), (0.050222, -0.011948, 0.004947),
            (0.049394, -0.010942, 0.003982), (0.050694, -0.010502, 0.003278), (0.038381, 0.012557, -0.000741),
            (0.050339, -0.009188, 0.002218), (0.025409, 0.024643, 0.022051), (0.050838, 0.021133, 0.022052),
            (0.052654, 0.021686, 0.020524), (0.036747, 0.01164, -0.001086), (0.054605, -0.008248, 0.000912),
            (0.037099, 0.009273, -0.001755), (0.035603, 0.009878, -0.001631), (0.056704, 0.021314, 0.01792),
            (0.053336, -0.008167, 0.001064), (0.05448, 0.021778, 0.01898), (0.022565, 0.023897, 0.023349),
            (0.0222, 0.023101, 0.024384), (0.020294, 0.022745, 0.024877), (0.055722, 0.021547, 0.017132),
            (0.054815, -0.00653, -9.2e-05), (0.053674, -0.006505, 4.3e-05), (0.053459, -0.005122, -0.000696),
            (0.055377, 0.021679, 0.015606), (0.05209, -0.007403, 0.00075), (0.022834, 0.02505, 0.021655),
            (0.024295, 0.025199, 0.021158), (0.052998, -0.005977, -0.000185), (0.051525, -0.005867, -5.9e-05),
            (0.052107, -0.005558, -0.000305), (0.054359, 0.021899, 0.016875), (0.034559, 0.010959, -0.001354),
            (0.021539, 0.024724, 0.022239), (0.020576, 0.024079, 0.023175), (0.032848, 0.016936, 0.000743),
            (0.052843, 0.022247, 0.017979), (0.051276, 0.02225, 0.019819), (0.048967, -0.007952, 0.001539),
            (0.048623, -0.009417, 0.002717), (0.024904, 0.025606, 0.019868), (0.050734, -0.006224, 0.000233),
            (0.050881, -0.007353, 0.000883), (0.032115, 0.015145, -8.9e-05), (0.053435, 0.022131, 0.015894),
            (0.04899, -0.006508, 0.000576), (0.061904, 0.00213, -0.001986), (0.051982, 0.022432, 0.016687),
            (0.050364, 0.022733, 0.018139), (0.033257, 0.012013, -0.001108), (0.050793, 0.022702, 0.016058),
            (0.023462, 0.026038, 0.017919), (0.032458, 0.013312, -0.000732), (0.02241, 0.025958, 0.01898),
            (0.060748, 0.000536, -0.00235), (0.060539, 0.00228, -0.002095), (0.05913, 0.001444, -0.002342),
            (0.057933, 0.000844, -0.002503), (0.032441, 0.010408, -0.00161), (0.019692, 0.024849, 0.022144),
            (0.06065, 0.005839, -0.001238), (0.021006, 0.025648, 0.020431), (0.058628, 0.020702, 0.01332),
            (0.059071, 0.020348, 0.011956), (0.018793, 0.025544, 0.020912), (0.059687, 0.007215, -0.000917),
            (0.031229, 0.012186, -0.001149), (0.060359, 0.003895, -0.001773), (0.057069, 0.021143, 0.0138),
            (0.058754, 0.005469, -0.001523), (0.020091, 0.026001, 0.019287), (0.056505, 0.021071, 0.012402),
            (0.031559, 0.020236, 0.002641), (0.026352, 0.02593, 0.016978), (0.033155, 0.018238, 0.001431),
            (0.024903, 0.025966, 0.017778), (0.058719, 0.003701, -0.001944), (0.03237, 0.019279, 0.002053),
            (0.055966, 0.020861, 0.01079), (0.031275, 0.019306, 0.002011), (0.056411, 0.021368, 0.014285),
            (0.055837, 0.021539, 0.014528), (0.055235, 0.021649, 0.014272), (0.031915, 0.018302, 0.001439),
            (0.053867, 0.021962, 0.01433), (0.054637, 0.021729, 0.013839), (0.047049, 0.022403, 0.009481),
            (0.04875, 0.022109, 0.009489), (0.05627, 0.006205, -0.001482), (0.056601, 0.004347, -0.001957),
            (0.054919, 0.008151, -0.00098), (0.030494, 0.01841, 0.001415), (0.030513, 0.016902, 0.000637),
            (0.053928, 0.006829, -0.001455), (0.054883, 0.005017, -0.001869), (0.054219, 0.021437, 0.011408),
            (0.053589, 0.021955, 0.013676), (0.052847, 0.021944, 0.012439), (0.030253, 0.013564, -0.000744),
            (0.057085, 0.002862, -0.002241), (0.051926, 0.022441, 0.014283), (0.052746, 0.022217, 0.014087),
            (0.055681, 0.002253, -0.002393), (0.046743, 0.007052, -0.001823), (0.04462, 0.006825, -0.002021),
            (0.056599, 0.00064, -0.002574), (0.054177, 0.000513, -0.002691), (0.045877, 0.005752, -0.00222),
            (0.050645, 0.022684, 0.014212), (0.054428, 0.002925, -0.002339), (0.052939, 0.004097, -0.002191),
            (0.043046, 0.00846, -0.001667), (0.051085, 0.022403, 0.012838), (0.041267, 0.02339, 0.009433),
            (0.04938, 0.022894, 0.013949), (0.049741, 0.022742, 0.013328), (0.060942, -0.001172, -0.002534),
            (0.060182, -0.002348, -0.002407), (0.042505, 0.005958, -0.002336), (0.05812, -0.003315, -0.001963),
            (0.043648, 0.004854, -0.002541), (0.051951, 0.021768, 0.010629), (0.039737, 0.023341, 0.008608),
            (0.045258, 0.004642, -0.002515), (0.04792, 0.004853, -0.002317), (0.046448, 0.003524, -0.002654),
            (0.059082, -0.000911, -0.002574), (0.051396, 0.021496, 0.009275), (0.048196, 0.003112, -0.002632),
            (0.047095, 0.001655, -0.002843), (0.045311, 0.001921, -0.002872), (0.050051, 0.022269, 0.0111),
            (0.037374, 0.02439, 0.011126), (0.044163, 0.002606, -0.0029), (0.039912, 0.023968, 0.010744),
            (0.056611, -0.002966, -0.001983), (0.055019, -0.004764, -0.001029), (0.048573, 0.022678, 0.011715),
            (0.057386, -0.001306, -0.00257), (0.042709, 0.003466, -0.002826), (0.055801, -0.00129, -0.002508),
            (0.054043, -0.003333, -0.001619), (0.037739, 0.023883, 0.00938), (0.054318, -0.001672, -0.002279),
            (0.041386, 0.008229, -0.001843), (0.076857, 0.014379, 0.012623), (0.077283, 0.013876, 0.010921),
            (0.078759, 0.013041, 0.01032), (0.040488, 0.006491, -0.002298), (0.052059, 0.006248, -0.001733),
            (0.052567, 0.008101, -0.00115), (0.036464, 0.024925, 0.013452), (0.036179, 0.024765, 0.012301),
            (0.04192, 0.001635, -0.002755), (0.052688, 0.002003, -0.002572), (0.041007, 0.002329, -0.002901),
            (0.077501, 0.013334, 0.009259), (0.035285, 0.025049, 0.013528), (0.034652, 0.025105, 0.013368),
            (0.033923, 0.025235, 0.014077), (0.075476, 0.01496, 0.012824), (0.050837, 0.005344, -0.002046),
            (0.033864, 0.025188, 0.01349), (0.040733, 0.004261, -0.002758), (0.07549, 0.01512, 0.013982),
            (0.035239, 0.024499, 0.010577), (0.050481, 0.003094, -0.002527), (0.033137, 0.024885, 0.011407),
            (0.050833, 0.001584, -0.002704), (0.074799, 0.0154, 0.013897), (0.073874, 0.015747, 0.013613),
            (0.039226, 0.004969, -0.002659), (0.075153, 0.014801, 0.010978), (0.037752, 0.005951, -0.002518),
            (0.048961, 0.001581, -0.002807), (0.075082, 0.014352, 0.009083), (0.036144, 0.02368, 0.008382),
            (0.039338, 0.002774, -0.002912), (0.073349, 0.01575, 0.012208), (0.051916, -0.004641, -0.000775),
            (0.052396, -0.003042, -0.001595), (0.07663, 0.013259, 0.007825), (0.052272, -0.001285, -0.002311),
            (0.039229, 0.00785, -0.002027), (0.033118, 0.024456, 0.009769), (0.077476, 0.012052, 0.005952),
            (0.076035, 0.012601, 0.005727), (0.043736, 0.000357, -0.002413), (0.050522, -0.003921, -0.001013),
            (0.049493, -0.002651, -0.001532), (0.042628, -0.000326, -0.002138), (0.050046, -0.001406, -0.002105),
            (0.033862, 0.023858, 0.008376), (0.049423, -0.004764, -0.000487), (0.0485, -0.004867, -0.00033),
            (0.047753, -0.003518, -0.000993), (0.040533, -0.000318, -0.002043), (0.073235, 0.015368, 0.010094),
            (0.071702, 0.01631, 0.011836), (0.050159, -0.005216, -0.000294), (0.039433, 0.000659, -0.002372),
            (0.049346, -0.005667, 4.2e-05), (0.073487, 0.014597, 0.007848), (0.072276, 0.015288, 0.008531),
            (0.048581, -0.005234, -0.000129), (0.047034, -0.005819, 0.000368), (0.032756, 0.02536, 0.014355),
            (0.074063, 0.013769, 0.006478), (0.037943, 0.003639, -0.002894), (0.032209, 0.025403, 0.013979),
            (0.074181, 0.012949, 0.005125), (0.032284, 0.025232, 0.012721), (0.037229, 0.002091, -0.00275),
            (0.051696, 5.2e-05, -0.002655), (0.032056, 0.025393, 0.013652), (0.036175, 0.003741, -0.002914),
            (0.050091, 8.9e-05, -0.002614), (0.072254, 0.014437, 0.006443), (0.031382, 0.025453, 0.013747),
            (0.070377, 0.015545, 0.00736), (0.03057, 0.025524, 0.013936), (0.029535, 0.025659, 0.014573),
            (0.030111, 0.025396, 0.01274), (0.077041, 0.011063, 0.004494), (0.047535, -0.000734, -0.002224),
            (0.078039, 0.009125, 0.003454), (0.031044, 0.024992, 0.011051), (0.075335, 0.011679, 0.004358),
            (0.075884, 0.009976, 0.003305), (0.074707, 0.010858, 0.003538), (0.037382, 0.007665, -0.002155),
            (0.056435, 0.016647, 0.003032), (0.07687, 0.008375, 0.002592), (0.054383, 0.018335, 0.00395),
            (0.055616, 0.015727, 0.002313), (0.055359, 0.016748, 0.002915), (0.028356, 0.025278, 0.011436),
            (0.054881, 0.017174, 0.003122), (0.077855, 0.006276, 0.001848), (0.028411, 0.025766, 0.015226),
            (0.055927, 0.014325, 0.001537), (0.055123, 0.013126, 0.00085), (0.077767, 0.004286, 0.001058),
            (0.076752, 0.006724, 0.001753), (0.05505, 0.015048, 0.001809), (0.028975, 0.025646, 0.013707),
            (0.076895, 0.006036, 0.0015), (0.054987, 0.014252, 0.001375), (0.035595, 0.008143, -0.002078),
            (0.035988, 0.006218, -0.002502), (0.074629, 0.009067, 0.002377), (0.07535, 0.007397, 0.001703),
            (0.076192, 0.007191, 0.001816), (0.026735, 0.025872, 0.015146), (0.054495, 0.01139, 0.000102),
            (0.07478, 0.007541, 0.001628), (0.034537, 0.006486, -0.002477), (0.027854, 0.025682, 0.013676),
            (0.052516, 0.018537, 0.003731), (0.027696, 0.025615, 0.012995), (0.051229, 0.019266, 0.004228),
            (0.034478, 0.003998, -0.002891), (0.027256, 0.025717, 0.013481), (0.071256, 0.015978, 0.009591),
            (0.033651, 0.008203, -0.002124), (0.05384, 0.017074, 0.002885), (0.026078, 0.02582, 0.013847),
            (0.054259, 0.016808, 0.002774), (0.069689, 0.016868, 0.010845), (0.05349, 0.015604, 0.001922),
            (0.053326, 0.016552, 0.002477), (0.052592, 0.016919, 0.002604), (0.025449, 0.025654, 0.012463),
            (0.069602, 0.016483, 0.009218), (0.031117, 0.02435, 0.009022), (0.031714, 0.008322, -0.002176),
            (0.032731, 0.006572, -0.002519), (0.031439, 0.006292, -0.002586), (0.051923, 0.016445, 0.002214),
            (0.052283, 0.015887, 0.001948), (0.051567, 0.017191, 0.002635), (0.050785, 0.017836, 0.002959),
            (0.051115, 0.016553, 0.002191), (0.049475, 0.019969, 0.004757), (0.029969, 0.009496, -0.001951),
            (0.029213, 0.02479, 0.009875), (0.066998, 0.017298, 0.008933), (0.048895, 0.018959, 0.003445),
            (0.02911, 0.023951, 0.007734), (0.072021, 0.013474, 0.004751), (0.032948, 0.004742, -0.002793),
            (0.030557, 0.022984, 0.005989), (0.049814, 0.01821, 0.003072), (0.050053, 0.017753, 0.002846),
            (0.050496, 0.017053, 0.002433), (0.050214, 0.015908, 0.001711), (0.049671, 0.016631, 0.002055),
            (0.033265, 0.002621, -0.002808), (0.048915, 0.017659, 0.002589), (0.048534, 0.017093, 0.0022),
            (0.048771, 0.016598, 0.001937), (0.072774, 0.012196, 0.003853), (0.072897, 0.011006, 0.003091),
            (0.030852, 0.004103, -0.002893), (0.072795, 0.00967, 0.002208), (0.047886, 0.016745, 0.001912),
            (0.032038, 0.002901, -0.002824), (0.026962, 0.024888, 0.009828), (0.071243, 0.012404, 0.003541),
            (0.054148, 0.01515, 0.001752), (0.053314, 0.013896, 0.001018), (0.052814, 0.015527, 0.001801),
            (0.071589, 0.009696, 0.00191), (0.025193, 0.02531, 0.010948), (0.070791, 0.011149, 0.002596),
            (0.052603, 0.011547, 8e-05), (0.074118, 0.007682, 0.001534), (0.073267, 0.007955, 0.001441),
            (0.051707, 0.014637, 0.001257), (0.038761, -0.000826, -0.001765), (0.036967, 0.00035, -0.002134),
            (0.024684, 0.024739, 0.009175), (0.072446, 0.00849, 0.001491), (0.050834, 0.013144, 0.000565),
            (0.026075, 0.024292, 0.008205), (0.07209, 0.008034, 0.001199), (0.071268, 0.008491, 0.001233),
            (0.028187, 0.023198, 0.006021), (0.034766, 0.001635, -0.002551), (0.052676, 0.009749, -0.000573),
            (0.037525, -0.001725, -0.001278), (0.035396, -0.001052, -0.001492), (0.070235, 0.009026, 0.00127),
            (0.068593, 0.016122, 0.007251), (0.051009, 0.011063, -0.000183), (0.024457, 0.023905, 0.007204),
            (0.026082, 0.023391, 0.006222), (0.050315, 0.00867, -0.001072), (0.070561, 0.014939, 0.006189),
            (0.034067, 0.000382, -0.002069), (0.025559, 0.025966, 0.015846), (0.049132, 0.014859, 0.0011),
            (0.024151, 0.026023, 0.015635), (0.068754, 0.015282, 0.005681), (0.0703, 0.013901, 0.004489),
            (0.033991, -0.00131, -0.001331), (0.048629, 0.013241, 0.000407), (0.069026, 0.014485, 0.004635),
            (0.02274, 0.026076, 0.015633), (0.067331, 0.015689, 0.0054), (0.032321, -0.001036, -0.001408),
            (0.025181, 0.025875, 0.013924), (0.067948, 0.01367, 0.003504), (0.049386, 0.011323, -0.000207),
            (0.049463, 0.009927, -0.000718), (0.024265, 0.025907, 0.013762), (0.031599, 0.000551, -0.002066),
            (0.066985, 0.016735, 0.007348), (0.023287, 0.025959, 0.014032), (0.023328, 0.025745, 0.012498),
            (0.022054, 0.026075, 0.014636), (0.048112, 0.008722, -0.001231), (0.065159, 0.017849, 0.008813),
            (0.030495, 0.001977, -0.002551), (0.022379, 0.025991, 0.013814), (0.021113, 0.026163, 0.0175),
            (0.065493, 0.016763, 0.006286), (0.049809, 0.007262, -0.001569), (0.029476, 0.022215, 0.004395),
            (0.018729, 0.026222, 0.017908), (0.018876, 0.026228, 0.01598), (0.020667, 0.026171, 0.015723),
            (0.048779, 0.00608, -0.001957), (0.065657, 0.015247, 0.004071), (0.064764, 0.016116, 0.004763),
            (0.06643, 0.014311, 0.003554), (0.021517, 0.025992, 0.01336), (0.020772, 0.0261, 0.013936),
            (0.01957, 0.026169, 0.014801), (0.029798, 0.011202, -0.001504), (0.029834, 0.020889, 0.002973),
            (0.069424, 0.012549, 0.003138), (0.044135, 0.022311, 0.022303), (0.0278, 0.021751, 0.003576),
            (0.069758, 0.009921, 0.001616), (0.068822, 0.011618, 0.002393), (0.049376, 0.020879, 0.022872),
            (0.068747, 0.010224, 0.001559), (0.023399, 0.02531, 0.010686), (0.065932, 0.012899, 0.00249),
            (0.066536, 0.011873, 0.001994), (0.021427, 0.025396, 0.010801), (0.049561, 0.021876, 0.021284),
            (0.030261, 0.019581, 0.002133), (0.067389, 0.010873, 0.001636), (0.02906, 0.020291, 0.002507),
            (0.047395, 0.021589, 0.022449), (0.029909, 0.018793, 0.001595), (0.022165, 0.024729, 0.008912),
            (0.069038, 0.00926, 0.001142), (0.028951, 0.019019, 0.001671), (0.029054, 0.017403, 0.000769),
            (0.046576, 0.020726, 0.023882), (0.045571, 0.020107, 0.02493), (0.02308, 0.023716, 0.006665),
            (0.028195, 0.019913, 0.002193), (0.068126, 0.009811, 0.001227), (0.045488, 0.02158, 0.022996),
            (0.066722, 0.0099, 0.000997), (0.027288, 0.01997, 0.002166), (0.044418, 0.021061, 0.023949),
            (0.043772, 0.020138, 0.025264), (0.027941, 0.018061, 0.001083), (0.026443, 0.019098, 0.001575),
            (0.047668, 0.02272, 0.020372), (0.049205, 0.022758, 0.019311), (0.026616, 0.022571, 0.004635),
            (0.019725, 0.02609, 0.013544), (0.020668, 0.025717, 0.011973), (0.048349, 0.023121, 0.018017),
            (0.065732, 0.011092, 0.001393), (0.018696, 0.025735, 0.011757), (0.064919, 0.012196, 0.001836),
            (0.046956, 0.023225, 0.019087), (0.064478, 0.011358, 0.00131), (0.065399, 0.010438, 0.001007),
            (0.018628, 0.026135, 0.013779), (0.026537, 0.021338, 0.003098), (0.04579, 0.022584, 0.021314),
            (0.02509, 0.022016, 0.003697), (0.043044, 0.021788, 0.023338), (0.063959, 0.011952, 0.001532),
            (0.045413, 0.023454, 0.019476), (0.024503, 0.022957, 0.00515), (0.063979, 0.008801, 8.9e-05),
            (0.019942, 0.025201, 0.010112), (0.041623, 0.021741, 0.023711), (0.023244, 0.022165, 0.003772),
            (0.039708, 0.022145, 0.023566), (0.024247, 0.021283, 0.002928), (0.041662, 0.020672, 0.025042),
            (0.025681, 0.020118, 0.002174), (0.026237, 0.019701, 0.00195), (0.077565, 0.001545, 0.00017),
            (0.018711, 0.024902, 0.009305), (0.02472, 0.020443, 0.002307), (0.038567, 0.021217, 0.024938),
            (0.016656, 0.024967, 0.009437), (0.026478, 0.01762, 0.000771), (0.02407, 0.018961, 0.0014),
            (0.076205, 0.002736, 0.000254), (0.075674, 0.004285, 0.000598), (0.021517, 0.023611, 0.006385),
            (0.023682, 0.020232, 0.002165), (0.020387, 0.024229, 0.007629), (0.024664, 0.017792, 0.00077),
            (0.018317, 0.02428, 0.007718), (0.07622, 0.000144, -0.000499), (0.039942, 0.020571, 0.0255),
            (0.076486, -0.001279, -0.000849), (0.029569, 0.015677, 2e-05), (0.074934, 0.000779, -0.000558),
            (0.048661, -0.01175, 0.005156), (0.027303, 0.016466, 0.000237), (0.045662, -0.011729, 0.00603),
            (0.047027, -0.011413, 0.005211), (0.049195, 0.023035, 0.01629), (0.047479, -0.010569, 0.004006),
            (0.046481, -0.01162, 0.005656), (0.045472, -0.01125, 0.005413), (0.028346, 0.014792, -0.000402),
            (0.07351, 0.001261, -0.000706), (0.026597, 0.014851, -0.00048), (0.047287, 0.023418, 0.016367),
            (0.046416, 0.023532, 0.017735), (0.045465, -0.010475, 0.004401), (0.047532, 0.023278, 0.01417),
            (0.028146, 0.013038, -0.001017), (0.048625, 0.023062, 0.014074), (0.045128, -0.011773, 0.006285),
            (0.045606, 0.023731, 0.016665), (0.045602, 0.023685, 0.015772), (0.044248, -0.011126, 0.005609),
            (0.046224, 0.023506, 0.014182), (0.076784, -0.004634, -0.001446), (0.077055, -0.006258, -0.001606),
            (0.042671, -0.010918, 0.005733), (0.042367, -0.011298, 0.006401), (0.044636, 0.023881, 0.017491),
            (0.028365, 0.011067, -0.001605), (0.07773, -0.009243, -0.001165), (0.026915, 0.011429, -0.00158),
            (0.07745, -0.007644, -0.001577), (0.043342, -0.010172, 0.004505), (0.04497, 0.023825, 0.016423),
            (0.07606, -0.009223, -0.001077), (0.025733, 0.016371, 0.000133), (0.041479, -0.009935, 0.004652),
            (0.047364, -0.009143, 0.002667), (0.047434, 0.023139, 0.01299), (0.024484, 0.016111, -4.5e-05),
            (0.02503, 0.014443, -0.000697), (0.045431, -0.009272, 0.00314), (0.045424, -0.00778, 0.00189),
            (0.047073, 0.022844, 0.011245), (0.074066, -0.008823, -0.001064), (0.022889, 0.017063, 0.000323),
            (0.044309, -0.008331, 0.002495), (0.046759, -0.007223, 0.001302), (0.072773, -0.010389, -0.000317),
            (0.022932, 0.015545, -0.000355), (0.023861, 0.01419, -0.000849), (0.026193, 0.013019, -0.001136),
            (0.024627, 0.012508, -0.00136), (0.045271, 0.023654, 0.013966), (0.042427, -0.008913, 0.003326),
            (0.076742, -0.002762, -0.001132), (0.024756, 0.010576, -0.0019), (0.023061, 0.010541, -0.00199),
            (0.022563, 0.012093, -0.00157), (0.042952, -0.007167, 0.001722), (0.040322, -0.007385, 0.002235),
            (0.022402, 0.022881, 0.004908), (0.040007, -0.011361, 0.007254), (0.041066, -0.010992, 0.006198),
            (0.038885, -0.011635, 0.008345), (0.041593, -0.010965, 0.006056), (0.040026, -0.010501, 0.005731),
            (0.021263, 0.022439, 0.004104), (0.037429, -0.011176, 0.007701), (0.038903, -0.010399, 0.005866),
            (0.040029, -0.009783, 0.004741), (0.03818, -0.010428, 0.00607), (0.019666, 0.023227, 0.005444),
            (0.022777, 0.020747, 0.002466), (0.021906, 0.02066, 0.002379), (0.020581, 0.021731, 0.003226),
            (0.036033, -0.010724, 0.00713), (0.02233, 0.019746, 0.001806), (0.034669, -0.011056, 0.008271),
            (0.037081, -0.010231, 0.006034), (0.022008, 0.018309, 0.000934), (0.021043, 0.019609, 0.001704),
            (0.021312, 0.02065, 0.002356), (0.020742, 0.020861, 0.002482), (0.034414, -0.009912, 0.006089),
            (0.033814, -0.010531, 0.00725), (0.019884, 0.02072, 0.002357), (0.018963, 0.021522, 0.002979),
            (0.020141, 0.018276, 0.000849), (0.039885, -0.008647, 0.003464), (0.019215, 0.019906, 0.001799),
            (0.038296, -0.009562, 0.004806), (0.018101, 0.023594, 0.006161), (0.037685, -0.008389, 0.003555),
            (0.038361, -0.007391, 0.002485), (0.018879, 0.022616, 0.004316), (0.016409, 0.022338, 0.003802),
            (0.036349, -0.009364, 0.004896), (0.035868, -0.010009, 0.005911), (0.015945, 0.02397, 0.007017),
            (0.016792, 0.023036, 0.004978), (0.035074, -0.00956, 0.005428), (0.035821, -0.008543, 0.003992),
            (0.034085, -0.008943, 0.004755), (0.034992, -0.007655, 0.003204), (0.018017, 0.020616, 0.00226),
            (0.032794, -0.008341, 0.004233), (0.017543, 0.02093, 0.002475), (0.017792, 0.018762, 0.001086),
            (0.046386, -0.002014, -0.001607), (0.046276, -0.003693, -0.000785), (0.017075, 0.020026, 0.001852),
            (0.045891, -0.004639, -0.000226), (0.044784, -0.003153, -0.000969), (0.016053, 0.021515, 0.002913),
            (0.047496, -0.005093, -0.000105), (0.015767, 0.020688, 0.002214), (0.045336, -0.005219, 0.000162),
            (0.016088, 0.019099, 0.001269), (0.044725, -0.006434, 0.000965), (0.01528, 0.019896, 0.001704),
            (0.04453, -0.005216, 0.000222), (0.020955, 0.016785, 0.00013), (0.043959, -0.00457, -0.000112),
            (0.043533, -0.003941, -0.000454), (0.021138, 0.015118, -0.00058), (0.043092, -0.005153, 0.000298),
            (0.018597, 0.017648, 0.000493), (0.041504, -0.006329, 0.001208), (0.01882, 0.016214, -0.000171),
            (0.022041, 0.013574, -0.001136), (0.042841, -0.003979, -0.000386), (0.042368, -0.004803, 0.000125),
            (0.042104, -0.004218, -0.00021), (0.040864, -0.005401, 0.000618), (0.020764, 0.012017, -0.001646),
            (0.040911, -0.003711, -0.000419), (0.042186, -0.003172, -0.000801), (0.020239, 0.013584, -0.001186),
            (0.040227, -0.00441, 4.6e-05), (0.019113, 0.014095, -0.001038), (0.018594, 0.012261, -0.001641),
            (0.043058, -0.002227, -0.001336), (0.0447, -0.001264, -0.001839), (0.017981, 0.015125, -0.000645),
            (0.017486, 0.013834, -0.001145), (0.045633, 9.2e-05, -0.002398), (0.016363, 0.012521, -0.001597),
            (0.016143, 0.017569, 0.000432), (0.016578, 0.015605, -0.000486), (0.041122, -0.001707, -0.001479),
            (0.014591, 0.016576, -5.6e-05), (0.039055, -0.002592, -0.000918), (0.015635, 0.013797, -0.001182),
            (0.014746, 0.015119, -0.000699), (0.039174, -0.003833, -0.000224), (0.039096, -0.006326, 0.001514),
            (0.030169, 0.007052, -0.002483), (0.029065, 0.008125, -0.002322), (0.037385, -0.006047, 0.001466),
            (0.035925, -0.006818, 0.002302), (0.02767, 0.008785, -0.002216), (0.027134, 0.010046, -0.001942),
            (0.027659, 0.006722, -0.002605), (0.039082, -0.005011, 0.000513), (0.038121, -0.003905, -9.1e-05),
            (0.029483, 0.00578, -0.002701), (0.029232, 0.004464, -0.00287), (0.036581, -0.004537, 0.000426),
            (0.028656, 0.00283, -0.002783), (0.034, -0.006802, 0.002501), (0.027454, 0.004767, -0.002864),
            (0.026863, 0.002644, -0.002768), (0.032514, -0.006918, 0.002752), (0.035401, -0.005479, 0.001249),
            (0.03323, -0.005358, 0.001321), (0.034508, -0.004566, 0.000602), (0.026169, 0.008602, -0.002312),
            (0.037218, -0.003398, -0.000337), (0.036405, -0.003529, -0.000207), (0.035691, -0.002428, -0.000816),
            (0.025482, 0.005212, -0.002846), (0.025064, 0.007156, -0.002597), (0.024986, 0.002771, -0.002823),
            (0.023478, 0.005938, -0.002795), (0.023883, 0.004673, -0.002911), (0.023206, 0.003007, -0.002876),
            (0.022225, 0.004392, -0.002946), (0.035483, -0.003473, -0.000183), (0.034331, -0.003347, -0.000204),
            (0.033683, -0.003023, -0.000368), (0.030273, -0.00163, -0.001054), (0.029611, 0.000922, -0.002173),
            (0.032969, -0.003898, 0.000231), (0.033, -0.002282, -0.000779), (0.032165, -0.003126, -0.000248),
            (0.030022, -0.002712, -0.000407), (0.029061, -0.002793, -0.000328), (0.028059, -0.0027, -0.000366),
            (0.028709, -0.001183, -0.001246), (0.027286, -0.001841, -0.000875), (0.031109, -0.00281, -0.000401),
            (0.033535, -0.011157, 0.009221), (0.027568, 0.00035, -0.001918), (0.032152, -0.011005, 0.009313),
            (0.025692, -0.002353, -0.000548), (0.026628, -0.002802, -0.000269), (0.025621, -0.000937, -0.001323),
            (0.024789, -0.002659, -0.000331), (0.024044, -0.002099, -0.000686), (0.032356, -0.010317, 0.007192),
            (0.031254, -0.010604, 0.008244), (0.024461, -0.000351, -0.001597), (0.029233, -0.010967, 0.010847),
            (0.030138, -0.010796, 0.009415), (0.02527, 0.000878, -0.002142), (0.026973, -0.010901, 0.011884),
            (0.026292, -0.003505, 0.000227), (0.028602, -0.010614, 0.009298), (0.02969, -0.009974, 0.007117),
            (0.028373, -0.010119, 0.007703), (0.026727, -0.010646, 0.010076), (0.027159, -0.010427, 0.008827),
            (0.033024, -0.009514, 0.005719), (0.032132, -0.009463, 0.005805), (0.030839, -0.009914, 0.006795),
            (0.031137, -0.009216, 0.005578), (0.023238, 0.001539, -0.002406), (0.030849, -0.008491, 0.004678),
            (0.030081, -0.009218, 0.005728), (0.031154, -0.007681, 0.003676), (0.027902, -0.009103, 0.005836),
            (0.020215, 0.006115, -0.002819), (0.020219, 0.004156, -0.002984), (0.026566, -0.00955, 0.006852),
            (0.028888, -0.009046, 0.005652), (0.029311, -0.00797, 0.004174), (0.022702, -0.001815, -0.000842),
            (0.022192, -0.000632, -0.001478), (0.026915, -0.007984, 0.00442), (0.026621, -0.008761, 0.005496),
            (0.02634, -0.009117, 0.006097), (0.020898, -0.001323, -0.001156), (0.024616, -0.010782, 0.012515),
            (0.025184, -0.010642, 0.010692), (0.022347, -0.002721, -0.000275), (0.020527, -0.003199, 5.9e-05),
            (0.021308, -0.002513, -0.000437), (0.019924, -0.001986, -0.00078), (0.023023, -0.010421, 0.010134),
            (0.018933, -0.000719, -0.001524), (0.01891, -0.002645, -0.000352), (0.022648, -0.01066, 0.012107),
            (0.021133, -0.010604, 0.012557), (0.017465, -0.00283, -0.000261), (0.016223, -0.003745, 0.000391),
            (0.019855, -0.010563, 0.012278), (0.021165, -0.010418, 0.010639), (0.016877, -0.001415, -0.001179),
            (0.016573, -0.002427, -0.000546), (0.019734, -0.010335, 0.010453), (0.021464, 0.002294, -0.002725),
            (0.021333, 0.000365, -0.00198), (0.025078, -0.010199, 0.008558), (0.024832, -0.009404, 0.006727),
            (0.019486, 0.001429, -0.002454), (0.023129, -0.010123, 0.008696), (0.023926, -0.009714, 0.007431),
            (0.025523, -0.008933, 0.005863), (0.024721, -0.008766, 0.005678), (0.023986, -0.008622, 0.005498),
            (0.02395, -0.00894, 0.006016), (0.020045, 0.002854, -0.00293), (0.021009, -0.010091, 0.008795),
            (0.018493, -0.010156, 0.009303), (0.01762, 0.001057, -0.002359), (0.016033, 0.000134, -0.002033),
            (0.018088, 0.00303, -0.002995), (0.031338, -0.006127, 0.002127), (0.029104, -0.006465, 0.002607),
            (0.015851, 0.002279, -0.002858), (0.029748, -0.00495, 0.001254), (0.023971, 0.008549, -0.00239),
            (0.027344, -0.005929, 0.002204), (0.025875, -0.006904, 0.00329), (0.02477, -0.007805, 0.004355),
            (0.021998, 0.006854, -0.002703), (0.020847, 0.010059, -0.002141), (0.031313, -0.004691, 0.000922),
            (0.022091, 0.0088, -0.002377), (0.03053, -0.003745, 0.000267), (0.020063, 0.008095, -0.002562),
            (0.028532, -0.003593, 0.000229), (0.018945, 0.009595, -0.002278), (0.019547, 0.01099, -0.001955),
            (0.02822, -0.004681, 0.001097), (0.019145, 0.005317, -0.002918), (0.017417, 0.010784, -0.002036),
            (0.018397, 0.007695, -0.002643), (0.016974, 0.008777, -0.002492), (0.015928, 0.010698, -0.002079),
            (0.01576, 0.00821, -0.002603), (0.017519, 0.006655, -0.002811), (0.01754, 0.004706, -0.00301),
            (0.016302, 0.005876, -0.002915), (0.015982, 0.003955, -0.003086), (0.014895, 0.006039, -0.002903),
            (-0.038987, 0.006036, 0.027136), (-0.03811, 0.005202, 0.028235), (-0.037097, 0.006215, 0.027961),
            (-0.032791, 0.008685, -0.000393), (-0.030917, 0.007515, -0.001095), (-0.033214, 0.007321, -0.000827),
            (-0.030987, 0.005844, -0.001563), (-0.038879, 0.004, 0.028734), (-0.037433, 0.003926, 0.029515),
            (0.003358, 0.015008, -0.000717), (0.004792, 0.014425, -0.00096), (0.002565, 0.013028, -0.001439),
            (-0.034631, 0.008328, -0.000177), (-0.033752, 0.00985, 0.000303), (0.001728, 0.014823, -0.000784),
            (-0.031948, 0.009935, -1e-06), (-0.035828, 0.009836, 0.000795), (-0.034804, 0.010867, 0.001096),
            (0.000358, 0.012702, -0.001525), (-0.000336, 0.013952, -0.001053), (0.019068, 0.017909, 0.029711),
            (0.015029, -0.004196, 0.000733), (0.020911, 0.018775, 0.028909), (0.015673, -0.005878, 0.002259),
            (-0.037556, 0.007697, 0.026499), (-0.036068, 0.007436, 0.027462), (-0.035318, 0.009029, 0.026482),
            (0.019237, 0.019316, 0.028415), (0.013804, -0.00452, 0.000946), (-0.035047, 0.013792, 0.003818),
            (-0.034472, 0.013024, 0.002503), (-0.036727, 0.012433, 0.002982), (-0.035473, 0.011923, 0.001943),
            (0.015434, -0.00289, -0.000268), (-0.034547, 0.011941, 0.001698), (0.016589, 0.017069, 0.030479),
            (0.014564, -0.002172, -0.000783), (0.014239, -0.002973, -0.00026), (-0.038835, 0.007734, 0.025769),
            (0.013561, -0.003141, -0.000173), (-0.040341, 0.006601, 0.025867), (-0.036158, 0.011215, 0.001677),
            (-0.037586, 0.011364, 0.002268), (0.012741, -0.002608, -0.000571), (-0.036736, 0.013347, 0.004386),
            (0.017393, 0.018713, 0.029013), (0.013706, -0.005957, 0.002297), (0.01226, -0.004818, 0.001156),
            (-0.037676, 0.009046, 0.025226), (0.011503, -0.006057, 0.00233), (-0.037805, 0.01297, 0.00459),
            (0.015302, 0.018838, 0.028895), (0.010935, -0.004603, 0.00092), (0.009407, -0.005355, 0.001511),
            (0.010053, -0.006611, 0.002845), (0.013903, 0.016848, 0.030694), (0.014437, 0.017736, 0.029912),
            (-0.03727, 0.010451, 0.001548), (0.012177, -0.003595, 0.000125), (0.010358, -0.003734, 0.000156),
            (-0.039904, 0.008901, 0.024026), (0.012152, -0.002643, -0.000568), (-0.038453, 0.010082, 0.001688),
            (0.011299, -0.002712, -0.000557), (-0.040799, 0.007674, 0.024599), (-0.036145, 0.008356, 0.00015),
            (0.018191, 0.020325, 0.027465), (0.019349, 0.02138, 0.026348), (0.008222, -0.004185, 0.000379),
            (0.014654, -0.001229, -0.001344), (-0.034944, 0.006385, -0.000871), (0.013954, 0.000433, -0.002224),
            (-0.036402, 0.006717, -0.000484), (0.012916, -0.001342, -0.001356), (0.017025, 0.021496, 0.026308),
            (0.012213, 0.000135, -0.002136), (0.018433, 0.022133, 0.025581), (-0.038058, 0.009275, 0.001116),
            (0.014474, 0.001959, -0.00279), (0.015764, 0.020604, 0.027231), (-0.037364, 0.008245, 0.000401),
            (-0.027206, -0.002812, 0.032037), (-0.028299, -0.004169, 0.031752), (-0.038818, 0.008107, 0.000743),
            (0.014557, 0.019959, 0.027857), (-0.037933, 0.006548, -0.000213), (0.012534, 0.001853, -0.002823),
            (-0.029691, -0.00575, 0.03142), (-0.030002, -0.004108, 0.031844), (-0.031511, 0.003797, -0.001971),
            (-0.033512, 0.004052, -0.00167), (-0.0324, 0.005703, -0.001428), (0.013459, 0.020966, 0.026797),
            (-0.029494, 0.004097, -0.002158), (0.011537, -0.001462, -0.001345), (0.010252, -0.000161, -0.002053),
            (-0.032393, 0.002683, -0.002079), (0.010091, 0.001552, -0.002786), (0.008729, 2.3e-05, -0.002225),
            (0.011906, 0.01645, 0.031008), (0.010444, -0.002622, -0.000668), (0.009486, -0.001694, -0.001293),
            (0.013368, 0.018735, 0.028987), (0.009688, -0.003149, -0.000319), (-0.024444, -0.015984, 0.023921),
            (0.009634, -0.002564, -0.000732), (-0.023713, -0.016599, 0.022864), (0.008739, -0.00304, -0.000452),
            (-0.02492, -0.017251, 0.022702), (0.011738, 0.017801, 0.029825), (-0.024136, -0.017058, 0.022344),
            (0.01059, 0.016482, 0.030919), (-0.030981, 0.000183, -0.002597), (-0.032772, -0.001268, -0.002566),
            (-0.032661, 0.000616, -0.002387), (-0.026167, -0.016809, 0.023802), (-0.03514, -0.000829, -0.002264),
            (0.009113, 0.015222, 0.031867), (-0.030052, 0.002907, -0.002317), (-0.029901, 0.001602, -0.002532),
            (0.007686, -0.006185, 0.002222), (0.008441, 0.016476, 0.030828), (-0.027564, -0.017277, 0.02395),
            (0.006893, -0.004988, 0.000969), (0.009827, 0.017802, 0.029759), (0.007085, 0.015383, 0.031639),
            (0.007843, -0.007345, 0.003539), (0.005758, -0.005929, 0.00176), (-0.034036, 0.001435, -0.002097),
            (-0.028923, -0.017697, 0.024069), (0.007566, 0.01427, 0.032472), (0.00628, -0.003766, -7.6e-05),
            (0.005551, -0.004485, 0.000418), (0.006188, -0.007382, 0.003416), (0.004663, -0.00631, 0.002035),
            (0.004591, -0.007666, 0.003571), (-0.031734, -0.00543, 0.031627), (0.011747, 0.018866, 0.028852),
            (0.003469, -0.00674, 0.002353), (-0.03524, 0.00161, -0.001916), (-0.031387, -0.003186, 0.032044),
            (-0.035456, 0.004138, -0.001393), (0.012049, 0.020246, 0.0275), (-0.036443, 0.002434, -0.001583),
            (0.003827, -0.004681, 0.000443), (-0.037715, 0.004004, -0.001036), (-0.037882, 0.00275, -0.001277),
            (0.001873, -0.005292, 0.000741), (0.001615, -0.006561, 0.00193), (0.009552, 0.02009, 0.027584),
            (0.009567, 0.019107, 0.028528), (0.007815, -0.003068, -0.000486), (0.007117, -0.003153, -0.000459),
            (-0.033514, -0.004514, 0.031844), (0.007289, -0.001956, -0.001244), (-0.032692, -0.002341, 0.032139),
            (0.007883, 0.017806, 0.029647), (-0.033539, -0.006517, 0.031463), (0.006566, -0.003249, -0.000424),
            (0.005552, -0.00185, -0.001365), (-0.036529, 0.000647, -0.001873), (0.005125, -0.003782, -0.000139),
            (0.004301, -0.003172, -0.000618), (0.007129, -0.000287, -0.002135), (0.007509, 0.020472, 0.02708),
            (0.006925, 0.018927, 0.028578), (-0.038567, 0.001117, -0.001459), (0.005422, -1.1e-05, -0.00234),
            (0.019243, 0.023523, 0.023958), (0.004209, -0.003792, -0.000184), (-0.037057, -0.00123, -0.002042),
            (-0.034421, -0.007929, 0.031178), (0.017946, 0.024466, 0.022725), (-0.039221, -0.000353, -0.001587),
            (0.002927, -0.004255, 1.5e-05), (0.017649, 0.023104, 0.02447), (0.002483, -0.003175, -0.000783),
            (-0.038792, -0.001739, -0.001811), (0.016248, 0.023936, 0.023487), (0.001742, -0.004143, -0.000174),
            (0.001173, -0.003304, -0.000809), (0.000334, -0.004241, -0.000234), (0.003763, -0.001641, -0.001593),
            (-0.034021, 0.005329, -0.001309), (-0.035331, -0.00556, 0.031677), (0.016906, 0.025198, 0.021617),
            (0.00193, -0.00145, -0.001834), (7.8e-05, -0.001901, -0.001758), (-0.036355, -0.007352, 0.031359),
            (0.017177, 0.025967, 0.01979), (-0.037118, 0.005228, -0.00082), (0.014271, 0.011414, -0.001918),
            (0.013936, 0.009743, -0.002288), (0.01547, 0.025114, 0.021801), (-0.037271, -0.005786, 0.031613),
            (0.014685, 0.023588, 0.023881), (0.01438, 0.008138, -0.002617), (0.013794, 0.024742, 0.022304),
            (0.012447, 0.011014, -0.002028), (-0.035962, -0.00379, 0.031891), (-0.034, -0.002832, 0.032056),
            (0.013262, 0.023606, 0.023835), (0.012953, 0.007362, -0.002745), (0.014101, 0.025498, 0.021046),
            (0.011852, 0.009193, -0.002416), (0.011812, 0.025464, 0.020968), (0.011591, 0.024678, 0.022345),
            (0.014209, 0.004179, -0.003092), (0.012695, 0.004592, -0.003081), (-0.038144, -0.00385, 0.031743),
            (-0.039286, 0.011845, 0.003951), (-0.03941, 0.012486, 0.005385), (0.01331, 0.005968, -0.002916),
            (-0.041134, 0.011414, 0.005136), (-0.041362, 0.01193, 0.006849), (0.01574, 0.022448, 0.025209),
            (-0.035435, -0.009367, 0.030866), (0.014046, 0.022016, 0.025681), (0.011088, 0.005712, -0.002973),
            (0.011055, 0.007404, -0.002733), (-0.040957, 0.010476, 0.003112), (-0.042051, 0.010318, 0.003926),
            (0.012947, 0.022638, 0.024952), (-0.036612, -0.009019, 0.031018), (-0.042143, 0.011138, 0.005959),
            (-0.042583, 0.011212, 0.00697), (-0.038378, -0.008136, 0.031244), (-0.038484, -0.00953, 0.030978),
            (-0.042751, 0.01095, 0.006491), (0.011164, 0.003648, -0.003196), (0.012818, 0.025907, 0.01991),
            (-0.042885, 0.010448, 0.005288), (0.009175, 0.005124, -0.003059), (0.009515, 0.006645, -0.002884),
            (-0.037477, -0.011071, 0.03052), (0.011922, 0.021661, 0.026039), (0.008642, 0.007665, -0.002717),
            (0.007604, 0.005816, -0.003007), (0.010057, 0.021473, 0.026175), (0.007753, 0.004073, -0.003164),
            (-0.043486, 0.009447, 0.003861), (-0.044361, 0.010295, 0.00768), (-0.043546, 0.010285, 0.006002),
            (0.014005, 0.012952, -0.001465), (-0.044221, 0.009765, 0.00568), (0.010996, 0.022766, 0.024734),
            (0.011919, 0.012307, -0.001672), (0.012043, 0.023683, 0.02371), (0.010259, 0.009609, -0.002339),
            (-0.045308, 0.009261, 0.006384), (-0.045193, 0.008622, 0.004597), (0.010295, 0.023528, 0.023835),
            (0.008275, 0.022449, 0.024964), (0.009874, 0.011026, -0.002021), (-0.044501, 0.009006, 0.004401),
            (0.009983, 0.012699, -0.001556), (0.00725, 0.021504, 0.025962), (0.005775, 0.02113, 0.026265),
            (0.007431, 0.011933, -0.001797), (0.008875, 0.013299, -0.001356), (0.008071, 0.010191, -0.002252),
            (-0.022292, 0.016806, 0.024781), (-0.022226, 0.01766, 0.023786), (-0.024842, 0.016916, 0.023552),
            (0.005346, 0.022177, 0.025023), (-0.023481, 0.018013, 0.022815), (-0.039312, 0.010985, 0.002664),
            (-0.023975, 0.016181, 0.024803), (-0.039719, 0.009552, 0.001806), (0.007273, 0.008504, -0.0026),
            (-0.040448, 0.00979, 0.002218), (-0.026158, 0.015283, 0.024831), (0.009554, 0.02448, 0.022569),
            (0.008235, 0.023773, 0.023387), (-0.022253, 0.019012, 0.022095), (0.009905, 0.02532, 0.021103),
            (0.007885, 0.025276, 0.02094), (0.006801, 0.023071, 0.024098), (-0.025266, 0.018198, 0.021772),
            (-0.026802, 0.017331, 0.022136), (0.005368, 0.023242, 0.023765), (0.005808, 0.024103, 0.022724),
            (-0.024279, 0.019203, 0.020858), (-0.04021, 0.008927, 0.001604), (-0.040138, 0.00823, 0.001199),
            (0.006981, 0.024681, 0.021968), (-0.039735, 0.006569, 0.000215), (0.008906, 0.003109, -0.003211),
            (-0.040554, 0.007367, 0.000855), (0.005865, 0.016195, 0.0309), (-0.041065, 0.008635, 0.001717),
            (-0.041291, 0.00798, 0.001447), (-0.042641, 0.008757, 0.002393), (-0.026958, 0.018482, 0.020477),
            (-0.024481, 0.020189, 0.018875), (-0.022303, 0.020355, 0.020082), (0.006879, 0.001425, -0.002859),
            (-0.02312, 0.020778, 0.018392), (-0.040908, 0.006564, 0.00056), (0.004923, 0.015094, 0.031682),
            (-0.042854, 0.007348, 0.00169), (-0.041482, 0.006755, 0.000843), (0.004592, 0.013691, 0.032719),
            (-0.026007, 0.019507, 0.019271), (-0.041919, 0.006627, 0.00094), (-0.042013, 0.005849, 0.00063),
            (-0.027371, 0.019113, 0.019003), (0.00336, 0.015035, 0.031615), (0.005885, 0.012064, -0.001773),
            (-0.013979, 0.023054, 0.012704), (-0.013944, 0.023257, 0.014311), (-0.013687, 0.023199, 0.013259),
            (0.005359, 0.010194, -0.00226), (-0.016176, 0.022741, 0.013724), (0.005403, 0.008191, -0.002672),
            (0.003763, 0.009733, -0.002384), (-0.044194, 0.006898, 0.001948), (0.006796, 0.013943, -0.001154),
            (0.001435, 0.013431, 0.032581), (-0.016515, 0.022763, 0.014925), (-0.018247, 0.02229, 0.014551),
            (-0.043061, 0.006107, 0.001074), (0.004544, 0.01208, -0.001774), (-0.000384, 0.0132, 0.032605),
            (-0.000917, 0.012053, 0.033274), (-0.045077, 0.007685, 0.002924), (0.001591, 0.01457, 0.0318),
            (-0.019584, 0.021717, 0.012558), (-0.019398, 0.022002, 0.015406), (0.001834, 0.015799, 0.030893),
            (0.006217, 0.006915, -0.002882), (-0.012459, 0.023217, 0.011981), (-0.013995, 0.022989, 0.01234),
            (-0.000326, 0.015029, 0.031247), (-0.014813, 0.022784, 0.011972), (-0.01395, 0.022697, 0.010591),
            (0.005816, 0.017431, 0.029862), (0.005922, 0.005557, -0.003067), (-0.012901, 0.022899, 0.010632),
            (-0.045613, 0.005797, 0.001941), (-0.014593, 0.022561, 0.010535), (0.003843, 0.007589, -0.002804),
            (-0.039889, 0.002939, -0.000861), (-0.015263, 0.02257, 0.011314), (0.003332, 0.016462, 0.030495),
            (0.004534, 0.018092, 0.02919), (0.003136, 0.017698, 0.029405), (-0.016494, 0.022377, 0.011812),
            (0.00425, 0.005088, -0.003162), (0.005273, 0.019772, 0.027625), (0.002411, 0.011285, -0.001983),
            (-0.041047, 0.000669, -0.001054), (-0.04129, 0.002426, -0.000666), (-0.015663, 0.022338, 0.010565),
            (0.003686, 0.019332, 0.027954), (0.002162, 0.018735, 0.028368), (-0.014531, 0.022287, 0.009466),
            (0.001484, 0.017486, 0.029442), (0.001974, 0.008571, -0.002648), (-0.015288, 0.02211, 0.009441),
            (0.000654, 0.010977, -0.002075), (-0.013554, 0.021923, 0.007677), (-0.014966, 0.021728, 0.007956),
            (-0.015278, 0.021896, 0.008711), (-0.000806, 0.017061, 0.029528), (0.000165, 0.016455, 0.030166),
            (-0.000484, 0.018409, 0.028365), (-0.04293, 0.001827, -0.000402), (-0.016288, 0.022172, 0.010436),
            (-0.016218, 0.022007, 0.009719), (3.2e-05, 0.008774, -0.002615), (-0.017259, 0.021919, 0.010235),
            (-0.041414, -0.002071, -0.001362), (-0.042185, -0.00067, -0.001021), (-0.000777, 0.01086, -0.002077),
            (0.002345, 0.006256, -0.003056), (-0.016494, 0.021379, 0.007922), (-0.0159, 0.021471, 0.007794),
            (0.002299, 0.004621, -0.003239), (-0.043754, 0.000503, -0.00043), (-0.017488, 0.021548, 0.009095),
            (0.000932, 0.007071, -0.002926), (-0.044883, 0.002346, 0.00025), (-0.046549, 0.002243, 0.000744),
            (-0.045633, 0.003769, 0.000955), (-0.017832, 0.021073, 0.00801), (-0.043011, 0.003903, 0.000156),
            (-0.017976, 0.022145, 0.012404), (-0.000191, 0.005364, -0.003201), (-0.00045, 0.006883, -0.00297),
            (-0.003439, 0.011657, 0.033287), (-0.003067, 0.010264, 0.033754), (-0.0023, 0.013275, 0.032292),
            (-0.044028, -0.001234, -0.000667), (-0.018926, 0.021399, 0.009856), (-0.001867, 0.014982, 0.031124),
            (-0.021391, 0.021372, 0.01357), (-0.003882, 0.013562, 0.031931), (-0.045725, 0.000821, 0.000123),
            (0.004182, 0.000815, -0.002736), (-0.021788, 0.021048, 0.011698), (0.006496, 0.003362, -0.003255),
            (-0.045833, -0.000818, -0.00012), (-0.004686, 0.012166, 0.032842), (-0.00531, 0.010456, 0.033591),
            (-0.006357, 0.011649, 0.032951), (0.004907, 0.003035, -0.003282), (-0.006353, 0.013257, 0.031816),
            (-0.039758, 0.004856, -0.000378), (-0.020468, 0.021143, 0.010336), (-0.0078, 0.012354, 0.032289),
            (-0.018864, 0.020984, 0.00842), (-0.019839, 0.021016, 0.009196), (-0.019856, 0.020802, 0.008497),
            (-0.003754, 0.015162, 0.030747), (-0.041493, 0.00459, -4e-05), (0.002243, -0.000109, -0.002485),
            (0.003246, 0.002076, -0.003257), (0.002223, 0.003041, -0.003353), (-0.021935, 0.020443, 0.009152),
            (-0.00283, 0.016531, 0.029698), (-0.021733, 0.021349, 0.016223), (-0.022004, 0.02124, 0.017695),
            (-0.020949, 0.02164, 0.017822), (0.001052, 0.001014, -0.003011), (-0.021068, 0.021543, 0.015356),
            (-0.002646, 0.01798, 0.028468), (-0.0228, 0.021037, 0.017389), (-0.022416, 0.021155, 0.016666),
            (-0.004969, 0.016035, 0.029843), (-0.004567, 0.017122, 0.028942), (0.000277, 0.00311, -0.00341),
            (-0.02399, 0.020644, 0.017629), (-0.023117, 0.020946, 0.016347), (-0.005387, 0.014574, 0.030977),
            (-0.025196, 0.02027, 0.017304), (-0.043837, 0.005522, 0.001055), (-0.044433, 0.004074, 0.00068),
            (-0.008337, 0.013699, 0.03125), (-8.7e-05, -0.000685, -0.002391), (-0.00724, 0.015437, 0.03002),
            (-0.006267, 0.016284, 0.02945), (-0.02376, 0.020729, 0.01451), (-0.024691, 0.02043, 0.016194),
            (-0.044428, 0.005096, 0.001098), (-0.04524, 0.004563, 0.001158), (-0.046178, 0.004785, 0.001639),
            (-0.009766, 0.015217, 0.029754), (0.003775, 0.020926, 0.02631), (0.002332, 0.019859, 0.027302),
            (0.001743, 0.024188, 0.008693), (0.002666, 0.023682, 0.007136), (0.000607, 0.023473, 0.007021),
            (-0.038333, -0.002301, 0.031729), (-0.039826, -0.003688, 0.031559), (-0.001392, 0.023477, 0.007459),
            (-0.000382, 0.024268, 0.009457), (0.002624, 0.021598, 0.025448), (-0.026637, 0.019725, 0.017586),
            (-0.002652, 0.023876, 0.008908), (-0.002069, 0.024302, 0.010106), (-0.039694, 0.000507, 0.030678),
            (-0.039805, -0.001057, 0.031257), (-0.038379, -0.000123, 0.031402), (0.00135, 0.020551, 0.026483),
            (-0.037941, -0.001096, 0.031684), (-0.038987, -0.001331, 0.031517), (-0.026276, 0.019896, 0.016122),
            (0.000785, 0.019416, 0.02755), (0.001548, 0.022853, 0.005289), (-0.000381, 0.022948, 0.00589),
            (-0.040365, -0.002101, 0.031365), (-0.040548, -0.00265, 0.031403), (-0.027637, 0.019333, 0.017457),
            (-0.003115, 0.023256, 0.00734), (-0.00227, 0.022623, 0.005541), (-0.041701, -0.002948, 0.031179),
            (-0.041392, -0.001535, 0.030887), (-0.025632, 0.020111, 0.014523), (-0.000595, 0.020425, 0.026369),
            (-0.002147, 0.019406, 0.02721), (-0.04312, -0.002256, 0.030442), (-0.000224, 0.022274, 0.004441),
            (-0.038628, 0.001765, 0.030398), (-0.004269, 0.024181, 0.010615), (-0.004353, 0.02364, 0.008724),
            (0.003759, 0.022873, 0.024067), (-0.041118, -4.6e-05, 0.030254), (-0.027125, 0.019643, 0.014986),
            (-0.028518, 0.019029, 0.015957), (-0.006735, 0.023571, 0.009485), (-0.007507, 0.023877, 0.011024),
            (0.002068, 0.02306, 0.02365), (-0.040487, 0.001487, 0.029589), (0.001035, 0.022247, 0.024498),
            (-0.006192, 0.023172, 0.008043), (0.003302, 0.023749, 0.022911), (0.003994, 0.024529, 0.021844),
            (-0.004677, 0.022744, 0.006401), (-0.042517, -0.000303, 0.029681), (0.001274, 0.02404, 0.022271),
            (0.000359, 0.023373, 0.02304), (-0.023657, 0.020645, 0.013022), (-0.000745, 0.022459, 0.024034),
            (-0.006284, 0.022365, 0.005969), (-0.001638, 0.021233, 0.025346), (-0.003577, 0.021948, 0.004381),
            (-0.044025, -0.001607, 0.029609), (-0.01205, 0.02355, 0.01373), (-0.040078, 0.003358, 0.028557),
            (-0.024262, 0.020164, 0.010959), (-0.025269, 0.020077, 0.012663), (-0.002585, 0.022662, 0.023498),
            (-0.009235, 0.023236, 0.009611), (-0.009565, 0.023651, 0.011464), (-0.040764, 0.005114, 0.026841),
            (-0.008149, 0.02275, 0.007588), (-0.041496, 0.003375, 0.027725), (-0.003592, 0.020228, 0.026137),
            (-0.004362, 0.018759, 0.027482), (-0.023967, 0.019737, 0.008638), (-0.009923, 0.022633, 0.008031),
            (-0.00888, 0.02214, 0.006376), (-0.042019, 0.001627, 0.02868), (-0.011275, 0.021995, 0.006791),
            (-0.005771, 0.017812, 0.028126), (-0.026006, 0.019595, 0.01086), (-0.010968, 0.023473, 0.011682),
            (-0.011452, 0.022741, 0.009076), (-0.043433, 0.001239, 0.028133), (-0.008072, 0.016732, 0.028767),
            (-0.007677, 0.018032, 0.027611), (-0.04311, 0.002975, 0.027095), (-0.027133, 0.01945, 0.012707),
            (-0.006295, 0.019099, 0.026813), (-0.028219, 0.019131, 0.014207), (-0.012556, 0.021955, 0.007235),
            (-0.012741, 0.022596, 0.009374), (-0.010235, 0.016795, 0.028292), (-0.003257, 0.021502, 0.024771),
            (-0.044585, -0.000638, 0.02869), (-0.029212, 0.01868, 0.013162), (-0.005092, 0.020561, 0.025494),
            (-0.000482, -0.005911, 0.000978), (-0.045302, 7.1e-05, 0.027767), (0.000394, -0.00516, 0.000472),
            (-0.000412, -0.004827, 0.000104), (-0.001511, -0.005313, 0.00033), (-0.001178, -0.0046, -0.000166),
            (-0.004211, 0.022218, 0.023711), (-0.002152, -0.005052, 3.6e-05), (-0.006312, 0.02177, 0.023816),
            (-0.000843, -0.002793, -0.001314), (-0.006805, 0.020633, 0.025045), (-0.045044, 0.001435, 0.026995),
            (-0.026757, 0.018814, 0.008288), (-0.027656, 0.019016, 0.010576), (-0.00229, -0.003546, -0.001023),
            (-0.008172, 0.019742, 0.025748), (-0.003391, -0.004952, -0.000222), (-0.029119, 0.018582, 0.011326),
            (-0.008386, 0.021521, 0.023646), (-0.047006, 0.000724, 0.026169), (-0.004495, -0.003111, -0.001579),
            (-0.028584, 0.018461, 0.009602), (-0.005179, -0.004698, -0.000668), (-0.010039, 0.019301, 0.025807),
            (-0.009863, 0.01803, 0.027176), (-0.001874, 0.013018, -0.001349), (-0.04204, 0.004518, 0.026562),
            (-0.001911, 0.00937, -0.002452), (-0.009874, 0.020363, 0.024619), (-0.002308, 0.01095, -0.002032),
            (-0.003953, 0.010178, -0.002195), (-0.01633, 0.001682, -0.003332), (-0.014218, 0.001008, -0.003456),
            (-0.015447, 2.2e-05, -0.003471), (-0.041997, 0.006138, 0.02523), (0.014486, 0.026076, 0.019295),
            (-0.01671, -0.000117, -0.003445), (-0.016985, 0.003039, -0.003137), (-0.018099, 0.00158, -0.003268),
            (-0.00194, 0.00725, -0.002909), (0.016914, 0.026238, 0.017771), (0.015799, 0.026204, 0.018361),
            (-0.016497, -0.001934, -0.003294), (-0.002824, 0.005736, -0.003158), (0.017037, 0.026266, 0.015879),
            (-0.003241, 0.008159, -0.002701), (-0.004876, 0.008803, -0.002527), (-0.004459, 0.006648, -0.002972),
            (0.014854, 0.026241, 0.016207), (0.014027, 0.026223, 0.017242), (-0.003871, 0.004562, -0.003294),
            (-0.018985, 0.000333, -0.003328), (-0.018485, -0.001769, -0.003399), (-0.04371, 0.004324, 0.025659),
            (-0.006381, 0.007795, -0.002709), (-0.043162, 0.006474, 0.024174), (-0.006669, 0.006298, -0.003),
            (0.011394, 0.02613, 0.018546), (-0.005914, 0.00491, -0.003234), (0.012472, 0.0262, 0.017647),
            (-0.044782, 0.004426, 0.02487), (-0.044595, 0.005796, 0.023809), (-0.020853, -0.000549, -0.003316),
            (-0.001035, 0.000717, -0.003031), (-0.045193, 0.002663, 0.026001), (-0.00132, 0.00246, -0.003437),
            (-0.003198, 0.001039, -0.003302), (0.012744, 0.02623, 0.01592), (-0.002526, -0.001833, -0.002046),
            (-0.00194, -0.000247, -0.002745), (0.017344, 0.026158, 0.013737), (0.01621, 0.026169, 0.014055),
            (0.016686, 0.026126, 0.013652), (0.015887, 0.026219, 0.014869), (0.014275, 0.026202, 0.014645),
            (0.01491, 0.026167, 0.014009), (-0.046859, 0.00246, 0.024997), (0.017085, 0.025749, 0.011821),
            (-0.026938, 0.016132, 0.02346), (0.015347, 0.025922, 0.012607), (0.015321, 0.025663, 0.011584),
            (-0.003662, -0.001161, -0.002487), (-0.028321, 0.015111, 0.02397), (0.013698, 0.026117, 0.013762),
            (-0.028314, 0.014121, 0.025065), (-0.046084, 0.004507, 0.023871), (0.014831, 0.02506, 0.0097),
            (-0.005767, -0.00205, -0.002283), (0.012628, 0.025828, 0.012352), (-0.006842, -0.003498, -0.001663),
            (-0.047805, 0.003036, 0.023864), (0.012535, 0.026192, 0.014824), (0.013168, 0.026148, 0.014263),
            (-0.005108, 7e-05, -0.003092), (-0.028302, 0.016512, 0.022392), (0.010889, 0.026185, 0.016588),
            (-0.048883, 0.001277, 0.024428), (0.011961, 0.02606, 0.013719), (0.011291, 0.026158, 0.014937),
            (-0.029614, 0.016194, 0.022085), (-0.030301, 0.015251, 0.022813), (-0.007031, -0.000921, -0.002915),
            (-0.039908, -0.006798, 0.031377), (-0.007917, -0.002602, -0.002288), (-0.030228, 0.013925, 0.024328),
            (-0.028478, 0.01273, 0.026368), (-0.031273, 0.012757, 0.025012), (0.01041, 0.026039, 0.014141),
            (-0.0014, 0.00414, -0.003327), (0.009795, 0.025918, 0.013367), (0.013584, 0.025417, 0.010894),
            (-0.039213, -0.005412, 0.031546), (-0.031862, 0.013805, 0.023589), (-0.031982, 0.014859, 0.022344),
            (0.010643, 0.02592, 0.019701), (-0.002975, 0.00293, -0.003407), (0.009062, 0.026013, 0.019075),
            (-0.04129, -0.005321, 0.031343), (0.007158, 0.025779, 0.019557), (-0.004456, 0.002074, -0.00347),
            (-0.041586, -0.003945, 0.031308), (0.009319, 0.026115, 0.016703), (-0.033599, 0.011895, 0.024684),
            (-0.041877, -0.0073, 0.031214), (-0.033433, 0.013455, 0.023131), (0.007276, 0.026006, 0.017798),
            (-0.00592, 0.003289, -0.003406), (0.005649, 0.024972, 0.021238), (-0.006152, 0.001486, -0.003478),
            (-0.00786, 0.001934, -0.003496), (-0.03388, 0.014275, 0.021932), (0.004392, 0.025321, 0.020285),
            (-0.040341, -0.00881, 0.031118), (0.004831, 0.025738, 0.018923), (-0.008554, 0.004564, -0.003262),
            (-0.039618, -0.01028, 0.030848), (-0.029232, 0.017261, 0.020918), (-0.040428, -0.011358, 0.03065),
            (-0.029078, 0.018112, 0.019634), (0.009712, 0.026094, 0.015168), (0.008644, 0.02604, 0.015392),
            (-0.007671, 0.000312, -0.003363), (0.007003, 0.025997, 0.016528), (-0.042034, -0.00909, 0.031038),
            (-0.041824, -0.011368, 0.030691), (0.007702, 0.025718, 0.012954), (0.007443, 0.025926, 0.014796),
            (0.006719, 0.025944, 0.015577), (-0.031088, 0.016396, 0.020916), (0.006268, 0.025756, 0.013638),
            (-0.008679, -0.001278, -0.00295), (-0.02989, 0.018223, 0.018043), (-0.030948, 0.017485, 0.019154),
            (-0.009636, -0.002718, -0.002418), (-0.043305, -0.005654, 0.031099), (0.004966, 0.025871, 0.01703),
            (-0.010942, -0.001431, -0.003082), (-0.011577, -0.003441, -0.002276), (-0.012613, -0.001936, -0.003013),
            (0.003308, 0.025746, 0.017498), (0.006369, 0.025874, 0.014967), (0.005612, 0.025853, 0.015207),
            (-0.043433, -0.010107, 0.030864), (0.004822, 0.025796, 0.015085), (-0.032324, 0.016877, 0.019105),
            (-0.009141, 0.001886, -0.003487), (0.004646, 0.025657, 0.013672), (-0.045433, -0.010111, 0.030707),
            (-0.043435, -0.0118, 0.030615), (-0.010235, 0.002464, -0.003426), (0.002788, 0.025717, 0.016177),
            (-0.010686, 0.004896, -0.003169), (-0.009404, 0.005869, -0.003024), (-0.032852, 0.015749, 0.020663),
            (0.003683, 0.025695, 0.014886), (0.003119, 0.025659, 0.014885), (-0.043442, -0.008466, 0.030987),
            (-0.012102, 0.005753, -0.002977), (-0.011828, 0.00356, -0.003304), (-0.044763, -0.00647, 0.030877),
            (-0.034943, 0.015132, 0.020085), (-0.011965, 0.001354, -0.003488), (0.014651, 0.024367, 0.007917),
            (-0.033659, 0.016109, 0.019378), (-0.010173, 0.00023, -0.003471), (-0.045078, -0.008302, 0.030804),
            (0.013139, 0.024834, 0.009207), (-0.046041, -0.007185, 0.030648), (0.012702, 0.024081, 0.007268),
            (-0.035267, 0.011695, 0.023966), (0.012088, 0.025268, 0.010523), (-0.035933, 0.010093, 0.025194),
            (0.011081, 0.024431, 0.008195), (0.01016, 0.025452, 0.011268), (-0.014055, 0.002418, -0.003353),
            (-0.013491, 0.004031, -0.003184), (0.010223, 0.02488, 0.009503), (-0.037175, 0.010483, 0.024104),
            (-0.015311, 0.00365, -0.00316), (-0.042666, -0.003644, 0.031031), (-0.035334, 0.012859, 0.022712),
            (-0.043546, -0.004077, 0.030879), (-0.013417, -0.000142, -0.003516), (-0.014322, -0.001628, -0.003246),
            (0.008925, 0.024283, 0.007967), (-0.03666, 0.012123, 0.022729), (-0.045236, -0.003827, 0.030125),
            (-0.044496, -0.004645, 0.030688), (0.008116, 0.02546, 0.011523), (0.007885, 0.024917, 0.009725),
            (0.005711, 0.025431, 0.011894), (-0.045579, -0.005251, 0.030453), (-0.046214, -0.00626, 0.030475),
            (0.005859, 0.025051, 0.010408), (-0.038391, 0.010241, 0.023651), (-0.008592, 0.01091, 0.033102),
            (-0.038474, 0.011678, 0.022123), (-0.009755, 0.011632, 0.032524), (0.005646, 0.024683, 0.009298),
            (-0.009993, 0.013748, 0.030906), (0.006961, 0.024032, 0.007476), (-0.035429, 0.014011, 0.021278),
            (-0.011136, 0.012204, 0.031919), (-0.011457, 0.013187, 0.03113), (-0.045791, -0.00234, 0.028999),
            (0.003484, 0.025436, 0.012608), (0.004064, 0.025023, 0.010646), (-0.036804, 0.013935, 0.020445),
            (-0.038206, 0.013188, 0.020445), (0.002368, 0.025453, 0.013355), (0.002662, 0.02563, 0.014878),
            (-0.012099, 0.014449, 0.029955), (-0.013326, 0.013214, 0.030737), (-0.03389, 0.01638, 0.018043),
            (-0.035795, 0.015483, 0.018096), (0.004357, 0.02425, 0.008316), (0.002771, 0.02499, 0.010893),
            (0.001071, 0.025187, 0.012252), (-0.037205, 0.014581, 0.018782), (-0.011896, 0.015942, 0.028692),
            (-0.013591, 0.015717, 0.028522), (0.002465, 0.024771, 0.021147), (-0.011344, 0.017946, 0.026936),
            (0.000255, 0.024768, 0.02073), (0.00265, 0.025444, 0.019496), (-0.012812, 0.017422, 0.027104),
            (-0.039771, 0.011778, 0.021091), (0.00088, 0.025282, 0.019551), (-0.013998, 0.014564, 0.029435),
            (-0.039862, 0.012476, 0.02001), (-0.015322, 0.013726, 0.029866), (-0.044027, -0.013643, 0.030248),
            (0.001503, 0.025581, 0.017844), (-0.001423, 0.023922, 0.02198), (-0.015268, 0.015093, 0.028687),
            (-0.038845, 0.01384, 0.018429), (-0.017082, 0.014011, 0.029178), (-0.040712, 0.012554, 0.018992),
            (-0.014327, 0.017023, 0.027118), (-0.003389, 0.023891, 0.021523), (-0.001182, 0.025085, 0.019488),
            (-0.016752, 0.015446, 0.027992), (-0.015594, 0.016615, 0.027192), (-0.045688, -0.011937, 0.030519),
            (-0.002676, 0.024711, 0.020015), (-0.004319, 0.024453, 0.020099), (-0.01225, 0.019008, 0.025551),
            (-0.040195, 0.010442, 0.022313), (-0.013889, 0.018759, 0.025407), (-0.045939, -0.014148, 0.030142),
            (-0.000267, 0.025434, 0.017407), (-0.041402, 0.009451, 0.022506), (-0.012084, 0.019926, 0.024511),
            (-0.010539, 0.021169, 0.023447), (0.001122, 0.025547, 0.015838), (0.002133, 0.025622, 0.015405),
            (0.000718, 0.025374, 0.014209), (0.000577, 0.02546, 0.015253), (-0.000374, 0.025415, 0.016121),
            (-0.046075, -0.015867, 0.029754), (-0.015836, 0.017732, 0.025968), (-0.001412, 0.025263, 0.015585),
            (-0.041503, 0.011441, 0.020059), (-0.042078, 0.010228, 0.021158), (-0.017657, 0.016761, 0.026463),
            (-0.046857, -0.008099, 0.030549), (-0.001795, 0.025254, 0.017321), (-0.014058, 0.019914, 0.023891),
            (-0.015424, 0.018845, 0.02481), (-0.003338, 0.025013, 0.018197), (-0.04706, -0.009564, 0.030503),
            (-0.017055, 0.018378, 0.024874), (-0.041889, 0.012001, 0.018587), (-0.048291, -0.008502, 0.030198),
            (-0.047698, -0.01112, 0.030357), (-0.002737, 0.025089, 0.015808), (-0.049122, -0.010065, 0.030099),
            (-0.028303, 0.018988, 0.017966), (-0.004414, 0.024937, 0.016832), (-0.003595, 0.024999, 0.015929),
            (-0.018476, 0.015306, 0.027659), (-0.047041, -0.004387, 0.029415), (-0.047241, -0.006329, 0.030109),
            (-0.028832, 0.018834, 0.017076), (-0.028801, 0.018709, 0.01825), (-0.004386, 0.023139, 0.022486),
            (-0.020152, 0.015966, 0.026496), (-0.005562, 0.02254, 0.022977), (-0.018317, 0.017965, 0.024925),
            (-0.02001, 0.017089, 0.025328), (-0.048593, -0.004892, 0.028677), (-0.048478, -0.005981, 0.029313),
            (-0.019926, 0.018017, 0.024276), (-0.030687, 0.017927, 0.01775), (-0.006176, 0.02355, 0.021336),
            (-0.007668, 0.022852, 0.022026), (-0.030666, 0.017996, 0.016878), (-0.012419, 0.020851, 0.023262),
            (-0.031422, 0.017599, 0.01776), (-0.011387, 0.021841, 0.022266), (-0.047768, -0.007035, 0.030084),
            (-0.029732, 0.018475, 0.015262), (-0.014126, 0.020684, 0.02284), (-0.009305, 0.022277, 0.022356),
            (-0.012502, 0.022103, 0.021475), (-0.00985, 0.023066, 0.020984), (-0.048744, -0.007442, 0.029742),
            (-0.008259, 0.023608, 0.020521), (-0.006601, 0.024226, 0.019706), (-0.014508, 0.021545, 0.021438),
            (-0.01624, 0.019996, 0.023071), (-0.030824, 0.017993, 0.016174), (-0.049323, -0.008167, 0.029691),
            (-0.050141, -0.009197, 0.029607), (-0.031827, 0.017627, 0.015465), (-0.031622, 0.017654, 0.016311),
            (-0.0311, 0.01796, 0.014365), (-0.0053, 0.024761, 0.018325), (-0.018804, 0.018973, 0.023501),
            (-0.050157, -0.008012, 0.029205), (-0.050008, -0.006354, 0.028539), (-0.015907, 0.021947, 0.020056),
            (-0.017814, 0.020342, 0.022082), (-0.032316, 0.017159, 0.017896), (-0.007545, 0.024405, 0.018527),
            (-0.033113, 0.016807, 0.017425), (-0.011615, 0.023226, 0.0198), (-0.031646, 0.01758, 0.016985),
            (-0.006394, 0.024689, 0.016717), (-0.013251, 0.022694, 0.020082), (-0.033037, 0.016935, 0.016726),
            (-0.004797, 0.024848, 0.01573), (-0.008253, 0.024411, 0.017101), (-0.01439, 0.022706, 0.019255),
            (-0.050738, -0.007974, 0.028835), (-0.012451, 0.023613, 0.0182), (-0.010373, 0.02404, 0.017846),
            (-0.00958, 0.023924, 0.019132), (-0.05101, -0.008654, 0.02894), (-0.034097, 0.016442, 0.016963),
            (-0.051394, -0.009032, 0.028846), (-0.034819, 0.01604, 0.017473), (-0.012939, 0.023539, 0.016739),
            (-0.01389, 0.023331, 0.017724), (-0.051292, -0.006751, 0.027843), (-0.015501, 0.022997, 0.017624),
            (-0.051864, -0.008059, 0.028131), (-0.052635, -0.009132, 0.028093), (-0.033248, 0.016952, 0.015739),
            (-0.051882, -0.0097, 0.028794), (-0.008994, 0.024277, 0.015806), (-0.032399, 0.017435, 0.014315),
            (-0.017308, 0.02184, 0.0197), (-0.018416, 0.021037, 0.020838), (-0.052639, -0.007841, 0.027483),
            (-0.011806, 0.023757, 0.01676), (-0.034479, 0.016364, 0.015421), (-0.017408, 0.022342, 0.018252),
            (-0.035461, 0.015829, 0.016348), (-0.047831, -0.01275, 0.030203), (-0.01937, 0.021319, 0.019872),
            (-0.033713, 0.016811, 0.014162), (-0.002074, 0.025025, 0.01382), (-0.047589, -0.014697, 0.029956),
            (-0.019099, 0.021941, 0.018312), (-0.001245, 0.024933, 0.012338), (-0.049179, -0.014275, 0.029837),
            (0.001078, 0.024682, 0.010356), (-0.000444, 0.024654, 0.01084), (-0.021344, 0.018611, 0.022983),
            (-0.019869, 0.019636, 0.022285), (-0.002478, 0.025072, 0.014977), (-0.04999, -0.011436, 0.029888),
            (-0.030996, 0.017919, 0.012083), (-0.003493, 0.024958, 0.014972), (-0.020473, 0.020129, 0.021349),
            (-0.032712, 0.017284, 0.013539), (-0.020845, 0.021234, 0.019134), (-0.003702, 0.024703, 0.012713),
            (-0.005191, 0.024679, 0.014163), (-0.050311, -0.01352, 0.029716), (-0.030362, 0.017787, 0.009744),
            (-0.048276, -0.016139, 0.029648), (-0.005704, 0.024423, 0.012415), (-0.031861, 0.017283, 0.00993),
            (-0.013694, 0.023394, 0.016165), (-0.0133, 0.023476, 0.016253), (-0.014012, 0.023326, 0.016466),
            (-0.012221, 0.023671, 0.015412), (-0.032919, 0.017079, 0.011596), (-0.012962, 0.023529, 0.015303),
            (-0.013735, 0.023392, 0.015288), (-0.014261, 0.023272, 0.015937), (-0.005559, 0.024746, 0.015327),
            (-0.014856, 0.023155, 0.016718), (-0.014739, 0.023155, 0.017376), (-0.006527, 0.024629, 0.015441),
            (-0.015542, 0.023, 0.016673), (-0.007162, 0.02439, 0.013927), (-0.014844, 0.023148, 0.015778),
            (-0.007621, 0.024492, 0.01572), (-0.01621, 0.022817, 0.015701), (-0.033511, 0.01689, 0.012501),
            (-0.015568, 0.022953, 0.015067), (-0.033278, 0.017031, 0.013219), (-0.034507, 0.016473, 0.013566),
            (-0.049927, -0.01736, 0.029256), (-0.008839, 0.024238, 0.014716), (-0.035693, 0.015956, 0.013507),
            (-0.035881, 0.015789, 0.014747), (-0.008039, 0.024061, 0.0123), (-0.034457, 0.016456, 0.012687),
            (-0.016529, 0.022701, 0.01752), (-0.016456, 0.022753, 0.016736), (-0.035272, 0.016109, 0.012893),
            (-0.017107, 0.022645, 0.016636), (-0.017809, 0.022485, 0.017389), (-0.009885, 0.023945, 0.013536),
            (-0.051382, -0.012717, 0.029526), (-0.017094, 0.02263, 0.015557), (-0.018, 0.02244, 0.016482),
            (-0.034608, 0.01635, 0.012199), (-0.018405, 0.022336, 0.017441), (-0.018929, 0.022188, 0.01742),
            (-0.019969, 0.02193, 0.017329), (-0.010036, 0.024108, 0.015779), (-0.052826, -0.014008, 0.029159),
            (-0.036125, 0.01571, 0.01267), (-0.035687, 0.015847, 0.011898), (-0.010781, 0.02398, 0.016652),
            (-0.011387, 0.023836, 0.015704), (-0.034763, 0.016088, 0.010469), (-0.050929, -0.015802, 0.029396),
            (-0.011006, 0.0239, 0.01534), (-0.033118, 0.016631, 0.009503), (-0.036204, 0.015509, 0.011018),
            (-0.036593, 0.015453, 0.012323), (-0.007579, 0.009466, 0.033655), (-0.008718, 0.009032, 0.03364),
            (-0.006901, 0.010559, 0.033453), (-0.052153, -0.017674, 0.028955), (-0.051554, -0.019636, 0.0286),
            (-0.035867, 0.015397, 0.00942), (-0.00908, 0.007762, 0.033675), (-0.036526, 0.015271, 0.010377),
            (-0.009784, 0.008912, 0.03361), (-0.010801, 0.009847, 0.033336), (-0.010425, 0.008248, 0.03363),
            (0.01876, -0.010558, 0.014411), (-0.010735, 0.006829, 0.03359), (-0.036947, 0.014987, 0.017573),
            (-0.052699, -0.015544, 0.029115), (0.01603, -0.010535, 0.014569), (-0.011277, 0.008225, 0.033601),
            (0.018022, -0.010533, 0.012959), (0.017966, -0.010439, 0.011499), (-0.054987, -0.014532, 0.028348),
            (-0.038111, 0.01437, 0.017691), (-0.01176, 0.010519, 0.03291), (-0.054078, -0.01607, 0.028786),
            (0.016147, -0.010514, 0.012421), (-0.038621, 0.014237, 0.0167), (-0.012732, 0.00836, 0.033546),
            (-0.011649, 0.008653, 0.033537), (-0.012053, 0.00822, 0.033566), (-0.037124, 0.015105, 0.015485),
            (-0.052268, -0.011457, 0.029076), (-0.013406, 0.007937, 0.033525), (-0.014063, 0.006059, 0.0335),
            (-0.014017, 0.008266, 0.033466), (-0.014794, 0.007625, 0.033497), (0.014424, -0.010543, 0.014205),
            (-0.013464, 0.009977, 0.032969), (-0.013021, 0.011694, 0.031942), (-0.052977, -0.010619, 0.028441),
            (0.01443, -0.010479, 0.012227), (-0.014707, 0.011056, 0.032122), (-0.014839, 0.009112, 0.033183),
            (-0.039276, 0.013739, 0.017784), (0.012755, -0.010569, 0.013788), (-0.054056, -0.012645, 0.028397),
            (-0.054006, -0.011466, 0.028058), (-0.052573, -0.009886, 0.028424), (0.01566, -0.010263, 0.010219),
            (-0.039626, 0.013765, 0.015652), (-0.03885, 0.014288, 0.014265), (-0.015591, 0.006282, 0.03347),
            (-0.053834, -0.009648, 0.027468), (-0.039918, 0.0134, 0.017622), (-0.054732, -0.010935, 0.027357),
            (0.017848, -0.009868, 0.00801), (0.017357, -0.009584, 0.007309), (0.017832, -0.009373, 0.006932),
            (0.016274, -0.010003, 0.008687), (0.014753, -0.010004, 0.008595), (-0.041254, 0.01252, 0.018156),
            (-0.040544, 0.013098, 0.01734), (0.013802, -0.010323, 0.010701), (-0.042239, 0.011874, 0.018281),
            (-0.041947, 0.012387, 0.016286), (-0.015267, 0.012688, 0.030722), (0.012005, -0.010462, 0.01158),
            (0.011606, -0.010557, 0.012969), (-0.04304, 0.011624, 0.017144), (-0.047436, -0.00164, 0.027456),
            (0.013305, -0.010095, 0.009175), (-0.015552, 0.007963, 0.03341), (-0.040555, 0.013307, 0.015076),
            (-0.016585, 0.007324, 0.033388), (0.011532, -0.010217, 0.009712), (-0.017069, 0.008974, 0.032898),
            (-0.016009, 0.010041, 0.032499), (0.012092, -0.00982, 0.007813), (-0.01777, 0.007371, 0.033281),
            (-0.018456, 0.008279, 0.032981), (0.01137, -0.010593, 0.015121), (-0.047984, -0.003081, 0.027987),
            (0.009657, -0.010664, 0.014928), (-0.049118, -0.003211, 0.027326), (-0.01579, 0.00426, 0.033267),
            (-0.04115, 0.013053, 0.013625), (-0.01705, 0.006045, 0.033405), (-0.043327, 0.011704, 0.01509),
            (-0.017059, 0.004059, 0.033234), (-0.050208, -0.004562, 0.027372), (-0.037048, 0.015237, 0.013716),
            (-0.018508, 0.005528, 0.033301), (-0.019265, 0.004163, 0.033184), (0.008056, -0.010693, 0.016629),
            (-0.037286, 0.015114, 0.012561), (-0.037801, 0.01479, 0.011588), (-0.03798, 0.014774, 0.012352),
            (-0.018673, 0.006873, 0.033244), (-0.038394, 0.014617, 0.012636), (-0.049531, -0.000686, 0.025377),
            (-0.050227, -0.002688, 0.026183), (-0.020402, 0.005019, 0.0332), (0.006194, -0.01083, 0.016505),
            (-0.020955, 0.003211, 0.033056), (-0.039049, 0.014235, 0.01202), (-0.020143, 0.007071, 0.033073),
            (-0.019942, 0.006368, 0.033194), (0.007805, -0.010784, 0.014553), (0.009463, -0.010644, 0.01265),
            (-0.021509, 0.006083, 0.033074), (-0.019441, 0.009348, 0.032175), (-0.020923, 0.008175, 0.03255),
            (0.005562, -0.01092, 0.014738), (0.007247, -0.010808, 0.013365), (-0.022396, 0.007012, 0.032801),
            (-0.037008, 0.014949, 0.009826), (-0.037928, 0.01453, 0.010174), (-0.022974, 0.004461, 0.033048),
            (-0.038646, 0.014218, 0.010522), (-0.022546, 0.002568, 0.032956), (-0.022896, 0.005667, 0.032994),
            (0.009755, -0.01044, 0.01075), (0.007732, -0.010646, 0.011657), (-0.039989, 0.013702, 0.011714),
            (-0.04021, 0.013651, 0.012603), (-0.039348, 0.013961, 0.011191), (-0.017237, 0.011865, 0.030894),
            (-0.01737, 0.010346, 0.03198), (-0.052097, -0.005763, 0.026719), (-0.040609, 0.01317, 0.010615),
            (0.009681, -0.010205, 0.009231), (-0.038971, 0.013959, 0.009955), (0.007898, -0.010438, 0.009913),
            (-0.039648, 0.013573, 0.009778), (-0.052873, -0.007321, 0.027023), (-0.018958, 0.01067, 0.031355),
            (-0.052613, -0.005658, 0.026276), (-0.017565, 0.012835, 0.03004), (0.005685, -0.010895, 0.012755),
            (0.005876, -0.0107, 0.010953), (-0.054529, -0.007915, 0.02608), (0.003845, -0.011101, 0.01436),
            (-0.019164, 0.011899, 0.030387), (-0.051941, -0.003876, 0.0257), (-0.041968, 0.012497, 0.011072),
            (-0.05192, -0.002672, 0.024916), (-0.042874, 0.0121, 0.012397), (-0.021763, 0.00887, 0.031969),
            (-0.052937, -0.005498, 0.025929), (0.00395, -0.011058, 0.012354), (-0.053272, -0.004633, 0.025158),
            (0.004617, -0.010713, 0.009715), (0.003395, -0.011025, 0.011168), (-0.020646, 0.010654, 0.030937),
            (-0.05388, -0.006295, 0.025664), (0.016855, -0.008946, 0.006151), (0.016802, -0.009338, 0.006862),
            (0.016216, -0.009327, 0.006794), (-0.022491, 0.009591, 0.031241), (0.015677, -0.009515, 0.007106),
            (-0.023645, 0.008149, 0.031948), (0.01493, -0.009332, 0.006837), (-0.05404, -0.004998, 0.024797),
            (-0.044231, 0.011212, 0.01305), (0.015639, -0.008937, 0.006125), (-0.021803, 0.011117, 0.030252),
            (0.01487, -0.008664, 0.005665), (-0.055098, -0.005737, 0.024381), (-0.024141, 0.009754, 0.030595),
            (0.016498, -0.008345, 0.005172), (0.015611, -0.007788, 0.004381), (0.012818, -0.008171, 0.004897),
            (0.013982, -0.009164, 0.006548), (0.013694, -0.009592, 0.0073), (-0.041591, 0.012362, 0.0088),
            (0.01264, -0.00935, 0.006923), (0.012133, -0.009122, 0.006482), (-0.019936, 0.001725, 0.032879),
            (0.013824, -0.008845, 0.005991), (-0.044115, 0.011022, 0.01031), (0.013169, -0.008809, 0.005932),
            (-0.051612, -0.001615, 0.024437), (0.01224, -0.008877, 0.006049), (0.011078, -0.008508, 0.005372),
            (0.009758, -0.009841, 0.007861), (0.010911, -0.009148, 0.006457), (-0.043246, 0.011397, 0.009054),
            (0.015671, -0.006975, 0.003412), (-0.021973, 0.000247, 0.032607), (0.003161, 0.020789, 0.002416),
            (0.003749, 0.020878, 0.002455), (0.004243, 0.019726, 0.001571), (0.013362, -0.007196, 0.003637),
            (0.002079, 0.020137, 0.001922), (0.002317, 0.021144, 0.002743), (0.001452, 0.021473, 0.0031),
            (0.002206, 0.022048, 0.003742), (-0.051131, 0.000138, 0.023554), (-0.000195, 0.021295, 0.003033),
            (-0.049952, 0.001552, 0.023431), (0.001033, 0.020875, 0.002596), (0.000216, 0.020681, 0.002494),
            (0.000269, 0.020056, 0.002005), (-0.018952, 0.013503, 0.029109), (0.011735, -0.007377, 0.003799),
            (0.002977, 0.018394, 0.000849), (0.004678, 0.018367, 0.000796), (-0.020365, 0.012785, 0.029311),
            (0.009736, -0.007488, 0.003821), (0.009216, -0.008282, 0.004852), (0.001478, 0.018743, 0.001106),
            (-0.05382, -0.00186, 0.022834), (0.002789, 0.016893, 8.9e-05), (-0.052779, -0.000693, 0.022858),
            (-0.019982, 0.01468, 0.027799), (-0.000342, 0.019395, 0.001549), (-0.022227, 0.012203, 0.029224),
            (-0.053955, -0.003323, 0.023776), (0.000873, 0.017078, 0.000268), (-0.05417, -0.003795, 0.023906),
            (0.007592, -0.009909, 0.007722), (-0.024117, 0.011541, 0.029141), (-0.0003, 0.018047, 0.000807),
            (0.009454, -0.009357, 0.006731), (0.010181, -0.009056, 0.006235), (0.009024, -0.008841, 0.005747),
            (-0.021371, 0.014262, 0.02773), (0.008139, -0.009062, 0.006048), (-0.054683, -0.003801, 0.023479),
            (-0.02264, 0.01415, 0.027416), (0.000519, 0.015415, -0.0005), (0.00728, -0.009171, 0.006136),
            (-0.023139, 0.01315, 0.028125), (0.006088, -0.01042, 0.008967), (-0.001151, 0.016516, 9.4e-05),
            (0.005125, -0.010219, 0.008002), (-0.024959, 0.012972, 0.027596), (0.006187, -0.009519, 0.006592),
            (-0.021692, 0.015981, 0.02594), (-0.054962, -0.002625, 0.022393), (-0.055359, -0.004137, 0.023134),
            (-0.001773, 0.021483, 0.003367), (-0.023457, 0.015268, 0.026029), (-0.055395, -0.003645, 0.022761),
            (-0.000624, 0.020714, 0.002564), (-0.056826, -0.005149, 0.022537), (0.00694, -0.00815, 0.00439),
            (0.006099, -0.008642, 0.005038), (-0.055837, -0.002864, 0.021748), (-0.000321, 0.020233, 0.002154),
            (-0.000994, 0.019952, 0.001928), (-0.024996, 0.014375, 0.026308), (-0.054924, -0.009382, 0.026532),
            (-0.002056, 0.020513, 0.002442), (-0.002078, 0.020088, 0.002104), (-0.053605, -0.018272, 0.028669),
            (-0.002587, 0.02065, 0.002614), (-0.003389, 0.020933, 0.002948), (-0.055159, -0.01713, 0.028419),
            (-0.00941, -0.01273, 0.020657), (-0.002705, 0.020183, 0.002222), (-0.004122, 0.020184, 0.00234),
            (-0.0564, -0.015884, 0.027796), (-0.006151, 0.00965, 0.033693), (-0.011903, -0.013396, 0.020587),
            (-0.005515, 0.021414, 0.003871), (-0.01304, -0.013267, 0.022197), (-0.010956, -0.013379, 0.019545),
            (-0.055228, -0.012991, 0.027763), (-0.054717, -0.011999, 0.027769), (-0.00952, -0.013268, 0.018244),
            (-0.004573, 0.020651, 0.002818), (0.004401, -0.010987, 0.016319), (-0.055363, -0.012266, 0.027423),
            (-0.005019, 0.02024, 0.002471), (-0.010797, -0.01371, 0.017666), (0.002819, -0.011027, 0.017555),
            (-0.012628, -0.014192, 0.018067), (-0.056071, -0.011602, 0.026644), (-0.013295, -0.013913, 0.020153),
            (-0.007651, 0.021732, 0.00498), (-0.012249, -0.014371, 0.016105), (-0.006991, 0.020868, 0.003297),
            (-0.006218, 0.020022, 0.002358), (-0.055763, -0.01363, 0.027555), (0.0021, -0.01125, 0.016308),
            (-0.056279, -0.01432, 0.027441), (-0.014506, -0.014509, 0.019337), (-0.056869, -0.014185, 0.027027),
            (6.6e-05, -0.011275, 0.018379), (-0.015661, -0.014394, 0.021106), (-0.001732, 0.019109, 0.001424),
            (-0.00181, -0.01132, 0.019901), (-0.001593, -0.01157, 0.017987), (-0.002437, 0.017616, 0.000697),
            (0.000186, -0.011489, 0.016373), (-0.016661, -0.015184, 0.019419), (-0.015834, -0.015194, 0.017946),
            (-0.003049, 0.019332, 0.001625), (0.001539, -0.011382, 0.014692), (-0.010302, -0.013822, 0.015969),
            (-0.003381, 0.018467, 0.001161), (-0.05762, -0.012734, 0.025889), (-0.001868, -0.011851, 0.015868),
            (-0.00333, 0.01597, -5.2e-05), (-0.057569, -0.014431, 0.026592), (-0.004081, 0.017164, 0.000551),
            (-0.058184, -0.014425, 0.026048), (-0.057603, -0.016378, 0.027051), (-0.017704, -0.015176, 0.020892),
            (-0.018208, -0.014616, 0.022983), (0.00246, -0.011282, 0.013285), (-0.001636, 0.015014, -0.000577),
            (-0.019084, -0.014948, 0.022895), (0.0005, -0.011583, 0.013654), (0.001407, -0.011388, 0.012182),
            (-0.058831, -0.015183, 0.025795), (-0.059083, -0.015768, 0.025791), (-0.019449, -0.015397, 0.022111),
            (-0.020046, -0.015205, 0.02301), (-0.019409, -0.015831, 0.020598), (-0.0208, -0.016223, 0.021041),
            (0.001601, -0.011218, 0.010631), (-0.056146, -0.006157, 0.023763), (-0.056786, -0.004102, 0.021792),
            (-0.021131, -0.015607, 0.022965), (-0.00512, 0.014826, -0.000483), (-0.003377, 0.014413, -0.000749),
            (-0.001177, -0.011845, 0.013927), (-0.022466, -0.015858, 0.023267), (-0.022098, -0.016298, 0.02231),
            (-0.003747, 0.012551, -0.001448), (-0.004782, 0.013346, -0.001126), (-0.003035, -0.012154, 0.014508),
            (-0.0563, -0.009545, 0.025515), (-0.002242, -0.012006, 0.012849), (-0.023086, -0.016522, 0.022609),
            (-0.001094, -0.011716, 0.011394), (-0.004104, 0.019603, 0.001882), (-0.005191, 0.019662, 0.001965),
            (-0.005263, 0.018829, 0.001438), (0.000203, -0.01137, 0.010068), (-0.024014, 0.005446, 0.032892),
            (-0.025083, 0.00465, 0.032876), (-0.024826, 0.006292, 0.032582), (-0.058005, -0.011462, 0.025062),
            (-0.006409, 0.017873, 0.001026), (-0.024586, 0.003144, 0.03292), (-0.026089, 0.002666, 0.032826),
            (-0.005626, 0.016426, 0.000275), (-0.02669, 0.004915, 0.032626), (-0.003252, -0.011688, 0.019185),
            (-0.026749, 0.004066, 0.032749), (-0.00471, -0.011851, 0.01989), (-0.05657, -0.008306, 0.024669),
            (-0.007296, 0.019923, 0.002401), (-0.005605, -0.012308, 0.018081), (-0.007789, 0.018477, 0.001401),
            (-0.02514, 0.007641, 0.031823), (-0.003775, -0.012087, 0.016913), (-0.007883, 0.019701, 0.002293),
            (-0.026907, 0.006164, 0.032151), (-0.057714, -0.00954, 0.024372), (-0.007904, 0.017091, 0.000694),
            (-0.005839, -0.012643, 0.015852), (-0.026286, 0.008147, 0.03106), (-0.059279, -0.009921, 0.023223),
            (-0.006756, 0.015622, -4.2e-05), (-0.027685, 0.006949, 0.031373), (-0.02544, 0.010247, 0.029707),
            (-0.006885, -0.012371, 0.019616), (-0.007083, 0.014003, -0.00074), (-0.028481, 0.005833, 0.031819),
            (-0.028129, 0.003618, 0.032622), (-0.029505, 0.004719, 0.032056), (-0.059106, -0.013288, 0.02487),
            (-0.007876, -0.012793, 0.018538), (-0.028075, 0.008243, 0.030296), (-0.03023, 0.006598, 0.030654),
            (-0.00816, -0.013184, 0.016419), (-0.02951, 0.007849, 0.030003), (-0.059834, -0.014921, 0.024831),
            (-0.008441, 0.015459, -3.5e-05), (-0.030969, 0.0052, 0.031315), (-0.060536, -0.013519, 0.023632),
            (-0.060684, -0.015407, 0.024227), (-0.024274, 0.001476, 0.032788), (-0.004927, -0.012539, 0.014175),
            (-0.059947, -0.01179, 0.023489), (-0.008684, 0.020695, 0.00339), (-0.024911, -0.000558, 0.032468),
            (-0.026238, -0.000268, 0.03252), (-0.007715, -0.013205, 0.014333), (-0.003975, -0.012332, 0.01203),
            (-0.010093, 0.021609, 0.005438), (-0.061705, -0.012494, 0.021955), (-0.061757, -0.014491, 0.022801),
            (-0.010585, 0.020733, 0.003825), (-0.027193, 0.001127, 0.032661), (-0.0573, -0.007216, 0.023448),
            (0.003138, -0.010675, 0.008696), (-0.00998, 0.019895, 0.002741), (-0.012024, 0.020049, 0.003215),
            (-0.010749, 0.019874, 0.002829), (-0.058804, -0.008504, 0.022895), (-0.01236, 0.021075, 0.004946),
            (0.014639, 0.023433, 0.005794), (-0.027633, 0.002917, 0.032731), (-0.028948, 0.001874, 0.032621),
            (-0.058564, -0.006735, 0.021934), (-0.029721, 0.000422, 0.032485), (-0.013678, 0.021401, 0.006341),
            (-0.027934, -0.000699, 0.032436), (-0.013865, 0.021114, 0.005737), (0.012904, 0.022886, 0.004607),
            (-0.030005, 0.003337, 0.032351), (-0.014587, 0.021397, 0.006868), (-0.03028, 0.002399, 0.032442),
            (-0.058806, -0.005216, 0.020408), (-0.015217, 0.020917, 0.006064), (-0.01312, 0.020926, 0.004965),
            (0.011255, 0.023423, 0.005846), (-0.014229, 0.020921, 0.005509), (-0.013602, 0.020863, 0.00506),
            (0.010001, 0.023477, 0.005982), (-0.060066, -0.008092, 0.021198), (-0.014073, 0.020496, 0.004549),
            (-0.014636, 0.020677, 0.005179), (0.014268, 0.022815, 0.004534), (0.013957, 0.021967, 0.003319),
            (-0.013274, 0.020466, 0.00415), (-0.029078, -0.00213, 0.032214), (-0.015781, 0.019758, 0.003834),
            (-0.013556, 0.019712, 0.003161), (-0.014763, 0.019845, 0.003609), (0.014938, 0.020551, 0.002121),
            (0.014462, 0.020771, 0.002261), (-0.061042, -0.010668, 0.021753), (0.014055, 0.021331, 0.002711),
            (-0.008503, 0.019325, 0.002027), (-0.009072, 0.019622, 0.002361), (0.014129, 0.020247, 0.00193),
            (0.01466, 0.019228, 0.001308), (-0.00968, 0.019607, 0.002433), (-0.030205, -0.001413, 0.032301),
            (-0.00965, 0.018472, 0.001558), (0.012979, 0.019419, 0.001399), (0.011821, 0.021642, 0.002988),
            (0.012788, 0.020555, 0.002107), (0.012088, 0.020873, 0.002331), (-0.009328, 0.016611, 0.000535),
            (0.011798, 0.020492, 0.002058), (-0.011474, 0.019336, 0.002429), (-0.031118, 0.002355, 0.032318),
            (-0.031635, 0.000986, 0.032368), (-0.033029, -0.000272, 0.032237), (-0.033236, 0.00084, 0.032172),
            (-0.032237, 0.001727, 0.032225), (0.011198, 0.022556, 0.004143), (-0.011042, 0.017789, 0.001309),
            (-0.061082, -0.008295, 0.020035), (-0.06206, -0.009507, 0.019561), (-0.011768, 0.016327, 0.000574),
            (0.008513, 0.023344, 0.005734), (-0.031466, -0.001176, 0.032287), (0.00924, 0.022674, 0.004344),
            (0.010152, 0.02185, 0.003163), (-0.062311, -0.011179, 0.020433), (-0.062925, -0.010424, 0.018734),
            (-0.034219, -0.001166, 0.032124), (-0.06373, -0.012442, 0.019035), (-0.010106, 0.015263, -4e-05),
            (-0.008736, 0.013684, -0.00079), (0.010701, 0.020376, 0.001953), (-0.042041, 0.008164, 0.02334),
            (-0.010064, 0.013718, -0.000698), (0.010852, 0.018552, 0.000883), (0.009718, 0.020492, 0.001988),
            (0.009655, 0.019541, 0.001406), (-0.035335, 0.000132, 0.031946), (0.008809, 0.021562, 0.002887),
            (0.00761, 0.02235, 0.003874), (-0.036171, -0.002, 0.031957), (-0.011632, 0.014849, -0.000112),
            (0.008257, 0.020535, 0.002041), (0.007639, 0.021236, 0.002631), (0.007074, 0.019471, 0.001389),
            (-0.044853, 0.007261, 0.022205), (-0.011045, 0.012821, -0.001002), (0.0139, 0.018073, 0.000641),
            (-0.012308, 0.01929, 0.002506), (-0.01233, 0.01797, 0.001516), (-0.032007, 0.002867, 0.032034),
            (-0.012827, 0.018981, 0.002293), (-0.043311, 0.008568, 0.022045), (0.01244, 0.016984, 8.9e-05),
            (-0.033332, 0.003658, 0.031418), (-0.032273, 0.005241, 0.030864), (-0.033216, 0.00154, 0.032089),
            (0.012275, 0.015336, -0.000607), (-0.013784, 0.017397, 0.001328), (-0.033986, 0.000957, 0.032044),
            (0.011036, 0.016524, -0.000109), (-0.03459, 0.001872, 0.031713), (-0.034541, 0.000641, 0.03201),
            (-0.013518, 0.019172, 0.002575), (-0.014122, 0.019321, 0.002829), (-0.034919, 0.002937, 0.031179),
            (-0.014313, 0.018936, 0.002476), (0.012875, 0.014088, -0.001084), (-0.014871, 0.019268, 0.002907),
            (-0.015247, 0.018434, 0.002185), (-0.034131, 0.005618, 0.029791), (-0.01612, 0.017287, 0.001495),
            (-0.034638, 0.00458, 0.0303), (-0.045546, 0.006411, 0.022531), (0.010914, 0.014326, -0.001013),
            (-0.047164, 0.005656, 0.022021), (-0.036633, 0.000786, 0.031561), (-0.014118, 0.015097, 0.000174),
            (-0.048081, 0.004246, 0.022617), (-0.012441, 0.013598, -0.000591), (-0.036938, 0.002004, 0.030925),
            (-0.036178, 0.003778, 0.030184), (0.009077, 0.018138, 0.000663), (-0.01384, 0.013002, -0.000739),
            (0.009712, 0.016372, -0.00016), (0.007835, 0.018189, 0.000679), (-0.015076, 0.016117, 0.000738),
            (-0.03623, -0.00023, 0.031842), (0.007748, 0.016245, -0.000251), (-0.037039, -0.000834, 0.031794),
            (-0.046595, 0.007485, 0.020586), (-0.015893, 0.014277, -5e-05), (0.008913, 0.014588, -0.000895),
            (-0.049091, 0.005041, 0.021031), (-0.043031, 0.010606, 0.01988), (-0.026348, 0.0117, 0.028153),
            (-0.044009, 0.009492, 0.02043), (-0.026847, 0.010234, 0.029181), (-0.027971, 0.011317, 0.027807),
            (0.005271, 0.02386, 0.007239), (-0.045345, 0.008367, 0.020622), (-0.027158, 0.009113, 0.029961),
            (0.007138, 0.023236, 0.005628), (-0.045649, 0.009138, 0.019335), (-0.005849, 0.011471, -0.001745),
            (-0.028981, 0.01034, 0.028222), (-0.042836, 0.011466, 0.018377), (-0.029532, 0.009199, 0.028904),
            (0.005872, 0.023102, 0.005429), (-0.043681, 0.011005, 0.018111), (-0.044524, 0.010254, 0.018607),
            (-0.043309, 0.011237, 0.018132), (-0.006466, 0.00953, -0.002293), (-0.045105, 0.009592, 0.019158),
            (-0.031448, 0.008, 0.029055), (-0.007495, 0.012161, -0.001442), (0.006201, 0.022057, 0.003509),
            (0.005081, 0.022358, 0.004034), (0.004362, 0.022857, 0.005043), (-0.045514, 0.009563, 0.018473),
            (-0.008609, 0.011324, -0.001673), (0.006904, 0.020897, 0.002371), (0.006074, 0.020541, 0.002134),
            (-0.031151, 0.00923, 0.028198), (-0.008175, 0.009616, -0.0022), (0.006052, 0.020098, 0.001817),
            (0.005008, 0.021385, 0.002826), (0.005488, 0.021168, 0.002614), (-0.026578, 0.013385, 0.026603),
            (0.003748, 0.021807, 0.003305), (0.005327, 0.020251, 0.001919), (0.004455, 0.020731, 0.00229),
            (-0.047983, 0.007005, 0.019826), (-0.008398, 0.00808, -0.002586), (-0.049326, 0.006289, 0.019204),
            (-0.050055, 0.005576, 0.019316), (-0.046715, 0.008517, 0.018922), (-0.047503, 0.007839, 0.019034),
            (-0.045762, 0.009665, 0.017604), (-0.046879, 0.008797, 0.017583), (-0.048068, 0.007693, 0.018342),
            (0.002865, 0.022764, 0.004981), (-0.030734, 0.010652, 0.027235), (-0.030796, 0.011739, 0.026232),
            (-0.00988, 0.009208, -0.002233), (-0.010227, 0.010716, -0.001773), (-0.048576, 0.007099, 0.018783),
            (-0.032601, 0.008978, 0.027809), (-0.011907, 0.011769, -0.001351), (-0.032575, 0.010829, 0.026214),
            (-0.011833, 0.010061, -0.001884), (-0.04976, 0.006555, 0.017624), (-0.050047, 0.003316, 0.021895),
            (-0.032996, 0.006892, 0.029284), (0.006085, 0.017848, 0.000513), (0.006169, 0.016133, -0.000289),
            (-0.01023, 0.00735, -0.002695), (-0.034249, 0.007925, 0.027933), (-0.050753, 0.004143, 0.020355),
            (0.004699, 0.016499, -9.9e-05), (-0.050971, 0.004677, 0.019414), (-0.033929, 0.010092, 0.026236),
            (-0.011496, 0.008729, -0.002297), (-0.051416, 0.005071, 0.017916), (-0.012071, 0.007502, -0.00258),
            (-0.04482, 0.01054, 0.01659), (-0.013611, 0.011066, -0.001469), (-0.035484, 0.006366, 0.028624),
            (-0.036165, 0.005253, 0.029158), (-0.015348, 0.012409, -0.000874), (-0.046388, 0.009598, 0.015595),
            (-0.045349, 0.010411, 0.014485), (-0.015908, 0.010361, -0.001594), (-0.013707, 0.009431, -0.001974),
            (-0.013819, 0.006559, -0.002718), (-0.04712, 0.00919, 0.014008), (-0.014748, 0.007573, -0.002434),
            (-0.015462, 0.008759, -0.00208), (-0.048819, 0.007577, 0.016526), (-0.047661, 0.008572, 0.016085),
            (-0.016081, 0.005389, -0.002835), (-0.014035, 0.005271, -0.002964), (-0.048499, 0.008142, 0.013669),
            (-0.049518, 0.00726, 0.014407), (-0.046122, 0.009914, 0.012663), (-0.014742, 0.021544, 0.007322),
            (-0.015497, 0.021342, 0.007229), (-0.01576, 0.021046, 0.006681), (-0.045515, 0.010167, 0.010962),
            (-0.015718, 0.020552, 0.005451), (-0.016422, 0.020684, 0.006177), (-0.016953, 0.020955, 0.007107),
            (-0.047415, 0.008809, 0.011449), (-0.018012, 0.020757, 0.007318), (-0.018205, 0.020361, 0.006376),
            (-0.017457, 0.020085, 0.005316), (-0.01611, 0.019973, 0.0044), (-0.017407, 0.019693, 0.004342),
            (-0.04593, 0.009607, 0.00942), (-0.018986, 0.019709, 0.005142), (-0.019222, 0.020619, 0.007579),
            (-0.050531, 0.006241, 0.0161), (-0.020457, 0.020368, 0.007682), (-0.019707, 0.020281, 0.00695),
            (-0.020031, 0.019909, 0.006214), (-0.019643, 0.019766, 0.005654), (-0.0514, 0.001577, 0.022227),
            (-0.021706, 0.020015, 0.007582), (-0.022027, 0.019296, 0.005973), (-0.020387, 0.019219, 0.004814),
            (-0.051895, 0.002108, 0.02129), (-0.015517, 0.019453, 0.003279), (-0.016404, 0.018974, 0.002902),
            (-0.051799, 0.002981, 0.020534), (-0.052619, 0.002256, 0.020424), (-0.053019, 0.000653, 0.021548),
            (-0.017185, 0.019179, 0.003371), (-0.016976, 0.018386, 0.002443), (-0.016187, 0.018218, 0.00218),
            (-0.054213, -0.00136, 0.022099), (-0.053862, -8.3e-05, 0.021394), (-0.018907, 0.019412, 0.004424),
            (-0.018071, 0.019044, 0.003463), (-0.018098, 0.018022, 0.002306), (-0.053343, 0.001622, 0.020266),
            (-0.053587, 0.000754, 0.020886), (-0.019202, 0.018851, 0.00354), (-0.054912, -1.2e-05, 0.020121),
            (-0.018685, 0.017546, 0.002021), (-0.018247, 0.016595, 0.001341), (-0.019383, 0.017768, 0.002356),
            (-0.017299, 0.01577, 0.000794), (-0.054996, -0.002053, 0.021902), (-0.055274, -0.001211, 0.020932),
            (-0.017584, 0.014112, 1e-06), (-0.019386, 0.015353, 0.000792), (-0.018979, 0.013018, -0.00036),
            (-0.020337, 0.013969, 0.000182), (-0.057064, -0.00199, 0.01936), (-0.056854, -0.002811, 0.020537),
            (-0.0212, 0.018018, 0.003086), (-0.052322, 0.003413, 0.01939), (-0.021843, 0.01859, 0.004253),
            (-0.019941, 0.017761, 0.002444), (-0.05147, 0.004232, 0.019368), (-0.020437, 0.017067, 0.001947),
            (-0.05253, 0.004124, 0.017582), (-0.053907, 0.002492, 0.018135), (-0.053586, 0.003286, 0.016595),
            (-0.054792, 0.001097, 0.018914), (-0.05534, 0.001161, 0.017529), (-0.023022, 0.017393, 0.002859),
            (-0.021648, 0.016598, 0.001834), (-0.054734, 0.002256, 0.015772), (-0.021621, 0.015065, 0.00093),
            (-0.056263, -0.000289, 0.018403), (-0.022994, 0.016776, 0.002262), (-0.023565, 0.01622, 0.001953),
            (-0.02322, 0.015038, 0.001154), (-0.022931, 0.013628, 0.000342), (-0.055782, 0.001016, 0.016038),
            (-0.022924, 0.019641, 0.007513), (-0.057144, -0.00071, 0.016499), (-0.057462, -0.001545, 0.017907),
            (-0.023941, 0.018758, 0.00592), (-0.05673, -2e-06, 0.015443), (-0.025264, 0.019097, 0.007826),
            (-0.057855, -0.001274, 0.014471), (-0.050419, 0.006485, 0.012503), (-0.051005, 0.006029, 0.014006),
            (-0.028026, 0.018072, 0.00743), (-0.0474, 0.008483, 0.00897), (-0.048678, 0.007763, 0.01073),
            (-0.024243, 0.017795, 0.003957), (-0.025095, 0.018031, 0.004966), (-0.050088, 0.006626, 0.010983),
            (-0.026679, 0.018087, 0.006177), (-0.050178, 0.006401, 0.009682), (-0.052254, 0.004844, 0.01156),
            (-0.027464, 0.017166, 0.004695), (-0.026342, 0.016997, 0.00369), (-0.029439, 0.017787, 0.008322),
            (-0.049018, 0.007012, 0.008098), (-0.028874, 0.017176, 0.005825), (-0.050299, 0.005951, 0.007935),
            (-0.051591, 0.005168, 0.009599), (-0.051851, 0.004577, 0.00778), (-0.052011, 0.005013, 0.015542),
            (-0.02893, 0.016136, 0.003664), (-0.030531, 0.016556, 0.005649), (-0.030075, 0.015582, 0.003464),
            (-0.024567, 0.016738, 0.002679), (-0.053198, 0.003878, 0.015352), (-0.025006, 0.015383, 0.001699),
            (-0.024678, 0.013663, 0.000589), (-0.052629, 0.004582, 0.013513), (-0.025264, 0.016087, 0.00227),
            (-0.025852, 0.015827, 0.002182), (-0.027464, 0.015922, 0.002758), (-0.026485, 0.015357, 0.001972),
            (-0.026001, 0.013952, 0.000979), (-0.054151, 0.003092, 0.013833), (-0.027358, 0.015031, 0.001943),
            (-0.054273, 0.002926, 0.012062), (-0.028509, 0.014877, 0.002106), (-0.027003, 0.013514, 0.000889),
            (-0.029278, 0.014145, 0.001755), (-0.028006, 0.012715, 0.000642), (-0.056039, 0.000986, 0.014033),
            (-0.03078, 0.014731, 0.002702), (-0.030274, 0.01393, 0.001884), (-0.029891, 0.012613, 0.000977),
            (-0.031129, 0.013474, 0.00176), (-0.016936, 0.012101, -0.000904), (-0.05745, -0.000672, 0.013011),
            (-0.055328, 0.00181, 0.012696), (-0.017756, 0.010132, -0.001537), (-0.018556, 0.011328, -0.001079),
            (-0.056085, 0.00094, 0.011639), (-0.020372, 0.011914, -0.000719), (-0.020117, 0.010152, -0.001394),
            (-0.016893, 0.007368, -0.002372), (-0.053136, 0.003922, 0.010568), (-0.018254, 0.008949, -0.001864),
            (-0.054521, 0.002479, 0.010018), (-0.055256, 0.001583, 0.009311), (-0.053669, 0.003166, 0.00904),
            (-0.018826, 0.00696, -0.002347), (-0.020521, 0.008895, -0.001746), (-0.052694, 0.004043, 0.008883),
            (-0.0214, 0.012703, -0.0003), (-0.05285, 0.003358, 0.006722), (-0.022299, 0.010958, -0.000902),
            (-0.022013, 0.009587, -0.001403), (-0.020578, 0.007298, -0.002142), (-0.022388, 0.008189, -0.001782),
            (-0.022031, 0.006107, -0.002312), (-0.020661, 0.005248, -0.002585), (-0.057136, -0.000346, 0.011),
            (-0.023894, 0.00963, -0.001212), (-0.05848, -0.001954, 0.01227), (-0.058483, -0.00206, 0.010765),
            (-0.023549, 0.006703, -0.002064), (-0.054229, 0.002058, 0.007033), (-0.023155, 0.012392, -0.00023),
            (-0.023982, 0.01139, -0.000563), (-0.055502, 0.000562, 0.006832), (-0.018123, 0.005703, -0.002643),
            (-0.018307, 0.004108, -0.00292), (-0.056471, 0.0001, 0.008824), (-0.01974, 0.004506, -0.002784),
            (-0.057738, -0.00149, 0.008915), (-0.019957, 0.002712, -0.003033), (-0.056317, -0.000801, 0.006058),
            (-0.059515, -0.00359, 0.009695), (-0.02196, 0.003825, -0.002771), (-0.021403, 0.001363, -0.003095),
            (-0.058944, -0.003416, 0.007864), (-0.057706, -0.00236, 0.006519), (-0.056614, -0.002091, 0.004757),
            (-0.023515, 0.004925, -0.002461), (-0.057467, -0.003316, 0.004636), (-0.024082, 0.003682, -0.002653),
            (-0.059072, -0.004431, 0.00623), (-0.022538, 0.002446, -0.002909), (-0.023509, 0.001105, -0.003042),
            (-0.023577, -0.00042, -0.003184), (-0.022707, -0.001398, -0.003294), (-0.057885, -0.003862, 0.020269),
            (-0.024835, 0.00867, -0.001416), (-0.058696, -0.003558, 0.018601), (-0.026112, 0.007632, -0.001584),
            (-0.025231, 0.006479, -0.00198), (-0.027731, 0.008404, -0.001186), (-0.028141, 0.005832, -0.001875),
            (-0.029249, 0.007791, -0.001216), (-0.029425, 0.006229, -0.001635), (-0.025459, 0.01237, 4.7e-05),
            (-0.060018, -0.006072, 0.01947), (-0.025501, 0.010802, -0.000616), (-0.026821, 0.011407, -0.000197),
            (-0.059806, -0.004925, 0.018198), (-0.060663, -0.005865, 0.017454), (-0.027122, 0.009668, -0.000836),
            (-0.061496, -0.007418, 0.018057), (-0.028609, 0.011297, 2.5e-05), (-0.062288, -0.008835, 0.018045),
            (-0.028914, 0.00991, -0.00051), (-0.030504, 0.010707, 9.2e-05), (-0.062671, -0.009045, 0.016768),
            (-0.061928, -0.007415, 0.015829), (-0.063548, -0.011169, 0.017585), (-0.030631, 0.009097, -0.000561),
            (-0.058731, -0.002995, 0.017317), (-0.024651, 0.002346, -0.002832), (-0.060101, -0.00469, 0.016338),
            (-0.059606, -0.003811, 0.015699), (-0.025634, 0.004771, -0.002326), (-0.06112, -0.006181, 0.016213),
            (-0.058741, -0.002449, 0.014723), (-0.027226, 0.005266, -0.002093), (-0.059834, -0.003877, 0.014006),
            (-0.02671, 0.003461, -0.002494), (-0.026194, 0.001901, -0.002792), (-0.061086, -0.005804, 0.014655),
            (-0.02845, 0.002579, -0.002513), (-0.025485, 6.7e-05, -0.003038), (-0.060727, -0.005087, 0.012587),
            (-0.061712, -0.00652, 0.013285), (-0.024396, -0.002398, -0.003266), (-0.026076, -0.001556, -0.00311),
            (-0.027638, 0.001109, -0.00278), (-0.027422, -0.00139, -0.003023), (-0.062881, -0.009022, 0.015193),
            (-0.062396, -0.007817, 0.014143), (-0.062608, -0.008233, 0.01216), (-0.061593, -0.006585, 0.011658),
            (-0.059521, -0.003365, 0.012004), (-0.029139, 6.9e-05, -0.002766), (-0.028501, -0.001835, -0.002968),
            (-0.029705, -0.00211, -0.002882), (-0.060621, -0.005127, 0.010351), (-0.031371, 0.016994, 0.007936),
            (-0.060501, -0.005665, 0.008043), (-0.06172, -0.007002, 0.010197), (-0.032956, 0.016165, 0.007441),
            (-0.032003, 0.015861, 0.005422), (-0.046314, 0.008961, 0.007799), (-0.033232, 0.015404, 0.005564),
            (-0.046919, 0.00812, 0.006384), (-0.032479, 0.014924, 0.00388), (-0.048014, 0.007653, 0.007488),
            (-0.03472, 0.01456, 0.005056), (-0.034444, 0.015816, 0.008334), (-0.046119, 0.008231, 0.005228),
            (-0.048328, 0.006993, 0.006161), (-0.036124, 0.014774, 0.007356), (-0.037015, 0.014757, 0.00883),
            (-0.046554, 0.00768, 0.004589), (-0.046014, 0.007809, 0.004085), (-0.034869, 0.015034, 0.00637),
            (-0.047466, 0.007091, 0.004759), (-0.047042, 0.006428, 0.003211), (-0.04797, 0.006416, 0.004226),
            (-0.048844, 0.00596, 0.004655), (-0.048387, 0.005125, 0.003027), (-0.036698, 0.014006, 0.005922),
            (-0.049807, 0.005815, 0.006174), (-0.032626, 0.014119, 0.002837), (-0.051087, 0.004729, 0.006077),
            (-0.049645, 0.005392, 0.004835), (-0.049755, 0.004936, 0.004278), (-0.05032, 0.004466, 0.004344),
            (-0.03833, 0.014098, 0.008998), (-0.038381, 0.013457, 0.006655), (-0.047772, 0.002613, 0.001301),
            (-0.046861, 0.003248, 0.001209), (-0.047787, 0.003698, 0.001787), (-0.04957, 0.003916, 0.002904),
            (-0.03971, 0.013368, 0.008869), (-0.040694, 0.01287, 0.008998), (-0.048673, 0.002441, 0.001579),
            (-0.04024, 0.012752, 0.007581), (-0.048341, 0.001547, 0.001136), (-0.047202, 0.000757, 0.000521),
            (-0.047093, -0.001664, 6.3e-05), (-0.048481, -0.000133, 0.000713), (-0.04933, 0.001345, 0.001449),
            (-0.050218, 0.000489, 0.001502), (-0.049084, -0.001538, 0.000646), (-0.051543, 0.0037, 0.00488),
            (-0.042144, 0.011919, 0.008273), (-0.042563, 0.011395, 0.007493), (-0.05285, 0.002673, 0.005242),
            (-0.041761, 0.0119, 0.007517), (-0.050968, 0.003763, 0.004186), (-0.050834, 0.002724, 0.002934),
            (-0.050123, 0.001352, 0.001775), (-0.052069, 0.002807, 0.004324), (-0.031669, 0.011826, 0.000908),
            (-0.0322, 0.013222, 0.001876), (-0.032845, 0.012818, 0.001783), (-0.033284, 0.011562, 0.001139),
            (-0.052093, 0.001639, 0.003098), (-0.052998, 0.00193, 0.004398), (-0.033645, 0.012417, 0.001735),
            (-0.051396, -0.000501, 0.001686), (-0.051037, 0.000542, 0.001868), (-0.050553, -0.001197, 0.001204),
            (-0.052711, 0.000252, 0.002664), (-0.05169, -0.001135, 0.001635), (-0.052054, -0.001979, 0.001598),
            (-0.051943, -0.002569, 0.001445), (-0.053779, -0.001423, 0.002535), (-0.053003, -0.002802, 0.001836),
            (-0.046429, 0.00398, 0.001343), (-0.0543, 0.001196, 0.005353), (-0.053493, 0.001072, 0.004017),
            (-0.053998, 0.000521, 0.004042), (-0.054601, -0.000408, 0.003827), (-0.055155, -0.001975, 0.003232),
            (-0.053553, -0.002716, 0.002075), (-0.055164, -0.000379, 0.004579), (-0.055262, -0.001093, 0.003957),
            (-0.055806, -0.00158, 0.004146), (-0.056562, -0.002495, 0.00423), (-0.056321, -0.0033, 0.003473),
            (-0.017721, -0.008917, 0.000236), (-0.0175, -0.007609, -0.000657), (-0.016935, -0.008683, 0.000203),
            (-0.049442, -0.027096, 0.007919), (-0.051062, -0.026774, 0.006789), (-0.049119, -0.025905, 0.006453),
            (-0.016232, -0.010654, 0.002191), (-0.018381, -0.011477, 0.002442), (-0.018882, -0.010695, 0.001523),
            (-0.04827, -0.029524, 0.013401), (-0.049451, -0.030096, 0.013447), (-0.048616, -0.029438, 0.012636),
            (-0.050643, -0.030202, 0.012461), (-0.050232, -0.030434, 0.013443), (-0.01944, -0.012465, 0.003165),
            (-0.020981, -0.011781, 0.001968), (-0.020835, -0.010447, 0.000792), (-0.046316, -0.010793, -0.000486),
            (-0.047545, -0.012756, -5.7e-05), (-0.047864, -0.010739, -0.000139), (-0.049222, -0.029181, 0.011534),
            (-0.049314, -0.011478, 0.000234), (-0.049181, -0.009403, 0.000114), (-0.050764, -0.030775, 0.01377),
            (-0.052355, -0.031164, 0.013006), (0.005317, -0.009659, 0.006713), (-0.051636, -0.031217, 0.013936),
            (-0.019327, -0.009586, 0.00043), (-0.020134, -0.01017, 0.000741), (-0.018263, -0.009206, 0.000361),
            (-0.019151, -0.008687, -0.000205), (0.003854, -0.009787, 0.006685), (-0.047247, -0.014587, 0.000109),
            (-0.045882, -0.013641, -0.000274), (-0.020372, -0.009633, 0.000245), (0.004858, -0.00942, 0.006183),
            (-0.051187, -0.029354, 0.010431), (-0.048954, -0.013934, 0.000316), (-0.049795, -0.028719, 0.010236),
            (-0.021489, -0.008561, -0.000737), (-0.022451, -0.009889, -3.1e-05), (-0.021797, -0.010876, 0.000908),
            (0.004418, -0.008753, 0.004991), (-0.047192, -0.00897, -0.000366), (0.003365, -0.009311, 0.005692),
            (-0.052433, -0.030635, 0.011895), (-0.02173, -0.014382, 0.004748), (-0.020031, -0.01399, 0.004986),
            (-0.022398, -0.015354, 0.005875), (-0.023946, -0.014754, 0.004232), (-0.050313, -0.013541, 0.000613),
            (-0.051622, -0.011517, 0.000843), (-0.022831, -0.013869, 0.003572), (-0.051614, -0.0095, 0.000754),
            (-0.021409, -0.013106, 0.003205), (-0.052729, -0.029833, 0.010305), (0.002597, -0.00831, 0.004014),
            (-0.05271, -0.031714, 0.013933), (-0.053791, -0.03203, 0.01345), (-0.051471, -0.014165, 0.000975),
            (-0.022456, -0.011943, 0.00166), (-0.023379, -0.012629, 0.002075), (-0.054553, -0.03151, 0.011942),
            (-0.024956, -0.013058, 0.001999), (-0.007924, -0.013291, 0.012775), (-0.006366, -0.012872, 0.012019),
            (-0.054461, -0.032787, 0.014354), (-0.055509, -0.032403, 0.012704), (-0.023002, -0.011142, 0.000821),
            (-0.005694, -0.01257, 0.010834), (-0.024542, -0.011547, 0.000773), (-0.053025, -0.012014, 0.001238),
            (-0.052821, -0.014032, 0.001342), (-0.022441, -0.010799, 0.000682), (-0.009982, -0.013846, 0.013987),
            (-0.056015, -0.033661, 0.014484), (-0.056968, -0.033422, 0.013157), (-0.023905, -0.01085, 0.000374),
            (-0.023679, -0.011141, 0.00066), (-0.025566, -0.011923, 0.000841), (-0.053968, -0.030228, 0.010258),
            (-0.025024, -0.011015, 0.000222), (-0.056851, -0.006657, 0.002882), (-0.055644, -0.005827, 0.002453),
            (-0.055931, -0.006604, 0.002471), (-0.025707, -0.012458, 0.001246), (-0.05544, -0.03088, 0.010477),
            (-0.026449, -0.012351, 0.00096), (-0.026608, -0.011652, 0.000362), (-0.009436, -0.01362, 0.011682),
            (-0.027604, -0.012586, 0.000839), (-0.056549, -0.031776, 0.011103), (-0.028844, -0.012313, 0.000324),
            (-0.053018, -0.006832, 0.001264), (-0.05501, -0.00678, 0.002037), (-0.054053, -0.006454, 0.001673),
            (-0.024117, -0.016132, 0.006253), (-0.053162, -0.00853, 0.001217), (-0.05491, -0.007725, 0.001879),
            (-0.053839, -0.010096, 0.001435), (0.001967, -0.01074, 0.008365), (-0.025576, -0.014917, 0.003748),
            (-0.02511, -0.015892, 0.00532), (0.000684, -0.010766, 0.007885), (-0.055382, -0.009417, 0.001956),
            (-0.050095, -0.027901, 0.008737), (0.002601, -0.01005, 0.006886), (0.002063, -0.010155, 0.006929),
            (-0.051667, -0.028196, 0.008441), (-0.026988, -0.015926, 0.004414), (-0.026225, -0.016993, 0.006482),
            (0.000343, -0.010339, 0.006801), (-0.001029, -0.011336, 0.00885), (-0.028193, -0.017054, 0.005444),
            (-0.055319, -0.008136, 0.002012), (-0.001073, -0.010735, 0.007117), (-0.05636, -0.007685, 0.002534),
            (-0.055856, -0.008748, 0.002175), (-0.003479, -0.011991, 0.009996), (-0.028836, -0.01585, 0.003585),
            (-0.052973, -0.028861, 0.008756), (-0.026433, -0.014128, 0.002597), (-0.028503, -0.014713, 0.002476),
            (-0.055168, -0.011806, 0.001921), (-0.055899, -0.011085, 0.002163), (-0.056229, -0.010237, 0.002283),
            (-0.056223, -0.009448, 0.002294), (-0.002783, -0.011595, 0.008696), (-0.027015, -0.012979, 0.001325),
            (-0.052445, -0.027417, 0.00711), (-0.001974, -0.01086, 0.007046), (-0.002633, -0.011088, 0.007332),
            (-0.058183, -0.0044, 0.004539), (-0.057664, -0.00383, 0.004371), (-0.028385, -0.013271, 0.001191),
            (-0.05389, -0.027558, 0.006954), (-0.003976, -0.011435, 0.007535), (-0.054865, -0.028396, 0.007642),
            (-0.003151, -0.011112, 0.007192), (-0.058217, -0.006612, 0.003625), (-0.058277, -0.005433, 0.004019),
            (0.001779, -0.009416, 0.005483), (-0.057398, -0.007624, 0.003018), (0.001172, -0.009953, 0.006269),
            (-0.029303, -0.013234, 0.000934), (-0.05481, -0.029721, 0.009204), (-0.001015, -0.010186, 0.006072),
            (-0.058873, -0.005136, 0.004809), (-0.059991, -0.005966, 0.005779), (-0.059383, -0.005984, 0.004854),
            (-0.000121, -0.008944, 0.004288), (-0.014522, -0.005534, -0.001513), (-0.014587, -0.006923, -0.000632),
            (-0.016488, -0.005645, -0.001719), (0.000961, -0.008777, 0.004315), (-0.016041, -0.007362, -0.000573),
            (-0.056871, -0.030572, 0.009507), (0.00127, -0.007782, 0.003176), (-0.055706, -0.029396, 0.008561),
            (-0.018403, -0.005831, -0.001877), (-0.059609, -0.006519, 0.004756), (-0.002233, -0.009955, 0.005326),
            (-0.001565, -0.00854, 0.003529), (-0.014509, -0.003619, -0.002536), (-0.015996, -0.003876, -0.002556),
            (-0.017647, -0.004051, -0.002633), (-0.059471, -0.007596, 0.004215), (-0.056899, -0.010305, 0.002553),
            (-0.056724, -0.011062, 0.002479), (-0.004614, -0.010611, 0.005661), (-0.05794, -0.009896, 0.003051),
            (-0.00477, -0.011548, 0.007458), (-0.057736, -0.011512, 0.002895), (-0.057077, -0.028489, 0.007686),
            (-0.019303, -0.004586, -0.002588), (-0.058499, -0.010562, 0.003284), (-0.059053, -0.011505, 0.003512),
            (-0.057662, -0.0295, 0.008482), (-0.003351, -0.009563, 0.004419), (-0.05933, -0.010575, 0.003695),
            (-0.058948, -0.010015, 0.003539), (-0.01933, -0.006834, -0.001443), (-0.059313, -0.00896, 0.003832),
            (-0.059814, -0.0096, 0.004024), (-0.060135, -0.010434, 0.004149), (-0.021202, -0.005558, -0.002379),
            (-0.020913, -0.00694, -0.001634), (-0.057512, -0.009104, 0.002911), (-0.058233, -0.008016, 0.003383),
            (-0.023017, -0.006879, -0.001994), (-0.054228, -0.020148, 0.028238), (-0.054449, -0.022127, 0.027745),
            (-0.020311, -0.008065, -0.000838), (-0.005743, -0.012205, 0.008892), (-0.007211, -0.012721, 0.009805),
            (-0.056038, -0.020178, 0.027967), (-0.055423, -0.018651, 0.028277), (-0.058739, -0.00846, 0.003587),
            (-0.022589, -0.008683, -0.000871), (-0.007248, -0.0123, 0.008107), (-0.060529, -0.00895, 0.004707),
            (-0.008393, -0.012432, 0.007763), (-0.008404, -0.013086, 0.010212), (-0.052221, -0.015697, 0.001405),
            (-0.054739, -0.015059, 0.002052), (-0.05772, -0.018423, 0.027335), (-0.054635, -0.013402, 0.001842),
            (-0.010597, -0.013826, 0.011124), (-0.019463, -0.002999, -0.003165), (-0.05612, -0.014285, 0.002438),
            (-0.051086, -0.019631, 0.001846), (-0.052485, -0.020372, 0.002433), (-0.052657, -0.018543, 0.002023),
            (-0.020896, -0.002214, -0.00336), (-0.021629, -0.003669, -0.003132), (-0.0096, -0.013149, 0.009157),
            (-0.011244, -0.013569, 0.009208), (-0.058372, -0.020513, 0.02708), (-0.056507, -0.022154, 0.027545),
            (-0.053754, -0.019527, 0.002593), (-0.01097, -0.013153, 0.008113), (-0.005629, -0.011481, 0.006926),
            (-0.006634, -0.011937, 0.007482), (-0.023452, -0.00414, -0.003152), (-0.006707, -0.011003, 0.005609),
            (-0.053828, -0.023586, 0.027274), (-0.055802, -0.023794, 0.027107), (-0.0537, -0.016986, 0.002057),
            (-0.054796, -0.018191, 0.002639), (-0.055267, -0.016985, 0.00256), (-0.056213, -0.018199, 0.003144),
            (-0.054413, -0.018704, 0.002615), (-0.007488, -0.011964, 0.007134), (-0.054863, -0.020551, 0.003264),
            (-0.054569, -0.024848, 0.026758), (-0.008723, -0.011694, 0.006083), (-0.05579, -0.019675, 0.003354),
            (-0.006192, -0.009886, 0.004084), (-0.051545, -0.017024, 0.001447), (-0.007809, -0.010455, 0.00437),
            (-0.023958, -0.009042, -0.000917), (-0.009903, -0.012745, 0.007719), (-0.009217, -0.012458, 0.007408),
            (-0.01063, -0.012688, 0.007169), (-0.011879, -0.012886, 0.006973), (-0.025687, -0.010453, -0.000319),
            (-0.012683, -0.013394, 0.007735), (-0.056781, -0.024895, 0.026619), (-0.025552, -0.009021, -0.001219),
            (-0.055888, -0.015574, 0.002519), (-0.05595, -0.016636, 0.002734), (-0.011075, -0.01202, 0.005659),
            (-0.057727, -0.023625, 0.026928), (-0.009812, -0.011137, 0.00474), (-0.025222, -0.007689, -0.001906),
            (-0.056596, -0.013564, 0.002545), (-0.057467, -0.014298, 0.002957), (-0.056349, -0.01474, 0.002567),
            (-0.056815, -0.015255, 0.002808), (-0.013078, -0.012315, 0.005349), (-0.05839, -0.01534, 0.003482),
            (-0.028101, -0.01084, -0.000545), (-0.027367, -0.00944, -0.001276), (-0.059071, -0.013656, 0.003632),
            (-0.058121, -0.0258, 0.026148), (-0.059481, -0.023783, 0.026198), (-0.060442, -0.014767, 0.004462),
            (-0.058847, -0.022255, 0.02671), (-0.030263, -0.011277, -0.000695), (-0.029432, -0.009716, -0.00148),
            (-0.000778, -0.00708, 0.002032), (-0.027011, -0.007599, -0.002174), (-0.028863, -0.007783, -0.002342),
            (-0.057648, -0.01909, 0.003977), (-0.057329, -0.017188, 0.00337), (-0.060057, -0.020234, 0.025855),
            (-0.002524, -0.007433, 0.002115), (-0.003263, -0.00653, 0.001109), (-0.003162, -0.008527, 0.003191),
            (-0.024779, -0.004407, -0.00317), (-0.060433, -0.021893, 0.025564), (-0.025112, -0.006483, -0.002441),
            (-0.025979, -0.005188, -0.003026), (-0.00453, -0.008926, 0.003338), (-0.060882, -0.023547, 0.025188),
            (-0.058874, -0.017272, 0.004075), (-0.004377, -0.007667, 0.001982), (-0.059134, -0.019695, 0.00491),
            (-0.005909, -0.008482, 0.002502), (-0.026715, -0.0036, -0.003176), (-0.058808, -0.0171, 0.026291),
            (-0.059266, -0.018829, 0.026356), (-0.004393, -0.005578, 0.000112), (-0.005219, -0.006697, 0.000877),
            (-0.006799, -0.006933, 0.000778), (-0.00559, -0.00592, 0.000163), (-0.05984, -0.018293, 0.025799),
            (-0.005094, -0.006084, 0.000384), (-0.02785, -0.006304, -0.002791), (-0.060743, -0.019129, 0.025329),
            (-0.028823, -0.004297, -0.003017), (-0.006495, -0.00567, -0.000174), (-0.056143, -0.012904, 0.002329),
            (-0.029371, -0.006024, -0.00291), (-0.05964, -0.01632, 0.025486), (-0.030699, -0.005075, -0.002924),
            (-0.007216, -0.004556, -0.00107), (-0.059949, -0.017036, 0.025453), (-0.060252, -0.017658, 0.025356),
            (-0.031475, -0.00265, -0.002774), (-0.056216, -0.011793, 0.002302), (-0.00744, -0.008879, 0.002589),
            (-0.009449, -0.009882, 0.003234), (-0.060637, -0.018313, 0.025213), (-0.061175, -0.019427, 0.024921),
            (-0.030319, -0.00775, -0.002514), (-0.061798, -0.018575, 0.024066), (-0.061228, -0.016851, 0.024172),
            (-0.056717, -0.012413, 0.002526), (-0.057737, -0.012756, 0.002947), (-0.056816, -0.011612, 0.002531),
            (-0.009269, -0.009011, 0.002302), (-0.008366, -0.007719, 0.001174), (-0.010834, -0.01034, 0.003392),
            (-0.011715, -0.011207, 0.004172), (-0.029232, -0.018187, 0.006577), (-0.029922, -0.01693, 0.004402),
            (-0.061475, -0.020968, 0.024639), (-0.010633, -0.008668, 0.001574), (-0.030962, -0.018289, 0.005788),
            (-0.030572, -0.019127, 0.007378), (-0.012376, -0.009954, 0.002503), (-0.060014, -0.012361, 0.004037),
            (-0.031914, -0.017926, 0.00468), (-0.013675, -0.011446, 0.003854), (-0.06199, -0.024097, 0.024186),
            (-0.061633, -0.022667, 0.024517), (-0.06174, -0.021733, 0.024414), (-0.013874, -0.010091, 0.002246),
            (-0.030939, -0.015536, 0.002511), (-0.062174, -0.021641, 0.023949), (-0.031575, -0.016832, 0.003568),
            (-0.007057, -0.006091, 4.8e-05), (-0.007949, -0.006578, 0.000246), (-0.061605, -0.019943, 0.02454),
            (-0.043849, -0.023715, 0.006087), (-0.044313, -0.022735, 0.004776), (-0.041956, -0.022599, 0.005664),
            (-0.045713, -0.024133, 0.005723), (-0.062291, -0.020299, 0.023838), (-0.045697, -0.024936, 0.006733),
            (-0.032839, -0.019152, 0.005938), (-0.033299, -0.017846, 0.003969), (-0.046874, -0.025764, 0.007295),
            (-0.010165, -0.007273, 0.000394), (-0.00927, -0.006756, 0.00014), (-0.033501, -0.016743, 0.002731),
            (-0.008683, -0.005626, -0.000576), (-0.042916, -0.021364, 0.003935), (-0.035065, -0.019751, 0.005554),
            (-0.03367, -0.020231, 0.007134), (-0.056439, -0.026696, 0.025832), (-0.05542, -0.027726, 0.025339),
            (-0.034586, -0.018219, 0.003884), (-0.0101, -0.006029, -0.000536), (-0.044348, -0.021689, 0.003732),
            (-0.011019, -0.007104, 9.5e-05), (-0.036172, -0.019241, 0.004346), (-0.012944, -0.008931, 0.001289),
            (-0.046059, -0.023402, 0.00479), (-0.012035, -0.008175, 0.000799), (-0.047856, -0.024568, 0.005371),
            (-0.030301, -0.014436, 0.001694), (-0.04655, -0.022134, 0.003409), (-0.047141, -0.023085, 0.004105),
            (-0.032767, -0.015839, 0.002175), (-0.011659, -0.00717, 4.2e-05), (-0.012565, -0.007102, -0.000179),
            (-0.032412, -0.01469, 0.001306), (-0.05796, -0.02779, 0.025286), (-0.055683, -0.029095, 0.024636),
            (-0.01127, -0.006102, -0.000656), (-0.030441, -0.013553, 0.000912), (-0.054137, -0.029878, 0.023999),
            (-0.030966, -0.012615, 7.1e-05), (-0.013362, -0.00783, 0.000237), (-0.01442, -0.008158, 0.000286),
            (-0.031406, -0.014115, 0.001127), (-0.031356, -0.014647, 0.001581), (-0.054872, -0.031293, 0.023306),
            (-0.056633, -0.030075, 0.024218), (-0.032348, -0.012962, 1.9e-05), (-0.033754, -0.014304, 0.000649),
            (-0.053279, -0.031453, 0.02277), (-0.032928, -0.015415, 0.001775), (-0.049785, -0.024907, 0.005097),
            (-0.009021, -0.00427, -0.001513), (-0.056575, -0.031474, 0.023527), (-0.051375, -0.025213, 0.004982),
            (-0.033755, -0.016128, 0.0021), (-0.034297, -0.015682, 0.001573), (-0.034805, -0.016182, 0.001841),
            (-0.010367, -0.004746, -0.001395), (-0.04891, -0.02325, 0.003728), (-0.035408, -0.01657, 0.001992),
            (-0.058305, -0.029518, 0.024538), (-0.033837, -0.015367, 0.001458), (-0.033378, -0.015152, 0.001416),
            (-0.032963, -0.014781, 0.001227), (-0.03556, -0.01606, 0.001538), (-0.011866, -0.005126, -0.00139),
            (-0.035423, -0.01552, 0.001144), (-0.036587, -0.016789, 0.001827), (-0.036009, -0.017237, 0.00237),
            (-0.037223, -0.016198, 0.001199), (-0.036415, -0.014634, 0.000257), (-0.050157, -0.023632, 0.003789),
            (-0.013264, -0.004655, -0.001875), (-0.045772, -0.021696, 0.003266), (-0.045325, -0.021001, 0.002829),
            (-0.035105, -0.020872, 0.007209), (-0.036887, -0.020706, 0.005936), (-0.059656, -0.026888, 0.025475),
            (-0.04661, -0.02172, 0.003044), (-0.037706, -0.019402, 0.0039), (-0.038561, -0.021003, 0.00538),
            (-0.038477, -0.022012, 0.006877), (-0.059599, -0.028513, 0.024955), (-0.047295, -0.021915, 0.003031),
            (-0.040207, -0.021616, 0.005307), (-0.060471, -0.025657, 0.025334), (-0.046916, -0.02058, 0.002106),
            (-0.061117, -0.027631, 0.024792), (-0.039021, -0.018843, 0.002874), (-0.039524, -0.020054, 0.003873),
            (-0.048075, -0.019183, 0.001165), (-0.048529, -0.020951, 0.002085), (-0.048246, -0.022338, 0.003132),
            (-0.014504, -0.014998, 0.016616), (-0.040816, -0.023143, 0.007091), (-0.017813, -0.015916, 0.01773),
            (-0.049662, -0.022338, 0.002864), (-0.061876, -0.026088, 0.02419), (-0.041576, -0.021287, 0.004361),
            (-0.011858, -0.014374, 0.014076), (-0.050426, -0.022728, 0.00305), (-0.051222, -0.021681, 0.002495),
            (-0.051202, -0.023222, 0.003353), (-0.041298, -0.02019, 0.003385), (-0.014497, -0.015152, 0.014763),
            (-0.011891, -0.01435, 0.012263), (-0.037127, -0.017847, 0.002595), (-0.049997, -0.020996, 0.002075),
            (-0.060785, -0.030051, 0.024479), (-0.0589, -0.031436, 0.023832), (-0.037897, -0.017521, 0.002083),
            (-0.013709, -0.014931, 0.013481), (-0.038428, -0.018077, 0.00238), (-0.049675, -0.019428, 0.001464),
            (-0.013357, -0.014659, 0.011615), (-0.039372, -0.017826, 0.001904), (-0.040301, -0.018566, 0.002262),
            (-0.038607, -0.01692, 0.001402), (-0.061794, -0.028855, 0.024322), (-0.038789, -0.015293, 0.00024),
            (-0.016721, -0.015761, 0.016096), (-0.040448, -0.017588, 0.001456), (-0.060405, -0.032122, 0.023799),
            (-0.052585, -0.02609, 0.00565), (-0.040345, -0.016404, 0.000673), (-0.040657, -0.019048, 0.002561),
            (-0.041413, -0.019237, 0.002503), (-0.015269, -0.015418, 0.013492), (-0.062157, -0.031316, 0.024121),
            (-0.016659, -0.015862, 0.014231), (-0.042467, -0.019838, 0.002733), (-0.043297, -0.020729, 0.003216),
            (-0.042074, -0.019329, 0.002423), (-0.043053, -0.019107, 0.00199), (-0.042123, -0.018802, 0.001982),
            (-0.044181, -0.020467, 0.002741), (-0.062642, -0.021911, 0.023506), (-0.016709, -0.015661, 0.011689),
            (-0.017615, -0.016122, 0.013055), (-0.041991, -0.017254, 0.000919), (-0.018441, -0.015872, 0.018949),
            (-0.052995, -0.024214, 0.004103), (-0.053982, -0.025667, 0.00516), (-0.044319, -0.019556, 0.001998),
            (-0.054776, -0.023936, 0.00443), (-0.043499, -0.017208, 0.00059), (-0.063382, -0.020781, 0.022524),
            (-0.06347, -0.022463, 0.022589), (-0.044811, -0.01846, 0.001144), (-0.031199, -0.009625, -0.001812),
            (-0.020305, -0.01653, 0.01894), (-0.031938, -0.011246, -0.001021), (-0.019246, -0.016531, 0.016843),
            (-0.062746, -0.027448, 0.023471), (-0.055091, -0.026715, 0.006109), (-0.033593, -0.011245, -0.001263),
            (-0.022299, -0.017108, 0.019722), (-0.058083, -0.025703, 0.006899), (-0.056536, -0.026793, 0.006521),
            (-0.058588, -0.026818, 0.007733), (-0.023407, -0.017317, 0.020621), (-0.055965, -0.025063, 0.005385),
            (-0.03265, -0.006918, -0.002714), (-0.032481, -0.008498, -0.002417), (-0.021286, -0.017094, 0.017905),
            (-0.063467, -0.028281, 0.022967), (-0.023019, -0.017799, 0.017541), (-0.033963, -0.009487, -0.002181),
            (-0.057674, -0.024153, 0.005918), (-0.058257, -0.024254, 0.006308), (-0.024938, -0.018254, 0.019125),
            (-0.063679, -0.030664, 0.023196), (-0.032352, -0.004244, -0.002765), (-0.033624, -0.005118, -0.002654),
            (-0.06412, -0.029434, 0.022526), (-0.019247, -0.016699, 0.015148), (-0.035344, -0.006073, -0.002456),
            (-0.064495, -0.029732, 0.022393), (-0.065258, -0.030329, 0.021971), (-0.064885, -0.031297, 0.022443),
            (-0.035516, -0.003723, -0.002447), (-0.021585, -0.017497, 0.015702), (-0.062908, -0.025378, 0.023319),
            (-0.062733, -0.023308, 0.023442), (-0.019158, -0.016635, 0.012936), (-0.034731, -0.00789, -0.002471),
            (-0.035755, -0.009164, -0.002251), (-0.063208, -0.024273, 0.023031), (-0.037069, -0.00842, -0.002168),
            (-0.036842, -0.010428, -0.001952), (-0.038516, -0.008093, -0.001977), (-0.020618, -0.017205, 0.013602),
            (-0.036298, -0.007214, -0.002294), (-0.052031, -0.022951, 0.003221), (-0.063479, -0.025521, 0.022775),
            (-0.063541, -0.026928, 0.02275), (-0.053766, -0.022791, 0.003602), (-0.064428, -0.026137, 0.021797),
            (-0.05559, -0.022329, 0.00417), (-0.036733, -0.004554, -0.002312), (-0.038242, -0.005722, -0.002087),
            (-0.02435, -0.018425, 0.016918), (-0.064564, -0.023625, 0.021385), (-0.023892, -0.018437, 0.014411),
            (-0.052199, -0.021649, 0.002737), (-0.053496, -0.021269, 0.003012), (-0.025203, -0.018936, 0.014655),
            (-0.026109, -0.019237, 0.01601), (-0.033675, -0.013114, -0.000162), (-0.02254, -0.017902, 0.013799),
            (-0.065354, -0.025265, 0.020692), (-0.024204, -0.018411, 0.013074), (-0.064195, -0.028039, 0.022227),
            (-0.064388, -0.027444, 0.021991), (-0.035015, -0.012901, -0.000554), (-0.065237, -0.027667, 0.021295),
            (-0.012964, -0.014163, 0.009813), (-0.06494, -0.029435, 0.021974), (-0.064773, -0.028447, 0.021814),
            (-0.056892, -0.023551, 0.005238), (-0.057076, -0.021288, 0.00442), (-0.014683, -0.015103, 0.011971),
            (-0.066021, -0.029677, 0.021144), (-0.014611, -0.014678, 0.010177), (-0.065319, -0.028386, 0.02136),
            (-0.03575, -0.011519, -0.001442), (-0.057638, -0.02308, 0.005425), (-0.03691, -0.012827, -0.000924),
            (-0.059346, -0.022579, 0.006165), (-0.058718, -0.021514, 0.005347), (-0.065892, -0.026752, 0.020133),
            (-0.038164, -0.011613, -0.001609), (-0.014239, -0.014058, 0.00844), (-0.014876, -0.014328, 0.008706),
            (-0.01543, -0.014576, 0.00897), (-0.066476, -0.028629, 0.019927), (-0.015611, -0.015046, 0.010441),
            (-0.019262, -0.016394, 0.011279), (-0.039008, -0.009962, -0.00182), (-0.018047, -0.015842, 0.010406),
            (-0.016311, -0.015075, 0.009729), (-0.039894, -0.006867, -0.001799), (-0.039818, -0.00516, -0.001821),
            (-0.017319, -0.015563, 0.010328), (-0.01712, -0.01533, 0.009694), (-0.0408, -0.008716, -0.001589),
            (-0.018722, -0.015828, 0.009664), (-0.041536, -0.00681, -0.001522), (-0.017466, -0.015239, 0.009034),
            (-0.04058, -0.010109, -0.001548), (-0.013265, -0.013756, 0.008318), (-0.062513, -0.016335, 0.022685),
            (-0.064304, -0.012946, 0.017169), (-0.063868, -0.011381, 0.015992), (-0.013227, -0.013179, 0.006926),
            (-0.062244, -0.01749, 0.023323), (-0.014863, -0.01398, 0.007788), (-0.043186, -0.007932, -0.001198),
            (-0.042087, -0.005238, -0.001414), (-0.042376, -0.010803, -0.001156), (-0.043489, -0.009515, -0.001081),
            (-0.015248, -0.013462, 0.006388), (-0.044182, -0.006038, -0.001018), (-0.045444, -0.007604, -0.000775),
            (-0.062813, -0.014734, 0.0217), (-0.064436, -0.013243, 0.015347), (-0.015357, -0.01238, 0.004545),
            (-0.063962, -0.01142, 0.014493), (-0.015946, -0.01455, 0.008458), (-0.044967, -0.01017, -0.000786),
            (-0.016977, -0.014398, 0.007343), (-0.064124, -0.012562, 0.013402), (-0.064581, -0.013866, 0.014114),
            (-0.037928, -0.013765, -0.000527), (-0.018876, -0.015017, 0.007477), (-0.064744, -0.014886, 0.012864),
            (-0.064899, -0.015125, 0.014621), (-0.063457, -0.013772, 0.020376), (-0.039398, -0.013167, -0.001048),
            (-0.016717, -0.013236, 0.005292), (-0.018272, -0.013674, 0.00528), (-0.04064, -0.01468, -0.000431),
            (-0.063312, -0.009538, 0.013811), (-0.020298, -0.015003, 0.006531), (-0.041495, -0.012452, -0.001185),
            (-0.063064, -0.018593, 0.022643), (-0.063903, -0.017214, 0.021242), (-0.021474, -0.01724, 0.011717),
            (-0.042743, -0.013897, -0.000759), (-0.042031, -0.015743, -3.3e-05), (-0.063604, -0.010599, 0.012412),
            (-0.043888, -0.01502, -0.00037), (-0.04495, -0.012633, -0.000535), (-0.019574, -0.01612, 0.009692),
            (-0.020627, -0.016624, 0.010151), (-0.022775, -0.017467, 0.010484), (-0.021929, -0.017015, 0.009936),
            (-0.062937, -0.009392, 0.011038), (-0.064234, -0.021222, 0.021462), (-0.064207, -0.019421, 0.021304),
            (-0.023223, -0.017953, 0.012234), (-0.063756, -0.011861, 0.010438), (-0.06402, -0.012364, 0.011805),
            (-0.024782, -0.018492, 0.011914), (-0.044665, -0.016658, 0.000175), (-0.024888, -0.018661, 0.012843),
            (-0.02617, -0.019188, 0.013192), (-0.026278, -0.019321, 0.013884), (-0.025416, -0.018832, 0.012548),
            (-0.025935, -0.018979, 0.012181), (-0.040254, -0.011554, -0.001479), (-0.065213, -0.018778, 0.019239),
            (-0.024294, -0.017979, 0.010433), (-0.023544, -0.017716, 0.010431), (-0.064423, -0.013896, 0.011824),
            (-0.023611, -0.01747, 0.009543), (-0.065011, -0.019683, 0.020142), (-0.024889, -0.01821, 0.010441),
            (-0.020922, -0.016027, 0.008242), (-0.065127, -0.021634, 0.02024), (-0.063725, -0.015351, 0.020764),
            (-0.065049, -0.016181, 0.013787), (-0.06492, -0.016193, 0.011769), (-0.022463, -0.016705, 0.008581),
            (-0.043178, -0.012267, -0.000917), (-0.022519, -0.015998, 0.006996), (-0.064619, -0.015586, 0.01008),
            (-0.064763, -0.016506, 0.019384), (-0.023808, -0.016734, 0.007606), (-0.0643, -0.014508, 0.019322),
            (-0.06362, -0.012161, 0.008926), (-0.064177, -0.013717, 0.009945), (-0.02442, -0.017494, 0.008849),
            (-0.025861, -0.018669, 0.010835), (-0.026215, -0.018948, 0.011528), (-0.064546, -0.014239, 0.017864),
            (-0.026718, -0.018862, 0.010361), (-0.025793, -0.018289, 0.009567), (-0.042936, -0.024031, 0.007081),
            (-0.025595, -0.017596, 0.008066), (-0.064771, -0.023062, 0.010443), (-0.064954, -0.023745, 0.011053),
            (-0.065212, -0.022989, 0.01119), (-0.061861, -0.023746, 0.008427), (-0.063374, -0.023125, 0.009311),
            (-0.062748, -0.021708, 0.008145), (-0.027643, -0.01859, 0.008518), (-0.065214, -0.017552, 0.017394),
            (-0.027052, -0.017845, 0.007435), (-0.065299, -0.020381, 0.010874), (-0.064824, -0.020899, 0.009684),
            (-0.064779, -0.021498, 0.009775), (-0.063579, -0.024191, 0.010048), (-0.064978, -0.015956, 0.017642),
            (-0.064811, -0.022007, 0.009982), (-0.064136, -0.020812, 0.008697), (-0.034136, -0.002531, -0.002543),
            (-0.02575, -0.017572, 0.022606), (-0.025235, -0.017926, 0.021107), (-0.065531, -0.0198, 0.017589),
            (-0.065507, -0.018959, 0.016176), (-0.026524, -0.017707, 0.022938), (-0.060944, -0.021284, 0.006585),
            (-0.060936, -0.022569, 0.007165), (-0.02714, -0.018153, 0.022684), (-0.027389, -0.018863, 0.021219),
            (-0.027681, -0.018464, 0.022602), (-0.062561, -0.020137, 0.007286), (-0.060746, -0.020034, 0.005953),
            (-0.026344, -0.018755, 0.019626), (-0.037831, -0.003378, -0.002103), (-0.065681, -0.022854, 0.018838),
            (-0.065503, -0.02418, 0.020103), (-0.060595, -0.018302, 0.005299), (-0.027734, -0.019427, 0.019278),
            (-0.026266, -0.019116, 0.017574), (-0.062521, -0.018518, 0.006673), (-0.062154, -0.01697, 0.006012),
            (-0.039216, -0.003773, -0.001895), (-0.041497, -0.003465, -0.001463), (-0.065674, -0.021443, 0.017968),
            (-0.028366, -0.018661, 0.022716), (-0.029492, -0.018958, 0.023088), (-0.028871, -0.019007, 0.022474),
            (-0.065838, -0.02423, 0.017799), (-0.02926, -0.019761, 0.020864), (-0.065262, -0.017484, 0.013192),
            (-0.065292, -0.01829, 0.011738), (-0.064882, -0.016957, 0.010352), (-0.030511, -0.018503, 0.024018),
            (-0.031812, -0.019023, 0.024174), (-0.065945, -0.026273, 0.018458), (-0.030317, -0.019701, 0.022381),
            (-0.031031, -0.01974, 0.022952), (-0.064979, -0.018968, 0.009835), (-0.064465, -0.017547, 0.008631),
            (-0.064438, -0.019075, 0.008638), (-0.043444, -0.002646, -0.000973), (-0.066281, -0.028091, 0.01748),
            (-0.031567, -0.020272, 0.022546), (-0.030569, -0.020473, 0.020395), (-0.044487, -0.004061, -0.000869),
            (-0.063534, -0.018073, 0.007367), (-0.064264, -0.01823, 0.008284), (-0.028584, -0.019999, 0.018404),
            (-0.063087, -0.016464, 0.006698), (-0.064084, -0.016458, 0.008031), (-0.063285, -0.017334, 0.007007),
            (-0.045401, -0.002688, -0.000535), (-0.03006, -0.020721, 0.018249), (-0.065924, -0.02557, 0.016724),
            (-0.064163, -0.015238, 0.008441), (-0.046907, -0.003695, -0.000301), (-0.063731, -0.013556, 0.008124),
            (-0.045894, -0.005381, -0.000628), (-0.03263, -0.021297, 0.021094), (-0.031658, -0.021247, 0.019372),
            (-0.065963, -0.026286, 0.015287), (-0.06631, -0.028239, 0.015835), (-0.06389, -0.019131, 0.007923),
            (-0.065772, -0.021078, 0.015637), (-0.027715, -0.019894, 0.016189), (-0.039818, -0.024139, 0.023259),
            (-0.038676, -0.023746, 0.023086), (-0.029035, -0.020481, 0.016112), (-0.06582, -0.022677, 0.016305),
            (-0.039154, -0.024346, 0.022351), (-0.026902, -0.019626, 0.0147), (-0.064811, -0.020223, 0.009516),
            (-0.064456, -0.020022, 0.008832), (-0.027165, -0.01969, 0.013778), (-0.027562, -0.0199, 0.014254),
            (-0.040068, -0.025063, 0.021846), (-0.04077, -0.02493, 0.022963), (-0.065823, -0.02322, 0.014626),
            (-0.029074, -0.020537, 0.015294), (-0.065672, -0.020192, 0.014109), (-0.039169, -0.025035, 0.020058),
            (-0.038156, -0.024158, 0.021388), (-0.041614, -0.025581, 0.022551), (-0.030261, -0.021072, 0.016178),
            (-0.03008, -0.021011, 0.015434), (-0.040748, -0.025742, 0.020813), (-0.03133, -0.021465, 0.01738),
            (-0.042428, -0.02563, 0.023112), (-0.04232, -0.026306, 0.021839), (-0.065861, -0.024315, 0.015362),
            (-0.042676, -0.026953, 0.020382), (-0.028071, -0.020053, 0.013717), (-0.029002, -0.020409, 0.013695),
            (-0.028949, -0.020468, 0.014333), (-0.029291, -0.020642, 0.014703), (-0.043664, -0.027273, 0.021455),
            (-0.03052, -0.021134, 0.013869), (-0.039997, -0.025761, 0.01876), (-0.031707, -0.021745, 0.015946),
            (-0.04124, -0.026427, 0.018929), (-0.041597, -0.026551, 0.019377), (-0.032207, -0.021937, 0.016762),
            (-0.032652, -0.022214, 0.015946), (-0.065733, -0.024999, 0.01365), (-0.030104, -0.021014, 0.01487),
            (-0.030573, -0.021225, 0.014956), (-0.031511, -0.021661, 0.015053), (-0.041067, -0.026492, 0.017208),
            (-0.065623, -0.021618, 0.012539), (-0.042368, -0.0271, 0.018754), (-0.065623, -0.023074, 0.01269),
            (-0.043216, -0.027486, 0.019452), (-0.064924, -0.015209, 0.016215), (-0.042724, -0.027399, 0.017348),
            (-0.032343, -0.021933, 0.013498), (-0.044382, -0.028307, 0.017929), (-0.033559, -0.022556, 0.014411),
            (-0.065249, -0.023855, 0.011653), (-0.06513, -0.024695, 0.011778), (-0.065257, -0.025187, 0.012203),
            (-0.043137, -0.026319, 0.022764), (-0.04406, -0.026945, 0.022677), (-0.053386, -0.032529, 0.021952),
            (-0.055792, -0.032964, 0.022595), (-0.032589, -0.020432, 0.023218), (-0.054814, -0.033703, 0.021814),
            (-0.053572, -0.033094, 0.021309), (-0.044733, -0.027591, 0.022277), (-0.033576, -0.019963, 0.024162),
            (-0.054315, -0.033639, 0.021455), (-0.045504, -0.027962, 0.022391), (-0.046401, -0.028436, 0.022525),
            (-0.054791, -0.034378, 0.020764), (-0.03561, -0.02114, 0.024006), (-0.034185, -0.021207, 0.023284),
            (-0.05536, -0.034556, 0.021362), (-0.055418, -0.035059, 0.020229), (-0.06524, -0.016871, 0.015059),
            (-0.055849, -0.034698, 0.021608), (-0.065451, -0.018288, 0.015068), (-0.044276, -0.028035, 0.01978),
            (-0.045328, -0.028585, 0.020113), (-0.045954, -0.028534, 0.021784), (-0.033455, -0.021094, 0.022888),
            (-0.0345, -0.022136, 0.02148), (-0.034934, -0.021705, 0.02301), (-0.046604, -0.029296, 0.02018),
            (-0.056091, -0.035486, 0.020657), (-0.05377, -0.033816, 0.019826), (-0.033277, -0.022041, 0.019472),
            (-0.054874, -0.034454, 0.018717), (-0.046502, -0.029395, 0.018891), (-0.056878, -0.036257, 0.019645),
            (-0.047402, -0.029764, 0.020102), (-0.056393, -0.035549, 0.018325), (-0.045674, -0.028921, 0.016839),
            (-0.035083, -0.023014, 0.019192), (-0.047379, -0.029798, 0.017314), (-0.065562, -0.019939, 0.012873),
            (-0.039387, -0.025555, 0.016859), (-0.039493, -0.025545, 0.015415), (-0.040742, -0.026179, 0.014764),
            (-0.042009, -0.026916, 0.015909), (-0.036, -0.02213, 0.023209), (-0.037037, -0.021921, 0.023996),
            (-0.036342, -0.022663, 0.022677), (-0.057843, -0.036662, 0.017836), (-0.037019, -0.022745, 0.023157),
            (-0.037657, -0.02323, 0.023034), (-0.0364, -0.023261, 0.021143), (-0.043703, -0.027806, 0.015378),
            (-0.042059, -0.026816, 0.014383), (-0.055113, -0.034281, 0.017353), (-0.04151, -0.02614, 0.012805),
            (-0.057105, -0.035399, 0.016527), (-0.042929, -0.0267, 0.012387), (-0.043608, -0.027421, 0.013626),
            (-0.033082, -0.022229, 0.017964), (-0.045136, -0.028527, 0.015233), (-0.036906, -0.023854, 0.019778),
            (-0.0584, -0.033211, 0.023093), (-0.03604, -0.023737, 0.017863), (-0.037235, -0.024335, 0.018148),
            (-0.038226, -0.024795, 0.018673), (-0.038636, -0.025122, 0.017711), (-0.039213, -0.025355, 0.01843),
            (-0.034698, -0.023107, 0.017351), (-0.03382, -0.022743, 0.016514), (-0.03387, -0.022785, 0.015689),
            (-0.034641, -0.023149, 0.016335), (-0.035576, -0.02358, 0.016924), (-0.036568, -0.024089, 0.015954),
            (-0.061577, -0.007388, 0.008493), (-0.035103, -0.023335, 0.015001), (-0.054475, -0.033397, 0.016176),
            (-0.055631, -0.034004, 0.015721), (-0.062449, -0.009108, 0.00863), (-0.057324, -0.034629, 0.014738),
            (-0.061786, -0.008285, 0.007256), (-0.047202, -0.028958, 0.022419), (-0.034063, -0.022593, 0.01285),
            (-0.047615, -0.029499, 0.021769), (-0.048874, -0.02993, 0.022186), (-0.062307, -0.010011, 0.006692),
            (-0.063067, -0.010844, 0.008248), (-0.059045, -0.037426, 0.016828), (-0.036683, -0.024, 0.013702),
            (-0.04839, -0.03029, 0.020429), (-0.058535, -0.035738, 0.015067), (-0.035652, -0.023223, 0.01248),
            (-0.062989, -0.011752, 0.007157), (-0.047957, -0.030206, 0.019088), (-0.062285, -0.011736, 0.005943),
            (-0.061185, -0.012031, 0.004778), (-0.062369, -0.013623, 0.005832), (-0.062017, -0.011216, 0.005723),
            (-0.038016, -0.024839, 0.016378), (-0.062728, -0.012249, 0.00649), (-0.049624, -0.030543, 0.02194),
            (-0.058407, -0.034568, 0.013585), (-0.058337, -0.035145, 0.014451), (-0.051027, -0.030541, 0.022712),
            (-0.050397, -0.031021, 0.021841), (-0.049985, -0.031182, 0.020665), (-0.049262, -0.030798, 0.020488),
            (-0.049148, -0.030927, 0.018887), (-0.037754, -0.024598, 0.014413), (-0.051573, -0.031477, 0.021881),
            (-0.063174, -0.010315, 0.009978), (-0.052523, -0.030579, 0.023159), (-0.039567, -0.0254, 0.013636),
            (-0.03856, -0.024677, 0.012798), (-0.040529, -0.025335, 0.011886), (-0.041994, -0.026042, 0.011705),
            (-0.02658, -0.019279, 0.012725), (-0.02717, -0.019527, 0.012822), (-0.041716, -0.025652, 0.01093),
            (-0.027064, -0.019426, 0.012296), (-0.028113, -0.019699, 0.011497), (-0.026895, -0.019311, 0.011955),
            (-0.061023, -0.041461, 0.017947), (-0.045151, -0.028159, 0.013671), (-0.028979, -0.020353, 0.012794),
            (-0.061784, -0.041536, 0.016331), (-0.04653, -0.0291, 0.014837), (-0.030334, -0.020753, 0.011828),
            (-0.060804, -0.039313, 0.015992), (-0.048355, -0.030147, 0.015679), (-0.027719, -0.019211, 0.010132),
            (-0.059988, -0.037497, 0.015313), (-0.028811, -0.019706, 0.010289), (-0.029316, -0.019345, 0.008723),
            (-0.046489, -0.028561, 0.012907), (-0.030003, -0.02029, 0.010555), (-0.047728, -0.029542, 0.01451),
            (-0.031153, -0.020247, 0.00916), (-0.047457, -0.029104, 0.013171), (-0.061851, -0.040655, 0.015384),
            (-0.06297, -0.013201, 0.006656), (-0.050219, -0.031478, 0.019532), (-0.050608, -0.031568, 0.020437),
            (-0.032191, -0.021548, 0.011787), (-0.051305, -0.032003, 0.020399), (-0.06256, -0.04327, 0.016425),
            (-0.061014, -0.007173, 0.006569), (-0.033904, -0.022088, 0.011227), (-0.051101, -0.032005, 0.018605),
            (-0.049755, -0.031013, 0.016674), (-0.060277, -0.00697, 0.005334), (-0.030991, -0.020716, 0.010614),
            (-0.031684, -0.020899, 0.010247), (-0.05105, -0.031718, 0.016905), (-0.052218, -0.032076, 0.021545),
            (-0.0326, -0.021153, 0.009813), (-0.060655, -0.007853, 0.005244), (-0.052235, -0.0326, 0.02037),
            (-0.063045, -0.041336, 0.013987), (-0.052684, -0.032445, 0.021404), (-0.033415, -0.021627, 0.010183),
            (-0.063254, -0.043038, 0.014857), (-0.034289, -0.021876, 0.009841), (-0.061282, -0.008867, 0.00558),
            (-0.052859, -0.033074, 0.02025), (-0.060308, -0.036466, 0.013788), (-0.059151, -0.035184, 0.013682),
            (-0.06079, -0.035848, 0.012624), (-0.053097, -0.033156, 0.01828), (-0.052253, -0.032488, 0.017455),
            (-0.061794, -0.009906, 0.00586), (-0.061204, -0.010713, 0.004954), (-0.06065, -0.011025, 0.004438),
            (-0.061434, -0.037858, 0.013742), (-0.032491, -0.020423, 0.008319), (-0.062038, -0.039465, 0.014188),
            (-0.049711, -0.030572, 0.014773), (-0.034108, -0.021293, 0.008729), (-0.051857, -0.031737, 0.015322),
            (-0.051634, -0.03141, 0.014571), (-0.062001, -0.037005, 0.012377), (-0.062189, -0.015385, 0.005746),
            (-0.060793, -0.016802, 0.005036), (-0.053259, -0.032573, 0.015617), (-0.062846, -0.015512, 0.006342),
            (-0.037335, -0.023758, 0.01174), (-0.063057, -0.039559, 0.012934), (-0.035415, -0.02264, 0.010736),
            (-0.035138, -0.022263, 0.009915), (-0.061068, -0.012756, 0.004709), (-0.036241, -0.022983, 0.010652),
            (-0.061631, -0.013414, 0.00515), (-0.063266, -0.038119, 0.011964), (-0.036668, -0.022636, 0.009322),
            (-0.037301, -0.023385, 0.010516), (-0.055068, -0.033364, 0.014964), (-0.038019, -0.023692, 0.010469),
            (-0.038316, -0.023489, 0.009595), (-0.064071, -0.032626, 0.023327), (-0.062057, -0.014571, 0.00555),
            (-0.039704, -0.024607, 0.01068), (-0.044457, -0.02732, 0.011975), (-0.044949, -0.027712, 0.012477),
            (-0.044073, -0.026948, 0.011446), (-0.04539, -0.02789, 0.012423), (-0.045503, -0.02748, 0.011154),
            (-0.04263, -0.026015, 0.010772), (-0.038963, -0.024139, 0.010433), (-0.043507, -0.026474, 0.010861),
            (-0.041892, -0.025186, 0.009701), (-0.065539, -0.034068, 0.02274), (-0.04343, -0.025367, 0.008809),
            (-0.044154, -0.026719, 0.010715), (-0.044894, -0.027146, 0.010973), (-0.040749, -0.025087, 0.010619),
            (-0.045321, -0.026564, 0.009414), (-0.036136, -0.021548, 0.007699), (-0.046482, -0.028149, 0.011705),
            (-0.047815, -0.028993, 0.01235), (-0.037549, -0.022583, 0.008508), (-0.065549, -0.032646, 0.022278),
            (-0.047375, -0.028503, 0.011529), (-0.065416, -0.031214, 0.022035), (-0.04638, -0.027503, 0.010384),
            (-0.065944, -0.032072, 0.021879), (-0.063369, -0.014278, 0.007095), (-0.06373, -0.015741, 0.007479),
            (-0.048095, -0.027899, 0.00988), (-0.063573, -0.015127, 0.0073), (-0.047412, -0.026792, 0.008501),
            (-0.039408, -0.023035, 0.007883), (-0.066533, -0.034734, 0.022227), (-0.040295, -0.024126, 0.009081),
            (-0.066259, -0.032707, 0.021845), (-0.066496, -0.031167, 0.021223), (-0.041938, -0.024451, 0.0084),
            (-0.066858, -0.033314, 0.021594), (-0.067096, -0.034116, 0.021652), (-0.067408, -0.034698, 0.021645),
            (-0.045088, -0.02548, 0.007817), (-0.067327, -0.03235, 0.020894), (-0.068015, -0.034129, 0.020999),
            (-0.066997, -0.035152, 0.022061), (-0.06766, -0.035307, 0.021681), (-0.015453, -0.011372, 0.003217),
            (-0.060191, -0.025495, 0.008228), (-0.06789, -0.035767, 0.021685), (-0.017562, -0.012279, 0.003593),
            (-0.059264, -0.028302, 0.008749), (-0.060912, -0.027019, 0.009411), (-0.069399, -0.037537, 0.021228),
            (-0.068467, -0.036531, 0.021557), (-0.069203, -0.038108, 0.021561), (-0.06937, -0.038772, 0.021641),
            (-0.06144, -0.025214, 0.008928), (-0.0601, -0.023868, 0.007298), (-0.059177, -0.024496, 0.007009),
            (-0.0691, -0.035399, 0.020615), (-0.060971, -0.023671, 0.007773), (-0.06099, -0.024431, 0.008199),
            (-0.070046, -0.036538, 0.019899), (-0.015338, -0.009298, 0.001058), (-0.015445, -0.008433, 0.000296),
            (-0.01624, -0.008347, 8.4e-05), (-0.067262, -0.030563, 0.019771), (-0.068143, -0.03237, 0.019219),
            (-0.016755, -0.009435, 0.000849), (-0.062421, -0.026191, 0.010132), (-0.062492, -0.024651, 0.009404),
            (-0.062157, -0.024388, 0.009008), (-0.068828, -0.033926, 0.019635), (-0.062954, -0.024805, 0.009893),
            (-0.06354, -0.025531, 0.010749), (-0.066789, -0.029488, 0.018588), (-0.06415, -0.024577, 0.010632),
            (-0.064206, -0.024962, 0.01088), (-0.064581, -0.025255, 0.01135), (-0.067563, -0.031231, 0.017843),
            (-0.066937, -0.029917, 0.01701), (-0.068261, -0.03293, 0.016844), (-0.069799, -0.035707, 0.018384),
            (-0.06886, -0.033977, 0.017583), (-0.069562, -0.035785, 0.01673), (-0.063677, -0.044681, 0.015355),
            (-0.064666, -0.046481, 0.014652), (-0.07057, -0.03762, 0.017628), (-0.065501, -0.047388, 0.013683),
            (-0.064609, -0.044756, 0.013749), (-0.063899, -0.042505, 0.013501), (-0.065962, -0.046196, 0.012315),
            (-0.064304, -0.041285, 0.01242), (-0.064568, -0.039857, 0.011733), (-0.064333, -0.039197, 0.011683),
            (-0.065094, -0.042705, 0.012188), (-0.066795, -0.050634, 0.012753), (-0.06531, -0.040471, 0.011583),
            (-0.066418, -0.048519, 0.012711), (-0.065606, -0.041232, 0.011567), (-0.065954, -0.04196, 0.011534),
            (-0.067045, -0.040406, 0.011843), (-0.067307, -0.042319, 0.011571), (-0.070682, -0.038485, 0.015782),
            (-0.067382, -0.049451, 0.011508), (-0.067575, -0.04798, 0.011224), (-0.068988, -0.034836, 0.015462),
            (-0.069859, -0.036848, 0.015229), (-0.067451, -0.051524, 0.013676), (-0.06929, -0.051369, 0.013541),
            (-0.068126, -0.051307, 0.012769), (-0.068427, -0.041192, 0.012173), (-0.068481, -0.042834, 0.011789),
            (-0.069972, -0.041947, 0.012552), (-0.068314, -0.050937, 0.011988), (-0.070389, -0.038731, 0.014241),
            (-0.070701, -0.039457, 0.014186), (-0.068453, -0.0505, 0.011414), (-0.070087, -0.040268, 0.013153),
            (-0.071058, -0.040513, 0.013971), (-0.071315, -0.050695, 0.013194), (-0.071655, -0.041709, 0.013951),
            (-0.069851, -0.050649, 0.011861), (-0.07113, -0.049922, 0.011449), (-0.071788, -0.042516, 0.013588),
            (-0.071197, -0.043145, 0.012757), (-0.065365, -0.044143, 0.012407), (-0.057863, -0.033042, 0.011824),
            (-0.059443, -0.033625, 0.011584), (-0.059222, -0.034622, 0.012874), (-0.066635, -0.044762, 0.011501),
            (-0.067478, -0.045332, 0.011263), (-0.067243, -0.046087, 0.011311), (-0.058571, -0.032137, 0.010499),
            (-0.065968, -0.042886, 0.011637), (-0.066501, -0.043422, 0.01147), (-0.060784, -0.032653, 0.010441),
            (-0.062154, -0.032965, 0.011012), (-0.06264, -0.033843, 0.011186), (-0.0627, -0.032713, 0.011289),
            (-0.066935, -0.043895, 0.011407), (-0.063445, -0.033955, 0.011541), (-0.064243, -0.032433, 0.012134),
            (-0.067367, -0.044571, 0.011342), (-0.06305, -0.031641, 0.011554), (-0.067309, -0.046961, 0.011321),
            (-0.058625, -0.030589, 0.009264), (-0.068591, -0.044877, 0.011432), (-0.060683, -0.03111, 0.010081),
            (-0.06969, -0.043538, 0.012085), (-0.067961, -0.045873, 0.011204), (-0.060174, -0.029364, 0.009593),
            (-0.070291, -0.044964, 0.011939), (-0.06976, -0.047585, 0.011133), (-0.070822, -0.046795, 0.011683),
            (-0.071925, -0.046208, 0.012281), (-0.068281, -0.047329, 0.011047), (-0.068898, -0.047924, 0.01095),
            (-0.068248, -0.048986, 0.010924), (-0.068831, -0.049812, 0.010924), (-0.061843, -0.028729, 0.010624),
            (-0.063473, -0.028257, 0.011621), (-0.06915, -0.048983, 0.010679), (-0.0642, -0.027027, 0.011738),
            (-0.071619, -0.048837, 0.011042), (-0.070258, -0.049533, 0.010811), (-0.070469, -0.049995, 0.011253),
            (-0.062267, -0.031434, 0.011112), (-0.063088, -0.030005, 0.011601), (-0.062588, -0.032008, 0.011267),
            (-0.063589, -0.031166, 0.011888), (-0.064083, -0.030815, 0.012192), (-0.064553, -0.030119, 0.012488),
            (-0.070713, -0.038548, 0.020498), (-0.070556, -0.040386, 0.021293), (-0.070902, -0.041033, 0.021234),
            (-0.070134, -0.039472, 0.021303), (-0.060199, -0.034912, 0.012252), (-0.061066, -0.034346, 0.0111),
            (-0.071743, -0.040189, 0.019834), (-0.071854, -0.041505, 0.020627), (-0.061599, -0.035601, 0.011609),
            (-0.072645, -0.042643, 0.020107), (-0.061896, -0.036386, 0.012025), (-0.071301, -0.038911, 0.018741),
            (-0.063234, -0.037277, 0.011633), (-0.062898, -0.03653, 0.011441), (-0.071994, -0.040805, 0.017712),
            (-0.064601, -0.03722, 0.011594), (-0.063932, -0.036033, 0.011512), (-0.072672, -0.042193, 0.018742),
            (-0.073404, -0.044145, 0.019077), (-0.06349, -0.035026, 0.011455), (-0.064975, -0.033801, 0.012312),
            (-0.072793, -0.042955, 0.017051), (-0.064198, -0.038301, 0.011583), (-0.073387, -0.04455, 0.017223),
            (-0.07125, -0.039336, 0.017124), (-0.06609, -0.02755, 0.014426), (-0.067079, -0.030421, 0.015385),
            (-0.066642, -0.030321, 0.014177), (-0.066397, -0.029371, 0.014125), (-0.065741, -0.029677, 0.013349),
            (-0.06557, -0.034779, 0.012425), (-0.066032, -0.032834, 0.013028), (-0.071641, -0.040537, 0.015625),
            (-0.072159, -0.041693, 0.015925), (-0.065902, -0.031309, 0.013212), (-0.067853, -0.03232, 0.015399),
            (-0.067103, -0.031337, 0.014324), (-0.067555, -0.032677, 0.01431), (-0.073077, -0.044197, 0.015434),
            (-0.072515, -0.043095, 0.01453), (-0.067422, -0.034676, 0.01338), (-0.073813, -0.046092, 0.015942),
            (-0.07389, -0.04586, 0.018069), (-0.068127, -0.033634, 0.01453), (-0.068321, -0.034282, 0.014365),
            (-0.073759, -0.049776, 0.015021), (-0.065636, -0.026581, 0.013209), (-0.065358, -0.027346, 0.012806),
            (-0.065683, -0.028115, 0.013318), (-0.066056, -0.028661, 0.01385), (-0.072319, -0.049942, 0.01267),
            (-0.065025, -0.0286, 0.012706), (-0.065148, -0.029881, 0.012847), (-0.073778, -0.049484, 0.013713),
            (-0.074604, -0.047176, 0.017783), (-0.065156, -0.026355, 0.012412), (-0.065315, -0.025767, 0.012501),
            (-0.07529, -0.048572, 0.017081), (-0.074749, -0.04769, 0.015685), (-0.075122, -0.04864, 0.016203),
            (-0.065036, -0.036225, 0.011939), (-0.074968, -0.048648, 0.015437), (-0.066122, -0.036707, 0.0123),
            (-0.068192, -0.035858, 0.013502), (-0.066234, -0.038625, 0.011921), (-0.067364, -0.037346, 0.012699),
            (-0.074696, -0.048889, 0.01475), (-0.074816, -0.048408, 0.014391), (-0.073772, -0.046466, 0.014112),
            (-0.074566, -0.048269, 0.01365), (-0.073236, -0.04663, 0.012919), (-0.072881, -0.045633, 0.01314),
            (-0.072804, -0.04457, 0.013643), (-0.065326, -0.039488, 0.011596), (-0.072404, -0.043798, 0.01357),
            (-0.071998, -0.044382, 0.012889), (-0.068434, -0.039335, 0.012637), (-0.07279, -0.048048, 0.011704),
            (-0.068824, -0.035372, 0.014353), (-0.069177, -0.036184, 0.014338), (-0.072999, -0.049122, 0.012158),
            (-0.072359, -0.04932, 0.011841), (-0.068658, -0.037653, 0.01322), (-0.069888, -0.038108, 0.013972),
            (-0.069612, -0.037286, 0.014199), (-0.074118, -0.047763, 0.013225), (-0.073627, -0.048951, 0.012761),
            (-0.073802, -0.047799, 0.012684), (-0.048376, -0.00449, -7e-06), (-0.047283, -0.005902, -0.000328),
            (-0.050048, -0.004483, 0.000507), (-0.048847, -0.0028, 0.000357), (-0.048155, -0.007222, -0.000151),
            (-0.049589, -0.006052, 0.000253), (-0.045883, -0.019298, 0.001467), (-0.051267, -0.003391, 0.00106),
            (-0.051226, -0.005709, 0.000773), (-0.052862, -0.00375, 0.001631), (-0.052084, -0.00407, 0.001279),
            (-0.052507, -0.004755, 0.001333), (-0.050408, -0.007797, 0.000424), (-0.053857, -0.003539, 0.002044),
            (-0.053845, -0.004713, 0.001874), (-0.055106, -0.004078, 0.002488), (-0.05346, -0.005729, 0.001536),
            (-0.054249, -0.005168, 0.001974), (-0.054394, -0.00577, 0.001927), (-0.048099, -0.016082, 0.000466),
            (-0.045912, -0.015811, 9e-06), (-0.046258, -0.017644, 0.000514), (-0.056621, -0.004804, 0.003109),
            (-0.04782, -0.017761, 0.000684), (-0.050206, -0.016328, 0.000968), (-0.049932, -0.01822, 0.001248)
        ]
        int[] faceVertexCounts = [
            3, 3, 3, 3, 3, 3, 3, 3, 3, 3, 3, 3, 3, 3, 3, 3, 3, 3, 3, 3, 3, 3, 3, 3,
            3, 3, 3, 3, 3, 3, 3, 3, 3, 3, 3, 3, 3, 3, 3, 3, 3, 3, 3, 3, 3, 3, 3, 3,
            3, 3, 3, 3, 3, 3, 3, 3, 3, 3, 3, 3, 3, 3, 3, 3, 3, 3, 3, 3, 3, 3, 3, 3,
            3, 3, 3, 3, 3, 3, 3, 3, 3, 3, 3, 3, 3, 3, 3, 3, 3, 3, 3, 3, 3, 3, 3, 3,
            3, 3, 3, 3, 3, 3, 3, 3, 3, 3, 3, 3, 3, 3, 3, 3, 3, 3, 3, 3, 3, 3, 3, 3,
            3, 3, 3, 3, 3, 3, 3, 3, 3, 3, 3, 3, 3, 3, 3, 3, 3, 3, 3, 3, 3, 3, 3, 3,
            3, 3, 3, 3, 3, 3, 3, 3, 3, 3, 3, 3, 3, 3, 3, 3, 3, 3, 3, 3, 3, 3, 3, 3,
            3, 3, 3, 3, 3, 3, 3, 3, 3, 3, 3, 3, 3, 3, 3, 3, 3, 3, 3, 3, 3, 3, 3, 3,
            3, 3, 3, 3, 3, 3, 3, 3, 3, 3, 3, 3, 3, 3, 3, 3, 3, 3, 3, 3, 3, 3, 3, 3,
            3, 3, 3, 3, 3, 3, 3, 3, 3, 3, 3, 3, 3, 3, 3, 3, 3, 3, 3, 3, 3, 3, 3, 3,
            3, 3, 3, 3, 3, 3, 3, 3, 3, 3, 3, 3, 3, 3, 3, 3, 3, 3, 3, 3, 3, 3, 3, 3,
            3, 3, 3, 3, 3, 3, 3, 3, 3, 3, 3, 3, 3, 3, 3, 3, 3, 3, 3, 3, 3, 3, 3, 3,
            3, 3, 3, 3, 3, 3, 3, 3, 3, 3, 3, 3, 3, 3, 3, 3, 3, 3, 3, 3, 3, 3, 3, 3,
            3, 3, 3, 3, 3, 3, 3, 3, 3, 3, 3, 3, 3, 3, 3, 3, 3, 3, 3, 3, 3, 3, 3, 3,
            3, 3, 3, 3, 3, 3, 3, 3, 3, 3, 3, 3, 3, 3, 3, 3, 3, 3, 3, 3, 3, 3, 3, 3,
            3, 3, 3, 3, 3, 3, 3, 3, 3, 3, 3, 3, 3, 3, 3, 3, 3, 3, 3, 3, 3, 3, 3, 3,
            3, 3, 3, 3, 3, 3, 3, 3, 3, 3, 3, 3, 3, 3, 3, 3, 3, 3, 3, 3, 3, 3, 3, 3,
            3, 3, 3, 3, 3, 3, 3, 3, 3, 3, 3, 3, 3, 3, 3, 3, 3, 3, 3, 3, 3, 3, 3, 3,
            3, 3, 3, 3, 3, 3, 3, 3, 3, 3, 3, 3, 3, 3, 3, 3, 3, 3, 3, 3, 3, 3, 3, 3,
            3, 3, 3, 3, 3, 3, 3, 3, 3, 3, 3, 3, 3, 3, 3, 3, 3, 3, 3, 3, 3, 3, 3, 3,
            3, 3, 3, 3, 3, 3, 3, 3, 3, 3, 3, 3, 3, 3, 3, 3, 3, 3, 3, 3, 3, 3, 3, 3,
            3, 3, 3, 3, 3, 3, 3, 3, 3, 3, 3, 3, 3, 3, 3, 3, 3, 3, 3, 3, 3, 3, 3, 3,
            3, 3, 3, 3, 3, 3, 3, 3, 3, 3, 3, 3, 3, 3, 3, 3, 3, 3, 3, 3, 3, 3, 3, 3,
            3, 3, 3, 3, 3, 3, 3, 3, 3, 3, 3, 3, 3, 3, 3, 3, 3, 3, 3, 3, 3, 3, 3, 3,
            3, 3, 3, 3, 3, 3, 3, 3, 3, 3, 3, 3, 3, 3, 3, 3, 3, 3, 3, 3, 3, 3, 3, 3,
            3, 3, 3, 3, 3, 3, 3, 3, 3, 3, 3, 3, 3, 3, 3, 3, 3, 3, 3, 3, 3, 3, 3, 3,
            3, 3, 3, 3, 3, 3, 3, 3, 3, 3, 3, 3, 3, 3, 3, 3, 3, 3, 3, 3, 3, 3, 3, 3,
            3, 3, 3, 3, 3, 3, 3, 3, 3, 3, 3, 3, 3, 3, 3, 3, 3, 3, 3, 3, 3, 3, 3, 3,
            3, 3, 3, 3, 3, 3, 3, 3, 3, 3, 3, 3, 3, 3, 3, 3, 3, 3, 3, 3, 3, 3, 3, 3,
            3, 3, 3, 3, 3, 3, 3, 3, 3, 3, 3, 3, 3, 3, 3, 3, 3, 3, 3, 3, 3, 3, 3, 3,
            3, 3, 3, 3, 3, 3, 3, 3, 3, 3, 3, 3, 3, 3, 3, 3, 3, 3, 3, 3, 3, 3, 3, 3,
            3, 3, 3, 3, 3, 3, 3, 3, 3, 3, 3, 3, 3, 3, 3, 3, 3, 3, 3, 3, 3, 3, 3, 3,
            3, 3, 3, 3, 3, 3, 3, 3, 3, 3, 3, 3, 3, 3, 3, 3, 3, 3, 3, 3, 3, 3, 3, 3,
            3, 3, 3, 3, 3, 3, 3, 3, 3, 3, 3, 3, 3, 3, 3, 3, 3, 3, 3, 3, 3, 3, 3, 3,
            3, 3, 3, 3, 3, 3, 3, 3, 3, 3, 3, 3, 3, 3, 3, 3, 3, 3, 3, 3, 3, 3, 3, 3,
            3, 3, 3, 3, 3, 3, 3, 3, 3, 3, 3, 3, 3, 3, 3, 3, 3, 3, 3, 3, 3, 3, 3, 3,
            3, 3, 3, 3, 3, 3, 3, 3, 3, 3, 3, 3, 3, 3, 3, 3, 3, 3, 3, 3, 3, 3, 3, 3,
            3, 3, 3, 3, 3, 3, 3, 3, 3, 3, 3, 3, 3, 3, 3, 3, 3, 3, 3, 3, 3, 3, 3, 3,
            3, 3, 3, 3, 3, 3, 3, 3, 3, 3, 3, 3, 3, 3, 3, 3, 3, 3, 3, 3, 3, 3, 3, 3,
            3, 3, 3, 3, 3, 3, 3, 3, 3, 3, 3, 3, 3, 3, 3, 3, 3, 3, 3, 3, 3, 3, 3, 3,
            3, 3, 3, 3, 3, 3, 3, 3, 3, 3, 3, 3, 3, 3, 3, 3, 3, 3, 3, 3, 3, 3, 3, 3,
            3, 3, 3, 3, 3, 3, 3, 3, 3, 3, 3, 3, 3, 3, 3, 3, 3, 3, 3, 3, 3, 3, 3, 3,
            3, 3, 3, 3, 3, 3, 3, 3, 3, 3, 3, 3, 3, 3, 3, 3, 3, 3, 3, 3, 3, 3, 3, 3,
            3, 3, 3, 3, 3, 3, 3, 3, 3, 3, 3, 3, 3, 3, 3, 3, 3, 3, 3, 3, 3, 3, 3, 3,
            3, 3, 3, 3, 3, 3, 3, 3, 3, 3, 3, 3, 3, 3, 3, 3, 3, 3, 3, 3, 3, 3, 3, 3,
            3, 3, 3, 3, 3, 3, 3, 3, 3, 3, 3, 3, 3, 3, 3, 3, 3, 3, 3, 3, 3, 3, 3, 3,
            3, 3, 3, 3, 3, 3, 3, 3, 3, 3, 3, 3, 3, 3, 3, 3, 3, 3, 3, 3, 3, 3, 3, 3,
            3, 3, 3, 3, 3, 3, 3, 3, 3, 3, 3, 3, 3, 3, 3, 3, 3, 3, 3, 3, 3, 3, 3, 3,
            3, 3, 3, 3, 3, 3, 3, 3, 3, 3, 3, 3, 3, 3, 3, 3, 3, 3, 3, 3, 3, 3, 3, 3,
            3, 3, 3, 3, 3, 3, 3, 3, 3, 3, 3, 3, 3, 3, 3, 3, 3, 3, 3, 3, 3, 3, 3, 3,
            3, 3, 3, 3, 3, 3, 3, 3, 3, 3, 3, 3, 3, 3, 3, 3, 3, 3, 3, 3, 3, 3, 3, 3,
            3, 3, 3, 3, 3, 3, 3, 3, 3, 3, 3, 3, 3, 3, 3, 3, 3, 3, 3, 3, 3, 3, 3, 3,
            3, 3, 3, 3, 3, 3, 3, 3, 3, 3, 3, 3, 3, 3, 3, 3, 3, 3, 3, 3, 3, 3, 3, 3,
            3, 3, 3, 3, 3, 3, 3, 3, 3, 3, 3, 3, 3, 3, 3, 3, 3, 3, 3, 3, 3, 3, 3, 3,
            3, 3, 3, 3, 3, 3, 3, 3, 3, 3, 3, 3, 3, 3, 3, 3, 3, 3, 3, 3, 3, 3, 3, 3,
            3, 3, 3, 3, 3, 3, 3, 3, 3, 3, 3, 3, 3, 3, 3, 3, 3, 3, 3, 3, 3, 3, 3, 3,
            3, 3, 3, 3, 3, 3, 3, 3, 3, 3, 3, 3, 3, 3, 3, 3, 3, 3, 3, 3, 3, 3, 3, 3,
            3, 3, 3, 3, 3, 3, 3, 3, 3, 3, 3, 3, 3, 3, 3, 3, 3, 3, 3, 3, 3, 3, 3, 3,
            3, 3, 3, 3, 3, 3, 3, 3, 3, 3, 3, 3, 3, 3, 3, 3, 3, 3, 3, 3, 3, 3, 3, 3,
            3, 3, 3, 3, 3, 3, 3, 3, 3, 3, 3, 3, 3, 3, 3, 3, 3, 3, 3, 3, 3, 3, 3, 3,
            3, 3, 3, 3, 3, 3, 3, 3, 3, 3, 3, 3, 3, 3, 3, 3, 3, 3, 3, 3, 3, 3, 3, 3,
            3, 3, 3, 3, 3, 3, 3, 3, 3, 3, 3, 3, 3, 3, 3, 3, 3, 3, 3, 3, 3, 3, 3, 3,
            3, 3, 3, 3, 3, 3, 3, 3, 3, 3, 3, 3, 3, 3, 3, 3, 3, 3, 3, 3, 3, 3, 3, 3,
            3, 3, 3, 3, 3, 3, 3, 3, 3, 3, 3, 3, 3, 3, 3, 3, 3, 3, 3, 3, 3, 3, 3, 3,
            3, 3, 3, 3, 3, 3, 3, 3, 3, 3, 3, 3, 3, 3, 3, 3, 3, 3, 3, 3, 3, 3, 3, 3,
            3, 3, 3, 3, 3, 3, 3, 3, 3, 3, 3, 3, 3, 3, 3, 3, 3, 3, 3, 3, 3, 3, 3, 3,
            3, 3, 3, 3, 3, 3, 3, 3, 3, 3, 3, 3, 3, 3, 3, 3, 3, 3, 3, 3, 3, 3, 3, 3,
            3, 3, 3, 3, 3, 3, 3, 3, 3, 3, 3, 3, 3, 3, 3, 3, 3, 3, 3, 3, 3, 3, 3, 3,
            3, 3, 3, 3, 3, 3, 3, 3, 3, 3, 3, 3, 3, 3, 3, 3, 3, 3, 3, 3, 3, 3, 3, 3,
            3, 3, 3, 3, 3, 3, 3, 3, 3, 3, 3, 3, 3, 3, 3, 3, 3, 3, 3, 3, 3, 3, 3, 3,
            3, 3, 3, 3, 3, 3, 3, 3, 3, 3, 3, 3, 3, 3, 3, 3, 3, 3, 3, 3, 3, 3, 3, 3,
            3, 3, 3, 3, 3, 3, 3, 3, 3, 3, 3, 3, 3, 3, 3, 3, 3, 3, 3, 3, 3, 3, 3, 3,
            3, 3, 3, 3, 3, 3, 3, 3, 3, 3, 3, 3, 3, 3, 3, 3, 3, 3, 3, 3, 3, 3, 3, 3,
            3, 3, 3, 3, 3, 3, 3, 3, 3, 3, 3, 3, 3, 3, 3, 3, 3, 3, 3, 3, 3, 3, 3, 3,
            3, 3, 3, 3, 3, 3, 3, 3, 3, 3, 3, 3, 3, 3, 3, 3, 3, 3, 3, 3, 3, 3, 3, 3,
            3, 3, 3, 3, 3, 3, 3, 3, 3, 3, 3, 3, 3, 3, 3, 3, 3, 3, 3, 3, 3, 3, 3, 3,
            3, 3, 3, 3, 3, 3, 3, 3, 3, 3, 3, 3, 3, 3, 3, 3, 3, 3, 3, 3, 3, 3, 3, 3,
            3, 3, 3, 3, 3, 3, 3, 3, 3, 3, 3, 3, 3, 3, 3, 3, 3, 3, 3, 3, 3, 3, 3, 3,
            3, 3, 3, 3, 3, 3, 3, 3, 3, 3, 3, 3, 3, 3, 3, 3, 3, 3, 3, 3, 3, 3, 3, 3,
            3, 3, 3, 3, 3, 3, 3, 3, 3, 3, 3, 3, 3, 3, 3, 3, 3, 3, 3, 3, 3, 3, 3, 3,
            3, 3, 3, 3, 3, 3, 3, 3, 3, 3, 3, 3, 3, 3, 3, 3, 3, 3, 3, 3, 3, 3, 3, 3,
            3, 3, 3, 3, 3, 3, 3, 3, 3, 3, 3, 3, 3, 3, 3, 3, 3, 3, 3, 3, 3, 3, 3, 3,
            3, 3, 3, 3, 3, 3, 3, 3, 3, 3, 3, 3, 3, 3, 3, 3, 3, 3, 3, 3, 3, 3, 3, 3,
            3, 3, 3, 3, 3, 3, 3, 3, 3, 3, 3, 3, 3, 3, 3, 3, 3, 3, 3, 3, 3, 3, 3, 3,
            3, 3, 3, 3, 3, 3, 3, 3, 3, 3, 3, 3, 3, 3, 3, 3, 3, 3, 3, 3, 3, 3, 3, 3,
            3, 3, 3, 3, 3, 3, 3, 3, 3, 3, 3, 3, 3, 3, 3, 3, 3, 3, 3, 3, 3, 3, 3, 3,
            3, 3, 3, 3, 3, 3, 3, 3, 3, 3, 3, 3, 3, 3, 3, 3, 3, 3, 3, 3, 3, 3, 3, 3,
            3, 3, 3, 3, 3, 3, 3, 3, 3, 3, 3, 3, 3, 3, 3, 3, 3, 3, 3, 3, 3, 3, 3, 3,
            3, 3, 3, 3, 3, 3, 3, 3, 3, 3, 3, 3, 3, 3, 3, 3, 3, 3, 3, 3, 3, 3, 3, 3,
            3, 3, 3, 3, 3, 3, 3, 3, 3, 3, 3, 3, 3, 3, 3, 3, 3, 3, 3, 3, 3, 3, 3, 3,
            3, 3, 3, 3, 3, 3, 3, 3, 3, 3, 3, 3, 3, 3, 3, 3, 3, 3, 3, 3, 3, 3, 3, 3,
            3, 3, 3, 3, 3, 3, 3, 3, 3, 3, 3, 3, 3, 3, 3, 3, 3, 3, 3, 3, 3, 3, 3, 3,
            3, 3, 3, 3, 3, 3, 3, 3, 3, 3, 3, 3, 3, 3, 3, 3, 3, 3, 3, 3, 3, 3, 3, 3,
            3, 3, 3, 3, 3, 3, 3, 3, 3, 3, 3, 3, 3, 3, 3, 3, 3, 3, 3, 3, 3, 3, 3, 3,
            3, 3, 3, 3, 3, 3, 3, 3, 3, 3, 3, 3, 3, 3, 3, 3, 3, 3, 3, 3, 3, 3, 3, 3,
            3, 3, 3, 3, 3, 3, 3, 3, 3, 3, 3, 3, 3, 3, 3, 3, 3, 3, 3, 3, 3, 3, 3, 3,
            3, 3, 3, 3, 3, 3, 3, 3, 3, 3, 3, 3, 3, 3, 3, 3, 3, 3, 3, 3, 3, 3, 3, 3,
            3, 3, 3, 3, 3, 3, 3, 3, 3, 3, 3, 3, 3, 3, 3, 3, 3, 3, 3, 3, 3, 3, 3, 3,
            3, 3, 3, 3, 3, 3, 3, 3, 3, 3, 3, 3, 3, 3, 3, 3, 3, 3, 3, 3, 3, 3, 3, 3,
            3, 3, 3, 3, 3, 3, 3, 3, 3, 3, 3, 3, 3, 3, 3, 3, 3, 3, 3, 3, 3, 3, 3, 3,
            3, 3, 3, 3, 3, 3, 3, 3, 3, 3, 3, 3, 3, 3, 3, 3, 3, 3, 3, 3, 3, 3, 3, 3,
            3, 3, 3, 3, 3, 3, 3, 3, 3, 3, 3, 3, 3, 3, 3, 3, 3, 3, 3, 3, 3, 3, 3, 3,
            3, 3, 3, 3, 3, 3, 3, 3, 3, 3, 3, 3, 3, 3, 3, 3, 3, 3, 3, 3, 3, 3, 3, 3,
            3, 3, 3, 3, 3, 3, 3, 3, 3, 3, 3, 3, 3, 3, 3, 3, 3, 3, 3, 3, 3, 3, 3, 3,
            3, 3, 3, 3, 3, 3, 3, 3, 3, 3, 3, 3, 3, 3, 3, 3, 3, 3, 3, 3, 3, 3, 3, 3,
            3, 3, 3, 3, 3, 3, 3, 3, 3, 3, 3, 3, 3, 3, 3, 3, 3, 3, 3, 3, 3, 3, 3, 3,
            3, 3, 3, 3, 3, 3, 3, 3, 3, 3, 3, 3, 3, 3, 3, 3, 3, 3, 3, 3, 3, 3, 3, 3,
            3, 3, 3, 3, 3, 3, 3, 3, 3, 3, 3, 3, 3, 3, 3, 3, 3, 3, 3, 3, 3, 3, 3, 3,
            3, 3, 3, 3, 3, 3, 3, 3, 3, 3, 3, 3, 3, 3, 3, 3, 3, 3, 3, 3, 3, 3, 3, 3,
            3, 3, 3, 3, 3, 3, 3, 3, 3, 3, 3, 3, 3, 3, 3, 3, 3, 3, 3, 3, 3, 3, 3, 3,
            3, 3, 3, 3, 3, 3, 3, 3, 3, 3, 3, 3, 3, 3, 3, 3, 3, 3, 3, 3, 3, 3, 3, 3,
            3, 3, 3, 3, 3, 3, 3, 3, 3, 3, 3, 3, 3, 3, 3, 3, 3, 3, 3, 3, 3, 3, 3, 3,
            3, 3, 3, 3, 3, 3, 3, 3, 3, 3, 3, 3, 3, 3, 3, 3, 3, 3, 3, 3, 3, 3, 3, 3,
            3, 3, 3, 3, 3, 3, 3, 3, 3, 3, 3, 3, 3, 3, 3, 3, 3, 3, 3, 3, 3, 3, 3, 3,
            3, 3, 3, 3, 3, 3, 3, 3, 3, 3, 3, 3, 3, 3, 3, 3, 3, 3, 3, 3, 3, 3, 3, 3,
            3, 3, 3, 3, 3, 3, 3, 3, 3, 3, 3, 3, 3, 3, 3, 3, 3, 3, 3, 3, 3, 3, 3, 3,
            3, 3, 3, 3, 3, 3, 3, 3, 3, 3, 3, 3, 3, 3, 3, 3, 3, 3, 3, 3, 3, 3, 3, 3,
            3, 3, 3, 3, 3, 3, 3, 3, 3, 3, 3, 3, 3, 3, 3, 3, 3, 3, 3, 3, 3, 3, 3, 3,
            3, 3, 3, 3, 3, 3, 3, 3, 3, 3, 3, 3, 3, 3, 3, 3, 3, 3, 3, 3, 3, 3, 3, 3,
            3, 3, 3, 3, 3, 3, 3, 3, 3, 3, 3, 3, 3, 3, 3, 3, 3, 3, 3, 3, 3, 3, 3, 3,
            3, 3, 3, 3, 3, 3, 3, 3, 3, 3, 3, 3, 3, 3, 3, 3, 3, 3, 3, 3, 3, 3, 3, 3,
            3, 3, 3, 3, 3, 3, 3, 3, 3, 3, 3, 3, 3, 3, 3, 3, 3, 3, 3, 3, 3, 3, 3, 3,
            3, 3, 3, 3, 3, 3, 3, 3, 3, 3, 3, 3, 3, 3, 3, 3, 3, 3, 3, 3, 3, 3, 3, 3,
            3, 3, 3, 3, 3, 3, 3, 3, 3, 3, 3, 3, 3, 3, 3, 3, 3, 3, 3, 3, 3, 3, 3, 3,
            3, 3, 3, 3, 3, 3, 3, 3, 3, 3, 3, 3, 3, 3, 3, 3, 3, 3, 3, 3, 3, 3, 3, 3,
            3, 3, 3, 3, 3, 3, 3, 3, 3, 3, 3, 3, 3, 3, 3, 3, 3, 3, 3, 3, 3, 3, 3, 3,
            3, 3, 3, 3, 3, 3, 3, 3, 3, 3, 3, 3, 3, 3, 3, 3, 3, 3, 3, 3, 3, 3, 3, 3,
            3, 3, 3, 3, 3, 3, 3, 3, 3, 3, 3, 3, 3, 3, 3, 3, 3, 3, 3, 3, 3, 3, 3, 3,
            3, 3, 3, 3, 3, 3, 3, 3, 3, 3, 3, 3, 3, 3, 3, 3, 3, 3, 3, 3, 3, 3, 3, 3,
            3, 3, 3, 3, 3, 3, 3, 3, 3, 3, 3, 3, 3, 3, 3, 3, 3, 3, 3, 3, 3, 3, 3, 3,
            3, 3, 3, 3, 3, 3, 3, 3, 3, 3, 3, 3, 3, 3, 3, 3, 3, 3, 3, 3, 3, 3, 3, 3,
            3, 3, 3, 3, 3, 3, 3, 3, 3, 3, 3, 3, 3, 3, 3, 3, 3, 3, 3, 3, 3, 3, 3, 3,
            3, 3, 3, 3, 3, 3, 3, 3, 3, 3, 3, 3, 3, 3, 3, 3, 3, 3, 3, 3, 3, 3, 3, 3,
            3, 3, 3, 3, 3, 3, 3, 3, 3, 3, 3, 3, 3, 3, 3, 3, 3, 3, 3, 3, 3, 3, 3, 3,
            3, 3, 3, 3, 3, 3, 3, 3, 3, 3, 3, 3, 3, 3, 3, 3, 3, 3, 3, 3, 3, 3, 3, 3,
            3, 3, 3, 3, 3, 3, 3, 3, 3, 3, 3, 3, 3, 3, 3, 3, 3, 3, 3, 3, 3, 3, 3, 3,
            3, 3, 3, 3, 3, 3, 3, 3, 3, 3, 3, 3, 3, 3, 3, 3, 3, 3, 3, 3, 3, 3, 3, 3,
            3, 3, 3, 3, 3, 3, 3, 3, 3, 3, 3, 3, 3, 3, 3, 3, 3, 3, 3, 3, 3, 3, 3, 3,
            3, 3, 3, 3, 3, 3, 3, 3, 3, 3, 3, 3, 3, 3, 3, 3, 3, 3, 3, 3, 3, 3, 3, 3,
            3, 3, 3, 3, 3, 3, 3, 3, 3, 3, 3, 3, 3, 3, 3, 3, 3, 3, 3, 3, 3, 3, 3, 3,
            3, 3, 3, 3, 3, 3, 3, 3, 3, 3, 3, 3, 3, 3, 3, 3, 3, 3, 3, 3, 3, 3, 3, 3,
            3, 3, 3, 3, 3, 3, 3, 3, 3, 3, 3, 3, 3, 3, 3, 3, 3, 3, 3, 3, 3, 3, 3, 3,
            3, 3, 3, 3, 3, 3, 3, 3, 3, 3, 3, 3, 3, 3, 3, 3, 3, 3, 3, 3, 3, 3, 3, 3,
            3, 3, 3, 3, 3, 3, 3, 3, 3, 3, 3, 3, 3, 3, 3, 3, 3, 3, 3, 3, 3, 3, 3, 3,
            3, 3, 3, 3, 3, 3, 3, 3, 3, 3, 3, 3, 3, 3, 3, 3, 3, 3, 3, 3, 3, 3, 3, 3,
            3, 3, 3, 3, 3, 3, 3, 3, 3, 3, 3, 3, 3, 3, 3, 3, 3, 3, 3, 3, 3, 3, 3, 3,
            3, 3, 3, 3, 3, 3, 3, 3, 3, 3, 3, 3, 3, 3, 3, 3, 3, 3, 3, 3, 3, 3, 3, 3,
            3, 3, 3, 3, 3, 3, 3, 3, 3, 3, 3, 3, 3, 3, 3, 3, 3, 3, 3, 3, 3, 3, 3, 3,
            3, 3, 3, 3, 3, 3, 3, 3, 3, 3, 3, 3, 3, 3, 3, 3, 3, 3, 3, 3, 3, 3, 3, 3,
            3, 3, 3, 3, 3, 3, 3, 3, 3, 3, 3, 3, 3, 3, 3, 3, 3, 3, 3, 3, 3, 3, 3, 3,
            3, 3, 3, 3, 3, 3, 3, 3, 3, 3, 3, 3, 3, 3, 3, 3, 3, 3, 3, 3, 3, 3, 3, 3,
            3, 3, 3, 3, 3, 3, 3, 3, 3, 3, 3, 3, 3, 3, 3, 3, 3, 3, 3, 3, 3, 3, 3, 3,
            3, 3, 3, 3, 3, 3, 3, 3, 3, 3, 3, 3, 3, 3, 3, 3, 3, 3, 3, 3, 3, 3, 3, 3,
            3, 3, 3, 3, 3, 3, 3, 3, 3, 3, 3, 3, 3, 3, 3, 3, 3, 3, 3, 3, 3, 3, 3, 3,
            3, 3, 3, 3, 3, 3, 3, 3, 3, 3, 3, 3, 3, 3, 3, 3, 3, 3, 3, 3, 3, 3, 3, 3,
            3, 3, 3, 3, 3, 3, 3, 3, 3, 3, 3, 3, 3, 3, 3, 3, 3, 3, 3, 3, 3, 3, 3, 3,
            3, 3, 3, 3, 3, 3, 3, 3, 3, 3, 3, 3, 3, 3, 3, 3, 3, 3, 3, 3, 3, 3, 3, 3,
            3, 3, 3, 3, 3, 3, 3, 3, 3, 3, 3, 3, 3, 3, 3, 3, 3, 3, 3, 3, 3, 3, 3, 3,
            3, 3, 3, 3, 3, 3, 3, 3, 3, 3, 3, 3, 3, 3, 3, 3, 3, 3, 3, 3, 3, 3, 3, 3,
            3, 3, 3, 3, 3, 3, 3, 3, 3, 3, 3, 3, 3, 3, 3, 3, 3, 3, 3, 3, 3, 3, 3, 3,
            3, 3, 3, 3, 3, 3, 3, 3, 3, 3, 3, 3, 3, 3, 3, 3, 3, 3, 3, 3, 3, 3, 3, 3,
            3, 3, 3, 3, 3, 3, 3, 3, 3, 3, 3, 3, 3, 3, 3, 3, 3, 3, 3, 3, 3, 3, 3, 3,
            3, 3, 3, 3, 3, 3, 3, 3, 3, 3, 3, 3, 3, 3, 3, 3, 3, 3, 3, 3, 3, 3, 3, 3,
            3, 3, 3, 3, 3, 3, 3, 3, 3, 3, 3, 3, 3, 3, 3, 3, 3, 3, 3, 3, 3, 3, 3, 3,
            3, 3, 3, 3, 3, 3, 3, 3, 3, 3, 3, 3, 3, 3, 3, 3, 3, 3, 3, 3, 3, 3, 3, 3,
            3, 3, 3, 3, 3, 3, 3, 3, 3, 3, 3, 3, 3, 3, 3, 3, 3, 3, 3, 3, 3, 3, 3, 3,
            3, 3, 3, 3, 3, 3, 3, 3, 3, 3, 3, 3, 3, 3, 3, 3, 3, 3, 3, 3, 3, 3, 3, 3,
            3, 3, 3, 3, 3, 3, 3, 3, 3, 3, 3, 3, 3, 3, 3, 3, 3, 3, 3, 3, 3, 3, 3, 3,
            3, 3, 3, 3, 3, 3, 3, 3, 3, 3, 3, 3, 3, 3, 3, 3, 3, 3, 3, 3, 3, 3, 3, 3,
            3, 3, 3, 3, 3, 3, 3, 3, 3, 3, 3, 3, 3, 3, 3, 3, 3, 3, 3, 3, 3, 3, 3, 3,
            3, 3, 3, 3, 3, 3, 3, 3, 3, 3, 3, 3, 3, 3, 3, 3, 3, 3, 3, 3, 3, 3, 3, 3,
            3, 3, 3, 3, 3, 3, 3, 3, 3, 3, 3, 3, 3, 3, 3, 3, 3, 3, 3, 3, 3, 3, 3, 3,
            3, 3, 3, 3, 3, 3, 3, 3, 3, 3, 3, 3, 3, 3, 3, 3, 3, 3, 3, 3, 3, 3, 3, 3,
            3, 3, 3, 3, 3, 3, 3, 3, 3, 3, 3, 3, 3, 3, 3, 3, 3, 3, 3, 3, 3, 3, 3, 3,
            3, 3, 3, 3, 3, 3, 3, 3, 3, 3, 3, 3, 3, 3, 3, 3, 3, 3, 3, 3, 3, 3, 3, 3,
            3, 3, 3, 3, 3, 3, 3, 3, 3, 3, 3, 3, 3, 3, 3, 3, 3, 3, 3, 3, 3, 3, 3, 3,
            3, 3, 3, 3, 3, 3, 3, 3, 3, 3, 3, 3, 3, 3, 3, 3, 3, 3, 3, 3, 3, 3, 3, 3,
            3, 3, 3, 3, 3, 3, 3, 3, 3, 3, 3, 3, 3, 3, 3, 3, 3, 3, 3, 3, 3, 3, 3, 3,
            3, 3, 3, 3, 3, 3, 3, 3, 3, 3, 3, 3, 3, 3, 3, 3, 3, 3, 3, 3, 3, 3, 3, 3,
            3, 3, 3, 3, 3, 3, 3, 3, 3, 3, 3, 3, 3, 3, 3, 3, 3, 3, 3, 3, 3, 3, 3, 3,
            3, 3, 3, 3, 3, 3, 3, 3, 3, 3, 3, 3, 3, 3, 3, 3, 3, 3, 3, 3, 3, 3, 3, 3,
            3, 3, 3, 3, 3, 3, 3, 3, 3, 3, 3, 3, 3, 3, 3, 3, 3, 3, 3, 3, 3, 3, 3, 3,
            3, 3, 3, 3, 3, 3, 3, 3, 3, 3, 3, 3, 3, 3, 3, 3, 3, 3, 3, 3, 3, 3, 3, 3,
            3, 3, 3, 3, 3, 3, 3, 3, 3, 3, 3, 3, 3, 3, 3, 3, 3, 3, 3, 3, 3, 3, 3, 3,
            3, 3, 3, 3, 3, 3, 3, 3, 3, 3, 3, 3, 3, 3, 3, 3, 3, 3, 3, 3, 3, 3, 3, 3,
            3, 3, 3, 3, 3, 3, 3, 3, 3, 3, 3, 3, 3, 3, 3, 3, 3, 3, 3, 3, 3, 3, 3, 3,
            3, 3, 3, 3, 3, 3, 3, 3, 3, 3, 3, 3, 3, 3, 3, 3, 3, 3, 3, 3, 3, 3, 3, 3,
            3, 3, 3, 3, 3, 3, 3, 3, 3, 3, 3, 3, 3, 3, 3, 3, 3, 3, 3, 3, 3, 3, 3, 3,
            3, 3, 3, 3, 3, 3, 3, 3, 3, 3, 3, 3, 3, 3, 3, 3, 3, 3, 3, 3, 3, 3, 3, 3,
            3, 3, 3, 3, 3, 3, 3, 3, 3, 3, 3, 3, 3, 3, 3, 3, 3, 3, 3, 3, 3, 3, 3, 3,
            3, 3, 3, 3, 3, 3, 3, 3, 3, 3, 3, 3, 3, 3, 3, 3, 3, 3, 3, 3, 3, 3, 3, 3,
            3, 3, 3, 3, 3, 3, 3, 3, 3, 3, 3, 3, 3, 3, 3, 3, 3, 3, 3, 3, 3, 3, 3, 3,
            3, 3, 3, 3, 3, 3, 3, 3, 3, 3, 3, 3, 3, 3, 3, 3, 3, 3, 3, 3, 3, 3, 3, 3,
            3, 3, 3, 3, 3, 3, 3, 3, 3, 3, 3, 3, 3, 3, 3, 3, 3, 3, 3, 3, 3, 3, 3, 3,
            3, 3, 3, 3, 3, 3, 3, 3, 3, 3, 3, 3, 3, 3, 3, 3, 3, 3, 3, 3, 3, 3, 3, 3,
            3, 3, 3, 3, 3, 3, 3, 3, 3, 3, 3, 3, 3, 3, 3, 3, 3, 3, 3, 3, 3, 3, 3, 3,
            3, 3, 3, 3, 3, 3, 3, 3, 3, 3, 3, 3, 3, 3, 3, 3, 3, 3, 3, 3, 3, 3, 3, 3,
            3, 3, 3, 3, 3, 3, 3, 3, 3, 3, 3, 3, 3, 3, 3, 3, 3, 3, 3, 3, 3, 3, 3, 3,
            3, 3, 3, 3, 3, 3, 3, 3, 3, 3, 3, 3, 3, 3, 3, 3, 3, 3, 3, 3, 3, 3, 3, 3,
            3, 3, 3, 3, 3, 3, 3, 3, 3, 3, 3, 3, 3, 3, 3, 3, 3, 3, 3, 3, 3, 3, 3, 3,
            3, 3, 3, 3, 3, 3, 3, 3, 3, 3, 3, 3, 3, 3, 3, 3, 3, 3, 3, 3, 3, 3, 3, 3,
            3, 3, 3, 3, 3, 3, 3, 3, 3, 3, 3, 3, 3, 3, 3, 3, 3, 3, 3, 3, 3, 3, 3, 3,
            3, 3, 3, 3, 3, 3, 3, 3, 3, 3, 3, 3, 3, 3, 3, 3, 3, 3, 3, 3, 3, 3, 3, 3,
            3, 3, 3, 3, 3, 3, 3, 3, 3, 3, 3, 3, 3, 3, 3, 3, 3, 3, 3, 3, 3, 3, 3, 3,
            3, 3, 3, 3, 3, 3, 3, 3, 3, 3, 3, 3, 3, 3, 3, 3, 3, 3, 3, 3, 3, 3, 3, 3,
            3, 3, 3, 3, 3, 3, 3, 3, 3, 3, 3, 3, 3, 3, 3, 3, 3, 3, 3, 3, 3, 3, 3, 3,
            3, 3, 3, 3, 3, 3, 3, 3, 3, 3, 3, 3, 3, 3, 3, 3, 3, 3, 3, 3, 3, 3, 3, 3,
            3, 3, 3, 3, 3, 3, 3, 3, 3, 3, 3, 3, 3, 3, 3, 3, 3, 3, 3, 3, 3, 3, 3, 3,
            3, 3, 3, 3, 3, 3, 3, 3, 3, 3, 3, 3, 3, 3, 3, 3, 3, 3, 3, 3, 3, 3, 3, 3,
            3, 3, 3, 3, 3, 3, 3, 3, 3, 3, 3, 3, 3, 3, 3, 3, 3, 3, 3, 3, 3, 3, 3, 3,
            3, 3, 3, 3, 3, 3, 3, 3, 3, 3, 3, 3, 3, 3, 3, 3, 3, 3, 3, 3, 3, 3, 3, 3,
            3, 3, 3, 3, 3, 3, 3, 3, 3, 3, 3, 3, 3, 3, 3, 3, 3, 3, 3, 3, 3, 3, 3, 3,
            3, 3, 3, 3, 3, 3, 3, 3, 3, 3, 3, 3, 3, 3, 3, 3, 3, 3, 3, 3, 3, 3, 3, 3,
            3, 3, 3, 3, 3, 3, 3, 3, 3, 3, 3, 3, 3, 3, 3, 3, 3, 3, 3, 3, 3, 3, 3, 3,
            3, 3, 3, 3, 3, 3, 3, 3, 3, 3, 3, 3, 3, 3, 3, 3, 3, 3, 3, 3, 3, 3, 3, 3,
            3, 3, 3, 3, 3, 3, 3, 3, 3, 3, 3, 3, 3, 3, 3, 3, 3, 3, 3, 3, 3, 3, 3, 3,
            3, 3, 3, 3, 3, 3, 3, 3, 3, 3, 3, 3, 3, 3, 3, 3, 3, 3, 3, 3, 3, 3, 3, 3,
            3, 3, 3, 3, 3, 3, 3, 3, 3, 3, 3, 3, 3, 3, 3, 3, 3, 3, 3, 3, 3, 3, 3, 3,
            3, 3, 3, 3, 3, 3, 3, 3, 3, 3, 3, 3, 3, 3, 3, 3, 3, 3, 3, 3, 3, 3, 3, 3,
            3, 3, 3, 3, 3, 3, 3, 3, 3, 3, 3, 3, 3, 3, 3, 3, 3, 3, 3, 3, 3, 3, 3, 3,
            3, 3, 3, 3, 3, 3, 3, 3, 3, 3, 3, 3, 3, 3, 3, 3, 3, 3, 3, 3, 3, 3, 3, 3,
            3, 3, 3, 3, 3, 3, 3, 3, 3, 3, 3, 3, 3, 3, 3, 3, 3, 3, 3, 3, 3, 3, 3, 3,
            3, 3, 3, 3, 3, 3, 3, 3, 3, 3, 3, 3, 3, 3, 3, 3, 3, 3, 3, 3, 3, 3, 3, 3,
            3, 3, 3, 3, 3, 3, 3, 3, 3, 3, 3, 3, 3, 3, 3, 3, 3, 3, 3, 3, 3, 3, 3, 3,
            3, 3, 3, 3, 3, 3, 3, 3, 3, 3, 3, 3, 3, 3, 3, 3, 3, 3, 3, 3, 3, 3, 3, 3,
            3, 3, 3, 3, 3, 3, 3, 3, 3, 3, 3, 3, 3, 3, 3, 3, 3, 3, 3, 3, 3, 3, 3, 3,
            3, 3, 3, 3, 3, 3, 3, 3, 3, 3, 3, 3, 3, 3, 3, 3, 3, 3, 3, 3, 3, 3, 3, 3,
            3, 3, 3, 3, 3, 3, 3, 3, 3, 3, 3, 3, 3, 3, 3, 3, 3, 3, 3, 3, 3, 3, 3, 3,
            3, 3, 3, 3, 3, 3, 3, 3, 3, 3, 3, 3, 3, 3, 3, 3, 3, 3, 3, 3, 3, 3, 3, 3,
            3, 3, 3, 3, 3, 3, 3, 3, 3, 3, 3, 3, 3, 3, 3, 3, 3, 3, 3, 3, 3, 3, 3, 3,
            3, 3, 3, 3, 3, 3, 3, 3, 3, 3, 3, 3, 3, 3, 3, 3, 3, 3, 3, 3, 3, 3, 3, 3,
            3, 3, 3, 3, 3, 3, 3, 3, 3, 3, 3, 3, 3, 3, 3, 3, 3, 3, 3, 3, 3, 3, 3, 3,
            3, 3, 3, 3, 3, 3, 3, 3, 3, 3, 3, 3, 3, 3, 3, 3, 3, 3, 3, 3, 3, 3, 3, 3,
            3, 3, 3, 3, 3, 3, 3, 3, 3, 3, 3, 3, 3, 3, 3, 3, 3, 3, 3, 3, 3, 3, 3, 3,
            3, 3, 3, 3, 3, 3, 3, 3, 3, 3, 3, 3, 3, 3, 3, 3, 3, 3, 3, 3, 3, 3, 3, 3,
            3, 3, 3, 3, 3, 3, 3, 3, 3, 3, 3, 3, 3, 3, 3, 3, 3, 3, 3, 3, 3, 3, 3, 3,
            3, 3, 3, 3, 3, 3, 3, 3, 3, 3, 3, 3, 3, 3, 3, 3, 3, 3, 3, 3, 3, 3, 3, 3,
            3, 3, 3, 3, 3, 3, 3, 3, 3, 3, 3, 3, 3, 3, 3, 3, 3, 3, 3, 3, 3, 3, 3, 3,
            3, 3, 3, 3, 3, 3, 3, 3, 3, 3, 3, 3, 3, 3, 3, 3, 3, 3, 3, 3, 3, 3, 3, 3,
            3, 3, 3, 3, 3, 3, 3, 3, 3, 3, 3, 3, 3, 3, 3, 3, 3, 3, 3, 3, 3, 3, 3, 3,
            3, 3, 3, 3, 3, 3, 3, 3, 3, 3, 3, 3, 3, 3, 3, 3, 3, 3, 3, 3, 3, 3, 3, 3,
            3, 3, 3, 3, 3, 3, 3, 3, 3, 3, 3, 3, 3, 3, 3, 3, 3, 3, 3, 3, 3, 3, 3, 3,
            3, 3, 3, 3, 3, 3, 3, 3, 3, 3, 3, 3, 3, 3, 3, 3, 3, 3, 3, 3, 3, 3, 3, 3,
            3, 3, 3, 3, 3, 3, 3, 3, 3, 3, 3, 3, 3, 3, 3, 3, 3, 3, 3, 3, 3, 3, 3, 3,
            3, 3, 3, 3, 3, 3, 3, 3, 3, 3, 3, 3, 3, 3, 3, 3, 3, 3, 3, 3, 3, 3, 3, 3,
            3, 3, 3, 3, 3, 3, 3, 3, 3, 3, 3, 3, 3, 3, 3, 3, 3, 3, 3, 3, 3, 3, 3, 3,
            3, 3, 3, 3, 3, 3, 3, 3, 3, 3, 3, 3, 3, 3, 3, 3, 3, 3, 3, 3, 3, 3, 3, 3,
            3, 3, 3, 3, 3, 3, 3, 3, 3, 3, 3, 3, 3, 3, 3, 3, 3, 3, 3, 3, 3, 3, 3, 3,
            3, 3, 3, 3, 3, 3, 3, 3, 3, 3, 3, 3, 3, 3, 3, 3, 3, 3, 3, 3, 3, 3, 3, 3,
            3, 3, 3, 3, 3, 3, 3, 3, 3, 3, 3, 3, 3, 3, 3, 3, 3, 3, 3, 3, 3, 3, 3, 3,
            3, 3, 3, 3, 3, 3, 3, 3, 3, 3, 3, 3, 3, 3, 3, 3, 3, 3, 3, 3, 3, 3, 3, 3,
            3, 3, 3, 3, 3, 3, 3, 3, 3, 3, 3, 3, 3, 3, 3, 3, 3, 3, 3, 3, 3, 3, 3, 3,
            3, 3, 3, 3, 3, 3, 3, 3, 3, 3, 3, 3, 3, 3, 3, 3, 3, 3, 3, 3, 3, 3, 3, 3,
            3, 3, 3, 3, 3, 3, 3, 3, 3, 3, 3, 3, 3, 3, 3, 3, 3, 3, 3, 3, 3, 3, 3, 3,
            3, 3, 3, 3, 3, 3, 3, 3, 3, 3, 3, 3, 3, 3, 3, 3, 3, 3, 3, 3, 3, 3, 3, 3,
            3, 3, 3, 3, 3, 3, 3, 3, 3, 3, 3, 3, 3, 3, 3, 3, 3, 3, 3, 3, 3, 3, 3, 3,
            3, 3, 3, 3, 3, 3, 3, 3, 3, 3, 3, 3, 3, 3, 3, 3, 3, 3, 3, 3, 3, 3, 3, 3,
            3, 3, 3, 3, 3, 3, 3, 3, 3, 3, 3, 3, 3, 3, 3, 3, 3, 3, 3, 3, 3, 3, 3, 3,
            3, 3, 3, 3, 3, 3, 3, 3, 3, 3, 3, 3, 3, 3, 3, 3, 3, 3, 3, 3, 3, 3, 3, 3,
            3, 3, 3, 3, 3, 3, 3, 3, 3, 3, 3, 3, 3, 3, 3, 3, 3, 3, 3, 3, 3, 3, 3, 3,
            3, 3, 3, 3, 3, 3, 3, 3, 3, 3, 3, 3, 3, 3, 3, 3, 3, 3, 3, 3, 3, 3, 3, 3,
            3, 3, 3, 3, 3, 3, 3, 3, 3, 3, 3, 3, 3, 3, 3, 3, 3, 3, 3, 3, 3, 3, 3, 3,
            3, 3, 3, 3, 3, 3, 3, 3, 3, 3, 3, 3, 3, 3, 3, 3, 3, 3, 3, 3, 3, 3, 3, 3,
            3, 3, 3, 3, 3, 3, 3, 3, 3, 3, 3, 3, 3, 3, 3, 3, 3, 3, 3, 3, 3, 3, 3, 3,
            3, 3, 3, 3, 3, 3, 3, 3, 3, 3, 3, 3, 3, 3, 3, 3, 3, 3, 3, 3, 3, 3, 3, 3,
            3, 3, 3, 3, 3, 3, 3, 3, 3, 3, 3, 3, 3, 3, 3, 3, 3, 3, 3, 3, 3, 3, 3, 3,
            3, 3, 3, 3, 3, 3, 3, 3, 3, 3, 3, 3, 3, 3, 3, 3, 3, 3, 3, 3, 3, 3, 3, 3,
            3, 3, 3, 3, 3, 3, 3, 3, 3, 3, 3, 3, 3, 3, 3, 3, 3, 3, 3, 3, 3, 3, 3, 3,
            3, 3, 3, 3, 3, 3, 3, 3, 3, 3, 3, 3, 3, 3, 3, 3, 3, 3, 3, 3, 3, 3, 3, 3,
            3, 3, 3, 3, 3, 3, 3, 3, 3, 3, 3, 3, 3, 3, 3, 3, 3, 3, 3, 3, 3, 3, 3, 3,
            3, 3, 3, 3, 3, 3, 3, 3, 3, 3, 3, 3, 3, 3, 3, 3, 3, 3, 3, 3, 3, 3, 3, 3,
            3, 3, 3, 3, 3, 3, 3, 3, 3, 3, 3, 3, 3, 3, 3, 3, 3, 3, 3, 3, 3, 3, 3, 3,
            3, 3, 3, 3, 3, 3, 3, 3, 3, 3, 3, 3, 3, 3, 3, 3, 3, 3, 3, 3, 3, 3, 3, 3,
            3, 3, 3, 3, 3, 3, 3, 3, 3, 3, 3, 3, 3, 3, 3, 3, 3, 3, 3, 3, 3, 3, 3, 3,
            3, 3, 3, 3, 3, 3, 3, 3, 3, 3, 3, 3, 3, 3, 3, 3, 3, 3, 3, 3, 3, 3, 3, 3,
            3, 3, 3, 3, 3, 3, 3, 3, 3, 3, 3, 3, 3, 3, 3, 3, 3, 3, 3, 3, 3, 3, 3, 3,
            3, 3, 3, 3, 3, 3, 3, 3, 3, 3, 3, 3, 3, 3, 3, 3, 3, 3, 3, 3, 3, 3, 3, 3,
            3, 3, 3, 3, 3, 3, 3, 3, 3, 3, 3, 3, 3, 3, 3, 3, 3, 3, 3, 3, 3, 3, 3, 3,
            3, 3, 3, 3, 3, 3, 3, 3, 3, 3, 3, 3, 3, 3, 3, 3, 3, 3, 3, 3, 3, 3, 3, 3,
            3, 3, 3, 3, 3, 3, 3, 3, 3, 3, 3, 3, 3, 3, 3, 3, 3, 3, 3, 3, 3, 3, 3, 3,
            3, 3, 3, 3, 3, 3, 3, 3, 3, 3, 3, 3, 3, 3, 3, 3, 3, 3, 3, 3, 3, 3, 3, 3,
            3, 3, 3, 3, 3, 3, 3, 3, 3, 3, 3, 3, 3, 3, 3, 3, 3, 3, 3, 3, 3, 3, 3, 3,
            3, 3, 3, 3, 3, 3, 3, 3, 3, 3, 3, 3, 3, 3, 3, 3, 3, 3, 3, 3, 3, 3, 3, 3,
            3, 3, 3, 3, 3, 3, 3, 3, 3, 3, 3, 3, 3, 3, 3, 3, 3, 3, 3, 3, 3, 3, 3, 3,
            3, 3, 3, 3, 3, 3, 3, 3, 3, 3, 3, 3, 3, 3, 3, 3, 3, 3, 3, 3, 3, 3, 3, 3,
            3, 3, 3, 3, 3, 3, 3, 3, 3, 3, 3, 3, 3, 3, 3, 3, 3, 3, 3, 3, 3, 3, 3, 3,
            3, 3, 3, 3, 3, 3, 3, 3, 3, 3, 3, 3, 3, 3, 3, 3, 3, 3, 3, 3, 3, 3, 3, 3,
            3, 3, 3, 3, 3, 3, 3, 3, 3, 3, 3, 3, 3, 3, 3, 3, 3, 3, 3, 3, 3, 3, 3, 3,
            3, 3, 3, 3, 3, 3, 3, 3, 3, 3, 3, 3, 3, 3, 3, 3, 3, 3, 3, 3, 3, 3, 3, 3,
            3, 3, 3, 3, 3, 3, 3, 3, 3, 3, 3, 3, 3, 3, 3, 3, 3, 3, 3, 3, 3, 3, 3, 3,
            3, 3, 3, 3, 3, 3, 3, 3, 3, 3, 3, 3, 3, 3, 3, 3, 3, 3, 3, 3, 3, 3, 3, 3,
            3, 3, 3, 3, 3, 3, 3, 3, 3, 3, 3, 3, 3, 3, 3, 3, 3, 3, 3, 3, 3, 3, 3, 3,
            3, 3, 3, 3, 3, 3, 3, 3, 3, 3, 3, 3, 3, 3, 3, 3, 3, 3, 3, 3, 3, 3, 3, 3,
            3, 3, 3, 3, 3, 3, 3, 3, 3, 3, 3, 3, 3, 3, 3, 3, 3, 3, 3, 3, 3, 3, 3, 3,
            3, 3, 3, 3, 3, 3, 3, 3, 3, 3, 3, 3, 3, 3, 3, 3, 3, 3, 3, 3, 3, 3, 3, 3,
            3, 3, 3, 3, 3, 3, 3, 3, 3, 3, 3, 3, 3, 3, 3, 3, 3, 3, 3, 3, 3, 3, 3, 3,
            3, 3, 3, 3, 3, 3, 3, 3, 3, 3, 3, 3, 3, 3, 3, 3, 3, 3, 3, 3, 3, 3, 3, 3,
            3, 3, 3, 3, 3, 3, 3, 3, 3, 3, 3, 3, 3, 3, 3, 3, 3, 3, 3, 3, 3, 3, 3, 3,
            3, 3, 3, 3, 3, 3, 3, 3, 3, 3, 3, 3, 3, 3, 3, 3, 3, 3, 3, 3, 3, 3, 3, 3,
            3, 3, 3, 3, 3, 3, 3, 3, 3, 3, 3, 3, 3, 3, 3, 3, 3, 3, 3, 3, 3, 3, 3, 3,
            3, 3, 3, 3, 3, 3, 3, 3, 3, 3, 3, 3, 3, 3, 3, 3, 3, 3, 3, 3, 3, 3, 3, 3,
            3, 3, 3, 3, 3, 3, 3, 3, 3, 3, 3, 3, 3, 3, 3, 3, 3, 3, 3, 3, 3, 3, 3, 3,
            3, 3, 3, 3, 3, 3, 3, 3, 3, 3, 3, 3, 3, 3, 3, 3, 3, 3, 3, 3, 3, 3, 3, 3,
            3, 3, 3, 3, 3, 3, 3, 3, 3, 3, 3, 3, 3, 3, 3, 3, 3, 3, 3, 3, 3, 3, 3, 3,
            3, 3, 3, 3, 3, 3, 3, 3, 3, 3, 3, 3, 3, 3, 3, 3, 3, 3, 3, 3, 3, 3, 3, 3,
            3, 3, 3, 3, 3, 3, 3, 3, 3, 3, 3, 3, 3, 3, 3, 3, 3, 3, 3, 3, 3, 3, 3, 3,
            3, 3, 3, 3, 3, 3, 3, 3, 3, 3, 3, 3, 3, 3, 3, 3, 3, 3, 3, 3, 3, 3, 3, 3,
            3, 3, 3, 3, 3, 3, 3, 3, 3, 3, 3, 3, 3, 3, 3, 3, 3, 3, 3, 3, 3, 3, 3, 3,
            3, 3, 3, 3, 3, 3, 3, 3, 3, 3, 3, 3, 3, 3, 3, 3, 3, 3, 3, 3, 3, 3, 3, 3,
            3, 3, 3, 3, 3, 3, 3, 3, 3, 3, 3, 3, 3, 3, 3, 3, 3, 3, 3, 3, 3, 3, 3, 3,
            3, 3, 3, 3, 3, 3, 3, 3, 3, 3, 3, 3, 3, 3, 3, 3, 3, 3, 3, 3, 3, 3, 3, 3,
            3, 3, 3, 3, 3, 3, 3, 3, 3, 3, 3, 3, 3, 3, 3, 3, 3, 3, 3, 3, 3, 3, 3, 3,
            3, 3, 3, 3, 3, 3, 3, 3, 3, 3, 3, 3, 3, 3, 3, 3, 3, 3, 3, 3, 3, 3, 3, 3,
            3, 3, 3, 3, 3, 3, 3, 3, 3, 3, 3, 3, 3, 3, 3, 3, 3, 3, 3, 3, 3, 3, 3, 3,
            3, 3, 3, 3, 3, 3, 3, 3, 3, 3, 3, 3, 3, 3, 3, 3, 3, 3, 3, 3, 3, 3, 3, 3,
            3, 3, 3, 3, 3, 3, 3, 3, 3, 3, 3, 3, 3, 3, 3, 3, 3, 3, 3, 3, 3, 3, 3, 3,
            3, 3, 3, 3, 3, 3, 3, 3, 3, 3, 3, 3, 3, 3, 3, 3, 3, 3, 3, 3, 3, 3, 3, 3,
            3, 3, 3, 3, 3, 3, 3, 3, 3, 3, 3, 3, 3, 3, 3, 3, 3, 3, 3, 3, 3, 3, 3, 3,
            3, 3, 3, 3, 3, 3, 3, 3, 3, 3, 3, 3, 3, 3, 3, 3, 3, 3, 3, 3, 3, 3, 3, 3,
            3, 3, 3, 3, 3, 3, 3, 3, 3, 3, 3, 3, 3, 3, 3, 3, 3, 3, 3, 3, 3, 3, 3, 3,
            3, 3, 3, 3, 3, 3, 3, 3, 3, 3, 3, 3, 3, 3, 3, 3, 3, 3, 3, 3, 3, 3, 3, 3,
            3, 3, 3, 3, 3, 3, 3, 3, 3, 3, 3, 3, 3, 3, 3, 3, 3, 3, 3, 3, 3, 3, 3, 3,
            3, 3, 3, 3, 3, 3, 3, 3, 3, 3, 3, 3, 3, 3, 3, 3, 3, 3, 3, 3, 3, 3, 3, 3,
            3, 3, 3, 3, 3, 3, 3, 3, 3, 3, 3, 3, 3, 3, 3, 3, 3, 3, 3, 3, 3, 3, 3, 3,
            3, 3, 3, 3, 3, 3, 3, 3, 3, 3, 3, 3, 3, 3, 3, 3, 3, 3, 3, 3, 3, 3, 3, 3,
            3, 3, 3, 3, 3, 3, 3, 3, 3, 3, 3, 3, 3, 3, 3, 3, 3, 3, 3, 3, 3, 3, 3, 3,
            3, 3, 3, 3, 3, 3, 3, 3, 3, 3, 3, 3, 3, 3, 3, 3, 3, 3, 3, 3, 3, 3, 3, 3,
            3, 3, 3, 3, 3, 3, 3, 3, 3, 3, 3, 3, 3, 3, 3, 3, 3, 3, 3, 3, 3, 3, 3, 3,
            3, 3, 3, 3, 3, 3, 3, 3, 3, 3, 3, 3, 3, 3, 3, 3, 3, 3, 3, 3, 3, 3, 3, 3,
            3, 3, 3, 3, 3, 3, 3, 3, 3, 3, 3, 3, 3, 3, 3, 3, 3, 3, 3, 3, 3, 3, 3, 3,
            3, 3, 3, 3, 3, 3, 3, 3, 3, 3, 3, 3, 3, 3, 3, 3, 3, 3, 3, 3, 3, 3, 3, 3,
            3, 3, 3, 3, 3, 3, 3, 3, 3, 3, 3, 3, 3, 3, 3, 3, 3, 3, 3, 3, 3, 3, 3, 3,
            3, 3, 3, 3, 3, 3, 3, 3, 3, 3, 3, 3, 3, 3, 3, 3, 3, 3, 3, 3, 3, 3, 3, 3,
            3, 3, 3, 3, 3, 3, 3, 3, 3, 3, 3, 3, 3, 3, 3, 3, 3, 3, 3, 3, 3, 3, 3, 3,
            3, 3, 3, 3, 3, 3, 3, 3, 3, 3, 3, 3, 3, 3, 3, 3, 3, 3, 3, 3, 3, 3, 3, 3,
            3, 3, 3, 3, 3, 3, 3, 3, 3, 3, 3, 3, 3, 3, 3, 3, 3, 3, 3, 3, 3, 3, 3, 3,
            3, 3, 3, 3, 3, 3, 3, 3, 3, 3, 3, 3, 3, 3, 3, 3, 3, 3, 3, 3, 3, 3, 3, 3,
            3, 3, 3, 3, 3, 3, 3, 3, 3, 3, 3, 3, 3, 3, 3, 3, 3, 3, 3, 3, 3, 3, 3, 3,
            3, 3, 3, 3, 3, 3, 3, 3, 3, 3, 3, 3, 3, 3, 3, 3, 3, 3, 3, 3, 3, 3, 3, 3,
            3, 3, 3, 3, 3, 3, 3, 3, 3, 3, 3, 3, 3, 3, 3, 3, 3, 3, 3, 3, 3, 3, 3, 3,
            3, 3, 3, 3, 3, 3, 3, 3, 3, 3, 3, 3, 3, 3, 3, 3, 3, 3, 3, 3, 3, 3, 3, 3,
            3, 3, 3, 3, 3, 3, 3, 3, 3, 3, 3, 3, 3, 3, 3, 3, 3, 3, 3, 3, 3, 3, 3, 3,
            3, 3, 3, 3, 3, 3, 3, 3, 3, 3, 3, 3, 3, 3, 3, 3, 3, 3, 3, 3, 3, 3, 3, 3,
            3, 3, 3, 3, 3, 3, 3, 3, 3, 3, 3, 3, 3, 3, 3, 3, 3, 3, 3, 3, 3, 3, 3, 3,
            3, 3, 3, 3, 3, 3, 3, 3, 3, 3, 3, 3, 3, 3, 3, 3, 3, 3, 3, 3, 3, 3, 3, 3,
            3, 3, 3, 3, 3, 3, 3, 3, 3, 3, 3, 3, 3, 3, 3, 3, 3, 3, 3, 3, 3, 3, 3, 3,
            3, 3, 3, 3, 3, 3, 3, 3, 3, 3, 3, 3, 3, 3, 3, 3, 3, 3, 3, 3, 3, 3, 3, 3,
            3, 3, 3, 3, 3, 3, 3, 3, 3, 3, 3, 3, 3, 3, 3, 3, 3, 3, 3, 3, 3, 3, 3, 3,
            3, 3, 3, 3, 3, 3, 3, 3, 3, 3, 3, 3, 3, 3, 3, 3, 3, 3, 3, 3, 3, 3, 3, 3,
            3, 3, 3, 3, 3, 3, 3, 3, 3, 3, 3, 3, 3, 3, 3, 3, 3, 3, 3, 3, 3, 3, 3, 3,
            3, 3, 3, 3, 3, 3, 3, 3, 3, 3, 3, 3, 3, 3, 3, 3, 3, 3, 3, 3, 3, 3, 3, 3,
            3, 3, 3, 3, 3, 3, 3, 3, 3, 3, 3, 3, 3, 3, 3, 3, 3, 3, 3, 3, 3, 3, 3, 3,
            3, 3, 3, 3, 3, 3, 3, 3, 3, 3, 3, 3, 3, 3, 3, 3, 3, 3, 3, 3, 3, 3, 3, 3,
            3, 3, 3, 3, 3, 3, 3, 3, 3, 3, 3, 3, 3, 3, 3, 3, 3, 3, 3, 3, 3, 3, 3, 3,
            3, 3, 3, 3, 3, 3, 3, 3, 3, 3, 3, 3, 3, 3, 3, 3, 3, 3, 3, 3, 3, 3, 3, 3,
            3, 3, 3, 3, 3, 3, 3, 3, 3, 3, 3, 3, 3, 3, 3, 3, 3, 3, 3, 3, 3, 3, 3, 3,
            3, 3, 3, 3, 3, 3, 3, 3, 3, 3, 3, 3, 3, 3, 3, 3, 3, 3, 3, 3, 3, 3, 3, 3,
            3, 3, 3, 3, 3, 3, 3, 3, 3, 3, 3, 3, 3, 3, 3, 3, 3, 3, 3, 3, 3, 3, 3, 3,
            3, 3, 3, 3, 3, 3, 3, 3, 3, 3, 3, 3, 3, 3, 3, 3, 3, 3, 3, 3, 3, 3, 3, 3,
            3, 3, 3, 3, 3, 3, 3, 3, 3, 3, 3, 3, 3, 3, 3, 3, 3, 3, 3, 3, 3, 3, 3, 3,
            3, 3, 3, 3, 3, 3, 3, 3, 3, 3, 3, 3, 3, 3, 3, 3, 3, 3, 3, 3, 3, 3, 3, 3,
            3, 3, 3, 3, 3, 3, 3, 3, 3, 3, 3, 3, 3, 3, 3, 3, 3, 3, 3, 3, 3, 3, 3, 3,
            3, 3, 3, 3, 3, 3, 3, 3, 3, 3, 3, 3, 3, 3, 3, 3, 3, 3, 3, 3, 3, 3, 3, 3,
            3, 3, 3, 3, 3, 3, 3, 3, 3, 3, 3, 3, 3, 3, 3, 3, 3, 3, 3, 3, 3, 3, 3, 3,
            3, 3, 3, 3, 3, 3, 3, 3, 3, 3, 3, 3, 3, 3, 3, 3, 3, 3, 3, 3, 3, 3, 3, 3,
            3, 3, 3, 3, 3, 3, 3, 3, 3, 3, 3, 3, 3, 3, 3, 3, 3, 3, 3, 3, 3, 3, 3, 3,
            3, 3, 3, 3, 3, 3, 3, 3, 3, 3, 3, 3, 3, 3, 3, 3, 3, 3, 3, 3, 3, 3, 3, 3,
            3, 3, 3, 3, 3, 3, 3, 3, 3, 3, 3, 3, 3, 3, 3, 3, 3, 3, 3, 3, 3, 3, 3, 3,
            3, 3, 3, 3, 3, 3, 3, 3, 3, 3, 3, 3, 3, 3, 3, 3, 3, 3, 3, 3, 3, 3, 3, 3,
            3, 3, 3, 3, 3, 3, 3, 3, 3, 3, 3, 3, 3, 3, 3, 3, 3, 3, 3, 3, 3, 3, 3, 3,
            3, 3, 3, 3, 3, 3, 3, 3, 3, 3, 3, 3, 3, 3, 3, 3, 3, 3, 3, 3, 3, 3, 3, 3,
            3, 3, 3, 3, 3, 3, 3, 3, 3, 3, 3, 3, 3, 3, 3, 3, 3, 3, 3, 3, 3, 3, 3, 3,
            3, 3, 3, 3, 3, 3, 3, 3, 3, 3, 3, 3, 3, 3, 3, 3, 3, 3, 3, 3, 3, 3, 3, 3,
            3, 3, 3, 3, 3, 3, 3, 3, 3, 3, 3, 3, 3, 3, 3, 3, 3, 3, 3, 3, 3, 3, 3, 3,
            3, 3, 3, 3, 3, 3, 3, 3, 3, 3, 3, 3, 3, 3, 3, 3, 3, 3, 3, 3, 3, 3, 3, 3,
            3, 3, 3, 3, 3, 3, 3, 3, 3, 3, 3, 3, 3, 3, 3, 3, 3, 3, 3, 3, 3, 3, 3, 3,
            3, 3, 3, 3, 3, 3, 3, 3, 3, 3, 3, 3, 3, 3, 3, 3, 3, 3, 3, 3, 3, 3, 3, 3,
            3, 3, 3, 3, 3, 3, 3, 3, 3, 3, 3, 3, 3, 3, 3, 3, 3, 3, 3, 3, 3, 3, 3, 3,
            3, 3, 3, 3, 3, 3, 3, 3, 3, 3, 3, 3, 3, 3, 3, 3, 3, 3, 3, 3, 3, 3, 3, 3,
            3, 3, 3, 3, 3, 3, 3, 3, 3, 3, 3, 3, 3, 3, 3, 3, 3, 3, 3, 3, 3, 3, 3, 3,
            3, 3, 3, 3, 3, 3, 3, 3, 3, 3, 3, 3, 3, 3, 3, 3, 3, 3, 3, 3, 3, 3, 3, 3,
            3, 3, 3, 3, 3, 3, 3, 3, 3, 3, 3, 3, 3, 3, 3, 3, 3, 3, 3, 3, 3, 3, 3, 3,
            3, 3, 3, 3, 3, 3, 3, 3, 3, 3, 3, 3, 3, 3, 3, 3, 3, 3, 3, 3, 3, 3, 3, 3,
            3, 3, 3, 3, 3, 3, 3, 3, 3, 3, 3, 3, 3, 3, 3, 3, 3, 3, 3, 3, 3, 3, 3, 3,
            3, 3, 3, 3, 3, 3, 3, 3, 3, 3, 3, 3, 3, 3, 3, 3, 3, 3, 3, 3, 3, 3, 3, 3,
            3, 3, 3, 3, 3, 3, 3, 3, 3, 3, 3, 3, 3, 3, 3, 3, 3, 3, 3, 3, 3, 3, 3, 3,
            3, 3, 3, 3, 3, 3, 3, 3, 3, 3, 3, 3, 3, 3, 3, 3, 3, 3, 3, 3, 3, 3, 3, 3,
            3, 3, 3, 3, 3, 3, 3, 3, 3, 3, 3, 3, 3, 3, 3, 3, 3, 3, 3, 3, 3, 3, 3, 3,
            3, 3, 3, 3, 3, 3, 3, 3, 3, 3, 3, 3, 3, 3, 3, 3, 3, 3, 3, 3, 3, 3, 3, 3,
            3, 3, 3, 3, 3, 3, 3, 3, 3, 3, 3, 3, 3, 3, 3, 3, 3, 3, 3, 3, 3, 3, 3, 3,
            3, 3, 3, 3, 3, 3, 3, 3, 3, 3, 3, 3, 3, 3, 3, 3, 3, 3, 3, 3, 3, 3, 3, 3,
            3, 3, 3, 3, 3, 3, 3, 3, 3, 3, 3, 3, 3, 3, 3, 3, 3, 3, 3, 3, 3, 3, 3, 3,
            3, 3, 3, 3, 3, 3, 3, 3, 3, 3, 3, 3, 3, 3, 3, 3, 3, 3, 3, 3, 3, 3, 3, 3,
            3, 3, 3, 3, 3, 3, 3, 3, 3, 3, 3, 3, 3, 3, 3, 3, 3, 3, 3, 3, 3, 3, 3, 3,
            3, 3, 3, 3, 3, 3, 3, 3, 3, 3, 3, 3, 3, 3, 3, 3, 3, 3, 3, 3, 3, 3, 3, 3,
            3, 3, 3, 3, 3, 3, 3, 3, 3, 3, 3, 3, 3, 3, 3, 3, 3, 3, 3, 3, 3, 3, 3, 3,
            3, 3, 3, 3, 3, 3, 3, 3, 3, 3, 3, 3, 3, 3, 3, 3, 3, 3, 3, 3, 3, 3, 3, 3,
            3, 3, 3, 3, 3, 3, 3, 3, 3, 3, 3, 3, 3, 3, 3, 3, 3, 3, 3, 3, 3, 3, 3, 3,
            3, 3, 3, 3, 3, 3, 3, 3, 3, 3, 3, 3, 3, 3, 3, 3, 3, 3, 3, 3, 3, 3, 3, 3,
            3, 3, 3, 3, 3, 3, 3, 3, 3, 3, 3, 3, 3, 3, 3, 3, 3, 3, 3, 3, 3, 3, 3, 3,
            3, 3, 3, 3, 3, 3, 3, 3, 3, 3, 3, 3, 3, 3, 3, 3, 3, 3, 3, 3, 3, 3, 3, 3,
            3, 3, 3, 3, 3, 3, 3, 3, 3, 3, 3, 3, 3, 3, 3, 3, 3, 3, 3, 3, 3, 3, 3, 3,
            3, 3, 3, 3, 3, 3, 3, 3, 3, 3, 3, 3, 3, 3, 3, 3, 3, 3, 3, 3, 3, 3, 3, 3,
            3, 3, 3, 3, 3, 3, 3, 3, 3, 3, 3, 3, 3, 3, 3, 3, 3, 3, 3, 3, 3, 3, 3, 3,
            3, 3, 3, 3, 3, 3, 3, 3, 3, 3, 3, 3, 3, 3, 3, 3, 3, 3, 3, 3, 3, 3, 3, 3,
            3, 3, 3, 3, 3, 3, 3, 3, 3, 3, 3, 3, 3, 3, 3, 3, 3, 3, 3, 3, 3, 3, 3, 3,
            3, 3, 3, 3, 3, 3, 3, 3, 3, 3, 3, 3, 3, 3, 3, 3, 3, 3, 3, 3, 3, 3, 3, 3,
            3, 3, 3, 3, 3, 3, 3, 3, 3, 3, 3, 3, 3, 3, 3, 3, 3, 3, 3, 3, 3, 3, 3, 3,
            3, 3, 3, 3, 3, 3, 3, 3, 3, 3, 3, 3, 3, 3, 3, 3, 3, 3, 3, 3, 3, 3, 3, 3,
            3, 3, 3, 3, 3, 3, 3, 3, 3, 3, 3, 3, 3, 3, 3, 3, 3, 3, 3, 3, 3, 3, 3, 3,
            3, 3, 3, 3, 3, 3, 3, 3, 3, 3, 3, 3, 3, 3, 3, 3, 3, 3, 3, 3, 3, 3, 3, 3,
            3, 3, 3, 3, 3, 3, 3, 3, 3, 3, 3, 3, 3, 3, 3, 3, 3, 3, 3, 3, 3, 3, 3, 3,
            3, 3, 3, 3, 3, 3, 3, 3, 3, 3, 3, 3, 3, 3, 3, 3, 3, 3, 3, 3, 3, 3, 3, 3,
            3, 3, 3, 3, 3, 3, 3, 3, 3, 3, 3, 3, 3, 3, 3, 3, 3, 3, 3, 3, 3, 3, 3, 3,
            3, 3, 3, 3, 3, 3, 3, 3, 3, 3, 3, 3, 3, 3, 3, 3, 3, 3, 3, 3, 3, 3, 3, 3,
            3, 3, 3, 3, 3, 3, 3, 3, 3, 3, 3, 3, 3, 3, 3, 3, 3, 3, 3, 3, 3, 3, 3, 3,
            3, 3, 3, 3, 3, 3, 3, 3, 3, 3, 3, 3, 3, 3, 3, 3, 3, 3, 3, 3, 3, 3, 3, 3,
            3, 3, 3, 3, 3, 3, 3, 3, 3, 3, 3, 3, 3, 3, 3, 3, 3, 3, 3, 3, 3, 3, 3, 3,
            3, 3, 3, 3, 3, 3, 3, 3, 3, 3, 3, 3, 3, 3, 3, 3, 3, 3, 3, 3, 3, 3, 3, 3,
            3, 3, 3, 3, 3, 3, 3, 3, 3, 3, 3, 3, 3, 3, 3, 3, 3, 3, 3, 3, 3, 3, 3, 3,
            3, 3, 3, 3, 3, 3, 3, 3, 3, 3, 3, 3, 3, 3, 3, 3, 3, 3, 3, 3, 3, 3, 3, 3,
            3, 3, 3, 3, 3, 3, 3, 3, 3, 3, 3, 3, 3, 3, 3, 3, 3, 3, 3, 3, 3, 3, 3, 3,
            3, 3, 3, 3, 3, 3, 3, 3, 3, 3, 3, 3, 3, 3, 3, 3, 3, 3, 3, 3, 3, 3, 3, 3,
            3, 3, 3, 3, 3, 3, 3, 3, 3, 3, 3, 3, 3, 3, 3, 3, 3, 3, 3, 3, 3, 3, 3, 3,
            3, 3, 3, 3, 3, 3, 3, 3, 3, 3, 3, 3, 3, 3, 3, 3, 3, 3, 3, 3, 3, 3, 3, 3,
            3, 3, 3, 3, 3, 3, 3, 3, 3, 3, 3, 3, 3, 3, 3, 3, 3, 3, 3, 3, 3, 3, 3, 3,
            3, 3, 3, 3, 3, 3, 3, 3, 3, 3, 3, 3, 3, 3, 3, 3, 3, 3, 3, 3, 3, 3, 3, 3,
            3, 3, 3, 3, 3, 3, 3, 3, 3, 3, 3, 3, 3, 3, 3, 3, 3, 3, 3, 3, 3, 3, 3, 3,
            3, 3, 3, 3, 3, 3, 3, 3, 3, 3, 3, 3, 3, 3, 3, 3, 3, 3, 3, 3, 3, 3, 3, 3,
            3, 3, 3, 3, 3, 3, 3, 3, 3, 3, 3, 3, 3, 3, 3, 3, 3, 3, 3, 3, 3, 3, 3, 3,
            3, 3, 3, 3, 3, 3, 3, 3, 3, 3, 3, 3, 3, 3, 3, 3, 3, 3, 3, 3, 3, 3, 3, 3,
            3, 3, 3, 3, 3, 3, 3, 3, 3, 3, 3, 3, 3, 3, 3, 3, 3, 3, 3, 3, 3, 3, 3, 3,
            3, 3, 3, 3, 3, 3, 3, 3, 3, 3, 3, 3, 3, 3, 3, 3, 3, 3, 3, 3, 3, 3, 3, 3,
            3, 3, 3, 3, 3, 3, 3, 3, 3, 3, 3, 3, 3, 3, 3, 3, 3, 3, 3, 3, 3, 3, 3, 3,
            3, 3, 3, 3, 3, 3, 3, 3, 3, 3, 3, 3, 3, 3, 3, 3, 3, 3, 3, 3, 3, 3, 3, 3,
            3, 3, 3, 3, 3, 3, 3, 3, 3, 3, 3, 3, 3, 3, 3, 3, 3, 3, 3, 3, 3, 3, 3, 3,
            3, 3, 3, 3, 3, 3, 3, 3, 3, 3, 3, 3, 3, 3, 3, 3, 3, 3, 3, 3, 3, 3, 3, 3,
            3, 3, 3, 3, 3, 3, 3, 3, 3, 3, 3, 3, 3, 3, 3, 3, 3, 3, 3, 3, 3, 3, 3, 3,
            3, 3, 3, 3, 3, 3, 3, 3, 3, 3, 3, 3, 3, 3, 3, 3, 3, 3, 3, 3, 3, 3, 3, 3,
            3, 3, 3, 3, 3, 3, 3, 3, 3, 3, 3, 3, 3, 3, 3, 3, 3, 3, 3, 3, 3, 3, 3, 3,
            3, 3, 3, 3, 3, 3, 3, 3, 3, 3, 3, 3, 3, 3, 3, 3, 3, 3, 3, 3, 3, 3, 3, 3,
            3, 3, 3, 3, 3, 3, 3, 3, 3, 3, 3, 3, 3, 3, 3, 3, 3, 3, 3, 3, 3, 3, 3, 3,
            3, 3, 3, 3, 3, 3, 3, 3, 3, 3, 3, 3, 3, 3, 3, 3, 3, 3, 3, 3, 3, 3, 3, 3,
            3, 3, 3, 3, 3, 3, 3, 3, 3, 3, 3, 3, 3, 3, 3, 3, 3, 3, 3, 3, 3, 3, 3, 3,
            3, 3, 3, 3, 3, 3, 3, 3, 3, 3, 3, 3, 3, 3, 3, 3, 3, 3, 3, 3, 3, 3, 3, 3,
            3, 3, 3, 3, 3, 3, 3, 3, 3, 3, 3, 3, 3, 3, 3, 3, 3, 3, 3, 3, 3, 3, 3, 3,
            3, 3, 3, 3, 3, 3, 3, 3, 3, 3, 3, 3, 3, 3, 3, 3, 3, 3, 3, 3, 3, 3, 3, 3,
            3, 3, 3, 3, 3, 3, 3, 3, 3, 3, 3, 3, 3, 3, 3, 3, 3, 3, 3, 3, 3, 3, 3, 3,
            3, 3, 3, 3, 3, 3, 3, 3, 3, 3, 3, 3, 3, 3, 3, 3, 3, 3, 3, 3, 3, 3, 3, 3,
            3, 3, 3, 3, 3, 3, 3, 3, 3, 3, 3, 3, 3, 3, 3, 3, 3, 3, 3, 3, 3, 3, 3, 3,
            3, 3, 3, 3, 3, 3, 3, 3, 3, 3, 3, 3, 3, 3, 3, 3, 3, 3, 3, 3, 3, 3, 3, 3,
            3, 3, 3, 3, 3, 3, 3, 3, 3, 3, 3, 3, 3, 3, 3, 3, 3, 3, 3, 3, 3, 3, 3, 3,
            3, 3, 3, 3, 3, 3, 3, 3, 3, 3, 3, 3, 3, 3, 3, 3, 3, 3, 3, 3, 3, 3, 3, 3,
            3, 3, 3, 3, 3, 3, 3, 3, 3, 3, 3, 3, 3, 3, 3, 3, 3, 3, 3, 3, 3, 3, 3, 3,
            3, 3, 3, 3, 3, 3, 3, 3, 3, 3, 3, 3, 3, 3, 3, 3, 3, 3, 3, 3, 3, 3, 3, 3,
            3, 3, 3, 3, 3, 3, 3, 3, 3, 3, 3, 3, 3, 3, 3, 3, 3, 3, 3, 3, 3, 3, 3, 3,
            3, 3, 3, 3, 3, 3, 3, 3, 3, 3, 3, 3, 3, 3, 3, 3, 3, 3, 3, 3, 3, 3, 3, 3,
            3, 3, 3, 3, 3, 3, 3, 3, 3, 3, 3, 3, 3, 3, 3, 3, 3, 3, 3, 3, 3, 3, 3, 3,
            3, 3, 3, 3, 3, 3, 3, 3, 3, 3, 3, 3, 3, 3, 3, 3, 3, 3, 3, 3, 3, 3, 3, 3,
            3, 3, 3, 3, 3, 3, 3, 3, 3, 3, 3, 3, 3, 3, 3, 3, 3, 3, 3, 3, 3, 3, 3, 3,
            3, 3, 3, 3, 3, 3, 3, 3, 3, 3, 3, 3, 3, 3, 3, 3, 3, 3, 3, 3, 3, 3, 3, 3,
            3, 3, 3, 3, 3, 3, 3, 3, 3, 3, 3, 3, 3, 3, 3, 3, 3, 3, 3, 3, 3, 3, 3, 3,
            3, 3, 3, 3, 3, 3, 3, 3, 3, 3, 3, 3, 3, 3, 3, 3, 3, 3, 3, 3, 3, 3, 3, 3,
            3, 3, 3, 3, 3, 3, 3, 3, 3, 3, 3, 3, 3, 3, 3, 3, 3, 3, 3, 3, 3, 3, 3, 3,
            3, 3, 3, 3, 3, 3, 3, 3, 3, 3, 3, 3, 3, 3, 3, 3, 3, 3, 3, 3, 3, 3, 3, 3,
            3, 3, 3, 3, 3, 3, 3, 3, 3, 3, 3, 3, 3, 3, 3, 3, 3, 3, 3, 3, 3, 3, 3, 3,
            3, 3, 3, 3, 3, 3, 3, 3, 3, 3, 3, 3, 3, 3, 3, 3, 3, 3, 3, 3, 3, 3, 3, 3,
            3, 3, 3, 3, 3, 3, 3, 3, 3, 3, 3, 3, 3, 3, 3, 3, 3, 3, 3, 3, 3, 3, 3, 3,
            3, 3, 3, 3, 3, 3, 3, 3, 3, 3, 3, 3, 3, 3, 3, 3, 3, 3, 3, 3, 3, 3, 3, 3,
            3, 3, 3, 3, 3, 3, 3, 3, 3, 3, 3, 3, 3, 3, 3, 3, 3, 3, 3, 3, 3, 3, 3, 3,
            3, 3, 3, 3, 3, 3, 3, 3, 3, 3, 3, 3, 3, 3, 3, 3, 3, 3, 3, 3, 3, 3, 3, 3,
            3, 3, 3, 3, 3, 3, 3, 3, 3, 3, 3, 3, 3, 3, 3, 3, 3, 3, 3, 3, 3, 3, 3, 3,
            3, 3, 3, 3, 3, 3, 3, 3, 3, 3, 3, 3, 3, 3, 3, 3, 3, 3, 3, 3, 3, 3, 3, 3,
            3, 3, 3, 3, 3, 3, 3, 3, 3, 3, 3, 3, 3, 3, 3, 3, 3, 3, 3, 3, 3, 3, 3, 3,
            3, 3, 3, 3, 3, 3, 3, 3, 3, 3, 3, 3, 3, 3, 3, 3, 3, 3, 3, 3, 3, 3, 3, 3,
            3, 3, 3, 3, 3, 3, 3, 3, 3, 3, 3, 3, 3, 3, 3, 3, 3, 3, 3, 3, 3, 3, 3, 3,
            3, 3, 3, 3, 3, 3, 3, 3, 3, 3, 3, 3, 3, 3, 3, 3, 3, 3, 3, 3, 3, 3, 3, 3,
            3, 3, 3, 3, 3, 3, 3, 3, 3, 3, 3, 3, 3, 3, 3, 3, 3, 3, 3, 3, 3, 3, 3, 3,
            3, 3, 3, 3, 3, 3, 3, 3, 3, 3, 3, 3, 3, 3, 3, 3, 3, 3, 3, 3, 3, 3, 3, 3,
            3, 3, 3, 3, 3, 3, 3, 3, 3, 3, 3, 3, 3, 3, 3, 3, 3, 3, 3, 3, 3, 3, 3, 3,
            3, 3, 3, 3, 3, 3, 3, 3, 3, 3, 3, 3, 3, 3, 3, 3, 3, 3, 3, 3, 3, 3, 3, 3,
            3, 3, 3, 3, 3, 3, 3, 3, 3, 3, 3, 3, 3, 3, 3, 3, 3, 3, 3, 3, 3, 3, 3, 3,
            3, 3, 3, 3, 3, 3, 3, 3, 3, 3, 3, 3, 3, 3, 3, 3, 3, 3, 3, 3, 3, 3, 3, 3,
            3, 3, 3, 3, 3, 3, 3, 3, 3, 3, 3, 3, 3, 3, 3, 3, 3, 3, 3, 3, 3, 3, 3, 3,
            3, 3, 3, 3, 3, 3, 3, 3, 3, 3, 3, 3, 3, 3, 3, 3, 3, 3, 3, 3, 3, 3, 3, 3,
            3, 3, 3, 3, 3, 3, 3, 3, 3, 3, 3, 3, 3, 3, 3, 3, 3, 3, 3, 3, 3, 3, 3, 3,
            3, 3, 3, 3, 3, 3, 3, 3, 3, 3, 3, 3, 3, 3, 3, 3, 3, 3, 3, 3, 3, 3, 3, 3,
            3, 3, 3, 3, 3, 3, 3, 3, 3, 3, 3, 3, 3, 3, 3, 3, 3, 3, 3, 3, 3, 3, 3, 3,
            3, 3, 3, 3, 3, 3, 3, 3, 3, 3, 3, 3, 3, 3, 3, 3, 3, 3, 3, 3, 3, 3, 3, 3,
            3, 3, 3, 3, 3, 3, 3, 3, 3, 3, 3, 3, 3, 3, 3, 3, 3, 3, 3, 3, 3, 3, 3, 3,
            3, 3, 3, 3, 3, 3, 3, 3, 3, 3, 3, 3, 3, 3, 3, 3, 3, 3, 3, 3, 3, 3, 3, 3,
            3, 3, 3, 3, 3, 3, 3, 3, 3, 3, 3, 3, 3, 3, 3, 3, 3, 3, 3, 3, 3, 3, 3, 3,
            3, 3, 3, 3, 3, 3, 3, 3, 3, 3, 3, 3, 3, 3, 3, 3, 3, 3, 3, 3, 3, 3, 3, 3,
            3, 3, 3, 3, 3, 3, 3, 3, 3, 3, 3, 3, 3, 3, 3, 3, 3, 3, 3, 3, 3, 3, 3, 3,
            3, 3, 3, 3, 3, 3, 3, 3, 3, 3, 3, 3, 3, 3, 3, 3, 3, 3, 3, 3, 3, 3, 3, 3,
            3, 3, 3, 3, 3, 3, 3, 3, 3, 3, 3, 3, 3, 3, 3, 3, 3, 3, 3, 3, 3, 3, 3, 3,
            3, 3, 3, 3, 3, 3, 3, 3, 3, 3, 3, 3, 3, 3, 3, 3, 3, 3, 3, 3, 3, 3, 3, 3,
            3, 3, 3, 3, 3, 3, 3, 3, 3, 3, 3, 3, 3, 3, 3, 3, 3, 3, 3, 3, 3, 3, 3, 3,
            3, 3, 3, 3, 3, 3, 3, 3, 3, 3, 3, 3, 3, 3, 3, 3, 3, 3, 3, 3, 3, 3, 3, 3,
            3, 3, 3, 3, 3, 3, 3, 3, 3, 3, 3, 3, 3, 3, 3, 3, 3, 3, 3, 3, 3, 3, 3, 3,
            3, 3, 3, 3, 3, 3, 3, 3, 3, 3, 3, 3, 3, 3, 3, 3, 3, 3, 3, 3, 3, 3, 3, 3,
            3, 3, 3, 3, 3, 3, 3, 3, 3, 3, 3, 3, 3, 3, 3, 3, 3, 3, 3, 3, 3, 3, 3, 3,
            3, 3, 3, 3, 3, 3, 3, 3, 3, 3, 3, 3, 3, 3, 3, 3, 3, 3, 3, 3, 3, 3, 3, 3,
            3, 3, 3, 3, 3, 3, 3, 3, 3, 3, 3, 3, 3, 3, 3, 3, 3, 3, 3, 3, 3, 3, 3, 3,
            3, 3, 3, 3, 3, 3, 3, 3, 3, 3, 3, 3, 3, 3, 3, 3, 3, 3, 3, 3, 3, 3, 3, 3,
            3, 3, 3, 3, 3, 3, 3, 3, 3, 3, 3, 3, 3, 3, 3, 3, 3, 3, 3, 3, 3, 3, 3, 3,
            3, 3, 3, 3, 3, 3, 3, 3, 3, 3, 3, 3, 3, 3, 3, 3, 3, 3, 3, 3, 3, 3, 3, 3,
            3, 3, 3, 3, 3, 3, 3, 3, 3, 3, 3, 3, 3, 3, 3, 3, 3, 3, 3, 3, 3, 3, 3, 3,
            3, 3, 3, 3, 3, 3, 3, 3, 3, 3, 3, 3, 3, 3, 3, 3, 3, 3, 3, 3, 3, 3, 3, 3,
            3, 3, 3, 3, 3, 3, 3, 3, 3, 3, 3, 3, 3, 3, 3, 3, 3, 3, 3, 3, 3, 3, 3, 3,
            3, 3, 3, 3, 3, 3, 3, 3, 3, 3, 3, 3, 3, 3, 3, 3, 3, 3, 3, 3, 3, 3, 3, 3,
            3, 3, 3, 3, 3, 3, 3, 3, 3, 3, 3, 3, 3, 3, 3, 3, 3, 3, 3, 3, 3, 3, 3, 3,
            3, 3, 3, 3, 3, 3, 3, 3, 3, 3, 3, 3, 3, 3, 3, 3, 3, 3, 3, 3, 3, 3, 3, 3,
            3, 3, 3, 3, 3, 3, 3, 3, 3, 3, 3, 3, 3, 3, 3, 3, 3, 3, 3, 3, 3, 3, 3, 3,
            3, 3, 3, 3, 3, 3, 3, 3, 3, 3, 3, 3, 3, 3, 3, 3, 3, 3, 3, 3, 3, 3, 3, 3,
            3, 3, 3, 3, 3, 3, 3, 3, 3, 3, 3, 3, 3, 3, 3, 3, 3, 3, 3, 3, 3, 3, 3, 3,
            3, 3, 3, 3, 3, 3, 3, 3, 3, 3, 3, 3, 3, 3, 3, 3, 3, 3, 3, 3, 3, 3, 3, 3,
            3, 3, 3, 3, 3, 3, 3, 3, 3, 3, 3, 3, 3, 3, 3, 3, 3, 3, 3, 3, 3, 3, 3, 3,
            3, 3, 3, 3, 3, 3, 3, 3, 3, 3, 3, 3, 3, 3, 3, 3, 3, 3, 3, 3, 3, 3, 3, 3,
            3, 3, 3, 3, 3, 3, 3, 3, 3, 3, 3, 3, 3, 3, 3, 3, 3, 3, 3, 3, 3, 3, 3, 3,
            3, 3, 3, 3, 3, 3, 3, 3, 3, 3, 3, 3, 3, 3, 3, 3, 3, 3, 3, 3, 3, 3, 3, 3,
            3, 3, 3, 3, 3, 3, 3, 3, 3, 3, 3, 3, 3, 3, 3, 3, 3, 3, 3, 3, 3, 3, 3, 3,
            3, 3, 3, 3, 3, 3, 3, 3, 3, 3, 3, 3, 3, 3, 3, 3, 3, 3, 3, 3, 3, 3, 3, 3,
            3, 3, 3, 3, 3, 3, 3, 3, 3, 3, 3, 3, 3, 3, 3, 3, 3, 3, 3, 3, 3, 3, 3, 3,
            3, 3, 3, 3, 3, 3, 3, 3, 3, 3, 3, 3, 3, 3, 3, 3, 3, 3, 3, 3, 3, 3, 3, 3,
            3, 3, 3, 3, 3, 3, 3, 3, 3, 3, 3, 3, 3, 3, 3, 3, 3, 3, 3, 3, 3, 3, 3, 3,
            3, 3, 3, 3, 3, 3, 3, 3, 3, 3, 3, 3, 3, 3, 3, 3, 3, 3, 3, 3, 3, 3, 3, 3,
            3, 3, 3, 3, 3, 3, 3, 3, 3, 3, 3, 3, 3, 3, 3, 3, 3, 3, 3, 3, 3, 3, 3, 3,
            3, 3, 3, 3, 3, 3, 3, 3, 3, 3, 3, 3, 3, 3, 3, 3, 3, 3, 3, 3, 3, 3, 3, 3,
            3, 3, 3, 3, 3, 3, 3, 3, 3, 3, 3, 3, 3, 3, 3, 3, 3, 3, 3, 3, 3, 3, 3, 3,
            3, 3, 3, 3, 3, 3, 3, 3, 3, 3, 3, 3, 3, 3, 3, 3, 3, 3, 3, 3, 3, 3, 3, 3,
            3, 3, 3, 3, 3, 3, 3, 3, 3, 3, 3, 3, 3, 3, 3, 3, 3, 3, 3, 3, 3, 3, 3, 3,
            3, 3, 3, 3, 3, 3, 3, 3, 3, 3, 3, 3, 3, 3, 3, 3, 3, 3, 3, 3, 3, 3, 3, 3,
            3, 3, 3, 3, 3, 3, 3, 3, 3, 3, 3, 3, 3, 3, 3, 3, 3, 3, 3, 3, 3, 3, 3, 3,
            3, 3, 3, 3, 3, 3, 3, 3, 3, 3, 3, 3, 3, 3, 3, 3, 3, 3, 3, 3, 3, 3, 3, 3,
            3, 3, 3, 3, 3, 3, 3, 3, 3, 3, 3, 3, 3, 3, 3, 3, 3, 3, 3, 3, 3, 3, 3, 3,
            3, 3, 3, 3, 3, 3, 3, 3, 3, 3, 3, 3, 3, 3, 3, 3, 3, 3, 3, 3, 3, 3, 3, 3,
            3, 3, 3, 3, 3, 3, 3, 3, 3, 3, 3, 3, 3, 3, 3, 3, 3, 3, 3, 3, 3, 3, 3, 3,
            3, 3, 3, 3, 3, 3, 3, 3, 3, 3, 3, 3, 3, 3, 3, 3, 3, 3, 3, 3, 3, 3, 3, 3,
            3, 3, 3, 3, 3, 3, 3, 3, 3, 3, 3, 3, 3, 3, 3, 3, 3, 3, 3, 3, 3, 3, 3, 3,
            3, 3, 3, 3, 3, 3, 3, 3, 3, 3, 3, 3, 3, 3, 3, 3, 3, 3, 3, 3, 3, 3, 3, 3,
            3, 3, 3, 3, 3, 3, 3, 3, 3, 3, 3, 3, 3, 3, 3, 3, 3, 3, 3, 3, 3, 3, 3, 3,
            3, 3, 3, 3, 3, 3, 3, 3, 3, 3, 3, 3, 3, 3, 3, 3, 3, 3, 3, 3, 3, 3, 3, 3,
            3, 3, 3, 3, 3, 3, 3, 3, 3, 3, 3, 3, 3, 3, 3, 3, 3, 3, 3, 3, 3, 3, 3, 3,
            3, 3, 3, 3, 3, 3, 3, 3, 3, 3, 3, 3, 3, 3, 3, 3, 3, 3, 3, 3, 3, 3, 3, 3,
            3, 3, 3, 3, 3, 3, 3, 3, 3, 3, 3, 3, 3, 3, 3, 3, 3, 3, 3, 3, 3, 3, 3, 3,
            3, 3, 3, 3, 3, 3, 3, 3, 3, 3, 3, 3, 3, 3, 3, 3, 3, 3, 3, 3, 3, 3, 3, 3,
            3, 3, 3, 3, 3, 3, 3, 3, 3, 3, 3, 3, 3, 3, 3, 3, 3, 3, 3, 3, 3, 3, 3, 3,
            3, 3, 3, 3, 3, 3, 3, 3, 3, 3, 3, 3, 3, 3, 3, 3, 3, 3, 3, 3, 3, 3, 3, 3,
            3, 3, 3, 3, 3, 3, 3, 3, 3, 3, 3, 3, 3, 3, 3, 3, 3, 3, 3, 3, 3, 3, 3, 3,
            3, 3, 3, 3, 3, 3, 3, 3, 3, 3, 3, 3, 3, 3, 3, 3, 3, 3, 3, 3, 3, 3, 3, 3,
            3, 3, 3, 3, 3, 3, 3, 3, 3, 3, 3, 3, 3, 3, 3, 3, 3, 3, 3, 3, 3, 3, 3, 3,
            3, 3, 3, 3, 3, 3, 3, 3, 3, 3, 3, 3, 3, 3, 3, 3, 3, 3, 3, 3, 3, 3, 3, 3,
            3, 3, 3, 3, 3, 3, 3, 3, 3, 3, 3, 3, 3, 3, 3, 3, 3, 3, 3, 3, 3, 3, 3, 3,
            3, 3, 3, 3, 3, 3, 3, 3, 3, 3, 3, 3, 3, 3, 3, 3, 3, 3, 3, 3, 3, 3, 3, 3,
            3, 3, 3, 3, 3, 3, 3, 3, 3, 3, 3, 3, 3, 3, 3, 3, 3, 3, 3, 3, 3, 3, 3, 3,
            3, 3, 3, 3, 3, 3, 3, 3, 3, 3, 3, 3, 3, 3, 3, 3, 3, 3, 3, 3, 3, 3, 3, 3,
            3, 3, 3, 3, 3, 3, 3, 3, 3, 3, 3, 3, 3, 3, 3, 3, 3, 3, 3, 3, 3, 3, 3, 3,
            3, 3, 3, 3, 3, 3, 3, 3, 3, 3, 3, 3, 3, 3, 3, 3, 3, 3, 3, 3, 3, 3, 3, 3,
            3, 3, 3, 3, 3, 3, 3, 3, 3, 3, 3, 3, 3, 3, 3, 3, 3, 3, 3, 3, 3, 3, 3, 3,
            3, 3, 3, 3, 3, 3, 3, 3, 3, 3, 3, 3, 3, 3, 3, 3, 3, 3, 3, 3, 3, 3, 3, 3,
            3, 3, 3, 3, 3, 3, 3, 3, 3, 3, 3, 3, 3, 3, 3, 3, 3, 3, 3, 3, 3, 3, 3, 3,
            3, 3, 3, 3, 3, 3, 3, 3, 3, 3, 3, 3, 3, 3, 3, 3, 3, 3, 3, 3, 3, 3, 3, 3,
            3, 3, 3, 3, 3, 3, 3, 3, 3, 3, 3, 3, 3, 3, 3, 3, 3, 3, 3, 3, 3, 3, 3, 3,
            3, 3, 3, 3, 3, 3, 3, 3, 3, 3, 3, 3, 3, 3, 3, 3, 3, 3, 3, 3, 3, 3, 3, 3,
            3, 3, 3, 3, 3, 3, 3, 3, 3, 3, 3, 3, 3, 3, 3, 3, 3, 3, 3, 3, 3, 3, 3, 3,
            3, 3, 3, 3, 3, 3, 3, 3, 3, 3, 3, 3, 3, 3, 3, 3, 3, 3, 3, 3, 3, 3, 3, 3,
            3, 3, 3, 3, 3, 3, 3, 3, 3, 3, 3, 3, 3, 3, 3, 3, 3, 3, 3, 3, 3, 3, 3, 3,
            3, 3, 3, 3, 3, 3, 3, 3, 3, 3, 3, 3, 3, 3, 3, 3, 3, 3, 3, 3, 3, 3, 3, 3,
            3, 3, 3, 3, 3, 3, 3, 3, 3, 3, 3, 3, 3, 3, 3, 3, 3, 3, 3, 3, 3, 3, 3, 3,
            3, 3, 3, 3, 3, 3, 3, 3, 3, 3, 3, 3, 3, 3, 3, 3, 3, 3, 3, 3, 3, 3, 3, 3,
            3, 3, 3, 3, 3, 3, 3, 3, 3, 3, 3, 3, 3, 3, 3, 3, 3, 3, 3, 3, 3, 3, 3, 3,
            3, 3, 3, 3, 3, 3, 3, 3, 3, 3, 3, 3, 3, 3, 3, 3, 3, 3, 3, 3, 3, 3, 3, 3,
            3, 3, 3, 3, 3, 3, 3, 3, 3, 3, 3, 3, 3, 3, 3, 3, 3, 3, 3, 3, 3, 3, 3, 3,
            3, 3, 3, 3, 3, 3, 3, 3, 3, 3, 3, 3, 3, 3, 3, 3, 3, 3, 3, 3, 3, 3, 3, 3,
            3, 3, 3, 3, 3, 3, 3, 3, 3, 3, 3, 3, 3, 3, 3, 3, 3, 3, 3, 3, 3, 3, 3, 3,
            3, 3, 3, 3, 3, 3, 3, 3, 3, 3, 3, 3, 3, 3, 3, 3, 3, 3, 3, 3, 3, 3, 3, 3,
            3, 3, 3, 3, 3, 3, 3, 3, 3, 3, 3, 3, 3, 3, 3, 3, 3, 3, 3, 3, 3, 3, 3, 3,
            3, 3, 3, 3, 3, 3, 3, 3, 3, 3, 3, 3, 3, 3, 3, 3, 3, 3, 3, 3, 3, 3, 3, 3,
            3, 3, 3, 3, 3, 3, 3, 3, 3, 3, 3, 3, 3, 3, 3, 3, 3, 3, 3, 3, 3, 3, 3, 3,
            3, 3, 3, 3, 3, 3, 3, 3, 3, 3, 3, 3, 3, 3, 3, 3, 3, 3, 3, 3, 3, 3, 3, 3,
            3, 3, 3, 3, 3, 3, 3, 3, 3, 3, 3, 3, 3, 3, 3, 3, 3, 3, 3, 3, 3, 3, 3, 3,
            3, 3, 3, 3, 3, 3, 3, 3, 3, 3, 3, 3, 3, 3, 3, 3, 3, 3, 3, 3, 3, 3, 3, 3,
            3, 3, 3, 3, 3, 3, 3, 3, 3, 3, 3, 3, 3, 3, 3, 3, 3, 3, 3, 3, 3, 3, 3, 3,
            3, 3, 3, 3, 3, 3, 3, 3, 3, 3, 3, 3, 3, 3, 3, 3, 3, 3, 3, 3, 3, 3, 3, 3,
            3, 3, 3, 3, 3, 3, 3, 3, 3, 3, 3, 3, 3, 3, 3, 3, 3, 3, 3, 3, 3, 3, 3, 3,
            3, 3, 3, 3, 3, 3, 3, 3, 3, 3, 3, 3, 3, 3, 3, 3, 3, 3, 3, 3, 3, 3, 3, 3,
            3, 3, 3, 3, 3, 3, 3, 3, 3, 3, 3, 3, 3, 3, 3, 3, 3, 3, 3, 3, 3, 3, 3, 3,
            3, 3, 3, 3, 3, 3, 3, 3, 3, 3, 3, 3, 3, 3, 3, 3, 3, 3, 3, 3, 3, 3, 3, 3,
            3, 3, 3, 3, 3, 3, 3, 3, 3, 3, 3, 3, 3, 3, 3, 3, 3, 3, 3, 3, 3, 3, 3, 3,
            3, 3, 3, 3, 3, 3, 3, 3, 3, 3, 3, 3, 3, 3, 3, 3, 3, 3, 3, 3, 3, 3, 3, 3,
            3, 3, 3, 3, 3, 3, 3, 3, 3, 3, 3, 3, 3, 3, 3, 3, 3, 3, 3, 3, 3, 3, 3, 3,
            3, 3, 3, 3, 3, 3, 3, 3, 3, 3, 3, 3, 3, 3, 3, 3, 3, 3, 3, 3, 3, 3, 3, 3,
            3, 3, 3, 3, 3, 3, 3, 3, 3, 3, 3, 3, 3, 3, 3, 3, 3, 3, 3, 3, 3, 3, 3, 3,
            3, 3, 3, 3, 3, 3, 3, 3, 3, 3, 3, 3, 3, 3, 3, 3, 3, 3, 3, 3, 3, 3, 3, 3,
            3, 3, 3, 3, 3, 3, 3, 3, 3, 3, 3, 3, 3, 3, 3, 3, 3, 3, 3, 3, 3, 3, 3, 3,
            3, 3, 3, 3, 3, 3, 3, 3, 3, 3, 3, 3, 3, 3, 3, 3, 3, 3, 3, 3, 3, 3, 3, 3,
            3, 3, 3, 3, 3, 3, 3, 3, 3, 3, 3, 3, 3, 3, 3, 3, 3, 3, 3, 3, 3, 3, 3, 3,
            3, 3, 3, 3, 3, 3, 3, 3, 3, 3, 3, 3, 3, 3, 3, 3, 3, 3, 3, 3, 3, 3, 3, 3,
            3, 3, 3, 3, 3, 3, 3, 3, 3, 3, 3, 3, 3, 3, 3, 3, 3, 3, 3, 3, 3, 3, 3, 3,
            3, 3, 3, 3, 3, 3, 3, 3, 3, 3, 3, 3, 3, 3, 3, 3, 3, 3, 3, 3, 3, 3, 3, 3,
            3, 3, 3, 3, 3, 3, 3, 3, 3, 3, 3, 3, 3, 3, 3, 3, 3, 3, 3, 3, 3, 3, 3, 3,
            3, 3, 3, 3, 3, 3, 3, 3, 3, 3, 3, 3, 3, 3, 3, 3, 3, 3, 3, 3, 3, 3, 3, 3,
            3, 3, 3, 3, 3, 3, 3, 3, 3, 3, 3, 3, 3, 3, 3, 3, 3, 3, 3, 3, 3, 3, 3, 3,
            3, 3, 3, 3, 3, 3, 3, 3, 3, 3, 3, 3, 3, 3, 3, 3, 3, 3, 3, 3, 3, 3, 3, 3,
            3, 3, 3, 3, 3, 3, 3, 3, 3, 3, 3, 3, 3, 3, 3, 3, 3, 3, 3, 3, 3, 3, 3, 3,
            3, 3, 3, 3, 3, 3, 3, 3, 3, 3, 3, 3, 3, 3, 3, 3, 3, 3, 3, 3, 3, 3, 3, 3,
            3, 3, 3, 3, 3, 3, 3, 3, 3, 3, 3, 3, 3, 3, 3, 3, 3, 3, 3, 3, 3, 3, 3, 3,
            3, 3, 3, 3, 3, 3, 3, 3, 3, 3, 3, 3, 3, 3, 3, 3, 3, 3, 3, 3, 3, 3, 3, 3,
            3, 3, 3, 3, 3, 3, 3, 3, 3, 3, 3, 3, 3, 3, 3, 3, 3, 3, 3, 3, 3, 3, 3, 3,
            3, 3, 3, 3, 3, 3, 3, 3, 3, 3, 3, 3, 3, 3, 3, 3, 3, 3, 3, 3, 3, 3, 3, 3,
            3, 3, 3, 3, 3, 3, 3, 3, 3, 3, 3, 3, 3, 3, 3, 3, 3, 3, 3, 3, 3, 3, 3, 3,
            3, 3, 3, 3, 3, 3, 3, 3, 3, 3, 3, 3, 3, 3, 3, 3, 3, 3, 3, 3, 3, 3, 3, 3,
            3, 3, 3, 3, 3, 3, 3, 3, 3, 3, 3, 3, 3, 3, 3, 3, 3, 3, 3, 3, 3, 3, 3, 3,
            3, 3, 3, 3, 3, 3, 3, 3, 3, 3, 3, 3, 3, 3, 3, 3, 3, 3, 3, 3, 3, 3, 3, 3,
            3, 3, 3, 3, 3, 3, 3, 3, 3, 3, 3, 3, 3, 3, 3, 3, 3, 3, 3, 3, 3, 3, 3, 3,
            3, 3, 3, 3, 3, 3, 3, 3, 3, 3, 3, 3, 3, 3, 3, 3, 3, 3, 3, 3, 3, 3, 3, 3,
            3, 3, 3, 3, 3, 3, 3, 3, 3, 3, 3, 3, 3, 3, 3, 3, 3, 3, 3, 3, 3, 3, 3, 3,
            3, 3, 3, 3, 3, 3, 3, 3, 3, 3, 3, 3, 3, 3, 3, 3, 3, 3, 3, 3, 3, 3, 3, 3,
            3, 3, 3, 3, 3, 3, 3, 3, 3, 3, 3, 3, 3, 3, 3, 3, 3, 3, 3, 3, 3, 3, 3, 3,
            3, 3, 3, 3, 3, 3, 3, 3, 3, 3, 3, 3, 3, 3, 3, 3, 3, 3, 3, 3, 3, 3, 3, 3,
            3, 3, 3, 3, 3, 3, 3, 3, 3, 3, 3, 3, 3, 3, 3, 3, 3, 3, 3, 3, 3, 3, 3, 3,
            3, 3, 3, 3, 3, 3, 3, 3, 3, 3, 3, 3, 3, 3, 3, 3, 3, 3, 3, 3, 3, 3, 3, 3,
            3, 3, 3, 3, 3, 3, 3, 3, 3, 3, 3, 3, 3, 3, 3, 3, 3, 3, 3, 3, 3, 3, 3, 3,
            3, 3, 3, 3, 3, 3, 3, 3, 3, 3, 3, 3, 3, 3, 3, 3, 3, 3, 3, 3, 3, 3, 3, 3,
            3, 3, 3, 3, 3, 3, 3, 3, 3, 3, 3, 3, 3, 3, 3, 3, 3, 3, 3, 3, 3, 3, 3, 3,
            3, 3, 3, 3, 3, 3, 3, 3, 3, 3, 3, 3, 3, 3, 3, 3, 3, 3, 3, 3, 3, 3, 3, 3,
            3, 3, 3, 3, 3, 3, 3, 3, 3, 3, 3, 3, 3, 3, 3, 3, 3, 3, 3, 3, 3, 3, 3, 3,
            3, 3, 3, 3, 3, 3, 3, 3, 3, 3, 3, 3, 3, 3, 3, 3, 3, 3, 3, 3, 3, 3, 3, 3,
            3, 3, 3, 3, 3, 3, 3, 3, 3, 3, 3, 3, 3, 3, 3, 3, 3, 3, 3, 3, 3, 3, 3, 3,
            3, 3, 3, 3, 3, 3, 3, 3, 3, 3, 3, 3, 3, 3, 3, 3, 3, 3, 3, 3, 3, 3, 3, 3,
            3, 3, 3, 3, 3, 3, 3, 3, 3, 3, 3, 3, 3, 3, 3, 3, 3, 3, 3, 3, 3, 3, 3, 3,
            3, 3, 3, 3, 3, 3, 3, 3, 3, 3, 3, 3, 3, 3, 3, 3, 3, 3, 3, 3, 3, 3, 3, 3,
            3, 3, 3, 3, 3, 3, 3, 3, 3, 3, 3, 3, 3, 3, 3, 3, 3, 3, 3, 3, 3, 3, 3, 3,
            3, 3, 3, 3, 3, 3, 3, 3, 3, 3, 3, 3, 3, 3, 3, 3, 3, 3, 3, 3, 3, 3, 3, 3,
            3, 3, 3, 3, 3, 3, 3, 3, 3, 3, 3, 3, 3, 3, 3, 3, 3, 3, 3, 3, 3, 3, 3, 3,
            3, 3, 3, 3, 3, 3, 3, 3, 3, 3, 3, 3, 3, 3, 3, 3, 3, 3, 3, 3, 3, 3, 3, 3,
            3, 3, 3, 3, 3, 3, 3, 3, 3, 3, 3, 3, 3, 3, 3, 3, 3, 3, 3, 3, 3, 3, 3, 3,
            3, 3, 3, 3, 3, 3, 3, 3, 3, 3, 3, 3, 3, 3, 3, 3, 3, 3, 3, 3, 3, 3, 3, 3,
            3, 3, 3, 3, 3, 3, 3, 3, 3, 3, 3, 3, 3, 3, 3, 3, 3, 3, 3, 3, 3, 3, 3, 3,
            3, 3, 3, 3, 3, 3, 3, 3, 3, 3, 3, 3, 3, 3, 3, 3, 3, 3, 3, 3, 3, 3, 3, 3,
            3, 3, 3, 3, 3, 3, 3, 3, 3, 3, 3, 3, 3, 3, 3, 3, 3, 3, 3, 3, 3, 3, 3, 3,
            3, 3, 3, 3, 3, 3, 3, 3, 3, 3, 3, 3, 3, 3, 3, 3, 3, 3, 3, 3, 3, 3, 3, 3,
            3, 3, 3, 3, 3, 3, 3, 3, 3, 3, 3, 3, 3, 3, 3, 3, 3, 3, 3, 3, 3, 3, 3, 3,
            3, 3, 3, 3, 3, 3, 3, 3, 3, 3, 3, 3, 3, 3, 3, 3, 3, 3, 3, 3, 3, 3, 3, 3,
            3, 3, 3, 3, 3, 3, 3, 3, 3, 3, 3, 3, 3, 3, 3, 3, 3, 3, 3, 3, 3, 3, 3, 3,
            3, 3, 3, 3, 3, 3, 3, 3, 3, 3, 3, 3, 3, 3, 3, 3, 3, 3, 3, 3, 3, 3, 3, 3,
            3, 3, 3, 3, 3, 3, 3, 3, 3, 3, 3, 3, 3, 3, 3, 3, 3, 3, 3, 3, 3, 3, 3, 3,
            3, 3, 3, 3, 3, 3, 3, 3, 3, 3, 3, 3, 3, 3, 3, 3, 3, 3, 3, 3, 3, 3, 3, 3,
            3, 3, 3, 3, 3, 3, 3, 3, 3, 3, 3, 3, 3, 3, 3, 3, 3, 3, 3, 3, 3, 3, 3, 3,
            3, 3, 3, 3, 3, 3, 3, 3, 3, 3, 3, 3, 3, 3, 3, 3, 3, 3, 3, 3, 3, 3, 3, 3,
            3, 3, 3, 3, 3, 3, 3, 3, 3, 3, 3, 3, 3, 3, 3, 3, 3, 3, 3, 3, 3, 3, 3, 3,
            3, 3, 3, 3, 3, 3, 3, 3, 3, 3, 3, 3, 3, 3, 3, 3, 3, 3, 3, 3, 3, 3, 3, 3,
            3, 3, 3, 3, 3, 3, 3, 3, 3, 3, 3, 3, 3, 3, 3, 3, 3, 3, 3, 3, 3, 3, 3, 3,
            3, 3, 3, 3, 3, 3, 3, 3, 3, 3, 3, 3, 3, 3, 3, 3, 3, 3, 3, 3, 3, 3, 3, 3,
            3, 3, 3, 3, 3, 3, 3, 3
        ]
        int[] faceVertexIndices = [
            0, 1, 2, 3, 1, 0, 4, 5, 6, 7, 8, 9, 9, 10, 7, 11, 12, 13,
            14, 15, 16, 17, 15, 14, 15, 18, 16, 19, 20, 12, 19, 12, 21, 6, 22, 4,
            11, 21, 12, 23, 24, 25, 8, 7, 26, 11, 27, 21, 28, 29, 30, 31, 32, 33,
            34, 35, 30, 34, 30, 33, 36, 37, 38, 30, 29, 31, 22, 36, 38, 31, 33, 30,
            39, 40, 8, 41, 28, 42, 41, 29, 28, 43, 38, 37, 39, 8, 26, 44, 38, 43,
            41, 45, 29, 41, 46, 45, 47, 48, 49, 50, 51, 52, 47, 49, 51, 38, 53, 22,
            47, 51, 50, 31, 54, 32, 54, 31, 29, 55, 47, 50, 44, 53, 38, 10, 56, 26,
            54, 29, 45, 7, 10, 26, 57, 58, 59, 48, 59, 58, 48, 60, 59, 15, 61, 18,
            39, 26, 62, 63, 57, 59, 63, 64, 57, 65, 35, 16, 16, 18, 65, 66, 53, 44,
            53, 66, 67, 35, 68, 16, 34, 69, 68, 68, 69, 16, 39, 70, 40, 68, 35, 34,
            59, 71, 63, 28, 35, 65, 30, 35, 28, 72, 73, 70, 72, 70, 39, 74, 22, 53,
            22, 74, 4, 60, 71, 59, 39, 62, 72, 75, 63, 71, 24, 42, 65, 28, 65, 42,
            41, 42, 76, 76, 42, 23, 23, 42, 24, 24, 65, 18, 4, 74, 77, 77, 78, 4,
            73, 72, 79, 24, 18, 61, 80, 71, 81, 24, 61, 25, 80, 75, 71, 82, 78, 77,
            79, 83, 73, 84, 85, 86, 47, 60, 48, 53, 67, 74, 87, 84, 88, 74, 67, 77,
            89, 85, 84, 89, 84, 87, 90, 91, 86, 71, 60, 92, 91, 93, 94, 47, 92, 60,
            81, 71, 92, 95, 96, 94, 97, 96, 95, 93, 95, 94, 95, 98, 97, 62, 79, 72,
            97, 99, 100, 97, 98, 99, 85, 90, 86, 77, 101, 82, 79, 62, 102, 77, 67, 101,
            92, 47, 55, 90, 93, 91, 103, 95, 93, 103, 93, 90, 82, 101, 104, 105, 106, 55,
            3, 56, 107, 89, 90, 85, 108, 109, 110, 111, 103, 89, 90, 89, 103, 112, 108, 110,
            113, 114, 115, 116, 117, 98, 98, 118, 116, 119, 115, 114, 56, 3, 120, 121, 118, 111,
            81, 122, 80, 123, 116, 118, 26, 56, 120, 123, 118, 121, 55, 106, 92, 124, 95, 103,
            124, 98, 95, 113, 125, 126, 111, 124, 103, 125, 113, 115, 124, 111, 118, 118, 98, 124,
            120, 62, 26, 92, 127, 81, 115, 128, 125, 129, 120, 3, 130, 131, 132, 133, 131, 130,
            122, 81, 127, 128, 115, 109, 131, 69, 134, 106, 135, 127, 16, 131, 14, 127, 92, 106,
            16, 69, 131, 131, 134, 132, 115, 110, 109, 136, 17, 14, 135, 122, 127, 137, 129, 3,
            136, 14, 131, 106, 138, 139, 140, 52, 141, 142, 131, 133, 143, 129, 137, 144, 140, 141,
            136, 142, 145, 136, 145, 146, 62, 120, 147, 50, 52, 140, 142, 136, 131, 114, 148, 119,
            147, 102, 62, 112, 110, 119, 140, 149, 50, 150, 151, 133, 120, 129, 147, 152, 151, 150,
            153, 50, 149, 152, 154, 151, 115, 119, 110, 144, 155, 140, 151, 142, 133, 140, 155, 149,
            156, 142, 151, 157, 102, 147, 156, 145, 142, 109, 108, 158, 145, 156, 159, 154, 156, 151,
            155, 144, 160, 161, 160, 162, 161, 155, 160, 147, 163, 157, 164, 165, 166, 161, 162, 167,
            143, 147, 129, 167, 168, 161, 168, 167, 169, 156, 154, 170, 170, 159, 156, 164, 158, 165,
            147, 143, 163, 170, 171, 159, 149, 155, 172, 172, 173, 149, 134, 174, 132, 34, 174, 134,
            175, 176, 128, 168, 177, 161, 128, 109, 175, 172, 155, 161, 178, 132, 174, 172, 161, 177,
            179, 172, 177, 163, 180, 157, 181, 179, 177, 175, 182, 176, 33, 32, 178, 33, 174, 34,
            174, 33, 178, 181, 177, 183, 183, 177, 184, 178, 185, 186, 178, 32, 185, 173, 179, 187,
            172, 179, 173, 188, 150, 189, 190, 186, 185, 190, 191, 186, 192, 193, 194, 55, 50, 153,
            190, 195, 191, 196, 197, 198, 199, 191, 195, 191, 199, 86, 153, 105, 55, 189, 186, 191,
            189, 191, 188, 188, 191, 86, 186, 189, 178, 130, 178, 189, 178, 130, 132, 192, 198, 197,
            189, 150, 130, 130, 150, 133, 173, 153, 149, 153, 200, 105, 153, 173, 200, 164, 182, 175,
            198, 192, 201, 54, 185, 32, 194, 201, 192, 182, 164, 166, 185, 54, 202, 203, 190, 185,
            198, 201, 204, 190, 203, 195, 202, 203, 185, 205, 201, 194, 179, 206, 187, 207, 187, 206,
            187, 207, 173, 200, 173, 207, 88, 203, 202, 201, 205, 204, 208, 200, 207, 164, 175, 109,
            206, 209, 207, 88, 195, 203, 207, 209, 208, 84, 199, 195, 88, 84, 195, 181, 206, 179,
            205, 210, 204, 109, 158, 164, 199, 84, 86, 206, 181, 183, 69, 34, 134, 183, 211, 206,
            211, 212, 206, 209, 206, 213, 188, 214, 150, 215, 119, 216, 213, 217, 209, 215, 112, 119,
            217, 213, 212, 206, 212, 213, 218, 194, 193, 91, 214, 188, 188, 86, 91, 212, 219, 217,
            214, 91, 94, 193, 83, 218, 105, 220, 106, 200, 220, 105, 112, 215, 221, 96, 150, 214,
            150, 96, 222, 97, 100, 96, 221, 108, 112, 205, 194, 218, 100, 222, 96, 220, 138, 106,
            205, 218, 223, 214, 94, 96, 223, 224, 205, 150, 222, 152, 200, 225, 220, 226, 200, 208,
            225, 200, 226, 220, 225, 138, 227, 228, 229, 225, 226, 230, 231, 225, 230, 232, 225, 231,
            233, 98, 117, 234, 221, 215, 233, 100, 99, 224, 210, 205, 235, 100, 233, 233, 99, 98,
            234, 215, 236, 235, 233, 237, 237, 233, 117, 208, 230, 226, 208, 238, 230, 209, 238, 208,
            209, 217, 238, 235, 237, 239, 238, 240, 230, 238, 217, 240, 224, 223, 241, 241, 242, 224,
            235, 239, 243, 231, 230, 240, 237, 117, 244, 245, 244, 117, 245, 117, 116, 245, 116, 123,
            240, 217, 219, 246, 221, 234, 212, 247, 219, 241, 248, 242, 249, 228, 245, 219, 250, 240,
            242, 210, 224, 234, 251, 246, 75, 252, 63, 216, 119, 148, 253, 210, 242, 239, 244, 227,
            254, 239, 227, 245, 228, 227, 227, 244, 245, 255, 158, 108, 256, 252, 75, 248, 253, 242,
            108, 221, 255, 239, 237, 244, 257, 256, 75, 255, 165, 158, 248, 241, 258, 227, 229, 259,
            258, 260, 248, 258, 261, 260, 246, 255, 221, 262, 256, 257, 263, 259, 264, 257, 75, 80,
            259, 229, 264, 265, 264, 266, 267, 265, 266, 265, 263, 264, 256, 268, 269, 253, 260, 270,
            265, 271, 263, 271, 265, 267, 272, 263, 271, 253, 270, 273, 248, 260, 253, 257, 80, 122,
            255, 274, 165, 239, 275, 243, 255, 246, 276, 277, 257, 122, 261, 270, 260, 262, 257, 277,
            276, 274, 255, 275, 278, 243, 268, 256, 262, 273, 270, 279, 280, 243, 278, 246, 281, 276,
            262, 282, 268, 278, 283, 280, 251, 281, 246, 259, 275, 254, 275, 239, 254, 284, 262, 277,
            270, 261, 285, 284, 282, 262, 270, 285, 286, 263, 272, 259, 272, 275, 259, 286, 279, 270,
            259, 254, 227, 275, 272, 278, 287, 274, 276, 288, 287, 276, 289, 277, 122, 290, 279, 286,
            272, 291, 278, 279, 290, 292, 289, 122, 293, 281, 288, 276, 135, 293, 122, 106, 139, 135,
            152, 294, 154, 293, 135, 139, 154, 295, 170, 296, 154, 294, 154, 296, 295, 297, 298, 166,
            170, 299, 300, 83, 79, 301, 299, 170, 295, 138, 302, 139, 301, 218, 83, 303, 300, 299,
            304, 300, 303, 274, 297, 165, 301, 305, 218, 306, 303, 299, 165, 297, 166, 307, 295, 296,
            308, 295, 307, 302, 309, 139, 308, 299, 295, 308, 306, 299, 310, 306, 308, 306, 310, 303,
            225, 302, 138, 225, 311, 302, 311, 225, 232, 312, 311, 232, 235, 222, 100, 311, 312, 302,
            313, 314, 298, 312, 309, 302, 298, 297, 313, 312, 315, 309, 152, 222, 294, 316, 222, 235,
            232, 231, 240, 313, 297, 317, 250, 219, 247, 102, 301, 79, 235, 243, 316, 166, 318, 182,
            316, 294, 222, 166, 319, 318, 301, 320, 305, 321, 232, 240, 322, 294, 316, 312, 232, 321,
            322, 296, 294, 250, 321, 240, 314, 319, 166, 320, 323, 305, 315, 312, 321, 324, 320, 301,
            296, 322, 307, 307, 322, 325, 319, 326, 318, 250, 327, 321, 328, 308, 307, 314, 329, 319,
            330, 308, 328, 308, 330, 310, 218, 305, 223, 321, 331, 315, 323, 241, 305, 305, 241, 223,
            280, 316, 243, 316, 280, 332, 316, 332, 322, 331, 321, 327, 322, 332, 333, 241, 323, 258,
            258, 323, 334, 314, 335, 329, 336, 331, 327, 329, 337, 319, 337, 329, 335, 332, 280, 283,
            298, 314, 166, 284, 338, 282, 339, 333, 332, 320, 340, 323, 341, 314, 313, 341, 342, 314,
            284, 277, 289, 332, 283, 343, 343, 339, 332, 339, 344, 345, 284, 346, 338, 333, 325, 322,
            284, 289, 346, 307, 325, 328, 347, 340, 320, 325, 348, 328, 317, 341, 313, 333, 349, 348,
            325, 333, 348, 350, 334, 340, 340, 334, 323, 351, 341, 317, 328, 352, 330, 353, 354, 293,
            328, 348, 352, 341, 355, 356, 357, 330, 352, 346, 289, 354, 354, 289, 293, 339, 349, 333,
            349, 352, 348, 353, 293, 139, 356, 355, 358, 359, 352, 349, 334, 350, 360, 345, 349, 339,
            349, 345, 359, 361, 355, 341, 362, 354, 353, 352, 359, 357, 363, 357, 359, 13, 282, 338,
            364, 271, 267, 338, 11, 13, 335, 314, 365, 342, 365, 314, 365, 366, 335, 367, 368, 271,
            367, 271, 364, 369, 261, 258, 338, 370, 11, 370, 338, 346, 366, 365, 342, 335, 43, 337,
            368, 367, 371, 102, 372, 324, 371, 367, 373, 157, 372, 102, 335, 366, 43, 346, 374, 370,
            375, 278, 291, 370, 27, 11, 368, 272, 271, 301, 102, 324, 272, 368, 291, 376, 324, 372,
            342, 377, 366, 376, 347, 324, 378, 291, 368, 370, 374, 379, 380, 381, 347, 378, 368, 371,
            347, 320, 324, 362, 353, 382, 383, 346, 354, 180, 372, 157, 384, 378, 371, 366, 385, 43,
            383, 354, 362, 291, 378, 375, 374, 346, 383, 43, 385, 386, 387, 388, 375, 375, 378, 387,
            378, 384, 387, 180, 376, 372, 389, 390, 362, 367, 391, 373, 390, 383, 362, 371, 373, 392,
            377, 342, 341, 356, 377, 341, 380, 347, 376, 393, 374, 383, 358, 377, 356, 377, 358, 385,
            383, 394, 393, 392, 373, 395, 394, 383, 396, 390, 397, 383, 396, 383, 397, 392, 395, 398,
            274, 399, 317, 400, 380, 376, 380, 400, 401, 394, 396, 402, 397, 402, 396, 371, 392, 384,
            370, 379, 27, 403, 27, 379, 384, 392, 404, 405, 379, 374, 381, 340, 347, 404, 406, 384,
            340, 381, 407, 406, 387, 384, 393, 405, 374, 387, 406, 408, 409, 317, 399, 393, 410, 405,
            393, 394, 411, 404, 392, 398, 394, 412, 411, 413, 317, 409, 412, 394, 402, 407, 350, 340,
            404, 398, 414, 317, 297, 274, 414, 406, 404, 353, 139, 382, 382, 139, 309, 382, 309, 415,
            287, 399, 274, 416, 406, 414, 415, 417, 382, 406, 418, 419, 381, 380, 401, 309, 315, 415,
            283, 278, 375, 283, 375, 420, 283, 420, 421, 415, 422, 417, 423, 287, 288, 375, 388, 420,
            315, 424, 415, 422, 415, 424, 421, 343, 283, 344, 339, 343, 343, 421, 344, 425, 399, 287,
            331, 424, 315, 421, 420, 426, 426, 344, 421, 407, 381, 401, 426, 420, 427, 331, 428, 424,
            425, 409, 399, 429, 345, 344, 344, 426, 429, 336, 428, 331, 427, 429, 426, 389, 382, 430,
            420, 431, 427, 417, 430, 382, 407, 401, 432, 409, 425, 413, 417, 422, 430, 433, 429, 427,
            434, 430, 422, 435, 432, 401, 408, 388, 387, 420, 388, 431, 436, 413, 425, 334, 369, 258,
            362, 382, 389, 431, 433, 427, 437, 433, 431, 431, 438, 437, 430, 434, 389, 389, 434, 390,
            439, 390, 434, 334, 360, 369, 345, 440, 359, 441, 369, 360, 429, 442, 345, 413, 351, 317,
            345, 442, 440, 440, 442, 443, 441, 360, 444, 440, 363, 359, 397, 390, 439, 444, 360, 350,
            439, 434, 445, 402, 397, 439, 439, 445, 402, 443, 446, 440, 433, 442, 429, 442, 433, 447,
            448, 442, 447, 361, 341, 351, 422, 445, 434, 448, 443, 442, 445, 422, 449, 450, 445, 449,
            437, 447, 433, 451, 441, 444, 447, 437, 448, 452, 448, 437, 422, 424, 428, 453, 361, 351,
            448, 454, 443, 388, 408, 431, 455, 431, 408, 428, 449, 422, 428, 456, 449, 457, 455, 408,
            369, 285, 261, 351, 413, 458, 455, 438, 431, 455, 457, 459, 459, 438, 455, 460, 428, 336,
            460, 456, 428, 408, 461, 457, 408, 406, 461, 462, 457, 461, 463, 286, 285, 464, 453, 458,
            456, 465, 449, 461, 406, 419, 351, 458, 453, 285, 369, 466, 466, 463, 285, 463, 466, 290,
            462, 459, 457, 467, 459, 462, 459, 467, 468, 460, 469, 456, 441, 466, 369, 437, 438, 452,
            452, 470, 448, 471, 452, 438, 44, 43, 386, 449, 465, 450, 472, 466, 441, 471, 470, 452,
            448, 470, 473, 456, 469, 465, 290, 286, 463, 473, 454, 448, 474, 470, 471, 474, 473, 470,
            475, 44, 386, 476, 473, 474, 438, 459, 471, 44, 475, 66, 477, 478, 479, 451, 472, 441,
            480, 481, 482, 459, 483, 471, 459, 468, 483, 484, 485, 477, 483, 474, 471, 486, 474, 483,
            480, 487, 481, 479, 484, 477, 488, 486, 483, 489, 487, 480, 490, 472, 451, 487, 491, 492,
            493, 476, 474, 493, 474, 486, 487, 494, 495, 496, 484, 479, 488, 497, 486, 486, 497, 493,
            498, 482, 499, 499, 482, 500, 501, 498, 499, 502, 414, 398, 480, 482, 498, 414, 503, 416,
            466, 504, 290, 504, 505, 290, 503, 414, 502, 506, 496, 479, 507, 508, 498, 507, 498, 501,
            509, 479, 510, 480, 498, 508, 489, 480, 508, 506, 479, 509, 472, 504, 466, 406, 416, 418,
            511, 512, 484, 416, 503, 513, 416, 513, 514, 515, 504, 472, 514, 513, 516, 508, 487, 489,
            514, 418, 416, 484, 496, 511, 504, 517, 505, 518, 418, 514, 514, 519, 518, 487, 508, 494,
            514, 516, 519, 292, 290, 505, 520, 516, 513, 521, 516, 520, 516, 521, 519, 518, 519, 522,
            523, 461, 419, 418, 523, 419, 524, 461, 523, 524, 525, 461, 518, 523, 418, 524, 523, 518,
            505, 526, 292, 292, 526, 527, 528, 529, 511, 530, 467, 462, 511, 496, 528, 525, 462, 461,
            525, 530, 462, 467, 530, 531, 531, 468, 467, 506, 528, 496, 517, 532, 526, 504, 515, 517,
            532, 517, 515, 533, 532, 515, 531, 530, 534, 535, 494, 508, 508, 507, 535, 522, 524, 518,
            526, 532, 536, 533, 536, 532, 524, 522, 537, 526, 505, 517, 538, 529, 528, 537, 525, 524,
            525, 537, 530, 539, 491, 540, 528, 506, 541, 538, 528, 541, 539, 492, 491, 530, 537, 534,
            542, 534, 537, 540, 543, 544, 510, 545, 509, 546, 547, 526, 542, 537, 522, 540, 491, 543,
            548, 509, 545, 495, 491, 487, 531, 483, 468, 549, 506, 509, 488, 483, 531, 549, 509, 548,
            491, 495, 543, 536, 546, 526, 495, 550, 543, 550, 544, 543, 551, 488, 531, 534, 551, 531,
            552, 553, 544, 549, 548, 554, 555, 497, 488, 556, 549, 554, 488, 551, 555, 557, 549, 556,
            490, 515, 472, 558, 556, 559, 557, 556, 558, 560, 541, 506, 544, 550, 552, 561, 534, 542,
            495, 494, 550, 534, 561, 551, 560, 506, 549, 562, 560, 549, 555, 551, 563, 564, 552, 550,
            565, 538, 541, 566, 515, 490, 533, 515, 566, 566, 490, 567, 560, 565, 541, 494, 568, 550,
            350, 407, 444, 562, 549, 557, 569, 570, 571, 570, 569, 572, 562, 557, 558, 573, 562, 558,
            574, 444, 407, 568, 564, 550, 573, 558, 559, 575, 562, 573, 575, 560, 562, 576, 572, 569,
            577, 507, 578, 579, 565, 560, 580, 572, 576, 581, 451, 444, 579, 560, 582, 578, 583, 577,
            582, 560, 575, 577, 583, 584, 580, 585, 572, 444, 574, 586, 585, 580, 587, 586, 581, 444,
            588, 589, 590, 507, 577, 535, 591, 587, 580, 574, 407, 432, 576, 592, 580, 580, 592, 591,
            590, 585, 587, 568, 494, 535, 510, 479, 478, 432, 586, 574, 593, 510, 478, 591, 590, 587,
            594, 535, 595, 588, 590, 591, 46, 76, 596, 593, 597, 510, 596, 598, 46, 595, 535, 577,
            599, 586, 432, 600, 510, 597, 601, 602, 598, 601, 598, 603, 595, 577, 584, 600, 545, 510,
            604, 600, 597, 605, 595, 584, 596, 23, 606, 606, 23, 607, 608, 600, 604, 23, 609, 607,
            596, 76, 23, 608, 545, 600, 610, 581, 586, 597, 611, 604, 451, 581, 612, 609, 23, 25,
            612, 490, 451, 595, 605, 613, 609, 25, 614, 615, 608, 604, 554, 548, 545, 608, 554, 545,
            594, 568, 535, 556, 554, 608, 608, 559, 556, 603, 596, 606, 616, 606, 607, 598, 596, 603,
            594, 617, 568, 603, 606, 616, 618, 619, 620, 618, 621, 619, 616, 607, 622, 623, 607, 609,
            622, 607, 623, 564, 568, 624, 623, 609, 625, 568, 617, 624, 626, 619, 621, 627, 45, 628,
            624, 617, 629, 628, 45, 46, 612, 567, 490, 76, 46, 41, 567, 612, 630, 618, 631, 632,
            610, 586, 633, 634, 594, 595, 634, 595, 613, 602, 628, 46, 635, 630, 633, 636, 628, 602,
            610, 612, 581, 594, 634, 617, 602, 46, 598, 618, 620, 631, 627, 54, 45, 621, 618, 632,
            571, 202, 627, 610, 633, 630, 538, 632, 529, 627, 202, 54, 621, 632, 538, 630, 612, 610,
            634, 629, 617, 637, 629, 634, 638, 628, 636, 639, 638, 636, 639, 636, 601, 236, 640, 620,
            641, 236, 620, 638, 627, 628, 637, 634, 642, 619, 641, 620, 643, 639, 644, 644, 639, 601,
            645, 638, 643, 643, 638, 639, 645, 569, 638, 646, 584, 583, 601, 636, 602, 647, 236, 641,
            627, 638, 569, 569, 571, 627, 626, 641, 619, 603, 648, 601, 644, 601, 648, 649, 553, 552,
            649, 650, 553, 651, 641, 626, 652, 653, 654, 655, 656, 647, 657, 658, 654, 659, 660, 661,
            659, 661, 662, 654, 658, 652, 641, 655, 647, 663, 648, 664, 664, 648, 660, 665, 666, 650,
            538, 667, 621, 650, 649, 665, 668, 663, 669, 669, 663, 664, 667, 626, 621, 652, 658, 670,
            664, 660, 659, 659, 671, 664, 669, 664, 671, 552, 564, 672, 651, 626, 667, 672, 649, 552,
            673, 667, 565, 652, 670, 674, 675, 673, 565, 576, 569, 645, 676, 645, 643, 643, 644, 676,
            672, 665, 649, 677, 651, 673, 667, 673, 651, 576, 645, 676, 678, 673, 675, 672, 564, 624,
            538, 565, 667, 679, 680, 681, 682, 679, 681, 592, 676, 683, 684, 665, 672, 644, 683, 676,
            579, 675, 565, 674, 653, 652, 685, 666, 686, 591, 592, 687, 666, 665, 686, 688, 591, 687,
            677, 689, 651, 653, 682, 681, 687, 690, 688, 655, 641, 651, 691, 686, 692, 693, 653, 674,
            689, 655, 651, 692, 686, 694, 693, 682, 653, 695, 688, 690, 665, 684, 686, 696, 693, 674,
            697, 655, 689, 698, 668, 699, 689, 700, 697, 699, 668, 669, 700, 689, 677, 575, 573, 559,
            693, 701, 682, 682, 701, 702, 684, 694, 686, 559, 703, 575, 669, 704, 699, 684, 705, 694,
            575, 703, 706, 669, 707, 704, 582, 575, 706, 706, 708, 582, 683, 709, 592, 592, 709, 687,
            693, 696, 701, 703, 708, 706, 710, 708, 703, 694, 705, 711, 710, 582, 708, 711, 712, 694,
            713, 687, 709, 668, 698, 683, 714, 715, 703, 710, 703, 715, 709, 683, 698, 716, 710, 715,
            711, 717, 712, 711, 718, 717, 696, 719, 701, 715, 720, 716, 721, 709, 698, 672, 624, 629,
            713, 709, 721, 722, 672, 629, 723, 672, 722, 721, 698, 724, 687, 713, 690, 701, 719, 725,
            20, 726, 615, 719, 727, 725, 723, 684, 672, 615, 728, 608, 729, 690, 713, 728, 559, 608,
            730, 680, 679, 724, 698, 699, 731, 559, 728, 732, 684, 723, 724, 699, 704, 726, 728, 615,
            20, 733, 726, 637, 722, 629, 730, 734, 735, 735, 734, 736, 734, 730, 679, 704, 737, 724,
            637, 738, 739, 740, 737, 704, 739, 722, 637, 741, 731, 728, 741, 728, 726, 741, 726, 733,
            729, 695, 690, 679, 742, 734, 743, 723, 722, 743, 732, 723, 744, 736, 734, 745, 695, 729,
            722, 739, 743, 733, 20, 19, 745, 729, 746, 742, 679, 682, 729, 713, 721, 684, 732, 705,
            729, 721, 747, 746, 729, 747, 748, 19, 21, 702, 742, 682, 747, 721, 749, 748, 733, 19,
            742, 702, 750, 751, 705, 732, 742, 750, 734, 731, 703, 559, 714, 703, 731, 734, 750, 744,
            718, 705, 751, 749, 721, 724, 705, 718, 711, 749, 724, 737, 752, 714, 731, 736, 753, 735,
            737, 754, 755, 752, 731, 741, 736, 744, 756, 755, 749, 737, 756, 753, 736, 752, 715, 714,
            757, 758, 753, 759, 741, 760, 754, 761, 755, 717, 718, 762, 763, 717, 762, 162, 755, 761,
            748, 764, 733, 753, 765, 757, 766, 762, 751, 755, 747, 749, 748, 21, 403, 403, 21, 27,
            751, 762, 718, 755, 160, 747, 755, 162, 160, 763, 762, 767, 766, 767, 762, 403, 768, 748,
            769, 770, 771, 753, 756, 765, 733, 760, 741, 772, 751, 732, 760, 733, 764, 773, 757, 765,
            772, 732, 743, 774, 775, 776, 775, 777, 778, 779, 760, 764, 778, 776, 775, 766, 751, 772,
            776, 778, 780, 772, 781, 766, 748, 782, 764, 783, 776, 780, 768, 782, 748, 779, 764, 782,
            766, 784, 767, 781, 784, 766, 784, 781, 785, 770, 786, 771, 702, 725, 750, 702, 701, 725,
            759, 752, 741, 786, 777, 775, 787, 777, 786, 750, 756, 744, 759, 788, 752, 789, 634, 613,
            634, 789, 642, 788, 715, 752, 720, 715, 788, 790, 786, 770, 637, 642, 738, 791, 720, 788,
            646, 605, 584, 792, 787, 790, 793, 788, 759, 794, 725, 727, 795, 792, 790, 787, 786, 790,
            646, 796, 605, 797, 750, 725, 794, 797, 725, 798, 791, 788, 613, 605, 789, 799, 800, 801,
            802, 803, 778, 798, 788, 793, 797, 794, 804, 805, 789, 605, 605, 796, 805, 806, 798, 793,
            807, 797, 804, 777, 802, 778, 750, 808, 756, 798, 806, 809, 787, 802, 777, 760, 810, 759,
            810, 760, 779, 5, 4, 796, 793, 759, 810, 756, 808, 765, 803, 780, 778, 750, 797, 808,
            796, 4, 811, 811, 812, 796, 813, 789, 805, 814, 773, 765, 792, 802, 787, 782, 815, 779,
            801, 802, 792, 816, 810, 779, 765, 808, 814, 803, 802, 801, 796, 812, 805, 816, 779, 815,
            813, 805, 812, 800, 817, 803, 807, 808, 797, 642, 789, 818, 819, 808, 807, 801, 800, 803,
            820, 579, 582, 818, 738, 642, 821, 770, 769, 820, 675, 579, 710, 820, 582, 822, 821, 769,
            821, 822, 823, 824, 820, 710, 825, 814, 808, 819, 825, 808, 826, 738, 818, 827, 823, 822,
            818, 789, 813, 820, 678, 675, 828, 678, 820, 829, 820, 824, 823, 827, 830, 831, 830, 827,
            829, 832, 820, 827, 833, 831, 834, 833, 827, 835, 832, 829, 824, 710, 716, 716, 829, 824,
            836, 831, 833, 64, 836, 833, 837, 807, 804, 828, 820, 832, 832, 835, 828, 826, 818, 838,
            839, 828, 835, 840, 835, 829, 841, 818, 813, 839, 835, 840, 838, 818, 841, 842, 828, 839,
            843, 828, 842, 844, 790, 770, 677, 673, 678, 4, 78, 811, 845, 700, 677, 846, 757, 847,
            844, 770, 821, 848, 677, 678, 678, 828, 848, 845, 677, 848, 849, 757, 773, 849, 847, 757,
            823, 844, 821, 844, 795, 790, 850, 812, 811, 812, 850, 851, 852, 847, 849, 78, 82, 850,
            843, 848, 828, 830, 853, 844, 78, 850, 811, 854, 848, 843, 855, 845, 848, 855, 848, 854,
            830, 844, 823, 845, 856, 700, 853, 795, 844, 857, 700, 856, 858, 849, 773, 856, 845, 855,
            859, 795, 853, 852, 849, 858, 860, 859, 853, 853, 861, 860, 82, 104, 850, 840, 716, 720,
            859, 799, 792, 840, 829, 716, 862, 852, 858, 799, 801, 792, 863, 851, 850, 863, 864, 851,
            865, 799, 859, 850, 104, 863, 866, 863, 104, 842, 839, 840, 865, 800, 799, 852, 862, 867,
            868, 867, 862, 864, 813, 812, 813, 864, 841, 840, 869, 842, 847, 852, 870, 870, 852, 871,
            854, 842, 869, 865, 859, 860, 812, 851, 864, 869, 840, 720, 872, 720, 873, 874, 875, 865,
            872, 869, 720, 876, 875, 874, 865, 875, 800, 877, 869, 872, 878, 869, 877, 864, 879, 841,
            880, 881, 882, 859, 792, 795, 883, 877, 872, 879, 884, 841, 885, 855, 854, 886, 881, 871,
            886, 871, 867, 886, 882, 881, 887, 860, 861, 888, 856, 855, 889, 855, 885, 888, 855, 889,
            890, 856, 888, 867, 871, 852, 891, 892, 887, 893, 889, 885, 830, 831, 894, 894, 861, 853,
            895, 879, 864, 830, 894, 853, 864, 863, 895, 895, 863, 896, 893, 888, 889, 897, 894, 898,
            890, 888, 893, 836, 894, 831, 854, 843, 842, 836, 64, 898, 898, 894, 836, 899, 879, 895,
            878, 885, 854, 897, 861, 894, 878, 854, 869, 886, 867, 900, 893, 885, 878, 901, 897, 902,
            738, 826, 739, 897, 898, 902, 902, 898, 64, 903, 902, 64, 904, 886, 905, 905, 886, 900,
            906, 878, 883, 887, 861, 897, 739, 826, 907, 773, 814, 858, 883, 878, 877, 897, 901, 891,
            891, 887, 897, 906, 893, 878, 743, 739, 908, 909, 865, 860, 874, 865, 909, 910, 893, 906,
            908, 739, 907, 873, 720, 791, 909, 860, 887, 825, 858, 814, 911, 858, 825, 873, 791, 798,
            858, 911, 862, 862, 911, 868, 874, 912, 876, 913, 909, 887, 403, 914, 768, 838, 915, 826,
            913, 887, 892, 825, 916, 911, 909, 913, 917, 907, 826, 915, 917, 874, 909, 914, 403, 379,
            917, 912, 874, 918, 907, 915, 919, 911, 916, 918, 908, 907, 914, 379, 405, 920, 868, 911,
            921, 914, 405, 922, 923, 924, 88, 202, 571, 900, 867, 868, 914, 921, 768, 925, 768, 921,
            908, 772, 743, 925, 782, 768, 926, 88, 571, 571, 570, 926, 925, 927, 782, 926, 87, 88,
            908, 781, 772, 928, 89, 87, 929, 900, 868, 908, 785, 781, 925, 921, 930, 920, 929, 868,
            931, 925, 930, 932, 931, 930, 87, 926, 924, 924, 928, 87, 927, 925, 931, 908, 933, 785,
            933, 908, 934, 410, 935, 405, 936, 405, 935, 936, 937, 921, 936, 921, 405, 908, 918, 934,
            935, 938, 936, 572, 585, 939, 410, 393, 411, 410, 411, 412, 410, 412, 935, 940, 926, 939,
            934, 941, 933, 585, 940, 939, 939, 926, 570, 942, 880, 882, 572, 939, 570, 886, 943, 882,
            944, 784, 785, 935, 945, 938, 412, 946, 935, 936, 947, 937, 785, 933, 948, 947, 936, 938,
            904, 943, 886, 947, 938, 945, 948, 933, 941, 945, 935, 946, 785, 948, 944, 819, 916, 825,
            940, 924, 926, 930, 921, 937, 930, 937, 947, 658, 657, 949, 940, 922, 924, 950, 658, 949,
            932, 930, 947, 670, 658, 950, 951, 121, 923, 952, 670, 950, 953, 121, 951, 918, 954, 934,
            954, 941, 934, 952, 955, 670, 918, 956, 954, 945, 957, 947, 945, 958, 957, 959, 951, 923,
            960, 959, 923, 954, 961, 941, 815, 782, 927, 956, 962, 954, 670, 955, 674, 963, 931, 932,
            964, 931, 963, 931, 964, 927, 965, 927, 964, 965, 964, 966, 967, 951, 959, 932, 968, 963,
            838, 841, 884, 928, 111, 89, 963, 968, 964, 838, 884, 915, 923, 928, 924, 969, 955, 970,
            932, 947, 968, 915, 884, 971, 121, 928, 923, 968, 947, 957, 969, 674, 955, 121, 111, 928,
            696, 674, 972, 973, 968, 957, 674, 969, 972, 966, 968, 974, 915, 971, 918, 968, 973, 974,
            975, 922, 940, 971, 956, 918, 970, 976, 969, 977, 969, 976, 450, 978, 445, 450, 979, 978,
            922, 975, 980, 980, 981, 922, 975, 982, 983, 977, 976, 984, 465, 985, 450, 975, 983, 980,
            450, 985, 979, 985, 465, 986, 977, 972, 969, 987, 980, 983, 972, 988, 989, 986, 465, 469,
            879, 990, 884, 986, 469, 991, 990, 879, 899, 977, 988, 972, 975, 940, 585, 985, 986, 992,
            884, 990, 971, 982, 975, 585, 989, 696, 972, 990, 993, 971, 971, 993, 994, 696, 989, 719,
            585, 590, 982, 589, 982, 590, 946, 412, 402, 402, 978, 946, 993, 990, 995, 402, 445, 978,
            996, 589, 588, 971, 962, 956, 983, 982, 589, 727, 719, 989, 961, 954, 962, 922, 960, 923,
            994, 962, 971, 946, 958, 945, 997, 977, 984, 981, 960, 922, 958, 946, 978, 978, 998, 958,
            771, 999, 967, 771, 967, 960, 979, 998, 978, 948, 941, 961, 771, 960, 981, 1000, 998, 979,
            1001, 977, 997, 960, 967, 959, 1001, 988, 977, 981, 980, 1002, 1003, 948, 961, 1001, 1004, 1005,
            985, 1006, 979, 1003, 961, 1007, 1006, 985, 992, 981, 1002, 771, 992, 1008, 1006, 1000, 979, 1006,
            995, 1009, 993, 992, 1010, 1008, 771, 1002, 769, 1011, 961, 962, 997, 984, 1004, 1011, 962, 994,
            957, 958, 1012, 1004, 984, 1013, 998, 1012, 958, 1004, 1001, 997, 121, 953, 249, 973, 957, 1012,
            1007, 961, 1011, 1014, 228, 953, 953, 228, 249, 1012, 998, 1000, 1000, 1015, 1012, 1011, 1016, 1007,
            973, 1012, 1017, 1017, 1012, 1018, 993, 1009, 994, 1014, 229, 228, 989, 988, 1019, 953, 999, 1014,
            727, 989, 1019, 1014, 999, 1020, 967, 999, 951, 1018, 1012, 1015, 1016, 994, 1009, 1016, 1009, 1021,
            1016, 1011, 994, 1001, 1019, 988, 999, 953, 951, 1006, 1022, 1000, 1022, 1023, 1000, 775, 774, 1014,
            1024, 1003, 1007, 1020, 786, 775, 775, 1014, 1020, 1019, 1025, 1026, 1008, 1010, 1027, 727, 1026, 1028,
            1019, 1026, 727, 249, 123, 121, 1008, 1022, 1006, 249, 245, 123, 1024, 1007, 1029, 1016, 1029, 1007,
            1027, 1022, 1008, 1005, 1019, 1001, 1005, 1025, 1019, 774, 229, 1014, 229, 774, 266, 776, 266, 774,
            1025, 1005, 1030, 1015, 1000, 1023, 229, 266, 264, 1031, 1016, 1021, 1029, 1016, 1031, 1032, 1023, 1022,
            1033, 267, 266, 267, 1033, 364, 1023, 1018, 1015, 776, 1033, 266, 1032, 1018, 1023, 1030, 1026, 1025,
            1032, 1022, 1034, 1033, 776, 783, 1030, 1035, 1026, 1036, 1031, 1037, 1036, 1029, 1031, 1013, 1038, 1039,
            1004, 1013, 1039, 999, 786, 1020, 1040, 1018, 1032, 786, 999, 771, 66, 1041, 67, 1004, 1039, 1042,
            1042, 1005, 1004, 1041, 101, 67, 1043, 1034, 1044, 987, 1045, 980, 987, 1046, 1047, 1032, 1034, 1043,
            1048, 1032, 1043, 1049, 1047, 1046, 1047, 1045, 987, 1048, 1040, 1032, 1041, 1050, 1051, 1052, 1045, 1047,
            1047, 1049, 1053, 1047, 1053, 1052, 1054, 1039, 1038, 1055, 1056, 1052, 1055, 1052, 1053, 1054, 1038, 196,
            1041, 1051, 101, 1043, 1057, 1048, 1058, 1057, 1043, 589, 996, 983, 1059, 983, 996, 1043, 1044, 1058,
            996, 588, 1059, 101, 1051, 1060, 1046, 983, 1059, 1046, 987, 983, 1059, 588, 1049, 355, 1061, 358,
            1049, 1046, 1059, 1039, 1054, 1062, 1058, 1063, 1064, 1042, 1039, 1062, 1061, 1065, 1066, 1064, 1063, 1067,
            1068, 588, 688, 588, 1068, 1049, 1065, 1061, 355, 1069, 1070, 1062, 1042, 1030, 1005, 464, 1071, 1072,
            1073, 1072, 1074, 688, 695, 1068, 1075, 1074, 1072, 1076, 1077, 1065, 1075, 1078, 1074, 1079, 1078, 1075,
            1066, 1065, 1077, 1053, 1049, 1068, 1079, 1080, 1078, 1045, 1002, 980, 1081, 1035, 1030, 1082, 1083, 1077,
            1077, 1076, 1082, 1080, 1079, 1084, 385, 366, 377, 1045, 1085, 1002, 1085, 769, 1002, 1086, 1084, 1079,
            1030, 1042, 1081, 1087, 1084, 1088, 1089, 1081, 1042, 1084, 1086, 1088, 1056, 1085, 1045, 1090, 1085, 1056,
            1085, 822, 769, 1091, 1092, 1088, 386, 385, 1093, 1070, 1042, 1062, 1055, 1090, 1056, 1094, 1090, 1055,
            822, 1085, 834, 834, 1085, 1090, 1095, 1091, 1096, 1094, 834, 1090, 1042, 1070, 1089, 1096, 1097, 1095,
            1097, 1096, 1098, 1056, 1045, 1052, 385, 1099, 1093, 1089, 1070, 1100, 822, 834, 827, 1101, 1102, 1103,
            1099, 385, 1104, 1105, 1055, 1053, 1106, 1099, 1104, 1107, 1108, 1109, 385, 358, 1061, 1101, 1103, 1108,
            58, 1105, 49, 1107, 1101, 1108, 1089, 1110, 1081, 1066, 385, 1061, 695, 1111, 1068, 1112, 1101, 1107,
            385, 1066, 1104, 1113, 1107, 1109, 1114, 1107, 1113, 794, 727, 1028, 1113, 1115, 1114, 1104, 1066, 1106,
            1111, 695, 745, 1053, 1068, 1105, 1083, 1066, 1077, 1066, 1083, 1106, 1068, 49, 1105, 1116, 1112, 1107,
            1114, 1116, 1107, 49, 1068, 1111, 1117, 1112, 1116, 794, 1028, 804, 423, 1102, 436, 804, 1028, 1118,
            804, 1118, 837, 1119, 1120, 1083, 51, 1111, 745, 1121, 436, 1122, 51, 745, 52, 1120, 1123, 1083,
            1124, 436, 1102, 1035, 1028, 1026, 1028, 1035, 1125, 48, 58, 49, 1122, 436, 1124, 1106, 1083, 1123,
            51, 49, 1111, 1125, 1118, 1028, 1126, 1122, 1124, 1121, 413, 436, 1121, 458, 413, 1121, 464, 458,
            1094, 1055, 1105, 1106, 1123, 1127, 464, 1121, 1128, 1129, 837, 1118, 1129, 807, 837, 1128, 1071, 464,
            1127, 1099, 1106, 834, 1094, 833, 1129, 819, 807, 1130, 1071, 1128, 1094, 58, 57, 1122, 1126, 1121,
            1121, 1126, 1128, 819, 1129, 1131, 58, 1094, 1105, 1132, 1123, 1120, 1133, 1128, 1126, 1134, 1133, 1126,
            1123, 1132, 1135, 1133, 1130, 1128, 1136, 1129, 1118, 833, 1094, 64, 1132, 1137, 1135, 57, 64, 1094,
            1133, 1138, 1130, 1139, 1138, 1133, 1127, 1123, 1135, 1112, 1102, 1101, 1140, 1124, 1102, 1141, 1131, 1129,
            1112, 1140, 1102, 1142, 1127, 1135, 1143, 1141, 1129, 1143, 1129, 1136, 52, 745, 746, 1124, 1140, 1144,
            1144, 1126, 1124, 746, 141, 52, 1073, 355, 361, 1145, 1125, 1035, 1073, 1076, 355, 1081, 1145, 1035,
            1117, 1140, 1112, 141, 746, 747, 361, 453, 1073, 747, 144, 141, 1144, 1140, 1117, 144, 747, 160,
            1117, 1146, 1144, 1125, 1145, 1147, 1118, 1125, 1136, 1076, 1065, 355, 1147, 1136, 1125, 1145, 1148, 1147,
            167, 162, 1149, 1144, 1134, 1126, 1081, 1148, 1145, 1139, 1133, 1134, 1074, 1076, 1073, 1076, 1074, 1078,
            1150, 1139, 1134, 1151, 1152, 783, 1153, 1147, 1148, 1151, 1154, 1152, 1151, 1155, 1154, 1155, 1156, 1154,
            1157, 1144, 1146, 1072, 453, 464, 1144, 1150, 1134, 1150, 1144, 1157, 1081, 1110, 1148, 1158, 1151, 1159,
            1072, 1073, 453, 1151, 783, 780, 1139, 1150, 1160, 780, 1159, 1151, 1161, 1150, 1157, 1162, 1160, 1150,
            1162, 1150, 1161, 1163, 1119, 1076, 1164, 1165, 1158, 1078, 1163, 1076, 1166, 1167, 1168, 1158, 1155, 1151,
            1167, 1114, 1115, 1169, 1136, 1147, 1082, 1076, 1119, 1156, 391, 1154, 1119, 1083, 1082, 1114, 1167, 1170,
            1119, 1163, 1171, 1172, 391, 1156, 1156, 1155, 1173, 1119, 1171, 1120, 1116, 1114, 1174, 1174, 1117, 1116,
            1169, 1175, 1136, 1175, 1143, 1136, 1156, 1173, 1172, 1176, 1174, 1170, 1114, 1170, 1174, 1177, 1163, 1080,
            1174, 1176, 1178, 1173, 1179, 1172, 1166, 1170, 1167, 1172, 1179, 1180, 1180, 1181, 1172, 1182, 1176, 1170,
            1183, 1181, 1180, 1179, 1184, 1180, 1183, 1180, 1184, 1170, 1166, 1182, 1177, 1080, 1185, 1185, 1080, 1087,
            1186, 1175, 1169, 1173, 1155, 1158, 1186, 1187, 1175, 1177, 1120, 1171, 1188, 1120, 1177, 1171, 1163, 1177,
            1165, 1173, 1158, 1189, 1176, 1182, 1147, 1153, 1190, 1120, 1188, 1132, 1190, 1169, 1147, 1173, 1165, 1179,
            1189, 1191, 1176, 1192, 1179, 1165, 1185, 1188, 1177, 1192, 1193, 1179, 1179, 1193, 1183, 1194, 1189, 1182,
            1183, 1184, 1179, 1186, 1169, 1190, 1163, 1078, 1080, 1164, 1159, 817, 920, 911, 919, 1080, 1084, 1087,
            1195, 1196, 1164, 1197, 1189, 1194, 1195, 1164, 817, 1198, 1197, 1199, 1198, 1189, 1197, 905, 900, 929,
            1200, 817, 800, 1201, 905, 929, 1201, 929, 1202, 386, 1093, 475, 817, 1200, 1195, 1203, 475, 1093,
            1178, 1117, 1174, 929, 1204, 1202, 1205, 1117, 1178, 1146, 1117, 1205, 66, 475, 1203, 1206, 1195, 1200,
            1207, 929, 920, 1159, 780, 803, 1208, 1207, 920, 66, 1203, 1050, 1209, 1178, 1191, 1191, 1178, 1176,
            803, 817, 1159, 1207, 1210, 929, 1209, 1205, 1178, 1204, 929, 1210, 1158, 1159, 1164, 1203, 1093, 1099,
            1211, 1205, 1209, 1207, 1212, 1210, 1213, 1203, 1099, 1165, 1164, 1196, 1196, 1192, 1165, 1214, 1157, 1146,
            1214, 1161, 1157, 1215, 1192, 1196, 1214, 1146, 1205, 1161, 1214, 1216, 1217, 1050, 1203, 943, 942, 882,
            1203, 1213, 1217, 1215, 1193, 1192, 942, 1218, 1219, 1211, 1214, 1205, 1041, 66, 1050, 1215, 1220, 1221,
            1211, 1216, 1214, 1222, 1218, 942, 1223, 1220, 1206, 1211, 1224, 1216, 1225, 1224, 1211, 1195, 1220, 1196,
            1196, 1220, 1215, 1226, 1224, 1225, 1050, 1217, 1227, 942, 943, 1228, 1195, 1206, 1220, 1229, 1191, 1198,
            1227, 1051, 1050, 1201, 943, 904, 905, 1201, 904, 1198, 1191, 1189, 1230, 1221, 1220, 1228, 943, 1201,
            1223, 1231, 1220, 1229, 1198, 1199, 1231, 1230, 1220, 1227, 1060, 1051, 1228, 1201, 1202, 1229, 1209, 1191,
            1229, 1232, 1209, 942, 1233, 1222, 1234, 1235, 1236, 942, 1228, 1233, 1199, 1197, 1237, 1235, 1234, 126,
            1238, 1229, 1199, 126, 1239, 1235, 1240, 1222, 1233, 1229, 1241, 1232, 1242, 1217, 1213, 1213, 1243, 1242,
            1241, 1229, 1238, 1244, 1193, 1245, 1245, 1246, 1244, 1233, 1228, 1247, 1246, 1245, 1248, 1249, 1211, 1209,
            1232, 1249, 1209, 1127, 1213, 1099, 1225, 1211, 1249, 1183, 1250, 1181, 1251, 1181, 1250, 1252, 1249, 1232,
            1183, 1253, 1250, 1233, 1247, 1254, 1255, 1225, 1249, 1213, 1127, 1243, 1249, 1252, 1255, 1256, 1251, 1250,
            1255, 1226, 1225, 1127, 1142, 1243, 1257, 1222, 1240, 1256, 1250, 1258, 1241, 1252, 1232, 1253, 1183, 1193,
            1259, 1252, 1241, 1253, 1193, 1244, 1202, 1247, 1228, 1260, 1255, 1252, 1261, 1242, 1243, 1243, 1262, 1261,
            1258, 1244, 1246, 1263, 1202, 1204, 1244, 1258, 1253, 1250, 1253, 1258, 1247, 1202, 1263, 1264, 1072, 1071,
            1210, 1263, 1204, 1138, 1264, 1071, 1227, 1217, 1242, 1227, 1242, 1265, 1248, 1266, 1246, 1264, 1075, 1072,
            1267, 1247, 1263, 1266, 1268, 1269, 1270, 1271, 1272, 1273, 1075, 1264, 1269, 1268, 1270, 1268, 1271, 1270,
            1270, 1272, 1274, 1272, 1275, 1274, 1276, 1270, 1274, 1267, 1254, 1247, 1277, 1278, 1256, 1277, 1279, 1278,
            1280, 1279, 1277, 1071, 1130, 1138, 1254, 1267, 1281, 1277, 1256, 1258, 1265, 1282, 1227, 1258, 1246, 1269,
            1258, 1269, 1277, 1242, 1261, 1283, 1283, 1265, 1242, 1284, 1285, 1138, 1246, 1266, 1269, 1285, 1264, 1138,
            1264, 1285, 1273, 1269, 1286, 1277, 1273, 1079, 1075, 1269, 1287, 1286, 1265, 1283, 1288, 1267, 1263, 1289,
            1288, 1282, 1265, 1290, 1289, 1263, 1079, 1273, 1291, 1276, 1269, 1270, 1276, 1287, 1269, 1281, 1267, 1289,
            1291, 1273, 1292, 1291, 1086, 1079, 1277, 1286, 500, 1233, 1254, 1240, 1292, 1086, 1291, 1215, 1221, 1193,
            1293, 1257, 1240, 1221, 1245, 1193, 1294, 1273, 1285, 1135, 1137, 1142, 1294, 1292, 1273, 1236, 1295, 1221,
            1296, 1293, 1240, 1297, 1142, 1137, 1295, 1245, 1221, 1295, 1248, 1245, 1298, 1297, 1137, 1284, 1138, 1139,
            1296, 1240, 1254, 1160, 1284, 1139, 1221, 1230, 1236, 1087, 1299, 1185, 1254, 1300, 1296, 1284, 1160, 1301,
            1299, 1302, 1185, 1303, 1285, 1284, 1302, 1299, 1304, 1305, 1236, 1230, 1230, 1306, 1305, 1307, 1293, 1296,
            1301, 1303, 1284, 1308, 1307, 1296, 1188, 1309, 1132, 1310, 1303, 1301, 1295, 1236, 1311, 1188, 1302, 1309,
            1162, 1301, 1160, 1312, 1301, 1162, 1188, 1185, 1302, 1235, 1313, 1311, 1266, 1311, 1313, 1266, 1248, 1295,
            1301, 1314, 1310, 1295, 1311, 1266, 1313, 1271, 1266, 1271, 1268, 1266, 1315, 1309, 1302, 1314, 1301, 1312,
            1300, 1316, 1296, 1272, 1313, 1317, 1318, 1272, 1317, 1239, 1317, 1313, 1319, 1320, 1310, 1315, 1302, 1321,
            1308, 1296, 1316, 1322, 1320, 1319, 1313, 1272, 1271, 1316, 1323, 1308, 1285, 1303, 1294, 1318, 1275, 1272,
            1321, 1324, 1315, 1311, 1236, 1235, 1304, 1299, 1087, 1310, 1294, 1303, 1325, 1292, 1294, 1313, 1235, 1239,
            1088, 1304, 1087, 1326, 1292, 1325, 1300, 1254, 1281, 1310, 1325, 1294, 1281, 1327, 1300, 1328, 1325, 1310,
            1092, 1304, 1088, 1231, 1329, 1306, 1321, 1302, 1304, 1321, 1304, 1092, 1310, 1314, 1319, 1320, 1328, 1310,
            1095, 1321, 1092, 1086, 1292, 1330, 1331, 1332, 1333, 1289, 1334, 1281, 1091, 1095, 1092, 1335, 1306, 1329,
            1336, 1088, 1086, 1337, 1329, 1331, 1309, 1137, 1132, 1331, 1329, 1332, 1330, 1336, 1086, 1338, 1336, 1330,
            1327, 1281, 1334, 1337, 1335, 1329, 1339, 1338, 1340, 1088, 1336, 1091, 1341, 1333, 1342, 1298, 1137, 1309,
            1341, 1342, 485, 1336, 1338, 1091, 1091, 1338, 1339, 1309, 1315, 1298, 1343, 1341, 485, 1327, 1334, 1344,
            1326, 1330, 1292, 1315, 1345, 1298, 484, 1343, 485, 1346, 1338, 1330, 1331, 1333, 1341, 1340, 1338, 1346,
            1327, 1347, 1300, 1330, 1326, 1346, 1316, 1300, 1347, 1297, 1298, 1345, 1348, 1297, 1345, 1343, 1331, 1341,
            1349, 1339, 1340, 1339, 1096, 1091, 512, 1337, 1331, 1131, 916, 819, 1096, 1350, 1098, 512, 1331, 1343,
            916, 1131, 919, 1321, 1095, 1351, 1352, 1350, 1096, 1096, 1339, 1352, 1343, 484, 512, 1349, 1352, 1339,
            1352, 1349, 1353, 1351, 1354, 1321, 1355, 1337, 512, 1097, 1351, 1095, 529, 512, 511, 1340, 1346, 1356,
            919, 1208, 920, 1357, 1349, 1340, 1358, 1200, 800, 919, 1131, 1359, 1354, 1324, 1321, 1360, 1324, 1354,
            1208, 919, 1359, 1358, 800, 875, 1357, 1353, 1349, 657, 1354, 1351, 1351, 1097, 1098, 1361, 1353, 1357,
            1362, 1131, 1141, 1356, 1328, 1363, 657, 1351, 1098, 1356, 1363, 1364, 1358, 1365, 1206, 1098, 1350, 657,
            657, 1350, 949, 1141, 1143, 1366, 1367, 1363, 1328, 1200, 1358, 1206, 1366, 1362, 1141, 1328, 1320, 1367,
            1368, 1367, 1320, 1369, 1358, 875, 1362, 1359, 1131, 1365, 1358, 1369, 876, 1369, 875, 1370, 1364, 1363,
            654, 1354, 657, 1342, 1369, 876, 1367, 1370, 1363, 1359, 1362, 1371, 1360, 1354, 654, 654, 653, 1360,
            1328, 1326, 1325, 1342, 1365, 1369, 1326, 1328, 1356, 1346, 1326, 1356, 1372, 1345, 1315, 1342, 1333, 1365,
            1332, 1223, 1206, 1373, 1207, 1208, 1315, 1324, 1372, 1365, 1332, 1206, 1364, 1370, 1357, 1208, 1359, 1373,
            1357, 1370, 1374, 1373, 1359, 1371, 1329, 1223, 1332, 1212, 1207, 1373, 1329, 1231, 1223, 1212, 1373, 1375,
            1365, 1333, 1332, 1376, 1374, 1377, 1378, 1377, 1374, 680, 1348, 1345, 1370, 1378, 1374, 1364, 1340, 1356,
            1357, 1340, 1364, 1360, 1372, 1324, 1342, 876, 485, 485, 876, 912, 653, 1372, 1360, 1376, 1361, 1357,
            1372, 653, 681, 1374, 1376, 1357, 477, 485, 912, 1372, 680, 1345, 1379, 1380, 1312, 477, 912, 917,
            1212, 1290, 1210, 1381, 1380, 1379, 1290, 1212, 1375, 681, 680, 1372, 1382, 1380, 1381, 1383, 1290, 1375,
            1226, 1379, 1224, 1379, 1226, 1381, 1384, 1371, 1362, 1385, 1381, 1226, 1371, 1384, 1373, 1382, 1381, 1385,
            1373, 1384, 1386, 1387, 1305, 1388, 1373, 1383, 1375, 1388, 1305, 1306, 1386, 1383, 1373, 1162, 1161, 1216,
            1305, 1387, 1234, 1262, 1243, 1142, 1216, 1379, 1162, 1224, 1379, 1216, 1379, 1312, 1162, 1306, 1335, 1388,
            1312, 1380, 1314, 1388, 1335, 1389, 1390, 1386, 1384, 1391, 1262, 1142, 1391, 1392, 1262, 1314, 1380, 1319,
            1393, 1319, 1380, 1366, 1143, 1175, 1394, 1387, 1395, 1261, 1262, 1392, 1393, 1322, 1319, 1395, 1387, 1388,
            1175, 1187, 1366, 1236, 1305, 1234, 1393, 1396, 1322, 1382, 1393, 1380, 1297, 1391, 1142, 1397, 1362, 1366,
            1398, 1391, 1297, 113, 1234, 1387, 1399, 1393, 1382, 1399, 1396, 1393, 113, 1400, 114, 1396, 1401, 1322,
            113, 126, 1234, 1366, 1187, 1397, 1400, 113, 1387, 1392, 1391, 1402, 1255, 1385, 1226, 1403, 1391, 1398,
            1394, 1400, 1387, 1404, 1385, 1255, 1405, 1187, 1186, 1403, 1402, 1391, 1186, 1406, 1405, 1187, 1405, 1407,
            1399, 1382, 1385, 1408, 1261, 1392, 1261, 1408, 1283, 1409, 1404, 1255, 1409, 1255, 1260, 1407, 1397, 1187,
            148, 114, 1400, 1389, 1395, 1388, 1404, 1399, 1385, 1410, 1404, 1409, 1355, 1389, 1337, 1355, 1395, 1389,
            1288, 1283, 1411, 1337, 1389, 1335, 1412, 1396, 1399, 1384, 1362, 1397, 1408, 1411, 1283, 1399, 1413, 1412,
            1413, 1414, 1412, 1415, 1411, 1408, 1412, 1401, 1396, 631, 1394, 1395, 1402, 1408, 1392, 1416, 1401, 1412,
            1384, 1397, 1417, 1408, 1402, 1418, 1419, 1413, 1404, 1404, 1413, 1399, 529, 1355, 512, 632, 631, 1355,
            632, 1355, 529, 1417, 1390, 1384, 631, 1395, 1355, 1420, 1413, 1419, 1408, 1418, 1415, 1414, 1416, 1412,
            1420, 1414, 1413, 1421, 1414, 1420, 1417, 1422, 1390, 1423, 1414, 1421, 1368, 1320, 1322, 1424, 1390, 1422,
            1425, 1397, 1407, 236, 1426, 640, 1425, 1417, 1397, 1427, 1417, 1425, 1428, 1367, 1368, 1429, 1425, 1407,
            1428, 1368, 1430, 236, 216, 1426, 1402, 1403, 1431, 1322, 1401, 1368, 236, 215, 216, 1368, 1401, 1430,
            1417, 1427, 1422, 1394, 1426, 1400, 1432, 1430, 1401, 1418, 1402, 1433, 1425, 1434, 1427, 640, 1394, 631,
            1431, 1433, 1402, 1435, 1428, 1430, 1418, 1433, 1436, 148, 1400, 1426, 1430, 1432, 1435, 1418, 1436, 1415,
            1437, 1435, 1432, 148, 1426, 216, 1427, 1424, 1422, 1436, 1438, 1415, 1428, 1370, 1367, 1436, 1439, 1438,
            1370, 1428, 1440, 1394, 640, 1426, 631, 620, 640, 1434, 1441, 1427, 1424, 1427, 1441, 1436, 758, 1439,
            1441, 1442, 1424, 1306, 1230, 1231, 1440, 1378, 1370, 1297, 1348, 1398, 364, 1033, 783, 364, 783, 1443,
            1444, 1378, 1440, 1445, 1398, 1348, 1152, 1443, 783, 1290, 1263, 1210, 367, 364, 1443, 1435, 1440, 1428,
            1446, 1440, 1435, 1445, 1403, 1398, 1446, 1435, 1437, 1445, 1431, 1403, 367, 1443, 1152, 391, 367, 1152,
            391, 1152, 1154, 1446, 1444, 1440, 1290, 1383, 1386, 1447, 1444, 1446, 1448, 1444, 1447, 1348, 680, 1445,
            1416, 1432, 1401, 1181, 391, 1172, 730, 1445, 680, 391, 1181, 1449, 1450, 1432, 1416, 373, 391, 395,
            1449, 395, 391, 1437, 1432, 1450, 1451, 1289, 1290, 1449, 398, 395, 1431, 1445, 730, 1452, 1450, 1423,
            1431, 730, 735, 1423, 1453, 1452, 1251, 1449, 1181, 1423, 1416, 1414, 1450, 1416, 1423, 1251, 1454, 1449,
            1452, 1437, 1450, 1334, 1289, 1451, 1452, 1455, 1437, 1449, 1454, 398, 1456, 1290, 1386, 1454, 502, 398,
            1455, 1446, 1437, 1451, 1290, 1456, 1457, 502, 1454, 1456, 1386, 1390, 1431, 735, 1433, 1251, 1256, 1278,
            1278, 1454, 1251, 1458, 1446, 1455, 1458, 1447, 1446, 1454, 1278, 1457, 1433, 735, 753, 1433, 753, 758,
            1459, 1455, 1452, 1459, 1458, 1455, 1433, 758, 1436, 1344, 1334, 1460, 503, 502, 1457, 520, 513, 503,
            520, 503, 1457, 1461, 520, 1457, 1460, 1334, 1451, 1462, 1458, 1459, 1463, 520, 1461, 520, 1463, 1464,
            125, 1465, 1239, 520, 1464, 521, 1466, 521, 1464, 521, 1467, 519, 521, 1466, 1467, 1460, 1468, 1344,
            519, 1467, 522, 126, 125, 1239, 1279, 1457, 1278, 866, 104, 1469, 125, 128, 1465, 1460, 1451, 1456,
            104, 101, 1469, 1470, 1471, 1465, 128, 1470, 1465, 1472, 1473, 1460, 1460, 1456, 1472, 1457, 1279, 1474,
            1468, 1460, 1473, 481, 1474, 1279, 1475, 1476, 1470, 481, 1279, 1280, 1477, 1475, 176, 176, 1478, 1477,
            1280, 1479, 481, 1479, 482, 481, 1470, 128, 176, 176, 1475, 1470, 101, 1060, 1469, 1480, 1474, 481,
            1480, 1481, 1474, 1390, 1482, 1456, 1482, 1390, 1424, 1480, 492, 539, 481, 487, 1480, 1480, 487, 492,
            1280, 1277, 500, 182, 1478, 176, 1483, 866, 1469, 1280, 500, 1479, 482, 1479, 500, 1478, 182, 1484,
            1457, 1474, 1461, 1461, 1474, 1485, 1482, 1472, 1456, 1463, 1461, 1485, 318, 1484, 182, 318, 1486, 1484,
            1486, 1478, 1484, 1487, 1463, 1485, 1464, 1463, 1487, 1275, 1488, 1274, 1487, 1485, 1474, 1487, 1489, 1490,
            1487, 1474, 1489, 866, 896, 863, 1491, 1287, 1276, 1491, 1276, 1274, 1274, 1488, 1491, 1492, 1491, 1488,
            1487, 1466, 1464, 1287, 1491, 1493, 1286, 1287, 1493, 1286, 1493, 1494, 1495, 895, 896, 1467, 1466, 1496,
            1490, 1466, 1487, 1466, 1490, 1496, 1497, 1496, 1490, 1483, 896, 866, 1493, 1491, 1492, 1498, 1424, 1499,
            1492, 1500, 1493, 1494, 500, 1286, 500, 1494, 1501, 1494, 1493, 1501, 1502, 1490, 1489, 1474, 1481, 1489,
            500, 1501, 499, 539, 1481, 1480, 539, 1489, 1481, 1501, 1500, 499, 1500, 507, 499, 501, 499, 507,
            1489, 539, 1502, 895, 1495, 899, 1500, 1501, 1493, 540, 1502, 539, 1482, 1503, 1472, 1502, 1497, 1490,
            1497, 553, 1496, 1504, 1500, 1492, 1497, 1502, 553, 544, 553, 1502, 1502, 540, 544, 1503, 1505, 1472,
            896, 1506, 1495, 551, 561, 563, 1500, 1504, 578, 507, 1500, 578, 1498, 1482, 1424, 1503, 1482, 1498,
            1507, 578, 1504, 899, 1508, 990, 1467, 1496, 1509, 1509, 522, 1467, 990, 1508, 1510, 578, 1507, 583,
            1498, 1511, 1503, 1510, 995, 990, 1509, 542, 522, 1512, 1317, 1513, 1511, 1498, 1514, 1512, 1318, 1317,
            1515, 542, 1509, 685, 542, 1515, 553, 1509, 1496, 1505, 1503, 1511, 1060, 1227, 1282, 1060, 1282, 1516,
            1465, 1513, 1317, 1516, 1469, 1060, 1465, 1517, 1513, 1308, 1518, 1307, 1469, 1516, 1483, 1515, 1509, 553,
            1488, 1318, 1519, 1275, 1318, 1488, 1515, 553, 650, 1519, 1318, 1512, 1520, 1308, 1323, 1519, 1492, 1488,
            666, 685, 1515, 1521, 1517, 1471, 1517, 1522, 1513, 650, 666, 1515, 1520, 1518, 1308, 1471, 1522, 1521,
            685, 561, 542, 1471, 1523, 1522, 1471, 1476, 1523, 561, 685, 1524, 1506, 896, 1483, 1517, 1521, 1522,
            1512, 1522, 1519, 1522, 1525, 1519, 1512, 1513, 1522, 1525, 1492, 1519, 1483, 1526, 1506, 1524, 563, 561,
            1317, 1239, 1465, 1508, 899, 1495, 691, 1527, 1524, 1527, 563, 1524, 1528, 1508, 1495, 1528, 1495, 1506,
            1471, 1517, 1465, 1471, 1470, 1476, 691, 1529, 1527, 1504, 1492, 1525, 685, 691, 1524, 1476, 1530, 1523,
            1531, 1528, 1506, 686, 691, 685, 1532, 1518, 1520, 1522, 1533, 1525, 1534, 1518, 1532, 1522, 1523, 1533,
            1535, 1516, 1282, 1536, 691, 692, 1520, 1323, 1537, 1520, 1537, 1538, 1523, 1539, 1533, 1516, 1526, 1483,
            1540, 892, 1541, 1542, 1507, 1533, 1543, 901, 903, 1544, 1543, 903, 902, 903, 901, 1533, 1539, 1542,
            1532, 1520, 1545, 1475, 1530, 1476, 1538, 1545, 1520, 63, 903, 64, 1530, 1475, 1477, 1516, 1535, 1526,
            1477, 1523, 1530, 903, 63, 1546, 1539, 1523, 1477, 252, 1546, 63, 1539, 1477, 1486, 1477, 1478, 1486,
            903, 1546, 1544, 1282, 1288, 1547, 1548, 1544, 1546, 1486, 1549, 1539, 1547, 1535, 1282, 1316, 1347, 1550,
            891, 901, 1543, 1504, 1525, 1507, 1316, 1537, 1323, 1525, 1533, 1507, 1541, 892, 891, 1288, 1411, 1547,
            1541, 1543, 1544, 1541, 891, 1543, 1541, 1544, 1548, 1537, 1316, 1550, 1327, 1550, 1347, 1550, 1327, 1344,
            1551, 1526, 1535, 1507, 1542, 1552, 269, 1548, 1546, 1535, 1547, 1551, 1546, 252, 269, 1553, 1541, 1548,
            1552, 583, 1507, 1553, 1540, 1541, 583, 1552, 646, 1554, 1506, 1526, 1550, 1555, 1556, 1548, 1557, 1553,
            326, 1486, 318, 1486, 326, 337, 326, 319, 337, 1486, 337, 36, 37, 36, 337, 1558, 917, 913,
            1538, 1537, 1559, 1558, 913, 892, 37, 337, 43, 1560, 1538, 1559, 1559, 1537, 1550, 1539, 1561, 1542,
            1531, 1506, 1554, 1562, 1531, 1554, 1559, 1550, 1556, 478, 477, 917, 1558, 478, 917, 1563, 1559, 1556,
            1526, 1551, 1554, 1549, 1486, 36, 892, 1540, 1558, 1564, 1558, 1540, 1561, 1539, 1549, 1564, 1540, 1553,
            1565, 1534, 1532, 1566, 1554, 1551, 36, 1561, 1549, 1562, 1554, 1567, 1568, 1564, 1553, 1558, 1564, 1568,
            593, 478, 1558, 1561, 36, 22, 22, 6, 1561, 1565, 1532, 1545, 1554, 1566, 1567, 593, 1558, 1568,
            1568, 1569, 593, 1569, 611, 593, 1545, 1570, 1565, 1571, 1552, 1542, 1542, 1561, 1571, 269, 252, 256,
            6, 1571, 1561, 1572, 1557, 1573, 1573, 1548, 269, 5, 646, 1552, 646, 5, 796, 1574, 1570, 1545,
            1557, 1548, 1573, 1552, 1571, 5, 268, 1573, 269, 1575, 1570, 1574, 1576, 1009, 995, 1576, 995, 1510,
            1560, 1545, 1538, 6, 5, 1571, 1576, 1510, 1577, 1578, 1545, 1560, 268, 1572, 1573, 1577, 1510, 1579,
            268, 282, 1572, 1560, 1559, 1563, 1580, 1581, 1582, 1579, 1510, 1508, 1508, 1528, 1579, 597, 593, 611,
            1569, 1568, 1580, 1582, 1569, 1580, 611, 1569, 1582, 1560, 1563, 1583, 1574, 1545, 1578, 611, 1582, 604,
            1581, 1584, 1582, 1579, 1585, 1577, 604, 1582, 1584, 1574, 1578, 1586, 1579, 1587, 1585, 1528, 1588, 1579,
            1587, 1579, 1588, 615, 604, 1584, 1586, 1578, 1560, 1568, 1553, 1557, 1586, 1560, 1583, 1568, 1557, 1580,
            1587, 1589, 1585, 1557, 1581, 1580, 1590, 1574, 1586, 1576, 1021, 1009, 1572, 1581, 1557, 1021, 1576, 1577,
            1591, 1581, 1572, 1592, 1468, 1473, 1031, 1021, 1577, 13, 1572, 282, 1593, 1592, 1473, 1031, 1577, 1589,
            1555, 1344, 1468, 1591, 1584, 1581, 1550, 1344, 1555, 1584, 20, 615, 1594, 1031, 1589, 1592, 1555, 1468,
            1556, 1555, 1592, 1591, 1572, 13, 1577, 1585, 1589, 12, 1591, 13, 12, 1584, 1591, 1594, 1589, 1595,
            1595, 1589, 1587, 20, 1584, 12, 1528, 1531, 1596, 1528, 1596, 1588, 1597, 1588, 1596, 1531, 1562, 1596,
            1556, 1592, 1598, 1598, 1599, 1556, 1598, 1592, 1600, 1587, 1588, 1597, 1472, 1593, 1473, 1596, 1601, 1597,
            1472, 1505, 1593, 1601, 1602, 1597, 1603, 1587, 1597, 1603, 1597, 1602, 1567, 1596, 1562, 1567, 1604, 1596,
            1601, 1596, 1604, 1605, 1606, 1604, 1593, 1505, 1607, 1593, 1607, 1608, 1607, 1505, 1511, 1604, 1606, 1601,
            1602, 1601, 1606, 1602, 1606, 1609, 1595, 1587, 1603, 1037, 1031, 1594, 1608, 1600, 1593, 1600, 1592, 1593,
            1594, 1610, 1037, 1608, 1607, 1611, 1563, 1556, 1599, 1610, 1594, 1595, 1610, 1595, 1612, 1583, 1563, 1599,
            1613, 1614, 1037, 1613, 1037, 1610, 1615, 1599, 1598, 1616, 1615, 1598, 1613, 1610, 1612, 1617, 1613, 1612,
            1618, 1586, 1583, 1618, 1583, 1619, 1617, 1612, 1620, 1619, 1599, 1615, 1619, 1583, 1599, 1609, 1606, 1605,
            1600, 1616, 1598, 1621, 1602, 1609, 1622, 1595, 1603, 1608, 1611, 1600, 1616, 1600, 1611, 1623, 1603, 1602,
            1622, 1603, 1623, 1616, 1624, 1615, 1620, 1622, 1623, 1612, 1595, 1622, 1619, 1615, 1624, 1622, 1620, 1612,
            1625, 1616, 1611, 1624, 1616, 1625, 1623, 1602, 1621, 1625, 1626, 1627, 1627, 1624, 1625, 204, 1054, 196,
            204, 1069, 1054, 1069, 1062, 1054, 1628, 1623, 1621, 1547, 1411, 1629, 1411, 1415, 1629, 1070, 1069, 1100,
            1630, 1547, 1629, 1630, 1551, 1547, 1089, 1100, 1110, 1438, 1629, 1415, 1631, 1629, 1438, 1631, 1630, 1629,
            1110, 1100, 1632, 1110, 1632, 1633, 1069, 1634, 1100, 1069, 1635, 1634, 1100, 1634, 1632, 1630, 1631, 1636,
            1637, 1636, 1631, 1566, 1551, 1630, 1638, 1632, 1634, 1636, 1566, 1630, 1639, 1632, 1638, 1640, 1566, 1636,
            198, 204, 196, 1641, 1567, 1566, 1641, 1566, 1640, 1069, 204, 1635, 1642, 1635, 204, 1640, 1636, 1643,
            1636, 1637, 1643, 210, 1642, 204, 1635, 1642, 1644, 1635, 1644, 1634, 1438, 1645, 1631, 1438, 1439, 1645,
            1642, 210, 1646, 1642, 1646, 1644, 1645, 1637, 1631, 210, 253, 1646, 1647, 1640, 1643, 1640, 1647, 1648,
            1646, 1649, 1644, 1650, 1646, 253, 253, 273, 1650, 757, 1439, 758, 273, 1651, 1650, 1645, 1439, 846,
            1646, 1650, 1649, 846, 1439, 757, 1649, 1650, 1652, 1645, 846, 870, 846, 847, 870, 1649, 1634, 1644,
            1653, 1643, 1637, 1638, 1634, 1649, 1637, 1645, 1653, 1649, 1654, 1638, 1653, 1647, 1643, 1654, 1639, 1638,
            1655, 1654, 1649, 1653, 1656, 1647, 1649, 1652, 1655, 870, 1653, 1645, 1653, 870, 1656, 1654, 1655, 1657,
            871, 1656, 870, 1633, 1148, 1110, 1148, 1633, 1153, 1656, 881, 1647, 881, 1656, 871, 1153, 1633, 1658,
            1153, 1659, 1190, 1567, 1641, 1604, 1604, 1641, 1660, 1604, 1660, 1605, 1633, 1639, 1658, 1639, 1633, 1632,
            1660, 1661, 1605, 1153, 1658, 1659, 1609, 1605, 1661, 1658, 1662, 1659, 1663, 1662, 1658, 1609, 1661, 1664,
            1664, 1621, 1609, 1660, 1641, 1665, 1641, 1640, 1665, 1659, 1662, 1190, 1661, 1660, 1665, 1666, 1661, 1665,
            1662, 1667, 1190, 1665, 1640, 1648, 1667, 1406, 1186, 1666, 1665, 1648, 1190, 1667, 1186, 1648, 1668, 1666,
            1668, 1648, 1669, 1664, 1661, 1666, 1664, 1666, 1668, 1670, 1406, 1667, 1670, 1662, 1663, 1670, 1667, 1662,
            1671, 1664, 1668, 1672, 1670, 1663, 1673, 1674, 1671, 1673, 1671, 1675, 1676, 1658, 1639, 1658, 1676, 1677,
            1658, 1677, 1663, 1621, 1664, 1674, 1678, 1621, 1674, 1676, 1679, 1677, 1674, 1664, 1671, 1647, 1669, 1648,
            1680, 1672, 1663, 1681, 1669, 1647, 1681, 1647, 881, 1676, 1639, 1654, 1669, 1675, 1668, 1675, 1669, 1681,
            1671, 1668, 1675, 1682, 1676, 1654, 1682, 1654, 1657, 1676, 1682, 1679, 1683, 1677, 1679, 1684, 1681, 881,
            1685, 1679, 1682, 1684, 1219, 1681, 1684, 881, 880, 1683, 1663, 1677, 1219, 1684, 880, 1675, 1681, 1219,
            1680, 1663, 1683, 880, 942, 1219, 1218, 1675, 1219, 1683, 1686, 1680, 1685, 1683, 1679, 647, 234, 236,
            1686, 1683, 1685, 251, 234, 656, 656, 234, 647, 1687, 1680, 1686, 1688, 1687, 1686, 1689, 251, 656,
            1650, 1651, 1652, 1690, 1651, 1691, 1690, 1692, 1651, 1693, 656, 655, 1651, 273, 1691, 1693, 1694, 656,
            279, 1691, 273, 1694, 1689, 656, 1694, 1693, 1695, 1691, 279, 1696, 1697, 281, 251, 281, 1697, 288,
            1696, 279, 292, 1697, 251, 1689, 1694, 1697, 1689, 1696, 1698, 1691, 1691, 1698, 1690, 1103, 288, 1697,
            288, 1103, 423, 1652, 1692, 1655, 1692, 1652, 1651, 1697, 1694, 1108, 1699, 1655, 1692, 1697, 1108, 1103,
            1109, 1108, 1694, 1655, 1699, 1657, 1102, 423, 1103, 1700, 1699, 1692, 655, 697, 1693, 1693, 697, 1695,
            1699, 1700, 1701, 1694, 1695, 1109, 1692, 1690, 1700, 1113, 1109, 1695, 1696, 292, 527, 527, 1698, 1696,
            1702, 1695, 697, 1115, 1695, 1702, 527, 526, 547, 1115, 1113, 1695, 1703, 1690, 1698, 1698, 527, 1703,
            1703, 527, 1704, 1704, 527, 547, 423, 425, 287, 1703, 1704, 1705, 423, 436, 425, 1701, 1700, 1706,
            1690, 1703, 1700, 700, 1702, 697, 1700, 1703, 1707, 857, 1702, 700, 1168, 1702, 857, 1707, 1706, 1700,
            1167, 1115, 1702, 1706, 1707, 1708, 1168, 1167, 1702, 1707, 1703, 1705, 1707, 1705, 1709, 1705, 1704, 1709,
            1710, 1168, 857, 1710, 857, 856, 1711, 1168, 1710, 1707, 1709, 1712, 1712, 1708, 1707, 1166, 1168, 1711,
            1713, 1657, 1699, 1713, 1682, 1657, 1685, 1682, 1713, 1714, 1710, 856, 1711, 1710, 1714, 1715, 1711, 1714,
            1716, 1685, 1713, 1714, 856, 890, 1699, 1701, 1713, 1166, 1711, 1717, 1713, 1701, 1718, 1718, 1716, 1713,
            1686, 1685, 1719, 1685, 1716, 1719, 910, 1714, 890, 910, 890, 893, 1720, 1715, 1714, 1688, 1686, 1719,
            1715, 1717, 1711, 1721, 1717, 1715, 1722, 1688, 1719, 1723, 1717, 1724, 1721, 1724, 1717, 1725, 1719, 1716,
            1718, 1725, 1716, 1719, 1725, 1722, 1182, 1166, 1717, 1194, 1182, 1717, 1726, 1722, 1725, 1723, 1194, 1717,
            1727, 1723, 1724, 1728, 1723, 1727, 1729, 1718, 1701, 1701, 1706, 1708, 1701, 1708, 1730, 1730, 1729, 1701,
            1712, 1730, 1708, 1731, 1732, 1729, 1731, 1729, 1730, 1730, 1733, 1731, 1734, 1617, 1620, 1734, 1620, 1735,
            1736, 1725, 1718, 1732, 1736, 1718, 1718, 1729, 1732, 1628, 1620, 1623, 1725, 1736, 1726, 1735, 1620, 1628,
            1737, 1726, 1736, 1735, 1628, 1738, 1735, 1739, 1734, 1732, 1737, 1736, 1739, 1735, 1740, 1738, 1740, 1735,
            1732, 1741, 1742, 1742, 1737, 1732, 1743, 1738, 1678, 1740, 1738, 1743, 1744, 1740, 1743, 1743, 1745, 1744,
            1628, 1621, 1678, 1746, 1405, 1406, 1746, 1406, 1670, 1738, 1628, 1678, 1746, 1407, 1405, 1746, 1747, 1407,
            1747, 1429, 1407, 1678, 1674, 1748, 1672, 1746, 1670, 1749, 1674, 1673, 1672, 1747, 1746, 1678, 1748, 1743,
            1429, 1434, 1425, 1429, 1747, 1750, 1748, 1674, 1749, 1751, 1748, 1749, 1752, 1747, 1672, 1743, 1748, 1753,
            1753, 1748, 1751, 1747, 1752, 1750, 1749, 1673, 1675, 1754, 1429, 1750, 1749, 1675, 1218, 1434, 1442, 1441,
            1429, 1442, 1434, 1754, 1442, 1429, 1442, 1499, 1424, 1754, 1499, 1442, 1749, 1218, 1222, 1755, 1754, 1750,
            1756, 1750, 1752, 1755, 1750, 1756, 1755, 1757, 1754, 1758, 1754, 1757, 1749, 1759, 1751, 1754, 1758, 1499,
            1760, 1499, 1758, 1222, 1759, 1749, 1761, 1752, 1672, 1257, 1759, 1222, 1761, 1672, 1680, 1762, 1761, 1680,
            1752, 1761, 1756, 1763, 1743, 1753, 1745, 1743, 1763, 1761, 1764, 1756, 1687, 1762, 1680, 1753, 1765, 1763,
            1766, 1762, 1687, 1765, 1753, 1767, 1764, 1761, 1762, 1764, 1762, 1766, 1768, 1765, 1767, 1763, 1765, 1769,
            1751, 1759, 1770, 1767, 1751, 1770, 1753, 1751, 1767, 1757, 1755, 1756, 1757, 1756, 1771, 1771, 1756, 1772,
            1756, 1764, 1772, 1770, 1759, 1257, 1293, 1770, 1257, 1757, 1771, 1773, 1757, 1773, 1758, 1771, 1774, 1773,
            1764, 1775, 1772, 1769, 1765, 1768, 1774, 1771, 1772, 1773, 1774, 1776, 1307, 1770, 1293, 1774, 1772, 1775,
            1768, 1767, 1770, 1775, 1776, 1774, 1770, 1307, 1768, 1777, 1776, 1775, 1768, 1307, 1778, 1768, 1779, 1769,
            1514, 1498, 1499, 1778, 1779, 1768, 1499, 1760, 1514, 1778, 1307, 1518, 1780, 1779, 1778, 1758, 1781, 1760,
            1781, 1758, 1773, 1688, 1766, 1687, 1780, 1778, 1518, 1722, 1766, 1688, 1534, 1780, 1518, 1766, 1722, 1782,
            1783, 1766, 1782, 1350, 1352, 949, 1784, 949, 1352, 1722, 1726, 1785, 1784, 950, 949, 1353, 1784, 1352,
            1783, 1782, 1786, 1785, 1782, 1722, 1784, 952, 950, 1785, 1786, 1782, 1787, 952, 1784, 1788, 1787, 1784,
            1787, 955, 952, 1785, 1789, 1786, 1783, 1764, 1766, 1775, 1764, 1783, 1783, 1777, 1775, 1788, 1784, 1353,
            1353, 1361, 1790, 1353, 1790, 1788, 1783, 1791, 1777, 1791, 1792, 1777, 1777, 1793, 1776, 1794, 1788, 1790,
            1793, 1777, 1792, 1783, 1786, 1791, 1788, 1795, 1787, 1795, 955, 1787, 1789, 1791, 1786, 1795, 970, 955,
            1796, 1791, 1797, 1792, 1791, 1796, 1796, 1793, 1792, 1798, 1793, 1796, 1797, 1799, 1796, 1798, 1796, 1799,
            1794, 1800, 1788, 1737, 1785, 1726, 1801, 1785, 1737, 1800, 1795, 1788, 1802, 970, 1795, 1795, 1800, 1802,
            1785, 1801, 1789, 1802, 1800, 1803, 1804, 1797, 1789, 1803, 1800, 1805, 1803, 1806, 1802, 1806, 1807, 1802,
            970, 1802, 1807, 1808, 1737, 1742, 970, 1807, 976, 976, 1807, 1806, 1806, 984, 976, 1737, 1808, 1801,
            1377, 1809, 1376, 1801, 1804, 1789, 1801, 1810, 1804, 1810, 1801, 1808, 1811, 1809, 1812, 1797, 1791, 1789,
            1809, 1377, 1813, 1814, 1813, 1377, 1814, 1377, 1378, 1813, 1814, 1815, 1799, 1797, 1816, 1809, 1813, 1812,
            1815, 1817, 1813, 1817, 1812, 1813, 1818, 1514, 1760, 1790, 1361, 1811, 1511, 1514, 1818, 1811, 1361, 1809,
            1361, 1376, 1809, 1819, 1607, 1511, 1811, 1794, 1790, 1511, 1818, 1819, 1760, 1781, 1818, 1812, 1817, 1820,
            1818, 1821, 1819, 9, 1820, 1817, 1607, 1819, 1611, 1812, 1794, 1811, 1820, 1794, 1812, 1794, 1805, 1800,
            1819, 1822, 1611, 1805, 1794, 1820, 1773, 1823, 1781, 1824, 1823, 1773, 1805, 1820, 9, 1825, 984, 1806,
            1818, 1781, 1823, 1824, 1773, 1776, 1806, 1803, 1825, 1825, 1803, 1826, 1826, 984, 1825, 1824, 1827, 1823,
            1826, 1828, 1829, 1830, 1818, 1823, 1829, 984, 1826, 1829, 1013, 984, 1829, 1831, 1832, 1821, 1818, 1830,
            1829, 1832, 1013, 1833, 1821, 1830, 1013, 1832, 1038, 1834, 1835, 1823, 1834, 1823, 1827, 1830, 1823, 1835,
            1836, 1830, 1835, 8, 1837, 9, 1838, 1835, 1834, 1819, 1821, 1822, 1822, 1821, 1833, 1833, 1839, 1822,
            1833, 1840, 1839, 1841, 8, 40, 1828, 1826, 1805, 1805, 1826, 1803, 1822, 1625, 1611, 1625, 1822, 1842,
            1837, 1805, 9, 1828, 1805, 1837, 1842, 1822, 1839, 1831, 1828, 1843, 1837, 1843, 1828, 1843, 1837, 1841,
            1625, 1844, 1626, 1844, 1625, 1842, 1829, 1828, 1831, 1831, 1843, 1832, 1837, 8, 1841, 1842, 1839, 1845,
            1842, 1845, 1844, 70, 1846, 40, 1836, 1840, 1833, 1833, 1830, 1836, 73, 83, 70, 1841, 1832, 1843,
            1847, 1832, 1848, 1847, 1848, 1849, 1841, 1848, 1832, 1836, 1835, 1838, 1846, 1848, 1841, 1850, 1836, 1838,
            1832, 1851, 1038, 1840, 1836, 1850, 1832, 1847, 1851, 1848, 1846, 1849, 1849, 1846, 193, 193, 197, 1849,
            197, 193, 192, 1845, 1839, 1840, 1845, 1840, 1852, 1849, 197, 1847, 1851, 1847, 197, 1851, 196, 1038,
            1851, 197, 196, 1852, 1840, 1850, 1852, 1850, 1853, 1841, 40, 1846, 1793, 1824, 1776, 70, 193, 1846,
            1793, 1854, 1824, 193, 70, 83, 1854, 1793, 1798, 1444, 1814, 1378, 1814, 1444, 1448, 1448, 1815, 1814,
            1855, 1797, 1804, 1816, 1798, 1799, 1856, 1817, 1815, 1817, 1856, 1857, 1816, 1797, 1858, 1855, 1858, 1797,
            1798, 1816, 1858, 1859, 1858, 1855, 1798, 1858, 1859, 1810, 1860, 1804, 1855, 1804, 1860, 1856, 1815, 1448,
            1861, 1856, 1448, 1856, 1861, 1862, 1860, 1863, 1855, 1855, 1864, 1859, 1855, 1863, 1865, 1864, 1855, 1865,
            1859, 1864, 1866, 10, 9, 1817, 1857, 10, 1817, 1827, 1824, 1854, 1857, 1862, 10, 1854, 1798, 1859,
            1862, 1857, 1856, 1834, 1827, 1854, 107, 56, 1867, 1862, 1867, 10, 10, 1867, 56, 1868, 1448, 1447,
            1859, 1869, 1854, 1868, 1861, 1448, 1458, 1868, 1447, 1834, 1854, 1870, 1870, 1854, 1869, 1871, 1861, 1868,
            1871, 1872, 1861, 1869, 1859, 1866, 1873, 1868, 1458, 1871, 1868, 1873, 1458, 1462, 1873, 1874, 1873, 1462,
            1875, 1871, 1873, 1875, 2, 1871, 1838, 1834, 1870, 1872, 1862, 1861, 1872, 1867, 1862, 107, 1867, 1872,
            1869, 1876, 1870, 1838, 1870, 1876, 1, 3, 107, 1876, 1877, 1838, 2, 1872, 1871, 1877, 1876, 1878,
            1, 1872, 2, 1878, 1876, 1879, 1875, 1880, 2, 1838, 1881, 1850, 1853, 1850, 1881, 1881, 1838, 1877,
            1, 107, 1872, 1878, 1882, 1877, 1866, 1879, 1869, 1876, 1869, 1879, 1864, 1883, 1866, 1879, 1866, 1883,
            1883, 1884, 1879, 1878, 1879, 1884, 1882, 1878, 1885, 1884, 1885, 1878, 1883, 1886, 1884, 1885, 1884, 1886,
            1885, 1886, 1887, 576, 676, 592, 623, 616, 622, 668, 644, 663, 644, 668, 683, 623, 1888, 660,
            661, 660, 1888, 648, 603, 616, 648, 616, 623, 623, 660, 648, 663, 644, 648, 688, 588, 591,
            1889, 1890, 1891, 1892, 1893, 1894, 15, 17, 1895, 1896, 1897, 1898, 1899, 1900, 1889, 1900, 1899, 1901,
            1896, 1902, 1897, 1889, 1900, 1890, 1894, 1903, 1904, 15, 1905, 61, 1889, 1891, 1906, 1906, 1891, 1907,
            1889, 1908, 1899, 1909, 1896, 1898, 1891, 1910, 1911, 1907, 1891, 1911, 1907, 1911, 1912, 1913, 1912, 1911,
            1896, 1909, 1914, 1915, 1895, 1916, 1917, 1892, 1894, 1918, 944, 948, 1919, 1917, 1894, 15, 1895, 1905,
            1913, 1911, 1920, 1915, 1905, 1895, 1913, 1920, 1921, 1913, 1921, 1922, 1912, 1913, 1923, 1906, 1907, 1912,
            1912, 1889, 1906, 1924, 61, 1905, 1925, 1889, 1912, 1925, 1912, 1923, 1925, 1923, 1926, 1918, 948, 1003,
            25, 61, 1924, 1923, 1913, 1922, 1927, 1923, 1922, 1924, 1928, 25, 1923, 1927, 1926, 1929, 1930, 1918,
            1905, 1915, 1931, 1932, 1933, 1934, 1003, 1935, 1918, 1928, 1924, 1905, 1929, 1918, 1935, 1936, 1937, 1919,
            1928, 1905, 1938, 1938, 1905, 1931, 1939, 1936, 1919, 1940, 1928, 1938, 1929, 1935, 1941, 1915, 1916, 1942,
            1943, 1944, 1932, 1894, 1904, 1945, 1931, 1915, 1942, 1943, 1932, 1946, 1919, 1894, 1945, 1947, 1931, 1942,
            1938, 1931, 1948, 1945, 1904, 1949, 1950, 1951, 1149, 1935, 1003, 1024, 1951, 1950, 1952, 1149, 169, 167,
            169, 1149, 1951, 1953, 1931, 1947, 1953, 1954, 1931, 169, 1951, 1955, 1951, 1952, 1956, 17, 146, 1957,
            1958, 1945, 1949, 1951, 1956, 1955, 1957, 1895, 17, 1958, 1959, 1945, 1960, 1929, 1941, 1895, 1957, 1916,
            1957, 1961, 1916, 17, 136, 146, 1961, 1957, 146, 1943, 1956, 1962, 1956, 1943, 1963, 1939, 1919, 1945,
            1964, 1960, 1941, 1965, 1935, 1024, 1966, 1916, 1961, 1967, 1966, 1961, 1968, 1966, 1967, 1966, 1969, 1916,
            1970, 1969, 1966, 1959, 1939, 1945, 1966, 1968, 1970, 1943, 1946, 1963, 1963, 1946, 1971, 1968, 1972, 1970,
            146, 145, 159, 1961, 146, 159, 1941, 1935, 1965, 1964, 1941, 1965, 1973, 1961, 159, 1963, 1971, 1974,
            1909, 1960, 1964, 1967, 1961, 1973, 1967, 1975, 1968, 1956, 1976, 1955, 1977, 1967, 1973, 1976, 1956, 1963,
            1977, 1975, 1967, 1977, 1978, 1975, 1976, 1963, 1974, 1958, 1949, 1979, 159, 1980, 1973, 171, 1980, 159,
            1964, 1914, 1909, 1974, 1893, 1976, 1981, 1973, 1980, 1976, 1982, 1955, 1893, 1982, 1976, 171, 170, 1983,
            1984, 1985, 1979, 171, 1986, 1980, 1983, 1986, 171, 1981, 1977, 1973, 1977, 1981, 1978, 1964, 1965, 1987,
            1988, 1978, 1981, 1979, 1959, 1958, 1986, 1981, 1980, 1986, 1989, 1981, 1981, 1989, 1988, 1974, 1971, 1990,
            1959, 1979, 1991, 1972, 1968, 1975, 1985, 1991, 1979, 1990, 1971, 1992, 1975, 1978, 1972, 1993, 1964, 1987,
            1994, 1995, 1996, 1893, 1974, 1990, 1942, 1916, 1969, 1991, 1985, 1995, 1994, 1997, 1995, 1991, 1995, 1997,
            1959, 1998, 1939, 1036, 1024, 1029, 1942, 1969, 1947, 1999, 1939, 1998, 1903, 1893, 1990, 1903, 1894, 1893,
            1903, 1990, 1992, 1965, 1024, 1036, 1903, 1992, 2000, 2001, 1965, 1036, 1970, 1972, 2002, 1969, 1970, 2003,
            1998, 1959, 1991, 1933, 2004, 1934, 1036, 1037, 1614, 2002, 2003, 1970, 2002, 2005, 2003, 2006, 1934, 2004,
            1934, 2006, 2007, 2003, 1947, 1969, 2001, 1987, 1965, 2008, 1947, 2003, 2009, 1947, 2008, 2007, 2010, 1934,
            2005, 2011, 2003, 2007, 2006, 2012, 2007, 2012, 2013, 2003, 2011, 2008, 2014, 2007, 2013, 2010, 2007, 2014,
            2014, 2013, 2015, 2014, 2015, 2010, 1947, 2009, 2016, 2017, 2016, 2009, 1987, 2001, 2018, 1932, 1934, 2010,
            1953, 1947, 2016, 2001, 1036, 1614, 2010, 2015, 2019, 247, 2020, 250, 1946, 1932, 2010, 1946, 2010, 2019,
            1937, 2021, 247, 1971, 1946, 2019, 2020, 247, 2021, 1978, 2022, 1972, 2023, 2015, 2013, 2002, 1972, 2022,
            2022, 2024, 2002, 2025, 2001, 1614, 2026, 2005, 2002, 2018, 2001, 2025, 2027, 2015, 2023, 2027, 2023, 2028,
            2026, 2002, 2024, 2026, 2011, 2005, 2020, 327, 250, 2026, 2029, 2011, 2023, 1901, 2028, 2026, 2024, 2029,
            2022, 1978, 1988, 2021, 1937, 1936, 2022, 1988, 2030, 2019, 2015, 2027, 2031, 2024, 2022, 2032, 2033, 2034,
            2031, 2022, 2030, 2035, 2027, 2028, 2036, 2031, 2030, 2019, 2027, 2035, 2031, 2037, 2024, 2024, 2037, 2029,
            2034, 2033, 2038, 2037, 2031, 2036, 2030, 2039, 2036, 2040, 2032, 2034, 2020, 2021, 2041, 2042, 2033, 2032,
            2038, 2040, 2034, 2019, 2035, 2043, 2044, 2021, 1936, 2028, 2045, 2035, 2043, 2035, 2045, 2046, 2043, 2045,
            2046, 2047, 2043, 1953, 2016, 2048, 2048, 2016, 2017, 2044, 1936, 1999, 1992, 1971, 2019, 2009, 2008, 2017,
            2019, 2043, 2047, 2011, 2049, 2008, 2041, 2021, 2044, 1992, 2019, 2047, 2008, 2049, 2017, 1902, 2050, 2038,
            2051, 2017, 2052, 2052, 2017, 2049, 2047, 2000, 1992, 2049, 2011, 2029, 1999, 2053, 2044, 2049, 2029, 2054,
            2038, 2055, 2040, 2052, 2049, 2054, 2020, 2041, 327, 2056, 2040, 2057, 2057, 2040, 2055, 2000, 1904, 1903,
            2058, 2040, 2059, 2060, 2029, 2037, 2056, 2059, 2040, 1904, 2000, 1949, 2060, 2037, 2061, 2054, 2029, 2060,
            2056, 2057, 2062, 2063, 2054, 2060, 2061, 2064, 2060, 2063, 2060, 2064, 2055, 2038, 2050, 300, 1983, 170,
            304, 1983, 300, 2044, 2065, 2041, 2050, 2066, 2055, 336, 2041, 2065, 2055, 2062, 2057, 1989, 1986, 1983,
            2062, 2055, 2066, 336, 327, 2041, 1989, 1983, 2067, 2068, 2066, 2050, 2062, 2066, 2068, 304, 2067, 1983,
            1988, 1989, 2069, 2070, 1902, 1896, 1901, 2045, 2028, 2045, 1901, 1899, 1999, 1936, 1939, 310, 304, 303,
            310, 2067, 304, 2046, 2045, 2071, 2050, 1902, 2070, 1899, 2071, 2045, 2071, 1899, 2072, 2073, 2067, 310,
            2073, 2069, 2067, 2069, 1989, 2067, 2072, 2074, 2071, 2070, 1896, 2075, 2076, 2073, 310, 2072, 1899, 1908,
            2053, 1999, 2077, 2075, 1896, 1914, 2069, 2030, 1988, 1908, 1889, 1925, 2078, 2070, 2075, 2079, 1908, 1925,
            2080, 2030, 2069, 2030, 2080, 2039, 2081, 2082, 2083, 2083, 2084, 2081, 2085, 2081, 2084, 2085, 2086, 2081,
            2087, 2050, 2070, 2082, 1925, 1926, 2082, 1926, 2083, 2083, 1926, 1927, 2039, 2061, 2036, 336, 2065, 2088,
            2078, 2087, 2070, 2082, 2089, 1925, 2079, 1925, 2089, 2037, 2036, 2061, 2082, 2081, 2089, 2039, 2080, 2090,
            2065, 2044, 2053, 2061, 2039, 2090, 2072, 2079, 2091, 2068, 2050, 2087, 2092, 2068, 2087, 2091, 2079, 2093,
            2069, 2094, 2080, 2072, 1908, 2079, 2069, 2073, 2094, 2093, 2079, 2089, 2089, 2081, 2086, 2080, 2094, 2095,
            2094, 2096, 2095, 2097, 2089, 2086, 2090, 2080, 2095, 2097, 2093, 2089, 2098, 2078, 2075, 2088, 2065, 2053,
            2071, 2047, 2046, 2099, 2087, 2078, 2099, 2078, 2100, 2047, 2074, 2101, 2100, 2078, 2098, 2047, 2071, 2074,
            2053, 2077, 2102, 2061, 2090, 2095, 2095, 2103, 2061, 2102, 2104, 2105, 2101, 2000, 2047, 2096, 2103, 2095,
            2102, 2088, 2053, 2088, 2102, 2106, 2107, 2061, 2103, 2108, 2074, 2072, 2109, 2074, 2108, 2109, 2101, 2074,
            2110, 2107, 2103, 2056, 2062, 2059, 2000, 2101, 2109, 2076, 310, 330, 2106, 2102, 2105, 357, 2076, 330,
            2111, 2059, 2062, 2000, 2109, 2112, 2113, 2062, 2068, 2113, 2068, 2092, 2112, 2109, 2108, 1998, 2077, 1999,
            2111, 2062, 2113, 1949, 2000, 2112, 1949, 2112, 2114, 2114, 1979, 1949, 2115, 2073, 2076, 2108, 2072, 2091,
            2076, 2116, 2115, 2108, 2091, 2117, 2117, 2091, 2093, 2059, 2111, 2118, 363, 2076, 357, 363, 2116, 2076,
            2119, 1998, 1991, 2120, 2116, 363, 2121, 2118, 2111, 2097, 2122, 2093, 2077, 1998, 2119, 2116, 2123, 2115,
            2117, 2093, 2122, 2112, 2108, 2114, 2114, 2108, 2117, 2077, 2119, 2104, 1979, 2114, 1984, 2116, 2124, 2123,
            2120, 2124, 2116, 1984, 2114, 2117, 2115, 2094, 2073, 1984, 2117, 1985, 2102, 2077, 2104, 2094, 2125, 2096,
            2115, 2125, 2094, 1996, 2117, 2122, 2126, 2111, 2113, 1985, 2117, 1996, 2127, 2121, 2126, 2121, 2111, 2126,
            1996, 1995, 1985, 2096, 2125, 2128, 2128, 2125, 2115, 2128, 2115, 2123, 2128, 2129, 2103, 2128, 2103, 2096,
            460, 336, 2088, 2130, 2131, 2132, 2110, 2103, 2133, 2134, 2087, 2099, 2092, 2087, 2134, 2113, 2092, 2134,
            2135, 2131, 2130, 2136, 2137, 2130, 2123, 2129, 2128, 2138, 2113, 2134, 2137, 2136, 2139, 2123, 2124, 2140,
            2141, 2099, 2100, 2123, 2142, 2129, 2099, 2141, 2134, 2142, 2143, 2129, 2140, 2142, 2123, 2143, 2142, 2132,
            2143, 2103, 2129, 2144, 2100, 2145, 2106, 460, 2088, 2146, 2135, 2130, 2144, 2141, 2100, 2137, 2146, 2130,
            2138, 2134, 2141, 2147, 2131, 2135, 2141, 2144, 2138, 2061, 2148, 2064, 2148, 2061, 2107, 2110, 2149, 2107,
            2106, 469, 460, 2113, 2138, 2126, 446, 363, 440, 2146, 2147, 2135, 2137, 2150, 2146, 363, 446, 2120,
            2127, 2126, 2138, 2138, 2151, 2127, 2124, 2120, 2152, 2138, 2144, 2153, 2154, 2155, 2156, 2157, 2155, 2158,
            2159, 2160, 1994, 2145, 2153, 2144, 446, 443, 454, 1997, 1994, 2160, 2157, 2156, 2155, 2160, 2159, 2161,
            2161, 2162, 2160, 2163, 2154, 2139, 2137, 2139, 2154, 2151, 2138, 2153, 2154, 2163, 2155, 2120, 446, 2152,
            2164, 2162, 2165, 2164, 2165, 2166, 2164, 2166, 2167, 2150, 2137, 2154, 2168, 2152, 446, 2119, 1991, 1997,
            2168, 446, 454, 1993, 1914, 1964, 2152, 2168, 2169, 2170, 2150, 2154, 2098, 1914, 1993, 2168, 2139, 2136,
            2171, 1997, 2160, 2170, 2154, 2156, 2169, 2124, 2152, 1997, 2171, 2119, 2142, 2140, 2132, 2140, 2124, 2172,
            2170, 2156, 2173, 2174, 1993, 1987, 2130, 2132, 2140, 2124, 2169, 2172, 2172, 2130, 2140, 2169, 2130, 2172,
            2171, 2160, 2175, 2176, 2098, 1993, 2160, 2162, 2175, 2176, 1993, 2177, 2169, 2168, 2136, 2164, 2175, 2162,
            2136, 2130, 2169, 2178, 2179, 2150, 2179, 2146, 2150, 2177, 1993, 2174, 2180, 2175, 2164, 2181, 454, 473,
            2176, 2177, 2182, 2171, 2175, 2180, 473, 476, 2181, 2183, 2170, 2173, 2171, 2180, 2184, 454, 2181, 2185,
            2181, 2158, 2185, 2186, 2182, 2177, 2183, 2150, 2170, 2185, 2168, 454, 2139, 2168, 2185, 2167, 2187, 2188,
            2189, 2167, 2188, 2163, 2139, 2185, 2146, 2190, 2147, 2075, 1914, 2098, 2190, 2146, 2179, 2155, 2185, 2158,
            2163, 2185, 2155, 493, 2181, 476, 2167, 2191, 2164, 2191, 2167, 2189, 2181, 493, 2158, 497, 2158, 493,
            2184, 2180, 2192, 2193, 2158, 497, 2180, 2164, 2191, 2191, 2192, 2180, 2178, 2150, 2183, 2178, 2183, 2194,
            2100, 2098, 2176, 2194, 2195, 2178, 555, 2193, 497, 2196, 2100, 2176, 2178, 2197, 2179, 2178, 2195, 2197,
            2198, 2195, 2194, 2199, 2191, 2189, 614, 25, 1928, 609, 614, 625, 2174, 1987, 2018, 2195, 2198, 2200,
            2201, 614, 1928, 625, 614, 2201, 1921, 2131, 2147, 2186, 2177, 2174, 1922, 1921, 2147, 2201, 1928, 2202,
            2203, 2174, 2018, 1922, 2147, 2190, 2204, 1922, 2190, 2197, 2190, 2179, 2205, 625, 2201, 2104, 2119, 2171,
            2206, 2201, 2202, 2205, 2201, 2207, 2206, 2207, 2201, 2208, 625, 2205, 2104, 2171, 2209, 2210, 625, 2208,
            1927, 1922, 2204, 1927, 2204, 2211, 2203, 2186, 2174, 2211, 2204, 2212, 2206, 2202, 2213, 2206, 2213, 2214,
            2197, 2204, 2190, 2206, 2214, 2207, 2214, 2215, 2207, 2215, 2214, 2213, 2216, 2184, 2217, 2184, 2216, 2209,
            2209, 2171, 2184, 2025, 2218, 2018, 2197, 2195, 2200, 1948, 1940, 1938, 1954, 1940, 1948, 1928, 1940, 2202,
            2218, 2203, 2018, 2202, 1940, 1954, 555, 2219, 2193, 2193, 2157, 2158, 2193, 2220, 2157, 2157, 2220, 2156,
            2202, 1954, 2221, 2186, 2203, 2222, 2222, 2203, 2218, 2221, 1954, 2223, 2193, 2224, 2220, 2220, 2224, 2156,
            2105, 2104, 2209, 2224, 2193, 2219, 2225, 2223, 1954, 1954, 1948, 1931, 2156, 2226, 2173, 2226, 2156, 2224,
            555, 563, 2219, 1954, 1953, 2227, 2227, 2228, 1954, 2229, 2230, 2231, 2209, 2232, 2105, 2219, 563, 2233,
            2232, 2209, 2216, 2234, 2229, 2231, 2235, 2229, 2234, 2228, 2225, 1954, 2233, 2236, 2219, 2145, 2100, 2196,
            2213, 2202, 2221, 2219, 2236, 2224, 2237, 2213, 2221, 2226, 2224, 2236, 2237, 2238, 2213, 2223, 2237, 2221,
            2217, 2239, 2216, 2240, 2236, 2233, 2240, 2233, 2241, 2213, 2238, 2215, 2240, 2226, 2236, 2242, 2145, 2196,
            2238, 2237, 2223, 2239, 2217, 2243, 2244, 2223, 2225, 2196, 2230, 2242, 2245, 2226, 2240, 2196, 2176, 2182,
            2246, 2184, 2192, 2246, 2192, 2191, 2238, 2247, 2248, 2246, 2191, 2199, 2217, 2184, 2246, 2238, 2223, 2244,
            2246, 2249, 2217, 2247, 2238, 2244, 2244, 2225, 2228, 2230, 2196, 2182, 2249, 2243, 2217, 661, 1888, 662,
            662, 2250, 2210, 2153, 2145, 2242, 659, 662, 2251, 2242, 2252, 2153, 2251, 662, 2210, 2226, 2253, 2173,
            2251, 2210, 2254, 2253, 2183, 2173, 2252, 2242, 2255, 2255, 2242, 2230, 2250, 625, 2210, 2249, 2246, 2199,
            2253, 2226, 2256, 2257, 2251, 2254, 2205, 2207, 2208, 2199, 2258, 2249, 2259, 2210, 2208, 2256, 2226, 2245,
            2259, 2208, 2207, 2210, 2260, 2254, 2260, 2210, 2259, 2261, 2256, 2245, 2262, 2249, 2258, 2243, 2249, 2262,
            563, 1527, 2233, 2263, 2260, 2259, 2232, 2216, 2239, 2251, 671, 659, 671, 2251, 2257, 2229, 2255, 2230,
            2241, 2233, 2264, 2241, 2264, 2265, 2252, 2255, 2229, 2266, 2257, 2254, 1529, 2233, 1527, 1529, 2264, 2233,
            669, 671, 2267, 2267, 671, 2257, 2257, 2268, 2267, 2182, 2186, 2269, 2268, 2257, 2266, 2239, 2243, 2270,
            2240, 2241, 2265, 2266, 2254, 2260, 1536, 1529, 691, 2266, 2260, 2263, 2271, 2269, 2186, 2272, 2232, 2239,
            2273, 2268, 2266, 2245, 2240, 2265, 2273, 2266, 2263, 2263, 2274, 2273, 2265, 2264, 2275, 2270, 2243, 2262,
            2271, 2186, 2222, 2207, 2215, 2259, 2276, 2245, 2265, 2277, 2262, 2278, 2263, 2259, 2279, 2276, 2265, 2275,
            2272, 2239, 2270, 2259, 2280, 2279, 2280, 2259, 2215, 2275, 2264, 1529, 2280, 2215, 2281, 2275, 1529, 1536,
            2282, 1536, 692, 2270, 2277, 2283, 2263, 2279, 2280, 2222, 2284, 2271, 2270, 2262, 2277, 2274, 2263, 2280,
            2230, 2182, 2231, 2275, 1536, 2282, 2231, 2182, 2269, 2282, 2285, 2275, 1994, 1996, 2159, 2231, 2269, 2271,
            2238, 2281, 2215, 2281, 2238, 2248, 2286, 2253, 2287, 2287, 2253, 2256, 2167, 2162, 2288, 2165, 2162, 2166,
            2166, 2162, 2167, 2289, 2281, 2248, 2286, 2183, 2253, 2194, 2183, 2286, 2289, 2248, 2247, 2284, 2290, 2271,
            2291, 2231, 2271, 2167, 2288, 2292, 2274, 2280, 2281, 2291, 2293, 2231, 2292, 2294, 2167, 2287, 2256, 2261,
            2291, 2271, 2290, 2294, 2292, 2295, 2295, 2296, 2294, 2291, 2290, 2297, 2274, 2281, 2298, 2296, 2187, 2294,
            2289, 2298, 2281, 2167, 2294, 2187, 2299, 2300, 2301, 2261, 2302, 2287, 2303, 2274, 2298, 2194, 2286, 2198,
            2296, 2304, 2187, 2305, 2306, 2301, 2301, 2300, 2305, 2307, 2304, 2296, 2308, 2286, 2287, 2304, 2307, 2309,
            2308, 2198, 2286, 2188, 2187, 2304, 2304, 2189, 2188, 2200, 2198, 2310, 2311, 2304, 2309, 2227, 1953, 2312,
            2304, 2311, 2189, 2310, 2198, 2308, 2228, 2227, 2312, 2313, 2314, 2300, 2314, 2305, 2300, 2244, 2315, 2247,
            2300, 2316, 2313, 2316, 2300, 2317, 2244, 2228, 2318, 2308, 2287, 2302, 2311, 2309, 2319, 2318, 2228, 2312,
            2319, 2320, 2321, 2300, 2299, 2322, 2315, 2244, 2318, 2323, 2321, 2324, 2321, 2323, 2319, 2325, 2308, 2302,
            2322, 2326, 2317, 2317, 2300, 2322, 2327, 2315, 2318, 2247, 2315, 2327, 2328, 2319, 2323, 2329, 2276, 2275,
            2330, 2326, 2322, 2199, 2189, 2311, 2331, 2318, 2332, 2289, 2247, 2327, 2333, 2289, 2327, 2301, 2334, 2121,
            2298, 2289, 2333, 2329, 2275, 2285, 2318, 2335, 2327, 2335, 2333, 2327, 2261, 2245, 2276, 2299, 2301, 2121,
            2333, 2335, 2336, 2298, 2333, 2004, 2004, 2333, 2336, 2337, 2311, 2319, 2004, 2336, 2338, 2339, 2261, 2276,
            2319, 2328, 2337, 2004, 1933, 2298, 2199, 2311, 2337, 2299, 2121, 2127, 2340, 2199, 2337, 2302, 2261, 2339,
            669, 2267, 707, 2267, 2268, 2341, 2339, 2276, 2329, 707, 2341, 2342, 707, 2342, 704, 2343, 2302, 2339,
            2341, 707, 2267, 2342, 2341, 2344, 2273, 2341, 2268, 2345, 2346, 2347, 2127, 2322, 2299, 2323, 2324, 2347,
            2347, 2348, 2323, 2328, 2323, 2348, 2328, 2348, 2349, 2350, 2329, 2351, 2349, 2348, 2346, 2273, 2274, 2352,
            2346, 2348, 2347, 2339, 2329, 2350, 2349, 2346, 2353, 2354, 2322, 2151, 2341, 2273, 2352, 2042, 2349, 2353,
            2083, 1927, 2211, 2042, 2353, 2033, 2355, 2083, 2211, 2355, 2211, 2212, 704, 2342, 2344, 2349, 2042, 2328,
            2084, 2083, 2355, 2355, 2212, 2084, 2330, 2322, 2354, 740, 704, 2344, 2212, 2204, 2356, 2357, 2204, 2197,
            2356, 2204, 2357, 2151, 2358, 2354, 2212, 2356, 2359, 740, 2344, 2360, 2341, 2352, 2344, 2361, 2344, 2352,
            2362, 2356, 2357, 2363, 2337, 2328, 2086, 2085, 2364, 2212, 2364, 2084, 2084, 2364, 2085, 2364, 2212, 2359,
            2086, 2365, 2097, 2360, 2344, 2361, 2365, 2086, 2364, 2354, 2358, 2366, 2042, 2058, 2328, 2364, 2359, 2356,
            2032, 2040, 2042, 2367, 2364, 2356, 2367, 2356, 2362, 2058, 2042, 2040, 2360, 2361, 1962, 2363, 2328, 2058,
            2365, 2364, 2367, 2127, 2151, 2322, 2352, 2274, 2303, 2368, 2197, 2200, 2197, 2368, 2357, 2369, 2357, 2368,
            2362, 2357, 2369, 2258, 2199, 2340, 1944, 2352, 2303, 2153, 2358, 2151, 2278, 2258, 2340, 2262, 2258, 2278,
            2370, 2368, 2200, 2278, 2340, 2371, 1933, 2303, 2298, 2367, 2362, 2369, 2372, 2369, 2373, 2303, 1933, 1944,
            2374, 2367, 2369, 2374, 2369, 2372, 2372, 2373, 2375, 2369, 2368, 2376, 2370, 2376, 2368, 2340, 2337, 2363,
            2377, 2378, 2313, 2373, 2369, 2376, 2363, 2379, 2340, 2380, 2376, 2370, 2375, 2373, 2376, 2352, 1944, 2361,
            2381, 2376, 2380, 2378, 2314, 2313, 2122, 2097, 2365, 1962, 2361, 1944, 2277, 2278, 2371, 2371, 2382, 2277,
            1943, 1962, 1944, 2367, 2374, 2365, 2382, 2371, 2383, 2283, 2277, 2382, 1944, 1933, 1932, 2288, 2365, 2374,
            2317, 2384, 2316, 2385, 2382, 2386, 737, 740, 754, 2386, 2382, 2383, 2384, 2317, 2326, 2326, 2387, 2384,
            740, 2360, 754, 754, 2360, 2388, 2365, 2389, 2122, 2390, 2391, 2326, 2330, 2390, 2326, 2371, 2340, 2379,
            2316, 2384, 2313, 2379, 2383, 2371, 2383, 2379, 2392, 2387, 2326, 2391, 754, 2388, 761, 1996, 2122, 2389,
            2392, 2393, 2383, 1996, 2389, 2159, 2388, 2360, 1952, 2388, 1950, 761, 2365, 2288, 2389, 1063, 2378, 2377,
            1952, 1950, 2388, 2383, 2393, 2386, 2389, 2161, 2159, 2386, 2393, 2385, 2389, 2288, 2162, 2161, 2389, 2162,
            2313, 2384, 2377, 2385, 2393, 2394, 1952, 2360, 1962, 2394, 2393, 2392, 2372, 2375, 2374, 2375, 2395, 2374,
            1962, 1956, 1952, 2395, 2396, 2374, 2374, 2396, 2288, 2377, 2384, 2387, 761, 1149, 162, 1149, 761, 1950,
            2395, 2375, 2376, 2395, 2376, 2381, 2396, 2395, 2397, 2397, 2395, 2381, 2381, 2398, 2397, 2363, 2399, 2379,
            2399, 2392, 2379, 2312, 1953, 2048, 2387, 2400, 2377, 2051, 2312, 2048, 2017, 2051, 2048, 2396, 2292, 2288,
            2400, 2387, 2401, 2292, 2396, 2295, 2397, 2402, 2396, 2363, 2058, 2399, 2295, 2396, 2402, 2312, 2051, 2403,
            2404, 2401, 2391, 2402, 2397, 2398, 2296, 2295, 2402, 2402, 2307, 2296, 2390, 2330, 2354, 2391, 2390, 2404,
            2399, 2058, 2118, 2370, 2200, 2310, 2403, 2051, 2405, 2354, 2406, 2390, 2118, 2058, 2059, 2051, 2052, 2405,
            2380, 2310, 2407, 2318, 2312, 2332, 2332, 2312, 2403, 2401, 2390, 2406, 2390, 2401, 2404, 2407, 2308, 2325,
            2310, 2308, 2407, 2408, 2392, 2399, 2409, 2410, 2411, 2392, 2412, 2394, 2392, 2408, 2412, 2406, 2354, 2411,
            2413, 2407, 2325, 2414, 2407, 2413, 2403, 2405, 2332, 2411, 2354, 2366, 2331, 2332, 2405, 2414, 2380, 2407,
            2331, 2405, 2415, 2415, 2405, 2416, 2406, 2410, 2401, 2410, 2406, 2411, 2417, 2052, 2054, 2408, 2399, 2118,
            2052, 2417, 2405, 2391, 2401, 2387, 2325, 2302, 2343, 2334, 2408, 2118, 2063, 2417, 2054, 2118, 2121, 2334,
            2417, 2063, 2418, 2418, 2063, 2064, 2418, 2064, 2148, 2413, 2325, 2343, 2148, 2419, 2418, 2420, 2417, 2418,
            2401, 2421, 2400, 2350, 2343, 2339, 2343, 2350, 2422, 2416, 2405, 2417, 2416, 2417, 2420, 2410, 2409, 2401,
            2319, 2309, 2320, 2422, 2350, 2423, 2424, 2401, 2409, 2425, 2409, 2411, 2426, 2413, 2343, 2420, 2427, 2416,
            2426, 2343, 2422, 2413, 2426, 2414, 2428, 2414, 2426, 2401, 2424, 2421, 2427, 2420, 2429, 2335, 2318, 2331,
            2430, 469, 2106, 2409, 2425, 2424, 469, 2430, 991, 2426, 2422, 2431, 2336, 2335, 2331, 2432, 2426, 2431,
            2331, 2433, 2434, 2428, 2435, 2414, 2415, 2433, 2331, 2105, 2430, 2106, 2235, 2252, 2229, 2430, 2105, 2436,
            2437, 2324, 2321, 2438, 2252, 2235, 2434, 2336, 2331, 2338, 2336, 2434, 2438, 2235, 2439, 2440, 2338, 2434,
            2441, 2428, 2426, 2432, 2441, 2426, 2439, 2235, 2442, 2440, 2434, 2012, 2441, 2437, 2428, 2004, 2338, 2440,
            2004, 2440, 2006, 2358, 2438, 2366, 2436, 2105, 2232, 2006, 2440, 2012, 2443, 2432, 2431, 2434, 2433, 2012,
            2438, 2439, 2366, 2444, 2012, 2433, 2013, 2012, 2444, 2445, 2366, 2439, 2324, 2437, 2441, 2324, 2441, 2347,
            2347, 2441, 2345, 2441, 2432, 2345, 2416, 2446, 2415, 2446, 2416, 2427, 2447, 2446, 2427, 2433, 2415, 2446,
            2345, 2432, 2448, 2449, 2446, 2447, 2346, 2345, 2353, 2353, 2345, 2448, 2033, 2353, 2448, 992, 986, 991,
            2450, 992, 991, 2310, 2380, 2370, 2447, 2427, 2451, 2358, 2153, 2252, 2438, 2358, 2252, 2013, 2444, 2023,
            2446, 2444, 2433, 2444, 2446, 2449, 2023, 2444, 2449, 2430, 2450, 991, 2381, 2380, 2414, 2452, 2450, 2430,
            2234, 2442, 2235, 2449, 2447, 1900, 2231, 2453, 2234, 2023, 2449, 1901, 2381, 2454, 2398, 1901, 2449, 1900,
            2454, 2381, 2435, 2453, 2442, 2234, 2381, 2414, 2435, 2103, 2143, 2133, 2428, 2437, 2435, 2453, 2455, 2442,
            1010, 992, 2450, 2402, 2398, 2454, 2435, 2456, 2454, 2453, 2231, 2293, 2402, 2454, 2456, 2133, 2143, 2132,
            2291, 2457, 2293, 2452, 2430, 2436, 2293, 2457, 2453, 2309, 2402, 2456, 2457, 2291, 2455, 2307, 2402, 2309,
            2309, 2456, 2320, 2455, 2291, 2297, 2320, 2456, 2435, 2320, 2435, 2437, 2132, 2458, 2133, 2232, 2272, 2436,
            2455, 2453, 2457, 2458, 2132, 2131, 2437, 2321, 2320, 2419, 2148, 2107, 2452, 2436, 2272, 2459, 2419, 2107,
            169, 184, 168, 168, 184, 177, 2107, 2460, 2459, 2452, 2272, 2461, 2419, 2429, 2418, 2420, 2418, 2429,
            2429, 2419, 2462, 2455, 2463, 2442, 2419, 2459, 2464, 2464, 2459, 2460, 2462, 2419, 2464, 2460, 2107, 2149,
            2270, 2461, 2272, 2439, 2442, 2463, 2465, 184, 169, 2460, 2149, 2110, 169, 1955, 1982, 2460, 2110, 2466,
            2465, 169, 1982, 2270, 2283, 2461, 2464, 2467, 2462, 2462, 2451, 2429, 2427, 2429, 2451, 2468, 2462, 2467,
            2451, 2462, 2468, 2469, 2451, 2468, 2469, 2468, 2467, 2470, 2463, 2455, 2464, 2460, 2471, 2467, 2464, 2471,
            2472, 1010, 2450, 2471, 2460, 2466, 2452, 2472, 2450, 1910, 2471, 2466, 2471, 1910, 2467, 2473, 2467, 1910,
            2469, 2467, 2473, 2461, 2472, 2452, 1982, 1892, 2465, 2466, 2110, 2474, 2474, 2110, 2133, 1892, 1917, 2465,
            2411, 2366, 2445, 183, 184, 2475, 2474, 2133, 2458, 211, 183, 2475, 2475, 184, 2465, 211, 2475, 212,
            2474, 1910, 2466, 1911, 1910, 1920, 1920, 1910, 2474, 2476, 2445, 2439, 2472, 2461, 2477, 1917, 2475, 2465,
            2458, 1920, 2474, 2476, 2411, 2445, 1920, 2458, 1921, 2475, 247, 212, 2131, 1921, 2458, 2425, 2411, 2478,
            2447, 2451, 2469, 2479, 2411, 2476, 1900, 2447, 2469, 2478, 2411, 2479, 1890, 2469, 2473, 1917, 247, 2475,
            1890, 2473, 1910, 1890, 1910, 1891, 2424, 2425, 2478, 1937, 247, 1917, 2480, 2481, 2478, 2481, 2480, 2482,
            1919, 1937, 1917, 1900, 2469, 1890, 2480, 2478, 2479, 1893, 1892, 1982, 1027, 1010, 2472, 2482, 2480, 2483,
            2479, 2476, 2483, 1027, 2472, 2477, 2480, 2479, 2483, 2476, 2439, 2463, 1027, 1034, 1022, 2463, 2484, 2476,
            2485, 2476, 2484, 2477, 2283, 2486, 2484, 2463, 2470, 2283, 2477, 2461, 2483, 2476, 2485, 2487, 2477, 2486,
            2485, 2488, 2483, 2489, 2483, 2488, 2487, 2486, 2490, 2490, 2486, 2491, 2484, 2492, 2485, 2485, 2492, 2488,
            2493, 2487, 2490, 2494, 2492, 2495, 2025, 1614, 1613, 2496, 2025, 1613, 2283, 2382, 2385, 2385, 2486, 2283,
            1617, 2496, 1613, 2491, 2385, 2394, 2218, 2025, 2496, 2491, 2394, 2412, 2486, 2385, 2491, 1734, 2496, 1617,
            2497, 2498, 2499, 2306, 2497, 2499, 2490, 2491, 2497, 2500, 2218, 2496, 2501, 2490, 2502, 2490, 2497, 2502,
            2222, 2218, 2500, 2502, 2497, 2306, 2500, 2496, 1734, 2314, 2306, 2305, 2306, 2314, 2502, 2314, 2378, 2502,
            2503, 2500, 1734, 2503, 1734, 1739, 2491, 2412, 2497, 2497, 2412, 2504, 2408, 2504, 2412, 2408, 2505, 2504,
            2497, 2504, 2505, 2497, 2505, 2498, 2505, 2408, 2334, 2498, 2505, 2334, 2334, 2499, 2498, 2499, 2334, 2301,
            2306, 2499, 2301, 2506, 2222, 2500, 1027, 2477, 2507, 2506, 2284, 2222, 2507, 2477, 2487, 2506, 2500, 2503,
            1034, 1027, 2507, 1044, 1034, 2507, 2508, 2506, 2503, 2509, 2510, 2503, 2507, 2487, 2493, 2501, 2493, 2490,
            2290, 2284, 2506, 1044, 2507, 2493, 2290, 2511, 2297, 2508, 2503, 2510, 2493, 2501, 2512, 1044, 2493, 2512,
            2503, 1739, 2509, 1744, 1739, 1740, 2509, 1739, 1744, 2512, 2501, 2378, 1063, 2512, 2378, 2510, 2509, 1744,
            2378, 2501, 2502, 2512, 1058, 1044, 1058, 2512, 1063, 1744, 1745, 2510, 2510, 1745, 2513, 2377, 1067, 1063,
            2514, 2513, 1745, 2515, 2510, 2513, 692, 2516, 2282, 694, 2516, 692, 2515, 2513, 2514, 2285, 2282, 2516,
            2516, 712, 2517, 2514, 1745, 1763, 694, 712, 2516, 712, 717, 2517, 2285, 2516, 2517, 2518, 2511, 2290,
            2455, 2297, 2511, 2518, 2290, 2506, 2511, 2519, 2455, 2520, 2285, 2517, 2519, 2511, 2518, 2285, 2351, 2329,
            2521, 2519, 2518, 2518, 2506, 2508, 2351, 2285, 2520, 2518, 2508, 2522, 2523, 2518, 2522, 2517, 717, 763,
            2470, 2455, 2519, 2470, 2519, 2521, 2521, 2524, 2470, 2518, 2525, 2521, 2524, 2521, 2525, 2520, 2517, 763,
            2518, 2523, 2525, 2523, 2526, 2525, 2524, 2525, 2526, 2526, 2527, 2524, 2528, 2351, 2520, 2522, 2508, 2510,
            2522, 2510, 2515, 2528, 2520, 2529, 2515, 2514, 2530, 2531, 2528, 2529, 2532, 2515, 2530, 2350, 2351, 2423,
            2522, 2515, 2532, 2532, 2533, 2522, 2533, 2534, 2526, 2526, 2523, 2522, 2522, 2533, 2526, 2527, 2526, 2534,
            2520, 763, 2529, 2532, 2535, 2533, 2529, 763, 767, 2536, 2529, 767, 2534, 2533, 2535, 2536, 767, 784,
            2535, 2532, 2530, 2484, 2537, 2492, 2537, 2484, 2470, 2537, 2470, 2524, 2537, 2524, 2527, 2536, 784, 944,
            2531, 2351, 2528, 2495, 2492, 2537, 2527, 2538, 2537, 2537, 2538, 2495, 2423, 2351, 2531, 2527, 2539, 2538,
            2540, 2423, 2531, 2534, 2539, 2527, 2540, 2531, 2541, 2422, 2423, 2540, 2422, 2540, 2431, 2535, 2542, 2534,
            2543, 2534, 2542, 2443, 2431, 2540, 2544, 2540, 2541, 2539, 2534, 2543, 2531, 2529, 2545, 2536, 2545, 2529,
            2546, 2539, 2543, 2547, 2546, 2543, 2541, 2531, 2545, 2548, 2541, 2545, 2530, 2514, 1769, 1763, 1769, 2514,
            2536, 944, 1918, 1930, 2536, 1918, 2545, 2536, 1930, 2549, 2530, 1769, 2544, 2541, 2548, 2550, 2530, 2549,
            2548, 2545, 1930, 2535, 2530, 2550, 1769, 2551, 2549, 2552, 2549, 2551, 2548, 1930, 1929, 2551, 1769, 1779,
            1898, 2548, 1929, 2551, 1779, 1780, 1898, 2544, 2548, 2553, 2443, 2554, 2555, 2551, 1780, 2448, 2432, 2443,
            2448, 2443, 2553, 2555, 1780, 1534, 2542, 2535, 2550, 2550, 2556, 2542, 2443, 2540, 2554, 2557, 2550, 2549,
            2554, 2540, 2544, 2556, 2550, 2557, 2543, 2542, 2556, 2556, 2558, 2543, 2558, 2556, 2557, 2557, 2549, 2559,
            2559, 2549, 2552, 2558, 2557, 2559, 2552, 2560, 2559, 2448, 2553, 2038, 2558, 2547, 2543, 2038, 2033, 2448,
            2554, 2038, 2553, 2558, 2561, 2547, 1902, 2554, 1897, 2038, 2554, 1902, 2558, 2559, 2560, 2562, 2558, 2560,
            2562, 2560, 2563, 2561, 2558, 2562, 2555, 2552, 2551, 2552, 2555, 2564, 1960, 1898, 1929, 2552, 2563, 2560,
            2552, 2564, 2563, 1909, 1898, 1960, 2555, 1565, 2564, 1565, 2555, 1534, 2564, 2565, 2566, 2565, 2564, 1565,
            2562, 2563, 2567, 1898, 1897, 2544, 2564, 2567, 2563, 2564, 2566, 2567, 2554, 2544, 1897, 2562, 2567, 2566,
            2566, 2568, 2562, 2566, 2569, 2568, 2569, 2566, 2565, 2569, 2565, 2570, 2571, 2569, 2570, 2570, 2565, 1565,
            2570, 2572, 2571, 2570, 1565, 1570, 1570, 2572, 2570, 1888, 623, 2250, 623, 625, 2250, 2250, 662, 1888,
            2573, 2574, 2575, 2576, 2577, 2578, 2574, 2579, 2580, 2581, 2582, 2583, 536, 533, 2584, 2585, 2582, 2581,
            2586, 2574, 2573, 2587, 2578, 2588, 2580, 2579, 2589, 2579, 2590, 2589, 546, 536, 2584, 2591, 546, 2584,
            2578, 2587, 2576, 546, 2591, 2592, 2593, 2594, 2595, 2596, 2597, 2590, 2579, 2596, 2590, 2598, 2576, 2587,
            2576, 2599, 2577, 2600, 2592, 2591, 2601, 2585, 2593, 2584, 533, 566, 2593, 2595, 2601, 2579, 2602, 2596,
            2599, 2576, 2603, 2574, 2604, 2579, 2584, 566, 2605, 2579, 2604, 2602, 2586, 2604, 2574, 566, 567, 2606,
            2576, 2607, 2603, 2601, 2595, 2608, 2609, 2591, 2605, 2610, 2609, 2605, 2601, 2582, 2585, 2610, 2600, 2609,
            2606, 2605, 566, 2582, 2601, 2611, 2612, 2613, 2614, 2605, 2606, 2610, 2615, 1808, 2616, 2617, 2611, 2601,
            2618, 2614, 2613, 2601, 2608, 2617, 2605, 2591, 2584, 2614, 2598, 2587, 2609, 2600, 2591, 2619, 2598, 2614,
            1808, 2615, 1810, 2600, 2620, 2592, 1810, 2615, 2621, 2592, 2620, 2622, 2600, 2623, 2620, 2615, 2616, 2624,
            2610, 2623, 2600, 2608, 2625, 2626, 2627, 2623, 2628, 2623, 2610, 2629, 2629, 2628, 2623, 2621, 1860, 1810,
            2614, 2618, 2619, 2611, 2617, 2630, 2626, 2617, 2608, 2627, 2631, 2620, 2619, 2618, 2632, 2617, 2626, 2633,
            2634, 2615, 2624, 2620, 2623, 2627, 2634, 2621, 2615, 2635, 2636, 2628, 2637, 2638, 2639, 2629, 2635, 2628,
            2640, 2621, 2634, 2619, 2632, 2641, 2639, 2638, 2642, 2627, 2636, 2631, 2638, 2637, 2643, 2644, 2645, 2636,
            2627, 2628, 2636, 2641, 2632, 2646, 2636, 2635, 2644, 2647, 1865, 1860, 2647, 1860, 2621, 2576, 2598, 2607,
            2598, 2648, 2607, 2649, 2650, 2642, 2607, 2651, 2603, 1863, 1860, 1865, 2649, 2642, 2638, 567, 630, 2652,
            2653, 2649, 2638, 2654, 1865, 2647, 2651, 2607, 2648, 2652, 2606, 567, 1865, 2654, 2655, 1864, 1865, 2655,
            2640, 2647, 2621, 2652, 2656, 2606, 2648, 2657, 2651, 2656, 2652, 2658, 2659, 2643, 2660, 2661, 2651, 2657,
            2647, 2662, 2654, 2652, 630, 2663, 2664, 2662, 2647, 2659, 2653, 2643, 2643, 2653, 2638, 2655, 2654, 2662,
            630, 635, 2663, 2665, 2662, 2664, 2598, 2619, 2641, 2666, 2658, 2652, 2663, 2666, 2652, 2667, 2658, 2666,
            2655, 2662, 2665, 2665, 2668, 2655, 2598, 2641, 2648, 2648, 2641, 2669, 2656, 2610, 2606, 2650, 2649, 2670,
            2658, 2671, 2656, 2672, 2624, 2673, 2672, 2634, 2624, 2669, 2641, 2646, 2657, 2648, 2669, 2640, 2634, 2672,
            2674, 2640, 2672, 2675, 2671, 2658, 2658, 2667, 2675, 2675, 2676, 2671, 2677, 2678, 2670, 2679, 2674, 2672,
            2680, 2640, 2674, 2681, 2682, 2683, 2679, 2672, 2684, 2685, 2676, 2675, 2670, 2686, 2677, 2610, 2656, 2671,
            2684, 2687, 2679, 2688, 2683, 2689, 2671, 2629, 2610, 2688, 2690, 2683, 2691, 2670, 2649, 2692, 2690, 2688,
            2691, 2649, 2653, 2693, 2691, 2653, 2694, 2695, 2577, 2679, 2696, 2674, 2697, 2635, 2629, 2691, 2686, 2670,
            2664, 2647, 2640, 2680, 2664, 2640, 2697, 2629, 2671, 2676, 2697, 2671, 2599, 2694, 2577, 2698, 2694, 2599,
            2699, 2686, 2691, 2700, 2680, 2674, 2635, 2701, 2644, 2682, 2681, 2694, 2702, 2659, 2660, 2696, 2700, 2674,
            2698, 2682, 2694, 2644, 2701, 2703, 2703, 2704, 2644, 2664, 2705, 2665, 2664, 2680, 2705, 2706, 2644, 2704,
            2705, 2668, 2665, 2705, 2707, 2668, 2680, 2707, 2705, 2603, 2698, 2599, 2707, 2708, 2668, 2709, 2676, 2685,
            2698, 2603, 2710, 2659, 2693, 2653, 2707, 2680, 2700, 2700, 2711, 2707, 2635, 2697, 2701, 2702, 2712, 2659,
            2712, 2693, 2659, 2713, 2711, 2700, 2703, 2701, 2714, 2701, 2697, 2714, 2711, 2708, 2707, 2715, 2702, 2716,
            2698, 2717, 2682, 2708, 2711, 2713, 2709, 2714, 2697, 2702, 2715, 2718, 2710, 2717, 2698, 2702, 2718, 2712,
            2682, 2689, 2683, 2719, 1864, 2655, 2714, 2720, 2721, 2722, 2655, 2668, 2668, 2723, 2722, 2703, 2714, 2721,
            2703, 2721, 2704, 1883, 1864, 2719, 2724, 2712, 2718, 2725, 2704, 2721, 2725, 2721, 2720, 2709, 2697, 2676,
            2691, 2693, 2726, 2717, 2689, 2682, 2727, 1883, 2719, 2714, 2709, 2720, 2728, 2720, 2709, 1886, 1883, 2727,
            2655, 2722, 2719, 2727, 2719, 2722, 2709, 2729, 2728, 2717, 2688, 2689, 2725, 2720, 2730, 2727, 2722, 2723,
            2692, 2688, 2731, 2732, 2727, 2723, 2733, 2730, 2720, 2726, 2699, 2691, 2734, 2688, 2717, 2725, 2735, 2704,
            2734, 2731, 2688, 2735, 2736, 2704, 2730, 2735, 2725, 2693, 2712, 2726, 2737, 1886, 2727, 2726, 2712, 2738,
            2603, 2651, 2739, 2732, 2737, 2727, 2740, 2736, 2735, 2738, 2712, 2724, 2735, 2730, 2741, 2739, 2651, 2742,
            2738, 2699, 2726, 2743, 2741, 2730, 2733, 2743, 2730, 2735, 2741, 2740, 2744, 2740, 2741, 2739, 2742, 2710,
            2740, 2744, 2745, 2746, 2699, 2738, 2743, 2744, 2741, 2746, 2738, 2747, 2748, 2717, 2710, 2723, 2668, 2708,
            2728, 2733, 2720, 2603, 2739, 2710, 2677, 2749, 2678, 2750, 2733, 2728, 2751, 2749, 2677, 2743, 2733, 2752,
            2708, 2753, 2723, 2753, 2708, 2754, 2733, 2750, 2752, 2651, 2661, 2742, 2754, 2708, 2755, 2756, 2751, 2677,
            2723, 2753, 2732, 2742, 2661, 2757, 2751, 2756, 2758, 2743, 2745, 2744, 2710, 2742, 2748, 2756, 2759, 2758,
            2760, 2737, 2732, 2761, 2745, 2743, 2761, 2762, 2745, 2732, 2753, 2760, 2763, 2759, 2756, 2764, 2762, 2761,
            2742, 2757, 2765, 2748, 2742, 2765, 2766, 2677, 2686, 2760, 2753, 2754, 2743, 2752, 2767, 2763, 2756, 2677,
            2754, 2768, 2769, 2767, 2770, 2743, 2766, 2763, 2677, 2770, 2761, 2743, 2717, 2748, 2771, 2770, 2764, 2761,
            2772, 2687, 2773, 2771, 2734, 2717, 2687, 2696, 2679, 2774, 2696, 2687, 2775, 2734, 2771, 2776, 2763, 2766,
            2777, 2696, 2774, 2687, 2772, 2774, 2776, 2759, 2763, 2776, 2778, 2759, 2779, 2764, 2780, 2597, 2772, 2773,
            2764, 2770, 2780, 2686, 2699, 2766, 2781, 2782, 2779, 2779, 2780, 2781, 2746, 2766, 2699, 2781, 2783, 2782,
            2784, 2772, 2597, 2765, 2771, 2748, 2780, 2770, 2785, 2781, 2780, 2785, 2786, 2774, 2772, 2766, 2746, 2787,
            2784, 2786, 2772, 2788, 2776, 2766, 2786, 2789, 2774, 2776, 2790, 2778, 2781, 2791, 2783, 2788, 2790, 2776,
            2777, 2700, 2696, 2791, 2792, 2783, 2775, 2639, 2793, 2791, 2794, 2792, 2794, 2791, 2795, 2771, 2765, 2775,
            2796, 2700, 2777, 2797, 2790, 2788, 2794, 2795, 2798, 2795, 2799, 2798, 2777, 2774, 2789, 2775, 2765, 2637,
            2777, 2789, 2796, 2637, 2639, 2775, 2800, 2713, 2700, 2800, 2700, 2796, 2800, 2801, 2713, 2787, 2788, 2766,
            1704, 2802, 1709, 2708, 2713, 2801, 2803, 2802, 1704, 2801, 2800, 2796, 2747, 2787, 2746, 2804, 2805, 2806,
            2801, 2796, 2807, 2808, 2809, 2806, 2809, 2804, 2806, 1709, 2802, 2810, 2789, 2811, 2796, 2788, 2787, 2797,
            2811, 2789, 2812, 2804, 2813, 2805, 2811, 2807, 2796, 2814, 2797, 2787, 2810, 1712, 1709, 2811, 2815, 2807,
            2816, 2807, 2815, 2817, 1712, 2810, 2818, 2819, 2797, 2797, 2814, 2818, 2596, 2784, 2597, 2820, 2810, 2802,
            2821, 2818, 2814, 2820, 2817, 2810, 2822, 2784, 2596, 2808, 2823, 2809, 2824, 1712, 2817, 2825, 2826, 2817,
            2827, 2789, 2786, 2827, 2786, 2784, 2583, 2718, 2715, 2718, 2583, 2828, 2813, 2804, 2809, 2829, 2813, 2809,
            2822, 2596, 2602, 1733, 1730, 1712, 2724, 2718, 2828, 2805, 2784, 2822, 2806, 2805, 2822, 2806, 2822, 2602,
            2829, 2830, 2813, 2824, 1733, 1712, 2805, 2827, 2784, 1741, 1732, 1731, 2830, 2829, 2831, 1741, 1731, 1733,
            2832, 1741, 1733, 2583, 2833, 2828, 2834, 2813, 2835, 2583, 2582, 2833, 2805, 2834, 2827, 2813, 2834, 2805,
            2827, 2812, 2789, 2826, 2824, 2817, 2582, 2836, 2833, 2837, 2824, 2826, 2838, 2811, 2812, 2824, 2832, 1733,
            2834, 2812, 2827, 2828, 2833, 2839, 2840, 1741, 2832, 2823, 2841, 2842, 2842, 2809, 2823, 2842, 2829, 2809,
            2837, 2832, 2824, 2815, 2811, 2838, 2843, 2815, 2838, 2816, 2815, 2843, 2832, 2837, 2844, 2845, 2841, 2823,
            2846, 2838, 2847, 2834, 2838, 2812, 2847, 2838, 2834, 2848, 1742, 1741, 2840, 2848, 1741, 2828, 2849, 2724,
            2849, 2738, 2724, 1808, 1742, 2616, 2690, 2841, 2845, 2807, 2816, 2801, 2616, 1742, 2848, 2849, 2747, 2738,
            2844, 2840, 2832, 2850, 2816, 2843, 2843, 2838, 2846, 2673, 2840, 2844, 2850, 2843, 2846, 2851, 2747, 2849,
            2673, 2848, 2840, 2830, 2835, 2813, 2624, 2616, 2848, 2835, 2852, 2847, 2673, 2624, 2848, 2852, 2846, 2847,
            2852, 2850, 2846, 2835, 2847, 2834, 2828, 2839, 2849, 2853, 2837, 2826, 2854, 2835, 2855, 2837, 2853, 2856,
            2854, 2857, 2835, 2858, 2852, 2857, 2835, 2857, 2852, 2859, 2849, 2839, 2852, 2858, 2850, 2830, 2855, 2835,
            2856, 2844, 2837, 2855, 2860, 2854, 2755, 2708, 2801, 2854, 2858, 2857, 2854, 2860, 2858, 2861, 2673, 2844,
            2851, 2862, 2747, 2816, 2863, 2801, 2864, 2862, 2851, 2859, 2851, 2849, 2816, 2850, 2863, 2865, 2851, 2859,
            2803, 1704, 547, 2755, 2801, 2863, 546, 2803, 547, 2855, 2830, 2866, 2592, 2803, 546, 2866, 2830, 2831,
            2802, 2803, 2867, 2582, 2611, 2836, 2768, 2754, 2755, 2803, 2592, 2867, 2755, 2868, 2768, 2869, 2867, 2622,
            2863, 2870, 2755, 2622, 2867, 2592, 2855, 2866, 2871, 2833, 2836, 2839, 2860, 2855, 2872, 2872, 2873, 2860,
            2868, 2755, 2870, 2874, 2839, 2836, 2871, 2872, 2855, 2871, 2875, 2872, 2820, 2802, 2867, 2839, 2874, 2859,
            2870, 2876, 2868, 2820, 2867, 2869, 2877, 2829, 2842, 2831, 2829, 2877, 2836, 2611, 2630, 2817, 2820, 2825,
            2878, 2850, 2858, 2836, 2630, 2879, 2617, 2633, 2630, 2841, 2690, 2880, 2863, 2878, 2870, 2620, 2631, 2622,
            2850, 2878, 2863, 2631, 2881, 2869, 2631, 2869, 2622, 2880, 2842, 2841, 2842, 2880, 2877, 2878, 2882, 2870,
            2836, 2879, 2874, 2883, 2877, 2880, 2874, 2879, 2884, 2858, 2885, 2878, 2885, 2882, 2878, 2880, 2886, 2883,
            2631, 2645, 2887, 2888, 2882, 2885, 2881, 2631, 2887, 2866, 2831, 2871, 2877, 2871, 2831, 2884, 2865, 2859,
            2889, 2890, 2891, 2865, 2864, 2851, 2636, 2645, 2631, 2892, 2893, 2889, 2894, 2825, 2820, 2893, 2892, 2895,
            2869, 2894, 2820, 2889, 2891, 2892, 2875, 2871, 2896, 2869, 2881, 2894, 2895, 2897, 2893, 2859, 2874, 2884,
            2871, 2898, 2896, 2895, 2899, 2897, 2896, 2898, 2900, 2897, 2899, 2901, 2902, 2884, 2879, 2894, 2903, 2825,
            2826, 2825, 2903, 2826, 2903, 2853, 2898, 2871, 2877, 2883, 2898, 2877, 2891, 2904, 2892, 2905, 2903, 2894,
            2892, 2906, 2895, 2907, 2865, 2884, 2886, 2908, 2883, 2892, 2904, 2906, 2865, 2907, 2909, 2894, 2881, 2905,
            2910, 2905, 2881, 2895, 2906, 2899, 2911, 2898, 2883, 2907, 2912, 2909, 2905, 2910, 2913, 2913, 2903, 2905,
            2913, 2853, 2903, 2906, 2904, 2914, 2862, 2787, 2747, 2906, 2914, 2915, 2915, 2899, 2906, 2762, 2890, 2916,
            2745, 2762, 2740, 2917, 2787, 2862, 2853, 2918, 2856, 2787, 2917, 2814, 2853, 2913, 2918, 2860, 2873, 2858,
            2762, 2919, 2890, 2920, 2844, 2856, 2891, 2890, 2919, 2875, 2873, 2872, 2873, 2875, 2921, 2918, 2920, 2856,
            2919, 2762, 2922, 2858, 2873, 2885, 2923, 2920, 2918, 2919, 2922, 2924, 2925, 2862, 2864, 2762, 2764, 2922,
            2779, 2922, 2764, 2925, 2917, 2862, 2891, 2919, 2904, 2885, 2873, 2926, 2684, 2672, 2673, 2673, 2861, 2684,
            2844, 2920, 2861, 2919, 2924, 2904, 2885, 2926, 2888, 2927, 2920, 2923, 2927, 2861, 2920, 2861, 2927, 2928,
            2922, 2779, 2782, 2782, 2924, 2922, 2921, 2929, 2873, 2917, 2925, 2930, 2814, 2931, 2821, 2928, 2684, 2861,
            2782, 2932, 2924, 2687, 2684, 2928, 2917, 2933, 2814, 2873, 2929, 2926, 2930, 2933, 2917, 2934, 2904, 2924,
            2881, 2935, 2910, 2881, 2887, 2935, 2645, 2644, 2706, 2706, 2887, 2645, 2865, 2909, 2864, 2921, 2875, 2896,
            2706, 2935, 2887, 2936, 2925, 2864, 2924, 2932, 2937, 2938, 2900, 2898, 2939, 2900, 2938, 2937, 2934, 2924,
            2934, 2937, 2940, 2936, 2864, 2909, 2941, 2925, 2936, 2942, 2935, 2706, 2943, 2942, 2706, 2783, 2792, 2782,
            2932, 2782, 2792, 2704, 2943, 2706, 2932, 2792, 2944, 2945, 2941, 2936, 2921, 2896, 2946, 2932, 2944, 2937,
            2794, 2944, 2792, 2946, 2947, 2921, 2904, 2934, 2914, 2948, 2935, 2942, 2912, 2936, 2909, 2900, 2939, 2896,
            2942, 2943, 2949, 2938, 2950, 2939, 2912, 2907, 2951, 2952, 2912, 2951, 2953, 2914, 2934, 2946, 2896, 2939,
            2914, 2953, 2915, 2915, 2953, 2954, 2950, 2955, 2939, 2936, 2912, 2952, 2952, 2945, 2936, 2956, 2910, 2935,
            2950, 2957, 2955, 2940, 2953, 2934, 2956, 2958, 2910, 2946, 2939, 2955, 2958, 2959, 2913, 2913, 2910, 2958,
            2941, 2930, 2925, 2935, 2948, 2956, 2577, 2954, 2953, 2577, 2695, 2954, 2945, 2960, 2941, 2948, 2961, 2956,
            2880, 2690, 2692, 2901, 2573, 2897, 2961, 2958, 2956, 2692, 2962, 2880, 2963, 2964, 2945, 2573, 2901, 2586,
            2965, 2958, 2961, 2966, 2586, 2901, 2886, 2880, 2962, 2586, 2966, 2967, 2949, 2943, 2704, 2736, 2949, 2704,
            2901, 2899, 2966, 2966, 2899, 2968, 2962, 2908, 2886, 2969, 2970, 2633, 2942, 2949, 2971, 2971, 2948, 2942,
            2692, 2731, 2962, 2966, 2968, 2967, 2736, 2971, 2949, 2970, 2630, 2633, 2731, 2734, 2972, 2630, 2970, 2879,
            2586, 2973, 2604, 2586, 2967, 2973, 2808, 2604, 2973, 2916, 2971, 2736, 2808, 2602, 2604, 2971, 2916, 2974,
            2975, 2908, 2962, 2806, 2602, 2808, 2916, 2890, 2889, 2879, 2970, 2902, 2889, 2974, 2916, 2972, 2962, 2731,
            2976, 2965, 2961, 2977, 2902, 2970, 2978, 2975, 2962, 2979, 2808, 2973, 2979, 2973, 2967, 2911, 2883, 2908,
            2976, 2961, 2948, 2948, 2974, 2976, 2948, 2971, 2974, 2808, 2979, 2823, 2980, 2976, 2974, 2970, 2981, 2977,
            2982, 2977, 2981, 2915, 2968, 2899, 2893, 2980, 2974, 2938, 2898, 2911, 2902, 2977, 2983, 2974, 2889, 2893,
            2984, 2938, 2911, 2968, 2915, 2985, 2985, 2967, 2968, 2984, 2911, 2986, 2987, 2967, 2985, 2984, 2986, 2988,
            2980, 2893, 2897, 2980, 2897, 2573, 2954, 2695, 2915, 2985, 2915, 2695, 2985, 2695, 2681, 2907, 2884, 2902,
            2986, 2911, 2908, 2740, 2916, 2736, 2989, 2986, 2908, 2985, 2681, 2987, 2916, 2740, 2762, 2983, 2907, 2902,
            2681, 2683, 2987, 2908, 2975, 2989, 2959, 2918, 2913, 2979, 2967, 2987, 2918, 2959, 2990, 2979, 2987, 2845,
            2918, 2990, 2923, 2845, 2823, 2979, 2991, 2923, 2990, 2991, 2992, 2923, 2965, 2959, 2958, 2993, 2983, 2977,
            2987, 2683, 2845, 2959, 2991, 2990, 2793, 2972, 2734, 2983, 2951, 2907, 2965, 2994, 2959, 2995, 2951, 2983,
            2690, 2845, 2683, 2775, 2793, 2734, 2994, 2991, 2959, 2996, 2972, 2793, 2993, 2995, 2983, 2991, 2994, 2589,
            2992, 2927, 2923, 2681, 2695, 2694, 2962, 2972, 2978, 2992, 2928, 2927, 2972, 2996, 2978, 2937, 2588, 2940,
            2773, 2687, 2928, 2590, 2928, 2992, 2928, 2590, 2773, 2799, 2944, 2798, 2799, 2588, 2944, 2944, 2794, 2798,
            2639, 2996, 2793, 2589, 2992, 2991, 2992, 2589, 2590, 2795, 2997, 2799, 2998, 2999, 3000, 2937, 2944, 2588,
            2982, 2993, 2977, 2597, 2773, 2590, 2588, 2799, 2612, 2799, 2997, 3001, 2982, 2998, 2993, 2650, 2978, 2996,
            2799, 3001, 2612, 2965, 2976, 2575, 2642, 2996, 2639, 2575, 2994, 2965, 2980, 2575, 2976, 3002, 2995, 2993,
            2995, 3002, 3003, 2642, 2650, 2996, 2587, 2588, 2612, 2580, 2994, 2575, 2580, 2589, 2994, 2978, 2989, 2975,
            2993, 3004, 3002, 2614, 2587, 2612, 2574, 2580, 2575, 2940, 2578, 2953, 3005, 2989, 2978, 2993, 2998, 3004,
            3000, 3004, 2998, 2940, 2588, 2578, 2575, 2980, 2573, 2578, 2577, 2953, 2978, 2650, 3005, 3006, 3004, 3000,
            3004, 3006, 3007, 2670, 3005, 2650, 2989, 3008, 2986, 2951, 2995, 3009, 3009, 2952, 2951, 3005, 3008, 2989,
            2945, 2952, 2963, 3010, 2952, 3009, 2749, 3008, 3005, 2678, 2749, 3005, 2963, 2952, 3010, 2678, 3005, 2670,
            3003, 3009, 2995, 2984, 2957, 2938, 2957, 2950, 2938, 3011, 2955, 2957, 2988, 2957, 2984, 2957, 2988, 3011,
            3011, 2988, 3012, 3009, 3003, 3010, 3013, 3010, 3003, 2963, 3010, 3014, 2986, 3012, 2988, 3014, 3010, 3015,
            3016, 3012, 2986, 3017, 3015, 3010, 3012, 3016, 3018, 3018, 3016, 3019, 3011, 3012, 3018, 3003, 3002, 3013,
            3018, 3019, 3020, 3021, 3013, 3002, 3016, 2986, 3008, 3022, 3016, 3008, 3010, 3013, 3017, 3022, 3019, 3016,
            3019, 3022, 3023, 3022, 3008, 3023, 3024, 3023, 3008, 3021, 3002, 3004, 3007, 3021, 3004, 3021, 3007, 3025,
            3020, 3019, 3023, 3024, 3026, 3023, 3020, 3023, 3026, 3013, 3021, 3017, 3027, 3017, 3021, 3024, 3008, 2749,
            3021, 3025, 3028, 3026, 3024, 2749, 3021, 3028, 3027, 3029, 3015, 3017, 2751, 3026, 2749, 3029, 3017, 3027,
            2758, 3026, 2751, 3027, 3028, 3030, 3029, 3027, 3031, 3030, 3031, 3027, 3031, 3030, 3032, 2646, 3033, 2669,
            3034, 3006, 3000, 3000, 3035, 3034, 2669, 2661, 2657, 2661, 2669, 3033, 3036, 2661, 3033, 3006, 3034, 3037,
            3006, 3037, 3007, 3038, 3034, 3035, 3037, 3034, 3039, 3034, 3040, 3039, 3041, 3039, 3040, 3033, 3042, 3036,
            3043, 3025, 3007, 3037, 3043, 3007, 3044, 3042, 3045, 3036, 3042, 3044, 3046, 3028, 3025, 3036, 3044, 3047,
            3025, 3043, 3046, 3048, 3043, 3037, 3039, 3048, 3037, 3049, 3047, 3044, 3048, 3039, 3050, 3043, 3048, 3051,
            3051, 3046, 3043, 3048, 3050, 3051, 3052, 2765, 2757, 3046, 3030, 3028, 2757, 3053, 3052, 3054, 3030, 3046,
            3054, 3032, 3030, 3032, 3054, 3055, 3046, 3051, 3056, 2757, 2661, 3053, 3046, 3056, 3054, 3036, 3057, 2661,
            2661, 3057, 3053, 3047, 3057, 3036, 3054, 3056, 3055, 3057, 3058, 3053, 3055, 3056, 3059, 3052, 3053, 3060,
            3039, 3041, 3050, 3058, 3060, 3053, 3050, 3041, 3061, 3060, 3058, 3062, 2765, 3052, 3063, 3051, 3050, 3064,
            3050, 3061, 3064, 3065, 3064, 3061, 2637, 2765, 3063, 3066, 3061, 3041, 2643, 2637, 3063, 3060, 3063, 3052,
            3061, 3066, 3065, 3066, 3067, 3065, 3067, 3068, 3065, 3056, 3051, 3064, 3060, 3062, 2660, 2660, 3063, 3060,
            3063, 2660, 2643, 3056, 3064, 3069, 3056, 3069, 3059, 3068, 3064, 3065, 3047, 3070, 3057, 3057, 3070, 3058,
            3071, 3064, 3068, 3071, 3069, 3064, 3058, 3070, 3062, 3066, 3072, 3067, 3070, 3047, 3049, 3073, 3070, 3049,
            3067, 3072, 3074, 3072, 3075, 3074, 3075, 3076, 3074, 3077, 3062, 3070, 3070, 3078, 3077, 3070, 3073, 3078,
            3071, 3068, 3079, 3068, 3074, 3079, 3074, 3068, 3067, 3074, 3080, 3079, 3071, 3079, 3081, 3079, 3080, 3081,
            3074, 3076, 3080, 2716, 2660, 3062, 3081, 3080, 3082, 2660, 2716, 2702, 3083, 3062, 3077, 3084, 3082, 3080,
            3081, 3082, 3085, 2716, 3062, 3083, 3076, 3086, 3084, 3084, 3080, 3076, 3086, 3087, 3084, 2716, 3083, 2715,
            3088, 3085, 3082, 3089, 3073, 3049, 3088, 3082, 3084, 3088, 3084, 3087, 3073, 3089, 3090, 3090, 3078, 3073,
            3091, 3092, 3088, 3093, 3090, 3089, 3078, 3090, 2593, 2594, 3090, 3093, 3090, 2594, 2593, 3094, 3077, 3078,
            2581, 3077, 3094, 3078, 2593, 3094, 3077, 2581, 3083, 3083, 2581, 2715, 2583, 2715, 2581, 2585, 3094, 2593,
            2581, 3094, 2585, 3095, 3096, 3097, 3098, 3099, 3100, 3101, 3102, 3103, 3104, 3097, 3096, 3098, 3105, 3106,
            3097, 3107, 3108, 3108, 3107, 3109, 3100, 3110, 3111, 3112, 3113, 3114, 3107, 3097, 3104, 3111, 3110, 3115,
            3116, 3107, 3104, 3113, 3112, 3102, 3059, 3069, 3117, 3101, 3113, 3102, 3117, 3069, 3118, 3119, 3100, 3111,
            3109, 3107, 3120, 3107, 3116, 3120, 3109, 3121, 3108, 3115, 3122, 3111, 3119, 3111, 3122, 3069, 3071, 3123,
            3123, 3118, 3069, 3118, 3123, 3124, 3102, 3125, 3126, 3102, 3126, 3103, 3071, 3081, 3123, 3127, 3118, 3124,
            3122, 3115, 3128, 3098, 3100, 3119, 3129, 3098, 3119, 3130, 3131, 3132, 3129, 3119, 3122, 3133, 3132, 3134,
            3135, 3123, 3081, 3135, 3124, 3123, 3129, 3105, 3098, 3136, 3137, 3138, 3131, 3114, 3132, 3138, 3139, 3136,
            3127, 3124, 3140, 3136, 3141, 3137, 3129, 3142, 3105, 3143, 3141, 3136, 3114, 3134, 3132, 3124, 3135, 3144,
            3144, 3140, 3124, 3145, 3146, 3114, 3146, 3145, 3147, 3085, 3135, 3081, 3148, 3134, 3146, 3142, 3129, 3122,
            3139, 3149, 3150, 3134, 3114, 3146, 3151, 3150, 3149, 3152, 3150, 3151, 3148, 3146, 3147, 3128, 3142, 3122,
            3144, 3135, 3153, 3143, 3136, 3154, 3155, 3154, 3156, 3156, 3154, 3136, 3139, 3156, 3136, 3127, 3140, 3157,
            3114, 3113, 3158, 3159, 3157, 3140, 3160, 3161, 3162, 3163, 3154, 3164, 3164, 3154, 3155, 3144, 3159, 3140,
            3158, 3145, 3114, 3165, 3164, 3155, 3165, 3166, 3164, 3155, 3156, 3167, 3155, 3167, 3165, 3160, 3168, 3161,
            3169, 3165, 3167, 3144, 3153, 3170, 3158, 3113, 3171, 3144, 3170, 3159, 3169, 3172, 3173, 3169, 3173, 3165,
            3150, 3156, 3139, 3167, 3156, 3150, 3174, 3159, 3170, 3167, 3150, 3152, 3174, 3170, 3175, 3176, 3175, 3170,
            3177, 3147, 3145, 3135, 3085, 3178, 3179, 3172, 3167, 3126, 3172, 3179, 3178, 3085, 3088, 3145, 3158, 3180,
            3092, 3178, 3088, 3169, 3167, 3172, 3135, 3178, 3153, 3181, 3182, 3183, 3184, 3153, 3178, 3166, 3165, 3173,
            3185, 3153, 3184, 3186, 3187, 3173, 3133, 3134, 3148, 3188, 3173, 3187, 3182, 3189, 3190, 3133, 3148, 3191,
            3092, 3184, 3178, 3172, 3186, 3173, 3186, 3172, 3192, 3193, 3186, 3192, 3126, 3125, 3172, 3125, 3192, 3172,
            3125, 3194, 3192, 3185, 3184, 3195, 3193, 3187, 3186, 3193, 3192, 3194, 3193, 3194, 3196, 3195, 3184, 3197,
            3198, 3191, 3148, 3194, 3199, 3130, 3125, 3199, 3194, 3170, 3153, 3185, 3200, 3191, 3198, 3196, 3194, 3130,
            3196, 3130, 3132, 3185, 3176, 3170, 3201, 3101, 3103, 3101, 3201, 3202, 3196, 3187, 3193, 3203, 3190, 3168,
            3175, 3176, 3204, 3196, 3132, 3133, 3101, 3202, 3205, 3206, 3196, 3133, 3101, 3207, 3113, 3208, 3185, 3195,
            3191, 3206, 3133, 3190, 3189, 3168, 3207, 3171, 3113, 3152, 3151, 3209, 3176, 3185, 3204, 3189, 3210, 3168,
            3211, 3204, 3185, 3152, 3209, 3212, 3185, 3208, 3211, 3213, 3152, 3212, 3204, 3211, 3214, 3210, 3215, 3168,
            3207, 3101, 3205, 3179, 3167, 3152, 3168, 3215, 3161, 3179, 3152, 3213, 3214, 3216, 3204, 3205, 3183, 3190,
            3207, 3203, 3171, 3103, 3126, 3179, 3203, 3207, 3190, 3217, 3161, 3215, 3197, 3092, 3091, 3197, 3184, 3092,
            3190, 3207, 3205, 3218, 3197, 3091, 3219, 3213, 3212, 3220, 3195, 3197, 3103, 3179, 3213, 3215, 3221, 3222,
            3223, 3220, 3197, 3223, 3197, 3218, 3224, 3103, 3213, 3225, 3210, 3189, 3201, 3103, 3224, 3219, 3224, 3213,
            3226, 3223, 3227, 3202, 3183, 3205, 3195, 3220, 3208, 3225, 3221, 3210, 3228, 3208, 3220, 3229, 3225, 3189,
            3228, 3211, 3208, 3181, 3183, 3202, 3230, 3181, 3202, 3231, 3221, 3225, 3232, 3230, 3201, 3232, 3201, 3224,
            3211, 3228, 3233, 3228, 3095, 3233, 3201, 3230, 3202, 3226, 3228, 3220, 3210, 3221, 3215, 3228, 3226, 3234,
            3182, 3190, 3183, 3226, 3220, 3223, 3235, 3177, 3145, 3228, 3234, 3095, 3180, 3235, 3145, 3171, 3236, 3158,
            3237, 3222, 3221, 3203, 3236, 3171, 3158, 3236, 3180, 3238, 3221, 3231, 3221, 3238, 3237, 3226, 3239, 3234,
            3234, 3239, 3240, 3241, 3237, 3238, 3236, 3203, 3168, 3096, 3095, 3234, 3240, 3096, 3234, 3104, 3096, 3240,
            3240, 3239, 3242, 3180, 3236, 3160, 3168, 3160, 3236, 3243, 3244, 3245, 3246, 3214, 3211, 3211, 3233, 3246,
            3247, 3248, 3235, 3235, 3180, 3247, 3125, 3130, 3199, 3160, 3162, 3249, 3112, 3130, 3125, 3131, 3130, 3112,
            3246, 3250, 3214, 3112, 3125, 3102, 3251, 3247, 3252, 3244, 3249, 3162, 3114, 3131, 3112, 3253, 3244, 3162,
            3248, 3247, 3251, 3097, 3233, 3095, 3097, 3246, 3233, 3161, 3253, 3162, 3254, 3255, 3251, 3255, 3256, 3251,
            3257, 3246, 3108, 3246, 3097, 3108, 3258, 3259, 3254, 3254, 3259, 3255, 3256, 3255, 3259, 3260, 3259, 3258,
            3261, 3257, 3108, 3245, 3244, 3262, 3121, 3261, 3108, 3263, 3245, 3262, 3264, 3263, 3262, 3265, 3259, 3266,
            3259, 3265, 3110, 3267, 3254, 3268, 3269, 3253, 3161, 3267, 3268, 3270, 3271, 3253, 3269, 3272, 3253, 3271,
            3253, 3272, 3273, 3262, 3244, 3253, 3264, 3262, 3253, 3253, 3273, 3264, 3243, 3270, 3268, 3243, 3268, 3249,
            3244, 3243, 3249, 3245, 3274, 3243, 3263, 3274, 3245, 3180, 3252, 3247, 3251, 3268, 3254, 3251, 3252, 3268,
            3274, 3263, 3275, 3254, 3267, 3258, 3264, 3275, 3263, 3217, 3269, 3161, 3217, 3271, 3269, 3160, 3252, 3180,
            3160, 3249, 3252, 3249, 3268, 3252, 3276, 3272, 3271, 3276, 3271, 3217, 3277, 3276, 3217, 3222, 3217, 3215,
            3273, 3275, 3264, 3273, 3272, 3278, 3270, 3279, 3267, 3275, 3273, 3278, 3280, 3279, 3270, 3243, 3280, 3270,
            3258, 3267, 3260, 3259, 3260, 3266, 3266, 3260, 3281, 3260, 3267, 3279, 3281, 3260, 3279, 3280, 3281, 3279,
            3282, 3128, 3274, 3282, 3274, 3275, 3266, 3281, 3265, 3281, 3110, 3265, 3115, 3274, 3128, 3281, 3115, 3110,
            3274, 3280, 3243, 3274, 3281, 3280, 3115, 3281, 3274, 3278, 3283, 3275, 3275, 3283, 3282, 3284, 3147, 3248,
            3148, 3147, 3284, 3282, 3285, 3128, 3147, 3177, 3248, 3177, 3235, 3248, 3286, 3128, 3285, 3248, 3251, 3256,
            3287, 3282, 3283, 3285, 3282, 3287, 3284, 3248, 3256, 3256, 3099, 3284, 3276, 3278, 3272, 3198, 3148, 3284,
            3222, 3277, 3217, 3288, 3276, 3277, 3288, 3278, 3276, 3284, 3289, 3198, 3289, 3284, 3099, 3290, 3278, 3288,
            3291, 3277, 3222, 3291, 3222, 3237, 3292, 3288, 3277, 3291, 3292, 3277, 3241, 3291, 3237, 3099, 3256, 3259,
            3241, 3293, 3291, 3099, 3259, 3100, 3291, 3293, 3292, 3100, 3259, 3110, 3283, 3278, 3290, 3288, 3292, 3290,
            3294, 3283, 3292, 3292, 3283, 3290, 3293, 3294, 3292, 3099, 3106, 3289, 3295, 3294, 3293, 3283, 3294, 3295,
            3296, 3283, 3295, 3106, 3099, 3098, 3297, 3287, 3283, 3297, 3283, 3296, 3298, 3299, 3300, 3301, 3302, 3303,
            3304, 3303, 3302, 3302, 3305, 3304, 3305, 3302, 3306, 3298, 3300, 3307, 3308, 3309, 3302, 3307, 3310, 3298,
            3306, 3302, 3309, 3311, 3312, 3313, 3314, 3304, 3305, 3315, 3314, 3305, 3316, 3307, 3300, 3317, 3311, 3313,
            3318, 3316, 3300, 3315, 3305, 3306, 3317, 3319, 3311, 810, 816, 793, 793, 816, 806, 3309, 3308, 3320,
            3320, 3321, 3309, 816, 3322, 806, 3320, 3323, 3321, 3309, 3321, 3306, 3322, 3324, 806, 3325, 3311, 3319,
            3321, 3326, 3306, 3327, 3321, 3323, 3328, 3316, 3329, 3321, 3327, 3326, 3319, 3330, 3325, 816, 3331, 3322,
            3307, 3316, 3332, 3331, 816, 815, 3328, 3332, 3316, 3311, 3325, 3312, 3333, 3314, 3315, 3334, 3312, 3335,
            3312, 3325, 3335, 3315, 3306, 3326, 3336, 3329, 3337, 3326, 3327, 3338, 3339, 906, 883, 3340, 3317, 3341,
            3342, 3329, 3336, 3319, 3317, 3340, 3339, 883, 3343, 3342, 3328, 3329, 3344, 3319, 3340, 3345, 3346, 3347,
            3346, 3345, 3348, 3339, 3349, 906, 3349, 910, 906, 3344, 3350, 3319, 3330, 3319, 3350, 3351, 3352, 3353,
            3353, 3354, 3351, 3355, 3349, 3356, 3348, 3345, 3333, 3356, 3349, 3339, 3353, 3352, 3357, 3358, 3339, 3343,
            3358, 3356, 3339, 3359, 3360, 3361, 3361, 3362, 3359, 3354, 3353, 3363, 3363, 3364, 3354, 3361, 3365, 3362,
            3364, 3363, 3366, 3363, 3353, 3367, 3363, 3367, 3368, 3369, 3355, 3356, 3350, 3344, 3359, 3356, 3358, 3370,
            3370, 3369, 3356, 3371, 3372, 3346, 3350, 3359, 3362, 3362, 3365, 3373, 809, 873, 798, 3368, 3366, 3363,
            3374, 872, 873, 809, 3374, 873, 3368, 3375, 3366, 3346, 3348, 3376, 3377, 3362, 3373, 3324, 809, 806,
            3378, 3379, 3380, 3378, 3380, 3381, 3371, 3346, 3376, 3382, 2494, 3383, 3365, 3379, 3378, 3373, 3365, 3378,
            3384, 3375, 3368, 809, 3385, 3374, 3386, 809, 3324, 3387, 3388, 3352, 3389, 872, 3374, 3352, 3388, 3357,
            3376, 3348, 3390, 3389, 883, 872, 3373, 3378, 3391, 3392, 3378, 3381, 3390, 3333, 3315, 3391, 3378, 3392,
            3381, 2494, 3382, 3381, 3393, 3392, 3393, 3381, 3382, 3392, 3393, 3394, 3390, 3315, 3326, 3394, 3393, 3382,
            3343, 883, 3389, 3391, 3392, 3395, 3390, 3348, 3333, 3385, 3389, 3374, 3395, 3392, 3394, 3396, 3353, 3357,
            3394, 3382, 3397, 3394, 3397, 3395, 3385, 809, 3386, 3390, 3326, 3398, 3357, 3399, 3396, 3398, 3326, 3338,
            3389, 3400, 3343, 3401, 3335, 3325, 3402, 3390, 3398, 3385, 3386, 3403, 3310, 3396, 3399, 3385, 3403, 3389,
            3403, 3400, 3389, 3404, 3325, 3330, 3401, 3325, 3404, 3405, 3404, 3330, 3406, 3376, 3390, 3406, 3390, 3402,
            3396, 3367, 3353, 3331, 3407, 3408, 3409, 3367, 3396, 3404, 3410, 3401, 3322, 3386, 3324, 3411, 3401, 3410,
            3402, 3412, 3406, 3408, 3322, 3331, 3410, 3404, 3413, 3386, 3322, 3414, 3412, 3402, 3415, 3414, 3322, 3408,
            3415, 3402, 3398, 3367, 3416, 3368, 3414, 3403, 3386, 3417, 3418, 3419, 3330, 3350, 3405, 3420, 3368, 3416,
            3368, 3420, 3384, 3403, 3414, 3421, 3405, 3377, 3413, 3405, 3350, 3377, 3422, 3414, 3408, 3421, 3414, 3422,
            3350, 3362, 3377, 3421, 3422, 3423, 3424, 3421, 3423, 3419, 3425, 3417, 3404, 3405, 3413, 3400, 3358, 3343,
            3426, 3310, 3307, 3417, 3425, 3427, 3410, 3413, 3428, 3310, 3426, 3429, 3430, 3410, 3428, 3310, 3409, 3396,
            3430, 3428, 3431, 3377, 3428, 3413, 3429, 3409, 3310, 3428, 3377, 3432, 3433, 3425, 3434, 3432, 3377, 3391,
            3409, 3429, 3416, 3435, 3358, 3400, 3391, 3377, 3373, 3425, 3433, 3427, 3436, 3421, 3424, 3432, 3391, 3395,
            3307, 3332, 3426, 3427, 3437, 3417, 3395, 3438, 3432, 3439, 3426, 3440, 3440, 3426, 3332, 3403, 3435, 3400,
            3439, 3429, 3426, 3429, 3439, 3441, 3435, 3403, 3442, 3440, 3332, 3328, 3427, 3443, 3437, 3437, 3443, 3444,
            3328, 3342, 3440, 3440, 3441, 3439, 3370, 3358, 3435, 3445, 3370, 3435, 3435, 3446, 3445, 3443, 3427, 3447,
            3438, 3431, 3432, 3432, 3431, 3428, 3435, 3442, 3446, 3448, 3431, 3438, 3429, 3449, 3450, 3429, 3441, 3449,
            3451, 3452, 3453, 3447, 3427, 3433, 3449, 3441, 3454, 3446, 3455, 3456, 3457, 3451, 3453, 3457, 3453, 3458,
            3459, 3450, 3449, 3403, 3436, 3442, 3434, 3460, 3433, 3454, 3459, 3449, 3403, 3421, 3436, 3460, 3434, 3461,
            3367, 3409, 3416, 3436, 3462, 3442, 3463, 3457, 3458, 3461, 3434, 3464, 3461, 3464, 3465, 3466, 3461, 3465,
            3465, 3464, 3467, 3468, 3465, 3467, 3469, 3457, 3463, 3468, 3466, 3465, 3470, 3436, 3424, 3436, 3471, 3462,
            3471, 3436, 3472, 3450, 3416, 3429, 3472, 3436, 3470, 3470, 3473, 3472, 3463, 3458, 3474, 3474, 3458, 3475,
            3450, 3476, 3416, 3446, 3442, 3462, 3475, 3477, 3474, 3462, 3455, 3446, 3444, 3443, 3478, 3416, 3476, 3420,
            3479, 3478, 3443, 3473, 3480, 3472, 3481, 3472, 3480, 3472, 3481, 3471, 3482, 3483, 3477, 3447, 3479, 3443,
            3471, 3481, 3484, 3485, 3486, 3420, 3469, 3463, 3487, 3462, 3471, 3455, 3487, 3463, 3474, 3488, 3487, 3474,
            965, 815, 927, 3476, 3450, 3489, 3488, 3474, 3490, 815, 3491, 3331, 3491, 815, 965, 965, 3492, 3491,
            3490, 3493, 3488, 3450, 3459, 3489, 3433, 3494, 3447, 3495, 3331, 3491, 3496, 3491, 3492, 3497, 3469, 3487,
            3495, 3491, 3496, 3420, 3476, 3485, 3492, 965, 966, 3496, 3492, 966, 3497, 3487, 3498, 3461, 3466, 3460,
            3476, 3489, 3485, 3466, 3499, 3460, 3500, 3496, 3501, 3502, 3503, 3497, 3501, 3496, 966, 3502, 3497, 3504,
            3468, 3505, 3466, 3488, 3498, 3487, 968, 966, 964, 3493, 3498, 3488, 966, 974, 3506, 3477, 3490, 3474,
            3494, 3433, 3460, 3483, 3490, 3477, 3460, 3507, 3494, 3490, 3483, 3508, 3509, 974, 973, 3506, 974, 3509,
            3510, 3511, 3512, 3499, 3466, 3505, 3513, 3499, 3505, 3331, 3495, 3407, 3513, 3505, 3514, 3514, 3505, 3515,
            3335, 3516, 3483, 3507, 3460, 3499, 3495, 3500, 3407, 3516, 3508, 3483, 3507, 3499, 3513, 3517, 3511, 3510,
            3500, 3495, 3496, 3513, 3518, 3507, 3500, 3519, 3407, 3518, 3513, 3514, 3493, 3490, 3508, 3517, 3520, 3511,
            3521, 3500, 3501, 3522, 3520, 3517, 3407, 3523, 3408, 3524, 3479, 3447, 3523, 3422, 3408, 3523, 3407, 3519,
            3525, 3523, 3519, 3510, 3526, 3517, 3521, 3519, 3500, 3508, 3516, 3527, 3528, 3521, 3501, 3447, 3494, 3529,
            3523, 3525, 3422, 3447, 3529, 3530, 3531, 3422, 3525, 3508, 3532, 3493, 3423, 3422, 3531, 3525, 3533, 3531,
            3423, 3531, 3533, 3534, 3502, 3504, 3504, 3497, 3498, 3521, 3528, 3519, 3519, 3528, 3525, 3535, 3534, 3504,
            3528, 3533, 3525, 3528, 3501, 3536, 3537, 3498, 3493, 3498, 3537, 3504, 3520, 3522, 3538, 3539, 3533, 3528,
            3540, 3479, 3524, 3537, 3541, 3504, 3501, 966, 3506, 3530, 3524, 3447, 3542, 3543, 3544, 3541, 3537, 3545,
            3501, 3506, 3536, 3546, 3538, 3522, 3547, 3524, 3530, 3411, 3548, 3527, 3522, 3549, 3546, 3538, 3546, 3544,
            3509, 3550, 3506, 3537, 3493, 3532, 3527, 3532, 3508, 3506, 3551, 3536, 3551, 3506, 3550, 3537, 3532, 3545,
            3551, 3550, 3552, 3548, 3545, 3532, 3553, 3544, 3546, 3554, 3553, 3546, 3529, 3494, 3507, 3548, 3532, 3527,
            3528, 3536, 3555, 3548, 3556, 3545, 3507, 3557, 3529, 400, 376, 180, 3555, 3536, 3551, 3529, 3557, 3558,
            3551, 3559, 3555, 3518, 3560, 3507, 180, 3561, 400, 3562, 3518, 3514, 3563, 400, 3561, 3559, 3551, 3552,
            3507, 3560, 3557, 3560, 3564, 3557, 3533, 3424, 3423, 3564, 3565, 3557, 3566, 3556, 3548, 3564, 3560, 3518,
            3564, 3518, 3562, 3533, 3539, 3424, 3556, 3566, 3567, 3568, 3564, 3562, 3539, 3528, 3555, 3569, 3539, 3555,
            3530, 3529, 3558, 3557, 3570, 3558, 3504, 3541, 3535, 3563, 3571, 400, 3530, 3572, 3547, 3561, 3573, 3512,
            3572, 3530, 3558, 3563, 3561, 3512, 3574, 3535, 3541, 3557, 3565, 3570, 3569, 3555, 3559, 3574, 3575, 3535,
            3569, 3559, 3576, 3577, 3565, 3564, 3511, 3563, 3512, 3578, 3570, 3565, 3579, 3559, 3552, 3580, 3558, 3570,
            3581, 3574, 3541, 3545, 3581, 3541, 3335, 3401, 3516, 3558, 3580, 3572, 3576, 3559, 3579, 3580, 3582, 3572,
            3563, 3511, 3520, 3570, 3582, 3580, 3570, 3578, 3582, 3527, 3516, 3411, 3578, 3583, 3582, 3520, 3584, 3563,
            3516, 3401, 3411, 3585, 3576, 3579, 401, 400, 3571, 3578, 3565, 3577, 3576, 3585, 3586, 401, 3571, 435,
            3587, 3467, 3588, 3473, 3470, 3424, 3473, 3424, 3589, 3589, 3424, 3539, 3587, 3588, 3515, 3548, 3411, 3566,
            3430, 3566, 3411, 3589, 3539, 3569, 3411, 3410, 3430, 3588, 3590, 3515, 3590, 3588, 3591, 3480, 3473, 3589,
            3592, 3480, 3589, 3480, 3484, 3481, 3584, 3571, 3563, 3593, 3567, 3566, 3594, 3591, 3588, 3571, 3584, 3595,
            3593, 3430, 3431, 3592, 3589, 3596, 3430, 3593, 3566, 3571, 3595, 435, 435, 3595, 3597, 3598, 3594, 3599,
            3589, 3569, 3596, 3600, 3598, 3599, 3596, 3569, 3576, 3601, 3602, 3603, 3543, 3597, 3595, 3597, 3543, 3604,
            3605, 3602, 3601, 3576, 3586, 3596, 3598, 3591, 3594, 3509, 973, 1017, 1017, 3606, 3509, 3550, 3509, 3607,
            3608, 3605, 3601, 3584, 3538, 3595, 3591, 3609, 3590, 3606, 3607, 3509, 3584, 3520, 3538, 3595, 3538, 3543,
            1018, 3606, 1017, 3609, 3591, 3598, 3610, 3608, 3601, 3543, 3538, 3544, 1040, 3606, 1018, 3611, 3609, 3598,
            3607, 3552, 3550, 3605, 3612, 3613, 3609, 3614, 3615, 3607, 3616, 3552, 3542, 3544, 3553, 3617, 3605, 3608,
            3587, 3468, 3467, 3618, 3542, 3553, 3607, 3606, 1040, 3505, 3468, 3587, 3515, 3505, 3587, 3619, 3616, 3607,
            1040, 3619, 3607, 3620, 3515, 3590, 3612, 3605, 3617, 3542, 3618, 3621, 3622, 3612, 3623, 3624, 3623, 3612,
            3610, 3625, 3608, 3625, 3626, 3608, 3515, 3627, 3514, 1057, 1040, 1048, 3628, 3608, 3626, 3617, 3608, 3628,
            3619, 3629, 3616, 3619, 1057, 3629, 599, 432, 435, 3627, 3515, 3620, 3552, 3616, 3579, 3597, 599, 435,
            3585, 3579, 3616, 3630, 3626, 3625, 3615, 3620, 3590, 3631, 3585, 3616, 3609, 3615, 3590, 586, 599, 3632,
            3616, 3629, 3631, 586, 3632, 633, 3633, 3630, 3634, 3635, 3633, 3634, 3562, 3514, 3627, 633, 3632, 3636,
            3585, 3631, 3637, 3586, 3585, 3637, 3630, 3638, 3626, 3568, 3562, 3627, 3629, 3639, 3631, 3640, 3631, 3639,
            3641, 599, 3597, 3641, 3632, 599, 3642, 3627, 3620, 3637, 3631, 3640, 3628, 3643, 3644, 3641, 3597, 3604,
            3638, 3628, 3626, 3638, 3643, 3628, 3568, 3627, 3642, 3638, 3630, 3633, 1040, 1057, 3619, 3629, 1057, 3639,
            3639, 1057, 1064, 3633, 3643, 3638, 3633, 3645, 3643, 3646, 3632, 3641, 1057, 1058, 1064, 3577, 3564, 3568,
            3647, 3646, 3641, 3617, 3624, 3612, 3568, 3648, 3577, 3624, 3617, 3649, 3617, 3650, 3649, 3648, 3568, 3642,
            3639, 1064, 3651, 633, 3636, 635, 3650, 3617, 3628, 3652, 3648, 3642, 3652, 3642, 3653, 3651, 1064, 1067,
            3649, 3623, 3624, 3577, 3648, 3578, 3636, 3654, 635, 3639, 3651, 3640, 3655, 3623, 3649, 635, 3654, 3656,
            3644, 3650, 3628, 3620, 3615, 3657, 3642, 3620, 3657, 3646, 3636, 3632, 1238, 1199, 1237, 3658, 1238, 1237,
            3649, 3650, 3659, 3660, 3636, 3646, 3661, 3650, 3644, 3650, 3661, 3662, 3657, 3615, 3614, 3663, 3657, 3614,
            3664, 1241, 1238, 3664, 3665, 1241, 3660, 3654, 3636, 3660, 3666, 3654, 3667, 3658, 3668, 3669, 3658, 3667,
            3657, 3653, 3642, 3670, 1238, 3658, 3664, 1238, 3670, 3645, 3671, 3643, 3670, 3658, 3669, 3653, 3657, 3663,
            3671, 3645, 3672, 3671, 3673, 3643, 3673, 3671, 3672, 3542, 3604, 3543, 3674, 3664, 3670, 3641, 3604, 3647,
            3675, 3674, 3670, 3644, 3643, 3661, 3665, 1259, 1241, 3676, 3635, 3677, 3542, 3647, 3604, 3614, 3678, 3663,
            3679, 3677, 3680, 3677, 3681, 3680, 3680, 3681, 3682, 3621, 3647, 3542, 3677, 3679, 3676, 1259, 1260, 1252,
            3633, 3635, 3676, 3660, 3646, 3647, 3683, 1260, 1259, 3684, 3676, 3679, 3679, 3680, 3682, 3682, 3684, 3679,
            3685, 3684, 3682, 3540, 3686, 3479, 3687, 3683, 1259, 3621, 3660, 3647, 3676, 3645, 3633, 3676, 3688, 3645,
            3689, 3676, 3684, 3688, 3676, 3689, 3660, 3621, 3690, 1259, 3665, 3691, 3692, 3665, 3664, 3693, 3686, 3540,
            3691, 3665, 3692, 3694, 3645, 3688, 3692, 3664, 3674, 3684, 3695, 3689, 3685, 3696, 3684, 3697, 3666, 3660,
            3684, 3696, 3695, 3689, 3695, 3688, 3698, 3693, 3540, 3687, 1259, 3691, 3695, 3699, 3688, 3688, 3699, 3694,
            3660, 3690, 3697, 3540, 3700, 3698, 3701, 3682, 3681, 3666, 3697, 3702, 3547, 3540, 3524, 3682, 3701, 3703,
            3704, 3687, 3691, 3700, 3547, 3572, 3705, 3706, 3687, 3700, 3540, 3547, 3707, 3690, 3621, 3675, 3692, 3674,
            3708, 3692, 3675, 3685, 3703, 3709, 3709, 3703, 3575, 3697, 3690, 3710, 3702, 3697, 3710, 3685, 3682, 3703,
            3708, 3691, 3692, 3704, 3691, 3708, 3375, 3526, 3366, 3526, 3375, 3711, 3708, 3712, 3704, 3712, 3708, 3713,
            3696, 3685, 3709, 3526, 3711, 3517, 3705, 3687, 3704, 3712, 3705, 3704, 3712, 3714, 3705, 3549, 3517, 3711,
            3715, 3700, 3572, 3716, 3714, 3712, 3549, 3522, 3517, 3717, 3698, 3700, 3672, 3645, 3694, 3716, 3712, 3713,
            3718, 3672, 3719, 3720, 3549, 3711, 3672, 3694, 3719, 3699, 3719, 3694, 3721, 3700, 3715, 3603, 3716, 3713,
            3699, 3695, 3696, 3699, 3696, 3722, 3723, 3711, 3375, 3683, 1409, 1260, 3375, 3384, 3723, 3700, 3721, 3717,
            3724, 1409, 3683, 1410, 1409, 3724, 3709, 3725, 3696, 3722, 3696, 3725, 1404, 1410, 1419, 3711, 3723, 3720,
            3726, 3572, 3582, 3727, 3725, 3709, 3727, 3709, 3728, 3729, 1419, 1410, 3715, 3572, 3726, 3730, 3720, 3723,
            3720, 3730, 3731, 3732, 3715, 3726, 3724, 3729, 1410, 3554, 3546, 3549, 3725, 3733, 3722, 3734, 3724, 3706,
            3726, 3582, 3735, 3582, 3583, 3735, 3724, 3734, 3729, 3583, 3736, 3735, 3578, 3736, 3583, 3720, 3554, 3549,
            3735, 3732, 3726, 3733, 3725, 3727, 3706, 3683, 3687, 3732, 3735, 3736, 3706, 3724, 3683, 3732, 3736, 3737,
            3649, 3659, 3655, 3659, 3738, 3655, 3554, 3720, 3739, 3739, 3553, 3554, 3740, 3734, 3706, 3715, 3732, 3741,
            3729, 1420, 1419, 3659, 3742, 3743, 3659, 3743, 3738, 3741, 3744, 3715, 3715, 3744, 3721, 3662, 3659, 3650,
            3720, 3731, 3745, 3742, 3659, 3662, 3746, 3745, 3731, 3720, 3745, 3739, 3732, 3747, 3741, 3748, 1421, 1420,
            3747, 3732, 3737, 3741, 3747, 3749, 3744, 3741, 3749, 3749, 3750, 3744, 3751, 1420, 3729, 1420, 3751, 3748,
            3752, 3749, 3747, 3737, 3752, 3747, 3753, 3739, 3745, 3754, 3729, 3734, 3754, 3751, 3729, 3755, 3738, 3743,
            3717, 3756, 3698, 3757, 3748, 3751, 3748, 3757, 3758, 3755, 3759, 3760, 3761, 3706, 3705, 3383, 3397, 3382,
            3745, 3746, 3753, 3761, 3740, 3706, 3762, 3756, 3717, 3714, 3761, 3705, 3763, 3761, 3714, 3764, 3397, 3383,
            3762, 3717, 3721, 3765, 3761, 3763, 3766, 3383, 3767, 3766, 3767, 3768, 3769, 3753, 3746, 3753, 3769, 3770,
            3771, 3734, 3740, 3764, 3383, 3766, 3766, 3772, 3764, 3754, 3734, 3771, 3773, 3762, 3721, 3771, 3740, 3761,
            3766, 3768, 3774, 3775, 3771, 3761, 3776, 3754, 3771, 3765, 3775, 3761, 3768, 3777, 3778, 3384, 3730, 3723,
            3778, 3779, 3768, 3765, 3763, 3714, 3765, 3714, 3716, 3780, 3781, 3756, 3486, 3384, 3420, 3782, 3768, 3783,
            3783, 3768, 3779, 3775, 3765, 3784, 3756, 3762, 3780, 3785, 3384, 3486, 3779, 3778, 3786, 3716, 3602, 3765,
            3602, 3784, 3765, 3785, 3730, 3384, 3785, 3731, 3730, 3771, 3775, 3787, 3776, 3771, 3788, 3787, 3788, 3771,
            3789, 3780, 3790, 3438, 3791, 3792, 3784, 3787, 3775, 3397, 3791, 3395, 3788, 3787, 3793, 3784, 3793, 3787,
            3764, 3791, 3397, 3791, 3764, 3772, 3773, 3780, 3762, 3780, 3773, 3790, 3438, 3395, 3791, 3772, 3794, 3791,
            3751, 3754, 3757, 3766, 3794, 3772, 3794, 3766, 3774, 3757, 3754, 3795, 3792, 3794, 3782, 3774, 3782, 3794,
            3796, 3486, 3485, 3794, 3792, 3791, 3797, 3785, 3486, 3796, 3797, 3486, 3798, 3773, 3721, 3799, 3758, 3757,
            3721, 3744, 3798, 3744, 3800, 3798, 3792, 3801, 3438, 3798, 3802, 3773, 3802, 3798, 3800, 3799, 3757, 3795,
            3801, 3448, 3438, 3800, 3744, 3750, 3785, 3797, 3803, 3750, 3804, 3800, 3804, 3750, 3805, 3805, 3750, 3749,
            3805, 3806, 3804, 3795, 3807, 3799, 3808, 3807, 3795, 3805, 3749, 3752, 3792, 3809, 3801, 3808, 3810, 3807,
            3804, 3811, 3800, 3811, 3804, 3806, 3812, 3448, 3801, 3803, 3797, 3813, 3812, 3801, 3809, 3746, 3731, 3785,
            3814, 3776, 3815, 3788, 3815, 3776, 3785, 3803, 3746, 3795, 3754, 3776, 3814, 3795, 3776, 3578, 3648, 3816,
            3783, 3817, 3782, 3736, 3578, 3816, 3768, 3782, 3774, 3793, 3815, 3788, 3818, 3815, 3793, 3815, 3818, 3814,
            3769, 3746, 3803, 3648, 3652, 3816, 3792, 3782, 3817, 3819, 3792, 3817, 3819, 3817, 3783, 3795, 3820, 3808,
            3779, 3821, 3783, 3795, 3814, 3820, 3737, 3736, 3816, 3822, 3783, 3821, 3769, 3803, 3813, 3783, 3822, 3819,
            3758, 1453, 3748, 3823, 3816, 3652, 3769, 3813, 3824, 3825, 3822, 3821, 3826, 1453, 3758, 1453, 1423, 1421,
            3823, 3652, 3653, 3809, 3792, 3819, 3748, 1453, 1421, 3809, 3819, 3827, 3828, 1452, 1453, 3827, 3829, 3809,
            3824, 3770, 3769, 3830, 3816, 3823, 3812, 3809, 3831, 3826, 3828, 1453, 3827, 3819, 3822, 3737, 3816, 3830,
            3829, 3827, 3822, 3829, 3822, 3825, 3832, 3829, 3825, 3833, 3829, 3832, 3758, 3834, 3826, 3829, 3835, 3809,
            3831, 3809, 3835, 3831, 3835, 3833, 3835, 3829, 3833, 3553, 3739, 3618, 3752, 3737, 3836, 3837, 3828, 3826,
            3838, 3618, 3739, 3837, 3826, 3834, 3839, 3840, 3786, 3828, 1459, 1452, 3821, 3779, 3840, 3779, 3786, 3840,
            3707, 3621, 3618, 3841, 3842, 3839, 3843, 3618, 3838, 3836, 3737, 3830, 3842, 3844, 3839, 1462, 1459, 3828,
            3843, 3707, 3618, 3845, 3830, 3846, 3847, 1462, 3828, 2568, 3848, 3849, 3847, 1874, 1462, 3739, 3753, 3838,
            2568, 3850, 3842, 3847, 3828, 3837, 3851, 3653, 3663, 3844, 3842, 3850, 3844, 3850, 3852, 3753, 3853, 3838,
            3850, 2568, 3849, 3853, 3843, 3838, 3854, 3847, 3855, 3851, 3663, 3856, 3847, 3837, 3855, 3852, 3850, 3849,
            3799, 3834, 3758, 3857, 3821, 3840, 3856, 3858, 3859, 3799, 3860, 3834, 3825, 3821, 3857, 3653, 3851, 3823,
            3857, 3840, 3839, 3857, 3839, 3844, 3844, 3861, 3857, 3823, 3851, 3856, 3862, 3837, 3834, 3863, 3864, 3707,
            3834, 3860, 3862, 3707, 3843, 3863, 3707, 3864, 3690, 3830, 3823, 3846, 3864, 3710, 3690, 3832, 3825, 3857,
            3865, 3710, 3864, 3866, 3862, 3860, 3857, 3867, 3832, 3846, 3823, 3856, 3867, 3857, 3868, 3799, 3807, 3860,
            3833, 3832, 3867, 3860, 3807, 3866, 3868, 3833, 3867, 3868, 3869, 3833, 3868, 3857, 3861, 3866, 3807, 3870,
            3861, 3871, 3868, 3843, 3872, 3863, 3873, 3843, 3853, 3872, 3843, 3873, 3874, 3868, 3871, 3874, 3871, 3875,
            3876, 3874, 3875, 3862, 3866, 3877, 3877, 3866, 3870, 3856, 3859, 3878, 3863, 3872, 3879, 3878, 3846, 3856,
            3864, 3863, 3880, 3880, 3865, 3864, 3879, 3880, 3863, 3861, 3844, 3871, 3844, 3852, 3871, 3752, 3836, 3805,
            3837, 3862, 3855, 3881, 3805, 3836, 3882, 3855, 3862, 3883, 3854, 3855, 3884, 3852, 3885, 3836, 3830, 3845,
            3753, 3770, 3886, 3875, 3871, 3887, 3888, 3887, 3871, 3877, 3882, 3862, 3853, 3753, 3873, 3753, 3886, 3873,
            3888, 3871, 3852, 3889, 3836, 3845, 3890, 3882, 3877, 3887, 3888, 3891, 3888, 3852, 3884, 3882, 3883, 3855,
            3884, 3891, 3888, 3545, 3556, 3892, 3893, 3883, 3882, 3883, 3893, 3894, 3845, 3846, 3895, 3896, 3894, 3893,
            3886, 3770, 3897, 3898, 3845, 3895, 3603, 3602, 3716, 3889, 3845, 3898, 3886, 3897, 3899, 3567, 3892, 3556,
            3892, 3567, 3900, 3901, 3892, 3900, 3895, 3846, 3878, 3784, 3602, 3613, 3613, 3793, 3784, 3902, 3901, 3900,
            3900, 3903, 3902, 3793, 3613, 3818, 3899, 3872, 3873, 3605, 3613, 3602, 3878, 3904, 3895, 3905, 3880, 3879,
            3906, 3575, 3574, 3907, 3879, 3872, 3908, 3814, 3818, 3908, 3820, 3814, 3818, 3909, 3908, 3907, 3905, 3879,
            3906, 3574, 3581, 3907, 3910, 3905, 3873, 3886, 3899, 3613, 3909, 3818, 3907, 3872, 3899, 3911, 3709, 3575,
            3908, 3808, 3820, 3575, 3906, 3911, 3895, 3912, 3898, 3912, 3895, 3904, 3906, 3581, 3913, 3908, 3810, 3808,
            3908, 3914, 3810, 3911, 3906, 3915, 3915, 3906, 3913, 3907, 3899, 3916, 3909, 3917, 3908, 3709, 3911, 3728,
            3790, 3773, 3918, 3728, 3911, 3915, 3909, 3613, 3622, 3622, 3613, 3612, 3545, 3892, 3581, 3913, 3581, 3892,
            3913, 3892, 3901, 3770, 3824, 3919, 3806, 3920, 3811, 3920, 3806, 3805, 3917, 3909, 3622, 3921, 3770, 3919,
            3922, 3913, 3901, 3918, 3802, 3923, 3924, 3917, 3622, 3921, 3897, 3770, 3918, 3773, 3802, 3915, 3913, 3922,
            3623, 3924, 3622, 3925, 3918, 3923, 3922, 3901, 3902, 3870, 3807, 3926, 3800, 3811, 3802, 3927, 3870, 3926,
            3923, 3802, 3811, 3920, 3923, 3811, 3927, 3928, 3870, 3929, 3923, 3920, 3890, 3877, 3870, 3930, 3890, 3870,
            3928, 3931, 3870, 3925, 3923, 3929, 3931, 3930, 3870, 3932, 3933, 3418, 3727, 3728, 3915, 3417, 3932, 3418,
            3807, 3810, 3926, 3914, 3926, 3810, 3920, 3805, 3881, 3917, 3914, 3908, 3917, 3926, 3914, 3727, 3915, 3934,
            3929, 3920, 3881, 3917, 3931, 3926, 3928, 3927, 3926, 3931, 3928, 3926, 3934, 3915, 3935, 3444, 3336, 3437,
            3733, 3727, 3936, 3937, 3929, 3938, 3938, 3929, 3881, 3417, 3437, 3932, 3934, 3936, 3727, 3938, 3881, 3889,
            3336, 3932, 3437, 3836, 3889, 3881, 3934, 3939, 3936, 3935, 3940, 3934, 3931, 3917, 3941, 3939, 3934, 3940,
            3942, 3930, 3931, 3931, 3941, 3942, 3942, 3941, 3943, 3944, 3889, 3898, 3924, 3941, 3917, 3922, 3935, 3915,
            3935, 3922, 3945, 3902, 3903, 3922, 3444, 3342, 3336, 3890, 3893, 3882, 3342, 3444, 3478, 3946, 3890, 3930,
            3945, 3922, 3903, 3930, 3947, 3946, 3946, 3893, 3890, 3948, 3935, 3945, 3600, 3611, 3598, 3600, 3949, 3611,
            3893, 3946, 3896, 3949, 3950, 3611, 3945, 3903, 3951, 3948, 3945, 3951, 3948, 3951, 3952, 3947, 3930, 3942,
            3950, 3949, 3953, 3954, 3896, 3946, 3955, 3940, 3935, 3955, 3956, 3940, 3948, 3955, 3935, 3957, 3611, 3950,
            3946, 3958, 3954, 3959, 3342, 3478, 3593, 3431, 3448, 3960, 3954, 3961, 3943, 3947, 3942, 3947, 3943, 3946,
            3609, 3611, 3957, 3957, 3614, 3609, 3958, 3946, 3943, 3962, 3593, 3963, 3958, 3961, 3954, 3593, 3448, 3812,
            3655, 3924, 3623, 3812, 3963, 3593, 3941, 3924, 3655, 3964, 3957, 3950, 3963, 3812, 3965, 3964, 3950, 3966,
            3943, 3941, 3967, 3593, 3962, 3567, 3738, 3941, 3655, 3900, 3567, 3962, 3968, 3959, 3478, 3969, 3953, 3970,
            3971, 3969, 3970, 3967, 3941, 3738, 3962, 3963, 3972, 3479, 3968, 3478, 3972, 3900, 3962, 3967, 3738, 3973,
            3903, 3900, 3972, 3971, 3974, 3975, 3441, 3440, 3454, 3967, 3958, 3943, 3971, 3975, 3976, 3977, 3958, 3967,
            3965, 3972, 3963, 3454, 3440, 3978, 3971, 3976, 3979, 3812, 3831, 3965, 3440, 3342, 3980, 3969, 3971, 3979,
            3950, 3953, 3969, 3977, 3961, 3958, 3981, 3965, 3831, 3979, 3966, 3969, 3982, 3981, 3831, 3980, 3342, 3959,
            3961, 3977, 3983, 3968, 3980, 3959, 3984, 3903, 3972, 3755, 3973, 3738, 3984, 3972, 3965, 3984, 3965, 3981,
            3440, 3980, 3978, 3973, 3755, 3760, 3979, 3985, 3966, 3933, 3983, 3977, 3973, 3977, 3967, 3760, 3977, 3973,
            3760, 3933, 3977, 3986, 3981, 3987, 3966, 3950, 3969, 3980, 3988, 3978, 3984, 3981, 3986, 3980, 3968, 3988,
            3989, 3986, 3987, 3418, 3933, 3760, 3614, 3957, 3990, 1720, 1714, 910, 3968, 3479, 3686, 1720, 910, 3349,
            3991, 1724, 1721, 1727, 1724, 3991, 3984, 3951, 3903, 3693, 3968, 3686, 3693, 3988, 3968, 1720, 1721, 1715,
            3984, 3986, 3951, 3991, 1721, 1720, 3990, 3957, 3964, 3951, 3986, 3952, 3991, 1720, 3992, 3992, 1720, 3993,
            3994, 3990, 3964, 3939, 3995, 3996, 3940, 3956, 3939, 3995, 3939, 3956, 3993, 1720, 3349, 3993, 3349, 3355,
            3955, 3948, 3952, 3454, 3997, 3459, 3998, 3997, 3454, 3999, 3985, 3979, 3489, 3459, 3997, 4000, 3955, 3952,
            3985, 3999, 4001, 3355, 4002, 3993, 3369, 4002, 3355, 3454, 3978, 3998, 4002, 3992, 3993, 3997, 4003, 3489,
            4004, 3489, 4003, 4000, 3956, 3955, 3966, 3985, 3964, 3998, 4003, 3997, 1728, 1727, 3991, 4005, 3485, 3489,
            4005, 3489, 4004, 4006, 1728, 3991, 3956, 4007, 3995, 4008, 4005, 4004, 3994, 3964, 4009, 4010, 1723, 1728,
            3985, 4009, 3964, 4004, 4003, 3998, 3998, 4011, 4004, 4007, 3956, 4012, 4004, 4011, 4013, 4006, 4010, 1728,
            3956, 4000, 4012, 4013, 4008, 4004, 4009, 3985, 4001, 1197, 1194, 1723, 4012, 4000, 4014, 1723, 1237, 1197,
            1723, 4010, 1237, 4010, 4015, 1237, 4006, 4015, 4010, 4016, 1237, 4015, 4016, 3658, 1237, 4011, 3998, 3978,
            4009, 4017, 3994, 4018, 3991, 3992, 3978, 3988, 4011, 4019, 3994, 4017, 4012, 4014, 4020, 4021, 3992, 4002,
            4020, 3974, 4012, 4021, 4018, 3992, 4018, 4006, 3991, 4011, 3988, 4022, 4009, 4001, 4023, 3975, 3974, 4020,
            4024, 4015, 4006, 4024, 4016, 4015, 4023, 4017, 4009, 4025, 4026, 3987, 4024, 4006, 4018, 3982, 3987, 3981,
            3369, 4027, 4002, 3989, 3987, 4026, 4028, 3989, 4026, 3614, 3990, 3678, 4029, 3678, 3990, 4013, 4011, 4030,
            4031, 3369, 3370, 3445, 4031, 3370, 3833, 3982, 3831, 3982, 3833, 3869, 3994, 4029, 3990, 3988, 3693, 4022,
            3987, 3982, 3869, 3994, 4019, 4029, 3868, 3874, 3869, 3869, 3874, 3876, 3369, 4031, 4027, 3876, 4025, 3869,
            4022, 3693, 3698, 4032, 4027, 4031, 3987, 3869, 4025, 4022, 3698, 3756, 3979, 3976, 4033, 4026, 4025, 4034,
            4026, 4034, 4035, 3999, 4033, 4036, 4035, 4037, 4028, 4028, 4026, 4035, 3979, 4033, 3999, 4038, 4022, 3756,
            4035, 4034, 4039, 4040, 4041, 4039, 4035, 4039, 4041, 4042, 3999, 4036, 4011, 4022, 4038, 4001, 3999, 4042,
            4043, 4044, 4024, 4025, 3876, 3875, 4038, 4030, 4011, 4025, 3875, 4045, 4001, 4042, 4046, 4021, 4043, 4018,
            4043, 4024, 4018, 3887, 4045, 3875, 3887, 4047, 4045, 4034, 4025, 4045, 4021, 4048, 4043, 4047, 3887, 3891,
            4046, 4023, 4001, 4045, 4047, 4039, 4049, 4043, 4048, 4039, 4047, 4050, 4034, 4045, 4039, 4050, 4047, 3891,
            4038, 3756, 3781, 4050, 3891, 4051, 4039, 4050, 4040, 4021, 4002, 4027, 3989, 3952, 3986, 3797, 3796, 4052,
            4053, 4021, 4027, 3952, 3989, 4028, 4017, 4054, 4019, 4021, 4053, 4048, 4005, 3796, 3485, 3796, 4005, 4008,
            4054, 4017, 4023, 4055, 4052, 3796, 4032, 4053, 4027, 4055, 3797, 4052, 4056, 4053, 4032, 4057, 3796, 4008,
            4058, 4054, 4023, 4055, 3796, 4057, 4059, 4000, 3952, 4057, 4008, 4013, 4028, 4059, 3952, 4055, 4057, 4060,
            4054, 4061, 4019, 4059, 4014, 4000, 4059, 4062, 4014, 4063, 4048, 4053, 4059, 4028, 4037, 4037, 4062, 4059,
            4064, 3797, 4055, 4063, 4049, 4048, 4063, 4065, 4049, 4055, 4060, 4064, 4064, 4060, 4057, 4054, 4058, 4061,
            4066, 3797, 4064, 4067, 3797, 4066, 4068, 4066, 4064, 3456, 3445, 3446, 4031, 3445, 4069, 4069, 3445, 3456,
            4041, 4070, 4035, 4037, 4035, 4070, 4064, 4057, 4068, 4071, 3456, 3455, 4069, 3456, 4071, 4014, 4062, 4020,
            4057, 4072, 4068, 4072, 4057, 4013, 4070, 4020, 4062, 4037, 4070, 4062, 4032, 4031, 4069, 4070, 3975, 4020,
            4073, 4032, 4069, 3856, 3663, 3858, 3678, 3858, 3663, 4073, 4074, 4075, 4076, 3858, 3678, 4071, 4074, 4069,
            4073, 4069, 4074, 3643, 4077, 3661, 4074, 4071, 4078, 3661, 4079, 3662, 4076, 3678, 4029, 4077, 3643, 3673,
            3673, 3672, 3718, 4080, 4077, 3673, 4077, 4081, 3661, 4082, 4068, 4072, 4081, 4077, 4080, 4083, 3661, 4081,
            3471, 4084, 3455, 3455, 4078, 4071, 4078, 3455, 4084, 4019, 4076, 4029, 4067, 3813, 3797, 4067, 4085, 3813,
            4085, 3824, 3813, 4084, 3471, 3484, 4080, 3673, 3718, 4080, 3718, 4086, 3719, 4087, 3718, 4086, 3718, 4087,
            4084, 3484, 4088, 4078, 4084, 4089, 4090, 4080, 4086, 4067, 4066, 4091, 4089, 4084, 4092, 4093, 4090, 4086,
            3859, 3858, 4094, 4092, 4084, 4088, 3699, 4087, 3719, 4087, 3699, 3722, 4067, 4091, 4085, 4093, 4086, 4087,
            4019, 4095, 4076, 4078, 4096, 4074, 4097, 4078, 4098, 4096, 4078, 4097, 4089, 4098, 4078, 4076, 4094, 3858,
            4095, 4094, 4076, 3919, 3824, 4099, 3722, 4100, 4087, 3452, 4089, 4092, 3824, 4085, 4099, 4098, 4089, 3452,
            3733, 4100, 3722, 4098, 3452, 4097, 4101, 4097, 3452, 4094, 4095, 4102, 4032, 4073, 4056, 3662, 4079, 3742,
            4091, 4066, 4068, 4016, 3668, 3658, 4024, 3668, 4016, 3759, 3755, 3743, 3668, 4024, 3667, 4044, 3667, 4024,
            4085, 4091, 4103, 4104, 3742, 4079, 4105, 4103, 4091, 4044, 3669, 3667, 3742, 3759, 3743, 3670, 3669, 4044,
            4044, 3675, 3670, 4019, 4061, 4095, 4068, 4082, 4091, 4106, 3759, 3742, 4106, 3742, 4104, 4091, 4082, 4105,
            4095, 4061, 4107, 4083, 4079, 3661, 4108, 4099, 4085, 4108, 4085, 4103, 4105, 4108, 4103, 4109, 4044, 4043,
            3859, 4094, 4110, 4111, 4104, 4079, 4099, 4108, 4112, 4081, 4113, 4083, 4113, 4081, 4080, 4083, 4113, 4079,
            4114, 3675, 4044, 4080, 4115, 4113, 4113, 4111, 4079, 4110, 4094, 4102, 4114, 4044, 4109, 4116, 4117, 4111,
            4114, 3708, 3675, 4113, 4115, 4111, 4112, 4108, 4118, 4105, 4118, 4108, 4116, 4111, 4115, 4049, 4109, 4043,
            4111, 4117, 4104, 4030, 4072, 4013, 4119, 4114, 4109, 4120, 4072, 4030, 4121, 4122, 4123, 4065, 4109, 4049,
            4116, 4124, 4117, 4124, 4116, 4125, 4117, 4126, 4104, 4109, 4065, 4119, 4126, 4117, 4124, 4127, 4104, 4126,
            4128, 4126, 4124, 4128, 4124, 4125, 4120, 4030, 4038, 3859, 4110, 3878, 3904, 3878, 4110, 4114, 4119, 3713,
            3781, 4120, 4038, 3418, 3760, 3759, 3759, 3419, 3418, 4121, 3904, 4110, 3759, 4106, 4129, 4129, 3419, 3759,
            3713, 3708, 4114, 3904, 4121, 4130, 4120, 4131, 4072, 4072, 4131, 4082, 3713, 4119, 4132, 4110, 4122, 4121,
            4129, 4106, 4133, 4120, 4134, 4131, 4102, 4095, 4107, 4135, 4053, 4056, 4129, 3425, 3419, 4102, 4107, 4136,
            4135, 4063, 4053, 3434, 4129, 4133, 3434, 3425, 4129, 4134, 4120, 3781, 4110, 4102, 4122, 4137, 4134, 3781,
            4127, 4106, 4104, 4122, 4102, 4136, 4138, 4106, 4127, 4127, 4139, 4138, 4133, 4106, 4138, 4101, 4096, 4097,
            4126, 4140, 4127, 4126, 4128, 4140, 4140, 4128, 4141, 4142, 4140, 4141, 4143, 4136, 4107, 4139, 4127, 4140,
            4142, 4139, 4140, 4139, 4144, 4138, 4139, 4142, 4144, 4105, 4082, 4118, 4142, 4145, 4144, 4142, 4146, 4145,
            4147, 4056, 4073, 4075, 4147, 4073, 4147, 4075, 4148, 4133, 4138, 4144, 4149, 4122, 4136, 4074, 4096, 4075,
            3434, 4133, 3464, 4148, 4075, 4096, 4123, 4122, 4149, 4096, 4150, 4148, 4146, 4151, 4145, 4151, 4146, 3467,
            4147, 4135, 4056, 4152, 4136, 4143, 4144, 3464, 4133, 3464, 4144, 4145, 4153, 4082, 4131, 3464, 4145, 4151,
            3467, 3464, 4151, 4147, 4154, 4135, 4155, 4090, 4093, 4152, 4149, 4136, 4147, 4148, 4154, 4115, 4080, 4090,
            4115, 4090, 4155, 4156, 4155, 4093, 4155, 4156, 4115, 4157, 4115, 4156, 4148, 4150, 4158, 4153, 4118, 4082,
            4153, 4159, 4118, 4158, 4160, 4148, 4148, 4160, 4154, 4156, 4087, 4100, 4087, 4156, 4093, 4100, 4161, 4156,
            4101, 4162, 4096, 4096, 4162, 4163, 4115, 4157, 4116, 4125, 4116, 4157, 4150, 4096, 4163, 4157, 4164, 4125,
            4165, 4166, 4046, 4164, 4157, 4156, 4167, 4159, 4153, 4150, 4163, 4168, 4058, 4046, 4166, 4023, 4046, 4058,
            4156, 4169, 4164, 4101, 3451, 4162, 4131, 4134, 4153, 4163, 4162, 3451, 4169, 4156, 4161, 3451, 4101, 3452,
            4163, 3451, 3457, 4128, 4125, 4164, 4170, 4153, 4134, 4158, 4150, 4168, 4163, 4171, 4168, 4172, 4158, 4168,
            4173, 4170, 4134, 4172, 4168, 4171, 4163, 3457, 4171, 4058, 4166, 4174, 4170, 4167, 4153, 4175, 4100, 3733,
            4161, 4100, 4175, 3457, 3469, 4171, 4172, 4171, 3469, 3996, 3733, 3936, 3996, 4175, 3733, 4166, 4176, 4177,
            4178, 4158, 4172, 4179, 4119, 4065, 4169, 4161, 4180, 4132, 4119, 4179, 4181, 4167, 4170, 4170, 4182, 4181,
            4175, 4183, 4180, 4180, 4161, 4175, 4061, 4058, 4174, 4063, 4184, 4065, 4141, 4128, 4164, 4174, 4166, 4185,
            4186, 3919, 4099, 4141, 4164, 4187, 4187, 4164, 4169, 4186, 3921, 3919, 4188, 3921, 4186, 4189, 4184, 4190,
            4184, 4063, 4135, 4190, 4184, 4135, 4177, 4185, 4166, 4185, 4177, 4191, 4192, 4187, 4169, 4184, 4179, 4065,
            4146, 4142, 4141, 4146, 4141, 4187, 4179, 4184, 4189, 3467, 4146, 4187, 4188, 3897, 3921, 4187, 3588, 3467,
            4190, 4193, 4189, 3588, 4187, 4192, 4194, 3897, 4188, 4189, 4195, 4179, 4196, 4185, 4191, 3588, 4192, 3594,
            4197, 4186, 4099, 4112, 4197, 4099, 4193, 4190, 4198, 4193, 4195, 4189, 4186, 4197, 4188, 4199, 4180, 4200,
            4200, 4180, 4183, 4198, 4195, 4193, 4143, 4174, 4185, 4118, 4197, 4112, 4174, 4107, 4061, 4201, 4188, 4197,
            4118, 4201, 4197, 4143, 4107, 4174, 4169, 4180, 4199, 4199, 4192, 4169, 4196, 4202, 4185, 4203, 4132, 4179,
            4185, 4202, 4143, 3594, 4192, 4199, 4199, 3599, 3594, 4201, 4204, 4188, 4188, 4204, 4194, 3599, 4199, 4200,
            4205, 4204, 4201, 3603, 3713, 4132, 4152, 4143, 4202, 4194, 4204, 4206, 3599, 4200, 4207, 4208, 3603, 4132,
            4152, 4202, 4209, 4210, 4206, 4204, 4211, 3899, 3897, 4207, 3600, 3599, 4208, 3601, 3603, 3996, 3936, 3939,
            3780, 4137, 3781, 4194, 4211, 3897, 4212, 4132, 4203, 3996, 4183, 4175, 3789, 4137, 3780, 4183, 3996, 3995,
            4183, 3995, 4213, 4211, 3916, 3899, 4212, 4208, 4132, 4213, 3995, 4007, 4208, 3610, 3601, 4208, 4212, 3610,
            4137, 3789, 4214, 4215, 3916, 4211, 3610, 4212, 3625, 4216, 4215, 4211, 4195, 4203, 4179, 4200, 4183, 4207,
            4183, 4213, 4207, 4203, 4195, 4212, 4206, 4217, 4194, 4211, 4194, 4217, 4218, 4213, 4007, 4134, 4137, 4173,
            4137, 4214, 4173, 4219, 4212, 4195, 4212, 4219, 4220, 4198, 4221, 4195, 4219, 4195, 4221, 4222, 4223, 4206,
            4223, 4217, 4206, 4182, 4170, 4173, 4217, 4223, 4224, 4216, 4211, 4217, 4207, 4213, 3949, 3949, 4213, 4218,
            4217, 4224, 4216, 4225, 3912, 3904, 3970, 3949, 4218, 3953, 3949, 3970, 3635, 4219, 4221, 3600, 4207, 3949,
            4218, 4007, 3970, 4212, 4220, 3625, 4012, 3970, 4007, 3630, 3625, 4220, 3970, 4012, 3974, 4219, 3634, 4220,
            4214, 3789, 3790, 4214, 3790, 4226, 3630, 4220, 3634, 3971, 3970, 3974, 3635, 3634, 4219, 4159, 4205, 4118,
            4118, 4205, 4201, 4135, 4154, 4190, 4210, 4204, 4205, 4154, 4227, 4190, 4154, 4160, 4227, 4210, 4205, 4222,
            3351, 4228, 3387, 4229, 4173, 4214, 4160, 4158, 4230, 1874, 1875, 1873, 4160, 4231, 4227, 4230, 4231, 4160,
            4232, 1875, 1874, 4233, 4231, 4230, 4198, 4190, 4227, 4226, 3790, 3918, 4234, 4205, 4159, 4232, 1880, 1875,
            4231, 4198, 4227, 3854, 1874, 3847, 4232, 1874, 3854, 4235, 4198, 4236, 4237, 4205, 4234, 4159, 4167, 4234,
            4238, 4232, 3854, 3918, 4239, 4226, 4233, 4240, 4231, 4241, 4226, 4239, 4236, 4231, 4240, 4236, 4198, 4231,
            3929, 3937, 3925, 4242, 1880, 4232, 4239, 3918, 3925, 3925, 4243, 4239, 4243, 3925, 3937, 4230, 4158, 4178,
            4244, 4234, 4167, 4242, 4232, 4238, 4233, 4230, 4245, 4230, 4178, 4245, 4245, 4178, 3503, 4246, 4239, 4243,
            3937, 4247, 4243, 4248, 2, 1880, 4243, 4247, 4246, 4249, 0, 2, 4178, 4172, 3469, 3503, 4178, 3469,
            4248, 4249, 2, 4167, 4250, 4244, 4250, 4167, 4181, 4239, 4246, 4241, 3497, 3503, 3469, 4251, 4241, 4246,
            4242, 4248, 1880, 4226, 4229, 4214, 4229, 4226, 4241, 4252, 4233, 4245, 4245, 3502, 4252, 4253, 4248, 4242,
            4241, 4251, 4229, 4240, 4233, 4252, 4252, 4254, 4240, 4255, 4229, 4251, 4254, 4252, 3502, 4248, 4256, 4249,
            4256, 4257, 4249, 4234, 4244, 4237, 4253, 4256, 4248, 3503, 3502, 4245, 4258, 4246, 4247, 3854, 3883, 4238,
            4246, 4259, 4251, 4259, 4246, 4258, 3502, 3534, 4254, 4238, 4260, 4242, 4206, 4210, 4222, 4261, 3883, 3894,
            4261, 4238, 3883, 4198, 4235, 4221, 4262, 4182, 4173, 4222, 4263, 4223, 4205, 4264, 4222, 3635, 4221, 4235,
            4229, 4262, 4173, 4264, 4205, 4237, 4265, 4261, 3894, 4261, 4260, 4238, 4263, 4222, 4264, 4240, 4266, 4236,
            4263, 4264, 4267, 4268, 4235, 4236, 4261, 4265, 4269, 4263, 4224, 4223, 4268, 4236, 4266, 4269, 4260, 4261,
            4266, 4270, 4268, 4270, 4266, 4271, 4235, 4268, 3635, 4224, 4263, 4272, 4229, 4273, 4262, 4274, 4242, 4260,
            4275, 4262, 4273, 4274, 4253, 4242, 4263, 4267, 4272, 4228, 4256, 4253, 4276, 4256, 4228, 4228, 4253, 4274,
            3635, 4268, 4277, 4277, 4268, 4270, 3677, 3635, 4277, 4278, 4274, 4260, 4279, 4181, 4182, 4269, 4278, 4260,
            4277, 3681, 3677, 4182, 4262, 4279, 3387, 4228, 4274, 4240, 4271, 4266, 4271, 4240, 4254, 4274, 4278, 3387,
            3534, 4271, 4254, 4280, 4271, 3534, 4279, 4262, 4275, 4281, 4264, 4237, 3351, 4276, 4228, 4237, 4244, 4281,
            3701, 4270, 4271, 4277, 4270, 3701, 4280, 3701, 4271, 4276, 3351, 4282, 3681, 4277, 3701, 4283, 4279, 4275,
            4284, 4282, 3351, 4280, 3703, 3701, 4275, 4285, 4283, 3352, 3351, 3387, 4280, 3534, 3535, 3575, 4280, 3535,
            4229, 4255, 4273, 4264, 4281, 4267, 3354, 4284, 3351, 3703, 4280, 3575, 4251, 4259, 4255, 3480, 4088, 3484,
            4284, 4286, 4282, 4088, 3480, 3592, 4273, 4255, 4287, 4255, 4288, 4287, 4088, 3592, 4289, 4281, 4290, 4267,
            3592, 3596, 4289, 4291, 4273, 4287, 4292, 3510, 3512, 4292, 4284, 3364, 4292, 3364, 3510, 4293, 4267, 4290,
            4259, 4288, 4255, 4294, 4259, 4258, 3364, 4284, 3354, 4287, 4288, 4259, 4259, 4295, 4287, 4289, 4296, 4088,
            4275, 4273, 4291, 4088, 4297, 4092, 4285, 4275, 4291, 3510, 3364, 3526, 3366, 3526, 3364, 4244, 4250, 4298,
            3, 0, 137, 3452, 4092, 4297, 4257, 137, 0, 4257, 0, 4249, 4291, 4299, 4285, 4244, 4298, 4300,
            4297, 4088, 4296, 4291, 4287, 4295, 4286, 137, 4257, 4281, 4244, 4300, 4286, 143, 137, 4295, 4259, 4301,
            4296, 3475, 4297, 4299, 4291, 4295, 4276, 4257, 4256, 4290, 4281, 4300, 4276, 4286, 4257, 4300, 4302, 4290,
            4289, 3596, 3586, 4303, 4289, 3586, 4282, 4286, 4276, 4247, 3937, 3938, 4304, 143, 4286, 4304, 163, 143,
            4304, 3573, 163, 4303, 3586, 4305, 4247, 3938, 4306, 163, 3573, 3561, 3561, 180, 163, 4302, 4293, 4290,
            3938, 3889, 4306, 3889, 3944, 4306, 4292, 3573, 4304, 4284, 4304, 4286, 4304, 4284, 4292, 4289, 4307, 4296,
            4307, 4289, 4303, 4296, 4307, 3475, 3573, 4292, 3512, 3848, 4308, 3849, 4305, 4307, 4303, 1570, 1575, 2572,
            4297, 3453, 3452, 4297, 3458, 3453, 4258, 4247, 4309, 1574, 4310, 1575, 4294, 4258, 4309, 3475, 3458, 4297,
            2572, 4311, 4308, 4311, 2572, 1575, 4312, 3894, 3896, 4313, 4308, 4311, 4247, 4306, 4309, 1575, 4314, 4311,
            4265, 3894, 4312, 4310, 4314, 1575, 4314, 4315, 4311, 4315, 4314, 4310, 4309, 4306, 4316, 4308, 4313, 3849,
            4307, 4317, 3475, 4309, 4316, 4318, 3849, 3885, 3852, 4319, 4320, 4265, 3849, 4313, 3885, 4320, 4269, 4265,
            4265, 4312, 4319, 3944, 3898, 3912, 3312, 3334, 4307, 4305, 3312, 4307, 4311, 4321, 4313, 4317, 4307, 3334,
            4321, 4311, 4315, 3896, 3954, 4312, 4306, 3944, 4316, 3960, 4312, 3954, 4322, 4319, 4312, 3477, 3475, 4317,
            4323, 4316, 3944, 3477, 4317, 3482, 3482, 4317, 3334, 3912, 4225, 3944, 4312, 3960, 4324, 4324, 4322, 4312,
            4325, 4310, 1574, 4225, 4323, 3944, 3482, 3334, 3335, 4325, 1574, 1590, 4326, 4319, 4327, 3483, 3482, 3335,
            4315, 4310, 4325, 4328, 4325, 1590, 4315, 4325, 4328, 4319, 4322, 4329, 4319, 4329, 4327, 1618, 1590, 1586,
            4278, 4269, 4320, 4330, 3640, 4331, 4318, 4316, 4323, 4330, 3637, 3640, 4332, 1590, 4333, 4278, 4320, 4334,
            3388, 3387, 4278, 4323, 4225, 4335, 3651, 1067, 4336, 4321, 4315, 4328, 4278, 4334, 3388, 3399, 3388, 4334,
            4336, 1067, 2377, 3388, 3399, 3357, 2377, 2400, 4336, 4337, 4323, 4335, 4326, 4320, 4319, 4336, 4338, 3651,
            4339, 4321, 4328, 4327, 4340, 4326, 4320, 4326, 4334, 4334, 4326, 4340, 4328, 1590, 4332, 4340, 4327, 3298,
            3298, 4334, 4340, 4336, 2400, 4341, 4329, 3300, 4327, 3298, 4327, 3299, 4328, 4332, 4339, 3399, 4334, 3298,
            4342, 4309, 4318, 4332, 4343, 4339, 4338, 3640, 3651, 4331, 3640, 4338, 3310, 3399, 3298, 3961, 4324, 3960,
            4344, 3885, 4313, 4345, 4322, 4324, 4342, 4294, 4309, 4301, 4294, 4342, 4329, 4322, 4345, 3884, 3885, 4344,
            3337, 4329, 4345, 4346, 4342, 4318, 4346, 4318, 4347, 4294, 4301, 4259, 4344, 4313, 4321, 4331, 4338, 3341,
            3983, 4324, 3961, 4301, 4342, 4346, 4345, 4324, 3983, 3317, 4331, 3341, 4321, 4348, 4344, 4338, 4336, 4341,
            4349, 4344, 4348, 4338, 4341, 3341, 4345, 3983, 4350, 3341, 4341, 4351, 4352, 4295, 4301, 4352, 4301, 4346,
            2400, 2421, 4341, 4349, 4348, 4353, 3891, 3884, 4354, 3983, 3933, 4350, 2421, 4351, 4341, 4351, 2421, 4355,
            4350, 3933, 3932, 4356, 4346, 4357, 4352, 4346, 4356, 4349, 4354, 4344, 4354, 3884, 4344, 4351, 4355, 3360,
            3360, 4355, 2424, 4323, 4358, 4318, 4345, 4350, 3337, 3336, 3337, 4350, 4351, 3340, 3341, 3340, 4351, 3344,
            3336, 4350, 3932, 4347, 4318, 4358, 4347, 4358, 4359, 3300, 4329, 4360, 4327, 3300, 3299, 4337, 4358, 4323,
            4348, 4321, 4339, 3337, 4360, 4329, 3300, 4360, 3318, 3344, 4351, 3360, 3337, 3318, 4360, 3329, 3318, 3337,
            3359, 3344, 3360, 3329, 3316, 3318, 4358, 4337, 4359, 4339, 4361, 4348, 4353, 4348, 4361, 3637, 4305, 3586,
            4357, 4347, 4359, 4362, 4305, 3637, 4330, 4362, 3637, 4361, 4339, 4343, 4362, 4330, 3313, 4305, 4362, 3313,
            4359, 4363, 4364, 4365, 4359, 4364, 4305, 3313, 3312, 4346, 4347, 4357, 4331, 3317, 4330, 3313, 4330, 3317,
            4361, 4366, 4353, 4366, 4349, 4353, 4357, 4359, 4365, 4181, 4279, 4250, 4361, 4367, 4366, 4279, 4368, 4250,
            4279, 4283, 4368, 4333, 1590, 1618, 4369, 1618, 1619, 4370, 4333, 1618, 4370, 1618, 4369, 4250, 4368, 4298,
            4369, 1619, 4371, 4372, 4333, 4370, 4332, 4333, 4372, 4373, 4370, 4369, 4372, 4343, 4332, 4343, 4372, 4370,
            4374, 4368, 4283, 4370, 4373, 4343, 4369, 4375, 4376, 4377, 4373, 4376, 4374, 4298, 4368, 4369, 4376, 4373,
            4378, 4376, 4375, 4371, 1619, 1624, 4298, 4374, 4379, 1624, 4375, 4371, 4375, 1624, 1627, 4283, 4285, 4380,
            4380, 4285, 4299, 4381, 4283, 4380, 4283, 4382, 4374, 4381, 4382, 4283, 4375, 1627, 4383, 4380, 4384, 4381,
            1626, 4385, 1627, 4375, 4369, 4371, 4299, 4384, 4380, 4384, 4299, 4295, 4378, 4375, 4386, 4386, 4375, 4383,
            4384, 4387, 4388, 4385, 4383, 1627, 4382, 4381, 4389, 4389, 4390, 4382, 4389, 4388, 4390, 4385, 4391, 4383,
            4391, 4385, 4392, 4388, 4393, 4390, 4390, 4394, 4382, 4394, 4390, 4393, 4384, 4388, 4381, 4389, 4381, 4388,
            4377, 4343, 4373, 4387, 4395, 4388, 4396, 4343, 4377, 4343, 4396, 4361, 4397, 4393, 4388, 4397, 4388, 4395,
            4298, 4379, 4300, 4398, 4377, 4376, 4398, 4376, 4378, 4399, 4302, 4300, 4399, 4300, 4379, 4396, 4377, 4398,
            4400, 4396, 4398, 4396, 4367, 4361, 4367, 4396, 4401, 4379, 4374, 4402, 4402, 4374, 4382, 4382, 4394, 4402,
            4402, 4399, 4379, 4396, 4400, 4401, 4394, 4403, 4402, 4398, 4378, 4386, 4404, 4386, 4405, 4399, 4406, 4302,
            4386, 4404, 4398, 4405, 4386, 4383, 4383, 4391, 4405, 4399, 4402, 4407, 4408, 4405, 4391, 4403, 4407, 4402,
            4408, 4404, 4405, 4409, 4404, 4408, 4391, 4410, 4408, 4398, 4404, 4400, 4400, 4404, 4409, 4409, 4408, 4410,
            4409, 4410, 4411, 4412, 4394, 4393, 4393, 4397, 4412, 4411, 4410, 4413, 4414, 4394, 4412, 4395, 4415, 4397,
            4416, 4041, 4417, 4397, 4418, 4412, 4418, 4397, 4415, 4417, 4419, 4420, 4394, 4414, 4403, 4051, 3891, 4354,
            4403, 4414, 4421, 4050, 4051, 4422, 4414, 4418, 4423, 4421, 4414, 4423, 4040, 4050, 4422, 4412, 4418, 4414,
            4422, 4051, 4419, 4051, 4424, 4419, 4415, 4425, 4418, 4051, 4354, 4426, 4426, 4354, 4349, 4423, 4418, 4425,
            4427, 4423, 4425, 4424, 4051, 4426, 4387, 4295, 4352, 4295, 4387, 4384, 4424, 4426, 4428, 4041, 4040, 4422,
            4041, 4422, 4417, 4417, 4422, 4419, 4352, 4429, 4387, 4420, 4419, 4424, 4420, 4424, 4430, 4428, 4430, 4424,
            4429, 4352, 4356, 4431, 4420, 4430, 4429, 4356, 4432, 4395, 4387, 4429, 4426, 4349, 4366, 4426, 4433, 4428,
            4429, 4434, 4395, 4433, 4426, 4366, 4433, 4366, 4435, 4434, 4429, 4436, 4432, 4436, 4429, 4435, 4366, 4367,
            4437, 4356, 4357, 4432, 4356, 4437, 4430, 4428, 4433, 4438, 4430, 4433, 4438, 4433, 4439, 4437, 4357, 4365,
            4431, 4430, 4438, 4440, 4438, 4439, 4439, 4433, 4435, 4441, 4439, 4435, 4437, 4365, 4442, 4439, 4441, 4440,
            4441, 4443, 4440, 4444, 4440, 4443, 4445, 4432, 4437, 4443, 4441, 4446, 4445, 4447, 4432, 4447, 4436, 4432,
            4070, 4041, 4416, 4445, 4437, 4442, 4448, 4447, 4445, 4448, 4445, 4442, 4417, 4420, 4416, 4431, 4449, 4420,
            4420, 4450, 4416, 4451, 4436, 4447, 4450, 4420, 4449, 4452, 4451, 4447, 4416, 4453, 4070, 4453, 4416, 4450,
            4452, 4447, 4448, 4452, 4448, 4454, 3975, 4070, 4453, 4453, 3976, 3975, 4033, 4453, 4450, 4033, 4450, 4036,
            4415, 4395, 4434, 4033, 3976, 4453, 4434, 4455, 4415, 4450, 4449, 4036, 4449, 4431, 4444, 4438, 4444, 4431,
            4455, 4434, 4436, 4436, 4451, 4456, 4425, 4415, 4455, 4457, 4449, 4444, 4443, 4457, 4444, 4436, 4456, 4455,
            4458, 4455, 4456, 4457, 4443, 4459, 4456, 4451, 4452, 4036, 4449, 4457, 4452, 4460, 4456, 4458, 4456, 4461,
            4461, 4456, 4460, 4454, 4460, 4452, 4225, 3904, 4130, 4042, 4036, 4457, 4042, 4457, 4165, 4440, 4444, 4438,
            4446, 4462, 4443, 4463, 4435, 4367, 4463, 4441, 4435, 4121, 4123, 4464, 4130, 4121, 4464, 4463, 4367, 4401,
            4465, 4130, 4464, 4466, 4401, 4467, 4463, 4401, 4466, 4130, 4468, 4469, 4465, 4464, 4470, 4465, 4468, 4130,
            4471, 4441, 4463, 4446, 4441, 4471, 4471, 4462, 4446, 4470, 4468, 4465, 4472, 4462, 4471, 4473, 4123, 4149,
            4464, 4123, 4473, 4471, 4463, 4466, 4473, 4149, 4474, 4466, 4472, 4471, 4472, 4466, 4475, 4476, 4474, 4149,
            4467, 4400, 4409, 4401, 4400, 4467, 4467, 4409, 4411, 4411, 4477, 4467, 4476, 4478, 4474, 4479, 4478, 4476,
            4411, 4413, 4477, 4413, 4480, 4477, 4481, 4466, 4467, 4470, 4464, 4473, 4475, 4466, 4481, 4473, 4474, 4478,
            4478, 4470, 4473, 4481, 4467, 4477, 4477, 4482, 4481, 4482, 4477, 4480, 4483, 4481, 4482, 4484, 4468, 4470,
            4459, 4443, 4462, 4485, 4459, 4472, 4485, 4176, 4459, 4486, 4487, 4485, 4478, 4488, 4470, 4046, 4042, 4165,
            4165, 4457, 4459, 4489, 4484, 4470, 4165, 4459, 4176, 4489, 4470, 4488, 4166, 4165, 4176, 4478, 4479, 4488,
            4485, 4487, 4176, 4479, 4490, 4488, 4177, 4176, 4487, 4489, 4488, 4491, 4491, 4488, 4492, 4459, 4462, 4472,
            4488, 4490, 4492, 4472, 4475, 4485, 4490, 4493, 4492, 4493, 4494, 4492, 4485, 4475, 4486, 4487, 4486, 4495,
            4487, 4496, 4497, 4196, 4498, 4202, 4177, 4487, 4191, 4191, 4487, 4497, 4498, 4499, 4202, 4500, 4501, 4497,
            4501, 4500, 4502, 4191, 4497, 4501, 4498, 4503, 4504, 4504, 4505, 4498, 4191, 4501, 4196, 4505, 4506, 4498,
            4505, 4507, 4506, 4196, 4501, 4508, 4499, 4498, 4506, 4483, 4475, 4481, 4475, 4495, 4486, 4495, 4475, 4483,
            4496, 4495, 4483, 4496, 4487, 4495, 4500, 4483, 4482, 4209, 4202, 4499, 4500, 4496, 4483, 4497, 4496, 4500,
            1844, 4509, 1626, 4499, 4510, 4479, 4385, 1626, 4509, 4506, 4510, 4499, 4509, 1844, 4511, 4512, 4507, 4513,
            4511, 1844, 1845, 4392, 4385, 4509, 4514, 4507, 4512, 4515, 4516, 4512, 4517, 4392, 4509, 4514, 4512, 4516,
            4517, 4511, 4518, 4511, 4517, 4509, 4507, 4510, 4506, 4510, 4507, 4514, 4519, 4510, 4514, 1852, 4520, 1845,
            4511, 1845, 4521, 4521, 1845, 4520, 4516, 4519, 4514, 1853, 4520, 1852, 4522, 4510, 4519, 4507, 4505, 4513,
            4523, 4520, 1853, 4524, 4512, 4513, 4525, 4521, 4520, 4518, 4511, 4521, 4209, 4149, 4152, 4526, 4518, 4521,
            4209, 4476, 4149, 4499, 4476, 4209, 4521, 4525, 4527, 4526, 4521, 4527, 4476, 4499, 4479, 4528, 4520, 4523,
            4525, 4520, 4528, 4528, 4529, 4525, 4479, 4510, 4522, 4392, 4517, 4530, 4392, 4530, 4391, 4479, 4522, 4490,
            4410, 4391, 4530, 4530, 4517, 4531, 4532, 4517, 4518, 4532, 4531, 4517, 4532, 4533, 4531, 4490, 4522, 4534,
            4530, 4413, 4410, 4413, 4530, 4531, 4493, 4490, 4534, 4535, 4413, 4531, 4522, 4519, 4534, 4535, 4531, 4533,
            4533, 4532, 4536, 4537, 4413, 4535, 4535, 4533, 4536, 4532, 4518, 4526, 4492, 4494, 4491, 4532, 4526, 4536,
            4527, 4538, 4526, 4527, 4525, 4529, 4539, 4494, 4540, 4541, 4527, 4529, 4526, 4542, 4536, 4542, 4526, 4538,
            4535, 4536, 4543, 4543, 4536, 4542, 4519, 4516, 4544, 4544, 4545, 4519, 4538, 4527, 4541, 4546, 4538, 4547,
            4534, 4519, 4545, 4547, 4538, 4541, 4547, 4541, 4548, 1881, 4523, 1853, 4545, 4544, 4549, 4523, 1881, 4550,
            4528, 4523, 4551, 4550, 1881, 1877, 4515, 3371, 4516, 4550, 1877, 1882, 4523, 4550, 4551, 3371, 4552, 4516,
            4544, 4516, 4552, 4552, 3371, 3376, 3376, 4553, 4552, 4544, 4552, 4554, 4553, 4554, 4552, 4554, 4553, 4555,
            4554, 4549, 4544, 4549, 4554, 4555, 4550, 4556, 4551, 4555, 4557, 4549, 4553, 3376, 3406, 4553, 3406, 4558,
            4559, 1882, 1885, 4559, 4550, 1882, 4560, 1885, 1887, 4558, 3406, 3412, 4558, 3412, 4561, 4559, 1885, 4560,
            4561, 3412, 4562, 4560, 1887, 4563, 4555, 4553, 4558, 4556, 4550, 4559, 4557, 4555, 4558, 4559, 4564, 4556,
            4565, 4558, 4561, 4558, 4565, 4557, 4565, 4561, 4566, 4564, 4559, 4560, 4564, 4560, 4567, 4567, 4560, 4563,
            4568, 4534, 4569, 4534, 4568, 4493, 4570, 4529, 4528, 4545, 4569, 4534, 4570, 4528, 4551, 4541, 4529, 4570,
            4541, 4570, 4571, 4569, 4572, 4568, 4551, 4556, 4570, 4570, 4556, 4573, 4571, 4570, 4574, 4569, 4545, 4549,
            4574, 4570, 4573, 4569, 4549, 4557, 4541, 4571, 4548, 4575, 4548, 4571, 4547, 4548, 4575, 4571, 4576, 4575,
            4571, 4577, 4576, 4568, 4494, 4493, 4574, 3301, 3303, 4574, 4578, 4571, 4577, 4571, 4578, 4578, 4574, 3303,
            4572, 4579, 4568, 4540, 4494, 4568, 4568, 4579, 4540, 4556, 4580, 4573, 3301, 4573, 4580, 4564, 4580, 4556,
            4572, 4569, 4557, 4580, 4564, 4567, 4567, 4581, 4580, 4572, 4557, 4582, 4573, 3301, 4574, 4580, 3308, 3301,
            4565, 4582, 4557, 4565, 4583, 4582, 3302, 3301, 3308, 3320, 4580, 4581, 4580, 3320, 3308, 4540, 4579, 4584,
            4572, 4584, 4579, 4480, 4413, 4537, 4584, 4572, 4582, 4480, 4537, 4585, 4537, 4535, 4543, 4586, 4537, 4543,
            4584, 4582, 4587, 4482, 4480, 4585, 4587, 4582, 4583, 4130, 4335, 4225, 4469, 4335, 4130, 4585, 4537, 4586,
            4337, 4335, 4469, 4588, 4585, 4586, 4484, 4469, 4468, 4363, 4337, 4469, 4543, 4542, 4538, 4363, 4469, 4484,
            4359, 4337, 4363, 4586, 4543, 4546, 4546, 4543, 4538, 4589, 4484, 4489, 4364, 4363, 4589, 4589, 4363, 4484,
            3347, 4590, 4591, 4590, 4586, 4546, 4590, 4546, 4591, 4546, 4592, 4591, 4501, 4502, 4508, 4593, 4489, 4491,
            4196, 4508, 4498, 4498, 4508, 4503, 4365, 4364, 4594, 4500, 4482, 4595, 4595, 4482, 4585, 4593, 4596, 4589,
            4595, 4585, 4588, 4364, 4589, 4596, 4595, 4502, 4500, 4502, 4595, 4597, 4597, 4508, 4502, 4364, 4596, 4594,
            4596, 4593, 4598, 4588, 4597, 4595, 4599, 4597, 4588, 4598, 4594, 4596, 4600, 4594, 4598, 4442, 4365, 4594,
            4597, 4503, 4508, 4594, 4601, 4442, 4599, 4588, 4602, 4503, 4597, 4599, 4504, 4503, 4599, 4448, 4442, 4601,
            4599, 4505, 4504, 4586, 4602, 4588, 4602, 4586, 4590, 4589, 4489, 4593, 4602, 4590, 3372, 4494, 4593, 4491,
            4539, 4593, 4494, 3347, 3372, 4590, 3372, 3347, 3346, 4593, 4539, 4598, 4599, 4602, 3372, 4524, 4599, 3372,
            4513, 4505, 4599, 4513, 4599, 4524, 4540, 4603, 4539, 4594, 4600, 4601, 4512, 4524, 4515, 3372, 4515, 4524,
            4600, 4604, 4601, 4515, 3372, 3371, 4547, 4575, 4592, 4604, 4448, 4601, 4592, 4575, 4576, 4577, 4592, 4576,
            4546, 4547, 4592, 4604, 4454, 4448, 4598, 4605, 4600, 4577, 4578, 3304, 3304, 4578, 3303, 4604, 4600, 4606,
            4600, 4605, 4606, 4592, 4577, 3314, 3314, 4577, 3304, 3345, 3347, 4591, 4454, 4604, 4607, 3345, 4591, 4592,
            3345, 4592, 3314, 3333, 3345, 3314, 4606, 4607, 4604, 4606, 4608, 4607, 4539, 4605, 4598, 4603, 4605, 4539,
            4609, 4605, 4603, 4610, 4603, 4540, 4609, 4603, 4610, 4609, 4611, 4608, 4610, 4611, 4609, 4611, 4610, 4612,
            4609, 4606, 4605, 4606, 4609, 4608, 4613, 4608, 4611, 4584, 4610, 4540, 4610, 4584, 4612, 4587, 4612, 4584,
            2571, 4308, 3848, 2572, 4308, 2571, 2494, 2495, 3383, 2424, 4355, 2421, 2561, 3786, 2547, 3383, 2495, 3767,
            2424, 2478, 2481, 3360, 2424, 2481, 3767, 2495, 2538, 2482, 3361, 2481, 3360, 2481, 3361, 2489, 3361, 2482,
            3786, 2561, 3839, 2483, 2489, 2482, 2538, 3777, 3767, 3365, 3361, 2489, 3365, 2489, 3379, 3768, 3767, 3777,
            2561, 2562, 3841, 2539, 3777, 2538, 2489, 2488, 3379, 3777, 2539, 2546, 3839, 2561, 3841, 2488, 3380, 3379,
            3380, 2488, 3381, 3778, 3777, 2546, 2494, 2488, 2492, 3381, 2488, 2494, 3786, 2546, 2547, 3778, 2546, 3786,
            3841, 2562, 2568, 3842, 3841, 2568, 3848, 2568, 2569, 3848, 2569, 2571, 4614, 4615, 4616, 4617, 4618, 4619,
            4619, 4618, 4620, 4615, 4621, 4622, 4623, 4624, 4625, 3656, 2663, 635, 4617, 4626, 4627, 4628, 4623, 4625,
            4617, 4627, 4629, 2666, 2663, 3656, 4630, 4631, 4627, 4632, 4628, 4625, 4633, 4628, 4632, 4614, 4621, 4615,
            2666, 3656, 4634, 4562, 3412, 3415, 2666, 4634, 2667, 4562, 3415, 4635, 4636, 3656, 3654, 4636, 3654, 3666,
            4626, 4617, 4619, 4637, 4635, 3415, 3702, 4636, 3666, 4638, 4616, 4639, 4636, 4634, 3656, 4638, 4639, 4640,
            4641, 4634, 4636, 4637, 4642, 4635, 4643, 4644, 4645, 4646, 4645, 4644, 4562, 4566, 4561, 4566, 4562, 4647,
            4638, 4614, 4616, 4648, 4646, 4644, 4647, 4562, 4635, 4649, 2675, 2667, 4650, 4566, 4647, 4565, 4566, 4650,
            4647, 4651, 4650, 4634, 4649, 2667, 4648, 4631, 4646, 4647, 4635, 4651, 4652, 4614, 4638, 4651, 4635, 4653,
            4653, 4635, 4642, 4654, 4614, 4652, 4655, 4646, 4631, 4656, 4646, 4655, 2685, 2675, 4649, 4650, 4651, 4653,
            4631, 4630, 4655, 4653, 4657, 4650, 4643, 4645, 4658, 4659, 4634, 4641, 4642, 4660, 4661, 4662, 4638, 4640,
            4661, 4660, 4663, 4659, 4649, 4634, 4664, 4658, 4645, 4665, 4649, 4659, 4656, 4664, 4645, 4662, 4652, 4638,
            4645, 4646, 4656, 4663, 4666, 4661, 4667, 4663, 4668, 4649, 4669, 2685, 4670, 4669, 4649, 4666, 4663, 4667,
            4649, 4665, 4670, 4671, 4655, 4630, 4642, 4661, 4672, 4656, 4655, 4671, 4653, 4642, 4672, 4672, 4661, 4666,
            4666, 4673, 4672, 4674, 4652, 4662, 4657, 4653, 4672, 4657, 4672, 4675, 4656, 4671, 4676, 4677, 4672, 4673,
            4636, 3702, 4641, 4675, 4672, 4677, 4678, 4654, 4652, 4679, 4630, 4626, 4678, 4652, 4674, 4659, 4641, 4680,
            4680, 4641, 3702, 4630, 4627, 4626, 3710, 4681, 3702, 4667, 4673, 4666, 4682, 4673, 4667, 2970, 2969, 2981,
            4583, 4565, 4683, 3710, 3865, 4681, 4681, 4680, 3702, 4626, 4619, 4684, 4679, 4626, 4684, 4685, 4583, 4683,
            4679, 4684, 4686, 4685, 4683, 4687, 4680, 4681, 4688, 4687, 4689, 4685, 4690, 4688, 4681, 4630, 4691, 4671,
            4685, 4692, 4583, 4693, 4665, 4659, 4659, 4680, 4693, 4691, 4630, 4694, 4694, 4630, 4679, 4695, 4696, 2981,
            4676, 4671, 4691, 4587, 4583, 4692, 4694, 4697, 4691, 4698, 4665, 4693, 4694, 4679, 4686, 4697, 4694, 4699,
            4688, 4693, 4680, 4699, 4694, 4686, 4700, 4692, 4685, 4700, 4685, 4689, 2981, 4696, 4701, 4650, 4683, 4565,
            4696, 4702, 4701, 4703, 4704, 4705, 4701, 2982, 2981, 4687, 4650, 4657, 2998, 2982, 4701, 4683, 4650, 4687,
            4706, 4698, 4693, 4620, 4707, 4703, 2729, 2709, 2685, 4705, 4620, 4703, 4669, 2729, 2685, 4689, 4687, 4708,
            4701, 2999, 2998, 4689, 4708, 4709, 4710, 4704, 4703, 4689, 4711, 4700, 4711, 4689, 4709, 2750, 2728, 2729,
            4711, 4709, 4712, 4713, 2750, 2729, 4675, 4708, 4687, 4687, 4657, 4675, 4708, 4675, 4677, 4714, 4677, 4673,
            4708, 4677, 4714, 4715, 4708, 4714, 4716, 4669, 4670, 4713, 2729, 4669, 4714, 4673, 4717, 4718, 2964, 2963,
            4719, 4714, 4717, 4718, 4720, 2964, 4719, 4717, 4721, 4722, 4720, 4718, 4723, 4713, 4669, 4669, 4716, 4723,
            4722, 4724, 4720, 3014, 4718, 2963, 4715, 4714, 4719, 4725, 4713, 4723, 4726, 4727, 4728, 4715, 4719, 4721,
            4718, 4729, 4722, 4709, 4708, 4715, 2750, 4713, 4725, 4728, 4727, 4730, 4715, 4712, 4709, 2750, 4725, 4731,
            4732, 4733, 4710, 4729, 4718, 3014, 4703, 4732, 4710, 4667, 4668, 4734, 4735, 4731, 4725, 3014, 3015, 4729,
            4733, 4726, 4710, 3015, 4736, 4729, 4734, 4737, 4667, 4738, 4735, 4725, 4728, 4710, 4726, 4739, 4731, 4735,
            4734, 4740, 4741, 4717, 4673, 4682, 4682, 4667, 4737, 3015, 3029, 4736, 4710, 4728, 4742, 4731, 2752, 2750,
            3031, 4736, 3029, 4736, 3031, 4743, 4731, 4744, 2752, 4704, 4710, 4742, 4739, 4744, 4731, 4737, 4734, 4741,
            4698, 4716, 4665, 4737, 4745, 4682, 3032, 4743, 3031, 4745, 4737, 4746, 4737, 4741, 4746, 4670, 4665, 4716,
            4741, 4747, 4748, 4748, 4747, 4749, 4702, 4750, 4701, 4728, 4730, 4742, 4723, 4716, 4751, 4748, 4749, 4752,
            4723, 4751, 4738, 4704, 4742, 4753, 4702, 4754, 4750, 4704, 4753, 4755, 4756, 4716, 4698, 4698, 4706, 4756,
            4757, 4755, 4753, 4756, 4751, 4716, 4758, 4741, 4748, 4746, 4741, 4758, 4759, 4755, 4757, 4701, 4750, 2999,
            4760, 4759, 4757, 4758, 4748, 4752, 4761, 4752, 4762, 4758, 4752, 4761, 4751, 4756, 4763, 4751, 4763, 4764,
            4750, 3035, 2999, 4738, 4725, 4723, 4721, 4717, 4682, 4682, 4765, 4721, 4765, 4682, 4766, 4767, 4750, 4754,
            4715, 4721, 4765, 4765, 4768, 4715, 4754, 4769, 4767, 4764, 4738, 4751, 4768, 4765, 4766, 4738, 4764, 4770,
            4770, 4735, 4738, 4750, 4767, 4771, 4766, 4682, 4745, 4768, 4766, 4772, 4772, 4773, 4768, 4774, 4757, 4753,
            4773, 4772, 4775, 4753, 4730, 4774, 4772, 4766, 4745, 4730, 4753, 4742, 4745, 4746, 4775, 4771, 3035, 4750,
            4772, 4745, 4775, 4773, 4775, 4776, 4712, 4715, 4768, 4771, 3038, 3035, 4768, 4777, 4712, 4778, 4779, 4763,
            4770, 4764, 4779, 4777, 4768, 4773, 4764, 4763, 4779, 3000, 2999, 3035, 4757, 4774, 4780, 4760, 4757, 4780,
            4781, 4777, 4773, 3865, 3880, 4782, 4775, 4746, 4758, 4783, 4775, 4758, 4774, 4730, 4784, 4782, 3880, 3905,
            4771, 4785, 3038, 4776, 4775, 4783, 4786, 4782, 3905, 4780, 4774, 4784, 4780, 4784, 4787, 3040, 3034, 3038,
            4788, 4783, 4758, 3038, 4785, 3040, 4788, 4776, 4783, 4789, 4782, 4786, 4788, 4790, 4776, 4784, 4791, 4787,
            4761, 4788, 4758, 4789, 4786, 4792, 4761, 4793, 4788, 4790, 4788, 4793, 4619, 4620, 4705, 4790, 4793, 4794,
            4794, 4793, 4795, 4773, 4776, 4796, 4797, 4619, 4705, 3910, 4786, 3905, 4704, 4797, 4705, 4767, 4798, 4771,
            4684, 4619, 4797, 4799, 4792, 4786, 3910, 4799, 4786, 4790, 4796, 4776, 4798, 4785, 4771, 4796, 4790, 4800,
            3907, 3916, 3910, 4800, 4794, 4801, 4785, 4798, 4802, 4215, 3910, 3916, 3910, 4215, 4803, 4684, 4797, 4755,
            4800, 4790, 4794, 4804, 4684, 4755, 3910, 4803, 4799, 4454, 4607, 4805, 4804, 4686, 4684, 4806, 4805, 4607,
            4807, 4799, 4803, 4798, 4808, 4802, 4755, 4797, 4704, 4807, 4809, 4792, 4607, 4608, 4806, 4806, 4608, 4810,
            4792, 4799, 4807, 4759, 4804, 4755, 4811, 4809, 4807, 4812, 4805, 4806, 4813, 4767, 4814, 4813, 4798, 4767,
            4811, 4815, 4809, 4699, 4686, 4804, 4806, 4810, 4816, 4817, 4811, 4807, 4818, 4806, 4816, 4811, 4819, 4820,
            4611, 4612, 4613, 4613, 4612, 4821, 4813, 4808, 4798, 4819, 4811, 4817, 4613, 4821, 4822, 3865, 4690, 4681,
            4808, 4813, 4823, 4789, 4688, 4690, 4782, 4690, 3865, 4789, 4690, 4782, 4810, 4608, 4613, 4824, 4825, 4664,
            4816, 4810, 4826, 4826, 4810, 4613, 4827, 4828, 4825, 4829, 4693, 4688, 4829, 4688, 4789, 4825, 4824, 4827,
            4822, 4826, 4613, 4830, 3040, 4785, 4829, 4831, 4693, 4831, 4706, 4693, 4816, 4832, 4833, 4785, 4802, 4830,
            4833, 4818, 4816, 4834, 4835, 4827, 4789, 4792, 4829, 4829, 4792, 4809, 3040, 4830, 3041, 4829, 4809, 4831,
            4816, 4826, 4832, 4822, 4832, 4826, 4836, 4831, 4809, 4815, 4836, 4809, 4830, 4802, 4837, 4827, 4838, 4828,
            4828, 4838, 4839, 4837, 4840, 4841, 4820, 4815, 4811, 4838, 4842, 4839, 4843, 4832, 4822, 4844, 4819, 4817,
            4837, 4802, 4840, 4845, 4842, 4838, 4832, 4846, 4847, 4832, 4847, 4833, 4830, 4837, 4848, 3041, 4830, 4848,
            4849, 4756, 4706, 4849, 4706, 4831, 4838, 4827, 4845, 4836, 4849, 4831, 4845, 4827, 4835, 4841, 4848, 4837,
            4850, 4847, 4851, 4756, 4849, 4852, 4847, 4846, 4851, 4852, 4763, 4756, 4853, 4851, 4846, 4854, 4845, 4835,
            4842, 4855, 4839, 4842, 4856, 4855, 4857, 4805, 4812, 4858, 4855, 4856, 4859, 4849, 4836, 4842, 4845, 4856,
            4860, 4857, 4812, 4861, 4836, 4815, 4861, 4859, 4836, 4849, 4859, 4852, 4845, 4858, 4856, 4812, 4806, 4818,
            4812, 4818, 4862, 4863, 4858, 4864, 4865, 4866, 4859, 4860, 4812, 4867, 3041, 4848, 3066, 4845, 4854, 4858,
            4867, 4812, 4862, 4868, 4858, 4854, 4869, 4860, 4867, 4778, 4763, 4852, 4870, 4778, 4852, 4864, 4858, 4868,
            4778, 4870, 4871, 4870, 4852, 4866, 4866, 4852, 4859, 4872, 4873, 4869, 4872, 4869, 4867, 4824, 4664, 4656,
            4872, 4867, 4874, 4875, 4876, 4877, 4878, 4870, 4866, 4871, 4870, 4878, 4876, 4879, 4877, 4874, 4867, 4862,
            4880, 4824, 4656, 4865, 4859, 4861, 4820, 4861, 4815, 4862, 4818, 4833, 4820, 4865, 4861, 4877, 4881, 4875,
            4847, 4850, 4833, 4850, 4862, 4833, 4874, 4862, 4850, 4880, 4656, 4676, 4882, 4880, 4676, 4883, 4874, 4850,
            4884, 4880, 4882, 4877, 4885, 4881, 4886, 4887, 4865, 4834, 4824, 4880, 4883, 4850, 4851, 4827, 4824, 4834,
            4876, 4888, 4879, 4820, 4889, 4886, 4612, 4692, 4821, 4820, 4819, 4889, 4886, 4865, 4820, 4587, 4692, 4612,
            4834, 4880, 4884, 4890, 4886, 4889, 4865, 4887, 4866, 4821, 4692, 4700, 4866, 4887, 4891, 4892, 4877, 4879,
            4891, 4878, 4866, 4700, 4822, 4821, 4893, 4877, 4892, 4894, 4878, 4891, 4843, 4822, 4700, 4691, 4882, 4676,
            4895, 4891, 4887, 4882, 4691, 4697, 4896, 4879, 4888, 4897, 4882, 4697, 4898, 4897, 4697, 4899, 4887, 4886,
            4890, 4899, 4886, 4887, 4899, 4895, 4900, 4697, 4699, 4901, 4843, 4711, 4902, 4697, 4900, 4896, 4892, 4879,
            4697, 4902, 4898, 4895, 4894, 4891, 4843, 4700, 4711, 4739, 4735, 4903, 4897, 4898, 4904, 4898, 4905, 4904,
            4834, 4884, 4906, 4907, 4892, 4896, 4906, 4884, 4904, 4906, 4904, 4905, 4744, 2767, 2752, 4884, 4882, 4897,
            4897, 4904, 4884, 4908, 4896, 4909, 4712, 4901, 4711, 4901, 4712, 4910, 4911, 4908, 4909, 4902, 4905, 4898,
            4902, 4900, 4912, 4902, 4912, 4905, 4739, 2767, 4744, 4843, 4846, 4832, 4843, 4901, 4846, 4739, 4913, 2767,
            4914, 4905, 4915, 2770, 2767, 4916, 4912, 4915, 4905, 4908, 4917, 4896, 4918, 4915, 4919, 2770, 4916, 2785,
            4853, 4846, 4901, 4917, 4907, 4896, 4916, 2767, 4913, 4920, 4907, 4917, 4903, 4913, 4739, 4916, 4913, 4921,
            4872, 4874, 4922, 4923, 4924, 4925, 4835, 4834, 4906, 4926, 4874, 4883, 4924, 4923, 4927, 4922, 4874, 4926,
            4854, 4835, 4906, 4883, 4928, 4926, 4928, 4929, 4926, 4930, 4906, 4914, 2781, 2785, 2791, 4922, 4931, 4872,
            4906, 4905, 4914, 4932, 2791, 2785, 4914, 4915, 4918, 4933, 4927, 4934, 4914, 4918, 4935, 4926, 4936, 4922,
            2791, 4932, 4937, 4937, 4938, 2791, 4930, 4914, 4935, 4921, 2785, 4916, 4939, 4854, 4906, 4939, 4868, 4854,
            2785, 4921, 4940, 4940, 4932, 2785, 4929, 4936, 4926, 4941, 4942, 4934, 4939, 4906, 4930, 4943, 4940, 4921,
            4868, 4939, 4864, 4944, 4883, 4851, 4923, 4945, 4946, 4928, 4883, 4944, 4947, 4937, 4932, 4932, 4940, 4947,
            4948, 4923, 4946, 4949, 4948, 4946, 4950, 4903, 4735, 4951, 4944, 4851, 4770, 4950, 4735, 4945, 4952, 4949,
            4949, 4946, 4945, 4930, 4953, 4939, 4950, 4770, 4779, 4949, 4954, 4948, 4929, 4928, 4955, 4956, 4759, 4760,
            4957, 4948, 4954, 4903, 4950, 4958, 4958, 4913, 4903, 4927, 4923, 4948, 4958, 4950, 4959, 4958, 4959, 4960,
            4951, 4928, 4944, 4955, 4928, 4951, 4956, 4760, 4780, 4927, 4948, 4961, 4955, 4951, 4962, 4950, 4779, 4959,
            4948, 4957, 4961, 4779, 4963, 4959, 4936, 4929, 4964, 4956, 4780, 4965, 4966, 4956, 4965, 4625, 4936, 4964,
            4957, 4967, 4961, 4968, 4959, 4963, 4968, 4969, 4960, 4968, 4960, 4959, 4970, 4954, 4949, 4913, 4958, 4921,
            4970, 4967, 4954, 4971, 4958, 4960, 4971, 4943, 4958, 4954, 4967, 4957, 4964, 4929, 4972, 4965, 4780, 4787,
            4973, 4967, 4970, 4960, 4969, 4971, 4632, 4964, 4974, 4632, 4625, 4964, 4975, 4976, 4970, 4976, 4977, 4970,
            4970, 4977, 4973, 4974, 4964, 4972, 4978, 4979, 4971, 4980, 4978, 4971, 4966, 4965, 4981, 4982, 4961, 4967,
            4982, 4967, 4983, 4967, 4973, 4983, 4984, 4974, 4972, 4985, 4982, 4983, 4921, 4958, 4943, 4787, 4986, 4987,
            4961, 4982, 4985, 4988, 4974, 4984, 4987, 4965, 4787, 4947, 4940, 4943, 4973, 4977, 4983, 4972, 4955, 4989,
            4979, 4947, 4943, 4983, 4977, 4990, 4977, 4991, 4990, 4943, 4971, 4979, 4955, 4962, 4989, 4962, 4992, 4989,
            4993, 4965, 4987, 4985, 4983, 4994, 4983, 4990, 4994, 4976, 4991, 4977, 4995, 4972, 4989, 4938, 2795, 2791,
            4996, 4997, 4998, 4999, 4994, 4990, 4938, 2997, 2795, 5000, 4966, 4981, 4927, 4961, 5001, 4995, 4989, 5002,
            4995, 5002, 5003, 4981, 4965, 4993, 5001, 4934, 4927, 4972, 4929, 4955, 5004, 2997, 4938, 5004, 5005, 2997,
            5006, 5004, 4938, 4984, 4972, 4995, 4985, 5001, 4961, 4993, 4987, 5007, 5001, 4985, 5008, 5008, 4941, 5001,
            5003, 4984, 4995, 4934, 5001, 4941, 4947, 5009, 4937, 5006, 4937, 5009, 4910, 4712, 4777, 5006, 4938, 4937,
            5010, 4942, 4941, 4996, 4981, 4993, 4910, 4777, 4781, 5011, 5004, 5006, 4996, 5012, 4997, 5013, 4910, 4781,
            4941, 5014, 5010, 4996, 4993, 5012, 4853, 4901, 5015, 4993, 5007, 5016, 5017, 5018, 5004, 5017, 5019, 5018,
            4853, 4951, 4851, 5015, 4951, 4853, 5017, 5004, 5011, 4962, 4951, 5015, 5015, 4901, 4910, 5016, 5012, 4993,
            5008, 4985, 4994, 5015, 4910, 5020, 5021, 5017, 5011, 4900, 4699, 5022, 5022, 4804, 4759, 5020, 4962, 5015,
            5021, 5019, 5017, 5022, 4699, 4804, 5023, 4941, 5008, 4941, 5023, 5014, 5020, 4910, 5013, 5019, 5021, 5024,
            4956, 5022, 4759, 4999, 5008, 4994, 5025, 5008, 4999, 4978, 4947, 4979, 4978, 5009, 4947, 5026, 5008, 5025,
            5027, 5026, 5025, 4773, 4796, 4781, 5006, 5009, 5011, 5011, 5009, 5028, 5008, 5026, 5023, 4900, 5029, 4912,
            5030, 5031, 5013, 5029, 4900, 5022, 5020, 5031, 5032, 4912, 4919, 4915, 4919, 4912, 5029, 5033, 5023, 5026,
            5020, 5013, 5031, 4978, 5034, 5009, 5035, 5036, 5037, 5038, 5031, 5030, 5039, 5035, 5037, 5029, 5022, 4956,
            4978, 5040, 5034, 4956, 4966, 5029, 5032, 5031, 5038, 5028, 5009, 5034, 5041, 4911, 5036, 5042, 5041, 5036,
            5042, 5036, 5035, 5028, 5034, 5043, 5000, 5029, 4966, 5034, 5044, 5043, 5038, 5045, 5032, 5046, 4911, 5041,
            5042, 5047, 5041, 5028, 5048, 5011, 5049, 5046, 5047, 5047, 5046, 5041, 4935, 4918, 4919, 5029, 5000, 4919,
            4796, 5013, 4781, 4935, 4919, 5000, 4800, 5030, 4796, 5013, 4796, 5030, 5048, 5021, 5011, 5050, 4935, 5000,
            5050, 5000, 5051, 5052, 5024, 5021, 5010, 5039, 4942, 5053, 4800, 4801, 5054, 5021, 5048, 5030, 4800, 5038,
            5028, 5043, 5048, 5038, 4800, 5053, 5047, 5042, 5035, 5055, 5048, 5043, 5055, 5054, 5048, 5056, 5047, 5035,
            4930, 4935, 5050, 5050, 4953, 4930, 5047, 5057, 5049, 4953, 5050, 5058, 4962, 5020, 4992, 4992, 5020, 5032,
            5035, 5039, 5056, 5058, 5050, 5051, 5010, 5056, 5039, 5058, 5059, 4953, 5059, 5058, 5051, 5060, 4953, 5059,
            5052, 5021, 5054, 4998, 5060, 5059, 5061, 5052, 5054, 4871, 4963, 4778, 4992, 5032, 5045, 5062, 4963, 4871,
            4779, 4778, 4963, 5045, 5002, 4992, 5000, 4996, 5051, 5000, 4981, 4996, 5046, 4908, 4911, 5002, 4989, 4992,
            5051, 4998, 5059, 5062, 4968, 4963, 4996, 4998, 5051, 5063, 4969, 4968, 4968, 5062, 5063, 4908, 5046, 5049,
            5064, 5065, 5066, 5067, 5068, 4823, 4871, 4878, 5062, 5049, 4917, 4908, 5069, 5070, 5064, 5064, 5066, 5069,
            4878, 5071, 5062, 5072, 4920, 4917, 5072, 4917, 5049, 5073, 5074, 5070, 5075, 5076, 5077, 5078, 5063, 5062,
            5067, 5079, 5080, 5069, 5073, 5070, 5071, 5078, 5062, 5077, 5080, 5079, 5081, 5072, 5049, 4980, 4971, 4969,
            5082, 4980, 4969, 5067, 5080, 5076, 5063, 5082, 4969, 5066, 5083, 5084, 5067, 5085, 5068, 5085, 5086, 5068,
            5076, 5085, 5067, 5084, 5069, 5066, 5087, 5072, 5081, 5077, 5076, 5080, 5056, 5057, 5047, 5057, 5081, 5049,
            5073, 5069, 5088, 5089, 5069, 5084, 5078, 5082, 5063, 5085, 5090, 5086, 5089, 5088, 5069, 5091, 5085, 5076,
            5081, 5057, 5056, 5092, 5081, 5056, 5091, 5090, 5085, 5093, 4980, 5082, 4980, 5093, 5094, 5093, 5082, 5078,
            5091, 5095, 5090, 5096, 5089, 5084, 5097, 5075, 5077, 5074, 5073, 5098, 5098, 5073, 5099, 5100, 5071, 4878,
            5101, 5076, 5075, 5081, 5102, 5103, 4878, 4894, 5100, 5099, 5073, 5088, 5102, 5081, 5092, 5098, 5104, 5105,
            5106, 5071, 5100, 5107, 5075, 5097, 5106, 5108, 5071, 5098, 5099, 5104, 5099, 5109, 5104, 4894, 4895, 5110,
            5110, 5100, 4894, 5075, 5107, 5101, 4895, 5111, 5110, 5101, 5091, 5076, 5099, 5088, 5112, 5091, 5101, 5113,
            5110, 5106, 5100, 5088, 5089, 5112, 5114, 5106, 5110, 5114, 5115, 5106, 5010, 5014, 5116, 5109, 5099, 5112,
            5108, 5078, 5071, 5093, 5078, 5108, 5108, 5117, 5093, 5116, 5056, 5010, 5118, 5109, 5112, 5119, 5093, 5117,
            5095, 5091, 5113, 5112, 5089, 5120, 5121, 5095, 5113, 4923, 5122, 4945, 5115, 5117, 5108, 5115, 5108, 5106,
            5123, 5097, 4621, 5124, 5125, 5116, 5117, 5126, 5119, 5127, 5105, 5104, 4978, 4980, 5040, 5116, 5014, 5124,
            5105, 5127, 5128, 5129, 4621, 4614, 4980, 5094, 5040, 5129, 5123, 4621, 5104, 5109, 5130, 5127, 5104, 5130,
            5129, 5131, 5123, 5023, 5033, 5014, 5109, 5118, 5130, 5107, 5097, 5123, 5119, 5094, 5093, 5094, 5119, 5132,
            5133, 5094, 5132, 5014, 5033, 5134, 5040, 5094, 5133, 5127, 5130, 5135, 5130, 5136, 5135, 5040, 5044, 5034,
            5137, 5101, 5107, 5136, 5138, 5135, 5014, 5134, 5124, 5137, 5107, 5123, 5133, 5044, 5040, 5044, 5133, 5139,
            5124, 5134, 5140, 5128, 5127, 5141, 5142, 5141, 5127, 5113, 5101, 5137, 5055, 5043, 5044, 5139, 5055, 5044,
            5056, 5116, 5125, 5143, 5113, 5137, 5055, 5139, 5144, 5145, 5144, 5139, 5144, 5054, 5055, 5125, 5092, 5056,
            4945, 5141, 4952, 5141, 5142, 4952, 5131, 5137, 5123, 5146, 5137, 5131, 5102, 5092, 5147, 5142, 5127, 5135,
            5148, 5139, 5133, 5149, 5102, 5147, 5147, 5092, 5125, 5143, 5137, 5146, 5148, 5145, 5139, 5135, 5138, 5142,
            5150, 5142, 5138, 4952, 5151, 4949, 5142, 5151, 4952, 5144, 5145, 5152, 5140, 5147, 5125, 4970, 4949, 5151,
            5150, 5151, 5142, 5150, 4975, 5151, 5153, 5132, 5119, 5151, 4975, 4970, 5154, 5121, 5113, 5155, 5149, 5147,
            5154, 5113, 5143, 5156, 5132, 5153, 5156, 5133, 5132, 4761, 4762, 5157, 5158, 5154, 5143, 5156, 5148, 5133,
            5140, 5125, 5124, 5159, 4761, 5157, 4793, 4761, 5159, 4795, 4793, 5159, 5126, 5153, 5119, 4795, 5159, 5160,
            5157, 5160, 5159, 5160, 5157, 5161, 5162, 5160, 5161, 5163, 5153, 5126, 5162, 5161, 5164, 5163, 5156, 5153,
            5156, 5163, 5165, 5166, 4794, 4795, 5156, 5165, 5167, 5168, 5158, 5143, 5166, 4795, 5160, 4801, 4794, 5166,
            5140, 5169, 5170, 5168, 5143, 5146, 5167, 5148, 5156, 5140, 5170, 5147, 5166, 5160, 5162, 5162, 5171, 5166,
            5148, 5167, 5172, 5171, 5162, 5164, 5171, 5164, 5173, 5147, 5170, 5174, 5167, 5165, 5175, 5176, 5158, 5168,
            5175, 5172, 5167, 5177, 5171, 5173, 5178, 5174, 5170, 5177, 5173, 5179, 5172, 5145, 5148, 5145, 5172, 5180,
            5180, 5181, 5145, 4988, 4632, 4974, 5182, 4632, 4988, 5183, 5131, 5129, 4654, 5129, 4614, 5184, 4988, 4984,
            5180, 5172, 5185, 5172, 5175, 5185, 5186, 4988, 5184, 5187, 5186, 5184, 5188, 5189, 5190, 5191, 5183, 5129,
            5192, 4807, 4803, 5192, 4817, 4807, 5188, 5190, 5193, 5194, 5188, 5195, 4984, 5196, 5184, 5197, 4803, 4215,
            4654, 5191, 5129, 5198, 5192, 4803, 5003, 5196, 4984, 5003, 5002, 5196, 5199, 5193, 5190, 5197, 5198, 4803,
            5196, 5002, 5200, 4654, 4678, 5191, 5201, 4215, 4216, 5197, 4215, 5201, 5187, 5184, 5202, 5202, 5184, 5196,
            5203, 5187, 5202, 5193, 5195, 5188, 5200, 5204, 5196, 5198, 5205, 5206, 5197, 5201, 5205, 5200, 5207, 5204,
            5146, 5131, 5183, 5199, 5208, 5193, 5202, 5196, 5204, 5198, 5197, 5205, 5209, 5208, 5199, 5208, 5195, 5193,
            5204, 5203, 5202, 4844, 4817, 5192, 5210, 5146, 5183, 5211, 5203, 5204, 5191, 5210, 5183, 5191, 5212, 5210,
            5213, 5211, 5204, 5214, 4844, 5192, 5204, 5215, 5213, 5214, 4819, 4844, 5206, 5192, 5198, 5192, 5206, 5216,
            5217, 5210, 5212, 5212, 5218, 5217, 5208, 5209, 5219, 5192, 5216, 5214, 5045, 5038, 5220, 5221, 5168, 5146,
            5220, 5222, 5045, 5222, 5220, 5223, 5210, 5221, 5146, 5224, 5216, 5206, 5225, 5226, 4801, 4272, 4216, 4224,
            5053, 4801, 5226, 4272, 5201, 4216, 5201, 4272, 5227, 5225, 4801, 5166, 5227, 5228, 5201, 5227, 5229, 5228,
            5176, 5168, 5221, 5230, 5205, 5201, 5225, 5166, 5171, 5228, 5230, 5201, 5231, 5205, 5230, 5038, 5053, 5220,
            5230, 5228, 5232, 5221, 5233, 5176, 5220, 5053, 5226, 5232, 5231, 5230, 4267, 5227, 4272, 5227, 4267, 5234,
            4877, 5235, 4885, 5227, 5234, 5229, 5236, 5229, 5234, 5234, 5237, 5236, 5228, 5229, 5236, 5226, 5225, 5238,
            5236, 5232, 5228, 5217, 5221, 5210, 5239, 4885, 5235, 5240, 5232, 5236, 5217, 5233, 5221, 5223, 5220, 5226,
            5239, 5241, 4885, 5226, 5238, 5223, 5225, 5171, 5177, 4293, 5234, 4267, 4293, 5237, 5234, 5177, 5238, 5225,
            5242, 5233, 5217, 5237, 4293, 5243, 5177, 5244, 5238, 5236, 5237, 5245, 5177, 5179, 5246, 5244, 5177, 5246,
            5224, 5206, 5205, 4893, 5235, 4877, 5231, 5224, 5205, 5231, 5232, 5240, 5247, 5233, 5242, 5224, 5231, 5248,
            5231, 5240, 5249, 5231, 5249, 5248, 5250, 5238, 5244, 5223, 5238, 5250, 5235, 4893, 5251, 5252, 5216, 5224,
            5251, 5239, 5235, 5247, 5253, 5233, 5254, 5248, 5249, 5248, 5255, 5224, 5224, 5255, 5252, 5256, 5239, 5251,
            5256, 5257, 5239, 5250, 5244, 5258, 4808, 5259, 4840, 5240, 5254, 5249, 5245, 5254, 5240, 5240, 5236, 5245,
            5260, 5258, 5244, 5260, 5244, 5246, 5248, 5254, 5255, 5261, 5262, 5241, 5263, 5262, 5261, 5255, 5254, 5264,
            5045, 5265, 5002, 5254, 5245, 5266, 5239, 5261, 5241, 5266, 5264, 5254, 5257, 5261, 5239, 5245, 5237, 5267,
            5265, 5200, 5002, 5068, 5268, 4823, 5222, 5265, 5045, 4808, 4823, 5268, 5257, 5269, 5261, 5270, 5269, 5257,
            5259, 4808, 5268, 5214, 5271, 4819, 5200, 5265, 5207, 5271, 4889, 4819, 5272, 5207, 5265, 4889, 5273, 4890,
            5271, 5273, 4889, 5272, 5222, 5223, 5268, 5068, 5274, 5275, 4890, 5273, 5272, 5223, 5276, 5265, 5222, 5272,
            5274, 5068, 5277, 5214, 5273, 5271, 5216, 5252, 5214, 5214, 5252, 5278, 5214, 5278, 5273, 5269, 5263, 5261,
            5269, 5279, 5263, 5259, 5274, 5280, 5281, 5279, 5269, 5268, 5274, 5259, 5282, 5275, 5273, 5276, 5283, 5272,
            5272, 5283, 5207, 5284, 4899, 4890, 5270, 5281, 5269, 5285, 5283, 5276, 5284, 4895, 4899, 4802, 4808, 4840,
            5284, 5111, 4895, 5283, 5285, 5286, 5287, 5281, 5270, 5275, 5284, 4890, 5275, 5288, 5284, 5111, 5284, 5288,
            5207, 5215, 5204, 5283, 5215, 5207, 4907, 4893, 4892, 5289, 4841, 4840, 5275, 5282, 5290, 5290, 5288, 5275,
            5215, 5283, 5291, 5291, 5213, 5215, 4841, 5292, 4848, 5251, 4893, 5293, 4848, 5292, 3072, 5294, 3072, 5292,
            5293, 5256, 5251, 4841, 5289, 5292, 5295, 5293, 4893, 5286, 5291, 5283, 4840, 5259, 5289, 5280, 5289, 5259,
            5252, 5296, 5278, 5252, 5255, 5296, 5255, 5264, 5296, 5250, 5276, 5223, 5278, 5296, 5297, 5250, 5285, 5276,
            5273, 5278, 5282, 5295, 4893, 4907, 5285, 5250, 5298, 5299, 5278, 5297, 5299, 5282, 5278, 5298, 5250, 5258,
            5292, 5289, 5294, 4907, 4920, 5295, 5296, 5264, 5266, 5300, 5294, 5289, 5298, 5286, 5285, 5297, 5296, 5266,
            5294, 5300, 5301, 5302, 5303, 5297, 5299, 5297, 5303, 5304, 5299, 5303, 5295, 5305, 5293, 5297, 5266, 5302,
            5303, 5302, 5306, 5300, 5289, 5280, 5258, 5260, 5307, 5295, 5308, 5309, 5307, 5260, 5310, 5311, 5274, 5277,
            5312, 5290, 5282, 5312, 5282, 5299, 5311, 5280, 5274, 5257, 5256, 5305, 5305, 5270, 5257, 5310, 5313, 5307,
            5313, 5310, 5314, 5304, 5312, 5299, 5256, 5293, 5305, 5313, 5314, 5315, 5290, 5312, 5316, 5303, 5317, 5304,
            5318, 5304, 5317, 5301, 5300, 5319, 5305, 5295, 5309, 5304, 5318, 5312, 5312, 5318, 5320, 5306, 5317, 5303,
            5305, 5309, 5321, 5317, 5320, 5318, 5286, 5322, 5291, 5306, 5320, 5317, 5320, 5306, 5323, 5324, 5325, 5319,
            5291, 5322, 5326, 5320, 5327, 5312, 5312, 5327, 5316, 5291, 5326, 5328, 5328, 5329, 5291, 5321, 5330, 5305,
            5320, 5323, 5331, 5327, 5320, 5331, 5327, 5331, 5332, 5300, 5280, 5333, 5334, 5328, 5335, 5330, 5287, 5270,
            5335, 5328, 5326, 5305, 5330, 5270, 5280, 5311, 5336, 5336, 5333, 5280, 5287, 5330, 5337, 5335, 5326, 5338,
            5307, 5298, 5258, 4406, 4293, 4302, 5333, 5319, 5300, 4293, 5339, 5243, 5340, 5337, 5330, 4406, 5339, 4293,
            5298, 5322, 5286, 5322, 5298, 5341, 5340, 5330, 5321, 5237, 5243, 5267, 5307, 5341, 5298, 5333, 5336, 5342,
            5343, 5267, 5243, 5243, 5339, 5343, 5313, 5338, 5341, 5344, 5342, 5336, 5341, 5307, 5313, 5319, 5333, 5342,
            5342, 5324, 5319, 5343, 5339, 5345, 5281, 5346, 5279, 5245, 5267, 5347, 5341, 5326, 5322, 5326, 5341, 5338,
            5343, 5347, 5267, 5346, 5348, 5279, 5068, 5086, 5277, 5349, 5347, 5343, 5350, 5266, 5245, 5090, 5277, 5086,
            5351, 5335, 5338, 5245, 5347, 5350, 5351, 5352, 5335, 5353, 5350, 5347, 5354, 5348, 5346, 5355, 5351, 5188,
            5347, 5349, 5353, 5356, 5277, 5090, 5357, 5346, 5281, 5277, 5356, 5358, 5343, 5345, 5349, 5359, 5313, 5315,
            5338, 5313, 5359, 5287, 5357, 5281, 5095, 5356, 5090, 5360, 5359, 5315, 5356, 5095, 5358, 5361, 5353, 5349,
            5362, 5346, 5357, 5363, 5358, 5095, 5358, 5363, 5364, 5199, 5190, 5360, 5358, 5311, 5277, 5365, 5266, 5350,
            5302, 5266, 5365, 5364, 5311, 5358, 5189, 5338, 5359, 5366, 5365, 5350, 5189, 5351, 5338, 5354, 4662, 5348,
            5306, 5302, 5367, 5367, 5302, 5365, 5351, 5189, 5188, 5368, 5369, 5336, 5370, 5367, 5365, 5362, 5354, 5346,
            5354, 5362, 5371, 5353, 5366, 5350, 5364, 5336, 5311, 5359, 5360, 5190, 5361, 5366, 5353, 5190, 5189, 5359,
            5364, 5368, 5336, 5364, 5363, 5368, 5024, 5372, 5019, 5362, 5373, 5371, 5372, 5024, 5374, 5375, 5370, 5366,
            5052, 5374, 5024, 5370, 5365, 5366, 5121, 5363, 5095, 5376, 5374, 5052, 5377, 5375, 5366, 5378, 5357, 5287,
            5376, 5379, 5374, 5380, 5379, 5376, 5287, 5337, 5378, 5367, 5323, 5306, 5381, 5363, 5121, 5052, 5061, 5376,
            5323, 5367, 5382, 5383, 5382, 5367, 5384, 5362, 5357, 5357, 5378, 5384, 5385, 5362, 5384, 5385, 5373, 5362,
            5323, 5382, 5331, 5386, 5331, 5382, 5332, 5331, 5386, 5386, 5387, 5332, 5376, 5388, 5380, 5061, 5388, 5376,
            5369, 5344, 5336, 5370, 5383, 5367, 5370, 5375, 5383, 5378, 5337, 5384, 5388, 5389, 5380, 3072, 3066, 4848,
            5390, 5337, 5340, 5391, 5337, 5390, 5375, 5392, 5383, 5144, 5061, 5054, 5382, 5383, 5393, 5394, 5386, 5382,
            5395, 5337, 5391, 5152, 5061, 5144, 5393, 5394, 5382, 5383, 5392, 5064, 5393, 5383, 5064, 3072, 5294, 3075,
            5396, 5388, 5061, 5152, 5396, 5061, 3075, 5294, 5301, 5395, 5384, 5337, 5388, 5396, 5397, 5181, 5152, 5145,
            5398, 5111, 5288, 5110, 5111, 5114, 5398, 5114, 5111, 5152, 5181, 5399, 3076, 3075, 3086, 5114, 5398, 5400,
            5288, 5401, 5398, 5396, 5152, 5399, 5402, 5396, 5399, 5288, 5290, 5401, 5396, 5402, 5397, 5373, 5385, 5403,
            5301, 5325, 3075, 5404, 5398, 5401, 5405, 5389, 5388, 5406, 5403, 5385, 5405, 5407, 5389, 5404, 5400, 5398,
            5397, 5405, 5388, 5408, 3075, 5325, 5409, 5404, 5401, 5301, 5319, 5325, 5410, 5117, 5115, 5115, 5114, 5410,
            5411, 5407, 5405, 5384, 5395, 5385, 5397, 5411, 5405, 5400, 5410, 5114, 5412, 5385, 5395, 5413, 5407, 5411,
            5412, 5406, 5385, 5414, 5406, 5412, 5117, 5410, 5126, 3075, 5408, 3086, 5397, 5402, 5415, 5126, 5410, 5416,
            4662, 5354, 5371, 5417, 5410, 5400, 5418, 5413, 5411, 5415, 5411, 5397, 5419, 5411, 5415, 4674, 4662, 5371,
            5411, 5419, 5418, 5420, 5408, 5325, 5421, 5416, 5410, 5417, 5421, 5410, 5420, 5325, 5324, 5399, 5181, 5180,
            5422, 5416, 5421, 5316, 5401, 5290, 5399, 5180, 5423, 5401, 5316, 5409, 5408, 3087, 3086, 5327, 5409, 5316,
            5423, 5402, 5399, 5424, 4674, 5371, 5402, 5423, 5425, 5373, 5424, 5371, 5408, 5420, 5426, 5427, 5404, 5409,
            5428, 4674, 5424, 5185, 5429, 5180, 5429, 5423, 5180, 5185, 5430, 5429, 5431, 5409, 5327, 5387, 5327, 5332,
            5327, 5387, 5432, 5327, 5432, 5431, 5433, 5431, 5432, 5432, 5387, 5433, 5431, 5433, 5434, 5425, 5423, 5429,
            5403, 5424, 5373, 5409, 5431, 5427, 5435, 5427, 5431, 3087, 5426, 5436, 5426, 3087, 5408, 5415, 5402, 5425,
            5434, 5435, 5431, 3087, 3091, 3088, 5437, 5419, 5415, 5435, 5433, 5438, 3087, 5436, 3091, 5424, 5403, 5439,
            5433, 5435, 5434, 5439, 5440, 5424, 5400, 5404, 5417, 5441, 5418, 5419, 5344, 5442, 5342, 5427, 5417, 5404,
            5406, 5439, 5403, 5427, 5443, 5417, 5437, 5441, 5419, 5414, 5439, 5406, 5425, 5444, 5445, 5342, 5442, 5324,
            5446, 5417, 5443, 5437, 5415, 5425, 5446, 5421, 5417, 5442, 5447, 5324, 5437, 5425, 5445, 5421, 5446, 5422,
            5437, 5448, 5441, 5439, 5414, 5449, 5435, 5443, 5427, 5442, 5450, 5447, 5437, 5445, 5448, 5324, 5447, 5451,
            5438, 5443, 5435, 5087, 4920, 5072, 5438, 5452, 5443, 5453, 5451, 5447, 5450, 5453, 5447, 5454, 4920, 5087,
            5454, 5295, 4920, 5455, 5446, 5443, 5456, 5443, 5452, 5443, 5456, 5455, 5418, 5441, 5457, 5458, 5369, 5368,
            5459, 5369, 5458, 5460, 5454, 5087, 5458, 5368, 5363, 5454, 5460, 5461, 5462, 5163, 5126, 5457, 5441, 5463,
            5462, 5464, 5163, 5465, 5441, 5448, 5462, 5126, 5416, 5295, 5454, 5461, 5295, 5461, 5308, 5466, 5441, 5465,
            5467, 5468, 5458, 5464, 5165, 5163, 5381, 5458, 5363, 5469, 5466, 5465, 5441, 5466, 5463, 5470, 5309, 5308,
            5471, 5464, 5462, 5165, 5464, 5472, 5461, 5460, 5308, 5422, 5462, 5416, 5462, 5422, 5471, 5473, 5308, 5460,
            5473, 5470, 5308, 5474, 5429, 5430, 5470, 5473, 5475, 5369, 5442, 5344, 5103, 5087, 5081, 5103, 5460, 5087,
            5476, 5474, 5430, 5477, 5442, 5369, 5444, 5429, 5474, 5444, 5425, 5429, 5478, 5460, 5103, 5444, 5474, 5479,
            5459, 5477, 5369, 5165, 5472, 5175, 5471, 5472, 5464, 5430, 5480, 5476, 5175, 5472, 5480, 5103, 5102, 5149,
            5481, 5474, 5476, 5481, 5476, 5482, 5103, 5149, 5478, 5175, 5480, 5430, 5478, 5473, 5460, 5442, 5477, 5450,
            5481, 5479, 5474, 5477, 5483, 5450, 5482, 5480, 5472, 5484, 5472, 5471, 5485, 5484, 5471, 5483, 5477, 5468,
            5486, 5479, 5481, 5484, 5482, 5472, 5445, 5444, 5487, 5444, 5479, 5487, 5430, 5185, 5175, 5488, 5473, 5478,
            5489, 5490, 5450, 5488, 5491, 5492, 5450, 5490, 5453, 5487, 5448, 5445, 5482, 5476, 5480, 5488, 5478, 5493,
            5489, 5450, 5483, 5494, 5485, 5422, 5493, 5491, 5488, 5495, 5448, 5487, 5422, 5446, 5494, 5489, 5496, 5490,
            5497, 5489, 5483, 5489, 5497, 5496, 5487, 5479, 5486, 5485, 5471, 5422, 5468, 5477, 5459, 5458, 5468, 5459,
            5475, 5309, 5470, 5475, 5321, 5309, 5498, 5487, 5486, 5499, 5487, 5498, 5500, 5321, 5475, 5501, 5485, 5494,
            5499, 5495, 5487, 5468, 5497, 5483, 5446, 5455, 5494, 5502, 5321, 5500, 5482, 5503, 5481, 5473, 5504, 5475,
            5500, 5475, 5504, 5494, 5455, 5505, 5506, 5481, 5503, 5505, 5501, 5494, 5467, 5497, 5468, 5507, 5500, 5504,
            5506, 5486, 5481, 5505, 5455, 5508, 5390, 5321, 5502, 5390, 5340, 5321, 5505, 5509, 5501, 5510, 5486, 5506,
            5496, 5511, 5490, 5484, 5485, 5501, 5512, 5503, 5513, 5512, 5506, 5503, 5500, 5507, 5502, 5514, 5482, 5484,
            5510, 5506, 5512, 5511, 5515, 5490, 5502, 5516, 5390, 5516, 5502, 5507, 5501, 5514, 5484, 5515, 5517, 5490,
            5518, 5390, 5516, 5519, 5520, 5512, 5511, 5496, 5497, 5511, 5497, 5521, 5473, 5488, 5504, 5492, 5504, 5488,
            5520, 5510, 5512, 5503, 5482, 5514, 5504, 5492, 5507, 5522, 5510, 5520, 5523, 5515, 5511, 5524, 5515, 5523,
            5517, 5515, 5524, 5501, 5509, 5514, 5525, 5507, 5492, 5524, 5526, 5517, 5492, 5491, 5525, 5510, 5498, 5486,
            5513, 5514, 5509, 5523, 5511, 5521, 5527, 5513, 5509, 5491, 5528, 5525, 5529, 5499, 5498, 5514, 5513, 5503,
            5499, 5529, 5530, 5531, 5524, 5523, 5532, 5512, 5513, 5507, 5525, 5516, 5387, 5386, 5433, 5533, 5516, 5525,
            5522, 5498, 5510, 5498, 5534, 5529, 5534, 5498, 5522, 5535, 5516, 5533, 5535, 5518, 5516, 5394, 5433, 5386,
            5426, 5420, 5536, 5537, 5530, 5529, 5538, 5533, 5525, 5539, 5438, 5433, 5426, 5536, 5540, 5534, 5537, 5529,
            5541, 5537, 5534, 5542, 5433, 5394, 5539, 5433, 5542, 5495, 5465, 5448, 5536, 5543, 5540, 5495, 5469, 5465,
            5394, 5393, 5544, 5394, 5544, 5545, 5393, 5064, 5544, 4876, 4875, 5466, 5466, 5469, 4876, 5155, 5478, 5149,
            5469, 5495, 5546, 5070, 5545, 5544, 5451, 5420, 5324, 5546, 4876, 5469, 5147, 5174, 5155, 5394, 5545, 5542,
            5420, 5451, 5536, 5499, 5547, 5495, 5495, 5547, 5546, 5074, 5542, 5545, 5155, 5493, 5478, 5539, 5548, 5438,
            5546, 5547, 4888, 5548, 5452, 5438, 5536, 5451, 5549, 5550, 5493, 5155, 4888, 4876, 5546, 5451, 5453, 5549,
            5530, 5547, 5499, 5551, 5452, 5548, 5551, 5456, 5452, 5547, 5530, 5552, 5456, 5551, 5508, 5537, 5552, 5530,
            5550, 5553, 5493, 5548, 5539, 5551, 5554, 5552, 5537, 5555, 5551, 5539, 5555, 5556, 5551, 5552, 4888, 5547,
            5556, 5508, 5551, 5557, 5543, 5536, 4909, 4888, 5552, 5555, 5539, 5542, 5536, 5549, 5557, 4909, 5552, 5554,
            5155, 5174, 5550, 5555, 5542, 5074, 5541, 5554, 5537, 5178, 5558, 5174, 5436, 5540, 5559, 5559, 3091, 5436,
            5558, 5550, 5174, 5555, 5098, 5560, 5436, 5426, 5540, 4909, 5554, 4911, 4888, 4909, 4896, 5544, 5064, 5070,
            3091, 5559, 3218, 5545, 5070, 5074, 5519, 5512, 5532, 5555, 5074, 5098, 5550, 5558, 5561, 5562, 5520, 5519,
            5519, 5563, 5562, 5564, 5520, 5562, 5565, 5519, 5532, 5561, 5566, 5550, 5519, 5565, 5563, 5560, 5098, 5105,
            5562, 5563, 5565, 5493, 5528, 5491, 5567, 5562, 5565, 5568, 5562, 5567, 5455, 5456, 5508, 5568, 5564, 5562,
            5564, 5568, 5569, 5559, 5540, 5543, 5508, 5556, 5570, 5570, 5505, 5508, 5571, 5520, 5564, 5553, 5528, 5493,
            5571, 5572, 5520, 5573, 5505, 5570, 5572, 5522, 5520, 5538, 5525, 5528, 5574, 5572, 5571, 5574, 5522, 5572,
            5553, 5538, 5528, 5575, 5573, 5570, 5575, 5570, 5556, 5571, 5564, 5569, 5569, 5576, 5571, 5505, 5573, 5577,
            5578, 5574, 5571, 5571, 5576, 5578, 5566, 5553, 5550, 5566, 5579, 5553, 5576, 5580, 5578, 5505, 5577, 5509,
            5565, 4924, 5567, 5553, 5579, 5581, 5577, 5527, 5509, 5581, 5538, 5553, 5573, 5575, 5577, 4924, 5568, 5567,
            5582, 5538, 5581, 4924, 5569, 5568, 5559, 5583, 3218, 5579, 5582, 5581, 5575, 5584, 5577, 4925, 4924, 5122,
            5122, 4923, 4925, 5560, 5556, 5555, 5533, 5538, 5582, 5576, 5569, 4924, 5580, 5576, 4924, 4927, 5580, 4924,
            5575, 5556, 5560, 5585, 5586, 5533, 5582, 5585, 5533, 4933, 5578, 5580, 5580, 4927, 4933, 5587, 5575, 5560,
            5588, 5582, 5579, 5105, 5587, 5560, 5522, 5589, 5534, 5590, 5589, 5522, 5591, 5585, 5582, 5592, 5534, 5589,
            5592, 5593, 5534, 5590, 5592, 5589, 5582, 5588, 5591, 5574, 5590, 5522, 5594, 5584, 5575, 5587, 5594, 5575,
            5574, 5578, 5590, 5578, 5592, 5590, 5549, 5595, 5557, 5596, 5592, 5578, 5597, 5592, 5596, 5592, 5597, 5593,
            5579, 5598, 5588, 5599, 5534, 5593, 5128, 5594, 5587, 5600, 5541, 5599, 5599, 5541, 5534, 5601, 5541, 5600,
            5602, 5513, 5527, 5597, 5599, 5593, 5599, 5597, 5600, 5584, 5527, 5577, 5597, 4942, 5600, 5527, 5584, 5602,
            4942, 5601, 5600, 5595, 5603, 5557, 5588, 5598, 5591, 5578, 4933, 5596, 5604, 5591, 5605, 5604, 5585, 5591,
            5597, 5596, 4934, 5513, 5602, 5606, 5607, 5606, 5602, 5596, 4933, 4934, 5566, 5598, 5579, 5532, 5513, 5606,
            5606, 5607, 5532, 4934, 4942, 5597, 5608, 5598, 5566, 5543, 5609, 5559, 5565, 5532, 5607, 5610, 5607, 5602,
            5583, 5559, 5609, 5601, 5554, 5541, 5611, 5566, 5561, 5037, 5554, 5601, 5607, 5610, 5565, 5566, 5611, 5608,
            5594, 5602, 5584, 5039, 5601, 4942, 5039, 5037, 5601, 5602, 5594, 5610, 5036, 4911, 5554, 5037, 5036, 5554,
            5128, 5141, 5594, 5598, 5608, 5605, 5612, 5605, 5608, 5605, 5591, 5598, 5594, 5122, 5610, 5613, 5604, 5605,
            2632, 5614, 5615, 5610, 5122, 5565, 5372, 5614, 5616, 4924, 5565, 5122, 5583, 5617, 5618, 5583, 5609, 5617,
            5122, 5594, 5141, 5122, 5141, 4945, 5615, 5614, 5372, 5619, 5612, 5608, 5615, 5620, 2632, 2632, 5620, 2646,
            5128, 5587, 5105, 5619, 5621, 5612, 3033, 2646, 5620, 5609, 5543, 5557, 5622, 5620, 5615, 5615, 5372, 5622,
            5623, 5624, 5622, 5609, 5557, 5603, 1887, 1886, 2737, 2737, 5625, 1887, 5390, 5518, 5391, 5626, 3033, 5620,
            5626, 5620, 5624, 5622, 5624, 5620, 2760, 5625, 2737, 5391, 5627, 5395, 5609, 5603, 5628, 5625, 2760, 5629,
            5623, 5630, 5624, 5518, 5535, 5391, 5616, 5019, 5372, 4563, 1887, 5625, 5625, 5631, 4563, 5631, 5625, 5629,
            5372, 5374, 5623, 5372, 5623, 5622, 5632, 4563, 5631, 5628, 5603, 5633, 5634, 5395, 5627, 5412, 5395, 5634,
            5623, 5374, 5635, 5609, 5628, 5617, 5374, 5379, 5635, 4567, 4563, 5632, 5636, 5617, 5628, 3042, 3033, 5626,
            5631, 5629, 5637, 5627, 5638, 5634, 5626, 5624, 5630, 5626, 5630, 3045, 3045, 5630, 5639, 5632, 5631, 5637,
            5630, 5640, 5641, 5630, 5623, 5640, 5549, 5453, 5490, 5641, 5640, 5639, 5641, 5639, 5630, 5535, 5627, 5391,
            5642, 5627, 5535, 2769, 2760, 2754, 5629, 2760, 2769, 5549, 5643, 5595, 5644, 5645, 5639, 5646, 5645, 5644,
            5533, 5586, 5535, 5526, 5643, 5549, 5646, 5647, 5645, 5586, 5642, 5535, 5526, 5549, 5490, 5648, 5629, 2769,
            5649, 5639, 5635, 5490, 5517, 5526, 5650, 5649, 5635, 5642, 5638, 5627, 5635, 5640, 5623, 5640, 5635, 5639,
            5637, 5629, 5648, 5651, 5643, 5526, 5648, 5652, 5637, 5649, 5653, 5654, 5646, 5644, 5639, 5639, 5649, 5646,
            5654, 5646, 5649, 5634, 5655, 5412, 5638, 5655, 5634, 5654, 5647, 5646, 5656, 5648, 2769, 5595, 5643, 5603,
            5657, 5603, 5643, 5652, 5648, 5656, 3042, 5626, 3045, 4581, 4567, 5632, 5651, 5658, 5643, 5658, 5657, 5643,
            5645, 3044, 3045, 5526, 5524, 5659, 5645, 3045, 5639, 5637, 5660, 5632, 5638, 5642, 5661, 5526, 5659, 5651,
            5642, 5662, 5661, 4581, 5632, 5660, 5524, 5651, 5659, 5647, 5663, 5645, 5664, 5651, 5524, 5651, 5664, 5658,
            5665, 5414, 5412, 5658, 5664, 5666, 5645, 3049, 3044, 5655, 5665, 5412, 3320, 4581, 5667, 5665, 5655, 5638,
            5664, 5524, 5531, 5667, 5668, 5669, 5650, 5635, 5379, 5670, 4581, 5660, 5670, 5667, 4581, 5671, 5670, 5660,
            5668, 5667, 5670, 5380, 5650, 5379, 5672, 5414, 5673, 5673, 5414, 5665, 5650, 5653, 5649, 5652, 5674, 5637,
            5637, 5674, 5660, 5154, 5381, 5121, 5672, 5449, 5414, 5672, 5675, 5449, 5676, 5675, 5672, 5677, 5653, 5650,
            5676, 5672, 5673, 5389, 5650, 5380, 5678, 5652, 5656, 5678, 5656, 5679, 5674, 5652, 5678, 5650, 5389, 5677,
            5676, 5680, 5675, 5158, 5381, 5154, 5677, 5389, 5407, 5681, 5381, 5158, 5660, 5674, 5671, 5674, 5682, 5671,
            5654, 5683, 5647, 5661, 5673, 5665, 5661, 5665, 5638, 5683, 5663, 5647, 5684, 5673, 5661, 5663, 5683, 5685,
            5682, 5674, 5686, 5686, 5674, 5678, 5687, 5685, 5683, 5176, 5681, 5158, 5688, 5683, 5654, 5689, 5682, 5686,
            5684, 5661, 5662, 5688, 5687, 5683, 2768, 2868, 2769, 5687, 5690, 5685, 5691, 5690, 5687, 5684, 5676, 5673,
            2868, 5692, 2769, 5693, 5458, 5381, 5681, 5693, 5381, 5694, 5692, 2868, 5693, 5467, 5458, 5695, 5467, 5693,
            5694, 2868, 2876, 5645, 5696, 3049, 5663, 5696, 5645, 3049, 5696, 3089, 5684, 5697, 5676, 5698, 5696, 5663,
            5656, 2769, 5692, 5699, 5676, 5697, 5696, 5698, 5700, 5700, 3089, 5696, 5467, 5695, 5701, 5679, 5656, 5692,
            5679, 5692, 5694, 5702, 5586, 5585, 5702, 5642, 5586, 5698, 5703, 5700, 5700, 5703, 5704, 5585, 5604, 5702,
            5613, 5702, 5604, 3093, 5700, 5704, 5685, 5698, 5663, 2876, 2870, 2882, 5690, 5698, 5685, 2882, 5705, 2876,
            5706, 5702, 5613, 5707, 5708, 5706, 5702, 5662, 5642, 5694, 2876, 5705, 5690, 5709, 5698, 5709, 5703, 5698,
            5710, 5662, 5702, 5695, 5693, 5681, 5691, 5709, 5690, 5705, 2882, 2888, 5711, 5695, 5681, 5695, 5711, 5712,
            5713, 5704, 5703, 5710, 5702, 5706, 2888, 5714, 5705, 5706, 5708, 5710, 5715, 5704, 5713, 5716, 5662, 5710,
            5717, 5718, 5709, 5705, 5719, 5694, 5703, 5709, 5718, 5718, 5713, 5703, 5720, 5694, 5719, 5718, 5717, 5721,
            5721, 5713, 5718, 5709, 5691, 5717, 5706, 5613, 5612, 5719, 5705, 5714, 5691, 5722, 5717, 5723, 5717, 5722,
            5612, 5613, 5605, 5706, 5612, 5707, 5714, 5724, 5719, 5725, 5719, 5724, 5497, 5467, 5701, 5726, 5721, 5717,
            5621, 5707, 5612, 5727, 5707, 5621, 5720, 5678, 5679, 5712, 5701, 5695, 5728, 5707, 5727, 5729, 5715, 5713,
            5694, 5720, 5679, 5728, 5730, 5707, 5721, 5729, 5713, 5715, 5729, 5731, 5708, 5707, 5716, 5716, 5710, 5708,
            5732, 5729, 5721, 5721, 5726, 5732, 5653, 5688, 5654, 5678, 5720, 5733, 5720, 5734, 5733, 5701, 5521, 5497,
            5735, 5736, 5716, 5737, 5735, 5716, 5738, 5739, 5688, 5688, 5653, 5738, 5678, 5733, 5686, 5740, 5521, 5701,
            5737, 5741, 5735, 5739, 5687, 5688, 5707, 5730, 5716, 5686, 5733, 5742, 5737, 5716, 5730, 5743, 5730, 5728,
            5739, 5691, 5687, 5730, 5743, 5737, 5744, 5733, 5734, 5722, 5691, 5739, 5737, 5745, 5741, 5737, 5743, 5745,
            5740, 5746, 5521, 5733, 5744, 5742, 5722, 5739, 5747, 5523, 5521, 5531, 5531, 5521, 5746, 5719, 5725, 5720,
            5653, 5677, 5738, 5734, 5720, 5725, 5736, 5684, 5662, 5697, 5684, 5736, 5748, 5746, 5740, 5749, 5738, 5677,
            5734, 5725, 5750, 5751, 5734, 5750, 5724, 5750, 5725, 5748, 5752, 5746, 5736, 5662, 5716, 5739, 5738, 5747,
            5750, 5724, 5753, 5747, 5738, 5754, 5755, 5740, 5701, 5734, 5751, 5744, 5748, 5740, 5755, 5756, 5697, 5736,
            5755, 5712, 5757, 5755, 5701, 5712, 5758, 5699, 5697, 5759, 5723, 5722, 5760, 5748, 5755, 5761, 5751, 5750,
            5762, 5760, 5755, 5756, 5758, 5697, 5763, 5751, 5764, 5765, 5722, 5747, 3320, 5667, 5669, 3323, 3320, 5669,
            5766, 5748, 5760, 5765, 5759, 5722, 5765, 5747, 5754, 5741, 5736, 5735, 5669, 5767, 3323, 5767, 5669, 5668,
            5767, 5668, 5768, 3327, 3323, 5767, 5756, 5736, 5741, 5767, 5768, 5769, 5766, 5752, 5748, 5670, 5769, 5668,
            5768, 5668, 5769, 5765, 5770, 5759, 5766, 5760, 5762, 5670, 5771, 5769, 5771, 5670, 5671, 5770, 5772, 5759,
            5671, 5773, 5771, 5766, 5762, 5774, 5699, 5758, 5775, 5769, 5776, 5767, 5777, 5770, 5765, 5776, 5769, 5771,
            5771, 5773, 5776, 5773, 5778, 5776, 5779, 5752, 5766, 5770, 5777, 5780, 5781, 3327, 5767, 5766, 5774, 5779,
            5726, 5717, 5723, 3338, 3327, 5781, 5781, 5782, 3338, 5759, 5726, 5723, 5781, 5767, 5776, 5253, 5711, 5176,
            5711, 5681, 5176, 5776, 5778, 5781, 5782, 5781, 5778, 5778, 5783, 5782, 5700, 3093, 3089, 5773, 5671, 5784,
            5671, 5682, 5785, 5689, 5785, 5682, 5671, 5785, 5784, 5778, 5773, 5784, 5786, 5756, 5741, 5689, 5787, 5785,
            5784, 5785, 5787, 5788, 5787, 5689, 3093, 5789, 2594, 5784, 5790, 5778, 5791, 5758, 5756, 5784, 5792, 5790,
            5792, 5784, 5787, 5704, 5789, 3093, 5783, 5778, 5790, 5789, 5704, 5715, 5793, 5757, 5712, 5783, 5790, 5792,
            5792, 5787, 5788, 2594, 5789, 2595, 5788, 5794, 5792, 5788, 5795, 5794, 5796, 5797, 5689, 5788, 5689, 5797,
            5793, 5712, 5711, 5795, 5788, 5797, 5783, 5792, 5794, 5783, 5794, 5795, 5798, 5791, 5756, 5799, 3398, 3338,
            5253, 5176, 5233, 5782, 5799, 3338, 5789, 5715, 5731, 3398, 5799, 4637, 5789, 5800, 2595, 5801, 5802, 5803,
            5799, 5782, 5804, 5731, 5800, 5789, 5804, 5782, 5783, 5803, 5805, 5801, 4660, 5799, 5804, 5806, 5807, 5808,
            5809, 5711, 5253, 3415, 3398, 4637, 5096, 5083, 5807, 5810, 5096, 5807, 5811, 5809, 5253, 2625, 2608, 2595,
            5806, 5805, 5812, 5806, 5801, 5805, 2625, 2595, 5800, 5812, 5807, 5806, 4637, 5799, 4660, 5809, 5793, 5711,
            5810, 5807, 5812, 5812, 5813, 5810, 5413, 5749, 5677, 5805, 5814, 5812, 4642, 4637, 4660, 5677, 5407, 5413,
            5814, 5813, 5812, 5815, 5749, 5413, 5816, 5804, 5783, 5805, 5803, 5817, 5754, 5738, 5749, 5817, 5803, 5818,
            5819, 5754, 5815, 5820, 5795, 5821, 5817, 5822, 5805, 5816, 5783, 5795, 5815, 5754, 5749, 5816, 5795, 5820,
            5823, 5757, 5793, 5824, 5817, 5818, 5825, 5793, 5809, 4663, 5804, 5816, 5457, 5413, 5418, 5815, 5413, 5457,
            5825, 5823, 5793, 4660, 5804, 4663, 5822, 5817, 5824, 5815, 5826, 5819, 4663, 5816, 4668, 5820, 4668, 5816,
            5826, 5815, 5457, 5755, 5757, 5762, 5814, 5805, 5822, 5689, 5686, 5742, 5827, 5814, 5822, 5796, 5689, 5742,
            5828, 5777, 5819, 5829, 5762, 5757, 5819, 5765, 5754, 5777, 5765, 5819, 5830, 5822, 5824, 5744, 5796, 5742,
            5762, 5829, 5831, 5832, 5796, 5744, 5831, 5774, 5762, 5780, 5777, 5833, 5834, 5822, 5830, 5796, 5835, 5797,
            5836, 5797, 5835, 5828, 5833, 5777, 5795, 5797, 5836, 5821, 5795, 5836, 5821, 5836, 5837, 4628, 5824, 4623,
            5837, 5836, 5835, 5796, 5832, 5835, 5838, 5828, 5819, 5832, 5839, 5835, 5838, 5819, 5826, 5824, 4628, 5830,
            5774, 5831, 5840, 5828, 5838, 5841, 5837, 5835, 5839, 5842, 5830, 4628, 5840, 5779, 5774, 5832, 5843, 5839,
            5841, 5844, 5828, 5751, 5845, 5744, 5846, 5830, 5842, 5832, 5744, 5845, 5757, 5823, 5829, 5828, 5844, 5833,
            5847, 5832, 5845, 5845, 5751, 5763, 5848, 5833, 5844, 4628, 4633, 5842, 5763, 5847, 5845, 5840, 5831, 5829,
            5463, 5826, 5457, 5843, 5832, 5849, 5849, 5832, 5847, 5463, 5466, 5850, 5851, 5829, 5823, 5851, 5840, 5829,
            5852, 5779, 5840, 5463, 5838, 5826, 5810, 5853, 5096, 5850, 5838, 5463, 5850, 5854, 5838, 5838, 5854, 5841,
            5821, 5837, 5839, 5851, 5855, 5840, 5855, 5852, 5840, 5813, 5856, 5810, 5855, 5857, 5852, 5843, 5858, 5839,
            5843, 5859, 5858, 5860, 5855, 5851, 5839, 5858, 5821, 5858, 4740, 5821, 5848, 5844, 5841, 5861, 5813, 5814,
            5856, 5813, 5861, 5746, 5664, 5531, 5861, 5862, 5856, 5863, 5848, 5841, 5752, 5664, 5746, 5853, 5810, 5856,
            4740, 5820, 5821, 5854, 5863, 5841, 5856, 5862, 5853, 5864, 5664, 5752, 5865, 5853, 5862, 4668, 5820, 4740,
            4734, 4668, 4740, 5862, 5866, 5865, 5096, 5853, 5089, 4740, 5858, 4747, 5850, 5466, 4875, 4881, 5850, 4875,
            5850, 4881, 5854, 4741, 4740, 4747, 5849, 5859, 5843, 5853, 5120, 5089, 5628, 5633, 5636, 4747, 5858, 4749,
            5636, 5867, 5617, 4885, 5854, 4881, 4885, 5863, 5854, 5853, 5868, 5869, 5005, 3001, 2997, 5120, 5853, 5869,
            5867, 5636, 5870, 5871, 2758, 2759, 3001, 5005, 2612, 5005, 2613, 2612, 5868, 5853, 5865, 5865, 5872, 5868,
            5005, 5004, 2613, 5866, 5872, 5865, 2613, 5004, 5018, 2613, 5018, 2618, 5868, 5872, 5869, 5873, 5869, 5872,
            5874, 5870, 5636, 2618, 5018, 5875, 2618, 5875, 2632, 2759, 5876, 5871, 5616, 5614, 5875, 2632, 5875, 5614,
            5877, 5112, 5120, 5018, 5616, 5875, 2778, 5876, 2759, 5018, 5019, 5616, 5876, 2778, 5878, 5876, 5879, 5871,
            5880, 5657, 5881, 5864, 5666, 5664, 5882, 5871, 5879, 5883, 5869, 5873, 5881, 5657, 5658, 5666, 5881, 5658,
            5877, 5120, 5869, 2888, 5884, 5714, 5877, 5869, 5883, 5885, 5880, 5881, 5884, 2888, 2926, 5886, 5877, 5883,
            5882, 5879, 5887, 2926, 5888, 5884, 5883, 5873, 5886, 5877, 5118, 5112, 5876, 5889, 5879, 2926, 2929, 2947,
            5666, 5885, 5881, 5888, 2926, 2947, 5885, 5666, 5890, 5889, 5876, 5891, 5877, 5892, 5118, 5887, 5879, 5889,
            5893, 5887, 5889, 5657, 5633, 5603, 5724, 5714, 5884, 2790, 5878, 2778, 5877, 5894, 5892, 5884, 5753, 5724,
            2797, 5878, 2790, 5886, 5895, 5877, 2797, 2819, 5878, 5894, 5877, 5895, 5891, 5876, 5878, 5880, 5633, 5657,
            5878, 2819, 5891, 5633, 5880, 5896, 5897, 5884, 5888, 5753, 5884, 5897, 5898, 5633, 5896, 2819, 5899, 5891,
            5636, 5633, 5874, 2921, 2947, 2929, 5861, 5814, 5827, 2819, 2818, 2821, 5874, 5633, 5898, 5827, 5822, 5834,
            2821, 2931, 2819, 5900, 5874, 5898, 5862, 5861, 5827, 2946, 5901, 2947, 5902, 2819, 2931, 5888, 2947, 5901,
            5897, 5888, 5901, 5827, 5903, 5862, 5899, 2819, 5902, 5862, 5903, 5866, 5846, 5834, 5830, 2955, 5904, 2946,
            2946, 5904, 5901, 5899, 5889, 5891, 5903, 5827, 5834, 5904, 5905, 5901, 5903, 5834, 5906, 5907, 5897, 5901,
            5906, 5834, 5846, 5908, 5909, 5899, 5908, 5899, 5902, 5880, 5885, 5896, 5890, 5896, 5885, 5866, 5910, 5872,
            5910, 5866, 5903, 5911, 5897, 5907, 5912, 5882, 5887, 5910, 5903, 5913, 5913, 5903, 5906, 5912, 5887, 5893,
            5914, 5896, 5890, 5900, 5898, 5896, 5910, 5873, 5872, 5905, 5907, 5901, 5896, 5914, 5900, 5915, 5907, 5905,
            5906, 5846, 5916, 5917, 5900, 5914, 2814, 2933, 2931, 5913, 5906, 5918, 5914, 5919, 5917, 5917, 5874, 5900,
            5918, 5906, 5916, 5761, 5750, 5753, 5917, 5920, 5874, 2933, 5921, 2931, 2933, 5922, 5921, 5753, 5923, 5761,
            5919, 5920, 5917, 5902, 2931, 5921, 5908, 5902, 5921, 5753, 5897, 5911, 5923, 5753, 5911, 5842, 5924, 5846,
            2933, 2930, 5922, 5922, 2930, 5925, 5923, 5911, 5926, 5923, 5926, 5927, 5919, 5928, 5920, 5928, 5929, 5920,
            5921, 5922, 5930, 5930, 5922, 5925, 5924, 5842, 4633, 5925, 2930, 5931, 5761, 5923, 5764, 5925, 5931, 5930,
            5761, 5764, 5751, 5932, 5921, 5930, 5933, 5932, 5930, 5923, 5927, 5764, 4633, 5182, 5924, 5934, 5764, 5927,
            5857, 5935, 5779, 5857, 5779, 5852, 5916, 5846, 5924, 5926, 5911, 5907, 2960, 2930, 2941, 5936, 5857, 5855,
            2930, 2960, 5931, 5855, 5860, 5936, 5931, 2960, 5937, 5931, 5937, 5930, 5933, 5930, 5937, 5938, 5916, 5939,
            5907, 5940, 5926, 5940, 5907, 5915, 5916, 5924, 5939, 5939, 5924, 5182, 5941, 5942, 5937, 5937, 5942, 5933,
            5943, 5939, 5182, 2964, 2960, 2945, 5943, 5944, 5939, 5941, 5937, 2960, 5915, 5945, 5940, 5941, 2960, 2964,
            5946, 5864, 5752, 5947, 5940, 5945, 5941, 5948, 5942, 5949, 5927, 5926, 5910, 5950, 5873, 5886, 5873, 5950,
            5950, 5951, 5886, 2964, 4720, 5941, 5951, 5950, 5952, 5949, 5926, 5940, 5890, 5666, 5864, 5950, 5910, 5913,
            5913, 5952, 5950, 5948, 5941, 4720, 5890, 5864, 5946, 5934, 5927, 5949, 5934, 5949, 5953, 5947, 5949, 5940,
            5729, 5732, 5954, 5952, 5913, 5918, 5955, 5729, 5954, 5954, 5732, 5726, 5956, 5954, 5726, 5946, 5957, 5890,
            2955, 3011, 5904, 5904, 3011, 3018, 5954, 5956, 5955, 5958, 5952, 5918, 5955, 5959, 5729, 5959, 5955, 5960,
            5961, 5958, 5918, 5956, 5962, 5955, 5905, 5904, 5963, 5886, 5951, 5895, 5895, 5951, 5952, 3018, 5963, 5904,
            5962, 5964, 5955, 5955, 5964, 5960, 3018, 3020, 5965, 5966, 5946, 5752, 5965, 5963, 3018, 5956, 5726, 5772,
            5759, 5772, 5726, 5779, 5966, 5752, 5952, 5967, 5895, 5965, 5968, 5963, 5969, 5952, 5958, 5970, 5956, 5772,
            5895, 5967, 5894, 5952, 5969, 5967, 5971, 5905, 5963, 5972, 5967, 5969, 5915, 5905, 5971, 5970, 5973, 5956,
            5973, 5962, 5956, 5971, 5963, 5968, 5946, 5974, 5957, 5975, 5958, 5961, 5946, 5966, 5974, 5916, 5961, 5918,
            5772, 5770, 5780, 5976, 5971, 5968, 5961, 5916, 5938, 5780, 5970, 5772, 5977, 5970, 5780, 5978, 5957, 5974,
            5979, 5961, 5938, 5973, 5970, 5977, 5980, 5973, 5977, 5957, 5914, 5890, 5780, 5981, 5977, 5938, 5939, 5944,
            3026, 2758, 3020, 5982, 3020, 2758, 5982, 5965, 3020, 5983, 5938, 5944, 5984, 5985, 5962, 5984, 5986, 5985,
            5914, 5987, 5919, 5984, 5962, 5973, 2758, 5871, 5982, 5982, 5871, 5988, 5968, 5965, 5982, 5983, 5979, 5938,
            5989, 5980, 5977, 5968, 5982, 5988, 5980, 5984, 5973, 5957, 5987, 5914, 5990, 5984, 5980, 5991, 5976, 5968,
            5991, 5968, 5988, 5992, 5990, 5980, 5980, 5989, 5992, 5987, 5928, 5919, 5975, 5961, 5979, 5993, 5928, 5987,
            5990, 5986, 5984, 5975, 5979, 5994, 5882, 5988, 5871, 5995, 5986, 5990, 5118, 5892, 5130, 5988, 5882, 5991,
            5996, 5993, 5987, 5945, 5915, 5971, 5130, 5892, 5136, 5996, 5997, 5993, 5959, 5998, 5731, 5971, 5999, 5945,
            6000, 5987, 5957, 5998, 5800, 5731, 6000, 5957, 5978, 5971, 5976, 5999, 5998, 2625, 5800, 5892, 5894, 6001,
            2625, 5998, 6002, 5998, 5960, 6003, 6002, 5998, 6003, 6004, 5999, 5976, 5947, 5945, 6005, 5987, 6000, 5996,
            6005, 5945, 5999, 5729, 5959, 5731, 5892, 6006, 5136, 6006, 5138, 5136, 5996, 6000, 6007, 5959, 5960, 5998,
            5976, 5991, 6004, 5892, 6001, 6006, 6007, 6008, 5996, 6009, 6006, 6001, 5960, 6010, 6003, 5966, 5779, 5935,
            5882, 5912, 5991, 6011, 5966, 5935, 5967, 5972, 5894, 6001, 5894, 5972, 2625, 6002, 2626, 5764, 6012, 5763,
            6012, 5764, 5934, 6001, 6013, 6009, 2626, 6002, 2969, 2969, 6002, 6003, 6014, 6009, 6015, 2969, 2633, 2626,
            6016, 5966, 6011, 6016, 5974, 5966, 6016, 5978, 5974, 4399, 4407, 4406, 5138, 6017, 5150, 4406, 4407, 6018,
            6010, 5960, 6019, 6009, 6017, 6006, 6017, 5138, 6006, 5985, 6019, 5964, 5962, 5985, 5964, 5960, 5964, 6019,
            4407, 4403, 6018, 5985, 6020, 6019, 5857, 6011, 5935, 6021, 6011, 5857, 6018, 5339, 4406, 5339, 6018, 5345,
            6019, 6020, 6010, 6010, 6020, 6022, 4975, 5150, 6023, 6010, 6022, 6024, 6023, 5150, 6025, 6017, 6025, 5150,
            6026, 5345, 6018, 6020, 5985, 6027, 6028, 4975, 6023, 6029, 6020, 6027, 6030, 6021, 5857, 6031, 6028, 6023,
            6032, 6025, 6017, 5349, 5345, 6033, 6031, 6023, 6025, 6021, 6016, 6011, 6025, 6032, 6034, 6032, 6035, 6034,
            6020, 6029, 6022, 5349, 6033, 6036, 6003, 4695, 2969, 6037, 6016, 6021, 6034, 6031, 6025, 6036, 5361, 5349,
            6038, 6039, 6035, 6039, 6034, 6035, 6003, 6010, 6024, 6003, 6024, 4695, 6040, 6018, 4403, 6041, 6040, 4403,
            6014, 6017, 6009, 2981, 2969, 4695, 6014, 6042, 6017, 6018, 6040, 6026, 6017, 6042, 6032, 6032, 6042, 6035,
            6035, 6042, 6038, 6043, 4695, 6024, 6040, 6041, 6026, 6044, 6039, 6038, 6038, 6042, 6045, 6046, 6038, 6045,
            6041, 4403, 4421, 4702, 4696, 6043, 4423, 6047, 4421, 4696, 4695, 6043, 6047, 6048, 4421, 6049, 6000, 5978,
            6050, 6041, 4421, 6000, 6049, 6007, 4421, 6048, 6050, 5969, 6051, 5972, 6001, 5972, 6051, 6047, 4423, 4427,
            6051, 6052, 6001, 6047, 4427, 6053, 4427, 6054, 6053, 6055, 6001, 6052, 6024, 6022, 6043, 4425, 6054, 4427,
            6043, 6022, 6056, 6047, 6053, 6048, 6051, 6057, 6052, 6058, 6053, 6054, 5985, 5986, 6027, 5975, 5969, 5958,
            6050, 6048, 6041, 6059, 6026, 6041, 6057, 6051, 5969, 6048, 6059, 6041, 6059, 6048, 6060, 6060, 6061, 6059,
            6057, 5969, 5975, 5975, 6062, 6057, 6058, 6048, 6053, 6060, 6048, 6058, 5995, 6027, 5986, 6013, 6001, 6055,
            6060, 6063, 6061, 6058, 6063, 6060, 6013, 6055, 6015, 6055, 6052, 6057, 6064, 6055, 6057, 6013, 6015, 6009,
            6065, 6066, 6029, 6022, 6029, 6066, 5978, 6016, 6037, 6033, 5345, 6026, 6015, 6055, 6064, 6037, 6049, 5978,
            6067, 6066, 6068, 6069, 6068, 6066, 6070, 6026, 6059, 6070, 6033, 6026, 4702, 6043, 6056, 6033, 6070, 6036,
            6071, 6057, 6062, 4754, 4702, 6056, 6064, 6057, 6071, 6072, 6049, 6037, 6073, 6049, 6072, 6074, 6071, 6062,
            6075, 5361, 6036, 4814, 4767, 4769, 6022, 6076, 6056, 6036, 6070, 6077, 6078, 6077, 6070, 6066, 6076, 6022,
            6079, 6007, 6049, 6036, 6077, 6075, 6076, 6066, 6067, 6062, 5975, 5994, 6049, 6073, 6079, 6076, 4754, 6056,
            6076, 4769, 4754, 6070, 6059, 6078, 6079, 6073, 6080, 6076, 6067, 4769, 6081, 4769, 6067, 6079, 6080, 6082,
            6062, 5994, 6083, 5983, 5994, 5979, 6084, 5994, 5983, 6078, 6059, 6085, 6083, 5994, 6084, 6059, 6061, 6063,
            4674, 5428, 6086, 6084, 6087, 6083, 6058, 6088, 6063, 6085, 6063, 6088, 6085, 6059, 6063, 6089, 6078, 6085,
            4814, 4769, 6081, 6090, 6085, 6088, 6089, 6085, 6090, 6086, 5191, 4678, 6086, 5212, 5191, 6074, 6062, 6083,
            6081, 6067, 6091, 6086, 4678, 4674, 6078, 6092, 6077, 6077, 6092, 6093, 6091, 6094, 6081, 6081, 6094, 4814,
            6095, 6074, 6083, 6092, 6078, 6089, 4814, 6094, 4813, 6089, 6096, 6092, 6097, 6092, 6096, 6096, 6089, 6090,
            6087, 6095, 6083, 6098, 6096, 6090, 6099, 5218, 5212, 6095, 6087, 6100, 6054, 4425, 4455, 4455, 6101, 6054,
            4823, 4813, 6094, 6015, 6064, 6014, 5067, 4823, 6094, 6058, 6054, 6101, 6064, 6102, 6014, 6065, 6029, 6027,
            6103, 6064, 6071, 6102, 6064, 6103, 6104, 6065, 6027, 6042, 6014, 6045, 6102, 6105, 6014, 6045, 6014, 6105,
            4455, 4458, 6101, 5995, 6104, 6027, 5428, 6106, 6086, 6101, 4458, 6107, 6108, 6104, 6109, 6105, 6102, 6103,
            6109, 6104, 5995, 6104, 6069, 6065, 6069, 6066, 6065, 6074, 6103, 6071, 6106, 5212, 6086, 6101, 6107, 6058,
            6099, 5212, 6106, 6104, 6110, 6069, 6110, 6104, 6108, 6111, 6107, 4458, 6103, 6112, 6105, 6110, 6068, 6069,
            6110, 6113, 6068, 6068, 6113, 6067, 6112, 6103, 6074, 6114, 6107, 6111, 6113, 6110, 6115, 6115, 6116, 6113,
            6088, 6058, 6107, 6045, 6117, 6118, 6115, 6110, 6108, 6115, 6108, 6119, 6045, 6118, 6046, 6117, 6045, 6105,
            6105, 6112, 6117, 6117, 6120, 6118, 6112, 6120, 6117, 4461, 6121, 6111, 6122, 6046, 6118, 6118, 6120, 6122,
            4461, 4460, 4857, 4857, 4460, 4454, 4857, 4454, 4805, 4857, 6121, 4461, 6112, 6123, 6120, 5242, 5217, 5218,
            6124, 6108, 6109, 4458, 4461, 6111, 6112, 6125, 6123, 6126, 6108, 6124, 6126, 6119, 6108, 6127, 5218, 6099,
            6111, 6121, 6128, 6129, 5242, 6127, 6127, 5242, 5218, 6121, 4857, 4860, 6115, 6091, 6116, 6130, 6091, 6115,
            6119, 6130, 6115, 4860, 6128, 6121, 6112, 6074, 6131, 6132, 5247, 5242, 6114, 6088, 6107, 6133, 6095, 6100,
            6134, 6130, 6119, 6131, 6095, 6133, 6126, 6135, 6119, 6131, 6074, 6095, 6136, 6090, 6088, 5242, 6129, 6132,
            6134, 6119, 6135, 6137, 6131, 6133, 6088, 6114, 6138, 4622, 5097, 6134, 4622, 6134, 6135, 6113, 6116, 6067,
            6116, 6091, 6067, 6090, 6136, 6139, 6140, 6112, 6131, 6098, 6090, 6139, 6125, 6112, 6140, 6130, 6141, 6091,
            6138, 6136, 6088, 6094, 6091, 6141, 6136, 6138, 6142, 6139, 6136, 6142, 6094, 6141, 6143, 6127, 6099, 6129,
            6130, 6143, 6141, 6144, 6129, 6099, 5077, 6143, 6130, 5077, 5079, 6143, 6114, 6111, 6128, 6145, 6131, 6137,
            4869, 6128, 4860, 6143, 5079, 6094, 5079, 5067, 6094, 6146, 6128, 4869, 4873, 6146, 4869, 5182, 4633, 4632,
            5097, 5077, 6130, 6134, 5097, 6130, 6147, 6132, 6129, 4988, 5186, 5182, 5440, 5428, 5424, 6128, 6138, 6114,
            6146, 6138, 6128, 5981, 5780, 5833, 6138, 6146, 6142, 5943, 5182, 5186, 5439, 6148, 5440, 5440, 6106, 5428,
            4873, 4931, 6146, 6149, 5981, 5833, 6150, 5440, 6148, 5848, 6149, 5833, 4931, 4873, 4872, 6149, 6151, 5981,
            6152, 6151, 6149, 6150, 6106, 5440, 5366, 5361, 5377, 5187, 5943, 5186, 5375, 5377, 6153, 5375, 6153, 5392,
            6154, 6099, 6106, 6155, 5977, 5981, 6106, 6150, 6154, 6075, 5377, 5361, 5977, 6155, 5989, 6151, 6155, 5981,
            6156, 5377, 6075, 6157, 6154, 6150, 5187, 6158, 5943, 6159, 6151, 6152, 6077, 6093, 6075, 5943, 6158, 5944,
            6158, 5983, 5944, 6160, 6148, 5439, 6160, 5439, 5449, 6161, 5989, 6155, 6161, 5992, 5989, 6156, 6162, 5377,
            6158, 5187, 5203, 6162, 6153, 5377, 6163, 6164, 6148, 6148, 6160, 6165, 6148, 6165, 6163, 6166, 6158, 5203,
            6150, 6148, 6164, 6093, 6156, 6075, 6156, 6093, 6162, 6164, 6167, 6150, 5992, 6168, 5990, 6150, 6167, 6157,
            6169, 5983, 6158, 6162, 6170, 6171, 6155, 6151, 6159, 6171, 6172, 6162, 6159, 6161, 6155, 6084, 5983, 6169,
            6093, 6092, 6097, 6173, 6167, 6164, 6173, 6157, 6167, 6170, 6093, 6097, 6174, 6158, 6166, 6097, 6175, 6170,
            6176, 6170, 6175, 6161, 6159, 6177, 6175, 6097, 6096, 6161, 6168, 5992, 6096, 6098, 6175, 6166, 6178, 6174,
            6177, 6168, 6161, 6175, 6179, 6176, 6169, 6158, 6174, 6179, 6175, 6098, 6099, 6154, 6144, 6162, 6093, 6170,
            6180, 6170, 6181, 6181, 6170, 6176, 6180, 6171, 6170, 6182, 5848, 5863, 6180, 6183, 6171, 6166, 5203, 5211,
            5848, 6182, 6149, 6176, 6184, 6181, 6184, 6176, 6179, 5262, 6152, 6149, 6179, 5818, 6184, 6181, 6185, 6180,
            6185, 6181, 6184, 6180, 6185, 6183, 5262, 6149, 6182, 6184, 5803, 6185, 6186, 6129, 6144, 5803, 6184, 5818,
            6166, 6187, 6178, 6166, 5211, 6187, 5392, 6153, 5065, 4885, 6182, 5863, 6186, 6147, 6129, 6188, 6147, 6186,
            6153, 6172, 5065, 6153, 6162, 6172, 6189, 6147, 6188, 6084, 6169, 6174, 6157, 6144, 6154, 5392, 5065, 5064,
            6144, 6157, 6190, 5241, 6182, 4885, 6087, 6084, 6174, 5262, 6182, 5241, 6191, 6186, 6144, 6144, 6190, 6191,
            6174, 6100, 6087, 6192, 6157, 6173, 6193, 6190, 6157, 6192, 6193, 6157, 6194, 6191, 6190, 5065, 6172, 6195,
            6196, 6159, 6152, 6193, 6194, 6190, 5262, 6197, 6152, 6198, 6174, 6178, 6195, 5083, 5065, 6196, 6152, 6197,
            6199, 6174, 6198, 6194, 6186, 6191, 6186, 6194, 6200, 6196, 6177, 6159, 5065, 5083, 5066, 6196, 6201, 6177,
            6100, 6174, 6199, 6202, 6100, 6199, 5096, 5084, 5083, 6200, 6188, 6186, 6203, 6201, 6196, 6196, 6197, 6203,
            6183, 6172, 6171, 6199, 6204, 6202, 6194, 6205, 6200, 6195, 6172, 6183, 6205, 6188, 6200, 6183, 5808, 6195,
            6197, 5262, 5263, 5808, 6183, 5806, 6185, 5802, 6183, 5801, 6183, 5802, 5802, 6185, 5803, 5806, 6183, 5801,
            5808, 5083, 6195, 6206, 5247, 6132, 5807, 5083, 5808, 5279, 6203, 6197, 5279, 6197, 5263, 5995, 5990, 6109,
            6207, 5990, 6168, 6207, 6109, 5990, 6139, 6208, 6098, 5818, 6098, 6208, 6178, 6187, 6198, 6147, 6206, 6132,
            6208, 6139, 6142, 6208, 6142, 6209, 6198, 6187, 6210, 6201, 6207, 6168, 6201, 6211, 6207, 6201, 6168, 6177,
            6212, 6206, 6147, 5818, 6179, 6098, 5291, 6187, 5213, 5213, 6187, 5211, 5329, 6187, 5291, 6147, 6189, 6212,
            6208, 6209, 6213, 5818, 6208, 6213, 5329, 6210, 6187, 6212, 6189, 6214, 6215, 6211, 6201, 5824, 5818, 6213,
            4640, 6211, 6215, 6215, 6201, 6203, 4931, 6142, 6146, 6204, 6198, 6216, 6209, 6142, 4931, 6204, 6199, 6198,
            6216, 6198, 6210, 6217, 6214, 6189, 4639, 6211, 4640, 6188, 6205, 6189, 6205, 6217, 6189, 5675, 6160, 5449,
            6213, 6209, 4624, 5329, 5328, 6210, 5680, 6160, 5675, 6165, 6160, 5680, 4624, 6209, 4931, 6215, 6203, 5279,
            4624, 4623, 6213, 5334, 6218, 6210, 5348, 4640, 6215, 4624, 4931, 4922, 6210, 6218, 6216, 4936, 4624, 4922,
            5348, 6215, 5279, 5680, 6163, 6165, 4936, 4625, 4624, 6219, 6163, 5680, 6133, 6100, 6202, 5348, 4662, 4640,
            5824, 6213, 4623, 6219, 6164, 6163, 6219, 6192, 6164, 6137, 6133, 6202, 6124, 6109, 6207, 6192, 6173, 6164,
            6220, 6137, 6202, 5699, 5680, 5676, 6221, 6124, 6207, 6204, 6220, 6202, 6221, 6207, 6211, 5699, 6219, 5680,
            4639, 6221, 6211, 6222, 6126, 6124, 6222, 6135, 6126, 6221, 6222, 6124, 6223, 6145, 6137, 4622, 6135, 6222,
            4621, 5097, 4622, 6192, 6219, 6224, 6220, 6223, 6137, 6225, 6219, 5699, 6220, 6226, 6223, 6226, 6220, 6227,
            5775, 6225, 5699, 4615, 4622, 6222, 4616, 6222, 6221, 4616, 4615, 6222, 6227, 6204, 6216, 4639, 4616, 6221,
            6224, 6219, 6225, 6220, 6204, 6227, 6218, 6227, 6216, 5334, 6228, 6218, 6229, 6224, 6225, 6227, 6218, 6230,
            6228, 6230, 6218, 6227, 6230, 6231, 6232, 6194, 6193, 6233, 6232, 6193, 6224, 6193, 6192, 6224, 6233, 6193,
            6228, 6234, 6230, 6232, 6205, 6194, 6226, 6227, 6231, 5334, 6210, 5328, 5334, 5335, 5352, 6233, 6224, 6229,
            6235, 6228, 5334, 6235, 5334, 5352, 6236, 6233, 6229, 6235, 5352, 5355, 6236, 6232, 6233, 6237, 6232, 6236,
            6234, 6235, 5355, 6234, 6228, 6235, 5351, 5355, 5352, 5775, 6238, 6225, 6239, 4976, 4975, 4976, 6239, 6240,
            4975, 6028, 6239, 6028, 6240, 6239, 4976, 6240, 4991, 6241, 6240, 6028, 6240, 6241, 4991, 6238, 5775, 6242,
            6028, 6031, 6241, 6031, 6034, 6039, 6039, 6243, 6031, 6241, 6031, 6244, 6031, 6243, 6244, 6225, 6238, 6229,
            4990, 4991, 6245, 6241, 6245, 4991, 6242, 6246, 6238, 4990, 6245, 4999, 6247, 4999, 6245, 6245, 6241, 6244,
            6247, 6245, 6248, 5791, 5775, 5758, 6248, 6245, 6244, 6244, 6243, 6249, 6248, 6244, 6249, 5791, 6242, 5775,
            6039, 6044, 6243, 6038, 6046, 6044, 6243, 6044, 6250, 6243, 6250, 6251, 6251, 6249, 6243, 6242, 5791, 6252,
            6253, 6248, 6249, 5025, 4999, 6247, 6247, 6254, 5025, 6246, 6236, 6229, 6246, 6229, 6238, 6254, 5027, 5025,
            6254, 6247, 6248, 6255, 6205, 6232, 6256, 6254, 6257, 6254, 6248, 6257, 6258, 6257, 6248, 6206, 5253, 5247,
            6206, 5811, 5253, 6258, 6248, 6259, 6260, 5811, 6206, 6256, 5027, 6254, 5026, 5027, 5033, 5027, 6256, 5033,
            6261, 5033, 6256, 6260, 5809, 5811, 6257, 6258, 6256, 6256, 6258, 6261, 6261, 6258, 6262, 6248, 6253, 6259,
            6259, 6263, 6258, 6263, 6262, 6258, 6206, 6264, 6260, 6044, 6046, 6265, 6250, 6044, 6251, 6044, 6266, 6251,
            6212, 6267, 6206, 6046, 6122, 6265, 6267, 6264, 6206, 6122, 6120, 6123, 6123, 6266, 6122, 6265, 6122, 6266,
            6044, 6265, 6266, 6264, 6267, 6268, 6269, 6260, 6264, 6270, 6266, 6271, 6272, 6266, 6123, 6272, 6123, 6125,
            6272, 6271, 6266, 6272, 6125, 6271, 6273, 5825, 6274, 5809, 6260, 6269, 6269, 5825, 5809, 6274, 5825, 6269,
            6253, 6249, 6275, 6249, 6251, 6275, 6270, 6251, 6266, 6276, 6251, 6270, 6276, 6270, 6271, 6276, 6271, 6277,
            6278, 6279, 6269, 6276, 6275, 6251, 6280, 6275, 6276, 6280, 6276, 6277, 6279, 6274, 6269, 6281, 6274, 6279,
            6277, 6271, 6125, 6278, 6269, 6264, 6268, 6278, 6264, 6125, 6282, 6277, 6282, 6125, 6283, 6277, 6284, 6280,
            6278, 6281, 6279, 6284, 6277, 6282, 6273, 5823, 5825, 6285, 6140, 6145, 6286, 5851, 5823, 6285, 6125, 6140,
            6273, 6286, 5823, 6273, 6287, 6286, 6145, 6140, 6131, 5860, 5851, 6286, 6273, 6274, 6287, 6288, 6285, 6145,
            6287, 5860, 6286, 6283, 6125, 6285, 6283, 6285, 6289, 6281, 6287, 6274, 6289, 6285, 6288, 6289, 6288, 6290,
            6290, 6291, 6289, 6263, 6253, 6275, 6280, 6263, 6275, 6292, 6287, 6281, 6263, 6259, 6253, 6293, 5860, 6287,
            6263, 6280, 6294, 6295, 6267, 6212, 6296, 6263, 6294, 6295, 6268, 6267, 6297, 6294, 6280, 6297, 6280, 6284,
            6212, 6214, 6298, 6212, 6298, 6295, 6217, 6298, 6214, 6294, 6297, 6299, 6268, 6295, 6278, 6262, 6263, 6296,
            6300, 6295, 6298, 6298, 6217, 6300, 6301, 6295, 6300, 6302, 6301, 6300, 6281, 6278, 6303, 6284, 6282, 6299,
            6284, 6299, 6297, 6301, 6278, 6295, 6301, 6303, 6278, 6304, 6303, 6301, 6305, 6294, 6306, 6299, 6282, 6283,
            6299, 6283, 6289, 6304, 6301, 6307, 6289, 6306, 6299, 6301, 6302, 6307, 6289, 6308, 6306, 6308, 6289, 6291,
            6281, 6303, 6309, 6281, 6309, 6292, 6294, 6299, 6306, 6304, 6309, 6303, 6305, 6306, 6310, 6306, 6311, 6310,
            6306, 6312, 6311, 6312, 6306, 6308, 6291, 6313, 6308, 6312, 6308, 6313, 6314, 6304, 6307, 5033, 6261, 6315,
            5033, 6315, 5134, 6316, 6304, 6314, 6261, 6262, 6315, 6316, 6309, 6304, 6316, 6317, 6309, 6318, 6315, 6262,
            6318, 5134, 6315, 6316, 6314, 6319, 5140, 5134, 6320, 6321, 6316, 6319, 6255, 6232, 6237, 6318, 6320, 5134,
            5169, 5140, 6320, 6322, 6323, 6237, 6252, 6246, 6242, 5170, 5169, 5178, 6324, 5178, 5169, 6325, 6246, 6252,
            6262, 6296, 6318, 6326, 6236, 6246, 6327, 6318, 6296, 6318, 6327, 6328, 6305, 6296, 6294, 6237, 6236, 6322,
            6305, 6327, 6296, 6326, 6322, 6236, 6320, 6318, 6328, 6329, 6322, 6326, 6320, 6328, 6330, 6331, 6332, 6329,
            6333, 6328, 6334, 6327, 6334, 6328, 6326, 6246, 6325, 5169, 6320, 6330, 6324, 5169, 6330, 6326, 6331, 6329,
            5178, 6324, 6335, 6326, 6336, 6331, 6337, 6330, 6333, 6338, 6331, 6336, 6333, 6330, 6328, 6339, 6332, 6331,
            6339, 6331, 6338, 6337, 6324, 6330, 6340, 6339, 6338, 6337, 6335, 6324, 6255, 6217, 6205, 6217, 6255, 6341,
            6337, 6333, 6342, 6342, 6343, 6337, 6343, 6342, 6344, 6323, 6341, 6255, 6341, 6300, 6217, 6305, 6345, 6327,
            6300, 6341, 6346, 6346, 6302, 6300, 6334, 6327, 6345, 6345, 6305, 6310, 6311, 6345, 6310, 6347, 6345, 6311,
            6347, 6311, 6312, 6237, 6323, 6255, 6348, 6312, 6313, 6347, 6312, 6348, 6349, 6341, 6323, 6334, 6345, 6350,
            6350, 6345, 6347, 6347, 6351, 6350, 6351, 6334, 6350, 6351, 6352, 6334, 6347, 6353, 6351, 6352, 6351, 6353,
            6341, 6349, 6346, 6354, 6347, 6348, 6355, 6346, 6349, 6354, 6353, 6347, 6356, 6353, 6354, 6355, 6307, 6346,
            6352, 6353, 6356, 6352, 6333, 6334, 6349, 6357, 6355, 6342, 6333, 6352, 6342, 6352, 6358, 6346, 6307, 6302,
            6356, 6354, 6359, 6358, 6352, 6356, 6358, 6356, 6359, 6359, 6360, 6358, 6360, 6359, 6361, 6362, 6314, 6307,
            6344, 6342, 6358, 6362, 6307, 6355, 6344, 6358, 6360, 6363, 6344, 6360, 6363, 6360, 6364, 6362, 6319, 6314,
            6364, 6360, 6365, 6365, 6366, 6364, 6367, 6145, 6223, 6288, 6145, 6367, 6368, 6319, 6362, 6367, 6223, 6226,
            6369, 6362, 6355, 6370, 6367, 6226, 6370, 6371, 6367, 6369, 6372, 6362, 6369, 6355, 6357, 6290, 6288, 6367,
            6372, 6369, 6357, 6290, 6367, 6371, 6373, 6290, 6371, 6372, 6368, 6362, 6323, 6322, 6349, 6322, 6332, 6349,
            6374, 6371, 6370, 6332, 6322, 6329, 6375, 6230, 6234, 6339, 6376, 6332, 6375, 6377, 6231, 6377, 6226, 6231,
            6370, 6226, 6377, 6332, 6357, 6349, 6376, 6357, 6332, 6230, 6375, 6231, 6378, 6357, 6376, 6378, 6379, 6357,
            6380, 6378, 6376, 6374, 6370, 6377, 6381, 6377, 6375, 6382, 6377, 6381, 6339, 6383, 6376, 6340, 6383, 6339,
            6384, 6291, 6290, 6380, 6376, 6383, 6373, 6384, 6290, 6373, 6371, 6374, 6385, 6383, 6340, 6384, 6373, 6386,
            6386, 6373, 6374, 6385, 6380, 6383, 6386, 6374, 6387, 6357, 6379, 6372, 6377, 6382, 6374, 6387, 6374, 6382,
            6368, 6321, 6319, 6388, 6382, 6381, 6389, 6388, 6390, 6391, 6390, 6388, 6389, 6382, 6388, 6392, 6368, 6372,
            6387, 6382, 6389, 6393, 6386, 6387, 6393, 6387, 6389, 6394, 6368, 6392, 6394, 6392, 6395, 6396, 6389, 6390,
            6380, 6385, 6397, 6397, 6378, 6380, 6313, 6291, 6384, 6378, 6397, 6379, 6398, 6313, 6384, 6398, 6384, 6386,
            6399, 6398, 6386, 6400, 6379, 6397, 6401, 6375, 6234, 6402, 6401, 6234, 6372, 6403, 6392, 5194, 5355, 5188,
            5355, 5194, 6234, 6402, 6234, 5194, 6403, 6372, 6379, 6401, 6381, 6375, 6381, 6401, 6404, 6404, 6401, 6402,
            6405, 6395, 6392, 5195, 6402, 5194, 6406, 6402, 5195, 6392, 6403, 6405, 6400, 6403, 6379, 6391, 6381, 6404,
            6400, 6407, 6403, 6405, 6408, 6395, 6404, 6402, 6406, 6391, 6404, 6406, 6406, 6409, 6391, 6406, 6410, 6409,
            6411, 6408, 6405, 6405, 6403, 6407, 6407, 6412, 6405, 6388, 6381, 6391, 6413, 6412, 6407, 6409, 6390, 6391,
            6390, 6414, 6396, 6390, 6409, 6414, 6413, 6415, 6412, 6416, 6414, 6409, 5208, 6406, 5195, 6412, 6411, 6405,
            5208, 6410, 6406, 5219, 6410, 5208, 6411, 6412, 6417, 6415, 6417, 6412, 6418, 6410, 6419, 6420, 6419, 6410,
            6418, 6409, 6410, 6410, 5219, 6420, 6420, 5219, 6421, 6293, 5936, 5860, 5936, 6293, 6422, 6287, 6292, 6293,
            6393, 6389, 6423, 6292, 6422, 6293, 6396, 6423, 6389, 6424, 6422, 6292, 6317, 6292, 6309, 6425, 6423, 6396,
            6425, 6396, 6426, 6317, 6424, 6292, 6427, 6425, 6428, 5857, 5936, 6030, 6030, 5936, 6422, 6427, 6428, 6429,
            6430, 6429, 6428, 6313, 6398, 6348, 6348, 6398, 6399, 6431, 6348, 6399, 6432, 6037, 6021, 6030, 6432, 6021,
            6431, 6399, 6433, 6433, 6399, 6393, 6354, 6348, 6431, 6354, 6431, 6359, 6424, 6030, 6422, 6434, 6359, 6431,
            6435, 6030, 6424, 6435, 6432, 6030, 6434, 6431, 6433, 6436, 6432, 6435, 6393, 6399, 6386, 6037, 6432, 6072,
            6423, 6433, 6393, 6433, 6423, 6437, 6438, 6072, 6432, 6434, 6433, 6437, 6437, 6423, 6425, 6436, 6438, 6432,
            6425, 6427, 6437, 6361, 6359, 6434, 6365, 6361, 6439, 6438, 6073, 6072, 6438, 6440, 6073, 6439, 6434, 6437,
            6439, 6361, 6434, 6441, 6439, 6437, 6360, 6361, 6365, 6440, 6080, 6073, 6365, 6439, 6442, 6442, 6439, 6441,
            6443, 6440, 6438, 6444, 6443, 6438, 6441, 6437, 6427, 6427, 6429, 6441, 6443, 6080, 6440, 6080, 6443, 6445,
            6442, 6441, 6446, 6446, 6441, 6429, 4629, 6442, 6446, 6317, 6447, 6424, 4618, 6446, 6429, 6424, 6447, 6435,
            6416, 6409, 6418, 6418, 6448, 6416, 6449, 6435, 6447, 6436, 6435, 6449, 6450, 6449, 6447, 6426, 6396, 6414,
            6451, 6426, 6414, 6416, 6451, 6414, 6452, 6436, 6449, 6447, 6317, 6316, 6316, 6453, 6447, 6450, 6447, 6453,
            6321, 6453, 6316, 6425, 6426, 6454, 6454, 6426, 6451, 6453, 6455, 6450, 6454, 6428, 6425, 6451, 6416, 6448,
            6451, 6448, 6456, 6456, 6448, 6457, 6450, 6458, 6449, 6456, 6454, 6451, 6457, 6459, 6456, 6450, 6455, 6458,
            6418, 6419, 6448, 6458, 6452, 6449, 6448, 6419, 6460, 6461, 6458, 6455, 6462, 6458, 6461, 6460, 6419, 6420,
            6463, 6464, 6420, 6452, 6438, 6436, 6452, 6444, 6438, 6460, 6457, 6448, 6465, 6457, 6460, 6458, 6444, 6452,
            6420, 6464, 6460, 6460, 6464, 6466, 6444, 6467, 6443, 6444, 6468, 6467, 6458, 6468, 6444, 6462, 6468, 6458,
            4707, 6454, 6456, 6459, 4707, 6456, 6462, 6469, 6468, 6470, 6469, 6462, 4707, 6459, 4732, 4707, 6428, 6454,
            4707, 6430, 6428, 4620, 6430, 4707, 6394, 6321, 6368, 6394, 6453, 6321, 6471, 6453, 6394, 4703, 4707, 4732,
            6471, 6455, 6453, 4733, 6465, 6472, 6395, 6471, 6394, 6466, 6465, 6460, 6472, 6465, 6466, 6471, 6461, 6455,
            6466, 6473, 6472, 6474, 6472, 6473, 6472, 6474, 4726, 6465, 6459, 6457, 6470, 6462, 6461, 6459, 6465, 4733,
            4733, 4732, 6459, 6472, 4726, 4733, 6430, 4618, 6429, 4620, 4618, 6430, 6471, 6408, 6475, 6408, 6471, 6395,
            5178, 6335, 5558, 6476, 5558, 6335, 6476, 6335, 6337, 6408, 6477, 6475, 6475, 6461, 6471, 6475, 6470, 6461,
            6475, 6478, 6470, 6476, 5561, 5558, 6476, 5611, 5561, 5611, 6476, 6479, 6411, 6477, 6408, 6343, 6476, 6337,
            6417, 6477, 6411, 4855, 5791, 5798, 6343, 6480, 6476, 4855, 6252, 5791, 6481, 6252, 4855, 6480, 6479, 6476,
            6479, 6480, 6482, 4855, 4863, 6481, 6480, 6343, 6344, 6483, 6481, 4863, 6481, 6325, 6252, 6480, 6484, 6482,
            6485, 6325, 6481, 6482, 6484, 6486, 6481, 6483, 6485, 6487, 5608, 5611, 4858, 4863, 4855, 5611, 6479, 6487,
            4863, 4864, 6488, 6483, 4863, 6488, 5608, 6487, 5619, 6489, 6485, 6483, 6490, 6491, 5619, 6492, 6483, 6488,
            6487, 6490, 5619, 4864, 6492, 6488, 6493, 6492, 4864, 6479, 6482, 6487, 6487, 6482, 6494, 6495, 6492, 6496,
            6492, 6493, 6496, 6495, 6483, 6492, 6487, 6494, 6490, 6483, 6495, 6489, 6482, 6486, 6494, 6495, 6497, 6489,
            6489, 6497, 6498, 6497, 6495, 6496, 6499, 6497, 6496, 6494, 6500, 6490, 6497, 6499, 6498, 6325, 6336, 6326,
            6485, 6336, 6325, 6494, 6486, 6500, 6500, 6486, 4658, 6501, 6338, 6336, 4664, 6500, 4658, 6336, 6485, 6489,
            6336, 6489, 6501, 6484, 6480, 6344, 6484, 6344, 6363, 6502, 6484, 6363, 6502, 6363, 6366, 6363, 6364, 6366,
            6338, 6503, 6340, 6486, 6484, 4643, 6501, 6503, 6338, 4643, 6484, 6502, 4643, 6502, 4644, 6503, 6385, 6340,
            6498, 6501, 6489, 6501, 6498, 6504, 6504, 6498, 6505, 6486, 4643, 4658, 6504, 6503, 6501, 6506, 6503, 6504,
            6505, 6506, 6504, 6499, 6505, 6498, 5727, 5621, 5619, 4864, 4939, 6493, 6491, 5728, 5727, 6507, 5728, 6491,
            5727, 5619, 6491, 4939, 6496, 6493, 6496, 4939, 4953, 5743, 5728, 6507, 6490, 6507, 6491, 6507, 6490, 6508,
            4997, 6509, 6510, 6510, 6509, 6511, 5743, 6507, 5745, 6512, 6499, 6511, 6513, 5745, 6507, 5745, 6513, 5741,
            6514, 5741, 6513, 6509, 6515, 6511, 6516, 6514, 6513, 6515, 6509, 6517, 6507, 6508, 6513, 6511, 6515, 6512,
            6508, 6516, 6513, 5012, 6518, 4997, 6490, 6500, 6508, 6519, 6520, 5016, 6500, 4664, 6508, 6518, 5012, 5016,
            5016, 6520, 6518, 6508, 4664, 4825, 6517, 6509, 4997, 6517, 4997, 6518, 6517, 6518, 6520, 4825, 6516, 6508,
            6515, 6517, 6521, 6517, 6520, 6521, 6520, 6522, 6521, 4828, 6516, 4825, 6519, 6523, 6520, 6514, 5786, 5741,
            5786, 5798, 5756, 5786, 6514, 6516, 6524, 6385, 6503, 6525, 5798, 5786, 6526, 5798, 6525, 6385, 6524, 6527,
            6516, 6528, 5786, 5786, 6528, 6525, 6516, 4828, 6528, 6506, 6505, 6512, 6512, 6529, 6506, 6529, 6512, 6530,
            6525, 6528, 6526, 6505, 6499, 6512, 6526, 4839, 5798, 6521, 6531, 6530, 5798, 4839, 4855, 6512, 6515, 6530,
            6521, 6530, 6515, 4839, 6528, 4828, 6528, 4839, 6526, 6529, 6524, 6503, 6503, 6506, 6529, 6529, 6532, 6524,
            6532, 6529, 6530, 6365, 6533, 6366, 6532, 6527, 6524, 6502, 6366, 6534, 6534, 6366, 6533, 6535, 6534, 6533,
            6533, 6536, 6535, 6533, 6365, 6442, 6537, 6538, 6532, 6530, 6537, 6532, 4629, 6533, 6442, 6536, 6533, 4629,
            6502, 6534, 6535, 6502, 6535, 4644, 6539, 6535, 6536, 6540, 6541, 6522, 6540, 6522, 6542, 4644, 6535, 6539,
            4644, 6539, 4648, 4648, 6539, 6536, 6521, 6522, 6531, 6531, 6537, 6530, 6531, 6541, 6537, 6541, 6531, 6522,
            4629, 4627, 6536, 6542, 6522, 6520, 6542, 6520, 6523, 4648, 6536, 4631, 4631, 6536, 4627, 4617, 4629, 6446,
            6541, 6543, 6537, 6540, 6543, 6541, 4617, 6446, 4618, 6542, 6544, 6540, 6542, 6545, 6544, 6545, 6542, 6546,
            6544, 6547, 6543, 6543, 6540, 6544, 6547, 6544, 6545, 6545, 6548, 6547, 4998, 6549, 5060, 6496, 4953, 6499,
            6499, 4953, 5060, 6549, 6511, 5060, 4998, 6510, 6549, 4997, 6510, 4998, 6510, 6511, 6549, 6499, 5060, 6511,
            6527, 6397, 6385, 6397, 6527, 6550, 6538, 6550, 6527, 6538, 6551, 6550, 6550, 6551, 6552, 6550, 6400, 6397,
            6532, 6538, 6527, 6538, 6537, 6551, 6552, 6551, 6543, 6543, 6553, 6552, 6547, 6553, 6543, 6554, 6547, 6555,
            6407, 6400, 6556, 6550, 6556, 6400, 6557, 6558, 6556, 6407, 6558, 6413, 6407, 6556, 6558, 6556, 6550, 6552,
            6556, 6552, 6553, 6553, 6557, 6556, 6413, 6558, 6559, 6560, 6559, 6558, 6557, 6553, 6547, 6557, 6547, 6554,
            6558, 6557, 6554, 6554, 6560, 6558, 6551, 6537, 6543, 6413, 6559, 6415, 6560, 6415, 6559, 6561, 6562, 6563,
            6564, 6565, 6566, 6567, 6568, 6569, 6570, 6571, 6572, 6573, 6571, 6574, 6573, 6572, 6571, 6568, 6575, 6569,
            6569, 6576, 6577, 6569, 6575, 6576, 6578, 6579, 6580, 6581, 6572, 6573, 6582, 6583, 6580, 6580, 6579, 6582,
            6584, 6573, 6574, 6573, 6584, 6585, 5847, 5763, 6012, 6586, 5849, 5847, 6585, 6584, 6587, 6588, 6569, 6589,
            6590, 6569, 6588, 6562, 6561, 6591, 6590, 6591, 6561, 5847, 6592, 6586, 6593, 6579, 6594, 6588, 6591, 6590,
            6592, 5847, 6012, 6589, 6595, 6588, 6591, 6588, 6595, 6586, 6592, 6596, 6581, 6573, 6597, 6598, 6582, 6579,
            6589, 6569, 6577, 6593, 6598, 6579, 6599, 6581, 6597, 6595, 6589, 6577, 6600, 6595, 6577, 6600, 6577, 6601,
            6586, 6596, 5849, 6602, 6577, 6576, 5849, 6603, 5859, 6580, 6604, 6578, 6603, 5849, 6596, 6592, 6605, 6596,
            6585, 6606, 6573, 6607, 6608, 6609, 6603, 6596, 6605, 6597, 6573, 6606, 5858, 5859, 4749, 4749, 5859, 6603,
            6609, 6610, 6607, 6582, 6611, 6612, 6613, 6607, 6610, 6614, 6582, 6612, 6615, 6608, 6607, 6615, 6607, 6613,
            6606, 6616, 6597, 6617, 6603, 6605, 4749, 6603, 6617, 6582, 6598, 6611, 6618, 6619, 6585, 6620, 6612, 6611,
            6576, 6615, 6621, 6615, 6622, 6621, 6622, 6615, 6613, 6602, 6576, 6621, 6606, 6585, 6619, 6619, 6623, 6606,
            6624, 6613, 6610, 6622, 6613, 6624, 5999, 6625, 6626, 6625, 5999, 6004, 5999, 6626, 6005, 6627, 6628, 6619,
            6629, 6621, 6622, 6630, 6005, 6626, 6623, 6619, 6628, 6631, 6622, 6624, 6632, 6612, 6620, 6633, 6632, 6620,
            6634, 6602, 6621, 6634, 6621, 6629, 5991, 6635, 6004, 6628, 6636, 6637, 6635, 5991, 5912, 6602, 6601, 6577,
            6601, 6602, 6634, 6601, 6634, 6629, 6601, 6629, 6638, 6639, 6638, 6629, 6629, 6622, 6631, 6631, 6639, 6629,
            6631, 6624, 6640, 6616, 6606, 6641, 6638, 6639, 6631, 6642, 6638, 6631, 6641, 6606, 6623, 6642, 6631, 6640,
            6625, 6004, 6635, 6643, 6644, 6645, 6640, 6624, 6646, 6647, 6641, 6623, 6640, 6646, 6648, 6649, 6640, 6648,
            6642, 6640, 6649, 6650, 6625, 6635, 6651, 6649, 6648, 6623, 6652, 6647, 6649, 6651, 6653, 6654, 6655, 6656,
            6610, 6609, 6657, 6652, 6623, 6628, 6658, 6659, 6654, 6654, 6659, 6655, 6614, 6660, 6658, 6661, 6012, 5934,
            6624, 6610, 6662, 6657, 6663, 6610, 6661, 5934, 5953, 5953, 6664, 6661, 6665, 6658, 6660, 6597, 6666, 6599,
            6592, 6012, 6667, 6661, 6667, 6012, 6661, 6668, 6667, 6668, 6661, 6664, 6597, 6669, 6666, 6670, 6663, 6671,
            6664, 6672, 6668, 6662, 6663, 6670, 5953, 6673, 6664, 6674, 6670, 6671, 6564, 6666, 6565, 6565, 6666, 6669,
            6662, 6610, 6663, 6645, 6655, 6659, 6659, 6658, 6665, 6675, 6659, 6665, 6664, 6676, 6672, 6659, 6675, 6677,
            6678, 6675, 6665, 5949, 6673, 5953, 6677, 6645, 6659, 6645, 6677, 6643, 6675, 6678, 6677, 5949, 6679, 6673,
            6680, 6670, 6674, 6616, 6681, 6597, 6682, 6662, 6670, 5949, 5947, 6005, 6679, 5949, 6005, 6682, 6670, 6683,
            6683, 6670, 6680, 6684, 6665, 6660, 6685, 6665, 6684, 6669, 6597, 6681, 6686, 6687, 6665, 6679, 6688, 6673,
            6665, 6687, 6678, 6624, 6662, 6682, 6685, 6686, 6665, 6624, 6682, 6689, 6646, 6624, 6689, 6673, 6676, 6664,
            6565, 6669, 6690, 6691, 6673, 6688, 6673, 6691, 6676, 6692, 6691, 6688, 6693, 6415, 6694, 6689, 6682, 6683,
            6695, 6689, 6683, 6690, 6669, 6681, 6696, 6690, 6681, 6679, 6697, 6688, 6681, 6698, 6696, 6699, 6692, 6688,
            6648, 6646, 6689, 6699, 6688, 6697, 6643, 6700, 6701, 6648, 6689, 6651, 6667, 6605, 6592, 6667, 6702, 6605,
            6689, 6695, 6651, 6668, 6702, 6667, 6643, 6703, 6700, 6704, 6668, 6672, 6702, 6668, 6704, 6705, 6695, 6683,
            6605, 6702, 6617, 6653, 6651, 6695, 6705, 6653, 6695, 6706, 6641, 6647, 6672, 6707, 6704, 6681, 6616, 6641,
            6641, 6706, 6681, 6708, 6709, 6417, 6709, 6708, 6710, 6415, 6693, 6417, 6711, 6704, 6707, 6417, 6693, 6708,
            6712, 6713, 6714, 6715, 6617, 6702, 6714, 6713, 6716, 6708, 6693, 6701, 6647, 6717, 6706, 6718, 6617, 6715,
            6718, 6715, 6711, 6702, 6704, 6711, 6715, 6702, 6711, 6714, 6716, 6562, 6719, 6706, 6717, 6714, 6562, 6720,
            6710, 6721, 6709, 6707, 6722, 6711, 6717, 6647, 6652, 6723, 6711, 6722, 6700, 6721, 6701, 6724, 6712, 6725,
            6725, 6712, 6714, 6707, 6672, 6676, 6691, 6707, 6676, 6681, 6706, 6698, 6714, 6726, 6725, 6710, 6708, 6701,
            6710, 6701, 6721, 6691, 6722, 6707, 6698, 6706, 6719, 6721, 6700, 6727, 6692, 6722, 6691, 6699, 6722, 6692,
            6686, 6685, 6728, 6685, 6729, 6728, 6699, 6697, 6730, 6722, 6699, 6730, 6728, 6729, 6731, 6730, 6697, 6732,
            6731, 6729, 6733, 6698, 6719, 6734, 6726, 6714, 6720, 6735, 6726, 6720, 6736, 6733, 6737, 6738, 6719, 6717,
            6739, 6723, 6722, 6733, 6736, 6731, 6737, 6740, 6736, 6736, 6741, 6731, 6740, 6741, 6736, 6734, 6719, 6738,
            6742, 6720, 6562, 6739, 6722, 6730, 6743, 6741, 6744, 6740, 6744, 6741, 6740, 6737, 6745, 6746, 6742, 6747,
            6742, 6735, 6720, 6678, 6748, 6677, 6735, 6742, 6746, 6748, 6749, 6703, 6703, 6643, 6677, 6630, 6679, 6005,
            6746, 6747, 6750, 5618, 5867, 6751, 6677, 6748, 6703, 6562, 6591, 6742, 6728, 6748, 6687, 3242, 6751, 6752,
            6728, 6687, 6686, 6678, 6687, 6748, 6742, 6591, 6753, 6754, 6630, 6755, 6747, 6742, 6753, 6626, 6755, 6630,
            6753, 6591, 6595, 6756, 6751, 6757, 6753, 6595, 6600, 6731, 6748, 6728, 6697, 6679, 6754, 6754, 6679, 6630,
            6756, 6752, 6751, 6697, 6754, 6732, 6700, 6749, 6758, 6700, 6758, 6727, 6758, 6748, 6731, 6747, 6753, 6600,
            6749, 6748, 6758, 6600, 6759, 6750, 6747, 6600, 6750, 5867, 6757, 6751, 6758, 6743, 6727, 5199, 6724, 6725,
            6757, 5867, 5870, 6755, 6760, 6754, 6743, 6761, 6727, 6760, 6755, 6762, 6700, 6703, 6749, 6763, 6626, 6625,
            6625, 6650, 6763, 6743, 6731, 6741, 6743, 6758, 6731, 6755, 6626, 6763, 6620, 6764, 6633, 5199, 6725, 6726,
            6764, 6765, 6633, 6726, 5209, 5199, 6766, 6757, 5870, 6633, 6765, 6767, 6766, 5870, 5874, 6650, 6635, 6768,
            5209, 6726, 6769, 6735, 6769, 6726, 6768, 6763, 6650, 6767, 6765, 6770, 6762, 6755, 6763, 6771, 6772, 6773,
            6774, 6769, 6775, 6763, 6776, 6762, 6776, 6763, 6768, 6776, 6768, 6777, 6756, 6778, 6779, 6775, 6735, 6746,
            6769, 6735, 6775, 6773, 6772, 6780, 6757, 6766, 6756, 6777, 6781, 6776, 6756, 6766, 6778, 6782, 6732, 6754,
            6782, 6754, 6783, 6732, 6782, 6730, 6746, 6784, 6775, 6783, 6785, 6782, 6786, 6752, 6787, 6788, 6789, 6790,
            6790, 6789, 6791, 6783, 6754, 6760, 5219, 5209, 6769, 5219, 6769, 6774, 6780, 6792, 6773, 6760, 6793, 6783,
            6793, 6760, 6762, 6783, 6793, 6785, 6794, 6792, 6780, 3104, 6786, 6795, 6793, 6796, 6785, 6797, 6789, 6792,
            6762, 6796, 6793, 6792, 6794, 6797, 6788, 6773, 6792, 6785, 6730, 6782, 6792, 6789, 6788, 6775, 6463, 6421,
            6786, 6787, 6795, 6798, 6730, 6785, 6774, 6421, 5219, 6775, 6421, 6774, 6799, 6773, 6788, 6601, 6759, 6600,
            6752, 6756, 6779, 6788, 6764, 6799, 6796, 6800, 6785, 6787, 6752, 6779, 6759, 6601, 6801, 6802, 6762, 6776,
            6803, 6762, 6802, 6601, 6638, 6801, 6803, 6796, 6762, 6788, 6765, 6764, 6796, 6803, 6804, 6804, 6803, 6802,
            6801, 6638, 6642, 6802, 6776, 6781, 6781, 6804, 6802, 6805, 6804, 6781, 6790, 6765, 6788, 6801, 6642, 6806,
            6781, 6807, 6805, 6781, 6777, 6807, 6808, 6795, 6787, 6809, 6801, 6806, 6810, 6790, 6811, 6812, 6796, 6804,
            6787, 6779, 6813, 6813, 6808, 6787, 6801, 6750, 6759, 6796, 6812, 6814, 6765, 6790, 6810, 6750, 6801, 6815,
            6816, 6770, 6817, 6765, 6810, 6818, 6819, 6818, 6810, 6809, 6815, 6801, 6770, 6765, 6818, 6817, 6770, 6818,
            6819, 6817, 6818, 6812, 6804, 6805, 6820, 6812, 6805, 6821, 6817, 6819, 6642, 6649, 6806, 4752, 4749, 6617,
            4752, 6617, 6718, 6822, 6806, 6649, 4762, 4752, 6718, 6823, 6806, 6822, 6809, 6806, 6823, 6822, 6649, 6653,
            6821, 6824, 6817, 6808, 6813, 6825, 6826, 6825, 6813, 6827, 6824, 6821, 6828, 6779, 6778, 6822, 6653, 6829,
            6830, 6822, 6829, 4762, 6718, 6831, 6823, 6832, 6809, 6779, 6828, 6813, 6809, 6832, 6815, 6832, 6823, 6833,
            6831, 6718, 6711, 6831, 6711, 6723, 6834, 6835, 6791, 6789, 6797, 6791, 6836, 6828, 6778, 5157, 4762, 6831,
            6823, 6822, 6830, 6797, 6834, 6791, 6833, 6823, 6830, 6826, 6813, 6828, 6831, 6837, 6838, 6839, 6723, 6739,
            6750, 6784, 6746, 6784, 6750, 6840, 6836, 6841, 6828, 6723, 6839, 6837, 6840, 6750, 6842, 6842, 6843, 6840,
            6739, 6844, 6839, 6841, 6826, 6828, 6730, 6844, 6739, 6845, 6826, 6841, 6844, 6730, 6798, 6463, 6775, 6784,
            6837, 6831, 6723, 6420, 6421, 6463, 6835, 6834, 6846, 6847, 6837, 6839, 6846, 6834, 6848, 6838, 6837, 6847,
            5920, 6766, 5874, 6810, 6811, 6835, 6847, 6839, 6844, 6791, 6811, 6790, 6811, 6791, 6835, 6463, 6784, 6840,
            6847, 6844, 6849, 6846, 6821, 6835, 6810, 6835, 6819, 6850, 6464, 6463, 6835, 6821, 6819, 6466, 6464, 6850,
            6851, 6766, 5920, 6843, 6850, 6840, 5157, 6831, 6838, 6838, 5161, 5157, 6821, 6846, 6827, 6840, 6850, 6463,
            6815, 6842, 6750, 6852, 6778, 6766, 5164, 5161, 6838, 5164, 6838, 5173, 6853, 6838, 6854, 6815, 6832, 6842,
            6660, 6632, 6684, 5173, 6838, 6853, 6838, 6847, 6854, 6832, 6843, 6842, 6836, 6778, 6852, 6767, 6684, 6632,
            6851, 6852, 6766, 6854, 6847, 6849, 6854, 6849, 6855, 6854, 6855, 6856, 6857, 6852, 6851, 6466, 6850, 6473,
            6853, 6854, 6858, 6853, 6858, 6856, 6850, 6843, 6859, 6856, 6858, 6854, 6632, 6633, 6767, 6857, 6860, 6852,
            6859, 6861, 6850, 6860, 6836, 6852, 5179, 5173, 6853, 6473, 6850, 6861, 5179, 6853, 6856, 6473, 6861, 6474,
            5929, 6851, 5920, 5179, 6856, 6862, 6684, 6767, 6863, 6859, 6864, 6861, 6865, 6851, 5929, 6866, 6861, 6864,
            6862, 6867, 5179, 5246, 5179, 6867, 6868, 6851, 6865, 6868, 6869, 6851, 6870, 6861, 6866, 6685, 6684, 6871,
            6798, 6785, 6800, 6871, 6729, 6685, 6849, 6844, 6798, 5993, 5929, 5928, 5993, 6865, 5929, 6863, 6871, 6684,
            6849, 6798, 6872, 6869, 6857, 6851, 6833, 6859, 6832, 6843, 6832, 6859, 6770, 6816, 6767, 6816, 6863, 6767,
            6872, 6798, 6800, 6872, 6800, 6873, 6612, 6632, 6614, 6857, 6874, 6860, 6660, 6614, 6632, 6874, 6857, 6869,
            6864, 6859, 6833, 6875, 6836, 6860, 6864, 6833, 6876, 6875, 6860, 6874, 6877, 6875, 6874, 6878, 6869, 6868,
            6879, 6863, 6816, 6878, 6874, 6869, 6876, 6833, 6830, 6880, 6733, 6881, 6881, 6879, 6880, 6882, 6872, 6873,
            6879, 6816, 6880, 6872, 6882, 6883, 6878, 6877, 6874, 6879, 6881, 6871, 6729, 6871, 6881, 6800, 6796, 6814,
            6873, 6800, 6814, 6863, 6879, 6871, 6729, 6881, 6733, 6884, 6873, 6814, 6814, 6885, 6884, 6885, 6814, 6812,
            6880, 6816, 6817, 6886, 6887, 6674, 6836, 6875, 6888, 6880, 6817, 6824, 6882, 6873, 6889, 6841, 6836, 6888,
            6890, 6886, 6891, 6873, 6884, 6889, 6889, 6884, 6892, 6887, 6886, 6890, 6893, 6745, 6737, 6737, 6824, 6893,
            6887, 6890, 6894, 6824, 6737, 6880, 6733, 6880, 6737, 6885, 6812, 6820, 6884, 6885, 6892, 6885, 6820, 6895,
            6680, 6674, 6887, 6885, 6895, 6892, 6896, 6845, 6897, 6897, 6845, 6841, 6898, 6897, 6841, 6899, 6892, 6895,
            6887, 6900, 6680, 6898, 6841, 6888, 6901, 6897, 6898, 6855, 6849, 6872, 6902, 6887, 6894, 6903, 6856, 6855,
            6903, 6855, 6904, 6875, 6905, 6888, 6904, 6855, 6883, 6906, 6907, 6908, 6900, 6887, 6902, 6877, 6905, 6875,
            6855, 6872, 6883, 6907, 6906, 6909, 6910, 6888, 6905, 6910, 6901, 6888, 6909, 6906, 6911, 6910, 6905, 6877,
            6894, 6890, 6912, 6882, 6889, 6883, 6912, 6913, 6894, 6909, 6911, 6914, 6901, 6898, 6888, 6915, 6883, 6889,
            6916, 6883, 6915, 3104, 6795, 3116, 6862, 6856, 6903, 6902, 6894, 6913, 6902, 6913, 6917, 6918, 6903, 6904,
            6867, 6862, 6918, 6903, 6918, 6862, 6919, 6908, 6907, 6920, 6912, 6921, 3116, 6922, 6923, 6904, 6883, 6916,
            6918, 6904, 6916, 3120, 3116, 6923, 6924, 6912, 6920, 6918, 6916, 6925, 6924, 6913, 6912, 6907, 6926, 6919,
            6916, 6915, 6925, 6925, 6915, 6927, 6928, 6924, 6920, 6808, 3116, 6795, 6808, 6922, 3116, 6929, 6889, 6892,
            6907, 6909, 6930, 6929, 6931, 6889, 6915, 6889, 6927, 6680, 6900, 6683, 6930, 6909, 6932, 6927, 6889, 6931,
            6825, 6922, 6808, 6933, 6683, 6900, 6926, 6907, 6930, 6930, 6934, 6926, 6934, 6930, 6935, 6929, 6892, 6899,
            6902, 6936, 6900, 6927, 6931, 6937, 6937, 6931, 6938, 6914, 6932, 6909, 6936, 6939, 6900, 6940, 6941, 6923,
            6940, 6923, 6922, 6927, 6942, 6925, 6942, 6927, 6937, 6942, 6937, 6938, 6933, 6943, 6683, 6705, 6683, 6943,
            6566, 6932, 6914, 3120, 6944, 3109, 6941, 6944, 3120, 6653, 6705, 6945, 6938, 6931, 6946, 6945, 6705, 6943,
            6929, 6946, 6931, 6947, 6946, 6929, 3120, 6923, 6941, 6948, 6943, 6933, 6933, 6949, 6948, 6950, 6944, 6941,
            6938, 6946, 6713, 6951, 6950, 6941, 6945, 6943, 6952, 6713, 6946, 6947, 6943, 6948, 6952, 6948, 6939, 6953,
            6952, 6948, 6953, 6950, 6954, 6944, 6949, 6933, 6900, 6939, 6948, 6949, 6949, 6900, 6939, 6939, 6936, 6955,
            6932, 6566, 6956, 6936, 6902, 6917, 6957, 6867, 6918, 6950, 6951, 6958, 6917, 6913, 6924, 6956, 6566, 6959,
            6957, 5246, 6867, 5246, 6957, 5260, 5310, 5260, 6957, 6935, 6930, 6932, 6960, 6936, 6917, 6960, 6955, 6936,
            6955, 6960, 6961, 6917, 6962, 6960, 6957, 6918, 6963, 6935, 6932, 6964, 6941, 6940, 6951, 6963, 6918, 6925,
            6965, 6917, 6924, 6966, 6951, 6940, 6962, 6917, 6965, 6955, 6967, 6968, 6969, 6939, 6968, 6968, 6939, 6955,
            6961, 6967, 6955, 6960, 6962, 6961, 6964, 6932, 6956, 6953, 6939, 6969, 6953, 6969, 6968, 6953, 6968, 6967,
            5310, 6957, 5314, 5314, 6957, 6963, 6953, 6967, 6961, 6963, 6925, 6942, 6958, 6951, 6966, 6970, 6962, 6965,
            6971, 6963, 6942, 6961, 6962, 6972, 6972, 6962, 6970, 6973, 6965, 6974, 6973, 6970, 6965, 6973, 6975, 6970,
            6953, 6961, 6972, 6972, 6970, 6975, 6972, 6975, 6976, 6977, 6964, 6956, 6971, 6942, 6938, 6965, 6924, 6974,
            6974, 6924, 6928, 6977, 6956, 6959, 6971, 6938, 6978, 6712, 6978, 6938, 6926, 6979, 6980, 6712, 6938, 6713,
            6825, 6940, 6922, 6920, 6981, 6982, 6971, 5314, 6963, 6940, 6825, 6983, 6928, 6920, 6982, 6979, 6926, 6934,
            6979, 6934, 6984, 6985, 6928, 6982, 5314, 6971, 6978, 6980, 6979, 6984, 6985, 6982, 6986, 6982, 6987, 6986,
            6988, 6966, 6940, 5315, 5314, 6978, 6940, 6983, 6988, 6989, 6934, 6935, 6987, 6990, 6986, 6991, 6983, 6825,
            6724, 6978, 6712, 6984, 6934, 6989, 6992, 6980, 6984, 6984, 6989, 6992, 6993, 6988, 6983, 5315, 6978, 6724,
            5360, 5315, 6724, 6991, 6825, 6826, 5360, 6724, 5199, 6994, 6985, 6995, 6996, 6992, 6997, 6995, 6985, 6986,
            6998, 6935, 6964, 6990, 6995, 6986, 5899, 6999, 5889, 6989, 6935, 6998, 6999, 5899, 5909, 6845, 6991, 6826,
            6992, 6989, 6998, 6990, 6987, 7000, 6992, 6998, 6997, 7000, 6908, 6990, 5909, 5908, 7001, 6997, 6998, 7002,
            7002, 6998, 6964, 6896, 6991, 6845, 6991, 6896, 7003, 7004, 6990, 6908, 7005, 5912, 5893, 7002, 6964, 6977,
            7002, 6977, 7006, 6995, 6990, 7004, 6991, 6993, 6983, 7007, 7006, 7008, 5889, 6999, 5893, 7003, 6993, 6991,
            7004, 7009, 6995, 7008, 6977, 6959, 5893, 6999, 7010, 7006, 6977, 7008, 7005, 6635, 5912, 7004, 6908, 6919,
            6919, 7009, 7004, 7011, 6635, 7005, 7012, 6974, 6928, 7012, 6928, 6985, 7002, 7013, 6997, 6966, 6988, 7014,
            5893, 7010, 7005, 6958, 6966, 7015, 7016, 6973, 7012, 7012, 6973, 6974, 7017, 7005, 7010, 7018, 7012, 6985,
            7019, 6997, 7013, 7016, 7012, 7018, 7005, 7017, 7011, 7020, 7011, 7017, 6966, 7014, 7015, 7018, 6985, 6994,
            7007, 7013, 7006, 7013, 7002, 7006, 7018, 6994, 7021, 7021, 6994, 7022, 6975, 6973, 7016, 6975, 7016, 7023,
            7007, 6771, 7013, 7024, 6988, 6993, 7025, 6975, 7023, 7007, 6772, 6771, 7010, 6999, 7026, 7023, 7016, 7021,
            7026, 6999, 5909, 6988, 7024, 7014, 7021, 7016, 7018, 6566, 6565, 6959, 7027, 7021, 7022, 5909, 7001, 7026,
            7015, 7014, 7028, 7029, 6565, 6690, 7023, 7021, 7027, 7023, 7027, 7030, 7022, 7031, 7032, 6959, 6565, 7029,
            6994, 6995, 7031, 7009, 7031, 6995, 7017, 7010, 7033, 7034, 7028, 7014, 7031, 7022, 6994, 7032, 7031, 7009,
            7035, 7033, 7010, 7032, 7009, 7036, 7009, 6919, 7037, 7036, 7009, 7037, 7037, 6919, 6926, 7035, 7010, 7026,
            7036, 7038, 7032, 7039, 7038, 7036, 7040, 7038, 7039, 7036, 7037, 7039, 7037, 7041, 7039, 7027, 7022, 7032,
            7042, 6896, 6897, 7040, 7027, 7032, 7043, 7035, 7044, 7045, 7030, 7027, 7027, 7040, 7045, 7032, 7038, 7040,
            5908, 5921, 7046, 5932, 7046, 5921, 6901, 7042, 6897, 7047, 7029, 7048, 7029, 7047, 6959, 7001, 5908, 7046,
            6910, 7042, 6901, 7049, 7039, 7041, 7047, 7048, 7050, 7039, 7045, 7040, 7045, 7039, 7051, 7052, 7042, 6910,
            7052, 7053, 7042, 7049, 7054, 7039, 7051, 7039, 7054, 7055, 6830, 6829, 7056, 5932, 5933, 6829, 7057, 7055,
            7046, 5932, 7056, 7058, 7046, 7056, 7029, 6690, 6696, 7059, 6993, 7003, 7048, 7029, 6696, 7048, 6696, 7060,
            7055, 7057, 7061, 5942, 7062, 5933, 4724, 5948, 4720, 7063, 7064, 7065, 7066, 5942, 5948, 7067, 7048, 7060,
            5942, 7066, 7062, 5948, 4724, 7066, 7050, 7048, 7067, 7068, 6876, 7069, 7056, 5933, 7062, 6876, 6830, 7055,
            7024, 6993, 7059, 7070, 7056, 7062, 7024, 7034, 7014, 6876, 7055, 7069, 7059, 7071, 7024, 7067, 7064, 7063,
            7072, 7070, 7062, 7073, 7055, 7061, 7073, 7069, 7055, 7074, 7067, 7063, 7073, 7068, 7069, 7066, 7072, 7062,
            7074, 7063, 7075, 7072, 7066, 7076, 6876, 6866, 6864, 7077, 7034, 7024, 6866, 6876, 7068, 7071, 7077, 7024,
            7058, 7026, 7001, 7068, 7078, 6866, 7068, 7079, 7078, 7080, 7077, 7071, 7081, 7026, 7058, 7060, 6696, 6698,
            7060, 6698, 7064, 7058, 7001, 7046, 7064, 6698, 6734, 7079, 7068, 7082, 7083, 7077, 7080, 7077, 7083, 7084,
            7084, 7085, 7077, 7058, 7056, 7070, 7064, 6734, 7065, 7086, 7079, 7082, 7081, 7058, 7087, 7088, 7003, 6896,
            7070, 7087, 7058, 7035, 7026, 7081, 7089, 6896, 7042, 7090, 7044, 7081, 7081, 7044, 7035, 7091, 7073, 7092,
            7093, 6896, 7089, 6896, 7093, 7088, 7060, 7064, 7067, 7094, 7092, 7095, 7096, 7094, 7095, 7068, 7091, 7082,
            7097, 7090, 7081, 7008, 6959, 7047, 7059, 7003, 7088, 7098, 7082, 7091, 7099, 7008, 7047, 7087, 7097, 7081,
            7100, 7088, 7093, 7091, 7068, 7073, 7007, 7008, 7099, 7100, 7059, 7088, 7101, 7059, 7100, 7047, 7102, 7099,
            7092, 7098, 7091, 7100, 7103, 7101, 7089, 7042, 7053, 7104, 7102, 7050, 7105, 7082, 7098, 7105, 7098, 7106,
            7070, 7072, 7087, 7093, 7089, 7053, 7096, 7106, 7098, 7096, 7098, 7094, 7098, 7092, 7094, 7107, 7072, 7076,
            7108, 7093, 7053, 7109, 7087, 7072, 7102, 7047, 7050, 6653, 6945, 6829, 7108, 7100, 7093, 7103, 7100, 7108,
            7099, 7110, 7007, 7102, 7111, 7110, 7099, 7102, 7110, 7112, 7107, 7113, 6772, 7007, 7110, 7114, 6952, 6953,
            6772, 7110, 7111, 7087, 7109, 7115, 7057, 6945, 6952, 7116, 7103, 7108, 7115, 7097, 7087, 7111, 6780, 6772,
            7057, 6829, 6945, 7115, 7109, 7117, 7072, 7107, 7109, 7112, 7109, 7107, 7101, 7071, 7059, 7118, 7071, 7101,
            7061, 7057, 6952, 7118, 7080, 7071, 7061, 6952, 7114, 6794, 7111, 7104, 7101, 7119, 7118, 7111, 7102, 7104,
            7111, 6794, 6780, 6768, 6635, 7011, 7103, 7119, 7101, 6972, 6976, 6953, 7114, 6953, 7120, 7120, 6953, 6976,
            7121, 7118, 7119, 6768, 7011, 7122, 7123, 7083, 7080, 7122, 7011, 7020, 7124, 7080, 7118, 7123, 7080, 7124,
            7123, 7084, 7083, 7125, 7126, 7104, 7127, 7020, 7017, 7128, 7084, 7123, 7067, 7104, 7050, 7121, 7124, 7118,
            7120, 7061, 7114, 7129, 7020, 7127, 7121, 7130, 7124, 6777, 6768, 7122, 7104, 7067, 7125, 7130, 7123, 7124,
            7073, 7061, 7131, 7123, 7130, 7128, 7132, 7125, 7074, 7120, 7131, 7061, 7075, 7132, 7074, 7133, 7131, 7120,
            7134, 7132, 7075, 7135, 7132, 7134, 7121, 7119, 7103, 7129, 7122, 7020, 7136, 7121, 7103, 7131, 7133, 7137,
            7125, 7132, 7126, 7133, 7120, 6976, 7122, 7129, 7138, 7126, 7132, 7135, 7103, 7116, 7136, 7138, 7129, 7139,
            7129, 7140, 7139, 7127, 7017, 7033, 7127, 7033, 7043, 7067, 7074, 7125, 7033, 7035, 7043, 7073, 7131, 7092,
            7131, 7095, 7092, 7141, 7128, 7130, 6794, 7104, 7126, 7142, 7129, 7127, 7127, 7043, 7142, 7095, 7131, 7137,
            7141, 7130, 7121, 7136, 7141, 7121, 7090, 7143, 7044, 7096, 7095, 7144, 7043, 7044, 7143, 7145, 7043, 7143,
            7146, 7142, 7043, 7147, 7148, 7106, 7146, 7043, 7149, 7140, 7129, 7142, 5993, 5997, 6865, 7140, 7142, 7146,
            7147, 7106, 7096, 7146, 7149, 7150, 7013, 6771, 7019, 5997, 6868, 6865, 7147, 7096, 7151, 7149, 7043, 7145,
            6878, 6868, 5997, 7151, 7096, 7144, 7152, 7145, 7143, 6445, 6082, 6080, 7150, 7149, 7145, 7151, 7153, 7147,
            7154, 7150, 7145, 7145, 7152, 7154, 6008, 6878, 5997, 7151, 7144, 7155, 6777, 7156, 6807, 7157, 6878, 6008,
            7156, 6777, 7122, 6445, 7158, 6082, 7159, 7158, 6445, 6807, 7160, 6805, 7161, 6877, 6878, 7162, 6807, 7156,
            7160, 6807, 7162, 7156, 7122, 7138, 7159, 6445, 6443, 7138, 7139, 7162, 7156, 7138, 7162, 7162, 7139, 7140,
            7163, 7164, 7153, 7157, 7161, 6878, 7153, 7151, 7163, 7165, 7151, 7155, 7166, 7151, 7165, 7166, 7163, 7151,
            6820, 6805, 7160, 6467, 7159, 6443, 5997, 5996, 6008, 6820, 7160, 7167, 7168, 7163, 7169, 7162, 7167, 7160,
            7170, 7157, 6008, 7159, 7171, 7158, 6820, 7167, 7172, 7173, 7171, 7159, 7166, 7169, 7163, 7174, 7140, 7146,
            7174, 7162, 7140, 7169, 7166, 7175, 7174, 7146, 7150, 7176, 7174, 7150, 7177, 7178, 7171, 6976, 6975, 7025,
            7176, 7150, 7154, 7174, 7176, 7162, 7167, 7162, 7176, 7133, 6976, 7179, 7179, 6976, 7025, 7176, 7154, 7180,
            6008, 6007, 7170, 7180, 7154, 7152, 7181, 7182, 7178, 7183, 7170, 6007, 7184, 7179, 7025, 7185, 7167, 7176,
            7137, 7133, 7184, 7179, 7184, 7133, 7185, 7176, 7186, 7186, 7176, 7180, 7025, 7187, 7184, 6007, 6079, 7183,
            7188, 7159, 6467, 6082, 7183, 6079, 7173, 7159, 7188, 7189, 7186, 7180, 7190, 7184, 7187, 7030, 7025, 7023,
            7025, 7030, 7187, 7157, 7191, 7161, 7192, 7191, 7157, 7143, 7090, 7193, 7173, 7177, 7171, 7194, 7187, 7195,
            7192, 7157, 7170, 7190, 7187, 7194, 7193, 7097, 7115, 7090, 7097, 7193, 7173, 7188, 7196, 7197, 7194, 7195,
            6877, 7191, 6910, 7161, 7191, 6877, 7173, 7196, 7177, 7197, 7198, 7194, 7191, 7052, 6910, 7143, 7199, 7152,
            7188, 6467, 6468, 6594, 7198, 7197, 7195, 7030, 7045, 7200, 7199, 7143, 7200, 7143, 7193, 7187, 7030, 7195,
            7188, 6468, 6469, 7195, 7045, 7051, 7201, 7202, 7193, 7203, 7188, 6469, 7202, 7200, 7193, 7053, 7052, 7204,
            7196, 7188, 7203, 7205, 7052, 7191, 7204, 7052, 7205, 7206, 7193, 7115, 7207, 7208, 7196, 7115, 7117, 7206,
            7201, 7193, 7206, 7205, 7191, 7192, 7197, 7195, 7051, 7209, 7206, 7117, 7197, 7051, 7210, 7211, 7117, 7109,
            7211, 7109, 7112, 7211, 7112, 7212, 7212, 7112, 7213, 7212, 7214, 7211, 7214, 7212, 7215, 7209, 7117, 7211,
            7209, 7211, 7214, 7215, 7209, 7214, 7184, 7216, 7137, 7192, 7217, 7205, 7137, 7144, 7095, 7218, 7206, 7209,
            7219, 7201, 7206, 7219, 7206, 7218, 7178, 7177, 7220, 7219, 7221, 7201, 7220, 7181, 7178, 7216, 7144, 7137,
            7221, 7219, 7218, 7222, 7204, 7205, 7223, 7218, 7209, 7215, 7223, 7209, 7217, 7222, 7205, 7216, 7184, 7190,
            7220, 7177, 7208, 7180, 7152, 7199, 7216, 7155, 7144, 7180, 7199, 7224, 7200, 7224, 7199, 7225, 7204, 7222,
            7216, 7165, 7155, 7189, 7180, 7224, 7170, 7183, 7226, 7227, 7181, 7228, 7224, 7200, 7202, 7226, 7192, 7170,
            7224, 7202, 7229, 7229, 7202, 7201, 7190, 7230, 7165, 7229, 7231, 7224, 7190, 7165, 7216, 7232, 7181, 7220,
            7233, 7192, 7226, 7228, 7181, 7232, 7231, 7229, 7234, 7183, 7235, 7226, 7233, 7226, 7235, 7236, 7237, 7207,
            7189, 7224, 7231, 7231, 6609, 7189, 7208, 7177, 7196, 7194, 7230, 7190, 6608, 7189, 6609, 7183, 6082, 7235,
            7237, 7220, 7208, 7165, 7175, 7166, 7230, 7175, 7165, 7237, 7208, 7207, 7229, 7201, 7221, 7221, 7238, 7229,
            7198, 7175, 7230, 7198, 6578, 7175, 7234, 7229, 7238, 7194, 7198, 7230, 7238, 7221, 7218, 7237, 7232, 7220,
            7239, 7223, 7215, 7240, 7239, 7215, 7241, 7233, 7235, 7239, 7240, 7242, 7238, 7218, 7223, 7238, 7223, 7243,
            7243, 7223, 7239, 7243, 7239, 7242, 6906, 6908, 7244, 7234, 6657, 7231, 7231, 6657, 6609, 7233, 7217, 7192,
            7238, 7245, 7234, 7246, 7247, 7248, 7245, 7238, 7243, 7249, 7250, 7251, 7245, 7243, 7252, 7217, 7233, 7253,
            7254, 7245, 7252, 6861, 6870, 6474, 7234, 7245, 6671, 7255, 7256, 7257, 6657, 7234, 6671, 7250, 7258, 7246,
            6663, 6657, 6671, 7233, 7241, 7259, 7246, 7248, 7260, 6870, 4726, 6474, 7245, 7254, 6671, 4726, 6870, 4727,
            7233, 7259, 7253, 6866, 7078, 6870, 7246, 7260, 7250, 7251, 7250, 7261, 7257, 7250, 7260, 6674, 6671, 7254,
            7078, 7262, 6870, 7261, 7250, 7257, 4727, 6870, 7262, 7263, 4722, 4729, 7257, 7260, 7255, 4730, 4727, 7262,
            4724, 7264, 7066, 7264, 4724, 4722, 7217, 7253, 7265, 7264, 4722, 7263, 7266, 7265, 7253, 7262, 7078, 7079,
            7262, 7079, 7086, 4729, 7267, 7263, 7268, 7269, 7251, 4729, 4736, 7267, 7270, 7271, 7267, 7270, 7267, 4736,
            4736, 7272, 7270, 7267, 7271, 7263, 7108, 7053, 7204, 7086, 4730, 7262, 7273, 7268, 7251, 4784, 4730, 7086,
            7271, 7264, 7263, 7270, 7272, 7271, 7086, 7082, 7105, 7076, 7066, 7264, 7135, 7274, 6848, 7225, 7108, 7204,
            7274, 7135, 7268, 7275, 7076, 7264, 7276, 4784, 7086, 7277, 7108, 7225, 7278, 7116, 7108, 4791, 4784, 7276,
            7271, 7275, 7264, 6848, 7274, 7279, 7276, 7105, 7106, 7280, 7275, 7271, 7276, 7086, 7105, 7277, 7278, 7108,
            7076, 7275, 7281, 7282, 7274, 7273, 7282, 7283, 7279, 7275, 7280, 7281, 7279, 7274, 7282, 7284, 4791, 7276,
            7285, 4791, 7284, 7286, 7225, 7222, 7276, 7106, 7284, 4736, 4743, 7287, 7272, 4736, 7287, 7284, 7106, 7148,
            7225, 7286, 7277, 4743, 7288, 7287, 7273, 7274, 7268, 7284, 7148, 7285, 7288, 7289, 7287, 4986, 4791, 7285,
            7290, 7278, 7277, 7271, 7272, 7287, 7285, 7148, 7164, 7271, 7287, 7291, 7291, 7287, 7289, 7228, 7292, 7227,
            7288, 7291, 7289, 7228, 7293, 7292, 7294, 7293, 7228, 7295, 7288, 4743, 4743, 3032, 7295, 7296, 7295, 3032,
            7228, 7232, 7294, 7297, 7116, 7278, 4787, 4791, 4986, 7298, 7288, 7295, 7290, 7297, 7278, 7299, 7298, 7295,
            7116, 7297, 7136, 7300, 7255, 7293, 7288, 7298, 7291, 7147, 7153, 7148, 7148, 7153, 7164, 7301, 7302, 7300,
            7294, 7301, 7300, 7303, 4986, 7285, 7136, 7297, 7141, 7141, 7297, 7304, 7293, 7294, 7300, 7298, 7299, 7305,
            7305, 7306, 7298, 7168, 7307, 7164, 7271, 7291, 7280, 7307, 7303, 7285, 7307, 7285, 7164, 7308, 7309, 7301,
            7310, 7280, 7291, 7311, 7301, 7312, 7301, 7311, 7313, 7301, 7313, 7308, 7314, 7303, 7307, 7291, 7306, 7310,
            7310, 7306, 7315, 7297, 7290, 7316, 7306, 7291, 7298, 7317, 7232, 7237, 7314, 7307, 7318, 7319, 7317, 7237,
            7307, 7168, 7320, 7316, 7304, 7297, 7312, 7232, 7317, 4986, 7303, 4987, 7306, 7321, 7322, 5007, 4987, 7303,
            7322, 7315, 7306, 7294, 7232, 7301, 7312, 7301, 7232, 5007, 7303, 7314, 7323, 7324, 7316, 5007, 7314, 5016,
            7309, 7302, 7301, 7076, 7281, 7107, 7163, 7168, 7164, 7107, 7281, 7113, 7217, 7286, 7222, 7265, 7286, 7217,
            7320, 7168, 7169, 7325, 7273, 7261, 7251, 7269, 7249, 7280, 7310, 7281, 7286, 7265, 7326, 7327, 7281, 7310,
            7328, 7329, 3157, 3159, 7328, 3157, 7327, 7310, 7330, 7281, 7327, 7113, 7331, 7277, 7286, 7329, 7328, 7332,
            7326, 7331, 7286, 3159, 3174, 7328, 7251, 7261, 7273, 7265, 7266, 7326, 7327, 7333, 7113, 7112, 7113, 7213,
            7334, 7255, 7300, 7333, 7213, 7113, 7335, 7334, 7300, 7336, 7333, 7337, 7213, 7333, 7336, 7212, 7213, 7336,
            7261, 7256, 7334, 7255, 7334, 7256, 7334, 7335, 7261, 7333, 7327, 7337, 7332, 7328, 7338, 7302, 7335, 7300,
            7339, 7338, 7328, 7340, 7331, 7326, 7330, 7341, 7327, 7337, 7327, 7341, 7335, 7325, 7261, 7325, 7335, 7302,
            7266, 7342, 7326, 7332, 7338, 7343, 7332, 7343, 7344, 7330, 7310, 7315, 3174, 7339, 7328, 7256, 7261, 7257,
            7339, 3174, 7345, 7315, 7346, 7330, 7339, 7345, 7338, 7330, 7346, 7347, 7348, 7338, 7345, 7315, 7349, 7346,
            3175, 7350, 3174, 7350, 7345, 3174, 7282, 7273, 7325, 7322, 7349, 7315, 7345, 7350, 7351, 7331, 7290, 7277,
            7348, 7345, 7351, 7352, 7290, 7331, 7325, 7309, 7308, 7325, 7308, 7282, 7330, 7347, 7341, 7352, 7316, 7290,
            7353, 7348, 7351, 7336, 7337, 7354, 7354, 7337, 7355, 7341, 7356, 7337, 7357, 7356, 7341, 7358, 7353, 7351,
            7337, 7356, 7355, 7282, 7308, 7313, 7359, 7355, 7356, 7348, 7343, 7338, 7360, 7343, 7348, 7352, 7323, 7316,
            7361, 7346, 7349, 7360, 7348, 7362, 7348, 7363, 7362, 7361, 7349, 7364, 7364, 7365, 7361, 7366, 7323, 7352,
            7325, 7302, 7309, 7340, 7352, 7331, 7357, 7341, 7367, 7367, 7341, 7347, 7367, 7347, 7368, 7363, 7348, 7353,
            7347, 7346, 7369, 7347, 7369, 7368, 7359, 7357, 7367, 7359, 7356, 7357, 7360, 7362, 7370, 7368, 7359, 7367,
            7359, 7368, 7369, 7371, 7340, 7326, 7241, 7235, 6082, 7158, 7241, 6082, 7363, 7353, 7372, 7361, 7369, 7346,
            7373, 7340, 7371, 7353, 7374, 7372, 7361, 7365, 7369, 7241, 7158, 7375, 7366, 7352, 7340, 7363, 7372, 7362,
            7373, 7366, 7340, 7370, 7362, 7372, 7376, 7370, 7372, 7359, 7369, 7377, 7372, 7374, 7378, 7376, 7372, 7378,
            7379, 7369, 7365, 7380, 7366, 7373, 7377, 7369, 7379, 7381, 7382, 7366, 3175, 3204, 7350, 3204, 7383, 7350,
            3055, 7296, 3032, 7171, 7375, 7158, 3216, 7383, 3204, 7383, 7351, 7350, 3055, 3059, 7296, 7351, 7383, 7358,
            7296, 7299, 7295, 7375, 7259, 7241, 7383, 3216, 7384, 7383, 7384, 7358, 6954, 6950, 7385, 7296, 7305, 7299,
            3250, 7384, 3216, 7386, 7385, 6950, 7387, 7305, 7296, 7388, 7389, 7385, 7384, 7390, 7358, 7385, 7386, 7388,
            7375, 7253, 7259, 7387, 7296, 7391, 7386, 6950, 6958, 7391, 7296, 3059, 3117, 7391, 3059, 3214, 3250, 3216,
            7389, 7388, 7392, 7384, 3250, 7390, 7390, 3250, 7393, 7394, 7393, 3250, 7395, 7392, 7388, 7391, 3117, 7396,
            7397, 7391, 7396, 7398, 7395, 7388, 7399, 7395, 7398, 7305, 7387, 7321, 7253, 7375, 7400, 7388, 7386, 7401,
            7402, 7266, 7253, 7353, 7358, 7403, 7399, 7398, 3137, 7401, 7398, 7388, 7305, 7321, 7306, 7403, 7358, 7404,
            7398, 7401, 3137, 7390, 7393, 7405, 7375, 7182, 7400, 7406, 7321, 7387, 7393, 7394, 7405, 3138, 7386, 6958,
            7358, 7390, 7405, 7404, 7358, 7405, 7253, 7400, 7402, 7391, 7406, 7387, 7397, 7406, 7391, 7397, 7407, 7406,
            7375, 7171, 7182, 7178, 7182, 7171, 7407, 7397, 7408, 7404, 7405, 7409, 7407, 7321, 7406, 3138, 7401, 7386,
            7374, 7353, 7403, 7401, 3138, 3137, 7227, 7400, 7182, 7378, 7374, 7403, 7404, 7378, 7403, 7399, 3137, 7410,
            7181, 7227, 7182, 7399, 7411, 7395, 7321, 7412, 7322, 7413, 7411, 7399, 7414, 7404, 7409, 7378, 7404, 7414,
            7399, 7410, 7415, 7412, 7349, 7322, 7414, 7409, 7416, 7417, 7399, 7415, 7321, 7407, 7412, 7266, 7402, 7342,
            7410, 3137, 3141, 7378, 7414, 7418, 7407, 7419, 7412, 7414, 7420, 7418, 7402, 7400, 7292, 7415, 7410, 3141,
            7292, 7421, 7402, 7370, 7422, 7360, 7342, 7402, 7421, 3163, 3143, 3154, 7396, 3117, 3118, 7415, 3141, 3143,
            7415, 3143, 3163, 3127, 7396, 3118, 7423, 7422, 7370, 7423, 7370, 7424, 3163, 3164, 3166, 7424, 7370, 7425,
            7396, 7408, 7397, 7415, 3163, 3166, 7396, 7426, 7408, 7425, 7370, 7376, 7396, 7427, 7426, 7426, 7427, 7428,
            7400, 7227, 7292, 7417, 7415, 7429, 7426, 7407, 7408, 7407, 7426, 7428, 7428, 7427, 7430, 7429, 7415, 3166,
            7428, 7430, 7431, 7421, 7292, 7293, 7432, 7407, 7428, 7425, 7376, 7433, 7433, 7376, 7378, 7431, 7432, 7428,
            7427, 7396, 3127, 7399, 7417, 7413, 7431, 7430, 7427, 7425, 7434, 7424, 7427, 3127, 3157, 3157, 7431, 7427,
            7435, 7413, 7417, 7436, 7424, 7434, 7431, 3157, 7329, 7435, 7417, 7437, 7421, 7293, 7255, 7438, 7434, 7439,
            7344, 7431, 7329, 7432, 7431, 7344, 7434, 7425, 7433, 7419, 7407, 7432, 7342, 7371, 7326, 7412, 7440, 7349,
            7439, 7434, 7433, 7412, 7419, 7440, 7441, 7378, 7418, 7342, 7421, 7371, 7441, 7433, 7378, 7329, 7332, 7344,
            7437, 7417, 7429, 7380, 7381, 7366, 3227, 3223, 3218, 7442, 7419, 7432, 3218, 5583, 3227, 7015, 3138, 6958,
            3138, 7015, 7443, 7373, 7371, 7248, 7247, 7380, 7373, 7248, 7247, 7373, 7444, 7419, 7442, 7445, 7444, 7442,
            7255, 7371, 7421, 7028, 7443, 7015, 7255, 7260, 7371, 5618, 3227, 5583, 7028, 3149, 7443, 7443, 3149, 3139,
            7344, 7442, 7432, 3139, 3138, 7443, 7446, 7442, 7344, 7446, 7344, 7343, 7260, 7248, 7371, 7445, 7442, 7446,
            3227, 5618, 3226, 3239, 3226, 5618, 7447, 7446, 7448, 7448, 7446, 7343, 7448, 7343, 7360, 3151, 3149, 7028,
            7364, 7349, 7440, 7419, 7449, 7440, 5618, 5617, 5867, 7440, 7365, 7364, 3242, 3239, 5618, 7365, 7440, 7450,
            7450, 7451, 7365, 7450, 7440, 7449, 7449, 7452, 7450, 7450, 7452, 7451, 6751, 3242, 5618, 7449, 7419, 7444,
            6477, 6478, 6475, 7453, 7449, 7444, 7453, 7444, 7454, 7453, 7452, 7449, 6478, 6477, 7455, 7456, 7452, 7453,
            7456, 7453, 7454, 6786, 3240, 3242, 7457, 7435, 7458, 7437, 7458, 7435, 7455, 7459, 6478, 3242, 6752, 6786,
            3240, 6786, 3104, 7379, 7365, 7451, 3246, 3257, 3250, 3250, 3257, 7394, 7458, 7437, 7460, 7459, 7455, 7461,
            7379, 7451, 7456, 7462, 7394, 3257, 7379, 7456, 7463, 7405, 7394, 7462, 7456, 7451, 7452, 7462, 7464, 7405,
            7462, 3257, 7464, 3257, 3261, 7464, 7465, 7464, 3261, 7466, 7459, 7461, 7466, 7467, 7459, 7437, 7429, 7468,
            7469, 7456, 7454, 7465, 7470, 7464, 7471, 7437, 7468, 7472, 7456, 7469, 7464, 7409, 7405, 7466, 7473, 7467,
            7409, 7464, 7416, 7416, 7464, 7470, 7474, 7416, 7470, 7454, 7444, 7445, 6636, 7458, 7460, 7475, 7476, 7477,
            7476, 7475, 7478, 7445, 7446, 7479, 7454, 7445, 7479, 7475, 7480, 7473, 7478, 7473, 7466, 7473, 7478, 7475,
            7465, 7481, 7470, 7465, 3261, 3121, 7465, 3121, 7481, 7482, 7460, 7483, 3121, 7484, 7481, 7481, 7484, 7485,
            7447, 7479, 7446, 7486, 7481, 7485, 7487, 7470, 7481, 6637, 6636, 7460, 7487, 7488, 7470, 7448, 7422, 7447,
            7486, 7487, 7481, 6637, 7460, 7482, 7474, 7414, 7416, 7460, 7437, 7471, 7483, 7460, 7471, 7422, 7448, 7360,
            6478, 6469, 6470, 7422, 7479, 7447, 7479, 7422, 7423, 6478, 7203, 6469, 7459, 7203, 6478, 3166, 7468, 7429,
            3121, 3109, 7484, 7489, 7454, 7479, 7489, 7479, 7423, 7485, 7484, 7490, 7489, 7469, 7454, 7196, 7203, 7491,
            7492, 7484, 3109, 7207, 7196, 7491, 7484, 7492, 6954, 3166, 3173, 3188, 6954, 7490, 7484, 7493, 7489, 7423,
            7493, 7494, 7489, 7491, 7203, 7459, 6944, 7492, 3109, 6944, 6954, 7492, 7436, 7493, 7424, 7493, 7423, 7424,
            7438, 7436, 7434, 7495, 7436, 7496, 7496, 7436, 7438, 7497, 7215, 7212, 7498, 7497, 7212, 7498, 7212, 7336,
            7496, 7499, 7495, 7491, 7236, 7207, 7500, 7497, 7498, 7498, 7336, 7354, 7498, 7354, 7501, 7215, 7502, 7240,
            7502, 7497, 7500, 7502, 7215, 7497, 7491, 7459, 7467, 7503, 3187, 3196, 7414, 7474, 7420, 7501, 7502, 7500,
            7501, 7500, 7498, 7236, 7491, 7467, 7439, 7433, 7504, 3188, 3187, 7503, 7354, 7505, 7501, 7505, 7354, 7355,
            3188, 7503, 7506, 7505, 7355, 7359, 7468, 3166, 3188, 7319, 7237, 7236, 7441, 7418, 7507, 7501, 7505, 7508,
            7236, 7467, 7473, 7473, 7319, 7236, 7420, 7507, 7418, 3188, 7509, 7468, 7242, 7240, 7502, 7507, 7420, 7510,
            7502, 7501, 7242, 7504, 7433, 7441, 7242, 7501, 7511, 7252, 7243, 7242, 7468, 7509, 7512, 7511, 7501, 7513,
            7511, 7513, 7514, 7504, 7441, 7507, 7515, 7504, 7507, 7501, 7508, 7516, 7513, 7501, 7516, 7517, 7507, 7510,
            7509, 3188, 7506, 7513, 7516, 7518, 7519, 7507, 7517, 7506, 7520, 7509, 7505, 7359, 7508, 7473, 7521, 7319,
            7519, 7517, 6570, 7473, 7480, 7521, 7488, 7487, 7522, 7503, 3196, 3206, 7523, 7486, 7485, 7522, 7487, 7486,
            7522, 7486, 7523, 7508, 7359, 7524, 7522, 7523, 7525, 7474, 7470, 7488, 7420, 7474, 7488, 7524, 7359, 7377,
            7506, 7503, 3206, 7379, 7463, 7377, 6417, 6709, 6477, 7524, 7377, 7463, 7506, 3206, 7526, 3191, 7526, 3206,
            6709, 7527, 6477, 7528, 7524, 7463, 7529, 7530, 7488, 7529, 7488, 7522, 7527, 6709, 7531, 7532, 7508, 7524,
            7524, 7533, 7532, 7516, 7508, 7532, 7530, 7529, 7534, 7518, 7516, 7532, 7518, 7532, 7533, 7490, 7525, 7485,
            7490, 6954, 7535, 7535, 7525, 7490, 7536, 7533, 7524, 7518, 7533, 7536, 7531, 7537, 7527, 7523, 7485, 7525,
            7527, 7455, 6477, 7538, 7525, 7535, 7520, 7506, 7539, 7538, 7535, 7540, 7527, 7461, 7455, 7536, 7524, 7541,
            7506, 7526, 7542, 7541, 7524, 7528, 7385, 7535, 6954, 7385, 7540, 7535, 7539, 7506, 7542, 7541, 7528, 7543,
            7389, 7540, 7385, 7461, 7527, 7544, 7389, 7545, 7540, 7252, 7242, 7511, 7252, 7511, 7514, 7468, 7512, 7471,
            7392, 7411, 7389, 7411, 7392, 7395, 7538, 7540, 7545, 7389, 7411, 7545, 7512, 7546, 7471, 6721, 7531, 6709,
            7547, 7483, 7471, 7547, 7471, 7546, 7514, 7513, 7518, 7483, 7547, 7482, 6721, 7537, 7531, 7537, 6721, 6727,
            7529, 7522, 7525, 7529, 7525, 7538, 7546, 7548, 7547, 6891, 7514, 7518, 7529, 7538, 7549, 7549, 7538, 7545,
            6886, 7254, 7252, 7550, 7529, 7549, 6886, 7252, 7514, 6674, 7254, 6886, 7514, 6891, 6886, 7549, 7545, 7411,
            7544, 7527, 7537, 7544, 7537, 6761, 7551, 6761, 7552, 6745, 6893, 7553, 7512, 7509, 7554, 7549, 7411, 7413,
            7435, 7549, 7413, 7457, 7549, 7435, 7476, 7552, 7553, 7555, 7518, 7536, 6761, 6745, 7552, 7556, 7509, 7520,
            6744, 6740, 6745, 7518, 7555, 6891, 6745, 6761, 6744, 7530, 7420, 7488, 7554, 7509, 7556, 7552, 6745, 7553,
            7510, 7420, 7530, 7546, 7512, 7554, 6912, 6891, 7555, 7544, 7466, 7461, 7466, 7544, 7551, 6912, 7555, 6921,
            7510, 7530, 7557, 6890, 6891, 6912, 7555, 7536, 7558, 7541, 7558, 7536, 7558, 7541, 7543, 7551, 7544, 6761,
            7558, 6921, 7555, 7552, 7478, 7551, 7551, 7478, 7466, 7530, 7534, 7559, 7560, 7530, 7559, 7554, 7548, 7546,
            7552, 7476, 7478, 7554, 7561, 7548, 6981, 6921, 7558, 6761, 7537, 6727, 6570, 7517, 6571, 6571, 7517, 7510,
            6571, 7510, 7557, 6761, 6743, 6744, 6920, 6921, 6981, 7557, 6574, 6571, 6574, 7557, 6584, 7463, 7456, 7472,
            7560, 7557, 7530, 7560, 6584, 7557, 6584, 7560, 6587, 6585, 6587, 6618, 7534, 7529, 7550, 7556, 7520, 7539,
            7562, 7563, 7283, 7563, 7562, 6827, 7564, 7534, 7550, 7565, 7562, 7283, 7559, 7534, 7564, 7566, 7472, 7469,
            7554, 7556, 7567, 7564, 7550, 7549, 6824, 6827, 6893, 7528, 7463, 7568, 7569, 7528, 7568, 6827, 7570, 6893,
            7568, 7463, 7472, 7567, 7556, 7539, 7568, 7472, 7571, 7570, 6827, 7572, 7564, 7549, 7457, 7543, 7528, 7569,
            7573, 7554, 7567, 7569, 7568, 7571, 7574, 7569, 7571, 7571, 7472, 7566, 6827, 6846, 7563, 7575, 7571, 7566,
            7576, 7457, 7458, 3151, 7028, 7034, 7574, 7571, 7575, 6618, 7559, 7564, 7577, 7575, 7566, 6587, 7560, 6618,
            7574, 7575, 7578, 7578, 7575, 7577, 7559, 6618, 7560, 3151, 7034, 7579, 7494, 7469, 7489, 7564, 6619, 6618,
            7566, 7469, 7494, 7579, 3209, 3151, 6627, 7564, 7457, 6627, 7457, 7576, 7580, 7572, 6827, 6636, 7576, 7458,
            7572, 7580, 7477, 7566, 7494, 7581, 6627, 6619, 7564, 7034, 7077, 7579, 7477, 7521, 7480, 6627, 7576, 6636,
            6628, 6627, 6636, 7477, 7580, 7565, 7495, 7493, 7436, 7476, 7572, 7477, 7495, 7494, 7493, 7438, 7439, 7582,
            7572, 7476, 7570, 7583, 7439, 7504, 7584, 7438, 7582, 7583, 7582, 7439, 7480, 7475, 7477, 7582, 7583, 7585,
            7586, 7582, 7585, 7499, 7496, 7587, 7577, 7566, 7588, 7587, 7496, 7589, 7438, 7589, 7496, 7580, 6827, 7562,
            7588, 7566, 7581, 7590, 7499, 7587, 7577, 7588, 7578, 3212, 3209, 7591, 7565, 7580, 7562, 7579, 7591, 3209,
            7592, 7587, 7589, 7589, 7438, 7584, 6846, 6848, 7279, 7589, 7584, 7593, 7581, 7494, 7495, 7279, 7563, 6846,
            7584, 7582, 7594, 7594, 7582, 7586, 7581, 7495, 7595, 7593, 7584, 7594, 7595, 7495, 7499, 7596, 7589, 7593,
            7596, 7593, 7594, 7592, 7589, 7596, 7591, 3219, 3212, 7595, 7499, 7590, 7583, 7504, 7585, 7543, 7569, 7558,
            7515, 7585, 7504, 7558, 7569, 7597, 6981, 7558, 7597, 7598, 7585, 7515, 7597, 7569, 7574, 7085, 7579, 7077,
            7515, 7507, 7519, 7563, 7279, 7283, 7515, 7519, 7599, 7600, 7574, 7578, 6570, 6572, 7519, 7601, 7579, 7085,
            7599, 7519, 6572, 7602, 7515, 7599, 7598, 7515, 7602, 7599, 6581, 7602, 7603, 7601, 7085, 6581, 7599, 6572,
            7603, 7085, 7084, 7586, 7585, 7598, 7598, 7604, 7586, 7605, 7601, 7603, 7600, 7597, 7574, 7604, 7594, 7586,
            7596, 7594, 7604, 7601, 7591, 7579, 7606, 7317, 7319, 6982, 6981, 7597, 7607, 7312, 7317, 7604, 7598, 7608,
            7608, 7598, 7602, 7606, 7609, 7317, 7597, 7600, 6987, 7610, 7604, 7608, 7609, 7607, 7317, 6982, 7597, 6987,
            6987, 7600, 7611, 7319, 7521, 7606, 7608, 7602, 6581, 7565, 7609, 7606, 7477, 7565, 7521, 7521, 7565, 7606,
            7612, 3219, 7591, 6599, 7608, 6581, 7592, 7590, 7587, 7613, 7578, 7588, 7613, 7588, 7581, 7614, 7601, 7605,
            7615, 7605, 7603, 7611, 7600, 7578, 7613, 7611, 7578, 7616, 7590, 7592, 7565, 7311, 7607, 7311, 7283, 7313,
            7591, 7601, 7614, 7617, 7591, 7614, 7000, 7611, 7613, 7595, 7613, 7581, 7618, 7612, 7591, 7591, 7617, 7618,
            7311, 7312, 7607, 7613, 7595, 7590, 7618, 7619, 7612, 7620, 7592, 7596, 7616, 7613, 7590, 7565, 7607, 7609,
            7614, 7621, 7617, 7311, 7565, 7283, 7622, 7619, 7618, 7244, 7592, 7620, 7622, 7618, 7617, 7000, 6987, 7611,
            7000, 7613, 7616, 6906, 7244, 7620, 7283, 7282, 7313, 7000, 7616, 7244, 7553, 6893, 7476, 7244, 6908, 7000,
            7596, 6914, 7620, 3232, 3224, 3219, 6906, 7620, 6911, 7244, 7616, 7592, 6911, 7620, 6914, 7476, 6893, 7570,
            7610, 7596, 7604, 7623, 3232, 7612, 7612, 3232, 3219, 6895, 6820, 7172, 6914, 7596, 7610, 7624, 3232, 7623,
            7172, 7625, 6895, 7172, 7167, 7185, 6599, 6666, 7608, 7608, 6564, 7610, 7063, 7065, 7626, 6564, 7608, 6666,
            7627, 3232, 7624, 7185, 7628, 7172, 7627, 3230, 3232, 7065, 7629, 7630, 6899, 6895, 7625, 7065, 7630, 7626,
            7610, 6566, 6914, 6899, 7625, 6567, 7625, 7172, 7628, 6566, 7610, 6564, 7628, 6567, 7625, 7631, 3230, 7632,
            3230, 7633, 7634, 7626, 7630, 7635, 3230, 7631, 7633, 7628, 7185, 7186, 7612, 7619, 7623, 7636, 7637, 7626,
            7619, 7624, 7623, 7186, 7189, 6608, 7622, 7627, 7624, 7638, 7627, 7622, 7627, 7632, 3230, 7628, 7186, 6575,
            6575, 7186, 6608, 7063, 7637, 7075, 7638, 7632, 7627, 7619, 7622, 7624, 7063, 7626, 7637, 7628, 6568, 6567,
            6568, 7628, 6575, 6608, 6615, 6575, 7639, 7636, 7640, 7626, 7640, 7636, 7640, 7626, 7635, 7249, 7640, 7635,
            7641, 7631, 7632, 7632, 7638, 7641, 7639, 7640, 7249, 6576, 6575, 6615, 6947, 6929, 7642, 7636, 7639, 7269,
            6947, 7642, 7643, 7128, 7603, 7084, 7128, 7615, 7603, 6713, 6947, 7643, 7269, 7639, 7249, 7644, 6716, 7643,
            6713, 7643, 6716, 6562, 6716, 7644, 7615, 7614, 7605, 7065, 6734, 7629, 7614, 7615, 7621, 7642, 6899, 6567,
            6929, 6899, 7642, 7645, 7615, 7128, 7646, 7621, 7615, 7642, 6567, 7647, 7647, 6569, 6590, 7647, 6567, 6569,
            7635, 7648, 7649, 7621, 7622, 7617, 7650, 7635, 7649, 7622, 7621, 7651, 7643, 7642, 6563, 7647, 6563, 7642,
            7250, 7649, 7652, 7250, 7652, 7258, 7649, 7648, 7652, 6561, 7647, 6590, 7652, 7653, 7258, 7644, 7643, 6563,
            6563, 6562, 7644, 6563, 7647, 6561, 7621, 7646, 7651, 7630, 7648, 7635, 7645, 7128, 7141, 7652, 7648, 7653,
            7645, 7646, 7615, 7654, 7645, 7141, 7655, 7653, 7656, 7655, 7656, 7657, 7380, 7657, 7381, 7380, 7655, 7657,
            7653, 7657, 7656, 7645, 7654, 7658, 7659, 7658, 7654, 7258, 7653, 7655, 7258, 7655, 7247, 7658, 7646, 7645,
            7247, 7655, 7380, 7246, 7258, 7247, 7249, 7650, 7250, 7635, 7650, 7249, 7650, 7649, 7250, 7646, 7658, 7660,
            7651, 7638, 7622, 7651, 7641, 7638, 7075, 7637, 7134, 7134, 7637, 7636, 7661, 7641, 7651, 7268, 7134, 7269,
            7135, 7134, 7268, 7134, 7636, 7269, 7660, 7662, 7646, 7381, 7657, 7382, 7662, 7651, 7646, 7662, 7661, 7651,
            7663, 7661, 7662, 7664, 3200, 3198, 7665, 7664, 3198, 7663, 7666, 7661, 7665, 3198, 3289, 7526, 3191, 3200,
            3289, 7667, 7665, 7664, 7526, 3200, 7668, 7664, 7665, 7668, 7542, 7664, 7542, 7526, 7664, 7539, 7542, 7669,
            3230, 7634, 3181, 7665, 7670, 7668, 7670, 7665, 7667, 7669, 7542, 7668, 7671, 7539, 7669, 7567, 7539, 7671,
            7667, 3289, 3106, 7567, 7671, 7672, 7673, 7567, 7672, 7671, 7669, 7674, 7675, 3106, 3105, 7672, 7671, 7676,
            7677, 3106, 7675, 7678, 7676, 7671, 7678, 7671, 7674, 7667, 3106, 7677, 7670, 7667, 7677, 7678, 7679, 7680,
            7680, 7679, 7681, 7682, 7666, 7663, 7683, 7677, 7675, 7684, 7677, 7683, 7685, 7686, 7663, 7687, 3105, 3142,
            7686, 7682, 7663, 7687, 3142, 7688, 7675, 3105, 7687, 7687, 7689, 7675, 7689, 7687, 7688, 3286, 3142, 3128,
            7688, 3142, 3286, 7690, 7680, 7681, 7690, 7691, 7692, 7693, 7675, 7689, 7694, 7695, 7682, 7696, 7675, 7693,
            7697, 7698, 7695, 7683, 7675, 7696, 7690, 7692, 7697, 7688, 3286, 7699, 7697, 7700, 7698, 7701, 7688, 7699,
            7702, 7701, 7699, 7692, 7700, 7697, 7692, 7703, 7700, 7703, 7692, 7704, 7669, 7668, 7705, 7706, 6637, 7482,
            7674, 7669, 7705, 6652, 6628, 6637, 7670, 7705, 7668, 7707, 7706, 7482, 7707, 7482, 7708, 7705, 7670, 7709,
            6652, 6637, 7706, 7710, 7709, 7670, 7710, 7670, 7711, 7712, 7706, 7707, 6652, 7706, 7712, 7713, 7674, 7705,
            7679, 7678, 7674, 7713, 7705, 7714, 7679, 7674, 7713, 7713, 7681, 7679, 7715, 7712, 7707, 7714, 7681, 7713,
            7691, 7681, 7714, 7716, 7717, 7718, 7714, 7705, 7719, 7719, 7705, 7709, 7718, 7720, 7721, 7722, 7719, 7709,
            7721, 7723, 7718, 7710, 7722, 7709, 7724, 7670, 7677, 6717, 6652, 7712, 7724, 7677, 7684, 7725, 6717, 7712,
            7670, 7724, 7711, 6738, 6717, 7725, 7691, 7690, 7681, 7714, 7719, 7691, 7726, 7691, 7719, 7725, 7712, 7727,
            7692, 7691, 7728, 7727, 7712, 7715, 7726, 7728, 7691, 7722, 7710, 7726, 7711, 7729, 7710, 7727, 7730, 7725,
            7729, 7726, 7710, 7726, 7731, 7728, 7726, 7732, 7731, 7726, 7719, 7722, 6738, 7725, 7629, 7731, 7704, 7728,
            7704, 7692, 7728, 6734, 6738, 7629, 7725, 7730, 7629, 7733, 7734, 7731, 7735, 7724, 7684, 7630, 7629, 7730,
            7736, 7732, 7735, 7737, 7684, 7683, 7738, 7683, 7696, 7737, 7683, 7738, 7648, 7739, 7740, 7735, 7684, 7737,
            7630, 7730, 7739, 7735, 7737, 7736, 7736, 7737, 7741, 7630, 7739, 7648, 7732, 7736, 7741, 7741, 7737, 7738,
            7653, 7648, 7742, 7743, 7733, 7732, 7744, 7738, 7701, 7741, 7738, 7744, 7744, 7701, 7745, 7745, 7701, 7702,
            7742, 7657, 7653, 7745, 7702, 7744, 7741, 7744, 7732, 7743, 7744, 7702, 7743, 7732, 7744, 7724, 7729, 7711,
            7648, 7740, 7742, 7724, 7735, 7729, 7729, 7735, 7726, 7726, 7735, 7732, 7746, 7723, 7747, 7730, 7727, 7739,
            7733, 7731, 7732, 7746, 7739, 7727, 7739, 7746, 7747, 7746, 7727, 7715, 7716, 7746, 7715, 7693, 7689, 7701,
            7716, 7748, 7746, 7701, 7689, 7688, 7696, 7693, 7701, 7738, 7696, 7701, 7749, 7747, 7723, 7750, 7751, 7747,
            7749, 7750, 7747, 7633, 7631, 7634, 7747, 7740, 7739, 7751, 7740, 7747, 7631, 7641, 7752, 7746, 7748, 7723,
            7718, 7748, 7716, 7723, 7748, 7718, 7721, 7749, 7723, 7666, 7641, 7661, 3181, 7753, 3182, 7753, 7754, 3182,
            7708, 7482, 7547, 3181, 7634, 7755, 7547, 7548, 7708, 7634, 7752, 7755, 7756, 7708, 7548, 7634, 7631, 7752,
            7707, 7708, 7756, 3181, 7755, 7753, 7752, 7753, 7755, 7757, 7707, 7756, 7758, 7754, 7753, 7753, 7752, 7758,
            7754, 3189, 3182, 7759, 3189, 7754, 3229, 3189, 7759, 7758, 7759, 7754, 7548, 7760, 7756, 7760, 7757, 7756,
            7761, 3229, 7759, 7548, 7762, 7760, 7762, 7548, 7561, 7763, 7752, 7641, 7561, 7554, 7573, 7763, 7758, 7752,
            7561, 7764, 7762, 7764, 7561, 7573, 7760, 7762, 7765, 7765, 7762, 7764, 7763, 7766, 7758, 7765, 7764, 7767,
            7768, 7765, 7767, 7769, 7759, 7758, 7766, 7769, 7758, 7760, 7717, 7757, 7761, 3225, 3229, 7715, 7707, 7757,
            3225, 7761, 7770, 7770, 3231, 3225, 7716, 7715, 7757, 7757, 7717, 7716, 7769, 7770, 7761, 7717, 7760, 7771,
            3238, 3231, 7770, 7771, 7720, 7717, 7720, 7718, 7717, 7769, 7761, 7759, 7720, 7772, 7721, 7720, 7771, 7772,
            7765, 7771, 7760, 7768, 7771, 7765, 7769, 7766, 7773, 7673, 7573, 7567, 7773, 7770, 7769, 7764, 7573, 7774,
            7774, 7767, 7764, 7773, 7775, 7770, 7304, 7654, 7141, 3238, 7770, 3241, 7304, 7659, 7654, 7666, 7763, 7641,
            7324, 7304, 7316, 7776, 7763, 7666, 7659, 7304, 7324, 7324, 7323, 7777, 7776, 7766, 7763, 7659, 7324, 7778,
            7776, 7666, 7682, 7779, 7778, 7780, 7779, 7780, 7781, 7324, 7780, 7778, 7772, 7782, 7783, 7766, 7784, 7785,
            7721, 7772, 7783, 7784, 7766, 7776, 7783, 7786, 7721, 7787, 7788, 7789, 7779, 7781, 7786, 7773, 7766, 7785,
            7788, 7779, 7786, 7779, 7788, 7778, 7775, 7773, 7790, 7773, 7785, 7790, 7783, 7789, 7786, 7791, 7790, 7785,
            7682, 7784, 7776, 7786, 7789, 7788, 7789, 7783, 7792, 7695, 7784, 7682, 7784, 7695, 7698, 7785, 7784, 7700,
            7700, 7791, 7785, 7698, 7700, 7784, 7658, 7659, 7778, 7793, 7794, 7775, 7787, 7660, 7658, 7793, 7775, 7790,
            7778, 7787, 7658, 7685, 7662, 7660, 7685, 7663, 7662, 7795, 7685, 7660, 7787, 7795, 7660, 7789, 7795, 7787,
            7699, 3286, 3285, 7795, 7796, 7685, 3287, 3297, 3285, 7788, 7787, 7778, 7797, 3285, 3297, 7795, 7789, 7792,
            7792, 7796, 7795, 7777, 7323, 7798, 7798, 7323, 7366, 7799, 7777, 7798, 7799, 7800, 7777, 7800, 7801, 7777,
            7801, 7800, 7781, 7702, 7699, 7802, 7742, 7803, 7799, 7740, 7751, 7803, 7781, 7803, 7804, 7804, 7803, 7751,
            7740, 7803, 7742, 7799, 7803, 7800, 3285, 7805, 7699, 7803, 7781, 7800, 7805, 3285, 7797, 7802, 7699, 7805,
            7801, 7780, 7777, 7324, 7777, 7780, 7801, 7781, 7780, 7794, 7806, 3241, 7806, 3293, 3241, 7799, 7807, 7742,
            7798, 7807, 7799, 7808, 7798, 7366, 7770, 7794, 3241, 7794, 7770, 7775, 7807, 7798, 7808, 7382, 7808, 7366,
            7382, 7657, 7808, 7806, 3295, 3293, 7742, 7807, 7657, 7657, 7807, 7808, 7806, 3296, 3295, 7809, 3296, 7806,
            7751, 7786, 7804, 7721, 7750, 7749, 7750, 7721, 7786, 7750, 7786, 7751, 7810, 7809, 7806, 7811, 7809, 7810,
            7781, 7804, 7786, 7806, 7794, 7793, 7793, 7810, 7806, 7768, 7767, 7812, 7813, 7811, 7810, 7814, 7812, 7767,
            7792, 7814, 7815, 3297, 3296, 7809, 7816, 7817, 7814, 7817, 7815, 7814, 7811, 3297, 7809, 7811, 7813, 3297,
            7818, 7797, 3297, 7797, 7818, 7805, 3297, 7813, 7818, 7782, 7772, 7771, 7782, 7768, 7812, 7771, 7768, 7782,
            7819, 7818, 7813, 7819, 7813, 7810, 7820, 7821, 7810, 7821, 7819, 7810, 7819, 7805, 7818, 7819, 7821, 7805,
            7734, 7822, 7823, 7814, 7782, 7812, 7820, 7793, 7790, 7782, 7814, 7792, 7782, 7792, 7783, 7791, 7824, 7790,
            7820, 7790, 7824, 7774, 7573, 7673, 7774, 7673, 7825, 7810, 7793, 7820, 7673, 7672, 7825, 7824, 7823, 7820,
            7825, 7767, 7774, 7820, 7823, 7822, 7816, 7767, 7825, 7814, 7767, 7816, 7703, 7704, 7826, 7826, 7704, 7827,
            7825, 7672, 7676, 7680, 7825, 7676, 7703, 7791, 7700, 7680, 7816, 7825, 7791, 7703, 7826, 7827, 7824, 7826,
            7824, 7791, 7826, 7817, 7816, 7828, 7731, 7734, 7827, 7827, 7704, 7731, 7680, 7828, 7816, 7823, 7827, 7734,
            7827, 7823, 7824, 7680, 7676, 7678, 7829, 7734, 7733, 7829, 7733, 7743, 7822, 7734, 7829, 7830, 7831, 7685,
            7792, 7830, 7796, 7830, 7792, 7815, 7743, 7702, 7802, 7796, 7830, 7685, 7802, 7832, 7833, 7802, 7833, 7743,
            7815, 7831, 7830, 7834, 7835, 7836, 7832, 7829, 7833, 7815, 7817, 7834, 7743, 7833, 7829, 7821, 7820, 7837,
            7831, 7815, 7834, 7834, 7836, 7831, 7821, 7838, 7805, 7839, 7838, 7821, 7839, 7821, 7837, 7820, 7822, 7839,
            7820, 7839, 7837, 7831, 7686, 7685, 7839, 7822, 7829, 7836, 7835, 7686, 7686, 7831, 7836, 7832, 7802, 7838,
            7838, 7802, 7805, 7682, 7686, 7835, 7682, 7835, 7694, 7829, 7832, 7838, 7829, 7838, 7839, 7817, 7828, 7834,
            7828, 7697, 7835, 7835, 7834, 7828, 7680, 7690, 7828, 7697, 7828, 7690, 7694, 7835, 7697, 7695, 7694, 7697,
            7307, 7320, 7318, 7840, 7318, 7320, 7841, 7840, 7320, 7041, 7037, 6926, 7041, 6926, 6980, 7842, 7843, 7840,
            7844, 7845, 7841, 7841, 7845, 7840, 7049, 7041, 6980, 7318, 7840, 7843, 7846, 7049, 6980, 7846, 6980, 6992,
            7845, 7842, 7840, 7314, 6519, 5016, 7054, 7049, 7846, 6519, 7314, 7318, 7318, 7843, 6519, 7843, 6523, 6519,
            7846, 6992, 6996, 6996, 6997, 7019, 7169, 7841, 7320, 6797, 6794, 7126, 7841, 7169, 7844, 7126, 6834, 6797,
            6848, 7126, 7135, 6834, 7126, 6848, 7847, 7843, 7842, 6542, 7843, 7847, 7169, 6604, 7844, 7842, 7845, 7848,
            6578, 6604, 7175, 7169, 7175, 6604, 6548, 6545, 6546, 7849, 7847, 7850, 7851, 7849, 7850, 6546, 7847, 7849,
            6546, 7849, 6548, 6583, 6604, 6580, 6604, 6583, 7844, 6654, 7851, 7848, 7847, 7842, 7848, 7847, 7848, 7850,
            7852, 7844, 6583, 7851, 7850, 7848, 6542, 6523, 7843, 6582, 6614, 6583, 6546, 6542, 7847, 7852, 6583, 6614,
            7844, 7852, 7845, 7845, 7852, 7848, 7852, 6614, 6658, 6654, 7848, 7852, 7852, 6658, 6654, 6555, 6547, 6548,
            6548, 7853, 6555, 6548, 7849, 7853, 7849, 7854, 7853, 6555, 7853, 7855, 7854, 7855, 7853, 7851, 7856, 7857,
            7856, 6656, 7858, 6656, 7856, 6654, 6654, 7856, 7851, 7856, 7858, 7857, 7854, 7857, 7855, 6598, 6593, 7859,
            7851, 7857, 7849, 7854, 7849, 7857, 7860, 7210, 7861, 7861, 7054, 7846, 6560, 7855, 7862, 6554, 6555, 7855,
            6560, 6554, 7855, 7054, 7210, 7051, 7210, 7054, 7861, 7857, 7858, 7855, 7858, 6644, 7855, 6644, 7858, 6655,
            6996, 7863, 7846, 6645, 6644, 6655, 7846, 7863, 7861, 7862, 6644, 6643, 7862, 7855, 6644, 7863, 7859, 7861,
            6656, 6655, 7858, 7197, 7210, 7860, 6560, 6694, 6415, 7197, 7860, 6594, 7862, 6693, 6694, 6694, 6560, 7862,
            6593, 6594, 7860, 6701, 6693, 7862, 6701, 7862, 6643, 7859, 6593, 7860, 7860, 7861, 7859, 7864, 6620, 6611,
            7019, 7865, 6996, 6996, 7865, 7863, 7865, 7864, 7863, 6771, 7865, 7019, 7865, 6771, 6773, 6799, 7865, 6773,
            7859, 7863, 7864, 6598, 7859, 6611, 6611, 7859, 7864, 7864, 7865, 6799, 6764, 7864, 6799, 6620, 7864, 6764,
            6579, 7198, 6594, 6579, 6578, 7198
        ]
        color3f[] primvars:displayColor = [(0.8, 0.8, 0.8)] (
            interpolation = "constant"
        )
    }
}
